type,session_id,sample_index,sample_time_us,processing_time_us,red_raw,ir_raw,ir_dc,ir_ac,ir_filtered,peak_custom,peak_sparkfun,peak_accepted,ibi_ms,bpm_instant,bpm_robust,hr_status,ppg_quality,ppg_quality_flags,spo2_result,spo2_status,spo2_quality,led_amplitude,sparkfun_check_count,sparkfun_available,hw_fifo_read_ptr,hw_fifo_write_ptr,hw_fifo_overflow,suspected_drops,missing_samples,mpu_time_us,ax_g,ay_g,az_g,acc_mag_g,gx_rad_s,gy_rad_s,gz_rad_s,gyro_mag_rad_s,mpu_window_peak_g,mpu_window_delta_g,mpu_window_gyro_rad_s,mpu_window_samples,mpu_dt_us,mpu_saturated,mpu_missed_deadlines,ppg_mod_ir_pct,ppg_mod_red_pct,ppg_ratio_r,spo2_maxim,spo2_maxim_valid,spo2_custom_candidate,maxim_hr,maxim_hr_valid,measurement_state,loop_last_us,loop_max_us,display_render_us,i2c_failures,red_prominence,red_threshold,red_snr,red_candidate,ir_prominence,ir_threshold,ir_snr,ir_candidate,peak_fused,detector_state,quarantine_remaining_ms,synchronized_count
PPG,2,19920,798350536,170,170756,188787,188313.734,473.266,51.188,1,0,0,0,0.00,nan,1,2,0,nan,4,1,53,1,1,16,16,0,0,0,798615458,0.04272,-0.00464,0.95313,0.95409,-0.00745,0.00158,-0.00141,0.00775,0.95992,0.00496,0.00827,3,12138,0,1325,0.15512,0.06914,0.44572,82,1,98.857,115,1,2,4397,185610,0,0,0.000,16.439,17.848,0,28.219,17.830,20.997,1,0,1,0,0
PPG,2,19921,798390536,118,170750,188813,188318.734,494.266,68.094,0,0,0,0,0.00,nan,1,2,0,nan,4,1,53,1,1,17,17,0,0,0,798654720,0.04004,-0.00464,0.95337,0.95422,-0.00692,0.00238,-0.00034,0.00732,0.95920,0.00498,0.00744,3,12254,0,1325,0.15512,0.06914,0.44572,82,1,98.857,115,1,2,2605,185610,0,0,0.000,16.439,17.848,0,0.000,17.830,20.997,0,0,1,0,0
PPG,2,19922,798430536,120,170771,188857,188324.109,532.891,75.859,0,0,0,0,0.00,nan,1,2,0,nan,4,1,53,1,1,18,18,0,0,0,798696487,0.04346,-0.00635,0.96045,0.96145,-0.00772,0.00158,0.00046,0.00789,0.96485,0.01063,0.00897,3,12350,0,1325,0.15512,0.06914,0.44572,82,1,98.857,115,1,2,4338,185610,0,0,0.000,16.439,17.848,0,0.000,17.830,20.997,0,0,1,0,0
PPG,2,19923,798470536,118,170734,188823,188329.094,493.906,78.750,0,0,0,0,0.00,nan,1,2,0,nan,4,1,53,1,1,19,19,0,0,0,798735745,0.04102,-0.00610,0.95093,0.95183,-0.00798,0.00158,-0.00087,0.00819,0.96116,0.00710,0.00819,3,12254,0,1325,0.15512,0.06914,0.44572,82,1,98.857,115,1,2,4328,185610,0,0,0.000,16.439,17.848,0,0.000,17.830,20.997,0,0,1,0,0
PPG,2,19924,798510536,128,170701,188816,188333.969,482.031,69.781,0,0,0,0,0.00,nan,1,2,0,nan,4,1,53,1,1,20,20,0,0,0,798775020,0.04102,-0.00391,0.95654,0.95743,-0.00612,0.00212,-0.00087,0.00653,0.96215,0.00807,0.00819,3,12257,0,1325,0.15512,0.06914,0.44572,82,1,98.857,115,1,2,2614,185610,0,0,0.000,16.439,17.848,0,0.000,17.830,20.997,0,0,1,0,0
PPG,2,19925,798550536,122,170707,188839,188339.016,499.984,60.031,0,0,0,0,0.00,nan,1,2,0,nan,4,1,53,1,1,21,21,0,0,0,798816872,0.04224,-0.00488,0.96338,0.96432,-0.00798,0.00185,-0.00194,0.00842,0.96432,0.00942,0.00859,3,12268,0,1325,0.15512,0.06914,0.44572,82,1,98.857,115,1,2,4334,185610,0,0,0.000,16.439,17.848,0,0.000,17.830,20.997,0,0,1,0,0
PPG,2,19926,798590536,119,170734,188884,188344.469,539.531,62.734,0,0,0,0,0.00,nan,1,2,0,nan,4,1,53,1,1,22,22,0,0,0,798856190,0.04053,-0.00366,0.95386,0.95473,-0.00798,0.00105,-0.00061,0.00807,0.96431,0.00651,0.00866,3,12270,0,1325,0.15512,0.06914,0.44572,82,1,98.857,115,1,2,4332,185610,0,0,0.000,16.439,17.848,0,0.000,17.830,20.997,0,0,1,0,0
PPG,2,19927,798630536,117,170733,188887,188349.891,537.109,68.531,0,0,0,0,0.00,nan,1,2,0,nan,4,1,53,1,1,23,23,0,0,0,798895466,0.04272,-0.00415,0.95825,0.95921,-0.00852,0.00185,-0.00087,0.00876,0.96468,0.00581,0.00876,3,12267,0,1325,0.15512,0.06914,0.44572,82,1,98.857,115,1,2,4336,185610,0,0,0.000,16.439,17.848,0,0.000,17.830,20.997,0,0,1,0,0
PPG,2,19928,798670536,120,170751,188913,188355.516,557.484,72.109,0,0,0,0,0.00,nan,1,2,0,nan,4,1,53,1,1,24,24,0,0,0,798934782,0.04053,-0.00269,0.95679,0.95765,-0.00745,0.00212,-0.00114,0.00783,0.95964,0.00448,0.00862,3,12261,0,1325,0.15512,0.06914,0.44572,82,1,98.857,115,1,2,2612,185610,0,0,0.000,16.439,17.848,0,0.000,17.830,20.997,0,0,1,0,0
PPG,2,19929,798710536,142,170756,188950,188361.453,588.547,73.438,0,0,0,0,0.00,nan,1,2,0,nan,4,1,53,1,1,25,25,0,0,0,798976649,0.04004,-0.00659,0.96484,0.96570,-0.00745,0.00185,-0.00061,0.00770,0.96570,0.01295,0.00859,3,12275,0,1325,0.15512,0.06914,0.44572,82,1,98.857,115,1,2,4334,185610,0,0,0.000,16.439,17.848,0,0.000,17.830,20.997,0,0,1,0,0
PPG,2,19930,798750536,148,170768,188972,188367.562,604.438,82.266,0,0,0,0,0.00,nan,1,2,0,nan,4,1,53,1,1,26,26,0,0,0,799016081,0.04248,-0.00195,0.95410,0.95505,-0.00718,0.00185,-0.00007,0.00742,0.95821,0.01515,0.00809,3,12271,0,1325,0.15512,0.06914,0.44572,82,1,98.857,115,1,2,4350,185610,0,0,0.000,16.439,17.848,0,0.000,17.830,20.997,0,0,1,0,0
PPG,2,19931,798790536,137,170738,188891,188372.797,518.203,86.547,1,0,1,0,0.00,nan,1,2,0,nan,4,1,53,1,1,27,27,0,0,0,799055446,0.04175,-0.00439,0.95386,0.95478,-0.00905,0.00212,-0.00114,0.00936,0.96113,0.00608,0.00936,3,12262,0,1325,0.15512,0.06914,0.44572,82,1,98.857,115,1,2,4328,185610,0,0,97.219,16.439,17.848,1,72.422,17.830,20.997,1,1,1,0,1
PPG,2,19932,798830536,129,170693,188779,188376.859,402.141,75.078,0,0,0,0,0.00,nan,1,2,0,nan,4,1,53,1,1,28,28,0,0,0,799098948,0.04321,-0.00464,0.95483,0.95582,-0.00798,0.00052,0.00099,0.00806,0.96967,0.01385,0.00812,3,12325,0,1325,0.15512,0.06914,0.44572,82,1,98.857,115,1,2,2641,185610,0,0,0.000,15.526,18.101,0,0.000,17.113,19.388,0,0,1,0,1
PPG,2,19933,798870536,120,170661,188716,188380.250,335.750,45.984,0,0,0,0,0.00,nan,1,2,0,nan,4,1,53,1,1,29,29,0,0,0,799135595,0.04614,-0.00513,0.95825,0.95938,-0.00852,0.00158,0.00046,0.00867,0.96418,0.00836,0.00867,3,12219,0,1325,0.15512,0.06914,0.44572,82,1,98.857,115,1,2,4335,185610,0,0,0.000,15.526,18.101,0,0.000,17.113,19.388,0,0,1,0,1
PPG,2,19934,798910536,120,170676,188787,188384.312,402.688,24.281,0,0,0,0,0.00,nan,1,2,0,nan,4,1,53,1,1,30,30,0,0,0,799174813,0.03979,-0.00562,0.95728,0.95812,-0.00718,0.00238,-0.00114,0.00765,0.96156,0.00463,0.00810,3,12233,0,1325,0.15512,0.06914,0.44572,82,1,98.857,115,1,2,2632,185610,0,0,0.000,15.526,18.101,0,0.000,17.113,19.388,0,0,1,0,1
PPG,2,19935,798950536,119,170723,188856,188389.031,466.969,9.641,0,0,0,0,0.00,nan,1,2,0,nan,4,1,53,1,1,31,31,0,0,0,799216827,0.03760,-0.00464,0.95532,0.95607,-0.00772,0.00452,-0.00141,0.00905,0.96392,0.00785,0.00905,3,12277,0,1325,0.15512,0.06914,0.44572,82,1,98.857,115,1,2,4341,185610,0,0,0.000,15.526,18.101,0,0.000,17.113,19.388,0,0,1,0,1
PPG,2,19936,798990536,127,170787,188949,188394.625,554.375,-0.703,0,0,0,0,0.00,nan,1,2,0,nan,4,1,53,1,1,0,0,0,0,0,799256027,0.04053,-0.00439,0.96021,0.96107,-0.00798,0.00105,-0.00007,0.00805,0.96410,0.00917,0.00863,3,12236,0,1325,0.15512,0.06914,0.44572,82,1,98.857,115,1,2,4325,185610,0,0,0.000,15.526,18.101,0,0.000,17.113,19.388,0,0,1,0,1
PPG,2,19937,799030536,131,170831,189025,188400.922,624.078,-2.969,0,0,0,0,0.00,nan,1,2,0,nan,4,1,53,1,1,1,1,0,0,0,799295231,0.03931,-0.00488,0.96021,0.96102,-0.00825,0.00292,-0.00247,0.00909,0.96102,0.00460,0.00909,3,12200,0,1325,0.15512,0.06914,0.44572,82,1,98.857,115,1,2,2672,185610,0,0,0.000,15.526,18.101,0,0.000,17.113,19.388,0,0,1,0,1
PPG,2,19938,799070536,122,170853,189049,188407.406,641.594,10.047,0,0,0,0,0.00,nan,1,2,0,nan,4,1,53,1,1,2,2,0,0,0,799337026,0.03833,-0.00513,0.95435,0.95513,-0.00825,0.00132,-0.00061,0.00838,0.96252,0.00504,0.00838,3,12162,0,1325,0.15512,0.06914,0.44572,82,1,98.857,115,1,2,4300,185610,0,0,0.000,15.526,18.101,0,0.000,17.113,19.388,0,0,1,0,1
PPG,2,19939,799110536,121,170870,189075,188414.078,660.922,39.016,1,0,0,0,0.00,nan,1,2,0,nan,4,1,53,1,1,3,3,0,0,0,799376061,0.04248,-0.00757,0.95801,0.95898,-0.00692,0.00158,-0.00114,0.00719,0.95898,0.00526,0.00777,3,12175,0,1325,0.15512,0.06914,0.44572,82,1,98.857,115,1,2,4343,185610,0,0,0.000,15.526,18.101,0,26.516,17.113,19.388,1,0,1,0,1
PPG,2,19940,799150536,119,170851,189087,188420.812,666.188,77.016,0,0,0,0,0.00,nan,1,2,0,nan,4,1,53,1,1,4,4,0,0,0,799415045,0.04004,-0.00293,0.95898,0.95982,-0.00878,0.00265,-0.00034,0.00918,0.95982,0.00276,0.00918,3,12156,0,1325,0.15512,0.06914,0.44572,82,1,98.857,115,1,2,2596,185610,0,0,0.000,15.526,18.101,0,0.000,17.113,19.388,0,0,1,0,1
PPG,2,19941,799190536,117,170858,189118,188427.781,690.219,109.062,0,0,0,0,0.00,nan,1,2,0,nan,4,1,53,1,1,5,5,0,0,0,799456638,0.04395,-0.00537,0.95630,0.95732,-0.00772,0.00185,0.00019,0.00794,0.95840,0.00289,0.00886,3,12129,0,1325,0.15512,0.06914,0.44572,82,1,98.857,115,1,2,4295,185610,0,0,0.000,15.526,18.101,0,0.000,17.113,19.388,0,0,1,0,1
PPG,2,19942,799230536,118,170861,189141,188434.906,706.094,135.578,0,0,0,0,0.00,nan,1,2,0,nan,4,1,53,1,1,6,6,0,0,0,799495716,0.04272,-0.00732,0.95947,0.96045,-0.00852,0.00212,-0.00141,0.00889,0.96045,0.00221,0.00889,3,12122,0,1325,0.15512,0.06914,0.44572,82,1,98.857,115,1,2,4298,185610,0,0,0.000,15.526,18.101,0,0.000,17.113,19.388,0,0,1,0,1
PPG,2,19943,799270536,118,170846,189138,188441.938,696.062,146.828,0,0,0,0,0.00,nan,1,2,0,nan,4,1,53,1,1,7,7,0,0,0,799534682,0.03857,-0.00464,0.96143,0.96221,-0.00798,0.00185,-0.00141,0.00831,0.96402,0.00566,0.00842,3,12119,0,1325,0.15512,0.06914,0.44572,82,1,98.857,115,1,2,2604,185610,0,0,0.000,15.526,18.101,0,0.000,17.113,19.388,0,0,1,0,1
PPG,2,19944,799310536,506,170839,189133,188448.844,684.156,146.406,0,0,0,0,0.00,nan,1,2,0,nan,4,1,53,1,1,8,8,0,0,0,799576283,0.04175,-0.00513,0.95703,0.95796,-0.00718,0.00238,-0.00007,0.00757,0.96069,0.00324,0.00889,3,12121,0,1325,0.12285,0.04905,0.39930,-999,0,100.017,100,1,2,4302,185610,0,0,0.000,15.526,18.101,0,0.000,17.113,19.388,0,0,1,0,1
PPG,2,19945,799350536,165,170833,189143,188455.781,687.219,144.625,0,0,0,0,0.00,nan,1,2,0,nan,4,1,53,1,1,9,9,0,0,0,799615657,0.04077,-0.00342,0.95850,0.95937,-0.00825,0.00158,-0.00114,0.00848,0.95937,0.00144,0.00894,3,12163,0,1325,0.12285,0.04905,0.39930,-999,0,100.017,100,1,2,4327,185610,0,0,0.000,15.526,18.101,0,0.000,17.113,19.388,0,0,1,0,1
PPG,2,19946,799390536,119,170852,189185,188463.078,721.922,145.297,0,0,0,0,0.00,nan,1,2,0,nan,4,1,53,1,1,10,10,0,0,0,799654623,0.04053,-0.00269,0.96118,0.96204,-0.00798,0.00185,-0.00034,0.00820,0.96204,0.00633,0.00882,3,12118,0,1325,0.12285,0.04905,0.39930,-999,0,100.017,100,1,2,2604,185610,0,0,0.000,15.526,18.101,0,0.000,17.113,19.388,0,0,1,0,1
PPG,2,19947,799430536,121,170878,189228,188470.734,757.266,148.391,0,0,0,0,0.00,nan,1,2,0,nan,4,1,53,1,1,11,11,0,0,0,799696142,0.04004,-0.00342,0.95068,0.95153,-0.00718,0.00345,-0.00087,0.00802,0.96014,0.00860,0.00847,3,12125,0,1325,0.12285,0.04905,0.39930,-999,0,100.017,100,1,2,4296,185610,0,0,0.000,15.526,18.101,0,0.000,17.113,19.388,0,0,1,0,1
PPG,2,19948,799470536,120,170927,189286,188478.891,807.109,153.734,0,0,0,0,0.00,nan,1,2,0,nan,4,1,53,1,1,12,12,0,0,0,799735079,0.04248,-0.00586,0.95630,0.95726,-0.00772,0.00132,-0.00194,0.00806,0.95726,0.00295,0.00872,3,12120,0,1325,0.12285,0.04905,0.39930,-999,0,100.017,100,1,2,2599,185610,0,0,0.000,15.526,18.101,0,0.000,17.113,19.388,0,0,1,0,1
PPG,2,19949,799510536,118,170920,189247,188486.578,760.422,154.031,0,0,0,0,0.00,nan,1,2,0,nan,4,1,53,1,1,13,13,0,0,0,799776626,0.04419,-0.00903,0.96191,0.96297,-0.00825,0.00105,-0.00061,0.00834,0.96297,0.00672,0.00862,3,12130,0,1325,0.12285,0.04905,0.39930,-999,0,100.017,100,1,2,4294,185610,0,0,0.000,15.526,18.101,0,0.000,17.113,19.388,0,0,1,0,1
PPG,2,19950,799550536,139,170855,189105,188492.766,612.234,142.672,0,0,0,0,0.00,nan,1,2,0,nan,4,1,53,1,1,14,14,0,0,0,799815562,0.03906,-0.00635,0.95679,0.95761,-0.00772,0.00292,-0.00114,0.00833,0.96379,0.00619,0.00833,3,12154,0,1325,0.12285,0.04905,0.39930,-999,0,100.017,100,1,2,2622,185610,0,0,0.000,15.022,19.326,0,0.000,17.345,18.871,0,0,1,0,1
PPG,2,19951,799590536,145,170818,189001,188497.844,503.156,118.312,1,0,1,800,75.00,75.00,2,1,0,nan,4,1,53,1,1,15,15,0,0,0,799857139,0.04248,-0.00903,0.95410,0.95509,-0.00852,0.00132,-0.00061,0.00864,0.96521,0.01012,0.00864,3,12132,0,1325,0.12285,0.04905,0.39930,-999,0,100.017,100,1,3,4296,185610,0,0,101.125,15.022,19.326,1,149.797,17.345,18.871,1,1,1,0,2
PPG,2,19952,799630536,123,170802,189022,188503.078,518.922,88.875,0,0,0,0,75.00,75.00,2,1,0,nan,4,1,53,1,1,16,16,0,0,0,799896221,0.03857,-0.00171,0.94849,0.94927,-0.00772,0.00212,-0.00061,0.00802,0.95977,0.00843,0.00807,3,12119,0,1325,0.12285,0.04905,0.39930,-999,0,100.017,100,1,3,4296,185610,0,0,0.000,14.707,18.523,0,0.000,17.201,18.556,0,0,1,0,2
PPG,2,19953,799670536,120,170783,189041,188508.453,532.547,52.062,0,0,0,0,75.00,75.00,2,1,0,nan,4,1,53,1,1,17,17,0,0,0,799935217,0.04150,-0.00537,0.95850,0.95941,-0.00718,0.00185,0.00019,0.00742,0.96145,0.01218,0.00859,3,12147,0,1325,0.12285,0.04905,0.39930,-999,0,100.017,100,1,3,2605,185610,0,0,0.000,14.707,18.523,0,0.000,17.201,18.556,0,0,1,0,2
PPG,2,19954,799710536,123,170784,189068,188514.047,553.953,15.156,0,0,0,0,75.00,75.00,2,1,0,nan,4,1,53,1,1,18,18,0,0,0,799976828,0.04199,-0.00342,0.96313,0.96406,-0.00798,0.00185,-0.00114,0.00827,0.96406,0.00768,0.00862,3,12116,0,1325,0.12285,0.04905,0.39930,-999,0,100.017,100,1,3,4302,185610,0,0,0.000,14.707,18.523,0,0.000,17.201,18.556,0,0,1,0,2
PPG,2,19955,799750536,120,170769,189086,188519.766,566.234,-24.922,0,0,0,0,75.00,75.00,2,1,0,nan,4,1,53,1,1,19,19,0,0,0,800015762,0.03931,-0.00342,0.95752,0.95833,-0.00745,0.00318,0.00126,0.00820,0.96093,0.00312,0.00838,3,12114,0,1325,0.12285,0.04905,0.39930,-999,0,100.017,100,1,3,4301,185610,0,0,0.000,14.707,18.523,0,0.000,17.201,18.556,0,0,1,0,2
PPG,2,19956,799790536,122,170781,189092,188525.484,566.516,-54.219,0,0,0,0,75.00,75.00,2,1,0,nan,4,1,53,1,1,20,20,0,0,0,800054731,0.04224,-0.00391,0.95850,0.95943,-0.00905,0.00212,0.00019,0.00929,0.96220,0.00625,0.00929,3,12115,0,1325,0.12285,0.04905,0.39930,-999,0,100.017,100,1,3,2603,185610,0,0,0.000,14.707,18.523,0,0.000,17.201,18.556,0,0,1,0,2
PPG,2,19957,799830536,125,170780,189095,188531.172,563.828,-59.141,0,0,0,0,75.00,75.00,2,1,0,nan,4,1,53,1,1,21,21,0,0,0,800100447,0.04126,-0.00757,0.95776,0.95868,-0.00905,0.00185,-0.00087,0.00928,0.95906,0.00221,0.00958,3,12161,0,1325,0.12285,0.04905,0.39930,-999,0,100.017,100,1,3,2590,185610,0,0,0.000,14.707,18.523,0,0.000,17.201,18.556,0,0,1,0,2
PPG,2,19958,799870536,125,170789,189113,188536.984,576.016,-46.344,0,0,0,0,75.00,75.00,2,1,0,nan,4,1,53,1,1,22,22,0,0,0,800136924,0.04224,-0.00610,0.95825,0.95920,-0.00825,0.00265,-0.00087,0.00871,0.96086,0.00218,0.00871,3,12168,0,1325,0.12285,0.04905,0.39930,-999,0,100.017,100,1,3,4296,185610,0,0,0.000,14.707,18.523,0,0.000,17.201,18.556,0,0,1,0,2
PPG,2,19959,799910536,122,170783,189139,188543.000,596.000,-32.828,0,0,0,0,75.00,75.00,2,1,0,nan,4,1,53,1,1,23,23,0,0,0,800175876,0.04102,-0.00586,0.95459,0.95549,-0.00825,0.00212,-0.00034,0.00852,0.96260,0.00538,0.00852,3,12119,0,1325,0.12285,0.04905,0.39930,-999,0,100.017,100,1,3,4301,185610,0,0,0.000,14.707,18.523,0,0.000,17.201,18.556,0,0,1,0,2
PPG,2,19960,799950536,145,170765,189151,188549.078,601.922,-20.312,0,0,0,0,75.00,75.00,2,1,0,nan,4,1,53,1,1,24,24,0,0,0,800214808,0.04150,-0.01099,0.96411,0.96507,-0.00825,0.00292,-0.00007,0.00875,0.96507,0.00748,0.00875,3,12123,0,1325,0.12285,0.04905,0.39930,-999,0,100.017,100,1,3,2595,185610,0,0,0.000,14.707,18.523,0,0.000,17.201,18.556,0,0,1,0,2
PPG,2,19961,799990536,123,170807,189203,188555.625,647.375,-5.266,0,0,0,0,75.00,75.00,2,1,0,nan,4,1,53,1,1,25,25,0,0,0,800256536,0.03662,-0.00562,0.96045,0.96116,-0.00798,0.00212,-0.00061,0.00828,0.96116,0.00664,0.00828,3,12111,0,1325,0.12285,0.04905,0.39930,-999,0,100.017,100,1,3,4297,185610,0,0,0.000,14.707,18.523,0,0.000,17.201,18.556,0,0,1,0,2
PPG,2,19962,800030536,141,170849,189253,188562.594,690.406,12.969,0,0,0,0,75.00,75.00,2,1,0,nan,4,1,53,1,1,26,26,0,0,0,800295493,0.04199,-0.00610,0.95483,0.95578,-0.00772,0.00158,-0.00061,0.00790,0.96227,0.00584,0.00812,3,12134,0,1325,0.12285,0.04905,0.39930,-999,0,100.017,100,1,3,2601,185610,0,0,0.000,14.707,18.523,0,0.000,17.201,18.556,0,0,1,0,2
PPG,2,19963,800070536,125,170874,189292,188569.891,722.109,33.844,0,0,0,0,75.00,75.00,2,1,0,nan,4,1,53,1,1,27,27,0,0,0,800337116,0.04028,-0.00220,0.95459,0.95544,-0.00692,0.00238,0.00046,0.00733,0.95808,0.00230,0.00812,3,12186,0,1325,0.12285,0.04905,0.39930,-999,0,100.017,100,1,3,4298,185610,0,0,0.000,14.707,18.523,0,0.000,17.201,18.556,0,0,1,0,2
PPG,2,19964,800110536,126,170847,189296,188577.156,718.844,54.422,0,0,0,0,75.00,75.00,2,1,0,nan,4,1,53,1,1,28,28,0,0,0,800376064,0.03857,-0.00513,0.95728,0.95807,-0.00852,0.00158,0.00073,0.00869,0.96334,0.00527,0.00869,3,12128,0,1325,0.12285,0.04905,0.39930,-999,0,100.017,100,1,3,4307,185610,0,0,0.000,14.707,18.523,0,0.000,17.201,18.556,0,0,1,0,2
PPG,2,19965,800150536,121,170860,189298,188584.359,713.641,73.094,0,0,0,0,75.00,75.00,2,1,0,nan,4,1,53,1,1,29,29,0,0,0,800414999,0.03955,-0.00708,0.95850,0.95934,-0.00852,0.00158,-0.00141,0.00878,0.96066,0.00365,0.00898,3,12118,0,1325,0.12285,0.04905,0.39930,-999,0,100.017,100,1,3,2598,185610,0,0,0.000,14.707,18.523,0,0.000,17.201,18.556,0,0,1,0,2
PPG,2,19966,800190536,123,170846,189308,188591.594,716.406,91.078,0,0,0,0,75.00,75.00,2,1,0,nan,4,1,53,1,1,30,30,0,0,0,800456875,0.04297,-0.00708,0.95386,0.95485,-0.00798,0.00158,-0.00141,0.00826,0.95910,0.00384,0.00888,3,12292,0,1325,0.12285,0.04905,0.39930,-999,0,100.017,100,1,3,4390,185610,0,0,0.000,14.707,18.523,0,0.000,17.201,18.556,0,0,1,0,2
PPG,2,19967,800230536,122,170846,189315,188598.828,716.172,110.172,0,0,0,0,75.00,75.00,2,1,0,nan,4,1,53,1,1,31,31,0,0,0,800495932,0.04492,-0.00488,0.95679,0.95785,-0.00798,0.00185,-0.00061,0.00822,0.95935,0.00513,0.00927,3,12157,0,1325,0.12285,0.04905,0.39930,-999,0,100.017,100,1,3,4302,185610,0,0,0.000,14.707,18.523,0,0.000,17.201,18.556,0,0,1,0,2
PPG,2,19968,800270536,122,170807,189200,188604.844,595.156,114.031,0,0,0,0,75.00,75.00,2,1,0,nan,4,1,53,1,1,0,0,0,0,0,800534878,0.04346,-0.00830,0.95630,0.95732,-0.00692,0.00238,-0.00221,0.00764,0.95732,0.00427,0.00848,3,12139,0,1325,0.12285,0.04905,0.39930,-999,0,100.017,100,1,3,2613,185610,0,0,0.000,14.707,18.523,0,0.000,17.201,18.556,0,0,1,0,2
PPG,2,19969,800310536,514,170745,189060,188609.391,450.609,95.812,0,0,0,0,75.00,75.00,2,1,0,nan,4,1,53,1,1,1,1,0,0,0,800576534,0.04126,-0.00806,0.95850,0.95942,-0.00745,0.00212,-0.00141,0.00787,0.96170,0.00570,0.00787,3,12104,0,1325,0.15334,0.04603,0.30018,86,1,nan,125,1,3,4297,185610,0,0,0.000,14.707,18.523,0,0.000,17.201,18.556,0,0,1,0,2
PPG,2,19970,800350536,178,170740,189049,188613.781,435.219,63.906,0,0,0,0,75.00,75.00,2,1,0,nan,4,1,53,1,1,2,2,0,0,0,800616067,0.04468,-0.00659,0.95264,0.95371,-0.00798,0.00238,-0.00141,0.00845,0.95805,0.00239,0.00848,3,12124,0,1325,0.15334,0.04603,0.30018,86,1,nan,125,1,3,4299,185610,0,0,0.000,14.707,18.523,0,0.000,17.201,18.556,0,0,1,0,2
PPG,2,19971,800390536,128,170766,189086,188618.500,467.500,29.656,0,0,0,0,75.00,75.00,2,1,0,nan,4,1,53,1,1,3,3,0,0,0,800655323,0.04126,-0.00562,0.95410,0.95501,-0.00798,0.00212,-0.00034,0.00827,0.95692,0.00383,0.00859,3,12356,0,1325,0.15334,0.04603,0.30018,86,1,nan,125,1,3,2613,185610,0,0,0.000,14.707,18.523,0,0.000,17.201,18.556,0,0,1,0,2
PPG,2,19972,800430536,130,170762,189140,188623.719,516.281,1.172,0,0,0,0,75.00,75.00,2,1,0,nan,4,1,53,1,1,4,4,0,0,0,800697237,0.04126,-0.00464,0.95386,0.95476,-0.00745,0.00185,-0.00034,0.00768,0.95809,0.00553,0.00838,3,12261,0,1325,0.15334,0.04603,0.30018,86,1,nan,125,1,3,4362,185610,0,0,0.000,14.707,18.523,0,0.000,17.201,18.556,0,0,1,0,2
PPG,2,19973,800470536,128,170810,189221,188629.688,591.312,-20.250,0,0,0,0,75.00,75.00,2,1,0,nan,4,1,53,1,1,5,5,0,0,0,800736636,0.04346,-0.00269,0.95483,0.95583,-0.00718,0.00212,-0.00087,0.00754,0.96015,0.00539,0.00854,3,12248,0,1325,0.15334,0.04603,0.30018,86,1,nan,125,1,3,4322,185610,0,0,0.000,14.707,18.523,0,0.000,17.201,18.556,0,0,1,0,2
PPG,2,19974,800510536,129,170857,189298,188636.375,661.625,-34.172,0,0,0,0,75.00,75.00,2,1,0,nan,4,1,53,1,1,6,6,0,0,0,800775977,0.03809,-0.00537,0.95923,0.96000,-0.00878,0.00212,-0.00007,0.00903,0.96222,0.00439,0.00903,3,12240,0,1325,0.15334,0.04603,0.30018,86,1,nan,125,1,3,4339,185610,0,0,0.000,14.707,18.523,0,0.000,17.201,18.556,0,0,1,0,2
PPG,2,19975,800550536,119,170862,189270,188642.719,627.281,-33.375,0,0,0,0,75.00,75.00,2,1,0,nan,4,1,53,1,1,7,7,0,0,0,800815249,0.04346,-0.00659,0.95630,0.95731,-0.00852,0.00158,-0.00034,0.00867,0.96217,0.01182,0.00937,3,12253,0,1325,0.15334,0.04603,0.30018,86,1,nan,125,1,3,2610,185610,0,0,0.000,14.707,18.523,0,0.000,17.201,18.556,0,0,1,0,2
PPG,2,19976,800590536,145,170838,189249,188648.781,600.219,-14.219,1,0,1,1000,60.00,60.00,2,1,512,nan,4,1,53,1,1,8,8,0,0,0,800857135,0.03979,-0.00513,0.95752,0.95836,-0.00825,0.00265,-0.00114,0.00874,0.95836,0.00313,0.00874,3,12267,0,1325,0.15334,0.04603,0.30018,86,1,nan,125,1,3,4343,185610,0,0,79.547,14.707,18.523,1,173.172,17.201,18.556,1,1,1,0,3
PPG,2,19977,800630536,120,170842,189291,188655.203,635.797,10.547,0,0,0,0,60.00,60.00,2,1,512,nan,4,1,53,1,1,9,9,0,0,0,800896471,0.04053,-0.00854,0.95557,0.95646,-0.00798,0.00185,-0.00167,0.00836,0.96333,0.00497,0.00859,3,12234,0,1325,0.15334,0.04603,0.30018,86,1,nan,125,1,3,4313,185610,0,0,0.000,14.297,17.476,0,0.000,17.221,18.600,0,0,1,0,3
PPG,2,19978,800670536,123,170849,189345,188662.094,682.906,35.938,0,0,0,0,60.00,60.00,2,1,512,nan,4,1,53,1,1,10,10,0,0,0,800935706,0.03857,-0.00586,0.96265,0.96344,-0.00745,0.00212,-0.00061,0.00777,0.96344,0.00675,0.00812,3,12252,0,1325,0.15334,0.04603,0.30018,86,1,nan,125,1,3,2651,185610,0,0,0.000,14.297,17.476,0,0.000,17.221,18.600,0,0,1,0,3
PPG,2,19979,800710536,123,170853,189362,188669.094,692.906,56.516,0,0,0,0,60.00,60.00,2,1,512,nan,4,1,53,1,1,11,11,0,0,0,800977712,0.04297,-0.00342,0.95728,0.95825,-0.00665,0.00132,-0.00034,0.00679,0.95964,0.00428,0.00804,3,12261,0,1325,0.15334,0.04603,0.30018,86,1,nan,125,1,3,4315,185610,0,0,0.000,14.297,17.476,0,0.000,17.221,18.600,0,0,1,0,3
PPG,2,19980,800750536,129,170893,189413,188676.531,736.469,70.828,0,0,0,0,60.00,60.00,2,1,512,nan,4,1,53,1,1,12,12,0,0,0,801016930,0.04150,-0.00586,0.96289,0.96380,-0.00798,0.00318,-0.00061,0.00862,0.96568,0.01101,0.00928,3,12252,0,1325,0.15334,0.04603,0.30018,86,1,nan,125,1,3,4333,185610,0,0,0.000,14.297,17.476,0,0.000,17.221,18.600,0,0,1,0,3
PPG,2,19981,800790536,123,170892,189428,188684.047,743.953,78.156,0,0,0,0,60.00,60.00,2,1,512,nan,4,1,53,1,1,13,13,0,0,0,801056189,0.04102,-0.00830,0.95532,0.95624,-0.00798,0.00238,-0.00034,0.00834,0.95909,0.00471,0.00908,3,12262,0,1325,0.15334,0.04603,0.30018,86,1,nan,125,1,3,4325,185610,0,0,0.000,14.297,17.476,0,0.000,17.221,18.600,0,0,1,0,3
PPG,2,19982,800830536,128,170905,189463,188691.844,771.156,95.219,0,0,0,0,60.00,60.00,2,1,512,nan,4,1,53,1,1,14,14,0,0,0,801102268,0.03809,-0.00684,0.95605,0.95684,-0.00745,0.00185,-0.00034,0.00768,0.96088,0.00465,0.00838,3,12291,0,1325,0.15334,0.04603,0.30018,86,1,nan,125,1,3,2621,185610,0,0,0.000,14.297,17.476,0,0.000,17.221,18.600,0,0,1,0,3
PPG,2,19983,800870536,124,170902,189479,188699.719,779.281,118.734,0,0,0,0,60.00,60.00,2,1,512,nan,4,1,53,1,1,15,15,0,0,0,801138941,0.04248,-0.00195,0.96045,0.96139,-0.00798,0.00238,-0.00087,0.00838,0.96139,0.00671,0.00912,3,12262,0,1325,0.15334,0.04603,0.30018,86,1,nan,125,1,3,2622,185610,0,0,0.000,14.297,17.476,0,0.000,17.221,18.600,0,0,1,0,3
PPG,2,19984,800910536,125,170891,189470,188707.422,762.578,135.609,0,0,0,0,60.00,60.00,2,1,512,nan,4,1,53,1,1,16,16,0,0,0,801175605,0.04321,-0.00562,0.95483,0.95583,-0.00718,0.00318,-0.00061,0.00788,0.96351,0.00592,0.00882,3,12241,0,1325,0.15334,0.04603,0.30018,86,1,nan,125,1,3,2626,185610,0,0,0.000,14.297,17.476,0,0.000,17.221,18.600,0,0,1,0,3
PPG,2,19985,800950536,123,170901,189505,188715.391,789.609,148.125,0,0,0,0,60.00,60.00,2,1,512,nan,4,1,53,1,1,17,17,0,0,0,801217433,0.04004,-0.00269,0.95947,0.96031,-0.00718,0.00212,-0.00007,0.00749,0.96079,0.00496,0.00749,3,12234,0,1325,0.15334,0.04603,0.30018,86,1,nan,125,1,3,4332,185610,0,0,0.000,14.297,17.476,0,0.000,17.221,18.600,0,0,1,0,3
PPG,2,19986,800990536,125,170901,189523,188723.469,799.531,160.375,0,0,0,0,60.00,60.00,2,1,512,nan,4,1,53,1,1,18,18,0,0,0,801256684,0.04370,-0.00415,0.95679,0.95779,-0.00745,0.00185,-0.00087,0.00773,0.96080,0.00472,0.00793,3,12257,0,1325,0.15334,0.04603,0.30018,86,1,nan,125,1,3,4376,185610,0,0,0.000,14.297,17.476,0,0.000,17.221,18.600,0,0,1,0,3
PPG,2,19987,801030536,203,170892,189451,188730.750,720.250,158.984,0,0,0,0,60.00,60.00,2,1,512,nan,4,1,53,1,1,19,19,0,0,0,801295730,0.03931,-0.00391,0.95850,0.95931,-0.00692,0.00158,0.00073,0.00713,0.95931,0.00174,0.00795,3,12133,0,1325,0.15334,0.04603,0.30018,86,1,nan,125,1,3,2649,185610,0,0,0.000,14.297,17.476,0,0.000,17.221,18.600,0,0,1,0,3
PPG,2,19988,801070536,125,170833,189297,188736.406,560.594,135.422,0,0,0,0,60.00,60.00,2,1,512,nan,4,1,53,1,1,20,20,0,0,0,801337664,0.04077,-0.00415,0.95557,0.95644,-0.00772,0.00132,-0.00087,0.00788,0.96371,0.00440,0.00812,3,12124,0,1325,0.15334,0.04603,0.30018,86,1,nan,125,1,3,4323,185610,0,0,0.000,14.297,17.476,0,0.000,17.221,18.600,0,0,1,0,3
PPG,2,19989,801110536,123,170866,189318,188742.219,575.781,101.812,0,0,0,0,60.00,60.00,2,1,512,nan,4,1,53,1,1,21,21,0,0,0,801376636,0.03931,-0.00537,0.95313,0.95395,-0.00878,0.00212,-0.00194,0.00924,0.95971,0.00720,0.00928,3,12121,0,1325,0.15334,0.04603,0.30018,86,1,nan,125,1,3,4295,185610,0,0,0.000,14.297,17.476,0,0.000,17.221,18.600,0,0,1,0,3
PPG,2,19990,801150536,125,170880,189368,188748.469,619.531,70.016,0,0,0,0,60.00,60.00,2,1,512,nan,4,1,53,1,1,22,22,0,0,0,801415619,0.04199,-0.00708,0.95923,0.96017,-0.00718,0.00132,-0.00194,0.00756,0.96531,0.01136,0.00788,3,12118,0,1325,0.15334,0.04603,0.30018,86,1,nan,125,1,3,2597,185610,0,0,0.000,14.297,17.476,0,0.000,17.221,18.600,0,0,1,0,3
PPG,2,19991,801190536,123,170895,189433,188755.312,677.688,47.375,0,0,0,0,60.00,60.00,2,1,512,nan,4,1,53,1,1,23,23,0,0,0,801457182,0.04346,-0.00293,0.95386,0.95485,-0.00772,0.00185,-0.00167,0.00811,0.96114,0.00629,0.00831,3,12150,0,1325,0.15334,0.04603,0.30018,86,1,nan,125,1,3,4320,185610,0,0,0.000,14.297,17.476,0,0.000,17.221,18.600,0,0,1,0,3
PPG,2,19992,801230536,125,170924,189497,188762.734,734.266,28.375,0,0,0,0,60.00,60.00,2,1,512,nan,4,1,53,1,1,24,24,0,0,0,801496209,0.03955,-0.00488,0.95776,0.95859,-0.00772,0.00158,-0.00087,0.00793,0.96095,0.00611,0.00818,3,12126,0,1325,0.15334,0.04603,0.30018,86,1,nan,125,1,3,2611,185610,0,0,0.000,14.297,17.476,0,0.000,17.221,18.600,0,0,1,0,3
PPG,2,19993,801270536,124,170960,189563,188770.734,792.266,16.984,0,0,0,0,60.00,60.00,2,1,512,nan,4,1,53,1,1,25,25,0,0,0,801537768,0.03931,-0.00415,0.95898,0.95980,-0.00798,0.00105,-0.00007,0.00805,0.96334,0.00475,0.00814,3,12124,0,1325,0.15334,0.04603,0.30018,86,1,nan,125,1,3,4294,185610,0,0,0.000,14.297,17.476,0,0.000,17.221,18.600,0,0,1,0,3
PPG,2,19994,801310536,529,170972,189564,188778.672,785.328,19.828,1,0,1,720,75.00,75.00,2,1,512,nan,4,1,53,1,1,26,26,0,0,0,801576733,0.03979,-0.00415,0.95313,0.95396,-0.00798,0.00185,-0.00034,0.00820,0.95941,0.00329,0.00820,3,12129,0,1325,0.14285,0.04326,0.30282,-999,0,nan,150,1,3,4300,185610,0,0,75.062,14.297,17.476,1,194.547,17.221,18.600,1,1,1,0,4
PPG,2,19995,801350536,173,170920,189478,188785.672,692.328,35.297,0,0,0,0,75.00,75.00,2,1,512,nan,4,1,53,1,1,27,27,0,0,0,801616208,0.04053,-0.00781,0.96289,0.96377,-0.00798,0.00292,-0.00061,0.00852,0.96377,0.00687,0.00852,3,12125,0,1325,0.14285,0.04326,0.30282,-999,0,nan,150,1,3,2611,185610,0,0,0.000,13.909,16.489,0,0.000,17.372,18.930,0,0,1,0,4
PPG,2,19996,801390536,216,170875,189465,188792.469,672.531,45.484,0,0,0,0,75.00,75.00,2,1,512,nan,4,1,53,1,1,28,28,0,0,0,801657844,0.04224,-0.00415,0.95801,0.95895,-0.00772,0.00265,-0.00034,0.00817,0.96395,0.00545,0.00817,3,12120,0,1325,0.14285,0.04326,0.30282,-999,0,nan,150,1,3,4307,185610,0,0,0.000,13.909,16.489,0,0.000,17.372,18.930,0,0,1,0,4
PPG,2,19997,801430536,124,170890,189508,188799.625,708.375,54.641,0,0,0,0,75.00,75.00,2,1,512,nan,4,1,53,1,1,29,29,0,0,0,801696960,0.04346,-0.00977,0.95605,0.95709,-0.00852,0.00238,-0.00194,0.00905,0.96318,0.00527,0.00905,3,12135,0,1325,0.14285,0.04326,0.30282,-999,0,nan,150,1,3,4305,185610,0,0,0.000,13.909,16.489,0,0.000,17.372,18.930,0,0,1,0,4
PPG,2,19998,801470536,125,170871,189515,188806.781,708.219,57.859,0,0,0,0,75.00,75.00,2,1,512,nan,4,1,53,1,1,30,30,0,0,0,801735897,0.03979,-0.00513,0.96191,0.96275,-0.00878,0.00238,-0.00194,0.00930,0.96533,0.00483,0.00930,3,12136,0,1325,0.14285,0.04326,0.30282,-999,0,nan,150,1,3,2595,185610,0,0,0.000,13.909,16.489,0,0.000,17.372,18.930,0,0,1,0,4
PPG,2,19999,801510536,131,170847,189524,188813.953,710.047,53.625,0,0,0,0,75.00,75.00,2,1,512,nan,4,1,53,1,1,31,31,0,0,0,801777501,0.04175,-0.00293,0.95435,0.95526,-0.00718,0.00185,-0.00114,0.00750,0.95948,0.00327,0.00801,3,12166,0,1325,0.14285,0.04326,0.30282,-999,0,nan,150,1,3,4295,185610,0,0,0.000,13.909,16.489,0,0.000,17.372,18.930,0,0,1,0,4
PPG,2,20000,801550536,125,170895,189598,188821.797,776.203,49.375,0,0,0,0,75.00,75.00,2,1,512,nan,4,1,53,1,1,0,0,0,0,0,801816463,0.04126,-0.00415,0.95557,0.95647,-0.00772,0.00212,-0.00034,0.00801,0.96282,0.00636,0.00878,3,12139,0,1325,0.14285,0.04326,0.30282,-999,0,nan,150,1,3,4295,185610,0,0,0.000,13.909,16.489,0,0.000,17.372,18.930,0,0,1,0,4
PPG,2,20001,801590536,128,171005,189725,188830.828,894.172,57.516,0,0,0,0,75.00,75.00,2,1,512,nan,4,1,53,1,1,1,1,0,0,0,801855415,0.04175,-0.00562,0.95801,0.95893,-0.00718,0.00265,0.00046,0.00767,0.95995,0.00497,0.00794,3,12137,0,1325,0.14285,0.04326,0.30282,-999,0,nan,150,1,3,2595,185610,0,0,0.000,13.909,16.489,0,0.000,17.372,18.930,0,0,1,0,4
PPG,2,20002,801630536,125,171025,189762,188840.141,921.859,83.125,0,0,0,0,75.00,75.00,2,1,512,nan,4,1,53,1,1,2,2,0,0,0,801897358,0.04126,-0.00757,0.96216,0.96307,-0.00692,0.00132,-0.00167,0.00724,0.96307,0.00362,0.00814,3,12246,0,1325,0.14285,0.04326,0.30282,-999,0,nan,150,1,3,4301,185610,0,0,0.000,13.909,16.489,0,0.000,17.372,18.930,0,0,1,0,4
PPG,2,20003,801670536,125,171019,189751,188849.250,901.750,110.391,0,0,0,0,75.00,75.00,2,1,512,nan,4,1,53,1,1,3,3,0,0,0,801936354,0.03784,-0.00635,0.96167,0.96244,-0.00772,0.00265,-0.00007,0.00816,0.96459,0.00649,0.00816,3,12210,0,1325,0.14285,0.04326,0.30282,-999,0,nan,150,1,3,2598,185610,0,0,16.141,13.909,16.489,1,0.000,17.372,18.930,0,0,1,0,4
PPG,2,20004,801710536,183,171047,189785,188858.609,926.391,134.219,0,0,0,0,75.00,75.00,2,1,512,nan,4,1,53,1,1,4,4,0,0,0,801977917,0.04297,-0.00439,0.95459,0.95557,-0.00852,0.00238,-0.00167,0.00900,0.96603,0.01047,0.00913,3,12131,0,1325,0.14285,0.04326,0.30282,-999,0,nan,150,1,3,4341,185610,0,0,0.000,13.909,16.489,0,0.000,17.372,18.930,0,0,1,0,4
PPG,2,20005,801750536,124,171069,189842,188868.438,973.562,164.078,0,0,0,0,75.00,75.00,2,1,512,nan,4,1,53,1,1,5,5,0,0,0,802016936,0.04077,-0.00952,0.95605,0.95697,-0.00878,0.00212,0.00046,0.00905,0.95714,0.00101,0.00905,3,12109,0,1325,0.14285,0.04326,0.30282,-999,0,nan,150,1,3,4297,185610,0,0,0.000,13.909,16.489,0,0.000,17.372,18.930,0,0,1,0,4
PPG,2,20006,801790536,146,171060,189849,188878.250,970.750,194.203,1,0,1,420,75.00,75.00,2,1,512,nan,4,1,53,1,1,6,6,0,0,0,802055921,0.03809,-0.00610,0.95630,0.95708,-0.00798,0.00158,-0.00087,0.00819,0.96163,0.00455,0.00899,3,12118,0,1325,0.14285,0.04326,0.30282,-999,0,nan,150,1,3,2595,185610,0,0,0.000,13.909,16.489,0,40.875,17.372,18.930,1,1,1,0,5
PPG,2,20007,801830536,136,171031,189743,188886.891,856.109,200.328,0,0,0,0,75.00,75.00,2,1,512,nan,4,1,53,2,2,8,8,0,0,0,802153303,0.04150,-0.00806,0.96021,0.96114,-0.00772,0.00158,-0.00007,0.00788,0.96114,0.00278,0.00795,3,61180,0,1330,0.14285,0.04326,0.30282,-999,0,nan,150,1,3,61142,185610,0,0,0.000,13.203,14.685,0,0.000,16.543,17.121,0,0,1,0,5
PPG,2,20008,801870536,48,170962,189581,188893.828,687.172,165.547,0,0,0,0,75.00,75.00,2,1,512,nan,4,1,53,2,2,8,8,0,0,0,802153303,0.04150,-0.00806,0.96021,0.96114,-0.00772,0.00158,-0.00007,0.00788,0.00000,0.00000,0.00000,0,61180,0,1330,0.14285,0.04326,0.30282,-999,0,nan,150,1,3,61142,185610,0,0,0.000,13.203,14.685,0,0.000,16.543,17.121,0,0,1,0,5
PPG,2,20009,801910536,128,170970,189624,188901.125,722.875,130.531,0,0,0,0,75.00,75.00,2,1,512,nan,4,1,53,1,1,9,9,0,0,0,802179291,0.03979,-0.00415,0.95825,0.95909,-0.00665,0.00185,-0.00167,0.00710,0.96087,0.00178,0.00809,2,12592,0,1330,0.14285,0.04326,0.30282,-999,0,nan,150,1,3,2633,185610,0,0,0.000,13.203,14.685,0,0.000,16.543,17.121,0,0,1,0,5
PPG,2,20010,801950536,164,170994,189716,188909.281,806.719,108.125,0,0,0,0,75.00,75.00,2,1,512,nan,4,1,53,1,1,10,10,0,0,0,802215792,0.04492,-0.00586,0.95630,0.95737,-0.00772,0.00238,-0.00034,0.00808,0.95903,0.00273,0.00808,3,12113,0,1330,0.14285,0.04326,0.30282,-999,0,nan,150,1,3,2595,185610,0,0,0.000,13.203,14.685,0,0.000,16.543,17.121,0,0,1,0,5
PPG,2,20011,801990536,174,170994,189720,188917.391,802.609,84.500,0,0,0,0,75.00,75.00,2,1,512,nan,4,1,53,1,1,11,11,0,0,0,802257546,0.03735,-0.00732,0.96680,0.96755,-0.00798,0.00158,-0.00114,0.00822,0.96755,0.01548,0.00866,3,12115,0,1330,0.14285,0.04326,0.30282,-999,0,nan,150,1,3,4335,185610,0,0,0.000,13.203,14.685,0,0.000,16.543,17.121,0,0,1,0,5
PPG,2,20012,802030536,133,171029,189786,188926.078,859.922,62.047,0,0,0,0,75.00,75.00,2,1,512,nan,4,1,53,1,1,12,12,0,0,0,802297072,0.04272,-0.01123,0.95679,0.95781,-0.00798,0.00052,-0.00034,0.00801,0.96295,0.00503,0.00831,3,12250,0,1330,0.14285,0.04326,0.30282,-999,0,nan,150,1,3,4349,185610,0,0,0.000,13.203,14.685,0,0.000,16.543,17.121,0,0,1,0,5
PPG,2,20013,802070536,133,171036,189799,188934.812,864.188,43.109,0,0,0,0,75.00,75.00,2,1,512,nan,4,1,53,1,1,13,13,0,0,0,802336406,0.03906,-0.00537,0.95508,0.95589,-0.00798,0.00212,0.00126,0.00835,0.96063,0.00294,0.00835,3,12298,0,1330,0.14285,0.04326,0.30282,-999,0,nan,150,1,3,2628,185610,0,0,0.000,13.203,14.685,0,0.000,16.543,17.121,0,0,1,0,5
PPG,2,20014,802110536,126,171034,189813,188943.594,869.406,40.656,0,0,0,0,75.00,75.00,2,1,512,nan,4,1,53,1,1,14,14,0,0,0,802378407,0.04126,-0.00586,0.96216,0.96306,-0.00692,0.00185,-0.00087,0.00721,0.96559,0.00970,0.00806,3,12261,0,1330,0.14285,0.04326,0.30282,-999,0,nan,150,1,3,4359,185610,0,0,0.000,13.203,14.685,0,0.000,16.543,17.121,0,0,1,0,5
PPG,2,20015,802150536,149,171029,189815,188952.312,862.688,57.234,1,0,1,420,83.33,83.33,2,1,0,nan,4,1,53,1,1,15,15,0,0,0,802417728,0.04517,-0.00830,0.95630,0.95740,-0.00718,0.00292,-0.00114,0.00784,0.96425,0.00548,0.00795,3,12236,0,1330,0.14285,0.04326,0.30282,-999,0,nan,150,1,3,4335,185610,0,0,93.203,13.203,14.685,1,150.953,16.543,17.121,1,1,1,0,6
PPG,2,20016,802190536,125,171022,189842,188961.203,880.797,69.516,0,0,0,0,83.33,83.33,2,1,0,nan,4,1,53,1,1,16,16,0,0,0,802457130,0.03711,-0.00708,0.95801,0.95875,-0.00692,0.00292,-0.00061,0.00753,0.96295,0.00762,0.00757,3,12256,0,1330,0.14285,0.04326,0.30282,-999,0,nan,150,1,3,4332,185610,0,0,0.000,13.066,14.336,0,0.000,16.507,17.041,0,0,1,0,6
PPG,2,20017,802230536,133,171000,189829,188969.875,859.125,69.625,0,0,0,0,83.33,83.33,2,1,0,nan,4,1,53,1,1,17,17,0,0,0,802496460,0.04175,-0.00195,0.95605,0.95697,-0.00825,0.00158,-0.00167,0.00856,0.96063,0.00366,0.00856,3,12259,0,1330,0.14285,0.04326,0.30282,-999,0,nan,150,1,3,2636,185610,0,0,0.000,12.762,14.945,0,0.000,16.507,17.041,0,0,1,0,6
PPG,2,20018,802270536,145,170992,189837,188978.547,858.453,70.234,0,0,0,0,83.33,83.33,2,1,0,nan,4,1,53,1,1,18,18,0,0,0,802538342,0.04150,-0.00562,0.96094,0.96185,-0.00772,0.00265,-0.00114,0.00824,0.96185,0.00394,0.00824,3,12205,0,1330,0.14285,0.04326,0.30282,-999,0,nan,150,1,3,4343,185610,0,0,0.000,12.762,14.945,0,0.000,16.507,17.041,0,0,1,0,6
PPG,2,20019,802310536,546,170999,189861,188987.375,873.625,64.094,0,0,0,0,83.33,83.33,2,1,0,nan,4,1,53,1,1,19,19,0,0,0,802577697,0.04346,-0.00537,0.96021,0.96120,-0.00852,0.00185,-0.00007,0.00871,0.96120,0.00565,0.00871,3,12249,0,1330,0.16439,0.05707,0.34715,99,1,nan,83,1,3,4346,185610,0,0,0.000,12.762,14.945,0,0.000,16.507,17.041,0,0,1,0,6
PPG,2,20020,802350536,175,171024,189907,188996.578,910.422,64.078,0,0,0,0,83.33,83.33,2,1,0,nan,4,1,53,1,1,20,20,0,0,0,802617428,0.03687,-0.00024,0.95752,0.95823,-0.00798,0.00105,-0.00087,0.00810,0.95823,0.00431,0.00831,3,12212,0,1330,0.16439,0.05707,0.34715,99,1,nan,83,1,3,4338,185610,0,0,0.000,12.762,14.945,0,0.000,16.507,17.041,0,0,1,0,6
PPG,2,20021,802390536,126,171017,189916,189005.766,910.234,69.234,0,0,0,0,83.33,83.33,2,1,0,nan,4,1,53,1,1,21,21,0,0,0,802656719,0.04272,-0.00488,0.95142,0.95239,-0.00798,0.00158,-0.00247,0.00851,0.95940,0.00702,0.00882,3,12240,0,1330,0.16439,0.05707,0.34715,99,1,nan,83,1,3,4332,185610,0,0,0.000,12.762,14.945,0,0.000,16.507,17.041,0,0,1,0,6
PPG,2,20022,802430536,124,171044,189937,189015.078,921.922,77.922,0,0,0,0,83.33,83.33,2,1,0,nan,4,1,53,1,1,22,22,0,0,0,802695998,0.04321,-0.00366,0.96387,0.96484,-0.00745,0.00345,-0.00061,0.00823,0.96484,0.00728,0.00823,3,12247,0,1330,0.16439,0.05707,0.34715,99,1,nan,83,1,3,2625,185610,0,0,0.000,12.762,14.945,0,0.000,16.507,17.041,0,0,1,0,6
PPG,2,20023,802470536,128,171047,189971,189024.641,946.359,85.344,0,0,0,0,83.33,83.33,2,1,0,nan,4,1,53,1,1,23,23,0,0,0,802737824,0.04297,-0.00684,0.95850,0.95948,-0.00798,0.00212,-0.00034,0.00827,0.96062,0.00423,0.00827,3,12203,0,1330,0.16439,0.05707,0.34715,99,1,nan,83,1,3,4336,185610,0,0,0.000,12.762,14.945,0,0.000,16.507,17.041,0,0,1,0,6
PPG,2,20024,802510536,210,171087,190015,189034.547,980.453,100.422,0,0,0,0,83.33,83.33,2,1,0,nan,4,1,53,1,1,24,24,0,0,0,802777073,0.04150,-0.00879,0.95386,0.95480,-0.00718,0.00132,-0.00087,0.00736,0.96127,0.00647,0.00879,3,12248,0,1330,0.16439,0.05707,0.34715,99,1,nan,83,1,3,4346,185610,0,0,0.000,12.762,14.945,0,0.000,16.507,17.041,0,0,1,0,6
PPG,2,20025,802550536,126,171074,190007,189044.266,962.734,116.453,0,0,0,0,83.33,83.33,2,1,0,nan,4,1,53,1,1,25,25,0,0,0,802816604,0.03491,-0.00708,0.95996,0.96062,-0.00798,0.00079,-0.00061,0.00804,0.96085,0.00572,0.00836,3,12218,0,1330,0.16439,0.05707,0.34715,99,1,nan,83,1,3,2621,185610,0,0,0.000,12.762,14.945,0,0.000,16.507,17.041,0,0,1,0,6
PPG,2,20026,802590536,125,171004,189901,189052.828,848.172,119.578,1,0,0,0,83.33,83.33,2,1,0,nan,4,1,53,1,1,26,26,0,0,0,802858460,0.04150,-0.00439,0.95752,0.95843,-0.00745,0.00185,-0.00061,0.00770,0.96177,0.00267,0.00787,3,12226,0,1330,0.16439,0.05707,0.34715,99,1,nan,83,1,3,4314,185610,0,0,0.000,12.762,14.945,0,29.578,16.507,17.041,1,0,1,0,6
PPG,2,20027,802630536,195,170932,189737,189059.672,677.328,95.578,0,0,0,0,83.33,83.33,2,1,0,nan,4,1,53,1,1,27,27,0,0,0,802897699,0.04541,-0.00415,0.95313,0.95422,-0.00798,0.00105,-0.00034,0.00806,0.95695,0.00473,0.00806,3,12186,0,1330,0.16439,0.05707,0.34715,99,1,nan,83,1,3,4340,185610,0,0,0.000,12.762,14.945,0,0.000,16.507,17.041,0,0,1,0,6
PPG,2,20028,802670536,124,170918,189700,189066.078,633.922,58.766,0,0,0,0,83.33,83.33,2,1,0,nan,4,1,53,1,1,28,28,0,0,0,802936982,0.03662,-0.00610,0.95508,0.95580,-0.00798,0.00292,-0.00194,0.00872,0.95738,0.00317,0.00895,3,12127,0,1330,0.16439,0.05707,0.34715,99,1,nan,83,1,3,4299,185610,0,0,0.000,12.762,14.945,0,0.000,16.507,17.041,0,0,1,0,6
PPG,2,20029,802710536,125,170930,189736,189072.781,663.219,24.469,0,0,0,0,83.33,83.33,2,1,0,nan,4,1,53,1,1,29,29,0,0,0,802975947,0.04175,-0.00586,0.95483,0.95576,-0.00692,0.00105,-0.00061,0.00702,0.96181,0.00897,0.00871,3,12122,0,1330,0.16439,0.05707,0.34715,99,1,nan,83,1,3,2595,185610,0,0,0.000,12.762,14.945,0,0.000,16.507,17.041,0,0,1,0,6
PPG,2,20030,802750536,127,170935,189781,189079.859,701.141,-5.922,0,0,0,0,83.33,83.33,2,1,0,nan,4,1,53,1,1,30,30,0,0,0,803017493,0.04126,-0.00757,0.94922,0.95015,-0.00825,0.00212,0.00046,0.00853,0.95850,0.00518,0.00853,3,12114,0,1330,0.16439,0.05707,0.34715,99,1,nan,83,1,3,4295,185610,0,0,0.000,12.762,14.945,0,0.000,16.507,17.041,0,0,1,0,6
PPG,2,20031,802790536,126,170949,189837,189087.438,749.562,-37.203,0,0,0,0,83.33,83.33,2,1,0,nan,4,1,53,1,1,31,31,0,0,0,803056425,0.03979,-0.00195,0.96240,0.96323,-0.00825,0.00238,0.00019,0.00859,0.96323,0.00855,0.00859,3,12138,0,1330,0.16439,0.05707,0.34715,99,1,nan,83,1,3,2595,185610,0,0,0.000,12.762,14.945,0,0.000,16.507,17.041,0,0,1,0,6
PPG,2,20032,802830536,132,170946,189872,189095.281,776.719,-60.797,0,0,0,0,83.33,83.33,2,1,0,nan,4,1,53,1,1,0,0,0,0,0,803092735,0.03979,-0.00806,0.95996,0.96082,-0.00718,0.00345,-0.00167,0.00814,0.96723,0.00641,0.00814,2,18998,0,1330,0.16439,0.05707,0.34715,99,1,nan,83,1,3,2586,185610,0,0,0.000,12.762,14.945,0,0.000,16.507,17.041,0,0,1,0,6
PPG,2,20033,802870536,130,170991,189910,189103.422,806.578,-65.062,0,0,0,0,83.33,83.33,2,1,0,nan,4,1,53,1,1,1,1,0,0,0,803136983,0.04175,-0.00830,0.95483,0.95578,-0.00798,0.00158,-0.00034,0.00815,0.95748,0.00887,0.00815,3,12119,0,1330,0.16439,0.05707,0.34715,99,1,nan,83,1,3,4299,185610,0,0,0.000,12.762,14.945,0,0.000,16.507,17.041,0,0,1,0,6
PPG,2,20034,802910536,151,170983,189894,189111.328,782.672,-46.672,1,0,1,760,78.95,78.95,2,1,16,nan,4,1,53,1,1,2,2,0,0,0,803175968,0.03882,-0.00269,0.95923,0.96002,-0.00772,0.00132,-0.00087,0.00788,0.96166,0.00588,0.00814,3,12119,0,1330,0.16439,0.05707,0.34715,99,1,nan,83,1,3,2598,185610,0,0,28.766,12.762,14.945,1,55.500,16.507,17.041,1,1,1,0,6
PPG,2,20035,802950536,126,170946,189877,189118.984,758.016,-24.484,0,0,0,0,78.95,78.95,2,1,16,nan,4,1,53,1,1,3,3,0,0,0,803217631,0.04150,-0.00659,0.95728,0.95820,-0.00905,0.00105,-0.00141,0.00922,0.96553,0.01493,0.00922,3,12119,0,1330,0.16439,0.05707,0.34715,99,1,nan,83,1,3,4294,185610,0,0,0.000,12.239,13.555,0,0.000,15.878,15.668,0,0,1,0,6
PPG,2,20036,802990536,131,170975,189920,189127.000,793.000,-2.109,0,0,0,0,78.95,78.95,2,1,16,nan,4,1,53,1,1,4,4,0,0,0,803256540,0.04126,-0.00659,0.95728,0.95819,-0.00798,0.00158,-0.00087,0.00819,0.96864,0.01044,0.00889,3,12114,0,1330,0.16439,0.05707,0.34715,99,1,nan,83,1,3,2597,185610,0,0,0.000,12.239,13.555,0,0.000,15.878,15.668,0,0,1,0,6
PPG,2,20037,803030536,133,170984,189940,189135.125,804.875,15.062,0,0,0,0,78.95,78.95,2,1,16,nan,4,1,53,1,1,5,5,0,0,0,803298086,0.04199,-0.00488,0.95898,0.95992,-0.00825,0.00158,-0.00087,0.00845,0.95992,0.00722,0.00845,3,12150,0,1330,0.16439,0.05707,0.34715,99,1,nan,83,1,3,4312,185610,0,0,0.000,12.239,13.555,0,0.000,15.878,15.668,0,0,1,0,6
PPG,2,20038,803070536,133,170986,189971,189143.484,827.516,27.500,0,0,0,0,78.95,78.95,2,1,16,nan,4,1,53,1,1,6,6,0,0,0,803337061,0.03931,-0.00586,0.95752,0.95834,-0.00772,0.00238,-0.00087,0.00812,0.95834,0.00524,0.00818,3,12114,0,1330,0.16439,0.05707,0.34715,99,1,nan,83,1,3,4297,185610,0,0,0.000,12.239,13.555,0,0.000,15.878,15.668,0,0,1,0,6
PPG,2,20039,803110536,129,171046,190061,189152.656,908.344,44.500,0,0,0,0,78.95,78.95,2,1,16,nan,4,1,53,1,1,7,7,0,0,0,803375983,0.04443,-0.01025,0.95850,0.95958,-0.00852,0.00132,-0.00141,0.00873,0.95958,0.00760,0.00873,3,12118,0,1330,0.16439,0.05707,0.34715,99,1,nan,83,1,3,2599,185610,0,0,0.000,12.239,13.555,0,0.000,15.878,15.668,0,0,1,0,6
PPG,2,20040,803150536,127,171039,190062,189161.750,900.250,58.469,0,0,0,0,78.95,78.95,2,1,16,nan,4,1,53,1,1,8,8,0,0,0,803417519,0.04346,-0.00122,0.95581,0.95680,-0.00878,0.00105,-0.00194,0.00905,0.95851,0.00511,0.00905,3,12114,0,1330,0.16439,0.05707,0.34715,99,1,nan,83,1,3,4294,185610,0,0,0.000,12.239,13.555,0,0.000,15.878,15.668,0,0,1,0,6
PPG,2,20041,803190536,132,170993,189996,189170.094,825.906,69.031,0,0,0,0,78.95,78.95,2,1,16,nan,4,1,53,1,1,9,9,0,0,0,803456462,0.04004,-0.00391,0.95923,0.96007,-0.00825,0.00292,0.00019,0.00875,0.96054,0.00222,0.00875,3,12135,0,1330,0.16439,0.05707,0.34715,99,1,nan,83,1,3,2595,185610,0,0,0.000,12.239,13.555,0,0.000,15.878,15.668,0,0,1,0,6
PPG,2,20042,803230536,127,171028,190030,189178.688,851.312,86.234,0,0,0,0,78.95,78.95,2,1,16,nan,4,1,53,1,1,10,10,0,0,0,803497994,0.04248,-0.00415,0.95190,0.95286,-0.00825,0.00105,0.00019,0.00832,0.95807,0.00521,0.00832,3,12130,0,1330,0.16439,0.05707,0.34715,99,1,nan,83,1,3,4321,185610,0,0,0.000,12.239,13.555,0,0.000,15.878,15.668,0,0,1,0,6
PPG,2,20043,803270536,127,171043,190047,189187.375,859.625,100.578,0,0,0,0,78.95,78.95,2,1,16,nan,4,1,53,1,1,11,11,0,0,0,803537012,0.03760,-0.00293,0.95801,0.95875,-0.00772,0.00079,0.00019,0.00776,0.96004,0.00718,0.00776,3,12109,0,1330,0.16439,0.05707,0.34715,99,1,nan,83,1,3,4295,185610,0,0,0.000,12.239,13.555,0,0.000,15.878,15.668,0,0,1,0,6
PPG,2,20044,803310536,509,170993,190004,189195.547,808.453,110.266,0,0,0,0,78.95,78.95,2,1,16,nan,4,1,53,1,1,12,12,0,0,0,803575948,0.04028,-0.00635,0.95630,0.95717,-0.00718,0.00238,-0.00034,0.00758,0.95963,0.00129,0.00850,3,12126,0,1330,0.16657,0.05340,0.32057,97,1,nan,107,1,3,2595,185610,0,0,0.000,12.239,13.555,0,0.000,15.878,15.668,0,0,1,0,6
PPG,2,20045,803350536,179,170987,189976,189203.344,772.656,112.547,0,0,0,0,78.95,78.95,2,1,16,nan,4,1,53,1,1,13,13,0,0,0,803618002,0.04126,-0.00488,0.95850,0.95940,-0.00931,0.00158,-0.00087,0.00949,0.95940,0.00266,0.00949,3,12191,0,1330,0.16657,0.05340,0.32057,97,1,nan,107,1,3,4299,185610,0,0,0.000,12.239,13.555,0,0.000,15.878,15.668,0,0,1,0,6
PPG,2,20046,803390536,137,170994,189912,189210.438,701.562,90.703,0,0,0,0,78.95,78.95,2,1,16,nan,4,1,53,1,1,14,14,0,0,0,803656982,0.04028,-0.00122,0.95605,0.95690,-0.00825,0.00345,-0.00114,0.00901,0.96160,0.00780,0.00929,3,12118,0,1330,0.16657,0.05340,0.32057,97,1,nan,107,1,3,4299,185610,0,0,0.000,12.239,13.555,0,0.000,15.878,15.668,0,0,1,0,6
PPG,2,20047,803430536,145,171123,190033,189218.656,814.344,71.766,0,0,0,0,78.95,78.95,2,1,16,nan,4,1,53,1,1,15,15,0,0,0,803695994,0.04272,-0.00415,0.95630,0.95726,-0.00798,0.00212,0.00019,0.00826,0.95726,0.00243,0.00867,3,12125,0,1330,0.16657,0.05340,0.32057,97,1,nan,107,1,3,2602,185610,0,0,0.000,12.239,13.555,0,0.000,15.878,15.668,0,0,1,0,6
PPG,2,20048,803470536,127,171197,190127,189227.734,899.266,69.125,0,0,0,0,78.95,78.95,2,1,16,nan,4,1,53,1,1,16,16,0,0,0,803737688,0.04248,-0.00928,0.95947,0.96046,-0.00825,0.00105,-0.00061,0.00834,0.96083,0.00220,0.00834,3,12114,0,1330,0.16657,0.05340,0.32057,97,1,nan,107,1,3,4299,185610,0,0,0.000,12.239,13.555,0,0.000,15.878,15.668,0,0,1,0,6
PPG,2,20049,803510536,127,171152,190097,189236.422,860.578,60.656,0,0,0,0,78.95,78.95,2,1,16,nan,4,1,53,1,1,17,17,0,0,0,803776612,0.04419,-0.00562,0.95557,0.95660,-0.00745,0.00238,-0.00061,0.00785,0.96115,0.00536,0.00795,3,12118,0,1330,0.16657,0.05340,0.32057,97,1,nan,107,1,3,2597,185610,0,0,0.000,12.239,13.555,0,0.000,15.878,15.668,0,0,1,0,6
PPG,2,20050,803550536,126,171176,190154,189245.594,908.406,57.281,0,0,0,0,78.95,78.95,2,1,16,nan,4,1,53,1,1,18,18,0,0,0,803818197,0.03979,-0.00073,0.96021,0.96103,-0.00798,0.00185,-0.00034,0.00820,0.96248,0.00818,0.00820,3,12176,0,1330,0.16657,0.05340,0.32057,97,1,nan,107,1,3,4307,185610,0,0,0.000,12.239,13.555,0,0.000,15.878,15.668,0,0,1,0,6
PPG,2,20051,803590536,132,171231,190221,189255.344,965.656,69.078,0,0,0,0,78.95,78.95,2,1,16,nan,4,1,53,1,1,19,19,0,0,0,803857122,0.03540,-0.00586,0.95825,0.95892,-0.00852,0.00025,-0.00007,0.00852,0.96438,0.00546,0.00852,3,12126,0,1330,0.16657,0.05340,0.32057,97,1,nan,107,1,3,4298,185610,0,0,0.000,12.239,13.555,0,0.000,15.878,15.668,0,0,1,0,6
PPG,2,20052,803630536,127,171170,190160,189264.391,895.609,80.984,0,0,0,0,78.95,78.95,2,1,16,nan,4,1,53,1,1,20,20,0,0,0,803896018,0.04370,-0.00562,0.95776,0.95878,-0.00692,0.00079,-0.00061,0.00699,0.96045,0.00317,0.00762,3,12108,0,1330,0.16657,0.05340,0.32057,97,1,nan,107,1,3,2595,185610,0,0,0.000,12.239,13.555,0,0.000,15.878,15.668,0,0,1,0,6
PPG,2,20053,803670536,149,171129,190106,189272.812,833.188,98.875,1,0,1,760,78.95,78.95,2,1,16,nan,4,1,53,1,1,21,21,0,0,0,803937854,0.03857,-0.00513,0.94946,0.95026,-0.00798,0.00158,-0.00061,0.00816,0.96032,0.01006,0.00816,3,12278,0,1330,0.16657,0.05340,0.32057,97,1,nan,107,1,3,4366,185610,0,0,94.109,12.239,13.555,1,177.609,15.878,15.668,1,1,1,0,7
PPG,2,20054,803710536,140,171132,190150,189281.578,868.422,102.797,0,0,0,0,78.95,78.95,2,1,16,nan,4,1,53,1,1,22,22,0,0,0,803977100,0.04346,-0.00562,0.96338,0.96437,-0.00772,0.00025,0.00046,0.00773,0.96437,0.00824,0.00859,3,12202,0,1330,0.16657,0.05340,0.32057,97,1,nan,107,1,3,4299,185610,0,0,0.000,12.190,13.425,0,0.000,16.091,16.133,0,0,1,0,7
PPG,2,20055,803750536,136,171129,190141,189290.172,850.828,91.594,0,0,0,0,78.95,78.95,2,1,16,nan,4,1,53,1,1,23,23,0,0,0,804016040,0.04028,-0.00586,0.95630,0.95716,-0.00825,-0.00055,-0.00167,0.00843,0.96204,0.00624,0.00866,3,12123,0,1330,0.16657,0.05340,0.32057,97,1,nan,107,1,3,2663,185610,0,0,0.000,12.190,13.425,0,0.000,16.091,16.133,0,0,1,0,7
PPG,2,20056,803790536,127,171086,190110,189298.375,811.625,83.953,0,0,0,0,78.95,78.95,2,1,16,nan,4,1,53,1,1,24,24,0,0,0,804057729,0.04321,-0.00732,0.95166,0.95267,-0.00798,0.00318,-0.00007,0.00859,0.96452,0.01185,0.00892,3,12131,0,1330,0.16657,0.05340,0.32057,97,1,nan,107,1,3,4295,185610,0,0,0.000,12.190,13.425,0,0.000,16.091,16.133,0,0,1,0,7
PPG,2,20057,803830536,134,171074,190137,189306.766,830.234,71.672,0,0,0,0,78.95,78.95,2,1,16,nan,4,1,53,1,1,25,25,0,0,0,804094210,0.04004,-0.00220,0.95776,0.95860,-0.00745,0.00318,-0.00061,0.00812,0.95860,0.00337,0.00937,2,21823,0,1331,0.16657,0.05340,0.32057,97,1,nan,107,1,3,2595,185610,0,0,0.000,12.190,13.425,0,0.000,16.091,16.133,0,0,1,0,7
PPG,2,20058,803870536,131,171197,190279,189316.484,962.516,64.562,0,0,0,0,78.95,78.95,2,1,16,nan,4,1,53,1,1,26,26,0,0,0,804138784,0.04102,-0.00781,0.95557,0.95648,-0.00745,0.00132,-0.00061,0.00759,0.95648,0.00308,0.00830,3,12236,0,1331,0.16657,0.05340,0.32057,97,1,nan,107,1,3,4343,185610,0,0,0.000,12.190,13.425,0,0.000,16.091,16.133,0,0,1,0,7
PPG,2,20059,803910536,131,171324,190448,189327.797,1120.203,86.359,0,0,0,0,78.95,78.95,2,1,16,nan,4,1,53,1,1,27,27,0,0,0,804178172,0.03564,-0.00684,0.95679,0.95748,-0.00825,0.00132,-0.00034,0.00836,0.96082,0.00435,0.00836,3,12283,0,1331,0.16657,0.05340,0.32057,97,1,nan,107,1,3,4340,185610,0,0,0.000,12.190,13.425,0,0.000,16.091,16.133,0,0,1,0,7
PPG,2,20060,803950536,127,171339,190469,189339.203,1129.797,117.875,0,0,0,0,78.95,78.95,2,1,16,nan,4,1,53,1,1,28,28,0,0,0,804217463,0.03931,-0.00732,0.95776,0.95860,-0.00745,0.00292,-0.00087,0.00805,0.96286,0.01022,0.00805,3,12266,0,1331,0.16657,0.05340,0.32057,97,1,nan,107,1,3,4335,185610,0,0,0.000,12.190,13.425,0,0.000,16.091,16.133,0,0,1,0,7
PPG,2,20061,803990536,130,171331,190468,189350.484,1117.516,139.688,0,0,0,0,78.95,78.95,2,1,16,nan,4,1,53,1,1,29,29,0,0,0,804256756,0.04395,-0.00269,0.95728,0.95829,-0.00772,0.00052,-0.00114,0.00782,0.95932,0.00240,0.00845,3,12260,0,1331,0.16657,0.05340,0.32057,97,1,nan,107,1,3,2632,185610,0,0,78.438,12.190,13.425,1,0.000,16.091,16.133,0,0,1,0,7
PPG,2,20062,804030536,153,171259,190405,189361.031,1043.969,158.656,1,0,1,340,78.95,78.95,2,1,16,nan,4,1,53,1,1,30,30,0,0,0,804298760,0.04419,-0.00757,0.95972,0.96076,-0.00745,0.00158,-0.00141,0.00775,0.96281,0.00452,0.00786,3,12207,0,1331,0.16657,0.05340,0.32057,97,1,nan,107,1,3,4330,185610,0,0,0.000,12.190,13.425,0,45.516,16.091,16.133,1,1,1,0,7
PPG,2,20063,804070536,131,171224,190368,189371.094,996.906,179.469,0,0,0,0,78.95,78.95,2,1,16,nan,4,1,53,1,1,31,31,0,0,0,804338172,0.03589,-0.00024,0.95557,0.95624,-0.00825,0.00212,-0.00034,0.00852,0.96321,0.00534,0.00861,3,12266,0,1331,0.16657,0.05340,0.32057,97,1,nan,107,1,3,4335,185610,0,0,0.000,12.050,13.051,0,0.000,15.452,14.738,0,0,1,0,7
PPG,2,20064,804110536,129,171217,190374,189381.125,992.875,194.828,0,0,0,0,78.95,78.95,2,1,16,nan,4,1,53,1,1,0,0,0,0,0,804377433,0.04150,-0.00757,0.95947,0.96040,-0.00798,0.00398,-0.00114,0.00899,0.96040,0.00381,0.00911,3,12249,0,1331,0.16657,0.05340,0.32057,97,1,nan,107,1,3,4331,185610,0,0,0.000,12.050,13.051,0,0.000,15.452,14.738,0,0,1,0,7
PPG,2,20065,804150536,147,171283,190391,189391.219,999.781,190.078,0,0,0,0,78.95,78.95,2,1,16,nan,4,1,53,1,1,1,1,0,0,0,804416711,0.04639,-0.00317,0.95410,0.95523,-0.00718,0.00185,-0.00087,0.00747,0.96083,0.00521,0.00768,3,12254,0,1331,0.16657,0.05340,0.32057,97,1,nan,107,1,3,2642,185610,0,0,0.000,12.050,13.051,0,0.000,15.452,14.738,0,0,1,0,7
PPG,2,20066,804190536,129,171279,190318,189400.484,917.516,151.203,0,0,0,0,78.95,78.95,2,1,16,nan,4,1,53,1,1,2,2,0,0,0,804458649,0.04321,-0.00513,0.95581,0.95680,-0.00772,0.00105,0.00019,0.00779,0.95833,0.00309,0.00794,3,12202,0,1331,0.16657,0.05340,0.32057,97,1,nan,107,1,3,4321,185610,0,0,0.000,12.050,13.051,0,0.000,15.452,14.738,0,0,1,0,7
PPG,2,20067,804230536,136,171283,190340,189409.875,930.125,117.422,0,0,0,0,78.95,78.95,2,1,16,nan,4,1,53,1,1,3,3,0,0,0,804497892,0.04077,-0.00513,0.95923,0.96011,-0.00772,0.00318,-0.00141,0.00846,0.96011,0.00736,0.00944,3,12254,0,1331,0.16657,0.05340,0.32057,97,1,nan,107,1,3,4324,185610,0,0,0.000,12.050,13.051,0,0.000,15.452,14.738,0,0,1,0,7
PPG,2,20068,804270536,131,171335,190441,189420.188,1020.812,97.875,0,0,0,0,78.95,78.95,2,1,16,nan,4,1,53,1,1,4,4,0,0,0,804537191,0.04321,-0.00659,0.95337,0.95437,-0.00798,0.00132,-0.00087,0.00814,0.95934,0.00773,0.00874,3,12280,0,1331,0.16657,0.05340,0.32057,97,1,nan,107,1,3,2631,185610,0,0,0.000,12.050,13.051,0,0.000,15.452,14.738,0,0,1,0,7
PPG,2,20069,804310536,515,171275,190383,189429.812,953.188,80.422,0,0,0,0,78.95,78.95,2,1,16,nan,4,1,53,1,1,5,5,0,0,0,804579168,0.04785,-0.01196,0.98755,0.98878,-0.02104,-0.00827,-0.00034,0.02261,0.98878,0.04203,0.02261,3,12248,0,1331,0.18223,0.08004,0.43923,98,1,99.019,115,1,3,4333,185610,0,0,0.000,12.050,13.051,0,0.000,15.452,14.738,0,0,1,0,7
PPG,2,20070,804350536,194,171207,190347,189438.984,908.016,67.781,0,0,0,0,78.95,78.95,2,1,16,nan,4,1,53,1,1,6,6,0,0,0,804618952,0.04028,-0.00854,0.96631,0.96719,-0.00612,0.00585,-0.00007,0.00846,0.97336,0.01917,0.02078,3,12232,0,1331,0.18223,0.08004,0.43923,98,1,99.019,115,1,3,4328,185610,0,0,0.000,12.050,13.051,0,0.000,15.452,14.738,0,0,1,0,7
PPG,2,20071,804390536,129,171258,190404,189448.641,955.359,62.906,0,0,0,0,78.95,78.95,2,1,16,nan,4,1,53,1,1,7,7,0,0,0,804658304,0.04004,-0.00659,0.95264,0.95350,-0.00532,0.00345,-0.00034,0.00635,0.96094,0.00963,0.00795,3,12243,0,1331,0.18223,0.08004,0.43923,98,1,99.019,115,1,3,4334,185610,0,0,0.000,12.050,13.051,0,0.000,15.452,14.738,0,0,1,0,7
PPG,2,20072,804430536,157,171264,190381,189457.969,923.031,50.422,1,0,1,420,83.33,83.33,2,1,16,nan,4,1,53,1,1,8,8,0,0,0,804697573,0.04224,-0.01050,0.95728,0.95826,-0.00958,-0.00001,0.00019,0.00958,0.95826,0.00437,0.00958,3,12253,0,1331,0.18223,0.08004,0.43923,98,1,99.019,115,1,3,4336,185610,0,0,61.547,12.039,13.071,1,130.266,15.452,14.738,1,1,1,0,7
PPG,2,20073,804470536,126,171200,190308,189466.469,841.531,38.906,0,0,0,0,83.33,83.33,2,1,16,nan,4,1,53,1,1,9,9,0,0,0,804736924,0.04346,-0.00830,0.94922,0.95025,-0.00718,0.00265,-0.00141,0.00778,0.96440,0.01415,0.00778,3,12260,0,1331,0.18223,0.08004,0.43923,98,1,99.019,115,1,3,2595,185610,0,0,0.000,11.810,12.462,0,0.000,15.422,14.673,0,0,1,0,7
PPG,2,20074,804510536,128,171202,190311,189474.906,836.094,26.703,0,0,0,0,83.33,83.33,2,1,16,nan,4,1,53,1,1,10,10,0,0,0,804778666,0.04224,-0.00659,0.95776,0.95872,-0.00958,-0.00055,-0.00034,0.00960,0.96258,0.01233,0.00960,3,12120,0,1331,0.18223,0.08004,0.43923,98,1,99.019,115,1,3,4304,185610,0,0,0.000,11.810,12.462,0,0.000,15.422,14.673,0,0,1,0,7
PPG,2,20075,804550536,129,171168,190275,189482.906,792.094,-3.703,0,0,0,0,83.33,83.33,2,1,16,nan,4,1,53,1,1,11,11,0,0,0,804817681,0.04419,-0.00659,0.96021,0.96124,-0.01011,-0.00081,-0.00221,0.01038,0.96177,0.00241,0.01038,3,12120,0,1331,0.18223,0.08004,0.43923,98,1,99.019,115,1,3,4302,185610,0,0,0.000,11.810,12.462,0,0.000,15.422,14.673,0,0,1,0,7
PPG,2,20076,804590536,128,171162,190294,189491.016,802.984,-25.625,0,0,0,0,83.33,83.33,2,1,16,nan,4,1,53,1,1,12,12,0,0,0,804856765,0.04199,-0.00659,0.95850,0.95944,-0.00958,0.00132,-0.00061,0.00969,0.96250,0.00574,0.01012,3,12152,0,1331,0.18223,0.08004,0.43923,98,1,99.019,115,1,3,2601,185610,0,0,0.000,11.810,12.462,0,0.000,15.422,14.673,0,0,1,0,7
PPG,2,20077,804630536,129,171208,190362,189499.719,862.281,-34.719,0,0,0,0,83.33,83.33,2,1,16,nan,4,1,53,1,1,13,13,0,0,0,804898356,0.03931,-0.00366,0.95776,0.95858,-0.00985,0.00105,-0.00007,0.00990,0.96514,0.00690,0.01119,3,12123,0,1331,0.18223,0.08004,0.43923,98,1,99.019,115,1,3,4302,185610,0,0,0.000,11.810,12.462,0,0.000,15.422,14.673,0,0,1,0,7
PPG,2,20078,804670536,128,171257,190433,189509.047,923.953,-38.281,0,0,0,0,83.33,83.33,2,1,16,nan,4,1,53,1,1,14,14,0,0,0,804937345,0.04248,-0.00488,0.96094,0.96189,-0.00958,-0.00055,-0.00034,0.00960,0.96189,0.00703,0.00987,3,12144,0,1331,0.18223,0.08004,0.43923,98,1,99.019,115,1,3,2630,185610,0,0,0.000,11.810,12.462,0,0.000,15.422,14.673,0,0,1,0,7
PPG,2,20079,804710536,146,171306,190537,189519.328,1017.672,-20.453,0,0,0,0,83.33,83.33,2,1,16,nan,4,1,53,1,1,15,15,0,0,0,804978926,0.04565,-0.00928,0.95483,0.95597,-0.01038,-0.00028,-0.00114,0.01045,0.96679,0.01082,0.01045,3,12122,0,1331,0.18223,0.08004,0.43923,98,1,99.019,115,1,3,4297,185610,0,0,0.000,11.810,12.462,0,0.000,15.422,14.673,0,0,1,0,7
PPG,2,20080,804750536,128,171375,190623,189530.359,1092.641,16.844,0,0,0,0,83.33,83.33,2,1,16,nan,4,1,53,1,1,16,16,0,0,0,805017924,0.04126,-0.00684,0.95508,0.95599,-0.00985,-0.00028,-0.00034,0.00986,0.95942,0.00549,0.01067,3,12117,0,1331,0.18223,0.08004,0.43923,98,1,99.019,115,1,3,4297,185610,0,0,0.000,11.810,12.462,0,0.000,15.422,14.673,0,0,1,0,7
PPG,2,20081,804790536,128,171402,190686,189541.922,1144.078,59.531,0,0,0,0,83.33,83.33,2,1,16,nan,4,1,53,1,1,17,17,0,0,0,805056917,0.04614,-0.00781,0.95996,0.96110,-0.00958,0.00025,-0.00061,0.00960,0.96628,0.01028,0.00960,3,12120,0,1331,0.18223,0.08004,0.43923,98,1,99.019,115,1,3,2594,185610,0,0,0.000,11.810,12.462,0,0.000,15.422,14.673,0,0,1,0,7
PPG,2,20082,804830536,133,171427,190704,189553.547,1150.453,105.859,0,0,0,0,83.33,83.33,2,1,16,nan,4,1,53,1,1,18,18,0,0,0,805095692,0.04370,-0.00562,0.95410,0.95512,-0.00745,-0.00028,-0.00087,0.00751,0.95512,0.00598,0.00801,2,21474,0,1332,0.18223,0.08004,0.43923,98,1,99.019,115,1,3,2601,185610,0,0,0.000,11.810,12.462,0,0.000,15.422,14.673,0,0,1,0,7
PPG,2,20083,804870536,132,171427,190709,189565.094,1143.906,148.094,0,0,0,0,83.33,83.33,2,1,16,nan,4,1,53,1,1,19,19,0,0,0,805137330,0.04028,-0.00708,0.95703,0.95790,-0.00825,0.00132,-0.00034,0.00836,0.96600,0.00904,0.00836,3,12110,0,1332,0.18223,0.08004,0.43923,98,1,99.019,115,1,3,2602,185610,0,0,0.000,11.810,12.462,0,0.000,15.422,14.673,0,0,1,0,7
PPG,2,20084,804910536,129,171433,190735,189576.797,1158.203,183.328,0,0,0,0,83.33,83.33,2,1,16,nan,4,1,53,1,1,20,20,0,0,0,805178921,0.04297,-0.00781,0.96045,0.96144,-0.00852,0.00052,0.00046,0.00854,0.96194,0.00390,0.00950,3,12122,0,1332,0.18223,0.08004,0.43923,98,1,99.019,115,1,3,4299,185610,0,0,0.000,11.810,12.462,0,0.000,15.422,14.673,0,0,1,0,7
PPG,2,20085,804950536,130,171403,190651,189587.531,1063.469,201.484,0,0,0,0,83.33,83.33,2,1,16,nan,4,1,53,1,1,21,21,0,0,0,805217864,0.04150,-0.00439,0.96362,0.96453,-0.00931,0.00105,-0.00087,0.00941,0.96453,0.00574,0.00941,3,12123,0,1332,0.18223,0.08004,0.43923,98,1,99.019,115,1,3,4300,185610,0,0,0.000,11.810,12.462,0,0.000,15.422,14.673,0,0,1,0,7
PPG,2,20086,804990536,185,171335,190535,189597.000,938.000,190.328,0,0,0,0,83.33,83.33,2,1,16,nan,4,1,53,1,1,22,22,0,0,0,805257050,0.04395,-0.00635,0.95898,0.96001,-0.00798,0.00132,-0.00087,0.00814,0.96065,0.01067,0.00876,3,12332,0,1332,0.18223,0.08004,0.43923,98,1,99.019,115,1,3,2639,185610,0,0,0.000,11.810,12.462,0,0.000,15.422,14.673,0,0,1,0,7
PPG,2,20087,805030536,144,171312,190531,189606.344,924.656,167.641,0,0,0,0,83.33,83.33,2,1,16,nan,4,1,53,1,1,23,23,0,0,0,805299034,0.04248,-0.00537,0.95459,0.95555,-0.00745,0.00292,0.00046,0.00801,0.95651,0.00350,0.00850,3,12195,0,1332,0.18223,0.08004,0.43923,98,1,99.019,115,1,3,4294,185610,0,0,0.000,11.810,12.462,0,0.000,15.422,14.673,0,0,1,0,7
PPG,2,20088,805070536,129,171325,190565,189615.938,949.062,144.156,0,0,0,0,83.33,83.33,2,1,16,nan,4,1,53,1,1,24,24,0,0,0,805337982,0.04028,-0.00513,0.96167,0.96253,-0.00798,0.00212,-0.00034,0.00827,0.96490,0.00983,0.00868,3,12116,0,1332,0.18223,0.08004,0.43923,98,1,99.019,115,1,3,4317,185610,0,0,0.000,11.810,12.462,0,0.000,15.422,14.673,0,0,1,0,7
PPG,2,20089,805110536,131,171347,190607,189625.844,981.156,119.094,0,0,0,0,83.33,83.33,2,1,16,nan,4,1,53,1,1,25,25,0,0,0,805377189,0.04102,-0.00439,0.95483,0.95572,-0.00852,0.00132,-0.00061,0.00864,0.95833,0.00424,0.00864,3,12242,0,1332,0.18223,0.08004,0.43923,98,1,99.019,115,1,3,2606,185610,0,0,0.000,11.810,12.462,0,0.000,15.422,14.673,0,0,1,0,7
PPG,2,20090,805150536,129,171355,190645,189636.031,1008.969,95.062,0,0,0,0,83.33,83.33,2,1,16,nan,4,1,53,1,1,26,26,0,0,0,805418925,0.04639,-0.00781,0.95630,0.95746,-0.00905,0.00185,-0.00114,0.00931,0.95982,0.00410,0.00952,3,12118,0,1332,0.18223,0.08004,0.43923,98,1,99.019,115,1,3,4295,185610,0,0,0.000,11.810,12.462,0,0.000,15.422,14.673,0,0,1,0,7
PPG,2,20091,805190536,132,171358,190634,189646.016,987.984,69.125,0,0,0,0,83.33,83.33,2,1,16,nan,4,1,53,1,1,27,27,0,0,0,805458355,0.04297,-0.00439,0.95239,0.95337,-0.00718,0.00158,-0.00061,0.00738,0.96145,0.00808,0.00868,3,12251,0,1332,0.18223,0.08004,0.43923,98,1,99.019,115,1,3,4347,185610,0,0,0.000,11.810,12.462,0,0.000,15.422,14.673,0,0,1,0,7
PPG,2,20092,805230536,129,171297,190565,189655.203,909.797,47.641,0,0,0,0,83.33,83.33,2,1,16,nan,4,1,53,1,1,28,28,0,0,0,805497734,0.04663,-0.00610,0.96094,0.96209,-0.00878,0.00105,-0.00034,0.00885,0.96209,0.00443,0.00885,3,12269,0,1332,0.18223,0.08004,0.43923,98,1,99.019,115,1,3,4330,185610,0,0,0.000,11.810,12.462,0,0.000,15.422,14.673,0,0,1,0,7
PPG,2,20093,805270536,131,171296,190541,189664.062,876.938,36.844,1,0,0,0,83.33,83.33,2,1,16,nan,4,1,53,1,1,29,29,0,0,0,805537025,0.03906,-0.00342,0.95581,0.95661,-0.00905,0.00105,-0.00141,0.00922,0.96013,0.00546,0.00952,3,12216,0,1332,0.18223,0.08004,0.43923,98,1,99.019,115,1,3,2611,185610,0,0,0.000,11.810,12.462,0,239.766,15.422,14.673,1,0,1,0,7
PPG,2,20094,805310536,560,171287,190563,189673.047,889.953,28.828,0,0,1,860,83.33,83.33,2,1,16,nan,4,1,53,1,1,30,30,0,0,0,805579091,0.04468,-0.00684,0.95825,0.95932,-0.00798,0.00132,0.00046,0.00810,0.96188,0.00451,0.00810,3,12261,0,1332,0.17655,0.09050,0.51261,96,1,97.185,83,1,3,4346,185610,0,0,148.969,11.810,12.462,1,0.000,15.422,14.673,0,1,1,0,7
PPG,2,20095,805350536,194,171242,190540,189681.719,858.281,12.000,0,0,0,0,83.33,83.33,2,1,16,nan,4,1,53,1,1,31,31,0,0,0,805618910,0.04028,-0.01001,0.96045,0.96135,-0.00692,0.00158,-0.00007,0.00710,0.96135,0.00284,0.00859,3,12205,0,1332,0.17655,0.09050,0.51261,96,1,97.185,83,1,3,4344,185610,0,0,0.000,12.157,13.384,0,0.000,16.081,16.111,0,0,1,0,7
PPG,2,20096,805390536,128,171149,190424,189689.141,734.859,-20.641,0,0,0,0,83.33,83.33,2,1,16,nan,4,1,53,1,1,0,0,0,0,0,805658309,0.04492,-0.00537,0.96240,0.96347,-0.00931,0.00185,-0.00061,0.00952,0.96347,0.00564,0.00952,3,12282,0,1332,0.17655,0.09050,0.51261,96,1,97.185,83,1,3,4351,185610,0,0,0.000,12.157,13.384,0,0.000,16.081,16.111,0,0,1,0,7
PPG,2,20097,805430536,129,171149,190440,189696.656,743.344,-53.828,0,0,0,0,83.33,83.33,2,1,16,nan,4,1,53,1,1,1,1,0,0,0,805697572,0.04199,-0.00562,0.96753,0.96846,-0.00798,0.00212,-0.00007,0.00826,0.96846,0.00827,0.00826,3,12182,0,1332,0.17655,0.09050,0.51261,96,1,97.185,83,1,3,2634,185610,0,0,0.000,12.157,13.384,0,0.000,16.081,16.111,0,0,1,0,7
PPG,2,20098,805470536,140,171189,190476,189704.453,771.547,-78.547,0,0,0,0,83.33,83.33,2,1,16,nan,4,1,53,1,1,2,2,0,0,0,805739487,0.04297,-0.00659,0.96265,0.96363,-0.00772,0.00105,-0.00034,0.00779,0.96363,0.01168,0.00810,3,12244,0,1332,0.17655,0.09050,0.51261,96,1,97.185,83,1,3,4327,185610,0,0,0.000,12.157,13.384,0,0.000,16.081,16.111,0,0,1,0,7
PPG,2,20099,805510536,133,171201,190490,189712.312,777.688,-86.922,0,0,0,0,83.33,83.33,2,1,16,nan,4,1,53,1,1,3,3,0,0,0,805778845,0.04395,-0.00659,0.95288,0.95392,-0.00878,0.00158,0.00019,0.00893,0.96065,0.00698,0.00893,3,12223,0,1332,0.17655,0.09050,0.51261,96,1,97.185,83,1,3,4347,185610,0,0,0.000,12.157,13.384,0,0.000,16.081,16.111,0,0,1,0,7
PPG,2,20100,805550536,130,171211,190499,189720.172,778.828,-86.719,0,0,0,0,83.33,83.33,2,1,16,nan,4,1,53,1,1,4,4,0,0,0,805818278,0.04199,-0.00439,0.95850,0.95943,-0.00852,0.00132,-0.00114,0.00869,0.96109,0.00379,0.00923,3,12242,0,1332,0.17655,0.09050,0.51261,96,1,97.185,83,1,3,4347,185610,0,0,0.000,12.157,13.384,0,0.000,16.081,16.111,0,0,1,0,7
PPG,2,20101,805590536,130,171225,190540,189728.375,811.625,-82.703,0,0,0,0,83.33,83.33,2,1,16,nan,4,1,53,1,1,5,5,0,0,0,805857606,0.04321,-0.00854,0.95972,0.96073,-0.00985,0.00132,-0.00087,0.00997,0.96073,0.00329,0.00997,3,12282,0,1332,0.17655,0.09050,0.51261,96,1,97.185,83,1,3,2648,185610,0,0,0.000,12.157,13.384,0,0.000,16.081,16.111,0,0,1,0,7
PPG,2,20102,805630536,129,171208,190537,189736.469,800.531,-74.766,0,0,0,0,83.33,83.33,2,1,16,nan,4,1,53,1,1,6,6,0,0,0,805899562,0.04346,-0.00562,0.95581,0.95681,-0.00692,0.00132,-0.00087,0.00710,0.96051,0.00370,0.00958,3,12256,0,1332,0.17655,0.09050,0.51261,96,1,97.185,83,1,3,4337,185610,0,0,0.000,12.157,13.384,0,0.000,16.081,16.111,0,0,1,0,7
PPG,2,20103,805670536,133,171187,190515,189744.250,770.750,-52.078,0,0,0,0,83.33,83.33,2,1,16,nan,4,1,53,1,1,7,7,0,0,0,805938822,0.04248,-0.00928,0.96338,0.96436,-0.00745,0.00132,-0.00194,0.00781,0.96436,0.00647,0.00781,3,12218,0,1332,0.17655,0.09050,0.51261,96,1,97.185,83,1,3,4338,185610,0,0,0.000,12.157,13.384,0,0.000,16.081,16.111,0,0,1,0,7
PPG,2,20104,805710536,137,171111,190399,189750.797,648.203,-41.125,0,0,0,0,83.33,83.33,2,1,16,nan,4,1,53,1,1,8,8,0,0,0,805978089,0.04297,-0.00610,0.96118,0.96216,-0.00745,0.00238,0.00019,0.00782,0.96216,0.00756,0.00812,3,12225,0,1332,0.17655,0.09050,0.51261,96,1,97.185,83,1,3,4342,185610,0,0,0.000,12.157,13.384,0,0.000,16.081,16.111,0,0,1,0,7
PPG,2,20105,805750536,149,171077,190291,189756.203,534.797,-49.562,0,0,0,0,83.33,83.33,2,1,16,nan,4,1,53,1,1,9,9,0,0,0,806017384,0.04370,-0.00659,0.95557,0.95659,-0.00772,0.00079,0.00073,0.00779,0.95659,0.00966,0.00852,3,12246,0,1332,0.17655,0.09050,0.51261,96,1,97.185,83,1,3,2619,185610,0,0,0.000,12.157,13.384,0,0.000,16.081,16.111,0,0,1,0,7
PPG,2,20106,805790536,140,171096,190305,189761.688,543.312,-64.484,0,0,0,0,83.33,83.33,2,1,16,nan,4,1,53,1,1,10,10,0,0,0,806059300,0.04419,-0.00488,0.95313,0.95416,-0.00745,0.00185,-0.00087,0.00773,0.95904,0.00641,0.00773,3,12212,0,1332,0.17655,0.09050,0.51261,96,1,97.185,83,1,3,4324,185610,0,0,0.000,12.157,13.384,0,0.000,16.081,16.111,0,0,1,0,7
PPG,2,20107,805830536,135,171094,190345,189767.516,577.484,-77.188,0,0,0,0,83.33,83.33,2,1,16,nan,4,1,53,1,1,11,11,0,0,0,806095858,0.04590,-0.00610,0.95947,0.96059,-0.00772,0.00212,-0.00007,0.00800,0.96356,0.00940,0.00800,2,21730,0,1333,0.17655,0.09050,0.51261,96,1,97.185,83,1,3,2595,185610,0,0,0.000,12.157,13.384,0,0.000,16.081,16.111,0,0,1,0,7
PPG,2,20108,805870536,133,171099,190373,189773.578,599.422,-91.453,0,0,0,0,83.33,83.33,2,1,16,nan,4,1,53,1,1,12,12,0,0,0,806137658,0.04443,-0.00537,0.95776,0.95881,-0.00745,0.00212,-0.00114,0.00783,0.95881,0.00484,0.00783,3,12127,0,1333,0.17655,0.09050,0.51261,96,1,97.185,83,1,3,2595,185610,0,0,0.000,12.157,13.384,0,0.000,16.081,16.111,0,0,1,0,7
PPG,2,20109,805910536,130,171076,190361,189779.453,581.547,-104.297,0,0,0,0,83.33,83.33,2,1,16,nan,4,1,53,1,1,13,13,0,0,0,806179297,0.04565,-0.00806,0.96021,0.96132,-0.00745,0.00212,-0.00114,0.00783,0.96132,0.00411,0.00783,3,12142,0,1333,0.17655,0.09050,0.51261,96,1,97.185,83,1,3,4304,185610,0,0,0.000,12.157,13.384,0,0.000,16.081,16.111,0,0,1,0,7
PPG,2,20110,805950536,129,171071,190368,189785.344,582.656,-111.438,0,0,0,0,83.33,83.33,2,1,16,nan,4,1,53,1,1,14,14,0,0,0,806218269,0.03979,-0.00928,0.95801,0.95888,-0.00798,0.00185,-0.00061,0.00822,0.95888,0.00248,0.00822,3,12125,0,1333,0.17655,0.09050,0.51261,96,1,97.185,83,1,3,4296,185610,0,0,0.000,12.157,13.384,0,0.000,16.081,16.111,0,0,1,0,7
PPG,2,20111,805990536,131,171067,190337,189790.859,546.141,-105.453,0,0,0,0,83.33,83.33,2,1,16,nan,4,1,53,1,1,15,15,0,0,0,806257267,0.04639,-0.00610,0.95557,0.95671,-0.00798,0.00132,-0.00034,0.00810,0.95810,0.00158,0.00846,3,12121,0,1333,0.17655,0.09050,0.51261,96,1,97.185,83,1,3,2597,185610,0,0,0.000,12.157,13.384,0,0.000,16.081,16.111,0,0,1,0,7
PPG,2,20112,806030536,130,171044,190317,189796.125,520.875,-89.328,1,0,0,0,83.33,83.33,2,1,16,nan,4,1,53,1,1,16,16,0,0,0,806298864,0.04272,-0.00684,0.96094,0.96191,-0.00692,0.00265,-0.00007,0.00741,0.96191,0.00589,0.00810,3,12124,0,1333,0.17655,0.09050,0.51261,96,1,97.185,83,1,3,4300,185610,0,0,0.000,12.157,13.384,0,45.797,16.081,16.111,1,0,1,0,7
PPG,2,20113,806070536,152,171030,190333,189801.500,531.500,-74.938,0,0,1,760,78.95,78.95,2,1,16,nan,4,1,53,1,1,17,17,0,0,0,806337851,0.04150,-0.00659,0.95752,0.95844,-0.00718,0.00318,-0.00087,0.00791,0.96038,0.00920,0.00895,3,12132,0,1333,0.17655,0.09050,0.51261,96,1,97.185,83,1,3,2598,185610,0,0,34.500,12.157,13.384,1,0.000,16.081,16.111,0,1,1,0,7
PPG,2,20114,806110536,130,171079,190406,189807.547,598.453,-58.375,0,0,0,0,78.95,78.95,2,1,16,nan,4,1,53,1,1,18,18,0,0,0,806379546,0.04126,-0.00293,0.96094,0.96183,-0.00852,0.00185,-0.00114,0.00879,0.96351,0.00318,0.00926,3,12137,0,1333,0.17655,0.09050,0.51261,96,1,97.185,83,1,3,4294,185610,0,0,0.000,11.744,12.286,0,0.000,15.445,14.722,0,0,1,0,7
PPG,2,20115,806150536,130,171119,190461,189814.078,646.922,-41.844,0,0,0,0,78.95,78.95,2,1,16,nan,4,1,53,1,1,19,19,0,0,0,806418505,0.04126,-0.00732,0.95898,0.95990,-0.00798,0.00238,-0.00034,0.00834,0.96044,0.00217,0.00863,3,12118,0,1333,0.17655,0.09050,0.51261,96,1,97.185,83,1,3,4295,185610,0,0,0.000,11.744,12.286,0,0.000,15.445,14.722,0,0,1,0,7
PPG,2,20116,806190536,132,171138,190491,189820.844,670.156,-26.625,0,0,0,0,78.95,78.95,2,1,16,nan,4,1,53,1,1,20,20,0,0,0,806457450,0.04199,-0.00439,0.95850,0.95943,-0.00852,0.00185,-0.00007,0.00871,0.95943,0.00352,0.00871,3,12115,0,1333,0.17655,0.09050,0.51261,96,1,97.185,83,1,3,2595,185610,0,0,0.000,11.744,12.286,0,0.000,15.445,14.722,0,0,1,0,7
PPG,2,20117,806230536,130,171152,190512,189827.750,684.250,-9.656,0,0,0,0,78.95,78.95,2,1,16,nan,4,1,53,1,1,21,21,0,0,0,806499017,0.03979,-0.00854,0.95630,0.95716,-0.00798,0.00238,-0.00114,0.00841,0.96368,0.00652,0.00841,3,12118,0,1333,0.17655,0.09050,0.51261,96,1,97.185,83,1,3,4294,185610,0,0,0.000,11.744,12.286,0,0.000,15.445,14.722,0,0,1,0,7
PPG,2,20118,806270536,129,171171,190526,189834.734,691.266,14.844,0,0,0,0,78.95,78.95,2,1,16,nan,4,1,53,1,1,22,22,0,0,0,806537967,0.04321,-0.00635,0.96021,0.96120,-0.00798,0.00345,-0.00061,0.00872,0.96120,0.00407,0.00872,3,12118,0,1333,0.17655,0.09050,0.51261,96,1,97.185,83,1,3,2594,185610,0,0,0.000,11.744,12.286,0,0.000,15.445,14.722,0,0,1,0,7
PPG,2,20119,806310536,509,171152,190529,189841.672,687.328,43.172,0,0,0,0,78.95,78.95,2,1,16,nan,4,1,53,1,1,23,23,0,0,0,806579547,0.04150,-0.00317,0.95679,0.95769,-0.00825,0.00292,-0.00087,0.00879,0.96274,0.00794,0.00879,3,12139,0,1333,0.13731,0.07813,0.56904,76,1,95.774,115,1,3,4295,185610,0,0,0.000,11.744,12.286,0,0.000,15.445,14.722,0,0,1,0,7
PPG,2,20120,806350536,178,171111,190485,189848.109,636.891,65.594,0,0,0,0,78.95,78.95,2,1,16,nan,4,1,53,1,1,24,24,0,0,0,806618924,0.04346,-0.00562,0.94751,0.94852,-0.00718,0.00345,-0.00034,0.00798,0.96172,0.00829,0.00798,3,12117,0,1333,0.13731,0.07813,0.56904,76,1,95.774,115,1,3,4297,185610,0,0,0.000,11.744,12.286,0,0.000,15.445,14.722,0,0,1,0,7
PPG,2,20121,806390536,130,171118,190508,189854.703,653.297,81.766,0,0,0,0,78.95,78.95,2,1,16,nan,4,1,53,1,1,25,25,0,0,0,806657921,0.04443,-0.00586,0.95508,0.95613,-0.00798,0.00158,-0.00087,0.00819,0.96164,0.01312,0.00819,3,12121,0,1333,0.13731,0.07813,0.56904,76,1,95.774,115,1,3,2594,185610,0,0,0.000,11.744,12.286,0,0.000,15.445,14.722,0,0,1,0,7
PPG,2,20122,806430536,129,171121,190521,189861.359,659.641,91.125,0,0,0,0,78.95,78.95,2,1,16,nan,4,1,53,1,1,26,26,0,0,0,806699530,0.04346,-0.00879,0.95850,0.95952,-0.00878,0.00292,0.00073,0.00928,0.96058,0.00396,0.00928,3,12113,0,1333,0.13731,0.07813,0.56904,76,1,95.774,115,1,3,4298,185610,0,0,0.000,11.744,12.286,0,0.000,15.445,14.722,0,0,1,0,7
PPG,2,20123,806470536,150,171108,190476,189867.500,608.500,90.938,0,0,0,0,78.95,78.95,2,1,16,nan,4,1,53,1,1,27,27,0,0,0,806738474,0.04297,-0.00708,0.96509,0.96607,-0.00772,0.00158,-0.00034,0.00788,0.96607,0.00708,0.00872,3,12118,0,1333,0.13731,0.07813,0.56904,76,1,95.774,115,1,3,4301,185610,0,0,0.000,11.744,12.286,0,0.000,15.445,14.722,0,0,1,0,7
PPG,2,20124,806510536,130,171086,190400,189872.828,527.172,74.891,0,0,0,0,78.95,78.95,2,1,16,nan,4,1,53,1,1,28,28,0,0,0,806777534,0.04224,-0.00684,0.95728,0.95823,-0.00798,0.00238,-0.00087,0.00838,0.95823,0.01269,0.00841,3,12132,0,1333,0.13731,0.07813,0.56904,76,1,95.774,115,1,3,2598,185610,0,0,0.000,11.744,12.286,0,0.000,15.445,14.722,0,0,1,0,7
PPG,2,20125,806550536,134,171078,190395,189878.047,516.953,50.969,0,0,0,0,78.95,78.95,2,1,16,nan,4,1,53,1,1,29,29,0,0,0,806819143,0.04077,-0.00562,0.96094,0.96182,-0.00852,0.00132,-0.00061,0.00864,0.96320,0.00497,0.00873,3,12121,0,1333,0.13731,0.07813,0.56904,76,1,95.774,115,1,3,4297,185610,0,0,0.000,11.744,12.286,0,0.000,15.445,14.722,0,0,1,0,7
PPG,2,20126,806590536,129,171096,190442,189883.688,558.312,31.703,0,0,0,0,78.95,78.95,2,1,16,nan,4,1,53,1,1,30,30,0,0,0,806858109,0.04395,-0.00488,0.95581,0.95683,-0.00745,0.00158,-0.00034,0.00762,0.95696,0.00486,0.00915,3,12128,0,1333,0.13731,0.07813,0.56904,76,1,95.774,115,1,3,2602,185610,0,0,0.000,11.744,12.286,0,0.000,15.445,14.722,0,0,1,0,7
PPG,2,20127,806630536,134,171114,190491,189889.766,601.234,25.266,0,1,0,0,78.95,78.95,2,1,16,nan,4,1,53,1,1,31,31,0,0,0,806899854,0.04272,-0.00537,0.95215,0.95312,-0.00878,0.00292,-0.00061,0.00927,0.96266,0.00954,0.00927,3,12174,0,1333,0.13731,0.07813,0.56904,76,1,95.774,115,1,3,4301,185610,0,0,0.000,11.744,12.286,0,0.000,15.445,14.722,0,0,1,0,7
PPG,2,20128,806670536,129,171137,190543,189896.297,646.703,21.766,0,0,0,0,78.95,78.95,2,1,16,nan,4,1,53,1,1,0,0,0,0,0,806938828,0.04346,-0.00464,0.96118,0.96217,-0.00798,0.00238,-0.00034,0.00834,0.96217,0.00774,0.00892,3,12116,0,1333,0.13731,0.07813,0.56904,76,1,95.774,115,1,3,4302,185610,0,0,0.000,11.744,12.286,0,0.000,15.445,14.722,0,0,1,0,7
PPG,2,20129,806710536,130,171154,190573,189903.062,669.938,18.578,0,0,0,0,78.95,78.95,2,1,16,nan,4,1,53,1,1,1,1,0,0,0,806977786,0.04077,-0.00586,0.95581,0.95670,-0.00718,0.00292,-0.00007,0.00775,0.95670,0.00677,0.00775,3,12122,0,1333,0.13731,0.07813,0.56904,76,1,95.774,115,1,3,2622,185610,0,0,0.000,11.744,12.286,0,0.000,15.445,14.722,0,0,1,0,7
PPG,2,20130,806750536,149,171146,190560,189909.625,650.375,20.984,1,0,1,700,78.95,78.95,2,1,16,nan,4,1,53,1,1,2,2,0,0,0,807019495,0.03906,-0.00562,0.95239,0.95321,-0.00718,0.00265,0.00019,0.00766,0.96044,0.00374,0.00766,3,12114,0,1333,0.13731,0.07813,0.56904,76,1,95.774,115,1,3,4295,185610,0,0,123.938,11.744,12.286,1,202.562,15.445,14.722,1,1,1,0,7
PPG,2,20131,806790536,129,171118,190547,189916.000,631.000,31.484,0,0,0,0,78.95,78.95,2,1,16,nan,4,1,53,1,1,3,3,0,0,0,807058559,0.03931,-0.01050,0.95581,0.95668,-0.00745,0.00185,0.00019,0.00768,0.96354,0.00686,0.00779,3,12111,0,1333,0.13731,0.07813,0.56904,76,1,95.774,115,1,3,4294,185610,0,0,0.000,11.942,12.813,0,0.000,15.868,15.646,0,0,1,0,7
PPG,2,20132,806830536,141,171138,190544,189922.281,621.719,41.422,0,0,0,0,78.95,78.95,2,1,16,nan,4,1,53,2,2,5,5,0,0,0,807158711,0.04053,-0.00830,0.95435,0.95524,-0.00798,0.00238,-0.00061,0.00835,0.96038,0.00392,0.00835,3,61235,0,1339,0.13731,0.07813,0.56904,76,1,95.774,115,1,3,61191,185610,0,0,0.000,11.942,12.813,0,0.000,15.868,15.646,0,0,1,0,7
PPG,2,20133,806870536,40,171138,190566,189928.719,637.281,47.484,0,0,0,0,78.95,78.95,2,1,16,nan,4,1,53,2,2,5,5,0,0,0,807158711,0.04053,-0.00830,0.95435,0.95524,-0.00798,0.00238,-0.00061,0.00835,0.00000,0.00000,0.00000,0,61235,0,1339,0.13731,0.07813,0.56904,76,1,95.774,115,1,3,61191,185610,0,0,0.000,11.942,12.813,0,0.000,15.868,15.646,0,0,1,0,7
PPG,2,20134,806910536,132,171156,190622,189935.656,686.344,55.406,0,0,0,0,78.95,78.95,2,1,16,nan,4,1,53,1,1,6,6,0,0,0,807184737,0.03955,-0.00659,0.95679,0.95763,-0.00852,0.00185,-0.00061,0.00874,0.95763,0.00173,0.00893,2,12563,0,1339,0.13731,0.07813,0.56904,76,1,95.774,115,1,3,2608,185610,0,0,0.000,11.942,12.813,0,0.000,15.868,15.646,0,0,1,0,7
PPG,2,20135,806950536,128,171165,190677,189943.062,733.938,63.734,0,0,0,0,78.95,78.95,2,1,16,nan,4,1,53,1,1,7,7,0,0,0,807221534,0.03979,-0.00757,0.95801,0.95886,-0.00772,0.00105,0.00019,0.00779,0.96039,0.00276,0.00893,3,12328,0,1339,0.13731,0.07813,0.56904,76,1,95.774,115,1,3,2663,185610,0,0,0.000,11.942,12.813,0,0.000,15.868,15.646,0,0,1,0,7
PPG,2,20136,806990536,131,171185,190683,189950.469,732.531,69.859,0,0,0,0,78.95,78.95,2,1,16,nan,4,1,53,1,1,8,8,0,0,0,807258067,0.03809,-0.00537,0.95630,0.95707,-0.00852,0.00105,-0.00087,0.00862,0.96397,0.01070,0.00889,3,12177,0,1339,0.13731,0.07813,0.56904,76,1,95.774,115,1,3,2601,185610,0,0,0.000,11.942,12.813,0,0.000,15.868,15.646,0,0,1,0,7
PPG,2,20137,807030536,129,171154,190669,189957.656,711.344,77.578,0,0,0,0,78.95,78.95,2,1,16,nan,4,1,53,1,1,9,9,0,0,0,807299636,0.04248,-0.00879,0.95630,0.95728,-0.00745,0.00185,-0.00114,0.00776,0.96646,0.00917,0.00828,3,12137,0,1339,0.13731,0.07813,0.56904,76,1,95.774,115,1,3,4295,185610,0,0,0.000,11.942,12.813,0,0.000,15.868,15.646,0,0,1,0,7
PPG,2,20138,807070536,130,171138,190650,189964.578,685.422,86.094,0,0,0,0,78.95,78.95,2,1,16,nan,4,1,53,1,1,10,10,0,0,0,807338707,0.04370,-0.00928,0.95825,0.95929,-0.00772,0.00185,-0.00034,0.00794,0.96013,0.00347,0.00794,3,12119,0,1339,0.13731,0.07813,0.56904,76,1,95.774,115,1,3,4304,185610,0,0,0.000,11.942,12.813,0,0.000,15.868,15.646,0,0,1,0,7
PPG,2,20139,807110536,129,171134,190663,189971.562,691.438,96.391,0,0,0,0,78.95,78.95,2,1,16,nan,4,1,53,1,1,11,11,0,0,0,807377867,0.04272,-0.00464,0.96240,0.96336,-0.00852,0.00132,-0.00034,0.00862,0.96336,0.01023,0.00905,3,12127,0,1339,0.13731,0.07813,0.56904,76,1,95.774,115,1,3,2598,185610,0,0,0.000,11.942,12.813,0,0.000,15.868,15.646,0,0,1,0,7
PPG,2,20140,807150536,138,171155,190675,189978.594,696.406,102.469,0,0,0,0,78.95,78.95,2,1,16,nan,4,1,53,1,1,12,12,0,0,0,807419960,0.04443,-0.00439,0.95264,0.95368,-0.00798,0.00265,-0.00114,0.00849,0.96367,0.00838,0.00849,3,12254,0,1339,0.13731,0.07813,0.56904,76,1,95.774,115,1,3,4334,185610,0,0,0.000,11.942,12.813,0,0.000,15.868,15.646,0,0,1,0,7
PPG,2,20141,807190536,150,171121,190623,189985.031,637.969,96.859,0,0,0,0,78.95,78.95,2,1,16,nan,4,1,53,1,1,13,13,0,0,0,807459320,0.04370,-0.00610,0.95923,0.96024,-0.00665,0.00132,-0.00007,0.00678,0.96024,0.00700,0.00867,3,12303,0,1339,0.13731,0.07813,0.56904,76,1,95.774,115,1,3,4351,185610,0,0,0.000,11.942,12.813,0,0.000,15.868,15.646,0,0,1,0,7
PPG,2,20142,807230536,129,171090,190513,189990.312,522.688,73.828,0,0,0,0,78.95,78.95,2,1,16,nan,4,1,53,1,1,14,14,0,0,0,807498702,0.04370,-0.00610,0.95337,0.95439,-0.00798,0.00132,0.00019,0.00809,0.96861,0.01423,0.00809,3,12299,0,1339,0.13731,0.07813,0.56904,76,1,95.774,115,1,3,4332,185610,0,0,0.000,11.942,12.813,0,0.000,15.868,15.646,0,0,1,0,7
PPG,2,20143,807270536,137,171082,190468,189995.094,472.906,43.516,0,0,0,0,78.95,78.95,2,1,16,nan,4,1,53,1,1,15,15,0,0,0,807538124,0.04395,-0.00806,0.95557,0.95661,-0.00772,0.00158,-0.00034,0.00788,0.96337,0.00749,0.00988,3,12287,0,1339,0.13731,0.07813,0.56904,76,1,95.774,115,1,3,2648,185610,0,0,0.000,11.942,12.813,0,0.000,15.868,15.646,0,0,1,0,7
PPG,2,20144,807310536,518,171064,190466,189999.797,466.203,11.219,0,0,0,0,78.95,78.95,2,1,16,nan,4,1,53,1,1,16,16,0,0,0,807580100,0.04102,-0.00635,0.95557,0.95647,-0.00772,0.00212,0.00019,0.00800,0.96000,0.00407,0.00846,3,12216,0,1339,0.09034,0.05933,0.65675,89,1,93.581,107,1,3,4347,185610,0,0,0.000,11.942,12.813,0,0.000,15.868,15.646,0,0,1,0,7
PPG,2,20145,807350536,192,171093,190531,190005.109,525.891,-12.578,0,0,0,0,78.95,78.95,2,1,16,nan,4,1,53,1,1,17,17,0,0,0,807619896,0.04419,-0.00659,0.95996,0.96100,-0.00772,0.00185,-0.00034,0.00794,0.96100,0.00384,0.00838,3,12250,0,1339,0.09034,0.05933,0.65675,89,1,93.581,107,1,3,4335,185610,0,0,0.000,11.942,12.813,0,0.000,15.868,15.646,0,0,1,0,7
PPG,2,20146,807390536,130,171117,190570,190010.766,559.234,-32.281,0,0,0,0,78.95,78.95,2,1,16,nan,4,1,53,1,1,18,18,0,0,0,807659233,0.04541,-0.00708,0.95874,0.95984,-0.00931,0.00185,-0.00034,0.00950,0.95984,0.00523,0.00950,3,12251,0,1339,0.09034,0.05933,0.65675,89,1,93.581,107,1,3,4313,185610,0,0,0.000,11.942,12.813,0,0.000,15.868,15.646,0,0,1,0,7
PPG,2,20147,807430536,132,171114,190600,190016.656,583.344,-48.438,0,0,0,0,78.95,78.95,2,1,16,nan,4,1,53,1,1,19,19,0,0,0,807698494,0.04199,-0.00488,0.96118,0.96211,-0.00692,0.00238,0.00046,0.00733,0.96211,0.00556,0.00893,3,12247,0,1339,0.09034,0.05933,0.65675,89,1,93.581,107,1,3,4350,185610,0,0,0.000,11.942,12.813,0,0.000,15.868,15.646,0,0,1,0,7
PPG,2,20148,807470536,165,171128,190617,190022.656,594.344,-52.984,1,0,1,720,78.95,78.95,2,1,16,nan,4,1,53,1,1,20,20,0,0,0,807737973,0.04028,-0.00537,0.94995,0.95082,-0.00798,0.00292,-0.00061,0.00852,0.96072,0.00691,0.00852,3,12198,0,1339,0.09034,0.05933,0.65675,89,1,93.581,107,1,3,2618,185610,0,0,21.828,11.942,12.813,1,83.891,15.868,15.646,1,1,1,0,8
PPG,2,20149,807510536,135,171142,190619,190028.625,590.375,-40.156,0,0,0,0,78.95,78.95,2,1,16,nan,4,1,53,1,1,21,21,0,0,0,807780007,0.04688,-0.00513,0.95972,0.96087,-0.00772,0.00185,-0.00087,0.00798,0.96269,0.01187,0.00848,3,12234,0,1339,0.09034,0.05933,0.65675,89,1,93.581,107,1,3,4329,185610,0,0,0.000,11.478,11.575,0,0.000,15.496,14.835,0,0,1,0,8
PPG,2,20150,807550536,131,171140,190632,190034.656,597.344,-20.328,0,0,0,0,78.95,78.95,2,1,16,nan,4,1,53,1,1,22,22,0,0,0,807819407,0.04297,-0.00708,0.96265,0.96363,-0.00878,0.00318,-0.00034,0.00935,0.96380,0.01088,0.00935,3,12282,0,1339,0.09034,0.05933,0.65675,89,1,93.581,107,1,3,4327,185610,0,0,0.000,11.478,11.575,0,0.000,15.496,14.835,0,0,1,0,8
PPG,2,20151,807590536,129,171172,190693,190041.234,651.766,4.812,0,0,0,0,78.95,78.95,2,1,16,nan,4,1,53,1,1,23,23,0,0,0,807858692,0.04224,-0.00488,0.95679,0.95773,-0.00772,0.00025,0.00046,0.00773,0.96135,0.00303,0.00850,3,12234,0,1339,0.09034,0.05933,0.65675,89,1,93.581,107,1,3,4324,185610,0,0,0.000,11.478,11.575,0,0.000,15.496,14.835,0,0,1,0,8
PPG,2,20152,807630536,132,171177,190708,190047.906,660.094,21.891,0,0,0,0,78.95,78.95,2,1,16,nan,4,1,53,1,1,24,24,0,0,0,807897969,0.04126,-0.00659,0.95776,0.95867,-0.00798,0.00158,-0.00087,0.00819,0.95867,0.00275,0.00878,3,12212,0,1339,0.09034,0.05933,0.65675,89,1,93.581,107,1,3,2624,185610,0,0,0.000,11.478,11.575,0,0.000,15.496,14.835,0,0,1,0,8
PPG,2,20153,807670536,135,171183,190718,190054.609,663.391,35.438,0,0,0,0,78.95,78.95,2,1,16,nan,4,1,53,1,1,25,25,0,0,0,807939922,0.04517,-0.00610,0.95557,0.95665,-0.00772,0.00212,-0.00141,0.00812,0.95665,0.00483,0.00812,3,12242,0,1339,0.09034,0.05933,0.65675,89,1,93.581,107,1,3,4330,185610,0,0,0.000,11.478,11.575,0,0.000,15.496,14.835,0,0,1,0,8
PPG,2,20154,807710536,132,171175,190727,190061.328,665.672,48.328,0,0,0,0,78.95,78.95,2,1,16,nan,4,1,53,1,1,26,26,0,0,0,807979221,0.03857,-0.00610,0.96265,0.96344,-0.00772,0.00265,-0.00007,0.00816,0.96344,0.00382,0.00830,3,12231,0,1339,0.09034,0.05933,0.65675,89,1,93.581,107,1,3,4326,185610,0,0,0.000,11.478,11.575,0,0.000,15.496,14.835,0,0,1,0,8
PPG,2,20155,807750536,132,171194,190771,190068.422,702.578,65.625,0,0,0,0,78.95,78.95,2,1,16,nan,4,1,53,1,1,27,27,0,0,0,808018540,0.04248,-0.00269,0.95776,0.95871,-0.00878,0.00158,-0.00087,0.00897,0.96277,0.00406,0.00904,3,12270,0,1339,0.09034,0.05933,0.65675,89,1,93.581,107,1,3,2597,185610,0,0,0.000,11.478,11.575,0,0.000,15.496,14.835,0,0,1,0,8
PPG,2,20156,807790536,130,171206,190793,190075.672,717.328,84.984,0,0,0,0,78.95,78.95,2,1,16,nan,4,1,53,1,1,28,28,0,0,0,808060118,0.04565,-0.00391,0.95630,0.95740,-0.00745,0.00158,0.00046,0.00763,0.96532,0.00661,0.00805,3,12161,0,1339,0.09034,0.05933,0.65675,89,1,93.581,107,1,3,4351,185610,0,0,0.000,11.478,11.575,0,0.000,15.496,14.835,0,0,1,0,8
PPG,2,20157,807830536,155,171206,190807,190082.984,724.016,103.078,0,0,0,0,78.95,78.95,2,1,16,nan,4,1,53,1,1,29,29,0,0,0,808099054,0.04541,-0.00977,0.95947,0.96060,-0.00852,0.00132,-0.00087,0.00866,0.96060,0.00226,0.00866,2,24141,0,1340,0.09034,0.05933,0.65675,89,1,93.581,107,1,3,4384,185610,0,0,0.000,11.478,11.575,0,0.000,15.496,14.835,0,0,1,0,8
PPG,2,20158,807870536,133,171217,190815,190090.297,724.703,112.266,0,0,0,0,78.95,78.95,2,1,16,nan,4,1,53,1,1,30,30,0,0,0,808138176,0.04175,-0.00610,0.95923,0.96016,-0.00718,0.00238,-0.00034,0.00758,0.96359,0.00679,0.00845,3,12156,0,1340,0.09034,0.05933,0.65675,89,1,93.581,107,1,3,2600,185610,0,0,0.000,11.478,11.575,0,0.000,15.496,14.835,0,0,1,0,8
PPG,2,20159,807910536,131,171227,190830,190097.688,732.312,121.344,0,0,0,0,78.95,78.95,2,1,16,nan,4,1,53,1,1,31,31,0,0,0,808179786,0.04443,-0.00659,0.96289,0.96394,-0.00798,0.00292,-0.00034,0.00851,0.96394,0.00498,0.00851,3,12119,0,1340,0.09034,0.05933,0.65675,89,1,93.581,107,1,3,4299,185610,0,0,0.000,11.478,11.575,0,0.000,15.496,14.835,0,0,1,0,8
PPG,2,20160,807950536,179,171183,190761,190104.328,656.672,123.188,0,0,0,0,78.95,78.95,2,1,16,nan,4,1,53,1,1,0,0,0,0,0,808218924,0.04541,-0.00684,0.95557,0.95667,-0.00638,0.00185,-0.00061,0.00667,0.95667,0.00773,0.00895,3,12164,0,1340,0.09034,0.05933,0.65675,89,1,93.581,107,1,3,4306,185610,0,0,0.000,11.478,11.575,0,0.000,15.496,14.835,0,0,1,0,8
PPG,2,20161,807990536,142,171124,190620,190109.484,510.516,108.047,0,0,0,0,78.95,78.95,2,1,16,nan,4,1,53,1,1,1,1,0,0,0,808258068,0.03955,-0.00586,0.95728,0.95811,-0.00878,0.00292,-0.00141,0.00936,0.95811,0.00444,0.00936,3,12151,0,1340,0.09034,0.05933,0.65675,89,1,93.581,107,1,3,2602,185610,0,0,0.000,11.478,11.575,0,0.000,15.496,14.835,0,0,1,0,8
PPG,2,20162,808030536,129,171118,190579,190114.172,464.828,77.328,0,0,0,0,78.95,78.95,2,1,16,nan,4,1,53,1,1,2,2,0,0,0,808299699,0.04272,-0.00635,0.95874,0.95971,-0.00718,0.00132,-0.00007,0.00730,0.96195,0.01011,0.00810,3,12127,0,1340,0.09034,0.05933,0.65675,89,1,93.581,107,1,3,4300,185610,0,0,0.000,11.478,11.575,0,0.000,15.496,14.835,0,0,1,0,8
PPG,2,20163,808070536,128,171127,190600,190119.031,480.969,43.156,0,0,0,0,78.95,78.95,2,1,16,nan,4,1,53,1,1,3,3,0,0,0,808338694,0.04199,-0.00635,0.96069,0.96163,-0.00718,0.00265,0.00099,0.00772,0.96163,0.00573,0.00800,3,12116,0,1340,0.09034,0.05933,0.65675,89,1,93.581,107,1,3,2606,185610,0,0,0.000,11.478,11.575,0,0.000,15.496,14.835,0,0,1,0,8
PPG,2,20164,808110536,129,171126,190631,190124.156,506.844,9.766,0,0,0,0,78.95,78.95,2,1,16,nan,4,1,53,1,1,4,4,0,0,0,808380269,0.04175,-0.00220,0.95337,0.95429,-0.00798,0.00185,-0.00061,0.00822,0.95753,0.00410,0.00822,3,12124,0,1340,0.09034,0.05933,0.65675,89,1,93.581,107,1,3,4296,185610,0,0,0.000,11.478,11.575,0,0.000,15.496,14.835,0,0,1,0,8
PPG,2,20165,808150536,137,171103,190617,190129.078,487.922,-22.828,0,0,0,0,78.95,78.95,2,1,16,nan,4,1,53,1,1,5,5,0,0,0,808419244,0.04590,-0.00537,0.95654,0.95766,-0.00878,0.00132,-0.00034,0.00889,0.96237,0.00808,0.00889,3,12139,0,1340,0.09034,0.05933,0.65675,89,1,93.581,107,1,3,4298,185610,0,0,0.000,11.478,11.575,0,0.000,15.496,14.835,0,0,1,0,8
PPG,2,20166,808190536,129,171121,190653,190134.312,518.688,-52.266,0,0,0,0,78.95,78.95,2,1,16,nan,4,1,53,1,1,6,6,0,0,0,808458245,0.04248,-0.00757,0.95557,0.95654,-0.00931,0.00052,0.00019,0.00933,0.95900,0.00562,0.00943,3,12130,0,1340,0.09034,0.05933,0.65675,89,1,93.581,107,1,3,2601,185610,0,0,0.000,11.478,11.575,0,0.000,15.496,14.835,0,0,1,0,8
PPG,2,20167,808230536,131,171114,190635,190139.312,495.688,-72.016,0,0,0,0,78.95,78.95,2,1,16,nan,4,1,53,1,1,7,7,0,0,0,808499868,0.04614,-0.00781,0.95776,0.95891,-0.00772,0.00238,-0.00061,0.00810,0.96282,0.00391,0.00810,3,12122,0,1340,0.09034,0.05933,0.65675,89,1,93.581,107,1,3,4296,185610,0,0,83.656,11.478,11.575,1,0.000,15.496,14.835,0,0,1,0,8
PPG,2,20168,808270536,172,171122,190639,190144.312,494.688,-70.406,1,0,1,780,78.95,78.95,2,1,16,nan,4,1,53,1,1,8,8,0,0,0,808538964,0.04126,-0.00879,0.96045,0.96138,-0.00692,0.00238,-0.00061,0.00734,0.96138,0.00470,0.00842,3,12140,0,1340,0.09034,0.05933,0.65675,89,1,93.581,107,1,3,4299,185610,0,0,0.000,11.478,11.575,0,176.172,15.496,14.835,1,1,1,0,8
PPG,2,20169,808310536,519,171119,190660,190149.469,510.531,-60.875,0,0,0,0,78.95,78.95,2,1,16,nan,4,1,53,1,1,9,9,0,0,0,808578116,0.04297,-0.00757,0.96240,0.96339,-0.00825,0.00185,0.00046,0.00847,0.96339,0.00706,0.00913,3,12127,0,1340,0.07004,0.05393,0.76998,93,1,90.751,136,1,3,2597,185610,0,0,0.000,11.457,11.521,0,0.000,15.748,15.385,0,0,1,0,8
PPG,2,20170,808350536,251,171081,190643,190154.406,488.594,-55.281,0,0,0,0,78.95,78.95,2,1,16,nan,4,1,53,1,1,10,10,0,0,0,808620137,0.03711,-0.00488,0.95801,0.95874,-0.00745,0.00345,-0.00034,0.00822,0.95934,0.00461,0.00829,3,12122,0,1340,0.07004,0.05393,0.76998,93,1,90.751,136,1,3,4328,185610,0,0,0.000,11.088,12.149,0,0.000,15.748,15.385,0,0,1,0,8
PPG,2,20171,808390536,128,171096,190669,190159.547,509.453,-48.656,0,0,0,0,78.95,78.95,2,1,16,nan,4,1,53,1,1,11,11,0,0,0,808659417,0.04321,-0.00586,0.95923,0.96022,-0.00772,0.00212,0.00019,0.00800,0.96100,0.00292,0.00843,3,12120,0,1340,0.07004,0.05393,0.76998,93,1,90.751,136,1,3,4299,185610,0,0,0.000,11.088,12.149,0,0.000,15.748,15.385,0,0,1,0,8
PPG,2,20172,808430536,130,171135,190695,190164.906,530.094,-36.875,0,0,0,0,78.95,78.95,2,1,16,nan,4,1,53,1,1,12,12,0,0,0,808698357,0.04248,-0.00830,0.95459,0.95557,-0.00638,0.00238,-0.00114,0.00691,0.95632,0.00390,0.00743,3,12112,0,1340,0.07004,0.05393,0.76998,93,1,90.751,136,1,3,2598,185610,0,0,0.000,11.088,12.149,0,0.000,15.748,15.385,0,0,1,0,8
PPG,2,20173,808470536,129,171121,190705,190170.312,534.688,-28.781,0,0,0,0,78.95,78.95,2,1,16,nan,4,1,53,1,1,13,13,0,0,0,808739932,0.04370,-0.00903,0.95972,0.96075,-0.00745,0.00318,-0.00087,0.00815,0.96127,0.00570,0.00815,3,12135,0,1340,0.07004,0.05393,0.76998,93,1,90.751,136,1,3,4298,185610,0,0,0.000,11.088,12.149,0,0.000,15.748,15.385,0,0,1,0,8
PPG,2,20174,808510536,130,171116,190722,190175.828,546.172,-16.109,0,0,0,0,78.95,78.95,2,1,16,nan,4,1,53,1,1,14,14,0,0,0,808778960,0.04004,-0.00610,0.95532,0.95618,-0.00745,0.00212,-0.00061,0.00777,0.96265,0.00647,0.00780,3,12111,0,1340,0.07004,0.05393,0.76998,93,1,90.751,136,1,3,2595,185610,0,0,0.000,11.088,12.149,0,0.000,15.748,15.385,0,0,1,0,8
PPG,2,20175,808550536,128,171182,190815,190182.219,632.781,6.828,0,0,0,0,78.95,78.95,2,1,16,nan,4,1,53,1,1,15,15,0,0,0,808820508,0.04248,-0.00854,0.95776,0.95874,-0.00745,0.00158,-0.00087,0.00767,0.95877,0.00259,0.00904,3,12113,0,1340,0.07004,0.05393,0.76998,93,1,90.751,136,1,3,4295,185610,0,0,0.000,11.088,12.149,0,0.000,15.748,15.385,0,0,1,0,8
PPG,2,20176,808590536,129,171207,190857,190188.969,668.031,31.766,0,0,0,0,78.95,78.95,2,1,16,nan,4,1,53,1,1,16,16,0,0,0,808859530,0.04248,-0.00586,0.95068,0.95165,-0.00825,0.00132,0.00019,0.00836,0.96287,0.01004,0.00836,3,12113,0,1340,0.07004,0.05393,0.76998,93,1,90.751,136,1,3,4297,185610,0,0,0.000,11.088,12.149,0,0.000,15.748,15.385,0,0,1,0,8
PPG,2,20177,808630536,131,171232,190893,190196.016,696.984,63.188,0,0,0,0,78.95,78.95,2,1,16,nan,4,1,53,1,1,17,17,0,0,0,808898476,0.04370,-0.00781,0.95288,0.95391,-0.00772,0.00238,-0.00061,0.00810,0.96361,0.01196,0.00919,3,12114,0,1340,0.07004,0.05393,0.76998,93,1,90.751,136,1,3,2598,185610,0,0,0.000,11.088,12.149,0,0.000,15.748,15.385,0,0,1,0,8
PPG,2,20178,808670536,134,171229,190874,190202.797,671.203,89.516,0,0,0,0,78.95,78.95,2,1,16,nan,4,1,53,1,1,18,18,0,0,0,808940136,0.04150,-0.00513,0.96021,0.96112,-0.00825,0.00212,-0.00007,0.00852,0.96112,0.00436,0.00852,3,12170,0,1340,0.07004,0.05393,0.76998,93,1,90.751,136,1,3,4299,185610,0,0,0.000,11.088,12.149,0,0.000,15.748,15.385,0,0,1,0,8
PPG,2,20179,808710536,143,171229,190880,190209.562,670.438,113.453,0,0,0,0,78.95,78.95,2,1,16,nan,4,1,53,1,1,19,19,0,0,0,808979135,0.04272,-0.00830,0.96387,0.96485,-0.00745,0.00158,-0.00061,0.00764,0.96485,0.00967,0.00841,3,12132,0,1340,0.07004,0.05393,0.76998,93,1,90.751,136,1,3,4300,185610,0,0,0.000,11.088,12.149,0,0.000,15.748,15.385,0,0,1,0,8
PPG,2,20180,808750536,131,171197,190851,190215.984,635.016,129.812,0,0,0,0,78.95,78.95,2,1,16,nan,4,1,53,1,1,20,20,0,0,0,809018183,0.04150,-0.00513,0.96021,0.96112,-0.00718,0.00185,0.00019,0.00742,0.96257,0.00697,0.00787,3,12110,0,1340,0.07004,0.05393,0.76998,93,1,90.751,136,1,3,2604,185610,0,0,0.000,11.088,12.149,0,0.000,15.748,15.385,0,0,1,0,8
PPG,2,20181,808790536,145,171150,190754,190221.359,532.641,127.688,0,0,0,0,78.95,78.95,2,1,16,nan,4,1,53,1,1,21,21,0,0,0,809059842,0.03906,-0.00732,0.96094,0.96176,-0.00692,0.00158,-0.00007,0.00710,0.96176,0.00403,0.00829,3,12123,0,1340,0.07004,0.05393,0.76998,93,1,90.751,136,1,3,4310,185610,0,0,0.000,11.088,12.149,0,0.000,15.748,15.385,0,0,1,0,8
PPG,2,20182,808830536,152,171142,190731,190226.453,504.547,108.078,0,0,0,0,78.95,78.95,2,1,16,nan,4,1,53,1,1,22,22,0,0,0,809098669,0.04102,-0.00439,0.96362,0.96451,-0.00852,0.00158,-0.00007,0.00866,0.96451,0.00413,0.00866,2,24078,0,1341,0.07004,0.05393,0.76998,93,1,90.751,136,1,3,2605,185610,0,0,0.000,11.088,12.149,0,0.000,15.748,15.385,0,0,1,0,8
PPG,2,20183,808870536,132,171179,190786,190232.047,553.953,88.641,0,0,0,0,78.95,78.95,2,1,16,nan,4,1,53,1,1,23,23,0,0,0,809140387,0.04175,-0.00488,0.96289,0.96381,-0.00798,0.00318,-0.00061,0.00862,0.96381,0.00867,0.00862,3,12142,0,1341,0.07004,0.05393,0.76998,93,1,90.751,136,1,3,4327,185610,0,0,0.000,11.088,12.149,0,0.000,15.748,15.385,0,0,1,0,8
PPG,2,20184,808910536,132,171157,190788,190237.609,550.391,65.797,0,0,0,0,78.95,78.95,2,1,16,nan,4,1,53,1,1,24,24,0,0,0,809179380,0.04419,-0.00781,0.95532,0.95638,-0.00878,0.00212,-0.00007,0.00903,0.96031,0.00394,0.00903,3,12118,0,1341,0.07004,0.05393,0.76998,93,1,90.751,136,1,3,4302,185610,0,0,0.000,11.088,12.149,0,0.000,15.748,15.385,0,0,1,0,8
PPG,2,20185,808950536,131,171116,190769,190242.922,526.078,43.188,0,0,0,0,78.95,78.95,2,1,16,nan,4,1,53,1,1,25,25,0,0,0,809218332,0.04175,-0.00879,0.95874,0.95969,-0.00852,0.00158,0.00046,0.00867,0.96206,0.00362,0.00912,3,12115,0,1341,0.07004,0.05393,0.76998,93,1,90.751,136,1,3,2601,185610,0,0,0.000,11.088,12.149,0,0.000,15.748,15.385,0,0,1,0,8
PPG,2,20186,808990536,132,171101,190757,190248.062,508.938,20.422,0,0,0,0,78.95,78.95,2,1,16,nan,4,1,53,1,1,26,26,0,0,0,809260297,0.03931,-0.00854,0.95728,0.95812,-0.00772,0.00132,-0.00061,0.00785,0.96065,0.00565,0.00810,3,12345,0,1341,0.07004,0.05393,0.76998,93,1,90.751,136,1,3,4379,185610,0,0,0.000,11.088,12.149,0,0.000,15.748,15.385,0,0,1,0,8
PPG,2,20187,809030536,128,171125,190783,190253.406,529.594,3.312,0,0,0,0,78.95,78.95,2,1,16,nan,4,1,53,1,1,27,27,0,0,0,809299434,0.04321,-0.00488,0.96094,0.96192,-0.00798,0.00158,-0.00007,0.00814,0.96192,0.00449,0.00843,3,12131,0,1341,0.07004,0.05393,0.76998,93,1,90.751,136,1,3,4374,185610,0,0,0.000,11.088,12.149,0,0.000,15.748,15.385,0,0,1,0,8
PPG,2,20188,809070536,134,171113,190782,190258.688,523.312,0.156,1,0,0,0,78.95,78.95,2,1,16,nan,4,1,53,1,1,28,28,0,0,0,809338466,0.04102,-0.00244,0.95825,0.95913,-0.00798,0.00185,-0.00087,0.00824,0.96259,0.00346,0.00911,3,12113,0,1341,0.07004,0.05393,0.76998,93,1,90.751,136,1,3,2611,185610,0,0,0.000,11.088,12.149,0,201.828,15.748,15.385,1,0,1,0,8
PPG,2,20189,809110536,151,171147,190815,190264.250,550.750,4.406,0,0,1,840,78.95,78.95,2,1,16,nan,4,1,53,1,1,29,29,0,0,0,809380285,0.04053,-0.00317,0.95557,0.95643,-0.00772,0.00132,-0.00007,0.00783,0.96307,0.00808,0.00796,3,12119,0,1341,0.07004,0.05393,0.76998,93,1,90.751,136,1,3,4299,185610,0,0,100.422,11.088,12.149,1,0.000,15.748,15.385,0,1,1,0,8
PPG,2,20190,809150536,147,171156,190854,190270.141,583.859,3.578,0,0,0,0,78.95,78.95,2,1,16,nan,4,1,53,1,1,30,30,0,0,0,809419437,0.04028,-0.00781,0.95850,0.95937,-0.00905,0.00158,-0.00087,0.00923,0.95937,0.00405,0.00923,3,12115,0,1341,0.07004,0.05393,0.76998,93,1,90.751,136,1,3,4297,185610,0,0,0.000,11.175,12.394,0,0.000,15.662,17.134,0,0,1,0,8
PPG,2,20191,809190536,129,171136,190845,190275.891,569.109,2.922,0,0,0,0,78.95,78.95,2,1,16,nan,4,1,53,1,1,31,31,0,0,0,809458745,0.04443,-0.00513,0.96118,0.96222,-0.00772,0.00238,0.00073,0.00811,0.96222,0.00648,0.00836,3,12202,0,1341,0.07004,0.05393,0.76998,93,1,90.751,136,1,3,2632,185610,0,0,0.000,11.175,12.394,0,0.000,15.662,17.134,0,0,1,0,8
PPG,2,20192,809230536,130,171138,190849,190281.625,567.375,6.641,0,0,0,0,78.95,78.95,2,1,16,nan,4,1,53,1,1,0,0,0,0,0,809500776,0.04541,-0.00586,0.95117,0.95227,-0.00825,0.00185,-0.00087,0.00850,0.95939,0.00698,0.00952,3,12316,0,1341,0.07004,0.05393,0.76998,93,1,90.751,136,1,3,4345,185610,0,0,0.000,11.175,12.394,0,0.000,15.662,17.134,0,0,1,0,8
PPG,2,20193,809270536,137,171138,190873,190287.531,585.469,14.812,0,0,0,0,78.95,78.95,2,1,16,nan,4,1,53,1,1,1,1,0,0,0,809540069,0.04126,-0.00708,0.95703,0.95795,-0.00905,0.00212,-0.00061,0.00931,0.95795,0.00567,0.00931,3,12262,0,1341,0.07004,0.05393,0.76998,93,1,90.751,136,1,3,4359,185610,0,0,0.000,11.175,12.394,0,0.000,15.662,17.134,0,0,1,0,8
PPG,2,20194,809310536,533,171168,190932,190293.969,638.031,25.594,0,0,0,0,78.95,78.95,2,1,16,nan,2,2,53,1,1,2,2,0,0,0,809579459,0.04419,-0.00659,0.95508,0.95612,-0.00745,0.00158,-0.00087,0.00767,0.95718,0.00106,0.00790,3,12259,0,1341,0.08310,0.02626,0.31599,94,1,nan,166,1,3,4335,185610,0,0,0.000,11.175,12.394,0,0.000,15.662,17.134,0,0,1,0,8
PPG,2,20195,809350536,181,171195,190946,190300.484,645.516,42.469,0,0,0,0,78.95,78.95,2,1,16,nan,2,2,53,1,1,3,3,0,0,0,809619182,0.04199,-0.00513,0.95728,0.95821,-0.00692,0.00212,0.00019,0.00724,0.96030,0.00364,0.00841,3,12209,0,1341,0.08310,0.02626,0.31599,94,1,nan,166,1,3,2633,185610,0,0,0.000,11.175,12.394,0,0.000,15.662,17.134,0,0,1,0,8
PPG,2,20196,809390536,130,171181,190939,190306.875,632.125,56.094,0,0,0,0,78.95,78.95,2,1,16,nan,2,2,53,1,1,4,4,0,0,0,809661246,0.04004,-0.00781,0.95825,0.95912,-0.00692,0.00185,0.00019,0.00716,0.96505,0.00684,0.00838,3,12292,0,1341,0.08310,0.02626,0.31599,94,1,nan,166,1,3,4352,185610,0,0,0.000,11.175,12.394,0,0.000,15.662,17.134,0,0,1,0,8
PPG,2,20197,809430536,129,171161,190927,190313.078,613.922,64.828,0,0,0,0,78.95,78.95,2,1,16,nan,2,2,53,1,1,5,5,0,0,0,809700489,0.04248,-0.00439,0.95337,0.95433,-0.00745,0.00185,-0.00061,0.00770,0.96059,0.00626,0.00783,3,12212,0,1341,0.08310,0.02626,0.31599,94,1,nan,166,1,3,4341,185610,0,0,0.000,11.175,12.394,0,0.000,15.662,17.134,0,0,1,0,8
PPG,2,20198,809470536,133,171151,190918,190319.125,598.875,73.047,0,0,0,0,78.95,78.95,2,1,16,nan,2,2,53,1,1,6,6,0,0,0,809739757,0.04224,-0.00488,0.96021,0.96115,-0.00905,0.00212,-0.00061,0.00931,0.96115,0.00682,0.00931,3,12254,0,1341,0.08310,0.02626,0.31599,94,1,nan,166,1,3,4328,185610,0,0,0.000,11.175,12.394,0,0.000,15.662,17.134,0,0,1,0,8
PPG,2,20199,809510536,129,171148,190936,190325.297,610.703,82.672,0,0,0,0,78.95,78.95,2,1,16,nan,2,2,53,1,1,7,7,0,0,0,809779072,0.04517,-0.00488,0.96069,0.96177,-0.00825,0.00238,-0.00034,0.00859,0.96177,0.00504,0.00972,3,12216,0,1341,0.08310,0.02626,0.31599,94,1,nan,166,1,3,2623,185610,0,0,0.000,11.175,12.394,0,0.000,15.662,17.134,0,0,1,0,8
PPG,2,20200,809550536,136,171183,190946,190331.500,614.500,88.359,0,0,0,0,78.95,78.95,2,1,16,nan,2,2,53,1,1,8,8,0,0,0,809820944,0.04297,-0.00708,0.95557,0.95656,-0.00718,0.00185,-0.00061,0.00744,0.96282,0.00626,0.00805,3,12260,0,1341,0.08310,0.02626,0.31599,94,1,nan,166,1,3,4335,185610,0,0,0.000,11.175,12.394,0,0.000,15.662,17.134,0,0,1,0,8
PPG,2,20201,809590536,147,171221,190935,190337.531,597.469,79.734,0,0,0,0,78.95,78.95,2,1,16,nan,2,2,53,1,1,9,9,0,0,0,809860222,0.04712,-0.00977,0.95679,0.95800,-0.00852,0.00105,-0.00007,0.00858,0.95800,0.00407,0.00858,3,12274,0,1341,0.08310,0.02626,0.31599,94,1,nan,166,1,3,4329,185610,0,0,0.000,11.175,12.394,0,0.000,15.662,17.134,0,0,1,0,8
PPG,2,20202,809630536,147,171214,190942,190343.578,598.422,68.625,0,0,0,0,78.95,78.95,2,1,16,nan,2,2,53,1,1,10,10,0,0,0,809899453,0.04248,-0.00757,0.95410,0.95508,-0.00958,0.00105,0.00019,0.00964,0.96244,0.00736,0.00975,3,12212,0,1341,0.08310,0.02626,0.31599,94,1,nan,166,1,3,4329,185610,0,0,0.000,11.175,12.394,0,0.000,15.662,17.134,0,0,1,0,8
PPG,2,20203,809670536,130,171259,191004,190350.188,653.812,67.000,0,0,0,0,78.95,78.95,2,1,16,nan,2,2,53,1,1,11,11,0,0,0,809938708,0.04297,-0.00830,0.95581,0.95681,-0.00825,0.00132,-0.00141,0.00847,0.96603,0.01095,0.00847,3,12235,0,1341,0.08310,0.02626,0.31599,94,1,nan,166,1,3,2635,185610,0,0,0.000,11.175,12.394,0,0.000,15.662,17.134,0,0,1,0,8
PPG,2,20204,809710536,130,171237,190983,190356.516,626.484,65.250,0,0,0,0,78.95,78.95,2,1,16,nan,2,2,53,1,1,12,12,0,0,0,809980710,0.04224,-0.00513,0.95532,0.95627,-0.00772,0.00292,-0.00061,0.00827,0.95627,0.00915,0.00880,3,12231,0,1341,0.08310,0.02626,0.31599,94,1,nan,166,1,3,4323,185610,0,0,0.000,11.175,12.394,0,0.000,15.662,17.134,0,0,1,0,8
PPG,2,20205,809750536,138,171219,190975,190362.703,612.297,63.094,0,0,0,0,78.95,78.95,2,1,16,nan,2,2,53,1,1,13,13,0,0,0,810019961,0.04175,0.00146,0.95996,0.96087,-0.00958,0.00105,-0.00087,0.00968,0.96087,0.00690,0.00968,3,12229,0,1341,0.08310,0.02626,0.31599,94,1,nan,166,1,3,4331,185610,0,0,0.000,11.175,12.394,0,0.000,15.662,17.134,0,0,1,0,8
PPG,2,20206,809790536,129,171198,190966,190368.734,597.266,56.922,0,0,0,0,78.95,78.95,2,1,16,nan,2,2,53,1,1,14,14,0,0,0,810059175,0.04565,-0.00684,0.95581,0.95692,-0.00798,0.00158,0.00046,0.00815,0.95730,0.00357,0.00916,3,12228,0,1341,0.08310,0.02626,0.31599,94,1,nan,166,1,3,2633,185610,0,0,0.000,11.175,12.394,0,0.000,15.662,17.134,0,0,1,0,8
PPG,2,20207,809830536,153,171180,190923,190374.281,548.719,46.641,0,0,0,0,78.95,78.95,2,1,16,nan,2,2,53,1,1,15,15,0,0,0,810101266,0.04102,-0.00415,0.96094,0.96182,-0.00772,0.00158,-0.00034,0.00788,0.96182,0.00325,0.00859,2,24797,0,1342,0.08310,0.02626,0.31599,94,1,nan,166,1,3,4385,185610,0,0,0.000,11.175,12.394,0,0.000,15.662,17.134,0,0,1,0,8
PPG,2,20208,809870536,134,171151,190885,190379.391,505.609,34.344,1,0,0,0,78.95,78.95,2,1,16,nan,2,2,53,1,1,16,16,0,0,0,810140393,0.04150,-0.00708,0.95752,0.95844,-0.00745,0.00185,-0.00114,0.00776,0.95935,0.00405,0.00847,3,12159,0,1342,0.08310,0.02626,0.31599,94,1,nan,166,1,3,4298,185610,0,0,0.000,11.175,12.394,0,85.438,15.662,17.134,1,0,1,0,8
PPG,2,20209,809910536,155,171143,190854,190384.141,469.859,19.828,0,0,1,800,76.92,76.92,2,1,16,nan,2,2,53,1,1,17,17,0,0,0,810179470,0.04419,-0.00586,0.95532,0.95636,-0.00878,0.00238,-0.00087,0.00914,0.96086,0.00355,0.00914,3,12134,0,1342,0.08310,0.02626,0.31599,94,1,nan,166,1,3,2599,185610,0,0,55.125,11.175,12.394,1,0.000,15.662,17.134,0,1,1,0,8
PPG,2,20210,809950536,144,171155,190862,190388.922,473.078,-0.859,0,0,0,0,76.92,76.92,2,1,16,nan,2,2,53,1,1,18,18,0,0,0,810221134,0.04590,-0.00903,0.95483,0.95598,-0.00852,0.00292,-0.00061,0.00902,0.96497,0.00899,0.00902,3,12129,0,1342,0.08310,0.02626,0.31599,94,1,nan,166,1,3,4300,185610,0,0,0.000,10.968,11.813,0,0.000,15.268,16.224,0,0,1,0,8
PPG,2,20211,809990536,133,171160,190890,190393.938,496.062,-16.391,0,0,0,0,76.92,76.92,2,1,16,nan,2,2,53,1,1,19,19,0,0,0,810260083,0.04443,-0.00439,0.95850,0.95954,-0.00798,0.00185,-0.00087,0.00824,0.96069,0.00241,0.00824,3,12123,0,1342,0.08310,0.02626,0.31599,94,1,nan,166,1,3,4303,185610,0,0,0.000,10.968,11.813,0,0.000,15.268,16.224,0,0,1,0,8
PPG,2,20212,810030536,131,171148,190913,190399.125,513.875,-28.453,0,0,0,0,76.92,76.92,2,1,16,nan,2,2,53,1,1,20,20,0,0,0,810299145,0.04248,-0.00586,0.96240,0.96336,-0.00798,0.00105,-0.00034,0.00806,0.96336,0.00758,0.00880,3,12121,0,1342,0.08310,0.02626,0.31599,94,1,nan,166,1,3,2595,185610,0,0,0.000,10.968,11.813,0,0.000,15.268,16.224,0,0,1,0,8
PPG,2,20213,810070536,129,171130,190890,190404.031,485.969,-40.156,0,0,0,0,76.92,76.92,2,1,16,nan,2,2,53,1,1,21,21,0,0,0,810340667,0.04395,-0.00757,0.95605,0.95709,-0.00772,0.00052,-0.00061,0.00776,0.96153,0.00460,0.00776,3,12121,0,1342,0.08310,0.02626,0.31599,94,1,nan,166,1,3,4303,185610,0,0,0.000,10.968,11.813,0,0.000,15.268,16.224,0,0,1,0,8
PPG,2,20214,810110536,130,171096,190845,190408.438,436.562,-46.953,0,0,0,0,76.92,76.92,2,1,16,nan,2,2,53,1,1,22,22,0,0,0,810379656,0.04663,-0.00439,0.95337,0.95452,-0.00745,0.00105,-0.00061,0.00755,0.96022,0.00315,0.00854,3,12143,0,1342,0.08310,0.02626,0.31599,94,1,nan,166,1,3,4302,185610,0,0,0.000,10.968,11.813,0,0.000,15.268,16.224,0,0,1,0,8
PPG,2,20215,810150536,128,171029,190754,190411.891,342.109,-56.062,0,0,0,0,76.92,76.92,2,1,16,nan,2,2,53,1,1,23,23,0,0,0,810418660,0.04492,-0.00366,0.95459,0.95565,-0.00798,0.00238,-0.00061,0.00835,0.95832,0.00283,0.00835,3,12114,0,1342,0.08310,0.02626,0.31599,94,1,nan,166,1,3,2594,185610,0,0,0.000,10.968,11.813,0,0.000,15.268,16.224,0,0,1,0,8
PPG,2,20216,810190536,129,170987,190741,190415.188,325.812,-62.312,0,0,0,0,76.92,76.92,2,1,16,nan,2,2,53,1,1,24,24,0,0,0,810460248,0.04321,-0.00488,0.95972,0.96070,-0.00798,0.00185,-0.00167,0.00836,0.96070,0.00375,0.00836,3,12126,0,1342,0.08310,0.02626,0.31599,94,1,nan,166,1,3,4295,185610,0,0,0.000,10.968,11.813,0,0.000,15.268,16.224,0,0,1,0,8
PPG,2,20217,810230536,130,171020,190763,190418.672,344.328,-68.250,0,0,0,0,76.92,76.92,2,1,16,nan,2,2,53,1,1,25,25,0,0,0,810499297,0.04175,-0.00659,0.96704,0.96796,-0.00825,0.00132,-0.00087,0.00840,0.96796,0.00713,0.00859,3,12117,0,1342,0.08310,0.02626,0.31599,94,1,nan,166,1,3,2595,185610,0,0,0.000,10.968,11.813,0,0.000,15.268,16.224,0,0,1,0,8
PPG,2,20218,810270536,129,170989,190755,190422.031,332.969,-79.375,0,0,0,0,76.92,76.92,2,1,16,nan,2,2,53,1,1,26,26,0,0,0,810540824,0.04297,-0.00732,0.95264,0.95363,-0.00852,0.00079,-0.00114,0.00863,0.95867,0.00929,0.00863,3,12117,0,1342,0.08310,0.02626,0.31599,94,1,nan,166,1,3,4305,185610,0,0,0.000,10.968,11.813,0,0.000,15.268,16.224,0,0,1,0,8
PPG,2,20219,810310536,516,170982,190734,190425.156,308.844,-94.859,0,0,0,0,76.92,76.92,2,1,16,nan,2,2,53,1,1,27,27,0,0,0,810579819,0.04175,-0.00562,0.95898,0.95991,-0.00825,0.00158,-0.00061,0.00842,0.95991,0.00326,0.00904,3,12146,0,1342,0.07918,0.03031,0.38284,99,1,100.429,125,1,3,4307,185610,0,0,0.000,10.968,11.813,0,0.000,15.268,16.224,0,0,1,0,8
PPG,2,20220,810350536,180,170974,190641,190427.312,213.688,-115.172,0,0,0,0,76.92,76.92,2,1,16,nan,2,2,53,1,1,28,28,0,0,0,810619233,0.04517,-0.01074,0.95654,0.95767,-0.00718,0.00185,0.00046,0.00743,0.96096,0.00416,0.00743,3,12130,0,1342,0.07918,0.03031,0.38284,99,1,100.429,125,1,3,2606,185610,0,0,0.000,10.968,11.813,0,0.000,15.268,16.224,0,0,1,0,8
PPG,2,20221,810390536,138,170933,190587,190428.906,158.094,-134.625,0,0,0,0,76.92,76.92,2,1,16,nan,2,2,53,1,1,29,29,0,0,0,810660936,0.04443,-0.00830,0.95850,0.95956,-0.00878,0.00318,-0.00034,0.00935,0.96178,0.00412,0.00935,3,12120,0,1342,0.07918,0.03031,0.38284,99,1,100.429,125,1,3,4298,185610,0,0,0.000,10.968,11.813,0,0.000,15.268,16.224,0,0,1,0,8
PPG,2,20222,810430536,129,170943,190631,190430.922,200.078,-136.656,0,0,0,0,76.92,76.92,2,1,16,nan,2,2,53,1,1,30,30,0,0,0,810699921,0.03857,-0.00439,0.95459,0.95538,-0.00931,0.00158,-0.00034,0.00945,0.95958,0.00408,0.00945,3,12118,0,1342,0.07918,0.03031,0.38284,99,1,100.429,125,1,3,4296,185610,0,0,0.000,10.968,11.813,0,0.000,15.268,16.224,0,0,1,0,8
PPG,2,20223,810470536,127,170999,190707,190433.688,273.312,-126.672,0,0,0,0,76.92,76.92,2,1,16,nan,2,2,53,1,1,31,31,0,0,0,810738886,0.04565,-0.00342,0.95215,0.95325,-0.00745,0.00158,-0.00087,0.00767,0.95947,0.00409,0.00796,3,12130,0,1342,0.07918,0.03031,0.38284,99,1,100.429,125,1,3,2595,185610,0,0,0.000,10.968,11.813,0,0.000,15.268,16.224,0,0,1,0,8
PPG,2,20224,810510536,132,171026,190779,190437.141,341.859,-114.172,0,0,0,0,76.92,76.92,2,1,16,nan,2,2,53,1,1,0,0,0,0,0,810780604,0.04175,-0.00464,0.95776,0.95868,-0.00745,0.00185,0.00019,0.00768,0.96060,0.00736,0.00768,3,12210,0,1342,0.07918,0.03031,0.38284,99,1,100.429,125,1,3,4361,185610,0,0,0.000,10.968,11.813,0,0.000,15.268,16.224,0,0,1,0,8
PPG,2,20225,810550536,129,171093,190834,190441.109,392.891,-95.844,0,0,0,0,76.92,76.92,2,1,16,nan,2,2,53,1,1,1,1,0,0,0,810819864,0.04175,-0.00806,0.95850,0.95944,-0.00772,0.00158,-0.00061,0.00790,0.96437,0.00818,0.00804,3,12117,0,1342,0.07918,0.03031,0.38284,99,1,100.429,125,1,3,4302,185610,0,0,0.000,10.968,11.813,0,0.000,15.268,16.224,0,0,1,0,8
PPG,2,20226,810590536,130,171115,190886,190445.562,440.438,-70.125,0,0,0,0,76.92,76.92,2,1,16,nan,2,2,53,1,1,2,2,0,0,0,810858875,0.04175,-0.00708,0.95044,0.95138,-0.00905,0.00132,-0.00194,0.00935,0.96416,0.00987,0.00935,3,12108,0,1342,0.07918,0.03031,0.38284,99,1,100.429,125,1,3,2596,185610,0,0,0.000,10.968,11.813,0,0.000,15.268,16.224,0,0,1,0,8
PPG,2,20227,810630536,129,171130,190896,190450.062,445.938,-32.344,0,0,0,0,76.92,76.92,2,1,16,nan,2,2,53,1,1,3,3,0,0,0,810900546,0.04639,-0.00513,0.95874,0.95988,-0.00798,0.00212,-0.00087,0.00830,0.95988,0.00398,0.00830,3,12138,0,1342,0.07918,0.03031,0.38284,99,1,100.429,125,1,3,4298,185610,0,0,0.000,10.968,11.813,0,0.000,15.268,16.224,0,0,1,0,8
PPG,2,20228,810670536,130,171131,190912,190454.688,457.312,12.719,0,0,0,0,76.92,76.92,2,1,16,nan,2,2,53,1,1,4,4,0,0,0,810939578,0.04468,-0.00806,0.95605,0.95713,-0.00905,0.00185,-0.00061,0.00926,0.96870,0.01157,0.00926,3,12112,0,1342,0.07918,0.03031,0.38284,99,1,100.429,125,1,3,2600,185610,0,0,0.000,10.968,11.813,0,0.000,15.268,16.224,0,0,1,0,8
PPG,2,20229,810710536,129,171153,190944,190459.578,484.422,52.938,0,0,0,0,76.92,76.92,2,1,16,nan,2,2,53,1,1,5,5,0,0,0,810981254,0.04395,-0.00586,0.96143,0.96245,-0.00692,0.00158,-0.00114,0.00719,0.96302,0.00589,0.00933,3,12158,0,1342,0.07918,0.03031,0.38284,99,1,100.429,125,1,3,4330,185610,0,0,0.000,10.968,11.813,0,0.000,15.268,16.224,0,0,1,0,8
PPG,2,20230,810750536,129,171168,190976,190464.750,511.250,85.672,0,0,0,0,76.92,76.92,2,1,16,nan,2,2,53,1,1,6,6,0,0,0,811020295,0.04468,-0.00610,0.95581,0.95687,-0.00852,0.00105,-0.00114,0.00866,0.95920,0.01047,0.00866,3,12124,0,1342,0.07918,0.03031,0.38284,99,1,100.429,125,1,3,4304,185610,0,0,0.000,10.968,11.813,0,0.000,15.268,16.224,0,0,1,0,8
PPG,2,20231,810790536,127,171153,190970,190469.797,500.203,108.953,0,0,0,0,76.92,76.92,2,1,16,nan,2,2,53,1,1,7,7,0,0,0,811059257,0.04248,-0.00928,0.96338,0.96436,-0.00825,0.00292,-0.00034,0.00876,0.96436,0.01013,0.00876,3,12122,0,1342,0.07918,0.03031,0.38284,99,1,100.429,125,1,3,2610,185610,0,0,0.000,10.968,11.813,0,0.000,15.268,16.224,0,0,1,0,8
PPG,2,20232,810830536,135,171161,190975,190474.844,500.156,126.000,0,0,0,0,76.92,76.92,2,1,16,nan,2,2,53,1,1,8,8,0,0,0,811100646,0.04443,-0.00513,0.95947,0.96051,-0.00852,0.00105,-0.00087,0.00862,0.96051,0.00428,0.00862,2,24115,0,1343,0.07918,0.03031,0.38284,99,1,100.429,125,1,3,4377,185610,0,0,0.000,10.968,11.813,0,0.000,15.268,16.224,0,0,1,0,8
PPG,2,20233,810870536,132,171138,190942,190479.516,462.484,131.406,0,0,0,0,76.92,76.92,2,1,16,nan,2,2,53,1,1,9,9,0,0,0,811139670,0.04346,-0.00488,0.95190,0.95291,-0.00745,0.00158,-0.00061,0.00764,0.95626,0.00426,0.00826,3,12109,0,1343,0.07918,0.03031,0.38284,99,1,100.429,125,1,3,2600,185610,0,0,0.000,10.968,11.813,0,0.000,15.268,16.224,0,0,1,0,8
PPG,2,20234,810910536,162,171108,190917,190483.891,433.109,130.797,0,0,0,0,76.92,76.92,2,1,16,nan,2,2,53,1,1,10,10,0,0,0,811181232,0.04321,-0.00732,0.96289,0.96389,-0.00745,0.00212,-0.00114,0.00783,0.96389,0.00836,0.00882,3,12127,0,1343,0.07918,0.03031,0.38284,99,1,100.429,125,1,3,4313,185610,0,0,0.000,10.968,11.813,0,0.000,15.268,16.224,0,0,1,0,8
PPG,2,20235,810950536,129,171127,190942,190488.469,453.531,125.688,0,0,0,0,76.92,76.92,2,1,16,nan,2,2,53,1,1,11,11,0,0,0,811220246,0.04053,-0.00684,0.96265,0.96352,-0.00798,0.00105,0.00019,0.00805,0.96352,0.00363,0.00861,3,12118,0,1343,0.07918,0.03031,0.38284,99,1,100.429,125,1,3,4300,185610,0,0,0.000,10.968,11.813,0,0.000,15.268,16.224,0,0,1,0,8
PPG,2,20236,810990536,132,171131,190958,190493.156,464.844,116.828,0,0,0,0,76.92,76.92,2,1,16,nan,2,2,53,1,1,12,12,0,0,0,811259257,0.03833,-0.00684,0.96289,0.96368,-0.00772,0.00158,0.00099,0.00794,0.96368,0.00670,0.00853,3,12122,0,1343,0.07918,0.03031,0.38284,99,1,100.429,125,1,3,2600,185610,0,0,0.000,10.968,11.813,0,0.000,15.268,16.224,0,0,1,0,8
PPG,2,20237,811030536,131,171095,190906,190497.281,408.719,99.688,0,1,0,0,76.92,76.92,2,1,16,nan,2,2,53,1,1,13,13,0,0,0,811300847,0.04175,-0.00537,0.95996,0.96088,-0.00798,0.00132,-0.00034,0.00810,0.96307,0.00542,0.00816,3,12136,0,1343,0.07918,0.03031,0.38284,99,1,100.429,125,1,3,4306,185610,0,0,0.000,10.968,11.813,0,0.000,15.268,16.224,0,0,1,0,8
PPG,2,20238,811070536,132,171040,190798,190500.281,297.719,72.969,0,0,0,0,76.92,76.92,2,1,16,nan,2,2,53,1,1,14,14,0,0,0,811339848,0.04321,-0.00562,0.95166,0.95266,-0.00798,0.00212,-0.00061,0.00828,0.96063,0.00828,0.00905,3,12116,0,1343,0.07918,0.03031,0.38284,99,1,100.429,125,1,3,2598,185610,0,0,0.000,10.968,11.813,0,0.000,15.268,16.224,0,0,1,0,8
PPG,2,20239,811110536,129,171026,190755,190502.828,252.172,40.484,0,0,0,0,76.92,76.92,2,1,16,nan,2,2,53,1,1,15,15,0,0,0,811381408,0.04297,-0.00586,0.95923,0.96021,-0.00772,0.00212,-0.00034,0.00801,0.96201,0.00766,0.00843,3,12113,0,1343,0.07918,0.03031,0.38284,99,1,100.429,125,1,3,4295,185610,0,0,0.000,10.968,11.813,0,0.000,15.268,16.224,0,0,1,0,8
PPG,2,20240,811150536,130,171054,190802,190505.812,296.188,12.438,0,0,0,0,76.92,76.92,2,1,16,nan,2,2,53,1,1,16,16,0,0,0,811420354,0.04370,-0.00610,0.95801,0.95902,-0.00638,0.00185,-0.00034,0.00666,0.95902,0.00599,0.00729,3,12111,0,1343,0.07918,0.03031,0.38284,99,1,100.429,125,1,3,4303,185610,0,0,0.000,10.968,11.813,0,0.000,15.268,16.224,0,0,1,0,8
PPG,2,20241,811190536,152,171046,190818,190508.938,309.062,-13.266,1,0,1,1300,75.00,75.00,2,1,16,nan,2,2,53,1,1,17,17,0,0,0,811459394,0.03857,-0.00708,0.96460,0.96540,-0.00772,0.00238,-0.00087,0.00812,0.96810,0.00536,0.00905,3,12116,0,1343,0.07918,0.03031,0.38284,99,1,100.429,125,1,3,2595,185610,0,0,209.203,10.968,11.813,1,268.062,15.268,16.224,1,1,1,0,8
PPG,2,20242,811230536,132,171044,190827,190512.125,314.875,-39.484,0,0,0,0,75.00,75.00,2,1,16,nan,2,2,53,1,1,18,18,0,0,0,811501144,0.04248,-0.00537,0.95239,0.95335,-0.00772,0.00185,-0.00114,0.00802,0.96177,0.00439,0.00892,3,12147,0,1343,0.07918,0.03031,0.38284,99,1,100.429,125,1,3,4297,185610,0,0,0.000,11.750,14.009,0,0.000,16.064,18.062,0,0,1,0,8
PPG,2,20243,811270536,131,171038,190837,190515.375,321.625,-63.281,0,0,0,0,75.00,75.00,2,1,16,nan,2,2,53,1,1,19,19,0,0,0,811540100,0.04150,-0.00415,0.95801,0.95892,-0.00852,0.00265,-0.00114,0.00899,0.95892,0.00503,0.00940,3,12118,0,1343,0.07918,0.03031,0.38284,99,1,100.429,125,1,3,4299,185610,0,0,0.000,11.750,14.009,0,0.000,16.064,18.062,0,0,1,0,8
PPG,2,20244,811310536,512,171028,190821,190518.438,302.562,-77.516,0,0,0,0,75.00,75.00,2,1,16,nan,2,2,53,1,1,20,20,0,0,0,811579027,0.04492,-0.00317,0.95630,0.95736,-0.00745,0.00212,-0.00007,0.00775,0.96559,0.00799,0.00882,3,12106,0,1343,0.06221,0.03925,0.63093,93,1,94.227,78,1,3,2595,185610,0,0,0.000,11.750,14.009,0,0.000,16.064,18.062,0,0,1,0,8
PPG,2,20245,811350536,181,171037,190829,190521.547,307.453,-72.828,0,0,0,0,75.00,75.00,2,1,16,nan,2,2,53,1,1,21,21,0,0,0,811621129,0.04517,-0.00391,0.95752,0.95859,-0.00745,0.00345,-0.00061,0.00823,0.95859,0.00173,0.00823,3,12118,0,1343,0.06221,0.03925,0.63093,93,1,94.227,78,1,3,4298,185610,0,0,0.000,11.750,14.009,0,0.000,16.064,18.062,0,0,1,0,8
PPG,2,20246,811390536,134,171061,190869,190525.016,343.984,-55.703,0,0,0,0,75.00,75.00,2,1,16,nan,2,2,53,1,1,22,22,0,0,0,811660135,0.04468,-0.00757,0.95898,0.96005,-0.00852,0.00158,-0.00061,0.00868,0.96023,0.00217,0.00870,3,12124,0,1343,0.06221,0.03925,0.63093,93,1,94.227,78,1,3,4300,185610,0,0,0.000,11.750,14.009,0,0.000,16.064,18.062,0,0,1,0,8
PPG,2,20247,811430536,129,171096,190951,190529.281,421.719,-37.172,0,0,0,0,75.00,75.00,2,1,16,nan,2,2,53,1,1,23,23,0,0,0,811699112,0.04297,-0.00806,0.95630,0.95730,-0.00798,0.00212,-0.00167,0.00843,0.96436,0.01158,0.00843,3,12154,0,1343,0.06221,0.03925,0.63093,93,1,94.227,78,1,3,2599,185610,0,0,0.000,11.750,14.009,0,0.000,16.064,18.062,0,0,1,0,8
PPG,2,20248,811470536,130,171162,191054,190534.531,519.469,-10.547,0,0,0,0,75.00,75.00,2,1,16,nan,2,2,53,1,1,24,24,0,0,0,811740666,0.04126,-0.00415,0.96045,0.96134,-0.00772,0.00238,-0.00141,0.00820,0.96134,0.00333,0.00852,3,12120,0,1343,0.06221,0.03925,0.63093,93,1,94.227,78,1,3,4304,185610,0,0,0.000,11.750,14.009,0,0.000,16.064,18.062,0,0,1,0,8
PPG,2,20249,811510536,129,171218,191131,190540.500,590.500,23.516,0,0,0,0,75.00,75.00,2,1,16,nan,2,2,53,1,1,25,25,0,0,0,811779619,0.04102,-0.00610,0.95435,0.95525,-0.00692,0.00185,-0.00007,0.00716,0.96291,0.00766,0.00812,3,12119,0,1343,0.06221,0.03925,0.63093,93,1,94.227,78,1,3,2597,185610,0,0,0.000,11.750,14.009,0,0.000,16.064,18.062,0,0,1,0,8
PPG,2,20250,811550536,130,171247,191185,190546.938,638.062,62.797,0,0,0,0,75.00,75.00,2,1,16,nan,2,2,53,1,1,26,26,0,0,0,811821362,0.04248,-0.00952,0.95581,0.95680,-0.00692,0.00212,-0.00141,0.00737,0.96237,0.00557,0.00764,3,12155,0,1343,0.06221,0.03925,0.63093,93,1,94.227,78,1,3,4300,185610,0,0,0.000,11.750,14.009,0,0.000,16.064,18.062,0,0,1,0,8
PPG,2,20251,811590536,129,171220,191159,190553.062,605.938,101.625,0,0,0,0,75.00,75.00,2,1,16,nan,2,2,53,1,1,27,27,0,0,0,811860548,0.04272,-0.00610,0.95435,0.95532,-0.00745,0.00132,-0.00194,0.00781,0.95939,0.00407,0.00813,3,12205,0,1343,0.06221,0.03925,0.63093,93,1,94.227,78,1,3,4295,185610,0,0,0.000,11.750,14.009,0,0.000,16.064,18.062,0,0,1,0,8
PPG,2,20252,811630536,130,171130,191079,190558.328,520.672,132.141,0,0,0,0,75.00,75.00,2,1,16,nan,2,2,53,1,1,28,28,0,0,0,811899943,0.04370,-0.00488,0.95483,0.95585,-0.00718,0.00185,0.00046,0.00743,0.96044,0.00512,0.00757,3,12242,0,1343,0.06221,0.03925,0.63093,93,1,94.227,78,1,3,2647,185610,0,0,0.000,11.750,14.009,0,0.000,16.064,18.062,0,0,1,0,8
PPG,2,20253,811670536,137,171075,191006,190562.812,443.188,148.516,0,0,0,0,75.00,75.00,2,1,16,nan,2,2,53,1,1,29,29,0,0,0,811941979,0.04199,-0.00513,0.95825,0.95919,-0.00798,0.00212,-0.00007,0.00826,0.96006,0.00336,0.00826,3,12294,0,1343,0.06221,0.03925,0.63093,93,1,94.227,78,1,3,4337,185610,0,0,0.000,11.750,14.009,0,0.000,16.064,18.062,0,0,1,0,8
PPG,2,20254,811710536,150,171060,191009,190567.281,441.719,152.203,0,0,0,0,75.00,75.00,2,1,16,nan,2,2,53,1,1,30,30,0,0,0,811981336,0.04346,-0.00513,0.96021,0.96120,-0.00825,0.00185,-0.00007,0.00845,0.96120,0.00964,0.00845,3,12200,0,1343,0.06221,0.03925,0.63093,93,1,94.227,78,1,3,4351,185610,0,0,0.000,11.750,14.009,0,0.000,16.064,18.062,0,0,1,0,8
PPG,2,20255,811750536,167,171037,190957,190571.172,385.828,137.594,0,0,0,0,75.00,75.00,2,1,16,nan,2,2,53,1,1,31,31,0,0,0,812020734,0.03955,-0.00952,0.96167,0.96253,-0.00772,0.00025,-0.00114,0.00780,0.96253,0.00379,0.00821,3,12250,0,1343,0.06221,0.03925,0.63093,93,1,94.227,78,1,3,4335,185610,0,0,0.000,11.750,14.009,0,0.000,16.064,18.062,0,0,1,0,8
PPG,2,20256,811790536,129,170972,190817,190573.625,243.375,99.781,0,0,0,0,75.00,75.00,2,1,16,nan,2,2,53,1,1,0,0,0,0,0,812060074,0.04053,-0.00781,0.95361,0.95451,-0.00745,0.00212,-0.00007,0.00775,0.95646,0.00607,0.00863,3,12213,0,1343,0.06221,0.03925,0.63093,93,1,94.227,78,1,3,2655,185610,0,0,0.000,11.750,14.009,0,0.000,16.064,18.062,0,0,1,0,8
PPG,2,20257,811830536,142,170956,190744,190575.328,168.672,44.875,0,0,0,0,75.00,75.00,2,1,16,nan,2,2,53,2,2,2,2,0,0,0,812164595,0.04150,-0.00488,0.96167,0.96258,-0.00772,0.00265,-0.00141,0.00828,0.96429,0.00978,0.00882,3,62785,0,1349,0.06221,0.03925,0.63093,93,1,94.227,78,1,3,62742,185610,0,0,0.000,11.750,14.009,0,0.000,16.064,18.062,0,0,1,0,8
PPG,2,20258,811870536,40,170983,190810,190577.672,232.328,-5.578,0,0,0,0,75.00,75.00,2,1,16,nan,2,2,53,2,2,2,2,0,0,0,812164595,0.04150,-0.00488,0.96167,0.96258,-0.00772,0.00265,-0.00141,0.00828,0.00000,0.00000,0.00000,0,62785,0,1349,0.06221,0.03925,0.63093,93,1,94.227,78,1,3,62742,185610,0,0,0.000,11.750,14.009,0,0.000,16.064,18.062,0,0,1,0,8
PPG,2,20259,811910536,136,171029,190913,190581.031,331.969,-37.188,0,0,0,0,75.00,75.00,2,1,16,nan,2,2,53,1,1,3,3,0,0,0,812178118,0.03809,-0.00513,0.96045,0.96122,-0.00905,0.00105,-0.00141,0.00922,0.96122,0.00136,0.00922,1,13523,0,1349,0.06221,0.03925,0.63093,93,1,94.227,78,1,3,10115,185610,0,0,0.000,11.750,14.009,0,0.000,16.064,18.062,0,0,1,0,8
PPG,2,20260,811950536,129,171081,190965,190584.875,380.125,-51.188,0,0,0,0,75.00,75.00,2,1,16,nan,2,2,53,1,1,4,4,0,0,0,812223162,0.04102,-0.00439,0.96045,0.96133,-0.00745,0.00265,-0.00167,0.00808,0.96544,0.00410,0.00845,3,12232,0,1350,0.06221,0.03925,0.63093,93,1,94.227,78,1,3,2617,185610,0,0,0.000,11.750,14.009,0,0.000,16.064,18.062,0,0,1,0,8
PPG,2,20261,811990536,132,171093,190990,190588.922,401.078,-62.516,0,0,0,0,75.00,75.00,2,1,16,nan,2,2,53,1,1,5,5,0,0,0,812259888,0.04272,-0.00635,0.94946,0.95044,-0.00905,0.00212,-0.00007,0.00929,0.95515,0.00709,0.00929,3,12246,0,1350,0.06221,0.03925,0.63093,93,1,94.227,78,1,3,2623,185610,0,0,124.375,11.750,14.009,1,0.000,16.064,18.062,0,0,1,0,8
PPG,2,20262,812030536,157,171092,191006,190593.094,412.906,-64.453,1,0,1,820,75.00,75.00,2,1,16,nan,2,2,53,1,1,6,6,0,0,0,812301792,0.04517,-0.00732,0.96533,0.96642,-0.00825,0.00238,-0.00141,0.00870,0.96642,0.00576,0.00870,3,12239,0,1350,0.06221,0.03925,0.63093,93,1,94.227,78,1,3,4340,185610,0,0,0.000,11.750,14.009,0,229.719,16.064,18.062,1,1,1,0,8
PPG,2,20263,812070536,130,171088,190980,190596.969,383.031,-48.328,0,0,0,0,75.00,75.00,2,1,16,nan,2,2,53,1,1,7,7,0,0,0,812341168,0.04199,-0.00781,0.96021,0.96115,-0.00772,0.00132,-0.00167,0.00800,0.96245,0.00777,0.00889,3,12241,0,1350,0.06221,0.03925,0.63093,93,1,94.227,78,1,3,4338,185610,0,0,0.000,11.904,14.442,0,0.000,16.522,19.116,0,0,1,0,8
PPG,2,20264,812110536,130,171060,190943,190600.422,342.578,-25.984,0,0,0,0,75.00,75.00,2,1,16,nan,2,2,53,1,1,8,8,0,0,0,812380432,0.04541,-0.00610,0.96069,0.96179,-0.00772,0.00265,-0.00034,0.00817,0.96179,0.00759,0.00837,3,12237,0,1350,0.06221,0.03925,0.63093,93,1,94.227,78,1,3,4338,185610,0,0,0.000,11.904,14.442,0,0.000,16.522,19.116,0,0,1,0,8
PPG,2,20265,812150536,130,171013,190928,190603.703,324.297,-14.078,0,0,0,0,75.00,75.00,2,1,16,nan,2,2,53,1,1,9,9,0,0,0,812419735,0.04004,-0.00854,0.96069,0.96157,-0.00692,0.00185,-0.00007,0.00716,0.96495,0.01086,0.00883,3,12294,0,1350,0.06221,0.03925,0.63093,93,1,94.227,78,1,3,2624,185610,0,0,0.000,11.904,14.442,0,0.000,16.522,19.116,0,0,1,0,8
PPG,2,20266,812190536,152,171015,190915,190606.812,308.188,-16.094,0,0,0,0,75.00,75.00,2,1,16,nan,2,2,53,1,1,10,10,0,0,0,812461607,0.03784,-0.00659,0.95215,0.95292,-0.00798,0.00238,-0.00194,0.00855,0.96283,0.00990,0.00870,3,12223,0,1350,0.06221,0.03925,0.63093,93,1,94.227,78,1,3,4336,185610,0,0,0.000,11.904,14.442,0,0.000,16.522,19.116,0,0,1,0,8
PPG,2,20267,812230536,153,170990,190916,190609.906,306.094,-21.344,0,0,0,0,75.00,75.00,2,1,16,nan,2,2,53,1,1,11,11,0,0,0,812500977,0.04443,-0.00586,0.95776,0.95881,-0.00745,0.00132,-0.00114,0.00765,0.96301,0.00926,0.00858,3,12270,0,1350,0.06221,0.03925,0.63093,93,1,94.227,78,1,3,4307,185610,0,0,0.000,11.904,14.442,0,0.000,16.522,19.116,0,0,1,0,8
PPG,2,20268,812270536,129,171012,190962,190613.422,348.578,-20.750,0,0,0,0,75.00,75.00,2,1,16,nan,2,2,53,1,1,12,12,0,0,0,812540275,0.03638,-0.00562,0.95923,0.95993,-0.00905,0.00185,-0.00087,0.00928,0.96344,0.00462,0.00928,3,12323,0,1350,0.06221,0.03925,0.63093,93,1,94.227,78,1,3,2602,185610,0,0,0.000,11.904,14.442,0,0.000,16.522,19.116,0,0,1,0,8
PPG,2,20269,812310536,521,171012,190946,190616.750,329.250,-20.078,0,0,0,0,75.00,75.00,2,1,16,nan,2,2,53,1,1,13,13,0,0,0,812581867,0.04590,-0.00684,0.95581,0.95694,-0.00852,0.00132,-0.00087,0.00866,0.95694,0.00517,0.00881,3,12111,0,1350,0.05836,0.04509,0.77263,93,1,90.684,60,1,3,4299,185610,0,0,0.000,11.904,14.442,0,0.000,16.522,19.116,0,0,1,0,8
PPG,2,20270,812350536,177,171031,190989,190620.469,368.531,-8.984,0,0,0,0,75.00,75.00,2,1,16,nan,2,2,53,1,1,14,14,0,0,0,812621341,0.04126,-0.00781,0.96338,0.96429,-0.00825,0.00238,-0.00114,0.00866,0.96429,0.00958,0.00866,3,12181,0,1350,0.05836,0.04509,0.77263,93,1,90.684,60,1,3,4310,185610,0,0,0.000,11.904,14.442,0,0.000,16.522,19.116,0,0,1,0,8
PPG,2,20271,812390536,130,171038,190983,190624.094,358.906,5.516,0,0,0,0,75.00,75.00,2,1,16,nan,2,2,53,1,1,15,15,0,0,0,812660330,0.04395,-0.00781,0.95508,0.95612,-0.00745,0.00185,0.00019,0.00768,0.96271,0.00659,0.00830,3,12110,0,1350,0.05836,0.04509,0.77263,93,1,90.684,60,1,3,2606,185610,0,0,0.000,11.904,14.442,0,0.000,16.522,19.116,0,0,1,0,8
PPG,2,20272,812430536,130,171080,191025,190628.109,396.891,22.078,0,0,0,0,75.00,75.00,2,1,16,nan,2,2,53,1,1,16,16,0,0,0,812701876,0.04224,-0.00635,0.95874,0.95969,-0.00825,-0.00001,0.00019,0.00825,0.95969,0.00257,0.00857,3,12115,0,1350,0.05836,0.04509,0.77263,93,1,90.684,60,1,3,4301,185610,0,0,0.000,11.904,14.442,0,0.000,16.522,19.116,0,0,1,0,8
PPG,2,20273,812470536,131,171096,191042,190632.250,409.750,38.422,1,0,0,0,75.00,75.00,2,1,16,nan,2,2,53,1,1,17,17,0,0,0,812740889,0.04077,-0.00610,0.96509,0.96597,-0.00772,0.00185,-0.00034,0.00794,0.96597,0.00669,0.00842,3,12125,0,1350,0.05836,0.04509,0.77263,93,1,90.684,60,1,3,4297,185610,0,0,0.000,11.904,14.442,0,50.375,16.522,19.116,1,0,1,0,8
PPG,2,20274,812510536,148,171061,190941,190635.344,305.656,45.406,0,0,1,480,75.00,75.00,2,1,16,nan,2,2,53,1,1,18,18,0,0,0,812779854,0.04272,-0.00415,0.95605,0.95702,-0.00745,0.00185,-0.00141,0.00780,0.95742,0.00855,0.00780,3,12121,0,1350,0.05836,0.04509,0.77263,93,1,90.684,60,1,3,2601,185610,0,0,40.938,11.904,14.442,1,0.000,16.522,19.116,0,1,1,0,8
PPG,2,20275,812550536,155,171046,190902,190638.016,263.984,39.578,0,0,0,0,75.00,75.00,2,1,16,nan,2,2,53,1,1,19,19,0,0,0,812821539,0.04175,-0.00952,0.95337,0.95433,-0.00825,0.00212,-0.00007,0.00852,0.96270,0.00837,0.00887,3,12131,0,1350,0.05836,0.04509,0.77263,93,1,90.684,60,1,3,4297,185610,0,0,0.000,11.518,13.355,0,0.000,15.801,17.453,0,0,1,0,8
PPG,2,20276,812590536,151,171019,190901,190640.641,260.359,28.953,0,0,0,0,75.00,75.00,2,1,16,nan,2,2,53,1,1,20,20,0,0,0,812860530,0.04419,-0.00781,0.95801,0.95906,-0.00772,0.00105,-0.00087,0.00784,0.96244,0.00787,0.00812,3,12109,0,1350,0.05836,0.04509,0.77263,93,1,90.684,60,1,3,4298,185610,0,0,0.000,11.518,13.355,0,0.000,15.801,17.453,0,0,1,0,8
PPG,2,20277,812630536,134,170995,190863,190642.859,220.141,5.000,0,0,0,0,75.00,75.00,2,1,16,nan,2,2,53,1,1,21,21,0,0,0,812899505,0.04321,-0.00464,0.95801,0.95899,-0.00905,0.00292,-0.00061,0.00953,0.96387,0.00640,0.00953,3,12112,0,1350,0.05836,0.04509,0.77263,93,1,90.684,60,1,3,2597,185610,0,0,0.000,11.518,13.355,0,0.000,15.801,17.453,0,0,1,0,8
PPG,2,20278,812670536,133,170981,190864,190645.078,218.922,-14.703,0,0,0,0,75.00,75.00,2,1,16,nan,2,2,53,1,1,22,22,0,0,0,812941073,0.04077,-0.00684,0.96362,0.96451,-0.00825,0.00158,-0.00061,0.00842,0.96451,0.01075,0.00842,3,12120,0,1350,0.05836,0.04509,0.77263,93,1,90.684,60,1,3,4298,185610,0,0,0.000,11.518,13.355,0,0.000,15.801,17.453,0,0,1,0,8
PPG,2,20279,812710536,131,170985,190893,190647.562,245.438,-32.562,0,0,0,0,75.00,75.00,2,1,16,nan,2,2,53,1,1,23,23,0,0,0,812980006,0.04175,-0.00806,0.95947,0.96041,-0.00825,0.00212,-0.00007,0.00852,0.96094,0.00356,0.00866,3,12111,0,1350,0.05836,0.04509,0.77263,93,1,90.684,60,1,3,2599,185610,0,0,0.000,11.518,13.355,0,0.000,15.801,17.453,0,0,1,0,8
PPG,2,20280,812750536,129,170983,190867,190649.750,217.250,-52.656,0,0,0,0,75.00,75.00,2,1,16,nan,2,2,53,1,1,24,24,0,0,0,813021658,0.04492,-0.00537,0.95874,0.95981,-0.00772,0.00185,-0.00087,0.00798,0.96558,0.01181,0.00843,3,12120,0,1350,0.05836,0.04509,0.77263,93,1,90.684,60,1,3,4314,185610,0,0,0.000,11.518,13.355,0,0.000,15.801,17.453,0,0,1,0,8
PPG,2,20281,812790536,129,170968,190850,190651.750,198.250,-58.656,0,0,0,0,75.00,75.00,2,1,16,nan,2,2,53,1,1,25,25,0,0,0,813061144,0.04321,-0.00610,0.96118,0.96217,-0.00798,0.00105,-0.00007,0.00805,0.96466,0.00533,0.00869,3,12262,0,1350,0.05836,0.04509,0.77263,93,1,90.684,60,1,3,4298,185610,0,0,0.000,11.518,13.355,0,0.000,15.801,17.453,0,0,1,0,8
PPG,2,20282,812830536,133,170964,190839,190653.625,185.375,-59.312,1,0,0,0,75.00,75.00,2,1,16,nan,2,2,53,1,1,26,26,0,0,0,813104291,0.04175,-0.00928,0.95947,0.96043,-0.00798,0.00132,-0.00034,0.00810,0.96103,0.00144,0.00889,3,16219,0,1350,0.05836,0.04509,0.77263,93,1,90.684,60,1,3,16161,185610,0,0,0.000,11.518,13.355,0,66.750,15.801,17.453,1,0,1,0,8
PPG,2,20283,812870536,155,170965,190824,190655.328,168.672,-62.516,0,0,1,360,75.00,75.00,2,1,16,nan,2,2,53,1,1,27,27,0,0,0,813140853,0.04443,-0.00854,0.95898,0.96005,-0.00905,0.00292,-0.00034,0.00951,0.96043,0.00562,0.01026,3,12154,0,1350,0.05836,0.04509,0.77263,93,1,90.684,60,1,3,4301,185610,0,0,45.703,11.518,13.355,1,0.000,15.801,17.453,0,1,1,0,8
PPG,2,20284,812910536,128,170960,190836,190657.141,178.859,-61.016,0,0,0,0,75.00,75.00,2,1,16,nan,2,2,53,1,1,28,28,0,0,0,813180003,0.04272,-0.00659,0.95679,0.95776,-0.00692,0.00212,-0.00007,0.00723,0.96050,0.00677,0.00951,3,12108,0,1350,0.05836,0.04509,0.77263,93,1,90.684,60,1,3,2599,185610,0,0,0.000,11.209,12.488,0,0.000,15.272,16.234,0,0,1,0,8
PPG,2,20285,812950536,130,171020,190938,190659.953,278.047,-50.938,0,0,0,0,75.00,75.00,2,1,16,nan,2,2,53,1,1,29,29,0,0,0,813221547,0.04224,-0.00977,0.95337,0.95435,-0.00692,0.00185,-0.00194,0.00742,0.95574,0.00291,0.00757,3,12124,0,1350,0.05836,0.04509,0.77263,93,1,90.684,60,1,3,4295,185610,0,0,0.000,11.209,12.488,0,0.000,15.272,16.234,0,0,1,0,8
PPG,2,20286,812990536,130,171018,190938,190662.734,275.266,-45.672,0,0,0,0,75.00,75.00,2,1,16,nan,2,2,53,1,1,30,30,0,0,0,813260578,0.04077,-0.00684,0.95752,0.95841,-0.00772,0.00292,-0.00087,0.00830,0.96080,0.00525,0.00905,3,12111,0,1350,0.05836,0.04509,0.77263,93,1,90.684,60,1,3,4295,185610,0,0,0.000,11.209,12.488,0,0.000,15.272,16.234,0,0,1,0,8
PPG,2,20287,813030536,134,171014,190953,190665.641,287.359,-35.219,0,0,0,0,75.00,75.00,2,1,16,nan,2,2,53,1,1,31,31,0,0,0,813299515,0.04272,-0.00635,0.95801,0.95898,-0.00772,0.00185,-0.00007,0.00794,0.96168,0.00317,0.00808,3,12107,0,1350,0.05836,0.04509,0.77263,93,1,90.684,60,1,3,2599,185610,0,0,0.000,11.209,12.488,0,0.000,15.272,16.234,0,0,1,0,8
PPG,2,20288,813070536,132,171051,191008,190669.062,338.938,-14.953,0,0,0,0,75.00,75.00,2,1,16,nan,2,2,53,1,1,0,0,0,0,0,813341095,0.04150,-0.00586,0.95654,0.95746,-0.00852,0.00265,-0.00061,0.00894,0.96692,0.00945,0.00908,3,12170,0,1350,0.05836,0.04509,0.77263,93,1,90.684,60,1,3,4298,185610,0,0,0.000,11.209,12.488,0,0.000,15.272,16.234,0,0,1,0,8
PPG,2,20289,813110536,131,171096,191056,190672.938,383.062,10.547,0,0,0,0,75.00,75.00,2,1,16,nan,2,2,53,1,1,1,1,0,0,0,813380116,0.04297,-0.00610,0.96045,0.96143,-0.00825,0.00212,-0.00034,0.00852,0.96353,0.00652,0.00943,3,12120,0,1350,0.05836,0.04509,0.77263,93,1,90.684,60,1,3,2599,185610,0,0,0.000,11.209,12.488,0,0.000,15.272,16.234,0,0,1,0,8
PPG,2,20290,813150536,128,171127,191096,190677.172,418.828,44.047,0,0,0,0,75.00,75.00,2,1,16,nan,2,2,53,1,1,2,2,0,0,0,813421755,0.04053,-0.00708,0.95972,0.96060,-0.00692,0.00185,-0.00087,0.00721,0.96060,0.00452,0.00820,3,12119,0,1350,0.05836,0.04509,0.77263,93,1,90.684,60,1,3,4294,185610,0,0,0.000,11.209,12.488,0,0.000,15.272,16.234,0,0,1,0,8
PPG,2,20291,813190536,129,171116,191139,190681.797,457.203,79.531,0,0,0,0,75.00,75.00,2,1,16,nan,2,2,53,1,1,3,3,0,0,0,813460729,0.04126,-0.00708,0.95898,0.95990,-0.00772,0.00185,-0.00034,0.00794,0.95990,0.01130,0.00794,3,12116,0,1350,0.05836,0.04509,0.77263,93,1,90.684,60,1,3,4296,185610,0,0,0.000,11.209,12.488,0,0.000,15.272,16.234,0,0,1,0,8
PPG,2,20292,813230536,128,171100,191098,190685.953,412.047,98.734,0,0,0,0,75.00,75.00,2,1,16,nan,2,2,53,1,1,4,4,0,0,0,813499660,0.04175,-0.00635,0.95264,0.95357,-0.00825,0.00158,-0.00114,0.00848,0.96142,0.00582,0.00848,3,12114,0,1350,0.05836,0.04509,0.77263,93,1,90.684,60,1,3,2594,185610,0,0,0.000,11.209,12.488,0,0.000,15.272,16.234,0,0,1,0,8
PPG,2,20293,813270536,129,171087,191009,190689.188,319.812,110.531,0,0,0,0,75.00,75.00,2,1,16,nan,2,2,53,1,1,5,5,0,0,0,813541197,0.04565,-0.00415,0.95679,0.95788,-0.00772,0.00292,-0.00034,0.00826,0.96208,0.01269,0.00975,3,12132,0,1350,0.05836,0.04509,0.77263,93,1,90.684,60,1,3,4320,185610,0,0,0.000,11.209,12.488,0,0.000,15.272,16.234,0,0,1,0,8
PPG,2,20294,813310536,523,171124,191042,190692.719,349.281,118.203,0,0,0,0,75.00,75.00,2,1,16,nan,2,2,53,1,1,6,6,0,0,0,813580257,0.04297,-0.00806,0.96265,0.96364,-0.00665,0.00212,-0.00114,0.00707,0.96364,0.00260,0.00833,3,12120,0,1350,0.05688,0.04628,0.81365,94,1,89.659,83,1,3,2600,185610,0,0,0.000,11.209,12.488,0,0.000,15.272,16.234,0,0,1,0,8
PPG,2,20295,813350536,178,171139,191097,190696.766,400.234,121.172,0,0,0,0,75.00,75.00,2,1,16,nan,2,2,53,1,1,7,7,0,0,0,813622244,0.04443,-0.00513,0.95947,0.96051,-0.00878,0.00185,0.00046,0.00899,0.96121,0.00717,0.00899,3,12115,0,1350,0.05688,0.04628,0.81365,94,1,89.659,83,1,3,4298,185610,0,0,0.000,11.209,12.488,0,0.000,15.272,16.234,0,0,1,0,8
PPG,2,20296,813390536,131,171170,191165,190701.453,463.547,123.531,0,1,0,0,75.00,75.00,2,1,16,nan,2,2,53,1,1,8,8,0,0,0,813661295,0.04346,-0.00806,0.96460,0.96561,-0.00852,0.00105,-0.00007,0.00858,0.96561,0.00281,0.00889,3,12116,0,1350,0.05688,0.04628,0.81365,94,1,89.659,83,1,3,4304,185610,0,0,0.000,11.209,12.488,0,0.000,15.272,16.234,0,0,1,0,8
PPG,2,20297,813430536,175,171186,191208,190706.516,501.484,122.281,0,0,0,0,75.00,75.00,2,1,16,nan,2,2,53,1,1,9,9,0,0,0,813700257,0.04346,-0.00928,0.95728,0.95831,-0.00665,0.00265,-0.00167,0.00735,0.96515,0.00685,0.00810,3,12122,0,1350,0.05688,0.04628,0.81365,94,1,89.659,83,1,3,2601,185610,0,0,0.000,11.209,12.488,0,0.000,15.272,16.234,0,0,1,0,8
PPG,2,20298,813470536,129,171198,191243,190711.875,531.125,118.188,0,0,0,0,75.00,75.00,2,1,16,nan,2,2,53,1,1,10,10,0,0,0,813741849,0.04419,-0.00684,0.96118,0.96222,-0.00745,0.00212,-0.00087,0.00779,0.96710,0.00879,0.00779,3,12119,0,1350,0.05688,0.04628,0.81365,94,1,89.659,83,1,3,4305,185610,0,0,0.000,11.209,12.488,0,0.000,15.272,16.234,0,0,1,0,8
PPG,2,20299,813510536,132,171170,191209,190716.844,492.156,118.250,0,0,0,0,75.00,75.00,2,1,16,nan,2,2,53,1,1,11,11,0,0,0,813780856,0.04419,-0.00903,0.96118,0.96224,-0.00798,0.00185,-0.00061,0.00822,0.96224,0.01092,0.00822,3,12117,0,1350,0.05688,0.04628,0.81365,94,1,89.659,83,1,3,4302,185610,0,0,0.000,11.209,12.488,0,0.000,15.272,16.234,0,0,1,0,8
PPG,2,20300,813550536,129,171168,191195,190721.625,473.375,128.422,0,0,0,0,75.00,75.00,2,1,16,nan,2,2,53,1,1,12,12,0,0,0,813819807,0.04419,-0.00684,0.95898,0.96003,-0.00718,0.00132,-0.00114,0.00739,0.96270,0.00267,0.00859,3,12114,0,1350,0.05688,0.04628,0.81365,94,1,89.659,83,1,3,2595,185610,0,0,0.000,11.209,12.488,0,0.000,15.272,16.234,0,0,1,0,8
PPG,2,20301,813590536,156,171152,191185,190726.266,458.734,132.094,0,0,0,0,75.00,75.00,2,1,16,nan,2,2,53,1,1,13,13,0,0,0,813861419,0.04199,-0.00464,0.95923,0.96016,-0.00798,0.00185,-0.00061,0.00822,0.96218,0.00215,0.00822,3,12138,0,1350,0.05688,0.04628,0.81365,94,1,89.659,83,1,3,4299,185610,0,0,0.000,11.027,12.834,0,0.000,15.272,16.234,0,0,1,0,8
PPG,2,20302,813630536,153,171127,191160,190730.609,429.391,125.047,0,0,0,0,75.00,75.00,2,1,16,nan,2,2,53,1,1,14,14,0,0,0,813900379,0.04297,-0.00806,0.95752,0.95852,-0.00798,0.00158,-0.00007,0.00814,0.96162,0.00663,0.00827,3,12112,0,1350,0.05688,0.04628,0.81365,94,1,89.659,83,1,3,2600,185610,0,0,0.000,11.027,12.834,0,0.000,15.770,15.309,0,0,1,0,8
PPG,2,20303,813670536,130,171107,191159,190734.891,424.109,107.438,0,0,0,0,75.00,75.00,2,1,16,nan,2,2,53,1,1,15,15,0,0,0,813941930,0.04272,-0.00513,0.96069,0.96166,-0.00772,0.00132,-0.00034,0.00784,0.96487,0.00455,0.00866,3,12116,0,1350,0.05688,0.04628,0.81365,94,1,89.659,83,1,3,4297,185610,0,0,0.000,11.027,12.834,0,0.000,15.770,15.309,0,0,1,0,8
PPG,2,20304,813710536,149,171139,191205,190739.594,465.406,88.562,1,0,1,860,73.17,73.17,2,1,16,nan,2,2,53,1,1,16,16,0,0,0,813980936,0.04639,-0.00708,0.95215,0.95330,-0.00798,0.00105,0.00019,0.00805,0.95869,0.00484,0.00867,3,12109,0,1350,0.05688,0.04628,0.81365,94,1,89.659,83,1,3,4297,185610,0,0,118.547,11.027,12.834,1,186.047,15.770,15.309,1,1,1,0,8
PPG,2,20305,813750536,130,171121,191211,190744.312,466.688,70.344,0,0,0,0,73.17,73.17,2,1,16,nan,2,2,53,1,1,17,17,0,0,0,814020006,0.04297,-0.00781,0.96265,0.96364,-0.00798,0.00105,-0.00007,0.00805,0.96364,0.00737,0.00931,3,12109,0,1350,0.05688,0.04628,0.81365,94,1,89.659,83,1,3,2598,185610,0,0,0.000,11.212,13.368,0,0.000,16.053,15.925,0,0,1,0,8
PPG,2,20306,813790536,128,171108,191146,190748.328,397.672,50.938,0,0,0,0,73.17,73.17,2,1,16,nan,2,2,53,1,1,18,18,0,0,0,814061658,0.04419,-0.00342,0.95410,0.95513,-0.00718,0.00079,-0.00034,0.00723,0.96027,0.00408,0.00887,3,12143,0,1350,0.05688,0.04628,0.81365,94,1,89.659,83,1,3,4301,185610,0,0,0.000,11.212,13.368,0,0.000,16.053,15.925,0,0,1,0,8
PPG,2,20307,813830536,133,171108,191172,190752.562,419.438,36.703,0,0,0,0,73.17,73.17,2,1,16,nan,2,2,53,1,1,19,19,0,0,0,814104755,0.04175,-0.00171,0.95898,0.95989,-0.00718,0.00292,-0.00034,0.00776,0.95989,0.00809,0.00838,3,16208,0,1350,0.05688,0.04628,0.81365,94,1,89.659,83,1,3,16145,185610,0,0,0.000,11.212,13.368,0,0.000,16.053,15.925,0,0,1,0,8
PPG,2,20308,813870536,132,171143,191219,190757.234,461.766,31.016,0,0,0,0,73.17,73.17,2,1,16,nan,2,2,53,1,1,20,20,0,0,0,814141275,0.04077,-0.00879,0.95728,0.95818,-0.00825,0.00372,-0.00114,0.00912,0.96112,0.00294,0.00912,3,12117,0,1350,0.05688,0.04628,0.81365,94,1,89.659,83,1,3,4302,185610,0,0,0.000,11.212,13.368,0,0.000,16.053,15.925,0,0,1,0,8
PPG,2,20309,813910536,130,171156,191242,190762.078,479.922,33.422,0,0,0,0,73.17,73.17,2,1,16,nan,2,2,53,1,1,21,21,0,0,0,814180258,0.04199,-0.00757,0.95801,0.95896,-0.00745,0.00238,-0.00087,0.00787,0.95896,0.00096,0.00909,3,12114,0,1350,0.05688,0.04628,0.81365,94,1,89.659,83,1,3,2599,185610,0,0,0.000,11.212,13.368,0,0.000,16.053,15.925,0,0,1,0,8
PPG,2,20310,813950536,128,171199,191291,190767.375,523.625,42.531,0,0,0,0,73.17,73.17,2,1,16,nan,2,2,53,1,1,22,22,0,0,0,814221786,0.03955,-0.00391,0.96069,0.96152,-0.00692,0.00212,-0.00061,0.00726,0.96270,0.00968,0.00862,3,12115,0,1350,0.05688,0.04628,0.81365,94,1,89.659,83,1,3,4299,185610,0,0,0.000,11.212,13.368,0,0.000,16.053,15.925,0,0,1,0,8
PPG,2,20311,813990536,199,171185,191256,190772.266,483.734,43.984,0,0,0,0,73.17,73.17,2,1,16,nan,2,2,53,1,1,23,23,0,0,0,814260783,0.04004,-0.00562,0.95313,0.95398,-0.00772,0.00238,-0.00007,0.00808,0.95832,0.00385,0.00908,3,12166,0,1350,0.05688,0.04628,0.81365,94,1,89.659,83,1,3,4381,185610,0,0,0.000,11.212,13.368,0,0.000,16.053,15.925,0,0,1,0,8
PPG,2,20312,814030536,155,171165,191180,190776.344,403.656,35.438,0,0,0,0,73.17,73.17,2,1,16,nan,2,2,53,1,1,24,24,0,0,0,814300050,0.04004,-0.00513,0.95239,0.95325,-0.00798,0.00052,-0.00061,0.00802,0.96197,0.00799,0.00905,3,12114,0,1350,0.05688,0.04628,0.81365,94,1,89.659,83,1,3,2646,185610,0,0,0.000,11.212,13.368,0,0.000,16.412,15.297,0,0,1,0,8
PPG,2,20313,814070536,131,171151,191147,190780.047,366.953,28.688,0,0,0,0,73.17,73.17,2,1,16,nan,2,2,53,1,1,25,25,0,0,0,814341762,0.04395,-0.00830,0.95605,0.95710,-0.00718,0.00212,-0.00061,0.00751,0.96193,0.00859,0.00802,3,12138,0,1350,0.05688,0.04628,0.81365,94,1,89.659,83,1,3,4308,185610,0,0,0.000,11.212,13.368,0,0.000,16.412,15.297,0,0,1,0,8
PPG,2,20314,814110536,129,171180,191181,190784.062,396.938,23.031,0,0,0,0,73.17,73.17,2,1,16,nan,2,2,53,1,1,26,26,0,0,0,814381199,0.04053,-0.00122,0.95972,0.96057,-0.00852,0.00238,-0.00034,0.00885,0.96166,0.00456,0.00909,3,12259,0,1350,0.05688,0.04628,0.81365,94,1,89.659,83,1,3,4337,185610,0,0,0.000,11.212,13.368,0,0.000,16.412,15.297,0,0,1,0,8
PPG,2,20315,814150536,130,171180,191224,190788.469,435.531,17.375,0,0,0,0,73.17,73.17,2,1,16,nan,2,2,53,1,1,27,27,0,0,0,814420628,0.04297,-0.00732,0.95557,0.95656,-0.00718,0.00212,-0.00167,0.00767,0.95857,0.00306,0.00831,3,12265,0,1350,0.05688,0.04628,0.81365,94,1,89.659,83,1,3,2633,185610,0,0,0.000,11.212,13.368,0,0.000,16.412,15.297,0,0,1,0,8
PPG,2,20316,814190536,138,171190,191258,190793.156,464.844,15.031,0,0,0,0,73.17,73.17,2,1,16,nan,2,2,53,1,1,28,28,0,0,0,814462567,0.04492,-0.00854,0.95850,0.95959,-0.00745,0.00105,-0.00007,0.00752,0.96271,0.00554,0.00842,3,12269,0,1350,0.05688,0.04628,0.81365,94,1,89.659,83,1,3,4338,185610,0,0,0.000,11.212,13.368,0,0.000,16.412,15.297,0,0,1,0,8
PPG,2,20317,814230536,167,171188,191258,190797.797,460.203,7.812,0,0,0,0,73.17,73.17,2,1,16,nan,2,2,53,1,1,29,29,0,0,0,814501961,0.04077,-0.00708,0.95166,0.95256,-0.00692,0.00185,-0.00007,0.00716,0.95386,0.00572,0.00727,3,12251,0,1350,0.05688,0.04628,0.81365,94,1,89.659,83,1,3,4338,185610,0,0,0.000,11.212,13.368,0,0.000,16.412,15.297,0,0,1,0,8
PPG,2,20318,814270536,129,171174,191244,190802.266,441.734,6.047,0,0,0,0,73.17,73.17,2,1,16,nan,2,2,53,1,1,30,30,0,0,0,814541343,0.04004,-0.00342,0.96094,0.96178,-0.00798,0.00185,-0.00114,0.00827,0.96449,0.01193,0.00827,3,12228,0,1350,0.05688,0.04628,0.81365,94,1,89.659,83,1,3,4343,185610,0,0,0.000,11.212,13.368,0,0.000,16.412,15.297,0,0,1,0,8
PPG,2,20319,814310536,512,171171,191230,190806.547,423.453,12.125,0,0,0,0,73.17,73.17,2,1,16,nan,4,1,53,1,1,31,31,0,0,0,814580715,0.03809,-0.01001,0.95874,0.95955,-0.00692,0.00238,-0.00087,0.00737,0.96195,0.00435,0.00863,3,12254,0,1350,0.08369,0.04338,0.51839,92,1,97.040,107,1,3,2632,185610,0,0,0.000,11.212,13.368,0,0.000,16.412,15.297,0,0,1,0,8
PPG,2,20320,814350536,195,171183,191269,190811.172,457.828,25.875,0,0,0,0,73.17,73.17,2,1,16,nan,4,1,53,1,1,0,0,0,0,0,814623055,0.04517,-0.00562,0.95459,0.95567,-0.00772,0.00265,-0.00114,0.00824,0.95802,0.00234,0.00831,3,12259,0,1350,0.08369,0.04338,0.51839,92,1,97.040,107,1,3,4319,185610,0,0,0.000,11.212,13.368,0,0.000,16.412,15.297,0,0,1,0,8
PPG,2,20321,814390536,241,171172,191285,190815.906,469.094,35.734,0,0,0,0,73.17,73.17,2,1,16,nan,4,1,53,1,1,1,1,0,0,0,814662473,0.04053,-0.00732,0.96143,0.96231,-0.00825,0.00105,-0.00087,0.00836,0.96242,0.00532,0.00899,3,12266,0,1350,0.08369,0.04338,0.51839,92,1,97.040,107,1,3,4359,185610,0,0,0.000,10.995,13.825,0,0.000,16.412,15.297,0,0,1,0,8
PPG,2,20322,814430536,149,171175,191294,190820.688,473.312,39.031,0,0,0,0,73.17,73.17,2,1,16,nan,4,1,53,1,1,2,2,0,0,0,814702020,0.04443,-0.00586,0.95898,0.96003,-0.00772,0.00265,-0.00167,0.00833,0.96209,0.00623,0.00852,3,12203,0,1350,0.08369,0.04338,0.51839,92,1,97.040,107,1,3,4314,185610,0,0,0.000,10.995,13.825,0,0.000,16.412,15.297,0,0,1,0,8
PPG,2,20323,814470536,159,171188,191306,190825.547,480.453,38.516,0,0,0,0,73.17,73.17,2,1,16,nan,4,1,53,1,1,3,3,0,0,0,814741430,0.04346,-0.00708,0.94946,0.95048,-0.00905,0.00212,0.00073,0.00932,0.95602,0.00625,0.00932,3,12259,0,1350,0.08369,0.04338,0.51839,92,1,97.040,107,1,3,4342,185610,0,0,0.000,10.995,13.825,0,0.000,16.412,15.297,0,0,1,0,8
PPG,2,20324,814510536,130,171180,191301,190830.297,470.703,39.875,0,0,0,0,73.17,73.17,2,1,16,nan,4,1,53,1,1,4,4,0,0,0,814780806,0.04297,-0.00586,0.95361,0.95460,-0.00798,0.00158,-0.00114,0.00822,0.96319,0.01271,0.00846,3,12272,0,1350,0.08369,0.04338,0.51839,92,1,97.040,107,1,3,2627,185610,0,0,34.359,10.995,13.825,1,0.000,16.412,15.297,0,0,1,0,8
PPG,2,20325,814550536,131,171183,191321,190835.203,485.797,45.375,0,0,0,0,73.17,73.17,2,1,16,nan,4,1,53,1,1,5,5,0,0,0,814822751,0.04419,-0.01050,0.95288,0.95396,-0.00825,0.00132,-0.00087,0.00840,0.96486,0.01026,0.00870,3,12247,0,1350,0.08369,0.04338,0.51839,92,1,97.040,107,1,3,4315,185610,0,0,0.000,10.995,13.825,0,0.000,16.412,15.297,0,0,1,0,8
PPG,2,20326,814590536,137,171195,191375,190840.594,534.406,54.625,0,0,0,0,73.17,73.17,2,1,16,nan,4,1,53,1,1,6,6,0,0,0,814861964,0.04224,-0.00684,0.96069,0.96165,-0.00798,0.00185,-0.00141,0.00831,0.96198,0.00726,0.00848,3,12220,0,1350,0.08369,0.04338,0.51839,92,1,97.040,107,1,3,4328,185610,0,0,0.000,10.995,13.825,0,0.000,16.412,15.297,0,0,1,0,8
PPG,2,20327,814630536,131,171188,191367,190845.859,521.141,58.875,0,0,0,0,73.17,73.17,2,1,16,nan,4,1,53,1,1,7,7,0,0,0,814901196,0.04004,-0.00757,0.95215,0.95302,-0.00825,0.00158,-0.00061,0.00842,0.96897,0.01874,0.00921,3,12208,0,1350,0.08369,0.04338,0.51839,92,1,97.040,107,1,3,4332,185610,0,0,0.000,10.995,13.825,0,0.000,16.412,15.297,0,0,1,0,8
PPG,2,20328,814670536,139,171187,191359,190850.984,508.016,62.453,0,0,0,0,73.17,73.17,2,1,16,nan,4,1,53,1,1,8,8,0,0,0,814940457,0.04297,-0.00684,0.95898,0.95997,-0.00825,0.00052,-0.00007,0.00827,0.96264,0.00571,0.00888,3,12223,0,1350,0.08369,0.04338,0.51839,92,1,97.040,107,1,3,2621,185610,0,0,0.000,10.995,13.825,0,0.000,16.412,15.297,0,0,1,0,7
PPG,2,20329,814710536,131,171182,191347,190855.938,491.062,64.766,0,0,0,0,73.17,73.17,2,1,16,nan,4,1,53,1,1,9,9,0,0,0,814982329,0.04492,-0.00635,0.95703,0.95811,-0.00825,0.00185,-0.00114,0.00853,0.95903,0.00352,0.00914,3,12158,0,1350,0.08369,0.04338,0.51839,92,1,97.040,107,1,3,4310,185610,0,0,0.000,10.995,13.825,0,0.000,16.412,15.297,0,0,1,0,7
PPG,2,20330,814750536,129,171179,191367,190861.047,505.953,69.688,1,0,0,0,73.17,73.17,2,1,16,nan,4,1,53,1,1,10,10,0,0,0,815021617,0.04370,-0.00586,0.94385,0.94488,-0.00745,0.00238,-0.00087,0.00787,0.95994,0.00830,0.00787,3,12123,0,1350,0.08369,0.04338,0.51839,92,1,97.040,107,1,3,4298,185610,0,0,0.000,10.995,13.825,0,32.984,16.412,15.297,1,0,1,0,7
PPG,2,20331,814790536,156,171149,191263,190865.062,397.938,63.922,0,0,0,0,73.17,73.17,2,1,16,nan,4,1,53,1,1,11,11,0,0,0,815060668,0.04199,-0.00684,0.95239,0.95334,-0.00745,0.00158,-0.00087,0.00767,0.95950,0.01462,0.00833,3,12119,0,1350,0.08369,0.04338,0.51839,92,1,97.040,107,1,3,2633,185610,0,0,0.000,10.995,13.825,0,0.000,16.412,15.297,0,0,1,0,7
PPG,2,20332,814830536,138,171135,191214,190868.547,345.453,46.922,0,0,0,0,73.17,73.17,2,1,16,nan,4,1,53,1,1,12,12,0,0,0,815106618,0.04443,-0.00610,0.95825,0.95930,-0.00878,0.00185,-0.00114,0.00905,0.95930,0.00587,0.00905,3,16298,0,1350,0.08369,0.04338,0.51839,92,1,97.040,107,1,3,16239,185610,0,0,0.000,10.995,13.825,0,0.000,16.412,15.297,0,0,1,0,7
PPG,2,20333,814870536,138,171125,191234,190872.203,361.797,22.438,0,0,0,0,73.17,73.17,2,1,16,nan,4,1,53,1,1,13,13,0,0,0,815143048,0.04224,-0.00293,0.95679,0.95772,-0.00798,0.00212,-0.00061,0.00828,0.96149,0.00376,0.00852,3,12111,0,1350,0.08369,0.04338,0.51839,92,1,97.040,107,1,3,4301,185610,0,0,0.000,10.995,13.825,0,0.000,16.412,15.297,0,0,1,0,7
PPG,2,20334,814910536,138,171165,191296,190876.438,419.562,6.547,0,0,0,0,73.17,73.17,2,1,16,nan,4,1,53,1,1,14,14,0,0,0,815182097,0.04126,-0.00879,0.95923,0.96016,-0.00825,0.00212,-0.00061,0.00854,0.96016,0.00132,0.00866,3,12161,0,1350,0.08369,0.04338,0.51839,92,1,97.040,107,1,3,4318,185610,0,0,0.000,10.995,13.825,0,0.000,16.412,15.297,0,0,1,0,6
PPG,2,20335,814950536,129,171162,191306,190880.734,425.266,-5.125,0,0,0,0,73.17,73.17,2,1,16,nan,4,1,53,1,1,15,15,0,0,0,815221136,0.04175,-0.00562,0.95557,0.95649,-0.00772,0.00105,-0.00221,0.00809,0.95967,0.00171,0.00924,3,12124,0,1350,0.08369,0.04338,0.51839,92,1,97.040,107,1,3,2608,185610,0,0,0.000,10.995,13.825,0,0.000,16.412,15.297,0,0,1,0,6
PPG,2,20336,814990536,128,171186,191353,190885.453,467.547,-9.031,0,0,0,0,73.17,73.17,2,1,16,nan,4,1,53,1,1,16,16,0,0,0,815262685,0.03857,-0.00488,0.96143,0.96221,-0.00825,0.00132,-0.00034,0.00836,0.96221,0.00468,0.00863,3,12117,0,1350,0.08369,0.04338,0.51839,92,1,97.040,107,1,3,4309,185610,0,0,0.000,10.995,13.825,0,0.000,16.412,15.297,0,0,1,0,6
PPG,2,20337,815030536,155,171164,191338,190889.984,448.016,-17.172,0,0,0,0,73.17,73.17,2,1,16,nan,4,1,53,1,1,17,17,0,0,0,815301668,0.04272,-0.00806,0.95557,0.95656,-0.00825,0.00132,-0.00061,0.00838,0.95807,0.00489,0.00858,3,12114,0,1350,0.08369,0.04338,0.51839,92,1,97.040,107,1,3,4301,185610,0,0,0.000,10.449,15.122,0,0.000,16.412,15.297,0,0,1,0,6
PPG,2,20338,815070536,128,171128,191269,190893.781,375.219,-17.562,1,0,0,0,73.17,73.17,2,1,16,nan,4,1,53,1,1,18,18,0,0,0,815340658,0.04297,-0.00659,0.95435,0.95534,-0.00878,0.00185,-0.00061,0.00900,0.96459,0.00803,0.00921,3,12120,0,1350,0.08369,0.04338,0.51839,92,1,97.040,107,1,3,2609,185610,0,0,0.000,10.449,15.122,0,31.172,16.412,15.297,1,0,1,0,6
PPG,2,20339,815110536,130,171130,191285,190897.688,387.312,-10.172,0,0,0,0,73.17,73.17,2,1,16,nan,4,1,53,1,1,19,19,0,0,0,815382299,0.04126,-0.00586,0.95801,0.95891,-0.00878,0.00079,-0.00034,0.00882,0.95891,0.00308,0.00882,3,12142,0,1350,0.08369,0.04338,0.51839,92,1,97.040,107,1,3,4316,185610,0,0,0.000,10.449,15.122,0,0.000,16.412,15.297,0,0,1,0,6
PPG,2,20340,815150536,129,171177,191338,190902.094,435.906,1.234,0,0,0,0,73.17,73.17,2,1,16,nan,4,1,53,1,1,20,20,0,0,0,815421388,0.04028,-0.00659,0.95679,0.95766,-0.00852,0.00185,-0.00007,0.00871,0.96511,0.00619,0.00871,3,12119,0,1350,0.08369,0.04338,0.51839,92,1,97.040,107,1,3,4300,185610,0,0,0.000,10.449,15.122,0,0.000,16.412,15.297,0,0,1,0,6
PPG,2,20341,815190536,131,171199,191395,190907.016,487.984,9.875,0,0,0,0,73.17,73.17,2,1,16,nan,4,1,53,1,1,21,21,0,0,0,815460354,0.04175,-0.00830,0.95239,0.95334,-0.00692,0.00185,-0.00061,0.00719,0.95925,0.00604,0.00840,3,12117,0,1350,0.08369,0.04338,0.51839,92,1,97.040,107,1,3,2601,185610,0,0,0.000,10.449,15.122,0,0.000,16.412,15.297,0,0,1,0,6
PPG,2,20342,815230536,131,171221,191442,190912.359,529.641,21.922,0,0,0,0,73.17,73.17,2,1,528,nan,4,1,53,1,1,22,22,0,0,0,815501936,0.04199,-0.00684,0.95703,0.95798,-0.00692,0.00185,0.00046,0.00717,0.96217,0.00882,0.00725,3,12117,0,1350,0.08369,0.04338,0.51839,92,1,97.040,107,1,3,4309,185610,0,0,0.000,10.449,15.122,0,0.000,16.412,15.297,0,0,1,0,5
PPG,2,20343,815270536,130,171233,191494,190918.172,575.828,32.656,0,0,0,0,73.17,73.17,2,1,528,nan,4,1,53,1,1,23,23,0,0,0,815540897,0.04175,-0.00732,0.95581,0.95675,-0.00745,0.00052,-0.00061,0.00749,0.96007,0.00332,0.00810,3,12118,0,1350,0.08369,0.04338,0.51839,92,1,97.040,107,1,3,2599,185610,0,0,0.000,10.449,15.122,0,0.000,16.412,15.297,0,0,1,0,5
PPG,2,20344,815310536,513,171226,191509,190924.078,584.922,46.688,0,0,0,0,73.17,73.17,2,1,528,nan,4,1,53,1,1,24,24,0,0,0,815582466,0.04321,-0.00952,0.96118,0.96220,-0.00825,0.00105,-0.00247,0.00868,0.96220,0.00595,0.00868,3,12124,0,1350,0.09429,0.04520,0.47939,84,1,98.015,125,1,3,4338,185610,0,0,0.000,10.449,15.122,0,0.000,16.412,15.297,0,0,1,0,5
PPG,2,20345,815350536,185,171164,191433,190929.172,503.828,64.516,0,0,0,0,73.17,73.17,2,1,528,nan,4,1,53,1,1,25,25,0,0,0,815621996,0.04126,-0.00610,0.95874,0.95965,-0.00825,0.00158,-0.00034,0.00841,0.95965,0.01054,0.00841,3,12114,0,1350,0.09429,0.04520,0.47939,84,1,98.015,125,1,3,4297,185610,0,0,0.000,10.449,15.122,0,0.000,16.412,15.297,0,0,1,0,5
PPG,2,20346,815390536,129,171114,191373,190933.609,439.391,77.188,0,0,0,0,73.17,73.17,2,1,528,nan,4,1,53,1,1,26,26,0,0,0,815661003,0.04199,-0.00684,0.95679,0.95773,-0.00772,0.00212,-0.00034,0.00801,0.96443,0.00479,0.00836,3,12115,0,1350,0.09429,0.04520,0.47939,84,1,98.015,125,1,3,2607,185610,0,0,0.000,10.449,15.122,0,0.000,16.412,15.297,0,0,1,0,5
PPG,2,20347,815430536,180,171085,191321,190937.484,383.516,77.062,0,0,0,0,73.17,73.17,2,1,528,nan,4,1,53,1,1,27,27,0,0,0,815702666,0.04590,-0.00586,0.96729,0.96839,-0.00638,0.00132,-0.00034,0.00653,0.96839,0.00956,0.00726,3,12150,0,1350,0.09429,0.04520,0.47939,84,1,98.015,125,1,3,4306,185610,0,0,0.000,10.449,15.122,0,0.000,16.412,15.297,0,0,1,0,5
PPG,2,20348,815470536,129,171080,191296,190941.062,354.938,66.062,0,0,0,0,73.17,73.17,2,1,528,nan,4,1,53,1,1,28,28,0,0,0,815741770,0.04639,-0.00732,0.95825,0.95940,-0.00745,0.00212,-0.00114,0.00783,0.95940,0.01004,0.00814,3,12147,0,1350,0.09429,0.04520,0.47939,84,1,98.015,125,1,3,4302,185610,0,0,0.000,10.449,15.122,0,0.000,16.412,15.297,0,0,1,0,5
PPG,2,20349,815510536,131,171029,191245,190944.109,300.891,43.031,0,0,0,0,73.17,73.17,2,1,528,nan,4,1,53,1,1,29,29,0,0,0,815780857,0.04248,-0.00757,0.95410,0.95508,-0.00878,0.00238,-0.00061,0.00912,0.95959,0.00363,0.00912,3,12118,0,1350,0.09429,0.04520,0.47939,84,1,98.015,125,1,3,2604,185610,0,0,0.000,10.449,15.122,0,0.000,16.412,15.297,0,0,1,0,5
PPG,2,20350,815550536,128,170972,191094,190945.609,148.391,-0.484,0,0,0,0,73.17,73.17,2,1,528,nan,4,1,53,1,1,30,30,0,0,0,815822450,0.04346,-0.00732,0.96069,0.96170,-0.00772,0.00292,-0.00114,0.00833,0.96170,0.00544,0.00833,3,12119,0,1350,0.09429,0.04520,0.47939,84,1,98.015,125,1,3,4308,185610,0,0,0.000,10.449,15.122,0,0.000,16.412,15.297,0,0,1,0,5
PPG,2,20351,815590536,129,170934,191007,190946.219,60.781,-59.375,0,0,0,0,73.17,73.17,2,1,528,nan,4,1,53,1,1,31,31,0,0,0,815861408,0.04053,-0.00781,0.95825,0.95914,-0.00772,0.00158,-0.00061,0.00790,0.95914,0.00432,0.00790,3,12113,0,1350,0.09429,0.04520,0.47939,84,1,98.015,125,1,3,2599,185610,0,0,0.000,10.449,15.122,0,0.000,16.412,15.297,0,0,1,0,5
PPG,2,20352,815630536,128,170941,191002,190946.781,55.219,-110.359,0,0,0,0,73.17,73.17,2,1,528,nan,4,1,53,1,1,0,0,0,0,0,815903003,0.04346,-0.00806,0.95581,0.95683,-0.00852,0.00212,-0.00141,0.00889,0.96398,0.00715,0.00921,3,12162,0,1350,0.09429,0.04520,0.47939,84,1,98.015,125,1,3,4296,185610,0,0,0.000,10.449,15.122,0,0.000,16.412,15.297,0,0,1,0,5
PPG,2,20353,815670536,129,170949,191049,190947.797,101.203,-147.391,0,0,0,0,73.17,73.17,2,1,528,nan,4,1,53,1,1,1,1,0,0,0,815941937,0.04224,-0.01196,0.95337,0.95438,-0.00745,0.00212,-0.00141,0.00787,0.96504,0.01066,0.00862,3,12114,0,1350,0.09429,0.04520,0.47939,84,1,98.015,125,1,3,4309,185610,0,0,0.000,10.449,15.122,0,0.000,16.412,15.297,0,0,1,0,5
PPG,2,20354,815710536,136,170961,191059,190948.906,110.094,-172.984,1,0,1,0,0.00,nan,1,2,0,nan,4,1,53,1,1,2,2,0,0,0,815980896,0.04224,-0.00391,0.95850,0.95943,-0.00745,0.00212,-0.00034,0.00775,0.96108,0.00670,0.00820,3,12118,0,1350,0.09429,0.04520,0.47939,84,1,98.015,125,1,2,2598,185610,0,0,37.578,10.449,15.122,1,94.750,16.412,15.297,1,1,1,0,1
PPG,2,20355,815750536,117,170958,191085,190950.266,134.734,-192.062,0,0,0,0,0.00,nan,1,2,0,nan,4,1,53,1,1,3,3,0,0,0,816022485,0.04614,-0.00366,0.95972,0.96083,-0.00798,0.00238,-0.00061,0.00835,0.96083,0.00356,0.00917,3,12125,0,1350,0.09429,0.04520,0.47939,84,1,98.015,125,1,2,4302,185610,0,0,0.000,10.105,13.999,0,0.000,16.089,14.622,0,0,1,0,1
PPG,2,20356,815790536,122,170975,191075,190951.516,123.484,-202.453,0,0,0,0,0.00,nan,1,2,0,nan,4,1,53,1,1,4,4,0,0,0,816061447,0.04053,-0.01050,0.95752,0.95843,-0.00772,0.00212,-0.00087,0.00805,0.96345,0.00502,0.00854,3,12127,0,1350,0.09429,0.04520,0.47939,84,1,98.015,125,1,2,2606,185610,0,0,0.000,10.105,13.999,0,0.000,16.089,14.622,0,0,1,0,1
PPG,2,20357,815830536,123,170985,191086,190952.859,133.141,-190.984,0,0,0,0,0.00,nan,1,2,0,nan,4,1,53,1,1,5,5,0,0,0,816107470,0.04150,-0.00781,0.95728,0.95821,-0.00798,0.00212,0.00046,0.00827,0.96231,0.01048,0.00827,3,16629,0,1350,0.09429,0.04520,0.47939,84,1,98.015,125,1,2,16513,185610,0,0,0.000,10.105,13.999,0,0.000,16.089,14.622,0,0,1,0,1
PPG,2,20358,815870536,122,171001,191096,190954.297,141.703,-169.625,0,0,0,0,0.00,nan,1,2,0,nan,4,1,53,1,1,6,6,0,0,0,816144050,0.03906,-0.00562,0.95923,0.96004,-0.00825,0.00158,-0.00221,0.00868,0.96004,0.00423,0.00868,3,12111,0,1350,0.09429,0.04520,0.47939,84,1,98.015,125,1,2,4297,185610,0,0,0.000,10.105,13.999,0,0.000,16.089,14.622,0,0,1,0,1
PPG,2,20359,815910536,120,171011,191109,190955.844,153.156,-145.547,0,0,0,0,0.00,nan,1,2,0,nan,4,1,53,1,1,7,7,0,0,0,816183017,0.04346,-0.00854,0.96387,0.96488,-0.00692,0.00132,-0.00061,0.00707,0.96488,0.00584,0.00876,3,12107,0,1350,0.09429,0.04520,0.47939,84,1,98.015,125,1,2,4294,185610,0,0,0.000,10.105,13.999,0,0.000,16.089,14.622,0,0,1,0,1
PPG,2,20360,815950536,165,170981,191115,190957.438,157.562,-124.969,0,0,0,0,0.00,nan,1,2,0,nan,4,1,53,1,1,8,8,0,0,0,816221968,0.04248,-0.00781,0.95776,0.95874,-0.00798,0.00105,0.00046,0.00806,0.96210,0.00455,0.00893,3,12148,0,1350,0.09429,0.04520,0.47939,84,1,98.015,125,1,2,4297,185610,0,0,0.000,10.105,13.999,0,0.000,16.089,14.622,0,0,1,0,1
PPG,2,20361,815990536,170,170971,191116,190959.016,156.984,-102.875,0,0,0,0,0.00,nan,1,2,0,nan,4,1,53,1,1,9,9,0,0,0,816261139,0.04468,-0.00464,0.96338,0.96443,-0.00878,0.00238,-0.00141,0.00921,0.96443,0.00823,0.00921,3,12108,0,1350,0.09429,0.04520,0.47939,84,1,98.015,125,1,2,2599,185610,0,0,0.000,10.105,13.999,0,0.000,16.089,14.622,0,0,1,0,1
PPG,2,20362,816030536,119,170995,191147,190960.891,186.109,-79.266,0,0,0,0,0.00,nan,1,2,0,nan,4,1,53,1,1,10,10,0,0,0,816302877,0.04126,-0.00513,0.96509,0.96598,-0.00745,0.00212,-0.00087,0.00779,0.96598,0.00704,0.00793,3,12139,0,1350,0.09429,0.04520,0.47939,84,1,98.015,125,1,2,4301,185610,0,0,0.000,10.105,13.999,0,0.000,16.089,14.622,0,0,1,0,1
PPG,2,20363,816070536,120,170961,191126,190962.547,163.453,-53.578,0,0,0,0,0.00,nan,1,2,0,nan,4,1,53,1,1,11,11,0,0,0,816342214,0.04370,-0.00732,0.95483,0.95586,-0.00878,0.00212,-0.00114,0.00911,0.95999,0.00599,0.00911,3,12260,0,1350,0.09429,0.04520,0.47939,84,1,98.015,125,1,2,4337,185610,0,0,0.000,10.105,13.999,0,0.000,16.089,14.622,0,0,1,0,1
PPG,2,20364,816110536,117,170991,191174,190964.656,209.344,-24.266,0,0,0,0,0.00,nan,1,2,0,nan,4,1,53,1,1,12,12,0,0,0,816381490,0.04736,-0.00977,0.95581,0.95703,-0.00772,0.00158,-0.00141,0.00800,0.96373,0.01145,0.00874,3,12263,0,1350,0.09429,0.04520,0.47939,84,1,98.015,125,1,2,2636,185610,0,0,0.000,10.105,13.999,0,0.000,16.089,14.622,0,0,1,0,1
PPG,2,20365,816150536,127,170988,191175,190966.766,208.234,-0.078,0,0,0,0,0.00,nan,1,2,0,nan,4,1,53,1,1,13,13,0,0,0,816423341,0.04419,-0.00586,0.95410,0.95514,-0.00665,0.00158,-0.00034,0.00684,0.95912,0.00303,0.00816,3,12232,0,1350,0.09429,0.04520,0.47939,84,1,98.015,125,1,2,4336,185610,0,0,0.000,10.105,13.999,0,0.000,16.089,14.622,0,0,1,0,1
PPG,2,20366,816190536,135,170972,191165,190968.750,196.250,18.328,0,0,0,0,0.00,nan,1,2,0,nan,4,1,53,1,1,14,14,0,0,0,816462642,0.04468,-0.00903,0.96069,0.96177,-0.00852,0.00238,-0.00007,0.00884,0.96177,0.00472,0.00884,3,12253,0,1350,0.09429,0.04520,0.47939,84,1,98.015,125,1,2,4339,185610,0,0,0.000,10.105,13.999,0,0.000,16.089,14.622,0,0,1,0,1
PPG,2,20367,816230536,132,170965,191134,190970.406,163.594,30.391,0,0,0,0,0.00,nan,1,2,0,nan,4,1,53,1,1,15,15,0,0,0,816501950,0.04150,-0.00439,0.95532,0.95623,-0.00772,0.00212,-0.00061,0.00802,0.95956,0.00577,0.00841,3,12247,0,1350,0.09429,0.04520,0.47939,84,1,98.015,125,1,2,4332,185610,0,0,0.000,10.105,13.999,0,0.000,16.089,14.622,0,0,1,0,1
PPG,2,20368,816270536,121,170917,191056,190971.266,84.734,33.828,0,0,0,0,0.00,nan,1,2,0,nan,4,1,53,1,1,16,16,0,0,0,816541234,0.04126,-0.00586,0.96069,0.96160,-0.00825,0.00212,0.00019,0.00852,0.96160,0.00314,0.00911,3,12254,0,1350,0.09429,0.04520,0.47939,84,1,98.015,125,1,2,2621,185610,0,0,0.000,10.105,13.999,0,0.000,16.089,14.622,0,0,1,0,1
PPG,2,20369,816310536,577,170892,191009,190971.641,37.359,25.906,0,0,0,0,0.00,nan,1,2,0,nan,4,1,53,1,1,17,17,0,0,0,816583047,0.03833,-0.00391,0.95459,0.95537,-0.00852,0.00212,-0.00061,0.00880,0.95889,0.00493,0.00915,3,12243,0,1350,0.08314,0.05291,0.63641,-999,0,94.090,42,1,2,4325,185610,0,0,0.000,10.105,13.999,0,0.000,16.089,14.622,0,0,1,0,1
PPG,2,20370,816350536,187,170903,191034,190972.266,61.734,15.766,0,0,0,0,0.00,nan,1,2,0,nan,4,1,53,1,1,18,18,0,0,0,816622920,0.04688,-0.00488,0.95557,0.95673,-0.00772,0.00158,-0.00114,0.00796,0.96247,0.00574,0.00808,3,12301,0,1350,0.08314,0.05291,0.63641,-999,0,94.090,42,1,2,4338,185610,0,0,0.000,10.105,13.999,0,0.000,16.089,14.622,0,0,1,0,1
PPG,2,20371,816390536,121,170902,191048,190973.016,74.984,-4.281,0,0,0,0,0.00,nan,1,2,0,nan,4,1,53,1,1,19,19,0,0,0,816662259,0.04639,-0.00684,0.95728,0.95842,-0.00745,0.00079,-0.00061,0.00752,0.96312,0.00639,0.00787,3,12197,0,1350,0.08314,0.05291,0.63641,-999,0,94.090,42,1,2,4312,185610,0,0,0.000,10.105,13.999,0,0.000,16.089,14.622,0,0,1,0,1
PPG,2,20372,816430536,143,170898,191047,190973.750,73.250,-24.828,0,0,0,0,0.00,nan,1,2,0,nan,4,1,53,1,1,20,20,0,0,0,816701495,0.04126,-0.00781,0.95923,0.96015,-0.00798,0.00185,-0.00061,0.00822,0.96044,0.00583,0.00911,3,12229,0,1350,0.08314,0.05291,0.63641,-999,0,94.090,42,1,2,2627,185610,0,0,0.000,10.105,13.999,0,0.000,16.089,14.622,0,0,1,0,1
PPG,2,20373,816470536,120,170885,191052,190974.531,77.469,-41.125,0,0,0,0,0.00,nan,1,2,0,nan,4,1,53,1,1,21,21,0,0,0,816743600,0.04541,-0.00415,0.96094,0.96202,-0.00798,0.00158,-0.00034,0.00815,0.96368,0.00353,0.00843,3,12279,0,1350,0.08314,0.05291,0.63641,-999,0,94.090,42,1,2,4340,185610,0,0,0.000,10.105,13.999,0,0.000,16.089,14.622,0,0,1,0,1
PPG,2,20374,816510536,117,170888,191074,190975.531,98.469,-50.438,0,0,0,0,0.00,nan,1,2,0,nan,4,1,53,1,1,22,22,0,0,0,816782816,0.04370,-0.00562,0.95679,0.95780,-0.00718,0.00292,-0.00061,0.00778,0.96297,0.00587,0.00889,3,12235,0,1350,0.08314,0.05291,0.63641,-999,0,94.090,42,1,2,4322,185610,0,0,0.000,10.105,13.999,0,0.000,16.089,14.622,0,0,1,0,1
PPG,2,20375,816550536,128,170920,191079,190976.562,102.438,-46.844,0,0,0,0,0.00,nan,1,2,0,nan,4,1,53,1,1,23,23,0,0,0,816822087,0.04077,-0.01001,0.95776,0.95868,-0.00798,0.00185,-0.00141,0.00831,0.96067,0.00287,0.00831,3,12286,0,1350,0.08314,0.05291,0.63641,-999,0,94.090,42,1,2,4341,185610,0,0,0.000,10.105,13.999,0,0.000,16.089,14.622,0,0,1,0,1
PPG,2,20376,816590536,149,170921,191114,190977.938,136.062,-33.797,1,0,1,880,68.18,68.18,2,1,0,nan,4,1,53,1,1,24,24,0,0,0,816861427,0.04150,-0.00244,0.95972,0.96062,-0.00825,0.00132,0.00019,0.00836,0.96062,0.00476,0.00899,3,12263,0,1350,0.08314,0.05291,0.63641,-999,0,94.090,42,1,3,2631,185610,0,0,126.141,10.105,13.999,1,236.281,16.089,14.622,1,1,1,0,2
PPG,2,20377,816630536,122,170939,191156,190979.719,176.281,-19.875,0,0,0,0,68.18,68.18,2,1,0,nan,4,1,53,1,1,25,25,0,0,0,816903441,0.04468,-0.00928,0.95386,0.95495,-0.00905,0.00132,-0.00034,0.00915,0.96372,0.00877,0.00915,3,12207,0,1350,0.08314,0.05291,0.63641,-999,0,94.090,42,1,3,4334,185610,0,0,0.000,10.358,14.823,0,0.000,16.691,15.881,0,0,1,0,2
PPG,2,20378,816670536,121,170948,191154,190981.469,172.531,-7.625,0,0,0,0,68.18,68.18,2,1,0,nan,4,1,53,1,1,26,26,0,0,0,816942693,0.03833,-0.00684,0.96045,0.96124,-0.00692,0.00212,-0.00167,0.00742,0.96124,0.00331,0.00862,3,12136,0,1350,0.08314,0.05291,0.63641,-999,0,94.090,42,1,3,4310,185610,0,0,0.000,10.358,14.823,0,0.000,16.691,15.881,0,0,1,0,2
PPG,2,20379,816710536,121,170928,191141,190983.062,157.938,4.203,0,0,0,0,68.18,68.18,2,1,0,nan,4,1,53,1,1,27,27,0,0,0,816981846,0.04492,-0.00952,0.95947,0.96057,-0.00772,0.00238,-0.00167,0.00825,0.96057,0.00309,0.00912,3,12235,0,1350,0.08314,0.05291,0.63641,-999,0,94.090,42,1,3,2601,185610,0,0,0.000,10.358,14.823,0,0.000,16.691,15.881,0,0,1,0,2
PPG,2,20380,816750536,120,170965,191203,190985.266,217.734,21.375,0,0,0,0,68.18,68.18,2,1,0,nan,4,1,53,1,1,28,28,0,0,0,817023551,0.04541,-0.00684,0.96436,0.96545,-0.00745,0.00265,-0.00034,0.00791,0.96545,0.00922,0.00850,3,12134,0,1350,0.08314,0.05291,0.63641,-999,0,94.090,42,1,3,4319,185610,0,0,0.000,10.358,14.823,0,0.000,16.691,15.881,0,0,1,0,2
PPG,2,20381,816790536,120,170973,191211,190987.516,223.484,36.188,0,0,0,0,68.18,68.18,2,1,0,nan,4,1,53,1,1,29,29,0,0,0,817062538,0.04102,-0.00659,0.95752,0.95842,-0.00798,0.00292,-0.00194,0.00872,0.96552,0.00965,0.00872,3,12148,0,1350,0.08314,0.05291,0.63641,-999,0,94.090,42,1,3,4324,185610,0,0,0.000,10.358,14.823,0,0.000,16.691,15.881,0,0,1,0,2
PPG,2,20382,816830536,125,170960,191211,190989.750,221.250,51.844,0,0,0,0,68.18,68.18,2,1,0,nan,4,1,53,1,1,30,30,0,0,0,817108257,0.04248,-0.00977,0.95508,0.95607,-0.00745,0.00185,-0.00141,0.00780,0.95607,0.00385,0.00895,3,18826,0,1350,0.08314,0.05291,0.63641,-999,0,94.090,42,1,3,14473,185610,0,0,0.000,10.358,14.823,0,0.000,16.691,15.881,0,0,1,0,2
PPG,2,20383,816870536,133,170950,191202,190991.875,210.125,60.625,0,0,0,0,68.18,68.18,2,1,0,nan,4,1,53,1,1,31,31,0,0,0,817177520,0.03833,-0.00610,0.95996,0.96075,-0.00825,0.00238,0.00019,0.00859,0.96075,0.00467,0.00859,1,69263,0,1355,0.08314,0.05291,0.63641,-999,0,94.090,42,1,3,69123,185610,0,0,0.000,10.358,14.823,0,0.000,16.691,15.881,0,0,1,0,2
PPG,2,20384,816910536,137,170959,191220,190994.156,225.844,67.469,0,0,0,0,68.18,68.18,2,1,0,nan,4,1,53,1,1,0,0,0,0,0,817189672,0.04419,-0.00732,0.95996,0.96101,-0.00772,0.00185,-0.00194,0.00817,0.96101,0.00026,0.00817,1,12152,0,1355,0.08314,0.05291,0.63641,-999,0,94.090,42,1,3,12166,185610,0,0,0.000,10.358,14.823,0,0.000,16.691,15.881,0,0,1,0,2
PPG,2,20385,816950536,119,170969,191233,190996.547,236.453,75.844,0,0,0,0,68.18,68.18,2,1,0,nan,4,1,53,1,1,1,1,0,0,0,817226110,0.03955,-0.00903,0.95288,0.95374,-0.00825,0.00265,-0.00087,0.00871,0.96309,0.00662,0.00905,3,12151,0,1355,0.08314,0.05291,0.63641,-999,0,94.090,42,1,3,2629,185610,0,0,0.000,10.358,14.823,0,0.000,16.691,15.881,0,0,1,0,2
PPG,2,20386,816990536,119,170955,191192,190998.500,193.500,81.781,0,0,0,0,68.18,68.18,2,1,0,nan,4,1,53,1,1,2,2,0,0,0,817262494,0.04321,-0.00684,0.95435,0.95535,-0.00825,0.00158,-0.00034,0.00841,0.95668,0.00293,0.00841,3,12123,0,1355,0.08314,0.05291,0.63641,-999,0,94.090,42,1,3,4303,185610,0,0,0.000,10.358,14.823,0,0.000,16.691,15.881,0,0,1,0,2
PPG,2,20387,817030536,179,170913,191075,190999.266,75.734,66.453,0,0,0,0,68.18,68.18,2,1,0,nan,4,1,53,1,1,3,3,0,0,0,817301425,0.04492,-0.00146,0.95630,0.95735,-0.00772,0.00238,-0.00114,0.00816,0.95977,0.00442,0.00837,3,12116,0,1355,0.08314,0.05291,0.63641,-999,0,94.090,42,1,3,2595,185610,0,0,0.000,10.358,14.823,0,0.000,16.691,15.881,0,0,1,0,2
PPG,2,20388,817070536,122,170881,191031,190999.578,31.422,41.984,0,0,0,0,68.18,68.18,2,1,0,nan,4,1,53,1,1,4,4,0,0,0,817343065,0.04175,-0.00830,0.95508,0.95603,-0.00798,0.00292,-0.00061,0.00852,0.95654,0.00197,0.00878,3,12135,0,1355,0.08314,0.05291,0.63641,-999,0,94.090,42,1,3,4302,185610,0,0,0.000,10.358,14.823,0,0.000,16.691,15.881,0,0,1,0,2
PPG,2,20389,817110536,122,170892,191072,191000.297,71.703,18.969,0,1,0,0,68.18,68.18,2,1,0,nan,4,1,53,1,1,5,5,0,0,0,817381984,0.04248,-0.00684,0.95752,0.95849,-0.00745,0.00105,0.00019,0.00753,0.96151,0.00470,0.00800,3,12117,0,1355,0.08314,0.05291,0.63641,-999,0,94.090,42,1,3,2598,185610,0,0,0.000,10.358,14.823,0,0.000,16.691,15.881,0,0,1,0,2
PPG,2,20390,817150536,119,170878,191061,191000.906,60.094,-2.516,0,0,0,0,68.18,68.18,2,1,0,nan,4,1,53,1,1,6,6,0,0,0,817423515,0.04321,-0.00415,0.95801,0.95899,-0.00825,0.00185,-0.00061,0.00848,0.95956,0.00319,0.00848,3,12114,0,1355,0.08314,0.05291,0.63641,-999,0,94.090,42,1,3,4298,185610,0,0,0.000,10.358,14.823,0,0.000,16.691,15.881,0,0,1,0,2
PPG,2,20391,817190536,121,170883,191075,191001.641,73.359,-24.578,0,0,0,0,68.18,68.18,2,1,0,nan,4,1,53,1,1,7,7,0,0,0,817462449,0.03955,-0.00659,0.96313,0.96397,-0.00798,0.00212,-0.00061,0.00828,0.96397,0.01242,0.00924,3,12114,0,1355,0.08314,0.05291,0.63641,-999,0,94.090,42,1,3,4303,185610,0,0,0.000,10.358,14.823,0,0.000,16.691,15.881,0,0,1,0,2
PPG,2,20392,817230536,119,170896,191092,191002.547,89.453,-46.984,0,0,0,0,68.18,68.18,2,1,0,nan,4,1,53,1,1,8,8,0,0,0,817501408,0.04077,-0.00708,0.96289,0.96378,-0.00798,0.00158,0.00046,0.00815,0.96378,0.00605,0.00824,3,12130,0,1355,0.08314,0.05291,0.63641,-999,0,94.090,42,1,3,2595,185610,0,0,0.000,10.358,14.823,0,0.000,16.691,15.881,0,0,1,0,2
PPG,2,20393,817270536,120,170892,191086,191003.375,82.625,-63.812,0,0,0,0,68.18,68.18,2,1,0,nan,4,1,53,1,1,9,9,0,0,0,817543125,0.03687,-0.00684,0.95972,0.96045,-0.00692,0.00292,-0.00114,0.00759,0.96160,0.00850,0.00768,3,12310,0,1355,0.08314,0.05291,0.63641,-999,0,94.090,42,1,3,4332,185610,0,0,0.000,10.358,14.823,0,0.000,16.691,15.881,0,0,1,0,2
PPG,2,20394,817310536,529,170912,191119,191004.531,114.469,-59.766,1,0,1,720,68.18,68.18,2,1,0,nan,2,2,53,1,1,10,10,0,0,0,817582316,0.03979,-0.00342,0.95874,0.95957,-0.00772,0.00238,-0.00061,0.00810,0.95957,0.00697,0.00810,3,12116,0,1355,0.05904,0.06772,1.14700,77,1,81.325,107,1,3,4306,185610,0,0,83.828,10.358,14.823,1,132.219,16.691,15.881,1,1,1,0,3
PPG,2,20395,817350536,170,170946,191155,191006.031,148.969,-45.875,0,0,0,0,68.18,68.18,2,1,0,nan,2,2,53,1,1,11,11,0,0,0,817621759,0.04150,-0.00562,0.95532,0.95624,-0.00692,0.00132,-0.00007,0.00704,0.96118,0.01121,0.00768,3,12113,0,1355,0.05904,0.06772,1.14700,77,1,81.325,107,1,3,2599,185610,0,0,0.000,10.314,14.681,0,0.000,16.567,15.623,0,0,1,0,3
PPG,2,20396,817390536,122,170926,191164,191007.609,156.391,-35.234,0,0,0,0,68.18,68.18,2,1,0,nan,2,2,53,1,1,12,12,0,0,0,817663474,0.04248,-0.00830,0.95972,0.96069,-0.00878,0.00105,-0.00114,0.00892,0.96408,0.00784,0.00962,3,12201,0,1355,0.05904,0.06772,1.14700,77,1,81.325,107,1,3,4309,185610,0,0,0.000,10.314,14.681,0,0.000,16.567,15.623,0,0,1,0,3
PPG,2,20397,817430536,123,170924,191162,191009.156,152.844,-21.094,0,0,0,0,68.18,68.18,2,1,0,nan,2,2,53,1,1,13,13,0,0,0,817702568,0.04468,-0.01099,0.96069,0.96179,-0.00825,0.00158,-0.00087,0.00845,0.96179,0.00195,0.00845,3,12270,0,1355,0.05904,0.06772,1.14700,77,1,81.325,107,1,3,4301,185610,0,0,0.000,10.314,14.681,0,0.000,16.567,15.623,0,0,1,0,3
PPG,2,20398,817470536,137,170960,191201,191011.078,189.922,-5.438,0,0,0,0,68.18,68.18,2,1,0,nan,2,2,53,1,1,14,14,0,0,0,817741579,0.04370,-0.00366,0.95801,0.95901,-0.00798,0.00105,-0.00087,0.00810,0.96548,0.00841,0.00810,3,12151,0,1355,0.05904,0.06772,1.14700,77,1,81.325,107,1,3,2702,185610,0,0,0.000,10.314,14.681,0,0.000,16.567,15.623,0,0,1,0,3
PPG,2,20399,817510536,129,170955,191205,191013.016,191.984,7.500,0,0,0,0,68.18,68.18,2,1,0,nan,2,2,53,1,1,15,15,0,0,0,817783864,0.04443,-0.00708,0.95239,0.95345,-0.00852,0.00292,-0.00167,0.00916,0.96189,0.00814,0.00916,3,12253,0,1355,0.05904,0.06772,1.14700,77,1,81.325,107,1,3,4336,185610,0,0,0.000,10.314,14.681,0,0.000,16.567,15.623,0,0,1,0,3
PPG,2,20400,817550536,122,170957,191159,191014.469,144.531,20.125,0,0,0,0,68.18,68.18,2,1,0,nan,2,2,53,1,1,16,16,0,0,0,817823211,0.04419,-0.00513,0.95410,0.95514,-0.00718,0.00292,-0.00087,0.00780,0.95989,0.00644,0.00882,3,12247,0,1355,0.05904,0.06772,1.14700,77,1,81.325,107,1,3,4336,185610,0,0,0.000,10.314,14.681,0,0.000,16.567,15.623,0,0,1,0,3
PPG,2,20401,817590536,130,170948,191154,191015.859,138.141,27.969,0,0,0,0,68.18,68.18,2,1,0,nan,2,2,53,1,1,17,17,0,0,0,817862540,0.04077,-0.00659,0.96143,0.96231,-0.00772,0.00105,-0.00141,0.00791,0.96733,0.01219,0.00848,3,12222,0,1355,0.05904,0.06772,1.14700,77,1,81.325,107,1,3,4335,185610,0,0,0.000,10.314,14.681,0,0.000,16.567,15.623,0,0,1,0,3
PPG,2,20402,817630536,134,170952,191188,191017.578,170.422,33.844,0,0,0,0,68.18,68.18,2,1,0,nan,2,2,53,1,1,18,18,0,0,0,817901917,0.03955,-0.00464,0.95923,0.96005,-0.00825,0.00079,-0.00087,0.00833,0.96005,0.00484,0.00842,3,12272,0,1355,0.05904,0.06772,1.14700,77,1,81.325,107,1,3,2627,185610,0,0,0.000,10.314,14.681,0,0.000,16.567,15.623,0,0,1,0,3
PPG,2,20403,817670536,129,170962,191204,191019.438,184.562,39.453,0,0,0,0,68.18,68.18,2,1,0,nan,2,2,53,1,1,19,19,0,0,0,817943862,0.04468,-0.00610,0.96069,0.96175,-0.00825,0.00132,-0.00114,0.00843,0.96175,0.00513,0.00843,3,12274,0,1355,0.05904,0.06772,1.14700,77,1,81.325,107,1,3,4357,185610,0,0,0.000,10.314,14.681,0,0.000,16.567,15.623,0,0,1,0,3
PPG,2,20404,817710536,124,170970,191223,191021.469,201.531,48.031,0,0,0,0,68.18,68.18,2,1,0,nan,2,2,53,1,1,20,20,0,0,0,817983248,0.04443,-0.00317,0.95728,0.95831,-0.00772,0.00345,-0.00141,0.00857,0.95845,0.00330,0.00871,3,12251,0,1355,0.05904,0.06772,1.14700,77,1,81.325,107,1,3,4334,185610,0,0,0.000,10.314,14.681,0,0.000,16.567,15.623,0,0,1,0,3
PPG,2,20405,817750536,128,170989,191215,191023.406,191.594,50.922,0,0,0,0,68.18,68.18,2,1,0,nan,2,2,53,1,1,21,21,0,0,0,818022521,0.04321,-0.00586,0.96143,0.96241,-0.00745,0.00238,-0.00114,0.00790,0.96241,0.00549,0.00812,3,12220,0,1355,0.05904,0.06772,1.14700,77,1,81.325,107,1,3,4336,185610,0,0,0.000,10.314,14.681,0,0.000,16.567,15.623,0,0,1,0,3
PPG,2,20406,817790536,187,170943,191113,191024.297,88.703,41.719,0,1,0,0,68.18,68.18,2,1,0,nan,2,2,53,1,1,22,22,0,0,0,818061911,0.04126,-0.00293,0.95654,0.95744,-0.00798,0.00212,0.00019,0.00826,0.95890,0.00717,0.00853,3,12245,0,1355,0.05904,0.06772,1.14700,77,1,81.325,107,1,3,2635,185610,0,0,0.000,10.314,14.681,0,0.000,16.567,15.623,0,0,1,0,3
PPG,2,20407,817830536,129,170908,191081,191024.859,56.141,30.281,0,0,0,0,68.18,68.18,2,1,0,nan,2,2,53,1,1,23,23,0,0,0,818108174,0.04150,-0.00391,0.96094,0.96184,-0.00825,0.00345,-0.00087,0.00898,0.96237,0.00493,0.00898,3,16499,0,1355,0.05904,0.06772,1.14700,77,1,81.325,107,1,3,16434,185610,0,0,0.000,10.314,14.681,0,0.000,16.567,15.623,0,0,1,0,3
PPG,2,20408,817870536,125,170888,191085,191025.453,59.547,17.719,0,0,0,0,68.18,68.18,2,1,0,nan,2,2,53,1,1,24,24,0,0,0,818144931,0.04565,-0.00610,0.95898,0.96009,-0.00772,0.00132,0.00073,0.00786,0.96009,0.00826,0.00911,3,12252,0,1355,0.05904,0.06772,1.14700,77,1,81.325,107,1,3,2609,185610,0,0,0.000,10.314,14.681,0,0.000,16.567,15.623,0,0,1,0,3
PPG,2,20409,817910536,126,170923,191135,191026.547,108.453,7.016,0,0,0,0,68.18,68.18,2,1,0,nan,2,2,53,1,1,25,25,0,0,0,818181574,0.04297,-0.00586,0.96680,0.96777,-0.00718,0.00185,0.00019,0.00742,0.96777,0.00694,0.00822,3,12247,0,1355,0.05904,0.06772,1.14700,77,1,81.325,107,1,3,2626,185610,0,0,0.000,10.314,14.681,0,0.000,16.567,15.623,0,0,1,0,3
PPG,2,20410,817950536,124,170933,191181,191028.094,152.906,-2.266,0,0,0,0,68.18,68.18,2,1,0,nan,2,2,53,1,1,26,26,0,0,0,818223428,0.03906,-0.00513,0.95776,0.95857,-0.00825,0.00185,-0.00007,0.00845,0.95993,0.00784,0.00846,3,12194,0,1355,0.05904,0.06772,1.14700,77,1,81.325,107,1,3,4345,185610,0,0,0.000,10.314,14.681,0,0.000,16.567,15.623,0,0,1,0,3
PPG,2,20411,817990536,126,170944,191187,191029.688,157.312,-13.031,0,0,0,0,68.18,68.18,2,1,0,nan,2,2,53,1,1,27,27,0,0,0,818262746,0.04297,-0.00684,0.95654,0.95753,-0.00878,0.00265,-0.00167,0.00932,0.96663,0.00910,0.00932,3,12269,0,1355,0.05904,0.06772,1.14700,77,1,81.325,107,1,3,4331,185610,0,0,0.000,10.314,14.681,0,0.000,16.567,15.623,0,0,1,0,3
PPG,2,20412,818030536,123,170933,191194,191031.328,162.672,-21.125,0,0,0,0,68.18,68.18,2,1,0,nan,2,2,53,1,1,28,28,0,0,0,818302084,0.04761,-0.00537,0.95874,0.95994,-0.00798,0.00158,-0.00061,0.00816,0.96291,0.00565,0.00854,3,12227,0,1355,0.05904,0.06772,1.14700,77,1,81.325,107,1,3,2618,185610,0,0,0.000,10.314,14.681,0,0.000,16.567,15.623,0,0,1,0,3
PPG,2,20413,818070536,153,170928,191164,191032.656,131.344,-17.734,1,0,1,760,78.95,78.95,2,1,0,nan,2,2,53,1,1,29,29,0,0,0,818343981,0.03711,-0.00488,0.95728,0.95801,-0.00852,0.00185,-0.00087,0.00876,0.96243,0.00633,0.00876,3,12224,0,1355,0.05904,0.06772,1.14700,77,1,81.325,107,1,3,4319,185610,0,0,68.438,10.314,14.681,1,114.734,16.567,15.623,1,1,1,0,4
PPG,2,20414,818110536,154,170906,191171,191034.047,136.953,-7.469,0,0,0,0,78.95,78.95,2,1,0,nan,2,2,53,1,1,30,30,0,0,0,818383277,0.03833,-0.00708,0.95581,0.95660,-0.00718,0.00212,-0.00061,0.00751,0.95660,0.00290,0.00776,3,12141,0,1355,0.05904,0.06772,1.14700,77,1,81.325,107,1,3,4306,185610,0,0,0.000,10.180,14.243,0,0.000,16.350,15.168,0,0,1,0,4
PPG,2,20415,818150536,123,170916,191175,191035.453,139.547,4.375,0,0,0,0,78.95,78.95,2,1,0,nan,2,2,53,1,1,31,31,0,0,0,818422494,0.03955,-0.00610,0.95850,0.95933,-0.00878,0.00212,-0.00221,0.00930,0.96579,0.00926,0.00930,3,12113,0,1355,0.05904,0.06772,1.14700,77,1,81.325,107,1,3,4297,185610,0,0,0.000,10.180,14.243,0,0.000,16.350,15.168,0,0,1,0,4
PPG,2,20416,818190536,162,170920,191205,191037.156,167.844,12.328,0,0,0,0,78.95,78.95,2,1,0,nan,2,2,53,1,1,0,0,0,0,0,818461490,0.04150,-0.01001,0.96313,0.96408,-0.00772,0.00238,-0.00087,0.00812,0.96408,0.00256,0.00871,3,12155,0,1355,0.05904,0.06772,1.14700,77,1,81.325,107,1,3,2599,185610,0,0,0.000,10.122,14.386,0,0.000,16.350,15.168,0,0,1,0,4
PPG,2,20417,818230536,127,170928,191223,191039.016,183.984,15.266,0,0,0,0,78.95,78.95,2,1,0,nan,2,2,53,1,1,1,1,0,0,0,818503129,0.04077,-0.00879,0.96387,0.96477,-0.00825,0.00212,-0.00034,0.00852,0.96477,0.00773,0.00852,3,12133,0,1355,0.05904,0.06772,1.14700,77,1,81.325,107,1,3,4299,185610,0,0,0.000,10.122,14.386,0,0.000,16.350,15.168,0,0,1,0,4
PPG,2,20418,818270536,122,170925,191210,191040.719,169.281,18.125,0,0,0,0,78.95,78.95,2,1,0,nan,2,2,53,1,1,2,2,0,0,0,818542059,0.04199,-0.00659,0.96216,0.96310,-0.00718,0.00185,-0.00141,0.00755,0.96310,0.00782,0.00868,3,12116,0,1355,0.05904,0.06772,1.14700,77,1,81.325,107,1,3,2604,185610,0,0,0.000,10.122,14.386,0,0.000,16.350,15.168,0,0,1,0,4
PPG,2,20419,818310536,508,170901,191211,191042.422,168.578,20.234,0,0,0,0,78.95,78.95,2,1,0,nan,2,2,53,1,1,3,3,0,0,0,818583645,0.04199,-0.00732,0.95996,0.96091,-0.00798,0.00158,-0.00167,0.00831,0.96477,0.01014,0.00848,3,12121,0,1355,0.05901,0.06372,1.07997,98,1,83.001,83,1,3,4296,185610,0,0,0.000,10.122,14.386,0,0.000,16.350,15.168,0,0,1,0,4
PPG,2,20420,818350536,175,170880,191191,191043.906,147.094,22.500,0,0,0,0,78.95,78.95,2,1,0,nan,2,2,53,1,1,4,4,0,0,0,818623012,0.04028,-0.00781,0.95898,0.95986,-0.00745,0.00238,-0.00194,0.00806,0.96092,0.00151,0.00892,3,12115,0,1355,0.05901,0.06372,1.07997,98,1,83.001,83,1,3,4297,185610,0,0,0.000,10.122,14.386,0,0.000,16.350,15.168,0,0,1,0,4
PPG,2,20421,818390536,123,170903,191224,191045.703,178.297,26.578,0,0,0,0,78.95,78.95,2,1,0,nan,2,2,53,1,1,5,5,0,0,0,818662020,0.04150,-0.00806,0.96069,0.96162,-0.00825,0.00212,-0.00141,0.00863,0.96162,0.00340,0.00883,3,12139,0,1355,0.05901,0.06372,1.07997,98,1,83.001,83,1,3,2596,185610,0,0,0.000,10.122,14.386,0,0.000,16.350,15.168,0,0,1,0,4
PPG,2,20422,818430536,122,170899,191240,191047.641,192.359,33.266,0,0,0,0,78.95,78.95,2,1,0,nan,2,2,53,1,1,6,6,0,0,0,818703568,0.03955,-0.00537,0.95874,0.95957,-0.00798,0.00185,-0.00141,0.00831,0.95957,0.00379,0.00863,3,12115,0,1355,0.05901,0.06372,1.07997,98,1,83.001,83,1,3,4296,185610,0,0,0.000,10.122,14.386,0,0.000,16.350,15.168,0,0,1,0,4
PPG,2,20423,818470536,124,170908,191252,191049.688,202.312,37.578,0,0,0,0,78.95,78.95,2,1,0,nan,2,2,53,1,1,7,7,0,0,0,818742509,0.04126,-0.00854,0.95801,0.95893,-0.00772,0.00212,-0.00087,0.00805,0.96055,0.00161,0.00990,3,12120,0,1355,0.05901,0.06372,1.07997,98,1,83.001,83,1,3,4302,185610,0,0,0.000,10.122,14.386,0,0.000,16.350,15.168,0,0,1,0,4
PPG,2,20424,818510536,125,170924,191263,191051.828,211.172,41.281,0,0,0,0,78.95,78.95,2,1,0,nan,2,2,53,1,1,8,8,0,0,0,818781559,0.04565,-0.00439,0.95532,0.95642,-0.00772,0.00238,-0.00007,0.00808,0.96358,0.00588,0.00808,3,12111,0,1355,0.05901,0.06372,1.07997,98,1,83.001,83,1,3,2599,185610,0,0,0.000,10.122,14.386,0,0.000,16.350,15.168,0,0,1,0,4
PPG,2,20425,818550536,192,170863,191158,191052.891,105.109,36.703,0,0,0,0,78.95,78.95,2,1,0,nan,2,2,53,1,1,9,9,0,0,0,818823105,0.03760,-0.00757,0.96069,0.96146,-0.00772,0.00212,0.00019,0.00800,0.96146,0.00931,0.00843,3,12122,0,1355,0.05901,0.06372,1.07997,98,1,83.001,83,1,3,4300,185610,0,0,0.000,9.997,14.704,0,0.000,16.350,15.168,0,0,1,0,4
PPG,2,20426,818590536,123,170800,191040,191052.766,-12.766,15.922,0,0,0,0,78.95,78.95,2,1,0,nan,2,2,53,1,1,10,10,0,0,0,818862116,0.04346,-0.00879,0.95581,0.95684,-0.00852,0.00212,-0.00087,0.00882,0.96383,0.00795,0.00882,3,12132,0,1355,0.05901,0.06372,1.07997,98,1,83.001,83,1,3,2595,185610,0,0,0.000,9.997,14.704,0,0.000,16.350,15.168,0,0,1,0,4
PPG,2,20427,818630536,125,170791,191030,191052.531,-22.531,-4.531,0,0,0,0,78.95,78.95,2,1,0,nan,2,2,53,1,1,11,11,0,0,0,818903660,0.04224,-0.01099,0.95728,0.95827,-0.00772,0.00238,0.00019,0.00808,0.96403,0.00720,0.00879,3,12113,0,1355,0.05901,0.06372,1.07997,98,1,83.001,83,1,3,4299,185610,0,0,0.000,9.997,14.704,0,0.000,16.350,15.168,0,0,1,0,4
PPG,2,20428,818670536,123,170800,191054,191052.547,1.453,-27.266,0,0,0,0,78.95,78.95,2,1,0,nan,2,2,53,1,1,12,12,0,0,0,818942587,0.04492,-0.00317,0.95288,0.95394,-0.00718,0.00158,-0.00087,0.00741,0.96429,0.01035,0.00885,3,12120,0,1355,0.05901,0.06372,1.07997,98,1,83.001,83,1,3,2598,185610,0,0,0.000,9.997,14.704,0,0.000,16.350,15.168,0,0,1,0,4
PPG,2,20429,818710536,125,170808,191053,191052.547,0.453,-49.875,0,0,0,0,78.95,78.95,2,1,0,nan,2,2,53,1,1,13,13,0,0,0,818984160,0.04272,-0.00195,0.95459,0.95555,-0.00825,0.00212,-0.00087,0.00856,0.96314,0.00920,0.00856,3,12112,0,1355,0.05901,0.06372,1.07997,98,1,83.001,83,1,3,4297,185610,0,0,0.000,9.997,14.704,0,0.000,16.350,15.168,0,0,1,0,4
PPG,2,20430,818750536,126,170814,191084,191052.859,31.141,-69.031,0,0,0,0,78.95,78.95,2,1,0,nan,2,2,53,1,1,14,14,0,0,0,819023083,0.04224,-0.00366,0.95435,0.95529,-0.00798,0.00185,-0.00087,0.00824,0.96888,0.01360,0.00857,3,12116,0,1355,0.05901,0.06372,1.07997,98,1,83.001,83,1,3,4305,185610,0,0,0.000,9.997,14.704,0,0.000,16.350,15.168,0,0,1,0,4
PPG,2,20431,818790536,125,170764,191019,191052.516,-33.516,-95.469,0,0,0,0,78.95,78.95,2,1,0,nan,2,2,53,1,1,15,15,0,0,0,819062009,0.03735,-0.00610,0.95239,0.95314,-0.00638,0.00158,-0.00087,0.00664,0.95704,0.00390,0.00802,3,12110,0,1355,0.05901,0.06372,1.07997,98,1,83.001,83,1,3,2613,185610,0,0,0.000,9.997,14.704,0,0.000,16.350,15.168,0,0,1,0,4
PPG,2,20432,818830536,131,170734,190961,191051.594,-90.594,-111.984,1,0,0,0,78.95,78.95,2,1,0,nan,2,2,53,1,1,16,16,0,0,0,819107702,0.04272,-0.00684,0.95801,0.95898,-0.00852,0.00212,0.00046,0.00879,0.96096,0.00585,0.00879,3,16231,0,1355,0.05901,0.06372,1.07997,98,1,83.001,83,1,3,16171,185610,0,0,0.000,9.997,14.704,0,62.406,16.350,15.168,1,0,1,0,4
PPG,2,20433,818870536,133,170737,190961,191050.688,-89.688,-113.109,0,0,0,0,78.95,78.95,2,1,0,nan,2,2,53,1,1,17,17,0,0,0,819144135,0.04102,-0.00635,0.96509,0.96598,-0.00878,0.00105,-0.00141,0.00896,0.96598,0.01021,0.00936,3,12118,0,1355,0.05901,0.06372,1.07997,98,1,83.001,83,1,3,4299,185610,0,0,0.000,9.997,14.704,0,0.000,16.350,15.168,0,0,1,0,4
PPG,2,20434,818910536,124,170758,190999,191050.172,-51.172,-108.938,0,0,0,0,78.95,78.95,2,1,0,nan,2,2,53,1,1,18,18,0,0,0,819183174,0.04492,-0.00708,0.95825,0.95933,-0.00718,0.00079,-0.00087,0.00728,0.95933,0.00697,0.00898,3,12117,0,1355,0.05901,0.06372,1.07997,98,1,83.001,83,1,3,4305,185610,0,0,0.000,9.997,14.704,0,0.000,16.350,15.168,0,0,1,0,4
PPG,2,20435,818950536,187,170703,190965,191049.312,-84.312,-111.156,0,0,0,0,78.95,78.95,2,1,0,nan,2,2,53,1,1,19,19,0,0,0,819222154,0.04126,-0.00903,0.95605,0.95699,-0.00772,0.00265,-0.00141,0.00828,0.95773,0.00160,0.00836,3,12114,0,1355,0.05901,0.06372,1.07997,98,1,83.001,83,1,3,2594,185610,0,0,0.000,9.741,15.405,0,0.000,15.837,16.075,0,0,1,0,4
PPG,2,20436,818990536,127,170618,190855,191047.375,-192.375,-121.938,0,0,0,0,78.95,78.95,2,1,0,nan,2,2,53,1,1,20,20,0,0,0,819263864,0.03882,-0.00830,0.95679,0.95761,-0.00825,0.00238,-0.00114,0.00866,0.96214,0.01249,0.00892,3,12131,0,1355,0.05901,0.06372,1.07997,98,1,83.001,83,1,3,4309,185610,0,0,0.000,9.741,15.405,0,0.000,15.837,16.075,0,0,1,0,4
PPG,2,20437,819030536,125,170544,190796,191044.859,-248.859,-141.719,0,0,0,0,78.95,78.95,2,1,0,nan,2,2,53,1,1,21,21,0,0,0,819302985,0.04224,-0.00586,0.95605,0.95701,-0.00798,0.00158,-0.00087,0.00819,0.96355,0.00594,0.00876,3,12119,0,1355,0.05901,0.06372,1.07997,98,1,83.001,83,1,3,4302,185610,0,0,0.000,9.741,15.405,0,0.000,15.837,16.075,0,0,1,0,4
PPG,2,20438,819070536,124,170542,190767,191042.078,-275.078,-155.578,0,0,0,0,78.95,78.95,2,1,0,nan,2,2,53,1,1,22,22,0,0,0,819341917,0.04150,-0.00659,0.95459,0.95551,-0.00772,0.00132,-0.00034,0.00784,0.95907,0.00225,0.00784,3,12117,0,1355,0.05901,0.06372,1.07997,98,1,83.001,83,1,3,2595,185610,0,0,0.000,9.741,15.405,0,0.000,15.837,16.075,0,0,1,0,4
PPG,2,20439,819110536,124,170540,190770,191039.359,-269.359,-160.812,0,0,0,0,78.95,78.95,2,1,0,nan,2,2,53,1,1,23,23,0,0,0,819383506,0.04126,-0.00391,0.95337,0.95427,-0.00878,0.00132,0.00019,0.00888,0.96094,0.00667,0.00941,3,12167,0,1355,0.05901,0.06372,1.07997,98,1,83.001,83,1,3,4296,185610,0,0,0.000,9.741,15.405,0,0.000,15.837,16.075,0,0,1,0,4
PPG,2,20440,819150536,128,170596,190799,191036.953,-237.953,-164.359,0,0,0,0,78.95,78.95,2,1,0,nan,2,2,53,1,1,24,24,0,0,0,819422497,0.04395,-0.00684,0.95435,0.95538,-0.00798,0.00212,-0.00167,0.00843,0.95699,0.00285,0.00843,3,12111,0,1355,0.05901,0.06372,1.07997,98,1,83.001,83,1,3,2599,185610,0,0,0.000,9.741,15.405,0,0.000,15.837,16.075,0,0,1,0,4
PPG,2,20441,819190536,125,170654,190875,191035.328,-160.328,-164.625,0,0,0,0,78.95,78.95,2,1,0,nan,2,2,53,1,1,25,25,0,0,0,819464010,0.04028,-0.00635,0.95142,0.95229,-0.00745,0.00185,-0.00034,0.00768,0.96339,0.01110,0.00868,3,12107,0,1355,0.05901,0.06372,1.07997,98,1,83.001,83,1,3,4299,185610,0,0,0.000,9.741,15.405,0,0.000,15.837,16.075,0,0,1,0,4
PPG,2,20442,819230536,193,170726,190985,191034.828,-49.828,-149.016,0,0,0,0,78.95,78.95,2,1,0,nan,2,2,53,1,1,26,26,0,0,0,819503169,0.04590,-0.00537,0.95972,0.96083,-0.00718,0.00212,-0.00061,0.00751,0.96083,0.00431,0.00886,3,12209,0,1355,0.05901,0.06372,1.07997,98,1,83.001,83,1,3,4339,185610,0,0,0.000,9.741,15.405,0,0.000,15.837,16.075,0,0,1,0,4
PPG,2,20443,819270536,128,170836,191149,191035.969,113.031,-101.875,0,0,0,0,78.95,78.95,2,1,0,nan,2,2,53,1,1,27,27,0,0,0,819542442,0.04175,-0.00903,0.96265,0.96359,-0.00745,0.00105,-0.00007,0.00752,0.96359,0.00368,0.00834,3,12170,0,1355,0.05901,0.06372,1.07997,98,1,83.001,83,1,3,2595,185610,0,0,0.000,9.741,15.405,0,0.000,15.837,16.075,0,0,1,0,4
PPG,2,20444,819310536,519,170825,191109,191036.703,72.297,-49.453,0,0,0,0,78.95,78.95,2,1,0,nan,4,1,53,1,1,28,28,0,0,0,819584009,0.04541,-0.00439,0.95459,0.95568,-0.00825,0.00105,-0.00087,0.00836,0.96179,0.00402,0.00836,3,12145,0,1355,0.06033,0.06461,1.07083,88,1,83.229,71,1,3,4330,185610,0,0,0.000,9.741,15.405,0,0.000,15.837,16.075,0,0,1,0,4
PPG,2,20445,819350536,175,170819,191063,191036.969,26.031,-2.422,0,0,0,0,78.95,78.95,2,1,0,nan,4,1,53,1,1,29,29,0,0,0,819623551,0.04492,-0.00513,0.95459,0.95566,-0.00665,0.00212,-0.00087,0.00703,0.95566,0.00353,0.00838,3,12250,0,1355,0.06033,0.06461,1.07083,88,1,83.229,71,1,3,4294,185610,0,0,0.000,9.741,15.405,0,0.000,15.837,16.075,0,0,1,0,4
PPG,2,20446,819390536,123,170824,191029,191036.891,-7.891,35.125,0,0,0,0,78.95,78.95,2,1,0,nan,4,1,53,1,1,30,30,0,0,0,819662699,0.04297,-0.00342,0.96411,0.96507,-0.00772,0.00105,-0.00167,0.00797,0.96507,0.00688,0.00857,3,12121,0,1355,0.06033,0.06461,1.07083,88,1,83.229,71,1,3,2609,185610,0,0,0.000,9.741,15.405,0,0.000,15.837,16.075,0,0,1,0,4
PPG,2,20447,819430536,126,170815,191051,191037.031,13.969,70.078,0,0,0,0,78.95,78.95,2,1,0,nan,4,1,53,1,1,31,31,0,0,0,819704503,0.03931,-0.00415,0.95850,0.95931,-0.00852,0.00292,0.00073,0.00903,0.96118,0.00389,0.00903,3,12268,0,1355,0.06033,0.06461,1.07083,88,1,83.229,71,1,3,4313,185610,0,0,0.000,9.741,15.405,0,0.000,15.837,16.075,0,0,1,0,4
PPG,2,20448,819470536,129,170823,191074,191037.406,36.594,97.516,0,0,0,0,78.95,78.95,2,1,0,nan,4,1,53,1,1,0,0,0,0,0,819743819,0.04517,-0.00635,0.95776,0.95885,-0.00798,0.00105,-0.00061,0.00807,0.95885,0.00244,0.00912,3,12264,0,1355,0.06033,0.06461,1.07083,88,1,83.229,71,1,3,4367,185610,0,0,0.000,9.741,15.405,0,0.000,15.837,16.075,0,0,1,0,4
PPG,2,20449,819510536,204,170837,191108,191038.109,69.891,112.328,0,0,0,0,78.95,78.95,2,1,0,nan,4,1,53,1,1,1,1,0,0,0,819783096,0.04224,-0.00830,0.95874,0.95971,-0.00905,0.00132,-0.00061,0.00916,0.96686,0.01130,0.00916,3,12225,0,1355,0.06033,0.06461,1.07083,88,1,83.229,71,1,3,4341,185610,0,0,0.000,9.741,15.405,0,0.000,15.837,16.075,0,0,1,0,4
PPG,2,20450,819550536,188,170804,191069,191038.422,30.578,101.656,0,0,0,0,78.95,78.95,2,1,0,nan,4,1,53,1,1,2,2,0,0,0,819822554,0.04565,-0.00952,0.96216,0.96329,-0.00798,0.00185,-0.00194,0.00842,0.96329,0.00562,0.00845,3,12260,0,1355,0.06033,0.06461,1.07083,88,1,83.229,71,1,3,2631,185610,0,0,0.000,9.741,15.405,0,0.000,15.837,16.075,0,0,1,0,4
PPG,2,20451,819590536,125,170794,191051,191038.547,12.453,91.781,0,0,0,0,78.95,78.95,2,1,0,nan,4,1,53,1,1,3,3,0,0,0,819864576,0.04419,-0.00586,0.95972,0.96075,-0.00772,0.00132,-0.00061,0.00785,0.96075,0.00886,0.00896,3,12249,0,1355,0.06033,0.06461,1.07083,88,1,83.229,71,1,3,4321,185610,0,0,0.000,9.741,15.405,0,0.000,15.837,16.075,0,0,1,0,4
PPG,2,20452,819630536,130,170821,191105,191039.219,65.781,90.578,0,0,0,0,78.95,78.95,2,1,0,nan,4,1,53,1,1,4,4,0,0,0,819903931,0.04077,-0.00464,0.96069,0.96157,-0.00798,0.00212,0.00019,0.00826,0.96157,0.00274,0.00826,3,12284,0,1355,0.06033,0.06461,1.07083,88,1,83.229,71,1,3,4341,185610,0,0,0.000,9.741,15.405,0,0.000,15.837,16.075,0,0,1,0,4
PPG,2,20453,819670536,134,170826,191101,191039.844,61.156,93.859,0,0,0,0,78.95,78.95,2,1,0,nan,4,1,53,1,1,5,5,0,0,0,819943186,0.04004,-0.00854,0.95581,0.95669,-0.00852,0.00158,-0.00061,0.00868,0.95815,0.00342,0.00868,3,12229,0,1355,0.06033,0.06461,1.07083,88,1,83.229,71,1,3,4315,185610,0,0,0.000,9.741,15.405,0,0.000,15.837,16.075,0,0,1,0,4
PPG,2,20454,819710536,140,170812,191115,191040.594,74.406,97.203,0,0,0,0,78.95,78.95,2,1,0,nan,4,1,53,1,1,6,6,0,0,0,819982479,0.03955,-0.00635,0.96289,0.96372,-0.00772,0.00132,-0.00061,0.00785,0.96372,0.00493,0.00835,3,12260,0,1355,0.06033,0.06461,1.07083,88,1,83.229,71,1,3,2650,185610,0,0,0.000,9.741,15.405,0,0.000,15.837,16.075,0,0,1,0,4
PPG,2,20455,819750536,160,170826,191114,191041.328,72.672,95.469,0,0,0,0,78.95,78.95,2,1,0,nan,4,1,53,1,1,7,7,0,0,0,820024486,0.04248,-0.00537,0.95361,0.95457,-0.00878,0.00185,-0.00194,0.00918,0.96790,0.01282,0.00918,3,12252,0,1355,0.06033,0.06461,1.07083,88,1,83.229,71,1,3,4313,185610,0,0,0.000,9.741,15.405,0,0.000,15.609,16.515,0,0,1,0,4
PPG,2,20456,819790536,124,170813,191130,191042.219,87.781,84.859,0,0,0,0,78.95,78.95,2,1,0,nan,4,1,53,1,1,8,8,0,0,0,820063723,0.04517,-0.00610,0.96143,0.96251,-0.00825,0.00158,-0.00061,0.00842,0.96251,0.00601,0.00911,3,12232,0,1355,0.06033,0.06461,1.07083,88,1,83.229,71,1,3,4336,185610,0,0,0.000,9.741,15.405,0,0.000,15.609,16.515,0,0,1,0,4
PPG,2,20457,819830536,144,170851,191179,191043.594,135.406,81.422,1,1,1,0,0.00,nan,1,2,0,nan,4,1,53,1,1,9,9,0,0,0,820109761,0.04199,-0.00928,0.95483,0.95580,-0.00798,0.00158,-0.00007,0.00814,0.96333,0.00859,0.00866,3,19038,0,1355,0.06033,0.06461,1.07083,88,1,83.229,71,1,2,14647,185610,0,0,240.391,9.741,15.405,1,276.953,15.609,16.515,1,1,1,0,1
PPG,2,20458,819870536,123,170869,191196,191045.125,150.875,80.688,0,0,0,0,0.00,nan,1,2,0,nan,4,1,53,1,1,10,10,0,0,0,820146509,0.04126,-0.00562,0.95972,0.96062,-0.00665,0.00132,-0.00034,0.00679,0.96198,0.00415,0.00893,3,12239,0,1355,0.06033,0.06461,1.07083,88,1,83.229,71,1,2,2617,185610,0,0,0.000,10.698,18.786,0,0.000,16.432,18.389,0,0,1,0,1
PPG,2,20459,819910536,122,170882,191216,191046.828,169.172,74.234,0,0,0,0,0.00,nan,1,2,0,nan,4,1,53,1,1,11,11,0,0,0,820183108,0.04346,-0.00562,0.95386,0.95486,-0.00798,0.00238,0.00046,0.00834,0.96577,0.01016,0.00834,3,12218,0,1355,0.06033,0.06461,1.07083,88,1,83.229,71,1,2,4337,185610,0,0,0.000,10.698,18.786,0,0.000,16.432,18.389,0,0,1,0,1
PPG,2,20460,819950536,127,170895,191241,191048.766,192.234,72.141,0,0,0,0,0.00,nan,1,2,0,nan,4,1,53,1,1,12,12,0,0,0,820222339,0.04028,-0.00757,0.95947,0.96035,-0.00825,0.00265,-0.00034,0.00867,0.96222,0.00570,0.00867,3,12229,0,1355,0.06033,0.06461,1.07083,88,1,83.229,71,1,2,2630,185610,0,0,0.000,10.698,18.786,0,0.000,16.432,18.389,0,0,1,0,1
PPG,2,20461,819990536,121,170876,191239,191050.672,188.328,71.656,0,0,0,0,0.00,nan,1,2,0,nan,4,1,53,1,1,13,13,0,0,0,820264192,0.03931,-0.00488,0.95532,0.95614,-0.00825,0.00105,-0.00087,0.00836,0.96111,0.00497,0.00836,3,12234,0,1355,0.06033,0.06461,1.07083,88,1,83.229,71,1,2,4330,185610,0,0,0.000,10.698,18.786,0,0.000,16.432,18.389,0,0,1,0,1
PPG,2,20462,820030536,118,170848,191236,191052.531,183.469,76.531,0,0,0,0,0.00,nan,1,2,0,nan,4,1,53,1,1,14,14,0,0,0,820303433,0.04443,-0.00684,0.95874,0.95979,-0.00852,0.00238,-0.00114,0.00892,0.96318,0.00704,0.00892,3,12270,0,1355,0.06033,0.06461,1.07083,88,1,83.229,71,1,2,4369,185610,0,0,0.000,10.698,18.786,0,0.000,16.432,18.389,0,0,1,0,1
PPG,2,20463,820070536,121,170818,191183,191053.828,129.172,82.406,0,0,0,0,0.00,nan,1,2,0,nan,4,1,53,1,1,15,15,0,0,0,820342411,0.04150,-0.00781,0.95459,0.95552,-0.00745,0.00238,-0.00114,0.00790,0.96247,0.00694,0.00905,3,12130,0,1355,0.06033,0.06461,1.07083,88,1,83.229,71,1,2,2650,185610,0,0,0.000,10.698,18.786,0,0.000,16.432,18.389,0,0,1,0,1
PPG,2,20464,820110536,190,170776,191089,191054.188,34.812,70.547,0,0,0,0,0.00,nan,1,2,0,nan,4,1,53,1,1,16,16,0,0,0,820384079,0.04565,-0.00635,0.95337,0.95448,-0.00772,0.00185,-0.00114,0.00802,0.95755,0.00202,0.00838,3,12121,0,1355,0.06033,0.06461,1.07083,88,1,83.229,71,1,2,4308,185610,0,0,0.000,10.945,17.960,0,0.000,16.724,17.769,0,0,1,0,1
PPG,2,20465,820150536,119,170764,191006,191053.703,-47.703,46.266,0,0,0,0,0.00,nan,1,2,0,nan,4,1,53,1,1,17,17,0,0,0,820423233,0.04541,-0.00586,0.95581,0.95691,-0.00825,0.00292,-0.00034,0.00876,0.96611,0.00920,0.00892,3,12126,0,1355,0.06033,0.06461,1.07083,88,1,83.229,71,1,2,4304,185610,0,0,0.000,10.945,17.960,0,0.000,16.724,17.769,0,0,1,0,1
PPG,2,20466,820190536,115,170761,191068,191053.844,14.156,23.172,0,0,0,0,0.00,nan,1,2,0,nan,4,1,53,1,1,18,18,0,0,0,820462161,0.04321,-0.00708,0.96167,0.96267,-0.00745,0.00238,-0.00141,0.00795,0.96267,0.00408,0.00867,3,12120,0,1355,0.06033,0.06461,1.07083,88,1,83.229,71,1,2,2594,185610,0,0,0.000,10.945,17.960,0,0.000,16.724,17.769,0,0,1,0,1
PPG,2,20467,820230536,118,170798,191107,191054.375,52.625,1.234,0,0,0,0,0.00,nan,1,2,0,nan,4,1,53,1,1,19,19,0,0,0,820503711,0.04224,-0.00415,0.95654,0.95748,-0.00772,0.00185,-0.00194,0.00817,0.96107,0.00359,0.00817,3,12154,0,1355,0.06033,0.06461,1.07083,88,1,83.229,71,1,2,4319,185610,0,0,0.000,10.945,17.960,0,0.000,16.724,17.769,0,0,1,0,1
PPG,2,20468,820270536,116,170797,191142,191055.250,86.750,-16.031,0,0,0,0,0.00,nan,1,2,0,nan,4,1,53,1,1,20,20,0,0,0,820542646,0.04590,-0.00488,0.95972,0.96083,-0.00825,0.00292,-0.00114,0.00882,0.96186,0.00437,0.00882,3,12132,0,1355,0.06033,0.06461,1.07083,88,1,83.229,71,1,2,2595,185610,0,0,0.000,10.945,17.960,0,0.000,16.724,17.769,0,0,1,0,1
PPG,2,20469,820310536,509,170813,191177,191056.469,120.531,-27.922,0,0,0,0,0.00,nan,1,2,0,nan,2,2,53,1,1,21,21,0,0,0,820584139,0.04517,-0.00537,0.95850,0.95957,-0.00852,0.00132,-0.00087,0.00866,0.95958,0.00196,0.00895,3,12118,0,1355,0.05535,0.05642,1.01929,91,1,84.518,78,1,4,4296,185610,0,0,0.000,10.945,17.960,0,0.000,16.724,17.769,0,0,1,0,1
PPG,2,20470,820350536,165,170808,191175,191057.656,117.344,-34.359,0,0,0,0,0.00,nan,1,2,0,nan,2,2,53,1,1,22,22,0,0,0,820623594,0.04370,-0.00635,0.96045,0.96146,-0.00825,0.00265,0.00019,0.00867,0.96146,0.00920,0.00889,3,12126,0,1355,0.05535,0.05642,1.01929,91,1,84.518,78,1,4,4298,185610,0,0,0.000,10.945,17.960,0,0.000,16.724,17.769,0,0,1,0,1
PPG,2,20471,820390536,120,170819,191172,191058.797,113.203,-28.547,0,0,0,0,0.00,nan,1,2,0,nan,2,2,53,1,1,23,23,0,0,0,820662555,0.04077,-0.00830,0.96216,0.96306,-0.00878,0.00158,-0.00034,0.00893,0.96306,0.00735,0.00893,3,12113,0,1355,0.05535,0.05642,1.01929,91,1,84.518,78,1,4,2598,185610,0,0,0.000,10.945,17.960,0,0.000,16.724,17.769,0,0,1,0,1
PPG,2,20472,820430536,154,170823,191181,191060.016,120.984,-7.344,0,0,0,0,0.00,nan,1,2,0,nan,2,2,53,1,1,24,24,0,0,0,820704026,0.04541,-0.00586,0.96021,0.96130,-0.00718,0.00132,-0.00087,0.00736,0.96130,0.00538,0.00878,3,12105,0,1355,0.05535,0.05642,1.01929,91,1,84.518,78,1,4,4319,185610,0,0,0.000,10.945,17.960,0,0.000,16.724,17.769,0,0,1,0,1
PPG,2,20473,820470536,118,170834,191196,191061.375,134.625,6.188,0,0,0,0,0.00,nan,1,2,0,nan,2,2,53,1,1,25,25,0,0,0,820743135,0.04395,-0.00488,0.95752,0.95854,-0.00718,0.00372,-0.00114,0.00817,0.96013,0.00616,0.00817,3,12132,0,1355,0.05535,0.05642,1.01929,91,1,84.518,78,1,4,2600,185610,0,0,0.000,10.945,17.960,0,0.000,16.724,17.769,0,0,1,0,1
PPG,2,20474,820510536,117,170853,191264,191063.406,200.594,21.172,0,0,0,0,0.00,nan,1,2,0,nan,2,2,53,1,1,26,26,0,0,0,820784681,0.04053,-0.00635,0.95410,0.95498,-0.00745,0.00185,-0.00061,0.00770,0.95824,0.00326,0.00926,3,12123,0,1355,0.05535,0.05642,1.01929,91,1,84.518,78,1,4,4305,185610,0,0,0.000,10.945,17.960,0,0.000,16.724,17.769,0,0,1,0,1
PPG,2,20475,820550536,118,170882,191307,191065.844,241.156,35.078,0,0,0,0,0.00,nan,1,2,0,nan,2,2,53,1,1,27,27,0,0,0,820823701,0.03979,-0.00854,0.95874,0.95960,-0.00772,0.00185,-0.00034,0.00794,0.96073,0.00376,0.00826,3,12153,0,1355,0.05535,0.05642,1.01929,91,1,84.518,78,1,4,4302,185610,0,0,0.000,10.945,17.960,0,0.000,16.724,17.769,0,0,1,0,1
PPG,2,20476,820590536,116,170880,191311,191068.297,242.703,45.172,0,0,0,0,0.00,nan,1,2,0,nan,2,2,53,1,1,28,28,0,0,0,820862627,0.04248,-0.01001,0.95996,0.96095,-0.00692,0.00212,0.00019,0.00724,0.96095,0.00232,0.00724,3,12128,0,1355,0.05535,0.05642,1.01929,91,1,84.518,78,1,4,2599,185610,0,0,0.000,10.945,17.960,0,0.000,16.724,17.769,0,0,1,0,1
PPG,2,20477,820630536,118,170861,191311,191070.719,240.281,58.016,0,0,0,0,0.00,nan,1,2,0,nan,2,2,53,1,1,29,29,0,0,0,820904135,0.04492,-0.00757,0.96216,0.96324,-0.00745,0.00132,-0.00141,0.00769,0.96324,0.00236,0.00845,3,12132,0,1355,0.05535,0.05642,1.01929,91,1,84.518,78,1,4,4299,185610,0,0,0.000,10.945,17.960,0,0.000,16.724,17.769,0,0,1,0,1
PPG,2,20478,820670536,115,170836,191277,191072.781,204.219,68.953,0,0,0,0,0.00,nan,1,2,0,nan,2,2,53,1,1,30,30,0,0,0,820943546,0.04468,-0.00610,0.95508,0.95614,-0.00745,0.00265,0.00126,0.00801,0.95820,0.00888,0.00821,3,12268,0,1355,0.05535,0.05642,1.01929,91,1,84.518,78,1,4,4294,185610,0,0,0.000,10.945,17.960,0,0.000,16.724,17.769,0,0,1,0,1
PPG,2,20479,820710536,122,170846,191301,191075.062,225.938,81.844,0,0,0,0,0.00,nan,1,2,0,nan,2,2,53,1,1,31,31,0,0,0,820982517,0.04102,-0.01025,0.96216,0.96309,-0.00718,0.00212,-0.00141,0.00762,0.96309,0.00467,0.00775,3,12201,0,1355,0.05535,0.05642,1.01929,91,1,84.518,78,1,4,2599,185610,0,0,0.000,10.945,17.960,0,0.000,16.724,17.769,0,0,1,0,1
PPG,2,20480,820750536,118,170871,191347,191077.781,269.219,98.125,0,0,0,0,0.00,nan,1,2,0,nan,2,2,53,1,1,0,0,0,0,0,821024142,0.04370,-0.00903,0.95728,0.95831,-0.00852,0.00185,-0.00034,0.00872,0.96190,0.00228,0.00872,3,12160,0,1355,0.05535,0.05642,1.01929,91,1,84.518,78,1,4,4311,185610,0,0,0.000,10.945,17.960,0,0.000,16.724,17.769,0,0,1,0,1
PPG,2,20481,820790536,166,170885,191372,191080.719,291.281,106.906,0,0,0,0,0.00,nan,1,2,0,nan,2,2,53,1,1,1,1,0,0,0,821063251,0.04150,-0.00610,0.95850,0.95941,-0.00852,0.00238,-0.00114,0.00892,0.95941,0.00246,0.00900,3,12129,0,1355,0.05535,0.05642,1.01929,91,1,84.518,78,1,4,2599,185610,0,0,0.000,10.945,17.960,0,0.000,16.724,17.769,0,0,1,0,1
PPG,2,20482,820830536,221,170871,191351,191083.422,267.578,107.438,0,0,0,0,0.00,nan,1,2,0,nan,2,2,53,1,1,2,2,0,0,0,821109271,0.04199,-0.00879,0.95361,0.95458,-0.00718,0.00132,-0.00087,0.00736,0.96389,0.00931,0.00872,3,16396,0,1355,0.05535,0.05642,1.01929,91,1,84.518,78,1,4,16285,185610,0,0,0.000,10.945,17.960,0,0.000,16.724,17.769,0,0,1,0,1
PPG,2,20483,820870536,160,170863,191273,191085.312,187.688,97.516,0,0,0,0,0.00,nan,1,2,0,nan,2,2,53,1,1,3,3,0,0,0,821146431,0.04102,-0.00903,0.95776,0.95868,-0.00772,0.00212,0.00019,0.00800,0.96102,0.00537,0.00831,3,12261,0,1355,0.05535,0.05642,1.01929,91,1,84.518,78,1,4,2626,185610,0,0,0.000,10.945,17.960,0,0.000,16.724,17.769,0,0,1,0,1
PPG,2,20484,820910536,120,170819,191188,191086.344,101.656,74.984,0,0,0,0,0.00,nan,1,2,0,nan,2,2,53,1,1,4,4,0,0,0,821183208,0.04175,-0.00439,0.95703,0.95795,-0.00772,0.00212,-0.00114,0.00808,0.96280,0.00485,0.00889,3,12243,0,1355,0.05535,0.05642,1.01929,91,1,84.518,78,1,4,2635,185610,0,0,0.000,10.945,17.960,0,0.000,16.724,17.769,0,0,1,0,1
PPG,2,20485,820950536,125,170795,191180,191087.281,92.719,52.422,0,0,0,0,0.00,nan,1,2,0,nan,2,2,53,1,1,5,5,0,0,0,821225091,0.04346,-0.01025,0.95435,0.95539,-0.00878,0.00132,-0.00061,0.00890,0.96176,0.00603,0.00929,3,12244,0,1355,0.05535,0.05642,1.01929,91,1,84.518,78,1,4,4355,185610,0,0,0.000,10.945,17.960,0,0.000,16.724,17.769,0,0,1,0,1
PPG,2,20486,820990536,118,170789,191212,191088.531,123.469,32.516,0,0,0,0,0.00,nan,1,2,0,nan,2,2,53,1,1,6,6,0,0,0,821264441,0.04468,-0.00879,0.95459,0.95568,-0.00772,0.00265,-0.00114,0.00824,0.95986,0.00419,0.00824,3,12274,0,1355,0.05535,0.05642,1.01929,91,1,84.518,78,1,4,4344,185610,0,0,0.000,10.945,17.960,0,0.000,16.724,17.769,0,0,1,0,1
PPG,2,20487,821030536,117,170809,191230,191089.953,140.047,9.656,0,0,0,0,0.00,nan,1,2,0,nan,2,2,53,1,1,7,7,0,0,0,821303696,0.04346,-0.00708,0.95874,0.95975,-0.00772,0.00185,-0.00141,0.00806,0.95975,0.00573,0.00900,3,12268,0,1355,0.05535,0.05642,1.01929,91,1,84.518,78,1,4,4331,185610,0,0,0.000,10.945,17.960,0,0.000,16.724,17.769,0,0,1,0,1
PPG,2,20488,821070536,117,170837,191258,191091.641,166.359,-12.438,0,0,0,0,0.00,nan,1,2,0,nan,2,2,53,1,1,8,8,0,0,0,821342979,0.04053,-0.00513,0.95654,0.95741,-0.00798,0.00212,-0.00114,0.00834,0.95951,0.00349,0.00940,3,12253,0,1355,0.05535,0.05642,1.01929,91,1,84.518,78,1,4,2624,185610,0,0,0.000,10.945,17.960,0,0.000,16.724,17.769,0,0,1,0,1
PPG,2,20489,821110536,137,170837,191262,191093.344,168.656,-29.406,0,0,0,0,0.00,nan,1,2,0,nan,2,2,53,1,1,9,9,0,0,0,821384860,0.04077,-0.00317,0.95923,0.96010,-0.00638,0.00158,-0.00007,0.00658,0.96010,0.00416,0.00770,3,12210,0,1355,0.05535,0.05642,1.01929,91,1,84.518,78,1,4,4348,185610,0,0,71.469,10.945,17.960,1,0.000,16.724,17.769,0,0,1,0,1
PPG,2,20490,821150536,142,170797,191221,191094.625,126.375,-39.125,1,0,1,1300,46.15,46.15,2,1,0,nan,2,2,53,1,1,10,10,0,0,0,821424215,0.04346,-0.00537,0.95923,0.96023,-0.00852,0.00238,-0.00141,0.00895,0.96384,0.00521,0.00895,3,12269,0,1355,0.05535,0.05642,1.01929,91,1,84.518,78,1,3,4345,185610,0,0,0.000,10.945,17.960,0,141.797,16.724,17.769,1,1,1,0,2
PPG,2,20491,821190536,120,170780,191173,191095.406,77.594,-41.328,0,0,0,0,46.15,46.15,2,1,0,nan,2,2,53,1,1,11,11,0,0,0,821463536,0.04517,-0.00806,0.95776,0.95886,-0.00772,0.00238,-0.00061,0.00810,0.96183,0.00762,0.00810,3,12226,0,1355,0.05535,0.05642,1.01929,91,1,84.518,78,1,3,4362,185610,0,0,0.000,10.727,17.224,0,0.000,16.600,17.496,0,0,1,0,2
PPG,2,20492,821230536,119,170759,191197,191096.422,100.578,-39.688,0,0,0,0,46.15,46.15,2,1,0,nan,2,2,53,1,1,12,12,0,0,0,821502816,0.03955,-0.00708,0.95825,0.95909,-0.00905,0.00212,-0.00114,0.00936,0.96022,0.00136,0.00936,3,12238,0,1355,0.05535,0.05642,1.01929,91,1,84.518,78,1,3,2624,185610,0,0,0.000,10.727,17.224,0,0.000,16.600,17.496,0,0,1,0,2
PPG,2,20493,821270536,123,170785,191243,191097.891,145.109,-37.625,0,0,0,0,46.15,46.15,2,1,0,nan,2,2,53,1,1,13,13,0,0,0,821544819,0.04370,-0.00537,0.95776,0.95878,-0.00825,0.00212,-0.00061,0.00854,0.96158,0.00249,0.00904,3,12246,0,1355,0.05535,0.05642,1.01929,91,1,84.518,78,1,3,4344,185610,0,0,0.000,10.727,17.224,0,0.000,16.600,17.496,0,0,1,0,2
PPG,2,20494,821310536,515,170836,191318,191100.094,217.906,-27.734,0,0,0,0,46.15,46.15,2,1,0,nan,4,1,53,1,1,14,14,0,0,0,821584094,0.04541,-0.00391,0.95801,0.95909,-0.00745,0.00185,-0.00114,0.00776,0.96036,0.00194,0.00866,3,12225,0,1355,0.06406,0.05272,0.82298,94,1,89.425,136,1,3,4330,185610,0,0,0.000,10.727,17.224,0,0.000,16.600,17.496,0,0,1,0,2
PPG,2,20495,821350536,175,170846,191349,191102.578,246.422,-16.844,0,0,0,0,46.15,46.15,2,1,0,nan,4,1,53,1,1,15,15,0,0,0,821623825,0.03882,-0.00684,0.96216,0.96297,-0.00772,0.00265,-0.00087,0.00821,0.96297,0.00786,0.00871,3,12257,0,1355,0.06406,0.05272,0.82298,94,1,89.425,136,1,3,4361,185610,0,0,0.000,10.727,17.224,0,0.000,16.600,17.496,0,0,1,0,2
PPG,2,20496,821390536,120,170844,191359,191105.141,253.859,-5.375,0,0,0,0,46.15,46.15,2,1,0,nan,4,1,53,1,1,16,16,0,0,0,821663191,0.04004,-0.00537,0.96167,0.96252,-0.00692,0.00105,-0.00141,0.00714,0.96252,0.00998,0.00768,3,12244,0,1355,0.06406,0.05272,0.82298,94,1,89.425,136,1,3,2630,185610,0,0,0.000,10.727,17.224,0,0.000,16.600,17.496,0,0,1,0,2
PPG,2,20497,821430536,204,170858,191380,191107.891,272.109,13.875,0,0,0,0,46.15,46.15,2,1,0,nan,4,1,53,1,1,17,17,0,0,0,821705079,0.04224,-0.00586,0.95825,0.95920,-0.00772,0.00132,-0.00141,0.00795,0.95942,0.00348,0.00795,3,12248,0,1355,0.06406,0.05272,0.82298,94,1,89.425,136,1,3,4325,185610,0,0,0.000,10.727,17.224,0,0.000,16.600,17.496,0,0,1,0,2
PPG,2,20498,821470536,170,170844,191360,191110.406,249.594,36.438,0,0,0,0,46.15,46.15,2,1,0,nan,4,1,53,1,1,18,18,0,0,0,821744454,0.04419,-0.00659,0.95386,0.95490,-0.00825,0.00132,-0.00114,0.00843,0.96021,0.00743,0.00843,3,12172,0,1355,0.06406,0.05272,0.82298,94,1,89.425,136,1,3,4317,185610,0,0,0.000,10.727,17.224,0,0.000,16.600,17.496,0,0,1,0,2
PPG,2,20499,821510536,121,170830,191337,191112.672,224.328,54.641,0,0,0,0,46.15,46.15,2,1,0,nan,4,1,53,1,1,19,19,0,0,0,821783646,0.03906,-0.00708,0.95728,0.95810,-0.00878,0.00212,-0.00194,0.00924,0.96300,0.00490,0.00924,3,12108,0,1355,0.06406,0.05272,0.82298,94,1,89.425,136,1,3,2599,185610,0,0,0.000,10.727,17.224,0,0.000,16.600,17.496,0,0,1,0,2
PPG,2,20500,821550536,119,170837,191352,191115.062,236.938,69.969,0,0,0,0,46.15,46.15,2,1,0,nan,4,1,53,1,1,20,20,0,0,0,821825219,0.04102,-0.00781,0.95557,0.95648,-0.00772,0.00212,-0.00034,0.00801,0.96156,0.00405,0.00873,3,12117,0,1355,0.06406,0.05272,0.82298,94,1,89.425,136,1,3,4307,185610,0,0,0.000,10.727,17.224,0,0.000,16.600,17.496,0,0,1,0,2
PPG,2,20501,821590536,162,170809,191300,191116.906,183.094,70.984,0,0,0,0,46.15,46.15,2,1,0,nan,4,1,53,1,1,21,21,0,0,0,821864303,0.03857,-0.00586,0.95898,0.95978,-0.00745,0.00238,-0.00061,0.00785,0.96064,0.00485,0.00785,3,12132,0,1355,0.06406,0.05272,0.82298,94,1,89.425,136,1,3,4317,185610,0,0,0.000,10.727,17.224,0,0.000,16.600,17.496,0,0,1,0,2
PPG,2,20502,821630536,159,170748,191190,191117.641,72.359,56.328,0,0,0,0,46.15,46.15,2,1,0,nan,4,1,53,1,1,22,22,0,0,0,821903317,0.03857,-0.00854,0.95874,0.95955,-0.00798,0.00238,-0.00087,0.00838,0.95955,0.00159,0.00903,3,12124,0,1355,0.06406,0.05272,0.82298,94,1,89.425,136,1,3,2601,185610,0,0,0.000,10.727,17.224,0,0.000,16.600,17.496,0,0,1,0,2
PPG,2,20503,821670536,121,170766,191185,191118.312,66.688,35.875,0,0,0,0,46.15,46.15,2,1,0,nan,4,1,53,1,1,23,23,0,0,0,821944967,0.04272,-0.00342,0.94995,0.95092,-0.00745,0.00105,-0.00034,0.00753,0.96404,0.00892,0.00783,3,12175,0,1355,0.06406,0.05272,0.82298,94,1,89.425,136,1,3,4299,185610,0,0,0.000,10.727,17.224,0,0.000,16.600,17.496,0,0,1,0,2
PPG,2,20504,821710536,120,170768,191199,191119.125,79.875,9.469,0,0,0,0,46.15,46.15,2,1,0,nan,4,1,53,1,1,24,24,0,0,0,821983982,0.04370,-0.00537,0.95532,0.95634,-0.00798,0.00132,0.00046,0.00810,0.96311,0.01219,0.00814,3,12118,0,1355,0.06406,0.05272,0.82298,94,1,89.425,136,1,3,4303,185610,0,0,0.000,10.727,17.224,0,0.000,16.600,17.496,0,0,1,0,2
PPG,2,20505,821750536,120,170756,191187,191119.797,67.203,-15.594,0,0,0,0,46.15,46.15,2,1,0,nan,4,1,53,1,1,25,25,0,0,0,822022917,0.03931,-0.00854,0.95728,0.95812,-0.00772,0.00052,-0.00114,0.00782,0.95847,0.00213,0.00841,3,12117,0,1355,0.06406,0.05272,0.82298,94,1,89.425,136,1,3,2594,185610,0,0,0.000,10.727,17.224,0,0.000,16.600,17.496,0,0,1,0,2
PPG,2,20506,821790536,119,170746,191183,191120.422,62.578,-36.156,0,0,0,0,46.15,46.15,2,1,0,nan,4,1,53,1,1,26,26,0,0,0,822064494,0.04395,-0.01147,0.96704,0.96811,-0.00905,0.00132,-0.00061,0.00916,0.96811,0.00940,0.00941,3,12123,0,1355,0.06406,0.05272,0.82298,94,1,89.425,136,1,3,4300,185610,0,0,0.000,10.727,17.224,0,0.000,16.600,17.496,0,0,1,0,2
PPG,2,20507,821830536,125,170758,191198,191121.203,76.797,-56.547,0,0,0,0,46.15,46.15,2,1,0,nan,4,1,53,1,1,27,27,0,0,0,822110156,0.04639,-0.00537,0.96094,0.96207,-0.00772,0.00158,-0.00034,0.00788,0.96207,0.00751,0.00884,3,18843,0,1355,0.06406,0.05272,0.82298,94,1,89.425,136,1,3,14472,185610,0,0,0.000,10.727,17.224,0,0.000,16.600,17.496,0,0,1,0,2
PPG,2,20508,821870536,133,170751,191196,191121.953,74.047,-68.312,0,0,0,0,46.15,46.15,2,1,0,nan,4,1,53,1,1,28,28,0,0,0,822179359,0.04419,-0.00562,0.95483,0.95587,-0.00772,0.00212,-0.00034,0.00801,0.95587,0.00620,0.00801,1,69203,0,1360,0.06406,0.05272,0.82298,94,1,89.425,136,1,3,69065,185610,0,0,50.156,10.727,17.224,1,0.000,16.600,17.496,0,0,1,0,2
PPG,2,20509,821910536,175,170731,191165,191122.391,42.609,-67.016,1,0,1,760,46.15,46.15,2,1,0,nan,4,1,53,1,1,29,29,0,0,0,822191589,0.04321,-0.00781,0.95361,0.95462,-0.00825,0.00185,0.00019,0.00846,0.95462,0.00125,0.00846,1,12230,0,1360,0.06406,0.05272,0.82298,94,1,89.425,136,1,3,12242,185610,0,0,0.000,10.727,17.224,0,112.312,16.600,17.496,1,1,1,0,3
PPG,2,20510,821950536,120,170761,191210,191123.266,86.734,-62.906,0,0,0,0,46.15,46.15,2,1,0,nan,4,1,53,1,1,30,30,0,0,0,822228129,0.04297,-0.00903,0.95898,0.95999,-0.00772,0.00292,-0.00114,0.00833,0.96190,0.00728,0.00833,3,12131,0,1360,0.06406,0.05272,0.82298,94,1,89.425,136,1,3,2608,185610,0,0,0.000,10.403,16.129,0,0.000,16.307,16.852,0,0,1,0,3
PPG,2,20511,821990536,123,170809,191239,191124.422,114.578,-60.484,0,0,0,0,46.15,46.15,2,1,0,nan,4,1,53,1,1,31,31,0,0,0,822264517,0.04541,-0.00659,0.95825,0.95935,-0.00852,0.00105,0.00046,0.00859,0.95935,0.00423,0.00871,3,12109,0,1360,0.06406,0.05272,0.82298,94,1,89.425,136,1,3,4297,185610,0,0,0.000,10.403,16.129,0,0.000,16.307,16.852,0,0,1,0,3
PPG,2,20512,822030536,125,170775,191224,191125.422,98.578,-56.562,0,0,0,0,46.15,46.15,2,1,0,nan,4,1,53,1,1,0,0,0,0,0,822303448,0.04761,-0.00513,0.95923,0.96042,-0.00718,0.00265,-0.00061,0.00768,0.96042,0.00266,0.00809,3,12115,0,1360,0.06406,0.05272,0.82298,94,1,89.425,136,1,3,2595,185610,0,0,0.000,10.403,16.129,0,0.000,16.307,16.852,0,0,1,0,3
PPG,2,20513,822070536,128,170744,191209,191126.250,82.750,-51.141,0,0,0,0,46.15,46.15,2,1,0,nan,4,1,53,1,1,1,1,0,0,0,822345079,0.04541,-0.00317,0.95947,0.96055,-0.00825,0.00265,0.00019,0.00867,0.96186,0.00684,0.00867,3,12162,0,1360,0.06406,0.05272,0.82298,94,1,89.425,136,1,3,4311,185610,0,0,0.000,10.403,16.129,0,0.000,16.307,16.852,0,0,1,0,3
PPG,2,20514,822110536,122,170758,191229,191127.281,101.719,-42.266,0,0,0,0,46.15,46.15,2,1,0,nan,4,1,53,1,1,2,2,0,0,0,822384031,0.04272,-0.00488,0.95898,0.95995,-0.00905,0.00079,-0.00114,0.00915,0.95995,0.00063,0.00915,3,12105,0,1360,0.06406,0.05272,0.82298,94,1,89.425,136,1,3,4299,185610,0,0,0.000,10.403,16.129,0,0.000,16.307,16.852,0,0,1,0,3
PPG,2,20515,822150536,123,170747,191221,191128.219,92.781,-32.297,0,0,0,0,46.15,46.15,2,1,0,nan,4,1,53,1,1,3,3,0,0,0,822422964,0.04272,-0.00586,0.95728,0.95825,-0.00825,0.00105,-0.00061,0.00834,0.96134,0.00244,0.00853,3,12112,0,1360,0.06406,0.05272,0.82298,94,1,89.425,136,1,3,2598,185610,0,0,0.000,10.403,16.129,0,0.000,16.307,16.852,0,0,1,0,3
PPG,2,20516,822190536,122,170760,191226,191129.203,96.797,-16.922,0,0,0,0,46.15,46.15,2,1,0,nan,4,1,53,1,1,4,4,0,0,0,822464530,0.04395,-0.00586,0.95972,0.96074,-0.00745,0.00052,-0.00114,0.00755,0.96074,0.00525,0.00755,3,12109,0,1360,0.06406,0.05272,0.82298,94,1,89.425,136,1,3,4301,185610,0,0,0.000,10.403,16.129,0,0.000,16.307,16.852,0,0,1,0,3
PPG,2,20517,822230536,126,170761,191237,191130.281,106.719,-5.922,0,0,0,0,46.15,46.15,2,1,0,nan,4,1,53,1,1,5,5,0,0,0,822503491,0.04272,-0.00903,0.95728,0.95827,-0.00718,0.00212,-0.00087,0.00754,0.96147,0.00451,0.00817,3,12139,0,1360,0.06406,0.05272,0.82298,94,1,89.425,136,1,3,2601,185610,0,0,0.000,10.403,16.129,0,0.000,16.307,16.852,0,0,1,0,3
PPG,2,20518,822270536,126,170794,191268,191131.656,136.344,2.828,0,0,0,0,46.15,46.15,2,1,0,nan,4,1,53,1,1,6,6,0,0,0,822545007,0.04443,-0.00610,0.95752,0.95857,-0.00798,0.00238,-0.00061,0.00835,0.96251,0.00424,0.00835,3,12109,0,1360,0.06406,0.05272,0.82298,94,1,89.425,136,1,3,4304,185610,0,0,0.000,10.403,16.129,0,0.000,16.307,16.852,0,0,1,0,3
PPG,2,20519,822310536,511,170803,191286,191133.203,152.797,14.219,0,0,0,0,46.15,46.15,2,1,0,nan,4,1,53,1,1,7,7,0,0,0,822583984,0.04395,-0.00830,0.95947,0.96051,-0.00692,0.00079,0.00073,0.00700,0.96261,0.00392,0.00809,3,12116,0,1360,0.07024,0.04219,0.60058,91,1,94.986,166,1,3,4302,185610,0,0,0.000,10.403,16.129,0,0.000,16.307,16.852,0,0,1,0,3
PPG,2,20520,822350536,171,170763,191174,191133.609,40.391,18.125,0,0,0,0,46.15,46.15,2,1,0,nan,4,1,53,1,1,8,8,0,0,0,822623387,0.03955,-0.00732,0.95557,0.95641,-0.00718,0.00212,0.00046,0.00750,0.95738,0.00764,0.00750,3,12120,0,1360,0.07024,0.04219,0.60058,91,1,94.986,166,1,3,2599,185610,0,0,0.000,10.403,16.129,0,0.000,16.307,16.852,0,0,1,0,3
PPG,2,20521,822390536,169,170744,191113,191133.406,-20.406,10.906,0,0,0,0,46.15,46.15,2,1,0,nan,4,1,53,1,1,9,9,0,0,0,822665032,0.04053,-0.00830,0.95630,0.95719,-0.00772,0.00212,-0.00087,0.00805,0.96337,0.00617,0.00805,3,12153,0,1360,0.07024,0.04219,0.60058,91,1,94.986,166,1,3,4297,185610,0,0,0.000,10.403,16.129,0,0.000,16.307,16.852,0,0,1,0,3
PPG,2,20522,822430536,122,170771,191155,191133.625,21.375,3.219,0,0,0,0,46.15,46.15,2,1,0,nan,4,1,53,1,1,10,10,0,0,0,822704007,0.04321,-0.00732,0.95947,0.96047,-0.00718,0.00212,-0.00167,0.00767,0.96047,0.00298,0.00980,3,12111,0,1360,0.07024,0.04219,0.60058,91,1,94.986,166,1,3,4296,185610,0,0,0.000,10.403,16.129,0,0.000,16.307,16.852,0,0,1,0,3
PPG,2,20523,822470536,122,170794,191202,191134.312,67.688,-1.047,0,0,0,0,46.15,46.15,2,1,0,nan,4,1,53,1,1,11,11,0,0,0,822742936,0.03809,-0.00513,0.95898,0.95975,-0.00825,0.00265,-0.00167,0.00882,0.96161,0.00341,0.00882,3,12122,0,1360,0.07024,0.04219,0.60058,91,1,94.986,166,1,3,2601,185610,0,0,0.000,10.403,16.129,0,0.000,16.307,16.852,0,0,1,0,3
PPG,2,20524,822510536,124,170813,191252,191135.484,116.516,-1.562,0,0,0,0,46.15,46.15,2,1,0,nan,4,1,53,1,1,12,12,0,0,0,822784740,0.04419,-0.00781,0.95532,0.95638,-0.00798,0.00265,-0.00061,0.00843,0.96016,0.00282,0.00843,3,12117,0,1360,0.07024,0.04219,0.60058,91,1,94.986,166,1,3,4306,185610,0,0,0.000,10.403,16.129,0,0.000,16.307,16.852,0,0,1,0,3
PPG,2,20525,822550536,166,170775,191216,191136.297,79.703,-10.438,0,0,0,0,46.15,46.15,2,1,0,nan,4,1,53,1,1,13,13,0,0,0,822823756,0.04346,-0.00391,0.96167,0.96266,-0.00798,0.00238,-0.00114,0.00841,0.96266,0.00268,0.00885,3,12133,0,1360,0.07024,0.04219,0.60058,91,1,94.986,166,1,3,2602,185610,0,0,0.000,10.403,16.129,0,0.000,16.307,16.852,0,0,1,0,3
PPG,2,20526,822590536,126,170779,191220,191137.141,82.859,-21.719,0,0,0,0,46.15,46.15,2,1,0,nan,4,1,53,1,1,14,14,0,0,0,822865504,0.04004,-0.00781,0.95605,0.95692,-0.00745,0.00212,-0.00007,0.00775,0.96363,0.00484,0.00778,3,12206,0,1360,0.07024,0.04219,0.60058,91,1,94.986,166,1,3,4399,185610,0,0,0.000,10.403,16.129,0,0.000,16.307,16.852,0,0,1,0,3
PPG,2,20527,822630536,125,170793,191241,191138.172,102.828,-14.297,0,0,0,0,46.15,46.15,2,1,0,nan,4,1,53,1,1,15,15,0,0,0,822904826,0.04028,-0.00708,0.95776,0.95864,-0.00825,0.00132,-0.00061,0.00838,0.96034,0.00930,0.00840,3,12112,0,1360,0.07024,0.04219,0.60058,91,1,94.986,166,1,3,4301,185610,0,0,0.000,10.403,16.129,0,0.000,16.307,16.852,0,0,1,0,3
PPG,2,20528,822670536,123,170784,191239,191139.188,99.812,1.562,1,0,0,0,46.15,46.15,2,1,0,nan,4,1,53,1,1,16,16,0,0,0,822943759,0.04370,-0.00879,0.95972,0.96075,-0.00825,0.00265,0.00046,0.00868,0.96075,0.00398,0.00868,3,12114,0,1360,0.07024,0.04219,0.60058,91,1,94.986,166,1,3,2600,185610,0,0,0.000,10.403,16.129,0,86.438,16.307,16.852,1,0,1,0,3
PPG,2,20529,822710536,124,170809,191261,191140.406,120.594,11.906,0,0,0,0,46.15,46.15,2,1,0,nan,4,1,53,1,1,17,17,0,0,0,822985466,0.04028,-0.00854,0.95630,0.95719,-0.00745,0.00052,-0.00114,0.00755,0.96134,0.00415,0.00874,3,12120,0,1360,0.07024,0.04219,0.60058,91,1,94.986,166,1,3,4317,185610,0,0,0.000,10.403,16.129,0,0.000,16.307,16.852,0,0,1,0,3
PPG,2,20530,822750536,164,170803,191264,191141.641,122.359,18.062,0,0,0,0,46.15,46.15,2,1,0,nan,4,1,53,1,1,18,18,0,0,0,823024588,0.04199,-0.00146,0.95459,0.95551,-0.00825,0.00265,-0.00087,0.00871,0.95642,0.00597,0.00871,3,12122,0,1360,0.07024,0.04219,0.60058,91,1,94.986,166,1,3,4385,185610,0,0,0.000,10.612,15.551,0,0.000,16.307,16.852,0,0,1,0,3
PPG,2,20531,822790536,124,170848,191323,191143.453,179.547,24.000,0,0,0,0,46.15,46.15,2,1,0,nan,4,1,53,1,1,19,19,0,0,0,823063855,0.04004,-0.00586,0.95557,0.95642,-0.00772,0.00132,-0.00034,0.00784,0.95695,0.00765,0.00879,3,12188,0,1360,0.07024,0.04219,0.60058,91,1,94.986,166,1,3,2673,185610,0,0,0.000,10.612,15.551,0,0.000,16.307,16.852,0,0,1,0,3
PPG,2,20532,822830536,129,170844,191340,191145.422,194.578,35.922,0,0,0,0,46.15,46.15,2,1,0,nan,4,1,53,1,1,20,20,0,0,0,823110079,0.04565,-0.00952,0.95532,0.95646,-0.00798,0.00158,-0.00114,0.00822,0.96367,0.00724,0.00854,3,16383,0,1360,0.07024,0.04219,0.60058,91,1,94.986,166,1,3,16315,185610,0,0,57.797,10.612,15.551,1,0.000,16.307,16.852,0,0,1,0,3
PPG,2,20533,822870536,125,170850,191336,191147.328,188.672,46.125,0,0,0,0,46.15,46.15,2,1,0,nan,4,1,53,1,1,21,21,0,0,0,823146899,0.04370,-0.00562,0.95947,0.96048,-0.00798,0.00158,-0.00087,0.00819,0.96131,0.00415,0.00819,3,12250,0,1360,0.07024,0.04219,0.60058,91,1,94.986,166,1,3,2617,185610,0,0,0.000,10.612,15.551,0,0.000,16.307,16.852,0,0,1,0,3
PPG,2,20534,822910536,135,170886,191352,191149.375,202.625,55.844,0,0,0,0,46.15,46.15,2,1,0,nan,4,1,53,1,1,22,22,0,0,0,823183615,0.04492,-0.00464,0.94849,0.94956,-0.00745,0.00238,-0.00141,0.00795,0.95667,0.00711,0.00822,3,12241,0,1360,0.07024,0.04219,0.60058,91,1,94.986,166,1,3,2636,185610,0,0,0.000,10.612,15.551,0,0.000,16.307,16.852,0,0,1,0,3
PPG,2,20535,822950536,127,170913,191421,191152.094,268.906,71.844,0,1,0,0,46.15,46.15,2,1,0,nan,4,1,53,1,1,23,23,0,0,0,823225619,0.04077,-0.00586,0.96338,0.96426,-0.00772,0.00185,-0.00061,0.00796,0.96550,0.01594,0.00853,3,12279,0,1360,0.07024,0.04219,0.60058,91,1,94.986,166,1,3,4350,185610,0,0,0.000,10.612,15.551,0,0.000,16.307,16.852,0,0,1,0,3
PPG,2,20536,822990536,149,170926,191464,191155.219,308.781,88.938,0,0,0,0,46.15,46.15,2,1,0,nan,4,1,53,1,1,24,24,0,0,0,823264972,0.04150,-0.00537,0.95947,0.96038,-0.00665,0.00292,0.00019,0.00726,0.96038,0.00677,0.00736,3,12276,0,1360,0.07024,0.04219,0.60058,91,1,94.986,166,1,3,4365,185610,0,0,0.000,10.612,15.551,0,0.000,16.307,16.852,0,0,1,0,3
PPG,2,20537,823030536,126,170924,191478,191158.453,319.547,107.469,0,0,0,0,46.15,46.15,2,1,0,nan,4,1,53,1,1,25,25,0,0,0,823304418,0.04199,-0.00684,0.96240,0.96334,-0.00852,0.00292,-0.00061,0.00902,0.96334,0.00604,0.00913,3,12269,0,1360,0.07024,0.04219,0.60058,91,1,94.986,166,1,3,4331,185610,0,0,0.000,10.612,15.551,0,0.000,16.307,16.852,0,0,1,0,3
PPG,2,20538,823070536,127,170933,191470,191161.562,308.438,118.375,0,0,0,0,46.15,46.15,2,1,0,nan,4,1,53,1,1,26,26,0,0,0,823343701,0.04492,-0.00732,0.95386,0.95494,-0.00878,0.00238,-0.00061,0.00912,0.95839,0.00495,0.00912,3,12219,0,1360,0.07024,0.04219,0.60058,91,1,94.986,166,1,3,2645,185610,0,0,0.000,10.612,15.551,0,0.000,16.307,16.852,0,0,1,0,3
PPG,2,20539,823110536,147,170919,191434,191164.281,269.719,124.391,0,0,0,0,46.15,46.15,2,1,0,nan,4,1,53,1,1,27,27,0,0,0,823385821,0.04224,-0.00757,0.95898,0.95994,-0.00798,0.00185,-0.00034,0.00820,0.96350,0.00856,0.00820,3,12242,0,1360,0.07024,0.04219,0.60058,91,1,94.986,166,1,3,4343,185610,0,0,0.000,10.612,15.551,0,0.000,16.307,16.852,0,0,1,0,3
PPG,2,20540,823150536,166,170898,191379,191166.422,212.578,120.281,0,0,0,0,46.15,46.15,2,1,0,nan,4,1,53,1,1,28,28,0,0,0,823425092,0.03955,-0.00806,0.95557,0.95642,-0.00745,0.00238,-0.00114,0.00790,0.96013,0.00372,0.00790,3,12221,0,1360,0.07024,0.04219,0.60058,91,1,94.986,166,1,3,4343,185610,0,0,0.000,10.612,15.551,0,0.000,16.307,16.852,0,0,1,0,3
PPG,2,20541,823190536,165,170893,191369,191168.453,200.547,109.922,0,0,0,0,46.15,46.15,2,1,0,nan,4,1,53,1,1,29,29,0,0,0,823464422,0.04590,-0.00928,0.95288,0.95403,-0.00745,0.00212,-0.00141,0.00787,0.96013,0.00610,0.00824,3,12247,0,1360,0.07024,0.04219,0.60058,91,1,94.986,166,1,3,4337,185610,0,0,0.000,10.612,15.551,0,0.000,16.307,16.852,0,0,1,0,3
PPG,2,20542,823230536,123,170938,191439,191171.156,267.844,98.281,0,0,0,0,46.15,46.15,2,1,0,nan,4,1,53,1,1,30,30,0,0,0,823503752,0.04297,-0.00317,0.95630,0.95727,-0.00825,0.00158,-0.00167,0.00856,0.96076,0.00673,0.00865,3,12234,0,1360,0.07024,0.04219,0.60058,91,1,94.986,166,1,3,2633,185610,0,0,0.000,10.612,15.551,0,0.000,16.307,16.852,0,0,1,0,3
PPG,2,20543,823270536,124,170972,191509,191174.531,334.469,89.375,0,0,0,0,46.15,46.15,2,1,0,nan,4,1,53,1,1,31,31,0,0,0,823545615,0.04199,-0.00830,0.95313,0.95409,-0.00905,0.00132,-0.00141,0.00925,0.96254,0.00527,0.00925,3,12193,0,1360,0.07024,0.04219,0.60058,91,1,94.986,166,1,3,4327,185610,0,0,0.000,10.612,15.551,0,0.000,16.307,16.852,0,0,1,0,3
PPG,2,20544,823310536,523,170956,191509,191177.875,331.125,80.938,0,0,0,0,46.15,46.15,2,1,0,nan,2,2,53,1,1,0,0,0,0,0,823584964,0.04150,-0.00391,0.96240,0.96330,-0.00772,0.00185,-0.00061,0.00796,0.96330,0.00750,0.00878,3,12284,0,1360,0.05685,0.03064,0.53889,96,1,96.528,88,1,3,4332,185610,0,0,0.000,10.612,15.551,0,0.000,16.307,16.852,0,0,1,0,3
PPG,2,20545,823350536,176,170935,191473,191180.828,292.172,68.531,0,0,0,0,46.15,46.15,2,1,0,nan,2,2,53,1,1,1,1,0,0,0,823624712,0.04639,-0.00635,0.96240,0.96354,-0.00825,0.00185,-0.00034,0.00846,0.96354,0.00576,0.00883,3,12226,0,1360,0.05685,0.03064,0.53889,96,1,96.528,88,1,3,4325,185610,0,0,0.000,10.612,15.551,0,0.000,16.307,16.852,0,0,1,0,3
PPG,2,20546,823390536,195,170900,191420,191183.219,236.781,56.531,0,0,0,0,46.15,46.15,2,1,0,nan,2,2,53,1,1,2,2,0,0,0,823664008,0.04224,-0.00513,0.95215,0.95310,-0.00718,0.00158,-0.00034,0.00736,0.96044,0.00734,0.00790,3,12223,0,1360,0.05685,0.03064,0.53889,96,1,96.528,88,1,3,2633,185610,0,0,0.000,10.612,15.551,0,0.000,16.307,16.852,0,0,1,0,3
PPG,2,20547,823430536,127,170877,191385,191185.234,199.766,50.172,1,0,0,0,46.15,46.15,2,1,0,nan,2,2,53,1,1,3,3,0,0,0,823705959,0.04272,-0.00488,0.95703,0.95800,-0.00798,0.00212,-0.00114,0.00834,0.96203,0.00545,0.00834,3,12150,0,1360,0.05685,0.03064,0.53889,96,1,96.528,88,1,3,4314,185610,0,0,0.000,10.612,15.551,0,146.109,16.307,16.852,1,0,1,0,3
PPG,2,20548,823470536,149,170871,191383,191187.219,195.781,44.969,0,0,1,1560,46.15,46.15,2,1,512,nan,2,2,53,1,1,4,4,0,0,0,823745058,0.03931,-0.00464,0.96533,0.96614,-0.00718,0.00238,-0.00034,0.00758,0.96614,0.00990,0.00853,3,12116,0,1360,0.05685,0.03064,0.53889,96,1,96.528,88,1,3,4301,185610,0,0,59.078,10.612,15.551,1,0.000,16.307,16.852,0,1,1,0,4
PPG,2,20549,823510536,125,170867,191413,191189.469,223.531,33.672,0,0,0,0,46.15,46.15,2,1,512,nan,2,2,53,1,1,5,5,0,0,0,823784122,0.04395,-0.00757,0.95679,0.95783,-0.00825,0.00212,0.00019,0.00852,0.95783,0.01305,0.00852,3,12165,0,1360,0.05685,0.03064,0.53889,96,1,96.528,88,1,3,2596,185610,0,0,0.000,10.385,14.809,0,0.000,16.262,16.753,0,0,1,0,4
PPG,2,20550,823550536,123,170901,191433,191191.906,241.094,14.359,0,0,0,0,46.15,46.15,2,1,512,nan,2,2,53,1,1,6,6,0,0,0,823825757,0.04517,-0.01001,0.95239,0.95352,-0.00665,0.00185,-0.00087,0.00696,0.95611,0.00249,0.00792,3,12132,0,1360,0.05685,0.03064,0.53889,96,1,96.528,88,1,3,4294,185610,0,0,0.000,10.385,14.809,0,0.000,16.262,16.753,0,0,1,0,4
PPG,2,20551,823590536,125,170909,191467,191194.656,272.344,1.156,0,0,0,0,46.15,46.15,2,1,512,nan,2,2,53,1,1,7,7,0,0,0,823864737,0.04468,-0.00342,0.95581,0.95686,-0.00798,0.00132,-0.00087,0.00814,0.95999,0.00648,0.00814,3,12130,0,1360,0.05685,0.03064,0.53889,96,1,96.528,88,1,3,4297,185610,0,0,0.000,10.385,14.809,0,0.000,16.262,16.753,0,0,1,0,4
PPG,2,20552,823630536,123,170936,191494,191197.656,296.344,-3.547,0,0,0,0,46.15,46.15,2,1,512,nan,2,2,53,1,1,8,8,0,0,0,823903763,0.04346,-0.00513,0.95776,0.95876,-0.00852,0.00158,-0.00114,0.00874,0.95941,0.00296,0.00874,3,12117,0,1360,0.05685,0.03064,0.53889,96,1,96.528,88,1,3,2603,185610,0,0,0.000,10.385,14.809,0,0.000,16.262,16.753,0,0,1,0,4
PPG,2,20553,823670536,125,170935,191511,191200.797,310.203,0.703,0,0,0,0,46.15,46.15,2,1,512,nan,2,2,53,1,1,9,9,0,0,0,823945297,0.04150,-0.00562,0.95215,0.95307,-0.00745,0.00105,-0.00087,0.00757,0.96054,0.00747,0.00770,3,12119,0,1360,0.05685,0.03064,0.53889,96,1,96.528,88,1,3,4304,185610,0,0,0.000,10.385,14.809,0,0.000,16.262,16.753,0,0,1,0,4
PPG,2,20554,823710536,124,170933,191484,191203.625,280.375,8.250,0,0,0,0,46.15,46.15,2,1,512,nan,2,2,53,1,1,10,10,0,0,0,823984288,0.04272,-0.00562,0.95728,0.95824,-0.00718,0.00212,-0.00141,0.00762,0.95824,0.00193,0.00786,3,12147,0,1360,0.05685,0.03064,0.53889,96,1,96.528,88,1,3,2619,185610,0,0,0.000,10.385,14.809,0,0.000,16.262,16.753,0,0,1,0,4
PPG,2,20555,823750536,125,170931,191492,191206.516,285.484,20.281,0,0,0,0,46.15,46.15,2,1,512,nan,2,2,53,1,1,11,11,0,0,0,824025846,0.04468,-0.00732,0.95801,0.95908,-0.00745,0.00212,-0.00194,0.00798,0.96477,0.01027,0.00798,3,12120,0,1360,0.05685,0.03064,0.53889,96,1,96.528,88,1,3,4307,185610,0,0,0.000,10.385,14.809,0,0.000,16.262,16.753,0,0,1,0,4
PPG,2,20556,823790536,124,170933,191524,191209.688,314.312,33.125,0,0,0,0,46.15,46.15,2,1,512,nan,2,2,53,1,1,12,12,0,0,0,824064804,0.04858,-0.00537,0.95898,0.96023,-0.00745,0.00079,-0.00061,0.00752,0.96023,0.00515,0.00826,3,12116,0,1360,0.05685,0.03064,0.53889,96,1,96.528,88,1,3,4308,185610,0,0,0.000,10.385,14.809,0,0.000,16.262,16.753,0,0,1,0,4
PPG,2,20557,823830536,134,170935,191544,191213.031,330.969,45.688,0,0,0,0,46.15,46.15,2,1,512,nan,2,2,53,1,1,13,13,0,0,0,824110601,0.04126,-0.00610,0.95898,0.95989,-0.00718,0.00132,-0.00061,0.00733,0.96122,0.00672,0.00753,3,18822,0,1360,0.05685,0.03064,0.53889,96,1,96.528,88,1,3,14467,185610,0,0,0.000,10.385,14.809,0,0.000,16.262,16.753,0,0,1,0,4
PPG,2,20558,823870536,125,170908,191469,191215.594,253.406,46.031,0,0,0,0,46.15,46.15,2,1,512,nan,2,2,53,1,1,14,14,0,0,0,824147123,0.04199,-0.00903,0.95776,0.95873,-0.00745,0.00212,-0.00141,0.00787,0.96143,0.00574,0.00850,3,12128,0,1360,0.05685,0.03064,0.53889,96,1,96.528,88,1,3,2597,185610,0,0,0.000,10.385,14.809,0,0.000,16.262,16.753,0,0,1,0,4
PPG,2,20559,823910536,293,170867,191359,191217.031,141.969,30.484,0,0,0,0,46.15,46.15,2,1,512,nan,2,2,53,1,1,15,15,0,0,0,824183476,0.03906,-0.00757,0.95361,0.95444,-0.00798,0.00292,0.00046,0.00851,0.96053,0.00306,0.00851,3,12114,0,1360,0.05685,0.03064,0.53889,96,1,96.528,88,1,3,2639,185610,0,0,0.000,10.385,14.809,0,0.000,16.262,16.753,0,0,1,0,4
PPG,2,20560,823950536,124,170852,191332,191218.188,113.812,7.266,0,0,0,0,46.15,46.15,2,1,512,nan,2,2,53,1,1,16,16,0,0,0,824225286,0.04297,-0.00732,0.95996,0.96095,-0.00772,0.00185,-0.00114,0.00802,0.96095,0.00574,0.00914,3,12125,0,1360,0.05685,0.03064,0.53889,96,1,96.528,88,1,3,4299,185610,0,0,0.000,10.385,14.809,0,0.000,16.262,16.753,0,0,1,0,4
PPG,2,20561,823990536,126,170888,191353,191219.531,133.469,-10.656,0,0,0,0,46.15,46.15,2,1,512,nan,2,2,53,1,1,17,17,0,0,0,824264330,0.04395,-0.00171,0.95850,0.95950,-0.00772,0.00345,0.00019,0.00845,0.96169,0.00854,0.00845,3,12117,0,1360,0.05685,0.03064,0.53889,96,1,96.528,88,1,3,2602,185610,0,0,0.000,10.385,14.809,0,0.000,16.262,16.753,0,0,1,0,4
PPG,2,20562,824030536,124,170942,191453,191221.859,231.141,-16.922,0,0,0,0,46.15,46.15,2,1,512,nan,2,2,53,1,1,18,18,0,0,0,824305930,0.04272,-0.00415,0.95532,0.95629,-0.00745,0.00185,0.00046,0.00769,0.96066,0.00243,0.00878,3,12147,0,1360,0.05685,0.03064,0.53889,96,1,96.528,88,1,3,4298,185610,0,0,0.000,10.385,14.809,0,0.000,16.262,16.753,0,0,1,0,4
PPG,2,20563,824070536,125,170967,191515,191224.797,290.203,-18.516,0,0,0,0,46.15,46.15,2,1,512,nan,2,2,53,1,1,19,19,0,0,0,824344859,0.04150,-0.00806,0.95728,0.95821,-0.00745,0.00185,-0.00034,0.00768,0.96344,0.00523,0.00798,3,12118,0,1360,0.05685,0.03064,0.53889,96,1,96.528,88,1,3,4305,185610,0,0,0.000,10.385,14.809,0,0.000,16.262,16.753,0,0,1,0,4
PPG,2,20564,824110536,123,170984,191523,191227.781,295.219,-22.203,0,0,0,0,46.15,46.15,2,1,512,nan,2,2,53,1,1,20,20,0,0,0,824383811,0.03857,-0.00610,0.95557,0.95636,-0.00798,0.00212,-0.00141,0.00838,0.96305,0.00668,0.00838,3,12118,0,1360,0.05685,0.03064,0.53889,96,1,96.528,88,1,3,2595,185610,0,0,0.000,10.385,14.809,0,0.000,16.262,16.753,0,0,1,0,4
PPG,2,20565,824150536,125,171006,191533,191230.828,302.172,-16.062,0,0,0,0,46.15,46.15,2,1,512,nan,2,2,53,1,1,21,21,0,0,0,824425408,0.04224,-0.00806,0.96045,0.96141,-0.00825,0.00265,-0.00007,0.00866,0.96141,0.00371,0.00904,3,12113,0,1360,0.05685,0.03064,0.53889,96,1,96.528,88,1,3,4295,185610,0,0,0.000,10.385,14.809,0,0.000,16.262,16.753,0,0,1,0,4
PPG,2,20566,824190536,147,170992,191517,191233.688,283.312,1.656,1,0,1,740,46.15,46.15,2,1,512,nan,2,2,53,1,1,22,22,0,0,0,824464395,0.04565,-0.00464,0.95557,0.95667,-0.00718,0.00212,-0.00167,0.00767,0.96165,0.00313,0.00801,3,12112,0,1360,0.05685,0.03064,0.53889,96,1,96.528,88,1,3,2594,185610,0,0,28.578,10.385,14.809,1,49.578,16.262,16.753,1,1,1,0,5
PPG,2,20567,824230536,128,170971,191481,191236.156,244.844,18.141,0,0,0,0,46.15,46.15,2,1,512,nan,2,2,53,1,1,23,23,0,0,0,824506144,0.03979,-0.00342,0.95825,0.95908,-0.00772,0.00398,-0.00034,0.00869,0.95986,0.00319,0.00882,3,12165,0,1360,0.05685,0.03064,0.53889,96,1,96.528,88,1,3,4297,185610,0,0,0.000,9.995,13.540,0,0.000,15.620,15.340,0,0,1,0,5
PPG,2,20568,824270536,127,171019,191542,191239.219,302.781,37.188,0,0,0,0,46.15,46.15,2,1,512,nan,2,2,53,1,1,24,24,0,0,0,824545072,0.04028,-0.00757,0.95801,0.95888,-0.00638,0.00212,0.00019,0.00673,0.96683,0.00794,0.00796,3,12114,0,1360,0.05685,0.03064,0.53889,96,1,96.528,88,1,3,4297,185610,0,0,0.000,9.995,13.540,0,0.000,15.620,15.340,0,0,1,0,5
PPG,2,20569,824310536,518,171099,191663,191243.453,419.547,54.688,0,0,0,0,46.15,46.15,2,1,512,nan,4,1,53,1,1,25,25,0,0,0,824584083,0.04126,-0.00806,0.95044,0.95137,-0.00798,0.00105,-0.00061,0.00807,0.95918,0.00781,0.00850,3,12120,0,1360,0.06325,0.04365,0.69013,95,1,92.747,187,1,3,2597,185610,0,0,0.000,9.995,13.540,0,0.000,15.620,15.340,0,0,1,0,5
PPG,2,20570,824350536,173,171142,191696,191247.984,448.016,67.406,0,0,0,0,46.15,46.15,2,1,512,nan,4,1,53,1,1,26,26,0,0,0,824626233,0.04468,-0.00610,0.95703,0.95809,-0.00798,0.00105,0.00046,0.00806,0.96194,0.01057,0.00806,3,12134,0,1360,0.06325,0.04365,0.69013,95,1,92.747,187,1,3,4302,185610,0,0,0.000,9.995,13.540,0,0.000,15.620,15.340,0,0,1,0,5
PPG,2,20571,824390536,125,171135,191705,191252.547,452.453,81.500,0,0,0,0,46.15,46.15,2,1,512,nan,4,1,53,1,1,27,27,0,0,0,824665271,0.04126,-0.00513,0.95386,0.95476,-0.00638,0.00185,-0.00034,0.00666,0.96288,0.00811,0.00749,3,12135,0,1360,0.06325,0.04365,0.69013,95,1,92.747,187,1,3,4295,185610,0,0,0.000,9.995,13.540,0,0.000,15.620,15.340,0,0,1,0,5
PPG,2,20572,824430536,123,171117,191700,191257.016,442.984,95.062,0,0,0,0,46.15,46.15,2,1,512,nan,4,1,53,1,1,28,28,0,0,0,824704266,0.04443,-0.00854,0.95679,0.95786,-0.00825,0.00079,-0.00007,0.00829,0.95786,0.00272,0.00829,3,12161,0,1360,0.06325,0.04365,0.69013,95,1,92.747,187,1,3,2597,185610,0,0,0.000,9.995,13.540,0,0.000,15.620,15.340,0,0,1,0,5
PPG,2,20573,824470536,126,171116,191690,191261.344,428.656,110.828,0,0,0,0,46.15,46.15,2,1,512,nan,4,1,53,1,1,29,29,0,0,0,824745868,0.04150,-0.00415,0.96069,0.96160,-0.00745,0.00105,-0.00034,0.00753,0.96380,0.00595,0.00845,3,12127,0,1360,0.06325,0.04365,0.69013,95,1,92.747,187,1,3,4297,185610,0,0,0.000,9.995,13.540,0,0.000,15.620,15.340,0,0,1,0,5
PPG,2,20574,824510536,123,171097,191659,191265.312,393.688,127.500,0,0,0,0,46.15,46.15,2,1,512,nan,4,1,53,1,1,30,30,0,0,0,824784825,0.04419,-0.00415,0.95459,0.95562,-0.00798,0.00238,-0.00167,0.00850,0.95562,0.00764,0.00850,3,12114,0,1360,0.06325,0.04365,0.69013,95,1,92.747,187,1,3,4303,185610,0,0,0.000,9.995,13.540,0,0.000,15.620,15.340,0,0,1,0,5
PPG,2,20575,824550536,127,171086,191639,191269.047,369.953,134.016,0,0,0,0,46.15,46.15,2,1,512,nan,4,1,53,1,1,31,31,0,0,0,824824200,0.04565,-0.00903,0.95776,0.95889,-0.00772,0.00185,-0.00087,0.00798,0.96306,0.00643,0.00821,3,12346,0,1360,0.06325,0.04365,0.69013,95,1,92.747,187,1,3,2681,185610,0,0,0.000,9.995,13.540,0,0.000,15.620,15.340,0,0,1,0,5
PPG,2,20576,824590536,216,171100,191654,191272.891,381.109,126.234,0,0,0,0,46.15,46.15,2,1,512,nan,4,1,53,1,1,0,0,0,0,0,824866087,0.04785,-0.00732,0.95068,0.95192,-0.00798,0.00132,-0.00007,0.00809,0.96386,0.00832,0.00847,3,12284,0,1360,0.06325,0.04365,0.69013,95,1,92.747,187,1,3,4358,185610,0,0,0.000,9.995,13.540,0,0.000,15.620,15.340,0,0,1,0,5
PPG,2,20577,824630536,187,171086,191662,191276.781,385.219,115.469,0,0,0,0,46.15,46.15,2,1,512,nan,4,1,53,1,1,1,1,0,0,0,824905246,0.04346,-0.00439,0.95947,0.96047,-0.00718,0.00185,-0.00087,0.00747,0.96632,0.00831,0.00765,3,12204,0,1360,0.06325,0.04365,0.69013,95,1,92.747,187,1,3,4368,185610,0,0,0.000,9.995,13.540,0,0.000,15.620,15.340,0,0,1,0,5
PPG,2,20578,824670536,125,171046,191590,191279.906,310.094,92.984,0,0,0,0,46.15,46.15,2,1,512,nan,4,1,53,1,1,2,2,0,0,0,824944758,0.04321,-0.00830,0.96240,0.96341,-0.00745,0.00132,-0.00061,0.00759,0.96392,0.00492,0.00762,3,12257,0,1360,0.06325,0.04365,0.69013,95,1,92.747,187,1,3,4333,185610,0,0,0.000,9.995,13.540,0,0.000,15.620,15.340,0,0,1,0,5
PPG,2,20579,824710536,126,170999,191479,191281.891,197.109,55.422,0,0,0,0,46.15,46.15,2,1,512,nan,4,1,53,1,1,3,3,0,0,0,824984115,0.03955,-0.01025,0.96143,0.96229,-0.00772,0.00212,-0.00061,0.00802,0.96229,0.00498,0.00802,3,12264,0,1360,0.06325,0.04365,0.69013,95,1,92.747,187,1,3,2628,185610,0,0,0.000,9.995,13.540,0,0.000,15.620,15.340,0,0,1,0,5
PPG,2,20580,824750536,130,170983,191446,191283.531,162.469,14.859,0,0,0,0,46.15,46.15,2,1,512,nan,4,1,53,1,1,4,4,0,0,0,825026099,0.04077,-0.00977,0.96362,0.96453,-0.00852,0.00132,-0.00114,0.00869,0.96453,0.00962,0.00908,3,12266,0,1360,0.06325,0.04365,0.69013,95,1,92.747,187,1,3,4344,185610,0,0,0.000,9.995,13.540,0,0.000,15.620,15.340,0,0,1,0,5
PPG,2,20581,824790536,131,170977,191473,191285.422,187.578,-17.719,0,0,0,0,46.15,46.15,2,1,512,nan,4,1,53,1,1,5,5,0,0,0,825065440,0.04370,-0.00195,0.95874,0.95974,-0.00878,0.00212,-0.00087,0.00908,0.96112,0.00342,0.00908,3,12260,0,1360,0.06325,0.04365,0.69013,95,1,92.747,187,1,3,4334,185610,0,0,0.000,9.995,13.540,0,0.000,15.620,15.340,0,0,1,0,5
PPG,2,20582,824830536,138,170977,191479,191287.359,191.641,-41.875,0,0,0,0,46.15,46.15,2,1,512,nan,4,1,53,1,1,6,6,0,0,0,825111590,0.04053,-0.00732,0.95996,0.96084,-0.00772,0.00185,-0.00114,0.00802,0.96084,0.00187,0.00802,3,19121,0,1360,0.06325,0.04365,0.69013,95,1,92.747,187,1,3,14731,185610,0,0,0.000,9.995,13.540,0,0.000,15.620,15.340,0,0,1,0,5
PPG,2,20583,824870536,151,170960,191467,191289.156,177.844,-66.188,1,0,1,680,78.95,78.95,2,1,0,nan,4,1,53,1,1,7,7,0,0,0,825148337,0.04297,-0.00732,0.96045,0.96144,-0.00798,0.00158,-0.00114,0.00822,0.96292,0.01216,0.00822,3,12240,0,1360,0.06325,0.04365,0.69013,95,1,92.747,187,1,3,2616,185610,0,0,120.547,9.995,13.540,1,156.219,15.620,15.340,1,1,1,0,6
PPG,2,20584,824910536,128,170956,191468,191290.938,177.062,-91.156,0,0,0,0,78.95,78.95,2,1,0,nan,4,1,53,1,1,8,8,0,0,0,825185172,0.04004,-0.00830,0.95825,0.95912,-0.00772,0.00132,-0.00114,0.00791,0.95912,0.00403,0.00791,3,12256,0,1360,0.06325,0.04365,0.69013,95,1,92.747,187,1,3,4344,185610,0,0,0.000,10.228,14.300,0,0.000,15.724,15.570,0,0,1,0,6
PPG,2,20585,824950536,143,170942,191447,191292.500,154.500,-107.266,0,0,0,0,78.95,78.95,2,1,0,nan,4,1,53,1,1,9,9,0,0,0,825224645,0.04370,-0.00684,0.95068,0.95171,-0.00718,0.00212,-0.00061,0.00751,0.96115,0.00753,0.00808,3,12269,0,1360,0.06325,0.04365,0.69013,95,1,92.747,187,1,3,2644,185610,0,0,0.000,10.228,14.300,0,0.000,15.724,15.570,0,0,1,0,6
PPG,2,20586,824990536,124,170937,191431,191293.891,137.109,-109.828,0,0,0,0,78.95,78.95,2,1,0,nan,4,1,53,1,1,10,10,0,0,0,825266576,0.04053,-0.00708,0.95850,0.95938,-0.00825,0.00185,-0.00114,0.00853,0.96071,0.00744,0.00853,3,12243,0,1360,0.06325,0.04365,0.69013,95,1,92.747,187,1,3,4339,185610,0,0,0.000,10.228,14.300,0,0.000,15.724,15.570,0,0,1,0,6
PPG,2,20587,825030536,130,170955,191457,191295.516,161.484,-107.062,0,0,0,0,78.95,78.95,2,1,0,nan,4,1,53,1,1,11,11,0,0,0,825305829,0.04492,-0.00610,0.95630,0.95737,-0.00825,0.00238,-0.00141,0.00870,0.96062,0.00244,0.00874,3,12213,0,1360,0.06325,0.04365,0.69013,95,1,92.747,187,1,3,4344,185610,0,0,0.000,10.228,14.300,0,0.000,15.724,15.570,0,0,1,0,6
PPG,2,20588,825070536,126,170972,191477,191297.328,179.672,-103.234,0,0,0,0,78.95,78.95,2,1,0,nan,4,1,53,1,1,12,12,0,0,0,825345386,0.04224,-0.00903,0.95947,0.96044,-0.00878,0.00318,-0.00007,0.00934,0.96310,0.00313,0.00934,3,12251,0,1360,0.06325,0.04365,0.69013,95,1,92.747,187,1,3,4339,185610,0,0,0.000,10.228,14.300,0,0.000,15.724,15.570,0,0,1,0,6
PPG,2,20589,825110536,125,171010,191557,191299.922,257.078,-86.797,0,0,0,0,78.95,78.95,2,1,0,nan,4,1,53,1,1,13,13,0,0,0,825384648,0.04224,-0.00684,0.96240,0.96335,-0.00798,0.00158,-0.00007,0.00814,0.96335,0.00263,0.00921,3,12214,0,1360,0.06325,0.04365,0.69013,95,1,92.747,187,1,3,2642,185610,0,0,0.000,10.228,14.300,0,0.000,15.724,15.570,0,0,1,0,6
PPG,2,20590,825150536,124,170994,191551,191302.438,248.562,-67.547,0,0,0,0,78.95,78.95,2,1,0,nan,4,1,53,1,1,14,14,0,0,0,825426591,0.04419,-0.01074,0.95483,0.95592,-0.00852,0.00265,-0.00114,0.00899,0.95781,0.00637,0.00914,3,12280,0,1360,0.06325,0.04365,0.69013,95,1,92.747,187,1,3,4331,185610,0,0,0.000,10.228,14.300,0,0.000,15.724,15.570,0,0,1,0,6
PPG,2,20591,825190536,135,171008,191569,191305.109,263.891,-46.328,0,0,0,0,78.95,78.95,2,1,0,nan,4,1,53,1,1,15,15,0,0,0,825465925,0.04199,-0.00732,0.95996,0.96091,-0.00798,0.00292,0.00019,0.00850,0.96091,0.00323,0.00911,3,12237,0,1360,0.06325,0.04365,0.69013,95,1,92.747,187,1,3,4331,185610,0,0,0.000,10.228,14.300,0,0.000,15.724,15.570,0,0,1,0,6
PPG,2,20592,825230536,173,171023,191578,191307.844,270.156,-21.516,0,0,0,0,78.95,78.95,2,1,0,nan,4,1,53,1,1,16,16,0,0,0,825505170,0.04492,-0.00366,0.95801,0.95907,-0.00798,0.00105,-0.00114,0.00813,0.96113,0.00667,0.00889,3,12222,0,1360,0.06325,0.04365,0.69013,95,1,92.747,187,1,3,4315,185610,0,0,0.000,10.228,14.300,0,0.000,15.724,15.570,0,0,1,0,6
PPG,2,20593,825270536,127,171035,191587,191310.641,276.359,5.922,0,0,0,0,78.95,78.95,2,1,0,nan,4,1,53,1,1,17,17,0,0,0,825544540,0.04468,-0.00293,0.95703,0.95808,-0.00692,0.00185,-0.00087,0.00721,0.96138,0.00330,0.00822,3,12115,0,1360,0.06325,0.04365,0.69013,95,1,92.747,187,1,3,2607,185610,0,0,0.000,10.228,14.300,0,0.000,15.724,15.570,0,0,1,0,6
PPG,2,20594,825310536,507,171004,191577,191313.297,263.703,27.172,0,0,0,0,78.95,78.95,2,1,0,nan,4,1,53,1,1,18,18,0,0,0,825586303,0.04150,-0.00781,0.96289,0.96382,-0.00772,0.00185,-0.00114,0.00802,0.96382,0.00230,0.00802,3,12123,0,1360,0.07837,0.06279,0.80124,79,1,89.969,250,1,3,4305,185610,0,0,0.000,10.228,14.300,0,0.000,15.724,15.570,0,0,1,0,6
PPG,2,20595,825350536,176,170996,191566,191315.828,250.172,43.531,0,0,0,0,78.95,78.95,2,1,0,nan,4,1,53,1,1,19,19,0,0,0,825625718,0.04272,-0.00537,0.95947,0.96044,-0.00798,0.00212,-0.00114,0.00834,0.96044,0.00696,0.00834,3,12156,0,1360,0.07837,0.06279,0.80124,79,1,89.969,250,1,3,4329,185610,0,0,0.000,10.228,14.300,0,0.000,15.724,15.570,0,0,1,0,6
PPG,2,20596,825390536,126,170987,191569,191318.359,250.641,49.500,0,0,0,0,78.95,78.95,2,1,0,nan,4,1,53,1,1,20,20,0,0,0,825664782,0.04272,-0.00488,0.95874,0.95970,-0.00772,0.00158,-0.00194,0.00811,0.95970,0.00564,0.00826,3,12121,0,1360,0.07837,0.06279,0.80124,79,1,89.969,250,1,3,2602,185610,0,0,0.000,10.228,14.300,0,0.000,15.724,15.570,0,0,1,0,6
PPG,2,20597,825430536,126,171009,191626,191321.438,304.562,62.016,0,0,0,0,78.95,78.95,2,1,0,nan,4,1,53,1,1,21,21,0,0,0,825706359,0.03979,-0.00537,0.96094,0.96178,-0.00745,0.00212,-0.00061,0.00777,0.96178,0.00449,0.00873,3,12113,0,1360,0.07837,0.06279,0.80124,79,1,89.969,250,1,3,4299,185610,0,0,0.000,10.228,14.300,0,0.000,15.724,15.570,0,0,1,0,6
PPG,2,20598,825470536,125,171003,191596,191324.188,271.812,65.578,0,0,0,0,78.95,78.95,2,1,0,nan,4,1,53,1,1,22,22,0,0,0,825745452,0.04224,-0.00806,0.95142,0.95239,-0.00852,0.00238,-0.00061,0.00886,0.95540,0.00638,0.00932,3,12123,0,1360,0.07837,0.06279,0.80124,79,1,89.969,250,1,3,4302,185610,0,0,0.000,10.228,14.300,0,0.000,15.724,15.570,0,0,1,0,6
PPG,2,20599,825510536,224,170967,191492,191325.859,166.141,52.625,0,0,0,0,78.95,78.95,2,1,0,nan,4,1,53,1,1,23,23,0,0,0,825784507,0.03931,-0.00830,0.95361,0.95446,-0.00825,0.00185,-0.00221,0.00874,0.96052,0.00606,0.00960,3,12112,0,1360,0.07837,0.06279,0.80124,79,1,89.969,250,1,3,2597,185610,0,0,0.000,10.228,14.300,0,0.000,15.724,15.570,0,0,1,0,6
PPG,2,20600,825550536,194,170946,191433,191326.938,106.062,31.281,0,1,0,0,78.95,78.95,2,1,0,nan,4,1,53,1,1,24,24,0,0,0,825826157,0.04541,-0.00903,0.95850,0.95961,-0.00825,0.00212,-0.00034,0.00852,0.95961,0.00476,0.00852,3,12126,0,1360,0.07837,0.06279,0.80124,79,1,89.969,250,1,3,4303,185610,0,0,0.000,10.228,14.300,0,0.000,15.724,15.570,0,0,1,0,6
PPG,2,20601,825590536,126,170939,191427,191327.938,99.062,12.156,0,0,0,0,78.95,78.95,2,1,0,nan,4,1,53,1,1,25,25,0,0,0,825865411,0.04395,-0.00732,0.96387,0.96490,-0.00745,0.00158,-0.00114,0.00770,0.96490,0.01382,0.00805,3,12114,0,1360,0.07837,0.06279,0.80124,79,1,89.969,250,1,3,4294,185610,0,0,0.000,10.228,14.300,0,0.000,15.724,15.570,0,0,1,0,6
PPG,2,20602,825630536,129,170909,191414,191328.797,85.203,-6.312,0,0,0,0,78.95,78.95,2,1,0,nan,4,1,53,1,1,26,26,0,0,0,825904450,0.04077,-0.00854,0.96069,0.96160,-0.00665,0.00079,-0.00141,0.00684,0.96160,0.00910,0.00762,3,12128,0,1360,0.07837,0.06279,0.80124,79,1,89.969,250,1,3,2594,185610,0,0,0.000,10.228,14.300,0,0.000,15.724,15.570,0,0,1,0,6
PPG,2,20603,825670536,131,170924,191438,191329.891,108.109,-23.578,0,0,0,0,78.95,78.95,2,1,0,nan,4,1,53,1,1,27,27,0,0,0,825946066,0.04126,-0.00708,0.95996,0.96087,-0.00745,0.00212,-0.00034,0.00775,0.96140,0.00420,0.00808,3,12114,0,1360,0.07837,0.06279,0.80124,79,1,89.969,250,1,3,4298,185610,0,0,0.000,10.228,14.300,0,0.000,15.724,15.570,0,0,1,0,6
PPG,2,20604,825710536,125,170936,191472,191331.312,140.688,-45.781,0,0,0,0,78.95,78.95,2,1,0,nan,4,1,53,1,1,28,28,0,0,0,825985010,0.04541,-0.00732,0.95776,0.95887,-0.00772,0.00265,0.00046,0.00817,0.96599,0.00986,0.00828,3,12113,0,1360,0.07837,0.06279,0.80124,79,1,89.969,250,1,3,2598,185610,0,0,0.000,10.228,14.300,0,0.000,15.724,15.570,0,0,1,0,6
PPG,2,20605,825750536,127,170934,191454,191332.547,121.453,-66.406,0,0,0,0,78.95,78.95,2,1,0,nan,4,1,53,1,1,29,29,0,0,0,826026632,0.04541,-0.00610,0.96143,0.96252,-0.00798,0.00185,-0.00087,0.00824,0.96252,0.00272,0.00853,3,12124,0,1360,0.07837,0.06279,0.80124,79,1,89.969,250,1,3,4295,185610,0,0,0.000,10.228,14.300,0,0.000,15.724,15.570,0,0,1,0,6
PPG,2,20606,825790536,145,170926,191445,191333.672,111.328,-73.828,1,0,1,920,65.22,65.22,2,1,16,nan,4,1,53,1,1,30,30,0,0,0,826065633,0.04224,-0.00513,0.95923,0.96017,-0.00772,0.00238,-0.00114,0.00816,0.96069,0.00462,0.00871,3,12134,0,1360,0.07837,0.06279,0.80124,79,1,89.969,250,1,3,4294,185610,0,0,100.531,10.228,14.300,1,175.406,15.724,15.570,1,1,1,0,6
PPG,2,20607,825830536,129,170914,191435,191334.688,100.312,-72.438,0,0,0,0,65.22,65.22,2,1,16,nan,4,1,53,1,1,31,31,0,0,0,826111376,0.04102,-0.00488,0.96045,0.96134,-0.00745,0.00132,-0.00141,0.00769,0.96134,0.00560,0.00892,3,18830,0,1360,0.07837,0.06279,0.80124,79,1,89.969,250,1,3,14469,185610,0,0,0.000,10.307,14.558,0,0.000,15.935,16.034,0,0,1,0,6
PPG,2,20608,825870536,129,170939,191456,191335.906,120.094,-67.234,0,0,0,0,65.22,65.22,2,1,16,nan,4,1,53,1,1,0,0,0,0,0,826147936,0.04346,-0.00244,0.95874,0.95973,-0.00798,0.00105,-0.00007,0.00805,0.95973,0.00466,0.00834,3,12144,0,1360,0.07837,0.06279,0.80124,79,1,89.969,250,1,3,2586,185610,0,0,0.000,10.307,14.558,0,0.000,15.935,16.034,0,0,1,0,6
PPG,2,20609,825910536,128,170930,191455,191337.094,117.906,-56.281,0,0,0,0,65.22,65.22,2,1,16,nan,4,1,53,1,1,1,1,0,0,0,826184299,0.04321,-0.00415,0.95581,0.95680,-0.00958,0.00265,-0.00034,0.00995,0.95819,0.00154,0.00995,3,12121,0,1360,0.07837,0.06279,0.80124,79,1,89.969,250,1,3,2595,185610,0,0,0.000,10.307,14.558,0,0.000,15.935,16.034,0,0,1,0,6
PPG,2,20610,825950536,127,170921,191463,191338.359,124.641,-48.312,0,0,0,0,65.22,65.22,2,1,16,nan,4,1,53,1,1,2,2,0,0,0,826225847,0.04102,-0.00586,0.95581,0.95671,-0.00825,0.00212,-0.00034,0.00852,0.96434,0.00754,0.00852,3,12121,0,1360,0.07837,0.06279,0.80124,79,1,89.969,250,1,3,4306,185610,0,0,0.000,10.307,14.558,0,0.000,15.935,16.034,0,0,1,0,6
PPG,2,20611,825990536,129,170944,191515,191340.125,174.875,-39.484,0,0,0,0,65.22,65.22,2,1,16,nan,4,1,53,1,1,3,3,0,0,0,826265264,0.04224,-0.00366,0.95581,0.95675,-0.00692,0.00212,-0.00061,0.00726,0.96140,0.00470,0.00777,3,12324,0,1360,0.07837,0.06279,0.80124,79,1,89.969,250,1,3,4381,185610,0,0,0.000,10.307,14.558,0,0.000,15.935,16.034,0,0,1,0,6
PPG,2,20612,826030536,126,170959,191529,191342.016,186.984,-26.312,0,0,0,0,65.22,65.22,2,1,16,nan,4,1,53,1,1,4,4,0,0,0,826304405,0.04248,-0.00757,0.95874,0.95971,-0.00905,0.00238,-0.00087,0.00940,0.96063,0.00388,0.00940,3,12209,0,1360,0.07837,0.06279,0.80124,79,1,89.969,250,1,3,2595,185610,0,0,0.000,10.307,14.558,0,0.000,15.935,16.034,0,0,1,0,6
PPG,2,20613,826070536,132,170922,191500,191343.594,156.406,-14.094,0,0,0,0,65.22,65.22,2,1,16,nan,4,1,53,1,1,5,5,0,0,0,826346007,0.04492,-0.00708,0.95288,0.95397,-0.00852,0.00185,-0.00114,0.00879,0.95723,0.00248,0.00879,3,12143,0,1360,0.07837,0.06279,0.80124,79,1,89.969,250,1,3,4294,185610,0,0,0.000,10.307,14.558,0,0.000,15.935,16.034,0,0,1,0,6
PPG,2,20614,826110536,126,170913,191476,191344.922,131.078,-3.188,0,0,0,0,65.22,65.22,2,1,16,nan,4,1,53,1,1,6,6,0,0,0,826385115,0.04297,-0.00732,0.95703,0.95802,-0.00745,0.00212,0.00019,0.00775,0.95851,0.00454,0.00892,3,12176,0,1360,0.07837,0.06279,0.80124,79,1,89.969,250,1,3,2595,185610,0,0,0.000,10.307,14.558,0,0.000,15.935,16.034,0,0,1,0,6
PPG,2,20615,826150536,129,170926,191493,191346.406,146.594,5.734,0,0,0,0,65.22,65.22,2,1,16,nan,4,1,53,1,1,7,7,0,0,0,826426789,0.04053,-0.00781,0.95605,0.95695,-0.00825,0.00212,-0.00114,0.00859,0.95909,0.00228,0.00859,3,12203,0,1360,0.07837,0.06279,0.80124,79,1,89.969,250,1,3,4365,185610,0,0,0.000,10.307,14.558,0,0.000,15.935,16.034,0,0,1,0,6
PPG,2,20616,826190536,210,170930,191514,191348.078,165.922,16.922,0,0,0,0,65.22,65.22,2,1,16,nan,4,1,53,1,1,8,8,0,0,0,826465875,0.04541,-0.00464,0.95435,0.95544,-0.00772,0.00318,-0.00114,0.00842,0.95728,0.00184,0.00886,3,12182,0,1360,0.07837,0.06279,0.80124,79,1,89.969,250,1,3,4402,185610,0,0,0.000,10.307,14.558,0,0.000,15.935,16.034,0,0,1,0,6
PPG,2,20617,826230536,127,170914,191504,191349.641,154.359,28.875,0,0,0,0,65.22,65.22,2,1,16,nan,4,1,53,1,1,9,9,0,0,0,826505501,0.04297,-0.00732,0.95630,0.95729,-0.00852,0.00158,-0.00061,0.00868,0.95834,0.00298,0.00910,3,12255,0,1360,0.07837,0.06279,0.80124,79,1,89.969,250,1,3,4331,185610,0,0,0.000,10.307,14.558,0,0.000,15.935,16.034,0,0,1,0,6
PPG,2,20618,826270536,175,170906,191529,191351.438,177.562,34.219,0,0,0,0,65.22,65.22,2,1,16,nan,4,1,53,1,1,10,10,0,0,0,826544863,0.04419,-0.00659,0.96265,0.96368,-0.00745,0.00212,-0.00034,0.00775,0.96368,0.00985,0.00864,3,12290,0,1360,0.07837,0.06279,0.80124,79,1,89.969,250,1,3,2648,185610,0,0,0.000,10.307,14.558,0,0.000,15.935,16.034,0,0,1,0,6
PPG,2,20619,826310536,583,170892,191504,191352.969,151.031,30.062,0,0,0,0,65.22,65.22,2,1,16,nan,4,1,53,1,1,11,11,0,0,0,826586959,0.04248,-0.00684,0.95874,0.95971,-0.00825,0.00212,-0.00167,0.00868,0.95971,0.00898,0.00868,3,12246,0,1360,0.06356,0.04875,0.76698,96,1,90.825,83,1,3,4334,185610,0,0,0.000,10.307,14.558,0,0.000,15.935,16.034,0,0,1,0,6
PPG,2,20620,826350536,182,170873,191412,191353.562,58.438,18.531,0,0,0,0,65.22,65.22,2,1,16,nan,4,1,53,1,1,12,12,0,0,0,826626861,0.04077,-0.01001,0.96094,0.96185,-0.00772,0.00212,-0.00114,0.00808,0.96249,0.00278,0.00808,3,12259,0,1360,0.06356,0.04875,0.76698,96,1,90.825,83,1,3,4338,185610,0,0,0.000,10.307,14.558,0,0.000,15.935,16.034,0,0,1,0,6
PPG,2,20621,826390536,128,170838,191350,191353.531,-3.531,4.375,0,0,0,0,65.22,65.22,2,1,16,nan,4,1,53,1,1,13,13,0,0,0,826666408,0.04785,-0.00659,0.95825,0.95947,-0.00745,0.00158,0.00046,0.00763,0.96096,0.00512,0.00921,3,12278,0,1360,0.06356,0.04875,0.76698,96,1,90.825,83,1,3,4340,185610,0,0,0.000,10.307,14.558,0,0.000,15.935,16.034,0,0,1,0,6
PPG,2,20622,826430536,127,170833,191318,191353.172,-35.172,-15.812,0,0,0,0,65.22,65.22,2,1,16,nan,4,1,53,1,1,14,14,0,0,0,826705695,0.04199,-0.01123,0.95557,0.95655,-0.00905,0.00158,-0.00114,0.00926,0.96075,0.00240,0.00926,3,12247,0,1360,0.06356,0.04875,0.76698,96,1,90.825,83,1,3,4330,185610,0,0,0.000,10.307,14.558,0,0.000,15.935,16.034,0,0,1,0,6
PPG,2,20623,826470536,145,170815,191331,191352.953,-21.953,-36.609,0,0,0,0,65.22,65.22,2,1,16,nan,4,1,53,1,1,15,15,0,0,0,826745065,0.04346,-0.00439,0.96094,0.96193,-0.00852,0.00158,-0.00034,0.00867,0.96193,0.00743,0.00995,3,12242,0,1360,0.06356,0.04875,0.76698,96,1,90.825,83,1,3,2627,185610,0,0,0.000,10.307,14.558,0,0.000,15.935,16.034,0,0,1,0,6
PPG,2,20624,826510536,127,170822,191345,191352.875,-7.875,-52.984,0,0,0,0,65.22,65.22,2,1,16,nan,4,1,53,1,1,16,16,0,0,0,826787111,0.04077,-0.00537,0.95923,0.96011,-0.00852,0.00212,-0.00061,0.00880,0.96011,0.01720,0.00945,3,12266,0,1360,0.06356,0.04875,0.76698,96,1,90.825,83,1,3,4343,185610,0,0,0.000,10.307,14.558,0,0.000,15.935,16.034,0,0,1,0,6
PPG,2,20625,826550536,129,170816,191344,191352.781,-8.781,-73.906,0,0,0,0,65.22,65.22,2,1,16,nan,4,1,53,1,1,17,17,0,0,0,826826360,0.04297,-0.00879,0.95972,0.96072,-0.00718,0.00238,0.00046,0.00758,0.96612,0.00815,0.00822,3,12238,0,1360,0.06356,0.04875,0.76698,96,1,90.825,83,1,3,4339,185610,0,0,40.719,10.307,14.558,1,0.000,15.935,16.034,0,0,1,0,6
PPG,2,20626,826590536,150,170809,191324,191352.500,-28.500,-93.562,1,0,1,780,76.92,76.92,2,1,16,nan,4,1,53,1,1,18,18,0,0,0,826865686,0.04492,-0.00488,0.95386,0.95493,-0.00745,0.00158,-0.00114,0.00770,0.95493,0.00826,0.00770,3,12254,0,1360,0.06356,0.04875,0.76698,96,1,90.825,83,1,3,4332,185610,0,0,0.000,10.307,14.558,0,108.047,15.935,16.034,1,1,1,0,6
PPG,2,20627,826630536,130,170778,191259,191351.562,-92.562,-106.625,0,0,0,0,76.92,76.92,2,1,16,nan,4,1,53,1,1,19,19,0,0,0,826905092,0.03833,-0.00439,0.95947,0.96025,-0.00798,0.00158,-0.00087,0.00819,0.96041,0.00469,0.00826,3,12231,0,1360,0.06356,0.04875,0.76698,96,1,90.825,83,1,3,2621,185610,0,0,0.000,10.003,13.567,0,0.000,15.699,15.514,0,0,1,0,6
PPG,2,20628,826670536,134,170738,191226,191350.312,-124.312,-112.828,0,0,0,0,76.92,76.92,2,1,16,nan,4,1,53,1,1,20,20,0,0,0,826947054,0.04297,-0.00635,0.95459,0.95558,-0.00772,0.00212,-0.00061,0.00802,0.95809,0.01043,0.00868,3,12224,0,1360,0.06356,0.04875,0.76698,96,1,90.825,83,1,3,4346,185610,0,0,0.000,10.003,13.567,0,0.000,15.699,15.514,0,0,1,0,6
PPG,2,20629,826710536,130,170762,191241,191349.219,-108.219,-113.125,0,0,0,0,76.92,76.92,2,1,16,nan,4,1,53,1,1,21,21,0,0,0,826986441,0.03906,-0.00781,0.95581,0.95664,-0.00772,0.00079,-0.00087,0.00780,0.95914,0.00250,0.00846,3,12238,0,1360,0.06356,0.04875,0.76698,96,1,90.825,83,1,3,4333,185610,0,0,0.000,10.003,13.567,0,0.000,15.699,15.514,0,0,1,0,6
PPG,2,20630,826750536,127,170791,191277,191348.500,-71.500,-111.547,0,0,0,0,76.92,76.92,2,1,16,nan,4,1,53,1,1,22,22,0,0,0,827025686,0.04541,-0.00684,0.95703,0.95813,-0.00825,0.00238,-0.00141,0.00870,0.95813,0.00139,0.00870,3,12231,0,1360,0.06356,0.04875,0.76698,96,1,90.825,83,1,3,4327,185610,0,0,0.000,10.003,13.567,0,0.000,15.699,15.514,0,0,1,0,6
PPG,2,20631,826790536,130,170827,191355,191348.562,6.438,-102.125,0,0,0,0,76.92,76.92,2,1,16,nan,4,1,53,1,1,23,23,0,0,0,827064972,0.04175,-0.00830,0.95923,0.96017,-0.00798,0.00292,-0.00034,0.00851,0.96017,0.00267,0.00911,3,12246,0,1360,0.06356,0.04875,0.76698,96,1,90.825,83,1,3,2618,185610,0,0,0.000,10.003,13.567,0,0.000,15.699,15.514,0,0,1,0,6
PPG,2,20632,826830536,183,170845,191403,191349.109,53.891,-87.391,0,0,0,0,76.92,76.92,2,1,16,nan,4,1,53,1,1,24,24,0,0,0,827110866,0.03931,-0.00586,0.96289,0.96371,-0.00852,0.00079,-0.00034,0.00856,0.96371,0.00456,0.00856,3,16220,0,1360,0.06356,0.04875,0.76698,96,1,90.825,83,1,3,16159,185610,0,0,0.000,10.003,13.567,0,0.000,15.699,15.514,0,0,1,0,6
PPG,2,20633,826870536,140,170832,191408,191349.703,58.297,-70.797,0,0,0,0,76.92,76.92,2,1,16,nan,4,1,53,1,1,25,25,0,0,0,827180353,0.04492,-0.00830,0.96606,0.96714,-0.00745,0.00292,-0.00114,0.00808,0.96714,0.00343,0.00808,1,69487,0,1365,0.06356,0.04875,0.76698,96,1,90.825,83,1,3,69357,185610,0,0,0.000,10.003,13.567,0,0.000,15.699,15.514,0,0,1,0,6
PPG,2,20634,826910536,125,170836,191410,191350.312,59.688,-45.922,0,0,0,0,76.92,76.92,2,1,16,nan,4,1,53,1,1,26,26,0,0,0,827192538,0.04468,-0.00464,0.95752,0.95857,-0.00745,0.00212,-0.00167,0.00792,0.95857,0.00857,0.00792,1,12185,0,1365,0.06356,0.04875,0.76698,96,1,90.825,83,1,3,12189,185610,0,0,0.000,10.003,13.567,0,0.000,15.699,15.514,0,0,1,0,6
PPG,2,20635,826950536,128,170832,191389,191350.703,38.297,-17.438,0,0,0,0,76.92,76.92,2,1,16,nan,4,1,53,1,1,27,27,0,0,0,827229058,0.04541,-0.00415,0.95142,0.95251,-0.00772,0.00238,-0.00114,0.00816,0.96195,0.00944,0.00816,3,12131,0,1365,0.06356,0.04875,0.76698,96,1,90.825,83,1,3,2589,185610,0,0,0.000,10.003,13.567,0,0.000,15.699,15.514,0,0,1,0,6
PPG,2,20636,826990536,131,170836,191400,191351.203,48.797,10.969,0,0,0,0,76.92,76.92,2,1,16,nan,4,1,53,1,1,28,28,0,0,0,827265532,0.03857,-0.00610,0.95605,0.95685,-0.00718,0.00238,-0.00061,0.00759,0.96004,0.00753,0.00812,3,12161,0,1365,0.06356,0.04875,0.76698,96,1,90.825,83,1,3,2596,185610,0,0,0.000,10.003,13.567,0,0.000,15.699,15.514,0,0,1,0,6
PPG,2,20637,827030536,132,170840,191424,191351.938,72.062,35.969,0,0,0,0,76.92,76.92,2,1,16,nan,4,1,53,1,1,29,29,0,0,0,827307052,0.04053,-0.00586,0.95386,0.95474,-0.00878,0.00158,-0.00087,0.00897,0.95784,0.00279,0.00897,3,12113,0,1365,0.06356,0.04875,0.76698,96,1,90.825,83,1,3,4299,185610,0,0,0.000,10.003,13.567,0,0.000,15.699,15.514,0,0,1,0,6
PPG,2,20638,827070536,140,170846,191443,191352.844,90.156,52.844,0,0,0,0,76.92,76.92,2,1,16,nan,4,1,53,1,1,30,30,0,0,0,827346135,0.04395,-0.00439,0.96265,0.96366,-0.00718,0.00238,-0.00007,0.00757,0.96412,0.00550,0.00836,3,12143,0,1365,0.06356,0.04875,0.76698,96,1,90.825,83,1,3,4299,185610,0,0,0.000,10.003,13.567,0,0.000,15.699,15.514,0,0,1,0,6
PPG,2,20639,827110536,128,170845,191455,191353.859,101.141,62.719,0,0,0,0,76.92,76.92,2,1,16,nan,4,1,53,1,1,31,31,0,0,0,827385183,0.04639,-0.00464,0.95654,0.95768,-0.00718,0.00158,-0.00007,0.00736,0.96176,0.00612,0.00866,3,12111,0,1365,0.06356,0.04875,0.76698,96,1,90.825,83,1,3,2605,185610,0,0,0.000,10.003,13.567,0,0.000,15.699,15.514,0,0,1,0,6
PPG,2,20640,827150536,127,170815,191419,191354.516,64.484,63.953,0,0,0,0,76.92,76.92,2,1,16,nan,4,1,53,1,1,0,0,0,0,0,827426760,0.04419,-0.00537,0.96045,0.96148,-0.00825,0.00212,-0.00034,0.00852,0.96148,0.00261,0.00885,3,12129,0,1365,0.06356,0.04875,0.76698,96,1,90.825,83,1,3,4295,185610,0,0,0.000,10.003,13.567,0,0.000,15.699,15.514,0,0,1,0,6
PPG,2,20641,827190536,221,170767,191312,191354.094,-42.094,51.844,0,0,0,0,76.92,76.92,2,1,16,nan,4,1,53,1,1,1,1,0,0,0,827465732,0.04883,-0.00464,0.95313,0.95439,-0.00825,0.00265,-0.00141,0.00878,0.95810,0.00842,0.00878,3,12139,0,1365,0.06356,0.04875,0.76698,96,1,90.825,83,1,3,4295,185610,0,0,0.000,10.003,13.567,0,0.000,15.699,15.514,0,0,1,0,6
PPG,2,20642,827230536,127,170722,191242,191352.969,-110.969,34.656,0,0,0,0,76.92,76.92,2,1,16,nan,4,1,53,1,1,2,2,0,0,0,827504869,0.04297,-0.00830,0.95386,0.95486,-0.00745,0.00212,-0.00061,0.00777,0.96081,0.00595,0.00777,3,12130,0,1365,0.06356,0.04875,0.76698,96,1,90.825,83,1,3,2598,185610,0,0,0.000,10.003,13.567,0,0.000,15.699,15.514,0,0,1,0,6
PPG,2,20643,827270536,128,170730,191224,191351.672,-127.672,14.859,0,0,0,0,76.92,76.92,2,1,16,nan,4,1,53,1,1,3,3,0,0,0,827546416,0.04443,-0.00439,0.96436,0.96539,-0.00718,0.00132,-0.00087,0.00736,0.96539,0.00468,0.00854,3,12119,0,1365,0.06356,0.04875,0.76698,96,1,90.825,83,1,3,4299,185610,0,0,0.000,10.003,13.567,0,0.000,15.699,15.514,0,0,1,0,6
PPG,2,20644,827310536,524,170746,191258,191350.734,-92.734,-4.516,0,0,0,0,76.92,76.92,2,1,16,nan,2,2,53,1,1,4,4,0,0,0,827585411,0.04248,-0.00732,0.95996,0.96093,-0.00825,0.00292,-0.00141,0.00886,0.96093,0.00899,0.00886,3,12120,0,1365,0.05644,0.05394,0.95581,94,1,86.105,93,1,3,2595,185610,0,0,0.000,10.003,13.567,0,0.000,15.699,15.514,0,0,1,0,6
PPG,2,20645,827350536,175,170770,191310,191350.328,-40.328,-21.812,0,0,0,0,76.92,76.92,2,1,16,nan,2,2,53,1,1,5,5,0,0,0,827627395,0.04224,-0.00635,0.95557,0.95652,-0.00798,0.00079,-0.00061,0.00804,0.96072,0.00420,0.00824,3,12114,0,1365,0.05644,0.05394,0.95581,94,1,86.105,93,1,3,4295,185610,0,0,0.000,10.003,13.567,0,0.000,15.699,15.514,0,0,1,0,6
PPG,2,20646,827390536,128,170750,191314,191349.969,-35.969,-41.453,0,0,0,0,76.92,76.92,2,1,16,nan,2,2,53,1,1,6,6,0,0,0,827666450,0.04224,-0.00488,0.96094,0.96188,-0.00718,0.00238,-0.00087,0.00762,0.96188,0.00459,0.00940,3,12128,0,1365,0.05644,0.05394,0.95581,94,1,86.105,93,1,3,4327,185610,0,0,0.000,10.003,13.567,0,0.000,15.699,15.514,0,0,1,0,6
PPG,2,20647,827430536,128,170757,191309,191349.562,-40.562,-59.672,0,0,0,0,76.92,76.92,2,1,16,nan,2,2,53,1,1,7,7,0,0,0,827705812,0.04614,-0.00586,0.95630,0.95743,-0.00798,0.00185,0.00019,0.00820,0.96230,0.00293,0.00820,3,12219,0,1365,0.05644,0.05394,0.95581,94,1,86.105,93,1,3,4308,185610,0,0,0.000,10.003,13.567,0,0.000,15.699,15.514,0,0,1,0,6
PPG,2,20648,827470536,152,170744,191300,191349.062,-49.062,-65.078,1,0,1,900,66.67,66.67,2,1,16,nan,2,2,53,1,1,8,8,0,0,0,827744921,0.04248,-0.00684,0.96484,0.96580,-0.00798,0.00212,-0.00061,0.00828,0.96580,0.00689,0.00828,3,12198,0,1365,0.05644,0.05394,0.95581,94,1,86.105,93,1,3,2594,185610,0,0,92.047,10.003,13.567,1,177.078,15.699,15.514,1,1,1,0,6
PPG,2,20649,827510536,129,170746,191279,191348.359,-69.359,-61.688,0,0,0,0,66.67,66.67,2,1,16,nan,2,2,53,1,1,9,9,0,0,0,827786644,0.04175,-0.00806,0.96289,0.96383,-0.00718,0.00132,-0.00114,0.00739,0.96383,0.00688,0.00842,3,12149,0,1365,0.05644,0.05394,0.95581,94,1,86.105,93,1,3,4311,185610,0,0,0.000,10.057,13.744,0,0.000,15.923,16.008,0,0,1,0,6
PPG,2,20650,827550536,129,170760,191316,191348.031,-32.031,-50.500,0,0,0,0,66.67,66.67,2,1,16,nan,2,2,53,1,1,10,10,0,0,0,827825761,0.04639,-0.00391,0.95947,0.96060,-0.00745,0.00185,-0.00141,0.00780,0.96387,0.00662,0.00885,3,12115,0,1365,0.05644,0.05394,0.95581,94,1,86.105,93,1,3,4294,185610,0,0,0.000,10.057,13.744,0,0.000,15.923,16.008,0,0,1,0,6
PPG,2,20651,827590536,129,170773,191349,191348.047,0.953,-37.203,0,0,0,0,66.67,66.67,2,1,16,nan,2,2,53,1,1,11,11,0,0,0,827864780,0.04248,-0.00464,0.95923,0.96018,-0.00798,0.00132,-0.00007,0.00809,0.96018,0.00385,0.00866,3,12121,0,1365,0.05644,0.05394,0.95581,94,1,86.105,93,1,3,2595,185610,0,0,0.000,10.057,13.744,0,0.000,15.923,16.008,0,0,1,0,6
PPG,2,20652,827630536,128,170756,191360,191348.172,11.828,-27.906,0,0,0,0,66.67,66.67,2,1,16,nan,2,2,53,1,1,12,12,0,0,0,827906700,0.04248,-0.00635,0.95898,0.95995,-0.00745,0.00212,-0.00114,0.00783,0.96577,0.00831,0.00783,3,12239,0,1365,0.05644,0.05394,0.95581,94,1,86.105,93,1,3,4337,185610,0,0,0.000,10.057,13.744,0,0.000,15.923,16.008,0,0,1,0,6
PPG,2,20653,827670536,130,170772,191366,191348.344,17.656,-18.375,0,0,0,0,66.67,66.67,2,1,16,nan,2,2,53,1,1,13,13,0,0,0,827946103,0.03931,-0.00537,0.95654,0.95737,-0.00718,0.00158,-0.00061,0.00738,0.96056,0.01105,0.00821,3,12344,0,1365,0.05644,0.05394,0.95581,94,1,86.105,93,1,3,4348,185610,0,0,0.000,10.057,13.744,0,0.000,15.923,16.008,0,0,1,0,6
PPG,2,20654,827710536,136,170785,191391,191348.766,42.234,-5.719,0,0,0,0,66.67,66.67,2,1,16,nan,2,2,53,1,1,14,14,0,0,0,827985453,0.03906,-0.00708,0.95874,0.95956,-0.00638,0.00238,-0.00061,0.00684,0.96009,0.00488,0.00759,3,12306,0,1365,0.05644,0.05394,0.95581,94,1,86.105,93,1,3,2618,185610,0,0,0.000,10.057,13.744,0,0.000,15.923,16.008,0,0,1,0,6
PPG,2,20655,827750536,135,170770,191390,191349.172,40.828,7.094,0,0,0,0,66.67,66.67,2,1,16,nan,2,2,53,1,1,15,15,0,0,0,828027341,0.04419,-0.00708,0.95728,0.95832,-0.00745,0.00158,-0.00034,0.00762,0.95878,0.00377,0.00820,3,12241,0,1365,0.05644,0.05394,0.95581,94,1,86.105,93,1,3,4342,185610,0,0,0.000,10.057,13.744,0,0.000,15.923,16.008,0,0,1,0,6
PPG,2,20656,827790536,128,170770,191401,191349.688,51.312,24.484,0,0,0,0,66.67,66.67,2,1,16,nan,2,2,53,1,1,16,16,0,0,0,828066667,0.04224,-0.00732,0.95752,0.95848,-0.00772,0.00292,-0.00061,0.00827,0.95960,0.00298,0.00857,3,12219,0,1365,0.05644,0.05394,0.95581,94,1,86.105,93,1,3,4343,185610,0,0,0.000,10.057,13.744,0,0.000,15.923,16.008,0,0,1,0,6
PPG,2,20657,827830536,136,170772,191384,191350.031,33.969,36.188,0,0,0,0,66.67,66.67,2,1,16,nan,2,2,53,1,1,17,17,0,0,0,828112877,0.03882,-0.00708,0.95435,0.95516,-0.00745,0.00265,-0.00141,0.00803,0.95743,0.00249,0.00803,3,19013,0,1365,0.05644,0.05394,0.95581,94,1,86.105,93,1,3,14616,185610,0,0,0.000,10.057,13.744,0,0.000,15.923,16.008,0,0,1,0,6
PPG,2,20658,827870536,140,170777,191412,191350.656,61.344,46.734,0,0,0,0,66.67,66.67,2,1,16,nan,2,2,53,1,1,18,18,0,0,0,828149687,0.04321,-0.00488,0.95752,0.95851,-0.00745,0.00292,-0.00007,0.00800,0.96346,0.00830,0.00842,3,12258,0,1365,0.05644,0.05394,0.95581,94,1,86.105,93,1,3,2640,185610,0,0,0.000,10.057,13.744,0,0.000,15.923,16.008,0,0,1,0,6
PPG,2,20659,827910536,151,170780,191412,191351.266,60.734,56.312,0,0,0,0,66.67,66.67,2,1,16,nan,2,2,53,1,1,19,19,0,0,0,828186393,0.04492,-0.00854,0.95752,0.95861,-0.00825,0.00212,0.00019,0.00852,0.96389,0.00949,0.00852,3,12282,0,1365,0.05644,0.05394,0.95581,94,1,86.105,93,1,3,4356,185610,0,0,0.000,10.057,13.744,0,0.000,15.923,16.008,0,0,1,0,6
PPG,2,20660,827950536,131,170751,191416,191351.906,64.094,63.609,0,0,0,0,66.67,66.67,2,1,16,nan,2,2,53,1,1,20,20,0,0,0,828225759,0.04541,-0.00342,0.95288,0.95397,-0.00692,0.00238,-0.00034,0.00732,0.96389,0.00880,0.00818,3,12199,0,1365,0.05644,0.05394,0.95581,94,1,86.105,93,1,3,2618,185610,0,0,0.000,10.057,13.744,0,0.000,15.923,16.008,0,0,1,0,6
PPG,2,20661,827990536,225,170739,191352,191351.906,0.094,56.031,0,0,0,0,66.67,66.67,2,1,16,nan,2,2,53,1,1,21,21,0,0,0,828267660,0.04248,-0.00537,0.96851,0.96945,-0.00931,0.00292,0.00073,0.00979,0.96945,0.01122,0.00979,3,12249,0,1365,0.05644,0.05394,0.95581,94,1,86.105,93,1,3,4334,185610,0,0,0.000,10.057,13.744,0,0.000,15.923,16.008,0,0,1,0,6
PPG,2,20662,828030536,138,170702,191275,191351.141,-76.141,37.953,0,0,0,0,66.67,66.67,2,1,16,nan,2,2,53,1,1,22,22,0,0,0,828307087,0.04004,-0.00757,0.95679,0.95765,-0.00772,0.00292,0.00019,0.00825,0.95876,0.01365,0.00925,3,12240,0,1365,0.05644,0.05394,0.95581,94,1,86.105,93,1,3,4348,185610,0,0,0.000,10.057,13.744,0,0.000,15.923,16.008,0,0,1,0,6
PPG,2,20663,828070536,132,170703,191247,191350.094,-103.094,14.812,0,0,0,0,66.67,66.67,2,1,16,nan,2,2,53,1,1,23,23,0,0,0,828346344,0.04150,-0.00903,0.95996,0.96090,-0.00825,0.00158,-0.00167,0.00856,0.96090,0.00494,0.00856,3,12217,0,1365,0.05644,0.05394,0.95581,94,1,86.105,93,1,3,4335,185610,0,0,0.000,10.057,13.744,0,0.000,15.923,16.008,0,0,1,0,6
PPG,2,20664,828110536,131,170704,191260,191349.188,-89.188,-3.016,0,0,0,0,66.67,66.67,2,1,16,nan,2,2,53,1,1,24,24,0,0,0,828385681,0.04248,-0.01001,0.95752,0.95851,-0.00878,0.00238,-0.00061,0.00912,0.95874,0.00458,0.00912,3,12248,0,1365,0.05644,0.05394,0.95581,94,1,86.105,93,1,3,2658,185610,0,0,0.000,10.057,13.744,0,0.000,15.923,16.008,0,0,1,0,6
PPG,2,20665,828150536,132,170701,191269,191348.391,-79.391,-21.375,0,1,0,0,66.67,66.67,2,1,16,nan,2,2,53,1,1,25,25,0,0,0,828427713,0.04077,-0.00659,0.95972,0.96061,-0.00852,0.00212,-0.00087,0.00882,0.96061,0.00764,0.00916,3,12238,0,1365,0.05644,0.05394,0.95581,94,1,86.105,93,1,3,4325,185610,0,0,0.000,10.057,13.744,0,0.000,15.923,16.008,0,0,1,0,6
PPG,2,20666,828190536,137,170709,191281,191347.719,-66.719,-38.453,0,0,0,0,66.67,66.67,2,1,16,nan,2,2,53,1,1,26,26,0,0,0,828466988,0.04199,-0.00708,0.95874,0.95969,-0.00745,0.00265,0.00099,0.00797,0.95969,0.00317,0.00826,3,12236,0,1365,0.05644,0.05394,0.95581,94,1,86.105,93,1,3,4332,185610,0,0,0.000,10.057,13.744,0,0.000,15.923,16.008,0,0,1,0,6
PPG,2,20667,828230536,129,170731,191324,191347.484,-23.484,-52.344,0,0,0,0,66.67,66.67,2,1,16,nan,2,2,53,1,1,27,27,0,0,0,828506233,0.04004,-0.00854,0.95581,0.95669,-0.00745,0.00238,-0.00061,0.00785,0.96371,0.00702,0.00791,3,12166,0,1365,0.05644,0.05394,0.95581,94,1,86.105,93,1,3,4308,185610,0,0,0.000,10.057,13.744,0,0.000,15.923,16.008,0,0,1,0,6
PPG,2,20668,828270536,152,170718,191289,191346.906,-57.906,-60.797,1,0,1,800,75.00,75.00,2,1,16,nan,2,2,53,1,1,28,28,0,0,0,828545431,0.04321,-0.00635,0.96143,0.96242,-0.00772,0.00158,-0.00114,0.00796,0.96421,0.00821,0.00820,3,12143,0,1365,0.05644,0.05394,0.95581,94,1,86.105,93,1,3,2597,185610,0,0,61.312,10.057,13.744,1,128.688,15.923,16.008,1,1,1,0,7
PPG,2,20669,828310536,517,170728,191302,191346.453,-44.453,-58.078,0,0,0,0,75.00,75.00,2,1,16,nan,4,1,53,1,1,29,29,0,0,0,828587144,0.04443,-0.00732,0.95898,0.96004,-0.00745,0.00185,0.00046,0.00769,0.96004,0.00328,0.00782,3,12120,0,1365,0.06257,0.06881,1.09966,97,1,82.509,166,1,3,4310,185610,0,0,0.000,9.913,13.274,0,0.000,15.817,15.775,0,0,1,0,7
PPG,2,20670,828350536,176,170705,191286,191345.844,-59.844,-51.016,0,0,0,0,75.00,75.00,2,1,16,nan,4,1,53,1,1,30,30,0,0,0,828626642,0.04395,-0.00659,0.95361,0.95465,-0.00772,0.00212,-0.00007,0.00800,0.95871,0.00391,0.00800,3,12176,0,1365,0.06257,0.06881,1.09966,97,1,82.509,166,1,3,4297,185610,0,0,0.000,9.913,13.274,0,0.000,15.817,15.775,0,0,1,0,7
PPG,2,20671,828390536,128,170698,191303,191345.422,-42.422,-42.578,0,0,0,0,75.00,75.00,2,1,16,nan,4,1,53,1,1,31,31,0,0,0,828665644,0.04321,-0.00513,0.95483,0.95583,-0.00798,0.00238,-0.00061,0.00835,0.96227,0.00804,0.00835,3,12126,0,1365,0.06257,0.06881,1.09966,97,1,82.509,166,1,3,2607,185610,0,0,0.000,9.913,13.274,0,0.000,15.817,15.775,0,0,1,0,7
PPG,2,20672,828430536,128,170694,191314,191345.109,-31.109,-33.844,0,0,0,0,75.00,75.00,2,1,16,nan,4,1,53,1,1,0,0,0,0,0,828707245,0.04248,-0.00562,0.96191,0.96287,-0.00798,0.00238,-0.00167,0.00850,0.96287,0.00780,0.00850,3,12165,0,1365,0.06257,0.06881,1.09966,97,1,82.509,166,1,3,4297,185610,0,0,0.000,9.913,13.274,0,0.000,15.817,15.775,0,0,1,0,7
PPG,2,20673,828470536,129,170717,191355,191345.203,9.797,-22.734,0,0,0,0,75.00,75.00,2,1,16,nan,4,1,53,1,1,1,1,0,0,0,828746211,0.03979,-0.00317,0.95850,0.95933,-0.00878,0.00158,-0.00034,0.00893,0.95960,0.00677,0.00950,3,12135,0,1365,0.06257,0.06881,1.09966,97,1,82.509,166,1,3,4306,185610,0,0,0.000,9.913,13.274,0,0.000,15.817,15.775,0,0,1,0,7
PPG,2,20674,828510536,127,170721,191343,191345.188,-2.188,-17.609,0,0,0,0,75.00,75.00,2,1,16,nan,4,1,53,1,1,2,2,0,0,0,828785154,0.04272,-0.00684,0.95874,0.95972,-0.00825,0.00265,0.00019,0.00867,0.96696,0.01396,0.00962,3,12125,0,1365,0.06257,0.06881,1.09966,97,1,82.509,166,1,3,2600,185610,0,0,0.000,9.913,13.274,0,0.000,15.817,15.775,0,0,1,0,7
PPG,2,20675,828550536,131,170748,191389,191345.625,43.375,-3.281,0,0,0,0,75.00,75.00,2,1,16,nan,4,1,53,1,1,3,3,0,0,0,828826965,0.04199,-0.00513,0.95728,0.95821,-0.00692,0.00212,-0.00034,0.00724,0.96096,0.00456,0.00782,3,12113,0,1365,0.06257,0.06881,1.09966,97,1,82.509,166,1,3,4299,185610,0,0,0.000,9.913,13.274,0,0.000,15.817,15.775,0,0,1,0,7
PPG,2,20676,828590536,129,170758,191369,191345.859,23.141,7.906,0,0,0,0,75.00,75.00,2,1,16,nan,4,1,53,1,1,4,4,0,0,0,828865897,0.03687,-0.00610,0.95630,0.95703,-0.00718,0.00292,-0.00007,0.00775,0.96467,0.00646,0.00815,3,12115,0,1365,0.06257,0.06881,1.09966,97,1,82.509,166,1,3,2595,185610,0,0,0.000,9.913,13.274,0,0.000,15.817,15.775,0,0,1,0,7
PPG,2,20677,828630536,130,170711,191331,191345.703,-14.703,16.969,0,0,0,0,75.00,75.00,2,1,16,nan,4,1,53,1,1,5,5,0,0,0,828907517,0.04297,-0.00488,0.95264,0.95362,-0.00772,0.00158,-0.00141,0.00800,0.96315,0.01017,0.00800,3,12190,0,1365,0.06257,0.06881,1.09966,97,1,82.509,166,1,3,4294,185610,0,0,0.000,9.913,13.274,0,0.000,15.817,15.775,0,0,1,0,7
PPG,2,20678,828670536,129,170716,191343,191345.672,-2.672,26.141,0,0,0,0,75.00,75.00,2,1,16,nan,4,1,53,1,1,6,6,0,0,0,828946472,0.04639,-0.00464,0.95313,0.95426,-0.00745,0.00345,-0.00114,0.00829,0.95832,0.00438,0.00838,3,12118,0,1365,0.06257,0.06881,1.09966,97,1,82.509,166,1,3,4301,185610,0,0,0.000,9.913,13.274,0,0.000,15.817,15.775,0,0,1,0,7
PPG,2,20679,828710536,130,170724,191361,191345.828,15.172,35.406,0,0,0,0,75.00,75.00,2,1,16,nan,4,1,53,1,1,7,7,0,0,0,828985403,0.04150,-0.00806,0.95605,0.95699,-0.00798,0.00212,-0.00087,0.00830,0.95967,0.00541,0.00868,3,12113,0,1365,0.06257,0.06881,1.09966,97,1,82.509,166,1,3,2595,185610,0,0,0.000,9.913,13.274,0,0.000,15.817,15.775,0,0,1,0,7
PPG,2,20680,828750536,129,170727,191349,191345.859,3.141,37.906,0,0,0,0,75.00,75.00,2,1,16,nan,4,1,53,1,1,8,8,0,0,0,829026965,0.04297,-0.00854,0.95801,0.95901,-0.00852,0.00212,0.00019,0.00878,0.95901,0.00509,0.00878,3,12115,0,1365,0.06257,0.06881,1.09966,97,1,82.509,166,1,3,4299,185610,0,0,0.000,9.913,13.274,0,0.000,15.817,15.775,0,0,1,0,7
PPG,2,20681,828790536,130,170732,191362,191346.016,15.984,40.125,0,0,0,0,75.00,75.00,2,1,16,nan,4,1,53,1,1,9,9,0,0,0,829065883,0.04004,-0.00586,0.95825,0.95911,-0.00718,0.00265,-0.00167,0.00784,0.95911,0.00507,0.00866,3,12115,0,1365,0.06257,0.06881,1.09966,97,1,82.509,166,1,3,2595,185610,0,0,0.000,9.913,13.274,0,0.000,15.817,15.775,0,0,1,0,7
PPG,2,20682,828830536,226,170702,191341,191345.969,-4.969,29.953,0,0,0,0,75.00,75.00,2,1,16,nan,4,1,53,1,1,10,10,0,0,0,829114320,0.04248,-0.00732,0.96167,0.96264,-0.00772,0.00318,-0.00114,0.00842,0.96264,0.00223,0.00842,3,18998,0,1365,0.06257,0.06881,1.09966,97,1,82.509,166,1,3,14631,185610,0,0,0.000,9.913,13.274,0,0.000,15.817,15.775,0,0,1,0,7
PPG,2,20683,828870536,133,170676,191259,191345.094,-86.094,13.641,0,0,0,0,75.00,75.00,2,1,16,nan,4,1,53,1,1,11,11,0,0,0,829150864,0.04492,-0.00830,0.95850,0.95958,-0.00612,0.00212,-0.00007,0.00647,0.96063,0.00874,0.00779,3,12134,0,1365,0.06257,0.06881,1.09966,97,1,82.509,166,1,3,2585,185610,0,0,0.000,9.913,13.274,0,0.000,15.817,15.775,0,0,1,0,7
PPG,2,20684,828910536,130,170658,191221,191343.859,-122.859,-0.125,0,0,0,0,75.00,75.00,2,1,16,nan,4,1,53,1,1,12,12,0,0,0,829187257,0.04395,-0.00049,0.96118,0.96219,-0.00878,0.00292,-0.00007,0.00925,0.96219,0.00536,0.00925,3,12146,0,1365,0.06257,0.06881,1.09966,97,1,82.509,166,1,3,4295,185610,0,0,0.000,9.913,13.274,0,0.000,15.817,15.775,0,0,1,0,7
PPG,2,20685,828950536,132,170654,191195,191342.375,-147.375,-17.562,0,0,0,0,75.00,75.00,2,1,16,nan,4,1,53,1,1,13,13,0,0,0,829226248,0.03955,-0.00464,0.96167,0.96249,-0.00718,0.00212,-0.00087,0.00754,0.96249,0.00240,0.00904,3,12131,0,1365,0.06257,0.06881,1.09966,97,1,82.509,166,1,3,2605,185610,0,0,0.000,9.913,13.274,0,0.000,15.817,15.775,0,0,1,0,7
PPG,2,20686,828990536,134,170667,191233,191341.281,-108.281,-33.453,0,1,0,0,75.00,75.00,2,1,16,nan,4,1,53,1,1,14,14,0,0,0,829267857,0.04346,-0.00952,0.96167,0.96270,-0.00772,0.00212,0.00019,0.00800,0.96270,0.00838,0.00800,3,12118,0,1365,0.06257,0.06881,1.09966,97,1,82.509,166,1,3,4307,185610,0,0,0.000,9.913,13.274,0,0.000,15.817,15.775,0,0,1,0,7
PPG,2,20687,829030536,131,170674,191263,191340.500,-77.500,-42.688,0,0,0,0,75.00,75.00,2,1,16,nan,4,1,53,1,1,15,15,0,0,0,829306836,0.04321,-0.00879,0.96167,0.96268,-0.00772,0.00265,-0.00034,0.00817,0.96268,0.00498,0.00827,3,12131,0,1365,0.06257,0.06881,1.09966,97,1,82.509,166,1,3,4323,185610,0,0,0.000,9.913,13.274,0,0.000,15.817,15.775,0,0,1,0,7
PPG,2,20688,829070536,131,170671,191275,191339.844,-64.844,-54.422,0,0,0,0,75.00,75.00,2,1,16,nan,4,1,53,1,1,16,16,0,0,0,829345868,0.04272,-0.00610,0.95728,0.95825,-0.00798,0.00185,-0.00114,0.00827,0.95845,0.00634,0.00853,3,12125,0,1365,0.06257,0.06881,1.09966,97,1,82.509,166,1,3,2599,185610,0,0,0.000,9.913,13.274,0,0.000,15.817,15.775,0,0,1,0,7
PPG,2,20689,829110536,153,170660,191264,191339.078,-75.078,-63.516,1,0,1,840,71.43,71.43,2,1,16,nan,4,1,53,1,1,17,17,0,0,0,829387438,0.04614,-0.00977,0.96069,0.96185,-0.00745,0.00185,0.00019,0.00768,0.96256,0.00277,0.00889,3,12116,0,1365,0.06257,0.06881,1.09966,97,1,82.509,166,1,3,4296,185610,0,0,49.750,9.913,13.274,1,100.922,15.817,15.775,1,1,1,0,8
PPG,2,20690,829150536,127,170657,191242,191338.109,-96.109,-63.734,0,0,0,0,71.43,71.43,2,1,16,nan,4,1,53,1,1,18,18,0,0,0,829426511,0.04272,-0.00610,0.95435,0.95532,-0.00665,0.00132,-0.00034,0.00679,0.95962,0.00287,0.00753,3,12147,0,1365,0.06257,0.06881,1.09966,97,1,82.509,166,1,3,4294,185610,0,0,0.000,9.714,12.627,0,0.000,15.551,15.190,0,0,1,0,8
PPG,2,20691,829190536,135,170647,191234,191337.062,-103.062,-58.438,0,0,0,0,71.43,71.43,2,1,16,nan,4,1,53,1,1,19,19,0,0,0,829465450,0.04565,-0.00757,0.96094,0.96205,-0.00772,0.00238,-0.00061,0.00810,0.96205,0.00372,0.00810,3,12118,0,1365,0.06257,0.06881,1.09966,97,1,82.509,166,1,3,2594,185610,0,0,0.000,9.714,12.627,0,0.000,15.551,15.190,0,0,1,0,8
PPG,2,20692,829230536,132,170651,191240,191336.094,-96.094,-48.312,0,0,0,0,71.43,71.43,2,1,16,nan,4,1,53,1,1,20,20,0,0,0,829507109,0.04004,-0.00562,0.96411,0.96496,-0.00745,0.00105,-0.00034,0.00753,0.96587,0.00854,0.00788,3,12129,0,1365,0.06257,0.06881,1.09966,97,1,82.509,166,1,3,4298,185610,0,0,0.000,9.714,12.627,0,0.000,15.551,15.190,0,0,1,0,8
PPG,2,20693,829270536,178,170634,191248,191335.219,-87.219,-40.812,0,0,0,0,71.43,71.43,2,1,16,nan,4,1,53,1,1,21,21,0,0,0,829546135,0.04272,-0.00122,0.95020,0.95116,-0.00825,0.00238,0.00153,0.00872,0.96652,0.00837,0.00872,3,12131,0,1365,0.06257,0.06881,1.09966,97,1,82.509,166,1,3,2606,185610,0,0,0.000,9.387,13.376,0,0.000,15.551,15.190,0,0,1,0,8
PPG,2,20694,829310536,525,170643,191232,191334.188,-102.188,-39.688,0,0,0,0,71.43,71.43,2,1,16,nan,2,2,53,1,1,22,22,0,0,0,829587816,0.03833,-0.00610,0.95459,0.95538,-0.00798,0.00318,-0.00114,0.00867,0.95654,0.00477,0.00871,3,12117,0,1365,0.04991,0.05777,1.15748,97,1,81.063,150,1,3,4309,185610,0,0,0.000,9.387,13.376,0,0.000,15.551,15.190,0,0,1,0,8
PPG,2,20695,829350536,204,170668,191253,191333.375,-80.375,-36.031,0,0,0,0,71.43,71.43,2,1,16,nan,2,2,53,1,1,23,23,0,0,0,829627534,0.04175,-0.00537,0.95825,0.95918,-0.00718,0.00185,-0.00087,0.00747,0.96103,0.00812,0.00809,3,12290,0,1365,0.04991,0.05777,1.15748,97,1,81.063,150,1,3,4297,185610,0,0,0.000,9.387,13.376,0,0.000,15.551,15.190,0,0,1,0,8
PPG,2,20696,829390536,129,170671,191292,191332.969,-40.969,-28.188,0,0,0,0,71.43,71.43,2,1,16,nan,2,2,53,1,1,24,24,0,0,0,829666711,0.04150,-0.00562,0.96094,0.96185,-0.00772,0.00105,-0.00114,0.00787,0.96266,0.00411,0.00787,3,12118,0,1365,0.04991,0.05777,1.15748,97,1,81.063,150,1,3,4298,185610,0,0,0.000,9.387,13.376,0,0.000,15.551,15.190,0,0,1,0,8
PPG,2,20697,829430536,131,170667,191283,191332.469,-49.469,-19.922,0,0,0,0,71.43,71.43,2,1,16,nan,2,2,53,1,1,25,25,0,0,0,829705711,0.04419,-0.00342,0.95874,0.95976,-0.00798,0.00238,-0.00061,0.00835,0.95999,0.00297,0.00895,3,12117,0,1365,0.04991,0.05777,1.15748,97,1,81.063,150,1,3,2607,185610,0,0,0.000,9.387,13.376,0,0.000,15.551,15.190,0,0,1,0,8
PPG,2,20698,829470536,129,170652,191284,191331.984,-47.984,-9.828,0,0,0,0,71.43,71.43,2,1,16,nan,2,2,53,1,1,26,26,0,0,0,829747321,0.04370,-0.00391,0.95435,0.95535,-0.00878,0.00265,-0.00034,0.00918,0.96271,0.00735,0.00918,3,12125,0,1365,0.04991,0.05777,1.15748,97,1,81.063,150,1,3,4367,185610,0,0,0.000,9.387,13.376,0,0.000,15.551,15.190,0,0,1,0,8
PPG,2,20699,829510536,134,170667,191297,191331.641,-34.641,1.516,0,0,0,0,71.43,71.43,2,1,16,nan,2,2,53,1,1,27,27,0,0,0,829786516,0.04150,-0.00903,0.96216,0.96310,-0.00825,0.00185,-0.00061,0.00848,0.96310,0.00503,0.00848,3,12265,0,1365,0.04991,0.05777,1.15748,97,1,81.063,150,1,3,2599,185610,0,0,0.000,9.387,13.376,0,0.000,15.551,15.190,0,0,1,0,8
PPG,2,20700,829550536,136,170675,191320,191331.531,-11.531,13.234,0,0,0,0,71.43,71.43,2,1,16,nan,2,2,53,1,1,28,28,0,0,0,829828352,0.03955,-0.00659,0.95728,0.95811,-0.00745,0.00265,0.00019,0.00791,0.96082,0.00442,0.00850,3,12303,0,1365,0.04991,0.05777,1.15748,97,1,81.063,150,1,3,4326,185610,0,0,0.000,9.387,13.376,0,0.000,15.551,15.190,0,0,1,0,8
PPG,2,20701,829590536,181,170675,191313,191331.344,-18.344,27.266,0,0,0,0,71.43,71.43,2,1,16,nan,2,2,53,1,1,29,29,0,0,0,829867694,0.04395,-0.00806,0.95630,0.95734,-0.00612,0.00212,-0.00061,0.00650,0.96586,0.01131,0.00732,3,12255,0,1365,0.04991,0.05777,1.15748,97,1,81.063,150,1,3,4341,185610,0,0,0.000,9.387,13.376,0,0.000,15.551,15.190,0,0,1,0,8
PPG,2,20702,829630536,132,170672,191331,191331.344,-0.344,38.906,0,0,0,0,71.43,71.43,2,1,16,nan,2,2,53,1,1,30,30,0,0,0,829907088,0.04370,-0.00488,0.95776,0.95877,-0.00745,0.00185,-0.00061,0.00770,0.96174,0.00440,0.00783,3,12214,0,1365,0.04991,0.05777,1.15748,97,1,81.063,150,1,3,4331,185610,0,0,0.000,9.387,13.376,0,0.000,15.551,15.190,0,0,1,0,8
PPG,2,20703,829670536,144,170676,191327,191331.297,-4.297,40.516,0,0,0,0,71.43,71.43,2,1,16,nan,2,2,53,1,1,31,31,0,0,0,829946451,0.04370,-0.00488,0.96167,0.96267,-0.00745,0.00318,-0.00061,0.00812,0.96267,0.00386,0.00812,3,12257,0,1365,0.04991,0.05777,1.15748,97,1,81.063,150,1,3,2635,185610,0,0,0.000,9.387,13.376,0,0.000,15.551,15.190,0,0,1,0,8
PPG,2,20704,829710536,228,170645,191263,191330.609,-67.609,35.547,0,0,0,0,71.43,71.43,2,1,16,nan,2,2,53,1,1,0,0,0,0,0,829988427,0.04370,-0.00513,0.95630,0.95731,-0.00745,0.00158,-0.00114,0.00770,0.96436,0.00705,0.00816,3,12251,0,1365,0.04991,0.05777,1.15748,97,1,81.063,150,1,3,4314,185610,0,0,0.000,9.387,13.376,0,0.000,15.551,15.190,0,0,1,0,8
PPG,2,20705,829750536,136,170616,191188,191329.188,-141.188,22.188,0,0,0,0,71.43,71.43,2,1,16,nan,2,2,53,1,1,1,1,0,0,0,830027856,0.04639,-0.00659,0.95947,0.96062,-0.00718,0.00185,-0.00087,0.00747,0.96249,0.00815,0.00747,3,12291,0,1365,0.04991,0.05777,1.15748,97,1,81.063,150,1,3,4368,185610,0,0,0.000,9.387,13.376,0,0.000,15.551,15.190,0,0,1,0,8
PPG,2,20706,829790536,143,170609,191160,191327.500,-167.500,6.266,0,0,0,0,71.43,71.43,2,1,16,nan,2,2,53,1,1,2,2,0,0,0,830067233,0.04175,-0.00513,0.95630,0.95722,-0.00718,0.00185,-0.00034,0.00743,0.96098,0.00344,0.00747,3,12228,0,1365,0.04991,0.05777,1.15748,97,1,81.063,150,1,3,4314,185610,0,0,0.000,9.387,13.376,0,0.000,15.551,15.190,0,0,1,0,8
PPG,2,20707,829830536,154,170594,191166,191325.891,-159.891,-10.875,0,0,0,0,71.43,71.43,2,1,16,nan,2,2,53,1,1,3,3,0,0,0,830116135,0.04590,-0.01099,0.96143,0.96258,-0.00905,0.00265,-0.00167,0.00958,0.96258,0.00602,0.00958,3,21838,0,1366,0.04991,0.05777,1.15748,97,1,81.063,150,1,3,14778,185610,0,0,0.000,9.387,13.376,0,0.000,15.551,15.190,0,0,1,0,8
PPG,2,20708,829870536,130,170586,191163,191324.266,-161.266,-26.719,0,0,0,0,71.43,71.43,2,1,16,nan,2,2,53,1,1,4,4,0,0,0,830152954,0.04102,-0.00928,0.96338,0.96430,-0.00718,0.00158,-0.00087,0.00741,0.96430,0.00682,0.00893,3,12236,0,1366,0.04991,0.05777,1.15748,97,1,81.063,150,1,3,2604,185610,0,0,0.000,9.387,13.376,0,0.000,15.551,15.190,0,0,1,0,8
PPG,2,20709,829910536,135,170602,191187,191322.891,-135.891,-43.438,0,0,0,0,71.43,71.43,2,1,16,nan,2,2,53,1,1,5,5,0,0,0,830189575,0.03931,-0.00562,0.95532,0.95615,-0.00798,0.00185,-0.00061,0.00822,0.96173,0.00955,0.00894,3,12242,0,1366,0.04991,0.05777,1.15748,97,1,81.063,150,1,3,2615,185610,0,0,0.000,9.387,13.376,0,0.000,15.551,15.190,0,0,1,0,8
PPG,2,20710,829950536,135,170618,191195,191321.609,-126.609,-59.938,0,0,0,0,71.43,71.43,2,1,16,nan,2,2,53,1,1,6,6,0,0,0,830226232,0.04517,-0.01123,0.95386,0.95499,-0.00772,0.00265,-0.00141,0.00828,0.95499,0.00362,0.00845,3,12226,0,1366,0.04991,0.05777,1.15748,97,1,81.063,150,1,3,2638,185610,0,0,0.000,9.387,13.376,0,0.000,15.551,15.190,0,0,1,0,8
PPG,2,20711,829990536,154,170599,191158,191319.969,-161.969,-71.141,1,0,1,880,71.43,71.43,0,0,0,nan,2,2,53,1,1,7,7,0,0,0,830268247,0.04321,-0.00708,0.95386,0.95486,-0.00852,0.00292,-0.00034,0.00901,0.96573,0.01087,0.00901,3,12254,0,1366,0.04991,0.05777,1.15748,97,1,81.063,150,1,3,4328,185610,0,0,40.828,9.387,13.376,1,104.250,15.551,15.190,1,1,2,0,8
PPG,2,20712,830030536,128,170586,191133,191318.094,-185.094,-73.656,0,0,0,0,71.43,71.43,0,0,0,nan,2,2,53,1,1,8,8,0,0,0,830307576,0.03809,-0.00781,0.95850,0.95928,-0.00825,0.00212,-0.00007,0.00852,0.96100,0.00745,0.00873,3,12236,0,1366,0.04991,0.05777,1.15748,97,1,81.063,150,1,3,4329,185610,0,0,0.000,9.158,12.584,0,0.000,15.339,14.724,0,0,2,0,8
PPG,2,20713,830070536,136,170574,191143,191316.344,-173.344,-70.828,0,0,0,0,71.43,71.43,0,0,0,nan,2,2,53,1,1,9,9,0,0,0,830346852,0.04370,-0.00610,0.95190,0.95293,-0.00825,0.00185,-0.00114,0.00853,0.96515,0.01222,0.00882,3,12246,0,1366,0.04991,0.05777,1.15748,97,1,81.063,150,1,3,4339,185610,0,0,0.000,9.158,12.584,0,0.000,15.339,14.724,0,0,2,0,8
PPG,2,20714,830110536,131,170587,191162,191314.797,-152.797,-67.906,0,0,0,0,71.43,71.43,0,0,0,nan,2,2,53,1,1,10,10,0,0,0,830386087,0.04346,-0.00391,0.95166,0.95266,-0.00772,0.00185,-0.00087,0.00798,0.95605,0.00369,0.00820,3,12227,0,1366,0.04991,0.05777,1.15748,97,1,81.063,150,1,3,2624,185610,0,0,0.000,9.158,12.584,0,0.000,15.339,14.724,0,0,2,0,8
PPG,2,20715,830150536,131,170613,191201,191313.656,-112.656,-59.875,0,0,0,0,71.43,71.43,0,0,0,nan,2,2,53,1,1,11,11,0,0,0,830427954,0.04175,-0.00708,0.96069,0.96163,-0.00798,0.00052,-0.00034,0.00801,0.96163,0.00431,0.00801,3,12239,0,1366,0.04991,0.05777,1.15748,97,1,81.063,150,1,3,4339,185610,0,0,0.000,9.158,12.584,0,0.000,15.339,14.724,0,0,2,0,8
PPG,2,20716,830190536,130,170619,191216,191312.688,-96.688,-51.922,0,0,0,0,71.43,71.43,0,0,0,nan,2,2,53,1,1,12,12,0,0,0,830467117,0.04224,-0.00415,0.95923,0.96017,-0.00798,0.00238,0.00046,0.00834,0.96017,0.00784,0.00869,3,12267,0,1366,0.04991,0.05777,1.15748,97,1,81.063,150,1,3,4333,185610,0,0,0.000,9.158,12.584,0,0.000,15.339,14.724,0,0,2,0,8
PPG,2,20717,830230536,133,170604,191206,191311.625,-105.625,-46.516,0,0,0,0,71.43,71.43,0,0,0,nan,2,2,53,1,1,13,13,0,0,0,830506208,0.04077,-0.00488,0.95288,0.95377,-0.00692,0.00238,-0.00034,0.00732,0.96252,0.00628,0.00821,3,12151,0,1366,0.04991,0.05777,1.15748,97,1,81.063,150,1,3,2605,185610,0,0,0.000,9.158,12.584,0,0.000,15.339,14.724,0,0,2,0,8
PPG,2,20718,830270536,130,170608,191233,191310.844,-77.844,-33.234,0,0,0,0,71.43,71.43,0,0,0,nan,2,2,53,1,1,14,14,0,0,0,830547791,0.04468,-0.00537,0.95605,0.95711,-0.00985,0.00105,-0.00034,0.00991,0.96135,0.00699,0.00991,3,12145,0,1366,0.04991,0.05777,1.15748,97,1,81.063,150,1,3,4338,185610,0,0,0.000,9.158,12.584,0,0.000,15.339,14.724,0,0,2,0,8
PPG,2,20719,830310536,531,170628,191240,191310.141,-70.141,-15.109,0,0,0,0,71.43,71.43,0,0,0,nan,2,2,53,1,1,15,15,0,0,0,830586768,0.04126,-0.00781,0.94995,0.95088,-0.00852,0.00238,0.00126,0.00893,0.96409,0.01321,0.00893,3,12117,0,1366,0.03940,0.04387,1.11331,98,1,82.167,125,1,3,2599,185610,0,0,0.000,9.158,12.584,0,0.000,15.339,14.724,0,0,2,0,8
PPG,2,20720,830350536,178,170616,191242,191309.453,-67.453,2.938,0,0,0,0,71.43,71.43,0,0,0,nan,2,2,53,1,1,16,16,0,0,0,830628759,0.04346,-0.00366,0.95996,0.96095,-0.00692,0.00238,-0.00061,0.00734,0.96258,0.01170,0.00810,3,12115,0,1366,0.03940,0.04387,1.11331,98,1,82.167,125,1,3,4294,185610,0,0,0.000,9.158,12.584,0,0.000,15.339,14.724,0,0,2,0,8
PPG,2,20721,830390536,133,170596,191247,191308.828,-61.828,18.375,0,0,0,0,71.43,71.43,0,0,0,nan,2,2,53,1,1,17,17,0,0,0,830667864,0.04492,-0.00659,0.96436,0.96542,-0.00745,0.00185,-0.00114,0.00776,0.96542,0.01287,0.00792,3,12135,0,1366,0.03940,0.04387,1.11331,98,1,82.167,125,1,3,4308,185610,0,0,0.000,9.158,12.584,0,0.000,15.339,14.724,0,0,2,0,8
PPG,2,20722,830430536,131,170622,191266,191308.406,-42.406,30.922,0,0,0,0,71.43,71.43,0,0,0,nan,2,2,53,1,1,18,18,0,0,0,830706864,0.04150,-0.00537,0.95728,0.95819,-0.00825,0.00158,-0.00087,0.00845,0.96028,0.00514,0.00845,3,12146,0,1366,0.03940,0.04387,1.11331,98,1,82.167,125,1,3,2598,185610,0,0,0.000,9.158,12.584,0,0.000,15.339,14.724,0,0,2,0,8
PPG,2,20723,830470536,132,170598,191265,191307.969,-42.969,41.016,0,0,0,0,71.43,71.43,0,0,0,nan,2,2,53,1,1,19,19,0,0,0,830748496,0.04419,-0.00757,0.96338,0.96442,-0.00718,0.00052,-0.00087,0.00725,0.96442,0.00767,0.00794,3,12198,0,1366,0.03940,0.04387,1.11331,98,1,82.167,125,1,3,4302,185610,0,0,0.000,9.158,12.584,0,0.000,15.339,14.724,0,0,2,0,8
PPG,2,20724,830510536,179,170580,191214,191307.031,-93.031,44.609,0,0,0,0,71.43,71.43,0,0,0,nan,2,2,53,1,1,20,20,0,0,0,830787437,0.04126,-0.00366,0.96021,0.96110,-0.00878,0.00079,-0.00061,0.00884,0.96464,0.01028,0.00884,3,12121,0,1366,0.03940,0.04387,1.11331,98,1,82.167,125,1,3,4300,185610,0,0,0.000,9.158,12.584,0,0.000,15.339,14.724,0,0,2,0,8
PPG,2,20725,830550536,183,170549,191155,191305.516,-150.516,35.125,0,0,0,0,71.43,71.43,0,0,0,nan,2,2,53,1,1,21,21,0,0,0,830826431,0.04224,-0.00366,0.95508,0.95602,-0.00798,0.00212,-0.00034,0.00827,0.95963,0.00182,0.00827,3,12118,0,1366,0.03940,0.04387,1.11331,98,1,82.167,125,1,3,2594,185610,0,0,0.000,9.158,12.584,0,0.000,15.339,14.724,0,0,2,0,8
PPG,2,20726,830590536,134,170509,191064,191303.094,-239.094,14.781,0,0,0,0,71.43,71.43,0,0,0,nan,2,2,53,1,1,22,22,0,0,0,830868031,0.04785,-0.00488,0.96021,0.96141,-0.00772,0.00345,-0.00034,0.00846,0.96141,0.00619,0.00869,3,12106,0,1366,0.03940,0.04387,1.11331,98,1,82.167,125,1,3,4299,185610,0,0,0.000,9.158,12.584,0,0.000,15.339,14.724,0,0,2,0,8
PPG,2,20727,830630536,131,170505,191019,191300.250,-281.250,-9.734,0,0,0,0,71.43,71.43,0,0,0,nan,2,2,53,1,1,23,23,0,0,0,830906967,0.04565,-0.01172,0.96436,0.96551,-0.00825,0.00158,-0.00061,0.00842,0.96551,0.00623,0.00842,3,12116,0,1366,0.03940,0.04387,1.11331,98,1,82.167,125,1,3,4303,185610,0,0,0.000,9.158,12.584,0,0.000,15.339,14.724,0,0,2,0,8
PPG,2,20728,830670536,130,170510,191034,191297.594,-263.594,-33.719,0,0,0,0,71.43,71.43,0,0,0,nan,2,2,53,1,1,24,24,0,0,0,830945900,0.03979,-0.00488,0.96191,0.96275,-0.00745,0.00345,0.00046,0.00822,0.96275,0.01224,0.00822,3,12118,0,1366,0.03940,0.04387,1.11331,98,1,82.167,125,1,3,2615,185610,0,0,0.000,9.158,12.584,0,0.000,15.339,14.724,0,0,2,0,8
PPG,2,20729,830710536,132,170523,191069,191295.312,-226.312,-55.953,0,0,0,0,71.43,71.43,0,0,0,nan,2,2,53,1,1,25,25,0,0,0,830987930,0.04077,-0.00757,0.95630,0.95720,-0.00718,0.00185,-0.00007,0.00742,0.96080,0.00199,0.00911,3,12147,0,1366,0.03940,0.04387,1.11331,98,1,82.167,125,1,3,4297,185610,0,0,0.000,9.158,12.584,0,0.000,15.339,14.724,0,0,2,0,8
PPG,2,20730,830750536,131,170545,191105,191293.406,-188.406,-74.312,0,0,0,0,71.43,71.43,0,0,0,nan,2,2,53,1,1,26,26,0,0,0,831027009,0.04370,-0.00317,0.95044,0.95145,-0.00772,0.00105,-0.00061,0.00781,0.95553,0.00408,0.00781,3,12106,0,1366,0.03940,0.04387,1.11331,98,1,82.167,125,1,3,4295,185610,0,0,0.000,9.158,12.584,0,0.000,15.339,14.724,0,0,2,0,8
PPG,2,20731,830790536,131,170546,191134,191291.812,-157.812,-84.547,0,0,0,0,71.43,71.43,0,0,0,nan,2,2,53,1,1,27,27,0,0,0,831066076,0.04419,-0.00195,0.95532,0.95635,-0.00825,0.00238,0.00073,0.00862,0.96054,0.00909,0.00862,3,12167,0,1366,0.03940,0.04387,1.11331,98,1,82.167,125,1,3,2599,185610,0,0,44.891,9.158,12.584,1,0.000,15.339,14.724,0,0,2,0,8
PPG,2,20732,830830536,158,170531,191113,191290.031,-177.031,-89.547,1,0,1,820,71.43,71.43,0,0,0,nan,2,2,53,1,1,28,28,0,0,0,831117727,0.04517,-0.00806,0.96143,0.96252,-0.00772,0.00185,0.00073,0.00797,0.96263,0.00350,0.00995,3,22117,0,1367,0.03940,0.04387,1.11331,98,1,82.167,125,1,3,15154,185610,0,0,0.000,9.158,12.584,0,118.266,15.339,14.724,1,1,2,0,8
PPG,2,20733,830870536,135,170528,191111,191288.234,-177.234,-81.219,0,0,0,0,71.43,71.43,0,0,0,nan,2,2,53,1,1,29,29,0,0,0,831142135,0.04419,-0.00439,0.95898,0.96001,-0.00825,0.00212,-0.00061,0.00854,0.96001,0.00577,0.00854,2,12193,0,1367,0.03940,0.04387,1.11331,98,1,82.167,125,1,3,2643,185610,0,0,0.000,8.982,11.979,0,0.000,15.241,14.508,0,0,2,0,8
PPG,2,20734,830910536,132,170537,191092,191286.266,-194.266,-67.297,0,0,0,0,71.43,71.43,0,0,0,nan,2,2,53,1,1,30,30,0,0,0,831186863,0.04614,-0.00659,0.95508,0.95621,-0.00718,0.00132,-0.00034,0.00731,0.96116,0.00299,0.00871,3,12250,0,1368,0.03940,0.04387,1.11331,98,1,82.167,125,1,3,2627,185610,0,0,0.000,8.982,11.979,0,0.000,15.241,14.508,0,0,2,0,8
PPG,2,20735,830950536,133,170534,191133,191284.734,-151.734,-49.766,0,0,0,0,71.43,71.43,0,0,0,nan,2,2,53,1,1,31,31,0,0,0,831228808,0.04712,-0.00195,0.95142,0.95258,-0.00772,0.00132,-0.00034,0.00784,0.96329,0.01071,0.00796,3,12256,0,1368,0.03940,0.04387,1.11331,98,1,82.167,125,1,3,4351,185610,0,0,0.000,8.982,11.979,0,0.000,15.241,14.508,0,0,2,0,8
PPG,2,20736,830990536,131,170544,191144,191283.328,-139.328,-35.438,0,0,0,0,71.43,71.43,0,0,0,nan,2,2,53,1,1,0,0,0,0,0,831268247,0.04175,-0.01025,0.95630,0.95726,-0.00772,0.00265,-0.00061,0.00818,0.95948,0.00690,0.00818,3,12321,0,1368,0.03940,0.04387,1.11331,98,1,82.167,125,1,3,4355,185610,0,0,0.000,8.982,11.979,0,0.000,15.241,14.508,0,0,2,0,8
PPG,2,20737,831030536,141,170535,191156,191282.062,-126.062,-25.656,0,0,0,0,71.43,71.43,0,0,0,nan,2,2,53,1,1,1,1,0,0,0,831307711,0.04126,-0.00586,0.96094,0.96184,-0.00798,0.00238,-0.00114,0.00841,0.96716,0.00989,0.00882,3,12270,0,1368,0.03940,0.04387,1.11331,98,1,82.167,125,1,3,4334,185610,0,0,0.000,8.982,11.979,0,0.000,15.241,14.508,0,0,2,0,8
PPG,2,20738,831070536,129,170558,191169,191280.938,-111.938,-17.453,0,0,0,0,71.43,71.43,0,0,0,nan,2,2,53,1,1,2,2,0,0,0,831347136,0.04199,-0.00537,0.95752,0.95846,-0.00825,0.00158,-0.00007,0.00840,0.96047,0.00485,0.00853,3,12265,0,1368,0.03940,0.04387,1.11331,98,1,82.167,125,1,3,4343,185610,0,0,0.000,8.982,11.979,0,0.000,15.241,14.508,0,0,2,0,8
PPG,2,20739,831110536,133,170565,191195,191280.078,-85.078,-3.484,0,0,0,0,71.43,71.43,0,0,0,nan,2,2,53,1,1,3,3,0,0,0,831386582,0.04053,-0.00439,0.95361,0.95448,-0.00772,0.00238,-0.00034,0.00808,0.96102,0.00611,0.00874,3,12269,0,1368,0.03940,0.04387,1.11331,98,1,82.167,125,1,3,2633,185610,0,0,0.000,8.982,11.979,0,0.000,15.241,14.508,0,0,2,0,8
PPG,2,20740,831150536,133,170572,191208,191279.359,-71.359,12.062,0,0,0,0,71.43,71.43,0,0,0,nan,2,2,53,1,1,4,4,0,0,0,831428492,0.04126,-0.00757,0.95874,0.95966,-0.00852,0.00238,-0.00007,0.00884,0.95966,0.00548,0.00884,3,12247,0,1368,0.03940,0.04387,1.11331,98,1,82.167,125,1,3,4335,185610,0,0,0.000,8.982,11.979,0,0.000,15.241,14.508,0,0,2,0,8
PPG,2,20741,831190536,138,170565,191205,191278.609,-73.609,30.312,0,0,0,0,71.43,71.43,0,0,0,nan,2,2,53,1,1,5,5,0,0,0,831467896,0.04370,-0.00513,0.95898,0.95999,-0.00772,0.00238,-0.00087,0.00812,0.95999,0.00392,0.00812,3,12304,0,1368,0.03940,0.04387,1.11331,98,1,82.167,125,1,3,4335,185610,0,0,0.000,8.982,11.979,0,0.000,15.241,14.508,0,0,2,0,8
PPG,2,20742,831230536,130,170566,191215,191277.969,-62.969,44.578,0,0,0,0,71.43,71.43,0,0,0,nan,2,2,53,1,1,6,6,0,0,0,831507196,0.04468,-0.00537,0.95654,0.95760,-0.00718,0.00345,-0.00061,0.00799,0.95923,0.00270,0.00863,3,12245,0,1368,0.03940,0.04387,1.11331,98,1,82.167,125,1,3,4338,185610,0,0,0.000,8.982,11.979,0,0.000,15.241,14.508,0,0,2,0,8
PPG,2,20743,831270536,141,170586,191249,191277.672,-28.672,60.375,0,0,0,0,71.43,71.43,0,0,0,nan,2,2,53,1,1,7,7,0,0,0,831546453,0.04077,-0.00391,0.95605,0.95693,-0.00718,0.00265,-0.00007,0.00766,0.95807,0.00104,0.00893,3,12219,0,1368,0.03940,0.04387,1.11331,98,1,82.167,125,1,3,2635,185610,0,0,0.000,8.982,11.979,0,0.000,15.241,14.508,0,0,2,0,8
PPG,2,20744,831310536,513,170586,191278,191277.672,0.328,74.594,0,0,0,0,71.43,71.43,0,0,0,nan,2,2,53,1,1,8,8,0,0,0,831588388,0.04419,-0.00562,0.95605,0.95709,-0.00665,0.00292,-0.00061,0.00729,0.96286,0.00576,0.00842,3,12258,0,1368,0.04658,0.04555,0.97790,98,1,85.552,187,1,3,4336,185610,0,0,0.000,8.982,11.979,0,0.000,15.241,14.508,0,0,2,0,8
PPG,2,20745,831350536,191,170615,191285,191277.750,7.250,84.672,0,0,0,0,71.43,71.43,0,0,0,nan,2,2,53,1,1,9,9,0,0,0,831628063,0.04150,-0.00757,0.96045,0.96138,-0.00852,0.00158,-0.00087,0.00871,0.96138,0.00398,0.00871,3,12235,0,1368,0.04658,0.04555,0.97790,98,1,85.552,187,1,3,4345,185610,0,0,0.000,8.982,11.979,0,0.000,15.241,14.508,0,0,2,0,8
PPG,2,20746,831390536,223,170578,191248,191277.453,-29.453,83.047,0,0,0,0,71.43,71.43,0,0,0,nan,2,2,53,1,1,10,10,0,0,0,831667441,0.04736,-0.00854,0.96143,0.96263,-0.00772,0.00185,-0.00007,0.00794,0.96263,0.00359,0.00794,3,12275,0,1368,0.04658,0.04555,0.97790,98,1,85.552,187,1,3,4345,185610,0,0,0.000,8.982,11.979,0,0.000,15.241,14.508,0,0,2,0,8
PPG,2,20747,831430536,132,170562,191169,191276.375,-107.375,69.984,0,0,0,0,71.43,71.43,0,0,0,nan,2,2,53,1,1,11,11,0,0,0,831706809,0.04248,-0.00659,0.95801,0.95897,-0.00798,0.00158,-0.00194,0.00837,0.95897,0.00438,0.00939,3,12232,0,1368,0.04658,0.04555,0.97790,98,1,85.552,187,1,3,2633,185610,0,0,0.000,8.982,11.979,0,0.000,15.241,14.508,0,0,2,0,8
PPG,2,20748,831470536,130,170541,191128,191274.891,-146.891,54.281,0,0,0,0,71.43,71.43,0,0,0,nan,2,2,53,1,1,12,12,0,0,0,831748701,0.04395,-0.00586,0.95239,0.95342,-0.00931,0.00158,-0.00061,0.00947,0.96448,0.00718,0.00947,3,12213,0,1368,0.04658,0.04555,0.97790,98,1,85.552,187,1,3,4330,185610,0,0,0.000,8.982,11.979,0,0.000,15.241,14.508,0,0,2,0,8
PPG,2,20749,831510536,134,170568,191145,191273.594,-128.594,40.484,0,1,0,0,71.43,71.43,0,0,0,nan,2,2,53,1,1,13,13,0,0,0,831787992,0.04614,-0.01025,0.95630,0.95747,-0.00745,0.00212,-0.00007,0.00775,0.96287,0.00944,0.00846,3,12300,0,1368,0.04658,0.04555,0.97790,98,1,85.552,187,1,3,4350,185610,0,0,0.000,8.982,11.979,0,0.000,15.241,14.508,0,0,2,0,8
PPG,2,20750,831550536,130,170573,191181,191272.672,-91.672,26.953,0,0,0,0,71.43,71.43,0,0,0,nan,2,2,53,1,1,14,14,0,0,0,831827003,0.04346,-0.00586,0.95630,0.95730,-0.00772,0.00238,-0.00007,0.00808,0.96044,0.00473,0.00808,3,12162,0,1368,0.04658,0.04555,0.97790,98,1,85.552,187,1,3,2599,185610,0,0,0.000,8.982,11.979,0,0.000,15.241,14.508,0,0,2,0,8
PPG,2,20751,831590536,131,170587,191223,191272.172,-49.172,14.656,0,0,0,0,71.43,71.43,0,0,0,nan,2,2,53,1,1,15,15,0,0,0,831868555,0.04077,-0.00659,0.95605,0.95695,-0.00825,0.00265,-0.00114,0.00874,0.95768,0.00452,0.00883,3,12147,0,1368,0.04658,0.04555,0.97790,98,1,85.552,187,1,3,4306,185610,0,0,0.000,8.982,11.979,0,0.000,15.241,14.508,0,0,2,0,8
PPG,2,20752,831630536,130,170601,191252,191271.969,-19.969,2.984,0,0,0,0,71.43,71.43,0,0,0,nan,2,2,53,1,1,16,16,0,0,0,831907511,0.04395,-0.00391,0.95703,0.95805,-0.00692,0.00185,0.00019,0.00716,0.96318,0.00623,0.00845,3,12117,0,1368,0.04658,0.04555,0.97790,98,1,85.552,187,1,3,4297,185610,0,0,0.000,8.982,11.979,0,0.000,15.241,14.508,0,0,2,0,8
PPG,2,20753,831670536,154,170608,191235,191271.594,-36.594,-5.078,1,0,1,860,69.77,69.77,0,0,0,nan,2,2,53,1,1,17,17,0,0,0,831946449,0.04248,-0.00659,0.95874,0.95970,-0.00772,0.00105,-0.00034,0.00779,0.95970,0.00536,0.00779,3,12123,0,1368,0.04658,0.04555,0.97790,98,1,85.552,187,1,3,2595,185610,0,0,80.469,8.982,11.979,1,174.219,15.241,14.508,1,1,2,0,8
PPG,2,20754,831710536,131,170596,191230,191271.172,-41.172,-3.266,0,0,0,0,69.77,69.77,0,0,0,nan,2,2,53,1,1,18,18,0,0,0,831988122,0.04419,-0.00562,0.96021,0.96124,-0.00772,0.00052,-0.00087,0.00778,0.96124,0.00787,0.00812,3,12125,0,1368,0.04658,0.04555,0.97790,98,1,85.552,187,1,3,4301,185610,0,0,0.000,9.051,12.216,0,0.000,15.505,15.089,0,0,2,0,8
PPG,2,20755,831750536,132,170612,191235,191270.812,-35.812,6.922,0,0,0,0,69.77,69.77,0,0,0,nan,2,2,53,1,1,19,19,0,0,0,832027031,0.04199,-0.00854,0.95117,0.95214,-0.00798,0.00318,-0.00034,0.00860,0.96120,0.00481,0.00860,3,12107,0,1368,0.04658,0.04555,0.97790,98,1,85.552,187,1,3,2596,185610,0,0,0.000,9.051,12.216,0,0.000,15.505,15.089,0,0,2,0,8
PPG,2,20756,831790536,130,170596,191269,191270.797,-1.797,18.391,0,0,0,0,69.77,69.77,0,0,0,nan,2,2,53,1,1,20,20,0,0,0,832068668,0.03906,-0.00439,0.95923,0.96003,-0.00798,0.00212,-0.00034,0.00827,0.96441,0.00788,0.00838,3,12151,0,1368,0.04658,0.04555,0.97790,98,1,85.552,187,1,3,4301,185610,0,0,0.000,9.051,12.216,0,0.000,15.505,15.089,0,0,2,0,8
PPG,2,20757,831830536,135,170625,191299,191271.078,27.922,28.094,0,0,0,0,69.77,69.77,0,0,0,nan,2,2,53,1,1,21,21,0,0,0,832116963,0.04297,-0.00610,0.95557,0.95655,-0.00718,0.00185,-0.00034,0.00743,0.96070,0.00590,0.00822,3,21434,0,1369,0.04658,0.04555,0.97790,98,1,85.552,187,1,3,14464,185610,0,0,0.000,9.051,12.216,0,0.000,15.505,15.089,0,0,2,0,8
PPG,2,20758,831870536,142,170651,191344,191271.812,72.188,36.625,0,0,0,0,69.77,69.77,0,0,0,nan,2,2,53,1,1,22,22,0,0,0,832183496,0.04224,-0.00366,0.96069,0.96163,-0.00798,0.00158,-0.00061,0.00816,0.96163,0.00508,0.00816,1,66533,0,1374,0.04658,0.04555,0.97790,98,1,85.552,187,1,3,66391,185610,0,0,0.000,9.051,12.216,0,0.000,15.505,15.089,0,0,2,0,8
PPG,2,20759,831910536,131,170648,191373,191272.828,100.172,45.031,0,0,0,0,69.77,69.77,0,0,0,nan,2,2,53,1,1,23,23,0,0,0,832195762,0.04321,-0.00684,0.95581,0.95681,-0.00878,0.00238,-0.00087,0.00914,0.95681,0.00482,0.00914,1,12266,0,1374,0.04658,0.04555,0.97790,98,1,85.552,187,1,3,12277,185610,0,0,0.000,9.051,12.216,0,0.000,15.505,15.089,0,0,2,0,8
PPG,2,20760,831950536,128,170681,191391,191274.016,116.984,58.156,0,0,0,0,69.77,69.77,0,0,0,nan,2,2,53,1,1,24,24,0,0,0,832232180,0.04419,-0.00903,0.95020,0.95127,-0.00718,0.00158,-0.00061,0.00738,0.96042,0.00553,0.00859,3,12121,0,1374,0.04658,0.04555,0.97790,98,1,85.552,187,1,3,2597,185610,0,0,0.000,9.051,12.216,0,0.000,15.505,15.089,0,0,2,0,8
PPG,2,20761,831990536,131,170687,191413,191275.406,137.594,73.906,0,0,0,0,69.77,69.77,0,0,0,nan,2,2,53,1,1,25,25,0,0,0,832268534,0.04321,-0.00488,0.95825,0.95924,-0.00718,0.00158,-0.00087,0.00741,0.96218,0.01092,0.00857,3,12118,0,1374,0.04658,0.04555,0.97790,98,1,85.552,187,1,3,4306,185610,0,0,0.000,9.051,12.216,0,0.000,15.505,15.089,0,0,2,0,8
PPG,2,20762,832030536,130,170688,191421,191276.859,144.141,90.172,0,0,0,0,69.77,69.77,0,0,0,nan,2,2,53,1,1,26,26,0,0,0,832307512,0.04517,-0.00757,0.95972,0.96081,-0.00692,0.00238,-0.00167,0.00750,0.96081,0.00460,0.00821,3,12117,0,1374,0.04658,0.04555,0.97790,98,1,85.552,187,1,3,4297,185610,0,0,0.000,9.051,12.216,0,0.000,15.505,15.089,0,0,2,0,8
PPG,2,20763,832070536,135,170695,191438,191278.469,159.531,104.875,0,0,0,0,69.77,69.77,0,0,0,nan,2,2,53,1,1,27,27,0,0,0,832346448,0.04175,-0.00879,0.96045,0.96140,-0.00798,0.00238,-0.00007,0.00833,0.96140,0.00400,0.00833,3,12119,0,1374,0.04658,0.04555,0.97790,98,1,85.552,187,1,3,2595,185610,0,0,0.000,9.051,12.216,0,0.000,15.505,15.089,0,0,2,0,8
PPG,2,20764,832110536,133,170707,191447,191280.156,166.844,117.562,0,0,0,0,69.77,69.77,0,0,0,nan,2,2,53,1,1,28,28,0,0,0,832388048,0.04077,-0.00366,0.95923,0.96010,-0.00878,0.00212,-0.00087,0.00908,0.96010,0.00479,0.00908,3,12179,0,1374,0.04658,0.04555,0.97790,98,1,85.552,187,1,3,4301,185610,0,0,0.000,9.051,12.216,0,0.000,15.505,15.089,0,0,2,0,8
PPG,2,20765,832150536,133,170707,191467,191282.031,184.969,126.016,0,0,0,0,69.77,69.77,0,0,0,nan,2,2,53,1,1,29,29,0,0,0,832427024,0.04248,-0.00488,0.95654,0.95750,-0.00745,0.00292,-0.00034,0.00801,0.96171,0.00345,0.00801,3,12107,0,1374,0.04658,0.04555,0.97790,98,1,85.552,187,1,3,2595,185610,0,0,0.000,9.051,12.216,0,0.000,15.505,15.089,0,0,2,0,8
PPG,2,20766,832190536,130,170725,191471,191283.922,187.078,128.875,0,0,0,0,69.77,69.77,0,0,0,nan,2,2,53,1,1,30,30,0,0,0,832468568,0.04590,-0.00684,0.96191,0.96303,-0.00692,0.00238,-0.00034,0.00732,0.96303,0.00568,0.00853,3,12120,0,1374,0.04658,0.04555,0.97790,98,1,85.552,187,1,3,4294,185610,0,0,0.000,9.051,12.216,0,0.000,15.505,15.089,0,0,2,0,8
PPG,2,20767,832230536,224,170689,191403,191285.109,117.891,118.891,0,0,0,0,69.77,69.77,0,0,0,nan,2,2,53,1,1,31,31,0,0,0,832507586,0.04663,-0.00317,0.95825,0.95939,-0.00718,0.00185,-0.00061,0.00744,0.95939,0.00587,0.00793,3,12120,0,1374,0.04658,0.04555,0.97790,98,1,85.552,187,1,3,2599,185610,0,0,0.000,9.051,12.216,0,0.000,15.505,15.089,0,0,2,0,8
PPG,2,20768,832270536,130,170654,191332,191285.578,46.422,97.125,0,0,0,0,69.77,69.77,0,0,0,nan,2,2,53,1,1,0,0,0,0,0,832549245,0.04028,-0.00708,0.96118,0.96205,-0.00878,0.00079,-0.00114,0.00889,0.96205,0.00732,0.00889,3,12119,0,1374,0.04658,0.04555,0.97790,98,1,85.552,187,1,3,4298,185610,0,0,0.000,9.051,12.216,0,0.000,15.505,15.089,0,0,2,0,8
PPG,2,20769,832310536,515,170658,191329,191286.016,42.984,74.766,0,0,0,0,69.77,69.77,0,0,0,nan,2,2,53,1,1,1,1,0,0,0,832588217,0.04614,-0.00684,0.95557,0.95670,-0.00745,0.00185,-0.00221,0.00799,0.95935,0.00474,0.00813,3,12160,0,1374,0.04982,0.03598,0.72227,98,1,91.943,150,1,3,4332,185610,0,0,0.000,9.051,12.216,0,0.000,15.505,15.089,0,0,2,0,8
PPG,2,20770,832350536,179,170697,191374,191286.891,87.109,55.984,0,0,0,0,69.77,69.77,0,0,0,nan,2,2,53,1,1,2,2,0,0,0,832627613,0.04565,-0.00562,0.95313,0.95423,-0.00798,0.00158,-0.00007,0.00814,0.95916,0.00401,0.00860,3,12120,0,1374,0.04982,0.03598,0.72227,98,1,91.943,150,1,3,2596,185610,0,0,0.000,9.051,12.216,0,0.000,15.505,15.089,0,0,2,0,8
PPG,2,20771,832390536,132,170720,191400,191288.016,111.984,40.422,0,0,0,0,69.77,69.77,0,0,0,nan,2,2,53,1,1,3,3,0,0,0,832669209,0.04541,-0.00854,0.95532,0.95644,-0.00798,0.00105,-0.00061,0.00807,0.96497,0.01073,0.00836,3,12126,0,1374,0.04982,0.03598,0.72227,98,1,91.943,150,1,3,4296,185610,0,0,0.000,9.051,12.216,0,0.000,15.505,15.089,0,0,2,0,8
PPG,2,20772,832430536,130,170711,191402,191289.156,112.844,23.625,0,0,0,0,69.77,69.77,0,0,0,nan,2,2,53,1,1,4,4,0,0,0,832708214,0.03979,-0.00635,0.95557,0.95642,-0.00878,0.00212,-0.00141,0.00914,0.96089,0.00762,0.00914,3,12127,0,1374,0.04982,0.03598,0.72227,98,1,91.943,150,1,3,4304,185610,0,0,0.000,9.051,12.216,0,0.000,15.505,15.089,0,0,2,0,8
PPG,2,20773,832470536,131,170714,191426,191290.531,135.469,7.656,0,0,0,0,69.77,69.77,0,0,0,nan,2,2,53,1,1,5,5,0,0,0,832747144,0.04419,-0.00708,0.95752,0.95856,-0.00825,0.00132,-0.00141,0.00847,0.95882,0.00240,0.00847,3,12110,0,1374,0.04982,0.03598,0.72227,98,1,91.943,150,1,3,2595,185610,0,0,0.000,9.051,12.216,0,0.000,15.505,15.089,0,0,2,0,8
PPG,2,20774,832510536,152,170718,191414,191291.766,122.234,0.016,1,0,1,840,71.43,71.43,0,0,0,nan,2,2,53,1,1,6,6,0,0,0,832788686,0.04492,-0.00562,0.95801,0.95908,-0.00745,0.00132,-0.00141,0.00769,0.96158,0.00302,0.00769,3,12138,0,1374,0.04982,0.03598,0.72227,98,1,91.943,150,1,3,4343,185610,0,0,57.859,9.051,12.216,1,133.953,15.505,15.089,1,1,2,0,8
PPG,2,20775,832550536,128,170710,191382,191292.672,89.328,-0.172,0,0,0,0,71.43,71.43,0,0,0,nan,2,2,53,1,1,7,7,0,0,0,832827740,0.04150,-0.00659,0.95874,0.95966,-0.00798,0.00238,-0.00034,0.00834,0.95966,0.00502,0.00902,3,12117,0,1374,0.04982,0.03598,0.72227,98,1,91.943,150,1,3,4306,185610,0,0,0.000,8.970,11.936,0,0.000,15.484,15.043,0,0,2,0,8
PPG,2,20776,832590536,130,170731,191413,191293.875,119.125,4.625,0,0,0,0,71.43,71.43,0,0,0,nan,2,2,53,1,1,8,8,0,0,0,832866659,0.04199,-0.00757,0.95435,0.95530,-0.00798,0.00212,-0.00061,0.00828,0.95962,0.00432,0.00936,3,12113,0,1374,0.04982,0.03598,0.72227,98,1,91.943,150,1,3,2595,185610,0,0,0.000,8.970,11.936,0,0.000,15.484,15.043,0,0,2,0,8
PPG,2,20777,832630536,131,170736,191438,191295.312,142.688,6.812,0,0,0,0,71.43,71.43,0,0,0,nan,2,2,53,1,1,9,9,0,0,0,832908232,0.04321,-0.01270,0.95898,0.96004,-0.00825,0.00185,-0.00141,0.00857,0.96020,0.00276,0.00857,3,12147,0,1374,0.04982,0.03598,0.72227,98,1,91.943,150,1,3,4307,185610,0,0,0.000,8.970,11.936,0,0.000,15.484,15.043,0,0,2,0,8
PPG,2,20778,832670536,179,170742,191450,191296.859,153.141,8.656,0,0,0,0,71.43,71.43,0,0,0,nan,2,2,53,1,1,10,10,0,0,0,832947268,0.04492,-0.00342,0.95752,0.95858,-0.00665,0.00158,-0.00061,0.00686,0.96475,0.00471,0.00775,3,12124,0,1374,0.04982,0.03598,0.72227,98,1,91.943,150,1,3,2597,185610,0,0,0.000,9.066,11.731,0,0.000,15.484,15.043,0,0,2,0,8
PPG,2,20779,832710536,130,170715,191442,191298.312,143.688,10.922,0,0,0,0,71.43,71.43,0,0,0,nan,2,2,53,1,1,11,11,0,0,0,832988875,0.04395,-0.00757,0.95801,0.95905,-0.00825,0.00158,-0.00061,0.00842,0.96286,0.00382,0.00842,3,12117,0,1374,0.04982,0.03598,0.72227,98,1,91.943,150,1,3,4301,185610,0,0,0.000,9.066,11.731,0,0.000,15.484,15.043,0,0,2,0,8
PPG,2,20780,832750536,181,170679,191415,191299.484,115.516,8.156,0,0,0,0,71.43,71.43,0,0,0,nan,2,2,53,1,1,12,12,0,0,0,833027917,0.04370,-0.00586,0.95898,0.96000,-0.00772,0.00158,-0.00034,0.00788,0.96127,0.00301,0.00883,3,12131,0,1374,0.04982,0.03598,0.72227,98,1,91.943,150,1,3,4299,185610,0,0,0.000,9.066,11.731,0,0.000,15.674,14.720,0,0,2,0,8
PPG,2,20781,832790536,132,170658,191389,191300.375,88.625,5.766,0,0,0,0,71.43,71.43,0,0,0,nan,2,2,53,1,1,13,13,0,0,0,833066903,0.04443,-0.00732,0.95801,0.95907,-0.00718,0.00212,-0.00114,0.00758,0.96114,0.00668,0.00805,3,12119,0,1374,0.04982,0.03598,0.72227,98,1,91.943,150,1,3,2595,185610,0,0,0.000,9.066,11.731,0,0.000,15.674,14.720,0,0,2,0,8
PPG,2,20782,832830536,196,170642,191367,191301.047,65.953,6.328,0,0,0,0,71.43,71.43,0,0,0,nan,2,2,53,1,1,14,14,0,0,0,833118446,0.04321,-0.00854,0.95313,0.95414,-0.00825,0.00212,-0.00114,0.00859,0.95888,0.00380,0.00859,3,22121,0,1375,0.04982,0.03598,0.72227,98,1,91.943,150,1,3,15113,185610,0,0,0.000,9.066,11.731,0,0.000,15.674,14.720,0,0,2,0,8
PPG,2,20783,832870536,204,170661,191365,191301.688,63.312,3.125,0,0,0,0,71.43,71.43,0,0,0,nan,2,2,53,1,1,15,15,0,0,0,833143123,0.04272,-0.00879,0.96143,0.96241,-0.00852,0.00318,-0.00061,0.00911,0.96241,0.00587,0.00911,2,12177,0,1375,0.04982,0.03598,0.72227,98,1,91.943,150,1,3,2599,185610,0,0,0.000,9.066,11.731,0,0.000,15.095,15.753,0,0,2,0,8
PPG,2,20784,832910536,135,170673,191380,191302.469,77.531,-1.812,0,0,0,0,71.43,71.43,0,0,0,nan,2,2,53,1,1,16,16,0,0,0,833187467,0.04102,-0.00781,0.95996,0.96087,-0.00718,0.00265,-0.00141,0.00778,0.96112,0.00200,0.00849,3,12109,0,1376,0.04982,0.03598,0.72227,98,1,91.943,150,1,3,2599,185610,0,0,0.000,9.066,11.731,0,0.000,15.095,15.753,0,0,2,0,8
PPG,2,20785,832950536,130,170718,191434,191303.781,130.219,-2.438,0,0,0,0,71.43,71.43,0,0,0,nan,2,2,53,1,1,17,17,0,0,0,833229122,0.04614,-0.00342,0.96118,0.96229,-0.00665,0.00185,-0.00114,0.00700,0.96229,0.00867,0.00802,3,12119,0,1376,0.04982,0.03598,0.72227,98,1,91.943,150,1,3,4342,185610,0,0,0.000,9.066,11.731,0,0.000,15.095,15.753,0,0,2,0,8
PPG,2,20786,832990536,130,170743,191457,191305.312,151.688,0.406,0,0,0,0,71.43,71.43,0,0,0,nan,2,2,53,1,1,18,18,0,0,0,833268278,0.04102,-0.00415,0.95923,0.96011,-0.00665,0.00265,-0.00061,0.00718,0.96405,0.00393,0.00718,3,12143,0,1376,0.04982,0.03598,0.72227,98,1,91.943,150,1,3,4398,185610,0,0,0.000,9.066,11.731,0,0.000,15.095,15.753,0,0,2,0,8
PPG,2,20787,833030536,225,170748,191444,191306.703,137.297,2.484,0,0,0,0,71.43,71.43,0,0,0,nan,2,2,53,1,1,19,19,0,0,0,833307437,0.04736,-0.00342,0.95898,0.96016,-0.00239,0.00532,-0.00221,0.00623,0.96569,0.00558,0.00629,3,12131,0,1376,0.04982,0.03598,0.72227,98,1,91.943,150,1,3,2621,185610,0,0,0.000,9.066,11.731,0,0.000,15.095,15.753,0,0,2,0,8
PPG,2,20788,833070536,180,170693,191371,191307.344,63.656,-2.016,0,0,0,0,71.43,71.43,0,0,0,nan,2,2,53,1,1,20,20,0,0,0,833349625,0.04370,-0.00464,0.95190,0.95292,-0.00105,0.00718,-0.00114,0.00735,0.95963,0.00387,0.00794,3,12242,0,1376,0.04982,0.03598,0.72227,98,1,91.943,150,1,3,4345,185610,0,0,0.000,9.066,11.731,0,0.000,14.738,16.467,0,0,2,0,8
PPG,2,20789,833110536,140,170657,191273,191307.000,-34.000,-12.656,0,0,0,0,71.43,71.43,0,0,0,nan,2,2,53,1,1,21,21,0,0,0,833389049,0.03760,0.00000,0.95264,0.95338,-0.00079,0.00905,0.00046,0.00909,0.96566,0.01228,0.00909,3,12260,0,1376,0.04982,0.03598,0.72227,98,1,91.943,150,1,3,4348,185610,0,0,0.000,9.066,11.731,0,0.000,14.738,16.467,0,0,2,0,8
PPG,2,20790,833150536,131,170649,191226,191306.188,-80.188,-25.125,0,0,0,0,71.43,71.43,0,0,0,nan,2,2,53,1,1,22,22,0,0,0,833428305,0.03979,0.00146,0.95215,0.95298,-0.00638,0.00372,-0.00114,0.00747,0.96787,0.01489,0.00805,3,12225,0,1376,0.04982,0.03598,0.72227,98,1,91.943,150,1,3,4348,185610,0,0,0.000,9.066,11.731,0,0.000,14.738,16.467,0,0,2,0,8
PPG,2,20791,833190536,139,170690,191263,191305.750,-42.750,-34.969,0,0,0,0,71.43,71.43,0,0,0,nan,2,2,53,1,1,23,23,0,0,0,833467751,0.04492,-0.01099,0.95801,0.95912,-0.00692,0.00212,-0.00061,0.00726,0.96081,0.00783,0.00775,3,12240,0,1376,0.04982,0.03598,0.72227,98,1,91.943,150,1,3,2635,185610,0,0,0.000,9.066,11.731,0,0.000,14.738,16.467,0,0,2,0,8
PPG,2,20792,833230536,129,170744,191350,191306.188,43.812,-44.375,0,0,0,0,71.43,71.43,0,0,0,nan,2,2,53,1,1,24,24,0,0,0,833509715,0.04077,-0.00317,0.96265,0.96351,-0.00745,0.00212,-0.00061,0.00777,0.96351,0.00338,0.00808,3,12286,0,1376,0.04982,0.03598,0.72227,98,1,91.943,150,1,3,4344,185610,0,0,0.000,9.066,11.731,0,0.000,14.738,16.467,0,0,2,0,8
PPG,2,20793,833270536,132,170783,191383,191306.953,76.047,-52.797,0,0,0,0,71.43,71.43,0,0,0,nan,2,2,53,1,1,25,25,0,0,0,833549108,0.04126,-0.00854,0.95850,0.95942,-0.00798,0.00185,-0.00167,0.00836,0.96073,0.00380,0.00836,3,12263,0,1376,0.04982,0.03598,0.72227,98,1,91.943,150,1,3,4338,185610,0,0,0.000,9.066,11.731,0,0.000,14.738,16.467,0,0,2,0,8
PPG,2,20794,833310536,526,170776,191384,191307.719,76.281,-59.875,0,0,0,0,71.43,71.43,0,0,0,nan,2,2,53,1,1,26,26,0,0,0,833588341,0.04004,-0.00464,0.95801,0.95886,-0.00798,0.00105,-0.00114,0.00813,0.96389,0.00621,0.00813,3,12233,0,1376,0.05908,0.03917,0.66299,98,1,93.425,150,1,3,4347,185610,0,0,0.000,9.066,11.731,0,0.000,14.738,16.467,0,0,2,0,8
PPG,2,20795,833350536,191,170768,191384,191308.484,75.516,-58.125,0,0,0,0,71.43,71.43,0,0,0,nan,2,2,53,1,1,27,27,0,0,0,833628166,0.03833,-0.00269,0.96118,0.96195,-0.00772,0.00345,-0.00141,0.00857,0.96195,0.00658,0.00857,3,12260,0,1376,0.05908,0.03917,0.66299,98,1,93.425,150,1,3,4328,185610,0,0,0.000,9.066,11.731,0,0.000,14.738,16.467,0,0,2,0,8
PPG,2,20796,833390536,130,170765,191380,191309.203,70.797,-41.172,0,0,0,0,71.43,71.43,0,0,0,nan,2,2,53,1,1,28,28,0,0,0,833667492,0.04053,-0.00537,0.95483,0.95571,-0.00745,0.00158,-0.00114,0.00770,0.96008,0.00238,0.00846,3,12205,0,1376,0.05908,0.03917,0.66299,98,1,93.425,150,1,3,2640,185610,0,0,0.000,9.066,11.731,0,0.000,14.738,16.467,0,0,2,0,8
PPG,2,20797,833430536,200,170754,191376,191309.875,66.125,-16.656,0,0,0,0,71.43,71.43,0,0,0,nan,2,2,53,1,1,29,29,0,0,0,833709428,0.03833,-0.00781,0.95410,0.95490,-0.00825,0.00345,-0.00114,0.00901,0.96767,0.01277,0.00911,3,12263,0,1376,0.05908,0.03917,0.66299,98,1,93.425,150,1,3,4371,185610,0,0,0.000,9.066,11.731,0,0.000,14.738,16.467,0,0,2,0,8
PPG,2,20798,833470536,137,170768,191391,191310.688,80.312,4.578,0,0,0,0,71.43,71.43,0,0,0,nan,2,2,53,1,1,30,30,0,0,0,833748929,0.04541,-0.01001,0.95874,0.95987,-0.00772,0.00238,-0.00061,0.00810,0.95987,0.00302,0.00921,3,12232,0,1376,0.05908,0.03917,0.66299,98,1,93.425,150,1,3,4336,185610,0,0,0.000,9.066,11.731,0,0.000,14.738,16.467,0,0,2,0,8
PPG,2,20799,833510536,146,170843,191506,191312.641,193.359,23.672,0,0,0,0,71.43,71.43,0,0,0,nan,2,2,53,1,1,31,31,0,0,0,833788218,0.04370,-0.00830,0.95776,0.95880,-0.00718,0.00132,-0.00087,0.00736,0.95880,0.00535,0.00838,3,12219,0,1376,0.05908,0.03917,0.66299,98,1,93.425,150,1,3,4313,185610,0,0,0.000,9.066,11.731,0,0.000,14.738,16.467,0,0,2,0,8
PPG,2,20800,833550536,129,170853,191533,191314.844,218.156,39.203,0,0,0,0,71.43,71.43,0,0,0,nan,2,2,53,1,1,0,0,0,0,0,833827518,0.04321,-0.00830,0.95752,0.95853,-0.00905,0.00212,-0.00007,0.00929,0.95945,0.00132,0.00929,3,12252,0,1376,0.05908,0.03917,0.66299,98,1,93.425,150,1,3,2625,185610,0,0,0.000,9.066,11.731,0,0.000,14.738,16.467,0,0,2,0,8
PPG,2,20801,833590536,131,170873,191551,191317.203,233.797,54.953,0,0,0,0,71.43,71.43,0,0,0,nan,2,2,53,1,1,1,1,0,0,0,833869410,0.03906,-0.00610,0.95508,0.95590,-0.00825,0.00105,-0.00034,0.00832,0.96061,0.00471,0.00832,3,12237,0,1376,0.05908,0.03917,0.66299,98,1,93.425,150,1,3,4331,185610,0,0,0.000,9.066,11.731,0,0.000,14.738,16.467,0,0,2,0,8
PPG,2,20802,833630536,188,170850,191527,191319.297,207.703,67.375,0,0,0,0,71.43,71.43,0,0,0,nan,2,2,53,1,1,2,2,0,0,0,833908682,0.04321,-0.00635,0.95605,0.95705,-0.00745,0.00185,-0.00114,0.00776,0.95805,0.00190,0.00892,3,12241,0,1376,0.05908,0.03917,0.66299,98,1,93.425,150,1,3,4326,185610,0,0,0.000,9.066,11.731,0,0.000,14.738,16.467,0,0,2,0,8
PPG,2,20803,833670536,130,170879,191612,191322.219,289.781,88.172,0,0,0,0,71.43,71.43,0,0,0,nan,2,2,53,1,1,3,3,0,0,0,833947996,0.04175,-0.00464,0.95483,0.95576,-0.00852,0.00105,-0.00114,0.00866,0.96477,0.01112,0.00866,3,12120,0,1376,0.05908,0.03917,0.66299,98,1,93.425,150,1,3,2602,185610,0,0,0.000,9.066,11.731,0,0.000,14.738,16.467,0,0,2,0,8
PPG,2,20804,833710536,131,170912,191649,191325.484,323.516,113.719,0,1,0,0,71.43,71.43,0,0,0,nan,2,2,53,1,1,4,4,0,0,0,833989792,0.04028,-0.00708,0.96265,0.96351,-0.00772,0.00238,-0.00061,0.00810,0.96351,0.00739,0.00853,3,12116,0,1376,0.05908,0.03917,0.66299,98,1,93.425,150,1,3,4304,185610,0,0,0.000,9.066,11.731,0,0.000,14.738,16.467,0,0,2,0,8
PPG,2,20805,833750536,130,170886,191643,191328.656,314.344,139.266,0,0,0,0,71.43,71.43,0,0,0,nan,2,2,53,1,1,5,5,0,0,0,834028801,0.04199,-0.00366,0.95483,0.95576,-0.00798,0.00265,-0.00087,0.00846,0.95987,0.00880,0.00871,3,12157,0,1376,0.05908,0.03917,0.66299,98,1,93.425,150,1,3,4306,185610,0,0,0.000,9.066,11.731,0,0.000,14.738,16.467,0,0,2,0,8
PPG,2,20806,833790536,129,170898,191654,191331.906,322.094,150.578,0,0,0,0,71.43,71.43,0,0,0,nan,2,2,53,1,1,6,6,0,0,0,834067808,0.04150,-0.00244,0.95093,0.95184,-0.00718,0.00238,-0.00034,0.00758,0.96405,0.01221,0.00852,3,12165,0,1376,0.05908,0.03917,0.66299,98,1,93.425,150,1,3,2614,185610,0,0,0.000,9.066,11.731,0,0.000,14.738,16.467,0,0,2,0,8
PPG,2,20807,833830536,135,170924,191663,191335.219,327.781,158.188,0,0,0,0,71.43,71.43,0,0,0,nan,2,2,53,1,1,7,7,0,0,0,834118696,0.04004,-0.00391,0.95923,0.96007,-0.00772,0.00052,-0.00034,0.00774,0.96060,0.00637,0.00774,3,21418,0,1377,0.05908,0.03917,0.66299,98,1,93.425,150,1,3,14448,185610,0,0,0.000,9.066,11.731,0,0.000,14.738,16.467,0,0,2,0,8
PPG,2,20808,833870536,226,170888,191593,191337.797,255.203,153.094,0,0,0,0,71.43,71.43,0,0,0,nan,2,2,53,1,1,8,8,0,0,0,834143116,0.04297,-0.00513,0.95825,0.95923,-0.00825,0.00158,0.00046,0.00841,0.95923,0.00160,0.00841,2,12178,0,1377,0.05908,0.03917,0.66299,98,1,93.425,150,1,3,2601,185610,0,0,0.000,9.066,11.731,0,0.000,14.738,16.467,0,0,2,0,8
PPG,2,20809,833910536,151,170828,191535,191339.766,195.234,141.125,0,0,0,0,71.43,71.43,0,0,0,nan,2,2,53,1,1,9,9,0,0,0,834187395,0.04688,-0.01123,0.95703,0.95824,-0.00772,0.00079,-0.00087,0.00780,0.95824,0.00223,0.00780,3,12128,0,1377,0.05908,0.03917,0.66299,98,1,93.425,150,1,3,2595,185610,0,0,0.000,9.066,11.731,0,0.000,14.738,16.467,0,0,2,0,8
PPG,2,20810,833950536,134,170814,191451,191340.875,110.125,106.875,0,0,0,0,71.43,71.43,0,0,0,nan,2,2,53,1,1,10,10,0,0,0,834229057,0.04102,-0.00879,0.95532,0.95624,-0.00772,0.00185,-0.00061,0.00796,0.95981,0.00864,0.00903,3,12168,0,1377,0.05908,0.03917,0.66299,98,1,93.425,150,1,3,4299,185610,0,0,0.000,9.066,11.731,0,0.000,14.738,16.467,0,0,2,0,8
PPG,2,20811,833990536,131,170790,191373,191341.203,31.797,61.953,0,0,0,0,71.43,71.43,0,0,0,nan,2,2,53,1,1,11,11,0,0,0,834268027,0.04102,-0.00684,0.96021,0.96110,-0.00852,0.00079,-0.00034,0.00856,0.96110,0.00201,0.00856,3,12121,0,1377,0.05908,0.03917,0.66299,98,1,93.425,150,1,3,2595,185610,0,0,0.000,9.066,11.731,0,0.000,14.738,16.467,0,0,2,0,8
PPG,2,20812,834030536,130,170748,191285,191340.641,-55.641,14.062,0,0,0,0,71.43,71.43,0,0,0,nan,2,2,53,1,1,12,12,0,0,0,834309578,0.03882,-0.00439,0.95972,0.96051,-0.00692,0.00132,-0.00061,0.00707,0.96709,0.01301,0.00845,3,12115,0,1377,0.05908,0.03917,0.66299,98,1,93.425,150,1,3,4294,185610,0,0,0.000,9.066,11.731,0,0.000,14.738,16.467,0,0,2,0,8
PPG,2,20813,834070536,133,170713,191226,191339.500,-113.500,-39.219,0,0,0,0,71.43,71.43,0,0,0,nan,2,2,53,1,1,13,13,0,0,0,834348664,0.04102,-0.00317,0.95752,0.95840,-0.00825,0.00079,-0.00034,0.00829,0.96469,0.01222,0.00829,3,12126,0,1377,0.05908,0.03917,0.66299,98,1,93.425,150,1,3,4305,185610,0,0,0.000,9.066,11.731,0,0.000,14.738,16.467,0,0,2,0,8
PPG,2,20814,834110536,131,170694,191258,191338.688,-80.688,-90.781,0,0,0,0,71.43,71.43,0,0,0,nan,2,2,53,1,1,14,14,0,0,0,834387631,0.04419,-0.00684,0.95703,0.95808,-0.00798,0.00292,-0.00061,0.00852,0.96264,0.00457,0.00917,3,12120,0,1377,0.05908,0.03917,0.66299,98,1,93.425,150,1,3,2598,185610,0,0,0.000,9.066,11.731,0,0.000,14.738,16.467,0,0,2,0,8
PPG,2,20815,834150536,138,170681,191232,191337.625,-105.625,-134.766,1,0,1,0,0.00,nan,1,2,0,nan,2,2,53,1,1,15,15,0,0,0,834429276,0.04492,-0.00684,0.96021,0.96128,-0.00772,0.00105,-0.00007,0.00779,0.96128,0.00440,0.00818,3,12141,0,1377,0.05908,0.03917,0.66299,98,1,93.425,150,1,4,4301,185610,0,0,110.156,9.066,11.731,1,218.062,14.738,16.467,1,1,1,0,1
PPG,2,20816,834190536,117,170699,191242,191336.672,-94.672,-169.719,0,0,0,0,0.00,nan,1,2,0,nan,2,2,53,1,1,16,16,0,0,0,834468357,0.04492,-0.00586,0.95874,0.95981,-0.00798,0.00212,-0.00061,0.00828,0.95981,0.00672,0.00828,3,12122,0,1377,0.05908,0.03917,0.66299,98,1,93.425,150,1,4,4300,185610,0,0,0.000,9.322,12.598,0,0.000,15.245,17.688,0,0,1,0,1
PPG,2,20817,834230536,119,170672,191266,191335.969,-69.969,-190.641,0,0,0,0,0.00,nan,1,2,0,nan,2,2,53,1,1,17,17,0,0,0,834507257,0.04028,-0.00342,0.95605,0.95691,-0.00772,0.00158,-0.00007,0.00788,0.95805,0.00583,0.00912,3,12122,0,1377,0.05908,0.03917,0.66299,98,1,93.425,150,1,4,2600,185610,0,0,0.000,9.322,12.598,0,0.000,15.245,17.688,0,0,1,0,1
PPG,2,20818,834270536,117,170639,191202,191334.625,-132.625,-205.625,0,0,0,0,0.00,nan,1,2,0,nan,2,2,53,1,1,18,18,0,0,0,834548805,0.04077,-0.00293,0.95776,0.95864,-0.00772,0.00185,-0.00114,0.00802,0.96192,0.00329,0.00852,3,12117,0,1377,0.05908,0.03917,0.66299,98,1,93.425,150,1,4,4308,185610,0,0,0.000,9.322,12.598,0,0.000,15.245,17.688,0,0,1,0,1
PPG,2,20819,834310536,511,170597,191157,191332.844,-175.844,-206.453,0,0,0,0,0.00,nan,1,2,0,nan,4,1,53,1,1,19,19,0,0,0,834587735,0.04102,-0.00488,0.95581,0.95670,-0.00638,0.00185,-0.00007,0.00665,0.96140,0.00462,0.00871,3,12122,0,1377,0.07637,0.06094,0.79786,99,1,90.054,68,1,2,2601,185610,0,0,0.000,9.322,12.598,0,0.000,15.245,17.688,0,0,1,0,1
PPG,2,20820,834350536,165,170587,191148,191331.000,-183.000,-198.344,0,0,0,0,0.00,nan,1,2,0,nan,4,1,53,1,1,20,20,0,0,0,834629666,0.04517,-0.00781,0.94751,0.94862,-0.00745,0.00265,-0.00007,0.00791,0.96125,0.01263,0.00801,3,12120,0,1377,0.07637,0.06094,0.79786,99,1,90.054,68,1,2,4325,185610,0,0,0.000,9.322,12.598,0,0.000,15.245,17.688,0,0,1,0,1
PPG,2,20821,834390536,120,170584,191137,191329.062,-192.062,-194.938,0,0,0,0,0.00,nan,1,2,0,nan,4,1,53,1,1,21,21,0,0,0,834668667,0.04004,-0.00781,0.95557,0.95644,-0.00825,0.00132,0.00019,0.00836,0.95973,0.01112,0.00836,3,12117,0,1377,0.07637,0.06094,0.79786,99,1,90.054,68,1,2,4303,185610,0,0,0.000,9.322,12.598,0,0.000,15.245,17.688,0,0,1,0,1
PPG,2,20822,834430536,117,170637,191179,191327.562,-148.562,-185.109,0,0,0,0,0.00,nan,1,2,0,nan,4,1,53,1,1,22,22,0,0,0,834707647,0.04053,-0.00244,0.95483,0.95570,-0.00825,0.00238,-0.00114,0.00866,0.95990,0.00495,0.00866,3,12112,0,1377,0.07637,0.06094,0.79786,99,1,90.054,68,1,2,2595,185610,0,0,0.000,9.322,12.598,0,0.000,15.245,17.688,0,0,1,0,1
PPG,2,20823,834470536,120,170681,191252,191326.812,-74.812,-165.672,0,0,0,0,0.00,nan,1,2,0,nan,4,1,53,1,1,23,23,0,0,0,834749289,0.04639,-0.00635,0.95581,0.95696,-0.00798,-0.00081,-0.00087,0.00807,0.96216,0.00924,0.00833,3,12136,0,1377,0.07637,0.06094,0.79786,99,1,90.054,68,1,2,4299,185610,0,0,0.000,9.322,12.598,0,0.000,15.245,17.688,0,0,1,0,1
PPG,2,20824,834510536,117,170693,191286,191326.406,-40.406,-144.672,0,0,0,0,0.00,nan,1,2,0,nan,4,1,53,1,1,24,24,0,0,0,834788283,0.04248,-0.00610,0.95508,0.95604,-0.00718,0.00132,-0.00061,0.00733,0.96310,0.00892,0.00753,3,12121,0,1377,0.07637,0.06094,0.79786,99,1,90.054,68,1,2,2597,185610,0,0,0.000,9.322,12.598,0,0.000,15.245,17.688,0,0,1,0,1
PPG,2,20825,834550536,118,170682,191276,191325.906,-49.906,-115.750,0,0,0,0,0.00,nan,1,2,0,nan,4,1,53,1,1,25,25,0,0,0,834829763,0.04199,-0.00439,0.95483,0.95577,-0.00718,0.00105,-0.00007,0.00726,0.95898,0.00294,0.00788,3,12117,0,1377,0.07637,0.06094,0.79786,99,1,90.054,68,1,2,4294,185610,0,0,0.000,9.322,12.598,0,0.000,15.245,17.688,0,0,1,0,1
PPG,2,20826,834590536,116,170678,191257,191325.219,-68.219,-81.625,0,0,0,0,0.00,nan,1,2,0,nan,4,1,53,1,1,26,26,0,0,0,834868851,0.04175,-0.00488,0.95361,0.95454,-0.00878,0.00292,-0.00061,0.00927,0.96316,0.01157,0.00927,3,12118,0,1377,0.07637,0.06094,0.79786,99,1,90.054,68,1,2,4303,185610,0,0,0.000,9.322,12.598,0,0.000,15.245,17.688,0,0,1,0,1
PPG,2,20827,834630536,118,170687,191262,191324.594,-62.594,-45.266,0,0,0,0,0.00,nan,1,2,0,nan,4,1,53,1,1,27,27,0,0,0,834907736,0.04419,-0.00879,0.95874,0.95980,-0.00798,0.00265,-0.00061,0.00843,0.95980,0.00402,0.00871,3,12117,0,1377,0.07637,0.06094,0.79786,99,1,90.054,68,1,2,2601,185610,0,0,0.000,9.322,12.598,0,0.000,15.245,17.688,0,0,1,0,1
PPG,2,20828,834670536,116,170684,191264,191323.984,-59.984,-10.688,0,0,0,0,0.00,nan,1,2,0,nan,4,1,53,1,1,28,28,0,0,0,834949283,0.04590,-0.00269,0.96143,0.96252,-0.00852,0.00292,-0.00061,0.00902,0.96391,0.00564,0.00902,3,12164,0,1377,0.07637,0.06094,0.79786,99,1,90.054,68,1,2,4332,185610,0,0,0.000,9.322,12.598,0,0.000,15.245,17.688,0,0,1,0,1
PPG,2,20829,834710536,120,170697,191280,191323.547,-43.547,16.484,0,0,0,0,0.00,nan,1,2,0,nan,4,1,53,1,1,29,29,0,0,0,834988282,0.04468,-0.01025,0.95630,0.95740,-0.00772,0.00238,-0.00034,0.00808,0.96068,0.00397,0.00893,3,12126,0,1377,0.07637,0.06094,0.79786,99,1,90.054,68,1,2,2597,185610,0,0,0.000,9.322,12.598,0,0.000,15.245,17.688,0,0,1,0,1
PPG,2,20830,834750536,116,170701,191297,191323.281,-26.281,30.625,0,0,0,0,0.00,nan,1,2,0,nan,4,1,53,1,1,30,30,0,0,0,835029805,0.03906,-0.00952,0.95850,0.95934,-0.00638,0.00185,-0.00007,0.00665,0.95934,0.00219,0.00721,3,12122,0,1377,0.07637,0.06094,0.79786,99,1,90.054,68,1,2,4306,185610,0,0,0.000,9.322,12.598,0,0.000,15.245,17.688,0,0,1,0,1
PPG,2,20831,834790536,118,170686,191310,191323.156,-13.156,37.203,0,0,0,0,0.00,nan,1,2,0,nan,4,1,53,1,1,31,31,0,0,0,835069095,0.04492,-0.00391,0.95850,0.95956,-0.00825,0.00212,-0.00087,0.00856,0.95956,0.00890,0.00856,3,12302,0,1377,0.07637,0.06094,0.79786,99,1,90.054,68,1,2,4369,185610,0,0,0.000,9.322,12.598,0,0.000,15.245,17.688,0,0,1,0,1
PPG,2,20832,834830536,171,170684,191266,191322.578,-56.578,36.734,0,0,0,0,0.00,nan,1,2,0,nan,4,1,53,1,1,0,0,0,0,0,835120053,0.04102,-0.00952,0.96045,0.96137,-0.00772,0.00292,0.00019,0.00825,0.96137,0.00229,0.00825,3,24122,0,1378,0.07637,0.06094,0.79786,99,1,90.054,68,1,2,14556,185610,0,0,0.000,9.322,12.598,0,0.000,15.245,17.688,0,0,1,0,1
PPG,2,20833,834870536,121,170660,191216,191321.516,-105.516,31.375,0,0,0,0,0.00,nan,1,2,0,nan,4,1,53,1,1,1,1,0,0,0,835144353,0.03833,-0.00854,0.96313,0.96394,-0.00665,0.00265,-0.00114,0.00725,0.96394,0.00585,0.00796,2,12161,0,1378,0.07637,0.06094,0.79786,99,1,90.054,68,1,2,2614,185610,0,0,0.000,9.322,12.598,0,0.000,15.245,17.688,0,0,1,0,1
PPG,2,20834,834910536,118,170692,191231,191320.609,-89.609,28.281,0,0,0,0,0.00,nan,1,2,0,nan,4,1,53,1,1,2,2,0,0,0,835188568,0.04272,-0.00879,0.95483,0.95583,-0.00825,0.00132,-0.00141,0.00847,0.95784,0.00610,0.00955,3,12110,0,1378,0.07637,0.06094,0.79786,99,1,90.054,68,1,2,2604,185610,0,0,0.000,9.322,12.598,0,0.000,15.245,17.688,0,0,1,0,1
PPG,2,20835,834950536,118,170740,191316,191320.562,-4.562,31.516,0,0,0,0,0.00,nan,1,2,0,nan,4,1,53,1,1,3,3,0,0,0,835230233,0.04102,-0.00122,0.95605,0.95693,-0.00798,0.00132,-0.00141,0.00821,0.96035,0.00452,0.00888,3,12123,0,1378,0.07637,0.06094,0.79786,99,1,90.054,68,1,2,4308,185610,0,0,0.000,9.322,12.598,0,0.000,15.245,17.688,0,0,1,0,1
PPG,2,20836,834990536,120,170791,191397,191321.328,75.672,40.469,0,0,0,0,0.00,nan,1,2,0,nan,4,1,53,1,1,4,4,0,0,0,835269681,0.04297,-0.00342,0.95728,0.95825,-0.00825,0.00079,0.00019,0.00829,0.96070,0.00343,0.00829,3,12258,0,1378,0.07637,0.06094,0.79786,99,1,90.054,68,1,2,4332,185610,0,0,0.000,9.322,12.598,0,0.000,15.245,17.688,0,0,1,0,1
PPG,2,20837,835030536,127,170796,191399,191322.109,76.891,48.406,0,0,0,0,0.00,nan,1,2,0,nan,4,1,53,1,1,5,5,0,0,0,835308963,0.04395,-0.00562,0.95654,0.95757,-0.00718,0.00212,0.00019,0.00749,0.96025,0.00268,0.00805,3,12262,0,1378,0.07637,0.06094,0.79786,99,1,90.054,68,1,2,4332,185610,0,0,0.000,9.322,12.598,0,0.000,15.245,17.688,0,0,1,0,1
PPG,2,20838,835070536,126,170787,191381,191322.703,58.297,49.594,0,0,0,0,0.00,nan,1,2,0,nan,4,1,53,1,1,6,6,0,0,0,835348198,0.04443,-0.00244,0.95410,0.95514,-0.00798,0.00132,-0.00061,0.00811,0.95715,0.00146,0.00811,3,12262,0,1378,0.07637,0.06094,0.79786,99,1,90.054,68,1,2,2626,185610,0,0,0.000,9.322,12.598,0,0.000,15.245,17.688,0,0,1,0,1
PPG,2,20839,835110536,121,170768,191356,191323.031,32.969,52.500,1,0,0,0,0.00,nan,1,2,0,nan,4,1,53,1,1,7,7,0,0,0,835390106,0.04102,-0.00537,0.95630,0.95719,-0.00745,0.00185,-0.00007,0.00768,0.95980,0.00313,0.00915,3,12262,0,1378,0.07637,0.06094,0.79786,99,1,90.054,68,1,2,4346,185610,0,0,0.000,9.322,12.598,0,243.656,15.245,17.688,1,0,1,0,1
PPG,2,20840,835150536,119,170750,191330,191323.094,6.906,59.688,0,0,0,0,0.00,nan,1,2,0,nan,4,1,53,1,1,8,8,0,0,0,835429361,0.04395,-0.00439,0.95703,0.95805,-0.00665,0.00212,-0.00061,0.00701,0.96607,0.00893,0.00940,3,12212,0,1378,0.07637,0.06094,0.79786,99,1,90.054,68,1,2,4342,185610,0,0,0.000,9.322,12.598,0,0.000,15.245,17.688,0,0,1,0,1
PPG,2,20841,835190536,119,170752,191328,191323.141,4.859,63.984,0,0,0,0,0.00,nan,1,2,0,nan,4,1,53,1,1,9,9,0,0,0,835468712,0.04272,-0.00415,0.95898,0.95994,-0.00718,0.00132,-0.00114,0.00739,0.95994,0.00815,0.00770,3,12268,0,1378,0.07637,0.06094,0.79786,99,1,90.054,68,1,2,4335,185610,0,0,0.000,9.322,12.598,0,0.000,15.245,17.688,0,0,1,0,1
PPG,2,20842,835230536,213,170762,191344,191323.344,20.656,59.734,0,0,0,0,0.00,nan,1,2,0,nan,4,1,53,1,1,10,10,0,0,0,835507980,0.04321,-0.00391,0.95801,0.95899,-0.00692,0.00132,0.00019,0.00704,0.96270,0.00371,0.00866,3,12285,0,1378,0.07637,0.06094,0.79786,99,1,90.054,68,1,2,2618,185610,0,0,0.000,9.322,12.598,0,0.000,15.245,17.688,0,0,1,0,1
PPG,2,20843,835270536,143,170765,191365,191323.766,41.234,49.531,0,0,0,0,0.00,nan,1,2,0,nan,4,1,53,1,1,11,11,0,0,0,835549960,0.04297,-0.00146,0.96069,0.96165,-0.00772,0.00238,-0.00007,0.00808,0.96165,0.01095,0.00808,3,12263,0,1378,0.07637,0.06094,0.79786,99,1,90.054,68,1,2,4335,185610,0,0,0.000,9.322,12.598,0,0.000,15.245,17.688,0,0,1,0,1
PPG,2,20844,835310536,504,170744,191375,191324.281,50.719,41.641,0,0,0,0,0.00,nan,1,2,0,nan,4,1,53,1,1,12,12,0,0,0,835589259,0.04272,-0.00513,0.95508,0.95605,-0.00718,0.00185,-0.00007,0.00742,0.96183,0.00578,0.00835,3,12200,0,1378,0.06234,0.04861,0.77986,82,1,90.504,150,1,2,4312,185610,0,0,0.000,9.322,12.598,0,0.000,15.245,17.688,0,0,1,0,1
PPG,2,20845,835350536,176,170752,191376,191324.797,51.203,35.922,0,0,0,0,0.00,nan,1,2,0,nan,4,1,53,1,1,13,13,0,0,0,835628866,0.04199,-0.00391,0.95728,0.95820,-0.00718,0.00132,-0.00007,0.00730,0.95942,0.00242,0.00732,3,12231,0,1378,0.06234,0.04861,0.77986,82,1,90.504,150,1,2,4332,185610,0,0,0.000,9.322,12.598,0,0.000,15.245,17.688,0,0,1,0,1
PPG,2,20846,835390536,122,170717,191349,191325.031,23.969,30.328,0,1,0,0,0.00,nan,1,2,0,nan,4,1,53,1,1,14,14,0,0,0,835668172,0.04395,-0.00610,0.96240,0.96342,-0.00665,0.00185,-0.00007,0.00690,0.96342,0.00615,0.00799,3,12276,0,1378,0.06234,0.04861,0.77986,82,1,90.504,150,1,2,2641,185610,0,0,0.000,9.322,12.598,0,0.000,15.245,17.688,0,0,1,0,1
PPG,2,20847,835430536,119,170721,191354,191325.328,28.672,29.156,0,0,0,0,0.00,nan,1,2,0,nan,4,1,53,1,1,15,15,0,0,0,835709976,0.03882,-0.00464,0.96191,0.96271,-0.00665,0.00318,0.00019,0.00738,0.96271,0.00726,0.00803,3,12214,0,1378,0.06234,0.04861,0.77986,82,1,90.504,150,1,2,4329,185610,0,0,0.000,9.322,12.598,0,0.000,15.245,17.688,0,0,1,0,1
PPG,2,20848,835470536,118,170718,191348,191325.562,22.438,27.812,0,0,0,0,0.00,nan,1,2,0,nan,4,1,53,1,1,16,16,0,0,0,835749168,0.04321,-0.00513,0.96240,0.96339,-0.00745,0.00238,-0.00087,0.00787,0.96339,0.00409,0.00825,3,12238,0,1378,0.06234,0.04861,0.77986,82,1,90.504,150,1,2,4331,185610,0,0,0.000,9.322,12.598,0,0.000,15.245,17.688,0,0,1,0,1
PPG,2,20849,835510536,144,170717,191355,191325.859,29.141,25.625,1,0,1,1360,44.12,44.12,2,1,0,nan,4,1,53,1,1,17,17,0,0,0,835788550,0.04224,-0.00610,0.96411,0.96506,-0.00931,0.00158,-0.00087,0.00949,0.96506,0.00560,0.00949,3,12261,0,1378,0.06234,0.04861,0.77986,82,1,90.504,150,1,3,2621,185610,0,0,184.000,9.322,12.598,1,35.703,15.245,17.688,1,1,1,0,2
PPG,2,20850,835550536,116,170703,191355,191326.156,28.844,21.312,0,0,0,0,44.12,44.12,2,1,0,nan,4,1,53,1,1,18,18,0,0,0,835830499,0.03979,-0.00732,0.95215,0.95301,-0.00745,0.00158,-0.00007,0.00762,0.95767,0.00738,0.00911,3,12223,0,1378,0.06234,0.04861,0.77986,82,1,90.504,150,1,3,4322,185610,0,0,0.000,10.007,14.922,0,0.000,14.550,16.014,0,0,1,0,2
PPG,2,20851,835590536,121,170688,191316,191326.062,-10.062,12.578,0,0,0,0,44.12,44.12,2,1,0,nan,4,1,53,1,1,19,19,0,0,0,835869903,0.03906,-0.00635,0.96143,0.96224,-0.00798,0.00185,-0.00114,0.00827,0.96224,0.00861,0.00885,3,12190,0,1378,0.06234,0.04861,0.77986,82,1,90.504,150,1,3,4297,185610,0,0,0.000,10.007,14.922,0,0.000,14.550,16.014,0,0,1,0,2
PPG,2,20852,835630536,123,170664,191250,191325.297,-75.297,-4.625,0,0,0,0,44.12,44.12,2,1,0,nan,4,1,53,1,1,20,20,0,0,0,835909139,0.04663,-0.00586,0.95557,0.95672,-0.00878,0.00185,-0.00061,0.00900,0.96181,0.00344,0.00908,3,12121,0,1378,0.06234,0.04861,0.77986,82,1,90.504,150,1,3,4296,185610,0,0,0.000,10.007,14.922,0,0.000,14.550,16.014,0,0,1,0,2
PPG,2,20853,835670536,121,170641,191192,191323.969,-131.969,-25.844,0,0,0,0,44.12,44.12,2,1,0,nan,4,1,53,1,1,21,21,0,0,0,835948072,0.04077,-0.00391,0.96338,0.96425,-0.00692,0.00079,-0.00034,0.00697,0.96725,0.01053,0.00969,3,12114,0,1378,0.06234,0.04861,0.77986,82,1,90.504,150,1,3,2601,185610,0,0,0.000,10.007,14.922,0,0.000,14.550,16.014,0,0,1,0,2
PPG,2,20854,835710536,120,170638,191184,191322.562,-138.562,-47.781,0,0,0,0,44.12,44.12,2,1,0,nan,4,1,53,1,1,22,22,0,0,0,835989666,0.04199,-0.00610,0.96118,0.96212,-0.00718,0.00212,-0.00114,0.00758,0.96212,0.00683,0.00842,3,12113,0,1378,0.06234,0.04861,0.77986,82,1,90.504,150,1,3,4303,185610,0,0,0.000,10.007,14.922,0,0.000,14.550,16.014,0,0,1,0,2
PPG,2,20855,835750536,121,170662,191208,191321.422,-113.422,-62.375,0,0,0,0,44.12,44.12,2,1,0,nan,4,1,53,1,1,23,23,0,0,0,836028693,0.04224,-0.00366,0.95874,0.95968,-0.00798,0.00212,-0.00114,0.00834,0.96388,0.00669,0.00834,3,12121,0,1378,0.06234,0.04861,0.77986,82,1,90.504,150,1,3,2617,185610,0,0,0.000,10.007,14.922,0,0.000,14.550,16.014,0,0,1,0,2
PPG,2,20856,835790536,119,170694,191244,191320.641,-76.641,-70.594,0,0,0,0,44.12,44.12,2,1,0,nan,4,1,53,1,1,24,24,0,0,0,836070295,0.04321,-0.00610,0.95947,0.96046,-0.00772,0.00372,-0.00061,0.00859,0.96163,0.00410,0.00899,3,12152,0,1378,0.06234,0.04861,0.77986,82,1,90.504,150,1,3,4332,185610,0,0,0.000,10.007,14.922,0,0.000,14.550,16.014,0,0,1,0,2
PPG,2,20857,835830536,124,170719,191333,191320.766,12.234,-70.438,0,0,0,0,44.12,44.12,2,1,0,nan,4,1,53,1,1,25,25,0,0,0,836121183,0.04175,-0.00977,0.95483,0.95580,-0.00772,0.00212,-0.00141,0.00812,0.96254,0.01133,0.00812,3,24045,0,1379,0.06234,0.04861,0.77986,82,1,90.504,150,1,3,14459,185610,0,0,0.000,10.007,14.922,0,0.000,14.550,16.014,0,0,1,0,2
PPG,2,20858,835870536,124,170747,191351,191321.062,29.938,-63.938,0,0,0,0,44.12,44.12,2,1,0,nan,4,1,53,1,1,26,26,0,0,0,836145551,0.04370,-0.00684,0.95435,0.95537,-0.00852,0.00212,-0.00061,0.00880,0.96044,0.00507,0.00880,2,12160,0,1379,0.06234,0.04861,0.77986,82,1,90.504,150,1,3,2597,185610,0,0,0.000,10.007,14.922,0,0.000,14.550,16.014,0,0,1,0,2
PPG,2,20859,835910536,122,170726,191331,191321.156,9.844,-51.125,0,0,0,0,44.12,44.12,2,1,0,nan,4,1,53,1,1,27,27,0,0,0,836189852,0.04199,-0.00439,0.95728,0.95821,-0.00825,0.00132,0.00046,0.00837,0.96060,0.00902,0.00889,3,12126,0,1379,0.06234,0.04861,0.77986,82,1,90.504,150,1,3,4307,185610,0,0,0.000,10.007,14.922,0,0.000,14.550,16.014,0,0,1,0,2
PPG,2,20860,835950536,120,170711,191321,191321.156,-0.156,-32.234,0,0,0,0,44.12,44.12,2,1,0,nan,4,1,53,1,1,28,28,0,0,0,836228809,0.04517,0.00000,0.96069,0.96175,-0.00825,0.00265,0.00019,0.00867,0.96175,0.00550,0.00867,3,12124,0,1379,0.06234,0.04861,0.77986,82,1,90.504,150,1,3,2596,185610,0,0,0.000,10.007,14.922,0,0.000,14.550,16.014,0,0,1,0,2
PPG,2,20861,835990536,121,170710,191331,191321.250,9.750,-11.375,0,0,0,0,44.12,44.12,2,1,0,nan,4,1,53,1,1,29,29,0,0,0,836270376,0.04102,-0.00562,0.95947,0.96037,-0.00798,0.00185,-0.00061,0.00822,0.96374,0.00425,0.00885,3,12146,0,1379,0.06234,0.04861,0.77986,82,1,90.504,150,1,3,4336,185610,0,0,0.000,10.007,14.922,0,0.000,14.550,16.014,0,0,1,0,2
PPG,2,20862,836030536,121,170732,191355,191321.594,33.406,9.062,0,0,0,0,44.12,44.12,2,1,0,nan,4,1,53,1,1,30,30,0,0,0,836309359,0.04517,-0.00562,0.95874,0.95982,-0.00825,0.00238,-0.00114,0.00866,0.96073,0.00585,0.00866,3,12123,0,1379,0.06234,0.04861,0.77986,82,1,90.504,150,1,3,4300,185610,0,0,0.000,10.007,14.922,0,0.000,14.550,16.014,0,0,1,0,2
PPG,2,20863,836070536,122,170728,191371,191322.094,48.906,26.906,0,0,0,0,44.12,44.12,2,1,0,nan,4,1,53,1,1,31,31,0,0,0,836348358,0.04346,-0.00537,0.96240,0.96340,-0.00798,0.00185,-0.00034,0.00820,0.96340,0.00951,0.00868,3,12114,0,1379,0.06234,0.04861,0.77986,82,1,90.504,150,1,3,2599,185610,0,0,0.000,10.007,14.922,0,0.000,14.550,16.014,0,0,1,0,2
PPG,2,20864,836110536,121,170727,191381,191322.688,58.312,33.469,0,0,0,0,44.12,44.12,2,1,0,nan,4,1,53,1,1,0,0,0,0,0,836390173,0.03784,-0.00366,0.95654,0.95730,-0.00745,0.00238,-0.00087,0.00787,0.96201,0.00332,0.00892,3,12371,0,1379,0.06234,0.04861,0.77986,82,1,90.504,150,1,3,4336,185610,0,0,0.000,10.007,14.922,0,0.000,14.550,16.014,0,0,1,0,2
PPG,2,20865,836150536,170,170709,191364,191323.094,40.906,35.922,0,0,0,0,44.12,44.12,2,1,0,nan,4,1,53,1,1,1,1,0,0,0,836429349,0.04224,-0.00684,0.95435,0.95530,-0.00852,0.00079,-0.00034,0.00856,0.95608,0.00122,0.00885,3,12131,0,1379,0.06234,0.04861,0.77986,82,1,90.504,150,1,3,4305,185610,0,0,0.000,10.007,14.922,0,0.000,14.550,16.014,0,0,1,0,2
PPG,2,20866,836190536,119,170720,191369,191323.547,45.453,40.344,0,0,0,0,44.12,44.12,2,1,0,nan,4,1,53,1,1,2,2,0,0,0,836468408,0.03906,-0.00317,0.96143,0.96222,-0.00878,0.00185,-0.00061,0.00900,0.96222,0.00476,0.00900,3,12111,0,1379,0.06234,0.04861,0.77986,82,1,90.504,150,1,3,2594,185610,0,0,0.000,10.007,14.922,0,0.000,14.550,16.014,0,0,1,0,2
PPG,2,20867,836230536,121,170739,191419,191324.500,94.500,51.094,0,0,0,0,44.12,44.12,2,1,0,nan,4,1,53,1,1,3,3,0,0,0,836509986,0.04175,-0.00439,0.95459,0.95551,-0.00852,0.00158,-0.00114,0.00874,0.95784,0.00439,0.00886,3,12173,0,1379,0.06234,0.04861,0.77986,82,1,90.504,150,1,3,4297,185610,0,0,0.000,10.007,14.922,0,0.000,14.550,16.014,0,0,1,0,2
PPG,2,20868,836270536,119,170771,191465,191325.906,139.094,64.391,0,0,0,0,44.12,44.12,2,1,0,nan,4,1,53,1,1,4,4,0,0,0,836548896,0.04028,-0.00635,0.96362,0.96449,-0.00798,0.00185,-0.00087,0.00824,0.96449,0.00732,0.00889,3,12114,0,1379,0.06234,0.04861,0.77986,82,1,90.504,150,1,3,2594,185610,0,0,0.000,10.007,14.922,0,0.000,14.550,16.014,0,0,1,0,2
PPG,2,20869,836310536,510,170795,191481,191327.453,153.547,76.094,0,0,0,0,44.12,44.12,2,1,0,nan,2,2,53,1,1,5,5,0,0,0,836590447,0.04370,-0.00269,0.96289,0.96389,-0.00798,0.00132,-0.00034,0.00810,0.96389,0.00456,0.00986,3,12152,0,1379,0.05832,0.04013,0.68802,82,1,92.800,125,1,3,4300,185610,0,0,0.000,10.007,14.922,0,0.000,14.550,16.014,0,0,1,0,2
PPG,2,20870,836350536,171,170801,191502,191329.203,172.797,87.453,0,1,0,0,44.12,44.12,2,1,0,nan,2,2,53,1,1,6,6,0,0,0,836629813,0.04077,-0.00806,0.95532,0.95623,-0.00745,0.00105,0.00019,0.00753,0.95863,0.00525,0.00924,3,12114,0,1379,0.05832,0.04013,0.68802,82,1,92.800,125,1,3,4307,185610,0,0,0.000,10.007,14.922,0,0.000,14.550,16.014,0,0,1,0,2
PPG,2,20871,836390536,120,170800,191491,191330.828,160.172,94.422,0,0,0,0,44.12,44.12,2,1,0,nan,2,2,53,1,1,7,7,0,0,0,836668803,0.04150,-0.00684,0.96118,0.96210,-0.00772,0.00265,-0.00167,0.00833,0.96210,0.00724,0.00833,3,12118,0,1379,0.05832,0.04013,0.68802,82,1,92.800,125,1,3,2595,185610,0,0,0.000,10.007,14.922,0,0.000,14.550,16.014,0,0,1,0,2
PPG,2,20872,836430536,120,170769,191451,191332.031,118.969,96.797,0,0,0,0,44.12,44.12,2,1,0,nan,2,2,53,1,1,8,8,0,0,0,836710375,0.04126,-0.00391,0.95874,0.95964,-0.00718,0.00185,-0.00061,0.00744,0.95964,0.00281,0.00758,3,12116,0,1379,0.05832,0.04013,0.68802,82,1,92.800,125,1,3,4303,185610,0,0,73.625,10.007,14.922,1,0.000,14.550,16.014,0,0,1,0,2
PPG,2,20873,836470536,213,170725,191365,191332.359,32.641,87.578,0,0,0,0,44.12,44.12,2,1,0,nan,2,2,53,1,1,9,9,0,0,0,836749311,0.03906,-0.00415,0.95581,0.95662,-0.00745,0.00185,-0.00114,0.00776,0.96202,0.00541,0.00776,3,12117,0,1379,0.05832,0.04013,0.68802,82,1,92.800,125,1,3,4307,185610,0,0,0.000,10.007,14.922,0,0.000,14.550,16.014,0,0,1,0,2
PPG,2,20874,836510536,119,170702,191297,191332.000,-35.000,64.500,0,0,0,0,44.12,44.12,2,1,0,nan,2,2,53,1,1,10,10,0,0,0,836788399,0.04419,-0.00391,0.95630,0.95733,-0.00665,0.00238,-0.00007,0.00707,0.95804,0.00150,0.00811,3,12165,0,1379,0.05832,0.04013,0.68802,82,1,92.800,125,1,3,2595,185610,0,0,0.000,10.007,14.922,0,0.000,14.550,16.014,0,0,1,0,2
PPG,2,20875,836550536,121,170700,191289,191331.562,-42.562,35.312,0,0,0,0,44.12,44.12,2,1,0,nan,2,2,53,1,1,11,11,0,0,0,836829921,0.03833,-0.00537,0.95654,0.95733,-0.00825,0.00132,-0.00034,0.00836,0.95913,0.00181,0.00875,3,12118,0,1379,0.05832,0.04013,0.68802,82,1,92.800,125,1,3,4297,185610,0,0,0.000,10.007,14.922,0,0.000,14.550,16.014,0,0,1,0,2
PPG,2,20876,836590536,124,170691,191284,191331.094,-47.094,5.172,0,0,0,0,44.12,44.12,2,1,0,nan,2,2,53,1,1,12,12,0,0,0,836868931,0.04346,-0.00610,0.95020,0.95121,-0.00931,0.00212,-0.00034,0.00956,0.95971,0.01067,0.00956,3,12117,0,1379,0.05832,0.04013,0.68802,82,1,92.800,125,1,3,2595,185610,0,0,0.000,10.007,14.922,0,0.000,14.550,16.014,0,0,1,0,2
PPG,2,20877,836630536,122,170660,191276,191330.547,-54.547,-24.281,0,0,0,0,44.12,44.12,2,1,0,nan,2,2,53,1,1,13,13,0,0,0,836910553,0.04028,-0.00488,0.96436,0.96521,-0.00798,0.00185,-0.00114,0.00827,0.96521,0.00585,0.00878,3,12106,0,1379,0.05832,0.04013,0.68802,82,1,92.800,125,1,3,4295,185610,0,0,0.000,10.007,14.922,0,0.000,14.550,16.014,0,0,1,0,2
PPG,2,20878,836670536,120,170656,191263,191329.875,-66.875,-52.438,0,0,0,0,44.12,44.12,2,1,0,nan,2,2,53,1,1,14,14,0,0,0,836949467,0.04077,-0.00391,0.95923,0.96010,-0.00772,0.00132,-0.00167,0.00800,0.96480,0.00470,0.00843,3,12108,0,1379,0.05832,0.04013,0.68802,82,1,92.800,125,1,3,4300,185610,0,0,0.000,10.007,14.922,0,0.000,14.550,16.014,0,0,1,0,2
PPG,2,20879,836710536,127,170662,191291,191329.484,-38.484,-73.297,0,0,0,0,44.12,44.12,2,1,0,nan,2,2,53,1,1,15,15,0,0,0,836988457,0.04150,-0.00684,0.95044,0.95137,-0.00798,0.00158,-0.00167,0.00831,0.96825,0.00960,0.00831,3,12130,0,1379,0.05832,0.04013,0.68802,82,1,92.800,125,1,3,2619,185610,0,0,0.000,10.007,14.922,0,0.000,14.550,16.014,0,0,1,0,2
PPG,2,20880,836750536,148,170654,191277,191328.953,-51.953,-83.672,1,0,1,1240,44.12,44.12,2,1,0,nan,2,2,53,1,1,16,16,0,0,0,837030022,0.04053,-0.00513,0.96240,0.96327,-0.00718,0.00185,-0.00087,0.00747,0.96327,0.00604,0.00754,3,12105,0,1379,0.05832,0.04013,0.68802,82,1,92.800,125,1,3,4295,185610,0,0,27.938,10.007,14.922,1,167.391,14.550,16.014,1,1,1,0,3
PPG,2,20881,836790536,125,170678,191268,191328.344,-60.344,-84.672,0,0,0,0,44.12,44.12,2,1,0,nan,2,2,53,1,1,17,17,0,0,0,837069072,0.04346,-0.00659,0.95532,0.95633,-0.00825,0.00318,-0.00087,0.00889,0.95731,0.00927,0.00889,3,12119,0,1379,0.05832,0.04013,0.68802,82,1,92.800,125,1,3,2598,185610,0,0,0.000,9.632,13.648,0,0.000,14.764,16.530,0,0,1,0,3
PPG,2,20882,836830536,128,170674,191285,191327.906,-42.906,-81.734,0,0,0,0,44.12,44.12,2,1,0,nan,2,2,53,1,1,18,18,0,0,0,837122554,0.04321,-0.00708,0.95581,0.95681,-0.00692,0.00105,-0.00141,0.00714,0.96145,0.00512,0.00822,3,24008,0,1380,0.05832,0.04013,0.68802,82,1,92.800,125,1,3,14446,185610,0,0,0.000,9.632,13.648,0,0.000,14.764,16.530,0,0,1,0,3
PPG,2,20883,836870536,137,170650,191290,191327.531,-37.531,-76.828,0,0,0,0,44.12,44.12,2,1,0,nan,2,2,53,2,2,20,20,0,0,0,837192332,0.04321,-0.00684,0.96240,0.96340,-0.00798,0.00238,-0.00061,0.00835,0.96340,0.00658,0.00835,1,69778,0,1385,0.05832,0.04013,0.68802,82,1,92.800,125,1,3,69641,185610,0,0,0.000,9.632,13.648,0,0.000,14.764,16.530,0,0,1,0,3
PPG,2,20884,836910536,34,170675,191307,191327.328,-20.328,-68.703,0,0,0,0,44.12,44.12,2,1,0,nan,2,2,53,2,2,20,20,0,0,0,837192332,0.04321,-0.00684,0.96240,0.96340,-0.00798,0.00238,-0.00061,0.00835,0.00000,0.00000,0.00000,0,69778,0,1385,0.05832,0.04013,0.68802,82,1,92.800,125,1,3,69641,185610,0,0,0.000,9.632,13.648,0,0.000,14.764,16.530,0,0,1,0,3
PPG,2,20885,836950536,123,170673,191341,191327.469,13.531,-56.406,0,0,0,0,44.12,44.12,2,1,0,nan,2,2,53,1,1,21,21,0,0,0,837230561,0.04224,-0.00342,0.95557,0.95651,-0.00798,0.00238,-0.00061,0.00835,0.96315,0.00341,0.00849,3,12110,0,1385,0.05832,0.04013,0.68802,82,1,92.800,125,1,3,4294,185610,0,0,0.000,9.632,13.648,0,0.000,14.764,16.530,0,0,1,0,3
PPG,2,20886,836990536,124,170685,191394,191328.141,65.859,-42.938,0,0,0,0,44.12,44.12,2,1,0,nan,2,2,53,1,1,22,22,0,0,0,837269540,0.04297,-0.00269,0.96069,0.96166,-0.00852,0.00185,-0.00061,0.00874,0.96166,0.00951,0.00899,3,12110,0,1385,0.05832,0.04013,0.68802,82,1,92.800,125,1,3,4295,185610,0,0,0.000,9.632,13.648,0,0.000,14.764,16.530,0,0,1,0,3
PPG,2,20887,837030536,125,170707,191421,191329.062,91.938,-22.484,0,0,0,0,44.12,44.12,2,1,0,nan,2,2,53,1,1,23,23,0,0,0,837308915,0.04175,-0.00342,0.95605,0.95697,-0.00825,0.00212,-0.00034,0.00852,0.95936,0.00241,0.00943,3,12278,0,1385,0.05832,0.04013,0.68802,82,1,92.800,125,1,3,2625,185610,0,0,0.000,9.632,13.648,0,0.000,14.764,16.530,0,0,1,0,3
PPG,2,20888,837070536,133,170687,191408,191329.859,78.141,0.375,0,0,0,0,44.12,44.12,2,1,0,nan,2,2,53,1,1,24,24,0,0,0,837350962,0.03711,-0.00806,0.95386,0.95461,-0.00825,0.00212,-0.00167,0.00868,0.95839,0.00206,0.00868,3,12276,0,1385,0.05832,0.04013,0.68802,82,1,92.800,125,1,3,4334,185610,0,0,0.000,9.632,13.648,0,0.000,14.764,16.530,0,0,1,0,3
PPG,2,20889,837110536,186,170676,191419,191330.750,88.250,22.625,0,0,0,0,44.12,44.12,2,1,0,nan,2,2,53,1,1,25,25,0,0,0,837390211,0.04419,-0.00610,0.95996,0.96100,-0.00798,0.00185,-0.00087,0.00824,0.96114,0.00653,0.00878,3,12260,0,1385,0.05832,0.04013,0.68802,82,1,92.800,125,1,3,4314,185610,0,0,0.000,9.632,13.648,0,0.000,14.764,16.530,0,0,1,0,3
PPG,2,20890,837150536,131,170674,191406,191331.500,74.500,43.984,0,0,0,0,44.12,44.12,2,1,0,nan,2,2,53,1,1,26,26,0,0,0,837429711,0.04346,-0.00708,0.95313,0.95414,-0.00905,0.00158,-0.00167,0.00934,0.96081,0.00461,0.00934,3,12258,0,1385,0.05832,0.04013,0.68802,82,1,92.800,125,1,3,4330,185610,0,0,0.000,9.632,13.648,0,0.000,14.764,16.530,0,0,1,0,3
PPG,2,20891,837190536,123,170651,191401,191332.188,68.812,61.922,0,0,0,0,44.12,44.12,2,1,0,nan,2,2,53,1,1,27,27,0,0,0,837469013,0.03955,-0.00317,0.96045,0.96127,-0.00718,0.00158,-0.00034,0.00736,0.96127,0.00375,0.00857,3,12208,0,1385,0.05832,0.04013,0.68802,82,1,92.800,125,1,3,2628,185610,0,0,0.000,9.632,13.648,0,0.000,14.764,16.530,0,0,1,0,3
PPG,2,20892,837230536,125,170651,191414,191333.000,81.000,74.203,0,0,0,0,44.12,44.12,2,1,0,nan,2,2,53,1,1,28,28,0,0,0,837511093,0.04004,-0.00439,0.95776,0.95861,-0.00718,0.00238,-0.00007,0.00757,0.96865,0.01422,0.00841,3,12293,0,1385,0.05832,0.04013,0.68802,82,1,92.800,125,1,3,4344,185610,0,0,0.000,9.632,13.648,0,0.000,14.764,16.530,0,0,1,0,3
PPG,2,20893,837270536,173,170650,191421,191333.875,87.125,75.266,0,0,0,0,44.12,44.12,2,1,0,nan,2,2,53,1,1,29,29,0,0,0,837550389,0.04541,-0.00635,0.96094,0.96203,-0.00772,0.00212,-0.00141,0.00812,0.96203,0.00246,0.00820,3,12248,0,1385,0.05832,0.04013,0.68802,82,1,92.800,125,1,3,4320,185610,0,0,0.000,9.632,13.648,0,0.000,14.764,16.530,0,0,1,0,3
PPG,2,20894,837310536,582,170655,191399,191334.531,64.469,67.016,0,0,0,0,44.12,44.12,2,1,0,nan,2,2,53,1,1,30,30,0,0,0,837589733,0.04175,-0.00684,0.95825,0.95919,-0.00825,0.00265,-0.00087,0.00871,0.96044,0.00159,0.00871,3,12248,0,1385,0.05904,0.04177,0.70753,82,1,92.312,115,1,3,4328,185610,0,0,0.000,9.632,13.648,0,0.000,14.764,16.530,0,0,1,0,3
PPG,2,20895,837350536,174,170599,191292,191334.109,-42.109,50.297,0,0,0,0,44.12,44.12,2,1,0,nan,2,2,53,1,1,31,31,0,0,0,837629567,0.04028,-0.00391,0.96021,0.96106,-0.00772,0.00318,-0.00087,0.00839,0.96106,0.00211,0.00961,3,12171,0,1385,0.05904,0.04177,0.70753,82,1,92.312,115,1,3,4313,185610,0,0,0.000,9.632,13.648,0,0.000,14.764,16.530,0,0,1,0,3
PPG,2,20896,837390536,127,170600,191246,191333.234,-87.234,27.469,0,1,0,0,44.12,44.12,2,1,0,nan,2,2,53,1,1,0,0,0,0,0,837668821,0.04565,-0.00708,0.95898,0.96010,-0.00745,-0.00001,-0.00114,0.00754,0.96295,0.00460,0.00755,3,12235,0,1385,0.05904,0.04177,0.70753,82,1,92.312,115,1,3,2626,185610,0,0,0.000,9.632,13.648,0,0.000,14.764,16.530,0,0,1,0,3
PPG,2,20897,837430536,124,170586,191238,191332.281,-94.281,5.375,0,0,0,0,44.12,44.12,2,1,0,nan,2,2,53,1,1,1,1,0,0,0,837710787,0.03979,-0.00781,0.95752,0.95838,-0.00745,0.00185,0.00046,0.00769,0.95838,0.00642,0.00769,3,12310,0,1385,0.05904,0.04177,0.70753,82,1,92.312,115,1,3,4337,185610,0,0,0.000,9.632,13.648,0,0.000,14.764,16.530,0,0,1,0,3
PPG,2,20898,837470536,133,170538,191183,191330.781,-147.781,-21.766,0,0,0,0,44.12,44.12,2,1,0,nan,2,2,53,1,1,2,2,0,0,0,837750034,0.04224,-0.00684,0.96582,0.96677,-0.00772,0.00105,-0.00034,0.00779,0.96677,0.00831,0.00842,3,12244,0,1385,0.05904,0.04177,0.70753,82,1,92.312,115,1,3,4324,185610,0,0,0.000,9.632,13.648,0,0.000,14.764,16.530,0,0,1,0,3
PPG,2,20899,837510536,127,170522,191161,191329.078,-168.078,-51.406,0,0,0,0,44.12,44.12,2,1,0,nan,2,2,53,1,1,3,3,0,0,0,837789301,0.04346,-0.00635,0.95996,0.96097,-0.00798,0.00212,0.00073,0.00829,0.96097,0.01047,0.00829,3,12234,0,1385,0.05904,0.04177,0.70753,82,1,92.312,115,1,3,2628,185610,0,0,0.000,9.632,13.648,0,0.000,14.764,16.530,0,0,1,0,3
PPG,2,20900,837550536,125,170493,191136,191327.141,-191.141,-85.078,0,0,0,0,44.12,44.12,2,1,0,nan,2,2,53,1,1,4,4,0,0,0,837831225,0.04053,-0.00610,0.96143,0.96230,-0.00772,0.00265,-0.00087,0.00821,0.96523,0.00426,0.00827,3,12223,0,1385,0.05904,0.04177,0.70753,82,1,92.312,115,1,3,4325,185610,0,0,51.469,9.632,13.648,1,0.000,14.764,16.530,0,0,1,0,3
PPG,2,20901,837590536,146,170503,191157,191325.438,-168.438,-114.094,1,0,1,820,48.39,48.39,2,1,512,nan,2,2,53,1,1,5,5,0,0,0,837870462,0.04175,-0.00342,0.95972,0.96063,-0.00745,0.00292,0.00099,0.00806,0.96398,0.00464,0.00806,3,12205,0,1385,0.05904,0.04177,0.70753,82,1,92.312,115,1,3,4336,185610,0,0,0.000,9.632,13.648,0,159.938,14.764,16.530,1,1,1,0,4
PPG,2,20902,837630536,125,170515,191164,191323.828,-159.828,-126.328,0,0,0,0,48.39,48.39,2,1,512,nan,2,2,53,1,1,6,6,0,0,0,837909801,0.04102,-0.00391,0.95557,0.95645,-0.00745,0.00185,-0.00034,0.00768,0.95945,0.00299,0.00791,3,12123,0,1385,0.05904,0.04177,0.70753,82,1,92.312,115,1,3,4306,185610,0,0,0.000,9.450,13.033,0,0.000,14.905,16.869,0,0,1,0,4
PPG,2,20903,837670536,122,170509,191153,191322.125,-169.125,-132.766,0,0,0,0,48.39,48.39,2,1,512,nan,2,2,53,1,1,7,7,0,0,0,837949032,0.04492,-0.00659,0.95850,0.95957,-0.00798,0.00158,0.00019,0.00814,0.96212,0.00452,0.00814,3,12108,0,1385,0.05904,0.04177,0.70753,82,1,92.312,115,1,3,2596,185610,0,0,0.000,9.450,13.033,0,0.000,14.905,16.869,0,0,1,0,4
PPG,2,20904,837710536,124,170503,191164,191320.547,-156.547,-136.188,0,0,0,0,48.39,48.39,2,1,512,nan,2,2,53,1,1,8,8,0,0,0,837990562,0.04272,-0.00732,0.95581,0.95679,-0.00825,0.00132,-0.00167,0.00852,0.96179,0.00499,0.00852,3,12114,0,1385,0.05904,0.04177,0.70753,82,1,92.312,115,1,3,4297,185610,0,0,0.000,9.450,13.033,0,0.000,14.905,16.869,0,0,1,0,4
PPG,2,20905,837750536,123,170528,191199,191319.328,-120.328,-126.797,0,0,0,0,48.39,48.39,2,1,512,nan,2,2,53,1,1,9,9,0,0,0,838029636,0.04492,-0.00488,0.95898,0.96005,-0.00772,0.00079,-0.00007,0.00776,0.96005,0.00734,0.00862,3,12133,0,1385,0.05904,0.04177,0.70753,82,1,92.312,115,1,3,4295,185610,0,0,0.000,9.450,13.033,0,0.000,14.905,16.869,0,0,1,0,4
PPG,2,20906,837790536,124,170529,191187,191318.000,-131.000,-112.734,0,0,0,0,48.39,48.39,2,1,512,nan,2,2,53,1,1,10,10,0,0,0,838068586,0.04077,-0.00073,0.96045,0.96131,-0.00852,0.00158,-0.00007,0.00866,0.96131,0.00310,0.00866,3,12134,0,1385,0.05904,0.04177,0.70753,82,1,92.312,115,1,3,2604,185610,0,0,0.000,9.450,13.033,0,0.000,14.905,16.869,0,0,1,0,4
PPG,2,20907,837830536,127,170532,191213,191316.953,-103.953,-91.328,0,0,0,0,48.39,48.39,2,1,512,nan,2,2,53,1,1,11,11,0,0,0,838122293,0.04199,-0.00757,0.95923,0.96018,-0.00798,0.00265,-0.00007,0.00841,0.96033,0.00667,0.00867,3,24282,0,1386,0.05904,0.04177,0.70753,82,1,92.312,115,1,3,14713,185610,0,0,0.000,9.450,13.033,0,0.000,14.905,16.869,0,0,1,0,4
PPG,2,20908,837870536,127,170571,191240,191316.188,-76.188,-71.078,0,0,0,0,48.39,48.39,2,1,512,nan,2,2,53,1,1,12,12,0,0,0,838146619,0.04395,-0.00391,0.95752,0.95854,-0.00718,0.00238,0.00073,0.00760,0.95854,0.00483,0.00809,2,12179,0,1386,0.05904,0.04177,0.70753,82,1,92.312,115,1,3,2593,185610,0,0,0.000,9.450,13.033,0,0.000,14.905,16.869,0,0,1,0,4
PPG,2,20909,837910536,125,170588,191233,191315.359,-82.359,-51.922,0,0,0,0,48.39,48.39,2,1,512,nan,2,2,53,1,1,13,13,0,0,0,838190867,0.04272,-0.00562,0.95728,0.95824,-0.00718,0.00105,-0.00034,0.00727,0.95858,0.00130,0.00826,3,12130,0,1386,0.05904,0.04177,0.70753,82,1,92.312,115,1,3,4310,185610,0,0,0.000,9.450,13.033,0,0.000,14.905,16.869,0,0,1,0,4
PPG,2,20910,837950536,125,170617,191248,191314.688,-66.688,-30.453,0,0,0,0,48.39,48.39,2,1,512,nan,2,2,53,1,1,14,14,0,0,0,838229864,0.04248,-0.00610,0.95605,0.95702,-0.00825,0.00212,-0.00007,0.00852,0.96010,0.00309,0.00857,3,12128,0,1386,0.05904,0.04177,0.70753,82,1,92.312,115,1,3,4304,185610,0,0,0.000,9.450,13.033,0,0.000,14.905,16.869,0,0,1,0,4
PPG,2,20911,837990536,124,170633,191275,191314.297,-39.297,-8.297,0,0,0,0,48.39,48.39,2,1,512,nan,2,2,53,1,1,15,15,0,0,0,838268898,0.04199,-0.00562,0.95532,0.95626,-0.00772,0.00158,-0.00141,0.00800,0.95781,0.00580,0.00800,3,12116,0,1386,0.05904,0.04177,0.70753,82,1,92.312,115,1,3,2595,185610,0,0,0.000,9.450,13.033,0,0.000,14.905,16.869,0,0,1,0,4
PPG,2,20912,838030536,124,170644,191281,191313.969,-32.969,10.078,0,0,0,0,48.39,48.39,2,1,512,nan,2,2,53,1,1,16,16,0,0,0,838310437,0.04150,-0.00293,0.95898,0.95989,-0.00772,0.00185,-0.00141,0.00806,0.96171,0.00544,0.00917,3,12121,0,1386,0.05904,0.04177,0.70753,82,1,92.312,115,1,3,4300,185610,0,0,0.000,9.450,13.033,0,0.000,14.905,16.869,0,0,1,0,4
PPG,2,20913,838070536,122,170634,191269,191313.516,-44.516,29.375,0,0,0,0,48.39,48.39,2,1,512,nan,2,2,53,1,1,17,17,0,0,0,838349411,0.04468,-0.00586,0.95947,0.96053,-0.00825,0.00158,-0.00007,0.00840,0.96281,0.00454,0.00840,3,12114,0,1386,0.05904,0.04177,0.70753,82,1,92.312,115,1,3,2595,185610,0,0,0.000,9.450,13.033,0,0.000,14.905,16.869,0,0,1,0,4
PPG,2,20914,838110536,124,170606,191248,191312.859,-64.859,41.938,0,0,0,0,48.39,48.39,2,1,512,nan,2,2,53,1,1,18,18,0,0,0,838390951,0.04248,-0.01025,0.95557,0.95657,-0.00852,0.00132,0.00019,0.00862,0.96298,0.00694,0.00863,3,12123,0,1386,0.05904,0.04177,0.70753,82,1,92.312,115,1,3,4306,185610,0,0,0.000,9.450,13.033,0,0.000,14.905,16.869,0,0,1,0,4
PPG,2,20915,838150536,124,170602,191256,191312.297,-56.297,46.031,0,0,0,0,48.39,48.39,2,1,512,nan,2,2,53,1,1,19,19,0,0,0,838429983,0.04541,-0.00537,0.95898,0.96007,-0.00798,0.00265,-0.00034,0.00842,0.96063,0.00407,0.00842,3,12157,0,1386,0.05904,0.04177,0.70753,82,1,92.312,115,1,3,4326,185610,0,0,0.000,9.450,13.033,0,0.000,14.905,16.869,0,0,1,0,4
PPG,2,20916,838190536,124,170599,191258,191311.750,-53.750,48.984,0,0,0,0,48.39,48.39,2,1,512,nan,2,2,53,1,1,20,20,0,0,0,838468964,0.04150,-0.00391,0.96191,0.96282,-0.00798,0.00212,-0.00061,0.00828,0.96282,0.00809,0.00846,3,12117,0,1386,0.05904,0.04177,0.70753,82,1,92.312,115,1,3,2595,185610,0,0,0.000,9.450,13.033,0,0.000,14.905,16.869,0,0,1,0,4
PPG,2,20917,838230536,215,170576,191212,191310.750,-98.750,45.156,0,0,0,0,48.39,48.39,2,1,512,nan,2,2,53,1,1,21,21,0,0,0,838510506,0.04199,-0.00806,0.95801,0.95896,-0.00718,0.00212,0.00019,0.00749,0.96040,0.00241,0.00790,3,12117,0,1386,0.05904,0.04177,0.70753,82,1,92.312,115,1,3,4299,185610,0,0,0.000,9.450,13.033,0,0.000,14.905,16.869,0,0,1,0,4
PPG,2,20918,838270536,124,170556,191154,191309.188,-155.188,29.312,0,0,0,0,48.39,48.39,2,1,512,nan,2,2,53,1,1,22,22,0,0,0,838549597,0.04541,-0.00586,0.95996,0.96105,-0.00825,0.00318,-0.00061,0.00886,0.96220,0.00669,0.00886,3,12122,0,1386,0.05904,0.04177,0.70753,82,1,92.312,115,1,3,2599,185610,0,0,0.000,9.450,13.033,0,0.000,14.905,16.869,0,0,1,0,4
PPG,2,20919,838310536,520,170556,191170,191307.797,-137.797,13.016,0,0,0,0,48.39,48.39,2,1,512,nan,2,2,53,1,1,23,23,0,0,0,838591235,0.04175,-0.00806,0.95728,0.95822,-0.00718,0.00185,0.00073,0.00745,0.96049,0.00537,0.00821,3,12117,0,1386,0.04529,0.04429,0.97789,85,1,85.553,65,1,3,4304,185610,0,0,0.000,9.450,13.033,0,0.000,14.905,16.869,0,0,1,0,4
PPG,2,20920,838350536,175,170550,191168,191306.406,-138.406,-3.031,0,0,0,0,48.39,48.39,2,1,512,nan,2,2,53,1,1,24,24,0,0,0,838630666,0.04346,-0.00342,0.95654,0.95754,-0.00745,0.00345,-0.00007,0.00821,0.95826,0.00347,0.00821,3,12162,0,1386,0.04529,0.04429,0.97789,85,1,85.553,65,1,3,4322,185610,0,0,0.000,9.450,13.033,0,0.000,14.905,16.869,0,0,1,0,4
PPG,2,20921,838390536,124,170552,191180,191305.141,-125.141,-13.875,0,0,0,0,48.39,48.39,2,1,512,nan,2,2,53,1,1,25,25,0,0,0,838669659,0.04321,-0.00488,0.96045,0.96143,-0.00852,0.00238,-0.00061,0.00886,0.96143,0.00326,0.00886,3,12113,0,1386,0.04529,0.04429,0.97789,85,1,85.553,65,1,3,4301,185610,0,0,0.000,9.450,13.033,0,0.000,14.905,16.869,0,0,1,0,4
PPG,2,20922,838430536,125,170555,191186,191303.953,-117.953,-24.984,0,0,0,0,48.39,48.39,2,1,512,nan,2,2,53,1,1,26,26,0,0,0,838708618,0.03906,-0.00659,0.95874,0.95956,-0.00745,0.00158,-0.00034,0.00762,0.96455,0.01008,0.00846,3,12118,0,1386,0.04529,0.04429,0.97789,85,1,85.553,65,1,3,2609,185610,0,0,0.000,9.450,13.033,0,0.000,14.905,16.869,0,0,1,0,4
PPG,2,20923,838470536,124,170545,191174,191302.656,-128.656,-38.031,0,0,0,0,48.39,48.39,2,1,512,nan,2,2,53,1,1,27,27,0,0,0,838750219,0.04224,-0.00293,0.95972,0.96065,-0.00745,0.00212,-0.00061,0.00777,0.96065,0.00296,0.00889,3,12124,0,1386,0.04529,0.04429,0.97789,85,1,85.553,65,1,3,4305,185610,0,0,0.000,9.450,13.033,0,0.000,14.905,16.869,0,0,1,0,4
PPG,2,20924,838510536,147,170508,191161,191301.234,-140.234,-45.172,1,0,1,940,48.39,48.39,2,1,512,nan,2,2,53,1,1,28,28,0,0,0,838789139,0.04346,-0.00391,0.95874,0.95973,-0.00825,0.00212,-0.00087,0.00856,0.95973,0.00798,0.00856,3,12108,0,1386,0.04529,0.04429,0.97789,85,1,85.553,65,1,3,2599,185610,0,0,148.672,9.450,13.033,1,185.172,14.905,16.869,1,1,1,0,5
PPG,2,20925,838550536,122,170504,191130,191299.516,-169.516,-45.156,0,0,0,0,48.39,48.39,2,1,512,nan,2,2,53,1,1,29,29,0,0,0,838830746,0.04199,-0.00977,0.95483,0.95581,-0.00718,0.00238,-0.00034,0.00758,0.96502,0.00921,0.00758,3,12123,0,1386,0.04529,0.04429,0.97789,85,1,85.553,65,1,3,4307,185610,0,0,0.000,9.899,14.553,0,0.000,15.186,17.546,0,0,1,0,5
PPG,2,20926,838590536,175,170495,191118,191297.703,-179.703,-49.125,0,0,0,0,48.39,48.39,2,1,512,nan,2,2,53,1,1,30,30,0,0,0,838869659,0.04224,-0.00537,0.96021,0.96115,-0.00825,0.00212,0.00019,0.00852,0.96115,0.00290,0.00919,3,12113,0,1386,0.04529,0.04429,0.97789,85,1,85.553,65,1,3,2595,185610,0,0,0.000,9.899,14.553,0,0.000,14.774,18.513,0,0,1,0,5
PPG,2,20927,838630536,124,170501,191123,191295.953,-172.953,-51.062,0,0,0,0,48.39,48.39,2,1,512,nan,2,2,53,1,1,31,31,0,0,0,838911245,0.04248,-0.00269,0.95776,0.95871,-0.00772,0.00318,-0.00114,0.00842,0.96279,0.00530,0.00842,3,12122,0,1386,0.04529,0.04429,0.97789,85,1,85.553,65,1,3,4308,185610,0,0,0.000,9.899,14.553,0,0.000,14.774,18.513,0,0,1,0,5
PPG,2,20928,838670536,127,170489,191143,191294.422,-151.422,-51.484,0,0,0,0,48.39,48.39,2,1,512,nan,2,2,53,1,1,0,0,0,0,0,838950282,0.04102,-0.00806,0.96094,0.96185,-0.00718,0.00318,-0.00061,0.00788,0.96185,0.00402,0.00900,3,12139,0,1386,0.04529,0.04429,0.97789,85,1,85.553,65,1,3,4320,185610,0,0,0.000,9.899,14.553,0,0.000,14.774,18.513,0,0,1,0,5
PPG,2,20929,838710536,125,170503,191171,191293.188,-122.188,-50.531,0,0,0,0,48.39,48.39,2,1,512,nan,2,2,53,1,1,1,1,0,0,0,838989268,0.04224,-0.00439,0.95752,0.95846,-0.00772,0.00238,-0.00061,0.00810,0.96110,0.00603,0.00870,3,12133,0,1386,0.04529,0.04429,0.97789,85,1,85.553,65,1,3,2597,185610,0,0,0.000,9.899,14.553,0,0.000,14.774,18.513,0,0,1,0,5
PPG,2,20930,838750536,125,170500,191192,191292.172,-100.172,-45.172,0,0,0,0,48.39,48.39,2,1,512,nan,2,2,53,1,1,2,2,0,0,0,839030896,0.04199,-0.00732,0.95386,0.95481,-0.00825,0.00158,-0.00007,0.00840,0.96362,0.00881,0.00840,3,12128,0,1386,0.04529,0.04429,0.97789,85,1,85.553,65,1,3,4306,185610,0,0,0.000,9.899,14.553,0,0.000,14.774,18.513,0,0,1,0,5
PPG,2,20931,838790536,123,170479,191181,191291.062,-110.062,-37.609,0,0,0,0,48.39,48.39,2,1,512,nan,2,2,53,1,1,3,3,0,0,0,839070216,0.04517,-0.00610,0.95947,0.96055,-0.00852,0.00185,-0.00007,0.00871,0.96234,0.00654,0.00942,3,12281,0,1386,0.04529,0.04429,0.97789,85,1,85.553,65,1,3,4298,185610,0,0,0.000,9.899,14.553,0,0.000,14.774,18.513,0,0,1,0,5
PPG,2,20932,838830536,131,170498,191179,191289.938,-110.938,-25.516,0,0,0,0,48.39,48.39,2,1,512,nan,2,2,53,1,1,4,4,0,0,0,839125534,0.04419,-0.00732,0.95703,0.95808,-0.00718,0.00238,-0.00034,0.00758,0.95846,0.00293,0.00805,4,16224,0,1386,0.04529,0.04429,0.97789,85,1,85.553,65,1,3,16159,185610,0,0,0.000,9.899,14.553,0,0.000,14.774,18.513,0,0,1,0,5
PPG,2,20933,838870536,126,170516,191220,191289.234,-69.234,-8.484,0,0,0,0,48.39,48.39,2,1,512,nan,2,2,53,1,1,5,5,0,0,0,839149936,0.04175,-0.00488,0.95557,0.95649,-0.00772,0.00238,-0.00087,0.00812,0.96648,0.00999,0.00812,2,12180,0,1386,0.04529,0.04429,0.97789,85,1,85.553,65,1,3,4330,185610,0,0,0.000,9.899,14.553,0,0.000,14.774,18.513,0,0,1,0,5
PPG,2,20934,838910536,125,170513,191215,191288.484,-73.484,6.312,0,0,0,0,48.39,48.39,2,1,512,nan,2,2,53,1,1,6,6,0,0,0,839189026,0.04395,-0.00854,0.95801,0.95905,-0.00718,0.00185,-0.00087,0.00747,0.96057,0.00254,0.00861,3,12105,0,1386,0.04529,0.04429,0.97789,85,1,85.553,65,1,3,2594,185610,0,0,0.000,9.899,14.553,0,0.000,14.774,18.513,0,0,1,0,5
PPG,2,20935,838950536,186,170532,191247,191288.062,-41.062,21.625,0,0,0,0,48.39,48.39,2,1,512,nan,2,2,53,1,1,7,7,0,0,0,839230622,0.04175,-0.00220,0.95996,0.96087,-0.00772,0.00238,0.00046,0.00809,0.96247,0.00319,0.00809,3,12126,0,1386,0.04529,0.04429,0.97789,85,1,85.553,65,1,3,4296,185610,0,0,0.000,9.899,14.553,0,0.000,14.774,18.513,0,0,1,0,5
PPG,2,20936,838990536,126,170563,191280,191287.984,-7.984,36.078,0,0,0,0,48.39,48.39,2,1,512,nan,2,2,53,1,1,8,8,0,0,0,839270279,0.04492,-0.00830,0.95825,0.95934,-0.00798,0.00105,-0.00167,0.00822,0.95934,0.00738,0.00822,3,12275,0,1386,0.04529,0.04429,0.97789,85,1,85.553,65,1,3,4353,185610,0,0,0.000,9.899,14.553,0,0.000,14.774,18.513,0,0,1,0,5
PPG,2,20937,839030536,125,170567,191283,191287.938,-4.938,45.531,0,0,0,0,48.39,48.39,2,1,512,nan,2,2,53,1,1,9,9,0,0,0,839309603,0.04028,-0.00439,0.95850,0.95935,-0.00745,0.00292,-0.00114,0.00808,0.96207,0.00330,0.00833,3,12278,0,1386,0.04529,0.04429,0.97789,85,1,85.553,65,1,3,2625,185610,0,0,0.000,9.899,14.553,0,0.000,14.774,18.513,0,0,1,0,5
PPG,2,20938,839070536,134,170547,191267,191287.734,-20.734,52.172,0,0,0,0,48.39,48.39,2,1,512,nan,2,2,53,1,1,10,10,0,0,0,839351613,0.04297,-0.00684,0.95752,0.95851,-0.00852,0.00292,-0.00061,0.00902,0.96529,0.01005,0.00902,3,12278,0,1386,0.04529,0.04429,0.97789,85,1,85.553,65,1,3,4321,185610,0,0,0.000,9.899,14.553,0,0.000,14.774,18.513,0,0,1,0,5
PPG,2,20939,839110536,141,170504,191197,191286.828,-89.828,53.391,0,0,0,0,48.39,48.39,2,1,512,nan,2,2,53,1,1,11,11,0,0,0,839390984,0.04224,-0.00732,0.95044,0.95141,-0.00745,0.00238,-0.00007,0.00782,0.95834,0.00401,0.00838,3,12244,0,1386,0.04529,0.04429,0.97789,85,1,85.553,65,1,3,4328,185610,0,0,0.000,9.899,14.553,0,0.000,14.774,18.513,0,0,1,0,5
PPG,2,20940,839150536,218,170477,191109,191285.047,-176.047,40.484,0,0,0,0,48.39,48.39,2,1,512,nan,2,2,53,1,1,12,12,0,0,0,839430316,0.04004,-0.00781,0.95581,0.95668,-0.00852,0.00238,-0.00007,0.00884,0.96084,0.00943,0.00884,3,12238,0,1386,0.04529,0.04429,0.97789,85,1,85.553,65,1,3,4359,185610,0,0,0.000,9.899,14.553,0,0.000,14.774,18.513,0,0,1,0,5
PPG,2,20941,839190536,127,170468,191091,191283.109,-192.109,27.234,0,0,0,0,48.39,48.39,2,1,512,nan,2,2,53,1,1,13,13,0,0,0,839469797,0.03882,-0.00537,0.96484,0.96564,-0.00745,0.00212,-0.00167,0.00792,0.96564,0.00739,0.00902,3,12260,0,1386,0.04529,0.04429,0.97789,85,1,85.553,65,1,3,4358,185610,0,0,0.000,9.899,14.553,0,0.000,14.774,18.513,0,0,1,0,5
PPG,2,20942,839230536,128,170488,191112,191281.391,-169.391,11.625,0,0,0,0,48.39,48.39,2,1,512,nan,2,2,53,1,1,14,14,0,0,0,839509091,0.04175,-0.00903,0.96362,0.96457,-0.00798,0.00265,-0.00034,0.00842,0.96457,0.00813,0.00846,3,12264,0,1386,0.04529,0.04429,0.97789,85,1,85.553,65,1,3,2610,185610,0,0,0.000,9.899,14.553,0,0.000,14.774,18.513,0,0,1,0,5
PPG,2,20943,839270536,143,170517,191157,191280.141,-123.141,-5.078,0,0,0,0,48.39,48.39,2,1,512,nan,2,2,53,1,1,15,15,0,0,0,839551089,0.04199,-0.00244,0.95898,0.95991,-0.00745,0.00238,-0.00141,0.00795,0.96288,0.00505,0.00861,3,12284,0,1386,0.04529,0.04429,0.97789,85,1,85.553,65,1,3,4352,185610,0,0,0.000,9.899,14.553,0,0.000,14.774,18.513,0,0,1,0,5
PPG,2,20944,839310536,522,170548,191181,191279.156,-98.156,-20.656,0,0,0,0,48.39,48.39,2,1,512,nan,2,2,53,1,1,16,16,0,0,0,839590404,0.04126,-0.00024,0.96069,0.96158,-0.00798,0.00079,-0.00087,0.00807,0.96158,0.00548,0.00807,3,12213,0,1386,0.05166,0.05326,1.03104,93,1,84.224,68,1,3,4317,185610,0,0,0.000,9.899,14.553,0,0.000,14.774,18.513,0,0,1,0,5
PPG,2,20945,839350536,175,170560,191198,191278.344,-80.344,-33.922,0,0,0,0,48.39,48.39,2,1,512,nan,2,2,53,1,1,17,17,0,0,0,839630128,0.04541,-0.01001,0.96338,0.96450,-0.00772,0.00158,-0.00034,0.00788,0.96450,0.00685,0.00788,3,12240,0,1386,0.05166,0.05326,1.03104,93,1,84.224,68,1,3,4333,185610,0,0,0.000,9.899,14.553,0,0.000,14.774,18.513,0,0,1,0,5
PPG,2,20946,839390536,125,170578,191217,191277.734,-60.734,-36.016,0,0,0,0,48.39,48.39,2,1,512,nan,2,2,53,1,1,18,18,0,0,0,839669483,0.04028,-0.01025,0.95728,0.95818,-0.00798,0.00185,-0.00007,0.00819,0.96037,0.00918,0.00819,3,12238,0,1386,0.05166,0.05326,1.03104,93,1,84.224,68,1,3,2629,185610,0,0,0.000,9.899,14.553,0,0.000,14.774,18.513,0,0,1,0,5
PPG,2,20947,839430536,146,170582,191231,191277.266,-46.266,-23.969,1,0,1,920,63.83,63.83,2,1,0,nan,2,2,53,1,1,19,19,0,0,0,839711383,0.03955,-0.00708,0.95972,0.96056,-0.00852,0.00212,-0.00061,0.00880,0.96056,0.00512,0.00880,3,12247,0,1386,0.05166,0.05326,1.03104,93,1,84.224,68,1,3,4321,185610,0,0,68.938,9.899,14.553,1,104.875,14.774,18.513,1,1,1,0,6
PPG,2,20948,839470536,127,170588,191237,191276.859,-39.859,-7.828,0,0,0,0,63.83,63.83,2,1,0,nan,2,2,53,1,1,20,20,0,0,0,839750721,0.04419,-0.00806,0.95020,0.95126,-0.00852,0.00079,-0.00114,0.00863,0.96031,0.00456,0.00964,3,12235,0,1386,0.05166,0.05326,1.03104,93,1,84.224,68,1,3,4357,185610,0,0,0.000,9.793,14.194,0,0.000,14.518,17.863,0,0,1,0,6
PPG,2,20949,839510536,133,170580,191260,191276.688,-16.688,8.875,0,0,0,0,63.83,63.83,2,1,0,nan,2,2,53,1,1,21,21,0,0,0,839790068,0.03711,-0.00781,0.95850,0.95925,-0.00825,0.00158,-0.00114,0.00848,0.96393,0.01268,0.00848,3,12250,0,1386,0.05166,0.05326,1.03104,93,1,84.224,68,1,3,4340,185610,0,0,0.000,9.793,14.194,0,0.000,14.518,17.863,0,0,1,0,6
PPG,2,20950,839550536,137,170608,191279,191276.703,2.297,21.953,0,0,0,0,63.83,63.83,2,1,0,nan,2,2,53,1,1,22,22,0,0,0,839829426,0.04224,-0.00586,0.96021,0.96115,-0.00878,0.00132,-0.00034,0.00889,0.96115,0.00754,0.00921,3,12232,0,1386,0.05166,0.05326,1.03104,93,1,84.224,68,1,3,2628,185610,0,0,0.000,9.793,14.194,0,0.000,14.518,17.863,0,0,1,0,6
PPG,2,20951,839590536,125,170618,191325,191277.188,47.812,35.328,0,0,0,0,63.83,63.83,2,1,0,nan,2,2,53,1,1,23,23,0,0,0,839871334,0.04468,-0.00562,0.95898,0.96004,-0.00825,0.00185,-0.00114,0.00853,0.96284,0.00241,0.00853,3,12163,0,1386,0.05166,0.05326,1.03104,93,1,84.224,68,1,3,4309,185610,0,0,0.000,9.793,14.194,0,0.000,14.518,17.863,0,0,1,0,6
PPG,2,20952,839630536,126,170594,191315,191277.562,37.438,45.234,0,0,0,0,63.83,63.83,2,1,0,nan,2,2,53,1,1,24,24,0,0,0,839910475,0.04224,-0.00635,0.95752,0.95847,-0.00692,0.00212,-0.00087,0.00729,0.95847,0.00556,0.00782,3,12113,0,1386,0.05166,0.05326,1.03104,93,1,84.224,68,1,3,4298,185610,0,0,0.000,9.793,14.194,0,0.000,14.518,17.863,0,0,1,0,6
PPG,2,20953,839670536,129,170627,191346,191278.250,67.750,57.375,0,0,0,0,63.83,63.83,2,1,0,nan,2,2,53,1,1,25,25,0,0,0,839949515,0.04443,-0.00610,0.95557,0.95662,-0.00745,0.00238,-0.00007,0.00782,0.96052,0.00242,0.00791,3,12114,0,1386,0.05166,0.05326,1.03104,93,1,84.224,68,1,3,2599,185610,0,0,0.000,9.793,14.194,0,0.000,14.518,17.863,0,0,1,0,6
PPG,2,20954,839710536,137,170624,191365,191279.125,85.875,69.016,0,0,0,0,63.83,63.83,2,1,0,nan,2,2,53,1,1,26,26,0,0,0,839991144,0.04028,-0.00757,0.95093,0.95181,-0.00825,0.00292,-0.00061,0.00877,0.95528,0.00354,0.00877,3,12118,0,1386,0.05166,0.05326,1.03104,93,1,84.224,68,1,3,4297,185610,0,0,0.000,9.793,14.194,0,0.000,14.518,17.863,0,0,1,0,6
PPG,2,20955,839750536,181,170617,191375,191280.078,94.922,82.328,0,1,0,0,63.83,63.83,2,1,0,nan,2,2,53,1,1,27,27,0,0,0,840030116,0.03979,-0.00684,0.95483,0.95569,-0.00772,0.00105,-0.00167,0.00797,0.95861,0.00680,0.00893,3,12134,0,1386,0.05166,0.05326,1.03104,93,1,84.224,68,1,3,4299,185610,0,0,0.000,9.793,14.194,0,0.000,14.518,17.863,0,0,1,0,6
PPG,2,20956,839790536,126,170631,191393,191281.203,111.797,95.672,0,0,0,0,63.83,63.83,2,1,0,nan,2,2,53,1,1,28,28,0,0,0,840069234,0.04395,-0.00830,0.96094,0.96198,-0.00745,0.00158,0.00019,0.00762,0.96198,0.00537,0.00838,3,12236,0,1386,0.05166,0.05326,1.03104,93,1,84.224,68,1,3,2605,185610,0,0,0.000,9.793,14.194,0,0.000,14.518,17.863,0,0,1,0,6
PPG,2,20957,839830536,130,170637,191411,191282.500,128.500,108.125,0,0,0,0,63.83,63.83,2,1,0,nan,2,2,53,1,1,29,29,0,0,0,840126992,0.04492,-0.00244,0.95605,0.95711,-0.00878,0.00185,-0.00034,0.00898,0.95853,0.00439,0.00898,4,16228,0,1386,0.05166,0.05326,1.03104,93,1,84.224,68,1,3,16164,185610,0,0,0.000,9.793,14.194,0,0.000,14.518,17.863,0,0,1,0,6
PPG,2,20958,839870536,179,170635,191413,191283.812,129.188,113.406,0,0,0,0,63.83,63.83,2,1,0,nan,2,2,53,1,1,30,30,0,0,0,840151329,0.04126,-0.00757,0.95728,0.95819,-0.00745,0.00238,-0.00087,0.00787,0.96039,0.00328,0.00874,2,12165,0,1386,0.05166,0.05326,1.03104,93,1,84.224,68,1,3,4307,185610,0,0,0.000,9.661,14.536,0,0.000,14.518,17.863,0,0,1,0,6
PPG,2,20959,839910536,126,170656,191450,191285.469,164.531,120.031,0,0,0,0,63.83,63.83,2,1,0,nan,2,2,53,1,1,31,31,0,0,0,840190447,0.04126,-0.00415,0.95630,0.95720,-0.00825,0.00132,-0.00061,0.00838,0.95928,0.00648,0.00843,3,12123,0,1386,0.05166,0.05326,1.03104,93,1,84.224,68,1,3,4300,185610,0,0,0.000,9.661,14.536,0,0.000,14.518,17.863,0,0,1,0,6
PPG,2,20960,839950536,222,170643,191402,191286.641,115.359,113.375,0,0,0,0,63.83,63.83,2,1,0,nan,2,2,53,1,1,0,0,0,0,0,840229425,0.04419,-0.00732,0.95752,0.95857,-0.00772,0.00185,-0.00007,0.00794,0.96076,0.00381,0.00796,3,12126,0,1386,0.05166,0.05326,1.03104,93,1,84.224,68,1,3,2594,185610,0,0,0.000,9.684,14.476,0,0.000,14.518,17.863,0,0,1,0,6
PPG,2,20961,839990536,160,170614,191323,191287.000,36.000,95.781,0,0,0,0,63.83,63.83,2,1,0,nan,2,2,53,1,1,1,1,0,0,0,840271132,0.03857,-0.00464,0.95264,0.95343,-0.00692,0.00105,0.00019,0.00700,0.96467,0.01124,0.00747,3,12179,0,1386,0.05166,0.05326,1.03104,93,1,84.224,68,1,3,4302,185610,0,0,0.000,9.684,14.476,0,0.000,14.518,17.863,0,0,1,0,6
PPG,2,20962,840030536,130,170581,191286,191286.984,-0.984,74.375,0,0,0,0,63.83,63.83,2,1,0,nan,2,2,53,1,1,2,2,0,0,0,840310124,0.04053,-0.00537,0.95679,0.95766,-0.00692,0.00212,-0.00061,0.00726,0.96174,0.00948,0.00788,3,12129,0,1386,0.05166,0.05326,1.03104,93,1,84.224,68,1,3,4299,185610,0,0,51.469,9.684,14.476,1,0.000,14.518,17.863,0,0,1,0,6
PPG,2,20963,840070536,124,170594,191284,191286.953,-2.953,52.453,0,0,0,0,63.83,63.83,2,1,0,nan,2,2,53,1,1,3,3,0,0,0,840349088,0.04370,-0.00464,0.94727,0.94828,-0.00772,0.00212,-0.00087,0.00805,0.95721,0.00892,0.00894,3,12132,0,1386,0.05166,0.05326,1.03104,93,1,84.224,68,1,3,2598,185610,0,0,0.000,9.684,14.476,0,0.000,14.518,17.863,0,0,1,0,6
PPG,2,20964,840110536,190,170608,191311,191287.188,23.812,31.672,0,0,0,0,63.83,63.83,2,1,0,nan,2,2,53,1,1,4,4,0,0,0,840390966,0.04102,-0.00854,0.95337,0.95429,-0.00798,0.00185,-0.00061,0.00822,0.96132,0.01303,0.00874,3,12290,0,1386,0.05166,0.05326,1.03104,93,1,84.224,68,1,3,4375,185610,0,0,0.000,9.684,14.476,0,0.000,14.518,17.863,0,0,1,0,6
PPG,2,20965,840150536,126,170613,191332,191287.641,44.359,13.391,0,0,0,0,63.83,63.83,2,1,0,nan,2,2,53,1,1,5,5,0,0,0,840430338,0.03979,-0.00562,0.96460,0.96544,-0.00772,0.00212,-0.00167,0.00817,0.96544,0.01124,0.00860,3,12181,0,1386,0.05166,0.05326,1.03104,93,1,84.224,68,1,3,4302,185610,0,0,0.000,9.684,14.476,0,0.000,14.518,17.863,0,0,1,0,6
PPG,2,20966,840190536,129,170594,191336,191288.125,47.875,-8.844,0,0,0,0,63.83,63.83,2,1,512,nan,2,2,53,1,1,6,6,0,0,0,840469270,0.04102,-0.00586,0.95850,0.95939,-0.00852,0.00265,0.00046,0.00893,0.96277,0.00777,0.00893,3,12114,0,1386,0.05166,0.05326,1.03104,93,1,84.224,68,1,3,2616,185610,0,0,0.000,9.684,14.476,0,0.000,14.518,17.863,0,0,1,0,5
PPG,2,20967,840230536,126,170589,191310,191288.344,21.656,-25.938,1,0,0,0,63.83,63.83,2,1,512,nan,2,2,53,1,1,7,7,0,0,0,840510981,0.04224,-0.00806,0.95923,0.96019,-0.00825,0.00158,-0.00114,0.00848,0.96019,0.00535,0.00855,3,12127,0,1386,0.05166,0.05326,1.03104,93,1,84.224,68,1,3,4301,185610,0,0,0.000,9.684,14.476,0,156.047,14.518,17.863,1,0,1,0,5
PPG,2,20968,840270536,127,170598,191316,191288.625,27.375,-30.875,0,0,0,0,63.83,63.83,2,1,512,nan,2,2,53,1,1,8,8,0,0,0,840550188,0.04028,-0.00293,0.95703,0.95788,-0.00825,0.00132,-0.00114,0.00843,0.96129,0.00296,0.00911,3,12118,0,1386,0.05166,0.05326,1.03104,93,1,84.224,68,1,3,4300,185610,0,0,0.000,9.684,14.476,0,0.000,14.518,17.863,0,0,1,0,5
PPG,2,20969,840310536,511,170619,191354,191289.281,64.719,-25.875,0,0,0,0,63.83,63.83,2,1,512,nan,2,2,53,1,1,9,9,0,0,0,840589544,0.04590,-0.00562,0.95703,0.95815,-0.00852,0.00158,-0.00034,0.00867,0.95905,0.00421,0.00946,3,12278,0,1386,0.04981,0.04252,0.85354,85,1,88.662,115,1,3,2628,185610,0,0,0.000,9.684,14.476,0,0.000,14.518,17.863,0,0,1,0,5
PPG,2,20970,840350536,191,170621,191349,191289.875,59.125,-20.078,0,0,0,0,63.83,63.83,2,1,512,nan,2,2,53,1,1,10,10,0,0,0,840631949,0.04004,-0.00732,0.95483,0.95570,-0.00878,0.00132,-0.00087,0.00892,0.95875,0.00295,0.00892,3,12267,0,1386,0.04981,0.04252,0.85354,85,1,88.662,115,1,3,4339,185610,0,0,0.000,9.684,14.476,0,0.000,14.518,17.863,0,0,1,0,5
PPG,2,20971,840390536,143,170633,191395,191290.922,104.078,-11.578,0,0,0,0,63.83,63.83,2,1,512,nan,2,2,53,1,1,11,11,0,0,0,840671243,0.03809,-0.00635,0.96118,0.96196,-0.00825,0.00212,-0.00114,0.00859,0.96196,0.00680,0.00886,3,12229,0,1386,0.04981,0.04252,0.85354,85,1,88.662,115,1,3,4339,185610,0,0,0.000,9.684,14.476,0,0.000,14.518,17.863,0,0,1,0,5
PPG,2,20972,840430536,138,170678,191454,191292.547,161.453,-1.109,0,0,0,0,63.83,63.83,2,1,512,nan,2,2,53,1,1,12,12,0,0,0,840710644,0.04004,-0.00806,0.95947,0.96034,-0.00772,0.00185,0.00046,0.00795,0.96126,0.00366,0.00889,3,12247,0,1386,0.04981,0.04252,0.85354,85,1,88.662,115,1,3,4330,185610,0,0,0.000,9.684,14.476,0,0.000,14.518,17.863,0,0,1,0,5
PPG,2,20973,840470536,126,170685,191464,191294.266,169.734,11.266,0,0,0,0,63.83,63.83,2,1,512,nan,2,2,53,1,1,13,13,0,0,0,840749975,0.04468,-0.00781,0.95532,0.95640,-0.00852,0.00079,-0.00061,0.00857,0.96254,0.00421,0.00857,3,12242,0,1386,0.04981,0.04252,0.85354,85,1,88.662,115,1,3,2635,185610,0,0,0.000,9.684,14.476,0,0.000,14.518,17.863,0,0,1,0,5
PPG,2,20974,840510536,136,170664,191461,191295.938,165.062,28.047,0,0,0,0,63.83,63.83,2,1,512,nan,2,2,53,1,1,14,14,0,0,0,840791989,0.04443,-0.00586,0.95972,0.96076,-0.00798,0.00079,-0.00034,0.00803,0.96136,0.00250,0.00840,3,12278,0,1386,0.04981,0.04252,0.85354,85,1,88.662,115,1,3,4330,185610,0,0,0.000,9.684,14.476,0,0.000,14.518,17.863,0,0,1,0,5
PPG,2,20975,840550536,129,170650,191415,191297.125,117.875,40.188,0,0,0,0,63.83,63.83,2,1,512,nan,2,2,53,1,1,15,15,0,0,0,840831314,0.04663,-0.00513,0.95850,0.95964,-0.00772,0.00238,-0.00194,0.00831,0.95964,0.00529,0.00850,3,12246,0,1386,0.04981,0.04252,0.85354,85,1,88.662,115,1,3,4333,185610,0,0,0.000,9.684,14.476,0,0.000,14.518,17.863,0,0,1,0,5
PPG,2,20976,840590536,126,170638,191405,191298.203,106.797,46.875,0,0,0,0,63.83,63.83,2,1,512,nan,2,2,53,1,1,16,16,0,0,0,840870717,0.04248,-0.00635,0.96143,0.96238,-0.00798,0.00185,-0.00114,0.00827,0.96238,0.00731,0.00827,3,12261,0,1386,0.04981,0.04252,0.85354,85,1,88.662,115,1,3,4341,185610,0,0,0.000,9.684,14.476,0,0.000,14.518,17.863,0,0,1,0,5
PPG,2,20977,840630536,125,170623,191403,191299.250,103.750,54.984,0,0,0,0,63.83,63.83,2,1,512,nan,2,2,53,1,1,17,17,0,0,0,840909983,0.04150,-0.01001,0.95947,0.96042,-0.00718,0.00292,-0.00141,0.00788,0.96042,0.00692,0.00802,3,12198,0,1386,0.04981,0.04252,0.85354,85,1,88.662,115,1,3,2623,185610,0,0,0.000,9.684,14.476,0,0.000,14.518,17.863,0,0,1,0,5
PPG,2,20978,840670536,177,170629,191416,191300.422,115.578,57.844,0,0,0,0,63.83,63.83,2,1,512,nan,2,2,53,1,1,18,18,0,0,0,840951898,0.04541,-0.00537,0.95776,0.95885,-0.00718,0.00212,-0.00194,0.00774,0.96306,0.00705,0.00817,3,12253,0,1386,0.04981,0.04252,0.85354,85,1,88.662,115,1,3,4334,185610,0,0,0.000,9.684,14.476,0,0.000,14.518,17.863,0,0,1,0,5
PPG,2,20979,840710536,173,170628,191444,191301.859,142.141,56.719,0,0,0,0,63.83,63.83,2,1,512,nan,2,2,53,1,1,19,19,0,0,0,840991237,0.04028,-0.00439,0.95264,0.95350,-0.00692,0.00105,-0.00061,0.00702,0.96140,0.00790,0.00830,3,12271,0,1386,0.04981,0.04252,0.85354,85,1,88.662,115,1,3,4331,185610,0,0,0.000,9.684,14.476,0,0.000,14.518,17.863,0,0,1,0,5
PPG,2,20980,840750536,125,170642,191450,191303.344,146.656,52.312,0,0,0,0,63.83,63.83,2,1,512,nan,2,2,53,1,1,20,20,0,0,0,841030574,0.04150,-0.01294,0.95923,0.96021,-0.00772,0.00132,-0.00141,0.00795,0.96490,0.01138,0.00795,3,12262,0,1386,0.04981,0.04252,0.85354,85,1,88.662,115,1,3,4325,185610,0,0,0.000,9.684,14.476,0,0.000,14.518,17.863,0,0,1,0,5
PPG,2,20981,840790536,125,170621,191439,191304.703,134.297,43.375,0,0,0,0,63.83,63.83,2,1,512,nan,2,2,53,1,1,21,21,0,0,0,841069868,0.04468,-0.00464,0.95386,0.95491,-0.00825,0.00105,-0.00141,0.00843,0.96056,0.00647,0.00843,3,12238,0,1386,0.04981,0.04252,0.85354,85,1,88.662,115,1,3,2623,185610,0,0,0.000,9.684,14.476,0,0.000,14.518,17.863,0,0,1,0,5
PPG,2,20982,840830536,130,170575,191331,191304.969,26.031,29.125,0,0,0,0,63.83,63.83,2,1,512,nan,2,2,53,1,1,22,22,0,0,0,841128170,0.04028,-0.00464,0.95703,0.95789,-0.00825,0.00318,-0.00007,0.00884,0.95911,0.00323,0.00884,4,16355,0,1386,0.04981,0.04252,0.85354,85,1,88.662,115,1,3,16295,185610,0,0,0.000,9.684,14.476,0,0.000,14.518,17.863,0,0,1,0,5
PPG,2,20983,840870536,128,170549,191266,191304.578,-38.578,10.172,0,0,0,0,63.83,63.83,2,1,512,nan,2,2,53,1,1,23,23,0,0,0,841152640,0.04248,-0.00610,0.95752,0.95848,-0.00798,0.00212,-0.00061,0.00828,0.95848,0.00271,0.00902,2,12286,0,1386,0.04981,0.04252,0.85354,85,1,88.662,115,1,3,4336,185610,0,0,0.000,9.684,14.476,0,0.000,14.518,17.863,0,0,1,0,5
PPG,2,20984,840910536,138,170543,191259,191304.125,-45.125,-7.812,0,0,0,0,63.83,63.83,2,1,512,nan,2,2,53,1,1,24,24,0,0,0,841191855,0.04321,-0.00586,0.95117,0.95217,-0.00798,0.00185,-0.00087,0.00824,0.96000,0.00783,0.00841,3,12156,0,1386,0.04981,0.04252,0.85354,85,1,88.662,115,1,3,4326,185610,0,0,0.000,9.684,14.476,0,0.000,14.518,17.863,0,0,1,0,5
PPG,2,20985,840950536,188,170559,191288,191303.969,-15.969,-23.891,0,0,0,0,63.83,63.83,2,1,512,nan,2,2,53,1,1,25,25,0,0,0,841231174,0.04492,-0.00415,0.96436,0.96541,-0.00718,0.00238,-0.00087,0.00762,0.96541,0.00691,0.00801,3,12121,0,1386,0.04981,0.04252,0.85354,85,1,88.662,115,1,3,4303,185610,0,0,42.531,9.684,14.476,1,0.000,14.518,17.863,0,0,1,0,5
PPG,2,20986,840990536,150,170554,191288,191303.812,-15.812,-43.766,1,0,1,1540,48.39,48.39,2,1,528,nan,2,2,53,1,1,26,26,0,0,0,841270332,0.04004,-0.00879,0.95581,0.95669,-0.00958,0.00238,-0.00007,0.00987,0.95669,0.01015,0.00987,3,12122,0,1386,0.04981,0.04252,0.85354,85,1,88.662,115,1,3,2601,185610,0,0,0.000,9.684,14.476,0,88.719,14.518,17.863,1,1,1,0,5
PPG,2,20987,841030536,144,170586,191344,191304.219,39.781,-60.625,0,0,0,0,48.39,48.39,2,1,528,nan,2,2,53,1,1,27,27,0,0,0,841312098,0.04297,-0.00537,0.95947,0.96045,-0.00692,0.00185,-0.00194,0.00742,0.96045,0.00464,0.00835,3,12129,0,1386,0.04981,0.04252,0.85354,85,1,88.662,115,1,3,4301,185610,0,0,0.000,9.426,13.585,0,0.000,14.193,17.038,0,0,1,0,5
PPG,2,20988,841070536,131,170571,191333,191304.500,28.500,-76.625,0,0,0,0,48.39,48.39,2,1,528,nan,2,2,53,1,1,28,28,0,0,0,841351083,0.04565,-0.00586,0.95703,0.95814,-0.00825,0.00158,-0.00034,0.00841,0.95814,0.00541,0.00841,3,12123,0,1386,0.04981,0.04252,0.85354,85,1,88.662,115,1,3,4302,185610,0,0,0.000,9.426,13.585,0,0.000,14.193,17.038,0,0,1,0,5
PPG,2,20989,841110536,126,170561,191333,191304.781,28.219,-75.266,0,0,0,0,48.39,48.39,2,1,528,nan,2,2,53,1,1,29,29,0,0,0,841390030,0.04224,-0.00781,0.95972,0.96068,-0.00745,0.00212,-0.00141,0.00787,0.96384,0.00694,0.00821,3,12127,0,1386,0.04981,0.04252,0.85354,85,1,88.662,115,1,3,2602,185610,0,0,0.000,9.426,13.585,0,0.000,14.193,17.038,0,0,1,0,5
PPG,2,20990,841150536,127,170576,191353,191305.266,47.734,-63.047,0,0,0,0,48.39,48.39,2,1,528,nan,2,2,53,1,1,30,30,0,0,0,841431636,0.04102,-0.00562,0.95703,0.95793,-0.00718,0.00292,-0.00007,0.00775,0.96063,0.00200,0.00827,3,12129,0,1386,0.04981,0.04252,0.85354,85,1,88.662,115,1,3,4296,185610,0,0,0.000,9.426,13.585,0,0.000,14.193,17.038,0,0,1,0,5
PPG,2,20991,841190536,127,170590,191385,191306.062,78.938,-44.547,0,0,0,0,48.39,48.39,2,1,528,nan,2,2,53,1,1,31,31,0,0,0,841470598,0.04346,-0.00732,0.95264,0.95366,-0.00772,0.00158,-0.00007,0.00788,0.95426,0.00366,0.00841,3,12131,0,1386,0.04981,0.04252,0.85354,85,1,88.662,115,1,3,4297,185610,0,0,0.000,9.426,13.585,0,0.000,14.193,17.038,0,0,1,0,5
PPG,2,20992,841230536,127,170582,191395,191306.953,88.047,-26.312,0,0,0,0,48.39,48.39,2,1,528,nan,2,2,53,1,1,0,0,0,0,0,841509685,0.04541,-0.00586,0.96094,0.96203,-0.00745,0.00105,-0.00061,0.00755,0.96203,0.00625,0.00829,3,12158,0,1386,0.04981,0.04252,0.85354,85,1,88.662,115,1,3,2604,185610,0,0,0.000,9.426,13.585,0,0.000,14.193,17.038,0,0,1,0,5
PPG,2,20993,841270536,125,170580,191393,191307.812,85.188,-7.766,0,0,0,0,48.39,48.39,2,1,528,nan,2,2,53,1,1,1,1,0,0,0,841551299,0.04248,-0.00244,0.95435,0.95529,-0.00772,0.00185,0.00073,0.00797,0.96195,0.00665,0.00797,3,12128,0,1386,0.04981,0.04252,0.85354,85,1,88.662,115,1,3,4305,185610,0,0,0.000,9.426,13.585,0,0.000,14.193,17.038,0,0,1,0,5
PPG,2,20994,841310536,517,170581,191405,191308.781,96.219,3.750,0,0,0,0,48.39,48.39,2,1,528,nan,2,2,53,1,1,2,2,0,0,0,841590354,0.04224,-0.00586,0.95874,0.95969,-0.00718,0.00105,-0.00061,0.00729,0.96023,0.00615,0.00731,3,12122,0,1386,0.05135,0.02998,0.58384,85,1,95.404,115,1,3,2640,185610,0,0,0.000,9.426,13.585,0,0.000,14.193,17.038,0,0,1,0,5
PPG,2,20995,841350536,176,170603,191447,191310.156,136.844,18.438,0,0,0,0,48.39,48.39,2,1,528,nan,2,2,53,1,1,3,3,0,0,0,841632395,0.04272,-0.00488,0.95166,0.95263,-0.00798,0.00132,-0.00007,0.00809,0.96460,0.01197,0.00809,3,12112,0,1386,0.05135,0.02998,0.58384,85,1,95.404,115,1,3,4297,185610,0,0,0.000,9.426,13.585,0,0.000,14.193,17.038,0,0,1,0,5
PPG,2,20996,841390536,129,170616,191467,191311.719,155.281,34.469,0,0,0,0,48.39,48.39,2,1,528,nan,2,2,53,1,1,4,4,0,0,0,841671489,0.04321,-0.00586,0.96118,0.96217,-0.00718,0.00292,-0.00061,0.00778,0.96217,0.00927,0.00845,3,12117,0,1386,0.05135,0.02998,0.58384,85,1,95.404,115,1,3,4294,185610,0,0,0.000,9.426,13.585,0,0.000,14.193,17.038,0,0,1,0,5
PPG,2,20997,841430536,126,170637,191482,191313.422,168.578,48.953,0,0,0,0,48.39,48.39,2,1,528,nan,2,2,53,1,1,5,5,0,0,0,841710540,0.04077,-0.00537,0.95752,0.95840,-0.00905,0.00185,-0.00007,0.00924,0.96094,0.00809,0.00924,3,12208,0,1386,0.05135,0.02998,0.58384,85,1,95.404,115,1,3,2601,185610,0,0,0.000,9.426,13.585,0,0.000,14.193,17.038,0,0,1,0,5
PPG,2,20998,841470536,133,170624,191477,191315.062,161.938,59.047,0,0,0,0,48.39,48.39,2,1,528,nan,2,2,53,1,1,6,6,0,0,0,841752153,0.03906,-0.00781,0.95410,0.95493,-0.00905,0.00265,-0.00141,0.00953,0.95666,0.00414,0.00953,3,12150,0,1386,0.05135,0.02998,0.58384,85,1,95.404,115,1,3,4301,185610,0,0,0.000,9.426,13.585,0,0.000,14.193,17.038,0,0,1,0,5
PPG,2,20999,841510536,126,170624,191481,191316.719,164.281,69.484,0,0,0,0,48.39,48.39,2,1,528,nan,2,2,53,1,1,7,7,0,0,0,841791196,0.04004,-0.00391,0.95703,0.95788,-0.00852,0.00105,-0.00007,0.00858,0.96298,0.00805,0.00874,3,12121,0,1386,0.05135,0.02998,0.58384,85,1,95.404,115,1,3,4303,185610,0,0,0.000,9.426,13.585,0,0.000,14.193,17.038,0,0,1,0,5
PPG,2,21000,841550536,129,170592,191479,191318.344,160.656,80.328,0,1,0,0,48.39,48.39,2,1,528,nan,2,2,53,1,1,8,8,0,0,0,841830254,0.04077,-0.00513,0.96606,0.96694,-0.00718,0.00185,-0.00061,0.00744,0.96694,0.00810,0.00827,3,12131,0,1386,0.05135,0.02998,0.58384,85,1,95.404,115,1,3,2604,185610,0,0,0.000,9.426,13.585,0,0.000,14.193,17.038,0,0,1,0,5
PPG,2,21001,841590536,125,170568,191438,191319.547,118.453,85.078,0,0,0,0,48.39,48.39,2,1,528,nan,2,2,53,1,1,9,9,0,0,0,841871789,0.04175,-0.00317,0.95801,0.95892,-0.00798,0.00265,-0.00034,0.00842,0.96048,0.00978,0.00842,3,12119,0,1386,0.05135,0.02998,0.58384,85,1,95.404,115,1,3,4304,185610,0,0,0.000,9.426,13.585,0,0.000,14.193,17.038,0,0,1,0,5
PPG,2,21002,841630536,219,170584,191477,191321.125,155.875,82.078,0,0,0,0,48.39,48.39,2,1,528,nan,2,2,53,1,1,10,10,0,0,0,841910801,0.04199,-0.00830,0.95703,0.95799,-0.00745,0.00158,0.00046,0.00763,0.95898,0.00313,0.00776,3,12177,0,1386,0.05135,0.02998,0.58384,85,1,95.404,115,1,3,4306,185610,0,0,0.000,9.426,13.585,0,0.000,14.193,17.038,0,0,1,0,5
PPG,2,21003,841670536,126,170590,191460,191322.516,137.484,71.375,0,0,0,0,48.39,48.39,2,1,528,nan,2,2,53,1,1,11,11,0,0,0,841949855,0.04199,-0.00928,0.95996,0.96092,-0.00718,0.00158,-0.00114,0.00744,0.96092,0.00206,0.00885,3,12126,0,1386,0.05135,0.02998,0.58384,85,1,95.404,115,1,3,2601,185610,0,0,0.000,9.426,13.585,0,0.000,14.193,17.038,0,0,1,0,5
PPG,2,21004,841710536,127,170553,191352,191322.812,29.188,48.156,0,0,0,0,48.39,48.39,2,1,528,nan,2,2,53,1,1,12,12,0,0,0,841991408,0.04150,-0.00513,0.95947,0.96038,-0.00772,0.00132,-0.00061,0.00785,0.96038,0.01150,0.00785,3,12120,0,1386,0.05135,0.02998,0.58384,85,1,95.404,115,1,3,4295,185610,0,0,0.000,9.426,13.585,0,0.000,14.193,17.038,0,0,1,0,5
PPG,2,21005,841750536,130,170533,191297,191322.547,-25.547,21.984,0,0,0,0,48.39,48.39,2,1,528,nan,2,2,53,1,1,13,13,0,0,0,842030494,0.04297,-0.00635,0.95801,0.95899,-0.00798,0.00292,-0.00061,0.00852,0.96231,0.00487,0.00852,3,12136,0,1386,0.05135,0.02998,0.58384,85,1,95.404,115,1,3,2601,185610,0,0,0.000,9.426,13.585,0,0.000,14.193,17.038,0,0,1,0,5
PPG,2,21006,841790536,153,170537,191324,191322.562,1.438,-2.234,0,0,0,0,48.39,48.39,2,1,528,nan,2,2,53,1,1,14,14,0,0,0,842072056,0.04248,-0.00366,0.95483,0.95579,-0.00852,0.00185,-0.00061,0.00874,0.95995,0.00417,0.00874,3,12127,0,1386,0.05135,0.02998,0.58384,85,1,95.404,115,1,3,4298,185610,0,0,0.000,9.426,13.585,0,0.000,14.193,17.038,0,0,1,0,5
PPG,2,21007,841830536,126,170545,191346,191322.797,23.203,-21.344,0,0,0,0,48.39,48.39,2,1,528,nan,2,2,53,1,1,15,15,0,0,0,842111138,0.04028,-0.00586,0.95630,0.95716,-0.00692,0.00212,-0.00007,0.00723,0.95969,0.00291,0.00885,3,12159,0,1386,0.05135,0.02998,0.58384,85,1,95.404,115,1,3,4318,185610,0,0,0.000,9.426,13.585,0,0.000,14.193,17.038,0,0,1,0,5
PPG,2,21008,841870536,140,170559,191363,191323.203,39.797,-33.562,0,0,0,0,48.39,48.39,2,1,528,nan,2,2,53,2,2,17,17,0,0,0,842199910,0.03906,-0.00610,0.95679,0.95760,-0.00772,0.00185,0.00019,0.00794,0.95760,0.00453,0.00794,2,62179,0,1392,0.05135,0.02998,0.58384,85,1,95.404,115,1,3,62240,185610,0,0,0.000,9.426,13.585,0,0.000,14.193,17.038,0,0,1,0,5
PPG,2,21009,841910536,60,170563,191362,191323.594,38.406,-51.438,1,0,1,940,63.83,63.83,2,1,16,nan,2,2,53,2,2,17,17,0,0,0,842199910,0.03906,-0.00610,0.95679,0.95760,-0.00772,0.00185,0.00019,0.00794,0.00000,0.00000,0.00000,0,62179,0,1392,0.05135,0.02998,0.58384,85,1,95.404,115,1,3,62240,185610,0,0,76.578,9.426,13.585,1,161.703,14.193,17.038,1,1,1,0,6
PPG,2,21010,841950536,131,170536,191367,191324.031,42.969,-65.422,0,0,0,0,63.83,63.83,2,1,16,nan,2,2,53,1,1,18,18,0,0,0,842226176,0.04370,-0.00244,0.95166,0.95267,-0.00878,0.00238,-0.00087,0.00914,0.95856,0.00589,0.00914,2,12690,0,1392,0.05135,0.02998,0.58384,85,1,95.404,115,1,3,2625,185610,0,0,0.000,9.414,13.541,0,0.000,14.365,17.475,0,0,1,0,6
PPG,2,21011,841990536,129,170523,191348,191324.266,23.734,-64.141,0,0,0,0,63.83,63.83,2,1,16,nan,2,2,53,1,1,19,19,0,0,0,842270765,0.04565,-0.00122,0.95850,0.95958,-0.00665,0.00345,-0.00114,0.00758,0.95958,0.00375,0.00859,3,12190,0,1393,0.05135,0.02998,0.58384,85,1,95.404,115,1,3,4294,185610,0,0,0.000,9.414,13.541,0,0.000,14.365,17.475,0,0,1,0,6
PPG,2,21012,842030536,125,170546,191374,191324.766,49.234,-52.094,0,0,0,0,63.83,63.83,2,1,16,nan,2,2,53,1,1,20,20,0,0,0,842309699,0.04102,-0.00854,0.96411,0.96502,-0.00905,0.00238,-0.00167,0.00951,0.96502,0.00525,0.00951,3,12115,0,1393,0.05135,0.02998,0.58384,85,1,95.404,115,1,3,2604,185610,0,0,0.000,9.414,13.541,0,0.000,14.365,17.475,0,0,1,0,6
PPG,2,21013,842070536,128,170560,191404,191325.562,78.438,-41.219,0,0,0,0,63.83,63.83,2,1,16,nan,2,2,53,1,1,21,21,0,0,0,842351390,0.04395,-0.00562,0.95654,0.95757,-0.00825,0.00212,-0.00114,0.00859,0.95858,0.00644,0.00859,3,12239,0,1393,0.05135,0.02998,0.58384,85,1,95.404,115,1,3,4302,185610,0,0,0.000,9.414,13.541,0,0.000,14.365,17.475,0,0,1,0,6
PPG,2,21014,842110536,130,170536,191408,191326.391,81.609,-32.516,0,0,0,0,63.83,63.83,2,1,16,nan,2,2,53,1,1,22,22,0,0,0,842390540,0.04639,-0.00879,0.95532,0.95649,-0.00745,0.00212,-0.00034,0.00775,0.95718,0.00388,0.00876,3,12185,0,1393,0.05135,0.02998,0.58384,85,1,95.404,115,1,3,2598,185610,0,0,0.000,9.414,13.541,0,0.000,14.365,17.475,0,0,1,0,6
PPG,2,21015,842150536,128,170541,191416,191327.281,88.719,-23.375,0,0,0,0,63.83,63.83,2,1,16,nan,2,2,53,1,1,23,23,0,0,0,842432180,0.04395,-0.00708,0.95874,0.95977,-0.00798,0.00158,-0.00141,0.00826,0.95977,0.00377,0.00826,3,12138,0,1393,0.05135,0.02998,0.58384,85,1,95.404,115,1,3,4301,185610,0,0,0.000,9.414,13.541,0,0.000,14.365,17.475,0,0,1,0,6
PPG,2,21016,842190536,125,170542,191409,191328.094,80.906,-13.781,0,0,0,0,63.83,63.83,2,1,16,nan,2,2,53,1,1,24,24,0,0,0,842471475,0.04126,-0.00879,0.95898,0.95991,-0.00745,0.00292,-0.00167,0.00817,0.96162,0.00356,0.00853,3,12261,0,1393,0.05135,0.02998,0.58384,85,1,95.404,115,1,3,4333,185610,0,0,0.000,9.414,13.541,0,0.000,14.365,17.475,0,0,1,0,6
PPG,2,21017,842230536,150,170555,191436,191329.172,106.828,-1.625,0,0,0,0,63.83,63.83,2,1,16,nan,2,2,53,1,1,25,25,0,0,0,842510812,0.04150,-0.00684,0.95337,0.95430,-0.00718,0.00265,-0.00007,0.00766,0.96023,0.00593,0.00812,3,12259,0,1393,0.05135,0.02998,0.58384,85,1,95.404,115,1,3,4363,185610,0,0,0.000,9.414,13.541,0,0.000,14.365,17.475,0,0,1,0,6
PPG,2,21018,842270536,127,170573,191465,191330.531,134.469,15.703,0,0,0,0,63.83,63.83,2,1,16,nan,2,2,53,1,1,26,26,0,0,0,842550134,0.04199,-0.00610,0.95776,0.95870,-0.00745,0.00238,-0.00034,0.00783,0.95870,0.00250,0.00846,3,12247,0,1393,0.05135,0.02998,0.58384,85,1,95.404,115,1,3,2610,185610,0,0,0.000,9.414,13.541,0,0.000,14.365,17.475,0,0,1,0,6
PPG,2,21019,842310536,526,170565,191472,191331.953,140.047,30.156,0,0,0,0,63.83,63.83,2,1,16,nan,2,2,53,1,1,27,27,0,0,0,842592038,0.04126,-0.00610,0.95801,0.95892,-0.00825,0.00132,-0.00087,0.00840,0.95951,0.00496,0.00868,3,12260,0,1393,0.05586,0.02840,0.50846,93,1,97.289,51,1,3,4329,185610,0,0,0.000,9.414,13.541,0,0.000,14.365,17.475,0,0,1,0,6
PPG,2,21020,842350536,180,170575,191461,191333.250,127.750,39.188,0,0,0,0,63.83,63.83,2,1,16,nan,2,2,53,1,1,28,28,0,0,0,842631789,0.04175,-0.00586,0.95703,0.95796,-0.00718,0.00185,-0.00034,0.00743,0.96072,0.00200,0.00860,3,12228,0,1393,0.05586,0.02840,0.50846,93,1,97.289,51,1,3,4340,185610,0,0,0.000,9.414,13.541,0,0.000,14.365,17.475,0,0,1,0,6
PPG,2,21021,842390536,130,170549,191455,191334.469,120.531,45.062,0,0,0,0,63.83,63.83,2,1,16,nan,2,2,53,1,1,29,29,0,0,0,842671194,0.04224,-0.00439,0.96118,0.96212,-0.00745,0.00079,-0.00061,0.00752,0.96212,0.00576,0.00910,3,12248,0,1393,0.05586,0.02840,0.50846,93,1,97.289,51,1,3,4337,185610,0,0,0.000,9.414,13.541,0,0.000,14.365,17.475,0,0,1,0,6
PPG,2,21022,842430536,128,170550,191467,191335.797,131.203,52.844,0,0,0,0,63.83,63.83,2,1,16,nan,2,2,53,1,1,30,30,0,0,0,842710542,0.04248,-0.00610,0.95557,0.95653,-0.00852,0.00185,-0.00114,0.00879,0.96167,0.00514,0.00879,3,12243,0,1393,0.05586,0.02840,0.50846,93,1,97.289,51,1,3,2613,185610,0,0,0.000,9.414,13.541,0,0.000,14.365,17.475,0,0,1,0,6
PPG,2,21023,842470536,148,170552,191471,191337.156,133.844,61.156,0,1,0,0,63.83,63.83,2,1,16,nan,2,2,53,1,1,31,31,0,0,0,842752468,0.04639,-0.00415,0.95801,0.95914,-0.00665,0.00158,-0.00034,0.00684,0.95914,0.00103,0.00836,3,12260,0,1393,0.05586,0.02840,0.50846,93,1,97.289,51,1,3,4336,185610,0,0,0.000,9.414,13.541,0,0.000,14.365,17.475,0,0,1,0,6
PPG,2,21024,842510536,221,170546,191458,191338.359,119.641,58.984,0,0,0,0,63.83,63.83,2,1,16,nan,2,2,53,1,1,0,0,0,0,0,842791811,0.04419,-0.00610,0.95605,0.95709,-0.00878,0.00158,0.00073,0.00895,0.96293,0.00584,0.00895,3,12219,0,1393,0.05586,0.02840,0.50846,93,1,97.289,51,1,3,4339,185610,0,0,0.000,9.414,13.541,0,0.000,14.365,17.475,0,0,1,0,6
PPG,2,21025,842550536,129,170523,191396,191338.938,57.062,44.188,0,0,0,0,63.83,63.83,2,1,16,nan,2,2,53,1,1,1,1,0,0,0,842831191,0.04077,-0.00488,0.95947,0.96035,-0.00798,0.00185,-0.00007,0.00819,0.96035,0.00330,0.00867,3,12269,0,1393,0.05586,0.02840,0.50846,93,1,97.289,51,1,3,4331,185610,0,0,0.000,9.414,13.541,0,0.000,14.365,17.475,0,0,1,0,6
PPG,2,21026,842590536,127,170502,191333,191338.875,-5.875,23.875,0,0,0,0,63.83,63.83,2,1,16,nan,2,2,53,1,1,2,2,0,0,0,842870534,0.04541,-0.00464,0.96313,0.96422,-0.00772,0.00079,0.00019,0.00776,0.96422,0.01126,0.00862,3,12233,0,1393,0.05586,0.02840,0.50846,93,1,97.289,51,1,3,2627,185610,0,0,0.000,9.414,13.541,0,0.000,14.365,17.475,0,0,1,0,6
PPG,2,21027,842630536,128,170475,191313,191338.609,-25.609,4.375,0,0,0,0,63.83,63.83,2,1,16,nan,2,2,53,1,1,3,3,0,0,0,842912434,0.04272,-0.00757,0.95972,0.96070,-0.00798,0.00212,-0.00114,0.00834,0.96070,0.00361,0.00834,3,12242,0,1393,0.05586,0.02840,0.50846,93,1,97.289,51,1,3,4336,185610,0,0,0.000,9.414,13.541,0,0.000,14.365,17.475,0,0,1,0,6
PPG,2,21028,842670536,126,170460,191305,191338.266,-33.266,-14.141,0,0,0,0,63.83,63.83,2,1,16,nan,2,2,53,1,1,4,4,0,0,0,842951685,0.04077,-0.00806,0.96216,0.96306,-0.00798,0.00238,-0.00167,0.00850,0.96306,0.00896,0.00850,3,12221,0,1393,0.05586,0.02840,0.50846,93,1,97.289,51,1,3,4326,185610,0,0,0.000,9.414,13.541,0,0.000,14.365,17.475,0,0,1,0,6
PPG,2,21029,842710536,128,170484,191352,191338.406,13.594,-30.078,0,0,0,0,63.83,63.83,2,1,16,nan,2,2,53,1,1,5,5,0,0,0,842990952,0.04321,-0.00537,0.96045,0.96144,-0.00825,0.00265,-0.00114,0.00874,0.96144,0.00564,0.00874,3,12243,0,1393,0.05586,0.02840,0.50846,93,1,97.289,51,1,3,2635,185610,0,0,0.000,9.414,13.541,0,0.000,14.365,17.475,0,0,1,0,6
PPG,2,21030,842750536,133,170529,191409,191339.109,69.891,-41.016,0,0,0,0,63.83,63.83,2,1,16,nan,2,2,53,1,1,6,6,0,0,0,843032881,0.04468,-0.00562,0.95947,0.96053,-0.00745,0.00212,-0.00087,0.00779,0.96368,0.00341,0.00835,3,12245,0,1393,0.05586,0.02840,0.50846,93,1,97.289,51,1,3,4342,185610,0,0,0.000,9.414,13.541,0,0.000,14.365,17.475,0,0,1,0,6
PPG,2,21031,842790536,148,170529,191429,191340.016,88.984,-49.234,1,0,1,880,63.83,63.83,2,1,16,nan,2,2,53,1,1,7,7,0,0,0,843072171,0.04395,-0.00391,0.95508,0.95610,-0.00825,0.00105,-0.00061,0.00834,0.95766,0.00287,0.00834,3,12257,0,1393,0.05586,0.02840,0.50846,93,1,97.289,51,1,3,4307,185610,0,0,44.422,9.414,13.541,1,126.578,14.365,17.475,1,1,1,0,6
PPG,2,21032,842830536,123,170521,191412,191340.734,71.266,-48.828,0,0,0,0,63.83,63.83,2,1,16,nan,2,2,53,1,1,8,8,0,0,0,843111352,0.04199,-0.00562,0.96143,0.96236,-0.00852,0.00238,-0.00061,0.00886,0.96236,0.00274,0.00886,3,12162,0,1393,0.05586,0.02840,0.50846,93,1,97.289,51,1,3,4304,185610,0,0,0.000,9.202,12.809,0,0.000,14.296,17.299,0,0,1,0,6
PPG,2,21033,842870536,136,170507,191367,191341.000,26.000,-42.125,0,0,0,0,63.83,63.83,2,1,16,nan,2,2,53,1,1,9,9,0,0,0,843150143,0.04321,-0.00586,0.95801,0.95900,-0.00718,0.00132,-0.00114,0.00739,0.95920,0.00315,0.00835,2,12189,0,1394,0.05586,0.02840,0.50846,93,1,97.289,51,1,3,2595,185610,0,0,0.000,9.202,12.809,0,0.000,14.296,17.299,0,0,1,0,6
PPG,2,21034,842910536,125,170495,191393,191341.516,51.484,-29.953,0,0,0,0,63.83,63.83,2,1,16,nan,2,2,53,1,1,10,10,0,0,0,843191760,0.03882,-0.00635,0.95898,0.95979,-0.00745,0.00132,-0.00141,0.00769,0.96487,0.00587,0.00808,3,12167,0,1394,0.05586,0.02840,0.50846,93,1,97.289,51,1,3,4294,185610,0,0,0.000,9.202,12.809,0,0.000,14.296,17.299,0,0,1,0,6
PPG,2,21035,842950536,128,170482,191412,191342.219,69.781,-14.469,0,0,0,0,63.83,63.83,2,1,16,nan,2,2,53,1,1,11,11,0,0,0,843230693,0.04639,-0.00708,0.95679,0.95794,-0.00612,0.00158,-0.00167,0.00654,0.95794,0.00335,0.00796,3,12114,0,1394,0.05586,0.02840,0.50846,93,1,97.289,51,1,3,2628,185610,0,0,0.000,9.202,12.809,0,0.000,14.296,17.299,0,0,1,0,6
PPG,2,21036,842990536,125,170494,191422,191343.016,78.984,-5.125,0,0,0,0,63.83,63.83,2,1,16,nan,2,2,53,1,1,12,12,0,0,0,843272260,0.04248,-0.00781,0.95752,0.95849,-0.00798,0.00105,-0.00034,0.00806,0.95849,0.00027,0.00817,3,12123,0,1394,0.05586,0.02840,0.50846,93,1,97.289,51,1,3,4303,185610,0,0,0.000,9.202,12.809,0,0.000,14.296,17.299,0,0,1,0,6
PPG,2,21037,843030536,178,170483,191412,191343.703,68.297,-3.484,0,0,0,0,63.83,63.83,2,1,16,nan,2,2,53,1,1,13,13,0,0,0,843311171,0.04321,-0.00610,0.95728,0.95827,-0.00745,0.00212,-0.00114,0.00783,0.96556,0.00707,0.00857,3,12113,0,1394,0.05586,0.02840,0.50846,93,1,97.289,51,1,3,4308,185610,0,0,0.000,9.202,12.809,0,0.000,14.296,17.299,0,0,1,0,6
PPG,2,21038,843070536,174,170456,191375,191344.016,30.984,-6.703,0,0,0,0,63.83,63.83,2,1,16,nan,2,2,53,1,1,14,14,0,0,0,843350208,0.03979,-0.00513,0.95361,0.95446,-0.00745,0.00105,-0.00087,0.00757,0.96386,0.00620,0.00849,3,12147,0,1394,0.05586,0.02840,0.50846,93,1,97.289,51,1,3,2604,185610,0,0,0.000,9.202,12.809,0,0.000,14.296,17.299,0,0,1,0,6
PPG,2,21039,843110536,129,170431,191377,191344.344,32.656,-6.953,0,0,0,0,63.83,63.83,2,1,16,nan,2,2,53,1,1,15,15,0,0,0,843391803,0.04028,-0.00513,0.96094,0.96180,-0.00798,0.00265,-0.00034,0.00842,0.96180,0.00737,0.00842,3,12125,0,1394,0.05586,0.02840,0.50846,93,1,97.289,51,1,3,4317,185610,0,0,0.000,9.202,12.809,0,0.000,14.296,17.299,0,0,1,0,6
PPG,2,21040,843150536,126,170409,191357,191344.469,12.531,-3.172,0,0,0,0,63.83,63.83,2,1,16,nan,2,2,53,1,1,16,16,0,0,0,843430759,0.04004,-0.01025,0.95898,0.95987,-0.00798,0.00318,-0.00141,0.00871,0.96052,0.00718,0.00871,3,12123,0,1394,0.05586,0.02840,0.50846,93,1,97.289,51,1,3,2601,185610,0,0,0.000,9.202,12.809,0,0.000,14.296,17.299,0,0,1,0,6
PPG,2,21041,843190536,129,170418,191372,191344.750,27.250,-2.016,0,0,0,0,63.83,63.83,2,1,16,nan,2,2,53,1,1,17,17,0,0,0,843472332,0.04492,-0.00415,0.96021,0.96126,-0.00772,0.00158,-0.00087,0.00793,0.96126,0.00485,0.00857,3,12132,0,1394,0.05586,0.02840,0.50846,93,1,97.289,51,1,3,4317,185610,0,0,0.000,9.202,12.809,0,0.000,14.296,17.299,0,0,1,0,6
PPG,2,21042,843230536,174,170427,191373,191345.031,27.969,-2.906,0,0,0,0,63.83,63.83,2,1,16,nan,2,2,53,1,1,18,18,0,0,0,843511268,0.03833,-0.00781,0.95874,0.95954,-0.00798,0.00265,-0.00087,0.00846,0.96184,0.00265,0.00846,3,12124,0,1394,0.05586,0.02840,0.50846,93,1,97.289,51,1,3,4314,185610,0,0,0.000,9.202,12.809,0,0.000,14.016,17.970,0,0,1,0,6
PPG,2,21043,843270536,129,170439,191424,191345.828,78.172,-0.266,0,0,0,0,63.83,63.83,2,1,16,nan,2,2,53,1,1,19,19,0,0,0,843550332,0.03955,-0.00366,0.95752,0.95834,-0.00718,0.00238,-0.00034,0.00758,0.95945,0.00075,0.00845,3,12189,0,1394,0.05586,0.02840,0.50846,93,1,97.289,51,1,3,2604,185610,0,0,0.000,9.202,12.809,0,0.000,14.016,17.970,0,0,1,0,6
PPG,2,21044,843310536,515,170430,191393,191346.297,46.703,0.281,0,0,0,0,63.83,63.83,2,1,16,nan,2,2,53,1,1,20,20,0,0,0,843591895,0.04102,-0.00415,0.95361,0.95450,-0.00825,0.00105,-0.00034,0.00832,0.96450,0.01000,0.00832,3,12135,0,1394,0.03465,0.03503,1.01105,97,1,84.724,71,1,3,4307,185610,0,0,19.156,9.202,12.809,1,0.000,14.016,17.970,0,0,1,0,6
PPG,2,21045,843350536,246,170384,191316,191346.000,-30.000,-4.156,1,0,1,540,63.83,63.83,2,1,16,nan,2,2,53,1,1,21,21,0,0,0,843631303,0.03760,-0.01221,0.95923,0.96004,-0.00718,0.00238,-0.00034,0.00758,0.96023,0.00518,0.00785,3,12132,0,1394,0.03465,0.03503,1.01105,97,1,84.724,71,1,3,4317,185610,0,0,0.000,9.202,12.809,0,45.750,13.718,18.747,1,1,1,0,6
PPG,2,21046,843390536,129,170386,191248,191345.016,-97.016,-18.328,0,0,0,0,63.83,63.83,2,1,16,nan,2,2,53,1,1,22,22,0,0,0,843670450,0.04175,-0.00439,0.96118,0.96210,-0.00798,0.00212,-0.00114,0.00834,0.96249,0.00176,0.00834,3,12113,0,1394,0.03465,0.03503,1.01105,97,1,84.724,71,1,3,2595,185610,0,0,0.000,8.858,11.621,0,0.000,13.152,17.191,0,0,1,0,6
PPG,2,21047,843430536,128,170403,191279,191344.359,-65.359,-27.766,0,0,0,0,63.83,63.83,2,1,16,nan,2,2,53,1,1,23,23,0,0,0,843711984,0.04395,-0.00146,0.95459,0.95560,-0.00772,0.00238,-0.00034,0.00808,0.96123,0.00563,0.00846,3,12117,0,1394,0.03465,0.03503,1.01105,97,1,84.724,71,1,3,4302,185610,0,0,0.000,8.858,11.621,0,0.000,13.152,17.191,0,0,1,0,6
PPG,2,21048,843470536,126,170424,191302,191343.938,-41.938,-37.625,0,0,0,0,63.83,63.83,2,1,16,nan,2,2,53,1,1,24,24,0,0,0,843750937,0.04272,-0.00391,0.95898,0.95994,-0.00745,0.00265,-0.00141,0.00803,0.95994,0.00261,0.00808,3,12136,0,1394,0.03465,0.03503,1.01105,97,1,84.724,71,1,3,2594,185610,0,0,0.000,8.858,11.621,0,0.000,13.152,17.191,0,0,1,0,6
PPG,2,21049,843510536,132,170438,191356,191344.062,11.938,-40.266,0,0,0,0,63.83,63.83,2,1,16,nan,2,2,53,1,1,25,25,0,0,0,843792595,0.03906,-0.00708,0.96118,0.96200,-0.00825,0.00158,-0.00007,0.00840,0.96618,0.01116,0.00840,3,12124,0,1394,0.03465,0.03503,1.01105,97,1,84.724,71,1,3,4298,185610,0,0,0.000,8.858,11.621,0,0.000,13.152,17.191,0,0,1,0,6
PPG,2,21050,843550536,125,170441,191389,191344.516,44.484,-44.266,0,0,0,0,63.83,63.83,2,1,16,nan,2,2,53,1,1,26,26,0,0,0,843831613,0.04053,-0.01001,0.96289,0.96380,-0.00798,0.00265,-0.00141,0.00853,0.96380,0.00477,0.00853,3,12119,0,1394,0.03465,0.03503,1.01105,97,1,84.724,71,1,3,4302,185610,0,0,0.000,8.858,11.621,0,0.000,13.152,17.191,0,0,1,0,6
PPG,2,21051,843590536,129,170437,191370,191344.766,25.234,-44.594,0,0,0,0,63.83,63.83,2,1,16,nan,2,2,53,1,1,27,27,0,0,0,843870619,0.04272,-0.00781,0.95679,0.95777,-0.00905,0.00292,-0.00034,0.00951,0.96238,0.00773,0.00951,3,12126,0,1394,0.03465,0.03503,1.01105,97,1,84.724,71,1,3,2597,185610,0,0,0.000,8.858,11.621,0,0.000,13.152,17.191,0,0,1,0,6
PPG,2,21052,843630536,129,170441,191371,191345.031,25.969,-34.688,0,0,0,0,63.83,63.83,2,1,16,nan,2,2,53,1,1,28,28,0,0,0,843912140,0.03833,-0.00635,0.95752,0.95831,-0.00852,0.00158,0.00046,0.00867,0.95923,0.00106,0.00867,3,12113,0,1394,0.03465,0.03503,1.01105,97,1,84.724,71,1,3,4297,185610,0,0,0.000,8.858,11.621,0,0.000,13.152,17.191,0,0,1,0,6
PPG,2,21053,843670536,130,170438,191364,191345.219,18.781,-17.969,0,0,0,0,63.83,63.83,2,1,16,nan,2,2,53,1,1,29,29,0,0,0,843951135,0.04224,-0.00293,0.95239,0.95333,-0.00798,0.00158,-0.00061,0.00816,0.96326,0.00694,0.00930,3,12132,0,1394,0.03465,0.03503,1.01105,97,1,84.724,71,1,3,2609,185610,0,0,0.000,8.858,11.621,0,0.000,13.152,17.191,0,0,1,0,6
PPG,2,21054,843710536,126,170444,191380,191345.562,34.438,-2.875,0,0,0,0,63.83,63.83,2,1,16,nan,2,2,53,1,1,30,30,0,0,0,843992730,0.04517,-0.00513,0.96533,0.96640,-0.00745,0.00158,-0.00167,0.00780,0.96640,0.00671,0.00867,3,12120,0,1394,0.03465,0.03503,1.01105,97,1,84.724,71,1,3,4295,185610,0,0,0.000,8.858,11.621,0,0.000,13.152,17.191,0,0,1,0,6
PPG,2,21055,843750536,131,170468,191406,191346.172,59.828,12.281,0,0,0,0,63.83,63.83,2,1,16,nan,2,2,53,1,1,31,31,0,0,0,844031740,0.04321,-0.00708,0.95776,0.95876,-0.00852,0.00212,-0.00034,0.00878,0.95876,0.00796,0.00878,3,12116,0,1394,0.03465,0.03503,1.01105,97,1,84.724,71,1,3,4306,185610,0,0,0.000,8.858,11.621,0,0.000,13.152,17.191,0,0,1,0,6
PPG,2,21056,843790536,127,170471,191416,191346.875,69.125,21.141,0,0,0,0,63.83,63.83,2,1,16,nan,2,2,53,1,1,0,0,0,0,0,844070764,0.03955,-0.00415,0.95825,0.95908,-0.00772,0.00238,-0.00034,0.00808,0.95915,0.00219,0.00941,3,12170,0,1394,0.03465,0.03503,1.01105,97,1,84.724,71,1,3,2600,185610,0,0,0.000,8.858,11.621,0,0.000,13.152,17.191,0,0,1,0,6
PPG,2,21057,843830536,130,170471,191438,191347.781,90.219,26.844,0,0,0,0,63.83,63.83,2,1,16,nan,2,2,53,1,1,1,1,0,0,0,844112303,0.04321,-0.00488,0.95313,0.95412,-0.00745,0.00238,-0.00007,0.00782,0.96247,0.00918,0.00911,3,12123,0,1394,0.03465,0.03503,1.01105,97,1,84.724,71,1,3,4323,185610,0,0,0.000,8.858,11.621,0,0.000,13.152,17.191,0,0,1,0,6
PPG,2,21058,843870536,136,170472,191438,191348.688,89.312,33.406,0,0,0,0,63.83,63.83,2,1,16,nan,2,2,53,1,1,2,2,0,0,0,844151062,0.04077,-0.00928,0.95850,0.95941,-0.00745,0.00212,-0.00087,0.00779,0.96107,0.00695,0.00834,2,12186,0,1395,0.03465,0.03503,1.01105,97,1,84.724,71,1,3,2640,185610,0,0,0.000,8.858,11.621,0,0.000,13.152,17.191,0,0,1,0,6
PPG,2,21059,843910536,183,170445,191416,191349.359,66.641,37.875,0,0,0,0,63.83,63.83,2,1,16,nan,2,2,53,1,1,3,3,0,0,0,844192988,0.04541,-0.00439,0.95752,0.95861,-0.00798,0.00265,-0.00034,0.00842,0.96515,0.00775,0.00842,3,12252,0,1395,0.03465,0.03503,1.01105,97,1,84.724,71,1,3,4297,185610,0,0,0.000,8.858,11.621,0,0.000,13.152,17.191,0,0,1,0,6
PPG,2,21060,843950536,132,170469,191434,191350.203,83.797,44.031,0,0,0,0,63.83,63.83,2,1,16,nan,2,2,53,1,1,4,4,0,0,0,844232034,0.04126,-0.00171,0.95972,0.96060,-0.00798,0.00185,-0.00007,0.00819,0.96060,0.00418,0.00872,3,12169,0,1395,0.03465,0.03503,1.01105,97,1,84.724,71,1,3,4295,185610,0,0,0.000,8.858,11.621,0,0.000,13.152,17.191,0,0,1,0,6
PPG,2,21061,843990536,178,170447,191444,191351.141,92.859,49.578,0,0,0,0,63.83,63.83,2,1,16,nan,2,2,53,1,1,5,5,0,0,0,844271003,0.04321,-0.01123,0.95264,0.95368,-0.00692,0.00265,-0.00034,0.00742,0.96148,0.00780,0.00848,3,12153,0,1395,0.03465,0.03503,1.01105,97,1,84.724,71,1,3,2594,185610,0,0,0.000,8.445,12.566,0,0.000,13.152,17.191,0,0,1,0,6
PPG,2,21062,844030536,176,170449,191415,191351.781,63.219,48.766,0,0,0,0,63.83,63.83,2,1,16,nan,2,2,53,1,1,6,6,0,0,0,844312739,0.04224,-0.00708,0.96240,0.96335,-0.00798,0.00132,-0.00061,0.00811,0.96335,0.00607,0.00811,3,12115,0,1395,0.03465,0.03503,1.01105,97,1,84.724,71,1,3,4297,185610,0,0,0.000,8.445,12.566,0,0.000,13.152,17.191,0,0,1,0,6
PPG,2,21063,844070536,129,170449,191423,191352.500,70.500,49.812,0,0,0,0,63.83,63.83,2,1,16,nan,2,2,53,1,1,7,7,0,0,0,844351870,0.04077,-0.00635,0.95947,0.96036,-0.00745,0.00212,0.00019,0.00775,0.96403,0.00390,0.00810,3,12130,0,1395,0.03465,0.03503,1.01105,97,1,84.724,71,1,3,4299,185610,0,0,0.000,8.445,12.566,0,0.000,13.152,17.191,0,0,1,0,6
PPG,2,21064,844110536,183,170412,191329,191352.266,-23.266,37.438,0,1,0,0,63.83,63.83,2,1,16,nan,2,2,53,1,1,8,8,0,0,0,844391235,0.04028,-0.00732,0.96265,0.96352,-0.00718,0.00212,-0.00087,0.00754,0.96352,0.00740,0.00918,3,12281,0,1395,0.03465,0.03503,1.01105,97,1,84.724,71,1,3,2621,185610,0,0,0.000,8.445,12.566,0,0.000,13.637,16.062,0,0,1,0,6
PPG,2,21065,844150536,129,170374,191232,191351.062,-119.062,12.219,0,0,0,0,63.83,63.83,2,1,16,nan,2,2,53,1,1,9,9,0,0,0,844433279,0.04346,-0.00708,0.96118,0.96219,-0.00745,0.00158,-0.00114,0.00770,0.96219,0.00843,0.00876,3,12255,0,1395,0.03465,0.03503,1.01105,97,1,84.724,71,1,3,4354,185610,0,0,0.000,8.445,12.566,0,0.000,13.637,16.062,0,0,1,0,6
PPG,2,21066,844190536,134,170356,191218,191349.734,-131.734,-14.578,0,0,0,0,63.83,63.83,2,1,16,nan,2,2,53,1,1,10,10,0,0,0,844472707,0.03955,-0.00537,0.95654,0.95738,-0.00745,0.00212,-0.00141,0.00787,0.96343,0.00700,0.00849,3,12310,0,1395,0.03465,0.03503,1.01105,97,1,84.724,71,1,3,4315,185610,0,0,72.938,8.445,12.566,1,0.000,13.637,16.062,0,0,1,0,6
PPG,2,21067,844230536,131,170364,191226,191348.500,-122.500,-41.625,0,0,0,0,63.83,63.83,2,1,16,nan,2,2,53,1,1,11,11,0,0,0,844512102,0.04370,-0.00684,0.95361,0.95464,-0.00798,0.00238,-0.00007,0.00833,0.96070,0.00813,0.00833,3,12266,0,1395,0.03465,0.03503,1.01105,97,1,84.724,71,1,3,4355,185610,0,0,0.000,8.445,12.566,0,0.000,13.637,16.062,0,0,1,0,6
PPG,2,21068,844270536,137,170381,191265,191347.672,-82.672,-65.359,0,0,0,0,63.83,63.83,2,1,16,nan,2,2,53,1,1,12,12,0,0,0,844551410,0.04541,-0.00195,0.95923,0.96030,-0.00772,0.00212,-0.00087,0.00805,0.96331,0.00867,0.00805,3,12242,0,1395,0.03465,0.03503,1.01105,97,1,84.724,71,1,3,2622,185610,0,0,0.000,8.445,12.566,0,0.000,13.637,16.062,0,0,1,0,6
PPG,2,21069,844310536,543,170397,191294,191347.141,-53.141,-79.547,1,0,1,920,65.22,65.22,2,1,16,nan,2,2,53,1,1,13,13,0,0,0,844593390,0.04419,-0.00806,0.95410,0.95516,-0.00718,0.00132,-0.00114,0.00739,0.96100,0.00318,0.00871,3,12252,0,1395,0.03338,0.04654,1.39431,97,1,nan,75,1,3,4336,185610,0,0,0.000,8.445,12.566,0,94.172,13.637,16.062,1,1,1,0,6
PPG,2,21070,844350536,183,170355,191251,191346.172,-95.172,-97.219,0,0,0,0,65.22,65.22,2,1,16,nan,2,2,53,1,1,14,14,0,0,0,844633121,0.04004,-0.00757,0.95605,0.95692,-0.00772,0.00238,-0.00114,0.00816,0.96032,0.00517,0.00816,3,12253,0,1395,0.03338,0.04654,1.39431,97,1,nan,75,1,3,4321,185610,0,0,0.000,8.481,12.699,0,0.000,13.445,15.568,0,0,1,0,6
PPG,2,21071,844390536,135,170328,191196,191344.672,-148.672,-107.516,0,0,0,0,65.22,65.22,2,1,16,nan,2,2,53,1,1,15,15,0,0,0,844672479,0.04297,-0.00439,0.95093,0.95191,-0.00825,0.00292,-0.00061,0.00877,0.96091,0.00604,0.00997,3,12281,0,1395,0.03338,0.04654,1.39431,97,1,nan,75,1,3,4345,185610,0,0,0.000,8.481,12.699,0,0.000,13.445,15.568,0,0,1,0,6
PPG,2,21072,844430536,135,170299,191165,191342.875,-177.875,-106.781,0,0,0,0,65.22,65.22,2,1,16,nan,2,2,53,1,1,16,16,0,0,0,844711782,0.04297,-0.00342,0.95630,0.95727,-0.00745,0.00238,-0.00087,0.00787,0.96102,0.00911,0.00826,3,12199,0,1395,0.03338,0.04654,1.39431,97,1,nan,75,1,3,4331,185610,0,0,0.000,8.481,12.699,0,0.000,13.445,15.568,0,0,1,0,6
PPG,2,21073,844470536,130,170309,191167,191341.109,-174.109,-104.234,0,0,0,0,65.22,65.22,2,1,16,nan,2,2,53,1,1,17,17,0,0,0,844751036,0.04150,-0.00269,0.95874,0.95964,-0.00692,0.00238,-0.00167,0.00750,0.95964,0.00578,0.00830,3,12241,0,1395,0.03338,0.04654,1.39431,97,1,nan,75,1,3,2631,185610,0,0,0.000,8.481,12.699,0,0.000,13.445,15.568,0,0,1,0,6
PPG,2,21074,844510536,138,170331,191202,191339.719,-137.719,-98.750,0,0,0,0,65.22,65.22,2,1,16,nan,2,2,53,1,1,18,18,0,0,0,844792961,0.03760,-0.00366,0.95557,0.95631,-0.00852,0.00292,-0.00007,0.00900,0.95799,0.00278,0.00900,3,12241,0,1395,0.03338,0.04654,1.39431,97,1,nan,75,1,3,4333,185610,0,0,0.000,8.481,12.699,0,0.000,13.445,15.568,0,0,1,0,6
PPG,2,21075,844550536,130,170343,191219,191338.516,-119.516,-95.984,0,0,0,0,65.22,65.22,2,1,16,nan,2,2,53,1,1,19,19,0,0,0,844832207,0.04102,-0.00830,0.95703,0.95795,-0.00772,0.00292,-0.00007,0.00825,0.97144,0.01596,0.00895,3,12238,0,1395,0.03338,0.04654,1.39431,97,1,nan,75,1,3,4317,185610,0,0,0.000,8.481,12.699,0,0.000,13.445,15.568,0,0,1,0,6
PPG,2,21076,844590536,187,170350,191237,191337.500,-100.500,-95.172,0,0,0,0,65.22,65.22,2,1,16,nan,2,2,53,1,1,20,20,0,0,0,844871407,0.04053,-0.00366,0.95605,0.95692,-0.00772,0.00238,-0.00061,0.00810,0.96061,0.00527,0.00846,3,12241,0,1395,0.03338,0.04654,1.39431,97,1,nan,75,1,3,2629,185610,0,0,0.000,8.139,13.615,0,0.000,13.445,15.568,0,0,1,0,6
PPG,2,21077,844630536,130,170372,191272,191336.844,-64.844,-83.875,0,0,0,0,65.22,65.22,2,1,16,nan,2,2,53,1,1,21,21,0,0,0,844913328,0.04175,-0.00635,0.96069,0.96162,-0.00772,0.00212,-0.00141,0.00812,0.96291,0.00599,0.00848,3,12236,0,1395,0.03338,0.04654,1.39431,97,1,nan,75,1,3,4343,185610,0,0,0.000,8.139,13.615,0,0.000,13.445,15.568,0,0,1,0,6
PPG,2,21078,844670536,129,170371,191283,191336.312,-53.312,-63.688,0,0,0,0,65.22,65.22,2,1,16,nan,2,2,53,1,1,22,22,0,0,0,844952586,0.04175,-0.00635,0.96289,0.96382,-0.00905,0.00212,0.00019,0.00929,0.96382,0.00698,0.00929,3,12241,0,1395,0.03338,0.04654,1.39431,97,1,nan,75,1,3,4328,185610,0,0,0.000,8.139,13.615,0,0.000,13.445,15.568,0,0,1,0,6
PPG,2,21079,844710536,132,170382,191297,191335.922,-38.922,-38.875,0,0,0,0,65.22,65.22,2,1,16,nan,2,2,53,1,1,23,23,0,0,0,844991940,0.04346,-0.00610,0.95386,0.95487,-0.00745,0.00158,-0.00167,0.00780,0.96508,0.00716,0.01008,3,12148,0,1395,0.03338,0.04654,1.39431,97,1,nan,75,1,3,4306,185610,0,0,0.000,8.139,13.615,0,0.000,13.445,15.568,0,0,1,0,6
PPG,2,21080,844750536,128,170395,191317,191335.734,-18.734,-11.594,0,0,0,0,65.22,65.22,2,1,16,nan,2,2,53,1,1,24,24,0,0,0,845031024,0.04077,-0.00366,0.95605,0.95693,-0.00772,0.00158,0.00019,0.00788,0.96160,0.00467,0.00824,3,12160,0,1395,0.03338,0.04654,1.39431,97,1,nan,75,1,3,2597,185610,0,0,0.000,8.139,13.615,0,0.000,13.445,15.568,0,0,1,0,6
PPG,2,21081,844790536,129,170410,191335,191335.734,-0.734,12.844,0,0,0,0,65.22,65.22,2,1,16,nan,2,2,53,1,1,25,25,0,0,0,845072564,0.04297,-0.00781,0.95581,0.95681,-0.00665,0.00238,-0.00034,0.00707,0.95745,0.00372,0.00800,3,12115,0,1395,0.03338,0.04654,1.39431,97,1,nan,75,1,3,4294,185610,0,0,0.000,8.139,13.615,0,0.000,13.445,15.568,0,0,1,0,6
PPG,2,21082,844830536,131,170417,191356,191335.938,20.062,35.375,0,0,0,0,65.22,65.22,2,1,16,nan,2,2,53,1,1,26,26,0,0,0,845111546,0.04443,-0.00537,0.95776,0.95881,-0.00798,0.00265,-0.00061,0.00843,0.95881,0.00275,0.00843,3,12145,0,1395,0.03338,0.04654,1.39431,97,1,nan,75,1,3,2600,185610,0,0,0.000,8.139,13.615,0,0.000,13.445,15.568,0,0,1,0,6
PPG,2,21083,844870536,139,170398,191330,191335.875,-5.875,53.312,0,0,0,0,65.22,65.22,2,1,16,nan,2,2,53,1,1,27,27,0,0,0,845152951,0.04272,-0.00830,0.96191,0.96290,-0.00745,0.00318,-0.00141,0.00822,0.96302,0.00421,0.00830,2,12194,0,1396,0.03338,0.04654,1.39431,97,1,nan,75,1,3,4298,185610,0,0,0.000,8.139,13.615,0,0.000,13.445,15.568,0,0,1,0,6
PPG,2,21084,844910536,127,170395,191283,191335.344,-52.344,57.172,0,0,0,0,65.22,65.22,2,1,16,nan,2,2,53,1,1,28,28,0,0,0,845191996,0.04126,-0.00757,0.95825,0.95917,-0.00878,0.00185,-0.00034,0.00898,0.96218,0.00228,0.00898,3,12156,0,1396,0.03338,0.04654,1.39431,97,1,nan,75,1,3,4294,185610,0,0,0.000,8.139,13.615,0,0.000,13.445,15.568,0,0,1,0,6
PPG,2,21085,844950536,180,170408,191275,191334.734,-59.734,53.875,0,0,0,0,65.22,65.22,2,1,16,nan,2,2,53,1,1,29,29,0,0,0,845230899,0.04419,-0.00537,0.95068,0.95173,-0.00745,0.00238,-0.00141,0.00795,0.95922,0.00502,0.00889,3,12119,0,1396,0.03338,0.04654,1.39431,97,1,nan,75,1,3,2595,185610,0,0,0.000,8.139,13.615,0,0.000,13.445,15.568,0,0,1,0,6
PPG,2,21086,844990536,175,170394,191277,191334.156,-57.156,48.078,0,0,0,0,65.22,65.22,2,1,16,nan,2,2,53,1,1,30,30,0,0,0,845272466,0.04028,-0.00220,0.95728,0.95813,-0.00718,0.00158,-0.00087,0.00741,0.96022,0.00849,0.00803,3,12118,0,1396,0.03338,0.04654,1.39431,97,1,nan,75,1,3,4300,185610,0,0,0.000,8.139,13.615,0,0.000,13.445,15.568,0,0,1,0,6
PPG,2,21087,845030536,134,170443,191310,191333.922,-23.922,42.875,0,0,0,0,65.22,65.22,2,1,16,nan,2,2,53,1,1,31,31,0,0,0,845311467,0.04199,-0.00439,0.95142,0.95235,-0.00852,0.00238,0.00073,0.00887,0.95944,0.00709,0.00887,3,12109,0,1396,0.03338,0.04654,1.39431,97,1,nan,75,1,3,2599,185610,0,0,0.000,8.139,13.615,0,0.000,13.445,15.568,0,0,1,0,6
PPG,2,21088,845070536,127,170489,191386,191334.438,51.562,44.125,0,0,0,0,65.22,65.22,2,1,16,nan,2,2,53,1,1,0,0,0,0,0,845352983,0.03833,-0.00732,0.95679,0.95758,-0.00745,0.00132,-0.00087,0.00762,0.95784,0.00367,0.00862,3,12124,0,1396,0.03338,0.04654,1.39431,97,1,nan,75,1,3,4297,185610,0,0,0.000,8.139,13.615,0,0.000,13.445,15.568,0,0,1,0,6
PPG,2,21089,845110536,133,170521,191453,191335.625,117.375,50.031,0,0,0,0,65.22,65.22,2,1,16,nan,2,2,53,1,1,1,1,0,0,0,845392026,0.04468,-0.00928,0.95728,0.95836,-0.00825,0.00132,-0.00061,0.00838,0.96380,0.00635,0.00925,3,12177,0,1396,0.03338,0.04654,1.39431,97,1,nan,75,1,3,4303,185610,0,0,0.000,8.139,13.615,0,0.000,13.445,15.568,0,0,1,0,6
PPG,2,21090,845150536,125,170524,191461,191336.875,124.125,58.234,0,0,0,0,65.22,65.22,2,1,16,nan,2,2,53,1,1,2,2,0,0,0,845430938,0.04175,-0.00684,0.96387,0.96480,-0.00825,0.00158,-0.00061,0.00842,0.96480,0.00587,0.00868,3,12113,0,1396,0.03338,0.04654,1.39431,97,1,nan,75,1,3,2595,185610,0,0,0.000,8.139,13.615,0,0.000,13.445,15.568,0,0,1,0,6
PPG,2,21091,845190536,129,170487,191403,191337.531,65.469,65.016,0,0,0,0,65.22,65.22,2,1,16,nan,2,2,53,1,1,3,3,0,0,0,845472440,0.03906,-0.00342,0.95557,0.95637,-0.00745,0.00132,-0.00034,0.00757,0.96016,0.01013,0.00892,3,12120,0,1396,0.03338,0.04654,1.39431,97,1,nan,75,1,3,4296,185610,0,0,0.000,8.139,13.615,0,0.000,13.445,15.568,0,0,1,0,6
PPG,2,21092,845230536,125,170478,191401,191338.172,62.828,71.219,1,0,0,0,65.22,65.22,2,1,16,nan,2,2,53,1,1,4,4,0,0,0,845511727,0.04150,-0.00171,0.95410,0.95501,-0.00798,0.00238,-0.00114,0.00841,0.96141,0.00504,0.00841,3,12304,0,1396,0.03338,0.04654,1.39431,97,1,nan,75,1,3,2601,185610,0,0,0.000,8.139,13.615,0,164.688,13.445,15.568,1,0,1,0,6
PPG,2,21093,845270536,154,170480,191407,191338.859,68.141,77.797,0,1,1,1000,63.83,63.83,2,1,16,nan,2,2,53,1,1,5,5,0,0,0,845553389,0.03784,-0.00903,0.95850,0.95929,-0.00852,0.00265,-0.00114,0.00899,0.95929,0.00213,0.00899,3,12116,0,1396,0.03338,0.04654,1.39431,97,1,nan,75,1,3,4299,185610,0,0,92.000,8.139,13.615,1,0.000,13.445,15.568,0,1,1,0,6
PPG,2,21094,845310536,570,170485,191412,191339.594,72.406,81.875,0,0,0,0,63.83,63.83,2,1,16,nan,2,2,53,1,1,6,6,0,0,0,845592389,0.03735,-0.00610,0.95996,0.96071,-0.00798,0.00212,-0.00087,0.00830,0.96322,0.00443,0.00830,3,12131,0,1396,0.04088,0.04599,1.12485,98,1,81.879,93,1,3,4320,185610,0,0,0.000,8.289,14.217,0,0.000,13.717,16.268,0,0,1,0,6
PPG,2,21095,845350536,225,170493,191405,191340.250,64.750,75.281,0,0,0,0,63.83,63.83,2,1,16,nan,2,2,53,1,1,7,7,0,0,0,845631849,0.04224,-0.00293,0.94824,0.94919,-0.00718,0.00265,-0.00061,0.00768,0.95564,0.00725,0.00882,3,12117,0,1396,0.04088,0.04599,1.12485,98,1,81.879,93,1,3,2599,185610,0,0,0.000,8.289,14.217,0,0.000,13.717,16.268,0,0,1,0,6
PPG,2,21096,845390536,125,170478,191413,191340.984,72.016,60.781,0,0,0,0,63.83,63.83,2,1,16,nan,2,2,53,1,1,8,8,0,0,0,845673474,0.04126,-0.00635,0.95337,0.95428,-0.00745,0.00212,-0.00034,0.00775,0.96009,0.00621,0.00808,3,12112,0,1396,0.04088,0.04599,1.12485,98,1,81.879,93,1,3,4300,185610,0,0,0.000,8.289,14.217,0,0.000,13.717,16.268,0,0,1,0,6
PPG,2,21097,845430536,129,170476,191426,191341.828,84.172,48.078,0,0,0,0,63.83,63.83,2,1,16,nan,2,2,53,1,1,9,9,0,0,0,845712452,0.04443,-0.00488,0.95654,0.95759,-0.00772,0.00265,-0.00114,0.00824,0.96065,0.00637,0.00877,3,12111,0,1396,0.04088,0.04599,1.12485,98,1,81.879,93,1,3,4300,185610,0,0,0.000,8.289,14.217,0,0.000,13.717,16.268,0,0,1,0,6
PPG,2,21098,845470536,125,170481,191445,191342.859,102.141,45.984,0,0,0,0,63.83,63.83,2,1,16,nan,2,2,53,1,1,10,10,0,0,0,845751396,0.04370,-0.00879,0.96069,0.96173,-0.00745,0.00238,-0.00007,0.00782,0.96380,0.00847,0.00859,3,12122,0,1396,0.04088,0.04599,1.12485,98,1,81.879,93,1,3,2595,185610,0,0,0.000,8.289,14.217,0,0.000,13.717,16.268,0,0,1,0,6
PPG,2,21099,845510536,129,170468,191425,191343.688,81.312,43.000,0,0,0,0,63.83,63.83,2,1,16,nan,2,2,53,1,1,11,11,0,0,0,845792911,0.04272,-0.00488,0.95874,0.95970,-0.00718,0.00185,0.00019,0.00742,0.96046,0.00127,0.00859,3,12114,0,1396,0.04088,0.04599,1.12485,98,1,81.879,93,1,3,4316,185610,0,0,0.000,8.289,14.217,0,0.000,13.717,16.268,0,0,1,0,6
PPG,2,21100,845550536,128,170466,191427,191344.516,82.484,40.359,0,0,0,0,63.83,63.83,2,1,16,nan,2,2,53,1,1,12,12,0,0,0,845832006,0.04150,-0.00415,0.95459,0.95550,-0.00745,0.00105,-0.00034,0.00753,0.96357,0.00469,0.00779,3,12107,0,1396,0.04088,0.04599,1.12485,98,1,81.879,93,1,3,4294,185610,0,0,0.000,8.289,14.217,0,0.000,13.717,16.268,0,0,1,0,6
PPG,2,21101,845590536,130,170474,191452,191345.594,106.406,40.234,0,0,0,0,63.83,63.83,2,1,16,nan,2,2,53,1,1,13,13,0,0,0,845870956,0.04346,-0.00488,0.96338,0.96437,-0.00825,0.00292,-0.00114,0.00882,0.96437,0.01029,0.00916,3,12117,0,1396,0.04088,0.04599,1.12485,98,1,81.879,93,1,3,2595,185610,0,0,36.984,8.289,14.217,1,0.000,13.717,16.268,0,0,1,0,6
PPG,2,21102,845630536,146,170467,191465,191346.781,118.219,43.344,1,0,1,360,65.22,65.22,2,1,16,nan,2,2,53,1,1,14,14,0,0,0,845912546,0.04150,-0.00244,0.95117,0.95208,-0.00745,0.00185,-0.00061,0.00770,0.96443,0.00953,0.00836,3,12129,0,1396,0.04088,0.04599,1.12485,98,1,81.879,93,1,3,4298,185610,0,0,0.000,8.289,14.217,0,39.000,13.717,16.268,1,1,1,0,7
PPG,2,21103,845670536,184,170453,191429,191347.609,81.391,40.672,0,0,0,0,65.22,65.22,2,1,16,nan,2,2,53,1,1,15,15,0,0,0,845951530,0.04272,-0.00513,0.95776,0.95873,-0.00772,0.00132,-0.00114,0.00791,0.96244,0.01036,0.00794,3,12109,0,1396,0.04088,0.04599,1.12485,98,1,81.879,93,1,3,2597,185610,0,0,0.000,8.077,13.367,0,0.000,12.726,15.810,0,0,1,0,7
PPG,2,21104,845710536,130,170424,191321,191347.344,-26.344,23.766,0,0,0,0,65.22,65.22,2,1,16,nan,2,2,53,1,1,16,16,0,0,0,845993115,0.04346,-0.00415,0.95605,0.95705,-0.00692,0.00158,-0.00061,0.00712,0.96013,0.00703,0.00768,3,12121,0,1396,0.04088,0.04599,1.12485,98,1,81.879,93,1,3,4299,185610,0,0,0.000,8.077,13.367,0,0.000,12.726,15.810,0,0,1,0,7
PPG,2,21105,845750536,133,170393,191281,191346.688,-65.688,0.047,0,0,0,0,65.22,65.22,2,1,16,nan,2,2,53,1,1,17,17,0,0,0,846032061,0.04028,-0.00684,0.95630,0.95717,-0.00878,0.00132,-0.00087,0.00892,0.96572,0.00855,0.00892,3,12114,0,1396,0.04088,0.04599,1.12485,98,1,81.879,93,1,3,4297,185610,0,0,0.000,8.077,13.367,0,0.000,12.726,15.810,0,0,1,0,7
PPG,2,21106,845790536,126,170420,191298,191346.203,-48.203,-19.141,0,0,0,0,65.22,65.22,2,1,16,nan,2,2,53,1,1,18,18,0,0,0,846071062,0.04370,-0.00610,0.95923,0.96024,-0.00798,0.00212,-0.00087,0.00830,0.96235,0.00518,0.00846,3,12115,0,1396,0.04088,0.04599,1.12485,98,1,81.879,93,1,3,2604,185610,0,0,0.000,8.077,13.367,0,0.000,12.726,15.810,0,0,1,0,7
PPG,2,21107,845830536,129,170410,191315,191345.891,-30.891,-35.391,0,0,0,0,65.22,65.22,2,1,16,nan,2,2,53,1,1,19,19,0,0,0,846112658,0.04614,-0.00781,0.96191,0.96305,-0.00878,0.00158,-0.00087,0.00897,0.96305,0.01397,0.00897,3,12165,0,1396,0.04088,0.04599,1.12485,98,1,81.879,93,1,3,4299,185610,0,0,0.000,8.077,13.367,0,0.000,12.726,15.810,0,0,1,0,7
PPG,2,21108,845870536,135,170406,191317,191345.609,-28.609,-51.219,0,0,0,0,65.22,65.22,2,1,16,nan,2,2,53,1,1,20,20,0,0,0,846155738,0.03662,-0.00513,0.95752,0.95823,-0.00665,0.00265,-0.00141,0.00730,0.95823,0.00907,0.00852,3,12153,0,1396,0.04088,0.04599,1.12485,98,1,81.879,93,1,3,2586,185610,0,0,0.000,8.077,13.367,0,0.000,12.726,15.810,0,0,1,0,7
PPG,2,21109,845910536,136,170416,191314,191345.297,-31.297,-65.844,0,0,0,0,65.22,65.22,2,1,16,nan,2,2,53,1,1,21,21,0,0,0,846192122,0.04272,-0.00952,0.95288,0.95389,-0.00692,0.00185,-0.00141,0.00730,0.96150,0.00762,0.00788,3,12123,0,1396,0.04088,0.04599,1.12485,98,1,81.879,93,1,3,4298,185610,0,0,0.000,8.077,13.367,0,0.000,12.726,15.810,0,0,1,0,7
PPG,2,21110,845950536,128,170392,191289,191344.734,-55.734,-77.250,0,0,0,0,65.22,65.22,2,1,16,nan,2,2,53,1,1,22,22,0,0,0,846231122,0.04346,-0.00732,0.96289,0.96390,-0.00798,0.00105,0.00046,0.00806,0.96491,0.01102,0.00806,3,12119,0,1396,0.04088,0.04599,1.12485,98,1,81.879,93,1,3,2596,185610,0,0,0.000,8.077,13.367,0,0.000,12.726,15.810,0,0,1,0,7
PPG,2,21111,845990536,130,170367,191253,191343.812,-90.812,-79.469,0,0,0,0,65.22,65.22,2,1,16,nan,2,2,53,1,1,23,23,0,0,0,846272660,0.04004,-0.00464,0.96240,0.96325,-0.00772,0.00238,-0.00087,0.00812,0.96325,0.01257,0.00896,3,12114,0,1396,0.04088,0.04599,1.12485,98,1,81.879,93,1,3,4299,185610,0,0,0.000,8.077,13.367,0,0.000,12.726,15.810,0,0,1,0,7
PPG,2,21112,846030536,131,170363,191272,191343.094,-71.094,-74.297,0,0,0,0,65.22,65.22,2,1,16,nan,2,2,53,1,1,24,24,0,0,0,846311693,0.04224,-0.00439,0.95996,0.96090,-0.00878,0.00238,-0.00034,0.00911,0.96090,0.00382,0.00911,3,12138,0,1396,0.04088,0.04599,1.12485,98,1,81.879,93,1,3,2611,185610,0,0,0.000,8.077,13.367,0,0.000,12.726,15.810,0,0,1,0,7
PPG,2,21113,846070536,179,170349,191269,191342.359,-73.359,-71.547,0,0,0,0,65.22,65.22,2,1,16,nan,2,2,53,1,1,25,25,0,0,0,846353271,0.03711,-0.00781,0.95972,0.96047,-0.00772,0.00212,0.00073,0.00803,0.96047,0.00122,0.00803,3,12117,0,1396,0.04088,0.04599,1.12485,98,1,81.879,93,1,3,4295,185610,0,0,0.000,7.944,13.752,0,0.000,12.726,15.810,0,0,1,0,7
PPG,2,21114,846110536,129,170342,191272,191341.656,-69.656,-70.688,0,0,0,0,65.22,65.22,2,1,16,nan,2,2,53,1,1,26,26,0,0,0,846392257,0.03735,-0.00610,0.96094,0.96168,-0.00745,0.00212,0.00019,0.00775,0.96168,0.00169,0.00784,3,12122,0,1396,0.04088,0.04599,1.12485,98,1,81.879,93,1,3,4295,185610,0,0,0.000,7.944,13.752,0,0.000,12.726,15.810,0,0,1,0,7
PPG,2,21115,846150536,180,170339,191248,191340.719,-92.719,-72.688,0,0,0,0,65.22,65.22,2,1,16,nan,2,2,53,1,1,27,27,0,0,0,846431294,0.04004,-0.00610,0.95703,0.95789,-0.00852,0.00212,-0.00007,0.00878,0.95883,0.00328,0.00878,3,12123,0,1396,0.04088,0.04599,1.12485,98,1,81.879,93,1,3,2595,185610,0,0,0.000,7.944,13.752,0,0.000,12.866,15.499,0,0,1,0,7
PPG,2,21116,846190536,128,170335,191258,191339.891,-81.891,-72.938,0,0,0,0,65.22,65.22,2,1,16,nan,2,2,53,1,1,28,28,0,0,0,846472926,0.03809,-0.00464,0.96021,0.96097,-0.00798,0.00185,-0.00007,0.00819,0.96097,0.00190,0.00819,3,12117,0,1396,0.04088,0.04599,1.12485,98,1,81.879,93,1,3,4297,185610,0,0,0.000,7.944,13.752,0,0.000,12.866,15.499,0,0,1,0,7
PPG,2,21117,846230536,132,170379,191305,191339.547,-34.547,-64.609,0,0,0,0,65.22,65.22,2,1,16,nan,2,2,53,1,1,29,29,0,0,0,846511918,0.04248,-0.00293,0.96167,0.96261,-0.00772,0.00158,-0.00034,0.00788,0.96261,0.00922,0.00807,3,12124,0,1396,0.04088,0.04599,1.12485,98,1,81.879,93,1,3,2671,185610,0,0,0.000,7.944,13.752,0,0.000,12.866,15.499,0,0,1,0,7
PPG,2,21118,846270536,129,170375,191319,191339.344,-20.344,-48.875,0,0,0,0,65.22,65.22,2,1,16,nan,2,2,53,1,1,30,30,0,0,0,846553778,0.03955,-0.00464,0.95313,0.95396,-0.00745,0.00292,-0.00007,0.00800,0.96264,0.00522,0.00808,3,12279,0,1396,0.04088,0.04599,1.12485,98,1,81.879,93,1,3,4302,185610,0,0,0.000,7.944,13.752,0,0.000,12.866,15.499,0,0,1,0,7
PPG,2,21119,846310536,524,170384,191337,191339.328,-2.328,-35.188,0,0,0,0,65.22,65.22,2,1,16,nan,2,2,53,1,1,31,31,0,0,0,846592743,0.04004,-0.00513,0.96411,0.96496,-0.00852,0.00238,-0.00087,0.00889,0.96496,0.00856,0.00889,3,12130,0,1396,0.04018,0.03540,0.88113,96,1,87.972,107,1,3,4310,185610,0,0,0.000,7.944,13.752,0,0.000,12.866,15.499,0,0,1,0,7
PPG,2,21120,846350536,178,170399,191396,191339.891,56.109,-15.500,0,0,0,0,65.22,65.22,2,1,16,nan,2,2,53,1,1,0,0,0,0,0,846632269,0.04419,-0.00122,0.95239,0.95342,-0.00852,0.00265,-0.00087,0.00896,0.96216,0.00493,0.00904,3,12134,0,1396,0.04018,0.03540,0.88113,96,1,87.972,107,1,3,4298,185610,0,0,0.000,7.944,13.752,0,0.000,12.866,15.499,0,0,1,0,7
PPG,2,21121,846390536,130,170403,191409,191340.578,68.422,6.234,0,0,0,0,65.22,65.22,2,1,16,nan,2,2,53,1,1,1,1,0,0,0,846671299,0.04248,-0.00610,0.95142,0.95238,-0.00745,0.00212,-0.00007,0.00775,0.95907,0.00669,0.00885,3,12135,0,1396,0.04018,0.03540,0.88113,96,1,87.972,107,1,3,2594,185610,0,0,0.000,7.944,13.752,0,0.000,12.866,15.499,0,0,1,0,7
PPG,2,21122,846430536,130,170386,191379,191340.969,38.031,29.234,0,0,0,0,65.22,65.22,2,1,16,nan,2,2,53,1,1,2,2,0,0,0,846712855,0.04370,-0.00488,0.96436,0.96536,-0.00772,0.00185,-0.00061,0.00796,0.96536,0.00941,0.00903,3,12136,0,1396,0.04018,0.03540,0.88113,96,1,87.972,107,1,3,4321,185610,0,0,0.000,7.944,13.752,0,0.000,12.866,15.499,0,0,1,0,7
PPG,2,21123,846470536,130,170408,191415,191341.703,73.297,52.375,0,0,0,0,65.22,65.22,2,1,16,nan,2,2,53,1,1,3,3,0,0,0,846752360,0.04102,-0.00293,0.95728,0.95816,-0.00878,0.00158,-0.00114,0.00900,0.95816,0.00842,0.00900,3,12236,0,1396,0.04018,0.03540,0.88113,96,1,87.972,107,1,3,4345,185610,0,0,0.000,7.944,13.752,0,0.000,12.866,15.499,0,0,1,0,7
PPG,2,21124,846510536,130,170420,191383,191342.109,40.891,60.406,0,0,0,0,65.22,65.22,2,1,16,nan,2,2,53,1,1,4,4,0,0,0,846791862,0.04077,-0.00830,0.96021,0.96111,-0.00638,0.00238,-0.00034,0.00682,0.96111,0.00809,0.00781,3,12261,0,1396,0.04018,0.03540,0.88113,96,1,87.972,107,1,3,2626,185610,0,0,0.000,7.944,13.752,0,0.000,12.866,15.499,0,0,1,0,7
PPG,2,21125,846550536,223,170363,191243,191341.125,-98.125,51.453,0,0,0,0,65.22,65.22,2,1,16,nan,2,2,53,1,1,5,5,0,0,0,846833844,0.04077,-0.00562,0.96362,0.96450,-0.00798,0.00212,-0.00061,0.00828,0.96450,0.00347,0.00828,3,12296,0,1396,0.04018,0.03540,0.88113,96,1,87.972,107,1,3,4340,185610,0,0,0.000,7.944,13.752,0,0.000,12.866,15.499,0,0,1,0,7
PPG,2,21126,846590536,151,170329,191176,191339.469,-163.469,34.547,0,0,0,0,65.22,65.22,2,1,16,nan,2,2,53,1,1,6,6,0,0,0,846873201,0.04102,-0.00366,0.95703,0.95792,-0.00798,0.00212,-0.00141,0.00838,0.96383,0.01248,0.00848,3,12247,0,1396,0.04018,0.03540,0.88113,96,1,87.972,107,1,3,4341,185610,0,0,0.000,7.944,13.752,0,0.000,12.866,15.499,0,0,1,0,7
PPG,2,21127,846630536,131,170336,191183,191337.906,-154.906,10.734,0,0,0,0,65.22,65.22,2,1,16,nan,2,2,53,1,1,7,7,0,0,0,846912520,0.04419,-0.00415,0.96118,0.96221,-0.00745,0.00265,-0.00087,0.00796,0.96221,0.00489,0.00859,3,12207,0,1396,0.04018,0.03540,0.88113,96,1,87.972,107,1,3,4332,185610,0,0,0.000,7.944,13.752,0,0.000,12.866,15.499,0,0,1,0,7
PPG,2,21128,846670536,129,170347,191195,191336.484,-141.484,-13.750,0,0,0,0,65.22,65.22,2,1,16,nan,2,2,53,1,1,8,8,0,0,0,846951859,0.04126,-0.00220,0.95923,0.96012,-0.00692,0.00158,-0.00114,0.00719,0.96266,0.00255,0.00759,3,12246,0,1396,0.04018,0.03540,0.88113,96,1,87.972,107,1,3,2632,185610,0,0,0.000,7.944,13.752,0,0.000,12.866,15.499,0,0,1,0,7
PPG,2,21129,846710536,130,170344,191198,191335.094,-137.094,-33.812,0,0,0,0,65.22,65.22,2,1,16,nan,2,2,53,1,1,9,9,0,0,0,846993781,0.04175,-0.00977,0.95801,0.95897,-0.00745,0.00158,-0.00087,0.00767,0.95946,0.00164,0.00828,3,12239,0,1396,0.04018,0.03540,0.88113,96,1,87.972,107,1,3,4334,185610,0,0,0.000,7.944,13.752,0,0.000,12.866,15.499,0,0,1,0,7
PPG,2,21130,846750536,136,170340,191191,191333.656,-142.656,-60.906,0,0,0,0,65.22,65.22,2,1,16,nan,2,2,53,1,1,10,10,0,0,0,847033146,0.04272,-0.00195,0.95337,0.95433,-0.00718,0.00132,-0.00167,0.00749,0.96162,0.00729,0.00775,3,12301,0,1396,0.04018,0.03540,0.88113,96,1,87.972,107,1,3,4337,185610,0,0,0.000,7.944,13.752,0,0.000,12.866,15.499,0,0,1,0,7
PPG,2,21131,846790536,130,170313,191151,191331.828,-180.828,-88.953,0,0,0,0,65.22,65.22,2,1,16,nan,2,2,53,1,1,11,11,0,0,0,847072430,0.03711,-0.00366,0.95703,0.95776,-0.00718,0.00185,-0.00061,0.00744,0.95839,0.00406,0.00821,3,12194,0,1396,0.04018,0.03540,0.88113,96,1,87.972,107,1,3,4335,185610,0,0,0.000,7.944,13.752,0,0.000,12.866,15.499,0,0,1,0,7
PPG,2,21132,846830536,151,170305,191112,191329.625,-217.625,-99.672,1,0,1,1220,63.83,63.83,2,1,16,nan,2,2,53,1,1,12,12,0,0,0,847111705,0.04102,-0.00806,0.95630,0.95721,-0.00852,0.00238,-0.00087,0.00889,0.96045,0.00269,0.00889,3,12251,0,1396,0.04018,0.03540,0.88113,96,1,87.972,107,1,3,2631,185610,0,0,68.891,7.944,13.752,1,133.344,12.866,15.499,1,1,1,0,8
PPG,2,21133,846870536,149,170305,191125,191327.578,-202.578,-99.750,0,0,0,0,63.83,63.83,2,1,16,nan,2,2,53,2,2,14,14,0,0,0,847208131,0.04150,-0.00537,0.95825,0.95917,-0.00745,0.00265,-0.00007,0.00791,0.95917,0.00513,0.00828,3,62552,0,1401,0.04018,0.03540,0.88113,96,1,87.972,107,1,3,62511,185610,0,0,0.000,7.958,13.808,0,0.000,12.977,15.796,0,0,1,0,8
PPG,2,21134,846910536,39,170341,191177,191326.078,-149.078,-95.859,0,0,0,0,63.83,63.83,2,1,16,nan,2,2,53,2,2,14,14,0,0,0,847208131,0.04150,-0.00537,0.95825,0.95917,-0.00745,0.00265,-0.00007,0.00791,0.00000,0.00000,0.00000,0,62552,0,1401,0.04018,0.03540,0.88113,96,1,87.972,107,1,3,62511,185610,0,0,0.000,7.958,13.808,0,0.000,12.977,15.796,0,0,1,0,8
PPG,2,21135,846950536,134,170364,191222,191325.031,-103.031,-90.703,0,0,0,0,63.83,63.83,2,1,16,nan,2,2,53,1,1,15,15,0,0,0,847234263,0.03589,-0.00684,0.95654,0.95724,-0.00772,0.00185,0.00046,0.00795,0.95724,0.00593,0.00795,2,12629,0,1401,0.04018,0.03540,0.88113,96,1,87.972,107,1,3,4336,185610,0,0,0.000,7.958,13.808,0,0.000,12.977,15.796,0,0,1,0,8
PPG,2,21136,846990536,131,170397,191259,191324.375,-65.375,-82.031,0,0,0,0,63.83,63.83,2,1,16,nan,2,2,53,1,1,16,16,0,0,0,847273571,0.04028,-0.00366,0.96094,0.96179,-0.00825,0.00238,-0.00007,0.00859,0.96179,0.00826,0.00859,3,12249,0,1401,0.04018,0.03540,0.88113,96,1,87.972,107,1,3,4330,185610,0,0,0.000,7.958,13.808,0,0.000,12.977,15.796,0,0,1,0,8
PPG,2,21137,847030536,133,170407,191294,191324.078,-30.078,-66.781,0,0,0,0,63.83,63.83,2,1,16,nan,2,2,53,1,1,17,17,0,0,0,847312857,0.03882,-0.00854,0.95850,0.95932,-0.00745,0.00212,-0.00007,0.00775,0.96012,0.00455,0.00808,3,12253,0,1401,0.04018,0.03540,0.88113,96,1,87.972,107,1,3,4345,185610,0,0,0.000,7.958,13.808,0,0.000,12.977,15.796,0,0,1,0,8
PPG,2,21138,847070536,131,170403,191294,191323.781,-29.781,-45.094,0,0,0,0,63.83,63.83,2,1,16,nan,2,2,53,1,1,18,18,0,0,0,847352050,0.04297,-0.00757,0.95850,0.95949,-0.00798,0.00238,-0.00087,0.00838,0.96118,0.00409,0.00851,3,12191,0,1401,0.04018,0.03540,0.88113,96,1,87.972,107,1,3,2601,185610,0,0,0.000,7.958,13.808,0,0.000,12.977,15.796,0,0,1,0,8
PPG,2,21139,847110536,130,170424,191310,191323.641,-13.641,-15.453,0,0,0,0,63.83,63.83,2,1,16,nan,2,2,53,1,1,19,19,0,0,0,847393805,0.04077,-0.00293,0.94995,0.95083,-0.00692,0.00105,-0.00114,0.00709,0.96365,0.01282,0.00875,3,12272,0,1401,0.04018,0.03540,0.88113,96,1,87.972,107,1,3,4341,185610,0,0,0.000,7.958,13.808,0,0.000,12.977,15.796,0,0,1,0,8
PPG,2,21140,847150536,131,170425,191338,191323.781,14.219,17.875,0,0,0,0,63.83,63.83,2,1,16,nan,2,2,53,1,1,20,20,0,0,0,847432868,0.04053,-0.00195,0.95630,0.95716,-0.00772,0.00212,-0.00087,0.00805,0.95991,0.00756,0.00805,3,12157,0,1401,0.04018,0.03540,0.88113,96,1,87.972,107,1,3,4299,185610,0,0,0.000,7.958,13.808,0,0.000,12.977,15.796,0,0,1,0,8
PPG,2,21141,847190536,130,170410,191300,191323.547,-23.547,40.891,0,0,0,0,63.83,63.83,2,1,16,nan,2,2,53,1,1,21,21,0,0,0,847471829,0.04321,-0.00293,0.95825,0.95923,-0.00772,0.00052,-0.00114,0.00782,0.96503,0.00787,0.00859,3,12117,0,1401,0.04018,0.03540,0.88113,96,1,87.972,107,1,3,2612,185610,0,0,0.000,7.958,13.808,0,0.000,12.977,15.796,0,0,1,0,8
PPG,2,21142,847230536,131,170384,191259,191322.906,-63.906,52.172,0,0,0,0,63.83,63.83,2,1,16,nan,2,2,53,1,1,22,22,0,0,0,847513421,0.04321,-0.01172,0.95923,0.96027,-0.00718,0.00212,0.00046,0.00750,0.96161,0.00170,0.00800,3,12122,0,1401,0.04018,0.03540,0.88113,96,1,87.972,107,1,3,4300,185610,0,0,0.000,7.958,13.808,0,0.000,12.977,15.796,0,0,1,0,8
PPG,2,21143,847270536,182,170376,191264,191322.312,-58.312,60.438,0,0,0,0,63.83,63.83,2,1,16,nan,2,2,53,1,1,23,23,0,0,0,847552425,0.04321,-0.00781,0.95630,0.95731,-0.00825,0.00158,-0.00034,0.00841,0.96065,0.00357,0.00841,3,12150,0,1401,0.04018,0.03540,0.88113,96,1,87.972,107,1,3,2597,185610,0,0,0.000,7.958,13.808,0,0.000,12.977,15.796,0,0,1,0,8
PPG,2,21144,847310536,525,170366,191254,191321.625,-67.625,61.172,0,0,0,0,63.83,63.83,2,1,16,nan,2,2,53,1,1,24,24,0,0,0,847594126,0.04492,-0.00293,0.95996,0.96102,-0.00692,0.00212,-0.00007,0.00723,0.96102,0.00666,0.00877,3,12131,0,1401,0.04542,0.03076,0.67722,96,1,93.070,100,1,3,4298,185610,0,0,0.000,7.958,13.808,0,0.000,12.977,15.796,0,0,1,0,8
PPG,2,21145,847350536,225,170336,191206,191320.469,-114.469,50.453,0,0,0,0,63.83,63.83,2,1,16,nan,2,2,53,1,1,25,25,0,0,0,847633511,0.03955,-0.00537,0.95288,0.95372,-0.00798,0.00158,-0.00087,0.00819,0.97010,0.01228,0.00951,3,12109,0,1401,0.04542,0.03076,0.67722,96,1,93.070,100,1,3,4296,185610,0,0,0.000,7.958,13.808,0,0.000,12.977,15.796,0,0,1,0,8
PPG,2,21146,847390536,129,170322,191112,191318.391,-206.391,25.375,0,0,0,0,63.83,63.83,2,1,16,nan,2,2,53,1,1,26,26,0,0,0,847672596,0.04419,-0.00293,0.96045,0.96147,-0.00798,0.00345,-0.00061,0.00872,0.96147,0.00431,0.00972,3,12125,0,1401,0.04542,0.03076,0.67722,96,1,93.070,100,1,3,4298,185610,0,0,0.000,7.958,13.808,0,0.000,12.977,15.796,0,0,1,0,8
PPG,2,21147,847430536,131,170290,191081,191316.016,-235.016,-6.234,0,0,0,0,63.83,63.83,2,1,16,nan,2,2,53,1,1,27,27,0,0,0,847711538,0.04443,-0.00464,0.95679,0.95783,-0.00798,0.00185,0.00073,0.00823,0.96403,0.00620,0.00823,3,12107,0,1401,0.04542,0.03076,0.67722,96,1,93.070,100,1,3,2597,185610,0,0,0.000,7.958,13.808,0,0.000,12.977,15.796,0,0,1,0,8
PPG,2,21148,847470536,133,170324,191119,191314.047,-195.047,-28.297,0,0,0,0,63.83,63.83,2,1,16,nan,2,2,53,1,1,28,28,0,0,0,847753095,0.04126,-0.00391,0.96069,0.96159,-0.00745,0.00238,-0.00034,0.00783,0.96159,0.00247,0.00911,3,12161,0,1401,0.04542,0.03076,0.67722,96,1,93.070,100,1,3,4315,185610,0,0,0.000,7.958,13.808,0,0.000,12.977,15.796,0,0,1,0,8
PPG,2,21149,847510536,128,170356,191160,191312.500,-152.500,-40.547,0,0,0,0,63.83,63.83,2,1,16,nan,2,2,53,1,1,29,29,0,0,0,847792031,0.03979,-0.00146,0.95410,0.95493,-0.00852,0.00158,-0.00167,0.00882,0.95987,0.00327,0.00882,3,12114,0,1401,0.04542,0.03076,0.67722,96,1,93.070,100,1,3,2596,185610,0,0,0.000,7.958,13.808,0,0.000,12.977,15.796,0,0,1,0,8
PPG,2,21150,847550536,129,170340,191162,191311.000,-149.000,-53.672,0,0,0,0,63.83,63.83,2,1,16,nan,2,2,53,1,1,30,30,0,0,0,847833558,0.04443,-0.00073,0.95264,0.95367,-0.00745,-0.00081,-0.00007,0.00749,0.95663,0.00552,0.00819,3,12111,0,1401,0.04542,0.03076,0.67722,96,1,93.070,100,1,3,4296,185610,0,0,69.344,7.958,13.808,1,0.000,12.977,15.796,0,0,1,0,8
PPG,2,21151,847590536,128,170245,191092,191308.812,-216.812,-73.859,0,0,0,0,63.83,63.83,2,1,16,nan,2,2,53,1,1,31,31,0,0,0,847873000,0.04102,-0.00635,0.95435,0.95525,-0.00772,0.00025,-0.00061,0.00774,0.95525,0.00126,0.00833,3,12310,0,1401,0.04542,0.03076,0.67722,96,1,93.070,100,1,3,4295,185610,0,0,0.000,7.958,13.808,0,0.000,12.977,15.796,0,0,1,0,8
PPG,2,21152,847630536,154,170096,190923,191304.953,-381.953,-104.828,1,0,1,760,65.22,65.22,2,1,16,nan,2,2,53,1,1,0,0,0,0,0,847912059,0.04102,-0.00732,0.95581,0.95672,-0.00825,0.00238,-0.00061,0.00861,0.96312,0.00640,0.00863,3,12163,0,1401,0.04542,0.03076,0.67722,96,1,93.070,100,1,3,2607,185610,0,0,0.000,7.958,13.808,0,160.922,12.977,15.796,1,1,1,0,8
PPG,2,21153,847670536,129,170041,190855,191300.453,-445.453,-128.047,0,0,0,0,65.22,65.22,2,1,16,nan,2,2,53,1,1,1,1,0,0,0,847953724,0.04077,-0.00830,0.96118,0.96208,-0.00745,0.00372,-0.00114,0.00840,0.96259,0.00515,0.00840,3,12178,0,1401,0.04542,0.03076,0.67722,96,1,93.070,100,1,3,4302,185610,0,0,0.000,7.972,13.869,0,0.000,13.246,16.519,0,0,1,0,8
PPG,2,21154,847710536,130,170068,190894,191296.391,-402.391,-140.625,0,0,0,0,65.22,65.22,2,1,16,nan,2,2,53,1,1,2,2,0,0,0,847992813,0.03931,-0.00537,0.96704,0.96785,-0.00825,0.00185,-0.00034,0.00846,0.96785,0.01021,0.00846,3,12114,0,1401,0.04542,0.03076,0.67722,96,1,93.070,100,1,3,4307,185610,0,0,0.000,7.972,13.869,0,0.000,13.246,16.519,0,0,1,0,8
PPG,2,21155,847750536,185,170118,190943,191292.859,-349.859,-151.812,0,0,0,0,65.22,65.22,2,1,16,nan,2,2,53,1,1,3,3,0,0,0,848031894,0.03931,-0.00415,0.96118,0.96199,-0.00665,0.00238,-0.00141,0.00720,0.96199,0.00921,0.00852,3,12126,0,1401,0.04542,0.03076,0.67722,96,1,93.070,100,1,3,2610,185610,0,0,0.000,7.972,13.869,0,0.000,13.246,16.519,0,0,1,0,8
PPG,2,21156,847790536,140,170169,191041,191290.344,-249.344,-157.906,0,0,0,0,65.22,65.22,2,1,16,nan,2,2,53,1,1,4,4,0,0,0,848074077,0.04565,-0.00830,0.96118,0.96230,-0.00745,0.00105,-0.00061,0.00755,0.96303,0.00331,0.00776,3,12283,0,1401,0.04542,0.03076,0.67722,96,1,93.070,100,1,3,4348,185610,0,0,0.000,7.972,13.869,0,0.000,13.246,16.519,0,0,1,0,8
PPG,2,21157,847830536,129,170212,191072,191288.156,-216.156,-159.672,0,0,0,0,65.22,65.22,2,1,16,nan,2,2,53,1,1,5,5,0,0,0,848113441,0.04663,-0.00293,0.95996,0.96110,-0.00798,0.00212,-0.00034,0.00827,0.96304,0.00555,0.00894,3,12258,0,1401,0.04542,0.03076,0.67722,96,1,93.070,100,1,3,4337,185610,0,0,0.000,7.972,13.869,0,0.000,13.246,16.519,0,0,1,0,8
PPG,2,21158,847870536,140,170231,191108,191286.359,-178.359,-148.078,0,0,0,0,65.22,65.22,2,1,16,nan,2,2,53,1,1,6,6,0,0,0,848147297,0.03857,-0.00439,0.95435,0.95514,-0.00772,0.00185,-0.00061,0.00796,0.95972,0.00458,0.00945,2,19124,0,1401,0.04542,0.03076,0.67722,96,1,93.070,100,1,3,2643,185610,0,0,0.000,7.972,13.869,0,0.000,13.246,16.519,0,0,1,0,8
PPG,2,21159,847910536,132,170276,191170,191285.203,-115.203,-105.797,0,0,0,0,65.22,65.22,2,1,16,nan,2,2,53,1,1,7,7,0,0,0,848192073,0.03931,-0.00537,0.96216,0.96298,-0.00692,0.00158,-0.00141,0.00723,0.96298,0.00573,0.00817,3,12277,0,1402,0.04542,0.03076,0.67722,96,1,93.070,100,1,3,2632,185610,0,0,0.000,7.972,13.869,0,0.000,13.246,16.519,0,0,1,0,8
PPG,2,21160,847950536,141,170273,191200,191284.344,-84.344,-49.609,0,0,0,0,65.22,65.22,2,1,16,nan,2,2,53,1,1,8,8,0,0,0,848233985,0.04297,-0.00439,0.95190,0.95288,-0.00905,0.00292,-0.00034,0.00951,0.95997,0.00592,0.00951,3,12247,0,1402,0.04542,0.03076,0.67722,96,1,93.070,100,1,3,4339,185610,0,0,0.000,7.972,13.869,0,0.000,13.246,16.519,0,0,1,0,8
PPG,2,21161,847990536,130,170274,191221,191283.703,-62.703,1.062,0,0,0,0,65.22,65.22,2,1,16,nan,2,2,53,1,1,9,9,0,0,0,848273386,0.04077,-0.00537,0.96558,0.96645,-0.00825,0.00158,-0.00167,0.00856,0.96645,0.00748,0.00883,3,12251,0,1402,0.04542,0.03076,0.67722,96,1,93.070,100,1,3,4337,185610,0,0,0.000,7.972,13.869,0,0.000,13.246,16.519,0,0,1,0,8
PPG,2,21162,848030536,135,170288,191227,191283.141,-56.141,43.219,0,0,0,0,65.22,65.22,2,1,16,nan,2,2,53,1,1,10,10,0,0,0,848312676,0.04102,-0.00488,0.95557,0.95646,-0.00718,0.00052,-0.00061,0.00723,0.95967,0.00817,0.00803,3,12246,0,1402,0.04542,0.03076,0.67722,96,1,93.070,100,1,3,4323,185610,0,0,0.000,7.972,13.869,0,0.000,13.246,16.519,0,0,1,0,8
PPG,2,21163,848070536,144,170287,191240,191282.703,-42.703,72.859,0,0,0,0,65.22,65.22,2,1,16,nan,2,2,53,1,1,11,11,0,0,0,848352065,0.04199,-0.00732,0.95752,0.95847,-0.00878,0.00185,-0.00034,0.00898,0.96440,0.00593,0.00898,3,12260,0,1402,0.04542,0.03076,0.67722,96,1,93.070,100,1,3,2637,185610,0,0,0.000,7.972,13.869,0,0.000,13.246,16.519,0,0,1,0,8
PPG,2,21164,848110536,141,170267,191210,191281.969,-71.969,94.781,0,0,0,0,65.22,65.22,2,1,16,nan,2,2,53,1,1,12,12,0,0,0,848393971,0.04395,-0.00732,0.95654,0.95758,-0.00825,0.00212,-0.00087,0.00856,0.96024,0.00244,0.00893,3,12195,0,1402,0.04542,0.03076,0.67722,96,1,93.070,100,1,3,4349,185610,0,0,0.000,7.972,13.869,0,0.000,13.246,16.519,0,0,1,0,8
PPG,2,21165,848150536,131,170215,191091,191280.062,-189.062,98.094,0,0,0,0,65.22,65.22,2,1,16,nan,2,2,53,1,1,13,13,0,0,0,848433210,0.04297,-0.00830,0.96021,0.96120,-0.00825,0.00185,-0.00087,0.00850,0.96120,0.00322,0.00850,3,12216,0,1402,0.04542,0.03076,0.67722,96,1,93.070,100,1,3,4333,185610,0,0,0.000,7.972,13.869,0,0.000,13.246,16.519,0,0,1,0,8
PPG,2,21166,848190536,223,170194,191025,191277.516,-252.516,81.719,0,0,0,0,65.22,65.22,2,1,16,nan,2,2,53,1,1,14,14,0,0,0,848472608,0.04785,-0.00562,0.96313,0.96434,-0.00905,0.00238,-0.00007,0.00936,0.96434,0.01071,0.00936,3,12267,0,1402,0.04542,0.03076,0.67722,96,1,93.070,100,1,3,2633,185610,0,0,0.000,7.972,13.869,0,0.000,13.246,16.519,0,0,1,0,8
PPG,2,21167,848230536,128,170192,191027,191275.016,-248.016,59.719,0,0,0,0,65.22,65.22,2,1,16,nan,2,2,53,1,1,15,15,0,0,0,848514610,0.04126,-0.00293,0.95386,0.95475,-0.00798,0.00238,0.00019,0.00833,0.95761,0.00673,0.00892,3,12194,0,1402,0.04542,0.03076,0.67722,96,1,93.070,100,1,3,4320,185610,0,0,0.000,7.972,13.869,0,0.000,13.246,16.519,0,0,1,0,8
PPG,2,21168,848270536,136,170224,191082,191273.078,-191.078,41.703,0,0,0,0,65.22,65.22,2,1,16,nan,2,2,53,1,1,16,16,0,0,0,848553891,0.04590,-0.00830,0.94946,0.95061,-0.00878,0.00105,-0.00007,0.00885,0.95860,0.00533,0.00894,3,12241,0,1402,0.04542,0.03076,0.67722,96,1,93.070,100,1,3,4329,185610,0,0,0.000,7.972,13.869,0,0.000,13.246,16.519,0,0,1,0,8
PPG,2,21169,848310536,513,170287,191180,191272.141,-92.141,33.984,0,0,0,0,65.22,65.22,2,1,16,nan,4,1,53,1,1,17,17,0,0,0,848593175,0.03857,-0.00342,0.96167,0.96245,-0.00772,0.00185,-0.00034,0.00794,0.97374,0.02308,0.00961,3,12231,0,1402,0.06725,0.05526,0.82170,94,1,89.457,150,1,3,4333,185610,0,0,0.000,7.972,13.869,0,0.000,13.246,16.519,0,0,1,0,8
PPG,2,21170,848350536,180,170328,191247,191271.891,-24.891,30.734,0,0,0,0,65.22,65.22,2,1,16,nan,4,1,53,1,1,18,18,0,0,0,848632862,0.04053,-0.00732,0.95898,0.95987,-0.00745,0.00212,-0.00034,0.00775,0.95987,0.00305,0.00775,3,12224,0,1402,0.06725,0.05526,0.82170,94,1,89.457,150,1,3,4320,185610,0,0,0.000,7.972,13.869,0,0.000,13.246,16.519,0,0,1,0,8
PPG,2,21171,848390536,128,170356,191270,191271.875,-1.875,30.422,0,0,0,0,65.22,65.22,2,1,16,nan,4,1,53,1,1,19,19,0,0,0,848672077,0.03687,-0.01196,0.95874,0.95952,-0.00931,0.00105,0.00046,0.00939,0.95952,0.00170,0.00939,3,12151,0,1402,0.06725,0.05526,0.82170,94,1,89.457,150,1,3,2640,185610,0,0,0.000,7.972,13.869,0,0.000,13.246,16.519,0,0,1,0,8
PPG,2,21172,848430536,129,170325,191251,191271.672,-20.672,36.875,0,0,0,0,65.22,65.22,2,1,16,nan,4,1,53,1,1,20,20,0,0,0,848713810,0.03760,-0.00488,0.96362,0.96437,-0.00825,0.00265,0.00099,0.00872,0.96437,0.00329,0.00919,3,12113,0,1402,0.06725,0.05526,0.82170,94,1,89.457,150,1,3,4308,185610,0,0,0.000,7.972,13.869,0,0.000,13.246,16.519,0,0,1,0,8
PPG,2,21173,848470536,150,170315,191226,191271.219,-45.219,47.031,1,0,1,880,68.18,68.18,2,1,16,nan,4,1,53,1,1,21,21,0,0,0,848752793,0.04297,-0.00977,0.95752,0.95853,-0.00878,0.00265,-0.00167,0.00932,0.96148,0.00549,0.00932,3,12123,0,1402,0.06725,0.05526,0.82170,94,1,89.457,150,1,3,2595,185610,0,0,183.656,7.972,13.869,1,257.766,13.246,16.519,1,1,1,0,8
PPG,2,21174,848510536,126,170316,191279,191271.297,7.703,63.781,0,0,0,0,68.18,68.18,2,1,16,nan,4,1,53,1,1,22,22,0,0,0,848794486,0.04053,-0.00415,0.96021,0.96107,-0.00745,0.00132,-0.00034,0.00757,0.96412,0.00558,0.00835,3,12117,0,1402,0.06725,0.05526,0.82170,94,1,89.457,150,1,3,4297,185610,0,0,0.000,8.700,16.867,0,0.000,14.087,18.774,0,0,1,0,8
PPG,2,21175,848550536,130,170361,191341,191272.000,69.000,80.875,0,1,0,0,68.18,68.18,2,1,16,nan,4,1,53,1,1,23,23,0,0,0,848833419,0.03906,-0.00366,0.95923,0.96003,-0.00825,0.00132,0.00046,0.00837,0.96563,0.00667,0.00924,3,12124,0,1402,0.06725,0.05526,0.82170,94,1,89.457,150,1,3,4298,185610,0,0,0.000,8.700,16.867,0,0.000,14.087,18.774,0,0,1,0,8
PPG,2,21176,848590536,128,170397,191369,191272.969,96.031,91.484,0,0,0,0,68.18,68.18,2,1,16,nan,4,1,53,1,1,24,24,0,0,0,848872405,0.04321,-0.00293,0.95679,0.95777,-0.00745,0.00212,-0.00061,0.00777,0.95777,0.00367,0.00879,3,12146,0,1402,0.06725,0.05526,0.82170,94,1,89.457,150,1,3,2595,185610,0,0,0.000,8.700,16.867,0,0.000,14.087,18.774,0,0,1,0,8
PPG,2,21177,848630536,144,170404,191398,191274.219,123.781,96.766,0,0,0,0,68.18,68.18,2,1,16,nan,4,1,53,1,1,25,25,0,0,0,848913959,0.04150,-0.00635,0.95508,0.95600,-0.00772,0.00132,-0.00007,0.00783,0.96141,0.00364,0.00783,3,12111,0,1402,0.06725,0.05526,0.82170,94,1,89.457,150,1,3,4301,185610,0,0,0.000,8.700,16.867,0,0.000,14.087,18.774,0,0,1,0,8
PPG,2,21178,848670536,179,170387,191386,191275.344,110.656,99.422,0,0,0,0,68.18,68.18,2,1,16,nan,4,1,53,1,1,26,26,0,0,0,848952926,0.04077,-0.00757,0.95728,0.95817,-0.00772,0.00158,-0.00167,0.00805,0.95817,0.00126,0.00805,3,12117,0,1402,0.06725,0.05526,0.82170,94,1,89.457,150,1,3,4297,185610,0,0,0.000,8.700,16.867,0,0.000,14.087,18.774,0,0,1,0,8
PPG,2,21179,848710536,128,170406,191411,191276.703,134.297,110.234,0,0,0,0,68.18,68.18,2,1,16,nan,4,1,53,1,1,27,27,0,0,0,848991994,0.04297,-0.00537,0.95947,0.96045,-0.00772,0.00132,-0.00167,0.00800,0.96045,0.00382,0.00862,3,12126,0,1402,0.06725,0.05526,0.82170,94,1,89.457,150,1,3,2600,185610,0,0,0.000,8.700,16.867,0,0.000,14.087,18.774,0,0,1,0,8
PPG,2,21180,848750536,129,170398,191415,191278.094,136.906,126.484,0,0,0,0,68.18,68.18,2,1,16,nan,4,1,53,1,1,28,28,0,0,0,849033555,0.04175,-0.00146,0.95703,0.95794,-0.00825,0.00212,-0.00034,0.00852,0.96073,0.00569,0.00930,3,12113,0,1402,0.06725,0.05526,0.82170,94,1,89.457,150,1,3,4294,185610,0,0,0.000,8.700,16.867,0,0.000,14.087,18.774,0,0,1,0,8
PPG,2,21181,848790536,128,170405,191426,191279.578,146.422,137.234,0,0,0,0,68.18,68.18,2,1,16,nan,4,1,53,1,1,29,29,0,0,0,849072546,0.04004,-0.00854,0.96191,0.96278,-0.00798,0.00105,0.00073,0.00808,0.96278,0.00430,0.00853,3,12150,0,1402,0.06725,0.05526,0.82170,94,1,89.457,150,1,3,2626,185610,0,0,0.000,8.700,16.867,0,0.000,14.087,18.774,0,0,1,0,8
PPG,2,21182,848830536,140,170419,191455,191281.328,173.672,142.125,0,0,0,0,68.18,68.18,2,1,16,nan,4,1,53,1,1,30,30,0,0,0,849114144,0.04077,-0.00513,0.95996,0.96084,-0.00852,0.00158,-0.00061,0.00868,0.96163,0.00551,0.00868,3,12120,0,1402,0.06725,0.05526,0.82170,94,1,89.457,150,1,3,4297,185610,0,0,0.000,8.700,16.867,0,0.000,14.087,18.774,0,0,1,0,8
PPG,2,21183,848870536,185,170434,191489,191283.406,205.594,146.812,0,0,0,0,68.18,68.18,2,1,16,nan,4,1,53,1,1,31,31,0,0,0,849147706,0.04077,-0.00415,0.95313,0.95401,-0.00772,0.00132,-0.00007,0.00783,0.95763,0.00363,0.00847,2,18894,0,1402,0.06725,0.05526,0.82170,94,1,89.457,150,1,3,2591,185610,0,0,0.000,8.700,16.867,0,0.000,14.087,18.774,0,0,1,0,8
PPG,2,21184,848910536,183,170449,191477,191285.344,191.656,144.750,0,0,0,0,68.18,68.18,2,1,16,nan,4,1,53,1,1,0,0,0,0,0,849192135,0.04224,-0.00806,0.95264,0.95361,-0.00852,0.00212,-0.00034,0.00878,0.96252,0.00892,0.00878,3,12129,0,1403,0.06725,0.05526,0.82170,94,1,89.457,150,1,3,2599,185610,0,0,0.000,8.700,16.867,0,0.000,14.087,18.774,0,0,1,0,8
PPG,2,21185,848950536,130,170410,191347,191285.953,61.047,126.375,0,0,0,0,68.18,68.18,2,1,16,nan,4,1,53,1,1,1,1,0,0,0,849233758,0.04346,-0.00854,0.95483,0.95586,-0.00852,0.00238,0.00046,0.00885,0.96517,0.01156,0.00946,3,12122,0,1403,0.06725,0.05526,0.82170,94,1,89.457,150,1,3,4295,185610,0,0,43.078,8.700,16.867,1,0.000,14.087,18.774,0,0,1,0,8
PPG,2,21186,848990536,209,170371,191238,191285.469,-47.469,91.016,0,0,0,0,68.18,68.18,2,1,16,nan,4,1,53,1,1,2,2,0,0,0,849272743,0.04541,-0.00684,0.96460,0.96569,-0.00745,0.00212,-0.00141,0.00787,0.96569,0.00609,0.00830,3,12119,0,1403,0.06725,0.05526,0.82170,94,1,89.457,150,1,3,2625,185610,0,0,0.000,8.700,16.867,0,0.000,14.087,18.774,0,0,1,0,8
PPG,2,21187,849030536,129,170377,191257,191285.188,-28.188,56.938,0,0,0,0,68.18,68.18,2,1,16,nan,4,1,53,1,1,3,3,0,0,0,849314517,0.04346,-0.00903,0.95752,0.95855,-0.00718,0.00158,-0.00087,0.00741,0.96276,0.00298,0.00856,3,12115,0,1403,0.06725,0.05526,0.82170,94,1,89.457,150,1,3,4294,185610,0,0,0.000,8.700,16.867,0,0.000,14.087,18.774,0,0,1,0,8
PPG,2,21188,849070536,132,170379,191283,191285.172,-2.172,26.469,0,0,0,0,68.18,68.18,2,1,16,nan,4,1,53,1,1,4,4,0,0,0,849353555,0.04102,-0.00708,0.96069,0.96159,-0.00772,0.00158,0.00019,0.00788,0.96446,0.00935,0.00831,3,12113,0,1403,0.06725,0.05526,0.82170,94,1,89.457,150,1,3,4294,185610,0,0,0.000,8.700,16.867,0,0.000,14.087,18.774,0,0,1,0,8
PPG,2,21189,849110536,132,170386,191305,191285.375,19.625,-1.219,0,0,0,0,68.18,68.18,2,1,16,nan,4,1,53,1,1,5,5,0,0,0,849392555,0.04321,-0.00635,0.96191,0.96291,-0.00852,0.00079,-0.00141,0.00867,0.96696,0.01090,0.00867,3,12130,0,1403,0.06725,0.05526,0.82170,94,1,89.457,150,1,3,2598,185610,0,0,0.000,8.700,16.867,0,0.000,14.087,18.774,0,0,1,0,7
PPG,2,21190,849150536,144,170406,191341,191285.938,55.062,-27.062,0,0,0,0,68.18,68.18,2,1,16,nan,4,1,53,1,1,6,6,0,0,0,849434135,0.04419,-0.00732,0.95679,0.95784,-0.00772,0.00105,-0.00061,0.00781,0.96137,0.00354,0.00866,3,12131,0,1403,0.06725,0.05526,0.82170,94,1,89.457,150,1,3,4299,185610,0,0,0.000,8.700,16.867,0,0.000,14.087,18.774,0,0,1,0,7
PPG,2,21191,849190536,129,170429,191357,191286.641,70.359,-48.547,1,0,0,0,68.18,68.18,2,1,16,nan,4,1,53,1,1,7,7,0,0,0,849473172,0.04248,-0.00366,0.95874,0.95969,-0.00745,0.00212,-0.00034,0.00775,0.95969,0.00451,0.00819,3,12122,0,1403,0.06725,0.05526,0.82170,94,1,89.457,150,1,3,4304,185610,0,0,0.000,8.700,16.867,0,116.391,14.087,18.774,1,0,1,0,7
PPG,2,21192,849230536,129,170392,191307,191286.844,20.156,-57.062,0,0,0,0,68.18,68.18,2,1,16,nan,4,1,53,1,1,8,8,0,0,0,849512254,0.04224,-0.00879,0.95288,0.95386,-0.00798,0.00185,-0.00061,0.00822,0.95812,0.00426,0.00822,3,12131,0,1403,0.06725,0.05526,0.82170,94,1,89.457,150,1,3,2604,185610,0,0,0.000,8.700,16.867,0,0.000,14.087,18.774,0,0,1,0,7
PPG,2,21193,849270536,129,170388,191301,191286.984,14.016,-51.812,0,0,0,0,68.18,68.18,2,1,16,nan,4,1,53,1,1,9,9,0,0,0,849553853,0.03784,-0.00928,0.95703,0.95782,-0.00772,0.00212,-0.00061,0.00802,0.96207,0.00821,0.00831,3,12120,0,1403,0.06725,0.05526,0.82170,94,1,89.457,150,1,3,4302,185610,0,0,0.000,8.700,16.867,0,0.000,14.087,18.774,0,0,1,0,7
PPG,2,21194,849310536,513,170387,191305,191287.172,17.828,-46.266,0,0,0,0,68.18,68.18,2,1,16,nan,4,1,53,1,1,10,10,0,0,0,849592939,0.04053,-0.00708,0.95972,0.96060,-0.00772,0.00158,-0.00087,0.00793,0.96367,0.00567,0.00837,3,12180,0,1403,0.06868,0.05143,0.74887,93,1,91.278,166,1,3,2595,185610,0,0,0.000,8.700,16.867,0,0.000,14.087,18.774,0,0,1,0,7
PPG,2,21195,849350536,178,170411,191340,191287.703,52.297,-38.062,0,0,0,0,68.18,68.18,2,1,16,nan,4,1,53,1,1,11,11,0,0,0,849634925,0.04785,-0.00928,0.96216,0.96339,-0.00798,0.00132,-0.00061,0.00811,0.96339,0.00482,0.00838,3,12120,0,1403,0.06868,0.05143,0.74887,93,1,91.278,166,1,3,4296,185610,0,0,0.000,8.700,16.867,0,0.000,14.087,18.774,0,0,1,0,6
PPG,2,21196,849390536,145,170418,191392,191288.750,103.250,-26.781,0,0,0,0,68.18,68.18,2,1,16,nan,4,1,53,1,1,12,12,0,0,0,849673979,0.04248,-0.00659,0.95703,0.95800,-0.00798,0.00185,-0.00141,0.00831,0.96102,0.00539,0.00859,3,12122,0,1403,0.06868,0.05143,0.74887,93,1,91.278,166,1,3,4300,185610,0,0,0.000,8.700,16.867,0,0.000,14.087,18.774,0,0,1,0,6
PPG,2,21197,849430536,128,170472,191422,191290.078,131.922,-16.422,0,0,0,0,68.18,68.18,2,1,16,nan,4,1,53,1,1,13,13,0,0,0,849713015,0.03809,-0.00806,0.95874,0.95953,-0.00825,0.00372,0.00046,0.00906,0.95953,0.00295,0.00906,3,12118,0,1403,0.06868,0.05143,0.74887,93,1,91.278,166,1,3,2597,185610,0,0,0.000,8.700,16.867,0,0.000,14.087,18.774,0,0,1,0,6
PPG,2,21198,849470536,129,170488,191437,191291.547,145.453,-7.531,0,0,0,0,68.18,68.18,2,1,16,nan,4,1,53,1,1,14,14,0,0,0,849754609,0.04199,-0.00366,0.95654,0.95747,-0.00692,0.00132,-0.00061,0.00707,0.95987,0.00240,0.00841,3,12144,0,1403,0.06868,0.05143,0.74887,93,1,91.278,166,1,3,4299,185610,0,0,0.000,8.700,16.867,0,0.000,14.087,18.774,0,0,1,0,6
PPG,2,21199,849510536,146,170488,191447,191293.094,153.906,10.672,0,0,0,0,68.18,68.18,2,1,16,nan,4,1,53,1,1,15,15,0,0,0,849793606,0.03931,-0.00757,0.95361,0.95445,-0.00745,0.00238,-0.00007,0.00782,0.96159,0.00732,0.00850,3,12159,0,1403,0.06868,0.05143,0.74887,93,1,91.278,166,1,3,4341,185610,0,0,0.000,8.700,16.867,0,0.000,14.087,18.774,0,0,1,0,6
PPG,2,21200,849550536,205,170476,191449,191294.656,154.344,30.109,0,0,0,0,68.18,68.18,2,1,16,nan,4,1,53,1,1,16,16,0,0,0,849832936,0.04321,-0.00366,0.95996,0.96094,-0.00718,0.00212,-0.00141,0.00762,0.96094,0.00593,0.00905,3,12115,0,1403,0.06868,0.05143,0.74887,93,1,91.278,166,1,3,2594,185610,0,0,0.000,8.700,16.867,0,0.000,14.087,18.774,0,0,1,0,6
PPG,2,21201,849590536,128,170474,191464,191296.344,167.656,50.922,0,0,0,0,68.18,68.18,2,1,16,nan,4,1,53,1,1,17,17,0,0,0,849874616,0.04346,-0.00562,0.95117,0.95218,-0.00745,0.00185,-0.00141,0.00780,0.96145,0.00926,0.00791,3,12117,0,1403,0.06868,0.05143,0.74887,93,1,91.278,166,1,3,4298,185610,0,0,0.000,8.700,16.867,0,0.000,14.087,18.774,0,0,1,0,6
PPG,2,21202,849630536,181,170482,191479,191298.172,180.828,69.578,0,0,0,0,68.18,68.18,2,1,16,nan,4,1,53,1,1,18,18,0,0,0,849913623,0.04541,-0.00415,0.96387,0.96495,-0.00772,0.00105,-0.00007,0.00779,0.96495,0.00742,0.00779,3,12119,0,1403,0.06868,0.05143,0.74887,93,1,91.278,166,1,3,4317,185610,0,0,0.000,8.700,16.867,0,0.000,14.087,18.774,0,0,1,0,6
PPG,2,21203,849670536,128,170482,191480,191299.984,180.016,82.594,0,0,0,0,68.18,68.18,2,1,16,nan,4,1,53,1,1,19,19,0,0,0,849952878,0.04492,-0.00391,0.95801,0.95907,-0.00825,0.00158,-0.00114,0.00848,0.96418,0.00560,0.00848,3,12233,0,1403,0.06868,0.05143,0.74887,93,1,91.278,166,1,3,2599,185610,0,0,0.000,8.700,16.867,0,0.000,14.087,18.774,0,0,1,0,6
PPG,2,21204,849710536,178,170459,191486,191301.844,184.156,91.297,0,0,0,0,68.18,68.18,2,1,16,nan,4,1,53,1,1,20,20,0,0,0,849994727,0.04272,-0.00122,0.95435,0.95530,-0.00692,0.00212,0.00019,0.00724,0.96453,0.00923,0.00929,3,12389,0,1403,0.06868,0.05143,0.74887,93,1,91.278,166,1,3,4316,185610,0,0,0.000,8.700,16.867,0,0.000,14.087,18.774,0,0,1,0,6
PPG,2,21205,849750536,176,170402,191382,191302.641,79.359,81.688,0,0,0,0,68.18,68.18,2,1,16,nan,4,1,53,1,1,21,21,0,0,0,850034071,0.04297,-0.00708,0.95728,0.95827,-0.00718,0.00212,0.00019,0.00749,0.95870,0.00273,0.00751,3,12262,0,1403,0.06868,0.05143,0.74887,93,1,91.278,166,1,3,4340,185610,0,0,0.000,8.700,16.867,0,0.000,14.087,18.774,0,0,1,0,6
PPG,2,21206,849790536,130,170357,191230,191301.922,-71.922,51.078,0,0,0,0,68.18,68.18,2,1,16,nan,4,1,53,1,1,22,22,0,0,0,850073533,0.04468,-0.00586,0.95850,0.95955,-0.00798,0.00212,-0.00034,0.00827,0.96205,0.00378,0.00957,3,12266,0,1403,0.06868,0.05143,0.74887,93,1,91.278,166,1,3,4324,185610,0,0,0.000,8.700,16.867,0,0.000,14.087,18.774,0,0,1,0,6
PPG,2,21207,849830536,138,170346,191199,191300.891,-101.891,18.281,0,0,0,0,68.18,68.18,2,1,16,nan,4,1,53,1,1,23,23,0,0,0,850112826,0.04688,-0.01123,0.95801,0.95922,-0.00798,0.00105,0.00019,0.00805,0.96134,0.00455,0.00866,3,12290,0,1403,0.06868,0.05143,0.74887,93,1,91.278,166,1,3,2628,185610,0,0,0.000,8.700,16.867,0,0.000,14.087,18.774,0,0,1,0,6
PPG,2,21208,849870536,140,170364,191255,191300.438,-45.438,-10.188,0,0,0,0,68.18,68.18,2,1,16,nan,4,1,53,1,1,24,24,0,0,0,850149554,0.04150,-0.00537,0.95557,0.95648,-0.00878,0.00212,-0.00167,0.00919,0.96267,0.00618,0.00919,2,19244,0,1403,0.06868,0.05143,0.74887,93,1,91.278,166,1,3,2621,185610,0,0,0.000,8.700,16.867,0,0.000,14.087,18.774,0,0,1,0,6
PPG,2,21209,849910536,132,170392,191295,191300.391,-5.391,-35.984,0,0,0,0,68.18,68.18,2,1,16,nan,4,1,53,1,1,25,25,0,0,0,850194278,0.04175,-0.00488,0.95752,0.95844,-0.00745,0.00185,-0.00087,0.00773,0.96133,0.00509,0.00848,3,12264,0,1404,0.06868,0.05143,0.74887,93,1,91.278,166,1,3,4350,185610,0,0,0.000,8.700,16.867,0,0.000,14.087,18.774,0,0,1,0,6
PPG,2,21210,849950536,130,170405,191309,191300.484,8.516,-58.797,0,0,0,0,68.18,68.18,2,1,16,nan,4,1,53,1,1,26,26,0,0,0,850233614,0.04004,-0.00562,0.96484,0.96569,-0.00772,0.00079,-0.00141,0.00788,0.96569,0.00606,0.00788,3,12259,0,1404,0.06868,0.05143,0.74887,93,1,91.278,166,1,3,4322,185610,0,0,0.000,8.700,16.867,0,0.000,14.087,18.774,0,0,1,0,6
PPG,2,21211,849990536,130,170390,191320,191300.672,19.328,-80.672,0,0,0,0,68.18,68.18,2,1,16,nan,4,1,53,1,1,27,27,0,0,0,850272863,0.04199,-0.00439,0.95972,0.96065,-0.00825,0.00132,-0.00034,0.00836,0.96141,0.00428,0.00836,3,12258,0,1404,0.06868,0.05143,0.74887,93,1,91.278,166,1,3,2634,185610,0,0,56.000,8.700,16.867,1,0.000,14.087,18.774,0,0,1,0,6
PPG,2,21212,850030536,156,170392,191301,191300.672,0.328,-91.938,1,0,1,1540,65.22,65.22,2,1,16,nan,4,1,53,1,1,28,28,0,0,0,850314894,0.04272,-0.00952,0.96045,0.96145,-0.00825,0.00318,-0.00141,0.00895,0.96145,0.00583,0.00895,3,12291,0,1404,0.06868,0.05143,0.74887,93,1,91.278,166,1,3,4337,185610,0,0,0.000,8.700,16.867,0,148.359,14.087,18.774,1,1,1,0,6
PPG,2,21213,850070536,130,170396,191304,191300.703,3.297,-81.516,0,0,0,0,65.22,65.22,2,1,16,nan,4,1,53,1,1,29,29,0,0,0,850354240,0.03882,-0.00879,0.95898,0.95981,-0.00905,0.00132,-0.00034,0.00915,0.96138,0.00123,0.00915,3,12230,0,1404,0.06868,0.05143,0.74887,93,1,91.278,166,1,3,4328,185610,0,0,0.000,8.538,16.202,0,0.000,14.139,18.913,0,0,1,0,6
PPG,2,21214,850110536,130,170400,191333,191301.031,31.969,-63.781,0,0,0,0,65.22,65.22,2,1,16,nan,4,1,53,1,1,30,30,0,0,0,850393514,0.04443,-0.00635,0.96094,0.96199,-0.00772,0.00052,-0.00061,0.00776,0.96199,0.00182,0.00840,3,12241,0,1404,0.06868,0.05143,0.74887,93,1,91.278,166,1,3,4328,185610,0,0,0.000,8.538,16.202,0,0.000,14.139,18.913,0,0,1,0,6
PPG,2,21215,850150536,129,170406,191357,191301.594,55.406,-50.047,0,0,0,0,65.22,65.22,2,1,16,nan,4,1,53,1,1,31,31,0,0,0,850432816,0.04028,-0.00415,0.95923,0.96008,-0.00638,0.00238,0.00019,0.00682,0.96226,0.00748,0.00850,3,12240,0,1404,0.06868,0.05143,0.74887,93,1,91.278,166,1,3,2630,185610,0,0,0.000,8.538,16.202,0,0.000,14.139,18.913,0,0,1,0,6
PPG,2,21216,850190536,131,170411,191372,191302.297,69.703,-38.047,0,0,0,0,65.22,65.22,2,1,16,nan,4,1,53,1,1,0,0,0,0,0,850474694,0.04785,-0.00244,0.96313,0.96433,-0.00852,0.00158,-0.00034,0.00867,0.96433,0.00690,0.00892,3,12237,0,1404,0.06868,0.05143,0.74887,93,1,91.278,166,1,3,4329,185610,0,0,0.000,8.538,16.202,0,0.000,14.139,18.913,0,0,1,0,6
PPG,2,21217,850230536,140,170405,191394,191303.219,90.781,-24.516,0,0,0,0,65.22,65.22,2,1,16,nan,4,1,53,1,1,1,1,0,0,0,850514001,0.04053,-0.00562,0.96191,0.96278,-0.00798,0.00185,-0.00034,0.00820,0.96278,0.00209,0.00908,3,12280,0,1404,0.06868,0.05143,0.74887,93,1,91.278,166,1,3,4328,185610,0,0,0.000,8.538,16.202,0,0.000,14.139,18.913,0,0,1,0,6
PPG,2,21218,850270536,136,170432,191421,191304.391,116.609,-9.266,0,0,0,0,65.22,65.22,2,1,16,nan,4,1,53,1,1,2,2,0,0,0,850553235,0.04272,-0.00488,0.95386,0.95483,-0.00852,0.00238,-0.00034,0.00885,0.96097,0.00397,0.00885,3,12238,0,1404,0.06868,0.05143,0.74887,93,1,91.278,166,1,3,2621,185610,0,0,0.000,8.538,16.202,0,0.000,14.139,18.913,0,0,1,0,6
PPG,2,21219,850310536,515,170446,191446,191305.812,140.188,11.484,0,0,0,0,65.22,65.22,2,1,16,nan,4,1,53,1,1,3,3,0,0,0,850595127,0.04492,-0.00562,0.95410,0.95518,-0.00772,0.00158,-0.00114,0.00796,0.96255,0.00738,0.00882,3,12268,0,1404,0.07208,0.05189,0.71996,93,1,92.001,166,1,3,4371,185610,0,0,0.000,8.538,16.202,0,0.000,14.139,18.913,0,0,1,0,6
PPG,2,21220,850350536,178,170451,191458,191307.328,150.672,33.031,0,0,0,0,65.22,65.22,2,1,16,nan,4,1,53,1,1,4,4,0,0,0,850634823,0.04541,-0.00464,0.95752,0.95861,-0.00825,0.00238,-0.00141,0.00870,0.95861,0.00801,0.00912,3,12220,0,1404,0.07208,0.05189,0.71996,93,1,92.001,166,1,3,4399,185610,0,0,0.000,8.538,16.202,0,0.000,14.139,18.913,0,0,1,0,6
PPG,2,21221,850390536,128,170444,191428,191308.531,119.469,48.406,0,0,0,0,65.22,65.22,2,1,16,nan,4,1,53,1,1,5,5,0,0,0,850673993,0.04541,-0.01221,0.96216,0.96331,-0.00745,0.00132,-0.00087,0.00762,0.96331,0.00711,0.00826,3,12178,0,1404,0.07208,0.05189,0.71996,93,1,92.001,166,1,3,4296,185610,0,0,0.000,8.538,16.202,0,0.000,14.139,18.913,0,0,1,0,6
PPG,2,21222,850430536,129,170459,191444,191309.891,134.109,62.578,0,0,0,0,65.22,65.22,2,1,16,nan,4,1,53,1,1,6,6,0,0,0,850712952,0.04248,-0.00757,0.95825,0.95922,-0.00825,0.00185,-0.00034,0.00846,0.96725,0.00803,0.00846,3,12137,0,1404,0.07208,0.05189,0.71996,93,1,92.001,166,1,3,2623,185610,0,0,0.000,8.538,16.202,0,0.000,14.139,18.913,0,0,1,0,6
PPG,2,21223,850470536,127,170444,191414,191310.938,103.062,71.875,0,0,0,0,65.22,65.22,2,1,16,nan,4,1,53,1,1,7,7,0,0,0,850754540,0.04272,-0.00635,0.95313,0.95410,-0.00692,0.00212,-0.00114,0.00732,0.96121,0.00711,0.00808,3,12109,0,1404,0.07208,0.05189,0.71996,93,1,92.001,166,1,3,4295,185610,0,0,0.000,8.538,16.202,0,0.000,14.139,18.913,0,0,1,0,6
PPG,2,21224,850510536,131,170457,191415,191311.984,103.016,78.438,0,0,0,0,65.22,65.22,2,1,16,nan,4,1,53,1,1,8,8,0,0,0,850793562,0.04199,-0.00562,0.96094,0.96187,-0.00825,0.00212,0.00046,0.00853,0.96187,0.00541,0.00853,3,12112,0,1404,0.07208,0.05189,0.71996,93,1,92.001,166,1,3,4294,185610,0,0,0.000,8.538,16.202,0,0.000,14.139,18.913,0,0,1,0,6
PPG,2,21225,850550536,225,170434,191405,191312.922,92.078,75.000,0,1,0,0,65.22,65.22,2,1,16,nan,4,1,53,1,1,9,9,0,0,0,850832619,0.04077,-0.00635,0.95850,0.95938,-0.00718,0.00185,-0.00087,0.00747,0.95995,0.00777,0.00801,3,12132,0,1404,0.07208,0.05189,0.71996,93,1,92.001,166,1,3,2597,185610,0,0,0.000,8.538,16.202,0,0.000,14.139,18.913,0,0,1,0,6
PPG,2,21226,850590536,130,170387,191312,191312.906,-0.906,51.766,0,0,0,0,65.22,65.22,2,1,16,nan,4,1,53,1,1,10,10,0,0,0,850874298,0.04272,-0.00635,0.95947,0.96044,-0.00718,0.00212,-0.00114,0.00758,0.96044,0.00409,0.00775,3,12127,0,1404,0.07208,0.05189,0.71996,93,1,92.001,166,1,3,4304,185610,0,0,0.000,8.538,16.202,0,0.000,14.139,18.913,0,0,1,0,6
PPG,2,21227,850630536,129,170324,191122,191311.000,-189.000,7.609,0,0,0,0,65.22,65.22,2,1,16,nan,4,1,53,1,1,11,11,0,0,0,850913269,0.04492,-0.00415,0.95752,0.95858,-0.00772,0.00212,-0.00114,0.00808,0.96762,0.01363,0.00808,3,12126,0,1404,0.07208,0.05189,0.71996,93,1,92.001,166,1,3,2598,185610,0,0,0.000,8.538,16.202,0,0.000,14.139,18.913,0,0,1,0,6
PPG,2,21228,850670536,130,170262,191039,191308.281,-269.281,-37.172,0,0,0,0,65.22,65.22,2,1,16,nan,4,1,53,1,1,12,12,0,0,0,850954856,0.04492,-0.00073,0.95850,0.95955,-0.00825,0.00212,0.00046,0.00853,0.96481,0.00526,0.00853,3,12119,0,1404,0.07208,0.05189,0.71996,93,1,92.001,166,1,3,4302,185610,0,0,0.000,8.538,16.202,0,0.000,14.139,18.913,0,0,1,0,6
PPG,2,21229,850710536,129,170253,191047,191305.672,-258.672,-81.469,0,0,0,0,65.22,65.22,2,1,16,nan,4,1,53,1,1,13,13,0,0,0,850993806,0.04053,-0.00610,0.95752,0.95840,-0.00825,0.00292,-0.00167,0.00891,0.96260,0.00421,0.00891,3,12117,0,1404,0.07208,0.05189,0.71996,93,1,92.001,166,1,3,4308,185610,0,0,0.000,8.538,16.202,0,0.000,14.139,18.913,0,0,1,0,6
PPG,2,21230,850750536,130,170263,191060,191303.219,-243.219,-119.594,0,0,0,0,65.22,65.22,2,1,16,nan,4,1,53,1,1,14,14,0,0,0,851032832,0.04077,-0.00244,0.95923,0.96010,-0.00825,0.00265,-0.00061,0.00869,0.96010,0.00213,0.00869,3,12149,0,1404,0.07208,0.05189,0.71996,93,1,92.001,166,1,3,2596,185610,0,0,0.000,8.538,16.202,0,0.000,14.139,18.913,0,0,1,0,6
PPG,2,21231,850790536,129,170296,191136,191301.547,-165.547,-150.266,0,0,0,0,65.22,65.22,2,1,16,nan,4,1,53,1,1,15,15,0,0,0,851074431,0.04297,-0.00537,0.96143,0.96240,-0.00798,0.00318,-0.00141,0.00871,0.96281,0.00447,0.00920,3,12132,0,1404,0.07208,0.05189,0.71996,93,1,92.001,166,1,3,4294,185610,0,0,0.000,8.538,16.202,0,0.000,14.139,18.913,0,0,1,0,6
PPG,2,21232,850830536,153,170315,191154,191300.078,-146.078,-178.766,1,0,1,820,65.22,65.22,2,1,16,nan,4,1,53,1,1,16,16,0,0,0,851113390,0.04150,-0.00757,0.95972,0.96064,-0.00798,0.00265,-0.00061,0.00843,0.96270,0.00349,0.00886,3,12118,0,1404,0.07208,0.05189,0.71996,93,1,92.001,166,1,3,2598,185610,0,0,83.281,8.538,16.202,1,170.375,14.139,18.913,1,1,1,0,6
PPG,2,21233,850870536,132,170312,191158,191298.656,-140.656,-193.469,0,0,0,0,65.22,65.22,2,1,16,nan,4,1,53,1,1,17,17,0,0,0,851150216,0.04004,-0.00635,0.95605,0.95691,-0.00798,0.00265,-0.00114,0.00849,0.96143,0.00452,0.00849,2,19346,0,1404,0.07208,0.05189,0.71996,93,1,92.001,166,1,3,2587,185610,0,0,0.000,8.568,16.323,0,0.000,14.322,19.404,0,0,1,0,6
PPG,2,21234,850910536,134,170314,191139,191297.062,-158.062,-181.328,0,0,0,0,65.22,65.22,2,1,16,nan,4,1,53,1,1,18,18,0,0,0,851194515,0.04126,-0.00342,0.96240,0.96329,-0.00798,0.00158,0.00019,0.00814,0.96329,0.00764,0.00814,3,12107,0,1404,0.07208,0.05189,0.71996,93,1,92.001,166,1,3,4294,185610,0,0,0.000,8.568,16.323,0,0.000,14.322,19.404,0,0,1,0,6
PPG,2,21235,850950536,129,170308,191136,191295.453,-159.453,-156.422,0,0,0,0,65.22,65.22,2,1,16,nan,4,1,53,1,1,19,19,0,0,0,851233616,0.04517,-0.00610,0.96216,0.96324,-0.00905,0.00052,-0.00087,0.00911,0.96324,0.00571,0.00911,3,12166,0,1404,0.07208,0.05189,0.71996,93,1,92.001,166,1,3,2595,185610,0,0,0.000,8.568,16.323,0,0.000,14.322,19.404,0,0,1,0,6
PPG,2,21236,850990536,173,170315,191170,191294.203,-124.203,-128.766,0,0,0,0,65.22,65.22,2,1,16,nan,4,1,53,1,1,20,20,0,0,0,851275305,0.04028,-0.00464,0.95337,0.95423,-0.00772,0.00132,-0.00034,0.00784,0.95812,0.00580,0.00952,3,12113,0,1404,0.07208,0.05189,0.71996,93,1,92.001,166,1,3,4304,185610,0,0,0.000,8.568,16.323,0,0.000,14.322,19.404,0,0,1,0,6
PPG,2,21237,851030536,128,170331,191185,191293.109,-108.109,-100.453,0,0,0,0,65.22,65.22,2,1,16,nan,4,1,53,1,1,21,21,0,0,0,851314528,0.04150,-0.00586,0.95679,0.95770,-0.00798,0.00185,-0.00061,0.00822,0.95770,0.00175,0.00858,3,12124,0,1404,0.07208,0.05189,0.71996,93,1,92.001,166,1,3,4299,185610,0,0,0.000,8.568,16.323,0,0.000,14.322,19.404,0,0,1,0,6
PPG,2,21238,851070536,132,170352,191195,191292.125,-97.125,-80.734,0,0,0,0,65.22,65.22,2,1,16,nan,4,1,53,1,1,22,22,0,0,0,851353796,0.03882,-0.00317,0.95825,0.95904,-0.00825,0.00158,-0.00141,0.00852,0.95904,0.00123,0.00852,3,12279,0,1404,0.07208,0.05189,0.71996,93,1,92.001,166,1,3,4360,185610,0,0,0.000,8.568,16.323,0,0.000,14.322,19.404,0,0,1,0,6
PPG,2,21239,851110536,130,170325,191174,191290.938,-116.938,-64.266,0,0,0,0,65.22,65.22,2,1,16,nan,4,1,53,1,1,23,23,0,0,0,851393168,0.04224,-0.00757,0.95874,0.95970,-0.00718,0.00185,-0.00141,0.00755,0.95970,0.00194,0.00905,3,12297,0,1404,0.07208,0.05189,0.71996,93,1,92.001,166,1,3,2647,185610,0,0,0.000,8.568,16.323,0,0.000,14.322,19.404,0,0,1,0,6
PPG,2,21240,851150536,137,170326,191180,191289.828,-109.828,-47.234,0,0,0,0,65.22,65.22,2,1,16,nan,4,1,53,1,1,24,24,0,0,0,851435194,0.04028,-0.00415,0.96387,0.96472,-0.00745,0.00158,-0.00061,0.00764,0.96472,0.00491,0.00926,3,12269,0,1404,0.07208,0.05189,0.71996,93,1,92.001,166,1,3,4315,185610,0,0,0.000,8.568,16.323,0,0.000,14.322,19.404,0,0,1,0,6
PPG,2,21241,851190536,133,170301,191106,191287.984,-181.984,-35.828,0,0,0,0,65.22,65.22,2,1,16,nan,4,1,53,1,1,25,25,0,0,0,851474544,0.04272,-0.00171,0.95776,0.95872,-0.00825,0.00292,-0.00087,0.00879,0.95925,0.00547,0.00898,3,12265,0,1404,0.07208,0.05189,0.71996,93,1,92.001,166,1,3,4333,185610,0,0,0.000,8.568,16.323,0,0.000,14.322,19.404,0,0,1,0,6
PPG,2,21242,851230536,181,170241,190963,191284.734,-321.734,-36.500,0,0,0,0,65.22,65.22,2,1,16,nan,4,1,53,1,1,26,26,0,0,0,851513860,0.04297,-0.00610,0.95703,0.95801,-0.00878,0.00158,-0.00087,0.00897,0.96215,0.00460,0.00912,3,12247,0,1404,0.07208,0.05189,0.71996,93,1,92.001,166,1,3,4343,185610,0,0,0.000,8.568,16.323,0,0.000,14.322,19.404,0,0,1,0,6
PPG,2,21243,851270536,189,170204,190877,191280.656,-403.656,-51.516,0,0,0,0,65.22,65.22,2,1,16,nan,4,1,53,1,1,27,27,0,0,0,851553281,0.04517,-0.00928,0.96191,0.96302,-0.00825,0.00292,-0.00061,0.00877,0.96468,0.00667,0.00924,3,12251,0,1404,0.07208,0.05189,0.71996,93,1,92.001,166,1,3,2637,185610,0,0,0.000,8.568,16.323,0,0.000,14.322,19.404,0,0,1,0,6
PPG,2,21244,851310536,526,170103,190782,191275.672,-493.672,-77.422,0,0,0,0,65.22,65.22,2,1,16,nan,4,1,53,1,1,28,28,0,0,0,851595257,0.03931,-0.00220,0.95630,0.95711,-0.00745,0.00185,-0.00034,0.00768,0.96320,0.00812,0.00836,3,12265,0,1404,0.08446,0.05649,0.66882,94,1,93.279,51,1,3,4312,185610,0,0,0.000,8.568,16.323,0,0.000,14.322,19.404,0,0,1,0,6
PPG,2,21245,851350536,190,170061,190729,191270.203,-541.203,-110.203,0,0,0,0,65.22,65.22,2,1,16,nan,4,1,53,1,1,29,29,0,0,0,851635015,0.04028,-0.00903,0.95605,0.95695,-0.00745,0.00238,-0.00087,0.00787,0.95892,0.00207,0.00846,3,12263,0,1404,0.08446,0.05649,0.66882,94,1,93.279,51,1,3,4343,185610,0,0,0.000,8.568,16.323,0,0.000,14.322,19.404,0,0,1,0,6
PPG,2,21246,851390536,135,170094,190792,191265.422,-473.422,-138.781,0,0,0,0,65.22,65.22,2,1,16,nan,4,1,53,1,1,30,30,0,0,0,851674357,0.04175,-0.00781,0.95093,0.95188,-0.00798,0.00158,-0.00061,0.00816,0.95656,0.00468,0.00845,3,12195,0,1404,0.08446,0.05649,0.66882,94,1,93.279,51,1,3,4326,185610,0,0,0.000,8.568,16.323,0,0.000,14.322,19.404,0,0,1,0,6
PPG,2,21247,851430536,130,170076,190754,191260.312,-506.312,-181.219,0,0,0,0,65.22,65.22,2,1,16,nan,4,1,53,1,1,31,31,0,0,0,851713644,0.04028,-0.00366,0.95264,0.95350,-0.00745,0.00265,-0.00114,0.00799,0.95749,0.00561,0.00812,3,12238,0,1404,0.08446,0.05649,0.66882,94,1,93.279,51,1,3,2630,185610,0,0,0.000,8.568,16.323,0,0.000,14.322,19.404,0,0,1,0,6
PPG,2,21248,851470536,130,170060,190670,191254.406,-584.406,-225.062,0,0,0,0,65.22,65.22,2,1,16,nan,4,1,53,1,1,0,0,0,0,0,851755726,0.04126,-0.00513,0.95947,0.96037,-0.00852,0.00185,0.00019,0.00872,0.96418,0.01068,0.00872,3,12240,0,1404,0.08446,0.05649,0.66882,94,1,93.279,51,1,3,4331,185610,0,0,0.000,8.568,16.323,0,0.000,14.322,19.404,0,0,1,0,6
PPG,2,21249,851510536,137,170065,190658,191248.438,-590.438,-249.188,1,0,0,0,65.22,65.22,2,1,16,nan,4,1,53,1,1,1,1,0,0,0,851795062,0.04224,-0.00415,0.95898,0.95992,-0.00745,0.00132,-0.00034,0.00757,0.96406,0.00414,0.00767,3,12245,0,1404,0.08446,0.05649,0.66882,94,1,93.279,51,1,3,4328,185610,0,0,0.000,8.568,16.323,0,157.641,14.322,19.404,1,0,1,0,6
PPG,2,21250,851550536,153,170125,190729,191243.250,-514.250,-253.766,0,0,1,700,68.18,68.18,2,1,16,nan,4,1,53,1,1,2,2,0,0,0,851834426,0.04224,-0.00659,0.95801,0.95896,-0.00825,0.00212,0.00099,0.00857,0.96260,0.00508,0.00857,3,12255,0,1404,0.08446,0.05649,0.66882,94,1,93.279,51,1,3,4347,185610,0,0,75.766,8.568,16.323,1,0.000,14.322,19.404,0,1,1,0,6
PPG,2,21251,851590536,131,170163,190798,191238.797,-440.797,-234.594,0,0,0,0,68.18,68.18,2,1,16,nan,4,1,53,1,1,3,3,0,0,0,851873813,0.04297,-0.00439,0.95923,0.96020,-0.00878,0.00318,-0.00034,0.00935,0.96141,0.00245,0.00935,3,12245,0,1404,0.08446,0.05649,0.66882,94,1,93.279,51,1,3,4339,185610,0,0,0.000,8.546,16.235,0,0.000,14.403,19.621,0,0,1,0,6
PPG,2,21252,851630536,130,170198,190886,191235.266,-349.266,-198.766,0,0,0,0,68.18,68.18,2,1,16,nan,4,1,53,1,1,4,4,0,0,0,851913088,0.04297,-0.00195,0.95776,0.95873,-0.00825,0.00265,-0.00061,0.00869,0.96267,0.00394,0.00919,3,12233,0,1404,0.08446,0.05649,0.66882,94,1,93.279,51,1,3,2624,185610,0,0,0.000,8.546,16.235,0,0.000,14.403,19.621,0,0,1,0,6
PPG,2,21253,851670536,129,170215,190932,191232.234,-300.234,-167.469,0,0,0,0,68.18,68.18,2,1,16,nan,4,1,53,1,1,5,5,0,0,0,851955004,0.04395,-0.00195,0.95996,0.96097,-0.00745,0.00265,-0.00061,0.00793,0.96102,0.00229,0.00850,3,12151,0,1404,0.08446,0.05649,0.66882,94,1,93.279,51,1,3,4298,185610,0,0,0.000,8.546,16.235,0,0.000,14.403,19.621,0,0,1,0,6
PPG,2,21254,851710536,132,170248,190974,191229.656,-255.656,-127.781,0,0,0,0,68.18,68.18,2,1,16,nan,4,1,53,1,1,6,6,0,0,0,851994136,0.04248,-0.00708,0.95728,0.95824,-0.00745,0.00158,0.00019,0.00762,0.95877,0.00220,0.00859,3,12200,0,1404,0.08446,0.05649,0.66882,94,1,93.279,51,1,3,4297,185610,0,0,0.000,8.546,16.235,0,0.000,14.403,19.621,0,0,1,0,6
PPG,2,21255,851750536,129,170271,190960,191226.953,-266.953,-77.562,0,0,0,0,68.18,68.18,2,1,16,nan,4,1,53,1,1,7,7,0,0,0,852033115,0.04224,-0.00391,0.95898,0.95992,-0.00772,0.00132,0.00046,0.00784,0.96150,0.00877,0.00834,3,12146,0,1404,0.08446,0.05649,0.66882,94,1,93.279,51,1,3,2595,185610,0,0,0.000,8.546,16.235,0,0.000,14.403,19.621,0,0,1,0,6
PPG,2,21256,851790536,131,170283,190986,191224.547,-238.547,-21.500,0,0,0,0,68.18,68.18,2,1,16,nan,4,1,53,1,1,8,8,0,0,0,852074767,0.04346,-0.00391,0.96045,0.96144,-0.00745,0.00185,-0.00114,0.00776,0.96177,0.00231,0.00776,3,12154,0,1404,0.08446,0.05649,0.66882,94,1,93.279,51,1,3,4306,185610,0,0,0.000,8.546,16.235,0,0.000,14.403,19.621,0,0,1,0,6
PPG,2,21257,851830536,128,170291,191035,191222.656,-187.656,29.719,0,0,0,0,68.18,68.18,2,1,16,nan,4,1,53,1,1,9,9,0,0,0,852113739,0.04541,-0.00537,0.95947,0.96056,-0.00825,0.00132,-0.00114,0.00843,0.96201,0.00202,0.00870,3,12116,0,1404,0.08446,0.05649,0.66882,94,1,93.279,51,1,3,2603,185610,0,0,0.000,8.546,16.235,0,0.000,14.403,19.621,0,0,1,0,6
PPG,2,21258,851870536,143,170290,191046,191220.891,-174.891,72.594,0,0,0,0,68.18,68.18,2,1,16,nan,4,1,53,2,2,11,11,0,0,0,852211240,0.04346,-0.00562,0.95776,0.95877,-0.00825,0.00212,-0.00141,0.00863,0.96144,0.00727,0.00863,3,61244,0,1409,0.08446,0.05649,0.66882,94,1,93.279,51,1,3,61199,185610,0,0,0.000,8.546,16.235,0,0.000,14.403,19.621,0,0,1,0,6
PPG,2,21259,851910536,39,170316,191095,191219.625,-124.625,106.406,0,0,0,0,68.18,68.18,2,1,16,nan,4,1,53,2,2,11,11,0,0,0,852211240,0.04346,-0.00562,0.95776,0.95877,-0.00825,0.00212,-0.00141,0.00863,0.00000,0.00000,0.00000,0,61244,0,1409,0.08446,0.05649,0.66882,94,1,93.279,51,1,3,61199,185610,0,0,0.000,8.546,16.235,0,0.000,14.403,19.621,0,0,1,0,6
PPG,2,21260,851950536,132,170343,191137,191218.797,-81.797,137.828,0,0,0,0,68.18,68.18,2,1,16,nan,4,1,53,1,1,12,12,0,0,0,852237233,0.04492,-0.00684,0.95874,0.95982,-0.00772,0.00105,0.00046,0.00780,0.95982,0.00787,0.00871,2,12554,0,1409,0.08446,0.05649,0.66882,94,1,93.279,51,1,3,2611,185610,0,0,0.000,8.546,16.235,0,0.000,14.403,19.621,0,0,1,0,6
PPG,2,21261,851990536,131,170353,191131,191217.922,-86.922,159.016,0,0,0,0,68.18,68.18,2,1,16,nan,4,1,53,1,1,13,13,0,0,0,852273595,0.04004,-0.00635,0.95459,0.95545,-0.00798,0.00265,0.00046,0.00842,0.95963,0.00603,0.00850,3,12121,0,1409,0.08446,0.05649,0.66882,94,1,93.279,51,1,3,2599,185610,0,0,0.000,8.546,16.235,0,0.000,14.403,19.621,0,0,1,0,6
PPG,2,21262,852030536,133,170345,191165,191217.391,-52.391,178.203,0,0,0,0,68.18,68.18,2,1,16,nan,4,1,53,1,1,14,14,0,0,0,852315145,0.04321,-0.00610,0.95996,0.96095,-0.00772,0.00318,-0.00034,0.00835,0.96723,0.01453,0.00841,3,12124,0,1409,0.08446,0.05649,0.66882,94,1,93.279,51,1,3,4296,185610,0,0,0.000,8.546,16.235,0,0.000,14.403,19.621,0,0,1,0,6
PPG,2,21263,852070536,134,170336,191172,191216.938,-44.938,190.031,0,0,0,0,68.18,68.18,2,1,16,nan,4,1,53,1,1,15,15,0,0,0,852354119,0.04028,-0.00439,0.95532,0.95618,-0.00745,0.00132,-0.00141,0.00769,0.96373,0.00661,0.00817,3,12159,0,1409,0.08446,0.05649,0.66882,94,1,93.279,51,1,3,4319,185610,0,0,0.000,8.546,16.235,0,0.000,14.403,19.621,0,0,1,0,6
PPG,2,21264,852110536,222,170310,191126,191216.031,-90.031,185.828,0,0,0,0,68.18,68.18,2,1,16,nan,4,1,53,1,1,16,16,0,0,0,852393144,0.04736,-0.00635,0.95581,0.95700,-0.00745,0.00212,0.00019,0.00775,0.95956,0.00292,0.00817,3,12113,0,1409,0.08446,0.05649,0.66882,94,1,93.279,51,1,3,2596,185610,0,0,0.000,8.546,16.235,0,0.000,14.403,19.621,0,0,1,0,6
PPG,2,21265,852150536,129,170271,191116,191215.031,-99.031,176.484,0,0,0,0,68.18,68.18,2,1,16,nan,4,1,53,1,1,17,17,0,0,0,852434770,0.04224,-0.00220,0.96143,0.96236,-0.00718,0.00158,-0.00007,0.00736,0.96255,0.00554,0.00783,3,12111,0,1409,0.08446,0.05649,0.66882,94,1,93.279,51,1,3,4297,185610,0,0,0.000,8.546,16.235,0,0.000,14.403,19.621,0,0,1,0,6
PPG,2,21266,852190536,128,170281,191083,191213.719,-130.719,160.203,0,0,0,0,68.18,68.18,2,1,16,nan,4,1,53,1,1,18,18,0,0,0,852473760,0.04346,-0.00806,0.95776,0.95878,-0.00798,0.00185,-0.00034,0.00820,0.96531,0.00653,0.00820,3,12114,0,1409,0.08446,0.05649,0.66882,94,1,93.279,51,1,3,2604,185610,0,0,0.000,8.546,16.235,0,0.000,14.403,19.621,0,0,1,0,6
PPG,2,21267,852230536,129,170280,191095,191212.531,-117.531,137.156,0,0,0,0,68.18,68.18,2,1,16,nan,4,1,53,1,1,19,19,0,0,0,852515329,0.04102,-0.00317,0.95874,0.95962,-0.00772,0.00185,-0.00034,0.00794,0.95962,0.00080,0.00866,3,12137,0,1409,0.08446,0.05649,0.66882,94,1,93.279,51,1,3,4307,185610,0,0,0.000,8.546,16.235,0,0.000,14.403,19.621,0,0,1,0,6
PPG,2,21268,852270536,130,170231,190972,191210.125,-238.125,99.344,0,1,0,0,68.18,68.18,2,1,16,nan,4,1,53,1,1,20,20,0,0,0,852554294,0.04321,-0.00073,0.95410,0.95508,-0.00825,0.00212,-0.00061,0.00854,0.95909,0.00480,0.00854,3,12136,0,1409,0.08446,0.05649,0.66882,94,1,93.279,51,1,3,4312,185610,0,0,0.000,8.546,16.235,0,0.000,14.403,19.621,0,0,1,0,6
PPG,2,21269,852310536,513,170177,190863,191206.656,-343.656,45.953,0,0,0,0,68.18,68.18,2,1,16,nan,4,1,53,1,1,21,21,0,0,0,852593262,0.04175,-0.00659,0.95654,0.95748,-0.00825,0.00185,-0.00007,0.00845,0.95748,0.00300,0.00862,3,12121,0,1409,0.11002,0.05972,0.54284,-999,0,96.429,78,1,3,2597,185610,0,0,0.000,8.546,16.235,0,0.000,14.403,19.621,0,0,1,0,6
PPG,2,21270,852350536,176,170160,190857,191203.156,-346.156,-5.453,0,0,0,0,68.18,68.18,2,1,16,nan,4,1,53,1,1,22,22,0,0,0,852635261,0.04492,-0.00781,0.95459,0.95568,-0.00852,0.00318,-0.00061,0.00911,0.96206,0.00638,0.00921,3,12126,0,1409,0.11002,0.05972,0.54284,-999,0,96.429,78,1,3,4295,185610,0,0,0.000,8.546,16.235,0,0.000,14.403,19.621,0,0,1,0,6
PPG,2,21271,852390536,151,170191,190919,191200.312,-281.312,-41.078,1,0,1,860,69.77,69.77,2,1,16,nan,4,1,53,1,1,23,23,0,0,0,852674282,0.04761,-0.00903,0.95483,0.95606,-0.00772,0.00185,-0.00034,0.00794,0.96190,0.00724,0.00886,3,12120,0,1409,0.11002,0.05972,0.54284,-999,0,96.429,78,1,3,4300,185610,0,0,255.844,8.546,16.235,1,443.797,14.403,19.621,1,1,1,0,6
PPG,2,21272,852430536,130,170196,190946,191197.766,-251.766,-68.359,0,0,0,0,69.77,69.77,2,1,16,nan,4,1,53,1,1,24,24,0,0,0,852713400,0.04004,-0.00537,0.95557,0.95642,-0.00825,0.00212,-0.00034,0.00852,0.95711,0.00104,0.00892,3,12130,0,1409,0.11002,0.05972,0.54284,-999,0,96.429,78,1,3,2594,185610,0,0,0.000,9.653,20.798,0,0.000,16.262,24.606,0,0,1,0,6
PPG,2,21273,852470536,133,170220,190955,191195.344,-240.344,-87.797,0,0,0,0,69.77,69.77,2,1,16,nan,4,1,53,1,1,25,25,0,0,0,852754992,0.04492,-0.00830,0.96021,0.96129,-0.00772,0.00265,-0.00034,0.00817,0.96221,0.00579,0.00896,3,12137,0,1409,0.11002,0.05972,0.54284,-999,0,96.429,78,1,3,4326,185610,0,0,0.000,9.653,20.798,0,0.000,16.262,24.606,0,0,1,0,6
PPG,2,21274,852510536,129,170222,190963,191193.016,-230.016,-106.094,0,0,0,0,69.77,69.77,2,1,16,nan,4,1,53,1,1,26,26,0,0,0,852793982,0.03931,-0.00684,0.96216,0.96298,-0.00798,0.00158,-0.00034,0.00815,0.96327,0.00360,0.00815,3,12118,0,1409,0.11002,0.05972,0.54284,-999,0,96.429,78,1,3,2599,185610,0,0,0.000,9.653,20.798,0,0.000,16.262,24.606,0,0,1,0,6
PPG,2,21275,852550536,130,170170,190901,191190.094,-289.094,-113.297,0,0,0,0,69.77,69.77,2,1,16,nan,4,1,53,1,1,27,27,0,0,0,852835540,0.04272,-0.00610,0.95728,0.95825,-0.00718,0.00292,-0.00061,0.00778,0.95825,0.01510,0.00889,3,12109,0,1409,0.11002,0.05972,0.54284,-999,0,96.429,78,1,3,4294,185610,0,0,0.000,9.653,20.798,0,0.000,16.262,24.606,0,0,1,0,6
PPG,2,21276,852590536,129,170151,190869,191186.891,-317.891,-106.578,0,0,0,0,69.77,69.77,2,1,16,nan,4,1,53,1,1,28,28,0,0,0,852874538,0.04028,-0.00562,0.95972,0.96058,-0.00798,0.00212,-0.00007,0.00826,0.96058,0.00884,0.00826,3,12143,0,1409,0.11002,0.05972,0.54284,-999,0,96.429,78,1,3,4296,185610,0,0,0.000,9.653,20.798,0,0.000,16.262,24.606,0,0,1,0,6
PPG,2,21277,852630536,133,170167,190897,191183.984,-286.984,-93.984,0,0,0,0,69.77,69.77,2,1,16,nan,4,1,53,1,1,29,29,0,0,0,852913487,0.04077,-0.00122,0.95532,0.95619,-0.00798,0.00212,0.00019,0.00826,0.96207,0.00588,0.00826,3,12125,0,1409,0.11002,0.05972,0.54284,-999,0,96.429,78,1,3,2601,185610,0,0,0.000,9.653,20.798,0,0.000,16.262,24.606,0,0,1,0,6
PPG,2,21278,852670536,132,170191,190948,191181.625,-233.625,-84.922,0,0,0,0,69.77,69.77,2,1,16,nan,4,1,53,1,1,30,30,0,0,0,852955053,0.04346,-0.00513,0.96216,0.96315,-0.00718,0.00132,-0.00141,0.00744,0.96315,0.00693,0.00841,3,12127,0,1409,0.11002,0.05972,0.54284,-999,0,96.429,78,1,3,4310,185610,0,0,0.000,9.653,20.798,0,0.000,16.262,24.606,0,0,1,0,6
PPG,2,21279,852710536,130,170204,190973,191179.531,-206.531,-74.984,0,0,0,0,69.77,69.77,2,1,16,nan,4,1,53,1,1,31,31,0,0,0,852994122,0.03906,-0.00781,0.95361,0.95445,-0.00798,0.00158,-0.00114,0.00822,0.95770,0.00559,0.00853,3,12129,0,1409,0.11002,0.05972,0.54284,-999,0,96.429,78,1,3,2596,185610,0,0,0.000,9.653,20.798,0,0.000,16.262,24.606,0,0,1,0,6
PPG,2,21280,852750536,128,170215,191013,191177.859,-164.859,-60.484,0,0,0,0,69.77,69.77,2,1,16,nan,4,1,53,1,1,0,0,0,0,0,853035696,0.04248,-0.00781,0.95947,0.96044,-0.00772,0.00238,-0.00034,0.00808,0.96316,0.00872,0.00840,3,12119,0,1409,0.11002,0.05972,0.54284,-999,0,96.429,78,1,3,4300,185610,0,0,0.000,9.653,20.798,0,0.000,16.262,24.606,0,0,1,0,6
PPG,2,21281,852790536,133,170258,191051,191176.594,-125.594,-43.922,0,0,0,0,69.77,69.77,2,1,16,nan,4,1,53,1,1,1,1,0,0,0,853074728,0.03589,-0.00391,0.95923,0.95991,-0.00798,0.00185,-0.00061,0.00822,0.96269,0.00440,0.00854,3,12209,0,1409,0.11002,0.05972,0.54284,-999,0,96.429,78,1,3,4419,185610,0,0,0.000,9.653,20.798,0,0.000,16.262,24.606,0,0,1,0,6
PPG,2,21282,852830536,129,170284,191108,191175.906,-67.906,-11.484,0,0,0,0,69.77,69.77,2,1,16,nan,4,1,53,1,1,2,2,0,0,0,853113983,0.03955,-0.00391,0.96289,0.96371,-0.00852,0.00238,-0.00114,0.00892,0.96371,0.00641,0.00892,3,12113,0,1409,0.11002,0.05972,0.54284,-999,0,96.429,78,1,3,2599,185610,0,0,0.000,9.653,20.798,0,0.000,16.262,24.606,0,0,1,0,6
PPG,2,21283,852870536,136,170293,191120,191175.344,-55.344,26.969,0,0,0,0,69.77,69.77,2,1,16,nan,4,1,53,1,1,3,3,0,0,0,853150109,0.04150,-0.00635,0.96069,0.96161,-0.00825,0.00185,-0.00007,0.00845,0.96538,0.00376,0.00845,2,18869,0,1409,0.11002,0.05972,0.54284,-999,0,96.429,78,1,3,2596,185610,0,0,0.000,9.653,20.798,0,0.000,16.262,24.606,0,0,1,0,6
PPG,2,21284,852910536,132,170314,191167,191175.266,-8.266,63.484,0,0,0,0,69.77,69.77,2,1,16,nan,4,1,53,1,1,4,4,0,0,0,853194425,0.04126,-0.00708,0.95557,0.95648,-0.00772,0.00132,-0.00247,0.00821,0.96106,0.00768,0.00845,3,12148,0,1409,0.11002,0.05972,0.54284,-999,0,96.429,78,1,3,4351,185610,0,0,0.000,9.653,20.798,0,0.000,16.262,24.606,0,0,1,0,6
PPG,2,21285,852950536,131,170319,191191,191175.422,15.578,94.453,0,0,0,0,69.77,69.77,2,1,16,nan,4,1,53,1,1,5,5,0,0,0,853233602,0.04077,-0.01025,0.96387,0.96478,-0.00745,0.00265,-0.00114,0.00799,0.96478,0.01171,0.00814,3,12240,0,1409,0.11002,0.05972,0.54284,-999,0,96.429,78,1,3,2610,185610,0,0,0.000,9.653,20.798,0,0.000,16.262,24.606,0,0,1,0,6
PPG,2,21286,852990536,136,170326,191187,191175.531,11.469,119.828,0,0,0,0,69.77,69.77,2,1,16,nan,4,1,53,1,1,6,6,0,0,0,853275449,0.04346,-0.00269,0.95605,0.95705,-0.00718,0.00185,-0.00034,0.00743,0.96262,0.00541,0.00885,3,12371,0,1409,0.11002,0.05972,0.54284,-999,0,96.429,78,1,3,4348,185610,0,0,0.000,9.653,20.798,0,0.000,16.262,24.606,0,0,1,0,6
PPG,2,21287,853030536,134,170349,191247,191176.250,70.750,145.656,0,0,0,0,69.77,69.77,2,1,16,nan,4,1,53,1,1,7,7,0,0,0,853314803,0.04541,-0.00537,0.95361,0.95471,-0.00878,0.00158,-0.00034,0.00893,0.95893,0.00423,0.00893,3,12270,0,1409,0.11002,0.05972,0.54284,-999,0,96.429,78,1,3,4356,185610,0,0,0.000,9.653,20.798,0,0.000,16.262,24.606,0,0,1,0,6
PPG,2,21288,853070536,136,170325,191200,191176.484,23.516,155.531,0,0,0,0,69.77,69.77,2,1,16,nan,4,1,53,1,1,8,8,0,0,0,853354098,0.04541,-0.00732,0.96167,0.96277,-0.00825,0.00292,-0.00061,0.00877,0.96277,0.00394,0.00877,3,12224,0,1409,0.11002,0.05972,0.54284,-999,0,96.429,78,1,3,2620,185610,0,0,0.000,9.653,20.798,0,0.000,16.262,24.606,0,0,1,0,6
PPG,2,21289,853110536,233,170260,191048,191175.203,-127.203,137.719,0,0,0,0,69.77,69.77,2,1,16,nan,4,1,53,1,1,9,9,0,0,0,853396081,0.04663,-0.00879,0.95386,0.95504,-0.00852,0.00158,0.00073,0.00869,0.96060,0.00799,0.00869,3,12255,0,1409,0.11002,0.05972,0.54284,-999,0,96.429,78,1,3,4353,185610,0,0,0.000,9.653,20.798,0,0.000,16.262,24.606,0,0,1,0,6
PPG,2,21290,853150536,133,170236,190991,191173.359,-182.359,112.578,0,1,0,0,69.77,69.77,2,1,16,nan,4,1,53,1,1,10,10,0,0,0,853435542,0.04248,-0.00464,0.96362,0.96457,-0.00825,0.00265,-0.00061,0.00869,0.96457,0.00943,0.00869,3,12267,0,1409,0.11002,0.05972,0.54284,-999,0,96.429,78,1,3,4314,185610,0,0,0.000,9.653,20.798,0,0.000,16.262,24.606,0,0,1,0,6
PPG,2,21291,853190536,138,170233,190992,191171.547,-179.547,83.938,0,0,0,0,69.77,69.77,2,1,16,nan,4,1,53,1,1,11,11,0,0,0,853474833,0.04688,-0.00146,0.95825,0.95940,-0.00825,0.00238,-0.00114,0.00866,0.96232,0.00225,0.00917,3,12263,0,1409,0.11002,0.05972,0.54284,-999,0,96.429,78,1,3,4354,185610,0,0,0.000,9.653,20.798,0,0.000,16.262,24.606,0,0,1,0,6
PPG,2,21292,853230536,152,170245,191025,191170.078,-145.078,56.281,0,0,0,0,69.77,69.77,2,1,16,nan,4,1,53,1,1,12,12,0,0,0,853514231,0.04419,-0.00269,0.94653,0.94757,-0.00745,0.00185,-0.00141,0.00780,0.96203,0.01446,0.00787,3,12256,0,1409,0.11002,0.05972,0.54284,-999,0,96.429,78,1,3,2620,185610,0,0,0.000,9.653,20.798,0,0.000,16.262,24.606,0,0,1,0,6
PPG,2,21293,853270536,134,170252,191054,191168.922,-114.922,32.328,0,0,0,0,69.77,69.77,2,1,16,nan,4,1,53,1,1,13,13,0,0,0,853556197,0.04639,-0.00464,0.96021,0.96134,-0.00745,0.00238,-0.00141,0.00795,0.96134,0.00984,0.00886,3,12266,0,1409,0.11002,0.05972,0.54284,-999,0,96.429,78,1,3,4334,185610,0,0,0.000,9.653,20.798,0,0.000,16.262,24.606,0,0,1,0,6
PPG,2,21294,853310536,529,170282,191087,191168.109,-81.109,3.266,0,0,0,0,69.77,69.77,2,1,16,93.00,0,1,53,1,1,14,14,0,0,0,853595604,0.04590,-0.00903,0.95483,0.95598,-0.00772,0.00185,-0.00167,0.00811,0.96942,0.01470,0.00819,3,12295,0,1409,0.10992,0.06304,0.57356,93,1,95.661,93,1,3,4331,185610,0,0,0.000,9.653,20.798,0,0.000,16.262,24.606,0,0,1,0,6
PPG,2,21295,853350536,180,170298,191103,191167.453,-64.453,-20.688,0,0,0,0,69.77,69.77,2,1,16,93.00,0,1,53,1,1,15,15,0,0,0,853635322,0.04224,-0.00635,0.96045,0.96140,-0.00798,0.00158,-0.00061,0.00816,0.96359,0.00668,0.00852,3,12248,0,1409,0.10992,0.06304,0.57356,93,1,95.661,93,1,3,4347,185610,0,0,0.000,9.653,20.798,0,0.000,16.262,24.606,0,0,1,0,6
PPG,2,21296,853390536,151,170282,191073,191166.516,-93.516,-27.328,1,0,1,1000,68.18,68.18,2,1,16,93.00,0,1,53,1,1,16,16,0,0,0,853674720,0.04419,-0.00610,0.96191,0.96295,-0.00745,0.00105,0.00019,0.00753,0.96295,0.00303,0.00794,3,12234,0,1409,0.10992,0.06304,0.57356,93,1,95.661,93,1,3,4322,185610,0,0,151.562,9.653,20.798,1,268.828,16.262,24.606,1,1,1,0,6
PPG,2,21297,853430536,130,170287,191088,191165.734,-77.734,-23.016,0,0,0,0,68.18,68.18,2,1,16,93.00,0,1,53,1,1,17,17,0,0,0,853714125,0.04150,-0.00684,0.95410,0.95503,-0.00798,0.00265,-0.00167,0.00858,0.96012,0.00746,0.00959,3,12235,0,1409,0.10992,0.06304,0.57356,93,1,95.661,93,1,3,2648,185610,0,0,0.000,9.970,22.103,0,0.000,16.795,26.035,0,0,1,0,6
PPG,2,21298,853470536,138,170295,191135,191165.422,-30.422,-11.938,0,0,0,0,68.18,68.18,2,1,16,93.00,0,1,53,1,1,18,18,0,0,0,853756071,0.04150,-0.00635,0.95581,0.95673,-0.00878,0.00212,0.00046,0.00905,0.95759,0.00256,0.00905,3,12257,0,1409,0.10992,0.06304,0.57356,93,1,95.661,93,1,3,4350,185610,0,0,0.000,9.970,22.103,0,0.000,16.795,26.035,0,0,1,0,6
PPG,2,21299,853510536,131,170335,191192,191165.688,26.312,0.984,0,0,0,0,68.18,68.18,2,1,16,93.00,0,1,53,1,1,19,19,0,0,0,853795470,0.04175,-0.00562,0.95874,0.95967,-0.00745,0.00158,0.00019,0.00762,0.95967,0.00371,0.00855,3,12262,0,1409,0.10992,0.06304,0.57356,93,1,95.661,93,1,3,4332,185610,0,0,0.000,9.970,22.103,0,0.000,16.795,26.035,0,0,1,0,6
PPG,2,21300,853550536,129,170339,191214,191166.172,47.828,13.766,0,0,0,0,68.18,68.18,2,1,16,93.00,0,1,53,1,1,20,20,0,0,0,853834814,0.04370,-0.00366,0.95630,0.95730,-0.00745,0.00292,-0.00141,0.00812,0.95878,0.00101,0.00896,3,12242,0,1409,0.10992,0.06304,0.57356,93,1,95.661,93,1,3,4346,185610,0,0,0.000,9.970,22.103,0,0.000,16.795,26.035,0,0,1,0,6
PPG,2,21301,853590536,127,170372,191276,191167.266,108.734,29.516,0,0,0,0,68.18,68.18,2,1,16,93.00,0,1,53,1,1,21,21,0,0,0,853874135,0.04272,-0.00781,0.96216,0.96314,-0.00772,0.00212,-0.00007,0.00800,0.96314,0.00598,0.00805,3,12249,0,1409,0.10992,0.06304,0.57356,93,1,95.661,93,1,3,2609,185610,0,0,0.000,9.970,22.103,0,0.000,16.795,26.035,0,0,1,0,6
PPG,2,21302,853630536,127,170410,191344,191169.031,174.969,52.156,0,0,0,0,68.18,68.18,2,1,16,93.00,0,1,53,1,1,22,22,0,0,0,853916030,0.04370,-0.00586,0.95776,0.95878,-0.00852,0.00212,-0.00061,0.00880,0.96178,0.00645,0.00880,3,12148,0,1409,0.10992,0.06304,0.57356,93,1,95.661,93,1,3,4299,185610,0,0,0.000,9.970,22.103,0,0.000,16.795,26.035,0,0,1,0,6
PPG,2,21303,853670536,128,170418,191346,191170.797,175.203,79.859,0,0,0,0,68.18,68.18,2,1,16,93.00,0,1,53,1,1,23,23,0,0,0,853955030,0.03882,-0.00366,0.95703,0.95783,-0.00878,0.00292,-0.00061,0.00927,0.96001,0.00594,0.00927,3,12109,0,1409,0.10992,0.06304,0.57356,93,1,95.661,93,1,3,4295,185610,0,0,0.000,9.970,22.103,0,0.000,16.795,26.035,0,0,1,0,6
PPG,2,21304,853710536,126,170428,191360,191172.688,187.312,109.062,0,0,0,0,68.18,68.18,2,1,16,93.00,0,1,53,1,1,24,24,0,0,0,853994042,0.04102,-0.00781,0.96069,0.96160,-0.00878,0.00079,-0.00087,0.00886,0.96189,0.00375,0.00886,3,12176,0,1409,0.10992,0.06304,0.57356,93,1,95.661,93,1,3,2596,185610,0,0,0.000,9.970,22.103,0,0.000,16.795,26.035,0,0,1,0,6
PPG,2,21305,853750536,130,170409,191343,191174.391,168.609,131.172,0,0,0,0,68.18,68.18,2,1,16,93.00,0,1,53,1,1,25,25,0,0,0,854035672,0.04077,-0.00610,0.95850,0.95938,-0.00772,0.00158,-0.00114,0.00796,0.96264,0.01008,0.00796,3,12111,0,1409,0.10992,0.06304,0.57356,93,1,95.661,93,1,3,4301,185610,0,0,0.000,9.970,22.103,0,0.000,16.795,26.035,0,0,1,0,6
PPG,2,21306,853790536,128,170382,191316,191175.812,140.188,142.438,0,0,0,0,68.18,68.18,2,1,16,93.00,0,1,53,1,1,26,26,0,0,0,854074660,0.04272,-0.00293,0.95654,0.95750,-0.00852,0.00265,-0.00087,0.00896,0.95750,0.00805,0.00914,3,12130,0,1409,0.10992,0.06304,0.57356,93,1,95.661,93,1,3,2595,185610,0,0,0.000,9.970,22.103,0,0.000,16.795,26.035,0,0,1,0,6
PPG,2,21307,853830536,128,170363,191303,191177.078,125.922,152.359,0,0,0,0,68.18,68.18,2,1,16,93.00,0,1,53,1,1,27,27,0,0,0,854116401,0.04150,-0.00342,0.95898,0.95989,-0.00825,0.00105,-0.00061,0.00834,0.96371,0.01045,0.00855,3,12127,0,1409,0.10992,0.06304,0.57356,93,1,95.661,93,1,3,4297,185610,0,0,0.000,9.970,22.103,0,0.000,16.795,26.035,0,0,1,0,6
PPG,2,21308,853870536,226,170363,191306,191178.375,127.625,151.344,0,0,0,0,68.18,68.18,2,1,16,93.00,0,1,53,1,1,28,28,0,0,0,854149976,0.04272,-0.00928,0.95972,0.96071,-0.00772,0.00158,-0.00061,0.00790,0.96071,0.00506,0.00790,2,18893,0,1409,0.10992,0.06304,0.57356,93,1,95.661,93,1,3,2599,185610,0,0,0.000,9.970,22.103,0,0.000,16.795,26.035,0,0,1,0,6
PPG,2,21309,853910536,135,170332,191286,191179.453,106.547,131.156,0,0,0,0,68.18,68.18,2,1,16,93.00,0,1,53,1,1,29,29,0,0,0,854194395,0.03979,-0.00562,0.95581,0.95666,-0.00798,0.00212,-0.00061,0.00828,0.95859,0.00212,0.00828,3,12151,0,1410,0.10992,0.06304,0.57356,93,1,95.661,93,1,3,2616,185610,0,0,0.000,9.970,22.103,0,0.000,16.795,26.035,0,0,1,0,6
PPG,2,21310,853950536,127,170264,191162,191179.281,-17.281,96.328,0,0,0,0,68.18,68.18,2,1,16,93.00,0,1,53,1,1,30,30,0,0,0,854236003,0.04199,-0.00439,0.95728,0.95821,-0.00825,0.00158,-0.00007,0.00840,0.95989,0.00187,0.00840,3,12121,0,1410,0.10992,0.06304,0.57356,93,1,95.661,93,1,3,4294,185610,0,0,0.000,9.970,22.103,0,0.000,16.795,26.035,0,0,1,0,6
PPG,2,21311,853990536,129,170179,191006,191177.547,-171.547,45.047,0,0,0,0,68.18,68.18,2,1,16,93.00,0,1,53,1,1,31,31,0,0,0,854274983,0.04443,-0.00366,0.96167,0.96270,-0.00798,0.00265,0.00019,0.00841,0.96270,0.00276,0.00938,3,12113,0,1410,0.10992,0.06304,0.57356,93,1,95.661,93,1,3,4303,185610,0,0,0.000,9.970,22.103,0,0.000,16.795,26.035,0,0,1,0,6
PPG,2,21312,854030536,128,170196,190982,191175.594,-193.594,-4.375,0,0,0,0,68.18,68.18,2,1,16,93.00,0,1,53,1,1,0,0,0,0,0,854313998,0.04224,-0.00488,0.96021,0.96115,-0.00825,0.00318,-0.00034,0.00885,0.96425,0.00960,0.00885,3,12114,0,1410,0.10992,0.06304,0.57356,93,1,95.661,93,1,3,2600,185610,0,0,0.000,9.970,22.103,0,0.000,16.795,26.035,0,0,1,0,6
PPG,2,21313,854070536,129,170255,191068,191174.516,-106.516,-40.500,0,0,0,0,68.18,68.18,2,1,16,93.00,0,1,53,1,1,1,1,0,0,0,854355540,0.04028,-0.00659,0.95776,0.95863,-0.00798,0.00238,-0.00007,0.00833,0.95949,0.00263,0.00843,3,12111,0,1410,0.10992,0.06304,0.57356,93,1,95.661,93,1,3,4302,185610,0,0,0.000,9.970,22.103,0,0.000,16.795,26.035,0,0,1,0,6
PPG,2,21314,854110536,132,170252,191111,191173.875,-62.875,-69.125,0,0,0,0,68.18,68.18,2,1,16,93.00,0,1,53,1,1,2,2,0,0,0,854394496,0.04126,-0.00439,0.96045,0.96135,-0.00798,0.00212,-0.00061,0.00828,0.96135,0.00623,0.00838,3,12110,0,1410,0.10992,0.06304,0.57356,93,1,95.661,93,1,3,2599,185610,0,0,0.000,9.970,22.103,0,0.000,16.795,26.035,0,0,1,0,6
PPG,2,21315,854150536,155,170270,191122,191173.359,-51.359,-96.375,1,0,1,760,69.77,69.77,2,1,16,93.00,0,1,53,1,1,3,3,0,0,0,854436110,0.04150,-0.00806,0.96216,0.96309,-0.00745,0.00105,-0.00034,0.00753,0.96693,0.00872,0.00753,3,12128,0,1410,0.10992,0.06304,0.57356,93,1,95.661,93,1,3,4298,185610,0,0,80.391,9.970,22.103,1,179.688,16.795,26.035,1,1,1,0,6
PPG,2,21316,854190536,128,170231,191093,191172.562,-79.562,-124.938,0,0,0,0,69.77,69.77,2,1,16,93.00,0,1,53,1,1,4,4,0,0,0,854475177,0.04321,-0.00610,0.96094,0.96193,-0.00745,0.00132,0.00046,0.00758,0.96193,0.00531,0.00758,3,12111,0,1410,0.10992,0.06304,0.57356,93,1,95.661,93,1,3,4300,185610,0,0,0.000,9.802,21.412,0,0.000,16.705,25.792,0,0,1,0,6
PPG,2,21317,854230536,128,170143,190981,191170.641,-189.641,-145.438,0,0,0,0,69.77,69.77,2,1,16,93.00,0,1,53,1,1,5,5,0,0,0,854514312,0.04565,-0.00830,0.96289,0.96401,-0.00745,0.00132,-0.00167,0.00775,0.96401,0.00644,0.00845,3,12168,0,1410,0.10992,0.06304,0.57356,93,1,95.661,93,1,3,2601,185610,0,0,0.000,9.802,21.412,0,0.000,16.705,25.792,0,0,1,0,6
PPG,2,21318,854270536,128,170084,190906,191168.000,-262.000,-148.266,0,0,0,0,69.77,69.77,2,1,16,93.00,0,1,53,1,1,6,6,0,0,0,854555981,0.04395,-0.00708,0.96045,0.96148,-0.00718,0.00158,-0.00114,0.00744,0.96301,0.00100,0.00802,3,12130,0,1410,0.10992,0.06304,0.57356,93,1,95.661,93,1,3,4301,185610,0,0,0.000,9.802,21.412,0,0.000,16.705,25.792,0,0,1,0,6
PPG,2,21319,854310536,522,170092,190915,191165.469,-250.469,-144.000,0,0,0,0,69.77,69.77,2,1,16,93.00,0,1,53,1,1,7,7,0,0,0,854594968,0.04028,-0.00830,0.95972,0.96060,-0.00878,0.00265,-0.00141,0.00928,0.96146,0.00100,0.00928,3,12117,0,1410,0.09154,0.05516,0.60257,92,1,94.936,107,1,3,2594,185610,0,0,0.000,9.802,21.412,0,0.000,16.705,25.792,0,0,1,0,6
PPG,2,21320,854350536,180,170153,190999,191163.797,-164.797,-143.109,0,0,0,0,69.77,69.77,2,1,16,93.00,0,1,53,1,1,8,8,0,0,0,854637031,0.04053,-0.00269,0.96021,0.96106,-0.00772,0.00212,0.00019,0.00800,0.96106,0.00202,0.00831,3,12121,0,1410,0.09154,0.05516,0.60257,92,1,94.936,107,1,3,4299,185610,0,0,0.000,9.802,21.412,0,0.000,16.705,25.792,0,0,1,0,6
PPG,2,21321,854390536,129,170189,191048,191162.641,-114.641,-140.703,0,0,0,0,69.77,69.77,2,1,16,93.00,0,1,53,1,1,9,9,0,0,0,854676030,0.04077,-0.00708,0.95752,0.95841,-0.00772,0.00212,-0.00034,0.00801,0.96058,0.00287,0.00801,3,12109,0,1410,0.09154,0.05516,0.60257,92,1,94.936,107,1,3,4295,185610,0,0,0.000,9.802,21.412,0,0.000,16.705,25.792,0,0,1,0,6
PPG,2,21322,854430536,128,170212,191089,191161.906,-72.906,-132.672,0,0,0,0,69.77,69.77,2,1,16,93.00,0,1,53,1,1,10,10,0,0,0,854715020,0.04346,-0.00757,0.96362,0.96463,-0.00878,0.00185,-0.00034,0.00898,0.96463,0.00496,0.00898,3,12154,0,1410,0.09154,0.05516,0.60257,92,1,94.936,107,1,3,4296,185610,0,0,0.000,9.802,21.412,0,0.000,16.705,25.792,0,0,1,0,6
PPG,2,21323,854470536,128,170227,191124,191161.531,-37.531,-117.141,0,0,0,0,69.77,69.77,2,1,16,93.00,0,1,53,1,1,11,11,0,0,0,854753985,0.03857,-0.00146,0.96191,0.96269,-0.00745,0.00105,-0.00114,0.00761,0.96269,0.00896,0.00857,3,12120,0,1410,0.09154,0.05516,0.60257,92,1,94.936,107,1,3,2600,185610,0,0,0.000,9.802,21.412,0,0.000,16.705,25.792,0,0,1,0,6
PPG,2,21324,854510536,128,170203,191095,191160.859,-65.859,-87.609,0,0,0,0,69.77,69.77,2,1,16,93.00,0,1,53,1,1,12,12,0,0,0,854795549,0.04248,-0.00684,0.95581,0.95678,-0.00692,0.00158,-0.00114,0.00719,0.95678,0.00728,0.00736,3,12108,0,1410,0.09154,0.05516,0.60257,92,1,94.936,107,1,3,4297,185610,0,0,0.000,9.802,21.412,0,0.000,16.705,25.792,0,0,1,0,6
PPG,2,21325,854550536,132,170163,191046,191159.703,-113.703,-52.766,0,0,0,0,69.77,69.77,2,1,16,93.00,0,1,53,1,1,13,13,0,0,0,854834524,0.04224,-0.00586,0.95898,0.95993,-0.00772,0.00212,-0.00034,0.00801,0.95993,0.00569,0.00912,3,12113,0,1410,0.09154,0.05516,0.60257,92,1,94.936,107,1,3,2599,185610,0,0,0.000,9.802,21.412,0,0.000,16.705,25.792,0,0,1,0,6
PPG,2,21326,854590536,131,170132,191029,191158.391,-129.391,-22.125,0,0,0,0,69.77,69.77,2,1,16,93.00,0,1,53,1,1,14,14,0,0,0,854876084,0.04199,-0.00415,0.95825,0.95918,-0.00772,0.00132,0.00046,0.00784,0.96606,0.00613,0.00784,3,12128,0,1410,0.09154,0.05516,0.60257,92,1,94.936,107,1,3,4302,185610,0,0,0.000,9.802,21.412,0,0.000,16.705,25.792,0,0,1,0,6
PPG,2,21327,854630536,129,170104,190981,191156.609,-175.609,-8.594,0,0,0,0,69.77,69.77,2,1,16,93.00,0,1,53,1,1,15,15,0,0,0,854915065,0.04443,-0.00537,0.95508,0.95613,-0.00825,0.00132,-0.00087,0.00840,0.96128,0.00515,0.00840,3,12144,0,1410,0.09154,0.05516,0.60257,92,1,94.936,107,1,3,2598,185610,0,0,0.000,9.802,21.412,0,0.000,16.705,25.792,0,0,1,0,6
PPG,2,21328,854670536,128,170111,190986,191154.906,-168.906,-1.453,0,0,0,0,69.77,69.77,2,1,16,93.00,0,1,53,1,1,16,16,0,0,0,854956631,0.03760,-0.00757,0.95557,0.95634,-0.00825,0.00292,0.00046,0.00876,0.95936,0.00323,0.00876,3,12120,0,1410,0.09154,0.05516,0.60257,92,1,94.936,107,1,3,4295,185610,0,0,0.000,9.802,21.412,0,0.000,16.705,25.792,0,0,1,0,6
PPG,2,21329,854710536,178,170124,191012,191153.484,-141.484,1.250,0,0,0,0,69.77,69.77,2,1,16,93.00,0,1,53,1,1,17,17,0,0,0,854995594,0.04517,-0.00391,0.96216,0.96323,-0.00798,0.00212,-0.00087,0.00830,0.96617,0.00983,0.00936,3,12126,0,1410,0.09154,0.05516,0.60257,92,1,94.936,107,1,3,4298,185610,0,0,0.000,9.802,21.412,0,0.000,16.705,25.792,0,0,1,0,6
PPG,2,21330,854750536,176,170145,191037,191152.312,-115.312,-4.922,0,0,0,0,69.77,69.77,2,1,16,93.00,0,1,53,1,1,18,18,0,0,0,855034895,0.04199,-0.00513,0.96045,0.96138,-0.00772,0.00185,-0.00194,0.00817,0.96413,0.00439,0.00931,3,12267,0,1410,0.09154,0.05516,0.60257,92,1,94.936,107,1,3,2639,185610,0,0,0.000,9.802,21.412,0,0.000,16.705,25.792,0,0,1,0,6
PPG,2,21331,854790536,128,170112,190994,191150.734,-156.734,-18.766,0,0,0,0,69.77,69.77,2,1,16,93.00,0,1,53,1,1,19,19,0,0,0,855076694,0.03906,-0.00415,0.95215,0.95296,-0.00745,0.00079,-0.00087,0.00754,0.95961,0.00635,0.00837,3,12154,0,1410,0.09154,0.05516,0.60257,92,1,94.936,107,1,3,4307,185610,0,0,0.000,9.802,21.412,0,0.000,16.705,25.792,0,0,1,0,6
PPG,2,21332,854830536,126,170040,190851,191147.734,-296.734,-40.062,0,0,0,0,69.77,69.77,2,1,16,93.00,0,1,53,1,1,20,20,0,0,0,855115667,0.04346,-0.00586,0.96338,0.96438,-0.00638,0.00212,-0.00007,0.00673,0.96438,0.00892,0.00786,3,12121,0,1410,0.09154,0.05516,0.60257,92,1,94.936,107,1,3,4303,185610,0,0,0.000,9.802,21.412,0,0.000,16.705,25.792,0,0,1,0,6
PPG,2,21333,854870536,136,169996,190754,191143.797,-389.797,-63.656,0,0,0,0,69.77,69.77,2,1,16,93.00,0,1,53,1,1,21,21,0,0,0,855152565,0.04004,-0.00928,0.95679,0.95767,-0.00905,0.00052,0.00019,0.00907,0.95954,0.00484,0.00907,2,22143,0,1411,0.09154,0.05516,0.60257,92,1,94.936,107,1,3,2599,185610,0,0,0.000,9.802,21.412,0,0.000,16.705,25.792,0,0,1,0,6
PPG,2,21334,854910536,130,169974,190756,191139.922,-383.922,-78.047,0,0,0,0,69.77,69.77,2,1,16,93.00,0,1,53,1,1,22,22,0,0,0,855194362,0.04517,-0.00684,0.95557,0.95666,-0.00772,0.00265,-0.00087,0.00821,0.96361,0.00695,0.00826,3,12117,0,1411,0.09154,0.05516,0.60257,92,1,94.936,107,1,3,2600,185610,0,0,0.000,9.802,21.412,0,0.000,16.705,25.792,0,0,1,0,6
PPG,2,21335,854950536,129,169959,190758,191136.109,-378.109,-92.422,0,0,0,0,69.77,69.77,2,1,16,93.00,0,1,53,1,1,23,23,0,0,0,855236192,0.04468,-0.00391,0.95581,0.95686,-0.00665,0.00265,-0.00087,0.00721,0.96102,0.00436,0.00764,3,12199,0,1411,0.09154,0.05516,0.60257,92,1,94.936,107,1,3,4347,185610,0,0,0.000,9.802,21.412,0,0.000,16.705,25.792,0,0,1,0,6
PPG,2,21336,854990536,129,169984,190804,191132.781,-328.781,-107.672,0,0,0,0,69.77,69.77,2,1,16,93.00,0,1,53,1,1,24,24,0,0,0,855275565,0.04102,-0.00537,0.95996,0.96085,-0.00772,0.00425,-0.00141,0.00892,0.96283,0.00597,0.00892,3,12286,0,1411,0.09154,0.05516,0.60257,92,1,94.936,107,1,3,4344,185610,0,0,79.781,9.802,21.412,1,0.000,16.705,25.792,0,0,1,0,6
PPG,2,21337,855030536,247,170044,190885,191130.297,-245.297,-124.594,1,0,1,860,69.77,69.77,2,1,16,93.00,0,1,53,1,1,25,25,0,0,0,855314895,0.04102,-0.00879,0.96191,0.96283,-0.00772,0.00212,-0.00034,0.00801,0.96540,0.00489,0.00827,3,12210,0,1411,0.09154,0.05516,0.60257,92,1,94.936,107,1,3,2665,185610,0,0,0.000,9.802,21.412,0,149.516,16.705,25.792,1,1,1,0,7
PPG,2,21338,855070536,129,170063,190909,191128.078,-219.078,-136.875,0,0,0,0,69.77,69.77,2,1,16,93.00,0,1,53,1,1,26,26,0,0,0,855357240,0.04004,-0.00903,0.96094,0.96181,-0.00772,0.00212,-0.00087,0.00805,0.96181,0.00498,0.00828,3,12262,0,1411,0.09154,0.05516,0.60257,92,1,94.936,107,1,3,4334,185610,0,0,0.000,9.652,20.791,0,0.000,16.437,25.074,0,0,1,0,7
PPG,2,21339,855110536,129,170069,190907,191125.875,-218.875,-128.484,0,0,0,0,69.77,69.77,2,1,16,93.00,0,1,53,1,1,27,27,0,0,0,855396563,0.04053,-0.00806,0.95972,0.96061,-0.00825,0.00158,-0.00087,0.00845,0.96061,0.00559,0.00911,3,12221,0,1411,0.09154,0.05516,0.60257,92,1,94.936,107,1,3,4316,185610,0,0,0.000,9.652,20.791,0,0.000,16.437,25.074,0,0,1,0,7
PPG,2,21340,855150536,137,170090,190921,191123.828,-202.828,-100.719,0,0,0,0,69.77,69.77,2,1,16,93.00,0,1,53,1,1,28,28,0,0,0,855435960,0.04199,-0.00513,0.95630,0.95723,-0.00772,0.00158,-0.00114,0.00796,0.96194,0.00370,0.00826,3,12299,0,1411,0.09154,0.05516,0.60257,92,1,94.936,107,1,3,4333,185610,0,0,0.000,9.652,20.791,0,0.000,16.437,25.074,0,0,1,0,7
PPG,2,21341,855190536,133,170084,190921,191121.797,-200.797,-70.812,0,0,0,0,69.77,69.77,2,1,16,93.00,0,1,53,1,1,29,29,0,0,0,855475281,0.03857,-0.00049,0.95776,0.95854,-0.00798,0.00238,-0.00221,0.00862,0.95854,0.00240,0.00862,3,12231,0,1411,0.09154,0.05516,0.60257,92,1,94.936,107,1,3,4357,185610,0,0,0.000,9.652,20.791,0,0.000,16.437,25.074,0,0,1,0,7
PPG,2,21342,855230536,131,170121,190994,191120.516,-126.516,-32.344,0,0,0,0,69.77,69.77,2,1,16,93.00,0,1,53,1,1,30,30,0,0,0,855514729,0.04395,-0.00732,0.95996,0.96099,-0.00745,0.00185,-0.00114,0.00776,0.96099,0.00818,0.00838,3,12257,0,1411,0.09154,0.05516,0.60257,92,1,94.936,107,1,3,2643,185610,0,0,0.000,9.652,20.791,0,0.000,16.437,25.074,0,0,1,0,7
PPG,2,21343,855270536,129,170162,191066,191119.969,-53.969,7.984,0,0,0,0,69.77,69.77,2,1,16,93.00,0,1,53,1,1,31,31,0,0,0,855556727,0.04419,-0.00244,0.95630,0.95732,-0.00772,0.00105,-0.00034,0.00779,0.96037,0.00227,0.00826,3,12238,0,1411,0.09154,0.05516,0.60257,92,1,94.936,107,1,3,4312,185610,0,0,0.000,9.652,20.791,0,0.000,16.437,25.074,0,0,1,0,7
PPG,2,21344,855310536,530,170144,191067,191119.438,-52.438,35.375,0,0,0,0,69.77,69.77,2,1,16,93.00,0,1,53,1,1,0,0,0,0,0,855596073,0.04004,-0.00977,0.96216,0.96304,-0.00798,0.00105,-0.00167,0.00822,0.96331,0.00580,0.00834,3,12254,0,1411,0.08143,0.06290,0.77239,91,1,90.690,83,1,3,4340,185610,0,0,0.000,9.652,20.791,0,0.000,16.437,25.074,0,0,1,0,7
PPG,2,21345,855350536,192,170118,191038,191118.625,-80.625,54.219,0,0,0,0,69.77,69.77,2,1,16,93.00,0,1,53,1,1,1,1,0,0,0,855635911,0.04248,-0.00684,0.95532,0.95629,-0.00798,0.00079,-0.00007,0.00802,0.96340,0.00710,0.00822,3,12269,0,1411,0.08143,0.06290,0.77239,91,1,90.690,83,1,3,4337,185610,0,0,0.000,9.652,20.791,0,0.000,16.437,25.074,0,0,1,0,7
PPG,2,21346,855390536,128,170094,190996,191117.406,-121.406,68.578,0,0,0,0,69.77,69.77,2,1,16,93.00,0,1,53,1,1,2,2,0,0,0,855675303,0.04053,-0.00830,0.95679,0.95768,-0.00825,0.00185,-0.00007,0.00845,0.95996,0.00237,0.00871,3,12255,0,1411,0.08143,0.06290,0.77239,91,1,90.690,83,1,3,4335,185610,0,0,0.000,9.652,20.791,0,0.000,16.437,25.074,0,0,1,0,7
PPG,2,21347,855430536,178,170068,190981,191116.047,-135.047,77.156,0,0,0,0,69.77,69.77,2,1,16,93.00,0,1,53,1,1,3,3,0,0,0,855714572,0.03882,-0.00488,0.95215,0.95295,-0.00772,0.00238,-0.00141,0.00820,0.96385,0.01090,0.00820,3,12237,0,1411,0.08143,0.06290,0.77239,91,1,90.690,83,1,3,2635,185610,0,0,0.000,9.652,20.791,0,0.000,16.437,25.074,0,0,1,0,7
PPG,2,21348,855470536,128,170071,190988,191114.766,-126.766,86.625,0,0,0,0,69.77,69.77,2,1,16,93.00,0,1,53,1,1,4,4,0,0,0,855756575,0.04102,-0.00366,0.95923,0.96011,-0.00852,0.00238,0.00046,0.00885,0.96680,0.01385,0.00885,3,12249,0,1411,0.08143,0.06290,0.77239,91,1,90.690,83,1,3,4333,185610,0,0,0.000,9.652,20.791,0,0.000,16.437,25.074,0,0,1,0,7
PPG,2,21349,855510536,182,170080,190999,191113.609,-114.609,87.984,0,0,0,0,69.77,69.77,2,1,16,93.00,0,1,53,1,1,5,5,0,0,0,855795859,0.04150,-0.00659,0.95557,0.95649,-0.00772,0.00079,-0.00061,0.00778,0.96319,0.00446,0.00994,3,12235,0,1411,0.08143,0.06290,0.77239,91,1,90.690,83,1,3,4333,185610,0,0,0.000,9.539,21.309,0,0.000,16.437,25.074,0,0,1,0,7
PPG,2,21350,855550536,176,170099,191038,191112.859,-74.859,83.938,0,0,0,0,69.77,69.77,2,1,16,93.00,0,1,53,1,1,6,6,0,0,0,855835255,0.04126,-0.00757,0.96313,0.96405,-0.00692,0.00292,-0.00034,0.00751,0.96405,0.00407,0.00816,3,12321,0,1411,0.08143,0.06290,0.77239,91,1,90.690,83,1,3,2611,185610,0,0,0.000,9.539,21.309,0,0.000,16.437,25.074,0,0,1,0,7
PPG,2,21351,855590536,130,170097,191046,191112.188,-66.188,78.328,0,0,0,0,69.77,69.77,2,1,16,93.00,0,1,53,1,1,7,7,0,0,0,855877195,0.04028,-0.00464,0.96582,0.96667,-0.00772,0.00265,-0.00087,0.00821,0.96667,0.00765,0.00842,3,12274,0,1411,0.08143,0.06290,0.77239,91,1,90.690,83,1,3,4324,185610,0,0,0.000,9.539,21.309,0,0.000,16.437,25.074,0,0,1,0,7
PPG,2,21352,855630536,126,170064,190957,191110.641,-153.641,61.469,0,0,0,0,69.77,69.77,2,1,16,93.00,0,1,53,1,1,8,8,0,0,0,855916303,0.04346,-0.00317,0.95850,0.95949,-0.00772,0.00238,-0.00034,0.00808,0.95989,0.00678,0.00866,3,12141,0,1411,0.08143,0.06290,0.77239,91,1,90.690,83,1,3,4305,185610,0,0,0.000,9.539,21.309,0,0.000,16.437,25.074,0,0,1,0,7
PPG,2,21353,855670536,128,170018,190835,191107.891,-272.891,34.422,0,0,0,0,69.77,69.77,2,1,16,93.00,0,1,53,1,1,9,9,0,0,0,855955326,0.03955,-0.00366,0.95386,0.95468,-0.00825,0.00238,-0.00167,0.00875,0.95933,0.00384,0.00936,3,12123,0,1411,0.08143,0.06290,0.77239,91,1,90.690,83,1,3,2631,185610,0,0,0.000,9.539,21.309,0,0.000,16.437,25.074,0,0,1,0,7
PPG,2,21354,855710536,127,170028,190854,191105.359,-251.359,11.375,0,0,0,0,69.77,69.77,2,1,16,93.00,0,1,53,1,1,10,10,0,0,0,855996991,0.04419,-0.00659,0.95850,0.95954,-0.00745,0.00158,-0.00034,0.00762,0.96149,0.00681,0.00780,3,12142,0,1411,0.08143,0.06290,0.77239,91,1,90.690,83,1,3,4305,185610,0,0,132.000,9.539,21.309,1,0.000,16.437,25.074,0,0,1,0,7
PPG,2,21355,855750536,132,170039,190903,191103.328,-200.328,-8.031,0,0,0,0,69.77,69.77,2,1,16,93.00,0,1,53,1,1,11,11,0,0,0,856036010,0.04175,-0.00659,0.95679,0.95772,-0.00718,0.00185,-0.00034,0.00743,0.96106,0.00419,0.00785,3,12140,0,1411,0.08143,0.06290,0.77239,91,1,90.690,83,1,3,4301,185610,0,0,0.000,9.539,21.309,0,0.000,16.437,25.074,0,0,1,0,7
PPG,2,21356,855790536,129,170055,190954,191101.828,-147.828,-21.953,0,1,0,0,69.77,69.77,2,1,16,93.00,0,1,53,1,1,12,12,0,0,0,856074995,0.03882,-0.00610,0.95679,0.95759,-0.00878,0.00158,-0.00087,0.00897,0.96132,0.00702,0.00897,3,12129,0,1411,0.08143,0.06290,0.77239,91,1,90.690,83,1,3,2600,185610,0,0,0.000,9.539,21.309,0,0.000,16.437,25.074,0,0,1,0,7
PPG,2,21357,855830536,148,170094,191018,191100.984,-82.984,-31.453,1,0,1,760,69.77,69.77,2,1,16,93.00,0,1,53,1,1,13,13,0,0,0,856116559,0.04297,-0.00928,0.95532,0.95633,-0.00798,0.00292,-0.00007,0.00850,0.96025,0.00790,0.00850,3,12112,0,1411,0.08143,0.06290,0.77239,91,1,90.690,83,1,3,4294,185610,0,0,0.000,9.539,21.309,0,224.859,16.437,25.074,1,1,1,0,8
PPG,2,21358,855870536,133,170116,191055,191100.531,-45.531,-37.484,0,0,0,0,69.77,69.77,2,1,16,93.00,0,1,53,1,1,14,14,0,0,0,856152961,0.04126,-0.00952,0.95825,0.95919,-0.00798,0.00238,-0.00114,0.00841,0.96056,0.00422,0.00841,2,21676,0,1412,0.08143,0.06290,0.77239,91,1,90.690,83,1,3,2599,185610,0,0,0.000,9.734,22.132,0,0.000,16.673,25.708,0,0,1,0,8
PPG,2,21359,855910536,131,170101,191008,191099.609,-91.609,-35.234,0,0,0,0,69.77,69.77,2,1,16,93.00,0,1,53,1,1,15,15,0,0,0,856194613,0.04663,-0.00537,0.95801,0.95916,-0.00825,0.00185,-0.00087,0.00850,0.96704,0.00916,0.00864,3,12120,0,1412,0.08143,0.06290,0.77239,91,1,90.690,83,1,3,2596,185610,0,0,0.000,9.734,22.132,0,0.000,16.673,25.708,0,0,1,0,8
PPG,2,21360,855950536,127,170089,190981,191098.422,-117.422,-17.375,0,0,0,0,69.77,69.77,2,1,16,93.00,0,1,53,1,1,16,16,0,0,0,856236162,0.04419,-0.00659,0.95703,0.95807,-0.00718,0.00158,-0.00114,0.00744,0.96203,0.00726,0.00843,3,12109,0,1412,0.08143,0.06290,0.77239,91,1,90.690,83,1,3,4299,185610,0,0,0.000,9.734,22.132,0,0.000,16.673,25.708,0,0,1,0,8
PPG,2,21361,855990536,129,170105,191004,191097.484,-93.484,-0.094,0,0,0,0,69.77,69.77,2,1,16,93.00,0,1,53,1,1,17,17,0,0,0,856275144,0.04395,-0.00708,0.95654,0.95758,-0.00772,0.00052,0.00019,0.00774,0.96072,0.00314,0.00810,3,12112,0,1412,0.08143,0.06290,0.77239,91,1,90.690,83,1,3,2596,185610,0,0,0.000,9.734,22.132,0,0.000,16.673,25.708,0,0,1,0,8
PPG,2,21362,856030536,127,170135,191036,191096.875,-60.875,16.797,0,0,0,0,69.77,69.77,2,1,16,93.00,0,1,53,1,1,18,18,0,0,0,856316678,0.04272,-0.00610,0.95874,0.95971,-0.00825,0.00185,-0.00007,0.00845,0.96215,0.00458,0.00905,3,12117,0,1412,0.08143,0.06290,0.77239,91,1,90.690,83,1,3,4299,185610,0,0,0.000,9.734,22.132,0,0.000,16.673,25.708,0,0,1,0,8
PPG,2,21363,856070536,135,170126,191092,191096.828,-4.828,35.219,0,0,0,0,69.77,69.77,2,1,16,93.00,0,1,53,1,1,19,19,0,0,0,856355860,0.03833,-0.00610,0.95239,0.95318,-0.00772,0.00185,-0.00141,0.00806,0.95637,0.00644,0.00806,3,12314,0,1412,0.08143,0.06290,0.77239,91,1,90.690,83,1,3,4338,185610,0,0,0.000,9.734,22.132,0,0.000,16.673,25.708,0,0,1,0,8
PPG,2,21364,856110536,196,170142,191118,191097.047,20.953,46.953,0,0,0,0,69.77,69.77,2,1,16,93.00,0,1,53,1,1,20,20,0,0,0,856395115,0.04248,-0.00415,0.95386,0.95481,-0.00878,0.00265,-0.00061,0.00919,0.95948,0.00836,0.00919,3,12120,0,1412,0.08143,0.06290,0.77239,91,1,90.690,83,1,3,2712,185610,0,0,0.000,9.734,22.132,0,0.000,16.673,25.708,0,0,1,0,8
PPG,2,21365,856150536,178,170113,191097,191097.047,-0.047,50.000,0,0,0,0,69.77,69.77,2,1,16,93.00,0,1,53,1,1,21,21,0,0,0,856437138,0.03882,-0.00415,0.95581,0.95661,-0.00718,0.00238,-0.00114,0.00765,0.96413,0.00932,0.00814,3,12217,0,1412,0.08143,0.06290,0.77239,91,1,90.690,83,1,3,4387,185610,0,0,0.000,9.734,22.132,0,0.000,16.673,25.708,0,0,1,0,8
PPG,2,21366,856190536,128,170113,191094,191097.016,-3.016,57.375,0,0,0,0,69.77,69.77,2,1,16,93.00,0,1,53,1,1,22,22,0,0,0,856476720,0.04028,-0.00708,0.95142,0.95229,-0.00718,0.00052,0.00073,0.00724,0.95837,0.00608,0.00775,3,12251,0,1412,0.08143,0.06290,0.77239,91,1,90.690,83,1,3,4330,185610,0,0,0.000,9.734,22.132,0,0.000,16.673,25.708,0,0,1,0,8
PPG,2,21367,856230536,131,170135,191112,191097.172,14.828,69.547,0,1,0,0,69.77,69.77,2,1,16,93.00,0,1,53,1,1,23,23,0,0,0,856516075,0.04126,-0.00610,0.95776,0.95867,-0.00878,0.00212,-0.00141,0.00914,0.95867,0.00657,0.00914,3,12267,0,1412,0.08143,0.06290,0.77239,91,1,90.690,83,1,3,4352,185610,0,0,0.000,9.734,22.132,0,0.000,16.673,25.708,0,0,1,0,8
PPG,2,21368,856270536,145,170135,191139,191097.594,41.406,81.281,0,0,0,0,69.77,69.77,2,1,16,93.00,0,1,53,1,1,24,24,0,0,0,856555449,0.04468,-0.00635,0.95654,0.95761,-0.00852,0.00238,0.00019,0.00885,0.96200,0.00439,0.00962,3,12290,0,1412,0.08143,0.06290,0.77239,91,1,90.690,83,1,3,2637,185610,0,0,0.000,9.734,22.132,0,0.000,16.673,25.708,0,0,1,0,8
PPG,2,21369,856310536,590,170153,191155,191098.172,56.828,90.484,0,0,0,0,69.77,69.77,2,1,16,93.00,0,1,53,1,1,25,25,0,0,0,856597506,0.04175,-0.00781,0.96289,0.96383,-0.00798,0.00238,0.00019,0.00833,0.96383,0.00357,0.00861,3,12239,0,1412,0.06966,0.06433,0.92361,95,1,86.910,107,1,3,4335,185610,0,0,0.000,9.765,21.979,0,0.000,16.673,25.708,0,0,1,0,8
PPG,2,21370,856350536,178,170143,191164,191098.828,65.172,94.484,0,0,0,0,69.77,69.77,2,1,16,93.00,0,1,53,1,1,26,26,0,0,0,856637391,0.03955,-0.00342,0.96265,0.96346,-0.00772,0.00158,-0.00114,0.00796,0.96346,0.00839,0.00872,3,12263,0,1412,0.06966,0.06433,0.92361,95,1,86.910,107,1,3,4342,185610,0,0,0.000,9.765,21.979,0,0.000,16.673,25.708,0,0,1,0,8
PPG,2,21371,856390536,222,170147,191154,191099.375,54.625,94.219,0,0,0,0,69.77,69.77,2,1,16,93.00,0,1,53,1,1,27,27,0,0,0,856676829,0.04297,-0.00708,0.95825,0.95924,-0.00798,0.00132,-0.00087,0.00814,0.96435,0.00735,0.00831,3,12255,0,1412,0.06966,0.06433,0.92361,95,1,86.910,107,1,3,4357,185610,0,0,0.000,9.482,23.447,0,0.000,16.673,25.708,0,0,1,0,8
PPG,2,21372,856430536,128,170100,191023,191098.609,-75.609,80.344,0,0,0,0,69.77,69.77,2,1,16,93.00,0,1,53,1,1,28,28,0,0,0,856716215,0.04443,-0.00684,0.95605,0.95711,-0.00931,0.00318,-0.00114,0.00991,0.96534,0.00610,0.00991,3,12213,0,1412,0.06966,0.06433,0.92361,95,1,86.910,107,1,3,4339,185610,0,0,55.812,9.482,23.447,1,0.000,16.673,25.708,0,0,1,0,8
PPG,2,21373,856470536,130,170073,190964,191097.266,-133.266,55.328,0,0,0,0,69.77,69.77,2,1,16,93.00,0,1,53,1,1,29,29,0,0,0,856755687,0.03613,-0.00757,0.96411,0.96482,-0.00905,0.00185,-0.00114,0.00931,0.96482,0.01040,0.00953,3,12296,0,1412,0.06966,0.06433,0.92361,95,1,86.910,107,1,3,4360,185610,0,0,0.000,9.482,23.447,0,0.000,16.673,25.708,0,0,1,0,8
PPG,2,21374,856510536,127,170063,190957,191095.859,-138.859,28.016,0,0,0,0,69.77,69.77,2,1,16,93.00,0,1,53,1,1,30,30,0,0,0,856794962,0.04468,-0.00488,0.96265,0.96370,-0.00798,0.00185,-0.00167,0.00836,0.96425,0.00645,0.00902,3,12217,0,1412,0.06966,0.06433,0.92361,95,1,86.910,107,1,3,2630,185610,0,0,0.000,9.482,23.447,0,0.000,16.673,25.708,0,0,1,0,8
PPG,2,21375,856550536,133,170060,190988,191094.781,-106.781,2.203,0,0,0,0,69.77,69.77,2,1,16,93.00,0,1,53,1,1,31,31,0,0,0,856836862,0.04077,-0.00122,0.96191,0.96278,-0.00772,0.00185,-0.00061,0.00796,0.96278,0.00848,0.00836,3,12227,0,1412,0.06966,0.06433,0.92361,95,1,86.910,107,1,3,4343,185610,0,0,0.000,9.482,23.447,0,0.000,16.673,25.708,0,0,1,0,8
PPG,2,21376,856590536,131,170077,191017,191094.000,-77.000,-20.656,0,0,0,0,69.77,69.77,2,1,16,93.00,0,1,53,1,1,0,0,0,0,0,856876188,0.04321,-0.00244,0.95239,0.95338,-0.00825,0.00238,-0.00061,0.00861,0.96162,0.00824,0.00861,3,12225,0,1412,0.06966,0.06433,0.92361,95,1,86.910,107,1,3,4325,185610,0,0,0.000,9.482,23.447,0,0.000,16.673,25.708,0,0,1,0,7
PPG,2,21377,856630536,136,170093,191036,191093.422,-57.422,-39.844,0,0,0,0,69.77,69.77,2,1,16,93.00,0,1,53,1,1,1,1,0,0,0,856915427,0.04395,-0.00635,0.95947,0.96050,-0.00745,0.00238,-0.00221,0.00813,0.96050,0.00344,0.00836,3,12186,0,1412,0.06966,0.06433,0.92361,95,1,86.910,107,1,3,2625,185610,0,0,0.000,9.482,23.447,0,0.000,16.673,25.708,0,0,1,0,7
PPG,2,21378,856670536,128,170059,191006,191092.547,-86.547,-58.531,1,0,0,0,69.77,69.77,2,1,16,93.00,0,1,53,1,1,2,2,0,0,0,856957341,0.04248,-0.00195,0.95679,0.95773,-0.00772,0.00079,-0.00087,0.00780,0.95773,0.00447,0.00885,3,12249,0,1412,0.06966,0.06433,0.92361,95,1,86.910,107,1,3,4346,185610,0,0,0.000,9.482,23.447,0,131.969,16.673,25.708,1,0,1,0,7
PPG,2,21379,856710536,129,170042,190972,191091.344,-119.344,-64.031,0,0,0,0,69.77,69.77,2,1,16,93.00,0,1,53,1,1,3,3,0,0,0,856996676,0.04102,-0.00830,0.96021,0.96112,-0.00718,0.00212,-0.00087,0.00754,0.96112,0.00739,0.00831,3,12236,0,1412,0.06966,0.06433,0.92361,95,1,86.910,107,1,3,4329,185610,0,0,0.000,9.482,23.447,0,0.000,16.673,25.708,0,0,1,0,7
PPG,2,21380,856750536,206,170035,190949,191089.922,-140.922,-64.562,0,0,0,0,69.77,69.77,2,1,16,93.00,0,1,53,1,1,4,4,0,0,0,857035940,0.03931,-0.00488,0.95898,0.95980,-0.00878,0.00265,-0.00194,0.00938,0.95980,0.00730,0.00938,3,12225,0,1412,0.06966,0.06433,0.92361,95,1,86.910,107,1,3,4316,185610,0,0,0.000,9.482,23.447,0,0.000,16.673,25.708,0,0,1,0,7
PPG,2,21381,856790536,130,170030,190958,191088.609,-130.609,-62.125,0,0,0,0,69.77,69.77,2,1,16,93.00,0,1,53,1,1,5,5,0,0,0,857075565,0.03833,-0.00415,0.95459,0.95537,-0.00798,0.00105,-0.00061,0.00807,0.96123,0.00300,0.00807,3,12241,0,1412,0.06966,0.06433,0.92361,95,1,86.910,107,1,3,2643,185610,0,0,0.000,9.482,23.447,0,0.000,16.673,25.708,0,0,1,0,7
PPG,2,21382,856830536,130,170076,191023,191087.953,-64.953,-56.484,0,0,0,0,69.77,69.77,2,1,16,93.00,0,1,53,1,1,6,6,0,0,0,857117320,0.03906,-0.00513,0.95508,0.95589,-0.00825,0.00212,-0.00114,0.00859,0.95958,0.00369,0.00906,3,12149,0,1412,0.06966,0.06433,0.92361,95,1,86.910,107,1,3,4306,185610,0,0,0.000,9.482,23.447,0,0.000,16.673,25.708,0,0,1,0,6
PPG,2,21383,856870536,141,170109,191063,191087.703,-24.703,-48.453,0,0,0,0,69.77,69.77,2,1,16,93.00,0,1,53,2,2,8,8,0,0,0,857215832,0.04395,-0.00684,0.95776,0.95880,-0.00825,0.00292,-0.00007,0.00875,0.96013,0.00676,0.00882,3,62332,0,1418,0.06966,0.06433,0.92361,95,1,86.910,107,1,3,62281,185610,0,0,0.000,9.482,23.447,0,0.000,16.673,25.708,0,0,1,0,6
PPG,2,21384,856910536,39,170134,191110,191087.922,22.078,-37.469,0,0,0,0,69.77,69.77,2,1,16,93.00,0,1,53,2,2,8,8,0,0,0,857215832,0.04395,-0.00684,0.95776,0.95880,-0.00825,0.00292,-0.00007,0.00875,0.00000,0.00000,0.00000,0,62332,0,1418,0.06966,0.06433,0.92361,95,1,86.910,107,1,3,62281,185610,0,0,0.000,9.482,23.447,0,0.000,16.673,25.708,0,0,1,0,6
PPG,2,21385,856950536,128,170150,191140,191088.438,51.562,-20.484,0,0,0,0,69.77,69.77,2,1,16,93.00,0,1,53,1,1,9,9,0,0,0,857241879,0.04272,-0.00464,0.95313,0.95409,-0.00772,0.00185,-0.00061,0.00796,0.95653,0.00243,0.00800,2,12570,0,1418,0.06966,0.06433,0.92361,95,1,86.910,107,1,3,2609,185610,0,0,0.000,9.482,23.447,0,0.000,16.673,25.708,0,0,1,0,6
PPG,2,21386,856990536,128,170149,191164,191089.188,74.812,3.438,0,0,0,0,69.77,69.77,2,1,16,93.00,0,1,53,1,1,10,10,0,0,0,857278388,0.04224,-0.00195,0.95557,0.95650,-0.00745,0.00105,-0.00061,0.00755,0.96261,0.00852,0.00775,3,12158,0,1418,0.06966,0.06433,0.92361,95,1,86.910,107,1,3,2588,185610,0,0,0.000,9.482,23.447,0,0.000,16.673,25.708,0,0,1,0,6
PPG,2,21387,857030536,126,170170,191192,191090.219,101.781,34.156,0,0,0,0,69.77,69.77,2,1,16,93.00,0,1,53,1,1,11,11,0,0,0,857314816,0.03979,-0.00659,0.96143,0.96227,-0.00772,0.00185,-0.00007,0.00794,0.96227,0.00332,0.00815,3,12117,0,1418,0.06966,0.06433,0.92361,95,1,86.910,107,1,3,2596,185610,0,0,0.000,9.482,23.447,0,0.000,16.673,25.708,0,0,1,0,6
PPG,2,21388,857070536,128,170157,191176,191091.078,84.922,63.453,0,0,0,0,69.77,69.77,2,1,16,93.00,0,1,53,1,1,12,12,0,0,0,857356405,0.04370,-0.00317,0.95728,0.95828,-0.00665,0.00238,-0.00141,0.00720,0.96094,0.00266,0.00846,3,12114,0,1418,0.06966,0.06433,0.92361,95,1,86.910,107,1,3,4297,185610,0,0,0.000,9.482,23.447,0,0.000,16.673,25.708,0,0,1,0,6
PPG,2,21389,857110536,126,170173,191214,191092.312,121.688,87.781,0,0,0,0,69.77,69.77,2,1,16,93.00,0,1,53,1,1,13,13,0,0,0,857395395,0.03979,-0.00952,0.95630,0.95717,-0.00718,0.00185,0.00073,0.00745,0.96540,0.00712,0.00759,3,12113,0,1418,0.06966,0.06433,0.92361,95,1,86.910,107,1,3,2595,185610,0,0,0.000,9.482,23.447,0,0.000,16.673,25.708,0,0,1,0,6
PPG,2,21390,857150536,130,170163,191215,191093.547,121.453,106.953,0,0,0,0,69.77,69.77,2,1,16,93.00,0,1,53,1,1,14,14,0,0,0,857437011,0.04370,-0.00488,0.95728,0.95828,-0.00745,0.00158,-0.00114,0.00770,0.95828,0.00539,0.00770,3,12107,0,1418,0.06966,0.06433,0.92361,95,1,86.910,107,1,3,4294,185610,0,0,0.000,9.482,23.447,0,0.000,16.673,25.708,0,0,1,0,6
PPG,2,21391,857190536,196,170167,191202,191094.625,107.375,117.688,0,1,0,0,69.77,69.77,2,1,16,93.00,0,1,53,1,1,15,15,0,0,0,857476044,0.04370,-0.00830,0.95605,0.95709,-0.00798,0.00105,-0.00034,0.00806,0.96547,0.01085,0.00835,3,12181,0,1418,0.06966,0.06433,0.92361,95,1,86.910,107,1,3,4303,185610,0,0,0.000,9.482,23.447,0,0.000,16.673,25.708,0,0,1,0,6
PPG,2,21392,857230536,223,170104,191092,191094.594,-2.594,107.375,0,0,0,0,69.77,69.77,2,1,16,93.00,0,1,53,1,1,16,16,0,0,0,857515152,0.03979,-0.00806,0.95679,0.95765,-0.00772,0.00105,-0.00194,0.00803,0.95850,0.00315,0.00842,3,12132,0,1418,0.06966,0.06433,0.92361,95,1,86.910,107,1,3,2594,185610,0,0,0.000,9.482,23.447,0,0.000,16.673,25.708,0,0,1,0,6
PPG,2,21393,857270536,128,170035,190928,191092.922,-164.922,75.484,0,0,0,0,69.77,69.77,2,1,16,93.00,0,1,53,1,1,17,17,0,0,0,857556811,0.04272,-0.00415,0.96631,0.96726,-0.00878,0.00238,-0.00087,0.00914,0.96726,0.00856,0.00944,3,12114,0,1418,0.06966,0.06433,0.92361,95,1,86.910,107,1,3,4307,185610,0,0,0.000,9.482,23.447,0,0.000,16.673,25.708,0,0,1,0,6
PPG,2,21394,857310536,536,170017,190889,191090.875,-201.875,35.578,0,0,0,0,69.77,69.77,2,1,16,nan,4,1,53,1,1,18,18,0,0,0,857595842,0.04468,-0.00586,0.95972,0.96077,-0.00692,0.00158,-0.00087,0.00715,0.96405,0.01511,0.00981,3,12118,0,1418,0.06867,0.06270,0.91317,99,1,87.171,187,1,3,4310,185610,0,0,0.000,9.482,23.447,0,0.000,16.673,25.708,0,0,1,0,6
PPG,2,21395,857350536,179,169998,190898,191088.953,-190.953,0.375,0,0,0,0,69.77,69.77,2,1,16,nan,4,1,53,1,1,19,19,0,0,0,857635249,0.04541,-0.00537,0.96021,0.96129,-0.00852,0.00292,-0.00061,0.00902,0.96310,0.00675,0.00902,3,12123,0,1418,0.06867,0.06270,0.91317,99,1,87.171,187,1,3,2599,185610,0,0,0.000,9.482,23.447,0,0.000,16.673,25.708,0,0,1,0,6
PPG,2,21396,857390536,130,170010,190933,191087.391,-154.391,-35.578,0,0,0,0,69.77,69.77,2,1,16,nan,4,1,53,1,1,20,20,0,0,0,857676847,0.04370,-0.00537,0.95703,0.95804,-0.00772,0.00238,0.00073,0.00811,0.96409,0.00560,0.00867,3,12136,0,1418,0.06867,0.06270,0.91317,99,1,87.171,187,1,3,4318,185610,0,0,0.000,9.482,23.447,0,0.000,16.673,25.708,0,0,1,0,6
PPG,2,21397,857430536,128,170044,190971,191086.234,-115.234,-67.172,0,0,0,0,69.77,69.77,2,1,16,nan,4,1,53,1,1,21,21,0,0,0,857715806,0.04492,-0.00879,0.95239,0.95349,-0.00745,0.00345,-0.00061,0.00823,0.95846,0.00497,0.00823,3,12123,0,1418,0.06867,0.06270,0.91317,99,1,87.171,187,1,3,2595,185610,0,0,0.000,9.482,23.447,0,0.000,16.673,25.708,0,0,1,0,6
PPG,2,21398,857470536,130,170054,190995,191085.328,-90.328,-96.203,0,0,0,0,69.77,69.77,2,1,16,nan,4,1,53,1,1,22,22,0,0,0,857757371,0.03931,-0.00488,0.95776,0.95858,-0.00718,0.00372,-0.00034,0.00809,0.96023,0.00379,0.00850,3,12120,0,1418,0.06867,0.06270,0.91317,99,1,87.171,187,1,3,4302,185610,0,0,0.000,9.482,23.447,0,0.000,16.673,25.708,0,0,1,0,6
PPG,2,21399,857510536,137,170058,191010,191084.578,-74.578,-109.812,1,0,1,0,0.00,nan,1,2,0,nan,4,1,53,1,1,23,23,0,0,0,857796507,0.03857,-0.00610,0.95532,0.95612,-0.00905,0.00185,-0.00221,0.00950,0.96293,0.00559,0.00950,3,12253,0,1418,0.06867,0.06270,0.91317,99,1,87.171,187,1,6,4352,185610,0,0,99.406,9.482,23.447,1,182.250,16.673,25.708,1,1,1,0,1
PPG,2,21400,857550536,119,170047,191001,191083.750,-82.750,-101.984,0,0,0,0,0.00,nan,1,2,0,nan,4,1,53,1,1,24,24,0,0,0,857838448,0.04321,-0.00464,0.95679,0.95777,-0.00772,0.00158,-0.00061,0.00790,0.96468,0.00690,0.00903,3,12114,0,1418,0.06867,0.06270,0.91317,99,1,87.171,187,1,6,4341,185610,0,0,0.000,9.448,23.297,0,0.000,16.614,25.549,0,0,1,0,1
PPG,2,21401,857590536,118,170049,190996,191082.875,-86.875,-88.594,0,0,0,0,0.00,nan,1,2,0,nan,4,1,53,1,1,25,25,0,0,0,857877378,0.04004,-0.00317,0.95337,0.95421,-0.00878,0.00212,-0.00141,0.00914,0.96167,0.00745,0.00940,3,12111,0,1418,0.06867,0.06270,0.91317,99,1,87.171,187,1,6,4305,185610,0,0,0.000,9.448,23.297,0,0.000,16.614,25.549,0,0,1,0,1
PPG,2,21402,857630536,118,170074,191043,191082.469,-39.469,-68.875,0,0,0,0,0.00,nan,1,2,0,nan,4,1,53,1,1,26,26,0,0,0,857916437,0.03979,-0.00562,0.95483,0.95568,-0.00878,0.00079,-0.00061,0.00884,0.96053,0.00485,0.00884,3,12178,0,1418,0.06867,0.06270,0.91317,99,1,87.171,187,1,6,4336,185610,0,0,0.000,9.448,23.297,0,0.000,16.614,25.549,0,0,1,0,1
PPG,2,21403,857670536,121,170077,191054,191082.188,-28.188,-51.156,0,0,0,0,0.00,nan,1,2,0,nan,4,1,53,1,1,27,27,0,0,0,857955535,0.04688,-0.00220,0.95825,0.95940,-0.00798,0.00238,-0.00034,0.00834,0.95940,0.00295,0.00862,3,12287,0,1418,0.06867,0.06270,0.91317,99,1,87.171,187,1,6,2599,185610,0,0,0.000,9.448,23.297,0,0.000,16.614,25.549,0,0,1,0,1
PPG,2,21404,857710536,119,170093,191074,191082.109,-8.109,-34.625,0,0,0,0,0.00,nan,1,2,0,nan,4,1,53,1,1,28,28,0,0,0,857997342,0.04004,-0.00537,0.94971,0.95057,-0.00825,0.00265,-0.00114,0.00874,0.96530,0.01193,0.00874,3,12325,0,1418,0.06867,0.06270,0.91317,99,1,87.171,187,1,6,4387,185610,0,0,0.000,9.448,23.297,0,0.000,16.614,25.549,0,0,1,0,1
PPG,2,21405,857750536,117,170108,191117,191082.453,34.547,-16.062,0,0,0,0,0.00,nan,1,2,0,nan,4,1,53,1,1,29,29,0,0,0,858036696,0.04297,-0.00317,0.95898,0.95995,-0.00825,0.00158,-0.00061,0.00842,0.95995,0.00728,0.00912,3,12254,0,1418,0.06867,0.06270,0.91317,99,1,87.171,187,1,6,4333,185610,0,0,0.000,9.448,23.297,0,0.000,16.614,25.549,0,0,1,0,1
PPG,2,21406,857790536,200,170121,191134,191082.969,51.031,3.156,0,0,0,0,0.00,nan,1,2,0,nan,4,1,53,1,1,30,30,0,0,0,858076070,0.04272,-0.00586,0.95483,0.95581,-0.00852,0.00265,-0.00114,0.00899,0.96219,0.00639,0.00899,3,12257,0,1418,0.06867,0.06270,0.91317,99,1,87.171,187,1,6,4354,185610,0,0,0.000,9.448,23.297,0,0.000,16.614,25.549,0,0,1,0,1
PPG,2,21407,857830536,134,170109,191121,191083.344,37.656,23.844,0,0,0,0,0.00,nan,1,2,0,nan,4,1,53,1,1,31,31,0,0,0,858115656,0.04150,-0.00830,0.96118,0.96211,-0.00772,0.00238,-0.00087,0.00812,0.96211,0.00468,0.00885,3,12252,0,1418,0.06867,0.06270,0.91317,99,1,87.171,187,1,6,2634,185610,0,0,0.000,9.448,23.297,0,0.000,16.614,25.549,0,0,1,0,1
PPG,2,21408,857870536,142,170086,191114,191083.656,30.344,43.812,0,0,0,0,0.00,nan,1,2,0,nan,4,1,53,1,1,0,0,0,0,0,858154917,0.03955,-0.00098,0.95801,0.95882,-0.00825,0.00185,-0.00007,0.00845,0.95882,0.00445,0.00845,2,21895,0,1419,0.06867,0.06270,0.91317,99,1,87.171,187,1,6,2632,185610,0,0,0.000,9.448,23.297,0,0.000,16.614,25.549,0,0,1,0,1
PPG,2,21409,857910536,121,170072,191090,191083.719,6.281,56.734,0,0,0,0,0.00,nan,1,2,0,nan,4,1,53,1,1,1,1,0,0,0,858197073,0.03979,-0.00610,0.95605,0.95690,-0.00905,0.00238,-0.00007,0.00936,0.95911,0.00221,0.00936,3,12314,0,1419,0.06867,0.06270,0.91317,99,1,87.171,187,1,6,4359,185610,0,0,0.000,9.448,23.297,0,0.000,16.614,25.549,0,0,1,0,1
PPG,2,21410,857950536,120,170088,191119,191084.078,34.922,70.812,0,0,0,0,0.00,nan,1,2,0,nan,4,1,53,1,1,2,2,0,0,0,858236345,0.03979,-0.01367,0.95435,0.95527,-0.00878,0.00158,-0.00141,0.00903,0.96205,0.00788,0.01003,3,12244,0,1419,0.06867,0.06270,0.91317,99,1,87.171,187,1,6,4339,185610,0,0,0.000,9.448,23.297,0,0.000,16.614,25.549,0,0,1,0,1
PPG,2,21411,857990536,119,170110,191150,191084.734,65.266,84.266,0,0,0,0,0.00,nan,1,2,0,nan,4,1,53,1,1,3,3,0,0,0,858275685,0.04199,-0.00513,0.95947,0.96040,-0.00798,0.00105,-0.00061,0.00807,0.96632,0.01105,0.00878,3,12262,0,1419,0.06867,0.06270,0.91317,99,1,87.171,187,1,6,2649,185610,0,0,0.000,9.448,23.297,0,0.000,16.614,25.549,0,0,1,0,1
PPG,2,21412,858030536,127,170123,191160,191085.484,74.516,87.016,0,0,0,0,0.00,nan,1,2,0,nan,4,1,53,1,1,4,4,0,0,0,858317699,0.03882,-0.00610,0.96289,0.96369,-0.00745,0.00185,-0.00114,0.00776,0.96369,0.00171,0.00838,3,12265,0,1419,0.06867,0.06270,0.91317,99,1,87.171,187,1,6,4331,185610,0,0,0.000,9.448,23.297,0,0.000,16.614,25.549,0,0,1,0,1
PPG,2,21413,858070536,223,170061,191048,191085.109,-37.109,68.734,0,0,0,0,0.00,nan,1,2,0,nan,4,1,53,1,1,5,5,0,0,0,858356947,0.04370,-0.00562,0.95972,0.96073,-0.00825,0.00158,-0.00114,0.00848,0.96073,0.00314,0.00848,3,12271,0,1419,0.06867,0.06270,0.91317,99,1,87.171,187,1,6,4332,185610,0,0,0.000,9.448,23.297,0,0.000,16.614,25.549,0,0,1,0,1
PPG,2,21414,858110536,123,169998,190918,191083.438,-165.438,38.281,0,1,0,0,0.00,nan,1,2,0,nan,4,1,53,1,1,6,6,0,0,0,858396245,0.04224,-0.00659,0.95630,0.95725,-0.00798,0.00292,0.00019,0.00850,0.95809,0.00264,0.00940,3,12265,0,1419,0.06867,0.06270,0.91317,99,1,87.171,187,1,6,4368,185610,0,0,0.000,9.448,23.297,0,0.000,16.614,25.549,0,0,1,0,1
PPG,2,21415,858150536,118,170010,190913,191081.734,-168.734,8.812,0,0,0,0,0.00,nan,1,2,0,nan,4,1,53,1,1,7,7,0,0,0,858435567,0.04102,-0.00830,0.95605,0.95697,-0.00798,0.00238,-0.00007,0.00833,0.96243,0.00546,0.00861,3,12248,0,1419,0.06867,0.06270,0.91317,99,1,87.171,187,1,6,2624,185610,0,0,0.000,9.448,23.297,0,0.000,16.614,25.549,0,0,1,0,1
PPG,2,21416,858190536,120,170025,190964,191080.562,-116.562,-10.734,0,0,0,0,0.00,nan,1,2,0,nan,4,1,53,1,1,8,8,0,0,0,858477397,0.04517,-0.00537,0.95557,0.95665,-0.00825,0.00292,-0.00087,0.00879,0.96027,0.00362,0.00879,3,12207,0,1419,0.06867,0.06270,0.91317,99,1,87.171,187,1,6,4332,185610,0,0,0.000,9.448,23.297,0,0.000,16.614,25.549,0,0,1,0,1
PPG,2,21417,858230536,117,170026,190996,191079.719,-83.719,-29.562,0,0,0,0,0.00,nan,1,2,0,nan,4,1,53,1,1,9,9,0,0,0,858516759,0.03760,-0.00439,0.95776,0.95851,-0.00718,0.00318,0.00019,0.00786,0.95851,0.00664,0.00885,3,12243,0,1419,0.06867,0.06270,0.91317,99,1,87.171,187,1,6,4330,185610,0,0,0.000,9.448,23.297,0,0.000,16.614,25.549,0,0,1,0,1
PPG,2,21418,858270536,119,170077,191069,191079.609,-10.609,-44.828,0,0,0,0,0.00,nan,1,2,0,nan,4,1,53,1,1,10,10,0,0,0,858556014,0.04346,-0.00781,0.95898,0.96000,-0.00798,0.00265,-0.00114,0.00849,0.96000,0.00338,0.00849,3,12238,0,1419,0.06867,0.06270,0.91317,99,1,87.171,187,1,6,2629,185610,0,0,0.000,9.448,23.297,0,0.000,16.614,25.549,0,0,1,0,1
PPG,2,21419,858310536,520,170105,191107,191079.891,27.109,-57.266,0,0,0,0,0.00,nan,1,2,0,nan,2,2,53,1,1,11,11,0,0,0,858597889,0.03809,-0.00464,0.95215,0.95292,-0.00745,0.00052,-0.00034,0.00748,0.95827,0.00535,0.00918,3,12230,0,1419,0.05223,0.03144,0.60199,98,1,94.950,93,1,6,4314,185610,0,0,0.000,9.448,23.297,0,0.000,16.614,25.549,0,0,1,0,1
PPG,2,21420,858350536,190,170110,191097,191080.062,16.938,-55.062,1,0,1,840,71.43,71.43,2,1,0,nan,2,2,53,1,1,12,12,0,0,0,858637389,0.04004,-0.00293,0.95752,0.95836,-0.00825,0.00158,-0.00061,0.00842,0.95836,0.00476,0.00845,3,12133,0,1419,0.05223,0.03144,0.60199,98,1,94.950,93,1,3,4306,185610,0,0,93.422,9.448,23.297,1,196.828,16.614,25.549,1,1,1,0,2
PPG,2,21421,858390536,121,170118,191104,191080.297,23.703,-33.875,0,0,0,0,71.43,71.43,2,1,0,nan,2,2,53,1,1,13,13,0,0,0,858676718,0.04150,-0.00317,0.95313,0.95403,-0.00665,0.00318,-0.00061,0.00740,0.95788,0.00261,0.00816,3,12123,0,1419,0.05223,0.03144,0.60199,98,1,94.950,93,1,3,4306,185610,0,0,0.000,9.382,22.999,0,0.000,16.653,25.654,0,0,1,0,2
PPG,2,21422,858430536,122,170146,191156,191081.047,74.953,-4.828,0,0,0,0,71.43,71.43,2,1,0,nan,2,2,53,1,1,14,14,0,0,0,858715792,0.03979,-0.00439,0.95459,0.95543,-0.00772,0.00212,-0.00034,0.00801,0.96355,0.01295,0.00811,3,12124,0,1419,0.05223,0.03144,0.60199,98,1,94.950,93,1,3,2596,185610,0,0,0.000,9.382,22.999,0,0.000,16.653,25.654,0,0,1,0,2
PPG,2,21423,858470536,120,170152,191179,191082.031,96.969,19.641,0,0,0,0,71.43,71.43,2,1,0,nan,2,2,53,1,1,15,15,0,0,0,858757390,0.04175,-0.00122,0.95850,0.95941,-0.00772,0.00185,0.00019,0.00794,0.96263,0.00809,0.00917,3,12144,0,1419,0.05223,0.03144,0.60199,98,1,94.950,93,1,3,4312,185610,0,0,0.000,9.382,22.999,0,0.000,16.653,25.654,0,0,1,0,2
PPG,2,21424,858510536,121,170172,191228,191083.484,144.516,45.078,0,0,0,0,71.43,71.43,2,1,0,nan,2,2,53,1,1,16,16,0,0,0,858796335,0.04443,-0.00391,0.95483,0.95588,-0.00718,0.00292,-0.00061,0.00778,0.95898,0.00620,0.00778,3,12124,0,1419,0.05223,0.03144,0.60199,98,1,94.950,93,1,3,4320,185610,0,0,0.000,9.382,22.999,0,0.000,16.653,25.654,0,0,1,0,2
PPG,2,21425,858550536,120,170178,191229,191084.938,144.062,62.344,0,0,0,0,71.43,71.43,2,1,0,nan,2,2,53,1,1,17,17,0,0,0,858835317,0.04175,-0.00317,0.96240,0.96331,-0.00798,0.00265,-0.00167,0.00858,0.96829,0.01241,0.00858,3,12126,0,1419,0.05223,0.03144,0.60199,98,1,94.950,93,1,3,2598,185610,0,0,0.000,9.382,22.999,0,0.000,16.653,25.654,0,0,1,0,2
PPG,2,21426,858590536,122,170155,191217,191086.266,130.734,73.906,0,0,0,0,71.43,71.43,2,1,0,nan,2,2,53,1,1,18,18,0,0,0,858876925,0.04272,-0.00342,0.96411,0.96506,-0.00905,0.00265,-0.00061,0.00945,0.96506,0.00574,0.00945,3,12116,0,1419,0.05223,0.03144,0.60199,98,1,94.950,93,1,3,4298,185610,0,0,0.000,9.382,22.999,0,0.000,16.653,25.654,0,0,1,0,2
PPG,2,21427,858630536,119,170159,191245,191087.859,157.141,88.844,0,0,0,0,71.43,71.43,2,1,0,nan,2,2,53,1,1,19,19,0,0,0,858915917,0.04224,-0.00366,0.96021,0.96114,-0.00798,0.00265,-0.00087,0.00846,0.96114,0.00744,0.00893,3,12137,0,1419,0.05223,0.03144,0.60199,98,1,94.950,93,1,3,2595,185610,0,0,0.000,9.382,22.999,0,0.000,16.653,25.654,0,0,1,0,2
PPG,2,21428,858670536,120,170205,191283,191089.812,193.188,105.984,0,0,0,0,71.43,71.43,2,1,0,nan,2,2,53,1,1,20,20,0,0,0,858957448,0.04419,-0.00513,0.96191,0.96294,-0.00798,0.00158,-0.00034,0.00815,0.96294,0.00372,0.00878,3,12121,0,1419,0.05223,0.03144,0.60199,98,1,94.950,93,1,3,4303,185610,0,0,0.000,9.382,22.999,0,0.000,16.653,25.654,0,0,1,0,2
PPG,2,21429,858710536,121,170218,191304,191091.953,212.047,116.422,0,0,0,0,71.43,71.43,2,1,0,nan,2,2,53,1,1,21,21,0,0,0,858996471,0.04443,-0.00488,0.95874,0.95978,-0.00798,0.00132,-0.00034,0.00810,0.96678,0.00438,0.00830,3,12117,0,1419,0.05223,0.03144,0.60199,98,1,94.950,93,1,3,4306,185610,0,0,0.000,9.382,22.999,0,0.000,16.653,25.654,0,0,1,0,2
PPG,2,21430,858750536,122,170233,191320,191094.234,225.766,126.516,0,0,0,0,71.43,71.43,2,1,0,nan,2,2,53,1,1,22,22,0,0,0,859035425,0.04272,-0.00220,0.95703,0.95799,-0.00745,0.00212,-0.00141,0.00787,0.96229,0.00431,0.00878,3,12121,0,1419,0.05223,0.03144,0.60199,98,1,94.950,93,1,3,2596,185610,0,0,0.000,9.382,22.999,0,0.000,16.653,25.654,0,0,1,0,2
PPG,2,21431,858790536,121,170259,191356,191096.859,259.141,134.484,0,0,0,0,71.43,71.43,2,1,0,nan,2,2,53,1,1,23,23,0,0,0,859076936,0.04004,-0.00439,0.96265,0.96349,-0.00852,0.00158,-0.00034,0.00867,0.96349,0.00854,0.00896,3,12119,0,1419,0.05223,0.03144,0.60199,98,1,94.950,93,1,3,4304,185610,0,0,0.000,9.382,22.999,0,0.000,16.653,25.654,0,0,1,0,2
PPG,2,21432,858830536,121,170263,191403,191099.922,303.078,147.203,0,0,0,0,71.43,71.43,2,1,0,nan,2,2,53,1,1,24,24,0,0,0,859115932,0.04272,-0.01025,0.95850,0.95950,-0.00825,0.00265,-0.00114,0.00874,0.95959,0.00630,0.00880,3,12175,0,1419,0.05223,0.03144,0.60199,98,1,94.950,93,1,3,2595,185610,0,0,0.000,9.382,22.999,0,0.000,16.653,25.654,0,0,1,0,2
PPG,2,21433,858870536,126,170285,191439,191103.312,335.688,159.375,0,0,0,0,71.43,71.43,2,1,0,nan,2,2,53,1,1,25,25,0,0,0,859154671,0.04370,-0.00708,0.95703,0.95805,-0.00852,0.00238,-0.00034,0.00885,0.96231,0.00425,0.00885,2,21496,0,1420,0.05223,0.03144,0.60199,98,1,94.950,93,1,3,2629,185610,0,0,0.000,9.382,22.999,0,0.000,16.653,25.654,0,0,1,0,2
PPG,2,21434,858910536,124,170301,191444,191106.719,337.281,161.484,0,0,0,0,71.43,71.43,2,1,0,nan,2,2,53,1,1,26,26,0,0,0,859196411,0.04712,-0.00513,0.95654,0.95772,-0.00612,0.00132,-0.00034,0.00627,0.95909,0.00309,0.00846,3,12113,0,1420,0.05223,0.03144,0.60199,98,1,94.950,93,1,3,4295,185610,0,0,0.000,9.382,22.999,0,0.000,16.653,25.654,0,0,1,0,2
PPG,2,21435,858950536,216,170206,191268,191108.328,159.672,141.594,0,0,0,0,71.43,71.43,2,1,0,nan,2,2,53,1,1,27,27,0,0,0,859235437,0.04053,-0.00635,0.95386,0.95474,-0.00718,0.00238,-0.00061,0.00759,0.96275,0.00734,0.00759,3,12121,0,1420,0.05223,0.03144,0.60199,98,1,94.950,93,1,3,2597,185610,0,0,0.000,9.382,22.999,0,0.000,16.653,25.654,0,0,1,0,2
PPG,2,21436,858990536,124,170110,191133,191108.578,24.422,108.734,0,0,0,0,71.43,71.43,2,1,0,nan,2,2,53,1,1,28,28,0,0,0,859277048,0.03857,-0.00635,0.96094,0.96173,-0.00745,0.00158,-0.00007,0.00762,0.96173,0.00575,0.00853,3,12112,0,1420,0.05223,0.03144,0.60199,98,1,94.950,93,1,3,4301,185610,0,0,0.000,9.382,22.999,0,0.000,16.653,25.654,0,0,1,0,2
PPG,2,21437,859030536,119,170135,191156,191109.047,46.953,77.297,0,0,0,0,71.43,71.43,2,1,0,nan,2,2,53,1,1,29,29,0,0,0,859316006,0.04248,-0.00879,0.95923,0.96021,-0.00852,0.00158,0.00046,0.00867,0.96021,0.00338,0.00896,3,12153,0,1420,0.05223,0.03144,0.60199,98,1,94.950,93,1,3,2596,185610,0,0,0.000,9.382,22.999,0,0.000,16.653,25.654,0,0,1,0,2
PPG,2,21438,859070536,120,170167,191207,191110.031,96.969,49.109,0,0,0,0,71.43,71.43,2,1,0,nan,2,2,53,1,1,30,30,0,0,0,859357530,0.04126,-0.00708,0.95728,0.95819,-0.00798,0.00185,-0.00087,0.00824,0.95903,0.00144,0.00824,3,12105,0,1420,0.05223,0.03144,0.60199,98,1,94.950,93,1,3,4300,185610,0,0,0.000,9.382,22.999,0,0.000,16.653,25.654,0,0,1,0,2
PPG,2,21439,859110536,119,170192,191258,191111.516,146.484,20.844,0,0,0,0,71.43,71.43,2,1,0,nan,2,2,53,1,1,31,31,0,0,0,859396448,0.04370,-0.00366,0.95605,0.95706,-0.00825,0.00158,-0.00061,0.00842,0.96144,0.00438,0.00874,3,12119,0,1420,0.05223,0.03144,0.60199,98,1,94.950,93,1,3,4308,185610,0,0,0.000,9.382,22.999,0,0.000,16.653,25.654,0,0,1,0,2
PPG,2,21440,859150536,124,170232,191300,191113.406,186.594,-9.172,0,0,0,0,71.43,71.43,2,1,0,nan,2,2,53,1,1,0,0,0,0,0,859435458,0.04175,-0.00610,0.95581,0.95674,-0.00772,0.00158,-0.00114,0.00796,0.95978,0.00272,0.00904,3,12123,0,1420,0.05223,0.03144,0.60199,98,1,94.950,93,1,3,2599,185610,0,0,0.000,9.382,22.999,0,0.000,16.653,25.654,0,0,1,0,2
PPG,2,21441,859190536,119,170250,191334,191115.609,218.391,-36.375,0,0,0,0,71.43,71.43,2,1,0,nan,2,2,53,1,1,1,1,0,0,0,859476978,0.03979,-0.00513,0.95459,0.95543,-0.00718,0.00185,-0.00034,0.00743,0.95852,0.00373,0.00800,3,12126,0,1420,0.05223,0.03144,0.60199,98,1,94.950,93,1,3,4308,185610,0,0,0.000,9.382,22.999,0,0.000,16.653,25.654,0,0,1,0,2
PPG,2,21442,859230536,145,170260,191323,191117.688,205.312,-36.875,1,0,1,880,68.18,68.18,2,1,0,nan,2,2,53,1,1,2,2,0,0,0,859515911,0.04370,-0.00977,0.95972,0.96076,-0.00745,0.00132,-0.00007,0.00757,0.96374,0.00784,0.00787,3,12127,0,1420,0.05223,0.03144,0.60199,98,1,94.950,93,1,3,2595,185610,0,0,121.969,9.382,22.999,1,218.750,16.653,25.654,1,1,1,0,3
PPG,2,21443,859270536,123,170267,191335,191119.859,215.141,-15.812,0,0,0,0,68.18,68.18,2,1,0,nan,2,2,53,1,1,3,3,0,0,0,859557636,0.04028,-0.00708,0.96216,0.96303,-0.00852,0.00238,-0.00034,0.00885,0.96461,0.00784,0.00885,3,12128,0,1420,0.05223,0.03144,0.60199,98,1,94.950,93,1,3,4295,185610,0,0,0.000,9.502,23.537,0,0.000,16.824,26.113,0,0,1,0,3
PPG,2,21444,859310536,514,170270,191345,191122.109,222.891,5.328,0,0,0,0,68.18,68.18,2,1,0,nan,4,1,53,1,1,4,4,0,0,0,859596633,0.04468,-0.00684,0.96118,0.96224,-0.00798,0.00158,-0.00061,0.00816,0.96224,0.00856,0.00827,3,12118,0,1420,0.06945,0.04050,0.58322,99,1,95.419,125,1,3,4295,185610,0,0,0.000,9.502,23.537,0,0.000,16.824,26.113,0,0,1,0,3
PPG,2,21445,859350536,171,170265,191340,191124.281,215.719,18.781,0,0,0,0,68.18,68.18,2,1,0,nan,4,1,53,1,1,5,5,0,0,0,859636048,0.04346,-0.00562,0.96021,0.96120,-0.00798,0.00212,-0.00007,0.00826,0.96120,0.00655,0.00910,3,12145,0,1420,0.06945,0.04050,0.58322,99,1,95.419,125,1,3,2600,185610,0,0,0.000,9.502,23.537,0,0.000,16.824,26.113,0,0,1,0,3
PPG,2,21446,859390536,124,170295,191391,191126.953,264.047,29.078,0,0,0,0,68.18,68.18,2,1,0,nan,4,1,53,1,1,6,6,0,0,0,859677636,0.04321,-0.00415,0.95703,0.95802,-0.00745,0.00185,-0.00034,0.00768,0.96358,0.00678,0.00924,3,12128,0,1420,0.06945,0.04050,0.58322,99,1,95.419,125,1,3,4295,185610,0,0,0.000,9.502,23.537,0,0.000,16.824,26.113,0,0,1,0,3
PPG,2,21447,859430536,123,170341,191458,191130.266,327.734,41.016,0,0,0,0,68.18,68.18,2,1,0,nan,4,1,53,1,1,7,7,0,0,0,859716546,0.04468,-0.00781,0.95850,0.95957,-0.00692,0.00265,-0.00114,0.00749,0.96282,0.00481,0.00807,3,12104,0,1420,0.06945,0.04050,0.58322,99,1,95.419,125,1,3,4296,185610,0,0,0.000,9.502,23.537,0,0.000,16.824,26.113,0,0,1,0,3
PPG,2,21448,859470536,124,170379,191484,191133.797,350.203,52.375,0,0,0,0,68.18,68.18,2,1,0,nan,4,1,53,1,1,8,8,0,0,0,859755781,0.04541,-0.00854,0.96240,0.96351,-0.00852,0.00158,-0.00034,0.00867,0.96351,0.00622,0.00898,3,12276,0,1420,0.06945,0.04050,0.58322,99,1,95.419,125,1,3,2603,185610,0,0,0.000,9.502,23.537,0,0.000,16.824,26.113,0,0,1,0,3
PPG,2,21449,859510536,123,170370,191471,191137.172,333.828,65.172,0,0,0,0,68.18,68.18,2,1,0,nan,4,1,53,1,1,9,9,0,0,0,859797351,0.04297,-0.00586,0.95630,0.95728,-0.00852,0.00105,-0.00087,0.00862,0.96118,0.00249,0.00887,3,12168,0,1420,0.06945,0.04050,0.58322,99,1,95.419,125,1,3,4303,185610,0,0,0.000,9.502,23.537,0,0.000,16.824,26.113,0,0,1,0,3
PPG,2,21450,859550536,124,170310,191402,191139.812,262.188,70.656,0,0,0,0,68.18,68.18,2,1,0,nan,4,1,53,1,1,10,10,0,0,0,859836303,0.04736,-0.00391,0.95508,0.95626,-0.00692,0.00265,-0.00221,0.00773,0.96160,0.00534,0.00869,3,12146,0,1420,0.06945,0.04050,0.58322,99,1,95.419,125,1,3,2603,185610,0,0,0.000,9.502,23.537,0,0.000,16.824,26.113,0,0,1,0,3
PPG,2,21451,859590536,175,170255,191370,191142.109,227.891,73.531,0,0,0,0,68.18,68.18,2,1,0,nan,4,1,53,1,1,11,11,0,0,0,859878122,0.03955,-0.00586,0.96191,0.96274,-0.00825,0.00212,-0.00167,0.00868,0.96274,0.00580,0.00871,3,12119,0,1420,0.06945,0.04050,0.58322,99,1,95.419,125,1,3,4298,185610,0,0,0.000,9.502,23.537,0,0.000,16.824,26.113,0,0,1,0,3
PPG,2,21452,859630536,123,170250,191412,191144.812,267.188,83.359,0,0,0,0,68.18,68.18,2,1,0,nan,4,1,53,1,1,12,12,0,0,0,859917270,0.03857,-0.00684,0.95508,0.95588,-0.00718,0.00158,-0.00034,0.00736,0.95887,0.00387,0.00775,3,12131,0,1420,0.06945,0.04050,0.58322,99,1,95.419,125,1,3,4298,185610,0,0,0.000,9.502,23.537,0,0.000,16.824,26.113,0,0,1,0,3
PPG,2,21453,859670536,125,170254,191453,191147.891,305.109,91.516,0,0,0,0,68.18,68.18,2,1,0,nan,4,1,53,1,1,13,13,0,0,0,859956716,0.04419,-0.01025,0.95068,0.95177,-0.00772,0.00212,-0.00034,0.00801,0.95457,0.00306,0.00801,3,12258,0,1420,0.06945,0.04050,0.58322,99,1,95.419,125,1,3,4333,185610,0,0,0.000,9.502,23.537,0,0.000,16.824,26.113,0,0,1,0,3
PPG,2,21454,859710536,125,170269,191512,191151.531,360.469,95.828,0,0,0,0,68.18,68.18,2,1,0,nan,4,1,53,1,1,14,14,0,0,0,859996077,0.04150,-0.00293,0.96289,0.96379,-0.00692,0.00212,0.00019,0.00724,0.96379,0.00685,0.00828,3,12293,0,1420,0.06945,0.04050,0.58322,99,1,95.419,125,1,3,2625,185610,0,0,0.000,9.502,23.537,0,0.000,16.824,26.113,0,0,1,0,3
PPG,2,21455,859750536,186,170315,191588,191155.891,432.109,94.688,0,0,0,0,68.18,68.18,2,1,0,nan,4,1,53,1,1,15,15,0,0,0,860038084,0.04053,-0.00854,0.95801,0.95890,-0.00798,0.00185,-0.00167,0.00836,0.96108,0.00373,0.00938,3,12321,0,1420,0.06945,0.04050,0.58322,99,1,95.419,125,1,3,4330,185610,0,0,0.000,9.502,23.537,0,0.000,16.824,26.113,0,0,1,0,3
PPG,2,21456,859790536,146,170264,191509,191159.422,349.578,81.312,0,0,0,0,68.18,68.18,2,1,0,nan,4,1,53,1,1,16,16,0,0,0,860077542,0.04224,-0.00708,0.95483,0.95579,-0.00825,0.00132,-0.00087,0.00840,0.95682,0.00312,0.00880,3,12262,0,1420,0.06945,0.04050,0.58322,99,1,95.419,125,1,3,4330,185610,0,0,0.000,9.502,23.537,0,0.000,16.824,26.113,0,0,1,0,3
PPG,2,21457,859830536,130,170180,191312,191160.953,151.047,60.656,0,0,0,0,68.18,68.18,2,1,0,nan,4,1,53,1,1,17,17,0,0,0,860116932,0.04443,-0.00098,0.94336,0.94441,-0.00745,0.00292,-0.00034,0.00801,0.96307,0.01866,0.00851,3,12254,0,1420,0.06945,0.04050,0.58322,99,1,95.419,125,1,3,4339,185610,0,0,0.000,9.502,23.537,0,0.000,16.824,26.113,0,0,1,0,3
PPG,2,21458,859870536,131,170163,191279,191162.141,116.859,44.062,0,0,0,0,68.18,68.18,2,1,0,nan,4,1,53,1,1,18,18,0,0,0,860156022,0.03516,-0.00537,0.93774,0.93842,-0.00292,0.00718,-0.00087,0.00780,0.93842,0.01917,0.01236,2,24351,0,1421,0.06945,0.04050,0.58322,99,1,95.419,125,1,3,2624,185610,0,0,77.062,9.502,23.537,1,0.000,16.824,26.113,0,0,1,0,3
PPG,2,21459,859910536,130,170205,191321,191163.734,157.266,27.906,0,0,0,0,68.18,68.18,2,1,0,nan,4,1,53,1,1,19,19,0,0,0,860198098,0.03906,-0.00879,0.96313,0.96397,-0.01038,-0.00135,-0.00034,0.01047,0.96397,0.02106,0.01047,3,12262,0,1421,0.06945,0.04050,0.58322,99,1,95.419,125,1,3,4328,185610,0,0,0.000,9.502,23.537,0,0.000,16.824,26.113,0,0,1,0,3
PPG,2,21460,859950536,136,170250,191321,191165.312,155.688,8.000,0,0,0,0,68.18,68.18,2,1,0,nan,4,1,53,1,1,20,20,0,0,0,860237481,0.04736,-0.00562,0.96265,0.96383,-0.01251,-0.00348,-0.00114,0.01304,0.96383,0.00960,0.01304,3,12273,0,1421,0.06945,0.04050,0.58322,99,1,95.419,125,1,3,4352,185610,0,0,0.000,9.502,23.537,0,0.000,16.824,26.113,0,0,1,0,3
PPG,2,21461,859990536,133,170217,191325,191166.906,158.094,-18.266,0,0,0,0,68.18,68.18,2,1,0,nan,4,1,53,1,1,21,21,0,0,0,860276872,0.04297,-0.00903,0.95752,0.95853,-0.00852,-0.00135,0.00046,0.00863,0.95853,0.00652,0.01048,3,12197,0,1421,0.06945,0.04050,0.58322,99,1,95.419,125,1,3,4315,185610,0,0,0.000,9.502,23.537,0,0.000,16.824,26.113,0,0,1,0,3
PPG,2,21462,860030536,126,170182,191286,191168.094,117.906,-59.562,1,0,0,0,68.18,68.18,2,1,0,nan,4,1,53,1,1,22,22,0,0,0,860316134,0.04224,-0.00293,0.96167,0.96260,-0.01011,0.00079,-0.00061,0.01016,0.96260,0.00189,0.01016,3,12228,0,1421,0.06945,0.04050,0.58322,99,1,95.419,125,1,3,2634,185610,0,0,0.000,9.502,23.537,0,132.703,16.824,26.113,1,0,1,0,3
PPG,2,21463,860070536,123,170138,191227,191168.688,58.312,-94.438,0,0,0,0,68.18,68.18,2,1,0,nan,4,1,53,1,1,23,23,0,0,0,860358193,0.04663,-0.00610,0.96045,0.96160,-0.00878,-0.00001,-0.00034,0.00879,0.96387,0.00607,0.00995,3,12247,0,1421,0.06945,0.04050,0.58322,99,1,95.419,125,1,3,4332,185610,0,0,0.000,9.502,23.537,0,0.000,16.824,26.113,0,0,1,0,3
PPG,2,21464,860110536,124,170074,191142,191168.422,-26.422,-108.578,0,0,0,0,68.18,68.18,2,1,0,nan,4,1,53,1,1,24,24,0,0,0,860397564,0.04321,-0.00439,0.95508,0.95607,-0.00878,-0.00055,-0.00061,0.00882,0.96164,0.00557,0.00915,3,12257,0,1421,0.06945,0.04050,0.58322,99,1,95.419,125,1,3,4327,185610,0,0,0.000,9.502,23.537,0,0.000,16.824,26.113,0,0,1,0,3
PPG,2,21465,860150536,128,170022,191091,191167.641,-76.641,-122.984,0,0,0,0,68.18,68.18,2,1,0,nan,4,1,53,1,1,25,25,0,0,0,860436821,0.04517,-0.00635,0.95825,0.95934,-0.00878,0.00132,-0.00087,0.00892,0.95934,0.00250,0.00892,3,12245,0,1421,0.06945,0.04050,0.58322,99,1,95.419,125,1,3,4370,185610,0,0,0.000,9.502,23.537,0,0.000,16.824,26.113,0,0,1,0,3
PPG,2,21466,860190536,128,169982,191060,191166.562,-106.562,-143.734,0,0,0,0,68.18,68.18,2,1,0,nan,4,1,53,1,1,26,26,0,0,0,860476172,0.04565,-0.00928,0.95435,0.95548,-0.00825,0.00132,-0.00061,0.00838,0.96063,0.00269,0.00838,3,12242,0,1421,0.06945,0.04050,0.58322,99,1,95.419,125,1,3,2637,185610,0,0,0.000,9.502,23.537,0,0.000,16.824,26.113,0,0,1,0,3
PPG,2,21467,860230536,123,169964,191047,191165.359,-118.359,-162.312,0,0,0,0,68.18,68.18,2,1,0,nan,4,1,53,1,1,27,27,0,0,0,860518189,0.04297,-0.00635,0.95654,0.95753,-0.00905,0.00185,-0.00034,0.00924,0.96589,0.01041,0.00947,3,12242,0,1421,0.06945,0.04050,0.58322,99,1,95.419,125,1,3,4334,185610,0,0,0.000,9.502,23.537,0,0.000,16.824,26.113,0,0,1,0,3
PPG,2,21468,860270536,122,170002,191046,191164.172,-118.172,-180.281,0,0,0,0,68.18,68.18,2,1,0,nan,4,1,53,1,1,28,28,0,0,0,860557501,0.03955,-0.00806,0.94922,0.95008,-0.00692,-0.00001,-0.00061,0.00694,0.96367,0.00704,0.00750,3,12155,0,1421,0.06945,0.04050,0.58322,99,1,95.419,125,1,3,4297,185610,0,0,0.000,9.502,23.537,0,0.000,16.824,26.113,0,0,1,0,3
PPG,2,21469,860310536,506,169935,190987,191162.406,-175.406,-198.781,0,0,0,0,68.18,68.18,2,1,0,nan,4,1,53,1,1,29,29,0,0,0,860596594,0.04663,-0.00806,0.95898,0.96015,-0.00931,0.00425,-0.00034,0.01024,0.96015,0.00863,0.01024,3,12120,0,1421,0.08682,0.05681,0.65439,98,1,93.640,125,1,3,2598,185610,0,0,0.000,9.502,23.537,0,0.000,16.824,26.113,0,0,1,0,3
PPG,2,21470,860350536,172,170008,191088,191161.656,-73.656,-202.938,0,0,0,0,68.18,68.18,2,1,0,nan,4,1,53,1,1,30,30,0,0,0,860638586,0.04199,-0.00708,0.95825,0.95920,-0.00772,0.00079,-0.00167,0.00793,0.95920,0.00515,0.00859,3,12123,0,1421,0.08682,0.05681,0.65439,98,1,93.640,125,1,3,4299,185610,0,0,0.000,9.502,23.537,0,0.000,16.824,26.113,0,0,1,0,3
PPG,2,21471,860390536,123,170051,191136,191161.406,-25.406,-192.094,0,0,0,0,68.18,68.18,2,1,0,nan,4,1,53,1,1,31,31,0,0,0,860677666,0.04053,-0.00684,0.96069,0.96157,-0.00825,-0.00028,-0.00087,0.00830,0.96157,0.00369,0.00830,3,12120,0,1421,0.08682,0.05681,0.65439,98,1,93.640,125,1,3,4303,185610,0,0,0.000,9.502,23.537,0,0.000,16.824,26.113,0,0,1,0,3
PPG,2,21472,860430536,123,170009,191104,191160.828,-56.828,-174.844,0,0,0,0,68.18,68.18,2,1,0,nan,4,1,53,1,1,0,0,0,0,0,860716629,0.04199,-0.00537,0.95679,0.95772,-0.00905,0.00318,-0.00034,0.00960,0.95772,0.00445,0.00972,3,12125,0,1421,0.08682,0.05681,0.65439,98,1,93.640,125,1,3,2596,185610,0,0,0.000,9.502,23.537,0,0.000,16.824,26.113,0,0,1,0,3
PPG,2,21473,860470536,121,170011,191126,191160.484,-34.484,-149.062,0,0,0,0,68.18,68.18,2,1,0,nan,4,1,53,1,1,1,1,0,0,0,860758183,0.04517,-0.00806,0.95752,0.95862,-0.00692,0.00158,-0.00194,0.00736,0.96061,0.00925,0.00889,3,12152,0,1421,0.08682,0.05681,0.65439,98,1,93.640,125,1,3,4298,185610,0,0,0.000,9.502,23.537,0,0.000,16.824,26.113,0,0,1,0,3
PPG,2,21474,860510536,124,170034,191160,191160.484,-0.484,-115.328,0,0,0,0,68.18,68.18,2,1,0,nan,4,1,53,1,1,2,2,0,0,0,860797159,0.04321,-0.00195,0.96265,0.96362,-0.00825,0.00212,0.00019,0.00852,0.96362,0.00778,0.00852,3,12111,0,1421,0.08682,0.05681,0.65439,98,1,93.640,125,1,3,4298,185610,0,0,0.000,9.502,23.537,0,0.000,16.824,26.113,0,0,1,0,3
PPG,2,21475,860550536,122,170020,191145,191160.328,-15.328,-79.016,0,0,0,0,68.18,68.18,2,1,0,nan,4,1,53,1,1,3,3,0,0,0,860836105,0.04321,-0.00488,0.95435,0.95534,-0.00745,0.00345,0.00046,0.00822,0.96473,0.01282,0.00822,3,12123,0,1421,0.08682,0.05681,0.65439,98,1,93.640,125,1,3,2597,185610,0,0,0.000,9.502,23.537,0,0.000,16.824,26.113,0,0,1,0,3
PPG,2,21476,860590536,123,170008,191135,191160.078,-25.078,-39.188,0,0,0,0,68.18,68.18,2,1,0,nan,4,1,53,1,1,4,4,0,0,0,860877699,0.04565,-0.00684,0.96289,0.96400,-0.00798,0.00105,-0.00061,0.00807,0.96400,0.00821,0.00876,3,12122,0,1421,0.08682,0.05681,0.65439,98,1,93.640,125,1,3,4300,185610,0,0,0.000,9.502,23.537,0,0.000,16.824,26.113,0,0,1,0,3
PPG,2,21477,860630536,124,169989,191083,191159.312,-76.312,-28.453,0,0,0,0,68.18,68.18,2,1,0,nan,4,1,53,1,1,5,5,0,0,0,860916659,0.04004,-0.00562,0.95801,0.95886,-0.00692,0.00185,0.00019,0.00716,0.95886,0.01175,0.00762,3,12112,0,1421,0.08682,0.05681,0.65439,98,1,93.640,125,1,3,2595,185610,0,0,0.000,9.502,23.537,0,0.000,16.824,26.113,0,0,1,0,3
PPG,2,21478,860670536,124,170015,191167,191159.391,7.609,-18.422,0,0,0,0,68.18,68.18,2,1,0,nan,4,1,53,1,1,6,6,0,0,0,860958297,0.04663,-0.01172,0.96069,0.96190,-0.00985,0.00158,-0.00034,0.00998,0.96190,0.00229,0.00998,3,12158,0,1421,0.08682,0.05681,0.65439,98,1,93.640,125,1,3,4304,185610,0,0,0.000,9.502,23.537,0,0.000,16.824,26.113,0,0,1,0,3
PPG,2,21479,860710536,123,170087,191264,191160.438,103.562,7.281,0,0,0,0,68.18,68.18,2,1,0,nan,4,1,53,1,1,7,7,0,0,0,860997245,0.04077,-0.00488,0.95654,0.95742,-0.00745,0.00238,-0.00194,0.00806,0.96496,0.00754,0.00913,3,12122,0,1421,0.08682,0.05681,0.65439,98,1,93.640,125,1,3,4308,185610,0,0,0.000,9.502,23.537,0,0.000,16.824,26.113,0,0,1,0,3
PPG,2,21480,860750536,124,170167,191337,191162.203,174.797,36.625,0,0,0,0,68.18,68.18,2,1,0,nan,4,1,53,1,1,8,8,0,0,0,861036268,0.04663,-0.00537,0.95898,0.96013,-0.00718,0.00185,-0.00061,0.00744,0.96214,0.00799,0.00853,3,12129,0,1421,0.08682,0.05681,0.65439,98,1,93.640,125,1,3,2597,185610,0,0,0.000,9.502,23.537,0,0.000,16.824,26.113,0,0,1,0,3
PPG,2,21481,860790536,153,170217,191432,191164.906,267.094,70.125,0,0,0,0,68.18,68.18,2,1,0,nan,4,1,53,1,1,9,9,0,0,0,861078106,0.04102,-0.00854,0.95923,0.96014,-0.00931,0.00052,0.00019,0.00933,0.96139,0.00319,0.00933,3,12292,0,1421,0.08682,0.05681,0.65439,98,1,93.640,125,1,3,4382,185610,0,0,0.000,9.502,23.537,0,0.000,16.824,26.113,0,0,1,0,3
PPG,2,21482,860830536,123,170224,191450,191167.750,282.250,105.516,0,0,0,0,68.18,68.18,2,1,0,nan,4,1,53,1,1,10,10,0,0,0,861117314,0.03613,-0.00586,0.95386,0.95456,-0.00931,0.00238,-0.00141,0.00972,0.96005,0.00532,0.01095,3,12171,0,1421,0.08682,0.05681,0.65439,98,1,93.640,125,1,3,4317,185610,0,0,0.000,9.502,23.537,0,0.000,16.824,26.113,0,0,1,0,3
PPG,2,21483,860870536,127,170236,191433,191170.406,262.594,137.766,0,0,0,0,68.18,68.18,2,1,0,nan,4,1,53,1,1,11,11,0,0,0,861156038,0.04443,-0.00098,0.95752,0.95855,-0.00905,0.00292,-0.00167,0.00965,0.95855,0.00270,0.00965,2,24066,0,1422,0.08682,0.05681,0.65439,98,1,93.640,125,1,3,2619,185610,0,0,0.000,9.502,23.537,0,0.000,16.824,26.113,0,0,1,0,3
PPG,2,21484,860910536,126,170275,191461,191173.312,287.688,175.828,0,0,0,0,68.18,68.18,2,1,0,nan,4,1,53,1,1,12,12,0,0,0,861197774,0.04346,-0.00562,0.95825,0.95925,-0.00745,0.00158,-0.00167,0.00780,0.96180,0.00345,0.00845,3,12220,0,1422,0.08682,0.05681,0.65439,98,1,93.640,125,1,3,4294,185610,0,0,0.000,9.502,23.537,0,0.000,16.824,26.113,0,0,1,0,3
PPG,2,21485,860950536,124,170292,191498,191176.562,321.438,202.766,0,0,0,0,68.18,68.18,2,1,0,nan,4,1,53,1,1,13,13,0,0,0,861236960,0.04028,-0.01025,0.95752,0.95842,-0.00798,0.00158,-0.00167,0.00831,0.96250,0.00490,0.00926,3,12116,0,1422,0.08682,0.05681,0.65439,98,1,93.640,125,1,3,4303,185610,0,0,0.000,9.502,23.537,0,0.000,16.824,26.113,0,0,1,0,3
PPG,2,21486,860990536,133,170324,191553,191180.328,372.672,219.406,0,0,0,0,68.18,68.18,2,1,0,nan,4,1,53,1,1,14,14,0,0,0,861276430,0.04663,-0.01270,0.95825,0.95947,-0.00745,0.00052,-0.00114,0.00755,0.96035,0.00530,0.00790,3,12240,0,1422,0.08682,0.05681,0.65439,98,1,93.640,125,1,3,2626,185610,0,0,0.000,9.502,23.537,0,0.000,16.824,26.113,0,0,1,0,3
PPG,2,21487,861030536,172,170274,191531,191183.828,347.172,222.922,0,0,0,0,68.18,68.18,2,1,0,nan,4,1,53,1,1,15,15,0,0,0,861318364,0.04663,-0.00488,0.96313,0.96428,-0.00798,0.00079,-0.00114,0.00810,0.96428,0.00452,0.00879,3,12260,0,1422,0.08682,0.05681,0.65439,98,1,93.640,125,1,3,4344,185610,0,0,0.000,9.502,23.537,0,0.000,16.824,26.113,0,0,1,0,3
PPG,2,21488,861070536,173,170223,191502,191187.016,314.984,210.125,0,1,0,0,68.18,68.18,2,1,0,nan,4,1,53,1,1,16,16,0,0,0,861357700,0.04175,-0.01123,0.95581,0.95679,-0.00798,0.00452,-0.00087,0.00921,0.95914,0.00513,0.00921,3,12244,0,1422,0.08682,0.05681,0.65439,98,1,93.640,125,1,3,4337,185610,0,0,0.000,9.502,23.537,0,0.000,16.824,26.113,0,0,1,0,3
PPG,2,21489,861110536,129,170261,191581,191190.953,390.047,199.125,0,0,0,0,68.18,68.18,2,1,0,nan,4,1,53,1,1,17,17,0,0,0,861397085,0.03979,-0.00317,0.95825,0.95908,-0.00692,0.00025,-0.00034,0.00693,0.95916,0.00205,0.00791,3,12292,0,1422,0.08682,0.05681,0.65439,98,1,93.640,125,1,3,4347,185610,0,0,0.000,9.502,23.537,0,0.000,16.824,26.113,0,0,1,0,3
PPG,2,21490,861150536,130,170277,191591,191194.953,396.047,196.547,0,0,0,0,68.18,68.18,2,1,0,nan,4,1,53,1,1,18,18,0,0,0,861436334,0.04297,-0.00684,0.95532,0.95631,-0.00852,0.00132,-0.00141,0.00873,0.96077,0.00445,0.00873,3,12192,0,1422,0.08682,0.05681,0.65439,98,1,93.640,125,1,3,2635,185610,0,0,0.000,9.502,23.537,0,0.000,16.824,26.113,0,0,1,0,3
PPG,2,21491,861190536,122,170232,191569,191198.688,370.312,190.328,0,0,0,0,68.18,68.18,2,1,0,nan,4,1,53,1,1,19,19,0,0,0,861478318,0.04346,-0.00903,0.95264,0.95367,-0.00852,0.00238,-0.00007,0.00884,0.95808,0.00556,0.00997,3,12293,0,1422,0.08682,0.05681,0.65439,98,1,93.640,125,1,3,4362,185610,0,0,0.000,9.502,23.537,0,0.000,16.824,26.113,0,0,1,0,3
PPG,2,21492,861230536,126,170214,191551,191202.203,348.797,175.547,0,0,0,0,68.18,68.18,2,1,0,nan,4,1,53,1,1,20,20,0,0,0,861517693,0.04590,-0.00391,0.96021,0.96131,-0.00825,0.00238,-0.00194,0.00880,0.96161,0.00794,0.00905,3,12244,0,1422,0.08682,0.05681,0.65439,98,1,93.640,125,1,3,4321,185610,0,0,0.000,9.502,23.537,0,0.000,16.824,26.113,0,0,1,0,3
PPG,2,21493,861270536,156,170191,191510,191205.281,304.719,150.203,0,0,0,0,68.18,68.18,2,1,0,nan,4,1,53,1,1,21,21,0,0,0,861557001,0.04346,-0.00928,0.95776,0.95879,-0.00745,0.00238,-0.00034,0.00783,0.95879,0.00563,0.00800,3,12247,0,1422,0.08682,0.05681,0.65439,98,1,93.640,125,1,3,4332,185610,0,0,0.000,9.502,23.537,0,0.000,16.824,26.113,0,0,1,0,3
PPG,2,21494,861310536,522,170130,191399,191207.219,191.781,119.406,0,0,0,0,68.18,68.18,2,1,0,nan,4,1,53,1,1,22,22,0,0,0,861596424,0.04126,-0.00537,0.95581,0.95672,-0.00718,0.00185,-0.00007,0.00742,0.95961,0.00211,0.00822,3,12215,0,1422,0.09594,0.06257,0.65218,91,1,93.695,93,1,3,2618,185610,0,0,302.766,9.502,23.537,1,0.000,16.824,26.113,0,0,1,0,3
PPG,2,21495,861350536,190,170075,191266,191207.812,58.188,79.625,1,0,1,0,0.00,nan,1,2,0,nan,4,1,53,1,1,23,23,0,0,0,861638747,0.04419,-0.00488,0.95337,0.95441,-0.00931,0.00265,-0.00034,0.00969,0.95694,0.00263,0.00969,3,12229,0,1422,0.09594,0.06257,0.65218,91,1,93.695,93,1,6,4334,185610,0,0,0.000,9.502,23.537,0,425.859,16.824,26.113,1,1,1,0,1
PPG,2,21496,861390536,118,170055,191215,191207.891,7.109,23.344,0,0,0,0,0.00,nan,1,2,0,nan,4,1,53,1,1,24,24,0,0,0,861678195,0.03906,-0.00757,0.95752,0.95835,-0.00798,0.00132,-0.00034,0.00810,0.95848,0.00407,0.00871,3,12267,0,1422,0.09594,0.06257,0.65218,91,1,93.695,93,1,6,4338,185610,0,0,0.000,10.737,29.066,0,0.000,18.269,29.986,0,0,1,0,1
PPG,2,21497,861430536,117,170057,191250,191208.312,41.688,-33.719,0,0,0,0,0.00,nan,1,2,0,nan,4,1,53,1,1,25,25,0,0,0,861717435,0.04346,-0.01172,0.95703,0.95809,-0.00852,0.00292,0.00019,0.00900,0.96526,0.01019,0.00900,3,12247,0,1422,0.09594,0.06257,0.65218,91,1,93.695,93,1,6,4337,185610,0,0,0.000,10.737,29.066,0,0.000,18.269,29.986,0,0,1,0,1
PPG,2,21498,861470536,120,170067,191272,191208.953,63.047,-81.391,0,0,0,0,0.00,nan,1,2,0,nan,4,1,53,1,1,26,26,0,0,0,861756731,0.04419,-0.00537,0.95410,0.95514,-0.00798,0.00185,-0.00007,0.00819,0.96764,0.01250,0.00852,3,12230,0,1422,0.09594,0.06257,0.65218,91,1,93.695,93,1,6,2635,185610,0,0,0.000,10.737,29.066,0,0.000,18.269,29.986,0,0,1,0,1
PPG,2,21499,861510536,118,170086,191292,191209.781,82.219,-119.797,0,0,0,0,0.00,nan,1,2,0,nan,4,1,53,1,1,27,27,0,0,0,861798587,0.04370,-0.00854,0.95581,0.95685,-0.00745,0.00212,-0.00007,0.00775,0.96103,0.00459,0.00904,3,12212,0,1422,0.09594,0.06257,0.65218,91,1,93.695,93,1,6,4326,185610,0,0,0.000,10.737,29.066,0,0.000,18.269,29.986,0,0,1,0,1
PPG,2,21500,861550536,118,170105,191314,191210.828,103.172,-146.641,0,0,0,0,0.00,nan,1,2,0,nan,4,1,53,1,1,28,28,0,0,0,861837816,0.04712,-0.00952,0.96362,0.96482,-0.00692,0.00132,0.00073,0.00708,0.96482,0.00357,0.00822,3,12242,0,1422,0.09594,0.06257,0.65218,91,1,93.695,93,1,6,4343,185610,0,0,0.000,10.737,29.066,0,0.000,18.269,29.986,0,0,1,0,1
PPG,2,21501,861590536,118,170061,191252,191211.234,40.766,-158.641,0,0,0,0,0.00,nan,1,2,0,nan,4,1,53,1,1,29,29,0,0,0,861877018,0.03882,-0.00854,0.95557,0.95639,-0.00745,0.00132,-0.00221,0.00788,0.95938,0.00544,0.00882,3,12199,0,1422,0.09594,0.06257,0.65218,91,1,93.695,93,1,6,2596,185610,0,0,0.000,10.737,29.066,0,0.000,18.269,29.986,0,0,1,0,1
PPG,2,21502,861630536,118,170047,191202,191211.141,-9.141,-155.375,0,0,0,0,0.00,nan,1,2,0,nan,4,1,53,1,1,30,30,0,0,0,861918711,0.04639,-0.00806,0.95703,0.95819,-0.00852,0.00292,-0.00034,0.00901,0.95947,0.00308,0.00930,3,12129,0,1422,0.09594,0.06257,0.65218,91,1,93.695,93,1,6,4299,185610,0,0,0.000,10.737,29.066,0,0.000,18.269,29.986,0,0,1,0,1
PPG,2,21503,861670536,118,170105,191236,191211.391,24.609,-142.531,0,0,0,0,0.00,nan,1,2,0,nan,4,1,53,1,1,31,31,0,0,0,861957646,0.04785,-0.00757,0.95337,0.95460,-0.00852,0.00318,-0.00114,0.00916,0.95931,0.00526,0.00916,3,12116,0,1422,0.09594,0.06257,0.65218,91,1,93.695,93,1,6,4296,185610,0,0,0.000,10.737,29.066,0,0.000,18.269,29.986,0,0,1,0,1
PPG,2,21504,861710536,118,170171,191336,191212.641,123.359,-124.000,0,0,0,0,0.00,nan,1,2,0,nan,4,1,53,1,1,0,0,0,0,0,861996629,0.04443,-0.00806,0.95605,0.95712,-0.00745,0.00079,0.00019,0.00749,0.96488,0.00776,0.00749,3,12161,0,1422,0.09594,0.06257,0.65218,91,1,93.695,93,1,6,2598,185610,0,0,0.000,10.737,29.066,0,0.000,18.269,29.986,0,0,1,0,1
PPG,2,21505,861750536,121,170181,191364,191214.156,149.844,-104.156,0,0,0,0,0.00,nan,1,2,0,nan,4,1,53,1,1,1,1,0,0,0,862038142,0.04736,-0.00684,0.95605,0.95725,-0.00852,0.00132,-0.00007,0.00862,0.95817,0.00437,0.00915,3,12127,0,1422,0.09594,0.06257,0.65218,91,1,93.695,93,1,6,4297,185610,0,0,0.000,10.737,29.066,0,0.000,18.269,29.986,0,0,1,0,1
PPG,2,21506,861790536,118,170191,191369,191215.703,153.297,-83.953,0,0,0,0,0.00,nan,1,2,0,nan,4,1,53,1,1,2,2,0,0,0,862077025,0.04492,-0.00464,0.95410,0.95517,-0.00772,0.00158,-0.00087,0.00793,0.96119,0.00863,0.00916,3,12121,0,1422,0.09594,0.06257,0.65218,91,1,93.695,93,1,6,2611,185610,0,0,0.000,10.737,29.066,0,0.000,18.269,29.986,0,0,1,0,1
PPG,2,21507,861830536,118,170224,191402,191217.562,184.438,-64.938,0,0,0,0,0.00,nan,1,2,0,nan,4,1,53,1,1,3,3,0,0,0,862118608,0.04346,-0.00513,0.95898,0.95998,-0.00798,0.00158,-0.00034,0.00815,0.96318,0.00801,0.00876,3,12138,0,1422,0.09594,0.06257,0.65218,91,1,93.695,93,1,6,4298,185610,0,0,0.000,10.737,29.066,0,0.000,18.269,29.986,0,0,1,0,1
PPG,2,21508,861870536,136,170301,191465,191220.031,244.969,-32.656,0,0,0,0,0.00,nan,1,2,0,nan,4,1,53,2,2,5,5,0,0,0,862223135,0.04224,-0.00806,0.96094,0.96190,-0.00772,0.00238,-0.00114,0.00816,0.96190,0.00397,0.00883,3,65749,0,1428,0.09594,0.06257,0.65218,91,1,93.695,93,1,6,65704,185610,0,0,0.000,10.737,29.066,0,0.000,18.269,29.986,0,0,1,0,1
PPG,2,21509,861910536,32,170297,191493,191222.766,270.234,13.312,0,0,0,0,0.00,nan,1,2,0,nan,4,1,53,2,2,5,5,0,0,0,862223135,0.04224,-0.00806,0.96094,0.96190,-0.00772,0.00238,-0.00114,0.00816,0.00000,0.00000,0.00000,0,65749,0,1428,0.09594,0.06257,0.65218,91,1,93.695,93,1,6,65704,185610,0,0,0.000,10.737,29.066,0,0.000,18.269,29.986,0,0,1,0,1
PPG,2,21510,861950536,122,170341,191552,191226.062,325.938,60.406,0,0,0,0,0.00,nan,1,2,0,nan,4,1,53,1,1,6,6,0,0,0,862236560,0.04248,-0.00586,0.95776,0.95872,-0.00825,0.00238,-0.00167,0.00875,0.95872,0.00318,0.00875,1,13425,0,1428,0.09594,0.06257,0.65218,91,1,93.695,93,1,6,10063,185610,0,0,0.000,10.737,29.066,0,0.000,18.269,29.986,0,0,1,0,1
PPG,2,21511,861990536,118,170393,191602,191229.828,372.172,96.766,0,0,0,0,0.00,nan,1,2,0,nan,4,1,53,1,1,7,7,0,0,0,862281204,0.04614,-0.00366,0.95898,0.96010,-0.00772,0.00238,-0.00141,0.00820,0.96303,0.00431,0.00904,3,12144,0,1429,0.09594,0.06257,0.65218,91,1,93.695,93,1,6,2589,185610,0,0,0.000,10.737,29.066,0,0.000,18.269,29.986,0,0,1,0,1
PPG,2,21512,862030536,119,170376,191621,191233.734,387.266,129.984,0,0,0,0,0.00,nan,1,2,0,nan,4,1,53,1,1,8,8,0,0,0,862317515,0.04419,-0.00635,0.96045,0.96149,-0.00745,0.00265,0.00019,0.00791,0.96237,0.00483,0.00791,3,12110,0,1429,0.09594,0.06257,0.65218,91,1,93.695,93,1,6,4294,185610,0,0,0.000,10.737,29.066,0,0.000,18.269,29.986,0,0,1,0,1
PPG,2,21513,862070536,118,170336,191495,191236.344,258.656,148.734,0,0,0,0,0.00,nan,1,2,0,nan,4,1,53,1,1,9,9,0,0,0,862356431,0.04785,-0.00415,0.96021,0.96141,-0.00878,0.00132,-0.00141,0.00899,0.96141,0.00643,0.00899,3,12136,0,1429,0.09594,0.06257,0.65218,91,1,93.695,93,1,6,2595,185610,0,0,0.000,10.737,29.066,0,0.000,18.269,29.986,0,0,1,0,1
PPG,2,21514,862110536,215,170269,191394,191237.922,156.078,147.828,0,0,0,0,0.00,nan,1,2,0,nan,4,1,53,1,1,10,10,0,0,0,862397976,0.04443,-0.00781,0.95313,0.95419,-0.00878,0.00185,-0.00194,0.00918,0.96280,0.00861,0.00934,3,12156,0,1429,0.09594,0.06257,0.65218,91,1,93.695,93,1,6,4306,185610,0,0,0.000,10.737,29.066,0,0.000,18.269,29.986,0,0,1,0,1
PPG,2,21515,862150536,121,170248,191377,191239.312,137.688,129.703,0,1,0,0,0.00,nan,1,2,0,nan,4,1,53,1,1,11,11,0,0,0,862436982,0.04102,-0.00464,0.95386,0.95475,-0.00745,0.00185,-0.00061,0.00770,0.95696,0.00238,0.00903,3,12128,0,1429,0.09594,0.06257,0.65218,91,1,93.695,93,1,6,2599,185610,0,0,0.000,10.737,29.066,0,0.000,18.269,29.986,0,0,1,0,1
PPG,2,21516,862190536,118,170234,191360,191240.516,119.484,103.453,0,0,0,0,0.00,nan,1,2,0,nan,4,1,53,1,1,12,12,0,0,0,862478607,0.04492,-0.00171,0.95801,0.95906,-0.00852,0.00105,-0.00061,0.00860,0.95906,0.00182,0.00892,3,12130,0,1429,0.09594,0.06257,0.65218,91,1,93.695,93,1,6,4299,185610,0,0,0.000,10.737,29.066,0,0.000,18.269,29.986,0,0,1,0,1
PPG,2,21517,862230536,117,170198,191348,191241.594,106.406,69.422,0,0,0,0,0.00,nan,1,2,0,nan,4,1,53,1,1,13,13,0,0,0,862517524,0.04321,-0.00830,0.95508,0.95609,-0.00798,0.00265,-0.00034,0.00842,0.96178,0.00322,0.00842,3,12119,0,1429,0.09594,0.06257,0.65218,91,1,93.695,93,1,6,4298,185610,0,0,0.000,10.737,29.066,0,0.000,18.269,29.986,0,0,1,0,1
PPG,2,21518,862270536,117,170191,191338,191242.562,95.438,28.406,0,0,0,0,0.00,nan,1,2,0,nan,4,1,53,1,1,14,14,0,0,0,862556442,0.04565,-0.00439,0.95410,0.95520,-0.00745,0.00185,-0.00141,0.00780,0.95901,0.00380,0.00806,3,12136,0,1429,0.09594,0.06257,0.65218,91,1,93.695,93,1,6,2594,185610,0,0,0.000,10.737,29.066,0,0.000,18.269,29.986,0,0,1,0,1
PPG,2,21519,862310536,512,170140,191329,191243.422,85.578,-15.172,0,0,0,0,0.00,nan,1,2,0,nan,4,1,53,1,1,15,15,0,0,0,862598086,0.04150,-0.01123,0.95239,0.95336,-0.00692,0.00238,-0.00007,0.00732,0.96322,0.00985,0.00859,3,12183,0,1429,0.07788,0.06234,0.80042,83,1,89.990,93,1,6,4311,185610,0,0,0.000,10.737,29.066,0,0.000,18.269,29.986,0,0,1,0,1
PPG,2,21520,862350536,167,170076,191281,191243.797,37.203,-44.078,0,0,0,0,0.00,nan,1,2,0,nan,4,1,53,1,1,16,16,0,0,0,862637466,0.04248,-0.00708,0.95654,0.95751,-0.00772,0.00212,-0.00141,0.00812,0.96468,0.00860,0.00822,3,12141,0,1429,0.07788,0.06234,0.80042,83,1,89.990,93,1,6,4301,185610,0,0,0.000,10.737,29.066,0,0.000,18.269,29.986,0,0,1,0,1
PPG,2,21521,862390536,146,170075,191300,191244.359,55.641,-59.922,1,0,1,1060,56.60,56.60,2,1,0,nan,4,1,53,1,1,17,17,0,0,0,862676443,0.04321,-0.01099,0.95679,0.95783,-0.00798,0.00158,-0.00061,0.00816,0.95968,0.00395,0.00886,3,12137,0,1429,0.07788,0.06234,0.80042,83,1,89.990,93,1,3,2594,185610,0,0,254.719,10.737,29.066,1,307.375,18.269,29.986,1,1,1,0,2
PPG,2,21522,862430536,121,170116,191390,191245.812,144.188,-67.453,0,0,0,0,56.60,56.60,2,1,0,nan,4,1,53,1,1,18,18,0,0,0,862718092,0.04517,-0.00635,0.95996,0.96104,-0.00825,0.00345,-0.00114,0.00901,0.96269,0.00487,0.00901,3,12133,0,1429,0.07788,0.06234,0.80042,83,1,89.990,93,1,3,4314,185610,0,0,0.000,11.517,32.559,0,0.000,18.792,31.389,0,0,1,0,2
PPG,2,21523,862470536,121,170151,191469,191248.047,220.953,-63.531,0,0,0,0,56.60,56.60,2,1,0,nan,4,1,53,1,1,19,19,0,0,0,862757136,0.04346,-0.00635,0.95386,0.95487,-0.00825,0.00185,-0.00167,0.00862,0.96286,0.00459,0.00950,3,12140,0,1429,0.07788,0.06234,0.80042,83,1,89.990,93,1,3,2599,185610,0,0,0.000,11.517,32.559,0,0.000,18.792,31.389,0,0,1,0,2
PPG,2,21524,862510536,119,170194,191485,191250.422,234.578,-51.422,0,0,0,0,56.60,56.60,2,1,0,nan,4,1,53,1,1,20,20,0,0,0,862798727,0.04150,-0.00610,0.95972,0.96063,-0.00745,0.00132,-0.00034,0.00757,0.96063,0.00320,0.00760,3,12133,0,1429,0.07788,0.06234,0.80042,83,1,89.990,93,1,3,4314,185610,0,0,0.000,11.517,32.559,0,0.000,18.792,31.389,0,0,1,0,2
PPG,2,21525,862550536,120,170204,191505,191252.969,252.031,-34.609,0,0,0,0,56.60,56.60,2,1,0,nan,4,1,53,1,1,21,21,0,0,0,862837666,0.04712,-0.00586,0.95508,0.95626,-0.00852,0.00292,-0.00034,0.00901,0.96063,0.00491,0.00947,3,12118,0,1429,0.07788,0.06234,0.80042,83,1,89.990,93,1,3,4303,185610,0,0,0.000,11.517,32.559,0,0.000,18.792,31.389,0,0,1,0,2
PPG,2,21526,862590536,119,170206,191511,191255.547,255.453,-15.703,0,0,0,0,56.60,56.60,2,1,0,nan,4,1,53,1,1,22,22,0,0,0,862876612,0.04395,-0.01074,0.95508,0.95615,-0.00852,0.00265,0.00046,0.00893,0.96101,0.00475,0.00893,3,12118,0,1429,0.07788,0.06234,0.80042,83,1,89.990,93,1,3,2597,185610,0,0,0.000,11.517,32.559,0,0.000,18.792,31.389,0,0,1,0,2
PPG,2,21527,862630536,120,170202,191526,191258.250,267.750,13.094,0,0,0,0,56.60,56.60,2,1,0,nan,4,1,53,1,1,23,23,0,0,0,862918219,0.04468,-0.00806,0.95654,0.95762,-0.00798,0.00212,-0.00194,0.00848,0.96217,0.00455,0.00861,3,12123,0,1429,0.07788,0.06234,0.80042,83,1,89.990,93,1,3,4296,185610,0,0,0.000,11.517,32.559,0,0.000,18.792,31.389,0,0,1,0,2
PPG,2,21528,862670536,119,170230,191558,191261.250,296.750,45.297,0,0,0,0,56.60,56.60,2,1,0,nan,4,1,53,1,1,24,24,0,0,0,862957139,0.04419,-0.00830,0.95898,0.96004,-0.00852,0.00158,-0.00087,0.00871,0.96005,0.00243,0.00931,3,12114,0,1429,0.07788,0.06234,0.80042,83,1,89.990,93,1,3,2599,185610,0,0,0.000,11.517,32.559,0,0.000,18.792,31.389,0,0,1,0,2
PPG,2,21529,862710536,120,170233,191587,191264.500,322.500,68.734,0,0,0,0,56.60,56.60,2,1,0,nan,4,1,53,1,1,25,25,0,0,0,862998670,0.04639,-0.00659,0.95972,0.96086,-0.00798,0.00212,-0.00087,0.00830,0.96420,0.00547,0.00867,3,12111,0,1429,0.07788,0.06234,0.80042,83,1,89.990,93,1,3,4302,185610,0,0,0.000,11.517,32.559,0,0.000,18.792,31.389,0,0,1,0,2
PPG,2,21530,862750536,119,170217,191529,191267.141,261.859,78.469,0,0,0,0,56.60,56.60,2,1,0,nan,4,1,53,1,1,26,26,0,0,0,863037940,0.04077,-0.00903,0.95923,0.96014,-0.00772,0.00238,-0.00087,0.00812,0.96014,0.00153,0.00867,3,12295,0,1429,0.07788,0.06234,0.80042,83,1,89.990,93,1,3,4301,185610,0,0,0.000,11.517,32.559,0,0.000,18.792,31.389,0,0,1,0,2
PPG,2,21531,862790536,169,170156,191366,191268.125,97.875,73.266,0,0,0,0,56.60,56.60,2,1,0,nan,4,1,53,1,1,27,27,0,0,0,863076917,0.04272,-0.00781,0.95703,0.95802,-0.00772,0.00372,-0.00141,0.00868,0.96247,0.00295,0.00902,3,12164,0,1429,0.07788,0.06234,0.80042,83,1,89.990,93,1,3,2595,185610,0,0,0.000,11.517,32.559,0,0.000,18.792,31.389,0,0,1,0,2
PPG,2,21532,862830536,167,170080,191235,191267.797,-32.797,53.984,0,0,0,0,56.60,56.60,2,1,0,nan,4,1,53,1,1,28,28,0,0,0,863118540,0.04907,-0.00854,0.95605,0.95735,-0.00718,0.00185,-0.00087,0.00747,0.96162,0.00427,0.00837,3,12152,0,1429,0.07788,0.06234,0.80042,83,1,89.990,93,1,3,4297,185610,0,0,0.000,11.517,32.559,0,0.000,18.792,31.389,0,0,1,0,2
PPG,2,21533,862870536,129,169989,191140,191266.516,-126.516,18.734,0,0,0,0,56.60,56.60,2,1,0,nan,4,1,53,1,1,29,29,0,0,0,863157454,0.04541,-0.00708,0.96045,0.96155,-0.00852,0.00185,-0.00141,0.00883,0.96155,0.00265,0.00883,2,24209,0,1430,0.07788,0.06234,0.80042,83,1,89.990,93,1,3,2602,185610,0,0,0.000,11.517,32.559,0,0.000,18.792,31.389,0,0,1,0,2
PPG,2,21534,862910536,123,169970,191119,191265.047,-146.047,-25.656,0,0,0,0,56.60,56.60,2,1,0,nan,4,1,53,1,1,30,30,0,0,0,863199257,0.04248,-0.00537,0.96094,0.96189,-0.00772,0.00212,-0.00087,0.00805,0.96189,0.00340,0.00980,3,12131,0,1430,0.07788,0.06234,0.80042,83,1,89.990,93,1,3,4304,185610,0,0,0.000,11.517,32.559,0,0.000,18.792,31.389,0,0,1,0,2
PPG,2,21535,862950536,152,169941,191065,191263.047,-198.047,-80.469,0,0,0,0,56.60,56.60,2,1,0,nan,4,1,53,1,1,31,31,0,0,0,863238254,0.04419,-0.00488,0.96021,0.96123,-0.00692,0.00372,-0.00114,0.00793,0.96123,0.00328,0.00871,3,12125,0,1430,0.07788,0.06234,0.80042,83,1,89.990,93,1,3,4395,185610,0,0,0.000,11.517,32.559,0,0.000,18.792,31.389,0,0,1,0,2
PPG,2,21536,862990536,123,169603,190634,191256.750,-622.750,-180.328,0,0,0,0,56.60,56.60,2,1,0,nan,4,1,53,1,1,0,0,0,0,0,863277813,0.03882,-0.00757,0.95630,0.95712,-0.00798,0.00611,-0.00061,0.01007,0.96325,0.01016,0.01245,3,12254,0,1430,0.07788,0.06234,0.80042,83,1,89.990,93,1,3,4349,185610,0,0,0.000,11.517,32.559,0,0.000,18.792,31.389,0,0,1,0,2
PPG,2,21537,863030536,126,168588,189457,191238.750,-1781.750,-381.781,0,0,0,0,56.60,56.60,2,1,0,nan,4,1,53,1,1,1,1,0,0,0,863317249,0.04175,-0.00513,0.96387,0.96478,-0.00798,0.00158,-0.00061,0.00816,0.96478,0.00555,0.00830,3,12327,0,1430,0.07788,0.06234,0.80042,83,1,89.990,93,1,3,2628,185610,0,0,0.000,11.517,32.559,0,0.000,18.792,31.389,0,0,1,0,2
PPG,2,21538,863070536,122,167731,188540,191211.766,-2671.766,-645.578,1,0,0,0,56.60,56.60,2,1,0,nan,4,1,53,1,1,2,2,0,0,0,863359152,0.03931,-0.01001,0.95972,0.96057,-0.00772,0.00132,-0.00141,0.00795,0.96057,0.00695,0.00883,3,12237,0,1430,0.07788,0.06234,0.80042,83,1,89.990,93,1,3,4332,185610,0,0,0.000,11.517,32.559,0,145.922,18.792,31.389,1,0,1,0,2
PPG,2,21539,863110536,152,167575,188370,191183.344,-2813.344,-906.922,0,0,1,700,56.60,56.60,2,1,0,nan,4,1,53,1,1,3,3,0,0,0,863398460,0.04199,-0.00708,0.95703,0.95798,-0.00772,0.00318,0.00019,0.00835,0.96304,0.00506,0.00841,3,12252,0,1430,0.07788,0.06234,0.80042,83,1,89.990,93,1,3,4343,185610,0,0,96.141,11.517,32.559,1,0.000,18.792,31.389,0,1,1,0,3
PPG,2,21540,863150536,126,167658,188520,191156.703,-2636.703,-1143.156,0,0,0,0,56.60,56.60,2,1,0,nan,4,1,53,1,1,4,4,0,0,0,863437848,0.03833,-0.00391,0.96680,0.96756,-0.00692,0.00238,-0.00007,0.00732,0.96756,0.00691,0.00827,3,12244,0,1430,0.07788,0.06234,0.80042,83,1,89.990,93,1,3,4352,185610,0,0,0.000,11.209,31.179,0,0.000,18.241,29.911,0,0,1,0,3
PPG,2,21541,863190536,124,167782,188687,191132.000,-2445.000,-1359.938,0,0,0,0,56.60,56.60,2,1,0,nan,4,1,53,1,1,5,5,0,0,0,863477130,0.04053,-0.00635,0.95386,0.95474,-0.00718,-0.00081,-0.00114,0.00732,0.95554,0.01244,0.00750,3,12234,0,1430,0.07788,0.06234,0.80042,83,1,89.990,93,1,3,2639,185610,0,0,0.000,11.209,31.179,0,0.000,18.241,29.911,0,0,1,0,3
PPG,2,21542,863230536,124,167989,188950,191110.188,-2160.188,-1540.078,0,0,0,0,56.60,56.60,2,1,0,nan,4,1,53,1,1,6,6,0,0,0,863519173,0.04443,-0.00439,0.95728,0.95832,-0.00745,-0.00001,-0.00141,0.00758,0.96054,0.00580,0.00825,3,12287,0,1430,0.07788,0.06234,0.80042,83,1,89.990,93,1,3,4337,185610,0,0,0.000,11.209,31.179,0,0.000,18.241,29.911,0,0,1,0,3
PPG,2,21543,863270536,127,168199,189213,191091.219,-1878.219,-1630.266,0,0,0,0,56.60,56.60,2,1,0,nan,4,1,53,1,1,7,7,0,0,0,863558614,0.04517,-0.00610,0.95093,0.95202,-0.00745,-0.00215,-0.00061,0.00778,0.96149,0.00947,0.00778,3,12269,0,1430,0.07788,0.06234,0.80042,83,1,89.990,93,1,3,4331,185610,0,0,0.000,11.209,31.179,0,0.000,18.241,29.911,0,0,1,0,3
PPG,2,21544,863310536,525,168295,189335,191073.656,-1738.656,-1540.203,0,0,0,0,56.60,56.60,2,1,0,nan,4,1,53,1,1,8,8,0,0,0,863597916,0.04468,-0.00220,0.95825,0.95930,-0.00772,-0.00001,0.00019,0.00772,0.95930,0.00567,0.00827,3,12236,0,1430,0.36438,0.36070,0.98989,84,1,85.253,20,1,3,4336,185610,0,0,0.000,11.209,31.179,0,0.000,18.241,29.911,0,0,1,0,3
PPG,2,21545,863350536,176,168504,189581,191058.734,-1477.734,-1295.297,0,0,0,0,56.60,56.60,2,1,0,nan,4,1,53,1,1,9,9,0,0,0,863637681,0.04370,-0.00659,0.95630,0.95732,-0.00798,0.00185,-0.00061,0.00822,0.96305,0.00648,0.00855,3,12236,0,1430,0.36438,0.36070,0.98989,84,1,85.253,20,1,3,2652,185610,0,0,0.000,11.209,31.179,0,0.000,18.241,29.911,0,0,1,0,3
PPG,2,21546,863390536,124,168769,189909,191047.234,-1138.234,-995.328,0,0,0,0,56.60,56.60,2,1,0,nan,4,1,53,1,1,10,10,0,0,0,863679680,0.03979,-0.01099,0.95850,0.95938,-0.00718,0.00825,-0.00087,0.01097,0.95938,0.00151,0.01129,3,12240,0,1430,0.36438,0.36070,0.98989,84,1,85.253,20,1,3,4331,185610,0,0,0.000,11.209,31.179,0,0.000,18.241,29.911,0,0,1,0,3
PPG,2,21547,863430536,133,168714,189887,191035.625,-1148.625,-718.094,0,0,0,0,56.60,56.60,2,1,0,nan,4,1,53,1,1,11,11,0,0,0,863718943,0.04272,-0.00488,0.95801,0.95897,-0.00532,0.01198,0.00046,0.01311,0.96313,0.00374,0.01311,3,12220,0,1430,0.36438,0.36070,0.98989,84,1,85.253,20,1,3,4359,185610,0,0,0.000,11.209,31.179,0,0.000,18.241,29.911,0,0,1,0,3
PPG,2,21548,863470536,123,168441,189620,191021.469,-1401.469,-487.922,0,0,0,0,56.60,56.60,2,1,0,nan,4,1,53,1,1,12,12,0,0,0,863758218,0.04175,-0.00879,0.95752,0.95847,-0.00532,0.01704,-0.00247,0.01802,0.95847,0.00458,0.01802,3,12222,0,1430,0.36438,0.36070,0.98989,84,1,85.253,20,1,3,4329,185610,0,0,0.000,11.209,31.179,0,0.000,18.241,29.911,0,0,1,0,3
PPG,2,21549,863510536,132,167517,188450,190995.750,-2545.750,-402.484,0,0,0,0,56.60,56.60,2,1,0,nan,4,1,53,1,1,13,13,0,0,0,863797468,0.04004,-0.00537,0.96240,0.96325,-0.00479,0.01597,-0.00114,0.01671,0.96325,0.00298,0.01967,3,12222,0,1430,0.36438,0.36070,0.98989,84,1,85.253,20,1,3,2631,185610,0,0,0.000,11.209,31.179,0,0.000,18.241,29.911,0,0,1,0,3
PPG,2,21550,863550536,188,168068,187212,190957.906,-3745.906,-472.500,0,0,0,0,56.60,nan,3,2,256,nan,4,1,53,1,1,14,14,0,0,0,863839408,0.03979,-0.00244,0.96240,0.96323,-0.00798,0.00505,-0.00061,0.00946,0.96378,0.00053,0.01771,3,12238,0,1430,0.36438,0.36070,0.98989,84,1,85.253,20,1,6,4312,185610,0,0,0.000,11.209,31.179,0,0.000,18.241,29.911,0,0,3,4000,3
PPG,2,21551,863590536,96,183908,186848,190916.812,-4068.812,0.000,0,0,0,0,0.00,nan,3,2,256,nan,4,1,53,1,1,15,15,0,0,0,863878648,0.04419,-0.00659,0.96143,0.96246,-0.00718,0.00425,-0.00087,0.00839,0.96246,0.00666,0.00985,3,12120,0,1430,0.36438,0.36070,0.98989,84,1,85.253,20,1,6,4297,185610,0,0,0.000,0.750,3.000,0,0.000,0.750,3.000,0,0,3,4000,0
PPG,2,21552,863630536,99,182475,177555,190783.188,-13228.188,0.000,0,0,0,0,0.00,nan,3,2,256,nan,4,1,53,1,1,16,16,0,0,0,863917792,0.03906,-0.00708,0.95532,0.95615,-0.00745,0.00372,-0.00061,0.00835,0.96273,0.00579,0.00870,3,12117,0,1430,0.36438,0.36070,0.98989,84,1,85.253,20,1,6,2595,185610,0,0,0.000,0.750,3.000,0,0.000,0.750,3.000,0,0,3,3960,0
PPG,2,21553,863670536,98,182449,178697,190662.328,-11965.328,0.000,0,0,0,0,0.00,nan,3,2,256,nan,4,1,53,1,1,17,17,0,0,0,863959405,0.04297,-0.00610,0.95190,0.95289,-0.00718,0.00372,-0.00007,0.00809,0.95913,0.00624,0.00964,3,12116,0,1430,0.36438,0.36070,0.98989,84,1,85.253,20,1,6,4297,185610,0,0,0.000,0.750,3.000,0,0.000,0.750,3.000,0,0,3,3920,0
PPG,2,21554,863710536,99,177374,170594,190461.641,-19867.641,0.000,0,0,0,0,0.00,nan,3,2,256,nan,4,1,53,1,1,18,18,0,0,0,863998303,0.03955,-0.00562,0.95337,0.95421,-0.00638,0.00318,-0.00167,0.00733,0.95666,0.00246,0.00824,3,12132,0,1430,0.36438,0.36070,0.98989,84,1,85.253,20,1,6,4305,185610,0,0,0.000,0.750,3.000,0,0.000,0.750,3.000,0,0,3,3880,0
PPG,2,21555,863750536,96,152276,144066,189997.688,-45931.688,0.000,0,0,0,0,0.00,nan,3,2,256,nan,4,1,53,1,1,19,19,0,0,0,864037218,0.04321,-0.00537,0.95801,0.95900,-0.00665,0.00372,-0.00194,0.00786,0.95976,0.00555,0.00791,3,12146,0,1430,0.36438,0.36070,0.98989,84,1,85.253,20,1,6,2605,185610,0,0,0.000,0.750,3.000,0,0.000,0.750,3.000,0,0,3,4000,0
PPG,2,21556,863790536,99,140500,135019,189447.906,-54428.906,0.000,0,0,0,0,0.00,nan,3,2,256,nan,4,1,53,1,1,20,20,0,0,0,864078758,0.04102,-0.00684,0.95923,0.96013,-0.00852,0.00292,-0.00034,0.00901,0.96061,0.00245,0.00901,3,12129,0,1430,0.36438,0.36070,0.98989,84,1,85.253,20,1,6,4295,185610,0,0,0.000,0.750,3.000,0,0.000,0.750,3.000,0,0,3,3960,0
PPG,2,21557,863830536,95,171249,162804,189181.469,-26377.469,0.000,0,0,0,0,0.00,nan,3,2,256,nan,4,1,53,1,1,21,21,0,0,0,864117636,0.04395,-0.00488,0.95630,0.95732,-0.00692,0.00265,-0.00034,0.00742,0.96406,0.00560,0.00875,3,12138,0,1430,0.36438,0.36070,0.98989,84,1,85.253,20,1,6,2595,185610,0,0,0.000,0.750,3.000,0,0.000,0.750,3.000,0,0,3,4000,0
PPG,2,21558,863870536,103,169431,160306,188892.719,-28586.719,0.000,0,0,0,0,0.00,nan,3,2,256,nan,4,1,53,1,1,22,22,0,0,0,864158862,0.04321,-0.00854,0.95654,0.95756,-0.00905,-0.00055,-0.00034,0.00907,0.96156,0.00424,0.00932,2,24082,0,1431,0.36438,0.36070,0.98989,84,1,85.253,20,1,6,4381,185610,0,0,0.000,0.750,3.000,0,0.000,0.750,3.000,0,0,3,3960,0
PPG,2,21559,863910536,99,175339,171167,188715.469,-17548.469,0.000,0,0,0,0,0.00,nan,3,2,256,nan,4,1,53,1,1,23,23,0,0,0,864197786,0.04126,-0.00903,0.96313,0.96406,-0.00745,-0.00028,-0.00034,0.00746,0.96406,0.00703,0.00910,3,12119,0,1431,0.36438,0.36070,0.98989,84,1,85.253,20,1,6,2595,185610,0,0,0.000,0.750,3.000,0,0.000,0.750,3.000,0,0,3,3920,0
PPG,2,21560,863950536,99,171239,178513,188613.438,-10100.438,0.000,0,0,0,0,0.00,nan,3,2,256,nan,4,1,53,1,1,24,24,0,0,0,864239291,0.04492,-0.00269,0.95898,0.96004,-0.00772,0.00185,0.00019,0.00794,0.96300,0.00291,0.00880,3,12153,0,1431,0.36438,0.36070,0.98989,84,1,85.253,20,1,6,4303,185610,0,0,0.000,0.750,3.000,0,0.000,0.750,3.000,0,0,3,3880,0
PPG,2,21561,863990536,99,168189,179687,188524.172,-8837.172,0.000,0,0,0,0,0.00,nan,3,2,256,nan,4,1,53,1,1,25,25,0,0,0,864278248,0.04419,-0.00879,0.96143,0.96248,-0.00878,-0.00401,-0.00061,0.00967,0.96248,0.00593,0.00967,3,12130,0,1431,0.36438,0.36070,0.98989,84,1,85.253,20,1,6,4295,185610,0,0,0.000,0.750,3.000,0,0.000,0.750,3.000,0,0,3,3840,0
PPG,2,21562,864030536,98,164119,179249,188431.422,-9182.422,0.000,0,0,0,0,0.00,nan,3,2,256,nan,4,1,53,1,1,26,26,0,0,0,864317116,0.04150,-0.00732,0.95898,0.95991,-0.00931,-0.01121,0.00126,0.01463,0.96173,0.00432,0.01463,3,12132,0,1431,0.36438,0.36070,0.98989,84,1,85.253,20,1,6,2597,185610,0,0,0.000,0.750,3.000,0,0.000,0.750,3.000,0,0,3,3800,0
PPG,2,21563,864070536,98,163888,181486,188361.969,-6875.969,0.000,0,0,0,0,0.00,nan,3,2,256,nan,4,1,53,1,1,27,27,0,0,0,864358585,0.04248,-0.00830,0.95776,0.95874,-0.00931,-0.00774,-0.00087,0.01214,0.95874,0.00317,0.01798,3,12119,0,1431,0.36438,0.36070,0.98989,84,1,85.253,20,1,6,4299,185610,0,0,0.000,0.750,3.000,0,0.000,0.750,3.000,0,0,3,3760,0
PPG,2,21564,864110536,98,164742,183427,188312.625,-4885.625,0.000,0,0,0,0,0.00,nan,3,2,256,nan,4,1,53,1,1,28,28,0,0,0,864397417,0.04199,-0.00854,0.95654,0.95750,-0.00825,-0.00428,0.00019,0.00929,0.96008,0.00281,0.01109,3,12118,0,1431,0.36438,0.36070,0.98989,84,1,85.253,20,1,6,2595,185610,0,0,0.000,0.750,3.000,0,0.000,0.750,3.000,0,0,3,3720,0
PPG,2,21565,864150536,97,165932,185115,188280.656,-3165.656,0.000,0,0,0,0,0.00,nan,3,2,256,nan,4,1,53,1,1,29,29,0,0,0,864438870,0.04321,-0.00659,0.95703,0.95803,-0.00772,-0.00268,-0.00061,0.00819,0.96267,0.00464,0.00862,3,12156,0,1431,0.36438,0.36070,0.98989,84,1,85.253,20,1,6,4304,185610,0,0,0.000,0.750,3.000,0,0.000,0.750,3.000,0,0,3,3680,0
PPG,2,21566,864190536,99,167233,186651,188264.359,-1613.359,0.000,0,0,0,0,0.00,nan,3,2,256,nan,4,1,53,1,1,30,30,0,0,0,864477736,0.04639,-0.00366,0.95483,0.95597,-0.00852,-0.00268,-0.00087,0.00897,0.95986,0.00253,0.00908,3,12135,0,1431,0.36438,0.36070,0.98989,84,1,85.253,20,1,6,2601,185610,0,0,0.000,0.750,3.000,0,0.000,0.750,3.000,0,0,3,3640,0
PPG,2,21567,864230536,100,168198,187786,188259.578,-473.578,0.000,0,0,0,0,0.00,nan,3,2,256,nan,4,1,53,1,1,31,31,0,0,0,864519171,0.04590,-0.00391,0.95605,0.95716,-0.00878,0.00318,-0.00114,0.00941,0.96036,0.00440,0.00941,3,12121,0,1431,0.36438,0.36070,0.98989,84,1,85.253,20,1,6,4305,185610,0,0,0.000,0.750,3.000,0,0.000,0.750,3.000,0,0,3,3600,0
PPG,2,21568,864270536,98,168678,188443,188261.406,181.594,0.000,0,0,0,0,0.00,nan,3,2,256,nan,4,1,53,1,1,0,0,0,0,0,864558031,0.04541,-0.01001,0.95068,0.95182,-0.00745,0.00132,-0.00221,0.00788,0.96258,0.01076,0.00953,3,12107,0,1431,0.36438,0.36070,0.98989,84,1,85.253,20,1,6,2595,185610,0,0,0.000,0.750,3.000,0,0.000,0.750,3.000,0,0,3,3560,0
PPG,2,21569,864310536,473,168957,188834,188267.125,566.875,0.000,0,0,0,0,0.00,nan,3,2,256,nan,4,1,53,1,1,1,1,0,0,0,864599471,0.04297,-0.00806,0.95728,0.95827,-0.00772,0.00185,-0.00087,0.00798,0.95993,0.00693,0.00869,3,12113,0,1431,4.76178,2.60101,0.54623,-999,0,96.344,136,1,6,4302,185610,0,0,0.000,0.750,3.000,0,0.000,0.750,3.000,0,0,3,3520,0
PPG,2,21570,864350536,163,169070,189042,188274.875,767.125,11278.125,0,0,0,0,0.00,nan,3,2,256,nan,4,1,53,1,1,2,2,0,0,0,864638768,0.04517,-0.00757,0.94629,0.94740,-0.00798,-0.00108,-0.00007,0.00806,0.96034,0.01295,0.00806,3,12146,0,1431,4.76178,2.60101,0.54623,-999,0,96.344,136,1,6,4294,185610,0,0,0.000,0.750,3.000,0,0.000,0.750,3.000,0,0,3,3480,0
PPG,2,21571,864390536,118,169832,190109,188293.219,1815.781,12069.641,0,0,0,0,0.00,nan,3,2,256,nan,4,1,53,1,1,3,3,0,0,0,864677761,0.04395,-0.00562,0.95483,0.95586,-0.00772,0.00558,-0.00061,0.00954,0.95832,0.01092,0.00954,3,12123,0,1431,4.76178,2.60101,0.54623,-999,0,96.344,136,1,6,2604,185610,0,0,0.000,0.750,3.000,0,0.000,0.750,3.000,0,0,3,3440,0
PPG,2,21572,864430536,122,170189,190630,188316.594,2313.406,12203.750,0,0,0,0,0.00,nan,3,2,256,nan,4,1,53,1,1,4,4,0,0,0,864719267,0.04346,-0.00439,0.95972,0.96071,-0.00825,0.00158,-0.00114,0.00848,0.96135,0.00611,0.00849,3,12130,0,1431,4.76178,2.60101,0.54623,-999,0,96.344,136,1,6,4295,185610,0,0,0.000,0.750,3.000,0,0.000,0.750,3.000,0,0,3,3400,0
PPG,2,21573,864470536,119,170033,190540,188338.828,2201.172,12167.172,0,0,0,0,0.00,nan,3,2,256,nan,4,1,53,1,1,5,5,0,0,0,864758177,0.04736,-0.00610,0.95605,0.95725,-0.00852,-0.00001,0.00046,0.00853,0.95940,0.00302,0.00898,3,12121,0,1431,4.76178,2.60101,0.54623,-999,0,96.344,136,1,6,4300,185610,0,0,0.000,0.750,3.000,0,0.000,0.750,3.000,0,0,3,3360,0
PPG,2,21574,864510536,120,170225,190894,188364.375,2529.625,11596.172,0,0,0,0,0.00,nan,3,2,256,nan,4,1,53,1,1,6,6,0,0,0,864797081,0.04541,-0.00562,0.96265,0.96373,-0.00852,-0.00081,-0.00034,0.00856,0.96663,0.01047,0.00974,3,12122,0,1431,4.76178,2.60101,0.54623,-999,0,96.344,136,1,6,2598,185610,0,0,0.000,0.750,3.000,0,0.000,0.750,3.000,0,0,3,3320,0
PPG,2,21575,864550536,118,170579,191504,188395.766,3108.234,9661.562,0,0,0,0,0.00,nan,3,2,256,nan,4,1,53,1,1,7,7,0,0,0,864838573,0.04443,-0.00537,0.95801,0.95905,-0.00772,-0.00028,0.00073,0.00776,0.96057,0.00881,0.00863,3,12115,0,1431,4.76178,2.60101,0.54623,-999,0,96.344,136,1,6,4308,185610,0,0,0.000,0.750,3.000,0,0.000,0.750,3.000,0,0,3,3280,0
PPG,2,21576,864590536,121,170680,191888,188430.688,3457.312,7254.391,0,0,0,0,0.00,nan,3,2,256,nan,4,1,53,1,1,8,8,0,0,0,864877596,0.04199,-0.00854,0.95972,0.96067,-0.00825,-0.00055,-0.00141,0.00839,0.96190,0.00462,0.00839,3,12126,0,1431,4.76178,2.60101,0.54623,-999,0,96.344,136,1,6,2598,185610,0,0,0.000,0.750,3.000,0,0.000,0.750,3.000,0,0,3,3240,0
PPG,2,21577,864630536,116,170865,192292,188469.297,3822.703,6244.266,0,0,0,0,0.00,nan,3,2,256,nan,4,1,53,1,1,9,9,0,0,0,864919177,0.04248,-0.00366,0.95850,0.95944,-0.00825,0.00079,-0.00034,0.00829,0.95944,0.00586,0.00861,3,12121,0,1431,4.76178,2.60101,0.54623,-999,0,96.344,136,1,6,4300,185610,0,0,0.000,0.750,3.000,0,0.000,0.750,3.000,0,0,3,3200,0
PPG,2,21578,864670536,118,170960,192522,188509.828,4012.172,4978.188,0,0,0,0,0.00,nan,3,2,256,nan,4,1,53,1,1,10,10,0,0,0,864958127,0.04761,-0.00610,0.96411,0.96531,-0.00825,0.00079,-0.00061,0.00831,0.96531,0.00631,0.00831,3,12184,0,1431,4.76178,2.60101,0.54623,-999,0,96.344,136,1,6,4328,185610,0,0,0.000,0.750,3.000,0,0.000,0.750,3.000,0,0,3,3160,0
PPG,2,21579,864710536,149,171143,192808,188552.812,4255.188,4207.281,0,0,0,0,0.00,nan,3,2,256,nan,4,1,53,1,1,11,11,0,0,0,864997405,0.04102,-0.00806,0.95776,0.95868,-0.00931,0.00212,-0.00087,0.00959,0.96100,0.01211,0.00959,3,12160,0,1431,4.76178,2.60101,0.54623,-999,0,96.344,136,1,6,2594,185610,0,0,0.000,0.750,3.000,0,0.000,0.750,3.000,0,0,3,3120,0
PPG,2,21580,864750536,120,171237,192986,188597.141,4388.859,3833.062,0,0,0,0,0.00,nan,3,2,256,nan,4,1,53,1,1,12,12,0,0,0,865038994,0.04395,-0.00854,0.96069,0.96174,-0.00772,0.00079,-0.00007,0.00776,0.96174,0.00928,0.00893,3,12119,0,1431,4.76178,2.60101,0.54623,-999,0,96.344,136,1,6,4296,185610,0,0,0.000,0.750,3.000,0,0.000,0.750,3.000,0,0,3,3080,0
PPG,2,21581,864790536,120,171175,192983,188641.000,4342.000,3466.688,0,0,0,0,0.00,nan,3,2,256,nan,4,1,53,1,1,13,13,0,0,0,865078009,0.04321,-0.00171,0.95703,0.95801,-0.00772,0.00052,0.00019,0.00774,0.96527,0.00726,0.00837,3,12128,0,1431,4.76178,2.60101,0.54623,-999,0,96.344,136,1,6,2661,185610,0,0,0.000,0.750,3.000,0,0.000,0.750,3.000,0,0,3,3040,0
PPG,2,21582,864830536,191,171046,192897,188683.562,4213.438,2983.297,0,0,0,0,0.00,nan,3,2,256,nan,4,1,53,1,1,14,14,0,0,0,865119646,0.04761,-0.00562,0.95752,0.95872,-0.00772,0.00158,-0.00007,0.00788,0.96304,0.00588,0.00862,3,12112,0,1431,4.76178,2.60101,0.54623,-999,0,96.344,136,1,6,4339,185610,0,0,0.000,0.750,3.000,0,0.000,0.750,3.000,0,0,3,3000,0
PPG,2,21583,864870536,157,170846,192720,188723.922,3996.078,2540.453,0,0,0,0,0.00,nan,3,2,256,nan,4,1,53,1,1,15,15,0,0,0,865159012,0.04102,-0.00928,0.96143,0.96235,-0.00745,0.00585,-0.00114,0.00954,0.96235,0.00749,0.00954,2,24289,0,1432,4.76178,2.60101,0.54623,-999,0,96.344,136,1,6,4410,185610,0,0,0.000,0.750,3.000,0,0.000,0.750,3.000,0,0,3,2960,0
PPG,2,21584,864910536,120,170525,192315,188759.828,3555.172,2099.328,0,0,0,0,0.00,nan,3,2,256,nan,4,1,53,1,1,16,16,0,0,0,865198558,0.04712,-0.00366,0.96094,0.96210,-0.00772,0.00105,-0.00141,0.00791,0.96210,0.01077,0.00896,3,12256,0,1432,4.76178,2.60101,0.54623,-999,0,96.344,136,1,6,4343,185610,0,0,0.000,0.750,3.000,0,0.000,0.750,3.000,0,0,3,2920,0
PPG,2,21585,864950536,119,170385,192127,188793.500,3333.500,1692.312,0,0,0,0,0.00,nan,3,2,256,nan,4,1,53,1,1,17,17,0,0,0,865237864,0.04419,-0.00659,0.95996,0.96100,-0.00825,0.00185,-0.00114,0.00853,0.96267,0.00360,0.00853,3,12261,0,1432,4.76178,2.60101,0.54623,-999,0,96.344,136,1,6,2629,185610,0,0,0.000,0.750,3.000,0,0.000,0.750,3.000,0,0,3,2880,0
PPG,2,21586,864990536,119,170369,192162,188827.188,3334.812,1324.484,0,0,0,0,0.00,nan,3,2,256,nan,4,1,53,1,1,18,18,0,0,0,865279775,0.04688,-0.01196,0.95850,0.95972,-0.00852,0.00372,-0.00141,0.00940,0.96255,0.00862,0.00940,3,12222,0,1432,4.76178,2.60101,0.54623,-999,0,96.344,136,1,6,4354,185610,0,0,0.000,0.750,3.000,0,0.000,0.750,3.000,0,0,3,2840,0
PPG,2,21587,865030536,135,170167,192001,188858.922,3142.078,973.016,0,0,0,0,0.00,nan,3,2,256,nan,4,1,53,1,1,19,19,0,0,0,865319200,0.04224,-0.00317,0.96094,0.96187,-0.00825,0.00372,-0.00167,0.00920,0.96430,0.00788,0.00925,3,12254,0,1432,4.76178,2.60101,0.54623,-999,0,96.344,136,1,6,4337,185610,0,0,0.000,0.750,3.000,0,0.000,0.750,3.000,0,0,3,2800,0
PPG,2,21588,865070536,119,169806,191624,188886.578,2737.422,619.812,0,0,0,0,0.00,nan,3,2,256,nan,4,1,53,1,1,20,20,0,0,0,865358479,0.04541,-0.00684,0.96045,0.96155,-0.00718,0.00025,-0.00114,0.00728,0.96209,0.00566,0.00855,3,12288,0,1432,4.76178,2.60101,0.54623,-999,0,96.344,136,1,6,4354,185610,0,0,0.000,0.750,3.000,0,0.000,0.750,3.000,0,0,3,2760,0
PPG,2,21589,865110536,119,169839,191699,188914.703,2784.297,305.422,0,0,0,0,0.00,nan,3,2,256,nan,4,1,53,1,1,21,21,0,0,0,865397799,0.04736,-0.00854,0.95605,0.95727,-0.00772,0.00185,-0.00247,0.00831,0.96100,0.00819,0.00831,3,12264,0,1432,4.76178,2.60101,0.54623,-999,0,96.344,136,1,6,2634,185610,0,0,0.000,0.750,3.000,0,0.000,0.750,3.000,0,0,3,2720,0
PPG,2,21590,865150536,121,169991,191901,188944.562,2956.438,45.484,0,0,0,0,0.00,nan,3,2,256,nan,4,1,53,1,1,22,22,0,0,0,865439647,0.04297,-0.00635,0.95703,0.95802,-0.00905,0.00292,-0.00034,0.00951,0.96115,0.00387,0.00951,3,12218,0,1432,4.76178,2.60101,0.54623,-999,0,96.344,136,1,6,4354,185610,0,0,0.000,0.750,3.000,0,0.000,0.750,3.000,0,0,3,2680,0
PPG,2,21591,865190536,132,170145,192044,188975.562,3068.438,-89.984,0,0,0,0,0.00,nan,3,2,256,nan,4,1,53,1,1,23,23,0,0,0,865479103,0.04297,-0.00122,0.95776,0.95873,-0.00718,0.00372,-0.00007,0.00809,0.96167,0.00365,0.01016,3,12259,0,1432,4.76178,2.60101,0.54623,-999,0,96.344,136,1,6,4338,185610,0,0,0.000,0.750,3.000,0,0.000,0.750,3.000,0,0,3,2640,0
PPG,2,21592,865230536,119,170218,192131,189007.109,3123.891,-164.484,0,0,0,0,0.00,nan,3,2,256,nan,4,1,53,1,1,24,24,0,0,0,865518426,0.04541,-0.00879,0.95703,0.95815,-0.00665,0.00318,-0.00141,0.00751,0.95815,0.00491,0.00887,3,12210,0,1432,4.76178,2.60101,0.54623,-999,0,96.344,136,1,6,4336,185610,0,0,0.000,0.750,3.000,0,0.000,0.750,3.000,0,0,3,2600,0
PPG,2,21593,865270536,118,170174,192079,189037.828,3041.172,-253.266,0,0,0,0,0.00,nan,3,2,256,nan,4,1,53,1,1,25,25,0,0,0,865557679,0.04150,-0.00635,0.95728,0.95820,-0.00798,0.00265,-0.00167,0.00858,0.96062,0.00525,0.00944,3,12244,0,1432,4.76178,2.60101,0.54623,-999,0,96.344,136,1,6,2639,185610,0,0,0.000,0.750,3.000,0,0.000,0.750,3.000,0,0,3,2560,0
PPG,2,21594,865310536,491,170045,191943,189066.875,2876.125,-314.016,0,0,0,0,0.00,nan,3,2,256,nan,4,1,53,1,1,26,26,0,0,0,865599557,0.04834,-0.00952,0.95435,0.95562,-0.00852,0.00238,-0.00061,0.00886,0.96366,0.00804,0.00930,3,12250,0,1432,4.79065,2.60920,0.54464,-999,0,96.384,-999,0,6,4327,185610,0,0,0.000,0.750,3.000,0,0.000,0.750,3.000,0,0,3,2520,0
PPG,2,21595,865350536,169,169393,191120,189087.406,2032.594,-366.812,0,0,0,0,0.00,nan,3,2,256,nan,4,1,53,1,1,27,27,0,0,0,865639169,0.04370,-0.00684,0.95483,0.95586,-0.00825,0.00558,-0.00034,0.00997,0.95888,0.00406,0.00997,3,12239,0,1432,4.79065,2.60920,0.54464,-999,0,96.384,-999,0,6,4317,185610,0,0,0.000,0.750,3.000,0,0.000,0.750,3.000,0,0,3,2480,0
PPG,2,21596,865390536,120,169496,191311,189109.641,2201.359,-393.391,0,0,0,0,0.00,nan,3,2,256,nan,4,1,53,1,1,28,28,0,0,0,865678519,0.04321,-0.00659,0.95654,0.95754,-0.00825,0.00052,-0.00061,0.00829,0.95754,0.00176,0.00882,3,12253,0,1432,4.79065,2.60920,0.54464,-999,0,96.384,-999,0,6,4329,185610,0,0,0.000,0.750,3.000,0,0.000,0.750,3.000,0,0,3,2440,0
PPG,2,21597,865430536,118,169842,191671,189135.250,2535.750,-395.203,0,0,0,0,0.00,nan,3,2,256,nan,4,1,53,1,1,29,29,0,0,0,865717705,0.04370,-0.00439,0.95874,0.95975,-0.00852,0.00025,-0.00087,0.00856,0.95975,0.00205,0.00856,3,12232,0,1432,4.79065,2.60920,0.54464,-999,0,96.384,-999,0,6,2635,185610,0,0,0.000,0.750,3.000,0,0.000,0.750,3.000,0,0,3,2400,0
PPG,2,21598,865470536,119,169596,191383,189157.734,2225.266,-432.672,0,0,0,0,0.00,nan,3,2,256,nan,4,1,53,1,1,30,30,0,0,0,865759520,0.04028,-0.00708,0.96387,0.96473,-0.00718,-0.00001,0.00019,0.00719,0.96473,0.00699,0.00856,3,12235,0,1432,4.79065,2.60920,0.54464,-999,0,96.384,-999,0,6,4325,185610,0,0,0.000,0.750,3.000,0,0.000,0.750,3.000,0,0,3,2360,0
PPG,2,21599,865510536,118,169548,191350,189179.656,2170.344,-471.344,0,0,0,0,0.00,nan,3,2,256,nan,4,1,53,1,1,31,31,0,0,0,865798763,0.04004,-0.01123,0.96313,0.96403,-0.00878,0.00052,0.00019,0.00880,0.96403,0.00809,0.00880,3,12133,0,1432,4.79065,2.60920,0.54464,-999,0,96.384,-999,0,6,4305,185610,0,0,0.000,0.750,3.000,0,0.000,0.750,3.000,0,0,3,2320,0
PPG,2,21600,865550536,118,169418,191186,189199.719,1986.281,-508.922,0,0,0,0,0.00,nan,3,2,256,nan,4,1,53,1,1,0,0,0,0,0,865837825,0.04443,-0.00977,0.95972,0.96079,-0.00772,-0.00001,0.00046,0.00773,0.96079,0.00664,0.00918,3,12121,0,1432,4.79065,2.60920,0.54464,-999,0,96.384,-999,0,6,2598,185610,0,0,0.000,0.750,3.000,0,0.000,0.750,3.000,0,0,3,2280,0
PPG,2,21601,865590536,119,169299,191008,189217.797,1790.203,-543.734,0,0,0,0,0.00,nan,3,2,256,nan,4,1,53,1,1,1,1,0,0,0,865879394,0.04321,-0.01001,0.95996,0.96099,-0.00852,0.00052,-0.00087,0.00858,0.96139,0.00120,0.00886,3,12139,0,1432,4.79065,2.60920,0.54464,-999,0,96.384,-999,0,6,4300,185610,0,0,0.000,0.750,3.000,0,0.000,0.750,3.000,0,0,3,2240,0
PPG,2,21602,865630536,119,169522,191186,189237.484,1948.516,-448.766,0,0,0,0,0.00,nan,3,2,256,nan,4,1,53,1,1,2,2,0,0,0,865918330,0.04346,-0.00684,0.95630,0.95731,-0.00718,0.00345,-0.00034,0.00798,0.96504,0.00565,0.00854,3,12151,0,1432,4.79065,2.60920,0.54464,-999,0,96.384,-999,0,6,2602,185610,0,0,0.000,0.750,3.000,0,0.000,0.750,3.000,0,0,3,2200,0
PPG,2,21603,865670536,119,169750,191449,189259.594,2189.406,-365.500,0,0,0,0,0.00,nan,3,2,256,nan,4,1,53,1,1,3,3,0,0,0,865959824,0.04346,-0.00464,0.95459,0.95559,-0.00665,0.00212,0.00019,0.00698,0.96511,0.01149,0.00824,3,12125,0,1432,4.79065,2.60920,0.54464,-999,0,96.384,-999,0,6,4311,185610,0,0,0.000,0.750,3.000,0,0.000,0.750,3.000,0,0,3,2160,0
PPG,2,21604,865710536,118,169882,191642,189283.422,2358.578,-335.984,0,0,0,0,0.00,nan,3,2,256,nan,4,1,53,1,1,4,4,0,0,0,865998717,0.04419,-0.00781,0.96411,0.96516,-0.00798,0.00079,-0.00007,0.00802,0.96516,0.00707,0.00816,3,12126,0,1432,4.79065,2.60920,0.54464,-999,0,96.384,-999,0,6,4301,185610,0,0,0.000,0.750,3.000,0,0.000,0.750,3.000,0,0,3,2120,0
PPG,2,21605,865750536,118,169930,191751,189308.094,2442.906,-264.625,0,0,0,0,0.00,nan,3,2,256,nan,4,1,53,1,1,5,5,0,0,0,866037619,0.04639,-0.00684,0.96216,0.96330,-0.00745,0.00265,-0.00061,0.00793,0.96330,0.00819,0.00859,3,12126,0,1432,4.79065,2.60920,0.54464,-999,0,96.384,-999,0,6,2606,185610,0,0,0.000,0.750,3.000,0,0.000,0.750,3.000,0,0,3,2080,0
PPG,2,21606,865790536,118,170070,192025,189335.266,2689.734,-161.344,0,0,0,0,0.00,nan,3,2,256,nan,4,1,53,1,1,6,6,0,0,0,866079171,0.04248,-0.00342,0.95288,0.95383,-0.00878,0.00052,-0.00034,0.00880,0.96202,0.00536,0.00880,3,12161,0,1432,4.79065,2.60920,0.54464,-999,0,96.384,-999,0,6,4307,185610,0,0,0.000,0.750,3.000,0,0.000,0.750,3.000,0,0,3,2040,0
PPG,2,21607,865830536,118,170186,192194,189363.859,2830.141,-26.984,0,0,0,0,0.00,nan,3,2,256,nan,4,1,53,1,1,7,7,0,0,0,866118041,0.04297,-0.00342,0.96045,0.96142,-0.00825,0.00185,-0.00114,0.00853,0.96254,0.00478,0.00894,3,12111,0,1432,4.79065,2.60920,0.54464,-999,0,96.384,-999,0,6,2597,185610,0,0,0.000,0.750,3.000,0,0.000,0.750,3.000,0,0,3,2000,0
PPG,2,21608,865870536,126,170105,192129,189391.516,2737.484,107.906,0,0,0,0,0.00,nan,3,2,256,nan,4,1,53,1,1,8,8,0,0,0,866159298,0.04126,-0.00366,0.95801,0.95890,-0.00905,0.00132,-0.00034,0.00915,0.95918,0.00223,0.00915,2,24078,0,1433,4.79065,2.60920,0.54464,-999,0,96.384,-999,0,6,4395,185610,0,0,0.000,0.750,3.000,0,0.000,0.750,3.000,0,0,3,1960,0
PPG,2,21609,865910536,120,170163,192209,189419.688,2789.312,228.547,0,0,0,0,0.00,nan,3,2,256,nan,4,1,53,1,1,9,9,0,0,0,866198317,0.04565,-0.00854,0.95728,0.95840,-0.00692,0.00425,-0.00141,0.00824,0.95959,0.00356,0.00902,3,12126,0,1433,4.79065,2.60920,0.54464,-999,0,96.384,-999,0,6,2598,185610,0,0,0.000,0.750,3.000,0,0.000,0.750,3.000,0,0,3,1920,0
PPG,2,21610,865950536,119,170106,192149,189446.984,2702.016,316.141,0,0,0,0,0.00,nan,3,2,256,nan,4,1,53,1,1,10,10,0,0,0,866239893,0.04443,-0.01025,0.95654,0.95763,-0.00718,0.00238,-0.00221,0.00788,0.95825,0.00566,0.00824,3,12120,0,1433,4.79065,2.60920,0.54464,-999,0,96.384,-999,0,6,4301,185610,0,0,0.000,0.750,3.000,0,0.000,0.750,3.000,0,0,3,1880,0
PPG,2,21611,865990536,191,170101,192203,189474.547,2728.453,388.328,0,0,0,0,0.00,nan,3,2,256,nan,4,1,53,1,1,11,11,0,0,0,866278822,0.04321,-0.00708,0.95581,0.95681,-0.00772,0.00105,-0.00061,0.00781,0.96140,0.00778,0.00781,3,12156,0,1433,4.79065,2.60920,0.54464,-999,0,96.384,-999,0,6,4340,185610,0,0,0.000,0.750,3.000,0,0.000,0.750,3.000,0,0,3,1840,0
PPG,2,21612,866030536,119,170122,192255,189502.344,2752.656,454.125,0,0,0,0,0.00,nan,3,2,256,nan,4,1,53,1,1,12,12,0,0,0,866318274,0.04297,-0.00610,0.95386,0.95484,-0.00718,0.00158,-0.00061,0.00738,0.96509,0.01024,0.00787,3,12123,0,1433,4.79065,2.60920,0.54464,-999,0,96.384,-999,0,6,2599,185610,0,0,0.000,0.750,3.000,0,0.000,0.750,3.000,0,0,3,1800,0
PPG,2,21613,866070536,116,170134,192356,189530.875,2825.125,487.578,0,0,0,0,0.00,nan,3,2,256,nan,4,1,53,1,1,13,13,0,0,0,866359826,0.04492,-0.00610,0.96021,0.96127,-0.00798,0.00292,-0.00034,0.00851,0.96127,0.00439,0.00877,3,12111,0,1433,4.79065,2.60920,0.54464,-999,0,96.384,-999,0,6,4301,185610,0,0,0.000,0.750,3.000,0,0.000,0.750,3.000,0,0,3,1760,0
PPG,2,21614,866110536,132,170205,192494,189560.500,2933.500,502.875,0,0,0,0,0.00,nan,3,2,256,nan,4,1,53,1,1,14,14,0,0,0,866398797,0.04346,-0.00708,0.95605,0.95707,-0.00825,0.00132,-0.00061,0.00838,0.95707,0.00503,0.00886,3,12174,0,1433,4.79065,2.60920,0.54464,-999,0,96.384,-999,0,6,4304,185610,0,0,0.000,82.281,21.759,0,0.000,0.750,3.000,0,0,3,1720,0
PPG,2,21615,866150536,119,170331,192707,189591.969,3115.031,506.094,0,0,0,0,0.00,nan,3,2,256,nan,4,1,53,1,1,15,15,0,0,0,866437712,0.04370,-0.00757,0.95459,0.95562,-0.00665,0.00238,-0.00061,0.00709,0.96344,0.00637,0.00811,3,12118,0,1433,4.79065,2.60920,0.54464,-999,0,96.384,-999,0,6,2606,185610,0,0,0.000,82.281,21.759,0,0.000,0.750,3.000,0,0,3,1680,0
PPG,2,21616,866190536,194,170303,192704,189623.094,3080.906,507.172,0,0,0,0,0.00,nan,3,2,256,nan,4,1,53,1,1,16,16,0,0,0,866479217,0.04614,-0.01099,0.95654,0.95772,-0.00745,0.00265,-0.00087,0.00796,0.96155,0.00467,0.00796,3,12121,0,1433,4.79065,2.60920,0.54464,-999,0,96.384,-999,0,6,4316,185610,0,0,0.000,82.281,21.759,0,0.000,0.750,3.000,0,0,3,1640,0
PPG,2,21617,866230536,119,170226,192647,189653.328,2993.672,529.516,0,0,0,0,0.00,nan,3,2,256,nan,4,1,53,1,1,17,17,0,0,0,866518345,0.04028,-0.00171,0.96436,0.96520,-0.00745,0.00265,-0.00114,0.00799,0.96520,0.00688,0.00799,3,12134,0,1433,4.79065,2.60920,0.54464,-999,0,96.384,-999,0,6,2602,185610,0,0,0.000,82.281,21.759,0,0.000,0.750,3.000,0,0,3,1600,0
PPG,2,21618,866270536,123,170126,192388,189680.672,2707.328,505.688,0,0,0,0,0.00,nan,3,2,256,nan,4,1,53,1,1,18,18,0,0,0,866559847,0.04541,-0.00732,0.95703,0.95814,-0.00718,0.00265,-0.00194,0.00790,0.95814,0.01343,0.00841,3,12117,0,1433,4.79065,2.60920,0.54464,-999,0,96.384,-999,0,6,4307,185610,0,0,0.000,82.281,21.759,0,0.000,0.750,3.000,0,0,3,1560,0
PPG,2,21619,866310536,493,170050,192209,189705.953,2503.047,456.172,0,0,0,0,0.00,nan,3,2,256,nan,4,1,53,1,1,19,19,0,0,0,866598864,0.04590,-0.00879,0.95776,0.95890,-0.00798,0.00238,-0.00114,0.00841,0.96172,0.00550,0.00841,3,12138,0,1433,4.81728,2.60777,0.54134,-999,0,96.467,-999,0,6,4303,185610,0,0,0.000,82.281,21.759,0,0.000,0.750,3.000,0,0,3,1520,0
PPG,2,21620,866350536,165,170127,192306,189731.953,2574.047,393.031,0,0,0,0,0.00,nan,3,2,256,nan,4,1,53,1,1,20,20,0,0,0,866638191,0.04321,-0.00562,0.95850,0.95949,-0.00718,0.00238,-0.00007,0.00757,0.96418,0.00527,0.00901,3,12114,0,1433,4.81728,2.60777,0.54134,-999,0,96.467,-999,0,6,2607,185610,0,0,0.000,82.281,21.759,0,0.000,0.750,3.000,0,0,3,1480,0
PPG,2,21621,866390536,119,170182,192445,189759.078,2685.922,314.172,0,0,0,0,0.00,nan,3,2,256,nan,4,1,53,1,1,21,21,0,0,0,866679740,0.04517,-0.00635,0.96021,0.96129,-0.00772,0.00265,-0.00007,0.00816,0.96129,0.00329,0.00841,3,12117,0,1433,4.81728,2.60777,0.54134,-999,0,96.467,-999,0,6,4299,185610,0,0,0.000,82.281,21.759,0,0.000,0.750,3.000,0,0,3,1440,0
PPG,2,21622,866430536,122,170158,192458,189786.062,2671.938,215.000,0,0,0,0,0.00,nan,3,2,256,nan,4,1,53,1,1,22,22,0,0,0,866718647,0.04297,-0.00781,0.95947,0.96047,-0.00772,0.00318,-0.00034,0.00835,0.96103,0.00137,0.00841,3,12109,0,1433,4.81728,2.60777,0.54134,-999,0,96.467,-999,0,6,4296,185610,0,0,0.000,82.281,21.759,0,0.000,0.750,3.000,0,0,3,1400,0
PPG,2,21623,866470536,121,170168,192505,189813.250,2691.750,133.781,0,0,0,0,0.00,nan,3,2,256,nan,4,1,53,1,1,23,23,0,0,0,866757624,0.04321,-0.00464,0.95850,0.95948,-0.00825,0.00318,-0.00061,0.00886,0.96341,0.00363,0.00913,3,12116,0,1433,4.81728,2.60777,0.54134,-999,0,96.467,-999,0,6,2603,185610,0,0,0.000,82.281,21.759,0,0.000,0.750,3.000,0,0,3,1360,0
PPG,2,21624,866510536,123,170191,192523,189840.344,2682.656,72.016,0,0,0,0,0.00,nan,3,2,256,nan,4,1,53,1,1,24,24,0,0,0,866799171,0.04224,-0.00610,0.96045,0.96140,-0.00745,0.00132,-0.00114,0.00765,0.96140,0.00627,0.00840,3,12148,0,1433,4.81728,2.60777,0.54134,-999,0,96.467,-999,0,6,4305,185610,0,0,0.000,82.281,21.759,0,0.000,0.750,3.000,0,0,3,1320,0
PPG,2,21625,866550536,120,170133,192446,189866.406,2579.594,45.547,0,0,0,0,0.00,nan,3,2,256,nan,4,1,53,1,1,25,25,0,0,0,866838070,0.04321,-0.00830,0.95898,0.95999,-0.00878,0.00158,-0.00034,0.00893,0.96842,0.00804,0.00893,3,12111,0,1433,4.81728,2.60777,0.54134,-999,0,96.467,-999,0,6,2599,185610,0,0,0.000,82.281,21.759,0,0.000,0.750,3.000,0,0,3,1280,0
PPG,2,21626,866590536,123,170109,192394,189891.688,2502.312,53.531,0,0,0,0,0.00,nan,3,2,256,nan,4,1,53,1,1,26,26,0,0,0,866879555,0.04419,-0.00879,0.95923,0.96029,-0.00772,0.00105,-0.00061,0.00781,0.96584,0.00855,0.00834,3,12107,0,1433,4.81728,2.60777,0.54134,-999,0,96.467,-999,0,6,4294,185610,0,0,0.000,82.281,21.759,0,0.000,0.750,3.000,0,0,3,1240,0
PPG,2,21627,866630536,124,170141,192455,189917.328,2537.672,61.766,0,0,0,0,0.00,nan,3,2,256,nan,4,1,53,1,1,27,27,0,0,0,866918554,0.04199,-0.00635,0.95581,0.95675,-0.00745,0.00158,-0.00141,0.00775,0.95675,0.00521,0.00830,3,12106,0,1433,4.81728,2.60777,0.54134,-999,0,96.467,-999,0,6,2598,185610,0,0,0.000,82.281,21.759,0,0.000,0.750,3.000,0,0,3,1200,0
PPG,2,21628,866670536,132,170200,192551,189943.672,2607.328,55.797,0,0,0,0,0.00,nan,3,2,256,nan,4,1,53,1,1,28,28,0,0,0,866960034,0.04272,-0.00537,0.95166,0.95263,-0.00905,0.00265,-0.00061,0.00945,0.96019,0.00717,0.00945,3,12103,0,1433,4.81728,2.60777,0.54134,-999,0,96.467,-999,0,6,4295,185610,0,0,0.000,79.465,23.482,0,0.000,0.750,3.000,0,0,3,1160,0
PPG,2,21629,866710536,120,170182,192576,189970.000,2606.000,54.312,0,0,0,0,0.00,nan,3,2,256,nan,4,1,53,1,1,29,29,0,0,0,866998970,0.04395,-0.00708,0.95776,0.95880,-0.00825,0.00158,-0.00007,0.00840,0.96355,0.00598,0.00900,3,12156,0,1433,4.81728,2.60777,0.54134,-999,0,96.467,-999,0,6,4299,185610,0,0,0.000,79.465,23.482,0,0.000,0.750,3.000,0,0,3,1120,0
PPG,2,21630,866750536,123,170276,192703,189997.328,2705.672,54.891,0,0,0,0,0.00,nan,3,2,256,nan,4,1,53,1,1,30,30,0,0,0,867037898,0.04248,-0.00562,0.95972,0.96067,-0.00772,0.00158,-0.00141,0.00800,0.96243,0.00330,0.00885,3,12111,0,1433,4.81728,2.60777,0.54134,-999,0,96.467,-999,0,6,2594,185610,0,0,0.000,79.465,23.482,0,0.000,0.750,3.000,0,0,3,1080,0
PPG,2,21631,866790536,119,170406,192881,190026.172,2854.828,72.125,0,0,0,0,0.00,nan,3,2,256,nan,4,1,53,1,1,31,31,0,0,0,867079405,0.04321,-0.00537,0.95776,0.95875,-0.00798,0.00185,-0.00034,0.00820,0.95875,0.00530,0.00827,3,12114,0,1433,4.81728,2.60777,0.54134,-999,0,96.467,-999,0,6,4297,185610,0,0,0.000,79.465,23.482,0,0.000,0.750,3.000,0,0,3,1040,0
PPG,2,21632,866830536,122,170410,192912,190055.031,2856.969,105.859,0,0,0,0,0.00,nan,3,2,256,nan,4,1,53,1,1,0,0,0,0,0,867118354,0.04272,-0.00854,0.95581,0.95680,-0.00772,0.00212,-0.00034,0.00801,0.95680,0.00485,0.00818,3,12127,0,1433,4.81728,2.60777,0.54134,-999,0,96.467,-999,0,6,2598,185610,0,0,0.000,79.465,23.482,0,0.000,0.750,3.000,0,0,3,1000,0
PPG,2,21633,866870536,134,170385,192915,190083.625,2831.375,152.328,0,0,0,0,0.00,nan,3,2,256,nan,4,1,53,2,2,2,2,0,0,0,867226704,0.04517,-0.00684,0.95581,0.95690,-0.00665,0.00238,-0.00087,0.00712,0.95690,0.00226,0.00892,3,67080,0,1439,4.81728,2.60777,0.54134,-999,0,96.467,-999,0,6,67033,185610,0,0,0.000,79.465,23.482,0,0.000,0.750,3.000,0,0,3,960,0
PPG,2,21634,866910536,38,170415,192923,190112.016,2810.984,197.734,0,0,0,0,0.00,nan,3,2,256,nan,4,1,53,2,2,2,2,0,0,0,867226704,0.04517,-0.00684,0.95581,0.95690,-0.00665,0.00238,-0.00087,0.00712,0.00000,0.00000,0.00000,0,67080,0,1439,4.81728,2.60777,0.54134,-999,0,96.467,-999,0,6,67033,185610,0,0,0.000,79.465,23.482,0,0.000,0.750,3.000,0,0,3,920,0
PPG,2,21635,866950536,125,170395,192822,190139.109,2682.891,230.703,0,0,0,0,0.00,nan,3,2,256,nan,4,1,53,1,1,3,3,0,0,0,867240065,0.04321,-0.00659,0.96411,0.96510,-0.00745,0.00185,0.00019,0.00768,0.96510,0.00820,0.00768,1,13361,0,1439,4.81728,2.60777,0.54134,-999,0,96.467,-999,0,6,10060,185610,0,0,0.000,79.465,23.482,0,0.000,0.750,3.000,0,0,3,880,0
PPG,2,21636,866990536,126,170359,192682,190164.531,2517.469,246.953,0,0,0,0,0.00,nan,3,2,256,nan,4,1,53,1,1,4,4,0,0,0,867284817,0.04224,-0.00659,0.96167,0.96262,-0.00665,0.00185,-0.00061,0.00693,0.96345,0.00558,0.00861,3,12214,0,1440,4.81728,2.60777,0.54134,-999,0,96.467,-999,0,6,2622,185610,0,0,0.000,79.465,23.482,0,0.000,0.750,3.000,0,0,3,840,0
PPG,2,21637,867030536,144,170313,192652,190189.406,2462.594,239.422,0,0,0,0,0.00,nan,3,2,256,nan,4,1,53,1,1,5,5,0,0,0,867321612,0.04395,-0.00781,0.95605,0.95710,-0.00772,0.00158,-0.00087,0.00793,0.95790,0.00472,0.00863,3,12269,0,1440,4.81728,2.60777,0.54134,-999,0,96.467,-999,0,6,2628,185610,0,0,0.000,79.465,23.482,0,0.000,69.070,66.173,0,0,3,800,0
PPG,2,21638,867070536,133,170342,192723,190214.734,2508.266,200.094,0,0,0,0,0.00,nan,3,2,256,nan,4,1,53,1,1,6,6,0,0,0,867358311,0.04175,-0.00781,0.95654,0.95749,-0.00825,0.00185,-0.00167,0.00862,0.95914,0.00291,0.00862,3,12255,0,1440,4.81728,2.60777,0.54134,-999,0,96.467,-999,0,6,2636,185610,0,0,0.000,79.465,23.482,0,0.000,69.070,66.173,0,0,3,760,0
PPG,2,21639,867110536,124,170371,192811,190240.703,2570.297,155.562,0,0,0,0,0.00,nan,3,2,256,nan,4,1,53,1,1,7,7,0,0,0,867400211,0.03906,-0.00854,0.95654,0.95738,-0.00798,0.00212,-0.00061,0.00828,0.95738,0.00262,0.00828,3,12206,0,1440,4.81728,2.60777,0.54134,-999,0,96.467,-999,0,6,4358,185610,0,0,0.000,79.465,23.482,0,0.000,69.070,66.173,0,0,3,720,0
PPG,2,21640,867150536,121,170322,192776,190266.062,2509.938,112.203,0,0,0,0,0.00,nan,3,2,256,nan,4,1,53,1,1,8,8,0,0,0,867439660,0.04688,-0.01025,0.95874,0.95994,-0.00718,0.00238,0.00046,0.00758,0.96545,0.00961,0.00791,3,12254,0,1440,4.81728,2.60777,0.54134,-999,0,96.467,-999,0,6,4337,185610,0,0,0.000,79.465,23.482,0,0.000,69.070,66.173,0,0,3,680,0
PPG,2,21641,867190536,131,170263,192706,190290.469,2415.531,68.156,0,0,0,0,0.00,nan,3,2,256,nan,4,1,53,1,1,9,9,0,0,0,867478989,0.04102,-0.00854,0.95728,0.95819,-0.00825,0.00265,0.00019,0.00867,0.95819,0.00219,0.00867,3,12242,0,1440,4.81728,2.60777,0.54134,-999,0,96.467,-999,0,6,4332,185610,0,0,0.000,79.465,23.482,0,0.000,69.070,66.173,0,0,3,640,0
PPG,2,21642,867230536,125,170237,192674,190314.297,2359.703,36.219,0,0,0,0,0.00,nan,3,2,256,nan,4,1,53,1,1,10,10,0,0,0,867518296,0.04639,-0.01001,0.95508,0.95626,-0.00692,0.00185,0.00073,0.00720,0.96014,0.00298,0.00800,3,12273,0,1440,4.81728,2.60777,0.54134,-999,0,96.467,-999,0,6,2634,185610,0,0,0.000,79.465,23.482,0,0.000,69.070,66.173,0,0,3,600,0
PPG,2,21643,867270536,123,170286,192737,190338.531,2398.469,32.484,0,0,0,0,0.00,nan,3,2,256,nan,4,1,53,1,1,11,11,0,0,0,867560165,0.04297,-0.00708,0.96069,0.96168,-0.00638,0.00212,-0.00114,0.00682,0.96529,0.00620,0.00843,3,12214,0,1440,4.81728,2.60777,0.54134,-999,0,96.467,-999,0,6,4342,185610,0,0,0.000,79.465,23.482,0,0.000,69.070,66.173,0,0,3,560,0
PPG,2,21644,867310536,512,170311,192796,190363.109,2432.891,39.391,0,0,0,0,0.00,nan,3,2,256,nan,4,1,53,1,1,12,12,0,0,0,867599452,0.04492,-0.01001,0.95581,0.95692,-0.00878,0.00265,-0.00061,0.00919,0.96089,0.00397,0.00919,3,12244,0,1440,4.89020,2.59164,0.52997,-999,0,96.751,-999,0,6,4345,185610,0,0,0.000,79.465,23.482,0,0.000,69.070,66.173,0,0,3,520,0
PPG,2,21645,867350536,173,170320,192861,190388.094,2472.906,38.359,0,0,0,0,0.00,nan,3,2,256,nan,4,1,53,1,1,13,13,0,0,0,867639316,0.04395,-0.00732,0.95557,0.95660,-0.00852,0.00265,-0.00087,0.00896,0.96119,0.00459,0.00896,3,12196,0,1440,4.89020,2.59164,0.52997,-999,0,96.751,-999,0,6,4358,185610,0,0,153.641,79.465,23.482,1,0.000,68.186,70.204,0,0,3,480,0
PPG,2,21646,867390536,120,170385,192972,190413.938,2558.062,32.453,0,0,0,0,0.00,nan,3,2,256,nan,4,1,53,1,1,14,14,0,0,0,867678681,0.04395,-0.00928,0.95801,0.95906,-0.00745,0.00105,0.00019,0.00753,0.96092,0.00305,0.00852,3,12254,0,1440,4.89020,2.59164,0.52997,-999,0,96.751,-999,0,6,2647,185610,0,0,0.000,79.465,23.482,0,0.000,68.186,70.204,0,0,3,440,0
PPG,2,21647,867430536,122,170398,193021,190440.016,2580.984,39.156,0,0,0,0,0.00,nan,3,2,256,nan,4,1,53,1,1,15,15,0,0,0,867720720,0.04468,-0.00562,0.95752,0.95858,-0.00772,0.00132,-0.00061,0.00785,0.95970,0.00292,0.00810,3,12290,0,1440,4.89020,2.59164,0.52997,-999,0,96.751,-999,0,6,4329,185610,0,0,0.000,79.465,23.482,0,0.000,68.186,70.204,0,0,3,400,0
PPG,2,21648,867470536,125,170334,192956,190465.172,2490.828,54.625,0,0,0,0,0.00,nan,3,2,256,nan,4,1,53,1,1,16,16,0,0,0,867759940,0.04004,-0.00562,0.96094,0.96179,-0.00905,0.00265,-0.00034,0.00943,0.96551,0.00997,0.00943,3,12211,0,1440,4.89020,2.59164,0.52997,-999,0,96.751,-999,0,6,4330,185610,0,0,0.000,79.465,23.482,0,0.000,68.186,70.204,0,0,3,360,0
PPG,2,21649,867510536,124,170361,192986,190490.375,2495.625,78.688,0,0,0,0,0.00,nan,3,2,256,nan,4,1,53,1,1,17,17,0,0,0,867799163,0.04346,-0.00586,0.95605,0.95706,-0.00798,0.00158,-0.00087,0.00819,0.96242,0.00464,0.00846,3,12240,0,1440,4.89020,2.59164,0.52997,-999,0,96.751,-999,0,6,4328,185610,0,0,0.000,79.465,23.482,0,0.000,68.186,70.204,0,0,3,320,0
PPG,2,21650,867550536,129,170408,193047,190515.938,2531.062,105.766,0,0,0,0,0.00,nan,3,2,256,nan,4,1,53,1,1,18,18,0,0,0,867838463,0.04419,-0.01001,0.95947,0.96054,-0.00665,0.00105,-0.00087,0.00679,0.96409,0.00793,0.00827,3,12229,0,1440,4.89020,2.59164,0.52997,-999,0,96.751,-999,0,6,2621,185610,0,0,0.000,79.465,23.482,0,0.000,68.186,70.204,0,0,3,280,0
PPG,2,21651,867590536,122,170438,193092,190541.703,2550.297,137.516,0,0,0,0,0.00,nan,3,2,256,nan,4,1,53,1,1,19,19,0,0,0,867880439,0.04517,-0.00562,0.95801,0.95909,-0.00852,0.00025,0.00019,0.00852,0.96194,0.00393,0.00852,3,12242,0,1440,4.89020,2.59164,0.52997,-999,0,96.751,-999,0,6,4324,185610,0,0,0.000,79.465,23.482,0,0.000,68.186,70.204,0,0,3,240,0
PPG,2,21652,867630536,120,170393,192936,190565.641,2370.359,147.016,0,0,0,0,0.00,nan,3,2,256,nan,4,1,53,1,1,20,20,0,0,0,867919537,0.04346,-0.00708,0.96045,0.96146,-0.00718,0.00158,0.00046,0.00737,0.96194,0.00218,0.00814,3,12136,0,1440,4.89020,2.59164,0.52997,-999,0,96.751,-999,0,6,4349,185610,0,0,0.000,79.465,23.482,0,0.000,68.186,70.204,0,0,3,200,0
PPG,2,21653,867670536,127,170377,192825,190588.234,2236.766,130.516,0,0,0,0,0.00,nan,3,2,256,nan,4,1,53,1,1,21,21,0,0,0,867958737,0.04419,-0.00732,0.95972,0.96076,-0.00718,0.00318,-0.00061,0.00788,0.96123,0.00936,0.00817,3,12129,0,1440,4.89020,2.59164,0.52997,-999,0,96.751,-999,0,6,2640,185610,0,0,0.000,80.743,22.668,0,0.000,68.186,70.204,0,0,3,160,0
PPG,2,21654,867710536,120,170392,192832,190610.672,2221.328,108.078,0,0,0,0,0.00,nan,3,2,256,nan,4,1,53,1,1,22,22,0,0,0,868000317,0.04688,-0.00781,0.96069,0.96187,-0.00798,0.00052,-0.00061,0.00802,0.96221,0.00137,0.00824,3,12120,0,1440,4.89020,2.59164,0.52997,-999,0,96.751,-999,0,6,4305,185610,0,0,0.000,80.743,22.668,0,0.000,68.186,70.204,0,0,3,120,0
PPG,2,21655,867750536,123,170424,192909,190633.656,2275.344,97.016,0,0,0,0,0.00,nan,3,2,256,nan,4,1,53,1,1,23,23,0,0,0,868039361,0.04590,-0.00635,0.95801,0.95913,-0.00772,0.00292,-0.00114,0.00833,0.96137,0.00760,0.00863,3,12128,0,1440,4.89020,2.59164,0.52997,-999,0,96.751,-999,0,6,4301,185610,0,0,0.000,80.743,22.668,0,0.000,68.186,70.204,0,0,3,80,0
PPG,2,21656,867790536,120,170448,192992,190657.234,2334.766,82.375,0,0,0,0,0.00,nan,3,2,256,nan,4,1,53,1,1,24,24,0,0,0,868078290,0.04639,-0.00757,0.95850,0.95965,-0.00878,0.00345,-0.00087,0.00948,0.96067,0.00592,0.00948,3,12126,0,1440,4.89020,2.59164,0.52997,-999,0,96.751,-999,0,6,2596,185610,0,0,0.000,80.743,22.668,0,0.000,68.186,70.204,0,0,3,40,0
PPG,2,21657,867830536,133,170443,193015,190680.812,2334.188,59.656,0,0,0,0,0.00,nan,1,2,1024,nan,4,1,53,1,1,25,25,0,0,0,868119816,0.04175,-0.00586,0.95923,0.96015,-0.00825,0.00292,-0.00007,0.00875,0.96015,0.00641,0.00875,3,12138,0,1440,4.89020,2.59164,0.52997,-999,0,96.751,-999,0,6,4318,185610,0,0,0.000,78.930,23.842,0,0.000,68.186,70.204,0,0,0,0,0
PPG,2,21658,867870536,99,170415,193001,190704.016,2296.984,0.000,0,0,0,0,0.00,nan,1,2,1024,nan,4,1,53,1,1,26,26,0,0,0,868158664,0.04370,-0.00854,0.96021,0.96124,-0.00718,0.00238,-0.00034,0.00758,0.96124,0.01000,0.00758,2,24090,0,1441,4.89020,2.59164,0.52997,-999,0,96.751,-999,0,6,2606,185610,0,0,0.000,0.750,3.000,0,0.000,0.750,3.000,0,0,0,0,0
PPG,2,21659,867910536,92,170335,192895,190725.922,2169.078,0.000,0,0,0,0,0.00,nan,1,2,1024,nan,4,1,53,1,1,27,27,0,0,0,868200211,0.04590,-0.00610,0.96069,0.96181,-0.00825,0.00292,-0.00087,0.00879,0.96356,0.00175,0.00879,3,12130,0,1441,4.89020,2.59164,0.52997,-999,0,96.751,-999,0,6,4297,185610,0,0,0.000,0.750,3.000,0,0.000,0.750,3.000,0,0,0,0,0
PPG,2,21660,867950536,95,170283,192829,190746.953,2082.047,0.000,0,0,0,0,0.00,nan,1,2,1024,nan,4,1,53,1,1,28,28,0,0,0,868239066,0.04492,-0.00879,0.95483,0.95593,-0.00878,0.00212,-0.00167,0.00919,0.95792,0.00389,0.00919,3,12135,0,1441,4.89020,2.59164,0.52997,-999,0,96.751,-999,0,6,4299,185610,0,0,0.000,0.750,3.000,0,0.000,0.750,3.000,0,0,0,0,0
PPG,2,21661,867990536,91,170355,192922,190768.703,2153.297,0.000,0,0,0,0,0.00,nan,1,2,1024,nan,4,1,53,1,1,29,29,0,0,0,868277877,0.04370,-0.00537,0.95215,0.95317,-0.00745,0.00025,-0.00087,0.00750,0.96050,0.00457,0.00884,3,12111,0,1441,4.89020,2.59164,0.52997,-999,0,96.751,-999,0,6,2596,185610,0,0,0.000,0.750,3.000,0,0.000,0.750,3.000,0,0,0,0,0
PPG,2,21662,868030536,92,170333,192943,190790.453,2152.547,0.000,0,0,0,0,0.00,nan,1,2,1024,nan,4,1,53,1,1,30,30,0,0,0,868319294,0.04126,-0.01050,0.96313,0.96408,-0.00692,0.00025,-0.00007,0.00692,0.96427,0.01111,0.00826,3,12122,0,1441,4.89020,2.59164,0.52997,-999,0,96.751,-999,0,6,4304,185610,0,0,0.000,0.750,3.000,0,0.000,0.750,3.000,0,0,0,0,0
PPG,2,21663,868070536,91,170223,192833,190810.875,2022.125,0.000,0,0,0,0,0.00,nan,1,2,1024,nan,4,1,53,1,1,31,31,0,0,0,868358158,0.04150,-0.00562,0.95752,0.95844,-0.00798,0.00025,-0.00034,0.00799,0.95844,0.00576,0.00880,3,12126,0,1441,4.89020,2.59164,0.52997,-999,0,96.751,-999,0,6,2595,185610,0,0,0.000,0.750,3.000,0,0.000,0.750,3.000,0,0,0,0,0
PPG,2,21664,868110536,92,169667,192242,190825.188,1416.812,0.000,0,0,0,0,0.00,nan,1,2,1024,nan,4,1,53,1,1,0,0,0,0,0,868399577,0.04639,-0.00537,0.95679,0.95793,-0.00798,0.00132,-0.00087,0.00814,0.96303,0.00459,0.00864,3,12113,0,1441,4.89020,2.59164,0.52997,-999,0,96.751,-999,0,6,4295,185610,0,0,0.000,0.750,3.000,0,0.000,0.750,3.000,0,0,0,0,0
PPG,2,21665,868150536,95,168712,191133,190828.266,304.734,0.000,0,0,0,0,0.00,nan,1,2,1024,nan,4,1,53,1,1,1,1,0,0,0,868438540,0.04395,-0.00659,0.95386,0.95489,-0.00745,0.00079,-0.00061,0.00752,0.96091,0.00601,0.00811,3,12170,0,1441,4.89020,2.59164,0.52997,-999,0,96.751,-999,0,6,2597,185610,0,0,0.000,0.750,3.000,0,0.000,0.750,3.000,0,0,0,0,0
PPG,2,21666,868190536,92,168276,190686,190826.844,-140.844,0.000,0,0,0,0,0.00,nan,1,2,1024,nan,4,1,53,1,1,2,2,0,0,0,868479942,0.04175,-0.00562,0.95581,0.95674,-0.00878,0.00079,0.00019,0.00882,0.96533,0.01043,0.00915,3,12114,0,1441,4.89020,2.59164,0.52997,-999,0,96.751,-999,0,6,4301,185610,0,0,0.000,0.750,3.000,0,0.000,0.750,3.000,0,0,0,0,0
PPG,2,21667,868230536,96,168509,190976,190828.328,147.672,0.000,0,0,0,0,0.00,nan,1,2,1024,nan,4,1,53,1,1,3,3,0,0,0,868518760,0.04590,-0.01099,0.95508,0.95624,-0.00852,-0.00081,-0.00114,0.00863,0.96385,0.00873,0.00863,3,12122,0,1441,4.89020,2.59164,0.52997,-999,0,96.751,-999,0,6,2604,185610,0,0,0.000,0.750,3.000,0,0.000,0.750,3.000,0,0,0,0,0
PPG,2,21668,868270536,92,168455,191019,190830.234,188.766,0.000,0,0,0,0,0.00,nan,1,2,1024,nan,4,1,53,1,1,4,4,0,0,0,868560359,0.04248,-0.00928,0.95581,0.95680,-0.00825,0.00052,-0.00034,0.00827,0.96203,0.00579,0.00827,3,12113,0,1441,4.89020,2.59164,0.52997,-999,0,96.751,-999,0,6,4300,185610,0,0,0.000,0.750,3.000,0,0.000,0.750,3.000,0,0,0,0,0
PPG,2,21669,868310536,478,167847,190373,190825.656,-452.656,0.000,0,0,0,0,0.00,nan,1,2,1024,nan,4,1,53,1,1,5,5,0,0,0,868599176,0.04492,-0.00366,0.95996,0.96102,-0.00852,0.00052,-0.00061,0.00855,0.96297,0.00600,0.00855,3,12120,0,1441,0.40409,0.32160,0.79587,78,1,90.103,38,1,6,4301,185610,0,0,0.000,0.750,3.000,0,0.000,0.750,3.000,0,0,0,0,0
PPG,2,21670,868350536,141,167472,189957,190816.969,-859.969,0.000,0,0,0,0,0.00,nan,1,2,1024,nan,4,1,53,1,1,6,6,0,0,0,868638477,0.04443,-0.00903,0.95728,0.95835,-0.00692,0.00132,0.00099,0.00711,0.96036,0.00636,0.00791,3,12156,0,1441,0.40409,0.32160,0.79587,78,1,90.103,38,1,6,2599,185610,0,0,0.000,0.750,3.000,0,0.000,0.750,3.000,0,0,0,0,0
PPG,2,21671,868390536,91,168014,190491,190813.703,-322.703,0.000,0,0,0,0,0.00,nan,1,2,1024,nan,4,1,53,1,1,7,7,0,0,0,868679930,0.03882,-0.00586,0.96143,0.96223,-0.00798,0.00452,-0.00167,0.00932,0.96223,0.00481,0.00932,3,12118,0,1441,0.40409,0.32160,0.79587,78,1,90.103,38,1,6,4297,185610,0,0,0.000,0.750,3.000,0,0.000,0.750,3.000,0,0,0,0,0
PPG,2,21672,868430536,92,167669,190012,190805.688,-793.688,0.000,0,0,0,0,0.00,nan,1,2,1024,nan,4,1,53,1,1,8,8,0,0,0,868718760,0.04053,-0.00635,0.95532,0.95620,-0.00852,0.00212,-0.00061,0.00880,0.95979,0.00657,0.01039,3,12134,0,1441,0.40409,0.32160,0.79587,78,1,90.103,38,1,6,2604,185610,0,0,0.000,0.750,3.000,0,0.000,0.750,3.000,0,0,0,0,0
PPG,2,21673,868470536,91,166964,189245,190790.078,-1545.078,0.000,0,0,0,0,0.00,nan,1,2,1024,nan,4,1,53,1,1,9,9,0,0,0,868760327,0.04688,-0.00610,0.96338,0.96454,-0.00798,0.00185,-0.00141,0.00831,0.96454,0.00339,0.00831,3,12116,0,1441,0.40409,0.32160,0.79587,78,1,90.103,38,1,6,4307,185610,0,0,0.000,0.750,3.000,0,0.000,0.750,3.000,0,0,0,0,0
PPG,2,21674,868510536,91,166845,189220,190774.375,-1554.375,0.000,0,0,0,0,0.00,nan,1,2,1024,nan,4,1,53,1,1,10,10,0,0,0,868799216,0.04321,-0.00928,0.95654,0.95756,-0.00798,0.00238,-0.00061,0.00835,0.95900,0.00554,0.00853,3,12131,0,1441,0.40409,0.32160,0.79587,78,1,90.103,38,1,6,4299,185610,0,0,0.000,0.750,3.000,0,0.000,0.750,3.000,0,0,0,0,0
PPG,2,21675,868550536,90,166911,189395,190760.578,-1365.578,0.000,0,0,0,0,0.00,nan,1,2,1024,nan,4,1,53,1,1,11,11,0,0,0,868838057,0.05029,-0.00903,0.95874,0.96010,-0.00878,0.00105,-0.00007,0.00885,0.96010,0.00430,0.00892,3,12129,0,1441,0.40409,0.32160,0.79587,78,1,90.103,38,1,6,2615,185610,0,0,0.000,0.750,3.000,0,0.000,0.750,3.000,0,0,0,0,0
PPG,2,21676,868590536,91,166144,188620,190739.172,-2119.172,0.000,0,0,0,0,0.00,nan,1,2,1024,nan,4,1,53,1,1,12,12,0,0,0,868879494,0.04590,-0.00513,0.95996,0.96107,-0.00825,0.00265,-0.00114,0.00874,0.96211,0.00523,0.00874,3,12126,0,1441,0.40409,0.32160,0.79587,78,1,90.103,38,1,6,4294,185610,0,0,0.000,0.750,3.000,0,0.000,0.750,3.000,0,0,0,0,0
PPG,2,21677,868630536,110,164871,187218,190703.953,-3485.953,-1728.922,0,0,0,0,0.00,nan,1,2,1024,nan,4,1,53,1,1,13,13,0,0,0,868918299,0.04346,-0.00732,0.95972,0.96073,-0.00772,0.00292,0.00046,0.00826,0.96073,0.00743,0.00858,3,12120,0,1441,0.40409,0.32160,0.79587,78,1,90.103,38,1,6,2594,185610,0,0,0.000,0.750,3.000,0,0.000,0.750,3.000,0,0,0,0,0
PPG,2,21678,868670536,119,163831,186167,190658.578,-4491.578,-2004.938,0,0,0,0,0.00,nan,1,2,1024,nan,4,1,53,1,1,14,14,0,0,0,868959966,0.04272,-0.00488,0.95288,0.95385,-0.00958,0.00372,-0.00141,0.01037,0.95655,0.00584,0.01037,3,12259,0,1441,0.40409,0.32160,0.79587,78,1,90.103,38,1,6,4330,185610,0,0,0.000,0.750,3.000,0,0.000,0.750,3.000,0,0,0,0,0
PPG,2,21679,868710536,112,163961,186348,190615.469,-4267.469,-2201.031,0,0,0,0,0.00,nan,1,2,1024,nan,4,1,53,1,1,15,15,0,0,0,868999178,0.04126,-0.00708,0.95117,0.95209,-0.00745,0.00265,-0.00141,0.00803,0.96064,0.00854,0.00921,3,12179,0,1441,0.40409,0.32160,0.79587,78,1,90.103,38,1,6,2604,185610,0,0,0.000,0.750,3.000,0,0.000,0.750,3.000,0,0,0,0,0
PPG,2,21680,868750536,111,163897,186297,190572.281,-4275.281,-2295.562,0,0,0,0,0.00,nan,1,2,1024,nan,4,1,53,1,1,16,16,0,0,0,869040645,0.04199,-0.00439,0.95532,0.95625,-0.00878,0.00158,0.00019,0.00893,0.96637,0.01428,0.00893,3,12117,0,1441,0.40409,0.32160,0.79587,78,1,90.103,38,1,6,4296,185610,0,0,0.000,0.750,3.000,0,0.000,0.750,3.000,0,0,0,0,0
PPG,2,21681,868790536,112,163690,186114,190527.703,-4413.703,-2398.875,0,0,0,0,0.00,nan,1,2,1024,nan,4,1,53,1,1,17,17,0,0,0,869079684,0.04102,-0.00781,0.95630,0.95721,-0.00745,0.00185,-0.00141,0.00780,0.95774,0.00123,0.00983,3,12216,0,1441,0.40409,0.32160,0.79587,78,1,90.103,38,1,6,4309,185610,0,0,0.000,0.750,3.000,0,0.000,0.750,3.000,0,0,0,0,0
PPG,2,21682,868830536,111,164005,186512,190487.547,-3975.547,-2489.188,0,0,0,0,0.00,nan,1,2,1024,nan,4,1,53,1,1,18,18,0,0,0,869118706,0.03906,-0.01123,0.96338,0.96424,-0.00852,0.00158,-0.00034,0.00867,0.96424,0.00575,0.00919,3,12224,0,1441,0.40409,0.32160,0.79587,78,1,90.103,38,1,6,2608,185610,0,0,0.000,0.750,3.000,0,0.000,0.750,3.000,0,0,0,0,0
PPG,2,21683,868870536,124,164346,186930,190451.969,-3521.969,-2435.469,0,0,0,0,0.00,nan,1,2,1024,nan,4,1,53,1,1,19,19,0,0,0,869160782,0.04419,-0.00391,0.95166,0.95269,-0.00825,0.00318,-0.00034,0.00885,0.95578,0.00845,0.00885,2,24820,0,1442,0.40409,0.32160,0.79587,78,1,90.103,38,1,6,4426,185610,0,0,0.000,0.750,3.000,0,0.000,0.750,3.000,0,0,0,0,0
PPG,2,21684,868910536,112,162929,185262,190400.062,-5138.062,-2365.891,0,0,0,0,0.00,nan,1,2,1024,nan,4,1,53,1,1,20,20,0,0,0,869200131,0.04126,-0.00781,0.95654,0.95746,-0.00825,-0.00055,-0.00087,0.00831,0.96061,0.00697,0.00892,3,12260,0,1442,0.40409,0.32160,0.79587,78,1,90.103,38,1,6,4351,185610,0,0,0.000,0.750,3.000,0,0.000,0.750,3.000,0,0,0,0,0
PPG,2,21685,868950536,126,162097,184388,190339.938,-5951.938,-2282.781,0,0,0,0,0.00,nan,1,2,1024,nan,4,1,53,1,1,21,21,0,0,0,869239426,0.04541,-0.00781,0.96167,0.96277,-0.00745,-0.00268,-0.00087,0.00796,0.96277,0.00584,0.00935,3,12223,0,1442,0.40409,0.32160,0.79587,78,1,90.103,38,1,6,4352,185610,0,0,0.000,0.750,3.000,0,0.000,0.750,3.000,0,0,0,0,0
PPG,2,21686,868990536,111,162723,185332,190289.859,-4957.859,-2160.219,0,0,0,0,0.00,nan,1,2,1024,nan,4,1,53,1,1,22,22,0,0,0,869278859,0.04395,-0.00513,0.96021,0.96122,-0.00745,0.00158,-0.00061,0.00764,0.96122,0.01249,0.00764,3,12269,0,1442,0.40409,0.32160,0.79587,78,1,90.103,38,1,6,2630,185610,0,0,0.000,0.750,3.000,0,0.000,0.750,3.000,0,0,0,0,0
PPG,2,21687,869030536,115,163519,186463,190251.594,-3788.594,-1910.875,0,0,0,0,0.00,nan,1,2,1024,nan,4,1,53,1,1,23,23,0,0,0,869320732,0.04150,-0.00757,0.95776,0.95869,-0.00692,0.00398,-0.00141,0.00810,0.96317,0.00258,0.00860,3,12245,0,1442,0.40409,0.32160,0.79587,78,1,90.103,38,1,6,4315,185610,0,0,0.000,0.750,3.000,0,0.000,0.750,3.000,0,0,0,0,0
PPG,2,21688,869070536,118,163711,186737,190216.453,-3479.453,-1607.766,0,0,0,0,0.00,nan,1,2,1024,nan,4,1,53,1,1,24,24,0,0,0,869359996,0.04272,-0.00684,0.95752,0.95850,-0.00825,0.00185,-0.00114,0.00853,0.96485,0.00616,0.00853,3,12279,0,1442,0.40409,0.32160,0.79587,78,1,90.103,38,1,6,4331,185610,0,0,0.000,0.750,3.000,0,0.000,0.750,3.000,0,0,0,0,0
PPG,2,21689,869110536,116,163167,186196,190176.250,-3980.250,-1444.062,0,0,0,0,0.00,nan,1,2,1024,nan,4,1,53,1,1,25,25,0,0,0,869399180,0.04248,-0.00879,0.95923,0.96021,-0.00825,0.00345,-0.00007,0.00894,0.96219,0.00198,0.00894,3,12230,0,1442,0.40409,0.32160,0.79587,78,1,90.103,38,1,6,2649,185610,0,0,0.000,0.750,3.000,0,0.000,0.750,3.000,0,0,0,0,0
PPG,2,21690,869150536,122,162570,185652,190131.000,-4479.000,-1411.375,0,0,0,0,0.00,nan,1,2,1024,nan,4,1,53,1,1,26,26,0,0,0,869441135,0.04004,-0.00684,0.95386,0.95472,-0.00718,0.00318,-0.00034,0.00786,0.95732,0.00343,0.00888,3,12257,0,1442,0.40409,0.32160,0.79587,78,1,90.103,38,1,6,4334,185610,0,0,0.000,0.750,3.000,0,0.000,0.750,3.000,0,0,0,0,0
PPG,2,21691,869190536,112,161805,184737,190077.062,-5340.062,-1198.672,0,0,0,0,0.00,nan,1,2,1024,nan,4,1,53,1,1,27,27,0,0,0,869480451,0.04175,-0.00854,0.96460,0.96554,-0.00825,0.00398,-0.00114,0.00923,0.96554,0.00842,0.00966,3,12245,0,1442,0.40409,0.32160,0.79587,78,1,90.103,38,1,6,4314,185610,0,0,0.000,0.750,3.000,0,0.000,0.750,3.000,0,0,0,0,0
PPG,2,21692,869230536,112,161136,183995,190016.234,-6021.234,-953.984,0,0,0,0,0.00,nan,1,2,1024,nan,4,1,53,1,1,28,28,0,0,0,869519695,0.04248,-0.00928,0.96021,0.96119,-0.00745,0.00505,-0.00034,0.00901,0.96258,0.00444,0.00901,3,12241,0,1442,0.40409,0.32160,0.79587,78,1,90.103,38,1,6,4330,185610,0,0,0.000,0.750,3.000,0,0.000,0.750,3.000,0,0,0,0,0
PPG,2,21693,869270536,113,161751,184807,189964.141,-5157.141,-807.078,0,0,0,0,0.00,nan,1,2,1024,nan,4,1,53,1,1,29,29,0,0,0,869558953,0.04321,-0.00757,0.96021,0.96121,-0.00745,0.00478,-0.00141,0.00896,0.96121,0.00576,0.00917,3,12271,0,1442,0.40409,0.32160,0.79587,78,1,90.103,38,1,6,2627,185610,0,0,0.000,0.750,3.000,0,0.000,0.750,3.000,0,0,0,0,0
PPG,2,21694,869310536,499,162536,185849,189922.984,-4073.984,-726.234,0,0,0,0,0.00,nan,1,2,1024,nan,4,1,53,1,1,30,30,0,0,0,869600792,0.04590,-0.00464,0.95801,0.95912,-0.00692,0.00478,-0.00007,0.00841,0.95984,0.00568,0.00941,3,12243,0,1442,1.36714,1.62210,1.18649,84,1,80.338,214,1,6,4341,185610,0,0,0.000,0.750,3.000,0,0.000,0.750,3.000,0,0,0,0,0
PPG,2,21695,869350536,161,162861,186357,189887.328,-3530.328,-628.625,0,0,0,0,0.00,nan,1,2,1024,nan,4,1,53,1,1,31,31,0,0,0,869640384,0.04663,-0.00781,0.95630,0.95747,-0.00852,0.00132,-0.00034,0.00862,0.95906,0.00144,0.00945,3,12246,0,1442,1.36714,1.62210,1.18649,84,1,80.338,214,1,6,4336,185610,0,0,0.000,0.750,3.000,0,0.000,0.750,3.000,0,0,0,0,0
PPG,2,21696,869390536,111,162020,185511,189843.562,-4332.562,-571.016,0,0,0,0,0.00,nan,1,2,1024,nan,4,1,53,1,1,0,0,0,0,0,869679660,0.04297,-0.00708,0.95459,0.95558,-0.00798,0.00292,-0.00141,0.00861,0.96440,0.00855,0.00861,3,12243,0,1442,1.36714,1.62210,1.18649,84,1,80.338,214,1,6,4335,185610,0,0,0.000,0.750,3.000,0,0.000,0.750,3.000,0,0,0,0,0
PPG,2,21697,869430536,115,161169,184585,189790.984,-5205.984,-591.812,0,0,0,0,0.00,nan,1,2,1024,nan,4,1,53,1,1,1,1,0,0,0,869718933,0.04272,-0.00562,0.95679,0.95776,-0.00772,0.00478,0.00019,0.00908,0.95931,0.00373,0.00908,3,12241,0,1442,1.36714,1.62210,1.18649,84,1,80.338,214,1,6,2631,185610,0,0,0.000,0.750,3.000,0,0.000,0.750,3.000,0,0,0,0,0
PPG,2,21698,869470536,109,160965,184326,189736.328,-5410.328,-558.484,0,0,0,0,0.00,nan,1,2,1024,nan,4,1,53,1,1,2,2,0,0,0,869760799,0.04248,-0.01001,0.95532,0.95632,-0.00692,0.00212,-0.00087,0.00729,0.96252,0.00620,0.00865,3,12247,0,1442,1.36714,1.62210,1.18649,84,1,80.338,214,1,6,4362,185610,0,0,0.000,0.750,3.000,0,0.000,0.750,3.000,0,0,0,0,0
PPG,2,21699,869510536,112,161285,184737,189686.328,-4949.328,-371.922,0,0,0,0,0.00,nan,1,2,1024,nan,4,1,53,1,1,3,3,0,0,0,869799773,0.04150,-0.00464,0.96191,0.96282,-0.00798,0.00425,-0.00167,0.00920,0.96282,0.00906,0.00954,3,12126,0,1442,1.36714,1.62210,1.18649,84,1,80.338,214,1,6,4299,185610,0,0,0.000,0.750,3.000,0,0.000,0.750,3.000,0,0,0,0,0
PPG,2,21700,869550536,110,161076,184532,189634.781,-5102.781,-322.953,0,0,0,0,0.00,nan,1,2,1024,nan,4,1,53,1,1,4,4,0,0,0,869838693,0.03931,-0.00171,0.95947,0.96028,-0.00745,0.00372,-0.00087,0.00837,0.96028,0.00831,0.00870,3,12123,0,1442,1.36714,1.62210,1.18649,84,1,80.338,214,1,6,2609,185610,0,0,0.000,0.750,3.000,0,0.000,0.750,3.000,0,0,0,0,0
PPG,2,21701,869590536,113,159638,182969,189568.125,-6599.125,-577.125,0,0,0,0,0.00,nan,1,2,1024,nan,4,1,53,1,1,5,5,0,0,0,869880458,0.04077,-0.00635,0.95703,0.95792,-0.00745,0.00238,-0.00114,0.00790,0.95851,0.00348,0.00796,3,12289,0,1442,1.36714,1.62210,1.18649,84,1,80.338,214,1,6,4299,185610,0,0,0.000,0.750,3.000,0,0.000,0.750,3.000,0,0,0,0,0
PPG,2,21702,869630536,109,158450,181678,189489.219,-7811.219,-1003.875,0,0,0,0,0.00,nan,1,2,1024,nan,4,1,53,1,1,6,6,0,0,0,869919332,0.04663,-0.00610,0.96045,0.96160,-0.00745,0.00079,-0.00034,0.00750,0.96160,0.00489,0.00754,3,12112,0,1442,1.36714,1.62210,1.18649,84,1,80.338,214,1,6,2602,185610,0,0,0.000,0.750,3.000,0,0.000,0.750,3.000,0,0,0,0,0
PPG,2,21703,869670536,111,158124,181376,189408.094,-8032.094,-1316.875,0,0,0,0,0.00,nan,1,2,1024,nan,4,1,53,1,1,7,7,0,0,0,869960830,0.04150,-0.00684,0.96045,0.96137,-0.00692,0.00238,-0.00114,0.00740,0.96137,0.00702,0.00803,3,12158,0,1442,1.36714,1.62210,1.18649,84,1,80.338,214,1,6,4316,185610,0,0,0.000,0.750,3.000,0,0.000,0.750,3.000,0,0,0,0,0
PPG,2,21704,869710536,109,158621,182060,189334.609,-7274.609,-1517.484,0,0,0,0,0.00,nan,1,2,1024,nan,4,1,53,1,1,8,8,0,0,0,869999852,0.04150,-0.00903,0.95557,0.95651,-0.00745,0.00185,-0.00061,0.00770,0.96159,0.00508,0.00770,3,12127,0,1442,1.36714,1.62210,1.18649,84,1,80.338,214,1,6,4303,185610,0,0,0.000,0.750,3.000,0,0.000,0.750,3.000,0,0,0,0,0
PPG,2,21705,869750536,112,159855,183507,189276.328,-5769.328,-1590.438,0,0,0,0,0.00,nan,1,2,1024,nan,4,1,53,1,1,9,9,0,0,0,870038731,0.04297,-0.00488,0.95752,0.95850,-0.00665,-0.00001,-0.00034,0.00666,0.96396,0.00546,0.00724,3,12121,0,1442,1.36714,1.62210,1.18649,84,1,80.338,214,1,6,2603,185610,0,0,0.000,0.750,3.000,0,0.000,0.750,3.000,0,0,0,0,0
PPG,2,21706,869790536,111,160787,184747,189231.031,-4484.031,-1559.766,0,0,0,0,0.00,nan,1,2,1024,nan,4,1,53,1,1,10,10,0,0,0,870080340,0.04712,-0.00830,0.95679,0.95798,-0.00772,0.00265,-0.00114,0.00824,0.96105,0.00822,0.00827,3,12140,0,1442,1.36714,1.62210,1.18649,84,1,80.338,214,1,6,4301,185610,0,0,0.000,0.750,3.000,0,0.000,0.750,3.000,0,0,0,0,0
PPG,2,21707,869830536,111,161016,185326,189191.984,-3865.984,-1389.484,0,0,0,0,0.00,nan,1,2,1024,nan,4,1,53,1,1,11,11,0,0,0,870119246,0.04614,-0.00244,0.95508,0.95620,-0.00905,0.00318,-0.00141,0.00969,0.96374,0.01284,0.00969,3,12134,0,1442,1.36714,1.62210,1.18649,84,1,80.338,214,1,6,2601,185610,0,0,0.000,0.750,3.000,0,0.000,0.750,3.000,0,0,0,0,0
PPG,2,21708,869870536,117,160564,184905,189149.109,-4244.109,-1021.312,0,0,0,0,0.00,nan,1,2,1024,nan,4,1,53,1,1,12,12,0,0,0,870160534,0.03857,-0.01099,0.94702,0.94787,-0.00931,0.00318,-0.00087,0.00988,0.95457,0.00670,0.00988,2,24109,0,1443,1.36714,1.62210,1.18649,84,1,80.338,214,1,6,4377,185610,0,0,0.000,0.750,3.000,0,0.000,0.750,3.000,0,0,0,0,0
PPG,2,21709,869910536,114,159835,184083,189098.453,-5015.453,-572.094,0,0,0,0,0.00,nan,1,2,1024,nan,4,1,53,1,1,13,13,0,0,0,870199636,0.04150,-0.00757,0.95288,0.95381,-0.00878,0.00265,-0.00061,0.00919,0.95381,0.00521,0.00919,3,12138,0,1443,1.36714,1.62210,1.18649,84,1,80.338,214,1,6,2595,185610,0,0,0.000,0.750,3.000,0,0.000,0.750,3.000,0,0,0,0,0
PPG,2,21710,869950536,116,159104,183295,189040.422,-5745.422,-180.094,0,0,0,0,0.00,nan,1,2,1024,nan,4,1,53,1,1,14,14,0,0,0,870241137,0.04663,-0.00806,0.95972,0.96088,-0.00718,0.00158,0.00073,0.00739,0.96314,0.00932,0.00798,3,12121,0,1443,1.36714,1.62210,1.18649,84,1,80.338,214,1,6,4296,185610,0,0,0.000,0.750,3.000,0,0.000,0.750,3.000,0,0,0,0,0
PPG,2,21711,869990536,115,159412,183651,188986.531,-5335.531,101.484,0,0,0,0,0.00,nan,1,2,1024,nan,4,1,53,1,1,15,15,0,0,0,870280051,0.04443,-0.00635,0.95679,0.95784,-0.00772,0.00345,-0.00007,0.00845,0.95795,0.00293,0.00845,3,12152,0,1443,1.36714,1.62210,1.18649,84,1,80.338,214,1,6,4298,185610,0,0,0.000,0.750,3.000,0,0.000,0.750,3.000,0,0,0,0,0
PPG,2,21712,870030536,111,159503,183557,188932.234,-5375.234,130.516,0,0,0,0,0.00,nan,1,2,1024,nan,4,1,53,1,1,16,16,0,0,0,870318906,0.04272,-0.00952,0.95483,0.95584,-0.00772,0.00265,-0.00167,0.00833,0.96288,0.00705,0.00966,3,12116,0,1443,1.36714,1.62210,1.18649,84,1,80.338,214,1,6,2595,185610,0,0,0.000,0.750,3.000,0,0.000,0.750,3.000,0,0,0,0,0
PPG,2,21713,870070536,126,157257,180693,188849.844,-8156.844,-242.922,0,0,0,0,0.00,nan,1,2,1024,nan,4,1,53,1,1,17,17,0,0,0,870360363,0.03857,-0.00513,0.95679,0.95758,-0.00692,0.00185,-0.00061,0.00719,0.95846,0.00662,0.00747,3,12113,0,1443,1.36714,1.62210,1.18649,84,1,80.338,214,1,6,4301,185610,0,0,0.000,253.379,3.723,0,0.000,0.750,3.000,0,0,0,0,0
PPG,2,21714,870110536,116,155231,178041,188741.750,-10700.750,-893.219,0,0,0,0,0.00,nan,1,2,1024,nan,4,1,53,1,1,18,18,0,0,0,870399673,0.04272,-0.00562,0.95483,0.95581,-0.00798,0.00132,-0.00007,0.00809,0.95581,0.00226,0.00924,3,12284,0,1443,1.36714,1.62210,1.18649,84,1,80.338,214,1,6,2610,185610,0,0,0.000,253.379,3.723,0,0.000,0.750,3.000,0,0,0,0,0
PPG,2,21715,870150536,115,153942,176230,188616.625,-12386.625,-1626.172,0,0,0,0,0.00,nan,1,2,1024,nan,4,1,53,1,1,19,19,0,0,0,870441230,0.04199,-0.00879,0.95679,0.95775,-0.00745,0.00318,-0.00061,0.00812,0.96105,0.00524,0.00927,3,12141,0,1443,1.36714,1.62210,1.18649,84,1,80.338,214,1,6,4300,185610,0,0,0.000,253.379,3.723,0,0.000,0.750,3.000,0,0,0,0,0
PPG,2,21716,870190536,115,153123,174895,188479.406,-13584.406,-2407.938,0,0,0,0,0.00,nan,1,2,1024,nan,4,1,53,1,1,20,20,0,0,0,870480150,0.04395,-0.00732,0.95508,0.95612,-0.00825,0.00132,-0.00061,0.00838,0.95900,0.00288,0.00838,3,12156,0,1443,1.36714,1.62210,1.18649,84,1,80.338,214,1,6,4327,185610,0,0,0.000,253.379,3.723,0,0.000,0.750,3.000,0,0,0,0,0
PPG,2,21717,870230536,117,152238,173450,188329.109,-14879.109,-3257.625,0,0,0,0,0.00,nan,1,2,1024,nan,4,1,53,1,1,21,21,0,0,0,870519219,0.04346,-0.00757,0.95557,0.95658,-0.00798,0.00212,-0.00007,0.00826,0.96239,0.00581,0.00893,3,12125,0,1443,1.36714,1.62210,1.18649,84,1,80.338,214,1,6,2604,185610,0,0,0.000,253.379,3.723,0,0.000,0.750,3.000,0,0,0,0,0
PPG,2,21718,870270536,115,151914,172824,188174.062,-15350.062,-4229.219,0,0,0,0,0.00,nan,1,2,1024,nan,4,1,53,1,1,22,22,0,0,0,870560906,0.04321,-0.00684,0.95581,0.95681,-0.00798,0.00265,-0.00087,0.00846,0.96220,0.00539,0.00945,3,12116,0,1443,1.36714,1.62210,1.18649,84,1,80.338,214,1,6,4304,185610,0,0,0.000,253.379,3.723,0,0.000,0.750,3.000,0,0,0,0,0
PPG,2,21719,870310536,504,151927,172629,188018.609,-15389.609,-5184.984,0,0,0,0,0.00,nan,1,2,1024,nan,4,1,53,1,1,23,23,0,0,0,870600234,0.04297,-0.00977,0.95972,0.96073,-0.00692,0.00025,-0.00087,0.00698,0.96073,0.00517,0.00783,3,12252,0,1443,2.72315,3.16055,1.16062,84,1,80.984,166,1,6,4333,185610,0,0,0.000,253.379,3.723,0,0.000,0.750,3.000,0,0,0,0,0
PPG,2,21720,870350536,179,151719,172126,187859.688,-15733.688,-5788.516,0,0,0,0,0.00,nan,1,2,1024,nan,4,1,53,1,1,24,24,0,0,0,870639916,0.04272,-0.00952,0.95557,0.95657,-0.00745,0.00265,-0.00141,0.00803,0.95807,0.00610,0.00803,3,12246,0,1443,2.72315,3.16055,1.16062,84,1,80.984,166,1,6,4339,185610,0,0,0.000,253.379,3.723,0,0.000,0.750,3.000,0,0,0,0,0
PPG,2,21721,870390536,123,151462,171681,187697.906,-16016.906,-6132.703,0,0,0,0,0.00,nan,1,2,1024,nan,4,1,53,1,1,25,25,0,0,0,870679266,0.04028,-0.00928,0.96460,0.96548,-0.00718,0.00212,-0.00087,0.00754,0.96548,0.00794,0.00885,3,12260,0,1443,2.72315,3.16055,1.16062,84,1,80.984,166,1,6,2623,185610,0,0,0.000,253.379,3.723,0,0.000,0.750,3.000,0,0,0,0,0
PPG,2,21722,870430536,122,151562,171857,187539.500,-15682.500,-6266.375,0,0,0,0,0.00,nan,1,2,1024,nan,4,1,53,1,1,26,26,0,0,0,870721208,0.04321,-0.00757,0.95605,0.95706,-0.00825,0.00292,-0.00167,0.00891,0.95706,0.00890,0.00891,3,12244,0,1443,2.72315,3.16055,1.16062,84,1,80.984,166,1,6,4338,185610,0,0,0.000,253.379,3.723,0,0.000,0.750,3.000,0,0,0,0,0
PPG,2,21723,870470536,115,151496,171852,187382.625,-15530.625,-6224.875,0,0,0,0,0.00,nan,1,2,1024,nan,4,1,53,1,1,27,27,0,0,0,870760450,0.04468,-0.00806,0.95825,0.95933,-0.00745,0.00238,0.00019,0.00782,0.95990,0.00249,0.00871,3,12260,0,1443,2.72315,3.16055,1.16062,84,1,80.984,166,1,6,4356,185610,0,0,0.000,253.379,3.723,0,0.000,0.750,3.000,0,0,0,0,0
PPG,2,21724,870510536,115,151063,171381,187222.609,-15841.609,-5986.500,0,0,0,0,0.00,nan,1,2,1024,nan,4,1,53,1,1,28,28,0,0,0,870799719,0.04443,-0.00610,0.95142,0.95247,-0.00798,0.00238,-0.00167,0.00850,0.95791,0.00363,0.00850,3,12253,0,1443,2.72315,3.16055,1.16062,84,1,80.984,166,1,6,2644,185610,0,0,0.000,253.379,3.723,0,0.000,0.750,3.000,0,0,0,0,0
PPG,2,21725,870550536,125,150615,170903,187059.406,-16156.406,-5630.719,0,0,0,0,0.00,nan,1,2,1024,nan,4,1,53,1,1,29,29,0,0,0,870841552,0.04004,-0.00586,0.96362,0.96447,-0.00745,0.00292,-0.00141,0.00812,0.96447,0.00952,0.00812,3,12244,0,1443,2.72315,3.16055,1.16062,84,1,80.984,166,1,6,4313,185610,0,0,0.000,253.379,3.723,0,0.000,0.750,3.000,0,0,0,0,0
PPG,2,21726,870590536,118,150342,170705,186895.859,-16190.859,-5203.484,0,0,0,0,0.00,nan,1,2,1024,nan,4,1,53,1,1,30,30,0,0,0,870880815,0.03906,-0.00342,0.95972,0.96052,-0.00772,0.00158,-0.00114,0.00796,0.96052,0.00435,0.00822,3,12262,0,1443,2.72315,3.16055,1.16062,84,1,80.984,166,1,6,4354,185610,0,0,0.000,253.379,3.723,0,0.000,0.750,3.000,0,0,0,0,0
PPG,2,21727,870630536,131,150425,170981,186736.703,-15755.703,-4649.812,0,0,0,0,0.00,nan,1,2,1024,nan,4,1,53,1,1,31,31,0,0,0,870920048,0.03882,-0.00317,0.95532,0.95612,-0.00745,0.00265,-0.00141,0.00803,0.95957,0.00693,0.00872,3,12218,0,1443,2.72315,3.16055,1.16062,84,1,80.984,166,1,6,4321,185610,0,0,0.000,253.379,3.723,0,0.000,0.750,3.000,0,0,0,0,0
PPG,2,21728,870670536,123,150544,171273,186582.062,-15309.062,-4026.484,0,0,0,0,0.00,nan,1,2,1024,nan,4,1,53,1,1,0,0,0,0,0,870959326,0.04053,-0.00635,0.95923,0.96011,-0.00665,0.00212,-0.00087,0.00703,0.96314,0.00594,0.00874,3,12226,0,1443,2.72315,3.16055,1.16062,84,1,80.984,166,1,6,2636,185610,0,0,0.000,253.379,3.723,0,0.000,0.750,3.000,0,0,0,0,0
PPG,2,21729,870710536,115,150607,171491,186431.156,-14940.156,-3449.172,0,0,0,0,0.00,nan,1,2,1024,nan,4,1,53,1,1,1,1,0,0,0,871001331,0.04443,-0.00928,0.95679,0.95786,-0.00745,0.00238,-0.00114,0.00790,0.96173,0.00758,0.00799,3,12271,0,1443,2.72315,3.16055,1.16062,84,1,80.984,166,1,6,4335,185610,0,0,0.000,253.379,3.723,0,0.000,0.750,3.000,0,0,0,0,0
PPG,2,21730,870750536,115,150857,171945,186286.297,-14341.297,-2868.391,0,0,0,0,0.00,nan,1,2,1024,nan,4,1,53,1,1,2,2,0,0,0,871040583,0.03979,-0.00732,0.94922,0.95008,-0.00772,0.00238,-0.00141,0.00820,0.96399,0.01391,0.00846,3,12261,0,1443,2.72315,3.16055,1.16062,84,1,80.984,166,1,6,4321,185610,0,0,0.000,253.379,3.723,0,0.000,0.750,3.000,0,0,0,0,0
PPG,2,21731,870790536,116,151243,172549,186148.922,-13599.922,-2146.438,0,0,0,0,0.00,nan,1,2,1024,nan,4,1,53,1,1,3,3,0,0,0,871079803,0.04468,-0.00854,0.96069,0.96177,-0.00878,0.00132,0.00019,0.00888,0.96177,0.00809,0.00888,3,12253,0,1443,2.72315,3.16055,1.16062,84,1,80.984,166,1,6,2632,185610,0,0,0.000,253.379,3.723,0,0.000,0.750,3.000,0,0,0,0,0
PPG,2,21732,870830536,117,151492,172814,186015.578,-13201.578,-1336.281,0,0,0,0,0.00,nan,1,2,1024,nan,4,1,53,1,1,4,4,0,0,0,871121709,0.04443,-0.00439,0.96143,0.96246,-0.00772,0.00265,-0.00034,0.00817,0.96246,0.00783,0.00824,3,12224,0,1443,2.72315,3.16055,1.16062,84,1,80.984,166,1,6,4330,185610,0,0,0.000,253.379,3.723,0,0.000,0.750,3.000,0,0,0,0,0
PPG,2,21733,870870536,123,151524,172723,185882.656,-13159.656,-649.500,0,0,0,0,0.00,nan,1,2,1024,nan,4,1,53,1,1,5,5,0,0,0,871160678,0.04077,-0.01074,0.95581,0.95674,-0.00745,0.00212,-0.00114,0.00783,0.95674,0.00810,0.00815,2,24288,0,1444,2.72315,3.16055,1.16062,84,1,80.984,166,1,6,4412,185610,0,0,0.000,253.379,3.723,0,0.000,0.750,3.000,0,0,0,0,0
PPG,2,21734,870910536,116,151678,172895,185752.781,-12857.781,-118.781,0,0,0,0,0.00,nan,1,2,1024,nan,4,1,53,1,1,6,6,0,0,0,871199956,0.03882,-0.00220,0.95654,0.95733,-0.00745,0.00265,-0.00114,0.00799,0.95967,0.01052,0.00916,3,12172,0,1444,2.72315,3.16055,1.16062,84,1,80.984,166,1,6,2626,185610,0,0,0.000,253.379,3.723,0,0.000,0.750,3.000,0,0,0,0,0
PPG,2,21735,870950536,189,151756,172993,185625.188,-12632.188,288.797,0,0,0,0,0.00,nan,1,2,1024,nan,4,1,53,1,1,7,7,0,0,0,871241669,0.04346,-0.00757,0.95386,0.95488,-0.00718,0.00132,-0.00114,0.00739,0.96575,0.00897,0.00868,3,12119,0,1444,2.72315,3.16055,1.16062,84,1,80.984,166,1,6,4300,185610,0,0,0.000,253.379,3.723,0,0.000,0.750,3.000,0,0,0,0,0
PPG,2,21736,870990536,114,151656,172956,185498.500,-12542.500,595.016,0,0,0,0,0.00,nan,1,2,1024,nan,4,1,53,1,1,8,8,0,0,0,871280800,0.04272,-0.00854,0.95752,0.95851,-0.00878,0.00158,-0.00061,0.00894,0.95952,0.00400,0.00894,3,12119,0,1444,2.72315,3.16055,1.16062,84,1,80.984,166,1,6,4309,185610,0,0,0.000,253.379,3.723,0,0.000,0.750,3.000,0,0,0,0,0
PPG,2,21737,871030536,115,151555,172931,185372.828,-12441.828,761.828,0,0,0,0,0.00,nan,1,2,1024,nan,4,1,53,1,1,9,9,0,0,0,871319739,0.04370,-0.00659,0.96509,0.96610,-0.00772,0.00132,-0.00114,0.00791,0.96610,0.00491,0.00791,3,12116,0,1444,2.72315,3.16055,1.16062,84,1,80.984,166,1,6,2604,185610,0,0,0.000,253.379,3.723,0,0.000,0.750,3.000,0,0,0,0,0
PPG,2,21738,871070536,113,151624,173125,185250.344,-12125.344,829.078,0,0,0,0,0.00,nan,1,2,1024,nan,4,1,53,1,1,10,10,0,0,0,871361295,0.04102,-0.00830,0.95752,0.95843,-0.00825,0.00238,0.00019,0.00859,0.96102,0.00508,0.00859,3,12135,0,1444,2.72315,3.16055,1.16062,84,1,80.984,166,1,6,4304,185610,0,0,0.000,253.379,3.723,0,0.000,0.750,3.000,0,0,0,0,0
PPG,2,21739,871110536,115,151914,173574,185133.578,-11559.578,890.391,0,0,0,0,0.00,nan,1,2,1024,nan,4,1,53,1,1,11,11,0,0,0,871400195,0.04468,-0.00488,0.95361,0.95467,-0.00852,0.00158,-0.00061,0.00868,0.95964,0.00497,0.00879,3,12137,0,1444,2.72315,3.16055,1.16062,84,1,80.984,166,1,6,4327,185610,0,0,0.000,253.379,3.723,0,0.000,0.750,3.000,0,0,0,0,0
PPG,2,21740,871150536,113,152279,174117,185023.406,-10906.406,989.984,0,0,0,0,0.00,nan,1,2,1024,nan,4,1,53,1,1,12,12,0,0,0,871439119,0.03784,-0.00879,0.95752,0.95831,-0.00718,0.00265,-0.00167,0.00784,0.95897,0.00421,0.00859,3,12124,0,1444,2.72315,3.16055,1.16062,84,1,80.984,166,1,6,2596,185610,0,0,0.000,253.379,3.723,0,0.000,0.750,3.000,0,0,0,0,0
PPG,2,21741,871190536,116,152927,175096,184924.125,-9828.125,1133.672,0,0,0,0,0.00,nan,1,2,1024,nan,4,1,53,1,1,13,13,0,0,0,871480619,0.04370,-0.00977,0.95581,0.95686,-0.00825,0.00158,-0.00007,0.00840,0.95780,0.00693,0.00840,3,12124,0,1444,2.72315,3.16055,1.16062,84,1,80.984,166,1,6,4296,185610,0,0,0.000,253.379,3.723,0,0.000,0.750,3.000,0,0,0,0,0
PPG,2,21742,871230536,116,153865,176409,184838.969,-8429.969,1394.062,0,0,0,0,0.00,nan,1,2,1024,nan,4,1,53,1,1,14,14,0,0,0,871519549,0.04663,-0.00952,0.96655,0.96772,-0.00825,0.00132,-0.00034,0.00836,0.96772,0.00876,0.00836,3,12119,0,1444,2.72315,3.16055,1.16062,84,1,80.984,166,1,6,2601,185610,0,0,0.000,253.379,3.723,0,0.000,0.750,3.000,0,0,0,0,0
PPG,2,21743,871270536,120,154533,177369,184764.266,-7395.266,1748.641,0,0,0,0,0.00,nan,1,2,1024,nan,4,1,53,1,1,15,15,0,0,0,871561090,0.04248,-0.00415,0.95874,0.95969,-0.00665,0.00185,-0.00061,0.00693,0.96094,0.00678,0.00867,3,12131,0,1444,2.72315,3.16055,1.16062,84,1,80.984,166,1,6,4322,185610,0,0,0.000,253.379,3.723,0,0.000,0.750,3.000,0,0,0,0,0
PPG,2,21744,871310536,534,155412,178531,184701.938,-6170.938,2191.141,0,0,0,0,0.00,nan,1,2,1024,nan,4,1,53,1,1,16,16,0,0,0,871599998,0.04077,-0.00732,0.96045,0.96134,-0.00825,0.00105,-0.00087,0.00836,0.96134,0.00315,0.00836,3,12128,0,1444,4.15412,4.38450,1.05546,92,1,83.614,75,1,6,2596,185610,0,0,0.000,253.379,3.723,0,0.000,0.750,3.000,0,0,0,0,0
PPG,2,21745,871350536,167,156811,180288,184657.797,-4369.797,2745.172,0,0,0,0,0.00,nan,1,2,1024,nan,4,1,53,1,1,17,17,0,0,0,871642124,0.04150,-0.00806,0.96338,0.96431,-0.00718,-0.00055,-0.00087,0.00726,0.96431,0.00323,0.00863,3,12130,0,1444,4.15412,4.38450,1.05546,92,1,83.614,75,1,6,4299,185610,0,0,0.000,253.379,3.723,0,0.000,0.750,3.000,0,0,0,0,0
PPG,2,21746,871390536,117,158012,181756,184628.781,-2872.781,3361.484,0,0,0,0,0.00,nan,1,2,1024,nan,4,1,53,1,1,18,18,0,0,0,871681087,0.04199,-0.00732,0.95874,0.95969,-0.00692,0.00132,-0.00061,0.00707,0.95969,0.00722,0.00772,3,12130,0,1444,4.15412,4.38450,1.05546,92,1,83.614,75,1,6,4313,185610,0,0,0.000,253.379,3.723,0,0.000,0.750,3.000,0,0,0,0,0
PPG,2,21747,871430536,117,158599,182478,184607.281,-2129.281,3981.062,0,0,0,0,0.00,nan,1,2,1024,nan,4,1,53,1,1,19,19,0,0,0,871720032,0.04761,-0.00415,0.96240,0.96359,-0.00692,0.00212,-0.00061,0.00726,0.96359,0.00677,0.00758,3,12148,0,1444,4.15412,4.38450,1.05546,92,1,83.614,75,1,6,2596,185610,0,0,0.000,253.379,3.723,0,0.000,0.750,3.000,0,0,0,0,0
PPG,2,21748,871470536,115,158956,183010,184591.312,-1581.312,4524.781,0,0,0,0,0.00,nan,1,2,1024,nan,4,1,53,1,1,20,20,0,0,0,871761598,0.03979,-0.00415,0.95483,0.95567,-0.00772,0.00345,-0.00034,0.00846,0.95844,0.00809,0.00846,3,12130,0,1444,4.15412,4.38450,1.05546,92,1,83.614,75,1,6,4296,185610,0,0,0.000,253.379,3.723,0,0.000,0.750,3.000,0,0,0,0,0
PPG,2,21749,871510536,115,160006,184270,184588.094,-318.094,5008.828,0,0,0,0,0.00,nan,1,2,1024,nan,4,1,53,1,1,21,21,0,0,0,871800546,0.04321,-0.00830,0.95996,0.96097,-0.00665,0.00025,-0.00087,0.00671,0.96561,0.00683,0.00698,3,12104,0,1444,4.15412,4.38450,1.05546,92,1,83.614,75,1,6,4295,185610,0,0,0.000,253.379,3.723,0,0.000,0.750,3.000,0,0,0,0,0
PPG,2,21750,871550536,116,162580,187262,184614.828,2647.172,5656.281,0,0,0,0,0.00,nan,1,2,1024,nan,4,1,53,1,1,22,22,0,0,0,871839470,0.04614,-0.00586,0.96045,0.96157,-0.00905,0.00132,0.00046,0.00916,0.96157,0.00361,0.00916,3,12129,0,1444,4.15412,4.38450,1.05546,92,1,83.614,75,1,6,2599,185610,0,0,0.000,253.379,3.723,0,0.000,0.750,3.000,0,0,0,0,0
PPG,2,21751,871590536,118,163395,188080,184649.484,3430.516,6243.875,0,0,0,0,0.00,nan,1,2,1024,nan,4,1,53,1,1,23,23,0,0,0,871880994,0.04321,-0.00659,0.95874,0.95974,-0.00878,0.00292,-0.00087,0.00929,0.96274,0.00293,0.00929,3,12130,0,1444,4.15412,4.38450,1.05546,92,1,83.614,75,1,6,4303,185610,0,0,0.000,253.379,3.723,0,0.000,0.750,3.000,0,0,0,0,0
PPG,2,21752,871630536,113,162369,186819,184671.172,2147.828,6476.625,0,0,0,0,0.00,nan,1,2,1024,nan,4,1,53,1,1,24,24,0,0,0,871919924,0.04346,-0.00757,0.95801,0.95902,-0.00825,0.00265,-0.00034,0.00867,0.95943,0.00283,0.00958,3,12158,0,1444,4.15412,4.38450,1.05546,92,1,83.614,75,1,6,2594,185610,0,0,0.000,253.379,3.723,0,0.000,0.750,3.000,0,0,0,0,0
PPG,2,21753,871670536,136,161961,186346,184687.922,1658.078,6451.172,0,0,0,0,0.00,nan,1,2,0,nan,4,1,53,1,1,25,25,0,0,0,871961411,0.04395,-0.00781,0.95239,0.95344,-0.00665,0.00238,-0.00087,0.00712,0.96243,0.00899,0.00834,3,12121,0,1444,4.15412,4.38450,1.05546,92,1,83.614,75,1,6,4294,185610,0,0,0.000,253.379,3.723,0,0.000,351.325,7.134,0,0,1,0,0
PPG,2,21754,871710536,115,162457,186975,184710.797,2264.203,6389.609,0,0,0,0,0.00,nan,1,2,0,nan,4,1,53,1,1,26,26,0,0,0,872000312,0.04126,-0.00269,0.95532,0.95622,-0.00825,0.00079,-0.00061,0.00831,0.96503,0.01160,0.00831,3,12120,0,1444,4.15412,4.38450,1.05546,92,1,83.614,75,1,6,4307,185610,0,0,0.000,253.379,3.723,0,0.000,351.325,7.134,0,0,1,0,0
PPG,2,21755,871750536,118,163109,187733,184741.016,2991.984,6327.328,0,0,0,0,0.00,nan,1,2,0,nan,4,1,53,1,1,27,27,0,0,0,872039259,0.04639,-0.00830,0.95923,0.96039,-0.00878,0.00292,-0.00194,0.00945,0.96039,0.00467,0.00945,3,12125,0,1444,4.15412,4.38450,1.05546,92,1,83.614,75,1,6,2599,185610,0,0,0.000,253.379,3.723,0,0.000,351.325,7.134,0,0,1,0,0
PPG,2,21756,871790536,121,163362,188030,184773.906,3256.094,6110.766,0,0,0,0,0.00,nan,1,2,0,nan,4,1,53,1,1,28,28,0,0,0,872080770,0.04614,-0.00684,0.95532,0.95646,-0.00718,0.00212,0.00046,0.00750,0.96023,0.00692,0.00861,3,12112,0,1444,4.15412,4.38450,1.05546,92,1,83.614,75,1,6,4297,185610,0,0,0.000,253.379,3.723,0,0.000,351.325,7.134,0,0,1,0,0
PPG,2,21757,871830536,119,163509,188216,184808.328,3407.672,5482.797,0,0,0,0,0.00,nan,1,2,0,nan,4,1,53,1,1,29,29,0,0,0,872119688,0.03906,-0.00391,0.95923,0.96003,-0.00745,0.00158,-0.00087,0.00767,0.96003,0.00460,0.00800,3,12154,0,1444,4.15412,4.38450,1.05546,92,1,83.614,75,1,6,2605,185610,0,0,0.000,253.379,3.723,0,0.000,351.325,7.134,0,0,1,0,0
PPG,2,21758,871870536,222,163708,188448,184844.719,3603.281,4769.234,0,0,0,0,0.00,nan,1,2,0,nan,4,1,53,2,2,31,31,0,0,0,872227075,0.04272,-0.00610,0.96118,0.96215,-0.00798,0.00079,-0.00087,0.00807,0.96215,0.00545,0.00976,3,66082,0,1450,4.15412,4.38450,1.05546,92,1,83.614,75,1,6,65996,185610,0,0,0.000,253.379,3.723,0,0.000,351.325,7.134,0,0,1,0,0
PPG,2,21759,871910536,32,163847,188556,184881.828,3674.172,4268.266,0,0,0,0,0.00,nan,1,2,0,nan,4,1,53,2,2,31,31,0,0,0,872227075,0.04272,-0.00610,0.96118,0.96215,-0.00798,0.00079,-0.00087,0.00807,0.00000,0.00000,0.00000,0,66082,0,1450,4.15412,4.38450,1.05546,92,1,83.614,75,1,6,65996,185610,0,0,0.000,253.379,3.723,0,0.000,351.325,7.134,0,0,1,0,0
PPG,2,21760,871950536,122,163787,188484,184917.844,3566.156,3855.344,0,0,0,0,0.00,nan,1,2,0,nan,4,1,53,1,1,0,0,0,0,0,872240602,0.04199,-0.00732,0.95947,0.96042,-0.00718,0.00158,-0.00007,0.00736,0.96042,0.00173,0.00736,1,13527,0,1450,4.15412,4.38450,1.05546,92,1,83.614,75,1,6,10108,185610,0,0,0.000,253.379,3.723,0,0.000,351.325,7.134,0,0,1,0,0
PPG,2,21761,871990536,115,163544,188270,184951.359,3318.641,3381.641,0,0,0,0,0.00,nan,1,2,0,nan,4,1,53,1,1,1,1,0,0,0,872285295,0.04492,-0.00732,0.96387,0.96494,-0.00718,0.00318,-0.00061,0.00788,0.96494,0.00425,0.00788,3,12161,0,1451,4.15412,4.38450,1.05546,92,1,83.614,75,1,6,2588,185610,0,0,0.000,253.379,3.723,0,0.000,351.325,7.134,0,0,1,0,0
PPG,2,21762,872030536,120,163419,188163,184983.469,3179.531,2855.375,0,0,0,0,0.00,nan,1,2,0,nan,4,1,53,1,1,2,2,0,0,0,872321576,0.03931,-0.00562,0.95532,0.95615,-0.00798,0.00185,-0.00114,0.00827,0.96180,0.01670,0.00827,3,12113,0,1451,4.15412,4.38450,1.05546,92,1,83.614,75,1,6,4294,185610,0,0,0.000,253.379,3.723,0,0.000,351.325,7.134,0,0,1,0,0
PPG,2,21763,872070536,117,163478,188270,185016.328,3253.672,2344.609,0,0,0,0,0.00,nan,1,2,0,nan,4,1,53,1,1,3,3,0,0,0,872360644,0.04370,-0.00537,0.95630,0.95731,-0.00878,0.00079,-0.00141,0.00893,0.96133,0.00402,0.00893,3,12248,0,1451,4.15412,4.38450,1.05546,92,1,83.614,75,1,6,4296,185610,0,0,9439.203,253.379,3.723,1,0.000,351.325,7.134,0,0,1,0,0
PPG,2,21764,872110536,119,163344,188171,185047.875,3123.125,1856.172,0,0,0,0,0.00,nan,1,2,0,nan,4,1,53,1,1,4,4,0,0,0,872399739,0.04419,-0.00879,0.96118,0.96224,-0.00692,0.00238,-0.00141,0.00745,0.96224,0.00255,0.00926,3,12205,0,1451,4.15412,4.38450,1.05546,92,1,83.614,75,1,6,2605,185610,0,0,0.000,253.379,3.723,0,0.000,351.325,7.134,0,0,1,0,0
PPG,2,21765,872150536,117,163313,188160,185079.000,3081.000,1421.438,0,0,0,0,0.00,nan,1,2,0,nan,4,1,53,1,1,5,5,0,0,0,872441314,0.03955,-0.00391,0.95435,0.95517,-0.00772,0.00185,-0.00087,0.00798,0.95517,0.00958,0.00868,3,12125,0,1451,4.15412,4.38450,1.05546,92,1,83.614,75,1,6,4307,185610,0,0,0.000,253.379,3.723,0,0.000,351.325,7.134,0,0,1,0,0
PPG,2,21766,872190536,186,163670,188552,185113.734,3438.266,1081.062,0,0,0,0,0.00,nan,1,2,0,nan,4,1,53,1,1,6,6,0,0,0,872480310,0.04321,-0.00562,0.95898,0.95997,-0.00825,0.00158,-0.00087,0.00845,0.96907,0.01390,0.00857,3,12130,0,1451,4.15412,4.38450,1.05546,92,1,83.614,75,1,6,4376,185610,0,0,0.000,253.379,3.723,0,0.000,351.325,7.134,0,0,1,0,0
PPG,2,21767,872230536,120,163924,188844,185151.031,3692.969,814.188,0,0,0,0,0.00,nan,1,2,0,nan,4,1,53,1,1,7,7,0,0,0,872519906,0.04224,-0.00928,0.95410,0.95508,-0.00825,0.00105,-0.00114,0.00839,0.96544,0.00665,0.00839,3,12282,0,1451,4.15412,4.38450,1.05546,92,1,83.614,75,1,6,2625,185610,0,0,0.000,253.379,3.723,0,0.000,351.325,7.134,0,0,1,0,0
PPG,2,21768,872270536,129,163763,188677,185186.297,3490.703,588.984,0,0,0,0,0.00,nan,1,2,0,nan,4,1,53,1,1,8,8,0,0,0,872561949,0.03931,-0.00439,0.96533,0.96614,-0.00852,0.00132,0.00019,0.00862,0.96614,0.01247,0.00862,3,12264,0,1451,4.15412,4.38450,1.05546,92,1,83.614,75,1,6,4341,185610,0,0,0.000,253.379,3.723,0,0.000,351.325,7.134,0,0,1,0,0
PPG,2,21769,872310536,496,163521,188444,185218.875,3225.125,420.422,0,0,0,0,0.00,nan,1,2,0,nan,4,1,53,1,1,9,9,0,0,0,872601182,0.04639,-0.00171,0.95337,0.95450,-0.00905,0.00265,-0.00221,0.00968,0.96125,0.00818,0.00968,3,12213,0,1451,3.47487,3.32164,0.95590,92,1,86.102,62,1,6,4336,185610,0,0,0.000,253.379,3.723,0,0.000,351.325,7.134,0,0,1,0,0
PPG,2,21770,872350536,181,163360,188301,185249.703,3051.297,372.906,0,0,0,0,0.00,nan,1,2,0,nan,4,1,53,1,1,10,10,0,0,0,872640975,0.04297,-0.00635,0.95361,0.95460,-0.00825,0.00238,-0.00141,0.00870,0.96289,0.00839,0.00889,3,12289,0,1451,3.47487,3.32164,0.95590,92,1,86.102,62,1,6,4336,185610,0,0,0.000,253.379,3.723,0,0.000,351.325,7.134,0,0,1,0,0
PPG,2,21771,872390536,123,163284,188210,185279.312,2930.688,371.969,0,0,0,0,0.00,nan,1,2,0,nan,4,1,53,1,1,11,11,0,0,0,872680246,0.03979,-0.00610,0.96143,0.96227,-0.00798,0.00212,-0.00061,0.00828,0.96227,0.00898,0.00884,3,12244,0,1451,3.47487,3.32164,0.95590,92,1,86.102,62,1,6,2637,185610,0,0,0.000,253.379,3.723,0,0.000,351.325,7.134,0,0,1,0,0
PPG,2,21772,872430536,121,163121,187953,185306.047,2646.953,285.703,0,0,0,0,0.00,nan,1,2,0,nan,4,1,53,1,1,12,12,0,0,0,872722203,0.04053,-0.01025,0.95825,0.95916,-0.00825,0.00265,-0.00114,0.00874,0.96243,0.00653,0.00903,3,12239,0,1451,3.47487,3.32164,0.95590,92,1,86.102,62,1,6,4330,185610,0,0,0.000,253.379,3.723,0,0.000,351.325,7.134,0,0,1,0,0
PPG,2,21773,872470536,119,163009,187634,185329.328,2304.672,90.172,0,0,0,0,0.00,nan,1,2,0,nan,4,1,53,1,1,13,13,0,0,0,872761423,0.04346,-0.00684,0.96021,0.96121,-0.00798,0.00185,-0.00167,0.00836,0.96121,0.00479,0.00836,3,12216,0,1451,3.47487,3.32164,0.95590,92,1,86.102,62,1,6,4357,185610,0,0,0.000,253.379,3.723,0,0.000,351.325,7.134,0,0,1,0,0
PPG,2,21774,872510536,123,162917,187395,185349.984,2045.016,-137.828,0,0,0,0,0.00,nan,1,2,0,nan,4,1,53,1,1,14,14,0,0,0,872800711,0.04175,-0.00562,0.95459,0.95552,-0.00798,0.00212,-0.00141,0.00838,0.96267,0.00536,0.00895,3,12254,0,1451,3.47487,3.32164,0.95590,92,1,86.102,62,1,6,4331,185610,0,0,0.000,253.379,3.723,0,0.000,351.325,7.134,0,0,1,0,0
PPG,2,21775,872550536,117,162940,187467,185371.156,2095.844,-297.391,0,0,0,0,0.00,nan,1,2,0,nan,4,1,53,1,1,15,15,0,0,0,872839926,0.03882,-0.00610,0.95850,0.95930,-0.00745,0.00238,-0.00114,0.00790,0.95930,0.00176,0.00790,3,12230,0,1451,3.47487,3.32164,0.95590,92,1,86.102,62,1,6,2631,185610,0,0,0.000,253.379,3.723,0,0.000,351.325,7.134,0,0,1,0,0
PPG,2,21776,872590536,120,163045,187609,185393.531,2215.469,-395.625,0,0,0,0,0.00,nan,1,2,0,nan,4,1,53,1,1,16,16,0,0,0,872881792,0.04224,-0.00830,0.95801,0.95897,-0.00798,0.00158,-0.00034,0.00815,0.95897,0.00838,0.00828,3,12241,0,1451,3.47487,3.32164,0.95590,92,1,86.102,62,1,6,4334,185610,0,0,0.000,253.379,3.723,0,0.000,351.325,7.134,0,0,1,0,0
PPG,2,21777,872630536,117,163040,187645,185416.047,2228.953,-460.797,0,0,0,0,0.00,nan,1,2,0,nan,4,1,53,1,1,17,17,0,0,0,872920973,0.04370,-0.00488,0.96387,0.96487,-0.00798,0.00158,-0.00034,0.00815,0.96487,0.00648,0.00819,3,12217,0,1451,3.47487,3.32164,0.95590,92,1,86.102,62,1,6,4332,185610,0,0,0.000,253.379,3.723,0,0.000,351.325,7.134,0,0,1,0,0
PPG,2,21778,872670536,119,162996,187600,185437.891,2162.109,-505.531,0,0,0,0,0.00,nan,1,2,0,nan,4,1,53,1,1,18,18,0,0,0,872960162,0.04150,-0.00317,0.95386,0.95477,-0.00852,0.00238,-0.00034,0.00885,0.96160,0.00565,0.00885,3,12216,0,1451,3.47487,3.32164,0.95590,92,1,86.102,62,1,6,2653,185610,0,0,0.000,253.379,3.723,0,0.000,351.325,7.134,0,0,1,0,0
PPG,2,21779,872710536,120,162793,187361,185457.125,1903.875,-530.359,0,0,0,0,0.00,nan,1,2,0,nan,4,1,53,1,1,19,19,0,0,0,873001969,0.03955,-0.00806,0.95898,0.95983,-0.00772,0.00105,-0.00061,0.00781,0.96115,0.00462,0.00875,3,12220,0,1451,3.47487,3.32164,0.95590,92,1,86.102,62,1,6,4321,185610,0,0,0.000,253.379,3.723,0,0.000,351.325,7.134,0,0,1,0,0
PPG,2,21780,872750536,119,162973,187527,185477.828,2049.172,-497.797,0,0,0,0,0.00,nan,1,2,0,nan,4,1,53,1,1,20,20,0,0,0,873041200,0.04541,-0.00391,0.96191,0.96299,-0.00985,0.00105,0.00046,0.00991,0.96331,0.00541,0.00991,3,12281,0,1451,3.47487,3.32164,0.95590,92,1,86.102,62,1,6,4340,185610,0,0,0.000,253.379,3.723,0,0.000,351.325,7.134,0,0,1,0,0
PPG,2,21781,872790536,195,163309,187905,185502.094,2402.906,-406.688,0,0,0,0,0.00,nan,1,2,0,nan,4,1,53,1,1,21,21,0,0,0,873080439,0.04272,-0.01074,0.95435,0.95536,-0.00825,0.00158,-0.00061,0.00842,0.96221,0.00556,0.00911,3,12247,0,1451,3.47487,3.32164,0.95590,92,1,86.102,62,1,6,2619,185610,0,0,0.000,253.379,3.723,0,0.000,351.325,7.134,0,0,1,0,0
PPG,2,21782,872830536,181,163595,188294,185530.016,2763.984,-295.094,0,0,0,0,0.00,nan,1,2,0,nan,4,1,53,1,1,22,22,0,0,0,873122448,0.04639,-0.00562,0.95874,0.95988,-0.00745,0.00185,-0.00167,0.00786,0.95988,0.00368,0.00854,3,12125,0,1451,3.47487,3.32164,0.95590,92,1,86.102,62,1,6,4301,185610,0,0,0.000,253.379,3.723,0,0.000,351.325,7.134,0,0,1,0,0
PPG,2,21783,872870536,125,164397,189260,185567.312,3692.688,-108.734,0,0,0,0,0.00,nan,1,2,0,nan,4,1,53,1,1,23,23,0,0,0,873161434,0.04102,-0.00684,0.95801,0.95891,-0.00878,0.00292,-0.00007,0.00925,0.95891,0.00191,0.00925,2,24150,0,1452,3.47487,3.32164,0.95590,92,1,86.102,62,1,6,4381,185610,0,0,0.000,253.379,3.723,0,0.000,351.325,7.134,0,0,1,0,0
PPG,2,21784,872910536,123,164938,189840,185610.047,4229.953,121.375,0,0,0,0,0.00,nan,1,2,0,nan,4,1,53,1,1,24,24,0,0,0,873200505,0.04419,-0.00317,0.95557,0.95659,-0.00852,0.00025,-0.00114,0.00860,0.96591,0.00944,0.00860,3,12110,0,1452,3.47487,3.32164,0.95590,92,1,86.102,62,1,6,2601,185610,0,0,0.000,253.379,3.723,0,0.000,351.325,7.134,0,0,1,0,0
PPG,2,21785,872950536,120,164978,189914,185653.094,4260.906,364.266,0,0,0,0,0.00,nan,1,2,0,nan,4,1,53,1,1,25,25,0,0,0,873242049,0.04395,-0.00830,0.95410,0.95515,-0.00825,0.00052,-0.00087,0.00831,0.96028,0.00369,0.00962,3,12128,0,1452,3.47487,3.32164,0.95590,92,1,86.102,62,1,6,4313,185610,0,0,0.000,253.379,3.723,0,0.000,351.325,7.134,0,0,1,0,0
PPG,2,21786,872990536,117,165048,190030,185696.859,4333.141,671.641,0,0,0,0,0.00,nan,1,2,0,nan,4,1,53,1,1,26,26,0,0,0,873280983,0.04248,-0.00537,0.95117,0.95214,-0.00852,0.00292,-0.00061,0.00902,0.96021,0.00807,0.00943,3,12113,0,1452,3.47487,3.32164,0.95590,92,1,86.102,62,1,6,4299,185610,0,0,0.000,253.379,3.723,0,0.000,351.325,7.134,0,0,1,0,0
PPG,2,21787,873030536,117,165475,190534,185745.234,4788.766,1016.719,0,0,0,0,0.00,nan,1,2,0,nan,4,1,53,1,1,27,27,0,0,0,873319868,0.04175,-0.00757,0.95996,0.96090,-0.00718,0.00345,-0.00007,0.00797,0.96347,0.01134,0.00916,3,12127,0,1452,3.47487,3.32164,0.95590,92,1,86.102,62,1,6,2604,185610,0,0,0.000,253.379,3.723,0,0.000,351.325,7.134,0,0,1,0,0
PPG,2,21788,873070536,117,165345,190388,185791.656,4596.344,1285.875,0,0,0,0,0.00,nan,1,2,0,nan,4,1,53,1,1,28,28,0,0,0,873361437,0.04517,-0.00562,0.95386,0.95494,-0.00718,0.00212,-0.00007,0.00749,0.95980,0.00251,0.00845,3,12145,0,1452,3.47487,3.32164,0.95590,92,1,86.102,62,1,6,4295,185610,0,0,0.000,253.379,3.723,0,0.000,351.325,7.134,0,0,1,0,0
PPG,2,21789,873110536,118,165364,190474,185838.484,4635.516,1495.812,0,0,0,0,0.00,nan,1,2,0,nan,4,1,53,1,1,29,29,0,0,0,873400358,0.04199,-0.00537,0.95386,0.95480,-0.00825,0.00212,-0.00141,0.00863,0.96003,0.00526,0.00863,3,12113,0,1452,3.47487,3.32164,0.95590,92,1,86.102,62,1,6,2599,185610,0,0,0.000,253.379,3.723,0,0.000,351.325,7.134,0,0,1,0,0
PPG,2,21790,873150536,118,166048,191222,185892.312,5329.688,1630.047,0,0,0,0,0.00,nan,1,2,0,nan,4,1,53,1,1,30,30,0,0,0,873441895,0.04443,-0.00659,0.95996,0.96101,-0.00905,0.00158,-0.00034,0.00919,0.96615,0.01139,0.00982,3,12115,0,1452,3.47487,3.32164,0.95590,92,1,86.102,62,1,6,4325,185610,0,0,0.000,253.379,3.723,0,0.000,351.325,7.134,0,0,1,0,0
PPG,2,21791,873190536,118,166119,191315,185946.547,5368.453,1685.516,0,0,0,0,0.00,nan,1,2,0,nan,4,1,53,1,1,31,31,0,0,0,873480980,0.04077,-0.00903,0.95239,0.95331,-0.00772,0.00185,-0.00087,0.00798,0.96163,0.00759,0.00892,3,12126,0,1452,3.47487,3.32164,0.95590,92,1,86.102,62,1,6,4301,185610,0,0,0.000,253.379,3.723,0,0.000,351.325,7.134,0,0,1,0,0
PPG,2,21792,873230536,119,166044,191255,185999.625,5255.375,1711.969,0,0,0,0,0.00,nan,1,2,0,nan,4,1,53,1,1,0,0,0,0,0,873519895,0.04297,-0.00586,0.95923,0.96021,-0.00665,0.00132,-0.00087,0.00684,0.96229,0.00987,0.00778,3,12136,0,1452,3.47487,3.32164,0.95590,92,1,86.102,62,1,6,2596,185610,0,0,0.000,253.379,3.723,0,0.000,351.325,7.134,0,0,1,0,0
PPG,2,21793,873270536,123,166220,191313,186052.766,5260.234,1711.312,0,0,0,0,0.00,nan,1,2,0,nan,4,1,53,1,1,1,1,0,0,0,873561442,0.04541,-0.00732,0.95801,0.95911,-0.00878,0.00158,-0.00034,0.00893,0.96065,0.00233,0.00893,3,12159,0,1452,3.47487,3.32164,0.95590,92,1,86.102,62,1,6,4304,185610,0,0,0.000,253.379,3.723,0,0.000,351.325,7.134,0,0,1,0,0
PPG,2,21794,873310536,511,166320,191275,186104.984,5170.016,1623.172,0,0,0,0,0.00,nan,1,2,0,nan,4,1,53,1,1,2,2,0,0,0,873600417,0.03882,-0.00757,0.96289,0.96370,-0.00852,0.00212,-0.00167,0.00893,0.96370,0.00401,0.00926,3,12117,0,1452,3.71384,3.28692,0.88505,92,1,87.874,62,1,6,2598,185610,0,0,0.000,253.379,3.723,0,0.000,351.325,7.134,0,0,1,0,0
PPG,2,21795,873350536,168,166262,191188,186155.812,5032.188,1551.406,0,0,0,0,0.00,nan,1,2,0,nan,4,1,53,1,1,3,3,0,0,0,873642375,0.04395,-0.00439,0.95850,0.95951,-0.00745,0.00079,-0.00034,0.00750,0.95951,0.00834,0.00794,3,12125,0,1452,3.71384,3.28692,0.88505,92,1,87.874,62,1,6,4311,185610,0,0,0.000,253.379,3.723,0,0.000,351.325,7.134,0,0,1,0,0
PPG,2,21796,873390536,118,166175,191171,186205.969,4965.031,1472.875,0,0,0,0,0.00,nan,1,2,0,nan,4,1,53,1,1,4,4,0,0,0,873681437,0.04248,-0.01074,0.95776,0.95877,-0.00692,0.00185,-0.00061,0.00719,0.96117,0.00346,0.00784,3,12121,0,1452,3.71384,3.28692,0.88505,92,1,87.874,62,1,6,4298,185610,0,0,0.000,253.379,3.723,0,0.000,351.325,7.134,0,0,1,0,0
PPG,2,21797,873430536,117,166228,191273,186256.641,5016.359,1298.766,0,0,0,0,0.00,nan,1,2,0,nan,4,1,53,1,1,5,5,0,0,0,873720362,0.04443,-0.00073,0.95654,0.95757,-0.00825,0.00292,-0.00141,0.00886,0.96318,0.00560,0.00911,3,12112,0,1452,3.71384,3.28692,0.88505,92,1,87.874,62,1,6,2605,185610,0,0,0.000,253.379,3.723,0,0.000,351.325,7.134,0,0,1,0,0
PPG,2,21798,873470536,117,166326,191436,186308.438,5127.562,1124.250,0,0,0,0,0.00,nan,1,2,0,nan,4,1,53,1,1,6,6,0,0,0,873761935,0.03955,-0.00781,0.95679,0.95764,-0.00825,0.00185,-0.00087,0.00850,0.96120,0.00424,0.00916,3,12194,0,1452,3.71384,3.28692,0.88505,92,1,87.874,62,1,6,4304,185610,0,0,0.000,253.379,3.723,0,0.000,351.325,7.134,0,0,1,0,0
PPG,2,21799,873510536,119,166340,191441,186359.766,5081.234,946.828,0,0,0,0,0.00,nan,1,2,0,nan,4,1,53,1,1,7,7,0,0,0,873800897,0.04248,-0.00781,0.95142,0.95240,-0.00852,0.00132,-0.00061,0.00864,0.95809,0.00576,0.00864,3,12118,0,1452,3.71384,3.28692,0.88505,92,1,87.874,62,1,6,4301,185610,0,0,0.000,253.379,3.723,0,0.000,351.325,7.134,0,0,1,0,0
PPG,2,21800,873550536,118,166170,191224,186408.406,4815.594,749.266,1,0,0,0,0.00,nan,1,2,0,nan,4,1,53,1,1,8,8,0,0,0,873839792,0.04443,-0.00684,0.95728,0.95833,-0.00798,0.00105,-0.00034,0.00806,0.95962,0.00609,0.00821,3,12122,0,1452,3.71384,3.28692,0.88505,92,1,87.874,62,1,6,2596,185610,0,0,0.000,253.379,3.723,0,2242.328,351.325,7.134,1,0,1,0,0
PPG,2,21801,873590536,138,166047,191109,186455.406,4653.594,565.344,0,0,1,0,0.00,nan,1,2,0,nan,4,1,53,1,1,9,9,0,0,0,873881327,0.04126,-0.00708,0.96143,0.96234,-0.00878,0.00185,-0.00141,0.00908,0.96250,0.00257,0.00970,3,12132,0,1452,3.71384,3.28692,0.88505,92,1,87.874,62,1,6,4307,185610,0,0,1779.312,253.379,3.723,1,0.000,351.325,7.134,0,1,1,0,1
PPG,2,21802,873630536,119,165995,191100,186501.859,4598.141,412.484,0,0,0,0,0.00,nan,1,2,0,nan,4,1,53,1,1,10,10,0,0,0,873920358,0.04370,-0.00684,0.96069,0.96171,-0.00878,0.00265,-0.00114,0.00924,0.96845,0.01244,0.00934,3,12114,0,1452,3.71384,3.28692,0.88505,92,1,87.874,62,1,6,2599,185610,0,0,0.000,259.310,4.255,0,0.000,353.351,7.285,0,0,1,0,1
PPG,2,21803,873670536,119,165986,191113,186547.969,4565.031,311.531,0,0,0,0,0.00,nan,1,2,0,nan,4,1,53,1,1,11,11,0,0,0,873961897,0.04175,-0.00513,0.95654,0.95747,-0.00798,0.00185,0.00019,0.00820,0.96297,0.00686,0.00866,3,12141,0,1452,3.71384,3.28692,0.88505,92,1,87.874,62,1,6,4309,185610,0,0,0.000,259.310,4.255,0,0.000,353.351,7.285,0,0,1,0,1
PPG,2,21804,873710536,118,166088,191276,186595.250,4680.750,240.172,0,0,0,0,0.00,nan,1,2,0,nan,4,1,53,1,1,12,12,0,0,0,874000808,0.04517,-0.00684,0.96021,0.96129,-0.00798,0.00132,-0.00087,0.00814,0.96438,0.00691,0.00821,3,12123,0,1452,3.71384,3.28692,0.88505,92,1,87.874,62,1,6,4307,185610,0,0,0.000,259.310,4.255,0,0.000,353.351,7.285,0,0,1,0,1
PPG,2,21805,873750536,118,166110,191333,186642.625,4690.375,154.500,0,0,0,0,0.00,nan,1,2,0,nan,4,1,53,1,1,13,13,0,0,0,874039724,0.04248,-0.00586,0.95728,0.95824,-0.00745,0.00132,-0.00034,0.00757,0.95859,0.00276,0.00848,3,12128,0,1452,3.71384,3.28692,0.88505,92,1,87.874,62,1,6,2615,185610,0,0,0.000,259.310,4.255,0,0.000,353.351,7.285,0,0,1,0,1
PPG,2,21806,873790536,118,165975,191197,186688.172,4508.828,61.297,0,0,0,0,0.00,nan,1,2,0,nan,4,1,53,1,1,14,14,0,0,0,874081306,0.04199,-0.00293,0.95215,0.95308,-0.00665,0.00079,-0.00034,0.00671,0.95846,0.00278,0.00888,3,12135,0,1452,3.71384,3.28692,0.88505,92,1,87.874,62,1,6,4304,185610,0,0,0.000,259.310,4.255,0,0.000,353.351,7.285,0,0,1,0,1
PPG,2,21807,873830536,118,165773,190986,186731.156,4254.844,4.688,0,0,0,0,0.00,nan,1,2,0,nan,4,1,53,1,1,15,15,0,0,0,874120234,0.04614,-0.00928,0.95923,0.96038,-0.00905,0.00105,-0.00034,0.00912,0.96038,0.00770,0.00912,3,12131,0,1452,3.71384,3.28692,0.88505,92,1,87.874,62,1,6,2613,185610,0,0,0.000,259.310,4.255,0,0.000,353.351,7.285,0,0,1,0,1
PPG,2,21808,873870536,127,165536,190750,186771.344,3978.656,-64.688,0,0,0,0,0.00,nan,1,2,0,nan,4,1,53,1,1,16,16,0,0,0,874161563,0.04053,-0.00537,0.96143,0.96229,-0.00692,-0.00055,-0.00061,0.00696,0.96229,0.00444,0.00858,2,24086,0,1453,3.71384,3.28692,0.88505,92,1,87.874,62,1,6,4383,185610,0,0,0.000,259.310,4.255,0,0.000,353.351,7.285,0,0,1,0,1
PPG,2,21809,873910536,120,165489,190705,186810.688,3894.312,-132.672,0,0,0,0,0.00,nan,1,2,0,nan,4,1,53,1,1,17,17,0,0,0,874201006,0.04492,-0.00684,0.95435,0.95543,-0.00931,-0.00401,-0.00087,0.01018,0.96246,0.00703,0.01018,3,12133,0,1453,3.71384,3.28692,0.88505,92,1,87.874,62,1,6,4294,185610,0,0,0.000,259.310,4.255,0,0.000,353.351,7.285,0,0,1,0,1
PPG,2,21810,873950536,119,165519,190761,186850.188,3910.812,-159.906,0,0,0,0,0.00,nan,1,2,0,nan,4,1,53,1,1,18,18,0,0,0,874240066,0.04321,-0.00488,0.95801,0.95899,-0.00825,0.00265,-0.00034,0.00867,0.96149,0.00320,0.00957,3,12112,0,1453,3.71384,3.28692,0.88505,92,1,87.874,62,1,6,2601,185610,0,0,0.000,259.310,4.255,0,0.000,353.351,7.285,0,0,1,0,1
PPG,2,21811,873990536,117,165454,190722,186888.906,3833.094,-209.406,0,0,0,0,0.00,nan,1,2,0,nan,4,1,53,1,1,19,19,0,0,0,874281709,0.04443,-0.01099,0.95996,0.96105,-0.00798,0.00452,-0.00061,0.00919,0.96156,0.00139,0.00919,3,12163,0,1453,3.71384,3.28692,0.88505,92,1,87.874,62,1,6,4302,185610,0,0,0.000,259.310,4.255,0,0.000,353.351,7.285,0,0,1,0,1
PPG,2,21812,874030536,119,165508,190808,186928.094,3879.906,-262.047,0,0,0,0,0.00,nan,1,2,0,nan,4,1,53,1,1,20,20,0,0,0,874320610,0.04419,-0.00537,0.95532,0.95636,-0.00745,0.00345,-0.00167,0.00838,0.96057,0.00656,0.00839,3,12117,0,1453,3.71384,3.28692,0.88505,92,1,87.874,62,1,6,2686,185610,0,0,0.000,259.310,4.255,0,0.000,353.351,7.285,0,0,1,0,1
PPG,2,21813,874070536,151,165434,190713,186965.938,3747.062,-301.188,0,0,0,0,0.00,nan,1,2,0,nan,4,1,53,1,1,21,21,0,0,0,874362333,0.03979,-0.00366,0.95947,0.96030,-0.00772,0.00318,-0.00167,0.00851,0.96030,0.00248,0.00964,3,12177,0,1453,3.71384,3.28692,0.88505,92,1,87.874,62,1,6,4403,185610,0,0,0.000,259.310,4.255,0,0.000,353.351,7.285,0,0,1,0,1
PPG,2,21814,874110536,124,165172,190333,186999.609,3333.391,-347.375,0,0,0,0,0.00,nan,1,2,0,nan,4,1,53,1,1,22,22,0,0,0,874401862,0.04224,-0.00537,0.95825,0.95920,-0.00772,0.00212,-0.00087,0.00805,0.96114,0.00220,0.00920,3,12248,0,1453,3.71384,3.28692,0.88505,92,1,87.874,62,1,6,4333,185610,0,0,0.000,259.310,4.255,0,0.000,353.351,7.285,0,0,1,0,1
PPG,2,21815,874150536,116,165054,190126,187030.875,3095.125,-383.422,0,0,0,0,0.00,nan,1,2,0,nan,4,1,53,1,1,23,23,0,0,0,874441173,0.04517,-0.01050,0.96143,0.96254,-0.00718,0.00345,-0.00061,0.00799,0.96254,0.00809,0.00802,3,12259,0,1453,3.71384,3.28692,0.88505,92,1,87.874,62,1,6,4335,185610,0,0,0.000,259.310,4.255,0,0.000,353.351,7.285,0,0,1,0,1
PPG,2,21816,874190536,140,165080,190194,187062.500,3131.500,-407.578,0,0,0,0,0.00,nan,1,2,0,nan,4,1,53,1,1,24,24,0,0,0,874480426,0.04370,-0.00830,0.96484,0.96587,-0.00745,0.00292,-0.00087,0.00805,0.96587,0.00518,0.00821,3,12256,0,1453,3.71384,3.28692,0.88505,92,1,87.874,62,1,6,2636,185610,0,0,0.000,259.310,4.255,0,0.000,353.351,7.285,0,0,1,0,1
PPG,2,21817,874230536,135,165069,190219,187094.062,3124.938,-432.297,0,0,0,0,0.00,nan,1,2,0,nan,4,1,53,1,1,25,25,0,0,0,874522360,0.04102,-0.00415,0.95630,0.95719,-0.00692,0.00238,-0.00087,0.00737,0.96211,0.00630,0.00868,3,12235,0,1453,3.71384,3.28692,0.88505,92,1,87.874,62,1,6,4349,185610,0,0,0.000,259.310,4.255,0,0.000,353.351,7.285,0,0,1,0,1
PPG,2,21818,874270536,120,165003,190192,187125.047,3066.953,-445.812,0,0,0,0,0.00,nan,1,2,0,nan,4,1,53,1,1,26,26,0,0,0,874561702,0.04370,-0.00659,0.95410,0.95512,-0.00638,0.00292,-0.00007,0.00702,0.96129,0.01475,0.00826,3,12256,0,1453,3.71384,3.28692,0.88505,92,1,87.874,62,1,6,4346,185610,0,0,0.000,259.310,4.255,0,0.000,353.351,7.285,0,0,1,0,1
PPG,2,21819,874310536,498,164960,190162,187155.422,3006.578,-474.156,0,0,0,0,0.00,nan,1,2,0,nan,4,1,53,1,1,27,27,0,0,0,874601055,0.04199,-0.00610,0.96606,0.96700,-0.00825,0.00158,-0.00167,0.00856,0.96700,0.00733,0.00856,3,12261,0,1453,3.93209,3.50532,0.89146,-999,0,87.713,-999,0,6,4347,185610,0,0,0.000,239.007,4.706,0,0.000,353.351,7.285,0,0,1,0,1
PPG,2,21820,874350536,178,164853,190018,187184.047,2833.953,-513.125,0,0,0,0,0.00,nan,1,2,0,nan,4,1,53,1,1,28,28,0,0,0,874640692,0.04224,-0.01001,0.96045,0.96143,-0.00692,0.00158,-0.00061,0.00712,0.96239,0.00461,0.00800,3,12226,0,1453,3.93209,3.50532,0.89146,-999,0,87.713,-999,0,6,2641,185610,0,0,0.000,239.007,4.706,0,0.000,353.351,7.285,0,0,1,0,1
PPG,2,21821,874390536,138,164773,189893,187211.141,2681.859,-515.188,0,0,0,0,0.00,nan,1,2,0,nan,4,1,53,1,1,29,29,0,0,0,874682754,0.04443,-0.00659,0.95605,0.95711,-0.00772,0.00185,-0.00034,0.00794,0.96298,0.00496,0.00869,3,12297,0,1453,3.93209,3.50532,0.89146,-999,0,87.713,-999,0,6,4331,185610,0,0,0.000,239.007,4.706,0,0.000,353.351,7.285,0,0,1,0,1
PPG,2,21822,874430536,129,164636,189754,187236.562,2517.438,-501.031,0,0,0,0,0.00,nan,1,2,0,nan,4,1,53,1,1,30,30,0,0,0,874722026,0.04419,-0.00293,0.95874,0.95976,-0.00798,0.00318,-0.00167,0.00876,0.95976,0.00249,0.00876,3,12218,0,1453,3.93209,3.50532,0.89146,-999,0,87.713,-999,0,6,4325,185610,0,0,0.000,239.007,4.706,0,0.000,353.351,7.285,0,0,1,0,1
PPG,2,21823,874470536,122,164455,189550,187259.703,2290.297,-514.875,0,0,0,0,0.00,nan,1,2,0,nan,4,1,53,1,1,31,31,0,0,0,874761337,0.04297,-0.00488,0.96289,0.96386,-0.00798,0.00265,-0.00141,0.00853,0.96386,0.00637,0.00853,3,12248,0,1453,3.93209,3.50532,0.89146,-999,0,87.713,-999,0,6,4342,185610,0,0,0.000,221.271,5.186,0,0.000,329.154,8.048,0,0,1,0,1
PPG,2,21824,874510536,119,164175,189261,187279.719,1981.281,-550.984,0,0,0,0,0.00,nan,1,2,0,nan,4,1,53,1,1,0,0,0,0,0,874800566,0.04370,-0.00513,0.95605,0.95707,-0.00745,0.00185,-0.00141,0.00780,0.96046,0.00340,0.00842,3,12227,0,1453,3.93209,3.50532,0.89146,-999,0,87.713,-999,0,6,2627,185610,0,0,0.000,221.271,5.186,0,0.000,329.154,8.048,0,0,1,0,1
PPG,2,21825,874550536,116,163790,188853,187295.453,1557.547,-618.266,0,0,0,0,0.00,nan,1,2,0,nan,4,1,53,1,1,1,1,0,0,0,874842388,0.04419,-0.00854,0.95190,0.95297,-0.00772,0.00238,-0.00034,0.00808,0.95940,0.00643,0.00808,3,12207,0,1453,3.93209,3.50532,0.89146,-999,0,87.713,-999,0,6,4343,185610,0,0,0.000,221.271,5.186,0,0.000,329.154,8.048,0,0,1,0,1
PPG,2,21826,874590536,119,163425,188462,187307.125,1154.875,-724.375,0,0,0,0,0.00,nan,1,2,0,nan,4,1,53,1,1,2,2,0,0,0,874881639,0.04565,-0.00464,0.95508,0.95618,-0.00665,0.00212,-0.00034,0.00699,0.96047,0.00560,0.00835,3,12257,0,1453,3.93209,3.50532,0.89146,-999,0,87.713,-999,0,6,4349,185610,0,0,0.000,221.271,5.186,0,0.000,329.154,8.048,0,0,1,0,1
PPG,2,21827,874630536,116,163330,188347,187317.531,1029.469,-831.156,0,0,0,0,0.00,nan,1,2,0,nan,4,1,53,1,1,3,3,0,0,0,874920869,0.04199,-0.00366,0.95654,0.95747,-0.00745,0.00185,-0.00061,0.00770,0.95940,0.00322,0.00770,3,12230,0,1453,3.93209,3.50532,0.89146,-999,0,87.713,-999,0,6,2623,185610,0,0,0.000,221.271,5.186,0,0.000,329.154,8.048,0,0,1,0,1
PPG,2,21828,874670536,120,163227,188232,187326.672,905.328,-942.531,0,0,0,0,0.00,nan,1,2,0,nan,4,1,53,1,1,4,4,0,0,0,874962680,0.04297,-0.00610,0.95068,0.95167,-0.00745,0.00185,-0.00221,0.00799,0.96036,0.00868,0.00799,3,12220,0,1453,3.93209,3.50532,0.89146,-999,0,87.713,-999,0,6,4317,185610,0,0,0.000,221.271,5.186,0,0.000,329.154,8.048,0,0,1,0,1
PPG,2,21829,874710536,153,163236,188245,187335.859,909.141,-1035.109,0,0,0,0,0.00,nan,1,2,0,nan,4,1,53,1,1,5,5,0,0,0,875001743,0.04419,-0.00366,0.95532,0.95635,-0.00825,0.00185,-0.00061,0.00848,0.96279,0.01112,0.00904,3,12131,0,1453,3.93209,3.50532,0.89146,-999,0,87.713,-999,0,6,4376,185610,0,0,0.000,221.271,5.186,0,0.000,329.154,8.048,0,0,1,0,1
PPG,2,21830,874750536,118,163294,188367,187346.172,1020.828,-1084.406,0,0,0,0,0.00,nan,1,2,0,nan,4,1,53,1,1,6,6,0,0,0,875041008,0.04150,-0.00708,0.95532,0.95625,-0.00692,0.00212,-0.00114,0.00732,0.95625,0.00475,0.00750,3,12159,0,1453,3.93209,3.50532,0.89146,-999,0,87.713,-999,0,6,2599,185610,0,0,0.000,221.271,5.186,0,0.000,329.154,8.048,0,0,1,0,1
PPG,2,21831,874790536,188,163454,188570,187358.406,1211.594,-1075.531,0,0,0,0,0.00,nan,1,2,0,nan,4,1,53,1,1,7,7,0,0,0,875082505,0.04468,-0.00977,0.95215,0.95325,-0.00852,0.00185,-0.00007,0.00871,0.96250,0.00926,0.00871,3,12114,0,1453,3.93209,3.50532,0.89146,-999,0,87.713,-999,0,6,4295,185610,0,0,0.000,221.271,5.186,0,0.000,329.154,8.048,0,0,1,0,1
PPG,2,21832,874830536,118,163610,188756,187372.375,1383.625,-986.766,0,0,0,0,0.00,nan,1,2,0,nan,4,1,53,1,1,8,8,0,0,0,875121600,0.04663,-0.00586,0.95801,0.95916,-0.00798,0.00132,-0.00061,0.00811,0.95916,0.00479,0.00880,3,12130,0,1453,3.93209,3.50532,0.89146,-999,0,87.713,-999,0,6,4300,185610,0,0,0.000,221.271,5.186,0,0.000,329.154,8.048,0,0,1,0,1
PPG,2,21833,874870536,126,163621,188749,187386.141,1362.859,-847.578,0,0,0,0,0.00,nan,1,2,0,nan,4,1,53,1,1,9,9,0,0,0,875164608,0.04346,-0.00928,0.95898,0.96001,-0.00772,0.00052,-0.00034,0.00774,0.96001,0.00752,0.00807,3,16232,0,1453,3.93209,3.50532,0.89146,-999,0,87.713,-999,0,6,16174,185610,0,0,0.000,221.271,5.186,0,0.000,329.154,8.048,0,0,1,0,1
PPG,2,21834,874910536,120,163601,188617,187398.453,1218.547,-723.203,0,0,0,0,0.00,nan,1,2,0,nan,4,1,53,1,1,10,10,0,0,0,875201098,0.04346,-0.00537,0.96021,0.96120,-0.00692,0.00238,-0.00061,0.00734,0.96120,0.00171,0.00734,3,12162,0,1453,3.93209,3.50532,0.89146,-999,0,87.713,-999,0,6,2600,185610,0,0,0.000,221.271,5.186,0,0.000,329.154,8.048,0,0,1,0,1
PPG,2,21835,874950536,118,163622,188516,187409.625,1106.375,-602.125,0,0,0,0,0.00,nan,1,2,0,nan,4,1,53,1,1,11,11,0,0,0,875242624,0.04321,-0.00439,0.95557,0.95655,-0.00852,0.00212,-0.00167,0.00893,0.95945,0.00261,0.00921,3,12130,0,1453,3.93209,3.50532,0.89146,-999,0,87.713,-999,0,6,4296,185610,0,0,0.000,221.271,5.186,0,0.000,329.154,8.048,0,0,1,0,1
PPG,2,21836,874990536,119,163657,188498,187420.516,1077.484,-481.188,0,0,0,0,0.00,nan,1,2,0,nan,4,1,53,1,1,12,12,0,0,0,875281540,0.04102,-0.00537,0.95923,0.96012,-0.00772,0.00212,-0.00087,0.00805,0.96012,0.00722,0.00837,3,12111,0,1453,3.93209,3.50532,0.89146,-999,0,87.713,-999,0,6,4294,185610,0,0,0.000,221.271,5.186,0,0.000,329.154,8.048,0,0,1,0,1
PPG,2,21837,875030536,138,163672,188571,187432.016,1138.984,-369.656,0,0,0,0,0.00,nan,1,2,0,nan,4,1,53,1,1,13,13,0,0,0,875320505,0.04395,-0.00732,0.96143,0.96246,-0.00772,0.00185,-0.00114,0.00802,0.96478,0.00700,0.00802,3,12116,0,1453,3.93209,3.50532,0.89146,-999,0,87.713,-999,0,6,2597,185610,0,0,0.000,221.271,5.186,0,0.000,329.154,8.048,0,0,1,0,1
PPG,2,21838,875070536,119,163704,188636,187444.062,1191.938,-282.422,0,0,0,0,0.00,nan,1,2,0,nan,4,1,53,1,1,14,14,0,0,0,875362017,0.03833,-0.00464,0.95532,0.95610,-0.00745,0.00105,0.00046,0.00754,0.96055,0.00547,0.00785,3,12114,0,1453,3.93209,3.50532,0.89146,-999,0,87.713,-999,0,6,4294,185610,0,0,0.000,221.271,5.186,0,0.000,329.154,8.048,0,0,1,0,1
PPG,2,21839,875110536,119,163720,188726,187456.875,1269.125,-214.906,0,0,0,0,0.00,nan,1,2,0,nan,4,1,53,1,1,15,15,0,0,0,875401079,0.04297,-0.00659,0.95483,0.95582,-0.00772,0.00185,-0.00007,0.00794,0.95582,0.00485,0.00840,3,12185,0,1453,3.93209,3.50532,0.89146,-999,0,87.713,-999,0,6,2599,185610,0,0,0.000,221.271,5.186,0,0.000,329.154,8.048,0,0,1,0,1
PPG,2,21840,875150536,119,163774,188779,187470.094,1308.906,-148.672,0,0,0,0,0.00,nan,1,2,0,nan,4,1,53,1,1,16,16,0,0,0,875442622,0.04492,-0.00391,0.95557,0.95663,-0.00718,0.00158,-0.00007,0.00736,0.96251,0.00588,0.00757,3,12134,0,1453,3.93209,3.50532,0.89146,-999,0,87.713,-999,0,6,4296,185610,0,0,0.000,221.271,5.186,0,0.000,329.154,8.048,0,0,1,0,1
PPG,2,21841,875190536,118,163806,188790,187483.297,1306.703,-68.812,0,0,0,0,0.00,nan,1,2,0,nan,4,1,53,1,1,17,17,0,0,0,875481537,0.04297,-0.00684,0.95850,0.95948,-0.00772,0.00132,-0.00007,0.00783,0.95960,0.00455,0.00783,3,12112,0,1453,3.93209,3.50532,0.89146,-999,0,87.713,-999,0,6,4297,185610,0,0,0.000,221.271,5.186,0,0.000,329.154,8.048,0,0,1,0,1
PPG,2,21842,875230536,120,163812,188762,187496.078,1265.922,15.938,0,0,0,0,0.00,nan,1,2,0,nan,4,1,53,1,1,18,18,0,0,0,875520747,0.04028,-0.00586,0.95605,0.95692,-0.00718,0.00212,-0.00221,0.00781,0.95964,0.00359,0.00874,3,12281,0,1453,3.93209,3.50532,0.89146,-999,0,87.713,-999,0,6,2658,185610,0,0,0.000,221.271,5.186,0,0.000,329.154,8.048,0,0,1,0,1
PPG,2,21843,875270536,118,163871,188884,187509.953,1374.047,104.375,0,0,0,0,0.00,nan,1,2,0,nan,4,1,53,1,1,19,19,0,0,0,875562478,0.04272,-0.00220,0.96582,0.96677,-0.00852,0.00238,-0.00194,0.00905,0.96677,0.00807,0.00906,3,12184,0,1453,3.93209,3.50532,0.89146,-999,0,87.713,-999,0,6,4304,185610,0,0,0.000,221.271,5.186,0,0.000,329.154,8.048,0,0,1,0,1
PPG,2,21844,875310536,513,163922,188995,187524.797,1470.203,178.250,0,0,0,0,0.00,nan,1,2,0,nan,4,1,53,1,1,20,20,0,0,0,875601419,0.04370,-0.00610,0.95996,0.96097,-0.00852,0.00105,-0.00167,0.00874,0.96097,0.00833,0.00874,3,12152,0,1453,1.07197,1.05722,0.98623,95,1,85.344,83,1,6,4305,185610,0,0,0.000,221.271,5.186,0,0.000,329.154,8.048,0,0,1,0,1
PPG,2,21845,875350536,166,163962,189069,187540.234,1528.766,229.312,0,0,0,0,0.00,nan,1,2,0,nan,4,1,53,1,1,21,21,0,0,0,875640761,0.04199,-0.00806,0.96094,0.96189,-0.00718,0.00158,-0.00061,0.00738,0.96245,0.00901,0.00770,3,12115,0,1453,1.07197,1.05722,0.98623,95,1,85.344,83,1,6,2603,185610,0,0,0.000,221.271,5.186,0,0.000,329.154,8.048,0,0,1,0,1
PPG,2,21846,875390536,119,163973,189108,187555.906,1552.094,251.578,0,0,0,0,0.00,nan,1,2,0,nan,4,1,53,1,1,22,22,0,0,0,875682352,0.04590,-0.00562,0.95972,0.96083,-0.00798,0.00185,0.00046,0.00821,0.96240,0.00753,0.00889,3,12118,0,1453,1.07197,1.05722,0.98623,95,1,85.344,83,1,6,4305,185610,0,0,0.000,221.271,5.186,0,0.000,329.154,8.048,0,0,1,0,1
PPG,2,21847,875430536,123,163946,189098,187571.328,1526.672,259.594,0,0,0,0,0.00,nan,1,2,0,nan,4,1,53,1,1,23,23,0,0,0,875721275,0.04248,-0.00415,0.95801,0.95896,-0.00798,0.00212,-0.00061,0.00828,0.96171,0.00268,0.00850,3,12116,0,1453,1.07197,1.05722,0.98623,95,1,85.344,83,1,6,2599,185610,0,0,0.000,221.271,5.186,0,0.000,329.154,8.048,0,0,1,0,1
PPG,2,21848,875470536,119,163971,189142,187587.031,1554.969,264.375,0,0,0,0,0.00,nan,1,2,0,nan,4,1,53,1,1,24,24,0,0,0,875762761,0.04541,-0.00635,0.95337,0.95447,-0.00798,0.00265,0.00019,0.00841,0.95952,0.00505,0.00877,3,12125,0,1453,1.07197,1.05722,0.98623,95,1,85.344,83,1,6,4294,185610,0,0,0.000,221.271,5.186,0,0.000,329.154,8.048,0,0,1,0,1
PPG,2,21849,875510536,118,164046,189240,187603.562,1636.438,282.922,0,0,0,0,0.00,nan,1,2,0,nan,4,1,53,1,1,25,25,0,0,0,875801660,0.04272,-0.00854,0.95630,0.95729,-0.00825,0.00212,-0.00194,0.00873,0.95884,0.00437,0.00901,3,12134,0,1453,1.07197,1.05722,0.98623,95,1,85.344,83,1,6,4303,185610,0,0,0.000,221.271,5.186,0,0.000,329.154,8.048,0,0,1,0,1
PPG,2,21850,875550536,119,164091,189320,187620.734,1699.266,297.562,0,0,0,0,0.00,nan,1,2,0,nan,4,1,53,1,1,26,26,0,0,0,875840644,0.04688,-0.00659,0.95435,0.95552,-0.00852,0.00158,-0.00034,0.00867,0.96028,0.00312,0.00867,3,12112,0,1453,1.07197,1.05722,0.98623,95,1,85.344,83,1,6,2595,185610,0,0,0.000,221.271,5.186,0,0.000,329.154,8.048,0,0,1,0,1
PPG,2,21851,875590536,117,164089,189326,187637.781,1688.219,307.047,0,0,0,0,0.00,nan,1,2,0,nan,4,1,53,1,1,27,27,0,0,0,875882175,0.04199,-0.00391,0.95679,0.95772,-0.00852,0.00079,-0.00034,0.00856,0.96461,0.00997,0.00856,3,12110,0,1453,1.07197,1.05722,0.98623,95,1,85.344,83,1,6,4302,185610,0,0,0.000,221.271,5.186,0,0.000,329.154,8.048,0,0,1,0,1
PPG,2,21852,875630536,117,164030,189281,187654.219,1626.781,311.078,0,0,0,0,0.00,nan,1,2,0,nan,4,1,53,1,1,28,28,0,0,0,875921135,0.04346,-0.00928,0.95581,0.95684,-0.00905,0.00079,-0.00034,0.00909,0.96283,0.00512,0.00909,3,12123,0,1453,1.07197,1.05722,0.98623,95,1,85.344,83,1,6,2602,185610,0,0,0.000,221.271,5.186,0,0.000,329.154,8.048,0,0,1,0,1
PPG,2,21853,875670536,122,163775,189023,187667.906,1355.094,285.234,0,0,0,0,0.00,nan,1,2,0,nan,4,1,53,1,1,29,29,0,0,0,875962617,0.04614,-0.00513,0.95898,0.96011,-0.00878,0.00132,-0.00034,0.00889,0.96185,0.00500,0.00921,3,12118,0,1453,1.07197,1.05722,0.98623,95,1,85.344,83,1,6,4298,185610,0,0,0.000,221.271,5.186,0,0.000,329.154,8.048,0,0,1,0,1
PPG,2,21854,875710536,117,163476,188602,187677.250,924.750,215.125,0,0,0,0,0.00,nan,1,2,0,nan,4,1,53,1,1,30,30,0,0,0,876001499,0.04126,-0.00464,0.95874,0.95964,-0.00718,0.00318,-0.00061,0.00788,0.95964,0.00646,0.00821,3,12109,0,1453,1.07197,1.05722,0.98623,95,1,85.344,83,1,6,4317,185610,0,0,1233.562,221.271,5.186,1,0.000,329.154,8.048,0,0,1,0,1
PPG,2,21855,875750536,122,163423,188466,187685.141,780.859,121.062,0,0,0,0,0.00,nan,1,2,0,nan,4,1,53,1,1,31,31,0,0,0,876040467,0.04297,-0.00635,0.95605,0.95704,-0.00825,0.00238,-0.00034,0.00859,0.95704,0.00412,0.00859,3,12111,0,1453,1.07197,1.05722,0.98623,95,1,85.344,83,1,6,2599,185610,0,0,0.000,221.271,5.186,0,0.000,329.154,8.048,0,0,1,0,1
PPG,2,21856,875790536,117,163479,188540,187693.688,846.312,18.953,0,0,0,0,0.00,nan,1,2,0,nan,4,1,53,1,1,0,0,0,0,0,876082003,0.04248,-0.00635,0.96045,0.96141,-0.00798,0.00105,-0.00061,0.00807,0.96141,0.00235,0.00902,3,12112,0,1453,1.07197,1.05722,0.98623,95,1,85.344,83,1,6,4294,185610,0,0,0.000,221.271,5.186,0,0.000,329.154,8.048,0,0,1,0,1
PPG,2,21857,875830536,119,163467,188554,187702.297,851.703,-89.625,0,0,0,0,0.00,nan,1,2,0,nan,4,1,53,1,1,1,1,0,0,0,876120995,0.04321,-0.00586,0.95386,0.95485,-0.00825,0.00132,-0.00061,0.00838,0.95814,0.00327,0.00893,3,12131,0,1453,1.07197,1.05722,0.98623,95,1,85.344,83,1,6,2600,185610,0,0,0.000,221.271,5.186,0,0.000,329.154,8.048,0,0,1,0,1
PPG,2,21858,875870536,127,163491,188643,187711.703,931.297,-187.547,0,0,0,0,0.00,nan,1,2,0,nan,4,1,53,1,1,2,2,0,0,0,876166584,0.04077,-0.00903,0.95581,0.95672,-0.00825,0.00318,-0.00034,0.00885,0.96459,0.00988,0.01028,3,16224,0,1453,1.07197,1.05722,0.98623,95,1,85.344,83,1,6,16161,185610,0,0,0.000,221.271,5.186,0,0.000,329.154,8.048,0,0,1,0,1
PPG,2,21859,875910536,120,163467,188658,187721.172,936.828,-273.141,0,0,0,0,0.00,nan,1,2,0,nan,4,1,53,1,1,3,3,0,0,0,876202960,0.03857,-0.00562,0.95703,0.95782,-0.00852,0.00345,-0.00034,0.00919,0.95782,0.00074,0.00919,3,12106,0,1453,1.07197,1.05722,0.98623,95,1,85.344,83,1,6,4302,185610,0,0,0.000,221.271,5.186,0,0.000,329.154,8.048,0,0,1,0,1
PPG,2,21860,875950536,121,163366,188537,187729.328,807.672,-330.484,1,0,0,0,0.00,nan,1,2,0,nan,4,1,53,1,1,4,4,0,0,0,876241867,0.04102,-0.00586,0.95288,0.95378,-0.00745,0.00185,-0.00087,0.00773,0.95893,0.00436,0.00863,3,12108,0,1453,1.07197,1.05722,0.98623,95,1,85.344,83,1,6,4299,185610,0,0,0.000,221.271,5.186,0,1395.484,329.154,8.048,1,0,1,0,1
PPG,2,21861,875990536,118,163093,188190,187733.938,456.062,-359.328,0,0,0,0,0.00,nan,1,2,0,nan,4,1,53,1,1,5,5,0,0,0,876280761,0.04468,-0.00708,0.95068,0.95176,-0.00825,0.00158,-0.00007,0.00840,0.95997,0.00630,0.00943,3,12115,0,1453,1.07197,1.05722,0.98623,95,1,85.344,83,1,6,2604,185610,0,0,0.000,221.271,5.186,0,0.000,329.154,8.048,0,0,1,0,1
PPG,2,21862,876030536,119,162770,187824,187734.844,89.156,-404.141,0,0,0,0,0.00,nan,1,2,0,nan,4,1,53,1,1,6,6,0,0,0,876322431,0.04297,-0.00977,0.95947,0.96048,-0.00798,0.00185,-0.00061,0.00822,0.96048,0.00849,0.00822,3,12222,0,1453,1.07197,1.05722,0.98623,95,1,85.344,83,1,6,4302,185610,0,0,0.000,221.271,5.186,0,0.000,329.154,8.048,0,0,1,0,1
PPG,2,21863,876070536,116,162789,187897,187736.469,160.531,-446.656,0,0,0,0,0.00,nan,1,2,0,nan,4,1,53,1,1,7,7,0,0,0,876361315,0.04150,-0.00464,0.96143,0.96233,-0.00798,0.00345,-0.00087,0.00874,0.96233,0.00508,0.00881,3,12120,0,1453,1.07197,1.05722,0.98623,95,1,85.344,83,1,6,2596,185610,0,0,0.000,221.271,5.186,0,0.000,329.154,8.048,0,0,1,0,1
PPG,2,21864,876110536,121,162901,188059,187739.688,319.312,-470.562,0,0,0,0,0.00,nan,1,2,0,nan,4,1,53,1,1,8,8,0,0,0,876402837,0.04395,-0.00488,0.95386,0.95488,-0.00905,0.00132,-0.00034,0.00915,0.96313,0.00825,0.00915,3,12120,0,1453,1.07197,1.05722,0.98623,95,1,85.344,83,1,6,4313,185610,0,0,0.000,221.271,5.186,0,0.000,329.154,8.048,0,0,1,0,1
PPG,2,21865,876150536,119,162882,188069,187742.984,326.016,-502.562,0,0,0,0,0.00,nan,1,2,0,nan,4,1,53,1,1,9,9,0,0,0,876441847,0.04492,-0.00903,0.95703,0.95813,-0.00665,0.00318,-0.00087,0.00742,0.96051,0.00388,0.00898,3,12118,0,1453,1.07197,1.05722,0.98623,95,1,85.344,83,1,6,4306,185610,0,0,0.000,221.271,5.186,0,0.000,329.154,8.048,0,0,1,0,1
PPG,2,21866,876190536,119,162918,188131,187746.859,384.141,-529.000,0,0,0,0,0.00,nan,1,2,0,nan,4,1,53,1,1,10,10,0,0,0,876480776,0.04492,-0.00537,0.96362,0.96468,-0.00745,0.00238,-0.00141,0.00795,0.96468,0.00981,0.00805,3,12116,0,1453,1.07197,1.05722,0.98623,95,1,85.344,83,1,6,2600,185610,0,0,0.000,221.271,5.186,0,0.000,329.154,8.048,0,0,1,0,1
PPG,2,21867,876230536,190,163029,188310,187752.484,557.516,-522.016,0,0,0,0,0.00,nan,1,2,0,nan,4,1,53,1,1,11,11,0,0,0,876522293,0.04272,-0.00366,0.95801,0.95897,-0.00745,0.00238,-0.00114,0.00790,0.95987,0.00505,0.00840,3,12150,0,1453,1.07197,1.05722,0.98623,95,1,85.344,83,1,6,4303,185610,0,0,0.000,221.271,5.186,0,0.000,329.154,8.048,0,0,1,0,1
PPG,2,21868,876270536,119,163197,188510,187760.062,749.938,-444.719,0,0,0,0,0.00,nan,1,2,0,nan,4,1,53,1,1,12,12,0,0,0,876561625,0.03906,-0.00439,0.95459,0.95540,-0.00825,0.00185,-0.00087,0.00850,0.96100,0.00560,0.00850,3,12274,0,1453,1.07197,1.05722,0.98623,95,1,85.344,83,1,6,2617,185610,0,0,0.000,221.271,5.186,0,0.000,329.154,8.048,0,0,1,0,1
PPG,2,21869,876310536,520,163233,188526,187767.719,758.281,-308.719,0,0,0,0,0.00,nan,1,2,0,nan,4,1,53,1,1,13,13,0,0,0,876603459,0.04517,-0.00903,0.95898,0.96009,-0.00878,0.00212,0.00073,0.00906,0.96229,0.00689,0.00906,3,12344,0,1453,0.64541,0.69225,1.07257,87,1,83.186,71,1,6,4314,185610,0,0,0.000,221.271,5.186,0,0.000,329.154,8.048,0,0,1,0,1
PPG,2,21870,876350536,171,163227,188544,187775.484,768.516,-177.500,0,0,0,0,0.00,nan,1,2,0,nan,4,1,53,1,1,14,14,0,0,0,876643195,0.04248,-0.00977,0.96167,0.96266,-0.00665,0.00185,-0.00141,0.00704,0.96390,0.00265,0.00828,3,12262,0,1453,0.64541,0.69225,1.07257,87,1,83.186,71,1,6,4356,185610,0,0,0.000,221.271,5.186,0,0.000,329.154,8.048,0,0,1,0,1
PPG,2,21871,876390536,120,163243,188607,187783.797,823.203,-63.266,0,0,0,0,0.00,nan,1,2,0,nan,4,1,53,1,1,15,15,0,0,0,876682574,0.04175,-0.00317,0.95728,0.95819,-0.00798,0.00158,-0.00221,0.00843,0.96200,0.00541,0.00843,3,12264,0,1453,0.64541,0.69225,1.07257,87,1,83.186,71,1,6,4323,185610,0,0,0.000,221.271,5.186,0,0.000,329.154,8.048,0,0,1,0,1
PPG,2,21872,876430536,130,163318,188687,187792.828,894.172,54.734,0,0,0,0,0.00,nan,1,2,0,nan,4,1,53,1,1,16,16,0,0,0,876721830,0.04370,-0.00781,0.95850,0.95952,-0.00825,0.00158,-0.00087,0.00845,0.95952,0.00333,0.00845,3,12261,0,1453,0.64541,0.69225,1.07257,87,1,83.186,71,1,6,4362,185610,0,0,0.000,221.271,5.186,0,0.000,329.154,8.048,0,0,1,0,1
PPG,2,21873,876470536,116,163292,188589,187800.797,788.203,141.844,0,0,0,0,0.00,nan,1,2,0,nan,4,1,53,1,1,17,17,0,0,0,876761167,0.04541,-0.00513,0.96045,0.96154,-0.00798,0.00292,-0.00167,0.00866,0.96638,0.01034,0.00903,3,12254,0,1453,0.64541,0.69225,1.07257,87,1,83.186,71,1,6,2634,185610,0,0,0.000,221.271,5.186,0,0.000,329.154,8.048,0,0,1,0,1
PPG,2,21874,876510536,126,163260,188431,187807.094,623.906,167.688,0,0,0,0,0.00,nan,1,2,0,nan,4,1,53,1,1,18,18,0,0,0,876803007,0.04199,-0.01050,0.96094,0.96191,-0.00745,0.00318,-0.00087,0.00815,0.96191,0.00599,0.00835,3,12247,0,1453,0.64541,0.69225,1.07257,87,1,83.186,71,1,6,4331,185610,0,0,0.000,221.271,5.186,0,0.000,329.154,8.048,0,0,1,0,1
PPG,2,21875,876550536,117,163417,188555,187814.578,740.422,169.672,0,0,0,0,0.00,nan,1,2,0,nan,4,1,53,1,1,19,19,0,0,0,876842334,0.04834,-0.00781,0.95825,0.95950,-0.00852,0.00212,-0.00087,0.00882,0.95990,0.00417,0.00882,3,12241,0,1453,0.64541,0.69225,1.07257,87,1,83.186,71,1,6,4331,185610,0,0,0.000,221.271,5.186,0,0.000,329.154,8.048,0,0,1,0,1
PPG,2,21876,876590536,134,163533,188720,187823.625,896.375,188.375,0,0,0,0,0.00,nan,1,2,0,nan,4,1,53,1,1,20,20,0,0,0,876881518,0.04077,-0.00854,0.95923,0.96013,-0.00852,0.00132,-0.00061,0.00864,0.96013,0.00050,0.00913,3,12247,0,1453,0.64541,0.69225,1.07257,87,1,83.186,71,1,6,2628,185610,0,0,0.000,221.271,5.186,0,0.000,329.154,8.048,0,0,1,0,1
PPG,2,21877,876630536,116,163476,188702,187832.406,869.594,203.547,0,0,0,0,0.00,nan,1,2,0,nan,4,1,53,1,1,21,21,0,0,0,876923458,0.04150,-0.00635,0.95435,0.95527,-0.00878,0.00212,-0.00141,0.00914,0.96383,0.00918,0.00914,3,12258,0,1453,0.64541,0.69225,1.07257,87,1,83.186,71,1,6,4359,185610,0,0,0.000,221.271,5.186,0,0.000,329.154,8.048,0,0,1,0,1
PPG,2,21878,876670536,118,163437,188743,187841.516,901.484,217.969,0,0,0,0,0.00,nan,1,2,0,nan,4,1,53,1,1,22,22,0,0,0,876962696,0.04053,-0.00513,0.96069,0.96156,-0.00852,0.00185,0.00019,0.00872,0.96156,0.00523,0.00872,3,12248,0,1453,0.64541,0.69225,1.07257,87,1,83.186,71,1,6,4330,185610,0,0,0.000,221.271,5.186,0,0.000,329.154,8.048,0,0,1,0,1
PPG,2,21879,876710536,127,163397,188702,187850.125,851.875,217.922,0,0,0,0,0.00,nan,1,2,0,nan,4,1,53,1,1,23,23,0,0,0,877001939,0.04395,-0.00684,0.95874,0.95977,-0.00878,0.00132,-0.00114,0.00895,0.96381,0.01178,0.00895,3,12254,0,1453,0.64541,0.69225,1.07257,87,1,83.186,71,1,6,4334,185610,0,0,0.000,221.271,5.186,0,0.000,329.154,8.048,0,0,1,0,1
PPG,2,21880,876750536,119,163351,188585,187857.469,727.531,214.953,0,0,0,0,0.00,nan,1,2,0,nan,4,1,53,1,1,24,24,0,0,0,877041174,0.04517,-0.00830,0.95654,0.95764,-0.00798,0.00238,-0.00034,0.00834,0.95815,0.00445,0.00898,3,12252,0,1453,0.64541,0.69225,1.07257,87,1,83.186,71,1,6,2643,185610,0,0,0.000,221.271,5.186,0,0.000,329.154,8.048,0,0,1,0,1
PPG,2,21881,876790536,129,163346,188583,187864.719,718.281,217.016,0,0,0,0,0.00,nan,1,2,0,nan,4,1,53,1,1,25,25,0,0,0,877083037,0.04053,-0.00342,0.95801,0.95887,-0.00745,0.00238,-0.00034,0.00783,0.96324,0.00560,0.00869,3,12256,0,1453,0.64541,0.69225,1.07257,87,1,83.186,71,1,6,4333,185610,0,0,0.000,221.271,5.186,0,0.000,329.154,8.048,0,0,1,0,1
PPG,2,21882,876830536,124,163437,188686,187872.938,813.062,192.625,0,0,0,0,0.00,nan,1,2,0,nan,4,1,53,1,1,26,26,0,0,0,877122208,0.04028,-0.00562,0.96118,0.96204,-0.00798,0.00212,-0.00114,0.00834,0.96204,0.00541,0.00834,3,12218,0,1453,0.64541,0.69225,1.07257,87,1,83.186,71,1,6,4324,185610,0,0,0.000,221.271,5.186,0,0.000,308.349,8.843,0,0,1,0,1
PPG,2,21883,876870536,125,163544,188842,187882.625,959.375,162.812,0,0,0,0,0.00,nan,1,2,0,nan,4,1,53,1,1,27,27,0,0,0,877168212,0.04028,-0.00757,0.96216,0.96303,-0.00692,0.00185,-0.00007,0.00716,0.96303,0.00932,0.00878,3,18965,0,1453,0.64541,0.69225,1.07257,87,1,83.186,71,1,6,14577,185610,0,0,0.000,221.271,5.186,0,0.000,308.349,8.843,0,0,1,0,1
PPG,2,21884,876910536,210,163629,188981,187893.609,1087.391,156.562,0,0,0,0,0.00,nan,1,2,0,nan,4,1,53,1,1,28,29,1,0,0,877242934,0.04443,-0.00513,0.95508,0.95612,-0.00718,0.00158,-0.00061,0.00738,0.95612,0.00691,0.00738,1,74722,0,1459,0.64541,0.69225,1.07257,87,1,83.186,71,1,6,74461,185610,0,0,0.000,221.271,5.186,0,0.000,308.349,8.843,0,0,1,0,1
PPG,2,21885,876950536,117,163647,189042,187905.094,1136.906,150.625,0,0,0,0,0.00,nan,1,2,0,nan,4,1,53,1,1,29,29,0,0,0,877255528,0.04028,-0.00879,0.95605,0.95694,-0.00772,0.00052,-0.00114,0.00782,0.95694,0.00082,0.00782,1,12594,0,1459,0.64541,0.69225,1.07257,87,1,83.186,71,1,6,12721,185610,0,0,0.000,221.271,5.186,0,0.000,308.349,8.843,0,0,1,0,1
PPG,2,21886,876990536,123,163727,189147,187917.516,1229.484,163.406,1,0,0,0,0.00,nan,1,2,0,nan,4,1,53,1,1,30,30,0,0,0,877279759,0.04639,-0.00732,0.95850,0.95965,-0.00745,0.00212,-0.00061,0.00777,0.95965,0.00595,0.00853,2,12174,0,1459,0.64541,0.69225,1.07257,87,1,83.186,71,1,6,2595,185610,0,0,0.000,221.271,5.186,0,746.969,308.349,8.843,1,0,1,0,1
PPG,2,21887,877030536,161,163818,189253,187930.875,1322.125,211.672,0,0,0,0,0.00,nan,1,2,0,nan,4,1,53,1,1,31,31,0,0,0,877321298,0.03857,-0.00366,0.95483,0.95562,-0.00798,0.00318,-0.00034,0.00860,0.96561,0.00869,0.00908,3,12127,0,1459,0.64541,0.69225,1.07257,87,1,83.186,71,1,6,2594,185610,0,0,0.000,221.271,5.186,0,0.000,308.349,8.843,0,0,1,0,1
PPG,2,21888,877070536,137,163911,189369,187945.250,1423.750,281.016,0,0,1,0,0.00,nan,1,2,0,nan,4,1,53,1,1,0,0,0,0,0,877362995,0.04419,-0.00610,0.95654,0.95758,-0.00852,0.00212,-0.00061,0.00880,0.96060,0.00498,0.00880,3,12127,0,1459,0.64541,0.69225,1.07257,87,1,83.186,71,1,6,4295,185610,0,0,737.922,221.271,5.186,1,0.000,308.349,8.843,0,1,1,0,1
PPG,2,21889,877110536,117,163975,189452,187960.312,1491.688,344.141,0,0,0,0,0.00,nan,1,2,0,nan,4,1,53,1,1,1,1,0,0,0,877401930,0.03979,-0.00708,0.96143,0.96228,-0.00798,0.00212,-0.00007,0.00826,0.96228,0.00533,0.00826,3,12125,0,1459,0.64541,0.69225,1.07257,87,1,83.186,71,1,6,2594,185610,0,0,0.000,219.953,5.042,0,0.000,300.776,8.159,0,0,1,0,1
PPG,2,21890,877150536,119,164008,189524,187975.953,1548.047,392.578,0,0,0,0,0.00,nan,1,2,0,nan,4,1,53,1,1,2,2,0,0,0,877443546,0.04517,-0.00244,0.95947,0.96054,-0.00745,0.00238,-0.00087,0.00787,0.96360,0.00382,0.00838,3,12182,0,1459,0.64541,0.69225,1.07257,87,1,83.186,71,1,6,4311,185610,0,0,0.000,219.953,5.042,0,0.000,300.776,8.159,0,0,1,0,1
PPG,2,21891,877190536,116,164064,189593,187992.125,1600.875,430.703,0,0,0,0,0.00,nan,1,2,0,nan,4,1,53,1,1,3,3,0,0,0,877482450,0.04565,-0.00659,0.96265,0.96375,-0.00798,0.00212,-0.00034,0.00827,0.96375,0.00474,0.00827,3,12118,0,1459,0.64541,0.69225,1.07257,87,1,83.186,71,1,6,4301,185610,0,0,0.000,219.953,5.042,0,0.000,300.776,8.159,0,0,1,0,1
PPG,2,21892,877230536,119,164051,189549,188007.688,1541.312,460.016,0,0,0,0,0.00,nan,1,2,0,nan,4,1,53,1,1,4,4,0,0,0,877521361,0.03906,-0.00879,0.96143,0.96226,-0.00931,0.00292,-0.00007,0.00976,0.96226,0.00474,0.00976,3,12127,0,1459,0.64541,0.69225,1.07257,87,1,83.186,71,1,6,2600,185610,0,0,0.000,219.953,5.042,0,0.000,300.776,8.159,0,0,1,0,1
PPG,2,21893,877270536,124,164020,189335,188020.953,1314.047,449.578,0,0,0,0,0.00,nan,1,2,0,nan,4,1,53,1,1,5,5,0,0,0,877562995,0.04272,-0.00903,0.95874,0.95973,-0.00798,0.00318,-0.00087,0.00864,0.95990,0.00455,0.00864,3,12136,0,1459,0.64541,0.69225,1.07257,87,1,83.186,71,1,6,4304,185610,0,0,0.000,219.953,5.042,0,0.000,300.776,8.159,0,0,1,0,1
PPG,2,21894,877310536,514,163997,189211,188032.859,1178.141,404.578,0,0,0,0,0.00,nan,1,2,0,nan,4,1,53,1,1,6,6,0,0,0,877601883,0.04541,-0.00537,0.95532,0.95642,-0.00772,0.00265,-0.00141,0.00828,0.96015,0.00334,0.00867,3,12113,0,1459,0.52671,0.60888,1.15602,98,1,81.100,150,1,6,2595,185610,0,0,0.000,220.959,5.013,0,0.000,300.776,8.159,0,0,1,0,1
PPG,2,21895,877350536,167,164031,189244,188044.969,1199.031,352.266,0,0,0,0,0.00,nan,1,2,0,nan,4,1,53,1,1,7,7,0,0,0,877643848,0.04150,-0.00244,0.96094,0.96184,-0.00798,0.00265,-0.00114,0.00849,0.96184,0.00714,0.00849,3,12157,0,1459,0.52671,0.60888,1.15602,98,1,81.100,150,1,6,4317,185610,0,0,0.000,220.959,5.013,0,0.000,300.776,8.159,0,0,1,0,1
PPG,2,21896,877390536,119,164073,189347,188057.984,1289.016,305.922,0,0,0,0,0.00,nan,1,2,0,nan,4,1,53,1,1,8,8,0,0,0,877682825,0.04004,-0.00610,0.95557,0.95642,-0.00878,0.00185,-0.00087,0.00902,0.96098,0.00804,0.00902,3,12122,0,1459,0.52671,0.60888,1.15602,98,1,81.100,150,1,6,4303,185610,0,0,0.000,220.959,5.013,0,0.000,300.776,8.159,0,0,1,0,1
PPG,2,21897,877430536,117,164101,189440,188071.797,1368.203,257.016,0,0,0,0,0.00,nan,1,2,0,nan,4,1,53,1,1,9,9,0,0,0,877721715,0.04517,-0.00464,0.96021,0.96128,-0.00638,0.00132,-0.00141,0.00667,0.96654,0.01011,0.00787,3,12121,0,1459,0.52671,0.60888,1.15602,98,1,81.100,150,1,6,2606,185610,0,0,0.000,220.959,5.013,0,0.000,300.776,8.159,0,0,1,0,1
PPG,2,21898,877470536,120,164127,189465,188085.734,1379.266,202.641,0,0,0,0,0.00,nan,1,2,0,nan,4,1,53,1,1,10,10,0,0,0,877763477,0.04175,-0.00830,0.95996,0.96090,-0.00798,0.00238,-0.00061,0.00835,0.96090,0.00790,0.00835,3,12331,0,1459,0.52671,0.60888,1.15602,98,1,81.100,150,1,6,4333,185610,0,0,0.000,220.959,5.013,0,0.000,300.776,8.159,0,0,1,0,1
PPG,2,21899,877510536,117,164085,189399,188098.859,1300.141,146.375,0,0,0,0,0.00,nan,1,2,0,nan,4,1,53,1,1,11,11,0,0,0,877802455,0.04443,-0.00635,0.95996,0.96101,-0.00825,0.00292,-0.00061,0.00877,0.96163,0.00337,0.00877,3,12126,0,1459,0.52671,0.60888,1.15602,98,1,81.100,150,1,6,4358,185610,0,0,0.000,220.959,5.013,0,0.000,300.776,8.159,0,0,1,0,1
PPG,2,21900,877550536,120,164051,189348,188111.344,1236.656,110.078,1,0,0,0,0.00,nan,1,2,0,nan,4,1,53,1,1,12,12,0,0,0,877841394,0.03857,-0.00562,0.95557,0.95636,-0.00825,0.00158,-0.00167,0.00856,0.96005,0.00407,0.00929,3,12117,0,1459,0.52671,0.60888,1.15602,98,1,81.100,150,1,6,2600,185610,0,0,0.000,220.959,5.013,0,309.391,300.776,8.159,1,0,1,0,1
PPG,2,21901,877590536,117,164075,189389,188124.125,1264.875,95.203,0,0,0,0,0.00,nan,1,2,0,nan,4,1,53,1,1,13,13,0,0,0,877883022,0.04126,-0.00879,0.95947,0.96040,-0.00718,0.00158,-0.00114,0.00744,0.96040,0.00383,0.00841,3,12224,0,1459,0.52671,0.60888,1.15602,98,1,81.100,150,1,6,4295,185610,0,0,0.000,220.959,5.013,0,0.000,300.776,8.159,0,0,1,0,1
PPG,2,21902,877630536,119,164122,189489,188137.781,1351.219,90.047,0,0,0,0,0.00,nan,1,2,0,nan,4,1,53,1,1,14,14,0,0,0,877922057,0.04443,-0.00928,0.95532,0.95640,-0.00852,0.00158,-0.00087,0.00871,0.95640,0.00696,0.00871,3,12279,0,1459,0.52671,0.60888,1.15602,98,1,81.100,150,1,6,2603,185610,0,0,0.000,220.959,5.013,0,0.000,300.776,8.159,0,0,1,0,1
PPG,2,21903,877670536,117,164140,189527,188151.672,1375.328,81.516,0,0,0,0,0.00,nan,1,2,0,nan,4,1,53,1,1,15,15,0,0,0,877963716,0.04224,-0.00708,0.95557,0.95653,-0.00798,0.00212,-0.00141,0.00838,0.95874,0.00234,0.00838,3,12279,0,1459,0.52671,0.60888,1.15602,98,1,81.100,150,1,6,4353,185610,0,0,0.000,220.959,5.013,0,0.000,300.776,8.159,0,0,1,0,1
PPG,2,21904,877710536,130,164097,189496,188165.109,1330.891,63.766,0,0,0,0,0.00,nan,1,2,0,nan,4,1,53,1,1,16,16,0,0,0,878003006,0.04248,-0.01147,0.96191,0.96292,-0.00825,0.00132,-0.00034,0.00836,0.96292,0.00433,0.00836,3,12244,0,1459,0.52671,0.60888,1.15602,98,1,81.100,150,1,6,4337,185610,0,0,0.000,220.959,5.013,0,0.000,300.776,8.159,0,0,1,0,1
PPG,2,21905,877750536,119,164076,189507,188178.531,1328.469,46.516,0,0,0,0,0.00,nan,1,2,0,nan,4,1,53,1,1,17,17,0,0,0,878042246,0.04175,-0.00513,0.95508,0.95600,-0.00878,0.00158,-0.00061,0.00894,0.96220,0.00620,0.00894,3,12244,0,1459,0.52671,0.60888,1.15602,98,1,81.100,150,1,6,2623,185610,0,0,0.000,220.959,5.013,0,0.000,300.776,8.159,0,0,1,0,1
PPG,2,21906,877790536,121,164137,189582,188192.562,1389.438,50.906,0,0,0,0,0.00,nan,1,2,0,nan,4,1,53,1,1,18,18,0,0,0,878084279,0.04175,-0.01221,0.96118,0.96217,-0.00825,0.00425,-0.00061,0.00930,0.96217,0.00777,0.00930,3,12270,0,1459,0.52671,0.60888,1.15602,98,1,81.100,150,1,6,4352,185610,0,0,0.000,220.959,5.013,0,0.000,300.776,8.159,0,0,1,0,1
PPG,2,21907,877830536,122,164231,189717,188207.812,1509.188,80.422,0,0,0,0,0.00,nan,1,2,0,nan,4,1,53,1,1,19,19,0,0,0,878123658,0.03882,-0.00488,0.95972,0.96051,-0.00798,0.00265,-0.00114,0.00849,0.96144,0.00142,0.00852,3,12264,0,1459,0.52671,0.60888,1.15602,98,1,81.100,150,1,6,4333,185610,0,0,0.000,220.959,5.013,0,0.000,300.776,8.159,0,0,1,0,1
PPG,2,21908,877870536,125,164246,189745,188223.188,1521.812,112.469,0,0,0,0,0.00,nan,1,2,0,nan,4,1,53,1,1,20,20,0,0,0,878169950,0.04346,-0.00586,0.96240,0.96340,-0.00852,0.00132,-0.00087,0.00866,0.96340,0.00356,0.00866,3,19169,0,1459,0.52671,0.60888,1.15602,98,1,81.100,150,1,6,14762,185610,0,0,0.000,220.959,5.013,0,0.000,300.776,8.159,0,0,1,0,1
PPG,2,21909,877910536,122,164179,189669,188237.641,1431.359,127.344,0,0,0,0,0.00,nan,1,2,0,nan,4,1,53,1,1,21,21,0,0,0,878206732,0.04541,-0.00879,0.95850,0.95961,-0.00718,0.00238,-0.00061,0.00759,0.96301,0.00340,0.00835,3,12241,0,1459,0.52671,0.60888,1.15602,98,1,81.100,150,1,6,2622,185610,0,0,0.000,204.687,5.527,0,0.000,300.776,8.159,0,0,1,0,1
PPG,2,21910,877950536,126,164183,189713,188252.391,1460.609,144.469,0,0,0,0,0.00,nan,1,2,0,nan,4,1,53,1,1,22,22,0,0,0,878243350,0.04419,-0.00342,0.95117,0.95220,-0.00798,0.00265,-0.00061,0.00843,0.95732,0.00511,0.00899,3,12258,0,1459,0.52671,0.60888,1.15602,98,1,81.100,150,1,6,4350,185610,0,0,0.000,204.687,5.527,0,0.000,300.776,8.159,0,0,1,0,1
PPG,2,21911,877990536,128,164267,189807,188267.938,1539.062,178.188,0,0,0,0,0.00,nan,1,2,0,nan,4,1,53,1,1,23,23,0,0,0,878282764,0.04614,-0.00781,0.95898,0.96013,-0.00772,0.00185,-0.00061,0.00796,0.96215,0.00991,0.00817,3,12255,0,1459,0.52671,0.60888,1.15602,98,1,81.100,150,1,6,4351,185610,0,0,0.000,204.687,5.527,0,0.000,300.776,8.159,0,0,1,0,1
PPG,2,21912,878030536,120,164306,189767,188282.922,1484.078,204.438,0,0,0,0,0.00,nan,1,2,0,nan,4,1,53,1,1,24,24,0,0,0,878322061,0.04321,-0.00513,0.95703,0.95802,-0.00825,0.00238,-0.00061,0.00861,0.95802,0.00337,0.00861,3,12247,0,1459,0.52671,0.60888,1.15602,98,1,81.100,150,1,6,2631,185610,0,0,0.000,204.687,5.527,0,0.000,300.776,8.159,0,0,1,0,1
PPG,2,21913,878070536,130,164265,189594,188296.031,1297.969,193.203,0,0,0,0,0.00,nan,1,2,0,nan,4,1,53,1,1,25,25,0,0,0,878363997,0.04321,-0.00317,0.95972,0.96069,-0.00878,0.00185,-0.00007,0.00898,0.96069,0.00476,0.00898,3,12250,0,1459,0.52671,0.60888,1.15602,98,1,81.100,150,1,6,4354,185610,0,0,0.000,204.687,5.527,0,0.000,294.737,8.401,0,0,1,0,1
PPG,2,21914,878110536,125,164293,189538,188308.453,1229.547,151.266,0,0,0,0,0.00,nan,1,2,0,nan,4,1,53,1,1,26,26,0,0,0,878403201,0.04175,-0.00684,0.95532,0.95626,-0.00852,0.00212,-0.00061,0.00880,0.95626,0.00855,0.00910,3,12224,0,1459,0.52671,0.60888,1.15602,98,1,81.100,150,1,6,4327,185610,0,0,0.000,192.657,5.981,0,0.000,294.737,8.401,0,0,1,0,1
PPG,2,21915,878150536,124,164245,189513,188320.500,1192.500,104.688,0,0,0,0,0.00,nan,1,2,0,nan,4,1,53,1,1,27,27,0,0,0,878442409,0.04297,-0.00513,0.95630,0.95728,-0.00878,0.00132,-0.00087,0.00892,0.96193,0.00567,0.00892,3,12217,0,1459,0.52671,0.60888,1.15602,98,1,81.100,150,1,6,2622,185610,0,0,0.000,192.657,5.981,0,0.000,294.737,8.401,0,0,1,0,1
PPG,2,21916,878190536,121,164128,189401,188331.312,1069.688,63.703,0,0,0,0,0.00,nan,1,2,0,nan,4,1,53,1,1,28,28,0,0,0,878484310,0.04590,-0.00806,0.95825,0.95938,-0.00825,0.00132,-0.00087,0.00840,0.95938,0.00357,0.00840,3,12240,0,1459,0.52671,0.60888,1.15602,98,1,81.100,150,1,6,4360,185610,0,0,0.000,192.657,5.981,0,0.000,294.737,8.401,0,0,1,0,1
PPG,2,21917,878230536,116,163888,189177,188339.766,837.234,0.266,0,0,0,0,0.00,nan,1,2,0,nan,4,1,53,1,1,29,29,0,0,0,878523647,0.04614,-0.00684,0.95508,0.95622,-0.00718,0.00132,-0.00167,0.00749,0.96197,0.00420,0.00866,3,12235,0,1459,0.52671,0.60888,1.15602,98,1,81.100,150,1,6,4329,185610,0,0,0.000,192.657,5.981,0,0.000,294.737,8.401,0,0,1,0,1
PPG,2,21918,878270536,120,163723,188992,188346.281,645.719,-92.500,0,0,0,0,0.00,nan,1,2,0,nan,4,1,53,1,1,30,30,0,0,0,878562828,0.04028,-0.00488,0.95923,0.96009,-0.00852,0.00265,-0.00061,0.00894,0.96009,0.00332,0.00894,3,12206,0,1459,0.52671,0.60888,1.15602,98,1,81.100,150,1,6,4354,185610,0,0,0.000,192.657,5.981,0,0.000,294.737,8.401,0,0,1,0,1
PPG,2,21919,878310536,591,163703,188951,188352.328,598.672,-186.672,0,0,0,0,0.00,nan,1,2,0,nan,4,1,53,1,1,31,31,0,0,0,878601974,0.04248,-0.00732,0.95532,0.95629,-0.00745,0.00132,-0.00034,0.00757,0.95629,0.00617,0.00874,3,12123,0,1459,0.26510,0.26034,0.98204,98,1,85.449,150,1,6,2598,185610,0,0,0.000,192.657,5.981,0,0.000,294.737,8.401,0,0,1,0,1
PPG,2,21920,878350536,169,163730,188967,188358.469,608.531,-257.188,0,0,0,0,0.00,nan,1,2,0,nan,4,1,53,1,1,0,0,0,0,0,878644138,0.04541,-0.00244,0.95801,0.95909,-0.00825,0.00185,-0.00034,0.00846,0.96355,0.00726,0.00846,3,12116,0,1459,0.26510,0.26034,0.98204,98,1,85.449,150,1,6,4296,185610,0,0,0.000,192.657,5.981,0,0.000,294.737,8.401,0,0,1,0,1
PPG,2,21921,878390536,117,163754,189007,188364.953,642.047,-313.953,0,0,0,0,0.00,nan,1,2,0,nan,4,1,53,1,1,1,1,0,0,0,878683187,0.04126,-0.00366,0.95581,0.95671,-0.00692,0.00158,-0.00061,0.00712,0.96370,0.00954,0.00796,3,12144,0,1459,0.26510,0.26034,0.98204,98,1,85.449,150,1,6,4297,185610,0,0,0.000,192.657,5.981,0,0.000,294.737,8.401,0,0,1,0,1
PPG,2,21922,878430536,118,163786,189084,188372.141,711.859,-354.984,0,0,0,0,0.00,nan,1,2,0,nan,4,1,53,1,1,2,2,0,0,0,878722110,0.04370,-0.00781,0.95850,0.95952,-0.00718,0.00158,-0.00087,0.00741,0.96023,0.00279,0.00813,3,12124,0,1459,0.26510,0.26034,0.98204,98,1,85.449,150,1,6,2602,185610,0,0,0.000,192.657,5.981,0,0.000,294.737,8.401,0,0,1,0,1
PPG,2,21923,878470536,116,163839,189172,188380.141,791.859,-369.953,0,0,0,0,0.00,nan,1,2,0,nan,4,1,53,1,1,3,3,0,0,0,878763619,0.04419,-0.00635,0.95654,0.95758,-0.00825,0.00265,-0.00114,0.00874,0.95859,0.00380,0.00874,3,12126,0,1459,0.26510,0.26034,0.98204,98,1,85.449,150,1,6,4296,185610,0,0,0.000,192.657,5.981,0,0.000,294.737,8.401,0,0,1,0,1
PPG,2,21924,878510536,121,163877,189213,188388.469,824.531,-350.656,0,0,0,0,0.00,nan,1,2,0,nan,4,1,53,1,1,4,4,0,0,0,878802534,0.04272,-0.00684,0.95703,0.95801,-0.00638,0.00238,-0.00141,0.00696,0.96005,0.00226,0.00833,3,12103,0,1459,0.26510,0.26034,0.98204,98,1,85.449,150,1,6,2599,185610,0,0,0.000,192.657,5.981,0,0.000,294.737,8.401,0,0,1,0,1
PPG,2,21925,878550536,116,163928,189286,188397.438,888.562,-297.609,0,0,0,0,0.00,nan,1,2,0,nan,4,1,53,1,1,5,5,0,0,0,878844003,0.04712,-0.00732,0.95996,0.96114,-0.00825,0.00292,-0.00087,0.00879,0.96114,0.00484,0.00936,3,12114,0,1459,0.26510,0.26034,0.98204,98,1,85.449,150,1,6,4294,185610,0,0,0.000,192.657,5.981,0,0.000,294.737,8.401,0,0,1,0,1
PPG,2,21926,878590536,121,164017,189410,188407.562,1002.438,-223.438,0,0,0,0,0.00,nan,1,2,0,nan,4,1,53,1,1,6,6,0,0,0,878883020,0.04028,-0.00806,0.96338,0.96425,-0.00745,0.00238,-0.00141,0.00795,0.96425,0.00741,0.00795,3,12151,0,1459,0.26510,0.26034,0.98204,98,1,85.449,150,1,6,4295,185610,0,0,0.000,192.657,5.981,0,0.000,294.737,8.401,0,0,1,0,1
PPG,2,21927,878630536,116,164046,189457,188418.062,1038.938,-140.438,0,0,0,0,0.00,nan,1,2,0,nan,4,1,53,1,1,7,7,0,0,0,878922003,0.04370,-0.00708,0.95850,0.95952,-0.00798,0.00132,-0.00034,0.00810,0.95959,0.00755,0.00835,3,12124,0,1459,0.26510,0.26034,0.98204,98,1,85.449,150,1,6,2599,185610,0,0,0.000,192.657,5.981,0,0.000,294.737,8.401,0,0,1,0,1
PPG,2,21928,878670536,120,164046,189490,188428.781,1061.219,-58.688,0,0,0,0,0.00,nan,1,2,0,nan,4,1,53,1,1,8,8,0,0,0,878963578,0.04419,-0.00757,0.96265,0.96369,-0.00772,0.00079,-0.00114,0.00784,0.96369,0.00687,0.00784,3,12112,0,1459,0.26510,0.26034,0.98204,98,1,85.449,150,1,6,4295,185610,0,0,0.000,192.657,5.981,0,0.000,294.737,8.401,0,0,1,0,1
PPG,2,21929,878710536,121,164074,189523,188439.719,1083.281,11.328,0,0,0,0,0.00,nan,1,2,0,nan,4,1,53,1,1,9,9,0,0,0,879002530,0.04395,-0.00659,0.95728,0.95831,-0.00718,0.00238,-0.00034,0.00758,0.95831,0.00573,0.00889,3,12109,0,1459,0.26510,0.26034,0.98204,98,1,85.449,150,1,6,2598,185610,0,0,0.000,192.657,5.981,0,0.000,294.737,8.401,0,0,1,0,1
PPG,2,21930,878750536,120,164087,189557,188450.891,1106.109,74.125,0,0,0,0,0.00,nan,1,2,0,nan,4,1,53,1,1,10,10,0,0,0,879044011,0.04517,-0.00879,0.95654,0.95765,-0.00878,0.00318,-0.00087,0.00938,0.95765,0.00181,0.00938,3,12114,0,1459,0.26510,0.26034,0.98204,98,1,85.449,150,1,6,4294,185610,0,0,0.000,192.657,5.981,0,0.000,294.737,8.401,0,0,1,0,1
PPG,2,21931,878790536,117,164105,189607,188462.453,1144.547,140.422,0,0,0,0,0.00,nan,1,2,0,nan,4,1,53,1,1,11,11,0,0,0,879082940,0.04517,-0.00732,0.96094,0.96203,-0.00772,0.00238,-0.00087,0.00812,0.96203,0.00268,0.00828,3,12154,0,1459,0.26510,0.26034,0.98204,98,1,85.449,150,1,6,4304,185610,0,0,0.000,192.657,5.981,0,0.000,294.737,8.401,0,0,1,0,1
PPG,2,21932,878830536,119,164099,189570,188473.531,1096.469,190.828,0,0,0,0,0.00,nan,1,2,0,nan,4,1,53,1,1,12,12,0,0,0,879121824,0.04346,-0.00391,0.95947,0.96046,-0.00798,0.00052,-0.00114,0.00808,0.96046,0.00548,0.00867,3,12113,0,1459,0.26510,0.26034,0.98204,98,1,85.449,150,1,6,2596,185610,0,0,0.000,192.657,5.981,0,0.000,294.737,8.401,0,0,1,0,1
PPG,2,21933,878870536,124,164020,189330,188482.094,847.906,192.609,0,0,0,0,0.00,nan,1,2,0,nan,4,1,53,1,1,13,13,0,0,0,879170077,0.04248,-0.00391,0.95532,0.95627,-0.00798,0.00158,-0.00034,0.00815,0.96196,0.00457,0.00880,3,18831,0,1459,0.26510,0.26034,0.98204,98,1,85.449,150,1,6,14469,185610,0,0,0.000,192.657,5.981,0,0.000,294.737,8.401,0,0,1,0,1
PPG,2,21934,878910536,124,163930,189049,188487.766,561.234,158.781,0,0,0,0,0.00,nan,1,2,0,nan,4,1,53,1,1,14,14,0,0,0,879206493,0.04272,-0.00317,0.95361,0.95458,-0.00718,0.00079,-0.00061,0.00725,0.96694,0.01114,0.00904,3,12118,0,1459,0.26510,0.26034,0.98204,98,1,85.449,150,1,6,2589,185610,0,0,0.000,192.657,5.981,0,0.000,294.737,8.401,0,0,1,0,1
PPG,2,21935,878950536,124,163899,188973,188492.625,480.375,111.922,0,0,0,0,0.00,nan,1,2,0,nan,4,1,53,1,1,15,15,0,0,0,879242792,0.04297,-0.00098,0.95459,0.95556,-0.00798,0.00185,-0.00114,0.00827,0.95556,0.00181,0.00842,3,12121,0,1459,0.26510,0.26034,0.98204,98,1,85.449,150,1,6,4304,185610,0,0,0.000,192.657,5.981,0,0.000,294.737,8.401,0,0,1,0,1
PPG,2,21936,878990536,120,163883,189006,188497.766,508.234,57.812,0,0,0,0,0.00,nan,1,2,0,nan,4,1,53,1,1,16,16,0,0,0,879281739,0.03809,-0.00073,0.95776,0.95852,-0.00718,0.00212,-0.00007,0.00749,0.95852,0.00665,0.00800,3,12140,0,1459,0.26510,0.26034,0.98204,98,1,85.449,150,1,6,2626,185610,0,0,0.000,192.657,5.981,0,0.000,294.737,8.401,0,0,1,0,1
PPG,2,21937,879030536,121,163904,189060,188503.391,556.609,-7.344,0,0,0,0,0.00,nan,1,2,0,nan,4,1,53,1,1,17,17,0,0,0,879323318,0.04541,-0.00439,0.95630,0.95739,-0.00825,0.00158,-0.00087,0.00845,0.95739,0.00629,0.00845,3,12120,0,1459,0.26510,0.26034,0.98204,98,1,85.449,150,1,6,4305,185610,0,0,0.000,192.657,5.981,0,0.000,294.737,8.401,0,0,1,0,1
PPG,2,21938,879070536,122,163954,189135,188509.703,625.297,-81.922,0,1,0,0,0.00,nan,1,2,0,nan,4,1,53,1,1,18,18,0,0,0,879362253,0.04272,-0.00586,0.95947,0.96044,-0.00798,0.00265,-0.00007,0.00841,0.96044,0.00451,0.00841,3,12138,0,1459,0.26510,0.26034,0.98204,98,1,85.449,150,1,6,2610,185610,0,0,0.000,192.657,5.981,0,0.000,294.737,8.401,0,0,1,0,1
PPG,2,21939,879110536,119,163925,189124,188515.844,608.156,-154.281,0,0,0,0,0.00,nan,1,2,0,nan,4,1,53,1,1,19,19,0,0,0,879403814,0.04224,-0.00391,0.95190,0.95285,-0.00772,0.00132,0.00046,0.00784,0.95913,0.00628,0.00880,3,12129,0,1459,0.26510,0.26034,0.98204,98,1,85.449,150,1,6,4312,185610,0,0,0.000,192.657,5.981,0,0.000,294.737,8.401,0,0,1,0,1
PPG,2,21940,879150536,119,163873,189022,188520.906,501.094,-201.031,0,0,0,0,0.00,nan,1,2,0,nan,4,1,53,1,1,20,20,0,0,0,879442747,0.04639,-0.00684,0.96118,0.96232,-0.00692,0.00185,-0.00114,0.00725,0.96435,0.01150,0.00868,3,12131,0,1459,0.26510,0.26034,0.98204,98,1,85.449,150,1,6,2608,185610,0,0,0.000,192.657,5.981,0,0.000,294.737,8.401,0,0,1,0,1
PPG,2,21941,879190536,120,163841,188977,188525.469,451.531,-209.828,1,0,0,0,0.00,nan,1,2,0,nan,4,1,53,1,1,21,21,0,0,0,879484272,0.04395,-0.00488,0.95703,0.95805,-0.00718,0.00212,-0.00034,0.00750,0.95893,0.00339,0.00814,3,12137,0,1459,0.26510,0.26034,0.98204,98,1,85.449,150,1,6,4321,185610,0,0,0.000,192.657,5.981,0,562.562,294.737,8.401,1,0,1,0,1
PPG,2,21942,879230536,138,163851,189010,188530.312,479.688,-200.828,0,0,1,0,0.00,nan,1,2,0,nan,4,1,53,1,1,22,22,0,0,0,879523449,0.04321,-0.00928,0.95313,0.95415,-0.00825,0.00185,-0.00034,0.00846,0.95897,0.00270,0.00902,3,12132,0,1459,0.26510,0.26034,0.98204,98,1,85.449,150,1,6,4301,185610,0,0,379.406,192.657,5.981,1,0.000,294.737,8.401,0,1,1,0,1
PPG,2,21943,879270536,120,163895,189132,188536.328,595.672,-180.828,0,0,0,0,0.00,nan,1,2,0,nan,4,1,53,1,1,23,23,0,0,0,879562495,0.04395,-0.00659,0.95898,0.96001,-0.00718,0.00318,-0.00007,0.00786,0.96064,0.00543,0.00843,3,12131,0,1459,0.26510,0.26034,0.98204,98,1,85.449,150,1,6,2602,185610,0,0,0.000,189.263,5.541,0,0.000,286.958,7.677,0,0,1,0,1
PPG,2,21944,879310536,518,163910,189194,188542.906,651.094,-160.734,0,0,0,0,0.00,nan,1,2,0,nan,4,1,53,1,1,24,24,0,0,0,879604061,0.04248,-0.00366,0.95679,0.95774,-0.00745,0.00158,-0.00114,0.00770,0.96279,0.00691,0.00827,3,12139,0,1459,0.23901,0.22997,0.96216,97,1,85.946,107,1,6,4297,185610,0,0,0.000,189.263,5.541,0,0.000,286.958,7.677,0,0,1,0,1
PPG,2,21945,879350536,165,163910,189209,188549.562,659.438,-146.328,0,0,0,0,0.00,nan,1,2,0,nan,4,1,53,1,1,25,25,0,0,0,879643417,0.04053,-0.00659,0.95361,0.95450,-0.00692,0.00318,-0.00061,0.00764,0.96193,0.00743,0.00846,3,12118,0,1459,0.23901,0.22997,0.96216,97,1,85.946,107,1,6,4299,185610,0,0,0.000,189.263,5.541,0,0.000,286.958,7.677,0,0,1,0,1
PPG,2,21946,879390536,123,163894,189200,188556.062,643.938,-124.969,0,0,0,0,0.00,nan,1,2,0,nan,4,1,53,1,1,26,26,0,0,0,879682450,0.04175,-0.00879,0.95361,0.95457,-0.00772,0.00185,0.00099,0.00800,0.96317,0.00868,0.00842,3,12119,0,1459,0.23901,0.22997,0.96216,97,1,85.946,107,1,6,2599,185610,0,0,0.000,189.263,5.541,0,0.000,286.958,7.677,0,0,1,0,1
PPG,2,21947,879430536,117,163877,189216,188562.656,653.344,-85.203,0,0,0,0,0.00,nan,1,2,0,nan,4,1,53,1,1,27,27,0,0,0,879724352,0.04224,-0.00464,0.95386,0.95480,-0.00852,0.00212,-0.00087,0.00882,0.95825,0.00470,0.00929,3,12290,0,1459,0.23901,0.22997,0.96216,97,1,85.946,107,1,6,4304,185610,0,0,0.000,189.263,5.541,0,0.000,286.958,7.677,0,0,1,0,1
PPG,2,21948,879470536,117,163883,189240,188569.422,670.578,-35.125,0,0,0,0,0.00,nan,1,2,0,nan,4,1,53,1,1,28,28,0,0,0,879763313,0.04248,-0.00757,0.95679,0.95776,-0.00745,0.00238,-0.00034,0.00783,0.95967,0.00487,0.00929,3,12190,0,1459,0.23901,0.22997,0.96216,97,1,85.946,107,1,6,4308,185610,0,0,0.000,189.263,5.541,0,0.000,286.958,7.677,0,0,1,0,1
PPG,2,21949,879510536,117,163937,189305,188576.781,728.219,17.922,0,0,0,0,0.00,nan,1,2,0,nan,4,1,53,1,1,29,29,0,0,0,879802245,0.04150,-0.00464,0.95874,0.95965,-0.00825,0.00132,-0.00087,0.00840,0.96262,0.00689,0.00840,3,12156,0,1459,0.23901,0.22997,0.96216,97,1,85.946,107,1,6,2601,185610,0,0,0.000,189.263,5.541,0,0.000,286.958,7.677,0,0,1,0,1
PPG,2,21950,879550536,117,163991,189423,188585.250,837.750,66.188,0,0,0,0,0.00,nan,1,2,0,nan,4,1,53,1,1,30,30,0,0,0,879843851,0.04492,-0.00488,0.95728,0.95834,-0.00772,0.00238,0.00019,0.00808,0.95834,0.00362,0.00900,3,12116,0,1459,0.23901,0.22997,0.96216,97,1,85.946,107,1,6,4302,185610,0,0,0.000,189.263,5.541,0,0.000,286.958,7.677,0,0,1,0,1
PPG,2,21951,879590536,119,164047,189495,188594.344,900.656,114.781,0,0,0,0,0.00,nan,1,2,0,nan,4,1,53,1,1,31,31,0,0,0,879882987,0.04077,-0.00537,0.96460,0.96548,-0.00852,0.00265,-0.00087,0.00896,0.96548,0.01097,0.00896,3,12123,0,1459,0.23901,0.22997,0.96216,97,1,85.946,107,1,6,2599,185610,0,0,0.000,189.263,5.541,0,0.000,286.958,7.677,0,0,1,0,1
PPG,2,21952,879630536,122,164082,189550,188603.906,946.094,164.500,0,0,0,0,0.00,nan,1,2,0,nan,4,1,53,1,1,0,0,0,0,0,879924931,0.04053,-0.00439,0.95581,0.95668,-0.00718,0.00238,-0.00087,0.00762,0.95754,0.00793,0.00850,3,12256,0,1459,0.23901,0.22997,0.96216,97,1,85.946,107,1,6,4341,185610,0,0,0.000,189.263,5.541,0,0.000,286.958,7.677,0,0,1,0,1
PPG,2,21953,879670536,117,164039,189487,188612.734,874.266,197.656,0,0,0,0,0.00,nan,1,2,0,nan,4,1,53,1,1,1,1,0,0,0,879964246,0.04224,-0.00610,0.95923,0.96018,-0.00692,0.00238,-0.00087,0.00737,0.96347,0.00855,0.00768,3,12333,0,1459,0.23901,0.22997,0.96216,97,1,85.946,107,1,6,4341,185610,0,0,0.000,189.263,5.541,0,0.000,286.958,7.677,0,0,1,0,1
PPG,2,21954,879710536,122,163961,189219,188618.797,600.203,189.578,0,0,0,0,0.00,nan,1,2,0,nan,4,1,53,1,1,2,2,0,0,0,880003490,0.03589,-0.00562,0.95630,0.95699,-0.00825,0.00105,-0.00061,0.00834,0.96212,0.00513,0.00834,3,12271,0,1459,0.23901,0.22997,0.96216,97,1,85.946,107,1,6,4338,185610,0,0,0.000,189.263,5.541,0,0.000,286.958,7.677,0,0,1,0,1
PPG,2,21955,879750536,134,163861,188966,188622.266,343.734,150.781,0,0,0,0,0.00,nan,1,2,0,nan,4,1,53,1,1,3,3,0,0,0,880042729,0.04688,-0.00562,0.95801,0.95917,-0.00718,0.00318,-0.00087,0.00791,0.95917,0.00341,0.00791,3,12249,0,1459,0.23901,0.22997,0.96216,97,1,85.946,107,1,6,2634,185610,0,0,0.000,187.972,5.590,0,0.000,286.958,7.677,0,0,1,0,1
PPG,2,21956,879790536,119,163817,188924,188625.281,298.719,100.453,0,0,0,0,0.00,nan,1,2,0,nan,4,1,53,1,1,4,4,0,0,0,880084687,0.04028,-0.00708,0.95825,0.95912,-0.00718,0.00158,-0.00034,0.00736,0.96348,0.00700,0.00798,3,12215,0,1459,0.23901,0.22997,0.96216,97,1,85.946,107,1,6,4333,185610,0,0,0.000,187.972,5.590,0,0.000,286.958,7.677,0,0,1,0,1
PPG,2,21957,879830536,127,163794,188951,188628.531,322.469,38.469,0,0,0,0,0.00,nan,1,2,0,nan,4,1,53,1,1,5,5,0,0,0,880123978,0.04248,-0.00659,0.95581,0.95678,-0.00718,0.00265,-0.00034,0.00766,0.95817,0.00516,0.00846,3,12264,0,1459,0.23901,0.22997,0.96216,97,1,85.946,107,1,6,4340,185610,0,0,0.000,187.972,5.590,0,0.000,286.958,7.677,0,0,1,0,1
PPG,2,21958,879870536,133,163818,188998,188632.219,365.781,-25.672,0,1,0,0,0.00,nan,1,2,0,nan,4,1,53,1,1,6,6,0,0,0,880169995,0.04028,-0.00439,0.95630,0.95716,-0.00852,0.00265,-0.00061,0.00894,0.96234,0.00556,0.00894,3,19041,0,1459,0.23901,0.22997,0.96216,97,1,85.946,107,1,6,14663,185610,0,0,0.000,187.972,5.590,0,0.000,286.958,7.677,0,0,1,0,1
PPG,2,21959,879910536,117,163821,189041,188636.312,404.688,-94.234,0,0,0,0,0.00,nan,1,2,0,nan,4,1,53,1,1,7,7,0,0,0,880206750,0.04346,-0.00464,0.95239,0.95339,-0.00772,0.00132,-0.00061,0.00785,0.96102,0.00471,0.00818,3,12287,0,1459,0.23901,0.22997,0.96216,97,1,85.946,107,1,6,2628,185610,0,0,0.000,187.972,5.590,0,0.000,286.958,7.677,0,0,1,0,1
PPG,2,21960,879950536,120,163819,189004,188639.984,364.016,-162.328,0,0,0,0,0.00,nan,1,2,0,nan,4,1,53,1,1,8,8,0,0,0,880243433,0.03979,-0.00293,0.96191,0.96274,-0.00852,0.00185,-0.00061,0.00874,0.96274,0.00579,0.00874,3,12193,0,1459,0.23901,0.22997,0.96216,97,1,85.946,107,1,6,4316,185610,0,0,0.000,187.972,5.590,0,0.000,286.958,7.677,0,0,1,0,1
PPG,2,21961,879990536,118,163820,188970,188643.281,326.719,-197.562,1,0,0,0,0.00,nan,1,2,0,nan,4,1,53,1,1,9,9,0,0,0,880282683,0.04541,-0.00439,0.95288,0.95397,-0.00825,0.00212,-0.00087,0.00856,0.96076,0.00548,0.00892,3,12261,0,1459,0.23901,0.22997,0.96216,97,1,85.946,107,1,6,2639,185610,0,0,0.000,187.972,5.590,0,407.484,286.958,7.677,1,0,1,0,1
PPG,2,21962,880030536,120,163862,189009,188646.938,362.062,-191.375,0,0,0,0,0.00,nan,1,2,0,nan,4,1,53,1,1,10,10,0,0,0,880324682,0.04541,-0.00317,0.95801,0.95909,-0.00852,0.00132,-0.00167,0.00878,0.96258,0.00861,0.00908,3,12254,0,1459,0.23901,0.22997,0.96216,97,1,85.946,107,1,6,4327,185610,0,0,0.000,187.972,5.590,0,0.000,286.958,7.677,0,0,1,0,1
PPG,2,21963,880070536,116,163889,189089,188651.359,437.641,-165.641,0,0,0,0,0.00,nan,1,2,0,nan,4,1,53,1,1,11,11,0,0,0,880363974,0.04126,-0.01001,0.95776,0.95870,-0.00772,0.00132,-0.00034,0.00784,0.95870,0.00551,0.00845,3,12233,0,1459,0.23901,0.22997,0.96216,97,1,85.946,107,1,6,4340,185610,0,0,0.000,187.972,5.590,0,0.000,286.958,7.677,0,0,1,0,1
PPG,2,21964,880110536,119,163930,189181,188656.656,524.344,-132.125,0,0,0,0,0.00,nan,1,2,0,nan,4,1,53,1,1,12,12,0,0,0,880403202,0.04175,-0.00903,0.95605,0.95701,-0.00798,0.00292,-0.00087,0.00854,0.95830,0.00090,0.00854,3,12229,0,1459,0.23901,0.22997,0.96216,97,1,85.946,107,1,6,4329,185610,0,0,0.000,187.972,5.590,0,0.000,286.958,7.677,0,0,1,0,1
PPG,2,21965,880150536,127,163963,189249,188662.578,586.422,-98.266,0,0,0,0,0.00,nan,1,2,0,nan,4,1,53,1,1,13,13,0,0,0,880442435,0.04248,-0.00830,0.95850,0.95947,-0.00745,0.00079,-0.00034,0.00750,0.96449,0.00960,0.00833,3,12244,0,1459,0.23901,0.22997,0.96216,97,1,85.946,107,1,6,2625,185610,0,0,0.000,187.972,5.590,0,0.000,286.958,7.677,0,0,1,0,1
PPG,2,21966,880190536,119,163981,189278,188668.734,609.266,-68.328,0,0,0,0,0.00,nan,1,2,0,nan,4,1,53,1,1,14,14,0,0,0,880484303,0.04077,-0.00562,0.95142,0.95231,-0.00772,0.00212,-0.00061,0.00802,0.95930,0.00700,0.00861,3,12250,0,1459,0.23901,0.22997,0.96216,97,1,85.946,107,1,6,4337,185610,0,0,0.000,187.972,5.590,0,0.000,286.958,7.677,0,0,1,0,1
PPG,2,21967,880230536,116,164030,189365,188675.703,689.297,-24.203,0,0,0,0,0.00,nan,1,2,0,nan,4,1,53,1,1,15,15,0,0,0,880523447,0.04199,-0.00757,0.95532,0.95627,-0.00852,0.00212,-0.00087,0.00882,0.95842,0.00467,0.00882,3,12155,0,1459,0.23901,0.22997,0.96216,97,1,85.946,107,1,6,4300,185610,0,0,0.000,187.972,5.590,0,0.000,286.958,7.677,0,0,1,0,1
PPG,2,21968,880270536,121,164089,189450,188683.453,766.547,33.875,0,0,0,0,0.00,nan,1,2,0,nan,4,1,53,1,1,16,16,0,0,0,880562493,0.04248,-0.00732,0.95996,0.96093,-0.00825,0.00212,-0.00034,0.00852,0.96093,0.00293,0.00852,3,12111,0,1459,0.23901,0.22997,0.96216,97,1,85.946,107,1,6,2597,185610,0,0,0.000,187.972,5.590,0,0.000,286.958,7.677,0,0,1,0,1
PPG,2,21969,880310536,510,164139,189539,188692.016,846.984,97.875,0,0,0,0,0.00,nan,1,2,0,nan,4,1,53,1,1,17,17,0,0,0,880604104,0.04126,-0.00684,0.95288,0.95380,-0.00772,0.00238,-0.00087,0.00812,0.96200,0.00820,0.00812,3,12122,0,1459,0.16864,0.15506,0.91945,96,1,87.014,78,1,6,4298,185610,0,0,0.000,187.972,5.590,0,0.000,286.958,7.677,0,0,1,0,1
PPG,2,21970,880350536,166,164178,189611,188701.203,909.797,163.062,0,0,0,0,0.00,nan,1,2,0,nan,4,1,53,1,1,18,18,0,0,0,880643558,0.04224,-0.00562,0.96216,0.96310,-0.00718,0.00132,-0.00167,0.00749,0.96310,0.00824,0.00838,3,12121,0,1459,0.16864,0.15506,0.91945,96,1,87.014,78,1,6,4294,185610,0,0,0.000,187.972,5.590,0,0.000,286.958,7.677,0,0,1,0,1
PPG,2,21971,880390536,117,164190,189628,188710.469,917.531,220.266,0,0,0,0,0.00,nan,1,2,0,nan,4,1,53,1,1,19,19,0,0,0,880682574,0.04224,-0.00317,0.95654,0.95748,-0.00798,0.00238,-0.00034,0.00834,0.96375,0.00740,0.00842,3,12114,0,1459,0.16864,0.15506,0.91945,96,1,87.014,78,1,6,2600,185610,0,0,0.000,187.972,5.590,0,0.000,286.958,7.677,0,0,1,0,1
PPG,2,21972,880430536,118,164184,189657,188719.938,937.062,273.203,0,0,0,0,0.00,nan,1,2,0,nan,4,1,53,1,1,20,20,0,0,0,880724179,0.04053,-0.00635,0.96069,0.96157,-0.00772,0.00212,-0.00061,0.00802,0.96157,0.00233,0.00828,3,12198,0,1459,0.16864,0.15506,0.91945,96,1,87.014,78,1,6,4300,185610,0,0,0.000,187.972,5.590,0,0.000,286.958,7.677,0,0,1,0,1
PPG,2,21973,880470536,119,164157,189630,188729.031,900.969,316.328,0,0,0,0,0.00,nan,1,2,0,nan,4,1,53,1,1,21,21,0,0,0,880763154,0.04053,-0.00391,0.96411,0.96497,-0.00852,0.00212,-0.00034,0.00878,0.96497,0.00498,0.00878,3,12125,0,1459,0.16864,0.15506,0.91945,96,1,87.014,78,1,6,2602,185610,0,0,0.000,187.972,5.590,0,0.000,286.958,7.677,0,0,1,0,1
PPG,2,21974,880510536,125,164072,189395,188735.688,659.312,311.828,0,0,0,0,0.00,nan,1,2,0,nan,4,1,53,1,1,22,22,0,0,0,880804666,0.04468,-0.00146,0.96021,0.96125,-0.00718,0.00132,0.00046,0.00732,0.96463,0.00942,0.00829,3,12120,0,1459,0.16864,0.15506,0.91945,96,1,87.014,78,1,6,4304,185610,0,0,0.000,187.972,5.590,0,0.000,286.958,7.677,0,0,1,0,1
PPG,2,21975,880550536,125,164006,189135,188739.688,395.312,258.375,0,1,0,0,0.00,nan,1,2,0,nan,4,1,53,1,1,23,23,0,0,0,880843685,0.04150,-0.00757,0.95557,0.95650,-0.00798,0.00212,0.00046,0.00827,0.95903,0.00258,0.00903,3,12120,0,1459,0.16864,0.15506,0.91945,96,1,87.014,78,1,6,4302,185610,0,0,0.000,187.972,5.590,0,0.000,286.958,7.677,0,0,1,0,1
PPG,2,21976,880590536,120,163989,189092,188743.203,348.797,186.125,0,0,0,0,0.00,nan,1,2,0,nan,4,1,53,1,1,24,24,0,0,0,880882738,0.04321,-0.00537,0.95679,0.95778,-0.00772,0.00212,0.00019,0.00800,0.95778,0.00139,0.00800,3,12130,0,1459,0.16864,0.15506,0.91945,96,1,87.014,78,1,6,2605,185610,0,0,0.000,187.972,5.590,0,0.000,286.958,7.677,0,0,1,0,1
PPG,2,21977,880630536,117,164000,189161,188747.375,413.625,111.328,0,0,0,0,0.00,nan,1,2,0,nan,4,1,53,1,1,25,25,0,0,0,880924282,0.04468,-0.00879,0.95630,0.95738,-0.00852,0.00052,-0.00061,0.00855,0.96228,0.00950,0.00855,3,12145,0,1459,0.16864,0.15506,0.91945,96,1,87.014,78,1,6,4329,185610,0,0,0.000,187.972,5.590,0,0.000,286.958,7.677,0,0,1,0,1
PPG,2,21978,880670536,120,163995,189206,188751.969,454.031,40.641,0,0,0,0,0.00,nan,1,2,0,nan,4,1,53,1,1,26,26,0,0,0,880963208,0.03906,-0.00732,0.96802,0.96883,-0.00745,0.00185,-0.00061,0.00770,0.96883,0.00980,0.00874,3,12126,0,1459,0.16864,0.15506,0.91945,96,1,87.014,78,1,6,2618,185610,0,0,0.000,187.972,5.590,0,0.000,286.958,7.677,0,0,1,0,1
PPG,2,21979,880710536,117,164036,189264,188757.094,506.906,-26.656,0,0,0,0,0.00,nan,1,2,0,nan,4,1,53,1,1,27,27,0,0,0,881004730,0.04492,-0.00757,0.95361,0.95470,-0.00718,0.00158,-0.00087,0.00741,0.95894,0.01314,0.00788,3,12134,0,1459,0.16864,0.15506,0.91945,96,1,87.014,78,1,6,4296,185610,0,0,0.000,187.972,5.590,0,0.000,286.958,7.677,0,0,1,0,1
PPG,2,21980,880750536,120,164038,189275,188762.266,512.734,-90.922,0,0,0,0,0.00,nan,1,2,0,nan,4,1,53,1,1,28,28,0,0,0,881043682,0.04053,-0.00562,0.95508,0.95595,-0.00905,0.00105,0.00046,0.00912,0.95966,0.00496,0.00912,3,12123,0,1459,0.16864,0.15506,0.91945,96,1,87.014,78,1,6,4304,185610,0,0,0.000,187.972,5.590,0,0.000,286.958,7.677,0,0,1,0,1
PPG,2,21981,880790536,118,164032,189267,188767.312,499.688,-124.047,1,0,0,0,0.00,nan,1,2,0,nan,4,1,53,1,1,29,29,0,0,0,881082645,0.04395,-0.00928,0.95923,0.96028,-0.00772,0.00212,0.00019,0.00800,0.96108,0.00513,0.00919,3,12135,0,1459,0.16864,0.15506,0.91945,96,1,87.014,78,1,6,2594,185610,0,0,0.000,187.972,5.590,0,513.891,286.958,7.677,1,0,1,0,1
PPG,2,21982,880830536,142,164022,189267,188772.312,494.688,-118.094,0,0,1,1600,37.50,37.50,2,1,0,nan,4,1,53,1,1,30,30,0,0,0,881124276,0.04492,-0.00928,0.96021,0.96130,-0.00745,0.00238,-0.00034,0.00783,0.96130,0.00505,0.00880,3,12135,0,1459,0.16864,0.15506,0.91945,96,1,87.014,78,1,3,4308,185610,0,0,253.766,187.972,5.590,1,0.000,286.958,7.677,0,1,1,0,2
PPG,2,21983,880870536,126,164055,189314,188777.734,536.266,-97.625,0,0,0,0,37.50,37.50,2,1,0,nan,4,1,53,1,1,31,31,0,0,0,881170850,0.04224,-0.00659,0.96191,0.96286,-0.00772,0.00212,-0.00114,0.00808,0.96625,0.00511,0.00855,3,19419,0,1459,0.16864,0.15506,0.91945,96,1,87.014,78,1,3,15009,185610,0,0,0.000,184.217,5.099,0,0.000,279.847,7.016,0,0,1,0,2
PPG,2,21984,880910536,122,164089,189412,188784.078,627.922,-73.328,0,0,0,0,37.50,37.50,2,1,0,nan,4,1,53,1,1,0,0,0,0,0,881207271,0.04370,-0.00391,0.95972,0.96072,-0.00718,0.00292,-0.00087,0.00780,0.96072,0.00605,0.00852,3,12131,0,1459,0.16864,0.15506,0.91945,96,1,87.014,78,1,3,2589,185610,0,0,0.000,184.217,5.099,0,0.000,279.847,7.016,0,0,1,0,2
PPG,2,21985,880950536,121,164148,189499,188791.234,707.766,-43.969,0,0,0,0,37.50,37.50,2,1,0,nan,4,1,53,1,1,1,1,0,0,0,881243666,0.04224,-0.00586,0.95581,0.95676,-0.00665,0.00212,-0.00167,0.00718,0.95859,0.00578,0.00775,3,12138,0,1459,0.16864,0.15506,0.91945,96,1,87.014,78,1,3,4303,185610,0,0,0.000,184.217,5.099,0,0.000,279.847,7.016,0,0,1,0,2
PPG,2,21986,880990536,122,164152,189559,188798.906,760.094,-15.875,0,0,0,0,37.50,37.50,2,1,0,nan,4,1,53,1,1,2,2,0,0,0,881282732,0.04077,-0.00439,0.95825,0.95913,-0.00745,0.00212,-0.00061,0.00777,0.96044,0.00368,0.00821,3,12110,0,1459,0.16864,0.15506,0.91945,96,1,87.014,78,1,3,2613,185610,0,0,0.000,184.217,5.099,0,0.000,279.847,7.016,0,0,1,0,2
PPG,2,21987,881030536,122,164163,189600,188806.922,793.078,18.812,0,0,0,0,37.50,37.50,2,1,0,nan,4,1,53,1,1,3,3,0,0,0,881324313,0.04175,-0.00806,0.96021,0.96115,-0.00745,0.00158,-0.00141,0.00775,0.96115,0.00379,0.00802,3,12151,0,1459,0.16864,0.15506,0.91945,96,1,87.014,78,1,3,4370,185610,0,0,0.000,184.217,5.099,0,0.000,279.847,7.016,0,0,1,0,2
PPG,2,21988,881070536,128,164199,189646,188815.312,830.688,63.156,0,0,0,0,37.50,37.50,2,1,0,nan,4,1,53,1,1,4,4,0,0,0,881363460,0.04224,-0.00928,0.95923,0.96020,-0.00745,0.00212,-0.00087,0.00779,0.96159,0.00893,0.00793,3,12161,0,1459,0.16864,0.15506,0.91945,96,1,87.014,78,1,3,2594,185610,0,0,0.000,184.217,5.099,0,0.000,279.847,7.016,0,0,1,0,2
PPG,2,21989,881110536,120,164209,189674,188823.906,850.094,114.547,0,0,0,0,37.50,37.50,2,1,0,nan,4,1,53,1,1,5,5,0,0,0,881405355,0.04321,-0.00684,0.95752,0.95852,-0.00772,0.00185,-0.00061,0.00796,0.96019,0.00140,0.00885,3,12277,0,1459,0.16864,0.15506,0.91945,96,1,87.014,78,1,3,4346,185610,0,0,0.000,184.217,5.099,0,0.000,279.847,7.016,0,0,1,0,2
PPG,2,21990,881150536,120,164230,189724,188832.906,891.094,167.469,0,0,0,0,37.50,37.50,2,1,0,nan,4,1,53,1,1,6,6,0,0,0,881444728,0.04248,-0.00317,0.96045,0.96139,-0.00852,0.00185,-0.00114,0.00879,0.96139,0.00571,0.00879,3,12279,0,1459,0.16864,0.15506,0.91945,96,1,87.014,78,1,3,4335,185610,0,0,0.000,184.217,5.099,0,0.000,279.847,7.016,0,0,1,0,2
PPG,2,21991,881190536,144,164256,189792,188842.500,949.500,213.547,0,0,0,0,37.50,37.50,2,1,0,nan,4,1,53,1,1,7,7,0,0,0,881483945,0.04004,-0.00879,0.95923,0.96010,-0.00718,0.00105,-0.00087,0.00731,0.96010,0.00936,0.00791,3,12245,0,1459,0.16864,0.15506,0.91945,96,1,87.014,78,1,3,4323,185610,0,0,0.000,184.217,5.099,0,0.000,279.847,7.016,0,0,1,0,2
PPG,2,21992,881230536,127,164258,189824,188852.312,971.688,251.625,0,0,0,0,37.50,37.50,2,1,0,nan,4,1,53,1,1,8,8,0,0,0,881523271,0.04077,-0.00830,0.95654,0.95745,-0.00878,0.00185,-0.00141,0.00908,0.96097,0.00212,0.00908,3,12275,0,1459,0.16864,0.15506,0.91945,96,1,87.014,78,1,3,2633,185610,0,0,0.000,184.217,5.099,0,0.000,279.847,7.016,0,0,1,0,2
PPG,2,21993,881270536,122,164285,189864,188862.422,1001.578,283.500,0,0,0,0,37.50,37.50,2,1,0,nan,4,1,53,1,1,9,9,0,0,0,881565325,0.04761,-0.00684,0.96045,0.96165,-0.00798,0.00132,-0.00114,0.00817,0.96305,0.01087,0.00866,3,12241,0,1459,0.16864,0.15506,0.91945,96,1,87.014,78,1,3,4349,185610,0,0,0.000,184.217,5.099,0,0.000,279.847,7.016,0,0,1,0,2
PPG,2,21994,881310536,520,164264,189792,188871.719,920.281,291.078,0,0,0,0,37.50,37.50,2,1,0,98.00,0,1,53,1,1,10,10,0,0,0,881604642,0.04175,-0.00708,0.95776,0.95870,-0.00692,0.00185,-0.00087,0.00721,0.95870,0.01051,0.00801,3,12245,0,1459,0.13358,0.09031,0.67604,99,1,93.099,107,1,3,4335,185610,0,0,0.000,184.217,5.099,0,0.000,279.847,7.016,0,0,1,0,2
PPG,2,21995,881350536,182,164179,189516,188878.156,637.844,253.453,0,0,0,0,37.50,37.50,2,1,0,98.00,0,1,53,1,1,11,11,0,0,0,881644426,0.03906,-0.00659,0.95654,0.95736,-0.00798,0.00158,-0.00114,0.00822,0.95736,0.00590,0.00822,3,12305,0,1459,0.13358,0.09031,0.67604,99,1,93.099,107,1,3,4321,185610,0,0,0.000,184.104,5.103,0,0.000,279.847,7.016,0,0,1,0,2
PPG,2,21996,881390536,122,164095,189266,188882.031,383.969,186.484,0,0,0,0,37.50,37.50,2,1,0,98.00,0,1,53,1,1,12,12,0,0,0,881683808,0.04126,-0.00659,0.96362,0.96453,-0.00745,0.00238,-0.00114,0.00790,0.96453,0.00974,0.00878,3,12252,0,1459,0.13358,0.09031,0.67604,99,1,93.099,107,1,3,4351,185610,0,0,0.000,184.104,5.103,0,0.000,279.847,7.016,0,0,1,0,2
PPG,2,21997,881430536,119,164072,189249,188885.703,363.297,114.219,0,0,0,0,37.50,37.50,2,1,0,98.00,0,1,53,1,1,13,13,0,0,0,881723081,0.04321,-0.00513,0.95435,0.95534,-0.00772,0.00292,-0.00007,0.00825,0.96199,0.00708,0.00845,3,12195,0,1459,0.13358,0.09031,0.67604,99,1,93.099,107,1,3,2616,185610,0,0,0.000,184.104,5.103,0,0.000,279.847,7.016,0,0,1,0,2
PPG,2,21998,881470536,129,164060,189282,188889.672,392.328,37.562,0,0,0,0,37.50,37.50,2,1,0,98.00,0,1,53,1,1,14,14,0,0,0,881765070,0.04272,-0.00610,0.95874,0.95971,-0.00745,0.00158,-0.00087,0.00767,0.96169,0.00637,0.00852,3,12255,0,1459,0.13358,0.09031,0.67604,99,1,93.099,107,1,3,4338,185610,0,0,0.000,184.104,5.103,0,0.000,279.847,7.016,0,0,1,0,2
PPG,2,21999,881510536,120,164063,189316,188893.938,422.062,-37.625,0,0,0,0,37.50,37.50,2,1,0,98.00,0,1,53,1,1,15,15,0,0,0,881804410,0.04175,-0.00854,0.95898,0.95993,-0.00825,0.00132,-0.00141,0.00847,0.96204,0.00218,0.00847,3,12244,0,1459,0.13358,0.09031,0.67604,99,1,93.099,107,1,3,4332,185610,0,0,0.000,184.104,5.103,0,0.000,279.847,7.016,0,0,1,0,2
PPG,2,22000,881550536,118,164073,189379,188898.781,480.219,-112.094,0,0,0,0,37.50,37.50,2,1,0,98.00,0,1,53,1,1,16,16,0,0,0,881843812,0.04150,-0.00635,0.96191,0.96283,-0.00745,0.00265,-0.00087,0.00796,0.96283,0.00465,0.00796,3,12266,0,1459,0.13358,0.09031,0.67604,99,1,93.099,107,1,3,4347,185610,0,0,0.000,184.104,5.103,0,0.000,279.847,7.016,0,0,1,0,2
PPG,2,22001,881590536,118,164062,189358,188903.375,454.625,-178.656,0,0,0,0,37.50,37.50,2,1,0,98.00,0,1,53,1,1,17,17,0,0,0,881883102,0.04395,-0.00439,0.95703,0.95805,-0.00745,0.00185,0.00019,0.00768,0.96159,0.00428,0.00812,3,12241,0,1459,0.13358,0.09031,0.67604,99,1,93.099,107,1,3,2620,185610,0,0,0.000,184.104,5.103,0,0.000,279.847,7.016,0,0,1,0,2
PPG,2,22002,881630536,131,164058,189332,188907.656,424.344,-208.188,1,0,0,0,37.50,37.50,2,1,0,98.00,0,1,53,1,1,18,18,0,0,0,881924961,0.04272,-0.00342,0.96680,0.96775,-0.00772,0.00265,-0.00061,0.00818,0.96775,0.01300,0.00822,3,12217,0,1459,0.13358,0.09031,0.67604,99,1,93.099,107,1,3,4334,185610,0,0,0.000,184.104,5.103,0,415.125,279.847,7.016,1,0,1,0,2
PPG,2,22003,881670536,118,164097,189375,188912.328,462.672,-195.672,0,0,0,0,37.50,37.50,2,1,0,98.00,0,1,53,1,1,19,19,0,0,0,881964336,0.04175,-0.00513,0.95801,0.95893,-0.00772,0.00238,-0.00034,0.00808,0.95901,0.00874,0.00830,3,12228,0,1459,0.13358,0.09031,0.67604,99,1,93.099,107,1,3,4338,185610,0,0,0.000,184.104,5.103,0,0.000,279.847,7.016,0,0,1,0,2
PPG,2,22004,881710536,119,164157,189491,188918.109,572.891,-165.047,0,0,0,0,37.50,37.50,2,1,0,98.00,0,1,53,1,1,20,20,0,0,0,882003549,0.04004,-0.00366,0.95532,0.95617,-0.00825,0.00185,-0.00061,0.00848,0.96097,0.00755,0.00848,3,12128,0,1459,0.13358,0.09031,0.67604,99,1,93.099,107,1,3,2601,185610,0,0,0.000,184.104,5.103,0,0.000,279.847,7.016,0,0,1,0,2
PPG,2,22005,881750536,189,164191,189585,188924.781,660.219,-126.062,0,0,0,0,37.50,37.50,2,1,0,98.00,0,1,53,1,1,21,21,0,0,0,882045324,0.04370,-0.00781,0.95996,0.96099,-0.00745,0.00158,-0.00114,0.00770,0.96099,0.00468,0.00770,3,12212,0,1459,0.13358,0.09031,0.67604,99,1,93.099,107,1,3,4340,185610,0,0,0.000,184.104,5.103,0,0.000,279.847,7.016,0,0,1,0,2
PPG,2,22006,881790536,122,164227,189670,188932.234,737.766,-81.031,0,0,0,0,37.50,37.50,2,1,0,98.00,0,1,53,1,1,22,22,0,0,0,882084546,0.03979,-0.00562,0.95947,0.96031,-0.00745,0.00238,-0.00034,0.00783,0.96031,0.00792,0.00783,3,12115,0,1459,0.13358,0.09031,0.67604,99,1,93.099,107,1,3,4302,185610,0,0,0.000,184.104,5.103,0,0.000,279.847,7.016,0,0,1,0,2
PPG,2,22007,881830536,118,164263,189730,188940.219,789.781,-37.391,0,0,0,0,37.50,37.50,2,1,0,98.00,0,1,53,1,1,23,23,0,0,0,882123533,0.04224,-0.00244,0.95459,0.95553,-0.00772,0.00238,-0.00087,0.00812,0.96190,0.00498,0.00812,3,12145,0,1459,0.13358,0.09031,0.67604,99,1,93.099,107,1,3,2616,185610,0,0,0.000,184.104,5.103,0,0.000,279.847,7.016,0,0,1,0,2
PPG,2,22008,881870536,126,164343,189848,188949.297,898.703,22.516,0,0,0,0,37.50,37.50,2,1,0,98.00,0,1,53,1,1,24,24,0,0,0,882171885,0.04126,-0.00806,0.96191,0.96283,-0.00905,0.00132,-0.00167,0.00930,0.96283,0.00693,0.00930,3,18867,0,1459,0.13358,0.09031,0.67604,99,1,93.099,107,1,3,14475,185610,0,0,0.000,184.104,5.103,0,0.000,279.847,7.016,0,0,1,0,2
PPG,2,22009,881910536,131,164511,190063,188960.438,1102.562,107.484,0,0,0,0,37.50,37.50,2,1,0,98.00,0,1,53,1,1,25,25,0,0,0,882240892,0.04321,-0.00952,0.95728,0.95830,-0.00825,0.00238,-0.00061,0.00861,0.95830,0.00453,0.00861,1,69007,0,1464,0.13358,0.09031,0.67604,99,1,93.099,107,1,3,68869,185610,0,0,0.000,184.104,5.103,0,0.000,279.847,7.016,0,0,1,0,2
PPG,2,22010,881950536,120,164770,190351,188974.344,1376.656,215.562,0,0,0,0,37.50,37.50,2,1,0,98.00,0,1,53,1,1,26,26,0,0,0,882253145,0.04004,-0.00757,0.95801,0.95887,-0.00692,0.00212,-0.00141,0.00737,0.95887,0.00058,0.00737,1,12253,0,1464,0.13358,0.09031,0.67604,99,1,93.099,107,1,3,12261,185610,0,0,0.000,184.104,5.103,0,0.000,279.847,7.016,0,0,1,0,2
PPG,2,22011,881990536,121,164970,190621,188990.812,1630.188,335.547,0,0,0,0,37.50,37.50,2,1,0,98.00,0,1,53,1,1,27,27,0,0,0,882289660,0.04272,-0.00854,0.95581,0.95680,-0.00852,0.00132,0.00019,0.00862,0.95830,0.00286,0.00888,3,12129,0,1464,0.13358,0.09031,0.67604,99,1,93.099,107,1,3,2605,185610,0,0,0.000,184.104,5.103,0,0.000,279.847,7.016,0,0,1,0,2
PPG,2,22012,882030536,124,165060,190738,189008.281,1729.719,454.562,0,0,0,0,37.50,37.50,2,1,0,98.00,0,1,53,1,1,28,28,0,0,0,882326077,0.04541,-0.00830,0.95850,0.95961,-0.00772,0.00185,-0.00167,0.00811,0.96019,0.00855,0.00811,3,12121,0,1464,0.13358,0.09031,0.67604,99,1,93.099,107,1,3,4303,185610,0,0,0.000,184.104,5.103,0,0.000,279.847,7.016,0,0,1,0,2
PPG,2,22013,882070536,122,165079,190793,189026.125,1766.875,568.531,0,0,0,0,37.50,37.50,2,1,0,98.00,0,1,53,1,1,29,29,0,0,0,882365136,0.04175,-0.00854,0.95850,0.95944,-0.00745,0.00345,-0.00034,0.00822,0.96116,0.00458,0.00830,3,12156,0,1464,0.13358,0.09031,0.67604,99,1,93.099,107,1,3,4305,185610,0,0,0.000,184.104,5.103,0,0.000,279.847,7.016,0,0,1,0,2
PPG,2,22014,882110536,122,165106,190852,189044.391,1807.609,675.828,0,0,0,0,37.50,37.50,2,1,0,98.00,0,1,53,1,1,30,30,0,0,0,882404077,0.04297,-0.00757,0.96313,0.96412,-0.00798,0.00238,-0.00061,0.00835,0.96412,0.00561,0.00880,3,12113,0,1464,0.13358,0.09031,0.67604,99,1,93.099,107,1,3,4306,185610,0,0,0.000,184.104,5.103,0,0.000,279.847,7.016,0,0,1,0,2
PPG,2,22015,882150536,118,165128,190900,189062.953,1837.047,756.906,0,0,0,0,37.50,37.50,2,1,0,98.00,0,1,53,1,1,31,31,0,0,0,882443010,0.04517,-0.00708,0.95801,0.95910,-0.00878,0.00158,-0.00061,0.00894,0.96379,0.00739,0.00894,3,12111,0,1464,0.13358,0.09031,0.67604,99,1,93.099,107,1,3,2597,185610,0,0,0.000,184.104,5.103,0,0.000,279.847,7.016,0,0,1,0,2
PPG,2,22016,882190536,119,165054,190691,189079.234,1611.766,775.375,0,0,0,0,37.50,37.50,2,1,0,98.00,0,1,53,1,1,0,0,0,0,0,882484562,0.04468,-0.00879,0.95728,0.95836,-0.00825,0.00212,-0.00114,0.00859,0.96524,0.00946,0.00859,3,12115,0,1464,0.13358,0.09031,0.67604,99,1,93.099,107,1,3,4296,185610,0,0,0.000,184.104,5.103,0,0.000,279.847,7.016,0,0,1,0,2
PPG,2,22017,882230536,130,164987,190465,189093.094,1371.906,730.859,0,0,0,0,37.50,37.50,2,1,0,98.00,0,1,53,1,1,1,1,0,0,0,882523507,0.04248,-0.00854,0.95239,0.95338,-0.00798,0.00052,-0.00034,0.00801,0.96394,0.01056,0.00801,3,12117,0,1464,0.13358,0.09031,0.67604,99,1,93.099,107,1,3,2601,185610,0,0,0.000,184.104,5.103,0,0.000,279.847,7.016,0,0,1,0,2
PPG,2,22018,882270536,123,164951,190379,189105.953,1273.047,641.438,0,0,0,0,37.50,37.50,2,1,0,98.00,0,1,53,1,1,2,2,0,0,0,882565083,0.04395,-0.00830,0.94873,0.94978,-0.00825,0.00372,-0.00141,0.00916,0.95966,0.00823,0.00916,3,12159,0,1464,0.13358,0.09031,0.67604,99,1,93.099,107,1,3,4315,185610,0,0,0.000,184.104,5.103,0,0.000,279.847,7.016,0,0,1,0,2
PPG,2,22019,882310536,514,164938,190392,189118.812,1273.188,538.203,0,0,0,0,37.50,37.50,2,1,0,98.00,0,1,53,1,1,3,3,0,0,0,882604083,0.04272,-0.00952,0.95459,0.95559,-0.00612,0.00185,-0.00114,0.00649,0.95904,0.00792,0.00838,3,12116,0,1464,0.24249,0.19944,0.82244,99,1,89.439,100,1,3,4305,185610,0,0,0.000,184.104,5.103,0,0.000,279.847,7.016,0,0,1,0,2
PPG,2,22020,882350536,173,164929,190425,189131.875,1293.125,433.328,0,0,0,0,37.50,37.50,2,1,0,98.00,0,1,53,1,1,4,4,0,0,0,882643546,0.04077,-0.00269,0.95850,0.95937,-0.00772,0.00025,-0.00167,0.00790,0.96205,0.00646,0.00790,3,12109,0,1464,0.24249,0.19944,0.82244,99,1,89.439,100,1,3,2601,185610,0,0,0.000,184.104,5.103,0,0.000,279.847,7.016,0,0,1,0,2
PPG,2,22021,882390536,119,164958,190510,189145.656,1364.344,326.875,0,0,0,0,37.50,37.50,2,1,0,98.00,0,1,53,1,1,5,5,0,0,0,882685174,0.04395,-0.00635,0.96216,0.96318,-0.00852,0.00212,-0.00087,0.00882,0.96318,0.00545,0.00900,3,12113,0,1464,0.24249,0.19944,0.82244,99,1,89.439,100,1,3,4303,185610,0,0,0.000,184.104,5.103,0,0.000,279.847,7.016,0,0,1,0,2
PPG,2,22022,882430536,124,164950,190503,189159.234,1343.766,211.625,0,0,0,0,37.50,37.50,2,1,0,98.00,0,1,53,1,1,6,6,0,0,0,882724122,0.04492,-0.00562,0.96167,0.96273,-0.00772,0.00238,-0.00007,0.00808,0.96438,0.00378,0.00838,3,12128,0,1464,0.24249,0.19944,0.82244,99,1,89.439,100,1,3,4299,185610,0,0,0.000,184.104,5.103,0,0.000,279.847,7.016,0,0,1,0,2
PPG,2,22023,882470536,119,164916,190457,189172.219,1284.781,124.078,0,0,0,0,37.50,37.50,2,1,0,98.00,0,1,53,1,1,7,7,0,0,0,882763041,0.04395,-0.00562,0.95728,0.95830,-0.00825,0.00292,-0.00034,0.00876,0.97011,0.01437,0.00876,3,12110,0,1464,0.24249,0.19944,0.82244,99,1,89.439,100,1,3,2607,185610,0,0,0.000,184.104,5.103,0,0.000,279.847,7.016,0,0,1,0,2
PPG,2,22024,882510536,135,164925,190446,189184.953,1261.047,73.625,1,0,1,0,0.00,nan,1,2,0,98.00,0,1,53,1,1,8,8,0,0,0,882804613,0.04492,-0.00439,0.95728,0.95834,-0.00931,0.00265,-0.00114,0.00975,0.96091,0.00257,0.01008,3,12120,0,1464,0.24249,0.19944,0.82244,99,1,89.439,100,1,3,4302,185610,0,0,637.969,184.104,5.103,1,983.562,279.847,7.016,1,1,1,0,1
PPG,2,22025,882550536,116,164981,190527,189198.375,1328.625,47.672,0,0,0,0,0.00,nan,1,2,0,98.00,0,1,53,1,1,9,9,0,0,0,882843632,0.04443,-0.00586,0.96143,0.96247,-0.00825,0.00132,0.00019,0.00836,0.96247,0.00214,0.00916,3,12117,0,1464,0.24249,0.19944,0.82244,99,1,89.439,100,1,3,2596,185610,0,0,0.000,183.220,4.987,0,0.000,276.560,6.711,0,0,1,0,1
PPG,2,22026,882590536,118,165012,190625,189212.641,1412.359,33.203,0,0,0,0,0.00,nan,1,2,0,98.00,0,1,53,1,1,10,10,0,0,0,882885176,0.04248,-0.00684,0.95654,0.95751,-0.00772,0.00212,-0.00061,0.00802,0.96155,0.00282,0.00808,3,12107,0,1464,0.24249,0.19944,0.82244,99,1,89.439,100,1,3,4300,185610,0,0,0.000,183.220,4.987,0,0.000,276.560,6.711,0,0,1,0,1
PPG,2,22027,882630536,116,165033,190703,189227.547,1475.453,24.266,0,0,0,0,0.00,nan,1,2,0,98.00,0,1,53,1,1,11,11,0,0,0,882924083,0.03857,-0.00464,0.96240,0.96319,-0.00798,0.00105,-0.00034,0.00806,0.96319,0.00698,0.00806,3,12116,0,1464,0.24249,0.19944,0.82244,99,1,89.439,100,1,3,2602,185610,0,0,0.000,183.220,4.987,0,0.000,276.560,6.711,0,0,1,0,1
PPG,2,22028,882670536,118,165064,190743,189242.703,1500.297,12.797,0,0,0,0,0.00,nan,1,2,0,98.00,0,1,53,1,1,12,12,0,0,0,882965595,0.04395,-0.00684,0.95972,0.96075,-0.00852,0.00212,-0.00061,0.00880,0.96075,0.00470,0.00880,3,12124,0,1464,0.24249,0.19944,0.82244,99,1,89.439,100,1,3,4325,185610,0,0,0.000,183.220,4.987,0,0.000,276.560,6.711,0,0,1,0,1
PPG,2,22029,882710536,115,165090,190788,189258.156,1529.844,17.266,0,0,0,0,0.00,nan,1,2,0,98.00,0,1,53,1,1,13,13,0,0,0,883004511,0.04077,-0.00977,0.95264,0.95356,-0.00745,0.00185,-0.00087,0.00773,0.96147,0.00791,0.00773,3,12116,0,1464,0.24249,0.19944,0.82244,99,1,89.439,100,1,3,4298,185610,0,0,0.000,183.220,4.987,0,0.000,276.560,6.711,0,0,1,0,1
PPG,2,22030,882750536,117,165114,190845,189274.031,1570.969,47.984,0,0,0,0,0.00,nan,1,2,0,98.00,0,1,53,1,1,14,14,0,0,0,883043411,0.04590,-0.00708,0.95166,0.95279,-0.00772,0.00212,-0.00034,0.00801,0.96374,0.01095,0.00801,3,12114,0,1464,0.24249,0.19944,0.82244,99,1,89.439,100,1,3,2595,185610,0,0,0.000,183.220,4.987,0,0.000,276.560,6.711,0,0,1,0,1
PPG,2,22031,882790536,116,165123,190866,189289.953,1576.047,95.734,0,0,0,0,0.00,nan,1,2,0,98.00,0,1,53,1,1,15,15,0,0,0,883085017,0.04028,-0.00952,0.95679,0.95768,-0.00772,0.00185,0.00046,0.00795,0.96240,0.00936,0.00845,3,12181,0,1464,0.24249,0.19944,0.82244,99,1,89.439,100,1,3,4296,185610,0,0,0.000,183.220,4.987,0,0.000,276.560,6.711,0,0,1,0,1
PPG,2,22032,882830536,117,165158,190925,189306.297,1618.703,143.250,0,0,0,0,0.00,nan,1,2,0,98.00,0,1,53,1,1,16,16,0,0,0,883123906,0.04614,-0.00684,0.95801,0.95914,-0.00745,0.00238,-0.00087,0.00787,0.96466,0.00698,0.00862,3,12113,0,1464,0.24249,0.19944,0.82244,99,1,89.439,100,1,3,2595,185610,0,0,0.000,183.220,4.987,0,0.000,276.560,6.711,0,0,1,0,1
PPG,2,22033,882870536,122,165166,190972,189322.953,1649.047,183.875,0,0,0,0,0.00,nan,1,2,0,98.00,0,1,53,1,1,17,17,0,0,0,883172155,0.04248,-0.00537,0.95703,0.95799,-0.00745,0.00105,0.00019,0.00753,0.96035,0.00621,0.00762,3,18858,0,1464,0.24249,0.19944,0.82244,99,1,89.439,100,1,3,14474,185610,0,0,0.000,183.220,4.987,0,0.000,276.560,6.711,0,0,1,0,1
PPG,2,22034,882910536,117,165200,191025,189339.969,1685.031,221.234,0,0,0,0,0.00,nan,1,2,0,98.00,0,1,53,1,1,18,18,0,0,0,883208607,0.04321,-0.00903,0.95898,0.96000,-0.00825,0.00238,-0.00061,0.00861,0.96477,0.00679,0.00885,3,12136,0,1464,0.24249,0.19944,0.82244,99,1,89.439,100,1,3,2603,185610,0,0,0.000,183.220,4.987,0,0.000,276.560,6.711,0,0,1,0,1
PPG,2,22035,882950536,118,165204,191047,189357.031,1689.969,257.297,0,0,0,0,0.00,nan,1,2,0,98.00,0,1,53,1,1,19,19,0,0,0,883244906,0.04639,-0.00635,0.95996,0.96110,-0.00825,0.00158,-0.00114,0.00848,0.96110,0.00408,0.00848,3,12113,0,1464,0.24249,0.19944,0.82244,99,1,89.439,100,1,3,4298,185610,0,0,0.000,183.220,4.987,0,0.000,276.560,6.711,0,0,1,0,1
PPG,2,22036,882990536,118,165187,191066,189374.125,1691.875,278.266,0,0,0,0,0.00,nan,1,2,0,98.00,0,1,53,1,1,20,20,0,0,0,883283868,0.04419,-0.00635,0.96118,0.96222,-0.00798,0.00265,-0.00141,0.00853,0.96222,0.00454,0.00853,3,12187,0,1464,0.24249,0.19944,0.82244,99,1,89.439,100,1,3,2602,185610,0,0,0.000,183.220,4.987,0,0.000,276.560,6.711,0,0,1,0,1
PPG,2,22037,883030536,118,165192,191084,189391.219,1692.781,281.453,0,0,0,0,0.00,nan,1,2,0,98.00,0,1,53,1,1,21,21,0,0,0,883325395,0.04785,-0.00586,0.95996,0.96117,-0.00718,0.00158,-0.00007,0.00736,0.96117,0.00205,0.00926,3,12113,0,1464,0.24249,0.19944,0.82244,99,1,89.439,100,1,3,4300,185610,0,0,0.000,183.220,4.987,0,0.000,276.560,6.711,0,0,1,0,1
PPG,2,22038,883070536,127,165161,190986,189407.172,1578.828,268.250,0,0,0,0,0.00,nan,1,2,0,98.00,0,1,53,1,1,22,22,0,0,0,883364306,0.04346,-0.00732,0.95361,0.95463,-0.00718,0.00185,0.00073,0.00745,0.96112,0.00410,0.00866,3,12129,0,1464,0.24249,0.19944,0.82244,99,1,89.439,100,1,3,2596,185610,0,0,0.000,179.463,5.120,0,0.000,281.645,6.548,0,0,1,0,1
PPG,2,22039,883110536,118,165074,190707,189420.172,1286.828,221.359,0,0,0,0,0.00,nan,1,2,0,98.00,0,1,53,1,1,23,23,0,0,0,883405864,0.03833,-0.00903,0.96240,0.96321,-0.00718,0.00238,-0.00087,0.00762,0.96321,0.00462,0.00762,3,12132,0,1464,0.24249,0.19944,0.82244,99,1,89.439,100,1,3,4307,185610,0,0,0.000,179.463,5.120,0,0.000,281.645,6.548,0,0,1,0,1
PPG,2,22040,883150536,117,164998,190516,189431.125,1084.875,151.672,0,0,0,0,0.00,nan,1,2,0,98.00,0,1,53,1,1,24,24,0,0,0,883444775,0.03906,-0.00610,0.96191,0.96273,-0.00772,0.00185,-0.00061,0.00796,0.96273,0.00954,0.00878,3,12123,0,1464,0.24249,0.19944,0.82244,99,1,89.439,100,1,3,4317,185610,0,0,0.000,179.463,5.120,0,0.000,281.645,6.548,0,0,1,0,1
PPG,2,22041,883190536,177,164969,190509,189441.906,1067.094,78.000,0,0,0,0,0.00,nan,1,2,0,98.00,0,1,53,1,1,25,25,0,0,0,883483711,0.04541,-0.00317,0.95679,0.95787,-0.00718,0.00238,-0.00114,0.00765,0.95787,0.00777,0.00871,3,12150,0,1464,0.24249,0.19944,0.82244,99,1,89.439,100,1,3,2630,185610,0,0,0.000,179.463,5.120,0,0.000,281.645,6.548,0,0,1,0,1
PPG,2,22042,883230536,118,164957,190517,189452.656,1064.344,1.578,0,0,0,0,0.00,nan,1,2,0,98.00,0,1,53,1,1,26,26,0,0,0,883525786,0.04443,-0.00562,0.95654,0.95759,-0.00772,0.00212,-0.00087,0.00805,0.96168,0.00489,0.00816,3,12140,0,1464,0.24249,0.19944,0.82244,99,1,89.439,100,1,3,4299,185610,0,0,0.000,179.463,5.120,0,0.000,281.645,6.548,0,0,1,0,1
PPG,2,22043,883270536,117,164941,190568,189463.812,1104.188,-75.109,0,0,0,0,0.00,nan,1,2,0,98.00,0,1,53,1,1,27,27,0,0,0,883564739,0.04272,-0.01123,0.95703,0.95805,-0.00798,0.00212,0.00073,0.00829,0.96311,0.00551,0.00829,3,12119,0,1464,0.24249,0.19944,0.82244,99,1,89.439,100,1,3,4297,185610,0,0,0.000,179.463,5.120,0,0.000,281.645,6.548,0,0,1,0,1
PPG,2,22044,883310536,501,164917,190530,189474.469,1055.531,-158.453,0,0,0,0,0.00,nan,1,2,0,99.00,0,1,53,1,1,28,28,0,0,0,883603778,0.04102,-0.00806,0.95825,0.95916,-0.00825,0.00158,-0.00114,0.00848,0.95947,0.00488,0.00848,3,12116,0,1464,0.35158,0.29442,0.83743,99,1,89.064,75,1,3,2623,185610,0,0,0.000,179.463,5.120,0,0.000,281.645,6.548,0,0,1,0,1
PPG,2,22045,883350536,219,164887,190489,189484.609,1004.391,-227.547,0,0,0,0,0.00,nan,1,2,0,99.00,0,1,53,1,1,29,29,0,0,0,883645854,0.04297,-0.00806,0.96216,0.96315,-0.00798,0.00185,-0.00034,0.00820,0.96315,0.00271,0.00820,3,12116,0,1464,0.35158,0.29442,0.83743,99,1,89.064,75,1,3,4304,185610,0,0,0.000,179.463,5.120,0,0.000,281.645,6.548,0,0,1,0,1
PPG,2,22046,883390536,118,164868,190460,189494.359,965.641,-254.578,0,0,0,0,0.00,nan,1,2,0,99.00,0,1,53,1,1,30,30,0,0,0,883685026,0.04443,-0.00757,0.95605,0.95712,-0.00798,0.00185,-0.00034,0.00820,0.96075,0.00736,0.00963,3,12115,0,1464,0.35158,0.29442,0.83743,99,1,89.064,75,1,3,4295,185610,0,0,0.000,179.463,5.120,0,0.000,281.645,6.548,0,0,1,0,1
PPG,2,22047,883430536,125,164898,190491,189504.328,986.672,-247.562,0,0,0,0,0.00,nan,1,2,0,99.00,0,1,53,1,1,31,31,0,0,0,883724314,0.04370,-0.00488,0.95752,0.95853,-0.00798,0.00185,-0.00034,0.00820,0.96400,0.00547,0.00866,3,12279,0,1464,0.35158,0.29442,0.83743,99,1,89.064,75,1,3,2635,185610,0,0,0.000,179.463,5.120,0,0.000,281.645,6.548,0,0,1,0,1
PPG,2,22048,883470536,117,164896,190533,189514.609,1018.391,-233.625,0,0,0,0,0.00,nan,1,2,0,99.00,0,1,53,1,1,0,0,0,0,0,883766327,0.04175,-0.00513,0.95386,0.95478,-0.00772,0.00132,-0.00061,0.00785,0.95732,0.00381,0.00814,3,12264,0,1464,0.35158,0.29442,0.83743,99,1,89.064,75,1,3,4346,185610,0,0,0.000,179.463,5.120,0,0.000,281.645,6.548,0,0,1,0,1
PPG,2,22049,883510536,117,164937,190599,189525.453,1073.547,-212.469,0,0,0,0,0.00,nan,1,2,0,99.00,0,1,53,1,1,1,1,0,0,0,883805631,0.03882,-0.00684,0.95557,0.95638,-0.00931,0.00265,0.00046,0.00970,0.96195,0.00717,0.00970,3,12289,0,1464,0.35158,0.29442,0.83743,99,1,89.064,75,1,3,4315,185610,0,0,0.000,179.463,5.120,0,0.000,281.645,6.548,0,0,1,0,1
PPG,2,22050,883550536,124,164954,190650,189536.703,1113.297,-191.000,0,0,0,0,0.00,nan,1,2,0,99.00,0,1,53,1,1,2,2,0,0,0,883844958,0.04004,-0.00366,0.95630,0.95714,-0.00798,0.00212,-0.00007,0.00826,0.96068,0.00430,0.00978,3,12262,0,1464,0.35158,0.29442,0.83743,99,1,89.064,75,1,3,4339,185610,0,0,0.000,179.463,5.120,0,0.000,281.645,6.548,0,0,1,0,1
PPG,2,22051,883590536,122,164953,190689,189548.219,1140.781,-159.438,0,0,0,0,0.00,nan,1,2,0,99.00,0,1,53,1,1,3,3,0,0,0,883884202,0.04077,-0.00684,0.95288,0.95378,-0.00852,0.00212,0.00019,0.00878,0.95755,0.00448,0.00878,3,12246,0,1464,0.35158,0.29442,0.83743,99,1,89.064,75,1,3,2654,185610,0,0,0.000,179.463,5.120,0,0.000,281.645,6.548,0,0,1,0,1
PPG,2,22052,883630536,117,164935,190688,189559.609,1128.391,-119.156,0,0,0,0,0.00,nan,1,2,0,99.00,0,1,53,1,1,4,4,0,0,0,883926172,0.04028,-0.00659,0.95605,0.95693,-0.00745,0.00105,0.00019,0.00753,0.96221,0.00604,0.00871,3,12252,0,1464,0.35158,0.29442,0.83743,99,1,89.064,75,1,3,4344,185610,0,0,0.000,179.463,5.120,0,0.000,281.645,6.548,0,0,1,0,1
PPG,2,22053,883670536,116,164854,190608,189570.094,1037.906,-79.812,0,0,0,0,0.00,nan,1,2,0,99.00,0,1,53,1,1,5,5,0,0,0,883965426,0.04004,-0.00366,0.95557,0.95641,-0.00825,0.00158,-0.00087,0.00845,0.95971,0.00496,0.00884,3,12247,0,1464,0.35158,0.29442,0.83743,99,1,89.064,75,1,3,4316,185610,0,0,0.000,179.463,5.120,0,0.000,281.645,6.548,0,0,1,0,1
PPG,2,22054,883710536,138,164828,190588,189580.266,1007.734,-44.109,0,0,0,0,0.00,nan,1,2,0,99.00,0,1,53,1,1,6,6,0,0,0,884004823,0.04517,-0.00781,0.95508,0.95618,-0.00798,0.00158,-0.00034,0.00815,0.96516,0.00898,0.00815,3,12286,0,1464,0.35158,0.29442,0.83743,99,1,89.064,75,1,3,4343,185610,0,0,0.000,179.463,5.120,0,0.000,281.645,6.548,0,0,1,0,1
PPG,2,22055,883750536,115,164955,190742,189591.891,1150.109,1.000,0,0,0,0,0.00,nan,1,2,0,99.00,0,1,53,1,1,7,7,0,0,0,884044103,0.04590,-0.00757,0.96313,0.96426,-0.00772,0.00318,-0.00034,0.00835,0.96426,0.00653,0.00894,3,12184,0,1464,0.35158,0.29442,0.83743,99,1,89.064,75,1,3,2613,185610,0,0,0.000,179.463,5.120,0,0.000,281.645,6.548,0,0,1,0,1
PPG,2,22056,883790536,122,164994,190810,189604.078,1205.922,43.938,0,0,0,0,0.00,nan,1,2,0,99.00,0,1,53,1,1,8,8,0,0,0,884085954,0.04492,-0.00537,0.96118,0.96225,-0.00825,0.00238,-0.00087,0.00863,0.96225,0.00801,0.00863,3,12248,0,1464,0.35158,0.29442,0.83743,99,1,89.064,75,1,3,4331,185610,0,0,0.000,179.463,5.120,0,0.000,281.645,6.548,0,0,1,0,1
PPG,2,22057,883830536,117,165078,190932,189617.359,1314.641,91.828,0,0,0,0,0.00,nan,1,2,0,99.00,0,1,53,1,1,9,9,0,0,0,884125208,0.04565,-0.00732,0.95972,0.96083,-0.00718,0.00158,-0.00167,0.00754,0.96083,0.00311,0.00874,3,12223,0,1464,0.35158,0.29442,0.83743,99,1,89.064,75,1,3,4339,185610,0,0,0.000,179.463,5.120,0,0.000,281.645,6.548,0,0,1,0,1
PPG,2,22058,883870536,122,165146,191044,189631.625,1412.375,139.641,0,0,0,0,0.00,nan,1,2,0,99.00,0,1,53,1,1,10,10,0,0,0,884173782,0.04492,-0.00586,0.95532,0.95640,-0.00745,0.00132,-0.00114,0.00765,0.96266,0.00627,0.00982,3,21585,0,1465,0.35158,0.29442,0.83743,99,1,89.064,75,1,3,14536,185610,0,0,0.000,179.463,5.120,0,0.000,281.645,6.548,0,0,1,0,1
PPG,2,22059,883910536,124,165181,191111,189646.422,1464.578,179.875,0,1,0,0,0.00,nan,1,2,0,99.00,0,1,53,1,1,11,11,0,0,0,884210486,0.04468,-0.00464,0.96265,0.96369,-0.00745,0.00052,-0.00034,0.00748,0.96369,0.00816,0.00843,3,12240,0,1465,0.35158,0.29442,0.83743,99,1,89.064,75,1,3,2612,185610,0,0,0.000,179.463,5.120,0,0.000,281.645,6.548,0,0,1,0,1
PPG,2,22060,883950536,125,165133,191040,189660.359,1379.641,215.375,0,0,0,0,0.00,nan,1,2,0,99.00,0,1,53,1,1,12,12,0,0,0,884247084,0.04419,-0.00562,0.95605,0.95709,-0.00798,0.00185,-0.00007,0.00819,0.96043,0.00326,0.00819,3,12254,0,1465,0.35158,0.29442,0.83743,99,1,89.064,75,1,3,4344,185610,0,0,0.000,179.463,5.120,0,0.000,281.645,6.548,0,0,1,0,1
PPG,2,22061,883990536,115,165083,190818,189671.938,1146.062,232.797,0,0,0,0,0.00,nan,1,2,0,99.00,0,1,53,1,1,13,13,0,0,0,884286323,0.04346,-0.00391,0.95776,0.95876,-0.00825,0.00292,0.00073,0.00878,0.96401,0.01187,0.00878,3,12241,0,1465,0.35158,0.29442,0.83743,99,1,89.064,75,1,3,4346,185610,0,0,0.000,179.463,5.120,0,0.000,281.645,6.548,0,0,1,0,1
PPG,2,22062,884030536,127,165034,190663,189681.844,981.156,214.203,0,0,0,0,0.00,nan,1,2,0,99.00,0,1,53,1,1,14,14,0,0,0,884325681,0.04126,-0.00806,0.96289,0.96381,-0.00958,0.00158,-0.00087,0.00975,0.96381,0.00577,0.00975,3,12119,0,1465,0.35158,0.29442,0.83743,99,1,89.064,75,1,3,4307,185610,0,0,0.000,179.463,5.120,0,0.000,281.645,6.548,0,0,1,0,1
PPG,2,22063,884070536,115,165028,190674,189691.766,982.234,189.469,0,0,0,0,0.00,nan,1,2,0,99.00,0,1,53,1,1,15,15,0,0,0,884364763,0.04175,-0.00391,0.95459,0.95551,-0.00772,0.00212,-0.00061,0.00802,0.96301,0.00673,0.00845,3,12116,0,1465,0.35158,0.29442,0.83743,99,1,89.064,75,1,3,2603,185610,0,0,0.000,179.463,5.120,0,0.000,281.645,6.548,0,0,1,0,1
PPG,2,22064,884110536,126,165065,190750,189702.344,1047.656,152.469,0,0,0,0,0.00,nan,1,2,0,99.00,0,1,53,1,1,16,16,0,0,0,884406282,0.04297,-0.00366,0.95923,0.96020,-0.00745,0.00158,-0.00034,0.00762,0.96278,0.00390,0.00871,3,12126,0,1465,0.35158,0.29442,0.83743,99,1,89.064,75,1,3,4323,185610,0,0,0.000,179.463,5.120,0,0.000,281.645,6.548,0,0,1,0,1
PPG,2,22065,884150536,116,165071,190806,189713.375,1092.625,102.625,0,0,0,0,0.00,nan,1,2,0,99.00,0,1,53,1,1,17,17,0,0,0,884445296,0.04468,-0.01025,0.95557,0.95667,-0.00692,0.00132,-0.00034,0.00705,0.96432,0.00766,0.00800,3,12138,0,1465,0.35158,0.29442,0.83743,99,1,89.064,75,1,3,4304,185610,0,0,0.000,179.463,5.120,0,0.000,281.645,6.548,0,0,1,0,1
PPG,2,22066,884190536,118,165054,190824,189724.484,1099.516,43.422,0,0,0,0,0.00,nan,1,2,0,99.00,0,1,53,1,1,18,18,0,0,0,884484219,0.04126,-0.00562,0.95508,0.95599,-0.00825,0.00185,-0.00007,0.00845,0.96089,0.00491,0.00867,3,12119,0,1465,0.35158,0.29442,0.83743,99,1,89.064,75,1,3,2605,185610,0,0,0.000,179.463,5.120,0,0.000,281.645,6.548,0,0,1,0,1
PPG,2,22067,884230536,116,165050,190802,189735.266,1066.734,-6.125,0,0,0,0,0.00,nan,1,2,0,99.00,0,1,53,1,1,19,19,0,0,0,884525793,0.04272,-0.00464,0.96216,0.96312,-0.00825,0.00212,0.00019,0.00852,0.96312,0.00515,0.00956,3,12114,0,1465,0.35158,0.29442,0.83743,99,1,89.064,75,1,3,4303,185610,0,0,0.000,179.463,5.120,0,0.000,281.645,6.548,0,0,1,0,1
PPG,2,22068,884270536,118,164994,190730,189745.219,984.781,-28.547,0,0,0,0,0.00,nan,1,2,0,99.00,0,1,53,1,1,20,20,0,0,0,884564678,0.04590,-0.00806,0.95874,0.95987,-0.00718,0.00185,0.00046,0.00743,0.96606,0.00518,0.00839,3,12119,0,1465,0.35158,0.29442,0.83743,99,1,89.064,75,1,3,2599,185610,0,0,0.000,179.463,5.120,0,0.000,281.645,6.548,0,0,1,0,1
PPG,2,22069,884310536,495,164624,190297,189750.734,546.266,-65.719,1,0,0,0,0.00,nan,1,2,0,99.00,0,1,53,1,1,21,21,0,0,0,884606192,0.03906,-0.00439,0.95679,0.95759,-0.00718,0.00079,-0.00034,0.00723,0.96118,0.00712,0.00834,3,12127,0,1465,0.33077,0.26788,0.80986,100,1,89.754,71,1,3,4298,185610,0,0,0.000,179.463,5.120,0,487.375,281.645,6.548,1,0,1,0,1
PPG,2,22070,884350536,167,164322,189974,189752.969,221.031,-131.922,0,0,0,0,0.00,nan,1,2,0,99.00,0,1,53,1,1,22,22,0,0,0,884645596,0.04541,-0.00903,0.95996,0.96108,-0.00798,0.00238,-0.00061,0.00835,0.96146,0.00468,0.00835,3,12126,0,1465,0.33077,0.26788,0.80986,100,1,89.754,71,1,3,4298,185610,0,0,0.000,179.463,5.120,0,0.000,281.645,6.548,0,0,1,0,1
PPG,2,22071,884390536,134,164214,189892,189754.359,137.641,-214.656,0,0,1,0,0.00,nan,1,2,0,99.00,0,1,53,1,1,23,23,0,0,0,884684593,0.04224,-0.00757,0.95605,0.95702,-0.00772,0.00318,-0.00114,0.00842,0.95702,0.00489,0.00842,3,12127,0,1465,0.33077,0.26788,0.80986,100,1,89.754,71,1,3,2597,185610,0,0,260.484,179.463,5.120,1,0.000,281.645,6.548,0,1,1,0,1
PPG,2,22072,884430536,118,164253,189963,189756.453,206.547,-298.828,0,0,0,0,0.00,nan,1,2,0,99.00,0,1,53,1,1,24,24,0,0,0,884726191,0.04150,-0.00952,0.95801,0.95895,-0.00852,0.00212,0.00019,0.00878,0.95994,0.00324,0.00878,3,12140,0,1465,0.33077,0.26788,0.80986,100,1,89.754,71,1,3,4298,185610,0,0,0.000,176.329,4.698,0,0.000,275.668,6.006,0,0,1,0,1
PPG,2,22073,884470536,134,164120,189827,189757.156,69.844,-402.203,0,0,0,0,0.00,nan,1,2,0,99.00,0,1,53,1,1,25,25,0,0,0,884765142,0.04102,-0.00684,0.96191,0.96281,-0.00905,0.00318,-0.00034,0.00960,0.96281,0.00341,0.00960,3,12138,0,1465,0.33077,0.26788,0.80986,100,1,89.754,71,1,3,4297,185610,0,0,0.000,176.329,4.698,0,0.000,275.668,6.006,0,0,1,0,1
PPG,2,22074,884510536,117,163560,189189,189751.469,-562.469,-562.688,0,0,0,0,0.00,nan,1,2,0,99.00,0,1,53,1,1,26,26,0,0,0,884804079,0.03906,-0.00781,0.95581,0.95664,-0.00852,0.00318,-0.00034,0.00910,0.95664,0.00778,0.00954,3,12126,0,1465,0.33077,0.26788,0.80986,100,1,89.754,71,1,3,2599,185610,0,0,0.000,176.329,4.698,0,0.000,275.668,6.006,0,0,1,0,1
PPG,2,22075,884550536,117,163323,188933,189743.281,-810.281,-728.953,0,0,0,0,0.00,nan,1,2,0,99.00,0,1,53,1,1,27,27,0,0,0,884845760,0.04321,-0.00952,0.95313,0.95415,-0.00798,0.00212,-0.00114,0.00834,0.95647,0.00508,0.00878,3,12132,0,1465,0.33077,0.26788,0.80986,100,1,89.754,71,1,3,4295,185610,0,0,0.000,176.329,4.698,0,0.000,275.668,6.006,0,0,1,0,1
PPG,2,22076,884590536,117,163346,188999,189735.844,-736.844,-823.828,0,0,0,0,0.00,nan,1,2,0,99.00,0,1,53,1,1,28,28,0,0,0,884884666,0.04150,-0.01025,0.95752,0.95847,-0.00692,0.00132,0.00019,0.00704,0.96005,0.00460,0.00814,3,12120,0,1465,0.33077,0.26788,0.80986,100,1,89.754,71,1,3,2599,185610,0,0,0.000,176.329,4.698,0,0.000,275.668,6.006,0,0,1,0,1
PPG,2,22077,884630536,116,163228,188871,189727.203,-856.203,-878.344,0,0,0,0,0.00,nan,1,2,0,99.00,0,1,53,1,1,29,29,0,0,0,884926198,0.03979,-0.00854,0.96167,0.96253,-0.00825,0.00212,-0.00034,0.00852,0.96253,0.00516,0.00889,3,12142,0,1465,0.33077,0.26788,0.80986,100,1,89.754,71,1,3,4300,185610,0,0,0.000,176.329,4.698,0,0.000,275.668,6.006,0,0,1,0,1
PPG,2,22078,884670536,118,163104,188744,189717.375,-973.375,-927.344,0,0,0,0,0.00,nan,1,2,0,99.00,0,1,53,1,1,30,30,0,0,0,884965142,0.04321,-0.00610,0.95972,0.96071,-0.00798,0.00238,0.00046,0.00834,0.96071,0.00546,0.00834,3,12126,0,1465,0.33077,0.26788,0.80986,100,1,89.754,71,1,3,2596,185610,0,0,0.000,176.329,4.698,0,0.000,275.668,6.006,0,0,1,0,1
PPG,2,22079,884710536,115,163146,188804,189708.234,-904.234,-977.578,0,0,0,0,0.00,nan,1,2,0,99.00,0,1,53,1,1,31,31,0,0,0,885006648,0.04053,-0.00146,0.96069,0.96155,-0.00798,0.00158,-0.00087,0.00819,0.96474,0.00768,0.00840,3,12118,0,1465,0.33077,0.26788,0.80986,100,1,89.754,71,1,3,4296,185610,0,0,0.000,176.329,4.698,0,0.000,275.668,6.006,0,0,1,0,1
PPG,2,22080,884750536,118,163149,188849,189699.641,-850.641,-1007.734,0,0,0,0,0.00,nan,1,2,0,99.00,0,1,53,1,1,0,0,0,0,0,885045670,0.04297,-0.00928,0.95801,0.95902,-0.00798,0.00238,-0.00007,0.00833,0.95902,0.00375,0.00859,3,12130,0,1465,0.33077,0.26788,0.80986,100,1,89.754,71,1,3,4302,185610,0,0,0.000,176.329,4.698,0,0.000,275.668,6.006,0,0,1,0,1
PPG,2,22081,884790536,116,163209,188920,189691.844,-771.844,-951.266,0,0,0,0,0.00,nan,1,2,0,99.00,0,1,53,1,1,1,1,0,0,0,885084622,0.04297,-0.00806,0.96021,0.96120,-0.00745,0.00158,-0.00007,0.00762,0.96120,0.00474,0.00793,3,12133,0,1465,0.33077,0.26788,0.80986,100,1,89.754,71,1,3,2597,185610,0,0,0.000,176.329,4.698,0,0.000,275.668,6.006,0,0,1,0,1
PPG,2,22082,884830536,118,163241,188893,189683.859,-790.859,-868.469,0,0,0,0,0.00,nan,1,2,0,99.00,0,1,53,1,1,2,2,0,0,0,885126163,0.04370,-0.00342,0.95947,0.96047,-0.00665,0.00238,0.00046,0.00708,0.96938,0.00890,0.00775,3,12166,0,1465,0.33077,0.26788,0.80986,100,1,89.754,71,1,3,4299,185610,0,0,0.000,176.329,4.698,0,0.000,275.668,6.006,0,0,1,0,1
PPG,2,22083,884870536,122,163248,188765,189674.672,-909.672,-806.453,0,0,0,0,0.00,nan,1,2,0,99.00,0,1,53,1,1,3,3,0,0,0,885174425,0.04346,-0.00781,0.95850,0.95951,-0.00825,0.00238,-0.00034,0.00859,0.96126,0.00555,0.00859,3,21434,0,1466,0.33077,0.26788,0.80986,100,1,89.754,71,1,3,14460,185610,0,0,0.000,176.329,4.698,0,0.000,275.668,6.006,0,0,1,0,1
PPG,2,22084,884910536,118,163304,188749,189665.422,-916.422,-723.828,0,0,0,0,0.00,nan,1,2,0,99.00,0,1,53,1,1,4,4,0,0,0,885210841,0.04224,-0.00781,0.95825,0.95921,-0.00718,0.00265,-0.00114,0.00774,0.96130,0.00225,0.00852,3,12139,0,1466,0.33077,0.26788,0.80986,100,1,89.754,71,1,3,2586,185610,0,0,0.000,176.329,4.698,0,0.000,275.668,6.006,0,0,1,0,1
PPG,2,22085,884950536,117,163402,188881,189657.578,-776.578,-608.016,0,0,0,0,0.00,nan,1,2,0,99.00,0,1,53,1,1,5,5,0,0,0,885247177,0.04492,-0.00708,0.95728,0.95835,-0.00745,0.00292,-0.00167,0.00817,0.96693,0.00858,0.00817,3,12122,0,1466,0.33077,0.26788,0.80986,100,1,89.754,71,1,3,4300,185610,0,0,0.000,176.329,4.698,0,0.000,275.668,6.006,0,0,1,0,1
PPG,2,22086,884990536,121,163504,189047,189651.469,-604.469,-484.453,0,0,0,0,0.00,nan,1,2,0,99.00,0,1,53,1,1,6,6,0,0,0,885286107,0.04004,-0.01050,0.95850,0.95939,-0.00745,0.00105,-0.00061,0.00755,0.95952,0.00117,0.00764,3,12123,0,1466,0.33077,0.26788,0.80986,100,1,89.754,71,1,3,4300,185610,0,0,0.000,176.329,4.698,0,0.000,275.668,6.006,0,0,1,0,1
PPG,2,22087,885030536,117,163626,189215,189647.109,-432.109,-352.812,0,0,0,0,0.00,nan,1,2,0,99.00,0,1,53,1,1,7,7,0,0,0,885325050,0.04321,-0.00708,0.95288,0.95389,-0.00718,0.00052,-0.00061,0.00723,0.96619,0.01230,0.00736,3,12154,0,1466,0.33077,0.26788,0.80986,100,1,89.754,71,1,3,2625,185610,0,0,0.000,176.329,4.698,0,0.000,275.668,6.006,0,0,1,0,1
PPG,2,22088,885070536,119,163697,189344,189644.078,-300.078,-222.938,0,0,0,0,0.00,nan,1,2,0,99.00,0,1,53,1,1,8,8,0,0,0,885366645,0.03906,-0.00806,0.96240,0.96323,-0.00718,0.00158,0.00019,0.00736,0.96323,0.01208,0.00819,3,12119,0,1466,0.33077,0.26788,0.80986,100,1,89.754,71,1,3,4296,185610,0,0,0.000,176.329,4.698,0,0.000,275.668,6.006,0,0,1,0,1
PPG,2,22089,885110536,118,163772,189363,189641.266,-278.266,-109.094,0,0,0,0,0.00,nan,1,2,0,99.00,0,1,53,1,1,9,9,0,0,0,885405657,0.04248,-0.00439,0.96069,0.96164,-0.00638,0.00132,-0.00061,0.00655,0.96164,0.01084,0.00716,3,12132,0,1466,0.33077,0.26788,0.80986,100,1,89.754,71,1,3,4301,185610,0,0,0.000,176.329,4.698,0,0.000,275.668,6.006,0,0,1,0,1
PPG,2,22090,885150536,118,163804,189369,189638.547,-269.547,7.438,0,0,0,0,0.00,nan,1,2,0,99.00,0,1,53,1,1,10,10,0,0,0,885444658,0.03906,-0.00781,0.95996,0.96079,-0.00798,0.00238,-0.00061,0.00835,0.96079,0.00447,0.00835,3,12120,0,1466,0.33077,0.26788,0.80986,100,1,89.754,71,1,3,2595,185610,0,0,0.000,176.329,4.698,0,0.000,275.668,6.006,0,0,1,0,1
PPG,2,22091,885190536,119,163890,189483,189636.984,-153.984,132.734,0,0,0,0,0.00,nan,1,2,0,99.00,0,1,53,1,1,11,11,0,0,0,885486194,0.04443,-0.00415,0.95630,0.95734,-0.00745,0.00212,-0.00034,0.00775,0.95862,0.00724,0.00885,3,12124,0,1466,0.33077,0.26788,0.80986,100,1,89.754,71,1,3,4301,185610,0,0,0.000,176.329,4.698,0,0.000,275.668,6.006,0,0,1,0,1
PPG,2,22092,885230536,118,163988,189648,189637.094,10.906,258.062,0,0,0,0,0.00,nan,1,2,0,99.00,0,1,53,1,1,12,12,0,0,0,885525154,0.04541,-0.00732,0.95435,0.95545,-0.00612,0.00105,-0.00141,0.00636,0.96324,0.00815,0.00825,3,12130,0,1466,0.33077,0.26788,0.80986,100,1,89.754,71,1,3,2594,185610,0,0,0.000,176.329,4.698,0,0.000,275.668,6.006,0,0,1,0,1
PPG,2,22093,885270536,119,164069,189780,189638.516,141.484,365.125,0,0,0,0,0.00,nan,1,2,0,99.00,0,1,53,1,1,13,13,0,0,0,885567003,0.04492,-0.00806,0.95654,0.95763,-0.00798,0.00158,-0.00087,0.00819,0.95769,0.00626,0.00823,3,12152,0,1466,0.33077,0.26788,0.80986,100,1,89.754,71,1,3,4294,185610,0,0,0.000,176.329,4.698,0,0.000,275.668,6.006,0,0,1,0,1
PPG,2,22094,885310536,499,164151,189868,189640.812,227.188,424.469,0,0,0,0,0.00,nan,1,2,0,99.00,0,1,53,1,1,14,14,0,0,0,885605982,0.04102,-0.00952,0.95337,0.95430,-0.00745,0.00105,-0.00034,0.00753,0.96104,0.00674,0.00759,3,12118,0,1466,0.38058,0.39047,1.02600,-999,0,84.350,214,1,3,4299,185610,0,0,0.000,176.329,4.698,0,0.000,275.668,6.006,0,0,1,0,1
PPG,2,22095,885350536,169,164183,189918,189643.578,274.422,457.219,0,0,0,0,0.00,nan,1,2,0,99.00,0,1,53,1,1,15,15,0,0,0,885645490,0.04102,-0.00391,0.96191,0.96280,-0.00772,0.00212,-0.00034,0.00801,0.96280,0.00681,0.00812,3,12202,0,1466,0.38058,0.39047,1.02600,-999,0,84.350,214,1,3,2600,185610,0,0,0.000,176.329,4.698,0,0.000,275.668,6.006,0,0,1,0,1
PPG,2,22096,885390536,185,164230,189991,189647.047,343.953,497.328,0,0,0,0,0.00,nan,1,2,0,99.00,0,1,53,1,1,16,16,0,0,0,885687066,0.04297,-0.00659,0.95776,0.95875,-0.00718,0.00238,-0.00061,0.00759,0.96114,0.00446,0.00808,3,12112,0,1466,0.38058,0.39047,1.02600,-999,0,84.350,214,1,3,4299,185610,0,0,0.000,176.329,4.698,0,0.000,275.668,6.006,0,0,1,0,1
PPG,2,22097,885430536,115,164299,190060,189651.172,408.828,536.594,0,0,0,0,0.00,nan,1,2,0,99.00,0,1,53,1,1,17,17,0,0,0,885726278,0.04468,-0.00537,0.96094,0.96199,-0.00852,0.00185,-0.00034,0.00872,0.96199,0.00334,0.00872,3,12142,0,1466,0.38058,0.39047,1.02600,-999,0,84.350,214,1,3,4306,185610,0,0,0.000,176.329,4.698,0,0.000,275.668,6.006,0,0,1,0,1
PPG,2,22098,885470536,116,164329,190122,189655.875,466.125,558.969,0,0,0,0,0.00,nan,1,2,0,99.00,0,1,53,1,1,18,18,0,0,0,885765626,0.04688,-0.00610,0.95972,0.96088,-0.00798,0.00105,0.00019,0.00805,0.96088,0.00313,0.00885,3,12252,0,1466,0.38058,0.39047,1.02600,-999,0,84.350,214,1,3,4340,185610,0,0,0.000,176.329,4.698,0,0.000,275.668,6.006,0,0,1,0,1
PPG,2,22099,885510536,125,164377,190174,189661.062,512.938,565.625,0,0,0,0,0.00,nan,1,2,0,99.00,0,1,53,1,1,19,19,0,0,0,885805004,0.04370,-0.00806,0.96021,0.96123,-0.00798,0.00265,-0.00087,0.00846,0.96123,0.00896,0.00905,3,12294,0,1466,0.38058,0.39047,1.02600,-999,0,84.350,214,1,3,2624,185610,0,0,0.000,176.329,4.698,0,0.000,275.668,6.006,0,0,1,0,1
PPG,2,22100,885550536,132,164373,190188,189666.328,521.672,556.953,0,0,0,0,0.00,nan,1,2,0,99.00,0,1,53,1,1,20,20,0,0,0,885847014,0.04175,-0.00586,0.95972,0.96064,-0.00718,0.00132,0.00019,0.00731,0.96064,0.00244,0.00869,3,12294,0,1466,0.38058,0.39047,1.02600,-999,0,84.350,214,1,3,4331,185610,0,0,0.000,176.329,4.698,0,0.000,275.668,6.006,0,0,1,0,1
PPG,2,22101,885590536,126,164351,190179,189671.453,507.547,538.438,0,0,0,0,0.00,nan,1,2,0,99.00,0,1,53,1,1,21,21,0,0,0,885886272,0.04102,-0.00806,0.95679,0.95770,-0.00798,0.00212,-0.00087,0.00830,0.96359,0.00923,0.00866,3,12270,0,1466,0.38058,0.39047,1.02600,-999,0,84.350,214,1,3,4340,185610,0,0,0.000,176.329,4.698,0,0.000,275.668,6.006,0,0,1,0,1
PPG,2,22102,885630536,118,164330,190154,189676.281,477.719,509.094,0,0,0,0,0.00,nan,1,2,0,99.00,0,1,53,1,1,22,22,0,0,0,885925575,0.04224,-0.00244,0.95068,0.95162,-0.00772,0.00185,-0.00114,0.00802,0.96166,0.01003,0.00822,3,12178,0,1466,0.38058,0.39047,1.02600,-999,0,84.350,214,1,3,2629,185610,0,0,0.000,176.329,4.698,0,0.000,275.668,6.006,0,0,1,0,1
PPG,2,22103,885670536,119,164243,189898,189678.500,219.500,439.172,0,0,0,0,0.00,nan,1,2,0,99.00,0,1,53,1,1,23,23,0,0,0,885967554,0.04419,-0.00708,0.95874,0.95978,-0.00745,0.00292,-0.00061,0.00802,0.96063,0.00613,0.00867,3,12264,0,1466,0.38058,0.39047,1.02600,-999,0,84.350,214,1,3,4332,185610,0,0,0.000,176.329,4.698,0,0.000,275.668,6.006,0,0,1,0,1
PPG,2,22104,885710536,116,164176,189645,189678.172,-33.172,335.078,0,0,0,0,0.00,nan,1,2,0,99.00,0,1,53,1,1,24,24,0,0,0,886006764,0.04565,-0.01367,0.95557,0.95675,-0.00931,0.00265,0.00019,0.00969,0.96511,0.00835,0.00969,3,12222,0,1466,0.38058,0.39047,1.02600,-999,0,84.350,214,1,3,4313,185610,0,0,0.000,176.329,4.698,0,0.000,275.668,6.006,0,0,1,0,1
PPG,2,22105,885750536,120,164180,189593,189677.312,-84.312,223.906,0,0,0,0,0.00,nan,1,2,0,99.00,0,1,53,1,1,25,25,0,0,0,886046131,0.04395,-0.00806,0.95947,0.96051,-0.00692,0.00158,-0.00061,0.00712,0.96051,0.00370,0.00904,3,12316,0,1466,0.38058,0.39047,1.02600,-999,0,84.350,214,1,3,4335,185610,0,0,0.000,176.329,4.698,0,0.000,275.668,6.006,0,0,1,0,1
PPG,2,22106,885790536,118,164199,189652,189677.062,-25.062,119.078,0,0,0,0,0.00,nan,1,2,0,99.00,0,1,53,1,1,26,26,0,0,0,886085504,0.03906,-0.00513,0.95923,0.96004,-0.00772,0.00132,-0.00007,0.00783,0.96577,0.00526,0.00802,3,12203,0,1466,0.38058,0.39047,1.02600,-999,0,84.350,214,1,3,2615,185610,0,0,1439.641,176.329,4.698,1,0.000,275.668,6.006,0,0,1,0,1
PPG,2,22107,885830536,143,164222,189733,189677.625,55.375,28.188,1,0,1,1460,41.10,41.10,2,1,0,99.00,0,1,53,1,1,27,27,0,0,0,886127446,0.03955,-0.00830,0.96069,0.96154,-0.00825,0.00185,-0.00087,0.00850,0.96154,0.00570,0.00858,3,12247,0,1466,0.38058,0.39047,1.02600,-999,0,84.350,214,1,3,4333,185610,0,0,0.000,176.329,4.698,0,1573.359,275.668,6.006,1,1,1,0,2
PPG,2,22108,885870536,128,164295,189840,189679.250,160.750,-45.047,0,0,0,0,41.10,41.10,2,1,0,99.00,0,1,53,1,1,28,28,0,0,0,886176262,0.04126,-0.01196,0.95947,0.96043,-0.00852,0.00158,0.00019,0.00866,0.96193,0.00349,0.00866,3,21609,0,1467,0.38058,0.39047,1.02600,-999,0,84.350,214,1,3,14573,185610,0,0,0.000,180.957,5.320,0,0.000,277.226,6.147,0,0,1,0,2
PPG,2,22109,885910536,129,164349,189903,189681.484,221.516,-107.906,0,0,0,0,41.10,41.10,2,1,0,99.00,0,1,53,1,1,29,29,0,0,0,886200755,0.04346,-0.00732,0.96387,0.96487,-0.00798,0.00238,-0.00061,0.00835,0.96487,0.00597,0.00867,2,12280,0,1467,0.38058,0.39047,1.02600,-999,0,84.350,214,1,3,2610,185610,0,0,0.000,180.957,5.320,0,0.000,277.226,6.147,0,0,1,0,2
PPG,2,22110,885950536,129,164364,189899,189683.656,215.344,-134.266,0,0,0,0,41.10,41.10,2,1,0,99.00,0,1,53,1,1,30,30,0,0,0,886245311,0.04395,-0.00928,0.95996,0.96101,-0.00718,0.00265,-0.00007,0.00766,0.96358,0.00282,0.00876,3,12245,0,1467,0.38058,0.39047,1.02600,-999,0,84.350,214,1,3,2639,185610,0,0,0.000,180.957,5.320,0,0.000,277.226,6.147,0,0,1,0,2
PPG,2,22111,885990536,120,164424,189934,189686.156,247.844,-115.531,0,0,0,0,41.10,41.10,2,1,0,99.00,0,1,53,1,1,31,31,0,0,0,886287243,0.04541,-0.00635,0.95654,0.95764,-0.00852,0.00158,0.00046,0.00867,0.95764,0.00443,0.00869,3,12229,0,1467,0.38058,0.39047,1.02600,-999,0,84.350,214,1,3,4326,185610,0,0,0.000,180.957,5.320,0,0.000,277.226,6.147,0,0,1,0,2
PPG,2,22112,886030536,121,164467,190014,189689.438,324.562,-73.672,0,0,0,0,41.10,41.10,2,1,0,99.00,0,1,53,1,1,0,0,0,0,0,886326462,0.04199,-0.00781,0.96606,0.96701,-0.00798,0.00158,0.00019,0.00814,0.96701,0.01665,0.00865,3,12217,0,1467,0.38058,0.39047,1.02600,-999,0,84.350,214,1,3,4332,185610,0,0,0.000,180.957,5.320,0,0.000,277.226,6.147,0,0,1,0,2
PPG,2,22113,886070536,118,164523,190115,189693.688,421.312,-24.281,0,0,0,0,41.10,41.10,2,1,0,99.00,0,1,53,1,1,1,1,0,0,0,886365782,0.04321,-0.01001,0.95947,0.96050,-0.00905,0.00158,-0.00087,0.00923,0.96050,0.00949,0.00923,3,12167,0,1467,0.38058,0.39047,1.02600,-999,0,84.350,214,1,3,2612,185610,0,0,0.000,180.957,5.320,0,0.000,277.226,6.147,0,0,1,0,2
PPG,2,22114,886110536,120,164565,190218,189698.938,519.062,27.500,0,0,0,0,41.10,41.10,2,1,0,99.00,0,1,53,1,1,2,2,0,0,0,886407495,0.04468,-0.00171,0.95874,0.95978,-0.00745,0.00292,-0.00087,0.00805,0.95978,0.00156,0.00805,3,12183,0,1467,0.38058,0.39047,1.02600,-999,0,84.350,214,1,3,4370,185610,0,0,0.000,180.957,5.320,0,0.000,277.226,6.147,0,0,1,0,2
PPG,2,22115,886150536,119,164625,190295,189704.891,590.109,73.656,0,0,0,0,41.10,41.10,2,1,0,99.00,0,1,53,1,1,3,3,0,0,0,886446647,0.04175,-0.00635,0.95850,0.95943,-0.00692,0.00238,-0.00114,0.00740,0.95944,0.00089,0.00838,3,12153,0,1467,0.38058,0.39047,1.02600,-999,0,84.350,214,1,3,4310,185610,0,0,0.000,180.957,5.320,0,0.000,277.226,6.147,0,0,1,0,2
PPG,2,22116,886190536,119,164669,190348,189711.328,636.672,119.375,0,0,0,0,41.10,41.10,2,1,0,99.00,0,1,53,1,1,4,4,0,0,0,886485624,0.04272,-0.00439,0.95825,0.95921,-0.00798,0.00238,-0.00034,0.00834,0.96410,0.00467,0.00834,3,12125,0,1467,0.38058,0.39047,1.02600,-999,0,84.350,214,1,3,2607,185610,0,0,0.000,180.957,5.320,0,0.000,277.226,6.147,0,0,1,0,2
PPG,2,22117,886230536,117,164699,190409,189718.312,690.688,174.766,0,0,0,0,41.10,41.10,2,1,0,99.00,0,1,53,1,1,5,5,0,0,0,886527251,0.04736,-0.00537,0.96094,0.96212,-0.00692,0.00105,0.00153,0.00716,0.96212,0.01140,0.00822,3,12140,0,1467,0.38058,0.39047,1.02600,-999,0,84.350,214,1,3,4295,185610,0,0,0.000,180.957,5.320,0,0.000,277.226,6.147,0,0,1,0,2
PPG,2,22118,886270536,121,164685,190424,189725.375,698.625,229.672,0,0,0,0,41.10,41.10,2,1,0,99.00,0,1,53,1,1,6,6,0,0,0,886566350,0.04443,-0.00903,0.95728,0.95835,-0.00825,0.00238,0.00046,0.00860,0.96305,0.00666,0.00860,3,12163,0,1467,0.38058,0.39047,1.02600,-999,0,84.350,214,1,3,4306,185610,0,0,0.000,180.957,5.320,0,0.000,277.226,6.147,0,0,1,0,2
PPG,2,22119,886310536,502,164686,190428,189732.406,695.594,276.125,0,0,0,0,41.10,41.10,2,1,0,nan,4,1,53,1,1,7,7,0,0,0,886605298,0.04492,-0.00586,0.96094,0.96200,-0.00772,0.00158,0.00099,0.00794,0.96200,0.00872,0.00821,3,12119,0,1467,0.34963,0.37396,1.06961,94,1,83.260,115,1,3,2596,185610,0,0,0.000,180.957,5.320,0,0.000,277.226,6.147,0,0,1,0,2
PPG,2,22120,886350536,239,164672,190442,189739.500,702.500,310.125,0,0,0,0,41.10,41.10,2,1,0,nan,4,1,53,1,1,8,8,0,0,0,886647275,0.04053,-0.00781,0.95679,0.95768,-0.00825,0.00132,-0.00061,0.00838,0.95768,0.00770,0.00838,3,12140,0,1467,0.34963,0.37396,1.06961,94,1,83.260,115,1,3,4302,185610,0,0,0.000,180.957,5.320,0,0.000,277.226,6.147,0,0,1,0,2
PPG,2,22121,886390536,129,164649,190425,189746.359,678.641,327.406,0,0,0,0,41.10,41.10,2,1,0,nan,4,1,53,1,1,9,9,0,0,0,886686495,0.04321,-0.01123,0.95166,0.95271,-0.00825,0.00238,0.00046,0.00860,0.95987,0.00717,0.00900,3,12116,0,1467,0.34963,0.37396,1.06961,94,1,83.260,115,1,3,4294,185610,0,0,0.000,180.957,5.320,0,0.000,277.226,6.147,0,0,1,0,2
PPG,2,22122,886430536,122,164685,190514,189754.031,759.969,340.688,0,0,0,0,41.10,41.10,2,1,0,nan,4,1,53,1,1,10,10,0,0,0,886725427,0.03882,-0.00952,0.96094,0.96177,-0.00718,0.00212,-0.00087,0.00754,0.96177,0.00829,0.00825,3,12119,0,1467,0.34963,0.37396,1.06961,94,1,83.260,115,1,3,2598,185610,0,0,0.000,180.957,5.320,0,0.000,277.226,6.147,0,0,1,0,2
PPG,2,22123,886470536,134,164661,190394,189760.438,633.562,322.469,0,0,0,0,41.10,41.10,2,1,0,nan,4,1,53,1,1,11,11,0,0,0,886767067,0.04321,-0.00293,0.95728,0.95825,-0.00798,0.00079,-0.00007,0.00802,0.95825,0.00489,0.00803,3,12179,0,1467,0.34963,0.37396,1.06961,94,1,83.260,115,1,3,4298,185610,0,0,0.000,180.957,5.320,0,0.000,277.226,6.147,0,0,1,0,2
PPG,2,22124,886510536,124,164551,190089,189763.719,325.281,254.547,0,0,0,0,41.10,41.10,2,1,0,nan,4,1,53,1,1,12,12,0,0,0,886806105,0.04126,-0.00708,0.95361,0.95453,-0.00852,0.00158,-0.00007,0.00866,0.96427,0.00733,0.00866,3,12124,0,1467,0.34963,0.37396,1.06961,94,1,83.260,115,1,3,4296,185610,0,0,0.000,180.957,5.320,0,0.000,277.226,6.147,0,0,1,0,2
PPG,2,22125,886550536,119,164484,189897,189765.047,131.953,164.062,0,0,0,0,41.10,41.10,2,1,0,nan,4,1,53,1,1,13,13,0,0,0,886845015,0.04126,-0.00659,0.95923,0.96014,-0.00825,0.00212,-0.00167,0.00868,0.96014,0.00678,0.00868,3,12109,0,1467,0.34963,0.37396,1.06961,94,1,83.260,115,1,3,2597,185610,0,0,0.000,180.957,5.320,0,0.000,277.226,6.147,0,0,1,0,2
PPG,2,22126,886590536,121,164484,189898,189766.375,131.625,76.047,0,0,0,0,41.10,41.10,2,1,0,nan,4,1,53,1,1,14,14,0,0,0,886886632,0.04370,-0.00903,0.95410,0.95514,-0.00745,0.00185,-0.00167,0.00786,0.95514,0.00662,0.00949,3,12123,0,1467,0.34963,0.37396,1.06961,94,1,83.260,115,1,3,4295,185610,0,0,0.000,180.957,5.320,0,0.000,277.226,6.147,0,0,1,0,2
PPG,2,22127,886630536,119,164504,189976,189768.469,207.531,-2.672,0,0,0,0,41.10,41.10,2,1,0,nan,4,1,53,1,1,15,15,0,0,0,886925561,0.04175,-0.00977,0.95581,0.95677,-0.00825,0.00212,-0.00141,0.00863,0.95781,0.00175,0.00863,3,12110,0,1467,0.34963,0.37396,1.06961,94,1,83.260,115,1,3,2602,185610,0,0,0.000,180.957,5.320,0,0.000,277.226,6.147,0,0,1,0,2
PPG,2,22128,886670536,192,164548,190062,189771.406,290.594,-65.625,0,0,0,0,41.10,41.10,2,1,0,nan,4,1,53,1,1,16,16,0,0,0,886967120,0.04175,-0.00732,0.96045,0.96138,-0.00745,0.00212,-0.00114,0.00783,0.96138,0.00455,0.00848,3,12160,0,1467,0.34963,0.37396,1.06961,94,1,83.260,115,1,3,4349,185610,0,0,195.984,180.957,5.320,1,0.000,277.226,6.147,0,0,1,0,2
PPG,2,22129,886710536,119,164556,190084,189774.531,309.469,-136.109,0,0,0,0,41.10,41.10,2,1,0,nan,4,1,53,1,1,17,17,0,0,0,887006515,0.03760,-0.00586,0.95801,0.95876,-0.00931,0.00132,-0.00087,0.00945,0.96247,0.00626,0.00945,3,12107,0,1467,0.34963,0.37396,1.06961,94,1,83.260,115,1,3,4294,185610,0,0,0.000,180.957,5.320,0,0.000,277.226,6.147,0,0,1,0,2
PPG,2,22130,886750536,148,164510,190008,189776.859,231.141,-196.703,1,0,1,900,41.10,41.10,2,1,0,nan,4,1,53,1,1,18,18,0,0,0,887045493,0.04468,-0.01050,0.96094,0.96203,-0.00692,0.00158,-0.00061,0.00712,0.96203,0.00536,0.00913,3,12111,0,1467,0.34963,0.37396,1.06961,94,1,83.260,115,1,3,2601,185610,0,0,0.000,180.957,5.320,0,474.953,277.226,6.147,1,1,1,0,3
PPG,2,22131,886790536,126,164477,189930,189778.391,151.609,-219.219,0,0,0,0,41.10,41.10,2,1,0,nan,4,1,53,1,1,19,19,0,0,0,887087144,0.04248,-0.00757,0.95825,0.95922,-0.00798,0.00212,-0.00007,0.00826,0.96317,0.00250,0.00826,3,12127,0,1467,0.34963,0.37396,1.06961,94,1,83.260,115,1,3,4297,185610,0,0,0.000,177.234,4.820,0,0.000,271.724,5.648,0,0,1,0,3
PPG,2,22132,886830536,123,164458,189933,189779.938,153.062,-210.031,0,0,0,0,41.10,41.10,2,1,0,nan,4,1,53,1,1,20,20,0,0,0,887126053,0.04199,-0.01025,0.95728,0.95825,-0.00905,0.00238,-0.00087,0.00940,0.96648,0.00966,0.00940,3,12113,0,1467,0.34963,0.37396,1.06961,94,1,83.260,115,1,3,2601,185610,0,0,0.000,177.234,4.820,0,0.000,271.724,5.648,0,0,1,0,3
PPG,2,22133,886870536,130,164496,189998,189782.125,215.875,-189.875,0,0,0,0,41.10,41.10,2,1,0,nan,4,1,53,1,1,21,21,0,0,0,887177164,0.04517,-0.00830,0.95850,0.95960,-0.00798,0.00185,-0.00007,0.00819,0.95960,0.00079,0.00914,3,21626,0,1468,0.34963,0.37396,1.06961,94,1,83.260,115,1,3,14663,185610,0,0,0.000,177.234,4.820,0,0.000,271.724,5.648,0,0,1,0,3
PPG,2,22134,886910536,136,164594,190158,189785.891,372.109,-160.875,0,0,0,0,41.10,41.10,2,1,0,nan,4,1,53,1,1,22,23,1,0,0,887247301,0.04395,-0.00732,0.95825,0.95929,-0.00772,0.00452,-0.00034,0.00895,0.95929,0.00031,0.00895,1,70137,0,1474,0.34963,0.37396,1.06961,94,1,83.260,115,1,3,69989,185610,0,0,0.000,177.234,4.820,0,0.000,271.724,5.648,0,0,1,0,3
PPG,2,22135,886950536,186,164706,190312,189791.156,520.844,-126.031,0,0,0,0,41.10,41.10,2,1,0,nan,4,1,53,1,1,23,23,0,0,0,887259470,0.04028,-0.00586,0.95898,0.95985,-0.00772,0.00318,-0.00007,0.00835,0.95985,0.00056,0.00835,1,12169,0,1474,0.34963,0.37396,1.06961,94,1,83.260,115,1,3,12177,185610,0,0,0.000,177.234,4.820,0,0.000,271.724,5.648,0,0,1,0,3
PPG,2,22136,886990536,127,164776,190419,189797.438,621.562,-81.719,0,0,0,0,41.10,41.10,2,1,0,nan,4,1,53,1,1,24,24,0,0,0,887284216,0.04272,-0.00537,0.95801,0.95898,-0.00745,0.00265,-0.00114,0.00799,0.95898,0.00091,0.00817,2,12287,0,1474,0.34963,0.37396,1.06961,94,1,83.260,115,1,3,2631,185610,0,0,0.000,177.234,4.820,0,0.000,271.724,5.648,0,0,1,0,3
PPG,2,22137,887030536,123,164876,190518,189804.641,713.359,-14.312,0,0,0,0,41.10,41.10,2,1,0,nan,4,1,53,1,1,25,25,0,0,0,887326220,0.04077,-0.00732,0.95752,0.95842,-0.00878,0.00212,-0.00087,0.00908,0.96036,0.00139,0.00908,3,12251,0,1474,0.34963,0.37396,1.06961,94,1,83.260,115,1,3,4336,185610,0,0,0.000,177.234,4.820,0,0.000,271.724,5.648,0,0,1,0,3
PPG,2,22138,887070536,126,164961,190626,189812.859,813.141,75.031,0,0,0,0,41.10,41.10,2,1,0,nan,4,1,53,1,1,26,26,0,0,0,887365557,0.04175,-0.00684,0.96265,0.96358,-0.00798,0.00238,-0.00114,0.00841,0.96358,0.00411,0.00900,3,12265,0,1474,0.34963,0.37396,1.06961,94,1,83.260,115,1,3,2625,185610,0,0,0.000,177.234,4.820,0,0.000,271.724,5.648,0,0,1,0,3
PPG,2,22139,887110536,130,165042,190734,189822.078,911.922,174.156,0,0,0,0,41.10,41.10,2,1,0,nan,4,1,53,1,1,27,27,0,0,0,887407532,0.04224,-0.00732,0.96436,0.96531,-0.00745,0.00185,-0.00087,0.00773,0.96531,0.00356,0.00814,3,12264,0,1474,0.34963,0.37396,1.06961,94,1,83.260,115,1,3,4333,185610,0,0,0.000,177.234,4.820,0,0.000,271.724,5.648,0,0,1,0,3
PPG,2,22140,887150536,127,165213,190968,189833.531,1134.469,286.422,0,0,0,0,41.10,41.10,2,1,0,nan,4,1,53,1,1,28,28,0,0,0,887446837,0.04346,-0.00610,0.95752,0.95852,-0.00745,0.00079,-0.00034,0.00750,0.95869,0.00662,0.00776,3,12232,0,1474,0.34963,0.37396,1.06961,94,1,83.260,115,1,3,4352,185610,0,0,0.000,177.234,4.820,0,0.000,271.724,5.648,0,0,1,0,3
PPG,2,22141,887190536,122,165386,191188,189847.078,1340.922,395.422,0,0,0,0,41.10,41.10,2,1,0,nan,4,1,53,1,1,29,29,0,0,0,887486176,0.04077,-0.00806,0.96118,0.96208,-0.00718,0.00238,-0.00167,0.00775,0.96208,0.00446,0.00814,3,12296,0,1474,0.34963,0.37396,1.06961,94,1,83.260,115,1,3,2641,185610,0,0,0.000,177.234,4.820,0,0.000,271.724,5.648,0,0,1,0,3
PPG,2,22142,887230536,136,165493,191351,189862.125,1488.875,501.984,0,0,0,0,41.10,41.10,2,1,0,nan,4,1,53,1,1,30,30,0,0,0,887528079,0.04492,-0.00879,0.95313,0.95422,-0.00745,0.00238,-0.00114,0.00790,0.95998,0.00546,0.00790,3,12268,0,1474,0.34963,0.37396,1.06961,94,1,83.260,115,1,3,4322,185610,0,0,0.000,177.234,4.820,0,0.000,271.724,5.648,0,0,1,0,3
PPG,2,22143,887270536,124,165552,191401,189877.516,1523.484,591.922,0,0,0,0,41.10,41.10,2,1,0,nan,4,1,53,1,1,31,31,0,0,0,887567356,0.04590,-0.01001,0.95947,0.96062,-0.00665,0.00185,-0.00007,0.00690,0.96138,0.00776,0.00862,3,12248,0,1474,0.34963,0.37396,1.06961,94,1,83.260,115,1,3,4348,185610,0,0,0.000,177.234,4.820,0,0.000,271.724,5.648,0,0,1,0,3
PPG,2,22144,887310536,519,165485,191196,189890.703,1305.297,633.438,0,0,0,0,41.10,41.10,2,1,0,nan,4,1,53,1,1,0,0,0,0,0,887606683,0.04175,-0.00732,0.95728,0.95821,-0.00852,0.00212,-0.00167,0.00893,0.96290,0.00439,0.00893,3,12217,0,1474,0.34186,0.36010,1.05336,94,1,83.666,115,1,3,4314,185610,0,0,0.000,177.234,4.820,0,0.000,271.724,5.648,0,0,1,0,3
PPG,2,22145,887350536,183,165402,190912,189900.922,1011.078,623.547,0,0,0,0,41.10,41.10,2,1,0,nan,4,1,53,1,1,1,1,0,0,0,887646426,0.04077,-0.00854,0.96094,0.96184,-0.00852,0.00185,-0.00061,0.00874,0.96184,0.00723,0.00874,3,12252,0,1474,0.34186,0.36010,1.05336,94,1,83.666,115,1,3,4337,185610,0,0,0.000,177.234,4.820,0,0.000,271.724,5.648,0,0,1,0,3
PPG,2,22146,887390536,123,165410,190852,189910.438,941.562,592.703,0,0,0,0,41.10,41.10,2,1,0,nan,4,1,53,1,1,2,2,0,0,0,887685827,0.04346,-0.00659,0.95923,0.96023,-0.00905,0.00158,-0.00007,0.00919,0.96592,0.00532,0.00919,3,12284,0,1474,0.34186,0.36010,1.05336,94,1,83.666,115,1,3,2627,185610,0,0,0.000,177.234,4.820,0,0.000,271.724,5.648,0,0,1,0,3
PPG,2,22147,887430536,134,165495,190990,189921.234,1068.766,545.141,0,0,0,0,41.10,41.10,2,1,0,nan,4,1,53,1,1,3,3,0,0,0,887727787,0.04395,-0.00928,0.95459,0.95565,-0.00692,0.00265,-0.00087,0.00746,0.95670,0.00449,0.00892,3,12237,0,1474,0.34186,0.36010,1.05336,94,1,83.666,115,1,3,4338,185610,0,0,0.000,177.234,4.820,0,0.000,271.724,5.648,0,0,1,0,3
PPG,2,22148,887470536,133,165536,191080,189932.828,1147.172,478.812,0,0,0,0,41.10,41.10,2,1,0,nan,4,1,53,1,1,4,4,0,0,0,887767078,0.03979,-0.00586,0.95410,0.95495,-0.00745,0.00025,-0.00247,0.00785,0.96861,0.01296,0.00869,3,12261,0,1474,0.34186,0.36010,1.05336,94,1,83.666,115,1,3,4341,185610,0,0,0.000,177.234,4.820,0,0.000,271.724,5.648,0,0,1,0,3
PPG,2,22149,887510536,125,165611,191207,189945.562,1261.438,402.094,0,0,0,0,41.10,41.10,2,1,0,nan,4,1,53,1,1,5,5,0,0,0,887806464,0.04517,-0.00854,0.96094,0.96204,-0.00772,0.00185,-0.00034,0.00794,0.96204,0.00325,0.00820,3,12219,0,1474,0.34186,0.36010,1.05336,94,1,83.666,115,1,3,4328,185610,0,0,0.000,177.234,4.820,0,0.000,271.724,5.648,0,0,1,0,3
PPG,2,22150,887550536,123,165611,191205,189958.156,1246.844,314.234,0,0,0,0,41.10,41.10,2,1,0,nan,4,1,53,1,1,6,6,0,0,0,887845820,0.04565,-0.01025,0.95776,0.95891,-0.00852,0.00079,-0.00141,0.00867,0.95939,0.00265,0.00867,3,12247,0,1474,0.34186,0.36010,1.05336,94,1,83.666,115,1,3,2628,185610,0,0,0.000,177.234,4.820,0,0.000,271.724,5.648,0,0,1,0,3
PPG,2,22151,887590536,122,165579,191155,189970.125,1184.875,247.125,0,0,0,0,41.10,41.10,2,1,0,nan,4,1,53,1,1,7,7,0,0,0,887887645,0.04517,-0.00635,0.95801,0.95909,-0.00852,0.00238,-0.00087,0.00889,0.95909,0.00294,0.00889,3,12134,0,1474,0.34186,0.36010,1.05336,94,1,83.666,115,1,3,4330,185610,0,0,0.000,177.234,4.820,0,0.000,271.724,5.648,0,0,1,0,3
PPG,2,22152,887630536,123,165615,191193,189982.359,1210.641,224.266,1,0,0,0,41.10,41.10,2,1,0,nan,4,1,53,1,1,8,8,0,0,0,887926753,0.03857,-0.00952,0.96338,0.96420,-0.00798,0.00372,-0.00007,0.00881,0.96420,0.00531,0.00947,3,12145,0,1474,0.34186,0.36010,1.05336,94,1,83.666,115,1,3,4298,185610,0,0,0.000,177.234,4.820,0,852.656,271.724,5.648,1,0,1,0,3
PPG,2,22153,887670536,121,165697,191325,189995.781,1329.219,225.500,0,0,0,0,41.10,41.10,2,1,0,nan,4,1,53,1,1,9,9,0,0,0,887965739,0.04077,-0.00610,0.96045,0.96133,-0.00852,0.00238,-0.00061,0.00886,0.96251,0.00737,0.00910,3,12115,0,1474,0.34186,0.36010,1.05336,94,1,83.666,115,1,3,2601,185610,0,0,0.000,177.234,4.820,0,0.000,271.724,5.648,0,0,1,0,3
PPG,2,22154,887710536,155,165761,191424,190010.062,1413.938,224.203,0,0,1,960,62.50,62.50,2,1,0,nan,4,1,53,1,1,10,10,0,0,0,888007364,0.04321,-0.00830,0.96094,0.96194,-0.00798,0.00185,-0.00114,0.00827,0.96452,0.00937,0.00866,3,12153,0,1474,0.34186,0.36010,1.05336,94,1,83.666,115,1,3,4305,185610,0,0,577.156,177.234,4.820,1,0.000,250.901,6.271,0,1,1,0,4
PPG,2,22155,887750536,144,165760,191462,190024.578,1437.422,221.281,0,0,0,0,62.50,62.50,2,1,0,nan,4,1,53,1,1,11,11,0,0,0,888046494,0.04297,-0.00659,0.96143,0.96241,-0.00798,0.00105,0.00019,0.00805,0.96241,0.00658,0.00816,3,12123,0,1474,0.34186,0.36010,1.05336,94,1,83.666,115,1,3,2601,185610,0,0,0.000,176.358,4.702,0,0.000,248.447,6.024,0,0,1,0,4
PPG,2,22156,887790536,128,165749,191482,190039.156,1442.844,207.406,0,0,0,0,62.50,62.50,2,1,0,nan,4,1,53,1,1,12,12,0,0,0,888088049,0.04492,-0.00659,0.96045,0.96152,-0.00692,0.00265,0.00019,0.00741,0.96152,0.00868,0.00741,3,12113,0,1474,0.34186,0.36010,1.05336,94,1,83.666,115,1,3,4299,185610,0,0,0.000,176.358,4.702,0,0.000,248.447,6.024,0,0,1,0,4
PPG,2,22157,887830536,123,165775,191512,190053.891,1458.109,201.562,0,0,0,0,62.50,62.50,2,1,0,nan,4,1,53,1,1,13,13,0,0,0,888127027,0.04272,-0.00635,0.95654,0.95752,-0.00825,0.00212,0.00019,0.00852,0.96234,0.00621,0.00852,3,12129,0,1474,0.34186,0.36010,1.05336,94,1,83.666,115,1,3,4301,185610,0,0,0.000,176.358,4.702,0,0.000,248.447,6.024,0,0,1,0,4
PPG,2,22158,887870536,132,165806,191548,190068.828,1479.172,211.609,0,0,0,0,62.50,62.50,2,1,0,nan,4,1,53,1,1,14,14,0,0,0,888177933,0.04199,-0.00610,0.95630,0.95724,-0.00745,0.00265,-0.00114,0.00799,0.96193,0.01130,0.00882,3,24049,0,1475,0.34186,0.36010,1.05336,94,1,83.666,115,1,3,14482,185610,0,0,0.000,176.358,4.702,0,0.000,248.447,6.024,0,0,1,0,4
PPG,2,22159,887910536,126,165829,191611,190084.250,1526.750,227.484,0,0,0,0,62.50,62.50,2,1,0,nan,4,1,53,1,1,15,15,0,0,0,888202295,0.04150,-0.00879,0.96460,0.96553,-0.00745,0.00238,-0.00034,0.00783,0.96553,0.00622,0.00834,2,12201,0,1475,0.34186,0.36010,1.05336,94,1,83.666,115,1,3,2585,185610,0,0,0.000,176.358,4.702,0,0.000,248.447,6.024,0,0,1,0,4
PPG,2,22160,887950536,151,165935,191744,190100.844,1643.156,248.516,0,0,0,0,62.50,62.50,2,1,0,nan,4,1,53,1,1,16,16,0,0,0,888246466,0.03979,-0.00830,0.95776,0.95863,-0.00852,0.00265,-0.00061,0.00894,0.96118,0.00486,0.00894,3,12137,0,1475,0.34186,0.36010,1.05336,94,1,83.666,115,1,3,2598,185610,0,0,0.000,176.358,4.702,0,0.000,248.447,6.024,0,0,1,0,4
PPG,2,22161,887990536,125,166006,191869,190118.531,1750.469,278.047,0,0,0,0,62.50,62.50,2,1,0,nan,4,1,53,1,1,17,17,0,0,0,888288017,0.04053,-0.00684,0.95483,0.95572,-0.00772,0.00158,-0.00007,0.00788,0.95883,0.00232,0.00956,3,12114,0,1475,0.34186,0.36010,1.05336,94,1,83.666,115,1,3,4294,185610,0,0,0.000,176.358,4.702,0,0.000,248.447,6.024,0,0,1,0,4
PPG,2,22162,888030536,126,166034,191904,190136.391,1767.609,313.547,0,0,0,0,62.50,62.50,2,1,0,nan,4,1,53,1,1,18,18,0,0,0,888327004,0.04248,-0.00952,0.95752,0.95851,-0.00825,0.00318,-0.00087,0.00889,0.95851,0.00251,0.00889,3,12137,0,1475,0.34186,0.36010,1.05336,94,1,83.666,115,1,3,4301,185610,0,0,0.000,176.358,4.702,0,0.000,248.447,6.024,0,0,1,0,4
PPG,2,22163,888070536,125,166096,191971,190154.734,1816.266,354.906,0,0,0,0,62.50,62.50,2,1,0,nan,4,1,53,1,1,19,19,0,0,0,888365947,0.04077,-0.00806,0.95654,0.95745,-0.00772,0.00238,-0.00114,0.00816,0.96191,0.00491,0.00838,3,12130,0,1475,0.34186,0.36010,1.05336,94,1,83.666,115,1,3,2594,185610,0,0,0.000,176.358,4.702,0,0.000,248.447,6.024,0,0,1,0,4
PPG,2,22164,888110536,126,166206,192064,190173.828,1890.172,390.359,0,0,0,0,62.50,62.50,2,1,0,nan,4,1,53,1,1,20,20,0,0,0,888407550,0.04126,-0.00439,0.96216,0.96305,-0.00745,0.00185,-0.00087,0.00773,0.96305,0.00837,0.00819,3,12163,0,1475,0.34186,0.36010,1.05336,94,1,83.666,115,1,3,4295,185610,0,0,0.000,176.358,4.702,0,0.000,248.447,6.024,0,0,1,0,4
PPG,2,22165,888150536,146,166246,191906,190191.156,1714.844,391.797,0,0,0,0,62.50,62.50,2,1,0,nan,4,1,53,1,1,21,21,0,0,0,888446493,0.04565,-0.00830,0.96436,0.96547,-0.00772,0.00052,-0.00061,0.00776,0.96547,0.00678,0.00801,3,12130,0,1475,0.34186,0.36010,1.05336,94,1,83.666,115,1,3,2601,185610,0,0,0.000,176.358,4.702,0,0.000,248.447,6.024,0,0,1,0,4
PPG,2,22166,888190536,140,166183,191734,190206.578,1527.422,365.281,0,0,0,0,62.50,62.50,2,1,0,nan,4,1,53,1,1,22,22,0,0,0,888488046,0.04224,-0.00806,0.95972,0.96068,-0.00825,0.00212,-0.00167,0.00868,0.96225,0.00434,0.00868,3,12116,0,1475,0.34186,0.36010,1.05336,94,1,83.666,115,1,3,4299,185610,0,0,0.000,176.358,4.702,0,0.000,247.655,6.049,0,0,1,0,4
PPG,2,22167,888230536,138,166122,191658,190221.094,1436.906,319.578,0,0,0,0,62.50,62.50,2,1,0,nan,4,1,53,1,1,23,23,0,0,0,888527090,0.04224,-0.00635,0.95801,0.95896,-0.00745,0.00238,-0.00087,0.00787,0.95896,0.00428,0.00866,3,12129,0,1475,0.34186,0.36010,1.05336,94,1,83.666,115,1,3,4315,185610,0,0,0.000,171.394,4.873,0,0.000,247.655,6.049,0,0,1,0,4
PPG,2,22168,888270536,126,166108,191689,190235.766,1453.234,263.422,0,0,0,0,62.50,62.50,2,1,0,nan,4,1,53,1,1,24,24,0,0,0,888566023,0.04395,-0.00610,0.96021,0.96123,-0.00905,0.00265,-0.00061,0.00945,0.96123,0.00250,0.00975,3,12118,0,1475,0.34186,0.36010,1.05336,94,1,83.666,115,1,3,2597,185610,0,0,0.000,171.394,4.873,0,0.000,247.655,6.049,0,0,1,0,4
PPG,2,22169,888310536,512,166131,191756,190250.969,1505.031,214.828,0,0,0,0,62.50,62.50,2,1,0,nan,4,0,53,1,1,25,25,0,0,0,888607623,0.04590,-0.00366,0.95728,0.95838,-0.00825,0.00212,-0.00061,0.00854,0.95838,0.00419,0.00998,3,12172,0,1475,0.46713,0.51675,1.10622,94,1,82.345,115,1,3,4303,185610,0,0,0.000,171.394,4.873,0,0.000,247.655,6.049,0,0,1,0,4
