type,session_id,sample_index,sample_time_us,processing_time_us,red_raw,ir_raw,ir_dc,ir_ac,ir_filtered,peak_custom,peak_sparkfun,peak_accepted,ibi_ms,bpm_instant,bpm_robust,hr_status,ppg_quality,ppg_quality_flags,spo2_result,spo2_status,spo2_quality,led_amplitude,sparkfun_check_count,sparkfun_available,hw_fifo_read_ptr,hw_fifo_write_ptr,hw_fifo_overflow,suspected_drops,missing_samples,mpu_time_us,ax_g,ay_g,az_g,acc_mag_g,gx_rad_s,gy_rad_s,gz_rad_s,gyro_mag_rad_s,mpu_window_peak_g,mpu_window_delta_g,mpu_window_gyro_rad_s,mpu_window_samples,mpu_dt_us,mpu_saturated,mpu_missed_deadlines,ppg_mod_ir_pct,ppg_mod_red_pct,ppg_ratio_r,spo2_maxim,spo2_maxim_valid,spo2_custom_candidate,maxim_hr,maxim_hr_valid,measurement_state,loop_last_us,loop_max_us,display_render_us,i2c_failures,red_prominence,red_threshold,red_snr,red_candidate,ir_prominence,ir_threshold,ir_snr,ir_candidate,peak_fused,detector_state,quarantine_remaining_ms,synchronized_count
PPG,4,357857,14315830587,124,74771,79153,77646.219,1506.781,114.156,0,0,0,0,85.71,85.71,2,1,0,nan,4,1,24,1,1,1,1,0,0,0,1433736648,0.04297,0.00391,0.95337,0.95434,-0.00638,0.00079,-0.00300,0.00710,0.95524,0.00245,0.00710,3,12114,0,25919,0.88893,0.67222,0.75622,93,1,91.095,100,1,3,4302,195192,0,0,0.000,12.901,54.085,0,0.000,26.029,18.509,0,0,1,0,2
PPG,4,357858,14315870587,121,74752,79192,77661.680,1530.320,112.070,0,0,0,0,85.71,85.71,2,1,0,nan,4,1,24,1,1,2,2,0,0,0,1433775890,0.04663,0.00439,0.95532,0.95647,-0.00532,0.00079,-0.00114,0.00550,0.95647,0.00914,0.00671,3,12365,0,25919,0.88893,0.67222,0.75622,93,1,91.095,100,1,3,2657,195192,0,0,0.000,12.901,54.085,0,0.000,26.029,18.509,0,0,1,0,2
PPG,4,357859,14315910587,119,74762,79182,77676.883,1505.117,108.039,0,0,0,0,85.71,85.71,2,1,0,nan,4,1,24,1,1,3,3,0,0,0,1433817686,0.03906,0.00537,0.95605,0.95687,-0.00612,0.00132,-0.00087,0.00632,0.95687,0.00478,0.00632,3,12169,0,25919,0.88893,0.67222,0.75622,93,1,91.095,100,1,3,4294,195192,0,0,0.000,12.901,54.085,0,0.000,26.029,18.509,0,0,1,0,2
PPG,4,357860,14315950587,121,74746,79179,77691.906,1487.094,99.094,0,0,0,0,85.71,85.71,2,1,0,nan,4,1,24,1,1,4,4,0,0,0,1433856608,0.05029,0.00537,0.95020,0.95154,-0.00612,0.00025,-0.00087,0.00618,0.95154,0.00702,0.00618,3,12109,0,25919,0.88893,0.67222,0.75622,93,1,91.095,100,1,3,4302,195192,0,0,0.000,12.901,54.085,0,0.000,26.029,18.509,0,0,1,0,2
PPG,4,357861,14315990587,126,74746,79171,77706.695,1464.305,88.438,0,0,0,0,85.71,85.71,2,1,0,nan,4,1,24,1,1,5,5,0,0,0,1433895955,0.04077,0.00024,0.95117,0.95205,-0.00585,0.00052,-0.00141,0.00604,0.95759,0.00605,0.00604,2,24597,0,25920,0.88893,0.67222,0.75622,93,1,91.095,100,1,3,2594,195192,0,0,0.000,12.901,54.085,0,0.000,26.029,18.509,0,0,1,0,2
PPG,4,357862,14316030587,126,74776,79214,77721.766,1492.234,84.078,0,0,0,0,85.71,85.71,2,1,0,nan,4,1,24,1,1,6,6,0,0,0,1433937780,0.04468,0.00122,0.95972,0.96076,-0.00532,-0.00135,-0.00141,0.00566,0.96076,0.00993,0.00649,3,12203,0,25920,0.88893,0.67222,0.75622,93,1,91.095,100,1,3,4303,195192,0,0,0.000,12.901,54.085,0,0.000,26.029,18.509,0,0,1,0,2
PPG,4,357863,14316070587,122,74834,79283,77737.375,1545.625,85.688,0,0,0,0,85.71,85.71,2,1,0,nan,4,1,24,1,1,7,7,0,0,0,1433976799,0.04370,0.00220,0.95337,0.95437,-0.00532,-0.00081,-0.00087,0.00545,0.95940,0.00448,0.00601,3,12150,0,25920,0.88893,0.67222,0.75622,93,1,91.095,100,1,3,4309,195192,0,0,20.469,12.901,54.085,1,0.000,26.029,18.509,0,0,1,0,2
PPG,4,357864,14316110587,123,74816,79255,77752.555,1502.445,86.008,0,0,0,0,85.71,85.71,2,1,0,nan,4,1,24,1,1,8,8,0,0,0,1434015947,0.03857,0.00366,0.95264,0.95342,-0.00665,0.00132,-0.00247,0.00722,0.95358,0.00121,0.00722,3,12126,0,25920,0.88893,0.67222,0.75622,93,1,91.095,100,1,3,2600,195192,0,0,0.000,12.901,54.085,0,0.000,26.029,18.509,0,0,1,0,2
PPG,4,357865,14316150587,126,74772,79167,77766.695,1400.305,72.836,0,0,0,0,85.71,85.71,2,1,0,nan,4,1,24,1,1,9,9,0,0,0,1434057546,0.04272,0.00562,0.95581,0.95678,-0.00558,-0.00001,-0.00167,0.00583,0.95678,0.00602,0.00649,3,12126,0,25920,0.88893,0.67222,0.75622,93,1,91.095,100,1,3,4301,195192,0,0,0.000,12.901,54.085,0,0.000,25.962,18.604,0,0,1,0,2
PPG,4,357866,14316190587,122,74724,79039,77779.422,1259.578,49.156,0,0,0,0,85.71,85.71,2,1,0,nan,4,1,24,1,1,10,10,0,0,0,1434096589,0.04077,0.00293,0.95166,0.95254,-0.00638,-0.00081,-0.00167,0.00665,0.95723,0.00348,0.00665,3,12118,0,25920,0.88893,0.67222,0.75622,93,1,91.095,100,1,3,4299,195192,0,0,0.000,12.901,54.085,0,0.000,25.962,18.604,0,0,1,0,2
PPG,4,357867,14316230587,129,74698,79004,77791.664,1212.336,22.008,0,0,0,0,85.71,85.71,2,1,0,nan,4,1,24,1,1,11,11,0,0,0,1434135550,0.04492,0.00244,0.94897,0.95004,-0.00638,-0.00135,-0.00141,0.00667,0.95821,0.00817,0.00667,3,12129,0,25920,0.88893,0.67222,0.75622,93,1,91.095,100,1,3,2595,195192,0,0,0.000,12.901,54.085,0,0.000,25.962,18.604,0,0,1,0,2
PPG,4,357868,14316270587,127,74694,79016,77803.906,1212.094,-1.641,0,0,0,0,85.71,85.71,2,1,0,nan,4,1,24,1,1,12,12,0,0,0,1434177153,0.04468,0.00439,0.95435,0.95540,-0.00558,-0.00081,-0.00114,0.00576,0.95782,0.00993,0.00699,3,12157,0,25920,0.88893,0.67222,0.75622,93,1,91.095,100,1,3,4298,195192,0,0,0.000,12.901,54.085,0,0.000,25.962,18.604,0,0,1,0,2
PPG,4,357869,14316310587,121,74650,79007,77815.938,1191.062,-30.359,0,0,0,0,85.71,85.71,2,1,0,nan,4,1,24,1,1,13,13,0,0,0,1434216111,0.03979,0.00171,0.95557,0.95640,-0.00558,0.00052,-0.00194,0.00593,0.95640,0.00930,0.00593,3,12133,0,25920,0.88893,0.67222,0.75622,93,1,91.095,100,1,3,2599,195192,0,0,0.000,12.901,54.085,0,0.000,25.962,18.604,0,0,1,0,2
PPG,4,357870,14316350587,121,74659,79039,77828.172,1210.828,-62.812,0,0,0,0,85.71,85.71,2,1,0,nan,4,1,24,1,1,14,14,0,0,0,1434257756,0.04712,0.00488,0.94849,0.94967,-0.00532,0.00158,-0.00247,0.00607,0.95203,0.00593,0.00686,3,12123,0,25920,0.88893,0.67222,0.75622,93,1,91.095,100,1,3,4297,195192,0,0,0.000,12.901,54.085,0,0.000,25.962,18.604,0,0,1,0,2
PPG,4,357871,14316390587,503,74656,79050,77840.391,1209.609,-89.797,0,0,0,0,85.71,85.71,2,1,0,nan,4,1,24,1,1,15,15,0,0,0,1434296834,0.04028,0.00757,0.95361,0.95449,-0.00745,0.00052,-0.00221,0.00779,0.95800,0.00687,0.00779,3,12131,0,25920,1.02693,0.78355,0.76300,19,1,90.925,214,1,3,4311,195192,0,0,0.000,12.901,54.085,0,0.000,25.962,18.604,0,0,1,0,2
PPG,4,357872,14316430587,176,74620,79005,77852.039,1152.961,-107.789,0,0,0,0,85.71,85.71,2,1,0,nan,4,1,24,1,1,16,16,0,0,0,1434336536,0.04419,0.00342,0.95435,0.95537,-0.00585,-0.00055,-0.00247,0.00638,0.95783,0.00334,0.00721,3,12317,0,25920,1.02693,0.78355,0.76300,19,1,90.925,214,1,3,4322,195192,0,0,0.000,12.901,54.085,0,0.000,25.962,18.604,0,0,1,0,2
PPG,4,357873,14316470587,119,74630,79000,77863.516,1136.484,-105.461,0,0,0,0,85.71,85.71,2,1,0,nan,4,1,24,1,1,17,17,0,0,0,1434375925,0.04126,0.00513,0.94824,0.94915,-0.00585,0.00052,-0.00007,0.00587,0.96039,0.00737,0.00587,3,12265,0,25920,1.02693,0.78355,0.76300,19,1,90.925,214,1,3,2628,195192,0,0,0.000,12.901,54.085,0,0.000,25.962,18.604,0,0,1,0,2
PPG,4,357874,14316510587,139,74656,79066,77875.539,1190.461,-91.062,0,0,0,0,85.71,85.71,2,1,0,nan,4,1,24,1,1,18,18,0,0,0,1434417862,0.04297,0.00586,0.95557,0.95655,-0.00532,-0.00028,-0.00141,0.00551,0.95799,0.00883,0.00765,3,12208,0,25920,1.02693,0.78355,0.76300,19,1,90.925,214,1,3,4329,195192,0,0,0.000,12.901,54.085,0,0.000,25.962,18.604,0,0,1,0,2
PPG,4,357875,14316550587,141,74673,79083,77887.617,1195.383,-77.789,0,0,0,0,85.71,85.71,2,1,0,nan,4,1,24,1,1,19,19,0,0,0,1434457298,0.04150,0.00195,0.95776,0.95866,-0.00585,0.00052,-0.00247,0.00637,0.95866,0.00497,0.00644,3,12260,0,25920,1.02693,0.78355,0.76300,19,1,90.925,214,1,3,4340,195192,0,0,0.000,12.901,54.085,0,0.000,25.962,18.604,0,0,1,0,2
PPG,4,357876,14316590587,120,74678,79132,77900.062,1231.938,-58.281,0,0,0,0,85.71,85.71,2,1,0,nan,4,1,24,1,1,20,20,0,0,0,1434496741,0.04175,0.00610,0.95703,0.95796,-0.00585,-0.00055,-0.00114,0.00599,0.95796,0.00554,0.00616,3,12242,0,25920,1.02693,0.78355,0.76300,19,1,90.925,214,1,3,4314,195192,0,0,0.000,12.901,54.085,0,0.000,25.962,18.604,0,0,1,0,2
PPG,4,357877,14316630587,122,74719,79166,77912.719,1253.281,-40.789,0,0,0,0,85.71,85.71,2,1,0,nan,4,1,24,1,1,21,21,0,0,0,1434536084,0.04224,0.00537,0.94995,0.95090,-0.00745,-0.00081,-0.00167,0.00768,0.95699,0.00687,0.00768,3,12235,0,25920,1.02693,0.78355,0.76300,19,1,90.925,214,1,3,2626,195192,0,0,0.000,12.901,54.085,0,0.000,25.962,18.604,0,0,1,0,2
PPG,4,357878,14316670587,148,74713,79174,77925.328,1248.672,-22.172,0,0,0,0,85.71,85.71,2,1,0,nan,4,1,24,1,1,22,22,0,0,0,1434578043,0.04053,0.00317,0.95068,0.95155,-0.00612,-0.00028,-0.00114,0.00623,0.95155,0.00072,0.00647,3,12253,0,25920,1.02693,0.78355,0.76300,19,1,90.925,214,1,3,4318,195192,0,0,0.000,12.901,54.085,0,0.000,25.962,18.604,0,0,1,0,2
PPG,4,357879,14316710587,120,74710,79166,77937.734,1228.266,1.633,0,0,0,0,85.71,85.71,2,1,0,nan,4,1,24,1,1,23,23,0,0,0,1434617377,0.04028,0.00635,0.95459,0.95546,-0.00638,-0.00001,-0.00141,0.00654,0.96133,0.00587,0.00704,3,12254,0,25920,1.02693,0.78355,0.76300,19,1,90.925,214,1,3,4337,195192,0,0,0.000,12.901,54.085,0,0.000,25.962,18.604,0,0,1,0,2
PPG,4,357880,14316750587,121,74734,79216,77950.516,1265.484,30.641,0,0,0,0,85.71,85.71,2,1,0,nan,4,1,24,1,1,24,24,0,0,0,1434656699,0.04395,0.00415,0.95410,0.95512,-0.00585,-0.00081,-0.00114,0.00602,0.95512,0.00469,0.00728,3,12251,0,25920,1.02693,0.78355,0.76300,19,1,90.925,214,1,3,4317,195192,0,0,0.000,12.901,54.085,0,0.000,25.962,18.604,0,0,1,0,2
PPG,4,357881,14316790587,121,74776,79271,77963.719,1307.281,54.922,0,0,0,0,85.71,85.71,2,1,0,nan,4,1,24,1,1,25,25,0,0,0,1434695970,0.04321,0.00610,0.95093,0.95193,-0.00558,0.00052,-0.00167,0.00585,0.95885,0.00594,0.00628,3,12233,0,25920,1.02693,0.78355,0.76300,19,1,90.925,214,1,3,2619,195192,0,0,0.000,12.901,54.085,0,0.000,25.962,18.604,0,0,1,0,2
PPG,4,357882,14316830587,121,74767,79220,77976.281,1243.719,74.188,0,0,0,0,85.71,85.71,2,1,0,nan,4,1,24,1,1,26,26,0,0,0,1434737837,0.04419,0.00513,0.95313,0.95416,-0.00532,-0.00001,-0.00114,0.00544,0.95584,0.00391,0.00544,3,12220,0,25920,1.02693,0.78355,0.76300,19,1,90.925,214,1,3,4332,195192,0,0,0.000,12.901,54.085,0,0.000,25.962,18.604,0,0,1,0,2
PPG,4,357883,14316870587,129,74763,79164,77988.156,1175.844,84.711,0,0,0,0,85.71,85.71,2,1,0,nan,4,1,24,1,1,27,27,0,0,0,1434777183,0.04028,0.00220,0.95435,0.95520,-0.00612,-0.00161,-0.00087,0.00639,0.95927,0.00663,0.00639,3,12255,0,25920,1.02693,0.78355,0.76300,19,1,90.925,214,1,3,4354,195192,0,0,0.000,12.901,54.085,0,0.000,25.962,18.604,0,0,1,0,2
PPG,4,357884,14316910587,133,74753,79158,77999.852,1158.148,88.422,0,0,0,0,85.71,85.71,2,1,0,nan,4,1,24,1,1,28,28,0,0,0,1434855463,0.04761,0.00513,0.94995,0.95116,-0.00585,-0.00161,-0.00114,0.00618,0.95258,0.00262,0.00643,2,63524,0,25925,1.02693,0.78355,0.76300,19,1,90.925,214,1,3,59054,195192,0,0,0.000,12.901,54.085,0,0.000,25.962,18.604,0,0,1,0,2
PPG,4,357885,14316950587,134,74742,79152,78011.375,1140.625,86.031,0,0,0,0,85.71,85.71,2,1,0,nan,4,1,24,1,1,29,29,0,0,0,1434867679,0.04175,0.00562,0.95264,0.95357,-0.00665,-0.00135,-0.00221,0.00713,0.95357,0.00241,0.00713,1,12216,0,25925,1.02693,0.78355,0.76300,19,1,90.925,214,1,3,12142,195192,0,0,0.000,12.901,54.085,0,0.000,25.962,18.604,0,0,1,0,2
PPG,4,357886,14316990587,131,74634,79076,78022.023,1053.977,71.320,0,0,0,0,85.71,85.71,2,1,0,nan,4,1,24,1,1,30,30,0,0,0,1434896459,0.03784,0.00024,0.95483,0.95558,-0.00558,-0.00108,-0.00141,0.00586,0.95558,0.00389,0.00615,2,16613,0,25925,1.02693,0.78355,0.76300,19,1,90.925,214,1,3,4425,195192,0,0,0.000,12.901,54.085,0,0.000,25.962,18.604,0,0,1,0,2
PPG,4,357887,14317030587,123,74592,79031,78032.109,998.891,43.539,0,0,0,0,85.71,85.71,2,1,0,nan,4,1,24,1,1,31,31,0,0,0,1434935819,0.04858,0.00220,0.95435,0.95558,-0.00825,-0.00428,-0.00061,0.00931,0.95558,0.00408,0.00931,3,12241,0,25925,1.02693,0.78355,0.76300,19,1,90.925,214,1,3,2602,195192,0,0,0.000,12.901,54.085,0,0.000,25.962,18.604,0,0,1,0,2
PPG,4,357888,14317070587,147,74618,79070,78042.484,1027.516,12.133,0,0,0,0,85.71,85.71,2,1,0,nan,4,1,24,1,1,0,0,0,0,0,1434977434,0.04053,0.00342,0.95630,0.95716,-0.00532,-0.00188,-0.00141,0.00581,0.95716,0.00621,0.00713,3,12123,0,25925,1.02693,0.78355,0.76300,19,1,90.925,214,1,3,4308,195192,0,0,0.000,12.901,54.085,0,0.000,25.962,18.604,0,0,1,0,2
PPG,4,357889,14317110587,120,74602,79068,78052.742,1015.258,-12.641,0,0,0,0,85.71,85.71,2,1,0,nan,4,1,24,1,1,1,1,0,0,0,1435016557,0.04370,-0.00024,0.95776,0.95876,-0.00558,-0.00001,-0.00221,0.00600,0.95876,0.00929,0.00608,3,12120,0,25925,1.02693,0.78355,0.76300,19,1,90.925,214,1,3,4307,195192,0,0,0.000,12.901,54.085,0,0.000,25.962,18.604,0,0,1,0,2
PPG,4,357890,14317150587,125,74660,79142,78063.633,1078.367,-20.930,0,0,0,0,85.71,85.71,2,1,0,nan,4,1,24,1,1,2,2,0,0,0,1435055517,0.05029,0.00146,0.95532,0.95665,-0.00665,-0.00428,-0.00167,0.00808,0.95665,0.00705,0.00808,3,12117,0,25925,1.02693,0.78355,0.76300,19,1,90.925,214,1,3,2599,195192,0,0,0.000,12.901,54.085,0,0.000,25.962,18.604,0,0,1,0,2
PPG,4,357891,14317190587,120,74779,79262,78075.617,1186.383,-16.672,0,0,0,0,85.71,85.71,2,1,0,nan,4,1,24,1,1,3,3,0,0,0,1435097073,0.03955,0.00293,0.95825,0.95907,-0.00665,-0.00161,-0.00221,0.00719,0.95907,0.00486,0.00735,3,12138,0,25925,1.02693,0.78355,0.76300,19,1,90.925,214,1,3,4307,195192,0,0,0.000,12.901,54.085,0,0.000,25.962,18.604,0,0,1,0,2
PPG,4,357892,14317230587,122,74823,79341,78088.273,1252.727,-6.469,1,0,0,0,85.71,85.71,2,1,0,nan,4,1,24,1,1,4,4,0,0,0,1435136226,0.04980,0.00293,0.95361,0.95492,-0.00558,-0.00161,-0.00141,0.00598,0.95492,0.00840,0.00712,3,12168,0,25925,1.02693,0.78355,0.76300,19,1,90.925,214,1,3,2596,195192,0,0,0.000,12.901,54.085,0,196.211,25.962,18.604,1,0,1,0,2
PPG,4,357893,14317270587,136,74888,79409,78101.484,1307.516,20.648,0,0,1,0,0.00,nan,1,2,0,nan,4,1,24,1,1,5,5,0,0,0,1435177806,0.04053,0.00146,0.95605,0.95691,-0.00505,0.00185,-0.00114,0.00550,0.95691,0.00269,0.00592,3,12135,0,25925,1.02693,0.78355,0.76300,19,1,90.925,214,1,2,4300,195192,0,0,121.750,12.901,54.085,1,0.000,25.962,18.604,0,1,1,0,1
PPG,4,357894,14317310587,118,74983,79514,78115.609,1398.391,67.250,0,0,0,0,0.00,nan,1,2,0,nan,4,1,24,1,1,6,6,0,0,0,1435216843,0.04810,0.00659,0.95435,0.95558,-0.00638,0.00079,-0.00087,0.00649,0.95558,0.01002,0.00649,3,12121,0,25925,1.02693,0.78355,0.76300,19,1,90.925,214,1,2,4296,195192,0,0,0.000,12.469,51.635,0,0.000,25.583,18.055,0,0,1,0,1
PPG,4,357895,14317350587,118,75155,79680,78131.250,1548.750,124.539,0,0,0,0,0.00,nan,1,2,0,nan,4,1,24,1,1,7,7,0,0,0,1435255768,0.04126,0.00171,0.95190,0.95280,-0.00612,-0.00268,-0.00247,0.00712,0.95666,0.00436,0.00712,3,12113,0,25925,1.02693,0.78355,0.76300,19,1,90.925,214,1,2,2595,195192,0,0,0.000,12.469,51.635,0,0.000,25.583,18.055,0,0,1,0,1
PPG,4,357896,14317390587,499,75221,79747,78147.406,1599.594,190.789,0,0,0,0,0.00,nan,1,2,0,nan,4,1,24,1,1,8,8,0,0,0,1435297282,0.04443,0.00366,0.95752,0.95856,-0.00638,0.00132,-0.00194,0.00680,0.96109,0.01045,0.00770,3,12141,0,25925,0.85719,0.64447,0.75184,56,1,91.204,187,1,2,4330,195192,0,0,0.000,12.469,51.635,0,0.000,25.583,18.055,0,0,1,0,1
PPG,4,357897,14317430587,166,75199,79723,78163.164,1559.836,245.938,0,0,0,0,0.00,nan,1,2,0,nan,4,1,24,1,1,9,9,0,0,0,1435336678,0.04346,0.00220,0.95337,0.95436,-0.00558,-0.00001,-0.00167,0.00583,0.95822,0.00451,0.00651,3,12119,0,25925,0.85719,0.64447,0.75184,56,1,91.204,187,1,2,4294,195192,0,0,0.000,12.469,51.635,0,0.000,25.583,18.055,0,0,1,0,1
PPG,4,357898,14317470587,120,75177,79677,78178.305,1498.695,280.078,0,0,0,0,0.00,nan,1,2,0,nan,4,1,24,1,1,10,10,0,0,0,1435375701,0.04102,0.00317,0.95679,0.95767,-0.00585,0.00105,-0.00194,0.00625,0.95767,0.00294,0.00625,3,12126,0,25925,0.85719,0.64447,0.75184,56,1,91.204,187,1,2,2599,195192,0,0,0.000,12.469,51.635,0,0.000,25.583,18.055,0,0,1,0,1
PPG,4,357899,14317510587,118,75180,79653,78193.055,1459.945,300.297,0,0,0,0,0.00,nan,1,2,0,nan,4,1,24,1,1,11,11,0,0,0,1435417267,0.04712,0.00806,0.94946,0.95067,-0.00505,0.00105,-0.00194,0.00551,0.95120,0.00728,0.00560,3,12143,0,25925,0.85719,0.64447,0.75184,56,1,91.204,187,1,2,4299,195192,0,0,0.000,12.469,51.635,0,0.000,25.583,18.055,0,0,1,0,1
PPG,4,357900,14317550587,118,75173,79602,78207.141,1394.859,308.570,0,0,0,0,0.00,nan,1,2,0,nan,4,1,24,1,1,12,12,0,0,0,1435456193,0.03882,0.00171,0.95215,0.95294,-0.00558,-0.00055,-0.00221,0.00603,0.95945,0.00651,0.00712,3,12130,0,25925,0.85719,0.64447,0.75184,56,1,91.204,187,1,2,2598,195192,0,0,0.000,12.469,51.635,0,0.000,25.583,18.055,0,0,1,0,1
PPG,4,357901,14317590587,123,75149,79596,78221.031,1374.969,304.039,0,0,0,0,0.00,nan,1,2,0,nan,4,1,24,1,1,13,13,0,0,0,1435497762,0.04468,0.00781,0.95093,0.95201,-0.00612,-0.00108,-0.00274,0.00679,0.95656,0.00362,0.00679,3,12165,0,25925,0.85719,0.64447,0.75184,56,1,91.204,187,1,2,4311,195192,0,0,0.000,12.469,51.635,0,0.000,25.583,18.055,0,0,1,0,1
PPG,4,357902,14317630587,123,75095,79579,78234.609,1344.391,271.656,0,0,0,0,0.00,nan,1,2,0,nan,4,1,24,1,1,14,14,0,0,0,1435536715,0.04077,0.00244,0.94824,0.94912,-0.00612,-0.00001,-0.00087,0.00618,0.96000,0.01088,0.00686,3,12131,0,25925,0.85719,0.64447,0.75184,56,1,91.204,187,1,2,4299,195192,0,0,0.000,12.469,51.635,0,0.000,25.583,18.055,0,0,1,0,1
PPG,4,357903,14317670587,136,75038,79549,78247.750,1301.250,224.117,0,0,0,0,0.00,nan,1,2,0,nan,4,1,24,1,1,15,15,0,0,0,1435575616,0.04370,0.00269,0.95508,0.95608,-0.00558,0.00158,-0.00061,0.00584,0.95608,0.00409,0.00634,3,12112,0,25925,0.85719,0.64447,0.75184,56,1,91.204,187,1,2,2601,195192,0,0,0.000,12.469,51.635,0,0.000,25.583,18.055,0,0,1,0,1
PPG,4,357904,14317710587,119,75070,79592,78261.195,1330.805,183.711,0,0,0,0,0.00,nan,1,2,0,nan,4,1,24,1,1,16,16,0,0,0,1435617123,0.04297,0.00342,0.95337,0.95434,-0.00638,-0.00055,-0.00087,0.00647,0.95736,0.00421,0.00647,3,12111,0,25925,0.85719,0.64447,0.75184,56,1,91.204,187,1,2,4295,195192,0,0,0.000,12.469,51.635,0,0.000,25.583,18.055,0,0,1,0,1
PPG,4,357905,14317750587,118,75053,79615,78274.734,1340.266,151.703,0,0,0,0,0.00,nan,1,2,0,nan,4,1,24,1,1,17,17,0,0,0,1435656050,0.04517,0.00220,0.95337,0.95444,-0.00612,-0.00028,-0.00141,0.00628,0.95444,0.00358,0.00655,3,12128,0,25925,0.85719,0.64447,0.75184,56,1,91.204,187,1,2,2595,195192,0,0,0.000,12.469,51.635,0,0.000,25.583,18.055,0,0,1,0,1
PPG,4,357906,14317790587,118,74963,79530,78287.289,1242.711,111.430,0,0,0,0,0.00,nan,1,2,0,nan,4,1,24,1,1,18,18,0,0,0,1435697557,0.04102,0.00781,0.95435,0.95526,-0.00558,0.00052,-0.00194,0.00593,0.95592,0.00622,0.00593,3,12116,0,25925,0.85719,0.64447,0.75184,56,1,91.204,187,1,2,4301,195192,0,0,0.000,12.469,51.635,0,0.000,25.583,18.055,0,0,1,0,1
PPG,4,357907,14317830587,119,74895,79446,78298.875,1147.125,68.391,0,0,0,0,0.00,nan,1,2,0,nan,4,1,24,1,1,19,19,0,0,0,1435736913,0.04297,0.00439,0.95020,0.95118,-0.00425,0.00132,-0.00221,0.00497,0.95359,0.00267,0.00657,3,12266,0,25925,0.85719,0.64447,0.75184,56,1,91.204,187,1,2,4308,195192,0,0,0.000,12.469,51.635,0,0.000,25.583,18.055,0,0,1,0,1
PPG,4,357908,14317870587,119,74828,79403,78309.914,1093.086,24.172,1,0,0,0,0.00,nan,1,2,0,nan,4,1,24,1,1,20,20,0,0,0,1435775825,0.04224,0.00342,0.94873,0.94968,-0.00638,-0.00188,-0.00167,0.00686,0.95362,0.00666,0.00686,3,12123,0,25925,0.85719,0.64447,0.75184,56,1,91.204,187,1,2,2600,195192,0,0,0.000,12.469,51.635,0,329.500,25.583,18.055,1,0,1,0,1
PPG,4,357909,14317910587,139,74790,79373,78320.547,1052.453,-20.508,0,0,1,640,93.75,93.75,2,1,0,nan,4,1,24,1,1,21,21,0,0,0,1435817419,0.04419,0.00537,0.95215,0.95319,-0.00532,-0.00001,-0.00194,0.00566,0.95691,0.00484,0.00568,3,12134,0,25925,0.85719,0.64447,0.75184,56,1,91.204,187,1,3,4306,195192,0,0,316.195,12.469,51.635,1,0.000,25.583,18.055,0,1,1,0,2
PPG,4,357910,14317950587,125,74767,79361,78330.953,1030.047,-58.312,0,0,0,0,93.75,93.75,2,1,0,nan,4,1,24,1,1,22,22,0,0,0,1435856582,0.04175,0.00488,0.95288,0.95381,-0.00612,0.00025,-0.00141,0.00628,0.96198,0.01063,0.00654,3,12111,0,25925,0.85719,0.64447,0.75184,56,1,91.204,187,1,3,2598,195192,0,0,0.000,13.306,56.376,0,0.000,26.084,18.781,0,0,1,0,2
PPG,4,357911,14317990587,127,74769,79400,78341.641,1058.359,-92.641,0,0,0,0,93.75,93.75,2,1,0,nan,4,1,24,1,1,23,23,0,0,0,1435897981,0.04565,-0.00098,0.95581,0.95690,-0.00638,-0.00028,-0.00114,0.00649,0.95897,0.00517,0.00649,2,24094,0,25926,0.85719,0.64447,0.75184,56,1,91.204,187,1,3,4375,195192,0,0,0.000,13.306,56.376,0,0.000,26.084,18.781,0,0,1,0,2
PPG,4,357912,14318030587,125,74801,79428,78352.508,1075.492,-123.711,0,0,0,0,93.75,93.75,2,1,0,nan,4,1,24,1,1,24,24,0,0,0,1435937075,0.04272,0.00586,0.95068,0.95166,-0.00612,-0.00081,-0.00007,0.00617,0.95841,0.00476,0.00617,3,12174,0,25926,0.85719,0.64447,0.75184,56,1,91.204,187,1,3,4298,195192,0,0,0.000,13.306,56.376,0,0.000,26.084,18.781,0,0,1,0,2
PPG,4,357913,14318070587,121,74809,79431,78363.289,1067.711,-138.953,0,0,0,0,93.75,93.75,2,1,0,nan,4,1,24,1,1,25,25,0,0,0,1435976013,0.04614,0.00586,0.95605,0.95719,-0.00638,-0.00108,-0.00061,0.00650,0.95719,0.00462,0.00705,3,12112,0,25926,0.85719,0.64447,0.75184,56,1,91.204,187,1,3,2594,195192,0,0,0.000,13.306,56.376,0,0.000,26.084,18.781,0,0,1,0,2
PPG,4,357914,14318110587,123,74853,79484,78374.500,1109.500,-132.023,0,0,0,0,93.75,93.75,2,1,0,nan,4,1,24,1,1,26,26,0,0,0,1436017582,0.04541,0.00586,0.95044,0.95154,-0.00638,-0.00081,-0.00087,0.00649,0.95154,0.00573,0.00650,3,12163,0,25926,0.85719,0.64447,0.75184,56,1,91.204,187,1,3,4332,195192,0,0,0.000,13.306,56.376,0,0.000,26.084,18.781,0,0,1,0,2
PPG,4,357915,14318150587,190,74805,79438,78385.133,1052.867,-114.922,0,0,0,0,93.75,93.75,2,1,0,nan,4,1,24,1,1,27,27,0,0,0,1436056556,0.04395,0.00098,0.95630,0.95731,-0.00585,-0.00081,-0.00061,0.00594,0.95731,0.00307,0.00648,3,12114,0,25926,0.85719,0.64447,0.75184,56,1,91.204,187,1,3,2595,195192,0,0,0.000,13.306,56.376,0,0.000,26.084,18.781,0,0,1,0,2
PPG,4,357916,14318190587,123,74712,79287,78394.148,892.852,-104.211,0,0,0,0,93.75,93.75,2,1,0,nan,4,1,24,1,1,28,28,0,0,0,1436098355,0.04077,0.00220,0.95435,0.95522,-0.00612,-0.00215,-0.00274,0.00704,0.95522,0.00645,0.00738,3,12125,0,25926,0.85719,0.64447,0.75184,56,1,91.204,187,1,3,4306,195192,0,0,0.000,13.306,56.376,0,0.000,26.084,18.781,0,0,1,0,2
PPG,4,357917,14318230587,121,74627,79179,78402.000,777.000,-103.008,0,0,0,0,93.75,93.75,2,1,0,nan,4,1,24,1,1,29,29,0,0,0,1436137362,0.04639,0.00464,0.94995,0.95109,-0.00612,0.00025,-0.00061,0.00615,0.95233,0.00403,0.00661,3,12163,0,25926,0.85719,0.64447,0.75184,56,1,91.204,187,1,3,4330,195192,0,0,0.000,13.306,56.376,0,0.000,26.084,18.781,0,0,1,0,2
PPG,4,357918,14318270587,131,74664,79215,78410.133,804.867,-106.336,0,0,0,0,93.75,93.75,2,1,0,nan,4,1,24,1,1,30,30,0,0,0,1436176385,0.04224,0.00342,0.95581,0.95675,-0.00558,0.00052,-0.00061,0.00564,0.95797,0.00688,0.00636,3,12135,0,25926,0.85719,0.64447,0.75184,56,1,91.204,187,1,3,2598,195192,0,0,0.000,13.306,56.376,0,0.000,26.084,18.781,0,0,1,0,2
PPG,4,357919,14318310587,123,74686,79263,78418.664,844.336,-110.406,0,0,0,0,93.75,93.75,2,1,0,nan,4,1,24,1,1,31,31,0,0,0,1436217976,0.04224,0.00024,0.95532,0.95626,-0.00638,-0.00055,-0.00061,0.00644,0.95827,0.00202,0.00644,3,12156,0,25926,0.85719,0.64447,0.75184,56,1,91.204,187,1,3,4299,195192,0,0,0.000,13.306,56.376,0,0.000,26.084,18.781,0,0,1,0,2
PPG,4,357920,14318350587,145,74706,79293,78427.406,865.594,-114.672,0,0,0,0,93.75,93.75,2,1,0,nan,4,1,24,1,1,0,0,0,0,0,1436256973,0.04102,0.00342,0.94971,0.95060,-0.00558,0.00185,-0.00087,0.00595,0.95517,0.00327,0.00595,3,12129,0,25926,0.85719,0.64447,0.75184,56,1,91.204,187,1,3,4305,195192,0,0,0.000,13.306,56.376,0,0.000,26.084,18.781,0,0,1,0,2
PPG,4,357921,14318390587,517,74729,79332,78436.453,895.547,-123.188,0,0,0,0,93.75,93.75,2,1,0,nan,4,1,24,1,1,1,1,0,0,0,1436296447,0.04639,0.00610,0.95313,0.95427,-0.00558,0.00105,-0.00114,0.00580,0.95427,0.00272,0.00697,3,12264,0,25926,0.39893,0.25943,0.65031,97,1,93.742,78,1,3,2626,195192,0,0,0.000,13.306,56.376,0,0.000,26.084,18.781,0,0,1,0,2
PPG,4,357922,14318430587,182,74747,79366,78445.750,920.250,-122.820,0,0,0,0,93.75,93.75,2,1,0,nan,4,1,24,1,1,2,2,0,0,0,1436338940,0.04395,0.00293,0.95239,0.95341,-0.00612,-0.00135,-0.00274,0.00684,0.95665,0.00894,0.00684,3,12262,0,25926,0.39893,0.25943,0.65031,97,1,93.742,78,1,3,4363,195192,0,0,0.000,13.306,56.376,0,0.000,26.084,18.781,0,0,1,0,2
PPG,4,357923,14318470587,130,74783,79392,78455.211,936.789,-99.969,0,0,0,0,93.75,93.75,2,1,0,nan,4,1,24,1,1,3,3,0,0,0,1436378286,0.03857,0.00342,0.95679,0.95757,-0.00585,-0.00161,-0.00061,0.00610,0.95757,0.00423,0.00656,3,12215,0,25926,0.39893,0.25943,0.65031,97,1,93.742,78,1,3,4340,195192,0,0,0.000,13.306,56.376,0,0.000,26.084,18.781,0,0,1,0,2
PPG,4,357924,14318510587,126,74808,79416,78464.820,951.180,-57.312,0,0,0,0,93.75,93.75,2,1,0,nan,4,1,24,1,1,4,4,0,0,0,1436417615,0.04248,0.00366,0.94775,0.94871,-0.00585,0.00079,-0.00141,0.00607,0.95519,0.00498,0.00645,3,12259,0,25926,0.39893,0.25943,0.65031,97,1,93.742,78,1,3,4354,195192,0,0,0.000,13.306,56.376,0,0.000,26.084,18.781,0,0,1,0,2
PPG,4,357925,14318550587,129,74815,79437,78474.539,962.461,-16.703,1,0,0,0,93.75,93.75,2,1,0,nan,4,1,24,1,1,5,5,0,0,0,1436456965,0.04175,0.00366,0.95459,0.95551,-0.00585,-0.00135,-0.00141,0.00617,0.95551,0.00528,0.00624,3,12256,0,25926,0.39893,0.25943,0.65031,97,1,93.742,78,1,3,4339,195192,0,0,0.000,13.306,56.376,0,35.945,26.084,18.781,1,0,1,0,2
PPG,4,357926,14318590587,127,74831,79477,78484.562,992.438,16.523,0,0,0,0,93.75,93.75,2,1,0,nan,4,1,24,1,1,6,6,0,0,0,1436496310,0.04370,0.00317,0.95337,0.95438,-0.00692,-0.00055,-0.00141,0.00708,0.95919,0.00950,0.00708,3,12269,0,25926,0.39893,0.25943,0.65031,97,1,93.742,78,1,3,2643,195192,0,0,0.000,13.306,56.376,0,0.000,26.084,18.781,0,0,1,0,2
PPG,4,357927,14318630587,126,74836,79483,78494.547,988.453,41.812,0,0,0,0,93.75,93.75,2,1,0,nan,4,1,24,1,1,7,7,0,0,0,1436538299,0.04565,0.00537,0.95313,0.95423,-0.00638,-0.00028,-0.00141,0.00654,0.95672,0.00335,0.00667,3,12215,0,25926,0.39893,0.25943,0.65031,97,1,93.742,78,1,3,4346,195192,0,0,0.000,13.306,56.376,0,0.000,26.084,18.781,0,0,1,0,2
PPG,4,357928,14318670587,122,74860,79516,78504.758,1011.242,62.453,0,0,0,0,93.75,93.75,2,1,0,nan,4,1,24,1,1,8,8,0,0,0,1436577692,0.04468,0.00562,0.95264,0.95370,-0.00585,-0.00108,-0.00167,0.00618,0.95370,0.00332,0.00635,3,12251,0,25926,0.39893,0.25943,0.65031,97,1,93.742,78,1,3,4328,195192,0,0,0.000,13.306,56.376,0,0.000,26.084,18.781,0,0,1,0,2
PPG,4,357929,14318710587,124,74872,79552,78515.227,1036.773,80.070,0,0,0,0,93.75,93.75,2,1,0,nan,4,1,24,1,1,9,9,0,0,0,1436616923,0.04053,0.00415,0.95435,0.95521,-0.00585,-0.00135,-0.00141,0.00617,0.95669,0.00459,0.00628,3,12216,0,25926,0.39893,0.25943,0.65031,97,1,93.742,78,1,3,4351,195192,0,0,0.000,13.306,56.376,0,0.000,26.084,18.781,0,0,1,0,2
PPG,4,357930,14318750587,121,74881,79553,78525.602,1027.398,93.469,0,0,0,0,93.75,93.75,2,1,0,nan,4,1,24,1,1,10,10,0,0,0,1436656239,0.04150,0.00537,0.95068,0.95160,-0.00532,-0.00028,0.00019,0.00533,0.95880,0.00720,0.00673,3,12238,0,25926,0.39893,0.25943,0.65031,97,1,93.742,78,1,3,2653,195192,0,0,0.000,13.306,56.376,0,0.000,26.084,18.781,0,0,1,0,2
PPG,4,357931,14318790587,126,74880,79551,78535.859,1015.141,105.211,0,0,0,0,93.75,93.75,2,1,0,nan,4,1,24,1,1,11,11,0,0,0,1436698179,0.04565,0.00928,0.95239,0.95353,-0.00638,-0.00081,-0.00194,0.00672,0.95353,0.00406,0.00677,3,12259,0,25926,0.39893,0.25943,0.65031,97,1,93.742,78,1,3,4336,195192,0,0,0.000,13.306,56.376,0,0.000,26.084,18.781,0,0,1,0,2
PPG,4,357932,14318830587,120,74856,79552,78546.023,1005.977,115.438,0,0,0,0,93.75,93.75,2,1,0,nan,4,1,24,1,1,12,12,0,0,0,1436737458,0.04297,0.00391,0.94946,0.95044,-0.00612,0.00052,-0.00221,0.00652,0.95312,0.00230,0.00690,3,12240,0,25926,0.39893,0.25943,0.65031,97,1,93.742,78,1,3,4320,195192,0,0,0.000,13.306,56.376,0,0.000,26.084,18.781,0,0,1,0,2
PPG,4,357933,14318870587,120,74864,79536,78555.922,980.078,118.609,0,0,0,0,93.75,93.75,2,1,0,nan,4,1,24,1,1,13,13,0,0,0,1436776790,0.04492,0.00293,0.95801,0.95906,-0.00692,-0.00081,-0.00247,0.00739,0.95906,0.00717,0.00742,3,12243,0,25926,0.39893,0.25943,0.65031,97,1,93.742,78,1,3,2649,195192,0,0,0.000,13.306,56.376,0,0.000,26.084,18.781,0,0,1,0,2
PPG,4,357934,14318910587,131,74843,79452,78564.883,887.117,115.789,0,1,0,0,93.75,93.75,2,1,0,nan,4,1,24,1,1,14,14,0,0,0,1436818680,0.04321,0.00537,0.95923,0.96022,-0.00665,-0.00055,-0.00114,0.00677,0.96022,0.00727,0.00701,3,12225,0,25926,0.39893,0.25943,0.65031,97,1,93.742,78,1,3,4331,195192,0,0,0.000,13.306,56.376,0,0.000,26.084,18.781,0,0,1,0,2
PPG,4,357935,14318950587,127,74792,79392,78573.156,818.844,100.367,0,0,0,0,93.75,93.75,2,1,0,nan,4,1,24,1,1,15,15,0,0,0,1436857994,0.04346,0.00586,0.95410,0.95511,-0.00585,-0.00001,-0.00194,0.00616,0.95665,0.01881,0.00703,3,12236,0,25926,0.39893,0.25943,0.65031,97,1,93.742,78,1,3,4318,195192,0,0,0.000,13.306,56.376,0,0.000,26.084,18.781,0,0,1,0,2
PPG,4,357936,14318990587,124,74793,79402,78581.445,820.555,73.188,0,0,0,0,93.75,93.75,2,1,0,nan,4,1,24,1,1,16,16,0,0,0,1436901201,0.03955,0.00220,0.95972,0.96053,-0.00399,0.00025,-0.00141,0.00423,0.96053,0.00483,0.00651,3,16228,0,25926,0.39893,0.25943,0.65031,97,1,93.742,78,1,3,16164,195192,0,0,0.000,13.306,56.376,0,0.000,26.084,18.781,0,0,1,0,2
PPG,4,357937,14319030587,126,74806,79450,78590.133,859.867,44.930,0,0,0,0,93.75,93.75,2,1,0,nan,4,1,24,1,1,17,17,0,0,0,1436937920,0.04297,0.00098,0.95752,0.95848,-0.00638,0.00025,-0.00221,0.00676,0.95848,0.00924,0.00676,3,12258,0,25926,0.39893,0.25943,0.65031,97,1,93.742,78,1,3,4315,195192,0,0,0.000,13.306,56.376,0,0.000,26.084,18.781,0,0,1,0,2
PPG,4,357938,14319070587,121,74847,79470,78598.930,871.070,20.609,0,0,0,0,93.75,93.75,2,1,0,nan,4,1,24,1,1,18,18,0,0,0,1436976916,0.04199,0.00513,0.95264,0.95358,-0.00612,0.00025,-0.00167,0.00635,0.95358,0.00608,0.00662,3,12148,0,25926,0.39893,0.25943,0.65031,97,1,93.742,78,1,3,4323,195192,0,0,0.000,13.306,56.376,0,0.000,26.084,18.781,0,0,1,0,2
PPG,4,357939,14319110587,120,74847,79494,78607.883,886.117,0.773,0,0,0,0,93.75,93.75,2,1,0,nan,4,1,24,1,1,19,19,0,0,0,1437015876,0.04468,0.00586,0.94604,0.94712,-0.00612,-0.00055,-0.00167,0.00637,0.96045,0.01333,0.00637,3,12123,0,25926,0.39893,0.25943,0.65031,97,1,93.742,78,1,3,2604,195192,0,0,0.000,13.306,56.376,0,0.000,26.084,18.781,0,0,1,0,2
PPG,4,357940,14319150587,122,74832,79501,78616.812,884.188,-14.633,0,0,0,0,93.75,93.75,2,1,0,nan,4,1,24,1,1,20,20,0,0,0,1437057511,0.04419,0.00317,0.95068,0.95172,-0.00638,-0.00108,-0.00167,0.00669,0.95332,0.00621,0.00732,3,12127,0,25926,0.39893,0.25943,0.65031,97,1,93.742,78,1,3,4300,195192,0,0,0.000,13.306,56.376,0,0.000,26.084,18.781,0,0,1,0,2
PPG,4,357941,14319190587,122,74841,79512,78625.766,886.234,-15.062,1,0,0,0,93.75,93.75,2,1,0,nan,4,1,24,1,1,21,21,0,0,0,1437096527,0.04492,0.00317,0.95093,0.95199,-0.00745,-0.00268,-0.00141,0.00804,0.95349,0.00479,0.00804,3,12115,0,25926,0.39893,0.25943,0.65031,97,1,93.742,78,1,3,2595,195192,0,0,0.000,13.306,56.376,0,241.797,26.084,18.781,1,0,1,0,2
PPG,4,357942,14319230587,149,74831,79499,78634.500,864.500,-6.422,0,0,1,1320,45.45,45.45,2,1,0,nan,4,1,24,1,1,22,22,0,0,0,1437138139,0.04321,0.00439,0.95337,0.95436,-0.00612,0.00052,-0.00194,0.00644,0.96052,0.01376,0.00778,3,12132,0,25926,0.39893,0.25943,0.65031,97,1,93.742,78,1,3,4300,195192,0,0,272.211,13.306,56.376,1,0.000,26.084,18.781,0,1,1,0,3
PPG,4,357943,14319270587,124,74851,79517,78643.328,873.672,3.758,0,0,0,0,45.45,45.45,2,1,0,nan,4,1,24,1,1,23,23,0,0,0,1437177149,0.04224,0.00439,0.95679,0.95773,-0.00532,-0.00001,-0.00167,0.00557,0.95773,0.00390,0.00659,3,12110,0,25926,0.39893,0.25943,0.65031,97,1,93.742,78,1,3,4303,195192,0,0,0.000,13.763,58.967,0,0.000,25.975,18.622,0,0,1,0,3
PPG,4,357944,14319310587,124,74895,79569,78652.586,916.414,13.109,0,0,0,0,45.45,45.45,2,1,0,nan,4,1,24,1,1,24,24,0,0,0,1437216087,0.04248,0.00513,0.95459,0.95555,-0.00612,-0.00188,-0.00114,0.00650,0.95593,0.00736,0.00650,3,12125,0,25926,0.39893,0.25943,0.65031,97,1,93.742,78,1,3,2599,195192,0,0,0.000,13.763,58.967,0,0.000,25.975,18.622,0,0,1,0,3
PPG,4,357945,14319350587,120,74943,79637,78662.430,974.570,26.961,0,0,0,0,45.45,45.45,2,1,0,nan,4,1,24,1,1,25,25,0,0,0,1437257682,0.04150,0.00635,0.95508,0.95600,-0.00665,-0.00028,-0.00274,0.00720,0.95600,0.00654,0.00720,3,12144,0,25926,0.39893,0.25943,0.65031,97,1,93.742,78,1,3,4296,195192,0,0,0.000,13.763,58.967,0,0.000,25.975,18.622,0,0,1,0,3
PPG,4,357946,14319390587,513,74950,79650,78672.305,977.695,40.602,0,0,0,0,45.45,45.45,2,1,0,nan,4,1,24,1,1,26,26,0,0,0,1437296615,0.04102,0.00586,0.95215,0.95305,-0.00585,-0.00108,-0.00221,0.00635,0.95305,0.00539,0.00689,3,12111,0,25926,0.26265,0.19011,0.72380,97,1,91.905,75,1,3,2602,195192,0,0,0.000,13.763,58.967,0,0.000,25.975,18.622,0,0,1,0,3
PPG,4,357947,14319430587,169,74900,79616,78681.742,934.258,50.383,0,0,0,0,45.45,45.45,2,1,0,nan,4,1,24,1,1,27,27,0,0,0,1437338605,0.04419,0.00293,0.94897,0.95001,-0.00638,-0.00108,-0.00061,0.00650,0.95793,0.00793,0.00651,3,12124,0,25926,0.26265,0.19011,0.72380,97,1,91.905,75,1,3,4325,195192,0,0,0.000,13.763,58.967,0,0.000,25.975,18.622,0,0,1,0,3
PPG,4,357948,14319470587,124,74885,79595,78690.875,904.125,58.289,0,0,0,0,45.45,45.45,2,1,0,nan,4,1,24,1,1,28,28,0,0,0,1437377623,0.04419,0.00366,0.95557,0.95659,-0.00558,-0.00135,-0.00007,0.00574,0.95892,0.00574,0.00683,3,12114,0,25926,0.26265,0.19011,0.72380,97,1,91.905,75,1,3,4297,195192,0,0,0.000,13.763,58.967,0,0.000,25.975,18.622,0,0,1,0,3
PPG,4,357949,14319510587,132,74802,79540,78699.367,840.633,64.742,0,0,0,0,45.45,45.45,2,1,0,nan,4,1,24,1,1,29,29,0,0,0,1437416557,0.04272,0.00537,0.94824,0.94922,-0.00505,0.00238,-0.00061,0.00562,0.95748,0.00601,0.00562,3,12117,0,25926,0.26265,0.19011,0.72380,97,1,91.905,75,1,3,2594,195192,0,0,0.000,13.763,58.967,0,0.000,25.975,18.622,0,0,1,0,3
PPG,4,357950,14319550587,127,74770,79501,78707.383,793.617,65.062,0,0,0,0,45.45,45.45,2,1,0,nan,4,1,24,1,1,30,30,0,0,0,1437458171,0.03906,0.00537,0.95264,0.95345,-0.00718,-0.00001,-0.00247,0.00760,0.96054,0.00709,0.00760,3,12137,0,25926,0.26265,0.19011,0.72380,97,1,91.905,75,1,3,4303,195192,0,0,0.000,13.763,58.967,0,0.000,25.975,18.622,0,0,1,0,3
PPG,4,357951,14319590587,133,74747,79425,78714.562,710.438,50.789,0,0,0,0,45.45,45.45,2,1,0,nan,4,1,24,1,1,31,31,0,0,0,1437497157,0.04126,0.00537,0.95044,0.95135,-0.00558,-0.00108,-0.00167,0.00593,0.95600,0.00465,0.00752,3,12113,0,25926,0.26265,0.19011,0.72380,97,1,91.905,75,1,3,4302,195192,0,0,0.000,13.763,58.967,0,0.000,25.975,18.622,0,0,1,0,3
PPG,4,357952,14319630587,123,74700,79320,78720.617,599.383,17.102,0,0,0,0,45.45,45.45,2,1,0,nan,4,1,24,1,1,0,0,0,0,0,1437536211,0.04321,0.00293,0.94922,0.95021,-0.00612,-0.00081,-0.00114,0.00628,0.95581,0.00560,0.00677,3,12130,0,25926,0.26265,0.19011,0.72380,97,1,91.905,75,1,3,2600,195192,0,0,0.000,13.763,58.967,0,0.000,25.975,18.622,0,0,1,0,3
PPG,4,357953,14319670587,120,74677,79266,78726.070,539.930,-24.258,0,0,0,0,45.45,45.45,2,1,0,nan,4,1,24,1,1,1,1,0,0,0,1437577773,0.04272,0.00610,0.95435,0.95532,-0.00558,-0.00108,-0.00061,0.00572,0.95532,0.00341,0.00598,3,12116,0,25926,0.26265,0.19011,0.72380,97,1,91.905,75,1,3,4306,195192,0,0,0.000,13.763,58.967,0,0.000,25.975,18.622,0,0,1,0,3
PPG,4,357954,14319710587,123,74708,79297,78731.781,565.219,-62.078,0,0,0,0,45.45,45.45,2,1,0,nan,4,1,24,1,1,2,2,0,0,0,1437616732,0.04492,0.00586,0.95483,0.95591,-0.00612,-0.00001,-0.00194,0.00642,0.95591,0.00785,0.00642,3,12129,0,25926,0.26265,0.19011,0.72380,97,1,91.905,75,1,3,2604,195192,0,0,0.000,13.763,58.967,0,0.000,25.975,18.622,0,0,1,0,3
PPG,4,357955,14319750587,119,74705,79338,78737.844,600.156,-96.094,0,0,0,0,45.45,45.45,2,1,0,nan,4,1,24,1,1,3,3,0,0,0,1437658317,0.04297,0.00342,0.95459,0.95556,-0.00532,0.00025,-0.00167,0.00558,0.95556,0.00307,0.00628,3,12168,0,25926,0.26265,0.19011,0.72380,97,1,91.905,75,1,3,4306,195192,0,0,0.000,13.763,58.967,0,0.000,25.975,18.622,0,0,1,0,3
PPG,4,357956,14319790587,127,74739,79380,78744.266,635.734,-117.852,0,0,0,0,45.45,45.45,2,1,0,nan,4,1,24,1,1,4,4,0,0,0,1437697252,0.04224,0.00439,0.95288,0.95383,-0.00505,-0.00108,-0.00167,0.00543,0.95383,0.00381,0.00630,3,12109,0,25926,0.26265,0.19011,0.72380,97,1,91.905,75,1,3,4296,195192,0,0,42.250,13.763,58.967,1,0.000,25.975,18.622,0,0,1,0,3
PPG,4,357957,14319830587,119,74744,79397,78750.789,646.211,-130.062,0,0,0,0,45.45,45.45,2,1,0,nan,4,1,24,1,1,5,5,0,0,0,1437736219,0.04102,0.00635,0.95410,0.95500,-0.00505,-0.00028,-0.00221,0.00552,0.95745,0.00363,0.00552,3,12125,0,25926,0.26265,0.19011,0.72380,97,1,91.905,75,1,3,2598,195192,0,0,0.000,13.763,58.967,0,0.000,25.975,18.622,0,0,1,0,3
PPG,4,357958,14319870587,144,74744,79401,78757.289,643.711,-130.039,1,0,1,620,93.75,93.75,2,1,0,nan,4,1,24,1,1,6,6,0,0,0,1437777876,0.04150,0.00122,0.95654,0.95744,-0.00558,-0.00135,-0.00061,0.00578,0.95744,0.00451,0.00578,3,12143,0,25926,0.26265,0.19011,0.72380,97,1,91.905,75,1,3,4302,195192,0,0,0.000,13.763,58.967,0,80.125,25.975,18.622,1,1,1,0,4
PPG,4,357959,14319910587,121,74746,79407,78763.789,643.211,-113.258,0,0,0,0,93.75,93.75,2,1,0,nan,4,1,24,1,1,7,7,0,0,0,1437816895,0.03955,0.00562,0.94995,0.95079,-0.00532,-0.00108,-0.00141,0.00561,0.95205,0.00607,0.00635,3,12127,0,25926,0.26265,0.19011,0.72380,97,1,91.905,75,1,3,2595,195192,0,0,0.000,12.726,53.092,0,0.000,24.868,17.020,0,0,1,0,4
PPG,4,357960,14319950587,123,74757,79425,78770.398,654.602,-86.742,0,0,0,0,93.75,93.75,2,1,0,nan,4,1,24,1,1,8,8,0,0,0,1437858501,0.04150,0.00464,0.94995,0.95087,-0.00558,-0.00135,-0.00194,0.00606,0.95408,0.00322,0.00651,3,12162,0,25926,0.26265,0.19011,0.72380,97,1,91.905,75,1,3,4310,195192,0,0,0.000,12.726,53.092,0,0.000,24.868,17.020,0,0,1,0,4
PPG,4,357961,14319990587,127,74774,79447,78777.164,669.836,-62.062,0,0,0,0,93.75,93.75,2,1,0,nan,4,1,24,1,1,9,9,0,0,0,1437901589,0.04272,0.00562,0.95166,0.95264,-0.00585,0.00132,-0.00087,0.00606,0.95471,0.00586,0.00630,3,16237,0,25926,0.26265,0.19011,0.72380,97,1,91.905,75,1,3,16181,195192,0,0,0.000,12.726,53.092,0,0.000,24.868,17.020,0,0,1,0,4
PPG,4,357962,14320030587,128,74786,79488,78784.273,703.727,-40.086,0,0,0,0,93.75,93.75,2,1,0,nan,4,1,24,1,1,10,10,0,0,0,1437938082,0.04175,0.00171,0.95288,0.95380,-0.00558,-0.00028,-0.00194,0.00592,0.95737,0.00698,0.00651,3,12122,0,25926,0.26265,0.19011,0.72380,97,1,91.905,75,1,3,4307,195192,0,0,0.000,12.726,53.092,0,0.000,24.868,17.020,0,0,1,0,4
PPG,4,357963,14320070587,123,74813,79512,78791.547,720.453,-20.977,0,0,0,0,93.75,93.75,2,1,0,nan,4,1,24,1,1,11,11,0,0,0,1437977103,0.04321,0.00317,0.95386,0.95484,-0.00665,-0.00001,-0.00114,0.00675,0.95945,0.00496,0.00675,3,12130,0,25926,0.26265,0.19011,0.72380,97,1,91.905,75,1,3,2602,195192,0,0,0.000,12.726,53.092,0,0.000,24.868,17.020,0,0,1,0,4
PPG,4,357964,14320110587,125,74847,79564,78799.273,764.727,3.133,0,0,0,0,93.75,93.75,2,1,0,nan,4,1,24,1,1,12,12,0,0,0,1438018637,0.04004,0.00122,0.95142,0.95226,-0.00558,-0.00108,-0.00167,0.00593,0.95863,0.00717,0.00680,3,12118,0,25926,0.26265,0.19011,0.72380,97,1,91.905,75,1,3,4310,195192,0,0,0.000,12.726,53.092,0,0.000,24.868,17.020,0,0,1,0,4
PPG,4,357965,14320150587,123,74870,79593,78807.211,785.789,32.758,0,0,0,0,93.75,93.75,2,1,0,nan,4,1,24,1,1,13,13,0,0,0,1438057596,0.04297,0.00952,0.95190,0.95292,-0.00532,-0.00055,-0.00141,0.00553,0.95707,0.01334,0.00611,3,12128,0,25926,0.26265,0.19011,0.72380,97,1,91.905,75,1,3,4312,195192,0,0,0.000,12.726,53.092,0,0.000,24.868,17.020,0,0,1,0,4
PPG,4,357966,14320190587,124,74887,79617,78815.312,801.688,64.406,0,0,0,0,93.75,93.75,2,1,0,nan,4,1,24,1,1,14,14,0,0,0,1438096848,0.04492,0.00415,0.96094,0.96200,-0.00558,-0.00055,-0.00114,0.00573,0.96200,0.01051,0.00573,3,12148,0,25926,0.26265,0.19011,0.72380,97,1,91.905,75,1,3,2603,195192,0,0,0.000,12.726,53.092,0,0.000,24.868,17.020,0,0,1,0,4
PPG,4,357967,14320230587,124,74884,79625,78823.406,801.594,92.531,0,0,0,0,93.75,93.75,2,1,0,nan,4,1,24,1,1,15,15,0,0,0,1438138533,0.04370,0.00366,0.95679,0.95779,-0.00638,-0.00135,-0.00034,0.00653,0.95830,0.01012,0.00695,3,12174,0,25926,0.26265,0.19011,0.72380,97,1,91.905,75,1,3,4297,195192,0,0,0.000,12.726,53.092,0,0.000,24.868,17.020,0,0,1,0,4
PPG,4,357968,14320270587,125,74862,79583,78831.000,752.000,112.562,0,0,0,0,93.75,93.75,2,1,0,nan,4,1,24,1,1,16,16,0,0,0,1438177546,0.04272,0.00830,0.95630,0.95729,-0.00612,0.00052,-0.00114,0.00624,0.95794,0.00644,0.00624,3,12151,0,25926,0.26265,0.19011,0.72380,97,1,91.905,75,1,3,4299,195192,0,0,0.000,12.726,53.092,0,0.000,24.868,17.020,0,0,1,0,4
PPG,4,357969,14320310587,128,74882,79541,78838.102,702.898,120.078,0,0,0,0,93.75,93.75,2,1,0,nan,4,1,24,1,1,17,17,0,0,0,1438216639,0.04663,0.00854,0.95386,0.95503,-0.00585,0.00025,-0.00194,0.00617,0.95741,0.00189,0.00665,3,12104,0,25926,0.26265,0.19011,0.72380,97,1,91.905,75,1,3,2598,195192,0,0,0.000,12.726,53.092,0,0.000,24.868,17.020,0,0,1,0,4
PPG,4,357970,14320350587,125,74934,79596,78845.680,750.320,127.328,0,0,0,0,93.75,93.75,2,1,0,nan,4,1,24,1,1,18,18,0,0,0,1438258280,0.04126,0.00635,0.96021,0.96111,-0.00692,-0.00055,-0.00167,0.00714,0.96111,0.00930,0.00714,3,12146,0,25926,0.26265,0.19011,0.72380,97,1,91.905,75,1,3,4330,195192,0,0,0.000,12.726,53.092,0,0.000,24.868,17.020,0,0,1,0,4
PPG,4,357971,14320390587,518,74936,79614,78853.359,760.641,125.023,0,0,0,0,93.75,93.75,2,1,0,nan,4,0,24,1,1,19,19,0,0,0,1438297289,0.04102,0.00269,0.95801,0.95889,-0.00638,-0.00188,-0.00194,0.00693,0.95889,0.00692,0.00693,3,12122,0,25926,0.22592,0.18645,0.82531,81,1,89.367,45,1,3,4302,195192,0,0,0.000,12.726,53.092,0,0.000,24.868,17.020,0,0,1,0,4
PPG,4,357972,14320430587,182,74894,79589,78860.719,728.281,111.000,0,1,0,0,93.75,93.75,2,1,0,nan,4,0,24,1,1,20,20,0,0,0,1438336715,0.04883,0.00928,0.95068,0.95198,-0.00718,-0.00108,-0.00087,0.00732,0.95698,0.00737,0.00732,3,12135,0,25926,0.22592,0.18645,0.82531,81,1,89.367,45,1,3,2602,195192,0,0,0.000,12.726,53.092,0,0.000,24.868,17.020,0,0,1,0,4
PPG,4,357973,14320470587,123,74830,79526,78867.375,658.625,85.000,0,0,0,0,93.75,93.75,2,1,0,nan,4,0,24,1,1,21,21,0,0,0,1438378420,0.04419,0.00562,0.95215,0.95319,-0.00585,0.00052,-0.00194,0.00619,0.95537,0.00339,0.00648,3,12161,0,25926,0.22592,0.18645,0.82531,81,1,89.367,45,1,3,4312,195192,0,0,0.000,12.726,53.092,0,0.000,24.868,17.020,0,0,1,0,4
PPG,4,357974,14320510587,125,74799,79509,78873.789,635.211,57.828,0,0,0,0,93.75,93.75,2,1,0,nan,4,0,24,1,1,22,22,0,0,0,1438417391,0.04468,0.00269,0.95142,0.95247,-0.00505,-0.00001,-0.00087,0.00513,0.95396,0.00189,0.00622,3,12125,0,25926,0.22592,0.18645,0.82531,81,1,89.367,45,1,3,4304,195192,0,0,0.000,12.726,53.092,0,0.000,24.868,17.020,0,0,1,0,4
PPG,4,357975,14320550587,123,74778,79490,78879.953,610.047,36.938,0,0,0,0,93.75,93.75,2,1,0,nan,4,0,24,1,1,23,23,0,0,0,1438456386,0.04590,0.00391,0.94873,0.94985,-0.00692,-0.00028,-0.00194,0.00719,0.95950,0.00704,0.00719,3,12140,0,25926,0.22592,0.18645,0.82531,81,1,89.367,45,1,3,2599,195192,0,0,0.000,12.726,53.092,0,0.000,24.868,17.020,0,0,1,0,4
PPG,4,357976,14320590587,130,74767,79474,78885.891,588.109,22.672,0,0,0,0,93.75,93.75,2,1,0,nan,4,0,24,1,1,24,24,0,0,0,1438498107,0.04297,0.00195,0.95337,0.95434,-0.00692,0.00025,-0.00141,0.00706,0.95828,0.00632,0.00706,3,12132,0,25926,0.22592,0.18645,0.82531,81,1,89.367,45,1,3,4306,195192,0,0,0.000,12.726,53.092,0,0.000,24.868,17.020,0,0,1,0,4
PPG,4,357977,14320630587,124,74777,79482,78891.852,590.148,2.141,0,0,0,0,93.75,93.75,2,1,0,nan,4,0,24,1,1,25,25,0,0,0,1438537352,0.03955,0.00024,0.95239,0.95321,-0.00665,-0.00028,-0.00194,0.00693,0.95488,0.00486,0.00693,3,12262,0,25926,0.22592,0.18645,0.82531,81,1,89.367,45,1,3,4320,195192,0,0,0.000,12.726,53.092,0,0.000,24.868,17.020,0,0,1,0,4
PPG,4,357978,14320670587,126,74773,79493,78897.859,595.141,-19.750,1,0,0,0,93.75,93.75,2,1,0,nan,4,0,24,1,1,26,26,0,0,0,1438576715,0.04590,0.00684,0.95190,0.95303,-0.00638,-0.00055,-0.00114,0.00651,0.95416,0.00294,0.00651,3,12295,0,25926,0.22592,0.18645,0.82531,81,1,89.367,45,1,3,2635,195192,0,0,0.000,12.726,53.092,0,257.391,24.868,17.020,1,0,1,0,4
PPG,4,357979,14320710587,144,74768,79490,78903.781,586.219,-38.039,0,0,1,860,69.77,69.77,2,1,512,nan,4,0,24,1,1,27,27,0,0,0,1438618653,0.04224,0.00635,0.95142,0.95237,-0.00585,-0.00028,-0.00087,0.00592,0.95491,0.00241,0.00648,3,12220,0,25926,0.22592,0.18645,0.82531,81,1,89.367,45,1,3,4350,195192,0,0,187.383,12.726,53.092,1,0.000,24.868,17.020,0,1,1,0,5
PPG,4,357980,14320750587,138,74774,79508,78909.820,598.180,-44.758,0,0,0,0,69.77,69.77,2,1,512,nan,4,0,24,1,1,28,28,0,0,0,1438658087,0.04321,0.00464,0.95264,0.95363,-0.00558,0.00025,-0.00114,0.00571,0.95513,0.00328,0.00660,3,12265,0,25926,0.22592,0.18645,0.82531,81,1,89.367,45,1,3,4335,195192,0,0,0.000,12.726,53.090,0,0.000,25.008,17.222,0,0,1,0,5
PPG,4,357981,14320790587,124,74781,79531,78916.031,614.969,-45.820,0,0,0,0,69.77,69.77,2,1,512,nan,4,0,24,1,1,29,29,0,0,0,1438697488,0.04224,0.00244,0.95459,0.95553,-0.00638,-0.00028,-0.00194,0.00668,0.95922,0.00369,0.00744,3,12247,0,25926,0.22592,0.18645,0.82531,81,1,89.367,45,1,3,4324,195192,0,0,0.000,12.726,53.090,0,0.000,25.008,17.222,0,0,1,0,5
PPG,4,357982,14320830587,126,74804,79558,78922.453,635.547,-39.609,0,0,0,0,69.77,69.77,2,1,512,nan,4,0,24,1,1,30,30,0,0,0,1438736818,0.04077,0.00415,0.95410,0.95498,-0.00665,-0.00135,-0.00221,0.00713,0.95498,0.00289,0.00713,3,12270,0,25926,0.22592,0.18645,0.82531,81,1,89.367,45,1,3,2639,195192,0,0,0.000,12.726,53.090,0,0.000,25.008,17.222,0,0,1,0,5
PPG,4,357983,14320870587,141,74823,79587,78929.102,657.898,-27.211,0,0,0,0,69.77,69.77,2,1,512,nan,4,0,24,1,1,31,31,0,0,0,1438778789,0.04443,0.00757,0.95557,0.95663,-0.00638,-0.00055,-0.00141,0.00656,0.95663,0.00426,0.00675,3,12246,0,25926,0.22592,0.18645,0.82531,81,1,89.367,45,1,3,4330,195192,0,0,0.000,12.726,53.090,0,0.000,25.008,17.222,0,0,1,0,5
PPG,4,357984,14320910587,133,74817,79587,78935.680,651.320,-13.359,0,0,0,0,69.77,69.77,2,1,512,nan,4,0,24,1,1,0,0,0,0,0,1438818198,0.04663,0.00342,0.95581,0.95695,-0.00612,-0.00028,-0.00194,0.00642,0.95695,0.01188,0.00644,3,12281,0,25926,0.22592,0.18645,0.82531,81,1,89.367,45,1,3,4349,195192,0,0,0.000,12.726,53.090,0,0.000,25.008,17.222,0,0,1,0,5
PPG,4,357985,14320950587,124,74792,79518,78941.500,576.500,-6.039,0,0,0,0,69.77,69.77,2,1,512,nan,4,0,24,1,1,1,1,0,0,0,1438857541,0.04419,0.00732,0.94922,0.95028,-0.00638,-0.00028,-0.00247,0.00685,0.95674,0.00589,0.00706,3,12251,0,25926,0.22592,0.18645,0.82531,81,1,89.367,45,1,3,4313,195192,0,0,0.000,12.726,53.090,0,0.000,25.008,17.222,0,0,1,0,5
PPG,4,357986,14320990587,130,74741,79423,78946.312,476.688,-5.914,0,0,0,0,69.77,69.77,2,1,512,nan,4,0,24,1,1,2,2,0,0,0,1438901093,0.04102,0.00708,0.95361,0.95452,-0.00479,-0.00028,-0.00061,0.00483,0.95698,0.00670,0.00527,3,16528,0,25926,0.22592,0.18645,0.82531,81,1,89.367,45,1,3,16456,195192,0,0,0.000,12.726,53.090,0,0.000,25.008,17.222,0,0,1,0,5
PPG,4,357987,14321030587,139,74748,79398,78950.828,447.172,-10.281,0,0,0,0,69.77,69.77,2,1,512,nan,4,0,24,1,1,3,3,0,0,0,1438937923,0.04590,0.00122,0.95776,0.95886,-0.00532,-0.00028,-0.00087,0.00540,0.96073,0.00502,0.00594,3,12230,0,25926,0.22592,0.18645,0.82531,81,1,89.367,45,1,3,4348,195192,0,0,0.000,12.726,53.090,0,0.000,25.008,17.222,0,0,1,0,5
PPG,4,357988,14321070587,124,74752,79434,78955.656,478.344,-16.688,0,0,0,0,69.77,69.77,2,1,512,nan,4,0,24,1,1,4,4,0,0,0,1438977231,0.04468,0.00317,0.95801,0.95905,-0.00612,-0.00108,-0.00167,0.00643,0.95905,0.00669,0.00643,3,12240,0,25926,0.22592,0.18645,0.82531,81,1,89.367,45,1,3,2638,195192,0,0,0.000,12.726,53.090,0,0.000,25.008,17.222,0,0,1,0,5
PPG,4,357989,14321110587,142,74750,79450,78960.602,489.398,-27.562,0,0,0,0,69.77,69.77,2,1,512,nan,4,0,24,1,1,5,5,0,0,0,1439019169,0.04321,0.00269,0.95410,0.95508,-0.00638,-0.00161,-0.00221,0.00694,0.95655,0.00280,0.00699,3,12235,0,25926,0.22592,0.18645,0.82531,81,1,89.367,45,1,3,4348,195192,0,0,0.000,12.726,53.090,0,0.000,25.008,17.222,0,0,1,0,5
PPG,4,357990,14321150587,124,74767,79470,78965.695,504.305,-37.977,0,0,0,0,69.77,69.77,2,1,512,nan,4,0,24,1,1,6,6,0,0,0,1439058530,0.04346,0.00317,0.95532,0.95632,-0.00612,-0.00081,-0.00194,0.00647,0.95938,0.01047,0.00701,3,12250,0,25926,0.22592,0.18645,0.82531,81,1,89.367,45,1,3,4339,195192,0,0,0.000,12.726,53.090,0,0.000,25.008,17.222,0,0,1,0,5
PPG,4,357991,14321190587,123,74773,79497,78971.008,525.992,-44.992,0,0,0,0,69.77,69.77,2,1,512,nan,4,0,24,1,1,7,7,0,0,0,1439097856,0.04199,0.00513,0.95703,0.95797,-0.00612,-0.00081,-0.00114,0.00628,0.96158,0.00835,0.00695,3,12283,0,25926,0.22592,0.18645,0.82531,81,1,89.367,45,1,3,4328,195192,0,0,0.000,12.726,53.090,0,0.000,25.008,17.222,0,0,1,0,5
PPG,4,357992,14321230587,124,74768,79497,78976.266,520.734,-43.391,0,0,0,0,69.77,69.77,2,1,512,nan,4,0,24,1,1,8,8,0,0,0,1439137086,0.04590,0.00659,0.95044,0.95157,-0.00665,-0.00028,-0.00114,0.00675,0.95350,0.00446,0.00675,3,12242,0,25926,0.22592,0.18645,0.82531,81,1,89.367,45,1,3,2601,195192,0,0,0.000,12.726,53.090,0,0.000,25.008,17.222,0,0,1,0,5
PPG,4,357993,14321270587,124,74768,79489,78981.391,507.609,-32.109,0,0,0,0,69.77,69.77,2,1,512,nan,4,0,24,1,1,9,9,0,0,0,1439178676,0.04297,0.00122,0.95581,0.95678,-0.00585,-0.00081,-0.00247,0.00640,0.95680,0.00356,0.00646,3,12118,0,25926,0.22592,0.18645,0.82531,81,1,89.367,45,1,3,4294,195192,0,0,0.000,12.726,53.090,0,0.000,25.008,17.222,0,0,1,0,5
PPG,4,357994,14321310587,125,74762,79492,78986.500,505.500,-17.828,1,0,0,0,69.77,69.77,2,1,512,nan,4,0,24,1,1,10,10,0,0,0,1439217725,0.04468,0.00488,0.95410,0.95516,-0.00638,-0.00001,-0.00221,0.00675,0.95987,0.00471,0.00675,3,12135,0,25926,0.22592,0.18645,0.82531,81,1,89.367,45,1,3,4298,195192,0,0,0.000,12.726,53.090,0,39.906,25.008,17.222,1,0,1,0,5
PPG,4,357995,14321350587,123,74769,79502,78991.656,510.344,-8.711,0,0,0,0,69.77,69.77,2,1,512,nan,4,0,24,1,1,11,11,0,0,0,1439256740,0.04370,0.00342,0.95410,0.95511,-0.00638,0.00025,-0.00034,0.00640,0.96299,0.01161,0.00646,3,12132,0,25926,0.22592,0.18645,0.82531,81,1,89.367,45,1,3,2604,195192,0,0,0.000,12.726,53.090,0,0.000,25.008,17.222,0,0,1,0,5
PPG,4,357996,14321390587,534,74780,79522,78996.961,525.039,-0.828,0,0,1,660,90.91,90.91,2,1,0,nan,4,1,24,1,1,12,12,0,0,0,1439298295,0.04321,0.00293,0.95459,0.95557,-0.00558,-0.00028,-0.00167,0.00584,0.95660,0.00340,0.00664,3,12130,0,25926,0.12895,0.15140,1.17411,93,1,80.647,78,1,3,4346,195192,0,0,32.031,12.726,53.090,1,0.000,25.008,17.222,0,1,1,0,6
PPG,4,357997,14321430587,173,74763,79521,79002.203,518.797,4.508,0,0,0,0,90.91,90.91,2,1,0,nan,4,1,24,1,1,13,13,0,0,0,1439337787,0.04199,0.00708,0.95166,0.95261,-0.00585,-0.00001,-0.00194,0.00616,0.95761,0.00672,0.00616,3,12120,0,25926,0.12895,0.15140,1.17411,93,1,80.647,78,1,3,4311,195192,0,0,0.000,11.754,47.588,0,0.000,23.771,15.431,0,0,1,0,6
PPG,4,357998,14321470587,134,74762,79511,79007.289,503.711,5.609,0,0,0,0,90.91,90.91,2,1,0,nan,4,1,24,1,1,14,14,0,0,0,1439376962,0.04443,0.00415,0.95801,0.95905,-0.00505,-0.00028,-0.00087,0.00513,0.95905,0.00719,0.00686,3,12269,0,25926,0.12895,0.15140,1.17411,93,1,80.647,78,1,3,2618,195192,0,0,0.000,11.754,47.588,0,0.000,23.771,15.431,0,0,1,0,6
PPG,4,357999,14321510587,124,74776,79551,79012.727,538.273,10.273,0,0,0,0,90.91,90.91,2,1,0,nan,4,1,24,1,1,15,15,0,0,0,1439418576,0.04419,0.00635,0.95386,0.95490,-0.00558,0.00025,-0.00061,0.00562,0.95931,0.00752,0.00609,3,12120,0,25926,0.12895,0.15140,1.17411,93,1,80.647,78,1,3,4300,195192,0,0,0.000,11.754,47.588,0,0.000,23.771,15.431,0,0,1,0,6
PPG,4,358000,14321550587,125,74800,79565,79018.250,546.750,18.281,0,0,0,0,90.91,90.91,2,1,0,nan,4,1,24,1,1,16,16,0,0,0,1439457527,0.03979,0.00244,0.95264,0.95347,-0.00638,-0.00001,-0.00194,0.00667,0.95347,0.00556,0.00667,3,12117,0,25926,0.12895,0.15140,1.17411,93,1,80.647,78,1,3,2599,195192,0,0,0.000,11.754,47.588,0,0.000,23.771,15.431,0,0,1,0,6
PPG,4,358001,14321590587,127,74787,79582,79023.891,558.109,28.586,0,0,0,0,90.91,90.91,2,1,0,nan,4,1,24,1,1,17,17,0,0,0,1439499130,0.04102,0.00415,0.95532,0.95621,-0.00479,0.00025,-0.00141,0.00499,0.95621,0.00258,0.00660,3,12150,0,25926,0.12895,0.15140,1.17411,93,1,80.647,78,1,3,4299,195192,0,0,0.000,11.754,47.588,0,0.000,23.771,15.431,0,0,1,0,6
PPG,4,358002,14321630587,125,74798,79603,79029.680,573.320,40.758,0,0,0,0,90.91,90.91,2,1,0,nan,4,1,24,1,1,18,18,0,0,0,1439538111,0.04199,0.00366,0.95410,0.95503,-0.00505,-0.00055,0.00019,0.00508,0.95507,0.00114,0.00642,3,12120,0,25926,0.12895,0.15140,1.17411,93,1,80.647,78,1,3,4294,195192,0,0,0.000,11.754,47.588,0,0.000,23.771,15.431,0,0,1,0,6
PPG,4,358003,14321670587,125,74785,79558,79034.961,523.039,47.359,0,0,0,0,90.91,90.91,2,1,0,nan,4,1,24,1,1,19,19,0,0,0,1439577050,0.04321,0.00269,0.95361,0.95460,-0.00638,-0.00055,-0.00061,0.00644,0.95638,0.00382,0.00673,3,12111,0,25926,0.12895,0.15140,1.17411,93,1,80.647,78,1,3,2594,195192,0,0,0.000,11.754,47.588,0,0.000,23.771,15.431,0,0,1,0,6
PPG,4,358004,14321710587,135,74762,79458,79039.188,418.812,44.812,0,0,0,0,90.91,90.91,2,1,0,nan,4,1,24,1,1,20,20,0,0,0,1439618704,0.04492,0.00244,0.95313,0.95419,-0.00585,-0.00001,-0.00007,0.00585,0.95419,0.00258,0.00585,3,12117,0,25926,0.12895,0.15140,1.17411,93,1,80.647,78,1,3,4298,195192,0,0,0.000,11.754,47.588,0,0.000,23.771,15.431,0,0,1,0,6
PPG,4,358005,14321750587,130,74748,79424,79043.039,380.961,37.078,0,1,0,0,90.91,90.91,2,1,0,nan,4,1,24,1,1,21,21,0,0,0,1439657753,0.04272,0.00342,0.95435,0.95531,-0.00665,-0.00028,-0.00114,0.00675,0.95903,0.00482,0.00675,3,12118,0,25926,0.12895,0.15140,1.17411,93,1,80.647,78,1,3,4297,195192,0,0,22.539,11.754,47.588,1,0.000,23.771,15.431,0,0,1,0,6
PPG,4,358006,14321790587,136,74735,79445,79047.062,397.938,20.836,0,0,0,0,90.91,90.91,2,1,0,nan,4,1,24,1,1,22,22,0,0,0,1439696819,0.04590,0.00366,0.95435,0.95546,-0.00612,0.00025,-0.00141,0.00628,0.95692,0.00161,0.00635,3,12160,0,25926,0.12895,0.15140,1.17411,93,1,80.647,78,1,3,2627,195192,0,0,0.000,11.754,47.588,0,0.000,23.771,15.431,0,0,1,0,6
PPG,4,358007,14321830587,125,74736,79462,79051.211,410.789,2.922,0,0,0,0,90.91,90.91,2,1,0,nan,4,1,24,1,1,23,23,0,0,0,1439738520,0.04565,0.00024,0.95313,0.95422,-0.00558,-0.00055,-0.00300,0.00637,0.95634,0.00212,0.00675,3,12115,0,25926,0.12895,0.15140,1.17411,93,1,80.647,78,1,3,4294,195192,0,0,0.000,11.754,47.588,0,0.000,23.771,15.431,0,0,1,0,6
PPG,4,358008,14321870587,125,74759,79490,79055.602,434.398,-13.023,0,0,0,0,90.91,90.91,2,1,0,nan,4,1,24,1,1,24,24,0,0,0,1439777504,0.04346,0.00122,0.95313,0.95412,-0.00558,-0.00055,-0.00034,0.00562,0.95412,0.00229,0.00623,3,12127,0,25926,0.12895,0.15140,1.17411,93,1,80.647,78,1,3,2597,195192,0,0,0.000,11.754,47.588,0,0.000,23.771,15.431,0,0,1,0,6
PPG,4,358009,14321910587,137,74756,79503,79060.078,442.922,-29.961,0,0,0,0,90.91,90.91,2,1,0,nan,4,1,24,1,1,25,25,0,0,0,1439855378,0.04272,0.00366,0.95313,0.95409,-0.00585,0.00052,-0.00087,0.00594,0.95409,0.00075,0.00594,2,60628,0,25931,0.12895,0.15140,1.17411,93,1,80.647,78,1,3,60672,195192,0,0,0.000,11.754,47.588,0,0.000,23.771,15.431,0,0,1,0,6
PPG,4,358010,14321950587,127,74767,79525,79064.727,460.273,-37.422,0,0,0,0,90.91,90.91,2,1,0,nan,4,1,24,1,1,26,26,0,0,0,1439867541,0.04468,0.00562,0.95166,0.95272,-0.00612,-0.00001,-0.00087,0.00618,0.95272,0.00136,0.00618,1,12163,0,25931,0.12895,0.15140,1.17411,93,1,80.647,78,1,3,12086,195192,0,0,0.000,11.754,47.588,0,0.000,23.771,15.431,0,0,1,0,6
PPG,4,358011,14321990587,128,74772,79510,79069.180,440.820,-30.641,1,0,0,0,90.91,90.91,2,1,0,nan,4,1,24,1,1,27,27,0,0,0,1439901215,0.04614,0.00513,0.95142,0.95255,-0.00638,0.00025,-0.00167,0.00660,0.95590,0.00335,0.00693,2,21559,0,25932,0.12895,0.15140,1.17411,93,1,80.647,78,1,3,14501,195192,0,0,0.000,11.754,47.588,0,92.352,23.771,15.431,1,0,1,0,6
PPG,4,358012,14322030587,131,74759,79511,79073.602,437.398,-18.914,0,0,0,0,90.91,90.91,2,1,0,nan,4,1,24,1,1,28,28,0,0,0,1439937655,0.04028,0.00439,0.94873,0.94960,-0.00558,-0.00001,-0.00167,0.00583,0.95695,0.00714,0.00586,3,12105,0,25932,0.12895,0.15140,1.17411,93,1,80.647,78,1,3,2601,195192,0,0,0.000,11.754,47.588,0,0.000,23.771,15.431,0,0,1,0,6
PPG,4,358013,14322070587,149,74747,79512,79077.984,434.016,-10.492,0,0,1,680,88.24,88.24,2,1,16,nan,4,1,24,1,1,29,29,0,0,0,1439979231,0.04004,0.00391,0.95532,0.95617,-0.00612,0.00025,-0.00141,0.00628,0.95630,0.00670,0.00720,3,12128,0,25932,0.12895,0.15140,1.17411,93,1,80.647,78,1,3,4298,195192,0,0,17.148,11.754,47.588,1,0.000,23.771,15.431,0,1,1,0,6
PPG,4,358014,14322110587,127,74754,79526,79082.461,443.539,-3.047,0,0,0,0,88.24,88.24,2,1,16,nan,4,1,24,1,1,30,30,0,0,0,1440018341,0.04443,0.00146,0.95459,0.95562,-0.00638,-0.00081,-0.00167,0.00665,0.95562,0.00867,0.00665,3,12162,0,25932,0.12895,0.15140,1.17411,93,1,80.647,78,1,3,4304,195192,0,0,0.000,10.811,42.247,0,0.000,23.017,14.338,0,0,1,0,6
PPG,4,358015,14322150587,125,74776,79556,79087.195,468.805,3.680,0,0,0,0,88.24,88.24,2,1,16,nan,4,1,24,1,1,31,31,0,0,0,1440057302,0.04492,0.00073,0.94971,0.95077,-0.00505,-0.00001,-0.00114,0.00518,0.95415,0.00412,0.00698,3,12128,0,25932,0.12895,0.15140,1.17411,93,1,80.647,78,1,3,2613,195192,0,0,0.000,10.811,42.247,0,0.000,23.017,14.338,0,0,1,0,6
PPG,4,358016,14322190587,127,74789,79577,79092.094,484.906,11.500,0,0,0,0,88.24,88.24,2,1,16,nan,4,1,24,1,1,0,0,0,0,0,1440098882,0.04712,0.00464,0.95044,0.95162,-0.00612,-0.00108,-0.00247,0.00669,0.96107,0.00945,0.00669,3,12129,0,25932,0.12895,0.15140,1.17411,93,1,80.647,78,1,3,4294,195192,0,0,0.000,10.811,42.247,0,0.000,23.017,14.338,0,0,1,0,6
PPG,4,358017,14322230587,125,74783,79578,79096.953,481.047,16.219,0,0,0,0,88.24,88.24,2,1,16,nan,4,1,24,1,1,1,1,0,0,0,1440137882,0.04614,0.00415,0.95386,0.95498,-0.00585,-0.00081,-0.00141,0.00607,0.95498,0.00387,0.00732,3,12121,0,25932,0.12895,0.15140,1.17411,93,1,80.647,78,1,3,4294,195192,0,0,0.000,10.811,42.247,0,0.000,23.017,14.338,0,0,1,0,6
PPG,4,358018,14322270587,127,74789,79591,79101.891,489.109,23.789,0,0,0,0,88.24,88.24,2,1,16,nan,4,1,24,1,1,2,2,0,0,0,1440176873,0.04126,0.00537,0.94702,0.94794,-0.00665,-0.00001,-0.00087,0.00671,0.96034,0.00790,0.00671,3,12127,0,25932,0.12895,0.15140,1.17411,93,1,80.647,78,1,3,2602,195192,0,0,0.000,10.811,42.247,0,0.000,23.017,14.338,0,0,1,0,6
PPG,4,358019,14322310587,125,74791,79607,79106.945,500.055,34.711,0,0,0,0,88.24,88.24,2,1,16,nan,4,1,24,1,1,3,3,0,0,0,1440218451,0.04395,0.00171,0.95459,0.95560,-0.00638,-0.00001,-0.00167,0.00660,0.95581,0.00788,0.00660,3,12144,0,25932,0.12895,0.15140,1.17411,93,1,80.647,78,1,3,4338,195192,0,0,0.000,10.811,42.247,0,0.000,23.017,14.338,0,0,1,0,6
PPG,4,358020,14322350587,128,74790,79623,79112.109,510.891,47.664,0,1,0,0,88.24,88.24,2,1,16,nan,4,1,24,1,1,4,4,0,0,0,1440257427,0.04248,0.00317,0.95117,0.95213,-0.00638,-0.00135,-0.00167,0.00674,0.95501,0.00289,0.00674,3,12117,0,25932,0.12895,0.15140,1.17411,93,1,80.647,78,1,3,2609,195192,0,0,0.000,10.811,42.247,0,0.000,23.017,14.338,0,0,1,0,6
PPG,4,358021,14322390587,519,74795,79627,79117.258,509.742,59.844,0,0,0,0,88.24,88.24,2,1,16,nan,4,1,24,1,1,5,5,0,0,0,1440298984,0.04053,0.00391,0.95313,0.95399,-0.00558,-0.00001,-0.00247,0.00611,0.95533,0.00536,0.00685,3,12115,0,25932,0.09724,0.07446,0.76578,92,1,90.856,65,1,3,4301,195192,0,0,0.000,10.811,42.247,0,0.000,23.017,14.338,0,0,1,0,6
PPG,4,358022,14322430587,175,74782,79639,79122.477,516.523,69.898,0,0,0,0,88.24,88.24,2,1,16,nan,4,1,24,1,1,6,6,0,0,0,1440338441,0.04468,0.00342,0.95044,0.95150,-0.00558,-0.00001,-0.00167,0.00583,0.95674,0.00593,0.00587,3,12143,0,25932,0.09724,0.07446,0.76578,92,1,90.856,65,1,3,4303,195192,0,0,0.000,10.811,42.247,0,0.000,23.017,14.338,0,0,1,0,6
PPG,4,358023,14322470587,140,74768,79544,79126.695,417.305,65.891,0,0,0,0,88.24,88.24,2,1,16,nan,4,1,24,1,1,7,7,0,0,0,1440377440,0.03979,0.00317,0.95386,0.95469,-0.00638,-0.00001,-0.00034,0.00639,0.95469,0.00398,0.00653,3,12111,0,25932,0.09724,0.07446,0.76578,92,1,90.856,65,1,3,2605,195192,0,0,0.000,10.811,42.247,0,0.000,23.017,14.338,0,0,1,0,6
PPG,4,358024,14322510587,127,74728,79469,79130.117,338.883,49.758,0,0,0,0,88.24,88.24,2,1,16,nan,4,1,24,1,1,8,8,0,0,0,1440419036,0.04272,0.00562,0.95483,0.95581,-0.00532,-0.00081,-0.00194,0.00572,0.95581,0.00212,0.00572,3,12150,0,25932,0.09724,0.07446,0.76578,92,1,90.856,65,1,3,4341,195192,0,0,0.000,10.811,42.247,0,0.000,23.017,14.338,0,0,1,0,6
PPG,4,358025,14322550587,125,74735,79467,79133.484,333.516,29.898,0,0,0,0,88.24,88.24,2,1,16,nan,4,1,24,1,1,9,9,0,0,0,1440458007,0.04614,0.00488,0.95410,0.95523,-0.00585,0.00025,-0.00221,0.00626,0.95523,0.00597,0.00626,3,12119,0,25932,0.09724,0.07446,0.76578,92,1,90.856,65,1,3,4299,195192,0,0,0.000,10.811,42.247,0,0.000,23.017,14.338,0,0,1,0,6
PPG,4,358026,14322590587,127,74757,79509,79137.242,371.758,12.703,0,0,0,0,88.24,88.24,2,1,16,nan,4,1,24,1,1,10,10,0,0,0,1440496959,0.04541,0.00122,0.95239,0.95348,-0.00638,-0.00081,-0.00141,0.00659,0.95800,0.00452,0.00659,3,12132,0,25932,0.09724,0.07446,0.76578,92,1,90.856,65,1,3,2599,195192,0,0,0.000,10.811,42.247,0,0.000,23.017,14.338,0,0,1,0,6
PPG,4,358027,14322630587,125,74765,79526,79141.133,384.867,-4.359,0,0,0,0,88.24,88.24,2,1,16,nan,4,1,24,1,1,11,11,0,0,0,1440538560,0.04443,0.00122,0.95557,0.95660,-0.00532,-0.00001,-0.00194,0.00566,0.95733,0.00386,0.00584,3,12123,0,25932,0.09724,0.07446,0.76578,92,1,90.856,65,1,3,4301,195192,0,0,0.000,10.811,42.247,0,0.000,23.017,14.338,0,0,1,0,6
PPG,4,358028,14322670587,126,74769,79551,79145.234,405.766,-18.258,0,0,0,0,88.24,88.24,2,1,16,nan,4,1,24,1,1,12,12,0,0,0,1440577517,0.04224,0.00342,0.94922,0.95016,-0.00505,-0.00108,-0.00114,0.00529,0.95016,0.01033,0.00586,3,12116,0,25932,0.09724,0.07446,0.76578,92,1,90.856,65,1,3,2599,195192,0,0,0.000,10.811,42.247,0,0.000,23.017,14.338,0,0,1,0,6
PPG,4,358029,14322710587,125,74783,79570,79149.484,420.516,-31.469,0,0,0,0,88.24,88.24,2,1,16,nan,4,1,24,1,1,13,13,0,0,0,1440619065,0.04565,-0.00049,0.94507,0.94617,-0.00532,0.00079,-0.00221,0.00581,0.95728,0.00711,0.00668,3,12127,0,25932,0.09724,0.07446,0.76578,92,1,90.856,65,1,3,4301,195192,0,0,0.000,10.811,42.247,0,0.000,23.017,14.338,0,0,1,0,6
PPG,4,358030,14322750587,144,74774,79572,79153.711,418.289,-29.820,1,0,1,720,88.24,88.24,2,1,16,nan,4,1,24,1,1,14,14,0,0,0,1440658033,0.04395,0.00342,0.95264,0.95366,-0.00558,-0.00055,-0.00167,0.00586,0.95693,0.01076,0.00592,3,12118,0,25932,0.09724,0.07446,0.76578,92,1,90.856,65,1,3,4297,195192,0,0,35.523,10.811,42.247,1,107.320,23.017,14.338,1,1,1,0,6
PPG,4,358031,14322790587,125,74769,79576,79157.938,418.062,-17.836,0,0,0,0,88.24,88.24,2,1,16,nan,4,1,24,1,1,15,15,0,0,0,1440697039,0.04248,0.00635,0.95483,0.95580,-0.00585,-0.00081,-0.00167,0.00614,0.95580,0.00521,0.00614,3,12122,0,25932,0.09724,0.07446,0.76578,92,1,90.856,65,1,3,2595,195192,0,0,0.000,10.101,38.223,0,0.000,22.450,13.517,0,0,1,0,6
PPG,4,358032,14322830587,130,74780,79575,79162.109,412.891,-5.609,0,0,0,0,88.24,88.24,2,1,16,nan,4,1,24,1,1,16,16,0,0,0,1440738703,0.04346,0.00562,0.95483,0.95584,-0.00612,-0.00108,-0.00114,0.00632,0.95584,0.00206,0.00632,3,12119,0,25932,0.09724,0.07446,0.76578,92,1,90.856,65,1,3,4298,195192,0,0,0.000,10.101,38.223,0,0.000,22.450,13.517,0,0,1,0,6
PPG,4,358033,14322870587,141,74752,79578,79166.266,411.734,0.953,0,0,0,0,88.24,88.24,2,1,16,nan,4,1,24,1,1,17,17,0,0,0,1440777646,0.03833,0.00269,0.95020,0.95097,-0.00585,0.00025,-0.00247,0.00636,0.95569,0.00430,0.00636,3,12109,0,25932,0.09724,0.07446,0.76578,92,1,90.856,65,1,3,2596,195192,0,0,0.000,10.101,38.223,0,0.000,22.450,13.517,0,0,1,0,6
PPG,4,358034,14322910587,132,74759,79595,79170.555,424.445,7.359,0,0,0,0,88.24,88.24,2,1,16,nan,4,1,24,1,1,18,18,0,0,0,1440819181,0.04395,0.00488,0.95532,0.95634,-0.00638,-0.00001,-0.00141,0.00654,0.95956,0.00859,0.00654,3,12108,0,25932,0.09724,0.07446,0.76578,92,1,90.856,65,1,3,4317,195192,0,0,0.000,10.101,38.223,0,0.000,22.450,13.517,0,0,1,0,6
PPG,4,358035,14322950587,128,74789,79624,79175.086,448.914,14.391,0,0,0,0,88.24,88.24,2,1,16,nan,4,1,24,1,1,19,19,0,0,0,1440858135,0.04199,0.00293,0.95898,0.95991,-0.00505,-0.00001,-0.00194,0.00541,0.95991,0.00361,0.00551,3,12105,0,25932,0.09724,0.07446,0.76578,92,1,90.856,65,1,3,4295,195192,0,0,0.000,10.101,38.223,0,0.000,22.450,13.517,0,0,1,0,6
PPG,4,358036,14322990587,133,74783,79623,79179.562,443.438,19.656,0,0,0,0,88.24,88.24,2,1,16,nan,4,1,24,1,1,20,20,0,0,0,1440901197,0.04517,0.00244,0.95093,0.95200,-0.00558,0.00105,-0.00194,0.00600,0.95326,0.00677,0.00659,3,16238,0,25932,0.09724,0.07446,0.76578,92,1,90.856,65,1,3,16174,195192,0,0,0.000,10.101,38.223,0,0.000,22.450,13.517,0,0,1,0,6
PPG,4,358037,14323030587,130,74783,79634,79184.109,449.891,25.711,0,0,0,0,88.24,88.24,2,1,16,nan,4,1,24,1,1,21,21,0,0,0,1440937787,0.04175,0.00488,0.95435,0.95527,-0.00692,-0.00081,-0.00221,0.00731,0.95527,0.00387,0.00731,3,12162,0,25932,0.09724,0.07446,0.76578,92,1,90.856,65,1,3,2614,195192,0,0,0.000,10.101,38.223,0,0.000,22.450,13.517,0,0,1,0,6
PPG,4,358038,14323070587,128,74768,79627,79188.539,438.461,31.203,0,0,0,0,88.24,88.24,2,1,16,nan,4,1,24,1,1,22,22,0,0,0,1440979381,0.04199,0.00635,0.95483,0.95578,-0.00558,-0.00108,-0.00194,0.00601,0.95578,0.00654,0.00642,3,12134,0,25932,0.09724,0.07446,0.76578,92,1,90.856,65,1,3,4296,195192,0,0,0.000,10.101,38.223,0,0.000,22.450,13.517,0,0,1,0,6
PPG,4,358039,14323110587,126,74777,79640,79193.055,446.945,38.836,0,0,0,0,88.24,88.24,2,1,16,nan,4,1,24,1,1,23,23,0,0,0,1441018375,0.04492,0.00659,0.95044,0.95152,-0.00505,-0.00081,-0.00114,0.00524,0.95612,0.00459,0.00708,3,12132,0,25932,0.09724,0.07446,0.76578,92,1,90.856,65,1,3,4295,195192,0,0,0.000,10.101,38.223,0,0.000,22.450,13.517,0,0,1,0,6
PPG,4,358040,14323150587,128,74787,79638,79197.508,440.492,46.656,0,0,0,0,88.24,88.24,2,1,16,nan,4,1,24,1,1,24,24,0,0,0,1441057366,0.04541,0.00537,0.95776,0.95885,-0.00505,-0.00081,-0.00141,0.00531,0.95885,0.00669,0.00531,3,12129,0,25932,0.09724,0.07446,0.76578,92,1,90.856,65,1,3,2606,195192,0,0,11.891,10.101,38.223,1,0.000,22.450,13.517,0,0,1,0,6
PPG,4,358041,14323190587,126,74779,79667,79202.203,464.797,54.938,0,0,0,0,88.24,88.24,2,1,16,nan,4,1,24,1,1,25,25,0,0,0,1441098950,0.04492,0.00342,0.95825,0.95931,-0.00585,-0.00081,-0.00061,0.00594,0.95931,0.00932,0.00594,3,12122,0,25932,0.09724,0.07446,0.76578,92,1,90.856,65,1,3,4310,195192,0,0,0.000,10.101,38.223,0,0.000,22.450,13.517,0,0,1,0,6
PPG,4,358042,14323230587,139,74778,79661,79206.789,454.211,59.133,0,0,0,0,88.24,88.24,2,1,16,nan,4,1,24,1,1,26,26,0,0,0,1441137991,0.04175,0.00122,0.94824,0.94916,-0.00612,-0.00001,-0.00114,0.00622,0.95383,0.00787,0.00622,3,12152,0,25932,0.09724,0.07446,0.76578,92,1,90.856,65,1,3,2600,195192,0,0,0.000,10.101,38.223,0,0.000,22.450,13.517,0,0,1,0,6
PPG,4,358043,14323270587,136,74776,79662,79211.344,450.656,58.797,0,0,0,0,88.24,88.24,2,1,16,nan,4,1,24,1,1,27,27,0,0,0,1441179599,0.04248,0.00269,0.95020,0.95115,-0.00585,-0.00081,-0.00221,0.00631,0.95723,0.00671,0.00631,3,12126,0,25932,0.09724,0.07446,0.76578,92,1,90.856,65,1,3,4295,195192,0,0,0.000,10.101,38.223,0,0.000,22.450,13.517,0,0,1,0,6
PPG,4,358044,14323310587,129,74747,79578,79215.008,362.992,45.352,0,0,0,0,88.24,88.24,2,1,16,nan,4,1,24,1,1,28,28,0,0,0,1441218580,0.04639,0.00000,0.94995,0.95108,-0.00558,0.00079,-0.00167,0.00588,0.95362,0.00425,0.00588,3,12116,0,25932,0.09724,0.07446,0.76578,92,1,90.856,65,1,3,4301,195192,0,0,0.000,10.101,38.223,0,0.000,22.450,13.517,0,0,1,0,6
PPG,4,358045,14323350587,128,74729,79503,79217.891,285.109,25.836,0,0,0,0,88.24,88.24,2,1,16,nan,4,1,24,1,1,29,29,0,0,0,1441257540,0.04370,0.00537,0.95288,0.95390,-0.00558,-0.00028,-0.00087,0.00566,0.95474,0.00360,0.00671,3,12122,0,25932,0.09724,0.07446,0.76578,92,1,90.856,65,1,3,2596,195192,0,0,0.000,10.101,38.223,0,0.000,22.450,13.517,0,0,1,0,6
PPG,4,358046,14323390587,520,74728,79507,79220.781,286.219,6.938,0,0,0,0,88.24,88.24,2,1,16,nan,4,1,24,1,1,30,30,0,0,0,1441299091,0.04150,0.00684,0.95435,0.95527,-0.00612,0.00025,-0.00087,0.00618,0.96045,0.00927,0.00675,3,12124,0,25932,0.10210,0.06158,0.60314,99,1,94.921,83,1,3,4299,195192,0,0,0.000,10.101,38.223,0,0.000,22.450,13.517,0,0,1,0,6
PPG,4,358047,14323430587,176,74715,79534,79223.914,310.086,-8.320,0,0,0,0,88.24,88.24,2,1,16,nan,4,1,24,1,1,31,31,0,0,0,1441338575,0.04565,0.00684,0.95239,0.95351,-0.00612,-0.00135,-0.00114,0.00637,0.95351,0.00495,0.00693,3,12144,0,25932,0.10210,0.06158,0.60314,99,1,94.921,83,1,3,4301,195192,0,0,0.000,10.101,38.223,0,0.000,22.450,13.517,0,0,1,0,6
PPG,4,358048,14323470587,131,74716,79551,79227.188,323.812,-24.891,0,0,0,0,88.24,88.24,2,1,16,nan,4,1,24,1,1,0,0,0,0,0,1441377609,0.04492,0.00732,0.95288,0.95397,-0.00532,-0.00161,-0.00034,0.00557,0.95544,0.00457,0.00693,3,12118,0,25932,0.10210,0.06158,0.60314,99,1,94.921,83,1,3,2598,195192,0,0,0.000,10.101,38.223,0,0.000,22.450,13.517,0,0,1,0,6
PPG,4,358049,14323510587,133,74726,79583,79230.742,352.258,-36.688,0,0,0,0,88.24,88.24,2,1,16,nan,4,1,24,1,1,1,1,0,0,0,1441419236,0.04370,0.00195,0.94922,0.95023,-0.00532,0.00052,-0.00114,0.00546,0.95470,0.00317,0.00620,3,12122,0,25932,0.10210,0.06158,0.60314,99,1,94.921,83,1,3,4298,195192,0,0,13.781,10.101,38.223,1,0.000,22.450,13.517,0,0,1,0,6
PPG,4,358050,14323550587,151,74745,79576,79234.195,341.805,-49.172,1,0,1,780,83.33,83.33,2,1,16,nan,4,1,24,1,1,2,2,0,0,0,1441458317,0.04224,0.00317,0.95215,0.95309,-0.00585,-0.00081,-0.00087,0.00597,0.95678,0.00655,0.00597,3,12125,0,25932,0.10210,0.06158,0.60314,99,1,94.921,83,1,3,4297,195192,0,0,0.000,10.101,38.223,0,90.602,22.450,13.517,1,1,1,0,6
PPG,4,358051,14323590587,130,74735,79582,79237.672,344.328,-48.898,0,0,0,0,83.33,83.33,2,1,16,nan,4,1,24,1,1,3,3,0,0,0,1441497367,0.03833,0.00366,0.95874,0.95951,-0.00638,-0.00055,-0.00087,0.00647,0.95951,0.00662,0.00647,3,12124,0,25932,0.10210,0.06158,0.60314,99,1,94.921,83,1,3,2600,195192,0,0,0.000,9.344,33.933,0,0.000,21.850,12.648,0,0,1,0,6
PPG,4,358052,14323630587,129,74717,79581,79241.102,339.898,-38.062,0,0,0,0,83.33,83.33,2,1,16,nan,4,1,24,1,1,4,4,0,0,0,1441538932,0.04224,0.00098,0.95752,0.95845,-0.00638,-0.00188,-0.00087,0.00671,0.96201,0.00445,0.00671,3,12120,0,25932,0.10210,0.06158,0.60314,99,1,94.921,83,1,3,4305,195192,0,0,0.000,9.344,33.933,0,0.000,21.850,12.648,0,0,1,0,6
PPG,4,358053,14323670587,142,74712,79590,79244.594,345.406,-26.797,0,0,0,0,83.33,83.33,2,1,16,nan,4,1,24,1,1,5,5,0,0,0,1441577962,0.04077,0.00195,0.95459,0.95546,-0.00585,-0.00108,-0.00167,0.00618,0.95546,0.01168,0.00618,3,12121,0,25932,0.10210,0.06158,0.60314,99,1,94.921,83,1,3,2596,195192,0,0,0.000,9.145,36.072,0,0.000,21.850,12.648,0,0,1,0,6
PPG,4,358054,14323710587,130,74705,79607,79248.219,358.781,-16.969,0,0,0,0,83.33,83.33,2,1,16,nan,4,1,24,1,1,6,6,0,0,0,1441619562,0.04395,0.00586,0.95605,0.95708,-0.00612,-0.00135,-0.00221,0.00664,0.95748,0.00201,0.00665,3,12122,0,25932,0.10210,0.06158,0.60314,99,1,94.921,83,1,3,4302,195192,0,0,0.000,9.145,36.072,0,0.000,21.850,12.648,0,0,1,0,6
PPG,4,358055,14323750587,129,74724,79621,79251.945,369.055,-6.820,0,0,0,0,83.33,83.33,2,1,16,nan,4,1,24,1,1,7,7,0,0,0,1441658575,0.04761,0.00269,0.95679,0.95797,-0.00532,-0.00135,-0.00167,0.00574,0.95797,0.00912,0.00710,3,12144,0,25932,0.10210,0.06158,0.60314,99,1,94.921,83,1,3,4301,195192,0,0,0.000,9.145,36.072,0,0.000,21.850,12.648,0,0,1,0,6
PPG,4,358056,14323790587,142,74678,79624,79255.664,368.336,-1.008,0,0,0,0,83.33,83.33,2,1,16,nan,4,1,24,1,1,8,8,0,0,0,1441697524,0.04297,0.00098,0.95044,0.95141,-0.00558,0.00079,-0.00274,0.00627,0.95273,0.00531,0.00695,3,12119,0,25932,0.10210,0.06158,0.60314,99,1,94.921,83,1,3,2595,195192,0,0,0.000,9.368,33.688,0,0.000,21.850,12.648,0,0,1,0,6
PPG,4,358057,14323830587,129,74683,79642,79259.531,382.469,8.008,0,0,0,0,83.33,83.33,2,1,16,nan,4,1,24,1,1,9,9,0,0,0,1441739067,0.04346,0.00439,0.96045,0.96144,-0.00638,-0.00028,-0.00087,0.00645,0.96144,0.01122,0.00662,3,12115,0,25932,0.10210,0.06158,0.60314,99,1,94.921,83,1,3,4301,195192,0,0,0.000,9.368,33.688,0,0.000,21.850,12.648,0,0,1,0,6
PPG,4,358058,14323870587,130,74692,79650,79263.438,386.562,16.578,0,0,0,0,83.33,83.33,2,1,16,nan,4,1,24,1,1,10,10,0,0,0,1441778034,0.04004,0.00293,0.95508,0.95592,-0.00558,-0.00001,-0.00007,0.00558,0.95662,0.00884,0.00662,3,12121,0,25932,0.10210,0.06158,0.60314,99,1,94.921,83,1,3,2595,195192,0,0,0.000,9.368,33.688,0,0.000,21.850,12.648,0,0,1,0,6
PPG,4,358059,14323910587,129,74686,79667,79267.477,399.523,27.508,0,0,0,0,83.33,83.33,2,1,16,nan,4,1,24,1,1,11,11,0,0,0,1441819655,0.04248,0.00488,0.95068,0.95164,-0.00532,-0.00001,-0.00221,0.00576,0.95518,0.00310,0.00728,3,12102,0,25932,0.10210,0.06158,0.60314,99,1,94.921,83,1,3,4295,195192,0,0,0.000,9.368,33.688,0,0.000,21.850,12.648,0,0,1,0,6
PPG,4,358060,14323950587,129,74719,79692,79271.719,420.281,39.391,0,0,0,0,83.33,83.33,2,1,16,nan,4,1,24,1,1,12,12,0,0,0,1441858633,0.04370,0.00464,0.95190,0.95292,-0.00718,-0.00081,-0.00061,0.00725,0.95775,0.00611,0.00725,3,12142,0,25932,0.10210,0.06158,0.60314,99,1,94.921,83,1,3,4299,195192,0,0,0.000,9.368,33.688,0,0.000,21.850,12.648,0,0,1,0,6
PPG,4,358061,14323990587,136,74713,79676,79275.758,400.242,48.789,0,0,0,0,83.33,83.33,2,1,16,nan,4,1,24,1,1,13,13,0,0,0,1441901702,0.04321,0.00269,0.95825,0.95923,-0.00505,0.00105,-0.00247,0.00572,0.95923,0.00598,0.00683,3,16232,0,25932,0.10210,0.06158,0.60314,99,1,94.921,83,1,3,16171,195192,0,0,0.000,9.368,33.688,0,0.000,21.850,12.648,0,0,1,0,6
PPG,4,358062,14324030587,134,74697,79678,79279.781,398.219,56.086,0,0,0,0,83.33,83.33,2,1,16,nan,4,1,24,1,1,14,14,0,0,0,1441938134,0.04224,-0.00146,0.95557,0.95650,-0.00612,-0.00081,-0.00114,0.00628,0.95748,0.00379,0.00628,3,12105,0,25932,0.10210,0.06158,0.60314,99,1,94.921,83,1,3,2596,195192,0,0,0.000,9.368,33.688,0,0.000,21.850,12.648,0,0,1,0,6
PPG,4,358063,14324070587,129,74681,79656,79283.547,372.453,60.961,0,0,0,0,83.33,83.33,2,1,16,nan,4,1,24,1,1,15,15,0,0,0,1441979775,0.04321,0.00488,0.96216,0.96314,-0.00585,-0.00108,-0.00141,0.00611,0.96314,0.00710,0.00640,3,12120,0,25932,0.10210,0.06158,0.60314,99,1,94.921,83,1,3,4304,195192,0,0,0.000,9.368,33.688,0,0.000,21.850,12.648,0,0,1,0,6
PPG,4,358064,14324110587,142,74689,79662,79287.328,374.672,59.609,0,0,0,0,83.33,83.33,2,1,16,nan,4,1,24,1,1,16,16,0,0,0,1442018753,0.04126,0.00366,0.95215,0.95305,-0.00532,0.00105,-0.00194,0.00576,0.95738,0.00576,0.00642,3,12118,0,25932,0.10210,0.06158,0.60314,99,1,94.921,83,1,3,4296,195192,0,0,0.000,9.368,33.688,0,0.000,21.850,12.648,0,0,1,0,6
PPG,4,358065,14324150587,139,74664,79595,79290.406,304.594,47.156,0,0,0,0,83.33,83.33,2,1,16,nan,4,1,24,1,1,17,17,0,0,0,1442057811,0.04810,0.00439,0.95410,0.95532,-0.00585,-0.00028,-0.00141,0.00602,0.95532,0.00477,0.00668,3,12162,0,25932,0.10210,0.06158,0.60314,99,1,94.921,83,1,3,2607,195192,0,0,0.000,9.368,33.688,0,0.000,21.850,12.648,0,0,1,0,6
PPG,4,358066,14324190587,130,74653,79519,79292.695,226.305,25.414,0,0,0,0,83.33,83.33,2,1,16,nan,4,1,24,1,1,18,18,0,0,0,1442099423,0.04517,0.00293,0.94849,0.94957,-0.00638,-0.00055,-0.00167,0.00662,0.95588,0.00631,0.00662,3,12121,0,25932,0.10210,0.06158,0.60314,99,1,94.921,83,1,3,4305,195192,0,0,0.000,9.368,33.688,0,0.000,21.850,12.648,0,0,1,0,6
PPG,4,358067,14324230587,129,74657,79521,79294.977,226.023,1.641,0,0,0,0,83.33,83.33,2,1,16,nan,4,1,24,1,1,19,19,0,0,0,1442138384,0.04517,0.00537,0.95947,0.96055,-0.00505,0.00025,-0.00114,0.00518,0.96055,0.00703,0.00571,3,12120,0,25932,0.10210,0.06158,0.60314,99,1,94.921,83,1,3,2602,195192,0,0,0.000,9.368,33.688,0,0.000,21.850,12.648,0,0,1,0,6
PPG,4,358068,14324270587,130,74661,79534,79297.367,236.633,-17.797,0,0,0,0,83.33,83.33,2,1,16,nan,4,1,24,1,1,20,20,0,0,0,1442179964,0.04321,0.00732,0.95190,0.95291,-0.00612,0.00052,-0.00141,0.00630,0.95315,0.00740,0.00630,3,12118,0,25932,0.10210,0.06158,0.60314,99,1,94.921,83,1,3,4303,195192,0,0,0.000,9.368,33.688,0,0.000,21.850,12.648,0,0,1,0,6
PPG,4,358069,14324310587,129,74646,79547,79299.867,247.133,-34.711,0,0,0,0,83.33,83.33,2,1,16,nan,4,1,24,1,1,21,21,0,0,0,1442218919,0.04443,0.00488,0.95190,0.95295,-0.00665,0.00079,-0.00167,0.00690,0.95349,0.00202,0.00690,3,12114,0,25932,0.10210,0.06158,0.60314,99,1,94.921,83,1,3,4308,195192,0,0,0.000,9.368,33.688,0,0.000,21.850,12.648,0,0,1,0,6
PPG,4,358070,14324350587,131,74636,79548,79302.352,245.648,-48.742,0,0,0,0,83.33,83.33,2,1,16,nan,4,1,24,1,1,22,22,0,0,0,1442257899,0.04297,0.00122,0.95166,0.95263,-0.00612,0.00025,-0.00141,0.00628,0.95516,0.00301,0.00708,3,12138,0,25932,0.10210,0.06158,0.60314,99,1,94.921,83,1,3,2595,195192,0,0,0.000,9.368,33.688,0,0.000,21.850,12.648,0,0,1,0,6
PPG,4,358071,14324390587,511,74634,79545,79304.781,240.219,-63.609,1,0,0,0,83.33,83.33,2,1,16,nan,4,1,24,1,1,23,23,0,0,0,1442299546,0.04004,0.00098,0.94434,0.94518,-0.00558,0.00025,-0.00114,0.00571,0.95830,0.01311,0.00571,3,12121,0,25932,0.08299,0.05914,0.71264,100,1,92.184,78,1,3,4299,195192,0,0,0.000,9.368,33.688,0,110.133,21.850,12.648,1,0,1,0,6
PPG,4,358072,14324430587,199,74606,79530,79307.031,222.969,-70.344,0,0,1,880,76.92,76.92,2,1,16,nan,4,1,24,1,1,24,24,0,0,0,1442338959,0.04663,0.00513,0.95166,0.95282,-0.00692,-0.00028,-0.00114,0.00702,0.95573,0.01054,0.00702,3,12120,0,25932,0.08299,0.05914,0.71264,100,1,92.184,78,1,3,4303,195192,0,0,18.094,9.368,33.688,1,0.000,21.850,12.648,0,1,1,0,6
PPG,4,358073,14324470587,130,74610,79516,79309.117,206.883,-67.070,0,0,0,0,76.92,76.92,2,1,16,nan,4,1,24,1,1,25,25,0,0,0,1442378082,0.04565,0.00488,0.95532,0.95642,-0.00585,-0.00135,-0.00194,0.00631,0.95642,0.00345,0.00669,3,12146,0,25932,0.08299,0.05914,0.71264,100,1,92.184,78,1,3,2599,195192,0,0,0.000,8.733,30.113,0,0.000,21.447,12.064,0,0,1,0,6
PPG,4,358074,14324510587,131,74622,79534,79311.367,222.633,-61.562,0,0,0,0,76.92,76.92,2,1,16,nan,4,1,24,1,1,26,26,0,0,0,1442419636,0.04272,0.00391,0.94897,0.94994,-0.00638,-0.00108,-0.00141,0.00663,0.95382,0.00532,0.00663,3,12111,0,25932,0.08299,0.05914,0.71264,100,1,92.184,78,1,3,4299,195192,0,0,0.000,8.733,30.113,0,0.000,21.447,12.064,0,0,1,0,6
PPG,4,358075,14324550587,132,74675,79590,79314.156,275.844,-52.008,0,0,0,0,76.92,76.92,2,1,16,nan,4,1,24,1,1,27,27,0,0,0,1442458625,0.04419,0.00146,0.95313,0.95415,-0.00612,-0.00108,-0.00141,0.00637,0.96021,0.01027,0.00637,3,12106,0,25932,0.08299,0.05914,0.71264,100,1,92.184,78,1,3,4318,195192,0,0,0.000,8.733,30.113,0,0.000,21.447,12.064,0,0,1,0,6
PPG,4,358076,14324590587,133,74649,79535,79316.367,218.633,-49.281,0,0,0,0,76.92,76.92,2,1,16,nan,4,1,24,1,1,28,28,0,0,0,1442497635,0.04443,-0.00098,0.94995,0.95099,-0.00452,-0.00108,-0.00167,0.00494,0.95747,0.00468,0.00566,3,12119,0,25932,0.08299,0.05914,0.71264,100,1,92.184,78,1,3,2598,195192,0,0,0.000,8.733,30.113,0,0.000,21.447,12.064,0,0,1,0,6
PPG,4,358077,14324630587,133,74653,79557,79318.773,238.227,-43.742,0,0,0,0,76.92,76.92,2,1,16,nan,4,1,24,1,1,29,29,0,0,0,1442539186,0.04175,-0.00049,0.95044,0.95136,-0.00585,0.00079,-0.00221,0.00630,0.95136,0.00115,0.00680,3,12114,0,25932,0.08299,0.05914,0.71264,100,1,92.184,78,1,3,4303,195192,0,0,0.000,8.733,30.113,0,0.000,21.447,12.064,0,0,1,0,6
PPG,4,358078,14324670587,130,74690,79630,79321.883,308.117,-30.602,0,0,0,0,76.92,76.92,2,1,16,nan,4,1,24,1,1,30,30,0,0,0,1442578183,0.04565,0.00171,0.95410,0.95519,-0.00585,-0.00081,-0.00167,0.00614,0.95766,0.00379,0.00680,3,12144,0,25932,0.08299,0.05914,0.71264,100,1,92.184,78,1,3,2608,195192,0,0,0.000,8.733,30.113,0,0.000,21.447,12.064,0,0,1,0,6
PPG,4,358079,14324710587,129,74640,79595,79324.617,270.383,-17.711,0,0,0,0,76.92,76.92,2,1,16,nan,4,1,24,1,1,31,31,0,0,0,1442619755,0.04077,-0.00122,0.95239,0.95327,-0.00558,0.00025,-0.00114,0.00571,0.95327,0.00465,0.00602,3,12120,0,25932,0.08299,0.05914,0.71264,100,1,92.184,78,1,3,4297,195192,0,0,0.000,8.733,30.113,0,0.000,21.447,12.064,0,0,1,0,6
PPG,4,358080,14324750587,130,74581,79532,79326.688,205.312,-7.430,0,0,0,0,76.92,76.92,2,1,16,nan,4,1,24,1,1,0,0,0,0,0,1442658705,0.04492,0.00635,0.94971,0.95079,-0.00612,0.00079,-0.00141,0.00633,0.95683,0.00356,0.00633,3,12120,0,25932,0.08299,0.05914,0.71264,100,1,92.184,78,1,3,4299,195192,0,0,0.000,8.733,30.113,0,0.000,21.447,12.064,0,0,1,0,6
PPG,4,358081,14324790587,143,74550,79494,79328.359,165.641,-4.039,0,0,0,0,76.92,76.92,2,1,16,nan,4,1,24,1,1,1,1,0,0,0,1442697845,0.04199,0.00757,0.95288,0.95384,-0.00638,-0.00001,-0.00114,0.00648,0.95840,0.00779,0.00668,3,12134,0,25932,0.08299,0.05914,0.71264,100,1,92.184,78,1,3,2605,195192,0,0,0.000,8.733,30.113,0,0.000,21.447,12.064,0,0,1,0,6
PPG,4,358082,14324830587,142,74544,79479,79329.867,149.133,-9.953,0,0,0,0,76.92,76.92,2,1,16,nan,4,1,24,1,1,2,2,0,0,0,1442739427,0.04468,0.00537,0.95044,0.95150,-0.00638,0.00052,-0.00087,0.00646,0.95794,0.00644,0.00651,3,12122,0,25932,0.08299,0.05914,0.71264,100,1,92.184,78,1,3,4305,195192,0,0,0.000,8.733,30.113,0,0.000,21.447,12.064,0,0,1,0,6
PPG,4,358083,14324870587,129,74515,79445,79331.016,113.984,-12.258,0,0,0,0,76.92,76.92,2,1,16,nan,4,1,24,1,1,3,3,0,0,0,1442778435,0.04102,0.00586,0.95239,0.95329,-0.00612,-0.00055,-0.00167,0.00637,0.95512,0.00408,0.00668,3,12169,0,25932,0.08299,0.05914,0.71264,100,1,92.184,78,1,3,2604,195192,0,0,0.000,8.733,30.113,0,0.000,21.447,12.064,0,0,1,0,6
PPG,4,358084,14324910587,130,74433,79364,79331.344,32.656,-24.930,0,0,0,0,76.92,76.92,2,1,16,nan,4,1,24,1,1,4,4,0,0,0,1442819984,0.04419,0.00732,0.95068,0.95174,-0.00585,-0.00108,-0.00194,0.00626,0.95713,0.00540,0.00734,3,12112,0,25932,0.08299,0.05914,0.71264,100,1,92.184,78,1,3,4301,195192,0,0,0.000,8.733,30.113,0,0.000,21.447,12.064,0,0,1,0,6
PPG,4,358085,14324950587,129,74293,79186,79329.891,-143.891,-67.906,0,0,0,0,76.92,76.92,2,1,16,nan,4,1,24,1,1,5,5,0,0,0,1442858933,0.04517,0.00342,0.95044,0.95152,-0.00558,-0.00108,-0.00087,0.00575,0.95547,0.00373,0.00669,3,12120,0,25932,0.08299,0.05914,0.71264,100,1,92.184,78,1,3,4305,195192,0,0,0.000,8.733,30.113,0,0.000,21.447,12.064,0,0,1,0,6
PPG,4,358086,14324990587,135,74052,78876,79325.352,-449.352,-138.469,0,0,0,0,76.92,76.92,2,1,16,nan,4,1,24,1,1,6,6,0,0,0,1442902070,0.04199,0.00049,0.94824,0.94917,-0.00585,0.00132,-0.00114,0.00610,0.95504,0.00551,0.00610,3,16246,0,25932,0.08299,0.05914,0.71264,100,1,92.184,78,1,3,16181,195192,0,0,0.000,8.733,30.113,0,0.000,21.447,12.064,0,0,1,0,6
PPG,4,358087,14325030587,133,73934,78711,79319.211,-608.211,-215.258,0,0,0,0,76.92,76.92,2,1,16,nan,4,1,24,1,1,7,7,0,0,0,1442938510,0.03979,0.00757,0.95532,0.95618,-0.00558,-0.00055,-0.00194,0.00594,0.95618,0.00561,0.00703,3,12115,0,25932,0.08299,0.05914,0.71264,100,1,92.184,78,1,3,2597,195192,0,0,0.000,8.733,30.113,0,0.000,21.447,12.064,0,0,1,0,6
PPG,4,358088,14325070587,132,73853,78604,79312.062,-708.062,-295.898,0,0,0,0,76.92,76.92,2,1,16,nan,4,1,24,1,1,8,8,0,0,0,1442980067,0.04199,0.00366,0.95190,0.95284,-0.00638,-0.00001,-0.00087,0.00644,0.95669,0.00582,0.00695,3,12136,0,25932,0.08299,0.05914,0.71264,100,1,92.184,78,1,3,4301,195192,0,0,28.273,8.733,30.113,1,0.000,21.447,12.064,0,0,1,0,6
PPG,4,358089,14325110587,155,73896,78652,79305.461,-653.461,-369.289,1,0,1,680,83.33,83.33,0,0,0,nan,4,1,24,1,1,9,9,0,0,0,1443019158,0.04663,0.00269,0.95190,0.95305,-0.00558,-0.00135,-0.00061,0.00578,0.95597,0.00313,0.00578,3,12111,0,25932,0.08299,0.05914,0.71264,100,1,92.184,78,1,3,4305,195192,0,0,0.000,8.733,30.113,0,66.305,21.447,12.064,1,1,2,0,6
PPG,4,358090,14325150587,131,73990,78780,79300.203,-520.203,-425.891,0,0,0,0,83.33,83.33,0,0,0,nan,4,1,24,1,1,10,10,0,0,0,1443058159,0.04224,0.00464,0.95459,0.95554,-0.00558,-0.00135,-0.00167,0.00598,0.95584,0.00364,0.00598,3,12112,0,25932,0.08299,0.05914,0.71264,100,1,92.184,78,1,3,2602,195192,0,0,0.000,8.240,27.342,0,0.000,20.820,11.156,0,0,2,0,6
PPG,4,358091,14325190587,129,74075,78902,79296.219,-394.219,-459.742,0,0,0,0,83.33,83.33,0,0,0,nan,4,1,24,1,1,11,11,0,0,0,1443099768,0.04370,0.00684,0.95288,0.95391,-0.00585,-0.00028,-0.00114,0.00597,0.95639,0.00368,0.00668,3,12120,0,25932,0.08299,0.05914,0.71264,100,1,92.184,78,1,3,4300,195192,0,0,0.000,8.240,27.342,0,0.000,20.820,11.156,0,0,2,0,6
PPG,4,358092,14325230587,130,74165,79021,79293.469,-272.469,-457.859,0,0,0,0,83.33,83.33,0,0,0,nan,4,1,24,1,1,12,12,0,0,0,1443138745,0.04199,0.00537,0.95288,0.95382,-0.00665,-0.00081,-0.00141,0.00685,0.95382,0.00247,0.00685,3,12126,0,25932,0.08299,0.05914,0.71264,100,1,92.184,78,1,3,4295,195192,0,0,0.000,8.240,27.342,0,0.000,20.820,11.156,0,0,2,0,6
PPG,4,358093,14325270587,129,74215,79064,79291.172,-227.172,-408.406,0,0,0,0,83.33,83.33,0,0,0,nan,4,1,24,1,1,13,13,0,0,0,1443177757,0.04443,0.00317,0.95117,0.95221,-0.00612,-0.00001,-0.00061,0.00615,0.95389,0.00167,0.00685,3,12150,0,25932,0.08299,0.05914,0.71264,100,1,92.184,78,1,3,2595,195192,0,0,0.000,8.240,27.342,0,0.000,20.820,11.156,0,0,2,0,6
PPG,4,358094,14325310587,131,74264,79110,79289.359,-179.359,-330.211,0,0,0,0,83.33,83.33,0,0,0,nan,4,1,24,1,1,14,14,0,0,0,1443219366,0.04053,0.00195,0.95020,0.95106,-0.00585,0.00079,-0.00194,0.00621,0.95738,0.00631,0.00625,3,12146,0,25932,0.08299,0.05914,0.71264,100,1,92.184,78,1,3,4294,195192,0,0,0.000,8.240,27.342,0,0.000,20.820,11.156,0,0,2,0,6
PPG,4,358095,14325350587,129,74307,79186,79288.328,-102.328,-226.859,0,0,0,0,83.33,83.33,0,0,0,nan,4,1,24,1,1,15,15,0,0,0,1443258317,0.03857,0.00464,0.95410,0.95489,-0.00638,-0.00108,-0.00087,0.00653,0.95489,0.00203,0.00653,3,12125,0,25932,0.08299,0.05914,0.71264,100,1,92.184,78,1,3,2618,195192,0,0,0.000,8.240,27.342,0,0.000,20.820,11.156,0,0,2,0,6
PPG,4,358096,14325390587,523,74385,79273,79288.172,-15.172,-125.047,0,0,0,0,83.33,83.33,0,0,0,nan,4,0,24,1,1,16,16,0,0,0,1443299954,0.04443,0.00586,0.95361,0.95467,-0.00612,-0.00028,-0.00141,0.00628,0.95674,0.00361,0.00660,3,12160,0,25932,0.28028,0.28773,1.02657,100,1,84.336,34,1,3,4307,195192,0,0,0.000,8.240,27.342,0,0.000,20.820,11.156,0,0,2,0,6
PPG,4,358097,14325430587,177,74507,79389,79289.180,99.820,-29.648,0,0,0,0,83.33,83.33,0,0,0,nan,4,0,24,1,1,17,17,0,0,0,1443339376,0.04248,0.00317,0.94995,0.95091,-0.00692,-0.00055,-0.00167,0.00714,0.95450,0.00359,0.00714,3,12127,0,25932,0.28028,0.28773,1.02657,100,1,84.336,34,1,3,4296,195192,0,0,0.000,8.240,27.342,0,0.000,20.820,11.156,0,0,2,0,6
PPG,4,358098,14325470587,130,74569,79483,79291.117,191.883,60.703,0,0,0,0,83.33,83.33,0,0,0,nan,4,0,24,1,1,18,18,0,0,0,1443378378,0.04175,0.00293,0.95190,0.95282,-0.00585,-0.00135,-0.00141,0.00617,0.95550,0.00398,0.00752,3,12128,0,25932,0.28028,0.28773,1.02657,100,1,84.336,34,1,3,2640,195192,0,0,0.000,8.240,27.342,0,0.000,20.820,11.156,0,0,2,0,6
PPG,4,358099,14325510587,129,74588,79502,79293.227,208.773,134.062,0,0,0,0,83.33,83.33,0,0,0,nan,4,0,24,1,1,19,19,0,0,0,1443420044,0.04077,0.00195,0.95752,0.95839,-0.00612,-0.00081,-0.00167,0.00639,0.95839,0.00537,0.00639,3,12122,0,25932,0.28028,0.28773,1.02657,100,1,84.336,34,1,3,4298,195192,0,0,0.000,8.240,27.342,0,0.000,20.820,11.156,0,0,2,0,6
PPG,4,358100,14325550587,132,74612,79517,79295.461,221.539,199.531,0,0,0,0,83.33,83.33,0,0,0,nan,4,0,24,1,1,20,20,0,0,0,1443459044,0.04077,0.00049,0.95776,0.95863,-0.00452,-0.00028,-0.00114,0.00467,0.95863,0.00632,0.00550,3,12119,0,25932,0.28028,0.28773,1.02657,100,1,84.336,34,1,3,4298,195192,0,0,0.000,8.240,27.342,0,0.000,20.820,11.156,0,0,2,0,6
PPG,4,358101,14325590587,129,74658,79554,79298.047,255.953,259.961,0,0,0,0,83.33,83.33,0,0,0,nan,4,0,24,1,1,21,21,0,0,0,1443498039,0.04126,0.00024,0.95410,0.95499,-0.00505,-0.00028,-0.00167,0.00533,0.95499,0.00590,0.00567,3,12140,0,25932,0.28028,0.28773,1.02657,100,1,84.336,34,1,3,2594,195192,0,0,0.000,8.240,27.342,0,0.000,20.820,11.156,0,0,2,0,6
PPG,4,358102,14325630587,130,74704,79605,79301.117,303.883,313.508,0,0,0,0,83.33,83.33,0,0,0,nan,4,0,24,1,1,22,22,0,0,0,1443539600,0.04028,0.00195,0.94775,0.94861,-0.00665,0.00025,0.00019,0.00666,0.95608,0.00541,0.00666,3,12121,0,25932,0.28028,0.28773,1.02657,100,1,84.336,34,1,3,4294,195192,0,0,0.000,8.240,27.342,0,0.000,20.820,11.156,0,0,2,0,6
PPG,4,358103,14325670587,132,74731,79651,79304.617,346.383,357.211,0,0,0,0,83.33,83.33,0,0,0,nan,4,0,24,1,1,23,23,0,0,0,1443578558,0.04077,0.00806,0.95483,0.95574,-0.00532,-0.00081,-0.00034,0.00539,0.95574,0.00588,0.00684,3,12123,0,25932,0.28028,0.28773,1.02657,100,1,84.336,34,1,3,2600,195192,0,0,0.000,8.240,27.342,0,0.000,20.820,11.156,0,0,2,0,6
PPG,4,358104,14325710587,134,74743,79659,79308.164,350.836,381.039,0,0,0,0,83.33,83.33,0,0,0,nan,4,0,24,1,1,24,24,0,0,0,1443620140,0.04297,0.00415,0.95068,0.95166,-0.00505,0.00025,-0.00141,0.00525,0.95846,0.00397,0.00662,3,12114,0,25932,0.28028,0.28773,1.02657,100,1,84.336,34,1,3,4294,195192,0,0,0.000,8.240,27.342,0,0.000,20.820,11.156,0,0,2,0,6
PPG,4,358105,14325750587,128,74760,79686,79311.945,374.055,385.039,0,0,0,0,83.33,83.33,0,0,0,nan,4,0,24,1,1,25,25,0,0,0,1443659092,0.04346,0.00610,0.95117,0.95218,-0.00479,-0.00001,-0.00114,0.00492,0.95435,0.00269,0.00625,3,12125,0,25932,0.28028,0.28773,1.02657,100,1,84.336,34,1,3,4305,195192,0,0,0.000,8.240,27.342,0,0.000,20.820,11.156,0,0,2,0,6
PPG,4,358106,14325790587,166,74770,79683,79315.656,367.344,370.539,0,0,0,0,83.33,nan,3,2,256,nan,4,0,24,1,1,26,26,0,0,0,1443698093,0.04395,0.00244,0.95020,0.95121,-0.00532,-0.00001,-0.00141,0.00550,0.95603,0.00598,0.00550,3,12176,0,25932,0.28028,0.28773,1.02657,100,1,84.336,34,1,4,2599,195192,0,0,0.000,8.240,27.342,0,0.000,20.820,11.156,0,0,3,4000,6
PPG,4,358107,14325830587,98,74747,79617,79318.672,298.328,0.000,0,0,0,0,0.00,nan,3,2,256,nan,4,0,24,1,1,27,27,0,0,0,1443739670,0.04224,0.00342,0.94507,0.94602,-0.00638,-0.00055,-0.00194,0.00669,0.95555,0.00771,0.00669,3,12111,0,25932,0.28028,0.28773,1.02657,100,1,84.336,34,1,4,4295,195192,0,0,0.000,0.750,3.000,0,0.000,0.750,3.000,0,0,3,3960,0
PPG,4,358108,14325870587,100,74762,79604,79321.523,282.477,0.000,0,1,0,0,0.00,nan,3,2,256,nan,4,0,24,1,1,28,28,0,0,0,1443778510,0.04321,0.00391,0.95264,0.95362,-0.00612,0.00132,-0.00061,0.00629,0.95697,0.00803,0.00646,3,12123,0,25932,0.28028,0.28773,1.02657,100,1,84.336,34,1,4,2597,195192,0,0,0.000,0.750,3.000,0,0.000,0.750,3.000,0,0,3,3920,0
PPG,4,358109,14325910587,97,74776,79628,79324.586,303.414,0.000,0,0,0,0,0.00,nan,3,2,256,nan,4,0,24,1,1,29,29,0,0,0,1443819973,0.04614,0.00269,0.95093,0.95205,-0.00532,0.00158,-0.00114,0.00566,0.95720,0.00358,0.00573,3,12120,0,25932,0.28028,0.28773,1.02657,100,1,84.336,34,1,4,4300,195192,0,0,0.000,0.750,3.000,0,0.000,0.750,3.000,0,0,3,3880,0
PPG,4,358110,14325950587,98,74851,79720,79328.539,391.461,0.000,0,0,0,0,0.00,nan,3,2,256,nan,4,0,24,1,1,30,30,0,0,0,1443858827,0.04443,0.00366,0.95044,0.95148,-0.00585,-0.00001,-0.00141,0.00602,0.95439,0.00291,0.00602,3,12125,0,25932,0.28028,0.28773,1.02657,100,1,84.336,34,1,4,2617,195192,0,0,0.000,0.750,3.000,0,0.000,0.750,3.000,0,0,3,3840,0
PPG,4,358111,14325990587,101,74906,79776,79333.016,442.984,0.000,0,0,0,0,0.00,nan,3,2,256,nan,4,0,24,1,1,31,31,0,0,0,1443904583,0.04346,0.00439,0.95947,0.96047,-0.00585,-0.00055,-0.00167,0.00611,0.96047,0.00772,0.00664,3,16449,0,25932,0.28028,0.28773,1.02657,100,1,84.336,34,1,4,16382,195192,0,0,0.000,0.750,3.000,0,0.000,0.750,3.000,0,0,3,3800,0
PPG,4,358112,14326030587,99,74908,79777,79337.453,439.547,0.000,0,0,0,0,0.00,nan,3,2,256,nan,4,0,24,1,1,0,0,0,0,0,1443940901,0.04077,0.00635,0.95093,0.95182,-0.00692,-0.00028,-0.00194,0.00719,0.95243,0.01023,0.00719,3,12127,0,25932,0.28028,0.28773,1.02657,100,1,84.336,34,1,4,4317,195192,0,0,0.000,0.750,3.000,0,0.000,0.750,3.000,0,0,3,3760,0
PPG,4,358113,14326070587,99,74905,79780,79341.875,438.125,0.000,0,0,0,0,0.00,nan,3,2,256,nan,4,0,24,1,1,1,1,0,0,0,1443979754,0.04395,0.00439,0.94946,0.95049,-0.00585,-0.00028,-0.00194,0.00617,0.95238,0.00189,0.00626,3,12119,0,25932,0.28028,0.28773,1.02657,100,1,84.336,34,1,4,4296,195192,0,0,0.000,0.750,3.000,0,0.000,0.750,3.000,0,0,3,3720,0
PPG,4,358114,14326110587,97,74883,79772,79346.180,425.820,0.000,0,0,0,0,0.00,nan,3,2,256,nan,4,0,24,1,1,2,2,0,0,0,1444018667,0.04321,0.00464,0.94751,0.94851,-0.00479,-0.00001,-0.00141,0.00499,0.95563,0.00713,0.00660,3,12141,0,25932,0.28028,0.28773,1.02657,100,1,84.336,34,1,4,2602,195192,0,0,0.000,0.750,3.000,0,0.000,0.750,3.000,0,0,3,3680,0
PPG,4,358115,14326150587,99,74861,79752,79350.234,401.766,0.000,0,0,0,0,0.00,nan,3,2,256,nan,4,0,24,1,1,3,3,0,0,0,1444060091,0.04688,0.00171,0.95142,0.95257,-0.00612,-0.00028,-0.00141,0.00628,0.95263,0.00412,0.00628,3,12124,0,25932,0.28028,0.28773,1.02657,100,1,84.336,34,1,4,4299,195192,0,0,0.000,0.750,3.000,0,0.000,0.750,3.000,0,0,3,3640,0
PPG,4,358116,14326190587,99,74824,79725,79353.984,371.016,0.000,0,0,0,0,0.00,nan,3,2,256,nan,4,0,24,1,1,4,4,0,0,0,1444098973,0.04419,0.00146,0.95581,0.95683,-0.00612,-0.00081,-0.00141,0.00633,0.95683,0.00773,0.00633,3,12125,0,25932,0.28028,0.28773,1.02657,100,1,84.336,34,1,4,4300,195192,0,0,0.000,0.750,3.000,0,0.000,0.750,3.000,0,0,3,3600,0
PPG,4,358117,14326230587,98,74828,79742,79357.867,384.133,0.000,0,0,0,0,0.00,nan,3,2,256,nan,4,0,24,1,1,5,5,0,0,0,1444137887,0.04346,0.00269,0.94458,0.94558,-0.00612,-0.00108,-0.00167,0.00643,0.95743,0.01162,0.00643,3,12124,0,25932,0.28028,0.28773,1.02657,100,1,84.336,34,1,4,2600,195192,0,0,0.000,0.750,3.000,0,0.000,0.750,3.000,0,0,3,3560,0
PPG,4,358118,14326270587,98,74816,79740,79361.688,378.312,0.000,0,0,0,0,0.00,nan,3,2,256,nan,4,0,24,1,1,6,6,0,0,0,1444179367,0.04468,0.00488,0.94702,0.94809,-0.00612,-0.00001,-0.00141,0.00628,0.95279,0.00619,0.00674,3,12136,0,25932,0.28028,0.28773,1.02657,100,1,84.336,34,1,4,4295,195192,0,0,0.000,0.750,3.000,0,0.000,0.750,3.000,0,0,3,3520,0
PPG,4,358119,14326310587,100,74787,79719,79365.258,353.742,0.000,0,0,0,0,0.00,nan,3,2,256,nan,4,0,24,1,1,7,7,0,0,0,1444218341,0.04175,0.00220,0.95264,0.95355,-0.00505,-0.00055,-0.00167,0.00535,0.95624,0.00815,0.00622,3,12161,0,25932,0.28028,0.28773,1.02657,100,1,84.336,34,1,4,2608,195192,0,0,0.000,0.750,3.000,0,0.000,0.750,3.000,0,0,3,3480,0
PPG,4,358120,14326350587,97,74776,79726,79368.867,357.133,0.000,0,0,0,0,0.00,nan,3,2,256,nan,4,0,24,1,1,8,8,0,0,0,1444259775,0.04565,0.00293,0.95166,0.95276,-0.00638,-0.00081,-0.00141,0.00659,0.95498,0.00467,0.00699,3,12120,0,25932,0.28028,0.28773,1.02657,100,1,84.336,34,1,4,4304,195192,0,0,0.000,0.750,3.000,0,0.000,0.750,3.000,0,0,3,3440,0
PPG,4,358121,14326390587,471,74775,79717,79372.352,344.648,0.000,0,0,0,0,0.00,nan,3,2,256,nan,4,1,24,1,1,9,9,0,0,0,1444298613,0.04248,0.00830,0.95557,0.95655,-0.00665,-0.00081,-0.00141,0.00685,0.95778,0.00590,0.00685,3,12109,0,25932,0.30100,0.29434,0.97787,-999,0,85.553,-999,0,4,2621,195192,0,0,0.000,0.750,3.000,0,0.000,0.750,3.000,0,0,3,3400,0
PPG,4,358122,14326430587,141,74737,79700,79375.625,324.375,0.000,0,0,0,0,0.00,nan,3,2,256,nan,4,1,24,1,1,10,10,0,0,0,1444340485,0.04590,0.00537,0.95679,0.95790,-0.00638,-0.00081,-0.00141,0.00659,0.95790,0.00507,0.00734,3,12119,0,25932,0.30100,0.29434,0.97787,-999,0,85.553,-999,0,4,4303,195192,0,0,0.000,0.750,3.000,0,0.000,0.750,3.000,0,0,3,3360,0
PPG,4,358123,14326470587,99,74791,79730,79379.172,350.828,0.000,0,0,0,0,0.00,nan,3,2,256,nan,4,1,24,1,1,11,11,0,0,0,1444379398,0.03979,0.00464,0.94604,0.94689,-0.00558,-0.00028,-0.00087,0.00566,0.95687,0.00997,0.00575,3,12128,0,25932,0.30100,0.29434,0.97787,-999,0,85.553,-999,0,4,4299,195192,0,0,0.000,0.750,3.000,0,0.000,0.750,3.000,0,0,3,3320,0
PPG,4,358124,14326510587,97,74809,79758,79382.961,375.039,0.000,0,0,0,0,0.00,nan,3,2,256,nan,4,1,24,1,1,12,12,0,0,0,1444418280,0.04224,0.00366,0.95166,0.95260,-0.00585,-0.00001,-0.00194,0.00616,0.95260,0.00443,0.00676,3,12174,0,25932,0.30100,0.29434,0.97787,-999,0,85.553,-999,0,4,2615,195192,0,0,0.000,0.750,3.000,0,0.000,0.750,3.000,0,0,3,3280,0
PPG,4,358125,14326550587,99,74790,79755,79386.680,368.320,0.000,0,0,0,0,0.00,nan,3,2,256,nan,4,1,24,1,1,13,13,0,0,0,1444459741,0.04370,0.00439,0.94824,0.94926,-0.00558,-0.00055,-0.00114,0.00573,0.95614,0.00509,0.00664,3,12124,0,25932,0.30100,0.29434,0.97787,-999,0,85.553,-999,0,4,4295,195192,0,0,0.000,0.750,3.000,0,0.000,0.750,3.000,0,0,3,3240,0
PPG,4,358126,14326590587,153,74751,79717,79389.984,327.016,6.250,0,0,0,0,0.00,nan,3,2,256,nan,4,1,24,1,1,14,14,0,0,0,1444498583,0.04150,0.00537,0.94727,0.94819,-0.00585,0.00052,-0.00194,0.00619,0.95742,0.00816,0.00619,3,12118,0,25932,0.30100,0.29434,0.97787,-999,0,85.553,-999,0,4,2606,195192,0,0,0.000,0.750,3.000,0,0.000,0.750,3.000,0,0,3,3200,0
PPG,4,358127,14326630587,119,74745,79695,79393.031,301.969,-2.078,0,0,0,0,0.00,nan,3,2,256,nan,4,1,24,1,1,15,15,0,0,0,1444540328,0.04712,0.00391,0.95386,0.95503,-0.00585,-0.00001,-0.00167,0.00609,0.95525,0.00706,0.00634,3,12132,0,25932,0.30100,0.29434,0.97787,-999,0,85.553,-999,0,4,4296,195192,0,0,0.000,0.750,3.000,0,0.000,0.750,3.000,0,0,3,3160,0
PPG,4,358128,14326670587,121,74692,79584,79394.938,189.062,-20.078,0,0,0,0,0.00,nan,3,2,256,nan,4,1,24,1,1,16,16,0,0,0,1444579214,0.04492,0.00391,0.94897,0.95005,-0.00612,0.00079,-0.00247,0.00664,0.96097,0.00872,0.00664,3,12123,0,25932,0.30100,0.29434,0.97787,-999,0,85.553,-999,0,4,4297,195192,0,0,0.000,0.750,3.000,0,0.000,0.750,3.000,0,0,3,3120,0
PPG,4,358129,14326710587,118,74673,79539,79396.375,142.625,-38.633,0,0,0,0,0.00,nan,3,2,256,nan,4,1,24,1,1,17,17,0,0,0,1444618176,0.04419,0.00415,0.95752,0.95855,-0.00665,-0.00081,-0.00247,0.00714,0.95855,0.01332,0.00735,3,12132,0,25932,0.30100,0.29434,0.97787,-999,0,85.553,-999,0,4,2602,195192,0,0,0.000,0.750,3.000,0,0.000,0.750,3.000,0,0,3,3080,0
PPG,4,358130,14326750587,117,74673,79569,79398.102,170.898,-54.078,0,0,0,0,0.00,nan,3,2,256,nan,4,1,24,1,1,18,18,0,0,0,1444659670,0.04272,0.00586,0.94604,0.94703,-0.00692,-0.00108,-0.00141,0.00714,0.95687,0.00984,0.00720,3,12110,0,25932,0.30100,0.29434,0.97787,-999,0,85.553,-999,0,4,4300,195192,0,0,0.000,0.750,3.000,0,0.000,0.750,3.000,0,0,3,3040,0
PPG,4,358131,14326790587,121,74699,79622,79400.344,221.656,-65.812,0,0,0,0,0.00,nan,3,2,256,nan,4,1,24,1,1,19,19,0,0,0,1444698559,0.04590,0.00391,0.94727,0.94838,-0.00585,-0.00028,-0.00114,0.00597,0.95611,0.00773,0.00661,3,12122,0,25932,0.30100,0.29434,0.97787,-999,0,85.553,-999,0,4,2598,195192,0,0,0.000,0.750,3.000,0,0.000,0.750,3.000,0,0,3,3000,0
PPG,4,358132,14326830587,122,74727,79642,79402.758,239.242,-75.203,0,0,0,0,0.00,nan,3,2,256,nan,4,1,24,1,1,20,20,0,0,0,1444740151,0.04395,0.00171,0.95166,0.95268,-0.00612,-0.00081,-0.00194,0.00647,0.95268,0.00226,0.00719,3,12129,0,25932,0.30100,0.29434,0.97787,-999,0,85.553,-999,0,4,4299,195192,0,0,0.000,0.750,3.000,0,0.000,0.750,3.000,0,0,3,2960,0
PPG,4,358133,14326870587,117,74707,79639,79405.117,233.883,-79.289,0,0,0,0,0.00,nan,3,2,256,nan,4,1,24,1,1,21,21,0,0,0,1444779039,0.04248,0.00757,0.95654,0.95752,-0.00558,-0.00028,-0.00114,0.00571,0.95880,0.00486,0.00665,3,12125,0,25932,0.30100,0.29434,0.97787,-999,0,85.553,-999,0,4,2599,195192,0,0,0.000,0.750,3.000,0,0.000,0.750,3.000,0,0,3,2920,0
PPG,4,358134,14326910587,128,74695,79634,79407.406,226.594,-81.109,0,0,0,0,0.00,nan,3,2,256,nan,4,1,24,1,1,22,22,0,0,0,1444858650,0.04468,0.00366,0.95654,0.95759,-0.00585,0.00132,-0.00167,0.00623,0.95830,0.00078,0.00623,2,62419,0,25937,0.30100,0.29434,0.97787,-999,0,85.553,-999,0,4,62452,195192,0,0,0.000,0.750,3.000,0,0.000,0.750,3.000,0,0,3,2880,0
PPG,4,358135,14326950587,117,74689,79622,79409.555,212.445,-69.180,0,0,0,0,0.00,nan,3,2,256,nan,4,1,24,1,1,23,23,0,0,0,1444870738,0.04419,0.00391,0.95068,0.95172,-0.00558,0.00052,-0.00167,0.00585,0.95172,0.00587,0.00585,1,12088,0,25937,0.30100,0.29434,0.97787,-999,0,85.553,-999,0,4,12018,195192,0,0,0.000,0.750,3.000,0,0.000,0.750,3.000,0,0,3,2840,0
PPG,4,358136,14326990587,120,74683,79616,79411.617,204.383,-52.727,0,0,0,0,0.00,nan,3,2,256,nan,4,1,24,1,1,24,24,0,0,0,1444904271,0.04272,0.00635,0.95190,0.95288,-0.00612,-0.00108,-0.00114,0.00632,0.95665,0.00494,0.00632,2,21498,0,25938,0.30100,0.29434,0.97787,-999,0,85.553,-999,0,4,14464,195192,0,0,0.000,0.750,3.000,0,0.000,0.750,3.000,0,0,3,2800,0
PPG,4,358137,14327030587,117,74677,79619,79413.688,205.312,-39.438,0,0,0,0,0.00,nan,3,2,256,nan,4,1,24,1,1,25,25,0,0,0,1444940683,0.04443,0.00122,0.95728,0.95831,-0.00479,-0.00001,-0.00221,0.00527,0.95831,0.00473,0.00578,3,12120,0,25938,0.30100,0.29434,0.97787,-999,0,85.553,-999,0,4,4294,195192,0,0,0.000,0.750,3.000,0,0.000,0.750,3.000,0,0,3,2760,0
PPG,4,358138,14327070587,120,74670,79629,79415.844,213.156,-32.891,0,0,0,0,0.00,nan,3,2,256,nan,4,1,24,1,1,26,26,0,0,0,1444979655,0.04297,0.00269,0.95093,0.95190,-0.00638,-0.00055,-0.00167,0.00662,0.95939,0.00736,0.00662,3,12109,0,25938,0.30100,0.29434,0.97787,-999,0,85.553,-999,0,4,4297,195192,0,0,0.000,0.750,3.000,0,0.000,0.750,3.000,0,0,3,2720,0
PPG,4,358139,14327110587,121,74660,79624,79417.922,206.078,-30.711,0,0,0,0,0.00,nan,3,2,256,nan,4,1,24,1,1,27,27,0,0,0,1445018540,0.04565,0.00537,0.95557,0.95667,-0.00638,-0.00028,-0.00247,0.00685,0.95758,0.00567,0.00685,3,12119,0,25938,0.30100,0.29434,0.97787,-999,0,85.553,-999,0,4,2610,195192,0,0,0.000,0.750,3.000,0,0.000,0.750,3.000,0,0,3,2680,0
PPG,4,358140,14327150587,119,74672,79636,79420.102,215.898,-26.641,0,0,0,0,0.00,nan,3,2,256,nan,4,1,24,1,1,28,28,0,0,0,1445060044,0.04297,0.00146,0.96021,0.96117,-0.00558,-0.00108,-0.00034,0.00570,0.96117,0.00842,0.00686,3,12120,0,25938,0.30100,0.29434,0.97787,-999,0,85.553,-999,0,4,4298,195192,0,0,0.000,0.750,3.000,0,0.000,0.750,3.000,0,0,3,2640,0
PPG,4,358141,14327190587,118,74681,79659,79422.492,236.508,-20.164,0,0,0,0,0.00,nan,3,2,256,nan,4,1,24,1,1,29,29,0,0,0,1445098917,0.03979,0.00293,0.95386,0.95469,-0.00532,0.00079,-0.00087,0.00545,0.95527,0.00590,0.00642,3,12117,0,25938,0.30100,0.29434,0.97787,-999,0,85.553,-999,0,4,2598,195192,0,0,0.000,0.750,3.000,0,0.000,0.750,3.000,0,0,3,2600,0
PPG,4,358142,14327230587,120,74693,79667,79424.938,242.062,-12.086,0,0,0,0,0.00,nan,3,2,256,nan,4,1,24,1,1,30,30,0,0,0,1445140463,0.04224,0.00757,0.95044,0.95141,-0.00585,0.00052,-0.00221,0.00627,0.95380,0.00411,0.00676,3,12142,0,25938,0.30100,0.29434,0.97787,-999,0,85.553,-999,0,4,4307,195192,0,0,0.000,0.750,3.000,0,0.000,0.750,3.000,0,0,3,2560,0
PPG,4,358143,14327270587,117,74732,79720,79427.891,292.109,3.273,0,0,0,0,0.00,nan,3,2,256,nan,4,1,24,1,1,31,31,0,0,0,1445179488,0.04492,0.00391,0.95117,0.95224,-0.00638,-0.00001,-0.00221,0.00675,0.96138,0.00914,0.00680,3,12122,0,25938,0.30100,0.29434,0.97787,-999,0,85.553,-999,0,4,4302,195192,0,0,0.000,0.750,3.000,0,0.000,0.750,3.000,0,0,3,2520,0
PPG,4,358144,14327310587,118,74750,79731,79430.922,300.078,20.617,0,0,0,0,0.00,nan,3,2,256,nan,4,1,24,1,1,0,0,0,0,0,1445218379,0.04639,0.00220,0.95898,0.96011,-0.00612,-0.00108,-0.00141,0.00637,0.96011,0.00905,0.00693,3,12127,0,25938,0.30100,0.29434,0.97787,-999,0,85.553,-999,0,4,2599,195192,0,0,0.000,0.750,3.000,0,0.000,0.750,3.000,0,0,3,2480,0
PPG,4,358145,14327350587,116,74724,79733,79433.945,299.055,36.578,0,0,0,0,0.00,nan,3,2,256,nan,4,1,24,1,1,1,1,0,0,0,1445259882,0.04321,0.00122,0.95117,0.95215,-0.00612,-0.00001,-0.00141,0.00628,0.95414,0.01178,0.00646,3,12121,0,25938,0.30100,0.29434,0.97787,-999,0,85.553,-999,0,4,4295,195192,0,0,0.000,0.750,3.000,0,0.000,0.750,3.000,0,0,3,2440,0
PPG,4,358146,14327390587,489,74726,79756,79437.164,318.836,53.492,0,1,0,0,0.00,nan,3,2,256,nan,4,1,24,1,1,2,2,0,0,0,1445298755,0.04224,0.00146,0.94824,0.94918,-0.00612,-0.00081,-0.00194,0.00647,0.95525,0.00804,0.00647,3,12118,0,25938,0.31067,0.28741,0.92514,-999,0,86.872,-999,0,4,2606,195192,0,0,0.000,0.750,3.000,0,0.000,0.750,3.000,0,0,3,2400,0
PPG,4,358147,14327430587,159,74738,79749,79440.281,308.719,66.930,0,0,0,0,0.00,nan,3,2,256,nan,4,1,24,1,1,3,3,0,0,0,1445340696,0.04297,0.00293,0.94678,0.94776,-0.00612,-0.00001,-0.00061,0.00615,0.95206,0.00317,0.00673,3,12150,0,25938,0.31067,0.28741,0.92514,-999,0,86.872,-999,0,4,4299,195192,0,0,0.000,0.750,3.000,0,0.000,0.750,3.000,0,0,3,2360,0
PPG,4,358148,14327470587,119,74711,79677,79442.648,234.352,64.852,0,0,0,0,0.00,nan,3,2,256,nan,4,1,24,1,1,4,4,0,0,0,1445379613,0.04224,0.00073,0.95679,0.95772,-0.00638,-0.00108,-0.00221,0.00684,0.95772,0.00414,0.00733,3,12109,0,25938,0.31067,0.28741,0.92514,-999,0,86.872,-999,0,4,4294,195192,0,0,0.000,0.750,3.000,0,0.000,0.750,3.000,0,0,3,2320,0
PPG,4,358149,14327510587,117,74672,79588,79444.102,143.898,51.109,0,0,0,0,0.00,nan,3,2,256,nan,4,1,24,1,1,5,5,0,0,0,1445418499,0.04492,0.00513,0.95190,0.95298,-0.00638,-0.00108,-0.00114,0.00657,0.95541,0.00736,0.00657,3,12122,0,25938,0.31067,0.28741,0.92514,-999,0,86.872,-999,0,4,2598,195192,0,0,0.000,0.750,3.000,0,0.000,0.750,3.000,0,0,3,2280,0
PPG,4,358150,14327550587,119,74643,79556,79445.219,110.781,28.336,0,0,0,0,0.00,nan,3,2,256,nan,4,1,24,1,1,6,6,0,0,0,1445459977,0.03857,0.00146,0.95581,0.95659,-0.00558,-0.00135,-0.00141,0.00591,0.95782,0.00577,0.00728,3,12109,0,25938,0.31067,0.28741,0.92514,-999,0,86.872,-999,0,4,4297,195192,0,0,0.000,0.750,3.000,0,0.000,0.750,3.000,0,0,3,2240,0
PPG,4,358151,14327590587,116,74644,79583,79446.594,136.406,9.141,0,0,0,0,0.00,nan,3,2,256,nan,4,1,24,1,1,7,7,0,0,0,1445498872,0.04395,0.00586,0.95264,0.95367,-0.00612,0.00052,-0.00141,0.00630,0.95375,0.00452,0.00630,3,12127,0,25938,0.31067,0.28741,0.92514,-999,0,86.872,-999,0,4,2610,195192,0,0,0.000,0.750,3.000,0,0.000,0.750,3.000,0,0,3,2200,0
PPG,4,358152,14327630587,118,74662,79597,79448.102,148.898,-8.039,0,0,0,0,0.00,nan,3,2,256,nan,4,1,24,1,1,8,8,0,0,0,1445540438,0.04126,0.00513,0.95776,0.95867,-0.00665,0.00079,-0.00221,0.00705,0.95867,0.00538,0.00705,3,12193,0,25938,0.31067,0.28741,0.92514,-999,0,86.872,-999,0,4,4336,195192,0,0,0.000,0.750,3.000,0,0.000,0.750,3.000,0,0,3,2160,0
PPG,4,358153,14327670587,116,74673,79618,79449.797,168.203,-26.703,0,0,0,0,0.00,nan,3,2,256,nan,4,1,24,1,1,9,9,0,0,0,1445579376,0.04419,0.00562,0.94800,0.94904,-0.00585,-0.00028,-0.00194,0.00617,0.96044,0.01139,0.00660,3,12126,0,25938,0.31067,0.28741,0.92514,-999,0,86.872,-999,0,4,4296,195192,0,0,0.000,0.750,3.000,0,0.000,0.750,3.000,0,0,3,2120,0
PPG,4,358154,14327710587,118,74683,79640,79451.695,188.305,-42.570,0,0,0,0,0.00,nan,3,2,256,nan,4,1,24,1,1,10,10,0,0,0,1445618245,0.04224,0.00073,0.94922,0.95016,-0.00692,0.00025,-0.00194,0.00719,0.95822,0.00917,0.00719,3,12122,0,25938,0.31067,0.28741,0.92514,-999,0,86.872,-999,0,4,2606,195192,0,0,0.000,0.750,3.000,0,0.000,0.750,3.000,0,0,3,2080,0
PPG,4,358155,14327750587,116,74693,79659,79453.766,205.234,-46.992,0,0,0,0,0.00,nan,3,2,256,nan,4,1,24,1,1,11,11,0,0,0,1445659768,0.04565,0.00269,0.95142,0.95251,-0.00665,-0.00055,-0.00114,0.00677,0.95384,0.00221,0.00693,3,12120,0,25938,0.31067,0.28741,0.92514,-999,0,86.872,-999,0,4,4309,195192,0,0,0.000,0.750,3.000,0,0.000,0.750,3.000,0,0,3,2040,0
PPG,4,358156,14327790587,122,74696,79652,79455.750,196.250,-39.648,0,0,0,0,0.00,nan,3,2,256,nan,4,1,24,1,1,12,12,0,0,0,1445698663,0.04248,0.00146,0.95825,0.95919,-0.00585,-0.00081,-0.00194,0.00622,0.95919,0.00393,0.00674,3,12106,0,25938,0.31067,0.28741,0.92514,-999,0,86.872,-999,0,4,2603,195192,0,0,0.000,0.750,3.000,0,0.000,0.750,3.000,0,0,3,2000,0
PPG,4,358157,14327830587,120,74679,79654,79457.734,196.266,-27.398,0,0,0,0,0.00,nan,3,2,256,nan,4,1,24,1,1,13,13,0,0,0,1445740161,0.04663,0.00342,0.95386,0.95500,-0.00638,-0.00001,-0.00114,0.00648,0.95898,0.00238,0.00754,3,12153,0,25938,0.31067,0.28741,0.92514,-999,0,86.872,-999,0,4,4317,195192,0,0,0.000,0.750,3.000,0,0.000,0.750,3.000,0,0,3,1960,0
PPG,4,358158,14327870587,119,74680,79653,79459.688,193.312,-18.602,0,0,0,0,0.00,nan,3,2,256,nan,4,1,24,1,1,14,14,0,0,0,1445779082,0.04150,0.00513,0.95654,0.95746,-0.00505,-0.00081,-0.00114,0.00524,0.95746,0.00134,0.00573,3,12123,0,25938,0.31067,0.28741,0.92514,-999,0,86.872,-999,0,4,2608,195192,0,0,0.000,0.750,3.000,0,0.000,0.750,3.000,0,0,3,1920,0
PPG,4,358159,14327910587,118,74670,79670,79461.789,208.211,-10.469,0,0,0,0,0.00,nan,3,2,256,nan,4,1,24,1,1,15,15,0,0,0,1445820672,0.04614,0.00293,0.95190,0.95303,-0.00585,-0.00001,-0.00087,0.00592,0.95943,0.00880,0.00647,3,12113,0,25938,0.31067,0.28741,0.92514,-999,0,86.872,-999,0,4,4294,195192,0,0,0.000,0.750,3.000,0,0.000,0.750,3.000,0,0,3,1880,0
PPG,4,358160,14327950587,120,74684,79688,79464.055,223.945,-3.070,0,0,0,0,0.00,nan,3,2,256,nan,4,1,24,1,1,16,16,0,0,0,1445859670,0.04102,0.00366,0.95361,0.95450,-0.00532,-0.00135,-0.00061,0.00552,0.95450,0.00130,0.00673,3,12166,0,25938,0.31067,0.28741,0.92514,-999,0,86.872,-999,0,4,4295,195192,0,0,0.000,0.750,3.000,0,0.000,0.750,3.000,0,0,3,1840,0
PPG,4,358161,14327990587,122,74708,79704,79466.453,237.547,3.820,0,0,0,0,0.00,nan,3,2,256,nan,4,1,24,1,1,17,17,0,0,0,1445905268,0.04370,0.00049,0.94702,0.94803,-0.00638,-0.00028,-0.00114,0.00649,0.95982,0.01179,0.00653,3,18848,0,25938,0.31067,0.28741,0.92514,-999,0,86.872,-999,0,4,14476,195192,0,0,0.000,0.750,3.000,0,0.000,0.750,3.000,0,0,3,1800,0
PPG,4,358162,14328030587,120,74702,79718,79468.969,249.031,9.703,0,0,0,0,0.00,nan,3,2,256,nan,4,1,24,1,1,18,18,0,0,0,1445941634,0.04126,0.00610,0.95361,0.95452,-0.00612,-0.00055,-0.00167,0.00637,0.95551,0.00552,0.00637,3,12125,0,25938,0.31067,0.28741,0.92514,-999,0,86.872,-999,0,4,4315,195192,0,0,0.000,0.750,3.000,0,0.000,0.750,3.000,0,0,3,1760,0
PPG,4,358163,14328070587,120,74700,79723,79471.508,251.492,19.688,0,0,0,0,0.00,nan,3,2,256,nan,4,1,24,1,1,19,19,0,0,0,1445980535,0.04224,0.00488,0.95166,0.95261,-0.00665,0.00025,-0.00114,0.00675,0.95744,0.00483,0.00701,3,12118,0,25938,0.31067,0.28741,0.92514,-999,0,86.872,-999,0,4,4297,195192,0,0,0.000,0.750,3.000,0,0.000,0.750,3.000,0,0,3,1720,0
PPG,4,358164,14328110587,121,74701,79724,79474.031,249.969,30.039,0,0,0,0,0.00,nan,3,2,256,nan,4,1,24,1,1,20,20,0,0,0,1446019499,0.04517,0.00269,0.95435,0.95542,-0.00505,-0.00028,-0.00167,0.00533,0.95542,0.00623,0.00602,3,12118,0,25938,0.31067,0.28741,0.92514,-999,0,86.872,-999,0,4,4309,195192,0,0,0.000,0.750,3.000,0,0.000,0.750,3.000,0,0,3,1680,0
PPG,4,358165,14328150587,119,74685,79713,79476.422,236.578,39.609,0,0,0,0,0.00,nan,3,2,256,nan,4,1,24,1,1,21,21,0,0,0,1446058439,0.04297,0.00342,0.95532,0.95629,-0.00505,-0.00028,-0.00114,0.00519,0.95792,0.00919,0.00644,3,12154,0,25938,0.31067,0.28741,0.92514,-999,0,86.872,-999,0,4,2606,195192,0,0,0.000,0.750,3.000,0,0.000,0.750,3.000,0,0,3,1640,0
PPG,4,358166,14328190587,122,74691,79727,79478.930,248.070,49.211,0,1,0,0,0.00,nan,3,2,256,nan,4,1,24,1,1,22,22,0,0,0,1446099936,0.04150,0.00146,0.95020,0.95110,-0.00532,-0.00001,-0.00194,0.00566,0.95110,0.00696,0.00630,3,12117,0,25938,0.31067,0.28741,0.92514,-999,0,86.872,-999,0,4,4302,195192,0,0,0.000,0.750,3.000,0,0.000,0.750,3.000,0,0,3,1600,0
PPG,4,358167,14328230587,120,74694,79734,79481.477,252.523,56.531,0,0,0,0,0.00,nan,3,2,256,nan,4,1,24,1,1,23,23,0,0,0,1446138832,0.04492,0.00293,0.95532,0.95638,-0.00558,0.00079,-0.00167,0.00588,0.95850,0.00857,0.00588,3,12128,0,25938,0.31067,0.28741,0.92514,-999,0,86.872,-999,0,4,2615,195192,0,0,0.000,0.750,3.000,0,0.000,0.750,3.000,0,0,3,1560,0
PPG,4,358168,14328270587,121,74686,79710,79483.766,226.234,55.742,0,0,0,0,0.00,nan,3,2,256,nan,4,1,24,1,1,24,24,0,0,0,1446180384,0.04419,0.00562,0.94897,0.95002,-0.00558,-0.00028,-0.00141,0.00577,0.95704,0.00702,0.00577,3,12140,0,25938,0.31067,0.28741,0.92514,-999,0,86.872,-999,0,4,4302,195192,0,0,0.000,0.750,3.000,0,0.000,0.750,3.000,0,0,3,1520,0
PPG,4,358169,14328310587,120,74659,79644,79485.367,158.633,42.359,0,0,0,0,0.00,nan,3,2,256,nan,4,1,24,1,1,25,25,0,0,0,1446219264,0.04517,0.00513,0.95581,0.95689,-0.00585,-0.00028,-0.00194,0.00617,0.95689,0.00499,0.00635,3,12123,0,25938,0.31067,0.28741,0.92514,-999,0,86.872,-999,0,4,2605,195192,0,0,0.000,0.750,3.000,0,0.000,0.750,3.000,0,0,3,1480,0
PPG,4,358170,14328350587,119,74653,79587,79486.383,100.617,21.391,0,0,0,0,0.00,nan,3,2,256,nan,4,1,24,1,1,26,26,0,0,0,1446260815,0.04565,0.00659,0.94678,0.94790,-0.00532,0.00052,-0.00141,0.00553,0.95529,0.00685,0.00571,3,12171,0,25938,0.31067,0.28741,0.92514,-999,0,86.872,-999,0,4,4307,195192,0,0,0.000,0.750,3.000,0,0.000,0.750,3.000,0,0,3,1440,0
PPG,4,358171,14328390587,487,74637,79587,79487.391,99.609,1.609,0,0,0,0,0.00,nan,3,2,256,nan,4,1,24,1,1,27,27,0,0,0,1446299731,0.04663,0.00488,0.94849,0.94964,-0.00612,0.00025,-0.00194,0.00642,0.96011,0.01221,0.00642,3,12129,0,25938,0.31710,0.28628,0.90281,-999,0,87.430,-999,0,4,4297,195192,0,0,0.000,0.750,3.000,0,0.000,0.750,3.000,0,0,3,1400,0
PPG,4,358172,14328430587,163,74630,79614,79488.656,125.344,-13.383,0,0,0,0,0.00,nan,3,2,256,nan,4,1,24,1,1,28,28,0,0,0,1446339010,0.04590,0.00610,0.95508,0.95620,-0.00665,-0.00135,-0.00141,0.00693,0.96099,0.00792,0.00785,3,12115,0,25938,0.31710,0.28628,0.90281,-999,0,87.430,-999,0,4,2596,195192,0,0,0.000,0.750,3.000,0,0.000,0.750,3.000,0,0,3,1360,0
PPG,4,358173,14328470587,119,74661,79656,79490.328,165.672,-25.422,0,0,0,0,0.00,nan,3,2,256,nan,4,1,24,1,1,29,29,0,0,0,1446380780,0.04395,0.00488,0.95410,0.95513,-0.00745,-0.00028,-0.00141,0.00759,0.95513,0.00271,0.00759,3,12332,0,25938,0.31710,0.28628,0.90281,-999,0,87.430,-999,0,4,4308,195192,0,0,0.000,0.750,3.000,0,0.000,0.750,3.000,0,0,3,1320,0
PPG,4,358174,14328510587,120,74666,79665,79492.078,172.922,-36.531,0,0,0,0,0.00,nan,3,2,256,nan,4,1,24,1,1,30,30,0,0,0,1446419824,0.04370,0.00464,0.95288,0.95389,-0.00612,-0.00028,-0.00087,0.00619,0.95718,0.00231,0.00680,3,12209,0,25938,0.31710,0.28628,0.90281,-999,0,87.430,-999,0,4,4318,195192,0,0,0.000,0.750,3.000,0,0.000,0.750,3.000,0,0,3,1280,0
PPG,4,358175,14328550587,120,74677,79664,79493.797,170.203,-43.352,0,0,0,0,0.00,nan,3,2,256,nan,4,1,24,1,1,31,31,0,0,0,1446458964,0.03931,0.00562,0.95313,0.95395,-0.00665,-0.00081,-0.00141,0.00685,0.95395,0.00162,0.00685,3,12279,0,25938,0.31710,0.28628,0.90281,-999,0,87.430,-999,0,4,2613,195192,0,0,0.000,0.750,3.000,0,0.000,0.750,3.000,0,0,3,1240,0
PPG,4,358176,14328590587,119,74680,79679,79495.648,183.352,-39.703,0,0,0,0,0.00,nan,3,2,256,nan,4,1,24,1,1,0,0,0,0,0,1446500851,0.04346,0.00610,0.95410,0.95511,-0.00532,0.00052,-0.00221,0.00578,0.95511,0.00155,0.00604,3,12278,0,25938,0.31710,0.28628,0.90281,-999,0,87.430,-999,0,4,4340,195192,0,0,0.000,0.750,3.000,0,0.000,0.750,3.000,0,0,3,1200,0
PPG,4,358177,14328630587,132,74684,79665,79497.344,167.656,-29.109,0,0,0,0,0.00,nan,3,2,256,nan,4,1,24,1,1,1,1,0,0,0,1446540063,0.04224,0.00269,0.95508,0.95602,-0.00532,-0.00028,-0.00194,0.00567,0.95776,0.00414,0.00656,3,12199,0,25938,0.31710,0.28628,0.90281,-999,0,87.430,-999,0,4,4330,195192,0,0,0.000,0.750,3.000,0,0.000,0.750,3.000,0,0,3,1160,0
PPG,4,358178,14328670587,134,74688,79684,79499.211,184.789,-16.797,0,0,0,0,0.00,nan,3,2,256,nan,4,1,24,1,1,2,2,0,0,0,1446579419,0.04517,0.00830,0.95483,0.95594,-0.00638,-0.00081,-0.00167,0.00665,0.95594,0.00343,0.00665,3,12294,0,25938,0.31710,0.28628,0.90281,-999,0,87.430,-999,0,4,2635,195192,0,0,0.000,0.750,3.000,0,0.000,0.750,3.000,0,0,3,1120,0
PPG,4,358179,14328710587,120,74678,79686,79501.078,184.922,-7.312,0,0,0,0,0.00,nan,3,2,256,nan,4,1,24,1,1,3,3,0,0,0,1446621342,0.04517,0.00439,0.95605,0.95713,-0.00585,-0.00081,-0.00167,0.00614,0.95713,0.00573,0.00614,3,12256,0,25938,0.31710,0.28628,0.90281,-999,0,87.430,-999,0,4,4319,195192,0,0,0.000,0.750,3.000,0,0.000,0.750,3.000,0,0,3,1080,0
PPG,4,358180,14328750587,121,74671,79675,79502.820,172.180,-3.953,0,0,0,0,0.00,nan,3,2,256,nan,4,1,24,1,1,4,4,0,0,0,1446660612,0.04443,0.00464,0.95142,0.95246,-0.00558,-0.00188,-0.00034,0.00590,0.95724,0.00451,0.00618,3,12257,0,25938,0.31710,0.28628,0.90281,-999,0,87.430,-999,0,4,4334,195192,0,0,0.000,0.750,3.000,0,0.000,0.750,3.000,0,0,3,1040,0
PPG,4,358181,14328790587,122,74653,79670,79504.492,165.508,-1.539,0,0,0,0,0.00,nan,3,2,256,nan,4,1,24,1,1,5,5,0,0,0,1446699844,0.04346,0.00635,0.95044,0.95145,-0.00638,0.00025,-0.00061,0.00642,0.95345,0.00286,0.00673,3,12223,0,25938,0.31710,0.28628,0.90281,-999,0,87.430,-999,0,4,4313,195192,0,0,0.000,0.750,3.000,0,0.000,0.750,3.000,0,0,3,1000,0
PPG,4,358182,14328830587,133,74659,79677,79506.219,170.781,2.367,0,0,0,0,0.00,nan,3,2,256,nan,4,1,24,1,1,6,6,0,0,0,1446739055,0.03809,0.00195,0.94702,0.94779,-0.00692,-0.00188,-0.00114,0.00726,0.95297,0.00413,0.00726,3,12252,0,25938,0.31710,0.28628,0.90281,-999,0,87.430,-999,0,4,2634,195192,0,0,0.000,24.887,1.479,0,0.000,0.750,3.000,0,0,3,960,0
PPG,4,358183,14328870587,124,74646,79665,79507.805,157.195,3.273,0,0,0,0,0.00,nan,3,2,256,nan,4,1,24,1,1,7,7,0,0,0,1446781072,0.04614,0.00049,0.95239,0.95351,-0.00612,-0.00028,-0.00114,0.00623,0.95939,0.00714,0.00649,3,12296,0,25938,0.31710,0.28628,0.90281,-999,0,87.430,-999,0,4,4314,195192,0,0,0.000,24.887,1.479,0,0.000,0.750,3.000,0,0,3,920,0
PPG,4,358184,14328910587,131,74646,79682,79509.547,172.453,7.797,0,0,0,0,0.00,nan,3,2,256,nan,4,1,24,1,1,8,8,0,0,0,1446820198,0.04395,0.00586,0.95093,0.95196,-0.00692,-0.00028,-0.00221,0.00727,0.95488,0.00376,0.00727,3,12240,0,25938,0.31710,0.28628,0.90281,-999,0,87.430,-999,0,4,4340,195192,0,0,0.000,24.887,1.479,0,0.000,0.750,3.000,0,0,3,880,0
PPG,4,358185,14328950587,126,74659,79690,79511.352,178.648,9.812,0,0,0,0,0.00,nan,3,2,256,nan,4,1,24,1,1,9,9,0,0,0,1446859414,0.04077,0.00562,0.95166,0.95255,-0.00585,0.00025,-0.00061,0.00589,0.95784,0.00588,0.00674,3,12249,0,25938,0.31710,0.28628,0.90281,-999,0,87.430,-999,0,4,2639,195192,0,0,0.000,24.887,1.479,0,0.000,0.750,3.000,0,0,3,840,0
PPG,4,358186,14328990587,133,74652,79686,79513.102,172.898,11.859,0,0,0,0,0.00,nan,3,2,256,nan,4,1,24,1,1,10,10,0,0,0,1446905556,0.03882,0.00366,0.95483,0.95563,-0.00532,0.00052,-0.00141,0.00553,0.96107,0.01066,0.00592,3,16349,0,25938,0.31710,0.28628,0.90281,-999,0,87.430,-999,0,4,16295,195192,0,0,0.000,24.887,1.479,0,0.000,0.750,3.000,0,0,3,800,0
PPG,4,358187,14329030587,125,74631,79691,79514.883,176.117,16.289,0,0,0,0,0.00,nan,3,2,256,nan,4,1,24,1,1,11,11,0,0,0,1446942211,0.04102,0.00513,0.95264,0.95353,-0.00638,-0.00001,-0.00141,0.00654,0.95689,0.00443,0.00654,3,12250,0,25938,0.31710,0.28628,0.90281,-999,0,87.430,-999,0,4,4330,195192,0,0,0.000,24.887,1.479,0,0.000,0.750,3.000,0,0,3,760,0
PPG,4,358188,14329070587,139,74588,79609,79515.820,93.180,12.633,0,1,0,0,0.00,nan,3,2,256,nan,4,1,24,1,1,12,12,0,0,0,1446981496,0.03955,0.00635,0.95239,0.95323,-0.00585,-0.00001,-0.00061,0.00588,0.95323,0.00770,0.00599,3,12258,0,25938,0.31710,0.28628,0.90281,-999,0,87.430,-999,0,4,4340,195192,0,0,0.000,24.887,1.479,0,0.000,13.088,12.431,0,0,3,720,0
PPG,4,358189,14329110587,120,74559,79526,79515.922,10.078,-3.039,0,0,0,0,0.00,nan,3,2,256,nan,4,1,24,1,1,13,13,0,0,0,1447020794,0.04272,0.00537,0.95264,0.95361,-0.00638,-0.00081,-0.00087,0.00649,0.95361,0.00495,0.00671,3,12258,0,25938,0.31710,0.28628,0.90281,-999,0,87.430,-999,0,4,4333,195192,0,0,0.000,24.887,1.479,0,0.000,13.088,12.431,0,0,3,680,0
PPG,4,358190,14329150587,123,74559,79520,79515.961,4.039,-20.406,0,0,0,0,0.00,nan,3,2,256,nan,4,1,24,1,1,14,14,0,0,0,1447060028,0.04395,0.00317,0.95752,0.95853,-0.00638,-0.00028,-0.00114,0.00649,0.95853,0.00732,0.00713,3,12278,0,25938,0.31710,0.28628,0.90281,-999,0,87.430,-999,0,4,4302,195192,0,0,0.000,24.887,1.479,0,0.000,13.088,12.431,0,0,3,640,0
PPG,4,358191,14329190587,119,74567,79526,79516.062,9.938,-39.641,0,0,0,0,0.00,nan,3,2,256,nan,4,1,24,1,1,15,15,0,0,0,1447099054,0.04370,0.00317,0.94995,0.95096,-0.00638,-0.00028,-0.00114,0.00649,0.95950,0.00964,0.00739,3,12214,0,25938,0.31710,0.28628,0.90281,-999,0,87.430,-999,0,4,2599,195192,0,0,0.000,24.887,1.479,0,0.000,13.088,12.431,0,0,3,600,0
PPG,4,358192,14329230587,122,74567,79555,79516.453,38.547,-55.977,0,0,0,0,0.00,nan,3,2,256,nan,4,1,24,1,1,16,16,0,0,0,1447140741,0.04370,0.00977,0.95068,0.95174,-0.00612,-0.00001,-0.00141,0.00628,0.95532,0.00358,0.00628,3,12165,0,25938,0.31710,0.28628,0.90281,-999,0,87.430,-999,0,4,4294,195192,0,0,0.000,24.887,1.479,0,0.000,13.088,12.431,0,0,3,560,0
PPG,4,358193,14329270587,118,74600,79573,79517.016,55.984,-67.969,0,0,0,0,0.00,nan,3,2,256,nan,4,1,24,1,1,17,17,0,0,0,1447179699,0.04370,0.00610,0.95386,0.95488,-0.00745,-0.00001,-0.00167,0.00764,0.95488,0.00284,0.00764,3,12174,0,25938,0.31710,0.28628,0.90281,-999,0,87.430,-999,0,4,2595,195192,0,0,0.000,24.887,1.479,0,0.000,13.088,12.431,0,0,3,520,0
PPG,4,358194,14329310587,124,74607,79607,79517.914,89.086,-77.070,0,0,0,0,0.00,nan,3,2,256,nan,4,1,24,1,1,18,18,0,0,0,1447221243,0.04468,0.00513,0.95068,0.95175,-0.00612,-0.00055,-0.00114,0.00625,0.95776,0.00602,0.00649,3,12119,0,25938,0.31710,0.28628,0.90281,-999,0,87.430,-999,0,4,4300,195192,0,0,0.000,24.887,1.479,0,0.000,13.088,12.431,0,0,3,480,0
PPG,4,358195,14329350587,119,74608,79594,79518.672,75.328,-75.711,0,0,0,0,0.00,nan,3,2,256,nan,4,1,24,1,1,19,19,0,0,0,1447260129,0.04224,0.00366,0.94922,0.95016,-0.00585,-0.00055,-0.00221,0.00628,0.95197,0.00554,0.00654,3,12110,0,25938,0.31710,0.28628,0.90281,-999,0,87.430,-999,0,4,4296,195192,0,0,0.000,24.887,1.479,0,0.000,13.088,12.431,0,0,3,440,0
PPG,4,358196,14329390587,508,74592,79575,79519.234,55.766,-63.508,0,0,0,0,0.00,nan,3,2,256,nan,4,1,24,1,1,20,20,0,0,0,1447299126,0.04272,0.00439,0.95068,0.95165,-0.00532,0.00052,-0.00061,0.00538,0.95727,0.00711,0.00667,3,12108,0,25938,0.09154,0.10336,1.12911,96,1,81.772,100,1,4,2595,195192,0,0,0.000,24.887,1.479,0,0.000,13.088,12.431,0,0,3,400,0
PPG,4,358197,14329430587,162,74580,79596,79520.000,76.000,-49.211,0,0,0,0,0.00,nan,3,2,256,nan,4,1,24,1,1,21,21,0,0,0,1447341089,0.03687,0.00684,0.95264,0.95337,-0.00612,0.00025,-0.00087,0.00618,0.95481,0.00418,0.00618,3,12133,0,25938,0.09154,0.10336,1.12911,96,1,81.772,100,1,4,4301,195192,0,0,0.000,24.887,1.479,0,0.000,13.088,12.431,0,0,3,360,0
PPG,4,358198,14329470587,121,74589,79605,79520.852,84.148,-33.969,0,0,0,0,0.00,nan,3,2,256,nan,4,1,24,1,1,22,22,0,0,0,1447380064,0.04419,0.00317,0.95654,0.95757,-0.00612,0.00025,-0.00114,0.00623,0.96160,0.01099,0.00646,3,12139,0,25938,0.09154,0.10336,1.12911,96,1,81.772,100,1,4,4322,195192,0,0,0.000,24.887,1.479,0,0.000,13.088,12.431,0,0,3,320,0
PPG,4,358199,14329510587,118,74603,79616,79521.805,94.195,-21.758,0,0,0,0,0.00,nan,3,2,256,nan,4,1,24,1,1,23,23,0,0,0,1447419003,0.04370,0.00269,0.95605,0.95706,-0.00612,-0.00028,-0.00167,0.00635,0.95706,0.00685,0.00635,3,12120,0,25938,0.09154,0.10336,1.12911,96,1,81.772,100,1,4,2594,195192,0,0,0.000,24.887,1.479,0,0.000,13.088,12.431,0,0,3,280,0
PPG,4,358200,14329550587,121,74594,79616,79522.750,93.250,-12.664,0,0,0,0,0.00,nan,3,2,256,nan,4,1,24,1,1,24,24,0,0,0,1447460523,0.04150,0.00415,0.95288,0.95379,-0.00612,0.00052,-0.00141,0.00630,0.95520,0.00246,0.00630,3,12132,0,25938,0.09154,0.10336,1.12911,96,1,81.772,100,1,4,4306,195192,0,0,0.000,24.887,1.479,0,0.000,13.088,12.431,0,0,3,240,0
PPG,4,358201,14329590587,124,74574,79600,79523.523,76.477,-10.164,0,0,0,0,0.00,nan,3,2,256,nan,4,1,24,1,1,25,25,0,0,0,1447499498,0.04321,0.00391,0.95581,0.95679,-0.00558,0.00025,-0.00194,0.00592,0.95774,0.00394,0.00592,3,12121,0,25938,0.09154,0.10336,1.12911,96,1,81.772,100,1,4,2595,195192,0,0,0.000,24.887,1.479,0,0.000,13.088,12.431,0,0,3,200,0
PPG,4,358202,14329630587,120,74556,79601,79524.297,76.703,-5.359,0,0,0,0,0.00,nan,3,2,256,nan,4,1,24,1,1,26,26,0,0,0,1447541026,0.04224,0.00537,0.95679,0.95773,-0.00665,-0.00001,-0.00167,0.00686,0.95939,0.00696,0.00726,3,12133,0,25938,0.09154,0.10336,1.12911,96,1,81.772,100,1,4,4296,195192,0,0,0.000,24.887,1.479,0,0.000,13.088,12.431,0,0,3,160,0
PPG,4,358203,14329670587,131,74544,79597,79525.023,71.977,1.180,0,0,0,0,0.00,nan,3,2,256,nan,4,1,24,1,1,27,27,0,0,0,1447579924,0.04370,0.00439,0.95264,0.95365,-0.00585,-0.00028,-0.00141,0.00602,0.95557,0.00216,0.00622,3,12137,0,25938,0.09154,0.10336,1.12911,96,1,81.772,100,1,4,4346,195192,0,0,0.000,24.887,1.479,0,0.000,13.088,12.431,0,0,3,120,0
PPG,4,358204,14329710587,121,74566,79608,79525.852,82.148,6.594,0,0,0,0,0.00,nan,3,2,256,nan,4,1,24,1,1,28,28,0,0,0,1447618895,0.04126,0.00464,0.95581,0.95671,-0.00505,0.00025,-0.00087,0.00513,0.95782,0.00417,0.00592,3,12127,0,25938,0.09154,0.10336,1.12911,96,1,81.772,100,1,4,2595,195192,0,0,0.000,24.887,1.479,0,0.000,13.088,12.431,0,0,3,80,0
PPG,4,358205,14329750587,119,74568,79625,79526.844,98.156,12.703,0,0,0,0,0.00,nan,3,2,256,nan,4,1,24,1,1,29,29,0,0,0,1447660399,0.04004,0.00562,0.95190,0.95276,-0.00638,-0.00081,-0.00194,0.00672,0.95769,0.00911,0.00718,3,12125,0,25938,0.09154,0.10336,1.12911,96,1,81.772,100,1,4,4329,195192,0,0,0.000,24.887,1.479,0,0.000,13.088,12.431,0,0,3,40,0
PPG,4,358206,14329790587,132,74565,79625,79527.828,97.172,17.039,0,0,0,0,0.00,nan,1,2,1024,nan,4,1,24,1,1,30,30,0,0,0,1447699378,0.04321,0.00366,0.94702,0.94801,-0.00558,-0.00135,-0.00114,0.00586,0.95271,0.00470,0.00671,3,12142,0,25938,0.09154,0.10336,1.12911,96,1,81.772,100,1,2,2597,195192,0,0,0.000,22.915,1.617,0,0.000,13.088,12.431,0,0,0,0,0
PPG,4,358207,14329830587,91,74546,79617,79528.719,88.281,0.000,0,0,0,0,0.00,nan,1,2,1024,nan,4,1,24,1,1,31,31,0,0,0,1447740895,0.04370,0.00903,0.95605,0.95710,-0.00665,-0.00028,-0.00167,0.00686,0.95971,0.01002,0.00686,3,12120,0,25938,0.09154,0.10336,1.12911,96,1,81.772,100,1,2,4299,195192,0,0,0.000,0.750,3.000,0,0.000,0.750,3.000,0,0,0,0,0
PPG,4,358208,14329870587,91,74514,79516,79528.594,-12.594,0.000,0,0,0,0,0.00,nan,1,2,1024,nan,4,1,24,1,1,0,0,0,0,0,1447779714,0.03979,0.00513,0.95093,0.95177,-0.00558,0.00079,-0.00114,0.00575,0.96221,0.01415,0.00594,3,12131,0,25938,0.09154,0.10336,1.12911,96,1,81.772,100,1,2,2615,195192,0,0,0.000,0.750,3.000,0,0.000,0.750,3.000,0,0,0,0,0
PPG,4,358209,14329910587,89,74464,79428,79527.586,-99.586,0.000,0,0,0,0,0.00,nan,1,2,1024,nan,4,1,24,1,1,1,1,0,0,0,1447821141,0.04297,-0.00049,0.95557,0.95653,-0.00558,-0.00108,-0.00061,0.00572,0.95653,0.00341,0.00628,3,12106,0,25938,0.09154,0.10336,1.12911,96,1,81.772,100,1,2,4294,195192,0,0,0.000,0.750,3.000,0,0.000,0.750,3.000,0,0,0,0,0
PPG,4,358210,14329950587,91,74474,79423,79526.539,-103.539,0.000,0,0,0,0,0.00,nan,1,2,1024,nan,4,1,24,1,1,2,2,0,0,0,1447859956,0.04321,0.00562,0.95435,0.95534,-0.00585,-0.00028,-0.00167,0.00609,0.95988,0.00989,0.00673,3,12136,0,25938,0.09154,0.10336,1.12911,96,1,81.772,100,1,2,4313,195192,0,0,0.000,0.750,3.000,0,0.000,0.750,3.000,0,0,0,0,0
PPG,4,358211,14329990587,94,74513,79488,79526.156,-38.156,0.000,0,0,0,0,0.00,nan,1,2,1024,nan,4,1,24,1,1,3,3,0,0,0,1447905639,0.04468,0.00586,0.95288,0.95395,-0.00665,0.00052,-0.00087,0.00673,0.95454,0.00242,0.00673,3,18984,0,25938,0.09154,0.10336,1.12911,96,1,81.772,100,1,2,14607,195192,0,0,0.000,0.750,3.000,0,0.000,0.750,3.000,0,0,0,0,0
PPG,4,358212,14330030587,92,74539,79535,79526.242,8.758,0.000,0,0,0,0,0.00,nan,1,2,1024,nan,4,1,24,1,1,4,4,0,0,0,1447941932,0.04321,0.00269,0.94849,0.94947,-0.00612,-0.00001,-0.00167,0.00634,0.95584,0.00636,0.00634,3,12124,0,25938,0.09154,0.10336,1.12911,96,1,81.772,100,1,2,4310,195192,0,0,0.000,0.750,3.000,0,0.000,0.750,3.000,0,0,0,0,0
PPG,4,358213,14330070587,92,74571,79589,79526.867,62.133,0.000,0,0,0,0,0.00,nan,1,2,1024,nan,4,1,24,1,1,5,5,0,0,0,1447980738,0.04419,0.00464,0.95239,0.95343,-0.00585,-0.00081,-0.00194,0.00622,0.95343,0.00190,0.00622,3,12118,0,25938,0.09154,0.10336,1.12911,96,1,81.772,100,1,2,4296,195192,0,0,0.000,0.750,3.000,0,0.000,0.750,3.000,0,0,0,0,0
PPG,4,358214,14330110587,91,74574,79614,79527.742,86.258,0.000,0,0,0,0,0.00,nan,1,2,1024,nan,4,1,24,1,1,6,6,0,0,0,1448019556,0.04150,-0.00024,0.95142,0.95232,-0.00505,-0.00055,-0.00194,0.00544,0.95648,0.00619,0.00724,3,12113,0,25938,0.09154,0.10336,1.12911,96,1,81.772,100,1,2,2595,195192,0,0,0.000,0.750,3.000,0,0.000,0.750,3.000,0,0,0,0,0
PPG,4,358215,14330150587,92,74568,79607,79528.531,78.469,0.000,0,0,0,0,0.00,nan,1,2,1024,nan,4,1,24,1,1,7,7,0,0,0,1448060973,0.04150,0.00195,0.95264,0.95354,-0.00532,0.00132,-0.00061,0.00551,0.95608,0.00820,0.00551,3,12127,0,25938,0.09154,0.10336,1.12911,96,1,81.772,100,1,2,4301,195192,0,0,0.000,0.750,3.000,0,0.000,0.750,3.000,0,0,0,0,0
PPG,4,358216,14330190587,91,74591,79617,79529.414,87.586,0.000,0,0,0,0,0.00,nan,1,2,1024,nan,4,1,24,1,1,8,8,0,0,0,1448099792,0.04321,0.00391,0.95239,0.95338,-0.00558,0.00052,-0.00194,0.00593,0.95468,0.00678,0.00732,3,12137,0,25938,0.09154,0.10336,1.12911,96,1,81.772,100,1,2,2621,195192,0,0,0.000,0.750,3.000,0,0.000,0.750,3.000,0,0,0,0,0
PPG,4,358217,14330230587,96,74581,79615,79530.273,84.727,0.000,0,0,0,0,0.00,nan,1,2,1024,nan,4,1,24,1,1,9,9,0,0,0,1448141243,0.04272,0.00220,0.95605,0.95701,-0.00612,-0.00055,-0.00141,0.00630,0.95942,0.00604,0.00639,3,12119,0,25938,0.09154,0.10336,1.12911,96,1,81.772,100,1,2,4300,195192,0,0,0.000,0.750,3.000,0,0.000,0.750,3.000,0,0,0,0,0
PPG,4,358218,14330270587,91,74543,79581,79530.781,50.219,0.000,0,0,0,0,0.00,nan,1,2,1024,nan,4,1,24,1,1,10,10,0,0,0,1448180068,0.04565,0.00195,0.95483,0.95593,-0.00532,-0.00028,-0.00141,0.00551,0.95593,0.00474,0.00660,3,12120,0,25938,0.09154,0.10336,1.12911,96,1,81.772,100,1,2,4304,195192,0,0,0.000,0.750,3.000,0,0.000,0.750,3.000,0,0,0,0,0
PPG,4,358219,14330310587,92,74486,79546,79530.930,15.070,0.000,0,0,0,0,0.00,nan,1,2,1024,nan,4,1,24,1,1,11,11,0,0,0,1448218949,0.04443,0.00781,0.95630,0.95736,-0.00638,0.00025,-0.00141,0.00654,0.95736,0.00329,0.00654,3,12131,0,25938,0.09154,0.10336,1.12911,96,1,81.772,100,1,2,2601,195192,0,0,0.000,0.750,3.000,0,0.000,0.750,3.000,0,0,0,0,0
PPG,4,358220,14330350587,91,74477,79523,79530.852,-7.852,0.000,0,0,0,0,0.00,nan,1,2,1024,nan,4,1,24,1,1,12,12,0,0,0,1448260402,0.04126,0.00708,0.95166,0.95258,-0.00558,0.00079,-0.00114,0.00575,0.95659,0.00475,0.00645,3,12155,0,25938,0.09154,0.10336,1.12911,96,1,81.772,100,1,2,4326,195192,0,0,0.000,0.750,3.000,0,0.000,0.750,3.000,0,0,0,0,0
PPG,4,358221,14330390587,489,74484,79529,79530.836,-1.836,0.000,0,0,0,0,0.00,nan,1,2,1024,nan,4,1,24,1,1,13,13,0,0,0,1448299279,0.04346,-0.00049,0.95093,0.95192,-0.00585,0.00132,-0.00114,0.00610,0.95809,0.00575,0.00610,3,12168,0,25938,0.08599,0.09826,1.14266,89,1,81.434,83,1,2,2629,195192,0,0,0.000,0.750,3.000,0,0.000,0.750,3.000,0,0,0,0,0
PPG,4,358222,14330430587,136,74477,79521,79530.734,-9.734,0.000,0,0,0,0,0.00,nan,1,2,1024,nan,4,1,24,1,1,14,14,0,0,0,1448341509,0.04004,0.00049,0.95605,0.95689,-0.00452,0.00052,-0.00221,0.00505,0.95689,0.00464,0.00628,3,12372,0,25938,0.08599,0.09826,1.14266,89,1,81.434,83,1,2,4408,195192,0,0,0.000,0.750,3.000,0,0.000,0.750,3.000,0,0,0,0,0
PPG,4,358223,14330470587,92,74415,79488,79530.305,-42.305,0.000,0,0,0,0,0.00,nan,1,2,1024,nan,4,1,24,1,1,15,15,0,0,0,1448380575,0.04248,0.00513,0.95313,0.95408,-0.00452,0.00318,-0.00167,0.00577,0.95408,0.00503,0.00577,3,12115,0,25938,0.08599,0.09826,1.14266,89,1,81.434,83,1,2,4301,195192,0,0,0.000,0.750,3.000,0,0.000,0.750,3.000,0,0,0,0,0
PPG,4,358224,14330510587,91,74403,79474,79529.742,-55.742,0.000,0,0,0,0,0.00,nan,1,2,1024,nan,4,1,24,1,1,16,16,0,0,0,1448419471,0.04639,0.00488,0.95166,0.95280,-0.00292,0.00398,-0.00194,0.00531,0.95280,0.00535,0.00586,3,12176,0,25938,0.08599,0.09826,1.14266,89,1,81.434,83,1,2,2598,195192,0,0,0.000,0.750,3.000,0,0.000,0.750,3.000,0,0,0,0,0
PPG,4,358225,14330550587,92,74372,79445,79528.898,-83.898,0.000,0,0,0,0,0.00,nan,1,2,1024,nan,4,1,24,1,1,17,17,0,0,0,1448461014,0.04004,0.00366,0.94678,0.94763,-0.00372,0.00265,-0.00221,0.00507,0.95546,0.00725,0.00561,3,12255,0,25938,0.08599,0.09826,1.14266,89,1,81.434,83,1,2,4295,195192,0,0,0.000,0.750,3.000,0,0.000,0.750,3.000,0,0,0,0,0
PPG,4,358226,14330590587,111,74375,79466,79528.266,-62.266,-38.812,0,0,0,0,0.00,nan,1,2,1024,nan,4,1,24,1,1,18,18,0,0,0,1448499815,0.05103,0.00220,0.95361,0.95498,-0.00479,-0.00081,-0.00141,0.00505,0.95498,0.00312,0.00602,3,12121,0,25938,0.08599,0.09826,1.14266,89,1,81.434,83,1,2,2605,195192,0,0,0.000,0.750,3.000,0,0.000,0.750,3.000,0,0,0,0,0
PPG,4,358227,14330630587,114,74384,79474,79527.727,-53.727,-38.664,0,0,0,0,0.00,nan,1,2,1024,nan,4,1,24,1,1,19,19,0,0,0,1448541488,0.04150,0.00366,0.95142,0.95233,-0.00612,-0.00001,-0.00194,0.00642,0.95235,0.00500,0.00693,3,12112,0,25938,0.08599,0.09826,1.14266,89,1,81.434,83,1,2,4302,195192,0,0,0.000,0.750,3.000,0,0.000,0.750,3.000,0,0,0,0,0
PPG,4,358228,14330670587,113,74419,79502,79527.469,-25.469,-41.820,0,0,0,0,0.00,nan,1,2,1024,nan,4,1,24,1,1,20,20,0,0,0,1448580353,0.04077,0.00464,0.94849,0.94937,-0.00585,-0.00108,-0.00007,0.00595,0.95615,0.00678,0.00657,3,12119,0,25938,0.08599,0.09826,1.14266,89,1,81.434,83,1,2,4298,195192,0,0,0.000,0.750,3.000,0,0.000,0.750,3.000,0,0,0,0,0
PPG,4,358229,14330710587,111,74421,79457,79526.766,-69.766,-52.414,0,0,0,0,0.00,nan,1,2,1024,nan,4,1,24,1,1,21,21,0,0,0,1448619333,0.04468,0.00830,0.95044,0.95153,-0.00665,-0.00001,-0.00167,0.00686,0.95445,0.00360,0.00686,3,12223,0,25938,0.08599,0.09826,1.14266,89,1,81.434,83,1,2,2645,195192,0,0,0.000,0.750,3.000,0,0.000,0.750,3.000,0,0,0,0,0
PPG,4,358230,14330750587,136,74383,79394,79525.438,-131.438,-64.391,0,0,0,0,0.00,nan,1,2,1024,nan,4,1,24,1,1,22,22,0,0,0,1448660984,0.03955,0.00415,0.95215,0.95298,-0.00585,-0.00055,-0.00141,0.00604,0.95565,0.00267,0.00668,3,12121,0,25938,0.08599,0.09826,1.14266,89,1,81.434,83,1,2,4343,195192,0,0,0.000,0.750,3.000,0,0.000,0.750,3.000,0,0,0,0,0
PPG,4,358231,14330790587,114,74359,79373,79523.914,-150.914,-73.070,0,0,0,0,0.00,nan,1,2,1024,nan,4,1,24,1,1,23,23,0,0,0,1448700499,0.04199,0.00757,0.95215,0.95310,-0.00612,0.00052,-0.00007,0.00614,0.95310,0.00272,0.00668,3,12250,0,25938,0.08599,0.09826,1.14266,89,1,81.434,83,1,2,4336,195192,0,0,0.000,0.750,3.000,0,0.000,0.750,3.000,0,0,0,0,0
PPG,4,358232,14330830587,112,74296,79332,79521.992,-189.992,-79.062,0,0,0,0,0.00,nan,1,2,1024,nan,4,1,24,1,1,24,24,0,0,0,1448739792,0.04004,0.00732,0.95239,0.95326,-0.00612,0.00079,-0.00087,0.00623,0.95733,0.00655,0.00623,3,12278,0,25938,0.08599,0.09826,1.14266,89,1,81.434,83,1,2,2638,195192,0,0,0.000,0.750,3.000,0,0.000,0.750,3.000,0,0,0,0,0
PPG,4,358233,14330870587,133,74269,79304,79519.812,-215.812,-87.961,0,0,0,0,0.00,nan,1,2,1024,nan,4,1,24,1,1,25,25,0,0,0,1448781642,0.04443,0.00317,0.95313,0.95417,-0.00558,-0.00055,-0.00114,0.00573,0.95596,0.00270,0.00593,3,12214,0,25938,0.08599,0.09826,1.14266,89,1,81.434,83,1,2,4345,195192,0,0,0.000,0.750,3.000,0,0.000,0.750,3.000,0,0,0,0,0
PPG,4,358234,14330910587,130,74266,79295,79517.562,-222.562,-97.578,0,0,0,0,0.00,nan,1,2,1024,nan,4,1,24,1,1,26,26,0,0,0,1448821098,0.03760,0.00513,0.95166,0.95242,-0.00718,0.00052,-0.00167,0.00739,0.95686,0.00491,0.00739,3,12265,0,25938,0.08599,0.09826,1.14266,89,1,81.434,83,1,2,4328,195192,0,0,0.000,0.750,3.000,0,0.000,0.750,3.000,0,0,0,0,0
PPG,4,358235,14330950587,113,74225,79268,79515.070,-247.070,-114.062,0,0,0,0,0.00,nan,1,2,1024,nan,4,1,24,1,1,27,27,0,0,0,1448860424,0.04468,0.00879,0.95264,0.95372,-0.00665,0.00052,-0.00114,0.00677,0.95785,0.00543,0.00677,3,12279,0,25938,0.08599,0.09826,1.14266,89,1,81.434,83,1,2,4357,195192,0,0,0.000,0.750,3.000,0,0.000,0.750,3.000,0,0,0,0,0
PPG,4,358236,14330990587,116,74259,79320,79513.117,-193.117,-118.781,0,0,0,0,0.00,nan,1,2,1024,nan,4,1,24,1,1,28,28,0,0,0,1448906486,0.04492,0.00415,0.95386,0.95492,-0.00505,0.00052,-0.00007,0.00508,0.95507,0.00230,0.00600,3,19021,0,25938,0.08599,0.09826,1.14266,89,1,81.434,83,1,2,14602,195192,0,0,0.000,0.750,3.000,0,0.000,0.750,3.000,0,0,0,0,0
PPG,4,358237,14331030587,111,74328,79364,79511.625,-147.625,-110.508,0,0,0,0,0.00,nan,1,2,1024,nan,4,1,24,1,1,29,29,0,0,0,1448943147,0.04004,0.00244,0.95581,0.95665,-0.00532,-0.00028,0.00019,0.00533,0.95665,0.00552,0.00607,3,12207,0,25938,0.08599,0.09826,1.14266,89,1,81.434,83,1,2,2601,195192,0,0,0.000,0.750,3.000,0,0.000,0.750,3.000,0,0,0,0,0
PPG,4,358238,14331070587,115,74307,79359,79510.102,-151.102,-101.414,0,0,0,0,0.00,nan,1,2,1024,nan,4,1,24,1,1,30,30,0,0,0,1448979814,0.04565,0.00293,0.95532,0.95642,-0.00718,-0.00108,-0.00167,0.00745,0.95946,0.00370,0.00745,3,12266,0,25938,0.08599,0.09826,1.14266,89,1,81.434,83,1,2,2640,195192,0,0,0.000,0.750,3.000,0,0.000,0.750,3.000,0,0,0,0,0
PPG,4,358239,14331110587,112,74218,79297,79507.969,-210.969,-93.961,0,0,0,0,0.00,nan,1,2,1024,nan,4,1,24,1,1,31,31,0,0,0,1449021614,0.04004,0.00342,0.95972,0.96056,-0.00612,0.00079,-0.00087,0.00623,0.96056,0.00974,0.00654,3,12213,0,25938,0.08599,0.09826,1.14266,89,1,81.434,83,1,2,4348,195192,0,0,0.000,0.750,3.000,0,0.000,0.750,3.000,0,0,0,0,0
PPG,4,358240,14331150587,116,74153,79223,79505.117,-282.117,-90.539,0,0,0,0,0.00,nan,1,2,1024,nan,4,1,24,1,1,0,0,0,0,0,1449060817,0.04321,0.00171,0.94946,0.95045,-0.00612,0.00079,-0.00087,0.00623,0.95703,0.00710,0.00699,3,12240,0,25938,0.08599,0.09826,1.14266,89,1,81.434,83,1,2,4330,195192,0,0,0.000,0.750,3.000,0,0.000,0.750,3.000,0,0,0,0,0
PPG,4,358241,14331190587,114,74060,79138,79501.445,-363.445,-93.414,0,0,0,0,0.00,nan,1,2,1024,nan,4,1,24,1,1,1,1,0,0,0,1449099994,0.04175,0.00244,0.95166,0.95258,-0.00692,-0.00001,-0.00221,0.00726,0.95602,0.00354,0.00726,3,12238,0,25938,0.08599,0.09826,1.14266,89,1,81.434,83,1,2,2622,195192,0,0,0.000,0.750,3.000,0,0.000,0.750,3.000,0,0,0,0,0
PPG,4,358242,14331230587,114,73943,79033,79496.758,-463.758,-102.586,0,0,0,0,0.00,nan,1,2,1024,nan,4,1,24,1,1,2,2,0,0,0,1449141814,0.04199,0.00488,0.95264,0.95357,-0.00638,-0.00108,-0.00114,0.00657,0.95365,0.00228,0.00705,3,12229,0,25938,0.08599,0.09826,1.14266,89,1,81.434,83,1,2,4315,195192,0,0,0.000,0.750,3.000,0,0.000,0.750,3.000,0,0,0,0,0
PPG,4,358243,14331270587,116,74024,79125,79493.039,-368.039,-112.289,0,0,0,0,0.00,nan,1,2,1024,nan,4,1,24,1,1,3,3,0,0,0,1449181044,0.04077,0.00146,0.95190,0.95278,-0.00505,0.00052,-0.00167,0.00535,0.96163,0.00885,0.00549,3,12251,0,25938,0.08599,0.09826,1.14266,89,1,81.434,83,1,2,4335,195192,0,0,0.000,0.750,3.000,0,0.000,0.750,3.000,0,0,0,0,0
PPG,4,358244,14331310587,115,74070,79175,79489.859,-314.859,-124.344,0,0,0,0,0.00,nan,1,2,1024,nan,4,1,24,1,1,4,4,0,0,0,1449220242,0.04419,-0.00049,0.95557,0.95659,-0.00505,0.00052,-0.00247,0.00565,0.95659,0.00821,0.00565,3,12274,0,25938,0.08599,0.09826,1.14266,89,1,81.434,83,1,2,4346,195192,0,0,0.000,0.750,3.000,0,0.000,0.750,3.000,0,0,0,0,0
PPG,4,358245,14331350587,111,74093,79215,79487.109,-272.109,-133.414,0,0,0,0,0.00,nan,1,2,1024,nan,4,1,24,1,1,5,5,0,0,0,1449259444,0.04321,0.00488,0.95093,0.95192,-0.00558,-0.00001,-0.00087,0.00565,0.95805,0.00609,0.00696,3,12240,0,25938,0.08599,0.09826,1.14266,89,1,81.434,83,1,2,2628,195192,0,0,0.000,0.750,3.000,0,0.000,0.750,3.000,0,0,0,0,0
PPG,4,358246,14331390587,499,74117,79247,79484.711,-237.711,-129.609,0,0,0,0,0.00,nan,1,2,1024,nan,4,1,24,1,1,6,6,0,0,0,1449301208,0.04150,0.00342,0.95117,0.95208,-0.00558,0.00105,-0.00141,0.00585,0.96166,0.00958,0.00611,3,12140,0,25938,0.19283,0.24032,1.24630,66,1,78.843,136,1,2,4300,195192,0,0,0.000,0.750,3.000,0,0.000,0.750,3.000,0,0,0,0,0
PPG,4,358247,14331430587,222,74193,79327,79483.133,-156.133,-107.398,0,0,0,0,0.00,nan,1,2,1024,nan,4,1,24,1,1,7,7,0,0,0,1449340548,0.04102,0.00269,0.95337,0.95425,-0.00612,0.00025,-0.00114,0.00623,0.95425,0.00391,0.00623,3,12125,0,25938,0.19283,0.24032,1.24630,66,1,78.843,136,1,2,4363,195192,0,0,0.000,0.750,3.000,0,0.000,0.750,3.000,0,0,0,0,0
PPG,4,358248,14331470587,114,74209,79334,79481.641,-147.641,-71.000,0,0,0,0,0.00,nan,1,2,1024,nan,4,1,24,1,1,8,8,0,0,0,1449379775,0.04395,0.00293,0.95190,0.95292,-0.00585,-0.00055,-0.00141,0.00604,0.95292,0.00282,0.00637,3,12112,0,25938,0.19283,0.24032,1.24630,66,1,78.843,136,1,2,2599,195192,0,0,0.000,0.750,3.000,0,0.000,0.750,3.000,0,0,0,0,0
PPG,4,358249,14331510587,112,74222,79303,79479.852,-176.852,-24.727,0,0,0,0,0.00,nan,1,2,1024,nan,4,1,24,1,1,9,9,0,0,0,1449421283,0.03931,0.00391,0.95483,0.95565,-0.00585,-0.00055,-0.00141,0.00604,0.95720,0.00288,0.00651,3,12122,0,25938,0.19283,0.24032,1.24630,66,1,78.843,136,1,2,4305,195192,0,0,0.000,0.750,3.000,0,0.000,0.750,3.000,0,0,0,0,0
PPG,4,358250,14331550587,114,74187,79240,79477.453,-237.453,-0.602,0,0,0,0,0.00,nan,1,2,1024,nan,4,1,24,1,1,10,10,0,0,0,1449460195,0.04590,0.00244,0.95117,0.95228,-0.00532,0.00025,-0.00114,0.00544,0.95978,0.00699,0.00651,3,12156,0,25938,0.19283,0.24032,1.24630,66,1,78.843,136,1,2,2600,195192,0,0,0.000,0.750,3.000,0,0.000,0.750,3.000,0,0,0,0,0
PPG,4,358251,14331590587,112,74170,79239,79475.070,-236.070,15.242,0,0,0,0,0.00,nan,1,2,1024,nan,4,1,24,1,1,11,11,0,0,0,1449501702,0.04248,0.00635,0.96167,0.96263,-0.00505,-0.00028,-0.00141,0.00525,0.96263,0.00439,0.00592,3,12127,0,25938,0.19283,0.24032,1.24630,66,1,78.843,136,1,2,4298,195192,0,0,0.000,0.750,3.000,0,0.000,0.750,3.000,0,0,0,0,0
PPG,4,358252,14331630587,114,74173,79259,79472.906,-213.906,25.180,0,0,0,0,0.00,nan,1,2,1024,nan,4,1,24,1,1,12,12,0,0,0,1449540613,0.04614,0.00488,0.94995,0.95108,-0.00505,-0.00055,-0.00141,0.00527,0.95838,0.00650,0.00630,3,12114,0,25938,0.19283,0.24032,1.24630,66,1,78.843,136,1,2,4294,195192,0,0,0.000,0.750,3.000,0,0.000,0.750,3.000,0,0,0,0,0
PPG,4,358253,14331670587,125,74174,79253,79470.711,-217.711,28.586,0,0,0,0,0.00,nan,1,2,1024,nan,4,1,24,1,1,13,13,0,0,0,1449579488,0.04346,0.00586,0.95337,0.95438,-0.00638,-0.00081,-0.00141,0.00659,0.95595,0.00429,0.00724,3,12121,0,25938,0.19283,0.24032,1.24630,66,1,78.843,136,1,2,2600,195192,0,0,0.000,0.750,3.000,0,0.000,0.750,3.000,0,0,0,0,0
PPG,4,358254,14331710587,116,74156,79280,79468.805,-188.805,22.617,0,0,0,0,0.00,nan,1,2,1024,nan,4,1,24,1,1,14,14,0,0,0,1449620966,0.03735,0.00366,0.95337,0.95411,-0.00532,0.00052,-0.00141,0.00553,0.95576,0.00138,0.00591,3,12118,0,25938,0.19283,0.24032,1.24630,66,1,78.843,136,1,2,4307,195192,0,0,0.000,0.750,3.000,0,0.000,0.750,3.000,0,0,0,0,0
PPG,4,358255,14331750587,112,74221,79341,79467.523,-126.523,19.969,0,0,0,0,0.00,nan,1,2,1024,nan,4,1,24,1,1,15,15,0,0,0,1449659896,0.03931,0.00537,0.95752,0.95834,-0.00665,-0.00001,-0.00247,0.00709,0.95834,0.00626,0.00709,3,12121,0,25938,0.19283,0.24032,1.24630,66,1,78.843,136,1,2,2595,195192,0,0,0.000,0.750,3.000,0,0.000,0.750,3.000,0,0,0,0,0
PPG,4,358256,14331790587,114,74251,79351,79466.359,-115.359,25.281,0,0,0,0,0.00,nan,1,2,1024,nan,4,1,24,1,1,16,16,0,0,0,1449701378,0.04102,-0.00122,0.95386,0.95474,-0.00558,-0.00055,-0.00114,0.00573,0.95677,0.00484,0.00653,3,12131,0,25938,0.19283,0.24032,1.24630,66,1,78.843,136,1,2,4295,195192,0,0,0.000,0.750,3.000,0,0.000,0.750,3.000,0,0,0,0,0
PPG,4,358257,14331830587,112,74259,79353,79465.227,-112.227,41.969,0,0,0,0,0.00,nan,1,2,1024,nan,4,1,24,1,1,17,17,0,0,0,1449740307,0.04639,0.00732,0.95776,0.95891,-0.00692,-0.00055,-0.00141,0.00708,0.96127,0.00971,0.00708,3,12180,0,25938,0.19283,0.24032,1.24630,66,1,78.843,136,1,2,2607,195192,0,0,0.000,0.750,3.000,0,0.000,0.750,3.000,0,0,0,0,0
PPG,4,358258,14331870587,114,74262,79389,79464.461,-75.461,61.898,0,0,0,0,0.00,nan,1,2,1024,nan,4,1,24,1,1,18,18,0,0,0,1449781777,0.04565,0.00635,0.95093,0.95204,-0.00558,0.00052,-0.00141,0.00578,0.95523,0.01083,0.00609,3,12128,0,25938,0.19283,0.24032,1.24630,66,1,78.843,136,1,2,4301,195192,0,0,0.000,0.750,3.000,0,0.000,0.750,3.000,0,0,0,0,0
PPG,4,358259,14331910587,121,74247,79392,79463.734,-71.734,76.148,0,0,0,0,0.00,nan,1,2,1024,nan,4,1,24,1,1,19,19,0,0,0,1449856240,0.04321,0.00317,0.95264,0.95362,-0.00558,-0.00108,-0.00167,0.00593,0.95842,0.00637,0.00648,2,59858,0,25942,0.19283,0.24032,1.24630,66,1,78.843,136,1,2,59905,195192,0,0,0.000,0.750,3.000,0,0.000,0.750,3.000,0,0,0,0,0
PPG,4,358260,14331950587,109,74254,79389,79462.984,-73.984,87.281,0,0,0,0,0.00,nan,1,2,1024,nan,4,1,24,1,1,20,20,0,0,0,1449868343,0.04028,0.00317,0.94702,0.94788,-0.00585,-0.00055,-0.00141,0.00604,0.94788,0.00574,0.00604,1,12103,0,25942,0.19283,0.24032,1.24630,66,1,78.843,136,1,2,12022,195192,0,0,0.000,0.750,3.000,0,0.000,0.750,3.000,0,0,0,0,0
PPG,4,358261,14331990587,119,74233,79385,79462.203,-77.203,89.930,0,0,0,0,0.00,nan,1,2,1024,nan,4,1,24,1,1,21,21,0,0,0,1449908798,0.04102,0.00732,0.94849,0.94940,-0.00692,0.00052,-0.00221,0.00728,0.95319,0.00379,0.00728,3,16239,0,25942,0.19283,0.24032,1.24630,66,1,78.843,136,1,2,16180,195192,0,0,0.000,0.750,3.000,0,0.000,0.750,3.000,0,0,0,0,0
PPG,4,358262,14332030587,125,74243,79395,79461.531,-66.531,79.539,0,0,0,0,0.00,nan,1,2,1024,nan,4,1,24,1,1,22,22,0,0,0,1449945196,0.04321,0.00464,0.94971,0.95070,-0.00585,-0.00055,-0.00141,0.00604,0.95481,0.00411,0.00604,3,12170,0,25942,0.19283,0.24032,1.24630,66,1,78.843,136,1,2,2618,195192,0,0,0.000,0.750,3.000,0,0.000,6.496,22.166,0,0,0,0,0
PPG,4,358263,14332070587,117,74269,79426,79461.180,-35.180,75.211,0,0,0,0,0.00,nan,1,2,1024,nan,4,1,24,1,1,23,23,0,0,0,1449981473,0.04297,0.01001,0.95264,0.95366,-0.00585,-0.00135,0.00046,0.00602,0.95366,0.00181,0.00625,3,12106,0,25942,0.19283,0.24032,1.24630,66,1,78.843,136,1,2,4305,195192,0,0,0.000,0.750,3.000,0,0.000,6.496,22.166,0,0,0,0,0
PPG,4,358264,14332110587,116,74263,79434,79460.906,-26.906,73.828,0,0,0,0,0.00,nan,1,2,1024,nan,4,1,24,1,1,24,24,0,0,0,1450020370,0.04419,0.00708,0.95459,0.95564,-0.00585,-0.00108,-0.00141,0.00611,0.95564,0.00189,0.00647,3,12127,0,25942,0.19283,0.24032,1.24630,66,1,78.843,136,1,2,2598,195192,0,0,0.000,0.750,3.000,0,0.000,6.496,22.166,0,0,0,0,0
PPG,4,358265,14332150587,116,74270,79444,79460.734,-16.734,70.242,0,0,0,0,0.00,nan,1,2,1024,nan,4,1,24,1,1,25,25,0,0,0,1450061951,0.03735,0.00391,0.95361,0.95435,-0.00505,-0.00001,-0.00167,0.00532,0.95593,0.00853,0.00607,3,12119,0,25942,0.19283,0.24032,1.24630,66,1,78.843,136,1,2,4309,195192,0,0,0.000,0.750,3.000,0,0.000,6.496,22.166,0,0,0,0,0
PPG,4,358266,14332190587,117,74286,79456,79460.688,-4.688,68.930,0,0,0,0,0.00,nan,1,2,1024,nan,4,1,24,1,1,26,26,0,0,0,1450100851,0.04321,0.00586,0.95093,0.95193,-0.00558,-0.00028,-0.00061,0.00562,0.95193,0.00496,0.00588,3,12118,0,25942,0.19283,0.24032,1.24630,66,1,78.843,136,1,2,4298,195192,0,0,0.000,0.750,3.000,0,0.000,6.496,22.166,0,0,0,0,0
PPG,4,358267,14332230587,119,74270,79395,79460.031,-65.031,66.391,0,1,0,0,0.00,nan,1,2,1024,nan,4,1,24,1,1,27,27,0,0,0,1450139835,0.04150,0.00366,0.95459,0.95550,-0.00479,0.00052,-0.00194,0.00519,0.95550,0.00322,0.00614,3,12140,0,25942,0.19283,0.24032,1.24630,66,1,78.843,136,1,2,2606,195192,0,0,0.000,0.750,3.000,0,0.000,6.496,22.166,0,0,0,0,0
PPG,4,358268,14332270587,114,74243,79309,79458.523,-149.523,56.781,0,0,0,0,0.00,nan,1,2,1024,nan,4,1,24,1,1,28,28,0,0,0,1450181357,0.04297,0.00586,0.95239,0.95338,-0.00558,-0.00028,-0.00141,0.00577,0.95684,0.00622,0.00667,3,12126,0,25942,0.19283,0.24032,1.24630,66,1,78.843,136,1,2,4295,195192,0,0,0.000,0.750,3.000,0,0.000,6.496,22.166,0,0,0,0,0
PPG,4,358269,14332310587,114,74219,79284,79456.781,-172.781,41.867,0,0,0,0,0.00,nan,1,2,1024,nan,4,1,24,1,1,29,29,0,0,0,1450220250,0.04004,0.00659,0.95435,0.95521,-0.00558,-0.00028,-0.00247,0.00611,0.95925,0.00651,0.00635,3,12135,0,25942,0.19283,0.24032,1.24630,66,1,78.843,136,1,2,2597,195192,0,0,0.000,0.750,3.000,0,0.000,6.496,22.166,0,0,0,0,0
PPG,4,358270,14332350587,114,74216,79292,79455.133,-163.133,20.133,0,0,0,0,0.00,nan,1,2,1024,nan,4,1,24,1,1,30,30,0,0,0,1450261776,0.04248,0.00781,0.95264,0.95362,-0.00612,-0.00028,-0.00141,0.00628,0.95362,0.00374,0.00635,3,12132,0,25942,0.19283,0.24032,1.24630,66,1,78.843,136,1,2,4301,195192,0,0,0.000,0.750,3.000,0,0.000,6.496,22.166,0,0,0,0,0
PPG,4,358271,14332390587,496,74222,79323,79453.812,-130.812,0.070,0,0,0,0,0.00,nan,1,2,1024,nan,4,1,24,1,1,31,31,0,0,0,1450300685,0.04541,0.00342,0.95313,0.95421,-0.00585,-0.00081,-0.00141,0.00607,0.95486,0.00425,0.00623,3,12115,0,25942,0.19867,0.25773,1.29728,96,1,77.568,125,1,2,4295,195192,0,0,0.000,0.750,3.000,0,0.000,6.496,22.166,0,0,0,0,0
PPG,4,358272,14332430587,161,74235,79350,79452.773,-102.773,-17.906,0,0,0,0,0.00,nan,1,2,1024,nan,4,1,24,1,1,0,0,0,0,0,1450340102,0.04102,0.00586,0.94995,0.95085,-0.00532,-0.00001,-0.00141,0.00550,0.95689,0.00762,0.00653,3,12129,0,25942,0.19867,0.25773,1.29728,96,1,77.568,125,1,2,2616,195192,0,0,0.000,0.750,3.000,0,0.000,6.496,22.166,0,0,0,0,0
PPG,4,358273,14332470587,115,74237,79367,79451.914,-84.914,-36.320,0,0,0,0,0.00,nan,1,2,1024,nan,4,1,24,1,1,1,1,0,0,0,1450381663,0.04272,0.00073,0.95703,0.95798,-0.00479,0.00025,-0.00141,0.00499,0.95798,0.00617,0.00742,3,12113,0,25942,0.19867,0.25773,1.29728,96,1,77.568,125,1,2,4295,195192,0,0,0.000,0.750,3.000,0,0.000,6.496,22.166,0,0,0,0,0
PPG,4,358274,14332510587,118,74246,79368,79451.078,-83.078,-44.578,0,0,0,0,0.00,nan,1,2,1024,nan,4,1,24,1,1,2,2,0,0,0,1450420557,0.04541,0.00659,0.96118,0.96228,-0.00505,-0.00081,-0.00167,0.00538,0.96228,0.00412,0.00538,3,12132,0,25942,0.19867,0.25773,1.29728,96,1,77.568,125,1,2,2595,195192,0,0,0.000,0.750,3.000,0,0.000,6.496,22.166,0,0,0,0,0
PPG,4,358275,14332550587,131,74222,79348,79450.047,-102.047,-39.359,0,0,0,0,0.00,nan,1,2,1024,nan,4,1,24,1,1,3,3,0,0,0,1450462072,0.04028,0.00464,0.95435,0.95521,-0.00558,-0.00028,-0.00221,0.00601,0.96040,0.01041,0.00740,3,12142,0,25942,0.19867,0.25773,1.29728,96,1,77.568,125,1,2,4299,195192,0,0,0.000,0.750,3.000,0,0.000,6.496,22.166,0,0,0,0,0
PPG,4,358276,14332590587,115,74205,79323,79448.773,-125.773,-32.391,0,0,0,0,0.00,nan,1,2,1024,nan,4,1,24,1,1,4,4,0,0,0,1450500966,0.03760,0.00293,0.95044,0.95119,-0.00638,-0.00081,-0.00194,0.00672,0.96049,0.00687,0.00672,3,12118,0,25942,0.19867,0.25773,1.29728,96,1,77.568,125,1,2,4307,195192,0,0,0.000,0.750,3.000,0,0.000,6.496,22.166,0,0,0,0,0
PPG,4,358277,14332630587,115,74220,79362,79447.906,-85.906,-22.836,0,0,0,0,0.00,nan,1,2,1024,nan,4,1,24,1,1,5,5,0,0,0,1450539868,0.04956,0.00317,0.94629,0.94759,-0.00638,-0.00028,-0.00034,0.00640,0.95678,0.00919,0.00640,3,12123,0,25942,0.19867,0.25773,1.29728,96,1,77.568,125,1,2,2600,195192,0,0,0.000,0.750,3.000,0,0.000,6.496,22.166,0,0,0,0,0
PPG,4,358278,14332670587,115,74230,79379,79447.219,-68.219,-14.336,0,0,0,0,0.00,nan,1,2,1024,nan,4,1,24,1,1,6,6,0,0,0,1450581368,0.04565,0.00439,0.95679,0.95789,-0.00532,0.00052,-0.00114,0.00546,0.95789,0.00541,0.00615,3,12121,0,25942,0.19867,0.25773,1.29728,96,1,77.568,125,1,2,4295,195192,0,0,0.000,0.750,3.000,0,0.000,6.496,22.166,0,0,0,0,0
PPG,4,358279,14332710587,115,74251,79405,79446.797,-41.797,-7.133,0,0,0,0,0.00,nan,1,2,1024,nan,4,1,24,1,1,7,7,0,0,0,1450620251,0.04517,0.00439,0.94946,0.95055,-0.00532,-0.00055,-0.00114,0.00547,0.96007,0.00952,0.00597,3,12125,0,25942,0.19867,0.25773,1.29728,96,1,77.568,125,1,2,2596,195192,0,0,0.000,0.750,3.000,0,0.000,6.496,22.166,0,0,0,0,0
PPG,4,358280,14332750587,116,74289,79464,79446.969,17.031,2.977,0,0,0,0,0.00,nan,1,2,1024,nan,4,1,24,1,1,8,8,0,0,0,1450661790,0.04297,0.00928,0.95093,0.95194,-0.00479,-0.00081,-0.00141,0.00505,0.95694,0.00499,0.00735,3,12188,0,25942,0.19867,0.25773,1.29728,96,1,77.568,125,1,2,4303,195192,0,0,0.000,0.750,3.000,0,0.000,6.496,22.166,0,0,0,0,0
PPG,4,358281,14332790587,116,74312,79496,79447.461,48.539,15.711,0,0,0,0,0.00,nan,1,2,1024,nan,4,1,24,1,1,9,9,0,0,0,1450700717,0.04517,0.00464,0.95361,0.95469,-0.00612,-0.00001,-0.00167,0.00634,0.95714,0.00441,0.00634,3,12132,0,25942,0.19867,0.25773,1.29728,96,1,77.568,125,1,2,4298,195192,0,0,0.000,0.750,3.000,0,0.000,6.496,22.166,0,0,0,0,0
PPG,4,358282,14332830587,135,74333,79507,79448.055,58.945,32.828,0,0,0,0,0.00,nan,1,2,1024,nan,4,1,24,1,1,10,10,0,0,0,1450739602,0.04272,0.00415,0.95386,0.95482,-0.00665,-0.00001,-0.00167,0.00686,0.96156,0.00676,0.00686,3,12121,0,25942,0.19867,0.25773,1.29728,96,1,77.568,125,1,2,2601,195192,0,0,0.000,0.750,3.000,0,0.000,6.496,22.166,0,0,0,0,0
PPG,4,358283,14332870587,115,74329,79511,79448.688,62.312,55.438,0,0,0,0,0.00,nan,1,2,1024,nan,4,1,24,1,1,11,11,0,0,0,1450781109,0.02588,0.00610,0.97241,0.97278,-0.00558,0.00105,-0.00141,0.00585,0.99825,0.04151,0.00654,3,12120,0,25942,0.19867,0.25773,1.29728,96,1,77.568,125,1,2,4294,195192,0,0,0.000,0.750,3.000,0,0.000,6.496,22.166,0,0,0,0,0
PPG,4,358284,14332910587,115,74313,79482,79449.023,32.977,70.180,0,0,0,0,0.00,nan,1,2,1024,nan,4,1,24,1,1,12,12,0,0,0,1450820112,0.04565,0.00635,0.94751,0.94863,-0.00638,-0.00028,-0.00087,0.00645,0.94864,0.02414,0.00675,3,12134,0,25942,0.19867,0.25773,1.29728,96,1,77.568,125,1,2,2599,195192,0,0,0.000,0.750,3.000,0,0.000,6.496,22.166,0,0,0,0,0
PPG,4,358285,14332950587,114,74261,79451,79449.047,1.953,80.109,0,0,0,0,0.00,nan,1,2,1024,nan,4,1,24,1,1,13,13,0,0,0,1450861635,0.04565,0.00244,0.95239,0.95349,-0.00612,0.00052,-0.00141,0.00630,0.95710,0.00847,0.00662,3,12148,0,25942,0.19867,0.25773,1.29728,96,1,77.568,125,1,2,4326,195192,0,0,0.000,0.750,3.000,0,0.000,6.496,22.166,0,0,0,0,0
PPG,4,358286,14332990587,146,74215,79335,79447.906,-112.906,76.164,0,0,0,0,0.00,nan,1,2,0,nan,4,1,24,1,1,14,14,0,0,0,1450910231,0.04565,0.00024,0.95264,0.95373,-0.00505,-0.00028,-0.00007,0.00506,0.96106,0.01072,0.00616,3,21535,0,25943,0.19867,0.25773,1.29728,96,1,77.568,125,1,2,14442,195192,0,0,0.000,5.588,22.464,0,0.000,6.496,22.166,0,0,1,0,0
PPG,4,358287,14333030587,117,74172,79258,79446.008,-188.008,53.586,0,0,0,0,0.00,nan,1,2,0,nan,4,1,24,1,1,15,15,0,0,0,1450946623,0.04419,0.00195,0.95093,0.95196,-0.00638,-0.00028,-0.00087,0.00645,0.95196,0.00528,0.00645,3,12106,0,25943,0.19867,0.25773,1.29728,96,1,77.568,125,1,2,2590,195192,0,0,0.000,5.588,22.464,0,0.000,6.496,22.166,0,0,1,0,0
PPG,4,358288,14333070587,120,74156,79250,79444.047,-194.047,21.391,0,0,0,0,0.00,nan,1,2,0,nan,4,1,24,1,1,16,16,0,0,0,1450982978,0.04150,0.00439,0.94849,0.94940,-0.00638,-0.00028,-0.00247,0.00685,0.95335,0.00347,0.00685,3,12128,0,25943,0.19867,0.25773,1.29728,96,1,77.568,125,1,2,4296,195192,0,0,0.000,5.588,22.464,0,0.000,6.496,22.166,0,0,1,0,0
PPG,4,358289,14333110587,117,74162,79267,79442.273,-175.273,-12.039,0,0,0,0,0.00,nan,1,2,0,nan,4,1,24,1,1,17,17,0,0,0,1451021962,0.04443,0.00269,0.94531,0.94636,-0.00612,-0.00081,-0.00141,0.00633,0.95712,0.01076,0.00662,3,12117,0,25943,0.19867,0.25773,1.29728,96,1,77.568,125,1,2,4301,195192,0,0,0.000,5.588,22.464,0,0.000,6.496,22.166,0,0,1,0,0
PPG,4,358290,14333150587,119,74135,79238,79440.234,-202.234,-48.344,0,0,0,0,0.00,nan,1,2,0,nan,4,1,24,1,1,18,18,0,0,0,1451061011,0.03857,0.00269,0.95459,0.95537,-0.00612,-0.00081,-0.00114,0.00628,0.95595,0.00492,0.00659,3,12169,0,25943,0.19867,0.25773,1.29728,96,1,77.568,125,1,2,4306,195192,0,0,0.000,5.588,22.464,0,0.000,6.496,22.166,0,0,1,0,0
PPG,4,358291,14333190587,117,74137,79242,79438.250,-196.250,-78.578,0,0,0,0,0.00,nan,1,2,0,nan,4,1,24,1,1,19,19,0,0,0,1451100036,0.03979,0.00415,0.94995,0.95079,-0.00665,0.00079,-0.00114,0.00679,0.95696,0.00616,0.00679,3,12125,0,25943,0.19867,0.25773,1.29728,96,1,77.568,125,1,2,2595,195192,0,0,0.000,5.588,22.464,0,0.000,6.496,22.166,0,0,1,0,0
PPG,4,358292,14333230587,119,74141,79276,79436.625,-160.625,-99.883,0,0,0,0,0.00,nan,1,2,0,nan,4,1,24,1,1,20,20,0,0,0,1451141537,0.04346,0.00439,0.95557,0.95656,-0.00532,0.00079,-0.00114,0.00550,0.95656,0.00482,0.00701,3,12117,0,25943,0.19867,0.25773,1.29728,96,1,77.568,125,1,2,4297,195192,0,0,0.000,5.588,22.464,0,0.000,6.496,22.166,0,0,1,0,0
PPG,4,358293,14333270587,121,74124,79219,79434.445,-215.445,-109.047,1,0,0,0,0.00,nan,1,2,0,nan,4,1,24,1,1,21,21,0,0,0,1451180551,0.04321,0.00586,0.95313,0.95412,-0.00638,-0.00001,-0.00167,0.00660,0.95733,0.00321,0.00660,3,12161,0,25943,0.19867,0.25773,1.29728,96,1,77.568,125,1,2,2594,195192,0,0,0.000,5.588,22.464,0,124.688,6.496,22.166,1,0,1,0,0
PPG,4,358294,14333310587,195,74060,79187,79431.969,-244.969,-110.141,0,0,0,0,0.00,nan,1,2,0,nan,4,1,24,1,1,22,22,0,0,0,1451222129,0.03906,0.00269,0.95215,0.95295,-0.00558,-0.00001,-0.00061,0.00562,0.95369,0.00501,0.00645,3,12124,0,25943,0.19867,0.25773,1.29728,96,1,77.568,125,1,2,4297,195192,0,0,0.000,5.588,22.464,0,0.000,6.496,22.166,0,0,1,0,0
PPG,4,358295,14333350587,117,74074,79182,79429.469,-247.469,-111.562,0,0,0,0,0.00,nan,1,2,0,nan,4,1,24,1,1,23,23,0,0,0,1451261642,0.04004,0.00415,0.95313,0.95397,-0.00692,-0.00001,-0.00221,0.00726,0.95614,0.00224,0.00726,3,12257,0,25943,0.19867,0.25773,1.29728,96,1,77.568,125,1,2,4343,195192,0,0,0.000,5.588,22.464,0,0.000,6.496,22.166,0,0,1,0,0
PPG,4,358296,14333390587,522,74122,79243,79427.602,-184.602,-110.992,0,0,0,0,0.00,nan,1,2,0,nan,4,1,24,1,1,24,24,0,0,0,1451301049,0.04248,0.00269,0.94849,0.94944,-0.00638,-0.00028,-0.00221,0.00676,0.95254,0.00310,0.00676,3,12304,0,25943,0.17303,0.21725,1.25558,99,1,78.611,150,1,2,4344,195192,0,0,0.000,5.588,22.464,0,0.000,6.496,22.166,0,0,1,0,0
PPG,4,358297,14333430587,168,74122,79265,79425.977,-160.977,-102.281,0,0,0,0,0.00,nan,1,2,0,nan,4,1,24,1,1,25,25,0,0,0,1451340690,0.03882,0.00635,0.95679,0.95760,-0.00612,0.00212,-0.00194,0.00676,0.95798,0.00854,0.00719,3,12201,0,25943,0.17303,0.21725,1.25558,99,1,78.611,150,1,2,2640,195192,0,0,0.000,5.588,22.464,0,0.000,6.496,22.166,0,0,1,0,0
PPG,4,358298,14333470587,126,74076,79213,79423.844,-210.844,-98.117,0,0,0,0,0.00,nan,1,2,0,nan,4,1,24,1,1,26,26,0,0,0,1451382726,0.03955,0.00317,0.95215,0.95297,-0.00532,0.00079,-0.00061,0.00541,0.95297,0.00979,0.00654,3,12300,0,25943,0.17303,0.21725,1.25558,99,1,78.611,150,1,2,4336,195192,0,0,0.000,5.621,22.181,0,0.000,6.496,22.166,0,0,1,0,0
PPG,4,358299,14333510587,128,74013,79152,79421.125,-269.125,-103.188,0,0,0,0,0.00,nan,1,2,0,nan,4,1,24,1,1,27,27,0,0,0,1451421971,0.04028,0.00464,0.94995,0.95082,-0.00692,0.00025,-0.00034,0.00693,0.95752,0.00671,0.00693,3,12263,0,25943,0.17303,0.21725,1.25558,99,1,78.611,150,1,2,4344,195192,0,0,0.000,5.621,22.181,0,0.000,6.496,22.166,0,0,1,0,0
PPG,4,358300,14333550587,121,73974,79109,79418.000,-309.000,-101.148,0,0,0,0,0.00,nan,1,2,0,nan,4,1,24,1,1,28,28,0,0,0,1451461277,0.04102,0.00122,0.95825,0.95913,-0.00585,-0.00108,-0.00114,0.00606,0.95913,0.00478,0.00697,3,12258,0,25943,0.17303,0.21725,1.25558,99,1,78.611,150,1,2,4339,195192,0,0,0.000,5.621,22.181,0,0.000,6.496,22.166,0,0,1,0,0
PPG,4,358301,14333590587,141,73910,79042,79414.242,-372.242,-99.164,0,0,0,0,0.00,nan,1,2,0,nan,4,1,24,1,1,29,29,0,0,0,1451500504,0.04150,0.00464,0.95728,0.95819,-0.00665,-0.00055,-0.00087,0.00673,0.95821,0.00763,0.00673,3,12261,0,25943,0.17303,0.21725,1.25558,99,1,78.611,150,1,2,2642,195192,0,0,0.000,5.621,22.181,0,0.000,6.496,22.166,0,0,1,0,0
PPG,4,358302,14333630587,131,73825,78950,79409.602,-459.602,-104.461,0,0,0,0,0.00,nan,1,2,0,nan,4,1,24,1,1,30,30,0,0,0,1451542454,0.03735,0.00342,0.95508,0.95581,-0.00638,0.00079,-0.00167,0.00665,0.96190,0.00608,0.00676,3,12268,0,25943,0.17303,0.21725,1.25558,99,1,78.611,150,1,2,4337,195192,0,0,0.000,5.621,22.181,0,0.000,6.700,20.758,0,0,1,0,0
PPG,4,358303,14333670587,117,73706,78807,79403.578,-596.578,-131.539,0,0,0,0,0.00,nan,1,2,0,nan,4,1,24,1,1,31,31,0,0,0,1451581662,0.04102,0.00488,0.95996,0.96085,-0.00638,0.00025,-0.00114,0.00649,0.96085,0.00738,0.00649,3,12219,0,25943,0.17303,0.21725,1.25558,99,1,78.611,150,1,2,4334,195192,0,0,0.000,5.621,22.181,0,0.000,6.700,20.758,0,0,1,0,0
PPG,4,358304,14333710587,122,73556,78624,79395.781,-771.781,-180.211,0,0,0,0,0.00,nan,1,2,0,nan,4,1,24,1,1,0,0,0,0,0,1451620923,0.04321,0.00488,0.95215,0.95314,-0.00585,-0.00108,-0.00087,0.00601,0.95314,0.01367,0.00611,3,12235,0,25943,0.17303,0.21725,1.25558,99,1,78.611,150,1,2,4348,195192,0,0,0.000,5.621,22.181,0,0.000,6.700,20.758,0,0,1,0,0
PPG,4,358305,14333750587,117,73508,78530,79387.125,-857.125,-231.742,0,0,0,0,0.00,nan,1,2,0,nan,4,1,24,1,1,1,1,0,0,0,1451660147,0.03931,0.00684,0.95020,0.95103,-0.00665,-0.00081,-0.00087,0.00676,0.95523,0.00494,0.00740,3,12230,0,25943,0.17303,0.21725,1.25558,99,1,78.611,150,1,2,2626,195192,0,0,0.000,5.621,22.181,0,0.000,6.700,20.758,0,0,1,0,0
PPG,4,358306,14333790587,126,73312,78203,79375.281,-1172.281,-310.711,1,0,0,0,0.00,nan,1,2,0,nan,4,1,24,1,1,2,2,0,0,0,1451702049,0.04248,0.00317,0.95020,0.95115,-0.00558,-0.00321,-0.00114,0.00654,0.96084,0.00981,0.00682,3,12256,0,25943,0.17303,0.21725,1.25558,99,1,78.611,150,1,2,4318,195192,0,0,0.000,5.621,22.181,0,13.445,6.700,20.758,1,0,1,0,0
PPG,4,358307,14333830587,118,73002,77692,79358.445,-1666.445,-434.836,0,0,0,0,0.00,nan,1,2,0,nan,4,1,24,1,1,3,3,0,0,0,1451741279,0.04102,0.00513,0.94971,0.95061,-0.00745,-0.00401,-0.00141,0.00858,0.95844,0.00783,0.00858,3,12239,0,25943,0.17303,0.21725,1.25558,99,1,78.611,150,1,2,4334,195192,0,0,0.000,5.621,22.181,0,0.000,6.700,20.758,0,0,1,0,0
PPG,4,358308,14333870587,120,72913,77552,79340.383,-1788.383,-562.789,0,0,0,0,0.00,nan,1,2,0,nan,4,1,24,1,1,4,4,0,0,0,1451780568,0.04492,0.00122,0.95166,0.95272,-0.00718,-0.00348,-0.00167,0.00815,0.95782,0.01065,0.00875,3,12294,0,25943,0.17303,0.21725,1.25558,99,1,78.611,150,1,2,2633,195192,0,0,0.000,5.621,22.181,0,0.000,6.700,20.758,0,0,1,0,0
PPG,4,358309,14333910587,118,72737,77373,79320.711,-1947.711,-693.383,0,0,0,0,0.00,nan,1,2,0,nan,4,1,24,1,1,5,5,0,0,0,1451822438,0.03857,0.00317,0.95117,0.95196,-0.00532,-0.00028,-0.00141,0.00551,0.95528,0.00256,0.00841,3,12248,0,25943,0.17303,0.21725,1.25558,99,1,78.611,150,1,2,4340,195192,0,0,0.000,5.621,22.181,0,0.000,6.700,20.758,0,0,1,0,0
PPG,4,358310,14333950587,121,72639,77243,79299.938,-2056.938,-817.062,0,0,0,0,0.00,nan,1,2,0,nan,4,1,24,1,1,6,6,0,0,0,1451861575,0.04468,0.00488,0.94897,0.95004,-0.00638,-0.00321,-0.00061,0.00717,0.95424,0.00420,0.00717,3,12126,0,25943,0.17303,0.21725,1.25558,99,1,78.611,150,1,2,4301,195192,0,0,0.000,5.621,22.181,0,0.000,6.700,20.758,0,0,1,0,0
PPG,4,358311,14333990587,126,72529,77166,79278.602,-2112.602,-921.539,0,0,0,0,0.00,nan,1,2,0,nan,4,1,24,1,1,7,7,0,0,0,1451909948,0.04346,0.00317,0.95972,0.96071,-0.00798,-0.00641,-0.00114,0.01030,0.96071,0.01015,0.01030,3,21467,0,25944,0.17303,0.21725,1.25558,99,1,78.611,150,1,2,14473,195192,0,0,0.000,5.621,22.181,0,0.000,6.700,20.758,0,0,1,0,0
PPG,4,358312,14334030587,122,72526,77176,79257.578,-2081.578,-1009.969,0,0,0,0,0.00,nan,1,2,0,nan,4,1,24,1,1,8,8,0,0,0,1451946385,0.04565,0.00293,0.95117,0.95227,-0.00638,0.00025,-0.00247,0.00685,0.95385,0.00859,0.00827,3,12138,0,25944,0.17303,0.21725,1.25558,99,1,78.611,150,1,2,2596,195192,0,0,0.000,5.621,22.181,0,0.000,6.700,20.758,0,0,1,0,0
PPG,4,358313,14334070587,120,72646,77329,79238.289,-1909.289,-1040.328,0,0,0,0,0.00,nan,1,2,0,nan,4,1,24,1,1,9,9,0,0,0,1451982767,0.04321,0.00269,0.95508,0.95606,-0.00612,-0.00161,-0.00167,0.00654,0.95606,0.00132,0.00712,3,12154,0,25944,0.17303,0.21725,1.25558,99,1,78.611,150,1,2,4321,195192,0,0,0.000,5.621,22.181,0,0.000,6.700,20.758,0,0,1,0,0
PPG,4,358314,14334110587,119,72789,77480,79220.703,-1740.703,-985.258,0,0,0,0,0.00,nan,1,2,0,nan,4,1,24,1,1,10,10,0,0,0,1452021698,0.04175,0.00317,0.95483,0.95575,-0.00638,-0.00481,-0.00141,0.00812,0.95575,0.00283,0.00812,3,12123,0,25944,0.17303,0.21725,1.25558,99,1,78.611,150,1,2,4299,195192,0,0,0.000,5.621,22.181,0,0.000,6.700,20.758,0,0,1,0,0
PPG,4,358315,14334150587,124,73024,77832,79206.812,-1374.812,-877.758,0,0,0,0,0.00,nan,1,2,0,nan,4,1,24,1,1,11,11,0,0,0,1452060623,0.04077,0.00537,0.94604,0.94694,-0.00638,0.00132,-0.00141,0.00667,0.95642,0.00521,0.00690,3,12125,0,25944,0.17303,0.21725,1.25558,99,1,78.611,150,1,2,2599,195192,0,0,0.000,5.621,22.181,0,0.000,6.700,20.758,0,0,1,0,0
PPG,4,358316,14334190587,149,73294,78172,79196.461,-1024.461,-710.070,0,0,0,0,0.00,nan,1,2,0,nan,4,1,24,1,1,12,12,0,0,0,1452102322,0.04346,0.00293,0.94702,0.94802,-0.00718,-0.00241,-0.00141,0.00771,0.95762,0.01068,0.00771,3,12180,0,25944,0.17303,0.21725,1.25558,99,1,78.611,150,1,2,4333,195192,0,0,0.000,5.621,22.181,0,0.000,6.700,20.758,0,0,1,0,0
PPG,4,358317,14334230587,117,73574,78489,79189.383,-700.383,-493.273,0,0,0,0,0.00,nan,1,2,0,nan,4,1,24,1,1,13,13,0,0,0,1452141551,0.04834,0.00488,0.95972,0.96095,-0.00612,-0.00055,-0.00221,0.00653,0.96095,0.00982,0.00750,3,12137,0,25944,0.17303,0.21725,1.25558,99,1,78.611,150,1,2,4304,195192,0,0,0.000,5.621,22.181,0,0.000,6.700,20.758,0,0,1,0,0
PPG,4,358318,14334270587,117,73714,78666,79184.148,-518.148,-251.641,0,0,0,0,0.00,nan,1,2,0,nan,4,1,24,1,1,14,14,0,0,0,1452180503,0.04199,0.00171,0.95850,0.95942,-0.00665,-0.00241,-0.00247,0.00749,0.95942,0.00919,0.00749,3,12119,0,25944,0.17303,0.21725,1.25558,99,1,78.611,150,1,2,2595,195192,0,0,0.000,5.621,22.181,0,0.000,6.700,20.758,0,0,1,0,0
PPG,4,358319,14334310587,118,73862,78835,79180.656,-345.656,1.211,0,0,0,0,0.00,nan,1,2,0,nan,4,1,24,1,1,15,15,0,0,0,1452222141,0.04248,0.00244,0.95654,0.95749,-0.00692,-0.00188,-0.00034,0.00718,0.95749,0.00637,0.00738,3,12118,0,25944,0.17303,0.21725,1.25558,99,1,78.611,150,1,2,4295,195192,0,0,0.000,5.621,22.181,0,0.000,6.700,20.758,0,0,1,0,0
PPG,4,358320,14334350587,118,73954,78945,79178.297,-233.297,240.273,0,0,0,0,0.00,nan,1,2,0,nan,4,1,24,1,1,16,16,0,0,0,1452261030,0.04224,0.00024,0.94800,0.94894,-0.00585,-0.00241,-0.00061,0.00636,0.95843,0.00494,0.00727,3,12129,0,25944,0.17303,0.21725,1.25558,99,1,78.611,150,1,2,2595,195192,0,0,0.000,5.621,22.181,0,0.000,6.700,20.758,0,0,1,0,0
PPG,4,358321,14334390587,491,73993,78994,79176.453,-182.453,458.961,0,0,0,0,0.00,nan,1,2,0,nan,4,1,24,1,1,17,17,0,0,0,1452302577,0.04468,0.00146,0.95508,0.95612,-0.00585,-0.00028,-0.00194,0.00617,0.95668,0.00774,0.00714,3,12149,0,25944,0.73377,0.61620,0.83977,-999,0,89.006,187,1,2,4303,195192,0,0,0.000,5.621,22.181,0,0.000,6.700,20.758,0,0,1,0,0
PPG,4,358322,14334430587,165,73967,78997,79174.656,-177.656,623.039,0,0,0,0,0.00,nan,1,2,0,nan,4,1,24,1,1,18,18,0,0,0,1452341869,0.04419,0.00366,0.95264,0.95367,-0.00638,0.00105,-0.00114,0.00657,0.95563,0.00225,0.00686,3,12114,0,25944,0.73377,0.61620,0.83977,-999,0,89.006,187,1,2,4294,195192,0,0,0.000,5.621,22.181,0,0.000,6.700,20.758,0,0,1,0,0
PPG,4,358323,14334470587,117,73927,78941,79172.320,-231.320,726.188,0,0,0,0,0.00,nan,1,2,0,nan,4,1,24,1,1,19,19,0,0,0,1452380832,0.04443,0.00464,0.94922,0.95027,-0.00532,-0.00081,-0.00087,0.00545,0.95710,0.00683,0.00572,3,12128,0,25944,0.73377,0.61620,0.83977,-999,0,89.006,187,1,2,2602,195192,0,0,0.000,5.621,22.181,0,0.000,6.700,20.758,0,0,1,0,0
PPG,4,358324,14334510587,118,73925,78959,79170.188,-211.188,776.586,0,0,0,0,0.00,nan,1,2,0,nan,4,1,24,1,1,20,20,0,0,0,1452422386,0.04175,0.00537,0.95654,0.95747,-0.00638,0.00185,-0.00141,0.00679,0.95953,0.00926,0.00679,3,12115,0,25944,0.73377,0.61620,0.83977,-999,0,89.006,187,1,2,4301,195192,0,0,0.000,5.621,22.181,0,0.000,6.700,20.758,0,0,1,0,0
PPG,4,358325,14334550587,119,73979,79029,79168.773,-139.773,803.492,0,0,0,0,0.00,nan,1,2,0,nan,4,1,24,1,1,21,21,0,0,0,1452461364,0.04150,0.00854,0.95728,0.95821,-0.00585,-0.00055,-0.00061,0.00591,0.95821,0.00825,0.00687,3,12121,0,25944,0.73377,0.61620,0.83977,-999,0,89.006,187,1,2,4302,195192,0,0,0.000,5.621,22.181,0,0.000,6.700,20.758,0,0,1,0,0
PPG,4,358326,14334590587,124,73976,79018,79167.266,-149.266,788.891,0,0,0,0,0.00,nan,1,2,0,nan,4,1,24,1,1,22,22,0,0,0,1452500269,0.04492,0.00513,0.95459,0.95566,-0.00585,-0.00081,-0.00114,0.00602,0.95976,0.01025,0.00703,3,12129,0,25944,0.73377,0.61620,0.83977,-999,0,89.006,187,1,2,2595,195192,0,0,0.000,5.621,22.181,0,0.000,6.700,20.758,0,0,1,0,0
PPG,4,358327,14334630587,118,73971,79013,79165.727,-152.727,732.547,0,0,0,0,0.00,nan,1,2,0,nan,4,1,24,1,1,23,23,0,0,0,1452541768,0.03882,0.00391,0.95654,0.95734,-0.00612,-0.00028,-0.00114,0.00623,0.95734,0.00544,0.00623,3,12113,0,25944,0.73377,0.61620,0.83977,-999,0,89.006,187,1,2,4300,195192,0,0,0.000,5.621,22.181,0,0.000,6.700,20.758,0,0,1,0,0
PPG,4,358328,14334670587,122,73786,78767,79161.742,-394.742,639.367,0,0,0,0,0.00,nan,1,2,0,nan,4,1,24,1,1,24,24,0,0,0,1452580644,0.04150,0.00464,0.95532,0.95623,-0.00665,0.00158,-0.00114,0.00693,0.95623,0.00198,0.00693,3,12104,0,25944,0.73377,0.61620,0.83977,-999,0,89.006,187,1,2,2597,195192,0,0,0.000,5.621,22.181,0,0.000,6.700,20.758,0,0,1,0,0
PPG,4,358329,14334710587,122,73530,78401,79154.133,-753.133,502.828,0,0,0,0,0.00,nan,1,2,0,nan,4,1,24,1,1,25,25,0,0,0,1452622169,0.04272,0.00342,0.94800,0.94897,-0.00612,-0.00028,-0.00114,0.00623,0.95926,0.00697,0.00667,3,12130,0,25944,0.73377,0.61620,0.83977,-999,0,89.006,187,1,2,4297,195192,0,0,0.000,5.621,22.181,0,0.000,6.700,20.758,0,0,1,0,0
PPG,4,358330,14334750587,120,73491,78325,79145.844,-820.844,360.727,0,0,0,0,0.00,nan,1,2,0,nan,4,1,24,1,1,26,26,0,0,0,1452661065,0.04150,0.00610,0.95239,0.95332,-0.00505,-0.00108,-0.00061,0.00520,0.95889,0.00625,0.00561,3,12127,0,25944,0.73377,0.61620,0.83977,-999,0,89.006,187,1,2,2598,195192,0,0,0.000,5.621,22.181,0,0.000,6.700,20.758,0,0,1,0,0
PPG,4,358331,14334790587,119,73514,78383,79138.219,-755.219,217.594,0,0,0,0,0.00,nan,1,2,0,nan,4,1,24,1,1,27,27,0,0,0,1452702621,0.04321,0.00049,0.95361,0.95459,-0.00585,0.00025,-0.00141,0.00602,0.95581,0.00429,0.00619,3,12141,0,25944,0.73377,0.61620,0.83977,-999,0,89.006,187,1,2,4294,195192,0,0,0.000,5.621,22.181,0,0.000,6.700,20.758,0,0,1,0,0
PPG,4,358332,14334830587,118,73618,78505,79131.883,-626.883,76.289,0,0,0,0,0.00,nan,1,2,0,nan,4,1,24,1,1,28,28,0,0,0,1452741534,0.04199,0.00513,0.95435,0.95528,-0.00505,0.00158,-0.00221,0.00574,0.95528,0.00119,0.00636,3,12141,0,25944,0.73377,0.61620,0.83977,-999,0,89.006,187,1,2,4311,195192,0,0,0.000,5.621,22.181,0,0.000,6.700,20.758,0,0,1,0,0
PPG,4,358333,14334870587,138,73794,78707,79127.633,-420.633,-37.039,1,0,1,0,0.00,nan,1,2,0,nan,4,1,24,1,1,29,29,0,0,0,1452780434,0.04248,0.00244,0.96216,0.96310,-0.00585,-0.00081,-0.00167,0.00614,0.96310,0.00838,0.00664,3,12135,0,25944,0.73377,0.61620,0.83977,-999,0,89.006,187,1,2,2601,195192,0,0,1377.922,5.621,22.181,1,1843.820,6.700,20.758,1,1,1,0,1
PPG,4,358334,14334910587,119,73952,78884,79125.195,-241.195,-125.672,0,0,0,0,0.00,nan,1,2,0,nan,4,1,24,1,1,30,30,0,0,0,1452822091,0.04443,-0.00098,0.95850,0.95953,-0.00692,-0.00188,-0.00247,0.00758,0.95953,0.01548,0.00758,3,12143,0,25944,0.73377,0.61620,0.83977,-999,0,89.006,187,1,2,4299,195192,0,0,0.000,13.854,82.507,0,0.000,17.786,86.548,0,0,1,0,1
PPG,4,358335,14334950587,118,74020,78964,79123.586,-159.586,-154.133,0,0,0,0,0.00,nan,1,2,0,nan,4,1,24,1,1,31,31,0,0,0,1452861005,0.04395,0.00317,0.94922,0.95024,-0.00558,-0.00028,-0.00061,0.00562,0.95263,0.00690,0.00681,3,12129,0,25944,0.73377,0.61620,0.83977,-999,0,89.006,187,1,2,2595,195192,0,0,0.000,13.854,82.507,0,0.000,17.786,86.548,0,0,1,0,1
PPG,4,358336,14334990587,125,74066,79018,79122.531,-104.531,-108.289,0,0,0,0,0.00,nan,1,2,0,nan,4,1,24,1,1,0,0,0,0,0,1452911934,0.04614,0.00464,0.95947,0.96059,-0.00532,0.00212,-0.00034,0.00573,0.96059,0.00690,0.00658,3,21539,0,25945,0.73377,0.61620,0.83977,-999,0,89.006,187,1,2,14541,195192,0,0,0.000,13.854,82.507,0,0.000,17.786,86.548,0,0,1,0,1
PPG,4,358337,14335030587,119,74126,79085,79122.156,-37.156,-29.508,0,0,0,0,0.00,nan,1,2,0,nan,4,1,24,1,1,1,1,0,0,0,1452936251,0.04321,0.00464,0.95288,0.95387,-0.00558,-0.00055,-0.00087,0.00568,0.95589,0.00470,0.00568,2,12168,0,25945,0.73377,0.61620,0.83977,-999,0,89.006,187,1,2,2606,195192,0,0,0.000,13.854,82.507,0,0.000,17.786,86.548,0,0,1,0,1
PPG,4,358338,14335070587,121,74135,79104,79121.977,-17.977,51.586,0,0,0,0,0.00,nan,1,2,0,nan,4,1,24,1,1,2,2,0,0,0,1452980376,0.04224,0.00195,0.95386,0.95479,-0.00532,-0.00028,-0.00141,0.00551,0.96005,0.00525,0.00677,3,12125,0,25945,0.73377,0.61620,0.83977,-999,0,89.006,187,1,2,2597,195192,0,0,0.000,13.854,82.507,0,0.000,17.786,86.548,0,0,1,0,1
PPG,4,358339,14335110587,118,74162,79140,79122.156,17.844,127.047,0,0,0,0,0.00,nan,1,2,0,nan,4,1,24,1,1,3,3,0,0,0,1453021905,0.03931,0.00244,0.95264,0.95345,-0.00558,0.00079,-0.00087,0.00571,0.95555,0.00210,0.00606,3,12133,0,25945,0.73377,0.61620,0.83977,-999,0,89.006,187,1,2,4306,195192,0,0,0.000,13.854,82.507,0,0.000,17.786,86.548,0,0,1,0,1
PPG,4,358340,14335150587,120,74170,79164,79122.578,41.422,181.391,0,0,0,0,0.00,nan,1,2,0,nan,4,1,24,1,1,4,4,0,0,0,1453060790,0.03979,0.00439,0.96094,0.96177,-0.00558,-0.00055,-0.00167,0.00586,0.96177,0.00609,0.00705,3,12114,0,25945,0.73377,0.61620,0.83977,-999,0,89.006,187,1,2,2604,195192,0,0,0.000,13.854,82.507,0,0.000,17.786,86.548,0,0,1,0,1
PPG,4,358341,14335190587,118,74171,79158,79122.930,35.070,212.328,0,0,0,0,0.00,nan,1,2,0,nan,4,1,24,1,1,5,5,0,0,0,1453102283,0.04517,0.00513,0.95190,0.95299,-0.00638,-0.00081,-0.00247,0.00689,0.95422,0.00755,0.00707,3,12115,0,25945,0.73377,0.61620,0.83977,-999,0,89.006,187,1,2,4303,195192,0,0,0.000,13.854,82.507,0,0.000,17.786,86.548,0,0,1,0,1
PPG,4,358342,14335230587,121,74143,79155,79123.250,31.750,231.711,0,0,0,0,0.00,nan,1,2,0,nan,4,1,24,1,1,6,6,0,0,0,1453141211,0.04248,0.00244,0.95630,0.95725,-0.00585,-0.00081,-0.00194,0.00622,0.95725,0.00388,0.00643,3,12120,0,25945,0.73377,0.61620,0.83977,-999,0,89.006,187,1,2,2597,195192,0,0,0.000,13.854,82.507,0,0.000,17.786,86.548,0,0,1,0,1
PPG,4,358343,14335270587,123,74122,79135,79123.367,11.633,238.727,0,0,0,0,0.00,nan,1,2,0,nan,4,1,24,1,1,7,7,0,0,0,1453182738,0.04053,0.00586,0.95752,0.95839,-0.00558,-0.00055,-0.00087,0.00568,0.95839,0.00777,0.00571,3,12121,0,25945,0.73377,0.61620,0.83977,-999,0,89.006,187,1,2,4296,195192,0,0,0.000,13.854,82.507,0,0.000,17.786,86.548,0,0,1,0,1
PPG,4,358344,14335310587,126,74079,79089,79123.023,-34.023,232.797,0,0,0,0,0.00,nan,1,2,0,nan,4,1,24,1,1,8,8,0,0,0,1453221689,0.04663,0.00488,0.95142,0.95257,-0.00692,-0.00081,-0.00087,0.00702,0.95257,0.00845,0.00702,3,12172,0,25945,0.73377,0.61620,0.83977,-999,0,89.006,187,1,2,4314,195192,0,0,0.000,13.854,82.507,0,0.000,17.786,86.548,0,0,1,0,1
PPG,4,358345,14335350587,122,74020,79023,79122.023,-99.023,221.531,0,0,0,0,0.00,nan,1,2,0,nan,4,1,24,1,1,9,9,0,0,0,1453260603,0.04395,0.00366,0.94971,0.95073,-0.00585,-0.00028,-0.00247,0.00636,0.95386,0.00272,0.00727,3,12117,0,25945,0.73377,0.61620,0.83977,-999,0,89.006,187,1,2,2596,195192,0,0,0.000,13.854,82.507,0,0.000,17.786,86.548,0,0,1,0,1
PPG,4,358346,14335390587,503,73978,78988,79120.680,-132.680,201.312,0,0,0,0,0.00,nan,1,2,0,nan,4,1,24,1,1,10,10,0,0,0,1453302115,0.04077,0.00342,0.95459,0.95547,-0.00558,0.00025,-0.00167,0.00583,0.95555,0.00482,0.00672,3,12111,0,25945,0.72605,0.59659,0.82169,76,1,89.458,78,1,2,4294,195192,0,0,0.000,13.854,82.507,0,0.000,17.786,86.548,0,0,1,0,1
PPG,4,358347,14335430587,169,73940,78964,79119.109,-155.109,175.188,0,0,0,0,0.00,nan,1,2,0,nan,4,1,24,1,1,11,11,0,0,0,1453341559,0.03906,0.00244,0.95557,0.95637,-0.00612,-0.00028,-0.00221,0.00651,0.95637,0.00299,0.00651,3,12140,0,25945,0.72605,0.59659,0.82169,76,1,89.458,78,1,2,4304,195192,0,0,0.000,13.854,82.507,0,0.000,17.786,86.548,0,0,1,0,1
PPG,4,358348,14335470587,124,73816,78810,79116.016,-306.016,123.328,0,0,0,0,0.00,nan,1,2,0,nan,4,1,24,1,1,12,12,0,0,0,1453380575,0.04297,0.00757,0.95435,0.95534,-0.00479,-0.00081,-0.00141,0.00505,0.95646,0.00340,0.00623,3,12110,0,25945,0.72605,0.59659,0.82169,76,1,89.458,78,1,2,2599,195192,0,0,0.000,13.854,82.507,0,0.000,17.786,86.548,0,0,1,0,1
PPG,4,358349,14335510587,118,73637,78585,79110.703,-525.703,32.703,0,0,0,0,0.00,nan,1,2,0,nan,4,1,24,1,1,13,13,0,0,0,1453422120,0.04297,0.00781,0.95239,0.95339,-0.00532,-0.00055,-0.00114,0.00547,0.96105,0.00765,0.00563,3,12147,0,25945,0.72605,0.59659,0.82169,76,1,89.458,78,1,2,4324,195192,0,0,0.000,13.854,82.507,0,0.000,17.786,86.548,0,0,1,0,1
PPG,4,358350,14335550587,121,73528,78381,79103.406,-722.406,-77.812,0,0,0,0,0.00,nan,1,2,0,nan,4,1,24,1,1,14,14,0,0,0,1453461055,0.04102,0.00537,0.95581,0.95671,-0.00612,0.00025,-0.00087,0.00618,0.95876,0.00857,0.00621,3,12125,0,25945,0.72605,0.59659,0.82169,76,1,89.458,78,1,2,2595,195192,0,0,305.539,13.854,82.507,1,0.000,17.786,86.548,0,0,1,0,1
PPG,4,358351,14335590587,144,73430,78242,79094.789,-852.789,-191.758,1,0,1,700,85.71,85.71,2,1,0,nan,4,1,24,1,1,15,15,0,0,0,1453502616,0.04517,0.00146,0.95361,0.95468,-0.00638,-0.00001,-0.00141,0.00654,0.95846,0.00711,0.00654,3,12113,0,25945,0.72605,0.59659,0.82169,76,1,89.458,78,1,3,4294,195192,0,0,0.000,13.854,82.507,0,392.859,17.786,86.548,1,1,1,0,2
PPG,4,358352,14335630587,123,73403,78237,79086.211,-849.211,-290.648,0,0,0,0,85.71,85.71,2,1,0,nan,4,1,24,1,1,16,16,0,0,0,1453541703,0.04175,0.00317,0.95044,0.95136,-0.00612,-0.00135,-0.00087,0.00632,0.95998,0.00862,0.00701,3,12169,0,25945,0.72605,0.59659,0.82169,76,1,89.458,78,1,3,4300,195192,0,0,0.000,14.356,86.185,0,0.000,18.419,90.300,0,0,1,0,2
PPG,4,358353,14335670587,125,73420,78297,79078.320,-781.320,-368.859,0,0,0,0,85.71,85.71,2,1,0,nan,4,1,24,1,1,17,17,0,0,0,1453580643,0.04077,0.00635,0.94946,0.95036,-0.00532,-0.00108,-0.00061,0.00546,0.95473,0.00440,0.00628,3,12126,0,25945,0.72605,0.59659,0.82169,76,1,89.458,78,1,3,2599,195192,0,0,0.000,14.356,86.185,0,0.000,18.419,90.300,0,0,1,0,2
PPG,4,358354,14335710587,126,73518,78421,79071.750,-650.750,-423.289,0,0,0,0,85.71,85.71,2,1,0,nan,4,1,24,1,1,18,18,0,0,0,1453622180,0.04248,0.00659,0.94849,0.94946,-0.00585,-0.00135,-0.00247,0.00649,0.95738,0.00792,0.00736,3,12120,0,25945,0.72605,0.59659,0.82169,76,1,89.458,78,1,3,4298,195192,0,0,0.000,14.356,86.185,0,0.000,18.419,90.300,0,0,1,0,2
PPG,4,358355,14335750587,121,73588,78500,79066.031,-566.031,-444.367,0,0,0,0,85.71,85.71,2,1,0,nan,4,1,24,1,1,19,19,0,0,0,1453661174,0.04443,0.00049,0.95557,0.95660,-0.00558,-0.00028,-0.00087,0.00566,0.95660,0.00317,0.00635,3,12154,0,25945,0.72605,0.59659,0.82169,76,1,89.458,78,1,3,2597,195192,0,0,0.000,14.356,86.185,0,0.000,18.419,90.300,0,0,1,0,2
PPG,4,358356,14335790587,123,73508,78425,79059.617,-634.617,-437.578,0,0,0,0,85.71,85.71,2,1,0,nan,4,1,24,1,1,20,20,0,0,0,1453702732,0.04272,0.00391,0.95947,0.96043,-0.00612,0.00052,-0.00194,0.00644,0.96043,0.00824,0.00719,3,12128,0,25945,0.72605,0.59659,0.82169,76,1,89.458,78,1,3,4297,195192,0,0,0.000,14.356,86.185,0,0.000,18.419,90.300,0,0,1,0,2
PPG,4,358357,14335830587,122,73512,78406,79053.078,-647.078,-400.062,0,0,0,0,85.71,85.71,2,1,0,nan,4,1,24,1,1,21,21,0,0,0,1453741759,0.04517,0.00049,0.95264,0.95371,-0.00558,0.00158,-0.00087,0.00587,0.96007,0.00636,0.00706,3,12175,0,25945,0.72605,0.59659,0.82169,76,1,89.458,78,1,3,4296,195192,0,0,0.000,14.356,86.185,0,0.000,18.419,90.300,0,0,1,0,2
PPG,4,358358,14335870587,123,73434,78303,79045.578,-742.578,-351.289,0,0,0,0,85.71,85.71,2,1,0,nan,4,1,24,1,1,22,22,0,0,0,1453780755,0.04004,0.00317,0.95679,0.95763,-0.00585,0.00132,-0.00167,0.00623,0.95881,0.00494,0.00660,3,12132,0,25945,0.72605,0.59659,0.82169,76,1,89.458,78,1,3,2594,195192,0,0,0.000,14.356,86.185,0,0.000,18.419,90.300,0,0,1,0,2
PPG,4,358359,14335910587,122,73059,77801,79033.133,-1232.133,-346.633,0,0,0,0,85.71,85.71,2,1,0,nan,4,1,24,1,1,23,23,0,0,0,1453822285,0.04492,0.00366,0.95190,0.95297,-0.00585,-0.00028,-0.00194,0.00617,0.95297,0.00933,0.00660,3,12112,0,25945,0.72605,0.59659,0.82169,76,1,89.458,78,1,3,4300,195192,0,0,0.000,14.356,86.185,0,0.000,18.419,90.300,0,0,1,0,2
PPG,4,358360,14335950587,128,72625,77289,79015.695,-1726.695,-396.883,0,0,0,0,85.71,85.71,2,1,0,nan,4,1,24,1,1,24,24,0,0,0,1453861248,0.04443,0.00317,0.95532,0.95636,-0.00425,-0.00028,-0.00087,0.00435,0.95636,0.00307,0.00671,3,12123,0,25945,0.72605,0.59659,0.82169,76,1,89.458,78,1,3,2595,195192,0,0,0.000,14.356,86.185,0,0.000,18.419,90.300,0,0,1,0,2
PPG,4,358361,14335990587,125,72631,77298,78998.516,-1700.516,-464.312,0,0,0,0,85.71,85.71,2,1,0,nan,4,1,24,1,1,25,25,0,0,0,1453912118,0.04395,0.00708,0.95361,0.95465,-0.00532,-0.00055,-0.00141,0.00553,0.95543,0.00450,0.00652,3,21434,0,25946,0.72605,0.59659,0.82169,76,1,89.458,78,1,3,14465,195192,0,0,0.000,14.356,86.185,0,0.000,18.419,90.300,0,0,1,0,2
PPG,4,358362,14336030587,124,73022,77711,78985.641,-1274.641,-504.820,0,0,0,0,85.71,85.71,2,1,0,nan,4,1,24,1,1,26,26,0,0,0,1453936503,0.04468,0.00757,0.95068,0.95176,-0.00585,0.00052,-0.00141,0.00604,0.95337,0.00160,0.00604,2,12181,0,25946,0.72605,0.59659,0.82169,76,1,89.458,78,1,3,2586,195192,0,0,0.000,14.356,86.185,0,0.000,18.419,90.300,0,0,1,0,2
PPG,4,358363,14336070587,120,72959,77682,78972.602,-1290.602,-538.312,0,0,0,0,85.71,85.71,2,1,0,nan,4,1,24,1,1,27,27,0,0,0,1453980720,0.04199,0.00537,0.95752,0.95846,-0.00612,-0.00055,-0.00087,0.00620,0.95846,0.00382,0.00696,3,12125,0,25946,0.72605,0.59659,0.82169,76,1,89.458,78,1,3,2597,195192,0,0,0.000,14.356,86.185,0,0.000,18.419,90.300,0,0,1,0,2
PPG,4,358364,14336110587,123,73063,77783,78960.703,-1177.703,-562.008,0,0,0,0,85.71,85.71,2,1,0,nan,4,1,24,1,1,28,28,0,0,0,1454022327,0.04419,0.00195,0.95776,0.95878,-0.00638,-0.00215,-0.00167,0.00694,0.95878,0.00786,0.00781,3,12122,0,25946,0.72605,0.59659,0.82169,76,1,89.458,78,1,3,4307,195192,0,0,0.000,14.356,86.185,0,0.000,18.419,90.300,0,0,1,0,2
PPG,4,358365,14336150587,120,73393,78150,78952.594,-802.594,-540.219,0,0,0,0,85.71,85.71,2,1,0,nan,4,1,24,1,1,29,29,0,0,0,1454061343,0.03931,0.00464,0.95410,0.95492,-0.00612,-0.00161,-0.00247,0.00679,0.96112,0.00642,0.00697,3,12124,0,25946,0.72605,0.59659,0.82169,76,1,89.458,78,1,3,2617,195192,0,0,0.000,14.356,86.185,0,0.000,18.419,90.300,0,0,1,0,2
PPG,4,358366,14336190587,122,73800,78567,78948.734,-381.734,-409.742,0,0,0,0,85.71,85.71,2,1,0,nan,4,1,24,1,1,30,30,0,0,0,1454102897,0.04321,0.00903,0.95654,0.95756,-0.00638,0.00079,-0.00247,0.00689,0.95756,0.00385,0.00689,3,12122,0,25946,0.72605,0.59659,0.82169,76,1,89.458,78,1,3,4308,195192,0,0,0.000,14.356,86.185,0,0.000,18.419,90.300,0,0,1,0,2
PPG,4,358367,14336230587,144,74121,78896,78948.211,-52.211,-176.773,1,0,1,660,85.71,85.71,2,1,0,nan,4,1,24,1,1,31,31,0,0,0,1454141893,0.03931,0.00415,0.95508,0.95590,-0.00532,-0.00081,-0.00221,0.00581,0.95590,0.00488,0.00623,3,12136,0,25946,0.72605,0.59659,0.82169,76,1,89.458,78,1,3,4299,195192,0,0,79.516,14.356,86.185,1,97.734,18.419,90.300,1,1,1,0,3
PPG,4,358368,14336270587,123,74321,79074,78949.469,124.531,63.742,0,0,0,0,85.71,85.71,2,1,0,nan,4,1,24,1,1,0,0,0,0,0,1454180958,0.04614,0.00562,0.94922,0.95036,-0.00638,0.00025,-0.00247,0.00685,0.95498,0.00463,0.00703,3,12135,0,25946,0.72605,0.59659,0.82169,76,1,89.458,78,1,3,2602,195192,0,0,0.000,13.383,79.053,0,0.000,17.127,82.637,0,0,1,0,3
PPG,4,358369,14336310587,123,74428,79132,78951.297,180.703,239.391,0,0,0,0,85.71,85.71,2,1,0,nan,4,1,24,1,1,1,1,0,0,0,1454222534,0.04517,0.00537,0.95508,0.95616,-0.00612,-0.00055,-0.00141,0.00630,0.95616,0.00536,0.00630,3,12128,0,25946,0.72605,0.59659,0.82169,76,1,89.458,78,1,3,4297,195192,0,0,0.000,13.383,79.053,0,0.000,17.127,82.637,0,0,1,0,3
PPG,4,358370,14336350587,127,74534,79170,78953.484,216.516,412.508,0,0,0,0,85.71,85.71,2,1,0,nan,4,1,24,1,1,2,2,0,0,0,1454261551,0.04175,0.00806,0.94922,0.95017,-0.00638,-0.00055,-0.00034,0.00642,0.95167,0.00484,0.00642,3,12136,0,25946,0.72605,0.59659,0.82169,76,1,89.458,78,1,3,2595,195192,0,0,0.000,13.383,79.053,0,0.000,17.127,82.637,0,0,1,0,3
PPG,4,358371,14336390587,514,74623,79281,78956.758,324.242,574.562,0,0,0,0,85.71,85.71,2,1,0,nan,4,1,24,1,1,3,3,0,0,0,1454303136,0.04736,0.00659,0.95264,0.95384,-0.00532,-0.00001,-0.00194,0.00566,0.95626,0.00703,0.00566,3,12152,0,25946,0.80474,0.68124,0.84654,86,1,88.836,93,1,3,4301,195192,0,0,0.000,13.383,79.053,0,0.000,17.127,82.637,0,0,1,0,3
PPG,4,358372,14336430587,174,74654,79356,78960.750,395.250,690.898,0,0,0,0,85.71,85.71,2,1,0,nan,4,1,24,1,1,4,4,0,0,0,1454342820,0.04321,0.00391,0.94971,0.95070,-0.00692,-0.00028,-0.00194,0.00719,0.95220,0.00259,0.00719,3,12165,0,25946,0.80474,0.68124,0.84654,86,1,88.836,93,1,3,4320,195192,0,0,0.000,13.383,79.053,0,0.000,17.127,82.637,0,0,1,0,3
PPG,4,358373,14336470587,122,74665,79376,78964.906,411.094,752.523,0,0,0,0,85.71,85.71,2,1,0,nan,4,1,24,1,1,5,5,0,0,0,1454381908,0.04492,0.00220,0.95410,0.95516,-0.00665,-0.00161,-0.00114,0.00694,0.95758,0.00689,0.00718,3,12129,0,25946,0.80474,0.68124,0.84654,86,1,88.836,93,1,3,4307,195192,0,0,0.000,13.383,79.053,0,0.000,17.127,82.637,0,0,1,0,3
PPG,4,358374,14336510587,171,74490,79225,78967.508,257.492,759.320,0,0,0,0,85.71,85.71,2,1,0,nan,4,1,24,1,1,6,6,0,0,0,1454420848,0.04321,0.00562,0.95752,0.95851,-0.00558,-0.00135,-0.00141,0.00591,0.95851,0.00350,0.00669,3,12110,0,25946,0.80474,0.68124,0.84654,86,1,88.836,93,1,3,2622,195192,0,0,0.000,13.383,79.053,0,0.000,17.127,82.637,0,0,1,0,3
PPG,4,358375,14336550587,143,74214,78970,78967.531,2.469,720.961,0,0,0,0,85.71,85.71,2,1,0,nan,4,1,24,1,1,7,7,0,0,0,1454462623,0.04077,0.00098,0.95068,0.95156,-0.00479,0.00132,-0.00141,0.00516,0.95680,0.00525,0.00634,3,12104,0,25946,0.80474,0.68124,0.84654,86,1,88.836,93,1,3,4295,195192,0,0,0.000,13.383,79.053,0,0.000,17.127,82.637,0,0,1,0,3
PPG,4,358376,14336590587,151,74197,78962,78967.477,-5.477,669.828,0,0,0,0,85.71,85.71,2,1,0,nan,4,1,24,1,1,8,8,0,0,0,1454501749,0.04102,0.00659,0.94629,0.94720,-0.00532,0.00052,-0.00141,0.00553,0.95592,0.01009,0.00571,3,12139,0,25946,0.80474,0.68124,0.84654,86,1,88.836,93,1,3,4407,195192,0,0,0.000,13.383,79.053,0,0.000,17.127,82.637,0,0,1,0,3
PPG,4,358377,14336630587,129,74383,79173,78969.531,203.469,631.906,0,0,0,0,85.71,85.71,2,1,0,nan,4,1,24,1,1,9,9,0,0,0,1454541306,0.04248,0.00635,0.95093,0.95190,-0.00692,-0.00135,-0.00114,0.00714,0.95217,0.00438,0.00714,3,12268,0,25946,0.80474,0.68124,0.84654,86,1,88.836,93,1,3,2632,195192,0,0,0.000,13.383,79.053,0,0.000,17.127,82.637,0,0,1,0,3
PPG,4,358378,14336670587,125,74471,79260,78972.438,287.562,581.062,0,0,0,0,85.71,85.71,2,1,0,nan,4,1,24,1,1,10,10,0,0,0,1454583357,0.04224,0.00342,0.95020,0.95114,-0.00665,0.00079,-0.00167,0.00690,0.95489,0.00337,0.00690,3,12241,0,25946,0.80474,0.68124,0.84654,86,1,88.836,93,1,3,4349,195192,0,0,0.000,13.383,79.053,0,0.000,17.127,82.637,0,0,1,0,3
PPG,4,358379,14336710587,135,74509,79349,78976.203,372.797,502.656,0,0,0,0,85.71,85.71,2,1,0,nan,4,1,24,1,1,11,11,0,0,0,1454622772,0.04224,0.00635,0.95654,0.95750,-0.00612,-0.00135,-0.00194,0.00656,0.95750,0.01025,0.00674,3,12233,0,25946,0.80474,0.68124,0.84654,86,1,88.836,93,1,3,4333,195192,0,0,0.000,13.383,79.053,0,0.000,17.127,82.637,0,0,1,0,3
PPG,4,358380,14336750587,150,74568,79428,78980.719,447.281,403.141,0,0,0,0,85.71,85.71,2,1,0,nan,4,1,24,1,1,12,12,0,0,0,1454662158,0.04517,0.00317,0.95215,0.95322,-0.00479,-0.00081,-0.00114,0.00499,0.95808,0.00731,0.00633,3,12271,0,25946,0.80474,0.68124,0.84654,86,1,88.836,93,1,3,4352,195192,0,0,0.000,13.383,79.053,0,0.000,17.127,82.637,0,0,1,0,3
PPG,4,358381,14336790587,131,74588,79472,78985.633,486.367,329.719,0,0,0,0,85.71,85.71,2,1,0,nan,4,1,24,1,1,13,13,0,0,0,1454701451,0.03979,0.00562,0.94971,0.95056,-0.00612,-0.00001,-0.00194,0.00642,0.95441,0.00261,0.00679,3,12239,0,25946,0.80474,0.68124,0.84654,86,1,88.836,93,1,3,2624,195192,0,0,0.000,13.383,79.053,0,0.000,17.127,82.637,0,0,1,0,3
PPG,4,358382,14336830587,142,74595,79476,78990.539,485.461,313.758,1,0,1,600,90.91,90.91,2,1,512,nan,4,1,24,1,1,14,14,0,0,0,1454743388,0.04761,0.00781,0.94946,0.95069,-0.00638,0.00025,-0.00141,0.00654,0.95522,0.00467,0.00694,3,12251,0,25946,0.80474,0.68124,0.84654,86,1,88.836,93,1,3,4352,195192,0,0,1243.328,13.383,79.053,1,1321.328,17.127,82.637,1,1,1,0,4
PPG,4,358383,14336870587,121,74591,79489,78995.523,493.477,298.688,0,0,0,0,90.91,90.91,2,1,512,nan,4,1,24,1,1,15,15,0,0,0,1454782787,0.04321,0.00586,0.95752,0.95851,-0.00585,-0.00135,-0.00247,0.00649,0.95851,0.00335,0.00654,3,12236,0,25946,0.80474,0.68124,0.84654,86,1,88.836,93,1,3,4339,195192,0,0,0.000,19.805,126.107,0,0.000,23.645,121.314,0,0,1,0,4
PPG,4,358384,14336910587,137,74595,79526,79000.828,525.172,261.969,0,0,0,0,90.91,90.91,2,1,512,nan,4,1,24,1,1,16,16,0,0,0,1454859194,0.04346,0.00269,0.95703,0.95802,-0.00585,-0.00055,-0.00167,0.00611,0.95802,0.00632,0.00714,2,61570,0,25951,0.80474,0.68124,0.84654,86,1,88.836,93,1,3,61604,195192,0,0,0.000,19.805,126.107,0,0.000,23.645,121.314,0,0,1,0,4
PPG,4,358385,14336950587,120,74503,79449,79005.312,443.688,224.023,0,0,0,0,90.91,90.91,2,1,512,nan,4,1,24,1,1,17,17,0,0,0,1454871458,0.04102,0.00659,0.94507,0.94598,-0.00532,-0.00001,-0.00194,0.00566,0.94598,0.01204,0.00566,1,12264,0,25951,0.80474,0.68124,0.84654,86,1,88.836,93,1,3,12196,195192,0,0,0.000,19.805,126.107,0,0.000,23.645,121.314,0,0,1,0,4
PPG,4,358386,14336990587,132,74424,79380,79009.062,370.938,187.797,0,0,0,0,90.91,90.91,2,1,512,nan,4,1,24,1,1,18,18,0,0,0,1454912356,0.04028,0.00049,0.95093,0.95178,-0.00665,-0.00161,-0.00167,0.00704,0.95488,0.00890,0.00704,3,16359,0,25951,0.80474,0.68124,0.84654,86,1,88.836,93,1,3,16294,195192,0,0,0.000,19.805,126.107,0,0.000,23.645,121.314,0,0,1,0,4
PPG,4,358387,14337030587,132,74379,79343,79012.398,330.602,153.312,0,0,0,0,90.91,90.91,2,1,512,nan,4,1,24,1,1,19,19,0,0,0,1454936938,0.04443,0.00610,0.95654,0.95759,-0.00558,-0.00188,-0.00087,0.00596,0.95759,0.00496,0.00700,2,12274,0,25951,0.80474,0.68124,0.84654,86,1,88.836,93,1,3,2613,195192,0,0,0.000,19.805,126.107,0,0.000,23.645,121.314,0,0,1,0,4
PPG,4,358388,14337070587,133,74373,79281,79015.086,265.914,115.672,0,0,0,0,90.91,90.91,2,1,512,nan,4,1,24,1,1,20,20,0,0,0,1454981505,0.04346,0.00610,0.95410,0.95511,-0.00585,-0.00108,-0.00194,0.00626,0.95511,0.00262,0.00734,3,12207,0,25952,0.80474,0.68124,0.84654,86,1,88.836,93,1,3,2628,195192,0,0,0.000,19.805,126.107,0,0.000,23.645,121.314,0,0,1,0,4
PPG,4,358389,14337110587,123,74384,79290,79017.836,272.164,81.203,0,0,0,0,90.91,90.91,2,1,512,nan,4,1,24,1,1,21,21,0,0,0,1455023411,0.03955,0.00317,0.95386,0.95468,-0.00558,-0.00055,-0.00167,0.00586,0.95776,0.00308,0.00627,3,12232,0,25952,0.80474,0.68124,0.84654,86,1,88.836,93,1,3,4347,195192,0,0,0.000,19.805,126.107,0,0.000,23.645,121.314,0,0,1,0,4
PPG,4,358390,14337150587,124,74387,79301,79020.664,280.336,47.789,0,0,0,0,90.91,90.91,2,1,512,nan,4,1,24,1,1,22,22,0,0,0,1455062722,0.04175,0.00464,0.95874,0.95966,-0.00638,-0.00028,-0.00194,0.00668,0.95966,0.00807,0.00668,3,12267,0,25952,0.80474,0.68124,0.84654,86,1,88.836,93,1,3,4329,195192,0,0,0.000,19.805,126.107,0,0.000,23.645,121.314,0,0,1,0,4
PPG,4,358391,14337190587,125,74416,79346,79023.914,322.086,18.828,0,0,0,0,90.91,90.91,2,1,512,nan,4,1,24,1,1,23,23,0,0,0,1455101989,0.04419,0.00513,0.95215,0.95319,-0.00585,-0.00108,-0.00087,0.00601,0.95778,0.01137,0.00674,3,12237,0,25952,0.80474,0.68124,0.84654,86,1,88.836,93,1,3,4322,195192,0,0,0.000,19.805,126.107,0,0.000,23.645,121.314,0,0,1,0,4
PPG,4,358392,14337230587,124,74400,79354,79027.219,326.781,5.359,0,0,0,0,90.91,90.91,2,1,512,nan,4,1,24,1,1,24,24,0,0,0,1455141067,0.04199,0.00708,0.95776,0.95871,-0.00585,0.00052,-0.00194,0.00619,0.95871,0.00332,0.00621,3,12119,0,25952,0.80474,0.68124,0.84654,86,1,88.836,93,1,3,2599,195192,0,0,0.000,19.805,126.107,0,0.000,23.645,121.314,0,0,1,0,4
PPG,4,358393,14337270587,123,74396,79356,79030.508,325.492,2.930,0,0,0,0,90.91,90.91,2,1,512,nan,4,1,24,1,1,25,25,0,0,0,1455182895,0.04419,0.00146,0.95996,0.96098,-0.00612,0.00212,-0.00247,0.00693,0.96098,0.00990,0.00740,3,12115,0,25952,0.80474,0.68124,0.84654,86,1,88.836,93,1,3,4299,195192,0,0,0.000,19.805,126.107,0,0.000,23.645,121.314,0,0,1,0,4
PPG,4,358394,14337310587,124,74417,79367,79033.875,333.125,-0.742,0,0,0,0,90.91,90.91,2,1,512,nan,4,1,24,1,1,26,26,0,0,0,1455221893,0.04590,0.00562,0.95532,0.95644,-0.00638,0.00052,-0.00141,0.00656,0.95644,0.00668,0.00656,3,12125,0,25952,0.80474,0.68124,0.84654,86,1,88.836,93,1,3,2595,195192,0,0,0.000,19.805,126.107,0,0.000,23.645,121.314,0,0,1,0,4
PPG,4,358395,14337350587,130,74389,79350,79037.039,312.961,-9.891,0,0,0,0,90.91,90.91,2,1,512,nan,4,1,24,1,1,27,27,0,0,0,1455263530,0.04639,0.00464,0.95801,0.95914,-0.00665,-0.00001,-0.00141,0.00680,0.95914,0.00236,0.00713,3,12139,0,25952,0.80474,0.68124,0.84654,86,1,88.836,93,1,3,4309,195192,0,0,0.000,21.306,79.871,0,0.000,23.645,121.314,0,0,1,0,4
PPG,4,358396,14337390587,511,74378,79328,79039.945,288.055,-22.758,0,0,0,0,90.91,90.91,2,1,512,nan,4,0,24,1,1,28,28,0,0,0,1455302537,0.04443,0.00317,0.95117,0.95221,-0.00665,-0.00001,-0.00167,0.00686,0.95701,0.00609,0.00686,3,12123,0,25952,0.80308,0.76446,0.95191,86,1,86.202,93,1,3,4297,195192,0,0,0.000,21.306,79.871,0,0.000,23.645,121.314,0,0,1,0,4
PPG,4,358397,14337430587,171,74397,79348,79043.023,304.977,-24.789,0,0,0,0,90.91,90.91,2,1,512,nan,4,0,24,1,1,29,29,0,0,0,1455341919,0.04346,0.00342,0.94800,0.94900,-0.00612,-0.00001,-0.00034,0.00613,0.95365,0.00445,0.00635,3,12117,0,25952,0.80308,0.76446,0.95191,86,1,86.202,93,1,3,2595,195192,0,0,0.000,21.306,79.871,0,0.000,23.645,121.314,0,0,1,0,4
PPG,4,358398,14337470587,124,74393,79360,79046.195,313.805,-27.789,0,0,0,0,90.91,90.91,2,1,512,nan,4,0,24,1,1,30,30,0,0,0,1455383615,0.04272,0.00391,0.95483,0.95580,-0.00505,0.00052,-0.00087,0.00515,0.95580,0.01105,0.00564,3,12120,0,25952,0.80308,0.76446,0.95191,86,1,86.202,93,1,3,4295,195192,0,0,0.000,21.306,79.871,0,0.000,23.645,121.314,0,0,1,0,4
PPG,4,358399,14337510587,122,74422,79391,79049.641,341.359,-24.609,0,0,0,0,90.91,90.91,2,1,512,nan,4,0,24,1,1,31,31,0,0,0,1455422559,0.04102,0.00659,0.95239,0.95330,-0.00585,0.00025,-0.00167,0.00609,0.95588,0.00473,0.00650,3,12115,0,25952,0.80308,0.76446,0.95191,86,1,86.202,93,1,3,4301,195192,0,0,0.000,21.306,79.871,0,0.000,23.645,121.314,0,0,1,0,4
PPG,4,358400,14337550587,128,74396,79389,79053.031,335.969,-17.938,0,0,0,0,90.91,90.91,2,1,512,nan,4,0,24,1,1,0,0,0,0,0,1455461525,0.04053,0.00464,0.95361,0.95449,-0.00532,-0.00081,-0.00141,0.00556,0.95796,0.00466,0.00710,3,12123,0,25952,0.80308,0.76446,0.95191,86,1,86.202,93,1,3,2625,195192,0,0,0.000,21.306,79.871,0,0.000,23.645,121.314,0,0,1,0,4
PPG,4,358401,14337590587,125,74390,79385,79056.352,328.648,-11.023,0,0,0,0,90.91,90.91,2,1,512,nan,4,0,24,1,1,1,1,0,0,0,1455503245,0.04102,0.00537,0.95703,0.95792,-0.00479,0.00079,-0.00167,0.00513,0.95874,0.00621,0.00610,3,12122,0,25952,0.80308,0.76446,0.95191,86,1,86.202,93,1,3,4297,195192,0,0,0.000,21.306,79.871,0,0.000,23.645,121.314,0,0,1,0,4
PPG,4,358402,14337630587,136,74416,79437,79060.156,376.844,3.359,0,0,0,0,90.91,90.91,2,1,512,nan,4,0,24,1,1,2,2,0,0,0,1455542248,0.04126,0.00317,0.95728,0.95817,-0.00612,0.00025,-0.00194,0.00642,0.95817,0.00545,0.00712,3,12126,0,25952,0.80308,0.76446,0.95191,86,1,86.202,93,1,3,4297,195192,0,0,0.000,21.306,79.871,0,0.000,23.645,121.314,0,0,1,0,4
PPG,4,358403,14337670587,123,74422,79469,79064.242,404.758,24.500,0,0,0,0,90.91,90.91,2,1,512,nan,4,0,24,1,1,3,3,0,0,0,1455581263,0.04272,0.00586,0.95313,0.95410,-0.00558,-0.00028,-0.00114,0.00571,0.95600,0.00331,0.00639,3,12148,0,25952,0.80308,0.76446,0.95191,86,1,86.202,93,1,3,2595,195192,0,0,0.000,21.306,79.871,0,0.000,23.645,121.314,0,0,1,0,4
PPG,4,358404,14337710587,124,74444,79473,79068.328,404.672,45.008,0,0,0,0,90.91,90.91,2,1,512,nan,4,0,24,1,1,4,4,0,0,0,1455622846,0.03882,0.00171,0.94995,0.95075,-0.00585,-0.00055,-0.00194,0.00619,0.95878,0.01057,0.00619,3,12129,0,25952,0.80308,0.76446,0.95191,86,1,86.202,93,1,3,4297,195192,0,0,0.000,21.306,79.871,0,0.000,23.645,121.314,0,0,1,0,4
PPG,4,358405,14337750587,123,74452,79500,79072.648,427.352,62.461,0,0,0,0,90.91,90.91,2,1,512,nan,4,0,24,1,1,5,5,0,0,0,1455661782,0.04077,0.00513,0.95239,0.95328,-0.00505,-0.00028,-0.00087,0.00513,0.95724,0.00650,0.00648,3,12118,0,25952,0.80308,0.76446,0.95191,86,1,86.202,93,1,3,2599,195192,0,0,0.000,21.306,79.871,0,0.000,23.645,121.314,0,0,1,0,4
PPG,4,358406,14337790587,131,74402,79416,79076.078,339.922,64.227,0,0,0,0,90.91,90.91,2,1,512,nan,4,0,24,1,1,6,6,0,0,0,1455703378,0.04077,0.00562,0.95044,0.95133,-0.00638,-0.00081,-0.00274,0.00699,0.95713,0.00603,0.00699,3,12133,0,25952,0.80308,0.76446,0.95191,86,1,86.202,93,1,3,4296,195192,0,0,0.000,21.306,79.871,0,0.000,23.645,121.314,0,0,1,0,4
PPG,4,358407,14337830587,129,74333,79272,79078.039,193.961,51.062,0,0,0,0,90.91,90.91,2,1,512,nan,4,0,24,1,1,7,7,0,0,0,1455742346,0.04517,0.00415,0.95386,0.95494,-0.00479,-0.00001,-0.00221,0.00527,0.95879,0.00746,0.00601,3,12121,0,25952,0.80308,0.76446,0.95191,86,1,86.202,93,1,3,4299,195192,0,0,0.000,21.306,79.871,0,0.000,23.645,121.314,0,0,1,0,4
PPG,4,358408,14337870587,125,74289,79200,79079.258,120.742,28.688,0,0,0,0,90.91,90.91,2,1,512,nan,4,0,24,1,1,8,8,0,0,0,1455781424,0.04053,0.00635,0.95215,0.95303,-0.00612,0.00105,-0.00141,0.00636,0.95591,0.00528,0.00636,3,12186,0,25952,0.80308,0.76446,0.95191,86,1,86.202,93,1,3,2596,195192,0,0,0.000,21.306,79.871,0,0.000,23.645,121.314,0,0,1,0,4
PPG,4,358409,14337910587,122,74361,79260,79081.062,178.938,4.898,0,0,0,0,90.91,90.91,2,1,512,nan,4,0,24,1,1,9,9,0,0,0,1455823026,0.04297,0.00635,0.95508,0.95607,-0.00612,0.00105,-0.00114,0.00631,0.95627,0.00323,0.00671,3,12120,0,25952,0.80308,0.76446,0.95191,86,1,86.202,93,1,3,4296,195192,0,0,0.000,21.306,79.871,0,0.000,23.645,121.314,0,0,1,0,4
PPG,4,358410,14337950587,126,74424,79354,79083.789,270.211,-14.180,0,0,0,0,90.91,90.91,2,1,512,nan,4,0,24,1,1,10,10,0,0,0,1455862039,0.04590,0.00269,0.95850,0.95960,-0.00532,0.00052,-0.00114,0.00546,0.95960,0.01121,0.00617,3,12119,0,25952,0.80308,0.76446,0.95191,86,1,86.202,93,1,3,2595,195192,0,0,0.000,21.306,79.871,0,0.000,23.645,121.314,0,0,1,0,4
PPG,4,358411,14337990587,130,74455,79417,79087.125,329.875,-25.727,0,0,0,0,90.91,90.91,2,1,512,nan,4,0,24,1,1,11,11,0,0,0,1455912919,0.04541,0.00049,0.95190,0.95299,-0.00718,-0.00028,-0.00167,0.00738,0.95763,0.00380,0.00738,3,21428,0,25953,0.80308,0.76446,0.95191,86,1,86.202,93,1,3,14463,195192,0,0,0.000,21.306,79.871,0,0.000,23.645,121.314,0,0,1,0,4
PPG,4,358412,14338030587,128,74472,79435,79090.602,344.398,-39.062,0,0,0,0,90.91,90.91,2,1,512,nan,4,0,24,1,1,12,12,0,0,0,1455937243,0.04492,0.00293,0.95117,0.95224,-0.00505,-0.00001,-0.00114,0.00518,0.95780,0.00557,0.00703,2,12179,0,25953,0.80308,0.76446,0.95191,86,1,86.202,93,1,3,2595,195192,0,0,0.000,21.306,79.871,0,0.000,23.645,121.314,0,0,1,0,4
PPG,4,358413,14338070587,131,74464,79420,79093.898,326.102,-41.688,0,0,0,0,90.91,90.91,2,1,512,nan,4,0,24,1,1,13,13,0,0,0,1455981525,0.04272,0.00488,0.96216,0.96312,-0.00505,-0.00028,-0.00194,0.00542,0.96312,0.00786,0.00589,3,12173,0,25953,0.80308,0.76446,0.95191,86,1,86.202,93,1,3,2595,195192,0,0,76.266,21.306,79.871,1,0.000,23.645,121.314,0,0,1,0,4
PPG,4,358414,14338110587,152,74479,79445,79097.406,347.594,-20.883,1,0,1,1260,85.71,85.71,2,1,512,nan,4,0,24,1,1,14,14,0,0,0,1456023150,0.04370,0.00830,0.94946,0.95050,-0.00585,0.00025,-0.00087,0.00592,0.95617,0.00694,0.00620,3,12106,0,25953,0.80308,0.76446,0.95191,86,1,86.202,93,1,3,4298,195192,0,0,0.000,21.306,79.871,0,92.016,23.645,121.314,1,1,1,0,5
PPG,4,358415,14338150587,126,74490,79444,79100.875,343.125,9.281,0,0,0,0,85.71,85.71,2,1,512,nan,4,0,24,1,1,15,15,0,0,0,1456062190,0.04565,0.00684,0.94995,0.95107,-0.00505,-0.00055,-0.00221,0.00554,0.95883,0.00833,0.00644,3,12123,0,25953,0.80308,0.76446,0.95191,86,1,86.202,93,1,3,2597,195192,0,0,0.000,19.631,72.099,0,0.000,21.665,109.562,0,0,1,0,5
PPG,4,358416,14338190587,126,74491,79475,79104.617,370.383,32.641,0,0,0,0,85.71,85.71,2,1,512,nan,4,0,24,1,1,16,16,0,0,0,1456103825,0.04565,0.00171,0.95898,0.96007,-0.00532,-0.00001,-0.00061,0.00535,0.96007,0.00474,0.00551,3,12130,0,25953,0.80308,0.76446,0.95191,86,1,86.202,93,1,3,4298,195192,0,0,0.000,19.631,72.099,0,0.000,21.665,109.562,0,0,1,0,5
PPG,4,358417,14338230587,126,74499,79505,79108.617,396.383,46.359,0,0,0,0,85.71,85.71,2,1,512,nan,4,0,24,1,1,17,17,0,0,0,1456142808,0.04175,0.00342,0.95361,0.95453,-0.00612,-0.00001,-0.00167,0.00634,0.95530,0.00477,0.00634,3,12129,0,25953,0.80308,0.76446,0.95191,86,1,86.202,93,1,3,4301,195192,0,0,0.000,19.631,72.099,0,0.000,21.665,109.562,0,0,1,0,5
PPG,4,358418,14338270587,126,74508,79524,79112.773,411.227,53.453,0,0,0,0,85.71,85.71,2,1,512,nan,4,0,24,1,1,18,18,0,0,0,1456181786,0.04150,0.00122,0.94531,0.94622,-0.00558,-0.00135,-0.00194,0.00606,0.95416,0.00683,0.00718,3,12130,0,25953,0.80308,0.76446,0.95191,86,1,86.202,93,1,3,2606,195192,0,0,0.000,19.631,72.099,0,0.000,21.665,109.562,0,0,1,0,5
PPG,4,358419,14338310587,126,74520,79527,79116.914,410.086,59.789,0,0,0,0,85.71,85.71,2,1,512,nan,4,0,24,1,1,19,19,0,0,0,1456223396,0.04639,0.00488,0.95288,0.95402,-0.00532,-0.00001,-0.00167,0.00557,0.95402,0.00537,0.00617,3,12122,0,25953,0.80308,0.76446,0.95191,86,1,86.202,93,1,3,4298,195192,0,0,0.000,19.631,72.099,0,0.000,21.665,109.562,0,0,1,0,5
PPG,4,358420,14338350587,134,74498,79535,79121.094,413.906,68.922,0,0,0,0,85.71,85.71,2,1,512,nan,4,0,24,1,1,20,20,0,0,0,1456262367,0.04224,0.00220,0.95654,0.95748,-0.00558,0.00025,-0.00221,0.00601,0.95748,0.00667,0.00609,3,12122,0,25953,0.80308,0.76446,0.95191,86,1,86.202,93,1,3,4295,195192,0,0,0.000,19.631,72.099,0,0.000,21.665,109.562,0,0,1,0,5
PPG,4,358421,14338390587,512,74494,79547,79125.352,421.648,75.391,0,0,0,0,85.71,85.71,2,1,512,nan,4,0,24,1,1,21,21,0,0,0,1456301386,0.04468,0.00244,0.95630,0.95735,-0.00612,0.00052,-0.00061,0.00617,0.95834,0.00394,0.00645,3,12155,0,25953,0.65380,0.63317,0.96845,86,1,85.789,100,1,3,2598,195192,0,0,0.000,19.631,72.099,0,0.000,21.665,109.562,0,0,1,0,5
PPG,4,358422,14338430587,174,74526,79575,79129.852,445.148,87.211,0,0,0,0,85.71,85.71,2,1,512,nan,4,0,24,1,1,22,22,0,0,0,1456343378,0.04053,0.00562,0.95483,0.95571,-0.00532,-0.00108,-0.00194,0.00576,0.95662,0.00075,0.00701,3,12124,0,25953,0.65380,0.63317,0.96845,86,1,85.789,100,1,3,4296,195192,0,0,0.000,19.631,72.099,0,0.000,21.665,109.562,0,0,1,0,5
PPG,4,358423,14338470587,126,74557,79609,79134.641,474.359,99.352,0,0,0,0,85.71,85.71,2,1,512,nan,4,0,24,1,1,23,23,0,0,0,1456382399,0.04321,0.00513,0.95459,0.95558,-0.00638,-0.00001,-0.00034,0.00639,0.95633,0.00305,0.00639,3,12127,0,25953,0.65380,0.63317,0.96845,86,1,85.789,100,1,3,4303,195192,0,0,0.000,19.631,72.099,0,0.000,21.665,109.562,0,0,1,0,5
PPG,4,358424,14338510587,127,74537,79604,79139.336,464.664,106.938,0,0,0,0,85.71,85.71,2,1,512,nan,4,0,24,1,1,24,24,0,0,0,1456421367,0.04590,0.00146,0.95288,0.95399,-0.00532,-0.00028,-0.00221,0.00576,0.95399,0.00326,0.00680,3,12121,0,25953,0.65380,0.63317,0.96845,86,1,85.789,100,1,3,2600,195192,0,0,0.000,19.631,72.099,0,0.000,21.665,109.562,0,0,1,0,5
PPG,4,358425,14338550587,136,74503,79556,79143.500,412.500,108.711,0,0,0,0,85.71,85.71,2,1,512,nan,4,0,24,1,1,25,25,0,0,0,1456462982,0.04346,0.00439,0.94849,0.94949,-0.00558,0.00025,-0.00114,0.00571,0.95630,0.00719,0.00571,3,12112,0,25953,0.65380,0.63317,0.96845,86,1,85.789,100,1,3,4297,195192,0,0,0.000,19.551,73.548,0,0.000,21.665,109.562,0,0,1,0,5
PPG,4,358426,14338590587,134,74428,79423,79146.297,276.703,93.508,0,0,0,0,85.71,85.71,2,1,512,nan,4,0,24,1,1,26,26,0,0,0,1456502101,0.04199,0.00513,0.95703,0.95797,-0.00612,-0.00108,-0.00194,0.00651,0.95939,0.00500,0.00685,3,12259,0,25953,0.65380,0.63317,0.96845,86,1,85.789,100,1,3,2654,195192,0,0,0.000,19.551,73.548,0,0.000,21.665,109.562,0,0,1,0,5
PPG,4,358427,14338630587,130,74408,79344,79148.273,195.727,62.617,0,0,0,0,85.71,85.71,2,1,512,nan,4,0,24,1,1,27,27,0,0,0,1456544064,0.04150,0.00366,0.95581,0.95672,-0.00585,-0.00081,-0.00141,0.00607,0.96039,0.00827,0.00706,3,12116,0,25953,0.65380,0.63317,0.96845,86,1,85.789,100,1,3,4316,195192,0,0,69.188,19.551,73.548,1,0.000,21.665,109.562,0,0,1,0,5
PPG,4,358428,14338670587,131,74434,79381,79150.602,230.398,29.859,0,0,0,0,85.71,85.71,2,1,512,nan,4,0,24,1,1,28,28,0,0,0,1456583142,0.04102,0.00171,0.95728,0.95816,-0.00558,-0.00001,-0.00194,0.00591,0.95816,0.00791,0.00591,3,12103,0,25953,0.65380,0.63317,0.96845,86,1,85.789,100,1,3,4294,195192,0,0,0.000,19.551,73.548,0,0.000,21.665,109.562,0,0,1,0,5
PPG,4,358429,14338710587,125,74470,79421,79153.305,267.695,-0.188,0,0,0,0,85.71,85.71,2,1,512,nan,4,0,24,1,1,29,29,0,0,0,1456622226,0.04614,0.00391,0.95142,0.95254,-0.00558,-0.00108,-0.00167,0.00593,0.95887,0.00868,0.00635,3,12164,0,25953,0.65380,0.63317,0.96845,86,1,85.789,100,1,3,2604,195192,0,0,0.000,19.551,73.548,0,0.000,21.665,109.562,0,0,1,0,5
PPG,4,358430,14338750587,128,74545,79517,79156.945,360.055,-21.492,0,0,0,0,85.71,85.71,2,1,512,nan,4,0,24,1,1,30,30,0,0,0,1456664066,0.04028,0.00122,0.95581,0.95666,-0.00532,-0.00081,-0.00247,0.00592,0.95666,0.00361,0.00592,3,12311,0,25953,0.65380,0.63317,0.96845,86,1,85.789,100,1,3,4314,195192,0,0,0.000,19.551,73.548,0,0.000,21.665,109.562,0,0,1,0,5
PPG,4,358431,14338790587,127,74567,79583,79161.203,421.797,-32.789,0,0,0,0,85.71,85.71,2,1,512,nan,4,0,24,1,1,31,31,0,0,0,1456703328,0.04248,0.00317,0.94922,0.95017,-0.00585,-0.00001,-0.00167,0.00609,0.95699,0.00653,0.00625,3,12398,0,25953,0.65380,0.63317,0.96845,86,1,85.789,100,1,3,4318,195192,0,0,0.000,19.551,73.548,0,0.000,21.665,109.562,0,0,1,0,5
PPG,4,358432,14338830587,128,74553,79552,79165.109,386.891,-39.211,0,0,0,0,85.71,85.71,2,1,512,nan,4,0,24,1,1,0,0,0,0,0,1456742626,0.04150,0.00391,0.95410,0.95501,-0.00612,0.00025,-0.00141,0.00628,0.96157,0.01278,0.00628,3,12248,0,25953,0.65380,0.63317,0.96845,86,1,85.789,100,1,3,4332,195192,0,0,0.000,19.551,73.548,0,0.000,21.665,109.562,0,0,1,0,5
PPG,4,358433,14338870587,126,74527,79514,79168.602,345.398,-30.906,1,0,0,0,85.71,85.71,2,1,512,nan,4,0,24,1,1,1,1,0,0,0,1456782020,0.03979,0.00366,0.95142,0.95225,-0.00558,-0.00001,-0.00274,0.00622,0.95584,0.00358,0.00622,3,12263,0,25953,0.65380,0.63317,0.96845,86,1,85.789,100,1,3,2609,195192,0,0,0.000,19.551,73.548,0,150.398,21.665,109.562,1,0,1,0,5
PPG,4,358434,14338910587,142,74524,79520,79172.117,347.883,-9.508,0,0,0,0,85.71,85.71,2,1,512,nan,4,0,24,1,1,2,2,0,0,0,1456823972,0.04150,-0.00024,0.95703,0.95793,-0.00532,0.00025,-0.00061,0.00536,0.95793,0.00822,0.00543,3,12274,0,25953,0.65380,0.63317,0.96845,86,1,85.789,100,1,3,4333,195192,0,0,0.000,19.551,73.548,0,0.000,21.665,109.562,0,0,1,0,5
PPG,4,358435,14338950587,126,74504,79518,79175.578,342.422,6.359,0,0,0,0,85.71,85.71,2,1,512,nan,4,0,24,1,1,3,3,0,0,0,1456863318,0.04419,0.00732,0.95215,0.95320,-0.00612,-0.00028,-0.00087,0.00619,0.95557,0.00390,0.00619,3,12264,0,25953,0.65380,0.63317,0.96845,86,1,85.789,100,1,3,4336,195192,0,0,0.000,19.551,73.548,0,0.000,21.665,109.562,0,0,1,0,5
PPG,4,358436,14338990587,139,74509,79542,79179.242,362.758,20.289,0,0,0,0,85.71,85.71,2,1,512,nan,4,0,24,1,1,4,4,0,0,0,1456914772,0.04004,0.00928,0.94922,0.95011,-0.00585,-0.00055,-0.00167,0.00611,0.95738,0.00683,0.00785,3,24443,0,25954,0.65380,0.63317,0.96845,86,1,85.789,100,1,3,14781,195192,0,0,0.000,19.551,73.548,0,0.000,21.665,109.562,0,0,1,0,5
PPG,4,358437,14339030587,137,74523,79551,79182.961,368.039,22.852,0,0,0,0,85.71,85.71,2,1,512,nan,4,0,24,1,1,5,5,0,0,0,1456939309,0.04126,0.00366,0.95874,0.95963,-0.00558,0.00212,-0.00194,0.00628,0.95963,0.00992,0.00644,2,12311,0,25954,0.65380,0.63317,0.96845,86,1,85.789,100,1,3,2604,195192,0,0,0.000,19.551,73.548,0,0.000,21.665,109.562,0,0,1,0,5
PPG,4,358438,14339070587,135,74528,79566,79186.789,379.211,18.320,0,0,0,0,85.71,85.71,2,1,512,nan,4,0,24,1,1,6,6,0,0,0,1456983854,0.04321,0.00439,0.95850,0.95948,-0.00585,-0.00028,-0.00167,0.00609,0.95948,0.00618,0.00609,3,12274,0,25955,0.65380,0.63317,0.96845,86,1,85.789,100,1,3,4338,195192,0,0,0.000,19.551,73.548,0,0.000,21.665,109.562,0,0,1,0,5
PPG,4,358439,14339110587,125,74549,79589,79190.812,398.188,20.508,0,0,0,0,85.71,85.71,2,1,512,nan,4,0,24,1,1,7,7,0,0,0,1457023241,0.04272,0.00391,0.95557,0.95653,-0.00638,0.00052,-0.00087,0.00646,0.96110,0.01201,0.00646,3,12256,0,25955,0.65380,0.63317,0.96845,86,1,85.789,100,1,3,4339,195192,0,0,0.000,19.551,73.548,0,0.000,21.665,109.562,0,0,1,0,5
PPG,4,358440,14339150587,126,74562,79610,79195.008,414.992,30.469,0,0,0,0,85.71,85.71,2,1,512,nan,4,0,24,1,1,8,8,0,0,0,1457062544,0.04346,0.00146,0.94629,0.94729,-0.00612,-0.00028,-0.00221,0.00651,0.95974,0.01052,0.00672,3,12240,0,25955,0.65380,0.63317,0.96845,86,1,85.789,100,1,3,4335,195192,0,0,0.000,19.551,73.548,0,0.000,21.665,109.562,0,0,1,0,5
PPG,4,358441,14339190587,124,74578,79633,79199.391,433.609,42.312,0,0,0,0,85.71,85.71,2,1,512,nan,4,0,24,1,1,9,9,0,0,0,1457101817,0.04395,0.00293,0.94800,0.94902,-0.00585,-0.00135,0.00019,0.00601,0.95629,0.00900,0.00602,3,12238,0,25955,0.65380,0.63317,0.96845,86,1,85.789,100,1,3,2632,195192,0,0,0.000,19.551,73.548,0,0.000,21.665,109.562,0,0,1,0,5
PPG,4,358442,14339230587,126,74592,79661,79204.008,456.992,58.438,0,0,0,0,85.71,85.71,2,1,512,nan,4,0,24,1,1,10,10,0,0,0,1457143787,0.04321,0.00195,0.95532,0.95630,-0.00612,-0.00108,-0.00087,0.00627,0.95721,0.00819,0.00642,3,12238,0,25955,0.65380,0.63317,0.96845,86,1,85.789,100,1,3,4332,195192,0,0,0.000,19.551,73.548,0,0.000,21.665,109.562,0,0,1,0,5
PPG,4,358443,14339270587,132,74595,79680,79208.766,471.234,74.609,0,0,0,0,85.71,85.71,2,1,512,nan,4,0,24,1,1,11,11,0,0,0,1457183096,0.04468,0.00439,0.95361,0.95467,-0.00532,-0.00108,-0.00167,0.00568,0.95633,0.00166,0.00669,3,12234,0,25955,0.65380,0.63317,0.96845,86,1,85.789,100,1,3,4326,195192,0,0,0.000,19.551,73.548,0,0.000,21.665,109.562,0,0,1,0,5
PPG,4,358444,14339310587,129,74588,79678,79213.461,464.539,89.047,0,0,0,0,85.71,85.71,2,1,512,nan,4,0,24,1,1,12,12,0,0,0,1457222376,0.04272,0.00488,0.95532,0.95629,-0.00505,-0.00081,-0.00194,0.00547,0.95629,0.00248,0.00547,3,12247,0,25955,0.65380,0.63317,0.96845,86,1,85.789,100,1,3,2622,195192,0,0,42.375,19.551,73.548,1,0.000,21.665,109.562,0,0,1,0,5
PPG,4,358445,14339350587,146,74554,79611,79217.438,393.562,92.727,1,0,1,1240,85.71,85.71,2,1,0,nan,4,0,24,1,1,13,13,0,0,0,1457264299,0.04492,0.00586,0.95288,0.95396,-0.00692,-0.00108,-0.00087,0.00705,0.95839,0.00845,0.00705,3,12229,0,25955,0.65380,0.63317,0.96845,86,1,85.789,100,1,3,4328,195192,0,0,0.000,19.551,73.548,0,62.062,21.665,109.562,1,1,1,0,6
PPG,4,358446,14339390587,523,74520,79489,79220.156,268.844,75.141,0,0,0,0,85.71,85.71,2,1,0,nan,4,0,24,1,1,14,14,0,0,0,1457303730,0.04077,0.00488,0.94678,0.94767,-0.00665,-0.00028,-0.00167,0.00686,0.95838,0.01072,0.00686,3,12246,0,25955,0.68986,0.64307,0.93217,72,1,86.696,107,1,3,4370,195192,0,0,0.000,17.873,65.608,0,0.000,19.745,98.169,0,0,1,0,6
PPG,4,358447,14339430587,174,74535,79497,79222.922,274.078,51.352,0,0,0,0,85.71,85.71,2,1,0,nan,4,0,24,1,1,15,15,0,0,0,1457343423,0.03979,-0.00098,0.95361,0.95444,-0.00745,-0.00081,-0.00167,0.00768,0.95489,0.00723,0.00768,3,12272,0,25955,0.68986,0.64307,0.93217,72,1,86.696,107,1,3,4364,195192,0,0,0.000,17.873,65.608,0,0.000,19.745,98.169,0,0,1,0,6
PPG,4,358448,14339470587,127,74545,79518,79225.875,292.125,28.070,0,0,0,0,85.71,85.71,2,1,0,nan,4,0,24,1,1,16,16,0,0,0,1457382519,0.04419,-0.00049,0.95020,0.95122,-0.00505,-0.00001,-0.00167,0.00532,0.95909,0.00786,0.00663,3,12143,0,25955,0.68986,0.64307,0.93217,72,1,86.696,107,1,3,2595,195192,0,0,0.000,17.873,65.608,0,0.000,19.745,98.169,0,0,1,0,6
PPG,4,358449,14339510587,137,74538,79539,79229.008,309.992,4.742,0,0,0,0,85.71,85.71,2,1,0,nan,4,0,24,1,1,17,17,0,0,0,1457424102,0.04126,0.00317,0.95435,0.95524,-0.00585,-0.00028,-0.00194,0.00617,0.95554,0.00432,0.00693,3,12155,0,25955,0.68986,0.64307,0.93217,72,1,86.696,107,1,3,4327,195192,0,0,0.000,17.873,65.608,0,0.000,19.745,98.169,0,0,1,0,6
PPG,4,358450,14339550587,126,74553,79550,79232.219,317.781,-15.477,0,0,0,0,85.71,85.71,2,1,0,nan,4,0,24,1,1,18,18,0,0,0,1457463091,0.04688,0.00391,0.95264,0.95380,-0.00558,0.00025,-0.00087,0.00566,0.95827,0.00448,0.00614,3,12125,0,25955,0.68986,0.64307,0.93217,72,1,86.696,107,1,3,4304,195192,0,0,0.000,17.873,65.608,0,0.000,19.745,98.169,0,0,1,0,6
PPG,4,358451,14339590587,127,74539,79569,79235.586,333.414,-30.352,0,0,0,0,85.71,85.71,2,1,0,nan,4,0,24,1,1,19,19,0,0,0,1457502096,0.04346,0.00293,0.95239,0.95339,-0.00638,-0.00028,-0.00247,0.00685,0.95436,0.00056,0.00685,3,12118,0,25955,0.68986,0.64307,0.93217,72,1,86.696,107,1,3,2599,195192,0,0,0.000,17.873,65.608,0,0.000,19.745,98.169,0,0,1,0,6
PPG,4,358452,14339630587,126,74561,79592,79239.148,352.852,-35.062,0,0,0,0,85.71,85.71,2,1,0,nan,4,0,24,1,1,20,20,0,0,0,1457543719,0.04175,0.00562,0.94971,0.95064,-0.00612,0.00105,-0.00300,0.00690,0.95422,0.00357,0.00690,3,12125,0,25955,0.68986,0.64307,0.93217,72,1,86.696,107,1,3,4307,195192,0,0,0.000,17.873,65.608,0,0.000,19.745,98.169,0,0,1,0,6
PPG,4,358453,14339670587,146,74576,79586,79242.617,343.383,-24.812,1,0,1,340,85.71,85.71,2,1,16,nan,4,0,24,1,1,21,21,0,0,0,1457582728,0.04321,0.00195,0.95142,0.95240,-0.00692,0.00025,-0.00221,0.00726,0.95738,0.00674,0.00726,3,12123,0,25955,0.68986,0.64307,0.93217,72,1,86.696,107,1,3,2597,195192,0,0,32.875,17.873,65.608,1,74.406,19.745,98.169,1,1,1,0,6
PPG,4,358454,14339710587,129,74565,79602,79246.211,355.789,-13.906,0,0,0,0,85.71,85.71,2,1,16,nan,4,0,24,1,1,22,22,0,0,0,1457624448,0.04199,0.00439,0.95435,0.95528,-0.00558,-0.00108,-0.00194,0.00601,0.95528,0.00513,0.00618,3,12177,0,25955,0.68986,0.64307,0.93217,72,1,86.696,107,1,3,4322,195192,0,0,0.000,16.346,58.380,0,0.000,18.142,88.657,0,0,1,0,6
PPG,4,358455,14339750587,126,74571,79616,79249.906,366.094,-4.812,0,0,0,0,85.71,85.71,2,1,16,nan,4,0,24,1,1,23,23,0,0,0,1457663445,0.04272,0.00293,0.95337,0.95433,-0.00665,0.00025,-0.00087,0.00671,0.95520,0.00268,0.00671,3,12142,0,25955,0.68986,0.64307,0.93217,72,1,86.696,107,1,3,4315,195192,0,0,0.000,16.346,58.380,0,0.000,18.142,88.657,0,0,1,0,6
PPG,4,358456,14339790587,129,74571,79636,79253.766,382.234,4.352,0,0,0,0,85.71,85.71,2,1,16,nan,4,0,24,1,1,24,24,0,0,0,1457702467,0.04175,0.00171,0.94727,0.94819,-0.00479,-0.00028,-0.00087,0.00487,0.95565,0.00435,0.00538,3,12125,0,25955,0.68986,0.64307,0.93217,72,1,86.696,107,1,3,2598,195192,0,0,0.000,16.346,58.380,0,0.000,18.142,88.657,0,0,1,0,6
PPG,4,358457,14339830587,126,74578,79642,79257.648,384.352,12.938,0,0,0,0,85.71,85.71,2,1,16,nan,4,0,24,1,1,25,25,0,0,0,1457744119,0.04468,0.00586,0.95068,0.95175,-0.00665,-0.00081,-0.00087,0.00676,0.95175,0.00232,0.00676,3,12107,0,25955,0.68986,0.64307,0.93217,72,1,86.696,107,1,3,4298,195192,0,0,0.000,16.346,58.380,0,0.000,18.142,88.657,0,0,1,0,6
PPG,4,358458,14339870587,129,74591,79660,79261.672,398.328,21.242,0,0,0,0,85.71,85.71,2,1,16,nan,4,0,24,1,1,26,26,0,0,0,1457783118,0.03809,0.00464,0.95728,0.95804,-0.00558,-0.00161,-0.00167,0.00605,0.95804,0.00464,0.00659,3,12116,0,25955,0.68986,0.64307,0.93217,72,1,86.696,107,1,3,4297,195192,0,0,0.000,16.346,58.380,0,0.000,18.142,88.657,0,0,1,0,6
PPG,4,358459,14339910587,171,74598,79679,79265.844,413.156,29.172,0,0,0,0,85.71,85.71,2,1,16,nan,4,0,24,1,1,27,27,0,0,0,1457822095,0.04175,0.00244,0.95264,0.95355,-0.00532,-0.00055,-0.00221,0.00578,0.95355,0.01013,0.00646,3,12135,0,25955,0.68986,0.64307,0.93217,72,1,86.696,107,1,3,2627,195192,0,0,0.000,16.346,58.380,0,0.000,18.142,88.657,0,0,1,0,6
PPG,4,358460,14339950587,127,74610,79682,79270.008,411.992,39.289,0,0,0,0,85.71,85.71,2,1,16,nan,4,0,24,1,1,28,28,0,0,0,1457864089,0.04590,0.00415,0.95264,0.95375,-0.00532,-0.00161,-0.00221,0.00598,0.95375,0.00453,0.00686,3,12119,0,25955,0.68986,0.64307,0.93217,72,1,86.696,107,1,3,4301,195192,0,0,0.000,16.346,58.380,0,0.000,18.142,88.657,0,0,1,0,6
PPG,4,358461,14339990587,132,74615,79701,79274.320,426.680,50.031,0,0,0,0,85.71,85.71,2,1,16,nan,4,0,24,1,1,29,29,0,0,0,1457915009,0.04346,0.00391,0.95020,0.95120,-0.00612,-0.00028,-0.00247,0.00660,0.95491,0.00640,0.00660,3,24019,0,25956,0.68986,0.64307,0.93217,72,1,86.696,107,1,3,14453,195192,0,0,0.000,16.346,58.380,0,0.000,18.142,88.657,0,0,1,0,6
PPG,4,358462,14340030587,130,74616,79705,79278.625,426.375,60.539,0,0,0,0,85.71,85.71,2,1,16,nan,4,0,24,1,1,30,30,0,0,0,1457939384,0.04077,0.00122,0.95508,0.95595,-0.00665,-0.00055,-0.00247,0.00712,0.95690,0.00571,0.00731,2,12231,0,25956,0.68986,0.64307,0.93217,72,1,86.696,107,1,3,2586,195192,0,0,0.000,16.346,58.380,0,0.000,18.142,88.657,0,0,1,0,6
PPG,4,358463,14340070587,171,74596,79721,79283.047,437.953,70.641,0,0,0,0,85.71,85.71,2,1,16,nan,4,0,24,1,1,31,31,0,0,0,1457983556,0.04297,0.00317,0.95361,0.95459,-0.00532,-0.00135,-0.00087,0.00555,0.96004,0.00787,0.00562,3,12119,0,25956,0.68986,0.64307,0.93217,72,1,86.696,107,1,3,4300,195192,0,0,0.000,16.346,58.380,0,0.000,18.142,88.657,0,0,1,0,6
PPG,4,358464,14340110587,137,74587,79666,79286.875,379.125,74.664,0,0,0,0,85.71,85.71,2,1,16,nan,4,0,24,1,1,0,0,0,0,0,1458022754,0.04517,0.00586,0.95874,0.95982,-0.00585,0.00025,-0.00167,0.00609,0.95982,0.00371,0.00622,3,12138,0,25956,0.68986,0.64307,0.93217,72,1,86.696,107,1,3,2607,195192,0,0,0.000,16.346,58.380,0,0.000,18.142,88.657,0,0,1,0,6
PPG,4,358465,14340150587,140,74561,79570,79289.703,280.297,63.859,0,0,0,0,85.71,85.71,2,1,16,nan,4,0,24,1,1,1,1,0,0,0,1458064727,0.04395,0.00293,0.95313,0.95414,-0.00612,-0.00055,-0.00167,0.00637,0.95849,0.00686,0.00637,3,12273,0,25956,0.68986,0.64307,0.93217,72,1,86.696,107,1,3,4334,195192,0,0,0.000,16.346,58.380,0,0.000,18.142,88.657,0,0,1,0,6
PPG,4,358466,14340190587,137,74525,79516,79291.969,224.031,39.219,0,0,0,0,85.71,85.71,2,1,16,nan,4,0,24,1,1,2,2,0,0,0,1458104088,0.04297,0.00269,0.95117,0.95215,-0.00505,0.00079,-0.00141,0.00530,0.95587,0.00373,0.00620,3,12257,0,25956,0.68986,0.64307,0.93217,72,1,86.696,107,1,3,4338,195192,0,0,0.000,16.346,58.380,0,0.000,18.142,88.657,0,0,1,0,6
PPG,4,358467,14340230587,145,74547,79530,79294.352,235.648,15.859,0,0,0,0,85.71,85.71,2,1,16,nan,4,0,24,1,1,3,3,0,0,0,1458143401,0.04224,0.00586,0.95386,0.95481,-0.00718,-0.00161,-0.00247,0.00777,0.95481,0.00256,0.00777,3,12293,0,25956,0.68986,0.64307,0.93217,72,1,86.696,107,1,3,4330,195192,0,0,0.000,16.346,58.380,0,0.000,18.142,88.657,0,0,1,0,6
PPG,4,358468,14340270587,129,74551,79558,79296.984,261.016,-6.570,0,0,0,0,85.71,85.71,2,1,16,nan,4,0,24,1,1,4,4,0,0,0,1458182818,0.04517,-0.00073,0.95068,0.95176,-0.00612,-0.00001,-0.00114,0.00622,0.95794,0.00501,0.00622,3,12269,0,25956,0.68986,0.64307,0.93217,72,1,86.696,107,1,3,2642,195192,0,0,0.000,16.346,58.380,0,0.000,18.142,88.657,0,0,1,0,6
PPG,4,358469,14340310587,128,74552,79592,79299.938,292.062,-25.359,0,0,0,0,85.71,85.71,2,1,16,nan,4,0,24,1,1,5,5,0,0,0,1458224790,0.04150,0.00708,0.94995,0.95088,-0.00665,-0.00081,-0.00221,0.00705,0.95808,0.00632,0.00705,3,12256,0,25956,0.68986,0.64307,0.93217,72,1,86.696,107,1,3,4331,195192,0,0,0.000,16.346,58.380,0,0.000,18.142,88.657,0,0,1,0,6
PPG,4,358470,14340350587,128,74551,79610,79303.039,306.961,-44.219,0,0,0,0,85.71,85.71,2,1,16,nan,4,0,24,1,1,6,6,0,0,0,1458264215,0.04272,0.00610,0.95239,0.95337,-0.00612,-0.00295,-0.00194,0.00706,0.95562,0.00474,0.00706,3,12261,0,25956,0.68986,0.64307,0.93217,72,1,86.696,107,1,3,4336,195192,0,0,0.000,16.346,58.380,0,0.000,18.142,88.657,0,0,1,0,6
PPG,4,358471,14340390587,516,74542,79600,79306.008,293.992,-55.203,0,0,0,0,85.71,85.71,2,1,16,nan,4,0,24,1,1,7,7,0,0,0,1458303538,0.04419,0.00171,0.94702,0.94805,-0.00585,-0.00081,-0.00087,0.00597,0.95509,0.00670,0.00636,3,12270,0,25956,0.18189,0.11924,0.65556,93,1,93.611,115,1,3,4314,195192,0,0,0.000,16.346,58.380,0,0.000,18.142,88.657,0,0,1,0,6
PPG,4,358472,14340430587,219,74527,79572,79308.664,263.336,-53.914,1,0,1,760,85.71,85.71,2,1,16,nan,4,0,24,1,1,8,8,0,0,0,1458343324,0.04272,0.00439,0.95630,0.95726,-0.00452,0.00052,-0.00167,0.00485,0.95726,0.00701,0.00585,3,12261,0,25956,0.18189,0.11924,0.65556,93,1,93.611,115,1,3,4330,195192,0,0,36.133,16.346,58.380,1,109.727,18.142,88.657,1,1,1,0,6
PPG,4,358473,14340470587,125,74506,79545,79311.031,233.969,-47.719,0,0,0,0,85.71,85.71,2,1,16,nan,4,0,24,1,1,9,9,0,0,0,1458382777,0.04395,0.00830,0.94775,0.94881,-0.00718,-0.00055,-0.00167,0.00740,0.95482,0.00601,0.00740,3,12210,0,25956,0.18189,0.11924,0.65556,93,1,93.611,115,1,3,2629,195192,0,0,0.000,15.031,52.151,0,0.000,16.960,81.645,0,0,1,0,6
PPG,4,358474,14340510587,137,74511,79548,79313.398,234.602,-42.453,0,0,0,0,85.71,85.71,2,1,16,nan,4,0,24,1,1,10,10,0,0,0,1458424681,0.04175,0.00439,0.95166,0.95259,-0.00638,-0.00001,-0.00034,0.00639,0.95259,0.00246,0.00694,3,12246,0,25956,0.18189,0.11924,0.65556,93,1,93.611,115,1,3,4331,195192,0,0,0.000,14.861,54.455,0,0.000,16.960,81.645,0,0,1,0,6
PPG,4,358475,14340550587,132,74519,79581,79316.078,264.922,-37.414,0,0,0,0,85.71,85.71,2,1,16,nan,4,0,24,1,1,11,11,0,0,0,1458463990,0.04272,0.00488,0.95581,0.95678,-0.00612,0.00185,-0.00007,0.00639,0.95699,0.00440,0.00682,3,12230,0,25956,0.18189,0.11924,0.65556,93,1,93.611,115,1,3,4330,195192,0,0,0.000,14.861,54.455,0,0.000,16.960,81.645,0,0,1,0,6
PPG,4,358476,14340590587,128,74541,79614,79319.055,294.945,-33.172,0,0,0,0,85.71,85.71,2,1,16,nan,4,0,24,1,1,12,12,0,0,0,1458503276,0.04370,0.00488,0.95532,0.95633,-0.00532,0.00025,-0.00167,0.00558,0.96124,0.00722,0.00558,3,12234,0,25956,0.18189,0.11924,0.65556,93,1,93.611,115,1,3,4321,195192,0,0,0.000,14.861,54.455,0,0.000,16.960,81.645,0,0,1,0,6
PPG,4,358477,14340630587,127,74527,79620,79322.062,297.938,-30.641,0,0,0,0,85.71,85.71,2,1,16,nan,4,0,24,1,1,13,13,0,0,0,1458542571,0.04126,-0.00049,0.95410,0.95499,-0.00585,-0.00028,-0.00274,0.00647,0.95535,0.00485,0.00649,3,12266,0,25956,0.18189,0.11924,0.65556,93,1,93.611,115,1,3,2630,195192,0,0,0.000,14.861,54.455,0,0.000,16.960,81.645,0,0,1,0,6
PPG,4,358478,14340670587,130,74540,79619,79325.031,293.969,-25.883,0,0,0,0,85.71,85.71,2,1,16,nan,4,0,24,1,1,14,14,0,0,0,1458584564,0.04175,0.00391,0.95752,0.95844,-0.00638,0.00079,-0.00114,0.00653,0.95844,0.00714,0.00675,3,12229,0,25956,0.18189,0.11924,0.65556,93,1,93.611,115,1,3,4340,195192,0,0,0.000,14.861,54.455,0,0.000,16.960,81.645,0,0,1,0,6
PPG,4,358479,14340710587,127,74545,79641,79328.188,312.812,-14.117,0,0,0,0,85.71,85.71,2,1,16,nan,4,0,24,1,1,15,15,0,0,0,1458623856,0.04761,0.00073,0.95313,0.95431,-0.00638,0.00105,-0.00087,0.00653,0.95431,0.00455,0.00653,3,12231,0,25956,0.18189,0.11924,0.65556,93,1,93.611,115,1,3,4328,195192,0,0,0.000,14.861,54.455,0,0.000,16.960,81.645,0,0,1,0,6
PPG,4,358480,14340750587,132,74542,79643,79331.336,311.664,1.828,0,0,0,0,85.71,85.71,2,1,16,nan,4,0,24,1,1,16,16,0,0,0,1458663251,0.03955,0.00903,0.95532,0.95618,-0.00585,-0.00028,-0.00167,0.00609,0.95907,0.00475,0.00636,3,12155,0,25956,0.18189,0.11924,0.65556,93,1,93.611,115,1,3,4302,195192,0,0,0.000,14.861,54.455,0,0.000,16.960,81.645,0,0,1,0,6
PPG,4,358481,14340790587,126,74543,79652,79334.539,317.461,19.141,0,0,0,0,85.71,85.71,2,1,16,nan,4,0,24,1,1,17,17,0,0,0,1458702399,0.04346,0.00415,0.95654,0.95754,-0.00479,0.00052,-0.00141,0.00501,0.95754,0.00770,0.00517,3,12133,0,25956,0.18189,0.11924,0.65556,93,1,93.611,115,1,3,2599,195192,0,0,0.000,14.861,54.455,0,0.000,16.960,81.645,0,0,1,0,6
PPG,4,358482,14340830587,128,74572,79681,79338.000,343.000,34.617,0,0,0,0,85.71,85.71,2,1,16,nan,4,0,24,1,1,18,18,0,0,0,1458743973,0.04175,0.00537,0.95581,0.95674,-0.00585,0.00079,-0.00167,0.00614,0.95738,0.00138,0.00756,3,12131,0,25956,0.18189,0.11924,0.65556,93,1,93.611,115,1,3,4303,195192,0,0,0.000,14.861,54.455,0,0.000,16.960,81.645,0,0,1,0,6
PPG,4,358483,14340870587,126,74556,79600,79340.617,259.383,38.672,0,0,0,0,85.71,85.71,2,1,16,nan,4,0,24,1,1,19,19,0,0,0,1458783011,0.03809,0.00391,0.94922,0.94999,-0.00585,0.00079,-0.00141,0.00607,0.95767,0.00768,0.00675,3,12150,0,25956,0.18189,0.11924,0.65556,93,1,93.611,115,1,3,2599,195192,0,0,0.000,14.861,54.455,0,0.000,16.960,81.645,0,0,1,0,6
PPG,4,358484,14340910587,137,74498,79482,79342.031,139.969,28.156,0,0,0,0,85.71,85.71,2,1,16,nan,4,0,24,1,1,20,20,0,0,0,1458824557,0.04517,0.00415,0.95142,0.95250,-0.00638,-0.00081,-0.00194,0.00672,0.95412,0.00413,0.00672,3,12123,0,25956,0.18189,0.11924,0.65556,93,1,93.611,115,1,3,4310,195192,0,0,0.000,14.861,54.455,0,0.000,16.960,81.645,0,0,1,0,6
PPG,4,358485,14340950587,134,74487,79439,79343.000,96.000,8.992,0,0,0,0,85.71,85.71,2,1,16,nan,4,0,24,1,1,21,21,0,0,0,1458863587,0.04419,0.00415,0.95459,0.95562,-0.00558,-0.00028,-0.00194,0.00592,0.95803,0.00496,0.00719,3,12117,0,25956,0.18189,0.11924,0.65556,93,1,93.611,115,1,3,4297,195192,0,0,0.000,14.861,54.455,0,0.000,16.960,81.645,0,0,1,0,6
PPG,4,358486,14340990587,139,74497,79480,79344.367,135.633,-12.211,0,1,0,0,85.71,85.71,2,1,16,nan,4,0,24,1,1,22,22,0,0,0,1458918797,0.04126,0.00366,0.95264,0.95354,-0.00585,-0.00055,-0.00167,0.00611,0.95618,0.00588,0.00611,4,16235,0,25956,0.18189,0.11924,0.65556,93,1,93.611,115,1,3,16172,195192,0,0,0.000,14.861,54.455,0,0.000,16.960,81.645,0,0,1,0,6
PPG,4,358487,14341030587,133,74540,79524,79346.164,177.836,-28.906,0,0,0,0,85.71,85.71,2,1,16,nan,4,0,24,1,1,23,23,0,0,0,1458943115,0.03979,0.00830,0.95215,0.95302,-0.00718,-0.00188,-0.00087,0.00748,0.95458,0.00156,0.00748,2,12163,0,25956,0.18189,0.11924,0.65556,93,1,93.611,115,1,3,4294,195192,0,0,0.000,14.861,54.455,0,0.000,16.960,81.645,0,0,1,0,6
PPG,4,358488,14341070587,129,74546,79547,79348.172,198.828,-43.359,0,0,0,0,85.71,85.71,2,1,16,nan,4,0,24,1,1,24,24,0,0,0,1458982102,0.04443,0.00464,0.95679,0.95783,-0.00585,-0.00108,-0.00034,0.00596,0.95783,0.01055,0.00674,3,12116,0,25956,0.18189,0.11924,0.65556,93,1,93.611,115,1,3,2605,195192,0,0,0.000,14.861,54.455,0,0.000,16.960,81.645,0,0,1,0,6
PPG,4,358489,14341110587,137,74528,79562,79350.312,211.688,-58.859,0,0,0,0,85.71,85.71,2,1,16,nan,4,0,24,1,1,25,25,0,0,0,1459023645,0.04028,0.00708,0.95508,0.95595,-0.00718,-0.00028,-0.00247,0.00760,0.96120,0.00932,0.00760,3,12105,0,25956,0.18189,0.11924,0.65556,93,1,93.611,115,1,3,4296,195192,0,0,0.000,14.960,53.091,0,0.000,16.960,81.645,0,0,1,0,6
PPG,4,358490,14341150587,130,74544,79572,79352.531,219.469,-60.961,0,0,0,0,85.71,85.71,2,1,16,nan,4,0,24,1,1,26,26,0,0,0,1459062718,0.04565,0.00269,0.95459,0.95568,-0.00638,-0.00001,-0.00167,0.00660,0.95568,0.00385,0.00676,3,12139,0,25956,0.18189,0.11924,0.65556,93,1,93.611,115,1,3,2600,195192,0,0,0.000,14.960,53.091,0,0.000,16.960,81.645,0,0,1,0,6
PPG,4,358491,14341190587,128,74511,79545,79354.453,190.547,-49.211,1,0,0,0,85.71,85.71,2,1,16,nan,4,0,24,1,1,27,27,0,0,0,1459104266,0.04272,0.00830,0.95361,0.95461,-0.00718,-0.00108,-0.00221,0.00759,0.95746,0.00286,0.00781,3,12109,0,25956,0.18189,0.11924,0.65556,93,1,93.611,115,1,3,4303,195192,0,0,0.000,14.960,53.091,0,93.875,16.960,81.645,1,0,1,0,6
PPG,4,358492,14341230587,153,74511,79538,79356.289,181.711,-33.359,0,0,1,780,78.95,78.95,2,1,16,nan,4,0,24,1,1,28,28,0,0,0,1459143245,0.04321,0.00757,0.95703,0.95804,-0.00558,-0.00028,-0.00167,0.00584,0.95943,0.00302,0.00781,3,12122,0,25956,0.18189,0.11924,0.65556,93,1,93.611,115,1,3,4298,195192,0,0,38.430,14.960,53.091,1,0.000,16.960,81.645,0,1,1,0,6
PPG,4,358493,14341270587,130,74530,79571,79358.438,212.562,-21.664,0,0,0,0,78.95,78.95,2,1,16,nan,4,0,24,1,1,29,29,0,0,0,1459182303,0.04517,0.00439,0.95752,0.95859,-0.00505,0.00079,-0.00167,0.00538,0.95859,0.01004,0.00550,3,12125,0,25956,0.18189,0.11924,0.65556,93,1,93.611,115,1,3,2622,195192,0,0,0.000,13.823,47.612,0,0.000,15.827,74.921,0,0,1,0,6
PPG,4,358494,14341310587,140,74534,79596,79360.812,235.188,-13.781,0,0,0,0,78.95,78.95,2,1,16,nan,4,0,24,1,1,30,30,0,0,0,1459223974,0.04346,0.00586,0.95483,0.95584,-0.00532,-0.00055,-0.00167,0.00560,0.95584,0.00482,0.00572,3,12119,0,25956,0.18189,0.11924,0.65556,93,1,93.611,115,1,3,4305,195192,0,0,0.000,14.487,40.742,0,0.000,15.827,74.921,0,0,1,0,6
PPG,4,358495,14341350587,129,74553,79614,79363.344,250.656,-5.859,0,0,0,0,78.95,78.95,2,1,16,nan,4,0,24,1,1,31,31,0,0,0,1459263059,0.04419,0.00659,0.95410,0.95515,-0.00612,0.00052,-0.00141,0.00630,0.95697,0.00576,0.00703,3,12146,0,25956,0.18189,0.11924,0.65556,93,1,93.611,115,1,3,2600,195192,0,0,0.000,14.487,40.742,0,0.000,15.827,74.921,0,0,1,0,6
PPG,4,358496,14341390587,515,74575,79656,79366.273,289.727,5.469,0,0,0,0,78.95,78.95,2,1,16,nan,4,1,24,1,1,0,0,0,0,0,1459304614,0.04517,0.00342,0.95190,0.95298,-0.00558,-0.00028,-0.00247,0.00611,0.95298,0.00462,0.00611,3,12115,0,25956,0.12882,0.08490,0.65909,93,1,93.523,39,1,3,4297,195192,0,0,0.000,14.487,40.742,0,0.000,15.827,74.921,0,0,1,0,6
PPG,4,358497,14341430587,178,74588,79680,79369.414,310.586,17.898,0,0,0,0,78.95,78.95,2,1,16,nan,4,1,24,1,1,1,1,0,0,0,1459343993,0.04492,0.00342,0.95337,0.95443,-0.00558,-0.00001,-0.00141,0.00576,0.95605,0.00307,0.00619,3,12120,0,25956,0.12882,0.08490,0.65909,93,1,93.523,39,1,3,4301,195192,0,0,0.000,14.487,40.742,0,0.000,15.827,74.921,0,0,1,0,6
PPG,4,358498,14341470587,130,74587,79682,79372.539,309.461,34.320,0,0,0,0,78.95,78.95,2,1,16,nan,4,1,24,1,1,2,2,0,0,0,1459383076,0.04224,0.00293,0.94849,0.94943,-0.00585,-0.00108,0.00019,0.00595,0.95494,0.00551,0.00642,3,12116,0,25956,0.12882,0.08490,0.65909,93,1,93.523,39,1,3,2597,195192,0,0,0.000,14.487,40.742,0,0.000,15.827,74.921,0,0,1,0,6
PPG,4,358499,14341510587,129,74584,79714,79375.953,338.047,55.812,0,0,0,0,78.95,78.95,2,1,16,nan,4,1,24,1,1,3,3,0,0,0,1459424620,0.04468,0.00415,0.95605,0.95711,-0.00718,0.00025,-0.00061,0.00721,0.95974,0.00883,0.00721,3,12111,0,25956,0.12882,0.08490,0.65909,93,1,93.523,39,1,3,4297,195192,0,0,0.000,14.487,40.742,0,0.000,15.827,74.921,0,0,1,0,6
PPG,4,358500,14341550587,131,74581,79697,79379.164,317.836,71.109,0,0,0,0,78.95,78.95,2,1,16,nan,4,1,24,1,1,4,4,0,0,0,1459463636,0.04272,0.00049,0.95630,0.95725,-0.00585,-0.00055,-0.00061,0.00591,0.95729,0.00193,0.00694,3,12137,0,25956,0.12882,0.08490,0.65909,93,1,93.523,39,1,3,4298,195192,0,0,0.000,14.487,40.742,0,0.000,15.827,74.921,0,0,1,0,6
PPG,4,358501,14341590587,132,74596,79712,79382.492,329.508,84.688,0,0,0,0,78.95,78.95,2,1,16,nan,4,1,24,1,1,5,5,0,0,0,1459502639,0.04468,0.00586,0.95435,0.95541,-0.00638,-0.00081,-0.00247,0.00689,0.95555,0.00170,0.00689,3,12121,0,25956,0.12882,0.08490,0.65909,93,1,93.523,39,1,3,2598,195192,0,0,0.000,14.487,40.742,0,0.000,15.827,74.921,0,0,1,0,6
PPG,4,358502,14341630587,135,74590,79719,79385.859,333.141,97.789,0,0,0,0,78.95,78.95,2,1,16,nan,4,1,24,1,1,6,6,0,0,0,1459544234,0.04150,0.00244,0.95703,0.95793,-0.00532,0.00025,-0.00114,0.00544,0.95793,0.00461,0.00567,3,12119,0,25956,0.12882,0.08490,0.65909,93,1,93.523,39,1,3,4298,195192,0,0,0.000,14.487,40.742,0,0.000,15.827,74.921,0,0,1,0,6
PPG,4,358503,14341670587,146,74573,79650,79388.500,261.500,94.430,0,1,0,0,78.95,78.95,2,1,16,nan,4,1,24,1,1,7,7,0,0,0,1459583270,0.04175,0.00244,0.95117,0.95209,-0.00558,-0.00108,-0.00114,0.00580,0.95811,0.00737,0.00584,3,12122,0,25956,0.12882,0.08490,0.65909,93,1,93.523,39,1,3,2603,195192,0,0,0.000,14.487,40.742,0,0.000,15.827,74.921,0,0,1,0,6
PPG,4,358504,14341710587,130,74532,79546,79390.078,155.922,72.086,0,0,0,0,78.95,78.95,2,1,16,nan,4,1,24,1,1,8,8,0,0,0,1459624865,0.04224,0.00195,0.95605,0.95699,-0.00479,-0.00055,-0.00061,0.00485,0.95826,0.00617,0.00657,3,12133,0,25956,0.12882,0.08490,0.65909,93,1,93.523,39,1,3,4305,195192,0,0,0.000,14.487,40.742,0,0.000,15.827,74.921,0,0,1,0,6
PPG,4,358505,14341750587,201,74511,79504,79391.219,112.781,43.406,0,0,0,0,78.95,78.95,2,1,16,nan,4,1,24,1,1,9,9,0,0,0,1459663866,0.04346,0.00146,0.95313,0.95412,-0.00612,-0.00001,-0.00087,0.00618,0.95796,0.00385,0.00618,3,12162,0,25956,0.12882,0.08490,0.65909,93,1,93.523,39,1,3,4321,195192,0,0,0.000,14.487,40.742,0,0.000,15.827,74.921,0,0,1,0,6
PPG,4,358506,14341790587,130,74553,79547,79392.773,154.227,16.203,0,0,0,0,78.95,78.95,2,1,16,nan,4,1,24,1,1,10,10,0,0,0,1459702950,0.04370,0.00464,0.95679,0.95780,-0.00585,-0.00161,-0.00114,0.00618,0.95780,0.00974,0.00628,3,12116,0,25956,0.12882,0.08490,0.65909,93,1,93.523,39,1,3,2601,195192,0,0,0.000,14.487,40.742,0,0.000,15.827,74.921,0,0,1,0,6
PPG,4,358507,14341830587,130,74575,79614,79394.984,219.016,-0.156,0,0,0,0,78.95,78.95,2,1,16,nan,4,1,24,1,1,11,11,0,0,0,1459744517,0.04858,0.00269,0.94946,0.95071,-0.00612,0.00079,-0.00247,0.00664,0.95887,0.01169,0.00664,3,12114,0,25956,0.12882,0.08490,0.65909,93,1,93.523,39,1,3,4296,195192,0,0,0.000,14.487,40.742,0,0.000,15.827,74.921,0,0,1,0,6
PPG,4,358508,14341870587,131,74613,79675,79397.781,277.219,-11.844,0,0,0,0,78.95,78.95,2,1,16,nan,4,1,24,1,1,12,12,0,0,0,1459783535,0.04541,0.00122,0.95435,0.95543,-0.00585,0.00079,-0.00167,0.00614,0.95854,0.00639,0.00687,3,12171,0,25956,0.12882,0.08490,0.65909,93,1,93.523,39,1,3,4297,195192,0,0,0.000,14.487,40.742,0,0.000,15.827,74.921,0,0,1,0,6
PPG,4,358509,14341910587,144,74652,79728,79401.086,326.914,-18.859,0,0,0,0,78.95,78.95,2,1,16,nan,4,1,24,1,1,13,13,0,0,0,1459858714,0.04224,0.00439,0.95459,0.95553,-0.00665,-0.00028,-0.00141,0.00680,0.95553,0.00578,0.00680,2,60458,0,25961,0.12882,0.08490,0.65909,93,1,93.523,39,1,3,60560,195192,0,0,0.000,14.487,40.742,0,0.000,15.827,74.921,0,0,1,0,6
PPG,4,358510,14341950587,151,74657,79737,79404.445,332.555,-14.680,1,0,1,740,78.95,78.95,2,1,16,nan,4,1,24,1,1,14,14,0,0,0,1459870874,0.04004,0.00146,0.95386,0.95470,-0.00638,-0.00055,-0.00087,0.00647,0.95470,0.00084,0.00647,1,12160,0,25961,0.12882,0.08490,0.65909,93,1,93.523,39,1,3,12085,195192,0,0,41.172,14.487,40.742,1,158.750,15.827,74.921,1,1,1,0,6
PPG,4,358511,14341990587,132,74676,79746,79407.859,338.141,3.844,0,0,0,0,78.95,78.95,2,1,16,nan,4,1,24,1,1,15,15,0,0,0,1459919659,0.04468,0.00806,0.95313,0.95421,-0.00612,0.00025,-0.00167,0.00635,0.95884,0.00859,0.00635,3,24193,0,25962,0.12882,0.08490,0.65909,93,1,93.523,39,1,3,14496,195192,0,0,0.000,13.510,36.710,0,0.000,15.241,71.444,0,0,1,0,6
PPG,4,358512,14342030587,131,74667,79743,79411.211,331.789,27.742,0,0,0,0,78.95,78.95,2,1,16,nan,4,1,24,1,1,16,16,0,0,0,1459943956,0.04102,0.00195,0.95728,0.95816,-0.00638,-0.00135,-0.00167,0.00674,0.95816,0.00236,0.00674,2,12168,0,25962,0.12882,0.08490,0.65909,93,1,93.523,39,1,3,4306,195192,0,0,0.000,13.510,36.710,0,0.000,15.241,71.444,0,0,1,0,6
PPG,4,358513,14342070587,129,74678,79765,79414.750,350.250,49.180,0,0,0,0,78.95,78.95,2,1,16,nan,4,1,24,1,1,17,17,0,0,0,1459983018,0.03906,0.00122,0.95239,0.95319,-0.00665,0.00025,-0.00141,0.00680,0.95712,0.00847,0.00680,3,12147,0,25962,0.12882,0.08490,0.65909,93,1,93.523,39,1,3,2594,195192,0,0,0.000,13.510,36.710,0,0.000,15.241,71.444,0,0,1,0,6
PPG,4,358514,14342110587,130,74702,79808,79418.680,389.320,66.289,0,0,0,0,78.95,78.95,2,1,16,nan,4,1,24,1,1,18,18,0,0,0,1460024649,0.04419,0.00488,0.95459,0.95562,-0.00585,-0.00081,-0.00061,0.00594,0.95562,0.00402,0.00695,3,12110,0,25962,0.12882,0.08490,0.65909,93,1,93.523,39,1,3,4294,195192,0,0,0.000,13.510,36.710,0,0.000,15.241,71.444,0,0,1,0,6
PPG,4,358515,14342150587,136,74712,79832,79422.812,409.188,77.820,0,0,0,0,78.95,78.95,2,1,16,nan,4,1,24,1,1,19,19,0,0,0,1460063583,0.04150,0.00195,0.94800,0.94891,-0.00558,0.00025,-0.00061,0.00562,0.96039,0.00688,0.00632,3,12112,0,25962,0.12882,0.08490,0.65909,93,1,93.523,39,1,3,4300,195192,0,0,0.000,13.510,36.710,0,0.000,15.241,71.444,0,0,1,0,6
PPG,4,358516,14342190587,130,74727,79852,79427.102,424.898,85.742,0,0,0,0,78.95,78.95,2,1,16,nan,4,1,24,1,1,20,20,0,0,0,1460102676,0.03955,0.00562,0.95654,0.95738,-0.00585,-0.00001,-0.00274,0.00646,0.96300,0.01410,0.00656,3,12109,0,25962,0.12882,0.08490,0.65909,93,1,93.523,39,1,3,2604,195192,0,0,0.000,13.510,36.710,0,0.000,15.241,71.444,0,0,1,0,6
PPG,4,358517,14342230587,132,74711,79851,79431.344,419.656,93.469,0,0,0,0,78.95,78.95,2,1,16,nan,4,1,24,1,1,21,21,0,0,0,1460144234,0.04126,0.00366,0.95703,0.95793,-0.00692,-0.00028,-0.00167,0.00712,0.95793,0.00569,0.00712,3,12118,0,25962,0.12882,0.08490,0.65909,93,1,93.523,39,1,3,4297,195192,0,0,0.000,13.510,36.710,0,0.000,15.241,71.444,0,0,1,0,6
PPG,4,358518,14342270587,140,74720,79886,79435.891,450.109,103.273,0,0,0,0,78.95,78.95,2,1,16,nan,4,1,24,1,1,22,22,0,0,0,1460183198,0.04102,0.00098,0.95532,0.95620,-0.00585,-0.00001,-0.00247,0.00635,0.95620,0.00314,0.00693,3,12135,0,25962,0.12882,0.08490,0.65909,93,1,93.523,39,1,3,2626,195192,0,0,0.000,13.510,36.710,0,0.000,15.241,71.444,0,0,1,0,6
PPG,4,358519,14342310587,128,74748,79914,79440.672,473.328,117.703,0,0,0,0,78.95,78.95,2,1,16,nan,4,1,24,1,1,23,23,0,0,0,1460224795,0.04395,0.00317,0.94751,0.94853,-0.00612,-0.00028,-0.00221,0.00651,0.95762,0.00908,0.00651,3,12110,0,25962,0.12882,0.08490,0.65909,93,1,93.523,39,1,3,4301,195192,0,0,0.000,13.510,36.710,0,0.000,15.241,71.444,0,0,1,0,6
PPG,4,358520,14342350587,130,74740,79920,79445.469,474.531,128.688,0,0,0,0,78.95,78.95,2,1,16,nan,4,1,24,1,1,24,24,0,0,0,1460263998,0.04004,0.00439,0.95532,0.95617,-0.00585,0.00025,-0.00114,0.00597,0.95617,0.00419,0.00644,3,12126,0,25962,0.12882,0.08490,0.65909,93,1,93.523,39,1,3,4301,195192,0,0,0.000,13.510,36.710,0,0.000,15.241,71.444,0,0,1,0,6
PPG,4,358521,14342390587,543,74757,79932,79450.336,481.664,135.406,0,0,0,0,78.95,78.95,2,1,16,nan,4,1,24,1,1,25,25,0,0,0,1460303045,0.04126,0.00732,0.95752,0.95844,-0.00665,-0.00081,0.00019,0.00670,0.95844,0.00747,0.00670,3,12141,0,25962,0.13862,0.08745,0.63087,99,1,94.228,136,1,3,2595,195192,0,0,0.000,13.456,37.146,0,0.000,15.241,71.444,0,0,1,0,6
PPG,4,358522,14342430587,180,74759,79950,79455.336,494.664,140.711,0,0,0,0,78.95,78.95,2,1,16,nan,4,1,24,1,1,26,26,0,0,0,1460345414,0.04199,0.00244,0.95972,0.96064,-0.00612,-0.00135,-0.00141,0.00642,0.96064,0.00660,0.00675,3,12238,0,25962,0.13862,0.08745,0.63087,99,1,94.228,136,1,3,4342,195192,0,0,0.000,13.456,37.146,0,0.000,15.241,71.444,0,0,1,0,6
PPG,4,358523,14342470587,139,74762,79950,79460.281,489.719,139.711,0,0,0,0,78.95,78.95,2,1,16,nan,4,1,24,1,1,27,27,0,0,0,1460384829,0.04175,0.00635,0.95288,0.95382,-0.00585,0.00025,-0.00167,0.00609,0.95577,0.00486,0.00609,3,12277,0,25962,0.13862,0.08745,0.63087,99,1,94.228,136,1,3,4335,195192,0,0,0.000,13.456,37.146,0,0.000,15.241,71.444,0,0,1,0,6
PPG,4,358524,14342510587,137,74782,79973,79465.406,507.594,135.789,0,0,0,0,78.95,78.95,2,1,16,nan,4,1,24,1,1,28,28,0,0,0,1460424201,0.04272,0.00732,0.95386,0.95484,-0.00585,-0.00001,-0.00114,0.00596,0.95484,0.00448,0.00596,3,12225,0,25962,0.13862,0.08745,0.63087,99,1,94.228,136,1,3,4339,195192,0,0,0.000,13.456,37.146,0,0.000,15.241,71.444,0,0,1,0,6
PPG,4,358525,14342550587,148,74771,79975,79470.500,504.500,124.961,0,0,0,0,78.95,78.95,2,1,16,nan,4,1,24,1,1,29,29,0,0,0,1460463537,0.04419,0.00244,0.95337,0.95440,-0.00532,0.00025,-0.00114,0.00544,0.95489,0.00249,0.00567,3,12266,0,25962,0.13862,0.08745,0.63087,99,1,94.228,136,1,3,2635,195192,0,0,66.883,13.456,37.146,1,0.000,15.241,71.444,0,0,1,0,6
PPG,4,358526,14342590587,130,74721,79870,79474.492,395.508,102.523,0,0,0,0,78.95,78.95,2,1,16,nan,4,1,24,1,1,30,30,0,0,0,1460505537,0.04395,0.00391,0.95874,0.95975,-0.00665,0.00025,-0.00194,0.00693,0.95975,0.00890,0.00693,3,12222,0,25962,0.13862,0.08745,0.63087,99,1,94.228,136,1,3,4331,195192,0,0,0.000,13.456,37.146,0,0.000,15.241,71.444,0,0,1,0,6
PPG,4,358527,14342630587,128,74667,79738,79477.125,260.875,70.320,0,0,0,0,78.95,78.95,2,1,16,nan,4,1,24,1,1,31,31,0,0,0,1460544835,0.04443,0.00635,0.95923,0.96028,-0.00638,-0.00028,-0.00141,0.00654,0.96028,0.00477,0.00668,3,12249,0,25962,0.13862,0.08745,0.63087,99,1,94.228,136,1,3,4334,195192,0,0,0.000,13.456,37.146,0,0.000,15.241,71.444,0,0,1,0,6
PPG,4,358528,14342670587,138,74674,79724,79479.594,244.406,38.156,0,0,0,0,78.95,78.95,2,1,16,nan,4,1,24,1,1,0,0,0,0,0,1460584088,0.04224,0.00269,0.95264,0.95358,-0.00558,-0.00081,-0.00114,0.00576,0.95770,0.00258,0.00695,3,12209,0,25962,0.13862,0.08745,0.63087,99,1,94.228,136,1,3,4356,195192,0,0,0.000,13.456,37.146,0,0.000,15.241,71.444,0,0,1,0,6
PPG,4,358529,14342710587,157,74699,79761,79482.406,278.594,9.508,0,0,0,0,78.95,78.95,2,1,528,nan,4,1,24,1,1,1,1,0,0,0,1460623429,0.04395,0.00757,0.94775,0.94880,-0.00665,0.00025,-0.00194,0.00693,0.95407,0.00526,0.00693,3,12268,0,25962,0.13862,0.08745,0.63087,99,1,94.228,136,1,3,2640,195192,0,0,0.000,13.456,37.146,0,0.000,15.241,71.444,0,0,1,0,5
PPG,4,358530,14342750587,131,74700,79776,79485.344,290.656,-17.297,1,0,0,0,78.95,78.95,2,1,528,nan,4,1,24,1,1,2,2,0,0,0,1460665407,0.04272,0.00732,0.95825,0.95923,-0.00612,0.00025,-0.00114,0.00623,0.95923,0.00778,0.00644,3,12205,0,25962,0.13862,0.08745,0.63087,99,1,94.228,136,1,3,4329,195192,0,0,0.000,13.456,37.146,0,159.570,15.241,71.444,1,0,1,0,5
PPG,4,358531,14342790587,128,74718,79816,79488.648,327.352,-43.227,0,0,0,0,78.95,78.95,2,1,528,nan,4,1,24,1,1,3,3,0,0,0,1460704743,0.04248,0.00342,0.95459,0.95554,-0.00638,-0.00215,-0.00114,0.00683,0.95771,0.00808,0.00683,3,12259,0,25962,0.13862,0.08745,0.63087,99,1,94.228,136,1,3,4330,195192,0,0,0.000,13.456,37.146,0,0.000,15.241,71.444,0,0,1,0,5
PPG,4,358532,14342830587,133,74723,79826,79492.023,333.977,-68.664,0,0,0,0,78.95,78.95,2,1,528,nan,4,1,24,1,1,4,4,0,0,0,1460744036,0.04077,0.00415,0.95337,0.95425,-0.00558,-0.00108,-0.00167,0.00593,0.95425,0.00437,0.00593,3,12251,0,25962,0.13862,0.08745,0.63087,99,1,94.228,136,1,3,4335,195192,0,0,0.000,13.456,37.146,0,0.000,15.241,71.444,0,0,1,0,5
PPG,4,358533,14342870587,127,74713,79838,79495.484,342.516,-76.891,0,0,0,0,78.95,78.95,2,1,528,nan,4,1,24,1,1,5,5,0,0,0,1460783343,0.04492,0.00220,0.95459,0.95565,-0.00558,0.00052,-0.00194,0.00593,0.95565,0.00408,0.00593,3,12266,0,25962,0.13862,0.08745,0.63087,99,1,94.228,136,1,3,2624,195192,0,0,0.000,13.456,37.146,0,0.000,15.241,71.444,0,0,1,0,5
PPG,4,358534,14342910587,131,74720,79844,79498.969,345.031,-63.539,0,0,0,0,78.95,78.95,2,1,528,nan,4,1,24,1,1,6,6,0,0,0,1460825229,0.04590,0.00757,0.95044,0.95158,-0.00692,-0.00081,-0.00141,0.00710,0.95158,0.00448,0.00710,3,12234,0,25962,0.13862,0.08745,0.63087,99,1,94.228,136,1,3,4327,195192,0,0,0.000,13.456,37.146,0,0.000,15.241,71.444,0,0,1,0,5
PPG,4,358535,14342950587,129,74750,79873,79502.711,370.289,-44.312,0,0,0,0,78.95,78.95,2,1,528,nan,4,1,24,1,1,7,7,0,0,0,1460864538,0.04492,0.00220,0.95044,0.95150,-0.00665,0.00052,-0.00114,0.00677,0.95691,0.00534,0.00740,3,12264,0,25962,0.13862,0.08745,0.63087,99,1,94.228,136,1,3,4326,195192,0,0,0.000,13.456,37.146,0,0.000,15.241,71.444,0,0,1,0,5
PPG,4,358536,14342990587,136,74798,79950,79507.188,442.812,-22.211,0,0,0,0,78.95,78.95,2,1,528,nan,4,1,24,1,1,8,8,0,0,0,1460920246,0.04419,0.00171,0.96094,0.96195,-0.00665,0.00025,-0.00194,0.00693,0.96195,0.00992,0.00718,4,16360,0,25962,0.13862,0.08745,0.63087,99,1,94.228,136,1,3,16290,195192,0,0,0.000,13.456,37.146,0,0.000,15.241,71.444,0,0,1,0,5
PPG,4,358537,14343030587,130,74855,80048,79512.594,535.406,6.797,0,0,0,0,78.95,78.95,2,1,528,nan,4,1,24,1,1,9,9,0,0,0,1460944855,0.03857,0.00293,0.95215,0.95293,-0.00612,-0.00001,-0.00194,0.00642,0.95293,0.01256,0.00710,2,12294,0,25962,0.13862,0.08745,0.63087,99,1,94.228,136,1,3,4301,195192,0,0,0.000,13.456,37.146,0,0.000,15.241,71.444,0,0,1,0,5
PPG,4,358538,14343070587,182,74922,80155,79519.016,635.984,41.781,0,0,0,0,78.95,78.95,2,1,528,nan,4,1,24,1,1,10,10,0,0,0,1460983872,0.04175,0.00366,0.95337,0.95429,-0.00718,-0.00081,-0.00061,0.00725,0.95429,0.00053,0.00725,3,12140,0,25962,0.13862,0.08745,0.63087,99,1,94.228,136,1,3,4305,195192,0,0,0.000,13.456,37.146,0,0.000,15.241,71.444,0,0,1,0,5
PPG,4,358539,14343110587,128,74984,80208,79525.906,682.094,81.648,0,0,0,0,78.95,78.95,2,1,528,nan,4,1,24,1,1,11,11,0,0,0,1461023112,0.04272,0.00439,0.94922,0.95019,-0.00505,-0.00081,-0.00141,0.00531,0.96257,0.01238,0.00771,3,12121,0,25962,0.13862,0.08745,0.63087,99,1,94.228,136,1,3,2598,195192,0,0,0.000,13.456,37.146,0,0.000,15.241,71.444,0,0,1,0,5
PPG,4,358540,14343150587,130,75027,80249,79533.141,715.859,123.914,0,0,0,0,78.95,78.95,2,1,528,nan,4,1,24,1,1,12,12,0,0,0,1461064686,0.03955,0.00366,0.95581,0.95664,-0.00692,-0.00108,-0.00221,0.00734,0.95664,0.00370,0.00734,3,12114,0,25962,0.13862,0.08745,0.63087,99,1,94.228,136,1,3,4294,195192,0,0,0.000,13.456,37.146,0,0.000,15.241,71.444,0,0,1,0,5
PPG,4,358541,14343190587,129,75061,80311,79540.922,770.078,171.680,0,0,0,0,78.95,78.95,2,1,528,nan,4,1,24,1,1,13,13,0,0,0,1461103726,0.04395,0.00708,0.95117,0.95221,-0.00585,-0.00215,-0.00141,0.00639,0.95836,0.00614,0.00694,3,12178,0,25962,0.13862,0.08745,0.63087,99,1,94.228,136,1,3,2619,195192,0,0,0.000,13.456,37.146,0,0.000,15.241,71.444,0,0,1,0,5
PPG,4,358542,14343230587,130,75055,80284,79548.352,735.648,213.688,0,0,0,0,78.95,78.95,2,1,528,nan,4,1,24,1,1,14,14,0,0,0,1461145285,0.04810,0.00439,0.95557,0.95679,-0.00558,-0.00135,-0.00300,0.00648,0.95679,0.00454,0.00664,3,12110,0,25962,0.13862,0.08745,0.63087,99,1,94.228,136,1,3,4300,195192,0,0,0.000,13.456,37.146,0,0.000,15.241,71.444,0,0,1,0,5
PPG,4,358543,14343270587,130,74943,80110,79553.969,556.031,228.547,0,0,0,0,78.95,78.95,2,1,528,nan,4,1,24,1,1,15,15,0,0,0,1461184285,0.04199,0.00513,0.95459,0.95553,-0.00665,-0.00028,-0.00141,0.00680,0.95817,0.00602,0.00680,3,12112,0,25962,0.13862,0.08745,0.63087,99,1,94.228,136,1,3,4300,195192,0,0,0.000,13.456,37.146,0,0.000,15.241,71.444,0,0,1,0,5
PPG,4,358544,14343310587,146,74779,79953,79557.961,395.039,215.977,0,0,0,0,78.95,78.95,2,1,528,nan,4,1,24,1,1,16,16,0,0,0,1461223311,0.04272,0.00513,0.95459,0.95556,-0.00665,0.00132,-0.00274,0.00731,0.95658,0.00292,0.00731,3,12121,0,25962,0.13862,0.08745,0.63087,99,1,94.228,136,1,3,2608,195192,0,0,0.000,13.456,37.146,0,0.000,15.241,71.444,0,0,1,0,5
PPG,4,358545,14343350587,129,74614,79805,79560.430,244.570,174.477,0,0,0,0,78.95,78.95,2,1,528,nan,4,1,24,1,1,17,17,0,0,0,1461264883,0.04370,0.00830,0.95239,0.95343,-0.00638,-0.00081,-0.00141,0.00659,0.95610,0.00206,0.00659,3,12115,0,25962,0.13862,0.08745,0.63087,99,1,94.228,136,1,3,4294,195192,0,0,0.000,13.456,37.146,0,0.000,15.241,71.444,0,0,1,0,5
PPG,4,358546,14343390587,516,74330,79467,79559.492,-92.492,88.773,0,0,0,0,78.95,78.95,2,1,528,nan,4,0,24,1,1,18,18,0,0,0,1461303872,0.04053,0.00415,0.94873,0.94960,-0.00585,0.00025,-0.00061,0.00589,0.95296,0.00336,0.00651,3,12148,0,25962,0.23471,0.17324,0.73811,100,1,91.547,166,1,3,2602,195192,0,0,0.000,13.456,37.146,0,0.000,15.241,71.444,0,0,1,0,5
PPG,4,358547,14343430587,179,73711,78836,79552.258,-716.258,-67.992,0,0,0,0,78.95,78.95,2,1,528,nan,4,0,24,1,1,19,19,0,0,0,1461345958,0.04395,0.00195,0.95801,0.95902,-0.00638,-0.00161,-0.00114,0.00668,0.95902,0.00601,0.00684,3,12138,0,25962,0.23471,0.17324,0.73811,100,1,91.547,166,1,3,4315,195192,0,0,0.000,13.456,37.146,0,0.000,15.241,71.444,0,0,1,0,5
PPG,4,358548,14343470587,130,73514,78699,79543.727,-844.727,-247.023,0,0,0,0,78.95,78.95,2,1,528,nan,4,0,24,1,1,20,20,0,0,0,1461384984,0.04102,-0.00073,0.94775,0.94864,-0.00638,0.00052,-0.00167,0.00662,0.95747,0.00883,0.00662,3,12119,0,25962,0.23471,0.17324,0.73811,100,1,91.547,166,1,3,4301,195192,0,0,0.000,13.456,37.146,0,0.000,15.241,71.444,0,0,1,0,5
PPG,4,358549,14343510587,129,73602,78793,79536.219,-743.219,-411.617,0,0,0,0,78.95,78.95,2,1,528,nan,4,0,24,1,1,21,21,0,0,0,1461424015,0.03979,0.00195,0.95117,0.95201,-0.00585,-0.00215,-0.00114,0.00634,0.95201,0.00311,0.00642,3,12148,0,25962,0.23471,0.17324,0.73811,100,1,91.547,166,1,3,4303,195192,0,0,0.000,13.456,37.146,0,0.000,15.241,71.444,0,0,1,0,5
PPG,4,358550,14343550587,130,73494,78629,79527.148,-898.148,-565.844,0,0,0,0,78.95,78.95,2,1,528,nan,4,0,24,1,1,22,22,0,0,0,1461462993,0.04297,0.00488,0.95239,0.95337,-0.00585,-0.00161,-0.00114,0.00618,0.95775,0.00575,0.00701,3,12124,0,25962,0.23471,0.17324,0.73811,100,1,91.547,166,1,3,2595,195192,0,0,0.000,13.456,37.146,0,0.000,15.241,71.444,0,0,1,0,5
PPG,4,358551,14343590587,136,73486,78556,79517.438,-961.438,-702.414,1,0,1,0,0.00,nan,1,2,0,nan,4,0,24,1,1,23,23,0,0,0,1461504571,0.04688,0.00098,0.94507,0.94623,-0.00638,-0.00028,-0.00087,0.00645,0.95810,0.01049,0.00645,3,12133,0,25962,0.23471,0.17324,0.73811,100,1,91.547,166,1,2,4316,195192,0,0,190.148,13.456,37.146,1,305.438,15.241,71.444,1,1,1,0,1
PPG,4,358552,14343630587,147,73413,78467,79506.930,-1039.930,-825.609,0,0,0,0,0.00,nan,1,2,0,nan,4,0,24,1,1,24,24,0,0,0,1461544094,0.04077,0.00195,0.95117,0.95205,-0.00585,-0.00001,-0.00114,0.00596,0.95641,0.00563,0.00644,3,12378,0,25962,0.23471,0.17324,0.73811,100,1,91.547,166,1,2,4371,195192,0,0,0.000,13.531,37.462,0,0.000,15.645,73.841,0,0,1,0,1
PPG,4,358553,14343670587,117,73206,78256,79494.422,-1238.422,-919.508,0,0,0,0,0.00,nan,1,2,0,nan,4,0,24,1,1,25,25,0,0,0,1461583317,0.04370,0.00537,0.95215,0.95317,-0.00612,-0.00135,-0.00114,0.00637,0.95409,0.00479,0.00637,3,12152,0,25962,0.23471,0.17324,0.73811,100,1,91.547,166,1,2,2610,195192,0,0,0.000,13.531,37.462,0,0.000,15.645,73.841,0,0,1,0,1
PPG,4,358554,14343710587,117,73040,78087,79480.352,-1393.352,-938.656,0,0,0,0,0.00,nan,1,2,0,nan,4,0,24,1,1,26,26,0,0,0,1461624889,0.04614,0.00537,0.95215,0.95328,-0.00638,-0.00028,-0.00087,0.00645,0.95701,0.00373,0.00724,3,12153,0,25962,0.23471,0.17324,0.73811,100,1,91.547,166,1,2,4343,195192,0,0,0.000,13.531,37.462,0,0.000,15.645,73.841,0,0,1,0,1
PPG,4,358555,14343750587,117,72762,77781,79463.359,-1682.359,-965.203,0,0,0,0,0.00,nan,1,2,0,nan,4,0,24,1,1,27,27,0,0,0,1461663979,0.04541,0.00806,0.95361,0.95473,-0.00585,-0.00028,-0.00114,0.00597,0.96035,0.01652,0.00658,3,12153,0,25962,0.23471,0.17324,0.73811,100,1,91.547,166,1,2,2597,195192,0,0,0.000,13.531,37.462,0,0.000,15.645,73.841,0,0,1,0,1
PPG,4,358556,14343790587,117,72495,77528,79444.008,-1916.008,-1024.812,0,0,0,0,0.00,nan,1,2,0,nan,4,0,24,1,1,28,28,0,0,0,1461705621,0.04565,0.00488,0.95410,0.95521,-0.00638,-0.00081,-0.00114,0.00654,0.95915,0.00941,0.00667,3,12185,0,25962,0.23471,0.17324,0.73811,100,1,91.547,166,1,2,4294,195192,0,0,0.000,13.531,37.462,0,0.000,15.645,73.841,0,0,1,0,1
PPG,4,358557,14343830587,118,72417,77468,79424.250,-1956.250,-1061.672,0,0,0,0,0.00,nan,1,2,0,nan,4,0,24,1,1,29,29,0,0,0,1461744635,0.03979,0.00073,0.95386,0.95469,-0.00638,-0.00055,-0.00034,0.00642,0.95720,0.00251,0.00719,3,12123,0,25962,0.23471,0.17324,0.73811,100,1,91.547,166,1,2,4301,195192,0,0,0.000,13.531,37.462,0,0.000,15.645,73.841,0,0,1,0,1
PPG,4,358558,14343870587,120,72075,77130,79401.305,-2271.305,-1114.141,0,0,0,0,0.00,nan,1,2,0,nan,4,0,24,1,1,30,30,0,0,0,1461783606,0.04370,-0.00024,0.95337,0.95437,-0.00665,-0.00108,-0.00167,0.00694,0.95643,0.00206,0.00694,3,12135,0,25962,0.23471,0.17324,0.73811,100,1,91.547,166,1,2,2599,195192,0,0,0.000,13.531,37.462,0,0.000,15.645,73.841,0,0,1,0,1
PPG,4,358559,14343910587,190,71403,76476,79372.055,-2896.055,-1211.961,0,0,0,0,0.00,nan,1,2,0,nan,4,0,24,1,1,31,31,0,0,0,1461825171,0.03979,0.00342,0.95117,0.95201,-0.00585,-0.00108,-0.00167,0.00618,0.95339,0.00507,0.00680,3,12163,0,25962,0.23471,0.17324,0.73811,100,1,91.547,166,1,2,4345,195192,0,0,0.000,13.531,37.462,0,0.000,15.645,73.841,0,0,1,0,1
PPG,4,358560,14343950587,138,71031,76137,79339.703,-3202.703,-1309.078,0,0,0,0,0.00,nan,1,2,0,nan,4,0,24,1,1,0,0,0,0,0,1461864458,0.04468,0.00635,0.94995,0.95102,-0.00638,-0.00028,-0.00167,0.00661,0.95121,0.00110,0.00661,3,12348,0,25962,0.23471,0.17324,0.73811,100,1,91.547,166,1,2,4323,195192,0,0,0.000,13.531,37.462,0,0.000,15.645,73.841,0,0,1,0,1
PPG,4,358561,14343990587,123,70739,75838,79304.688,-3466.688,-1406.711,0,0,0,0,0.00,nan,1,2,0,nan,4,0,24,1,1,1,1,0,0,0,1461920196,0.04590,0.00195,0.95557,0.95667,-0.00665,-0.00081,-0.00167,0.00691,0.95695,0.00593,0.00691,4,16442,0,25962,0.23471,0.17324,0.73811,100,1,91.547,166,1,2,16368,195192,0,0,0.000,13.531,37.462,0,0.000,15.645,73.841,0,0,1,0,1
PPG,4,358562,14344030587,148,70029,75110,79262.742,-4152.742,-1529.586,0,0,0,0,0.00,nan,1,2,0,nan,4,0,24,1,1,2,2,0,0,0,1461944740,0.04614,0.00220,0.94434,0.94547,-0.00505,-0.00055,-0.00194,0.00544,0.94766,0.00901,0.00560,2,12273,0,25962,0.23471,0.17324,0.73811,100,1,91.547,166,1,2,4314,195192,0,0,0.000,13.531,37.462,0,0.000,15.645,73.841,0,0,1,0,1
PPG,4,358563,14344070587,128,69649,74697,79217.086,-4520.086,-1663.359,0,0,0,0,0.00,nan,1,2,0,nan,4,0,24,1,1,3,3,0,0,0,1461984101,0.04492,0.00586,0.95435,0.95542,-0.00612,0.00132,-0.00141,0.00641,0.95542,0.00493,0.00654,3,12254,0,25962,0.23471,0.17324,0.73811,100,1,91.547,166,1,2,4334,195192,0,0,0.000,13.531,37.462,0,0.000,15.645,73.841,0,0,1,0,1
PPG,4,358564,14344110587,153,69441,74431,79169.227,-4738.227,-1821.117,0,0,0,0,0.00,nan,1,2,0,nan,4,0,24,1,1,4,4,0,0,0,1462023407,0.04077,0.00000,0.95190,0.95278,-0.00532,-0.00028,-0.00221,0.00576,0.95971,0.00598,0.00668,3,12294,0,25962,0.23471,0.17324,0.73811,100,1,91.547,166,1,2,2620,195192,0,0,0.000,13.531,37.462,0,0.000,15.645,73.841,0,0,1,0,1
PPG,4,358565,14344150587,118,69194,74157,79119.102,-4962.102,-1963.438,0,0,0,0,0.00,nan,1,2,0,nan,4,0,24,1,1,5,5,0,0,0,1462065447,0.04468,0.00244,0.94824,0.94930,-0.00479,-0.00001,-0.00061,0.00482,0.95928,0.00650,0.00618,3,12237,0,25962,0.23471,0.17324,0.73811,100,1,91.547,166,1,2,4345,195192,0,0,0.000,13.531,37.462,0,0.000,15.645,73.841,0,0,1,0,1
PPG,4,358566,14344190587,121,68880,73851,79066.422,-5215.422,-2057.641,0,0,0,0,0.00,nan,1,2,0,nan,4,0,24,1,1,6,6,0,0,0,1462104788,0.04150,0.00415,0.95288,0.95379,-0.00532,-0.00028,-0.00247,0.00587,0.95692,0.00799,0.00587,3,12252,0,25962,0.23471,0.17324,0.73811,100,1,91.547,166,1,2,4316,195192,0,0,0.000,13.531,37.462,0,0.000,15.645,73.841,0,0,1,0,1
PPG,4,358567,14344230587,121,68628,73623,79011.984,-5388.984,-2156.133,0,0,0,0,0.00,nan,1,2,0,nan,4,0,24,1,1,7,7,0,0,0,1462144067,0.04150,0.00464,0.94922,0.95014,-0.00612,0.00132,-0.00194,0.00655,0.95458,0.00300,0.00703,3,12264,0,25962,0.23471,0.17324,0.73811,100,1,91.547,166,1,2,2635,195192,0,0,0.000,13.531,37.462,0,0.000,15.645,73.841,0,0,1,0,1
PPG,4,358568,14344270587,123,68576,73617,78958.031,-5341.031,-2219.312,0,0,0,0,0.00,nan,1,2,0,nan,4,0,24,1,1,8,8,0,0,0,1462186010,0.04199,0.00659,0.95288,0.95383,-0.00532,-0.00081,-0.00221,0.00581,0.95383,0.00192,0.00647,3,12239,0,25962,0.23471,0.17324,0.73811,100,1,91.547,166,1,2,4317,195192,0,0,0.000,13.531,37.462,0,0.000,15.645,73.841,0,0,1,0,1
PPG,4,358569,14344310587,120,68385,73503,78903.484,-5400.484,-2184.391,0,0,0,0,0.00,nan,1,2,0,nan,4,0,24,1,1,9,9,0,0,0,1462225237,0.04053,0.00415,0.95361,0.95448,-0.00585,-0.00081,-0.00141,0.00607,0.95448,0.00560,0.00613,3,12238,0,25962,0.23471,0.17324,0.73811,100,1,91.547,166,1,2,4338,195192,0,0,0.000,13.531,37.462,0,0.000,15.645,73.841,0,0,1,0,1
PPG,4,358570,14344350587,119,68288,73458,78849.031,-5391.031,-2102.836,0,0,0,0,0.00,nan,1,2,0,nan,4,0,24,1,1,10,10,0,0,0,1462264460,0.04248,0.00879,0.94580,0.94680,-0.00638,0.00025,-0.00141,0.00654,0.95568,0.00834,0.00654,3,12220,0,25962,0.23471,0.17324,0.73811,100,1,91.547,166,1,2,4343,195192,0,0,0.000,13.531,37.462,0,0.000,15.645,73.841,0,0,1,0,1
PPG,4,358571,14344390587,486,68132,73329,78793.828,-5464.828,-1998.914,0,0,0,0,0.00,nan,1,2,0,nan,4,1,24,1,1,11,11,0,0,0,1462303685,0.04419,0.00610,0.95728,0.95831,-0.00585,-0.00055,-0.00087,0.00594,0.95831,0.01108,0.00648,3,12234,0,25962,2.32233,2.45992,1.05925,-999,0,83.519,-999,0,2,2629,195192,0,0,0.000,13.531,37.462,0,0.000,15.645,73.841,0,0,1,0,1
PPG,4,358572,14344430587,163,68050,73166,78737.547,-5571.547,-1875.438,0,0,0,0,0.00,nan,1,2,0,nan,4,1,24,1,1,12,12,0,0,0,1462345918,0.04419,0.00146,0.95557,0.95659,-0.00612,-0.00055,-0.00141,0.00630,0.95871,0.00241,0.00630,3,12221,0,25962,2.32233,2.45992,1.05925,-999,0,83.519,-999,0,2,4353,195192,0,0,0.000,13.531,37.462,0,0.000,15.645,73.841,0,0,1,0,1
PPG,4,358573,14344470587,120,67926,72944,78679.609,-5735.609,-1739.406,0,0,0,0,0.00,nan,1,2,0,nan,4,1,24,1,1,13,13,0,0,0,1462385279,0.04346,0.00439,0.95386,0.95486,-0.00612,-0.00081,-0.00061,0.00620,0.95486,0.00870,0.00630,3,12241,0,25962,2.32233,2.45992,1.05925,-999,0,83.519,-999,0,2,4334,195192,0,0,0.000,13.531,37.462,0,0.000,15.645,73.841,0,0,1,0,1
PPG,4,358574,14344510587,118,67806,72810,78620.914,-5810.914,-1591.703,0,0,0,0,0.00,nan,1,2,0,nan,4,1,24,1,1,14,14,0,0,0,1462424531,0.04077,0.00171,0.95361,0.95449,-0.00612,-0.00028,-0.00221,0.00651,0.95449,0.00470,0.00651,3,12252,0,25962,2.32233,2.45992,1.05925,-999,0,83.519,-999,0,2,4335,195192,0,0,0.000,13.531,37.462,0,0.000,15.645,73.841,0,0,1,0,1
PPG,4,358575,14344550587,118,68066,73144,78566.148,-5422.148,-1427.422,0,0,0,0,0.00,nan,1,2,0,nan,4,1,24,1,1,15,15,0,0,0,1462463700,0.04614,0.00537,0.96191,0.96304,-0.00612,-0.00055,-0.00114,0.00625,0.96304,0.00662,0.00675,3,12185,0,25962,2.32233,2.45992,1.05925,-999,0,83.519,-999,0,2,2636,195192,0,0,0.000,13.531,37.462,0,0.000,15.645,73.841,0,0,1,0,1
PPG,4,358576,14344590587,183,69056,74295,78523.438,-4228.438,-1152.633,0,0,0,0,0.00,nan,1,2,0,nan,4,1,24,1,1,16,16,0,0,0,1462505424,0.04248,-0.00122,0.95166,0.95261,-0.00638,-0.00108,-0.00141,0.00663,0.95706,0.00597,0.00744,3,12156,0,25962,2.32233,2.45992,1.05925,-999,0,83.519,-999,0,2,4337,195192,0,0,0.000,13.531,37.462,0,0.000,15.645,73.841,0,0,1,0,1
PPG,4,358577,14344630587,118,69938,75282,78491.023,-3209.023,-782.758,0,0,0,0,0.00,nan,1,2,0,nan,4,1,24,1,1,17,17,0,0,0,1462544831,0.03906,0.00220,0.95679,0.95759,-0.00638,-0.00001,-0.00087,0.00644,0.95759,0.00289,0.00649,3,12150,0,25962,2.32233,2.45992,1.05925,-999,0,83.519,-999,0,2,4299,195192,0,0,0.000,13.531,37.462,0,0.000,15.645,73.841,0,0,1,0,1
PPG,4,358578,14344670587,117,70405,75819,78464.305,-2645.305,-361.492,0,0,0,0,0.00,nan,1,2,0,nan,4,1,24,1,1,18,18,0,0,0,1462583755,0.04370,0.00464,0.95508,0.95609,-0.00585,-0.00055,-0.00194,0.00619,0.95719,0.00248,0.00642,3,12116,0,25962,2.32233,2.45992,1.05925,-999,0,83.519,-999,0,2,2594,195192,0,0,0.000,13.531,37.462,0,0.000,15.645,73.841,0,0,1,0,1
PPG,4,358579,14344710587,117,70756,76193,78441.594,-2248.594,85.086,0,0,0,0,0.00,nan,1,2,0,nan,4,1,24,1,1,19,19,0,0,0,1462625306,0.03931,0.00513,0.94922,0.95005,-0.00665,0.00052,-0.00141,0.00682,0.95745,0.00505,0.00682,3,12133,0,25962,2.32233,2.45992,1.05925,-999,0,83.519,-999,0,2,4302,195192,0,0,0.000,13.531,37.462,0,0.000,15.645,73.841,0,0,1,0,1
PPG,4,358580,14344750587,117,71103,76556,78422.734,-1866.734,580.141,0,0,0,0,0.00,nan,1,2,0,nan,4,1,24,1,1,20,20,0,0,0,1462664246,0.04443,0.00586,0.95117,0.95223,-0.00585,-0.00028,-0.00114,0.00597,0.96444,0.01221,0.00780,3,12135,0,25962,2.32233,2.45992,1.05925,-999,0,83.519,-999,0,2,2599,195192,0,0,0.000,13.531,37.462,0,0.000,15.645,73.841,0,0,1,0,1
PPG,4,358581,14344790587,117,71415,76893,78407.438,-1514.438,1110.672,0,0,0,0,0.00,nan,1,2,0,nan,4,1,24,1,1,21,21,0,0,0,1462705772,0.04248,0.00732,0.95142,0.95239,-0.00558,-0.00108,-0.00061,0.00572,0.95391,0.00152,0.00588,3,12124,0,25962,2.32233,2.45992,1.05925,-999,0,83.519,-999,0,2,4306,195192,0,0,0.000,13.531,37.462,0,0.000,15.645,73.841,0,0,1,0,1
PPG,4,358582,14344830587,119,71753,77271,78396.070,-1125.070,1592.188,0,0,0,0,0.00,nan,1,2,0,nan,4,1,24,1,1,22,22,0,0,0,1462744819,0.04346,0.00659,0.95020,0.95121,-0.00665,0.00052,-0.00087,0.00673,0.95523,0.00293,0.00673,3,12164,0,25962,2.32233,2.45992,1.05925,-999,0,83.519,-999,0,2,4300,195192,0,0,0.000,13.531,37.462,0,0.000,15.645,73.841,0,0,1,0,1
PPG,4,358583,14344870587,118,72064,77615,78388.258,-773.258,1920.578,0,0,0,0,0.00,nan,1,2,0,nan,4,1,24,1,1,23,23,0,0,0,1462783790,0.04370,0.00708,0.95435,0.95537,-0.00585,0.00079,-0.00167,0.00614,0.95793,0.00363,0.00771,3,12119,0,25962,2.32233,2.45992,1.05925,-999,0,83.519,-999,0,2,2604,195192,0,0,0.000,13.531,37.462,0,0.000,15.645,73.841,0,0,1,0,1
PPG,4,358584,14344910587,118,72429,78007,78384.445,-377.445,2131.062,0,0,0,0,0.00,nan,1,2,0,nan,4,1,24,1,1,24,24,0,0,0,1462825353,0.03906,0.00464,0.95825,0.95906,-0.00612,-0.00001,-0.00114,0.00622,0.95906,0.00164,0.00635,3,12134,0,25962,2.32233,2.45992,1.05925,-999,0,83.519,-999,0,2,4297,195192,0,0,0.000,13.531,37.462,0,0.000,15.645,73.841,0,0,1,0,1
PPG,4,358585,14344950587,120,72886,78467,78385.273,81.727,2293.852,0,0,0,0,0.00,nan,1,2,0,nan,4,1,24,1,1,25,25,0,0,0,1462864404,0.04224,-0.00171,0.95508,0.95601,-0.00612,-0.00108,-0.00141,0.00637,0.95968,0.00253,0.00637,3,12119,0,25962,2.32233,2.45992,1.05925,-999,0,83.519,-999,0,2,4304,195192,0,0,0.000,13.531,37.462,0,0.000,15.645,73.841,0,0,1,0,1
PPG,4,358586,14344990587,125,73156,78778,78389.203,388.797,2416.789,0,0,0,0,0.00,nan,1,2,0,nan,4,1,24,1,1,26,26,0,0,0,1462922188,0.04199,0.00488,0.94922,0.95016,-0.00505,0.00132,-0.00061,0.00526,0.95449,0.00502,0.00628,4,18844,0,25962,2.32233,2.45992,1.05925,-999,0,83.519,-999,0,2,14475,195192,0,0,0.000,13.531,37.462,0,0.000,15.645,73.841,0,0,1,0,1
PPG,4,358587,14345030587,119,73257,78881,78394.117,486.883,2486.031,0,0,0,0,0.00,nan,1,2,0,nan,4,1,24,1,1,27,27,0,0,0,1462946501,0.04175,0.00488,0.94995,0.95088,-0.00558,-0.00001,-0.00194,0.00591,0.95088,0.00241,0.00601,2,12199,0,25962,2.32233,2.45992,1.05925,-999,0,83.519,-999,0,2,4341,195192,0,0,0.000,13.531,37.462,0,0.000,15.645,73.841,0,0,1,0,1
PPG,4,358588,14345070587,120,73321,78942,78399.594,542.406,2512.492,0,0,0,0,0.00,nan,1,2,0,nan,4,1,24,1,1,28,28,0,0,0,1462985472,0.04395,0.00146,0.94824,0.94926,-0.00585,-0.00001,-0.00114,0.00596,0.95318,0.00392,0.00636,3,12122,0,25962,2.32233,2.45992,1.05925,-999,0,83.519,-999,0,2,4300,195192,0,0,0.000,13.531,37.462,0,0.000,15.645,73.841,0,0,1,0,1
PPG,4,358589,14345110587,151,73416,79040,78406.000,634.000,2488.359,0,0,0,0,0.00,nan,3,2,256,nan,4,1,24,1,1,29,29,0,0,0,1463024373,0.04395,0.00537,0.94995,0.95098,-0.00505,0.00025,-0.00141,0.00525,0.95990,0.01011,0.00654,3,12123,0,25962,2.32233,2.45992,1.05925,-999,0,83.519,-999,0,4,2598,195192,0,0,0.000,13.531,37.462,0,0.000,15.645,73.841,0,0,3,4000,1
PPG,4,358590,14345150587,102,73473,79097,78412.906,684.094,0.000,0,0,0,0,0.00,nan,3,2,256,nan,4,1,24,1,1,30,30,0,0,0,1463065988,0.04199,0.00537,0.95264,0.95358,-0.00532,0.00105,-0.00061,0.00545,0.95941,0.00843,0.00609,3,12115,0,25962,2.32233,2.45992,1.05925,-999,0,83.519,-999,0,4,4299,195192,0,0,0.000,0.750,3.000,0,0.000,0.750,3.000,0,0,3,3960,0
PPG,4,358591,14345190587,99,73499,79131,78420.086,710.914,0.000,0,0,0,0,0.00,nan,3,2,256,nan,4,1,24,1,1,31,31,0,0,0,1463104828,0.04346,0.00806,0.95337,0.95439,-0.00665,-0.00028,-0.00061,0.00668,0.96025,0.00932,0.00668,3,12125,0,25962,2.32233,2.45992,1.05925,-999,0,83.519,-999,0,4,4299,195192,0,0,0.000,0.750,3.000,0,0.000,0.750,3.000,0,0,3,3920,0
PPG,4,358592,14345230587,100,73521,79148,78427.367,720.633,0.000,0,0,0,0,0.00,nan,3,2,256,nan,4,1,24,1,1,0,0,0,0,0,1463143652,0.04224,0.00342,0.95361,0.95455,-0.00612,0.00212,-0.00167,0.00669,0.95549,0.00669,0.00720,3,12106,0,25962,2.32233,2.45992,1.05925,-999,0,83.519,-999,0,4,2600,195192,0,0,0.000,0.750,3.000,0,0.000,0.750,3.000,0,0,3,3880,0
PPG,4,358593,14345270587,98,73574,79207,78435.164,771.836,0.000,0,0,0,0,0.00,nan,3,2,256,nan,4,1,24,1,1,1,1,0,0,0,1463185155,0.04541,0.00098,0.95435,0.95543,-0.00638,0.00052,-0.00221,0.00677,0.95589,0.00193,0.00695,3,12129,0,25962,2.32233,2.45992,1.05925,-999,0,83.519,-999,0,4,4309,195192,0,0,0.000,0.750,3.000,0,0.000,0.750,3.000,0,0,3,3840,0
PPG,4,358594,14345310587,100,73562,79143,78442.242,700.758,0.000,0,0,0,0,0.00,nan,3,2,256,nan,4,1,24,1,1,2,2,0,0,0,1463223987,0.03735,0.00562,0.94507,0.94582,-0.00665,-0.00001,-0.00247,0.00709,0.95318,0.00736,0.00709,3,12122,0,25962,2.32233,2.45992,1.05925,-999,0,83.519,-999,0,4,2596,195192,0,0,0.000,0.750,3.000,0,0.000,0.750,3.000,0,0,3,3800,0
PPG,4,358595,14345350587,99,73577,79086,78448.680,637.320,0.000,0,0,0,0,0.00,nan,3,2,256,nan,4,1,24,1,1,3,3,0,0,0,1463265468,0.04297,0.00562,0.95947,0.96045,-0.00665,-0.00028,-0.00141,0.00680,0.96045,0.01027,0.00695,3,12151,0,25962,2.32233,2.45992,1.05925,-999,0,83.519,-999,0,4,4300,195192,0,0,0.000,0.750,3.000,0,0.000,0.750,3.000,0,0,3,3760,0
PPG,4,358596,14345390587,479,73602,79074,78454.930,619.070,0.000,0,0,0,0,0.00,nan,3,2,256,nan,4,1,24,1,1,4,4,0,0,0,1463304280,0.04541,0.00342,0.94995,0.95104,-0.00638,-0.00028,-0.00034,0.00640,0.96359,0.01536,0.00758,3,12115,0,25962,2.82387,3.00299,1.06343,-999,0,83.414,-999,0,4,2600,195192,0,0,0.000,0.750,3.000,0,0.000,0.750,3.000,0,0,3,3720,0
PPG,4,358597,14345430587,146,73599,79109,78461.469,647.531,0.000,0,0,0,0,0.00,nan,3,2,256,nan,4,1,24,1,1,5,5,0,0,0,1463346124,0.04639,0.00269,0.95166,0.95279,-0.00612,-0.00055,-0.00167,0.00637,0.95849,0.00745,0.00637,3,12112,0,25962,2.82387,3.00299,1.06343,-999,0,83.414,-999,0,4,4294,195192,0,0,0.000,0.750,3.000,0,0.000,0.750,3.000,0,0,3,3680,0
PPG,4,358598,14345470587,100,73641,79166,78468.516,697.484,0.000,0,0,0,0,0.00,nan,3,2,256,nan,4,1,24,1,1,6,6,0,0,0,1463385019,0.04102,0.00366,0.95654,0.95743,-0.00585,-0.00028,-0.00087,0.00592,0.95743,0.00721,0.00719,3,12124,0,25962,2.82387,3.00299,1.06343,-999,0,83.414,-999,0,4,4296,195192,0,0,0.000,0.750,3.000,0,0.000,0.750,3.000,0,0,3,3640,0
PPG,4,358599,14345510587,98,73676,79195,78475.781,719.219,0.000,0,0,0,0,0.00,nan,3,2,256,nan,4,1,24,1,1,7,7,0,0,0,1463423841,0.04614,0.00488,0.95361,0.95474,-0.00638,0.00025,-0.00114,0.00649,0.95474,0.00379,0.00671,3,12110,0,25962,2.82387,3.00299,1.06343,-999,0,83.414,-999,0,4,2601,195192,0,0,0.000,0.750,3.000,0,0.000,0.750,3.000,0,0,3,3600,0
PPG,4,358600,14345550587,100,73650,79197,78482.992,714.008,0.000,0,0,0,0,0.00,nan,3,2,256,nan,4,1,24,1,1,8,8,0,0,0,1463465305,0.03711,0.00415,0.96069,0.96142,-0.00612,-0.00028,-0.00114,0.00623,0.96142,0.01360,0.00623,3,12159,0,25962,2.82387,3.00299,1.06343,-999,0,83.414,-999,0,4,4308,195192,0,0,0.000,0.750,3.000,0,0.000,0.750,3.000,0,0,3,3560,0
PPG,4,358601,14345590587,99,73696,79250,78490.664,759.336,0.000,0,0,0,0,0.00,nan,3,2,256,nan,4,1,24,1,1,9,9,0,0,0,1463504120,0.04028,0.00586,0.94629,0.94716,-0.00612,0.00025,-0.00141,0.00628,0.95360,0.00890,0.00628,3,12108,0,25962,2.82387,3.00299,1.06343,-999,0,83.414,-999,0,4,2598,195192,0,0,0.000,0.750,3.000,0,0.000,0.750,3.000,0,0,3,3520,0
PPG,4,358602,14345630587,100,73755,79311,78498.867,812.133,0.000,0,0,0,0,0.00,nan,3,2,256,nan,4,1,24,1,1,10,10,0,0,0,1463545579,0.04492,0.00415,0.95264,0.95370,-0.00558,-0.00001,-0.00141,0.00576,0.95370,0.00463,0.00734,3,12136,0,25962,2.82387,3.00299,1.06343,-999,0,83.414,-999,0,4,4301,195192,0,0,0.000,0.750,3.000,0,0.000,0.750,3.000,0,0,3,3480,0
PPG,4,358603,14345670587,99,73829,79388,78507.758,880.242,0.000,0,0,0,0,0.00,nan,3,2,256,nan,4,1,24,1,1,11,11,0,0,0,1463584404,0.04224,0.00049,0.94629,0.94723,-0.00558,0.00025,-0.00167,0.00583,0.95720,0.00997,0.00586,3,12121,0,25962,2.82387,3.00299,1.06343,-999,0,83.414,-999,0,4,2595,195192,0,0,0.000,0.750,3.000,0,0.000,0.750,3.000,0,0,3,3440,0
PPG,4,358604,14345710587,100,73871,79448,78517.164,930.836,0.000,0,0,0,0,0.00,nan,3,2,256,nan,4,1,24,1,1,12,12,0,0,0,1463625851,0.04004,0.00562,0.94775,0.94862,-0.00585,0.00025,-0.00114,0.00597,0.95976,0.01115,0.00668,3,12119,0,25962,2.82387,3.00299,1.06343,-999,0,83.414,-999,0,4,4299,195192,0,0,0.000,0.750,3.000,0,0.000,0.750,3.000,0,0,3,3400,0
PPG,4,358605,14345750587,98,73874,79462,78526.609,935.391,0.000,0,0,0,0,0.00,nan,3,2,256,nan,4,1,24,1,1,13,13,0,0,0,1463664729,0.04492,0.00366,0.95020,0.95126,-0.00558,0.00052,-0.00300,0.00636,0.95579,0.00718,0.00655,3,12155,0,25962,2.82387,3.00299,1.06343,-999,0,83.414,-999,0,4,4319,195192,0,0,0.000,0.750,3.000,0,0.000,0.750,3.000,0,0,3,3360,0
PPG,4,358606,14345790587,100,73883,79498,78536.320,961.680,0.000,0,0,0,0,0.00,nan,3,2,256,nan,4,1,24,1,1,14,14,0,0,0,1463703876,0.04297,0.00244,0.94922,0.95019,-0.00585,0.00079,-0.00221,0.00630,0.95725,0.00655,0.00650,3,12117,0,25962,2.82387,3.00299,1.06343,-999,0,83.414,-999,0,4,2601,195192,0,0,0.000,0.750,3.000,0,0.000,0.750,3.000,0,0,3,3320,0
PPG,4,358607,14345830587,98,73949,79568,78546.641,1021.359,0.000,0,0,0,0,0.00,nan,3,2,256,nan,4,1,24,1,1,15,15,0,0,0,1463745386,0.03735,0.00244,0.94946,0.95020,-0.00585,0.00025,-0.00247,0.00636,0.95799,0.00780,0.00673,3,12116,0,25962,2.82387,3.00299,1.06343,-999,0,83.414,-999,0,4,4301,195192,0,0,0.000,0.750,3.000,0,0.000,0.750,3.000,0,0,3,3280,0
PPG,4,358608,14345870587,159,74022,79652,78557.695,1094.305,0.000,0,0,0,0,0.00,nan,3,2,256,nan,4,1,24,1,1,16,16,0,0,0,1463784297,0.04321,-0.00073,0.95093,0.95191,-0.00585,0.00052,-0.00141,0.00604,0.95309,0.00400,0.00714,3,12158,0,25962,2.82387,3.00299,1.06343,-999,0,83.414,-999,0,4,2605,195192,0,0,0.000,0.750,3.000,0,0.000,0.750,3.000,0,0,3,3240,0
PPG,4,358609,14345910587,151,74099,79776,78569.875,1206.125,246.414,0,0,0,0,0.00,nan,3,2,256,nan,4,1,24,1,1,17,17,0,0,0,1463825963,0.04541,0.00684,0.95337,0.95447,-0.00532,0.00079,-0.00194,0.00571,0.95447,0.00149,0.00611,3,12116,0,25962,2.82387,3.00299,1.06343,-999,0,83.414,-999,0,4,4324,195192,0,0,0.000,0.750,3.000,0,0.000,0.750,3.000,0,0,3,3200,0
PPG,4,358610,14345950587,123,74222,79931,78583.484,1347.516,282.289,0,0,0,0,0.00,nan,3,2,256,nan,4,1,24,1,1,18,18,0,0,0,1463865185,0.04248,0.00488,0.95386,0.95482,-0.00585,0.00052,-0.00087,0.00594,0.95482,0.00228,0.00594,3,12136,0,25962,2.82387,3.00299,1.06343,-999,0,83.414,-999,0,4,4303,195192,0,0,0.000,0.750,3.000,0,0.000,0.750,3.000,0,0,3,3160,0
PPG,4,358611,14345990587,126,74341,80066,78598.312,1467.688,323.820,0,0,0,0,0.00,nan,3,2,256,nan,4,1,24,1,1,19,19,0,0,0,1463923566,0.04614,0.00146,0.94922,0.95034,-0.00585,-0.00055,-0.00167,0.00611,0.95627,0.00321,0.00698,4,19017,0,25962,2.82387,3.00299,1.06343,-999,0,83.414,-999,0,4,14618,195192,0,0,0.000,0.750,3.000,0,0.000,0.750,3.000,0,0,3,3120,0
PPG,4,358612,14346030587,116,74417,80141,78613.742,1527.258,371.172,0,0,0,0,0.00,nan,3,2,256,nan,4,1,24,1,1,20,20,0,0,0,1463948082,0.04004,0.00098,0.95068,0.95153,-0.00532,-0.00001,-0.00194,0.00566,0.95698,0.00664,0.00566,2,12287,0,25962,2.82387,3.00299,1.06343,-999,0,83.414,-999,0,4,2617,195192,0,0,0.000,0.750,3.000,0,0.000,0.750,3.000,0,0,3,3080,0
PPG,4,358613,14346070587,122,74482,80188,78629.484,1558.516,420.688,0,0,0,0,0.00,nan,3,2,256,nan,4,1,24,1,1,21,21,0,0,0,1463984702,0.04346,0.00586,0.95215,0.95316,-0.00558,-0.00055,-0.00087,0.00568,0.95316,0.00158,0.00671,3,12262,0,25962,2.82387,3.00299,1.06343,-999,0,83.414,-999,0,4,4313,195192,0,0,0.000,0.750,3.000,0,0.000,0.750,3.000,0,0,3,3040,0
PPG,4,358614,14346110587,130,74518,80231,78645.500,1585.500,461.008,0,0,0,0,0.00,nan,3,2,256,nan,4,1,24,1,1,22,22,0,0,0,1464024052,0.04272,0.00464,0.95020,0.95117,-0.00585,-0.00055,-0.00167,0.00611,0.95670,0.00498,0.00611,3,12265,0,25962,2.82387,3.00299,1.06343,-999,0,83.414,-999,0,4,2628,195192,0,0,0.000,0.750,3.000,0,0.000,0.750,3.000,0,0,3,3000,0
PPG,4,358615,14346150587,124,74573,80278,78661.828,1616.172,490.836,0,0,0,0,0.00,nan,3,2,256,nan,4,1,24,1,1,23,23,0,0,0,1464065966,0.04199,0.00732,0.94995,0.95091,-0.00638,0.00079,-0.00141,0.00658,0.96050,0.00959,0.00666,3,12254,0,25962,2.82387,3.00299,1.06343,-999,0,83.414,-999,0,4,4368,195192,0,0,0.000,0.750,3.000,0,0.000,0.750,3.000,0,0,3,2960,0
PPG,4,358616,14346190587,117,74653,80373,78678.938,1694.062,511.172,0,0,0,0,0.00,nan,3,2,256,nan,4,1,24,1,1,24,24,0,0,0,1464105256,0.04883,0.00586,0.95435,0.95561,-0.00505,0.00105,-0.00141,0.00535,0.95561,0.00348,0.00655,3,12240,0,25962,2.82387,3.00299,1.06343,-999,0,83.414,-999,0,4,4333,195192,0,0,0.000,0.750,3.000,0,0.000,0.750,3.000,0,0,3,2920,0
PPG,4,358617,14346230587,133,74724,80419,78696.336,1722.664,515.391,0,0,0,0,0.00,nan,3,2,256,nan,4,1,24,1,1,25,25,0,0,0,1464144540,0.04541,0.00708,0.95166,0.95277,-0.00585,-0.00001,-0.00141,0.00602,0.95322,0.00310,0.00698,3,12251,0,25962,2.82387,3.00299,1.06343,-999,0,83.414,-999,0,4,2637,195192,0,0,0.000,0.750,3.000,0,0.000,0.750,3.000,0,0,3,2880,0
PPG,4,358618,14346270587,122,74804,80428,78713.656,1714.344,504.000,0,0,0,0,0.00,nan,3,2,256,nan,4,1,24,1,1,26,26,0,0,0,1464186550,0.04077,0.00513,0.95361,0.95450,-0.00505,0.00025,-0.00167,0.00533,0.95450,0.00473,0.00676,3,12309,0,25962,2.82387,3.00299,1.06343,-999,0,83.414,-999,0,4,4341,195192,0,0,0.000,0.750,3.000,0,0.000,0.750,3.000,0,0,3,2840,0
PPG,4,358619,14346310587,120,74865,80475,78731.273,1743.727,487.711,0,0,0,0,0.00,nan,3,2,256,nan,4,1,24,1,1,27,27,0,0,0,1464225742,0.04102,0.00195,0.95483,0.95572,-0.00585,-0.00135,-0.00194,0.00631,0.96005,0.00556,0.00631,3,12201,0,25962,2.82387,3.00299,1.06343,-999,0,83.414,-999,0,4,4316,195192,0,0,0.000,0.750,3.000,0,0.000,0.750,3.000,0,0,3,2800,0
PPG,4,358620,14346350587,120,74909,80499,78748.953,1750.047,467.039,0,0,0,0,0.00,nan,3,2,256,nan,4,1,24,1,1,28,28,0,0,0,1464264940,0.04565,0.00439,0.95557,0.95667,-0.00798,-0.00108,-0.00061,0.00808,0.95667,0.00576,0.00808,3,12221,0,25962,2.82387,3.00299,1.06343,-999,0,83.414,-999,0,4,4334,195192,0,0,0.000,0.750,3.000,0,0.000,0.750,3.000,0,0,3,2760,0
PPG,4,358621,14346390587,496,74887,80486,78766.320,1719.680,441.672,0,0,0,0,0.00,nan,3,2,256,nan,4,1,24,1,1,29,29,0,0,0,1464304237,0.03955,0.00244,0.95117,0.95200,-0.00638,-0.00028,-0.00274,0.00695,0.95786,0.00586,0.00695,3,12236,0,25962,2.85742,2.92382,1.02324,-999,0,84.419,-999,0,4,2624,195192,0,0,0.000,0.750,3.000,0,0.000,0.750,3.000,0,0,3,2720,0
PPG,4,358622,14346430587,162,74866,80436,78783.016,1652.984,407.992,0,0,0,0,0.00,nan,3,2,256,nan,4,1,24,1,1,30,30,0,0,0,1464346532,0.04541,0.00488,0.95044,0.95154,-0.00638,-0.00055,-0.00194,0.00669,0.95874,0.00720,0.00669,3,12257,0,25962,2.85742,2.92382,1.02324,-999,0,84.419,-999,0,4,4319,195192,0,0,0.000,0.750,3.000,0,0.000,0.750,3.000,0,0,3,2680,0
PPG,4,358623,14346470587,120,74874,80422,78799.406,1622.594,363.289,0,0,0,0,0.00,nan,3,2,256,nan,4,1,24,1,1,31,31,0,0,0,1464385820,0.04126,0.00391,0.94824,0.94915,-0.00558,0.00025,-0.00167,0.00583,0.95869,0.00954,0.00626,3,12268,0,25962,2.85742,2.92382,1.02324,-999,0,84.419,-999,0,4,4328,195192,0,0,0.000,0.750,3.000,0,0.000,0.750,3.000,0,0,3,2640,0
PPG,4,358624,14346510587,123,74881,80407,78815.484,1591.516,313.633,0,0,0,0,0.00,nan,3,2,256,nan,4,1,24,1,1,0,0,0,0,0,1464425036,0.04053,0.00269,0.94580,0.94667,-0.00585,-0.00108,-0.00114,0.00606,0.95614,0.00947,0.00606,3,12245,0,25962,2.85742,2.92382,1.02324,-999,0,84.419,-999,0,4,4337,195192,0,0,0.000,0.750,3.000,0,0.000,0.750,3.000,0,0,3,2600,0
PPG,4,358625,14346550587,120,74862,80382,78831.148,1550.852,261.062,0,0,0,0,0.00,nan,3,2,256,nan,4,1,24,1,1,1,1,0,0,0,1464464231,0.04272,0.00757,0.95361,0.95460,-0.00585,-0.00028,-0.00221,0.00626,0.95570,0.00845,0.00656,3,12238,0,25962,2.85742,2.92382,1.02324,-999,0,84.419,-999,0,4,2615,195192,0,0,0.000,0.750,3.000,0,0.000,0.750,3.000,0,0,3,2560,0
PPG,4,358626,14346590587,119,74883,80399,78846.828,1552.172,205.148,0,0,0,0,0.00,nan,3,2,256,nan,4,1,24,1,1,2,2,0,0,0,1464506096,0.03979,0.00293,0.94922,0.95006,-0.00532,-0.00001,-0.00061,0.00535,0.95193,0.00433,0.00601,3,12118,0,25962,2.85742,2.92382,1.02324,-999,0,84.419,-999,0,4,4301,195192,0,0,0.000,0.750,3.000,0,0.000,0.750,3.000,0,0,3,2520,0
PPG,4,358627,14346630587,120,74857,80395,78862.312,1532.688,148.938,0,0,0,0,0.00,nan,3,2,256,nan,4,1,24,1,1,3,3,0,0,0,1464545303,0.04614,-0.00195,0.95410,0.95522,-0.00665,-0.00055,-0.00087,0.00673,0.95522,0.00311,0.00673,3,12122,0,25962,2.85742,2.92382,1.02324,-999,0,84.419,-999,0,4,4305,195192,0,0,0.000,0.750,3.000,0,0.000,0.750,3.000,0,0,3,2480,0
PPG,4,358628,14346670587,117,74883,80419,78877.883,1541.117,101.023,0,0,0,0,0.00,nan,3,2,256,nan,4,1,24,1,1,4,4,0,0,0,1464584382,0.04199,0.00537,0.95166,0.95260,-0.00612,-0.00028,-0.00194,0.00642,0.95394,0.00442,0.00683,3,12139,0,25962,2.85742,2.92382,1.02324,-999,0,84.419,-999,0,4,2595,195192,0,0,0.000,0.750,3.000,0,0.000,0.750,3.000,0,0,3,2440,0
PPG,4,358629,14346710587,118,74884,80441,78893.516,1547.484,68.492,0,0,0,0,0.00,nan,3,2,256,nan,4,1,24,1,1,5,5,0,0,0,1464625917,0.04028,0.00879,0.95142,0.95231,-0.00585,-0.00055,-0.00221,0.00628,0.95735,0.00504,0.00687,3,12127,0,25962,2.85742,2.92382,1.02324,-999,0,84.419,-999,0,4,4307,195192,0,0,0.000,0.750,3.000,0,0.000,0.750,3.000,0,0,3,2400,0
PPG,4,358630,14346750587,116,74904,80473,78909.312,1563.688,48.672,0,0,0,0,0.00,nan,3,2,256,nan,4,1,24,1,1,6,6,0,0,0,1464664806,0.04199,0.00537,0.95020,0.95114,-0.00612,0.00052,-0.00114,0.00624,0.95513,0.00461,0.00624,3,12129,0,25962,2.85742,2.92382,1.02324,-999,0,84.419,-999,0,4,2604,195192,0,0,0.000,0.750,3.000,0,0.000,0.750,3.000,0,0,3,2360,0
PPG,4,358631,14346790587,121,74933,80493,78925.148,1567.852,39.609,0,0,0,0,0.00,nan,3,2,256,nan,4,1,24,1,1,7,7,0,0,0,1464706406,0.04126,0.00586,0.95190,0.95282,-0.00585,-0.00028,-0.00141,0.00602,0.95448,0.00536,0.00628,3,12123,0,25962,2.85742,2.92382,1.02324,-999,0,84.419,-999,0,4,4304,195192,0,0,0.000,0.750,3.000,0,0.000,0.750,3.000,0,0,3,2320,0
PPG,4,358632,14346830587,118,74960,80530,78941.195,1588.805,41.297,0,0,0,0,0.00,nan,3,2,256,nan,4,1,24,1,1,8,8,0,0,0,1464745303,0.04321,0.00830,0.94824,0.94926,-0.00612,-0.00081,-0.00221,0.00655,0.95296,0.00258,0.00703,3,12122,0,25962,2.85742,2.92382,1.02324,-999,0,84.419,-999,0,4,4306,195192,0,0,0.000,0.750,3.000,0,0.000,0.750,3.000,0,0,3,2280,0
PPG,4,358633,14346870587,120,74978,80547,78957.250,1589.750,44.492,0,0,0,0,0.00,nan,3,2,256,nan,4,1,24,1,1,9,9,0,0,0,1464784206,0.04419,0.00049,0.95459,0.95561,-0.00612,-0.00135,-0.00087,0.00632,0.95561,0.00286,0.00699,3,12139,0,25962,2.85742,2.92382,1.02324,-999,0,84.419,-999,0,4,2598,195192,0,0,0.000,0.750,3.000,0,0.000,0.750,3.000,0,0,3,2240,0
PPG,4,358634,14346910587,129,74976,80558,78973.258,1584.742,51.430,0,0,0,0,0.00,nan,3,2,256,nan,4,1,24,1,1,10,10,0,0,0,1464863601,0.04443,0.00513,0.95728,0.95832,-0.00638,-0.00135,-0.00061,0.00655,0.95832,0.00668,0.00738,2,62170,0,25967,2.85742,2.92382,1.02324,-999,0,84.419,-999,0,4,62204,195192,0,0,0.000,0.750,3.000,0,0.000,0.750,3.000,0,0,3,2200,0
PPG,4,358635,14346950587,117,74992,80556,78989.086,1566.914,57.102,0,0,0,0,0.00,nan,3,2,256,nan,4,1,24,1,1,11,11,0,0,0,1464875693,0.04272,0.00415,0.95117,0.95214,-0.00638,-0.00055,-0.00061,0.00644,0.95214,0.00618,0.00644,1,12092,0,25967,2.85742,2.92382,1.02324,-999,0,84.419,-999,0,4,12022,195192,0,0,0.000,0.750,3.000,0,0.000,0.750,3.000,0,0,3,2160,0
PPG,4,358636,14346990587,120,74969,80546,79004.656,1541.344,63.453,0,0,0,0,0.00,nan,3,2,256,nan,4,1,24,1,1,12,12,0,0,0,1464899924,0.04639,0.00342,0.95435,0.95548,-0.00612,-0.00055,-0.00141,0.00630,0.95548,0.00237,0.00630,2,12187,0,25967,2.85742,2.92382,1.02324,-999,0,84.419,-999,0,4,2587,195192,0,0,0.000,0.750,3.000,0,0.000,0.750,3.000,0,0,3,2120,0
PPG,4,358637,14347030587,126,74953,80502,79019.633,1482.367,63.438,0,0,0,0,0.00,nan,3,2,256,nan,4,1,24,1,1,13,13,0,0,0,1464943838,0.04321,0.00293,0.95361,0.95460,-0.00665,-0.00241,-0.00087,0.00713,0.95460,0.00144,0.00713,2,12200,0,25969,2.85742,2.92382,1.02324,-999,0,84.419,-999,0,4,2605,195192,0,0,0.000,0.750,3.000,0,0.000,0.750,3.000,0,0,3,2080,0
PPG,4,358638,14347070587,117,74945,80516,79034.594,1481.406,62.328,0,0,0,0,0.00,nan,3,2,256,nan,4,1,24,1,1,14,14,0,0,0,1464985412,0.04102,0.00146,0.95459,0.95547,-0.00612,-0.00161,-0.00114,0.00643,0.95797,0.01207,0.00648,3,12123,0,25969,2.85742,2.92382,1.02324,-999,0,84.419,-999,0,4,4323,195192,0,0,0.000,0.750,3.000,0,0.000,0.750,3.000,0,0,3,2040,0
PPG,4,358639,14347110587,118,74926,80524,79049.484,1474.516,59.023,0,0,0,0,0.00,nan,3,2,256,nan,4,1,24,1,1,15,15,0,0,0,1465024367,0.04565,0.00562,0.94922,0.95033,-0.00558,-0.00081,-0.00114,0.00576,0.95885,0.01072,0.00648,3,12129,0,25969,2.85742,2.92382,1.02324,-999,0,84.419,-999,0,4,2597,195192,0,0,0.000,0.750,3.000,0,0.000,0.750,3.000,0,0,3,2000,0
PPG,4,358640,14347150587,116,74899,80465,79063.641,1401.359,49.008,0,0,0,0,0.00,nan,3,2,256,nan,4,1,24,1,1,16,16,0,0,0,1465065868,0.04175,0.00439,0.95508,0.95600,-0.00612,-0.00135,-0.00194,0.00656,0.95600,0.00479,0.00713,3,12117,0,25969,2.85742,2.92382,1.02324,-999,0,84.419,-999,0,4,4295,195192,0,0,0.000,0.750,3.000,0,0.000,0.750,3.000,0,0,3,1960,0
PPG,4,358641,14347190587,118,74821,80286,79075.867,1210.133,20.148,0,0,0,0,0.00,nan,3,2,256,nan,4,1,24,1,1,17,17,0,0,0,1465104757,0.04639,0.00488,0.94897,0.95012,-0.00612,-0.00055,-0.00114,0.00625,0.95566,0.00885,0.00625,3,12135,0,25969,2.85742,2.92382,1.02324,-999,0,84.419,-999,0,4,2595,195192,0,0,0.000,0.750,3.000,0,0.000,0.750,3.000,0,0,3,1920,0
PPG,4,358642,14347230587,121,74757,80159,79086.695,1072.305,-22.711,0,0,0,0,0.00,nan,3,2,256,nan,4,1,24,1,1,18,18,0,0,0,1465146235,0.04346,0.00659,0.95532,0.95633,-0.00585,-0.00081,-0.00167,0.00614,0.95648,0.00636,0.00665,3,12120,0,25969,2.85742,2.92382,1.02324,-999,0,84.419,-999,0,4,4298,195192,0,0,0.000,0.750,3.000,0,0.000,0.750,3.000,0,0,3,1880,0
PPG,4,358643,14347270587,118,74730,80158,79097.406,1060.594,-64.938,0,0,0,0,0.00,nan,3,2,256,nan,4,1,24,1,1,19,19,0,0,0,1465185115,0.04248,0.00610,0.95093,0.95190,-0.00612,-0.00108,-0.00247,0.00669,0.95190,0.00797,0.00669,3,12111,0,25969,2.85742,2.92382,1.02324,-999,0,84.419,-999,0,4,4298,195192,0,0,0.000,0.750,3.000,0,0.000,0.750,3.000,0,0,3,1840,0
PPG,4,358644,14347310587,117,74716,80191,79108.344,1082.656,-98.570,0,0,0,0,0.00,nan,3,2,256,nan,4,1,24,1,1,20,20,0,0,0,1465224093,0.04321,0.00000,0.95410,0.95508,-0.00692,-0.00108,-0.00194,0.00726,0.95648,0.00271,0.00740,3,12118,0,25969,2.85742,2.92382,1.02324,-999,0,84.419,-999,0,4,2599,195192,0,0,0.000,0.750,3.000,0,0.000,0.750,3.000,0,0,3,1800,0
PPG,4,358645,14347350587,118,74704,80176,79119.023,1056.977,-136.844,0,0,0,0,0.00,nan,3,2,256,nan,4,1,24,1,1,21,21,0,0,0,1465265585,0.03906,-0.00171,0.95386,0.95466,-0.00612,-0.00055,-0.00141,0.00630,0.96124,0.00616,0.00653,3,12118,0,25969,2.85742,2.92382,1.02324,-999,0,84.419,-999,0,4,4300,195192,0,0,0.000,0.750,3.000,0,0.000,0.750,3.000,0,0,3,1760,0
PPG,4,358646,14347390587,488,74692,80161,79129.445,1031.555,-176.797,0,0,0,0,0.00,nan,3,2,256,nan,4,1,24,1,1,22,22,0,0,0,1465304520,0.04224,0.00952,0.94995,0.95094,-0.00532,-0.00081,-0.00247,0.00592,0.95384,0.00187,0.00592,3,12157,0,25969,2.97118,2.94917,0.99259,-999,0,85.185,-999,0,4,2595,195192,0,0,0.000,0.750,3.000,0,0.000,0.750,3.000,0,0,3,1720,0
PPG,4,358647,14347430587,161,74649,80135,79139.500,995.500,-210.938,0,0,0,0,0.00,nan,3,2,256,nan,4,1,24,1,1,23,23,0,0,0,1465346404,0.04517,0.00220,0.95117,0.95225,-0.00718,0.00052,-0.00167,0.00739,0.95225,0.00412,0.00739,3,12121,0,25969,2.97118,2.94917,0.99259,-999,0,85.185,-999,0,4,4304,195192,0,0,0.000,0.750,3.000,0,0.000,0.750,3.000,0,0,3,1680,0
PPG,4,358648,14347470587,117,74598,80081,79148.914,932.086,-223.328,0,0,0,0,0.00,nan,3,2,256,nan,4,1,24,1,1,24,24,0,0,0,1465385391,0.03638,0.00610,0.95972,0.96043,-0.00585,0.00052,-0.00274,0.00648,0.96043,0.00771,0.00661,3,12124,0,25969,2.97118,2.94917,0.99259,-999,0,85.185,-999,0,4,4311,195192,0,0,0.000,0.750,3.000,0,0.000,0.750,3.000,0,0,3,1640,0
PPG,4,358649,14347510587,118,74576,80047,79157.898,889.102,-219.633,0,0,0,0,0.00,nan,3,2,256,nan,4,1,24,1,1,25,25,0,0,0,1465424391,0.04419,0.00244,0.95386,0.95488,-0.00585,-0.00108,-0.00141,0.00611,0.95634,0.00582,0.00611,3,12124,0,25969,2.97118,2.94917,0.99259,-999,0,85.185,-999,0,4,2595,195192,0,0,0.000,0.750,3.000,0,0.000,0.750,3.000,0,0,3,1600,0
PPG,4,358650,14347550587,116,74564,80027,79166.586,860.414,-216.039,0,0,0,0,0.00,nan,3,2,256,nan,4,1,24,1,1,26,26,0,0,0,1465465868,0.04346,0.00659,0.94995,0.95097,-0.00665,-0.00055,-0.00274,0.00721,0.95696,0.00599,0.00745,3,12116,0,25969,2.97118,2.94917,0.99259,-999,0,85.185,-999,0,4,4294,195192,0,0,0.000,0.750,3.000,0,0.000,0.750,3.000,0,0,3,1560,0
PPG,4,358651,14347590587,118,74561,80036,79175.281,860.719,-215.336,0,0,0,0,0.00,nan,3,2,256,nan,4,1,24,1,1,27,27,0,0,0,1465504756,0.04224,0.00684,0.95361,0.95457,-0.00638,-0.00028,-0.00274,0.00695,0.95530,0.00557,0.00695,3,12139,0,25969,2.97118,2.94917,0.99259,-999,0,85.185,-999,0,4,2599,195192,0,0,0.000,0.750,3.000,0,0.000,0.750,3.000,0,0,3,1520,0
PPG,4,358652,14347630587,119,74550,80051,79184.039,866.961,-209.242,0,0,0,0,0.00,nan,3,2,256,nan,4,1,24,1,1,28,28,0,0,0,1465546246,0.04248,0.00415,0.95337,0.95432,-0.00558,0.00052,-0.00221,0.00603,0.95432,0.00346,0.00712,3,12116,0,25969,2.97118,2.94917,0.99259,-999,0,85.185,-999,0,4,4297,195192,0,0,0.000,0.750,3.000,0,0.000,0.750,3.000,0,0,3,1480,0
PPG,4,358653,14347670587,119,74566,80077,79192.969,884.031,-197.742,0,0,0,0,0.00,nan,3,2,256,nan,4,1,24,1,1,29,29,0,0,0,1465585115,0.04126,0.00513,0.95752,0.95842,-0.00612,0.00025,-0.00087,0.00618,0.95916,0.00506,0.00639,3,12111,0,25969,2.97118,2.94917,0.99259,-999,0,85.185,-999,0,4,2598,195192,0,0,0.000,0.750,3.000,0,0.000,0.750,3.000,0,0,3,1440,0
PPG,4,358654,14347710587,116,74569,80081,79201.852,879.148,-181.609,0,0,0,0,0.00,nan,3,2,256,nan,4,1,24,1,1,30,30,0,0,0,1465626874,0.04272,0.00854,0.95337,0.95436,-0.00612,-0.00055,-0.00114,0.00625,0.95538,0.00581,0.00654,3,12287,0,25969,2.97118,2.94917,0.99259,-999,0,85.185,-999,0,4,4369,195192,0,0,0.000,0.750,3.000,0,0.000,0.750,3.000,0,0,3,1400,0
PPG,4,358655,14347750587,119,74557,80073,79210.562,862.438,-158.602,0,0,0,0,0.00,nan,3,2,256,nan,4,1,24,1,1,31,31,0,0,0,1465665908,0.04272,0.00415,0.95483,0.95580,-0.00718,0.00025,-0.00167,0.00738,0.95799,0.00363,0.00738,3,12175,0,25969,2.97118,2.94917,0.99259,-999,0,85.185,-999,0,4,4335,195192,0,0,0.000,0.750,3.000,0,0.000,0.750,3.000,0,0,3,1360,0
PPG,4,358656,14347790587,116,74555,80083,79219.289,863.711,-130.312,0,0,0,0,0.00,nan,3,2,256,nan,4,1,24,1,1,0,0,0,0,0,1465704876,0.04297,0.00366,0.95508,0.95605,-0.00638,-0.00081,-0.00141,0.00659,0.95605,0.00291,0.00668,3,12121,0,25969,2.97118,2.94917,0.99259,-999,0,85.185,-999,0,4,2602,195192,0,0,0.000,0.750,3.000,0,0.000,0.750,3.000,0,0,3,1320,0
PPG,4,358657,14347830587,117,74557,80085,79227.945,857.055,-101.172,0,0,0,0,0.00,nan,3,2,256,nan,4,1,24,1,1,1,1,0,0,0,1465746503,0.04248,0.00122,0.94995,0.95090,-0.00532,-0.00001,-0.00114,0.00544,0.95234,0.00371,0.00596,3,12138,0,25969,2.97118,2.94917,0.99259,-999,0,85.185,-999,0,4,4297,195192,0,0,0.000,0.750,3.000,0,0.000,0.750,3.000,0,0,3,1280,0
PPG,4,358658,14347870587,115,74553,80098,79236.648,861.352,-71.414,0,0,0,0,0.00,nan,3,2,256,nan,4,1,24,1,1,2,2,0,0,0,1465785625,0.04297,0.00659,0.95410,0.95509,-0.00745,-0.00081,-0.00141,0.00762,0.95509,0.00233,0.00762,3,12131,0,25969,2.97118,2.94917,0.99259,-999,0,85.185,-999,0,4,4295,195192,0,0,0.000,0.750,3.000,0,0.000,0.750,3.000,0,0,3,1240,0
PPG,4,358659,14347910587,117,74569,80120,79245.484,874.516,-41.359,0,0,0,0,0.00,nan,3,2,256,nan,4,1,24,1,1,3,3,0,0,0,1465824790,0.03931,0.00098,0.95239,0.95320,-0.00532,-0.00028,-0.00221,0.00576,0.95801,0.00504,0.00591,3,12320,0,25969,2.97118,2.94917,0.99259,-999,0,85.185,-999,0,4,2629,195192,0,0,0.000,0.750,3.000,0,0.000,0.750,3.000,0,0,3,1200,0
PPG,4,358660,14347950587,117,74565,80106,79254.086,851.914,-19.258,0,0,0,0,0.00,nan,3,2,256,nan,4,1,24,1,1,4,4,0,0,0,1465866642,0.04272,0.00220,0.94629,0.94726,-0.00585,0.00052,-0.00114,0.00598,0.95423,0.00697,0.00607,3,12254,0,25969,2.97118,2.94917,0.99259,-999,0,85.185,-999,0,4,4384,195192,0,0,0.000,0.750,3.000,0,0.000,0.750,3.000,0,0,3,1160,0
PPG,4,358661,14347990587,130,74560,80126,79262.805,863.195,-4.836,0,0,0,0,0.00,nan,3,2,256,nan,4,1,24,1,1,5,5,0,0,0,1465905906,0.04712,0.00049,0.95044,0.95161,-0.00532,-0.00081,-0.00221,0.00581,0.95653,0.00840,0.00611,3,12198,0,25969,2.97118,2.94917,0.99259,-999,0,85.185,-999,0,4,4347,195192,0,0,0.000,0.750,3.000,0,0.000,0.750,3.000,0,0,3,1120,0
PPG,4,358662,14348030587,135,74555,80125,79271.430,853.570,4.289,0,0,0,0,0.00,nan,3,2,256,nan,4,1,24,1,1,6,6,0,0,0,1465945230,0.04199,0.00073,0.95728,0.95820,-0.00532,-0.00108,-0.00167,0.00568,0.95820,0.00333,0.00573,2,12349,0,25970,2.97118,2.94917,0.99259,-999,0,85.185,-999,0,4,4348,195192,0,0,0.000,0.750,3.000,0,0.000,0.750,3.000,0,0,3,1080,0
PPG,4,358663,14348070587,126,74556,80142,79280.133,861.867,13.523,0,0,0,0,0.00,nan,3,2,256,nan,4,1,24,1,1,7,7,0,0,0,1465984548,0.04126,0.00269,0.95288,0.95378,-0.00532,0.00025,-0.00114,0.00544,0.95696,0.01022,0.00639,3,12246,0,25970,2.97118,2.94917,0.99259,-999,0,85.185,-999,0,4,2618,195192,0,0,0.000,0.750,3.000,0,0.000,0.750,3.000,0,0,3,1040,0
PPG,4,358664,14348110587,118,74532,80073,79288.062,784.938,17.711,0,0,0,0,0.00,nan,3,2,256,nan,4,1,24,1,1,8,8,0,0,0,1466026404,0.04443,0.00610,0.94995,0.95101,-0.00558,-0.00001,-0.00141,0.00576,0.95857,0.00756,0.00617,3,12274,0,25970,2.97118,2.94917,0.99259,-999,0,85.185,-999,0,4,4339,195192,0,0,0.000,0.750,3.000,0,0.000,0.750,3.000,0,0,3,1000,0
PPG,4,358665,14348150587,125,74487,79947,79294.648,652.352,7.586,0,0,0,0,0.00,nan,3,2,256,nan,4,1,24,1,1,9,9,0,0,0,1466065690,0.04614,0.00586,0.95215,0.95328,-0.00585,-0.00081,-0.00087,0.00597,0.96042,0.00941,0.00597,3,12224,0,25970,2.97118,2.94917,0.99259,-999,0,85.185,-999,0,4,4320,195192,0,0,0.000,0.750,3.000,0,0.000,0.750,3.000,0,0,3,960,0
PPG,4,358666,14348190587,138,74477,79902,79300.719,601.281,-10.609,0,0,0,0,0.00,nan,3,2,256,nan,4,1,24,1,1,10,10,0,0,0,1466104939,0.04370,0.00513,0.96191,0.96292,-0.00665,0.00079,-0.00327,0.00745,0.96292,0.00617,0.00745,3,12261,0,25970,2.97118,2.94917,0.99259,-999,0,85.185,-999,0,4,2629,195192,0,0,0.000,0.750,3.000,0,0.000,0.750,3.000,0,0,3,920,0
PPG,4,358667,14348230587,118,74469,79926,79306.969,619.031,-25.867,0,0,0,0,0.00,nan,3,2,256,nan,4,1,24,1,1,11,11,0,0,0,1466146930,0.04468,0.00513,0.94678,0.94784,-0.00612,-0.00081,-0.00087,0.00623,0.95349,0.00943,0.00635,3,12250,0,25970,2.97118,2.94917,0.99259,-999,0,85.185,-999,0,4,4330,195192,0,0,0.000,0.750,3.000,0,0.000,0.750,3.000,0,0,3,880,0
PPG,4,358668,14348270587,128,74478,79955,79313.445,641.555,-44.000,0,0,0,0,0.00,nan,3,2,256,nan,4,1,24,1,1,12,12,0,0,0,1466186096,0.04565,0.00366,0.95654,0.95764,-0.00612,0.00025,-0.00167,0.00635,0.95764,0.00670,0.00660,3,12229,0,25970,2.97118,2.94917,0.99259,-999,0,85.185,-999,0,4,4327,195192,0,0,0.000,0.750,3.000,0,0.000,0.750,3.000,0,0,3,840,0
PPG,4,358669,14348310587,119,74472,79942,79319.734,622.266,-64.891,0,0,0,0,0.00,nan,3,2,256,nan,4,1,24,1,1,13,13,0,0,0,1466225330,0.04028,0.00488,0.95776,0.95862,-0.00558,-0.00001,-0.00141,0.00576,0.95862,0.00723,0.00655,3,12262,0,25970,2.97118,2.94917,0.99259,-999,0,85.185,-999,0,4,4335,195192,0,0,0.000,0.750,3.000,0,0.000,0.750,3.000,0,0,3,800,0
PPG,4,358670,14348350587,126,74471,79970,79326.234,643.766,-86.609,0,0,0,0,0.00,nan,3,2,256,nan,4,1,24,1,1,14,14,0,0,0,1466264542,0.04468,0.00171,0.95239,0.95344,-0.00612,0.00052,-0.00167,0.00636,0.95344,0.00712,0.00636,3,12239,0,25970,2.97118,2.94917,0.99259,-999,0,85.185,-999,0,4,2633,195192,0,0,0.000,0.750,3.000,0,0.000,0.750,3.000,0,0,3,760,0
PPG,4,358671,14348390587,486,74485,79980,79332.773,647.227,-97.102,0,0,0,0,0.00,nan,3,2,256,nan,4,1,24,1,1,15,15,0,0,0,1466306307,0.03882,0.00269,0.96094,0.96173,-0.00585,-0.00108,-0.00167,0.00618,0.96173,0.01185,0.00644,3,12221,0,25970,2.19079,2.22864,1.01727,-999,0,84.568,-999,0,4,4327,195192,0,0,0.000,0.750,3.000,0,0.000,0.750,3.000,0,0,3,720,0
PPG,4,358672,14348430587,164,74513,79984,79339.289,644.711,-88.461,0,0,0,0,0.00,nan,3,2,256,nan,4,1,24,1,1,16,16,0,0,0,1466345931,0.04224,-0.00024,0.95313,0.95406,-0.00638,-0.00135,-0.00114,0.00662,0.95533,0.01057,0.00662,3,12239,0,25970,2.19079,2.22864,1.01727,-999,0,84.568,-999,0,4,4344,195192,0,0,0.000,0.750,3.000,0,0.000,0.750,3.000,0,0,3,680,0
PPG,4,358673,14348470587,118,74513,79984,79345.734,638.266,-72.102,0,0,0,0,0.00,nan,3,2,256,nan,4,1,24,1,1,17,17,0,0,0,1466385177,0.04663,0.00342,0.95703,0.95817,-0.00612,0.00025,-0.00114,0.00623,0.95817,0.00746,0.00736,3,12244,0,25970,2.19079,2.22864,1.01727,-999,0,84.568,-999,0,4,2623,195192,0,0,0.000,0.750,3.000,0,0.000,0.750,3.000,0,0,3,640,0
PPG,4,358674,14348510587,118,74499,80006,79352.336,653.664,-56.922,0,0,0,0,0.00,nan,3,2,256,nan,4,1,24,1,1,18,18,0,0,0,1466427087,0.04761,0.00439,0.95166,0.95286,-0.00612,-0.00081,-0.00061,0.00620,0.95621,0.00507,0.00713,3,12344,0,25970,2.19079,2.22864,1.01727,-999,0,84.568,-999,0,4,4331,195192,0,0,0.000,0.750,3.000,0,0.000,0.750,3.000,0,0,3,600,0
PPG,4,358675,14348550587,140,74496,80008,79358.891,649.109,-46.102,0,0,0,0,0.00,nan,3,2,256,nan,4,1,24,1,1,19,19,0,0,0,1466466197,0.04370,0.00439,0.95630,0.95731,-0.00479,-0.00028,-0.00061,0.00483,0.95956,0.00670,0.00668,3,12291,0,25970,2.19079,2.22864,1.01727,-999,0,84.568,-999,0,4,4304,195192,0,0,0.000,0.750,3.000,0,0.000,0.750,3.000,0,0,3,560,0
PPG,4,358676,14348590587,118,74493,80040,79365.703,674.297,-29.953,0,0,0,0,0.00,nan,3,2,256,nan,4,1,24,1,1,20,20,0,0,0,1466505123,0.04858,0.00293,0.95435,0.95559,-0.00505,-0.00028,-0.00087,0.00513,0.95559,0.00784,0.00583,3,12116,0,25970,2.19079,2.22864,1.01727,-999,0,84.568,-999,0,4,2597,195192,0,0,0.000,0.750,3.000,0,0.000,0.750,3.000,0,0,3,520,0
PPG,4,358677,14348630587,118,74511,80030,79372.344,657.656,-18.633,0,0,0,0,0.00,nan,3,2,256,nan,4,1,24,1,1,21,21,0,0,0,1466546703,0.04053,0.00537,0.95337,0.95425,-0.00558,-0.00108,-0.00167,0.00593,0.95916,0.00452,0.00676,3,12170,0,25970,2.19079,2.22864,1.01727,-999,0,84.568,-999,0,4,4302,195192,0,0,0.000,0.750,3.000,0,0.000,0.750,3.000,0,0,3,480,0
PPG,4,358678,14348670587,119,74514,80042,79379.039,662.961,-6.969,0,0,0,0,0.00,nan,3,2,256,nan,4,1,24,1,1,22,22,0,0,0,1466585585,0.04395,0.00342,0.95361,0.95463,-0.00479,0.00052,-0.00141,0.00501,0.95710,0.00247,0.00688,3,12114,0,25970,2.19079,2.22864,1.01727,-999,0,84.568,-999,0,4,4298,195192,0,0,0.000,0.750,3.000,0,0.000,0.750,3.000,0,0,3,440,0
PPG,4,358679,14348710587,198,74509,80059,79385.836,673.164,6.789,0,0,0,0,0.00,nan,3,2,256,nan,4,1,24,1,1,23,23,0,0,0,1466624470,0.04028,0.00439,0.94287,0.94374,-0.00585,-0.00055,-0.00300,0.00660,0.95549,0.00778,0.00714,3,12120,0,25970,2.19079,2.22864,1.01727,-999,0,84.568,-999,0,4,2634,195192,0,0,0.000,0.750,3.000,0,0.000,0.750,3.000,0,0,3,400,0
PPG,4,358680,14348750587,133,74535,80086,79392.836,693.164,22.359,0,0,0,0,0.00,nan,3,2,256,nan,4,1,24,1,1,24,24,0,0,0,1466666246,0.04590,0.00439,0.95459,0.95570,-0.00612,-0.00108,-0.00087,0.00627,0.96384,0.02010,0.00627,3,12133,0,25970,2.19079,2.22864,1.01727,-999,0,84.568,-999,0,4,4297,195192,0,0,0.000,0.750,3.000,0,0.000,0.750,3.000,0,0,3,360,0
PPG,4,358681,14348790587,119,74530,80071,79399.617,671.383,34.398,0,0,0,0,0.00,nan,3,2,256,nan,4,1,24,1,1,25,25,0,0,0,1466705139,0.04565,0.00415,0.95581,0.95691,-0.00558,-0.00028,-0.00114,0.00571,0.95691,0.00141,0.00624,3,12113,0,25970,2.19079,2.22864,1.01727,-999,0,84.568,-999,0,4,2596,195192,0,0,0.000,0.750,3.000,0,0.000,0.750,3.000,0,0,3,320,0
PPG,4,358682,14348830587,118,74516,80077,79406.391,670.609,46.656,0,0,0,0,0.00,nan,3,2,256,nan,4,1,24,1,1,26,26,0,0,0,1466746672,0.04297,0.00659,0.95215,0.95314,-0.00585,-0.00001,-0.00087,0.00592,0.95634,0.00669,0.00592,3,12146,0,25970,2.19079,2.22864,1.01727,-999,0,84.568,-999,0,4,4294,195192,0,0,0.000,0.750,3.000,0,0.000,0.750,3.000,0,0,3,280,0
PPG,4,358683,14348870587,119,74504,80089,79413.219,675.781,56.312,0,0,0,0,0.00,nan,3,2,256,nan,4,1,24,1,1,27,27,0,0,0,1466785567,0.04321,0.00757,0.95093,0.95194,-0.00558,-0.00001,-0.00194,0.00591,0.96013,0.00699,0.00689,3,12134,0,25970,2.19079,2.22864,1.01727,-999,0,84.568,-999,0,4,4299,195192,0,0,0.000,0.750,3.000,0,0.000,0.750,3.000,0,0,3,240,0
PPG,4,358684,14348910587,120,74508,80094,79420.023,673.977,64.398,0,0,0,0,0.00,nan,3,2,256,nan,4,1,24,1,1,28,28,0,0,0,1466824516,0.04297,0.00342,0.94995,0.95093,-0.00532,-0.00108,-0.00087,0.00550,0.95485,0.00497,0.00731,3,12120,0,25970,2.19079,2.22864,1.01727,-999,0,84.568,-999,0,4,2595,195192,0,0,0.000,0.750,3.000,0,0.000,0.750,3.000,0,0,3,200,0
PPG,4,358685,14348950587,119,74514,80097,79426.797,670.203,64.758,0,0,0,0,0.00,nan,3,2,256,nan,4,1,24,1,1,29,29,0,0,0,1466866010,0.04492,0.00659,0.95142,0.95250,-0.00585,-0.00028,-0.00087,0.00592,0.95250,0.00164,0.00623,3,12118,0,25970,2.19079,2.22864,1.01727,-999,0,84.568,-999,0,4,4296,195192,0,0,0.000,0.750,3.000,0,0.000,0.750,3.000,0,0,3,160,0
PPG,4,358686,14348990587,132,74515,80110,79433.625,676.375,61.641,0,0,0,0,0.00,nan,3,2,256,nan,4,1,24,1,1,30,30,0,0,0,1466904899,0.04590,0.00635,0.94995,0.95108,-0.00665,-0.00001,-0.00087,0.00671,0.95324,0.00315,0.00685,3,12121,0,25970,2.19079,2.22864,1.01727,-999,0,84.568,-999,0,4,2595,195192,0,0,0.000,0.750,3.000,0,0.000,34.704,10.109,0,0,3,120,0
PPG,4,358687,14349030587,198,74501,80081,79440.102,640.898,53.180,0,0,0,0,0.00,nan,3,2,256,nan,4,1,24,1,1,31,31,0,0,0,1466946389,0.03833,0.00781,0.95020,0.95100,-0.00505,0.00025,-0.00247,0.00563,0.95125,0.00025,0.00577,2,12348,0,25971,2.19079,2.22864,1.01727,-999,0,84.568,-999,0,4,4358,195192,0,0,0.000,0.750,3.000,0,0.000,34.704,10.109,0,0,3,80,0
PPG,4,358688,14349070587,121,74456,79959,79445.289,513.711,36.977,0,0,0,0,0.00,nan,3,2,256,nan,4,1,24,1,1,0,0,0,0,0,1466985715,0.04102,0.00635,0.95483,0.95574,-0.00638,0.00025,-0.00247,0.00685,0.95574,0.00451,0.00685,3,12118,0,25971,2.19079,2.22864,1.01727,-999,0,84.568,-999,0,4,4300,195192,0,0,0.000,0.750,3.000,0,0.000,34.704,10.109,0,0,3,40,0
PPG,4,358689,14349110587,125,74431,79879,79449.625,429.375,11.844,0,0,0,0,0.00,nan,1,2,1024,nan,4,1,24,1,1,1,1,0,0,0,1467024686,0.04419,0.00537,0.94580,0.94685,-0.00638,0.00025,-0.00194,0.00668,0.95879,0.01194,0.00697,3,12111,0,25971,2.19079,2.22864,1.01727,-999,0,84.568,-999,0,2,2600,195192,0,0,0.000,0.750,3.000,0,0.000,34.704,10.109,0,0,0,0,0
PPG,4,358690,14349150587,155,74415,79874,79453.867,420.133,0.000,0,0,0,0,0.00,nan,1,2,1024,nan,4,1,24,1,1,2,2,0,0,0,1467066236,0.04248,0.00513,0.95361,0.95457,-0.00558,-0.00028,-0.00114,0.00571,0.95509,0.00824,0.00634,3,12131,0,25971,2.19079,2.22864,1.01727,-999,0,84.568,-999,0,2,4306,195192,0,0,0.000,0.750,3.000,0,0.000,0.750,3.000,0,0,0,0,0
PPG,4,358691,14349190587,91,74432,79918,79458.508,459.492,0.000,0,0,0,0,0.00,nan,1,2,1024,nan,4,1,24,1,1,3,3,0,0,0,1467105295,0.04224,0.00537,0.94922,0.95017,-0.00532,-0.00081,-0.00061,0.00541,0.95071,0.00462,0.00690,3,12122,0,25971,2.19079,2.22864,1.01727,-999,0,84.568,-999,0,2,2641,195192,0,0,0.000,0.750,3.000,0,0.000,0.750,3.000,0,0,0,0,0
PPG,4,358692,14349230587,120,74438,79926,79463.180,462.820,0.000,0,0,0,0,0.00,nan,1,2,1024,nan,4,1,24,1,1,4,4,0,0,0,1467146900,0.04443,0.00684,0.95190,0.95297,-0.00585,-0.00055,-0.00087,0.00594,0.95297,0.00131,0.00594,3,12168,0,25971,2.19079,2.22864,1.01727,-999,0,84.568,-999,0,2,4380,195192,0,0,0.000,0.750,3.000,0,0.000,0.750,3.000,0,0,0,0,0
PPG,4,358693,14349270587,92,74420,79933,79467.875,465.125,0.000,0,0,0,0,0.00,nan,1,2,1024,nan,4,1,24,1,1,5,5,0,0,0,1467186306,0.04590,0.00269,0.95410,0.95521,-0.00532,-0.00055,-0.00221,0.00578,0.95559,0.00595,0.00611,3,12266,0,25971,2.19079,2.22864,1.01727,-999,0,84.568,-999,0,2,4335,195192,0,0,0.000,0.750,3.000,0,0.000,0.750,3.000,0,0,0,0,0
PPG,4,358694,14349310587,99,74445,79956,79472.758,483.242,0.000,0,0,0,0,0.00,nan,1,2,1024,nan,4,1,24,1,1,6,6,0,0,0,1467225496,0.03955,0.00269,0.94824,0.94907,-0.00665,-0.00081,-0.00114,0.00680,0.95831,0.00924,0.00680,3,12259,0,25971,2.19079,2.22864,1.01727,-999,0,84.568,-999,0,2,2627,195192,0,0,0.000,0.750,3.000,0,0.000,0.750,3.000,0,0,0,0,0
PPG,4,358695,14349350587,108,74423,79943,79477.461,465.539,0.000,0,0,0,0,0.00,nan,1,2,1024,nan,4,1,24,1,1,7,7,0,0,0,1467267325,0.04150,0.00708,0.95728,0.95820,-0.00558,0.00052,-0.00194,0.00593,0.95820,0.00720,0.00617,3,12240,0,25971,2.19079,2.22864,1.01727,-999,0,84.568,-999,0,2,4342,195192,0,0,0.000,0.750,3.000,0,0.000,0.750,3.000,0,0,0,0,0
PPG,4,358696,14349390587,480,74421,79920,79481.883,438.117,0.000,0,0,0,0,0.00,nan,1,2,1024,nan,4,1,24,1,1,8,8,0,0,0,1467306572,0.04492,-0.00195,0.95557,0.95662,-0.00585,-0.00001,-0.00167,0.00609,0.95721,0.00368,0.00672,3,12273,0,25971,0.41768,0.44442,1.06402,99,1,83.400,65,1,2,4331,195192,0,0,0.000,0.750,3.000,0,0.000,0.750,3.000,0,0,0,0,0
PPG,4,358697,14349430587,139,74423,79934,79486.406,447.594,0.000,0,0,0,0,0.00,nan,1,2,1024,nan,4,1,24,1,1,9,9,0,0,0,1467346218,0.04419,0.00610,0.95605,0.95709,-0.00585,-0.00028,-0.00167,0.00609,0.96151,0.00863,0.00609,3,12305,0,25971,0.41768,0.44442,1.06402,99,1,83.400,65,1,2,4359,195192,0,0,0.000,0.750,3.000,0,0.000,0.750,3.000,0,0,0,0,0
PPG,4,358698,14349470587,99,74435,79948,79491.023,456.977,0.000,0,0,0,0,0.00,nan,1,2,1024,nan,4,1,24,1,1,10,10,0,0,0,1467385495,0.04199,0.00171,0.94995,0.95088,-0.00612,-0.00001,-0.00221,0.00650,0.95710,0.00837,0.00650,3,12262,0,25971,0.41768,0.44442,1.06402,99,1,83.400,65,1,2,2622,195192,0,0,0.000,0.750,3.000,0,0.000,0.750,3.000,0,0,0,0,0
PPG,4,358699,14349510587,100,74437,79958,79495.695,462.305,0.000,0,0,0,0,0.00,nan,1,2,1024,nan,4,1,24,1,1,11,11,0,0,0,1467427215,0.04248,0.00562,0.94727,0.94823,-0.00612,-0.00081,-0.00221,0.00655,0.95154,0.00342,0.00655,3,12212,0,25971,0.41768,0.44442,1.06402,99,1,83.400,65,1,2,4351,195192,0,0,0.000,0.750,3.000,0,0.000,0.750,3.000,0,0,0,0,0
PPG,4,358700,14349550587,105,74440,79977,79500.508,476.492,0.000,0,0,0,0,0.00,nan,1,2,1024,nan,4,1,24,1,1,12,12,0,0,0,1467466450,0.04004,0.00659,0.95630,0.95716,-0.00638,-0.00001,-0.00167,0.00660,0.95716,0.00697,0.00719,3,12241,0,25971,0.41768,0.44442,1.06402,99,1,83.400,65,1,2,4344,195192,0,0,0.000,0.750,3.000,0,0.000,0.750,3.000,0,0,0,0,0
PPG,4,358701,14349590587,102,74444,79975,79505.250,469.750,0.000,0,0,0,0,0.00,nan,1,2,1024,nan,4,1,24,1,1,13,13,0,0,0,1467505554,0.04419,0.00171,0.95361,0.95464,-0.00612,0.00052,-0.00167,0.00636,0.95464,0.00467,0.00636,3,12187,0,25971,0.41768,0.44442,1.06402,99,1,83.400,65,1,2,2627,195192,0,0,0.000,0.750,3.000,0,0.000,0.750,3.000,0,0,0,0,0
PPG,4,358702,14349630587,93,74445,79987,79510.070,476.930,0.000,0,0,0,0,0.00,nan,1,2,1024,nan,4,1,24,1,1,14,14,0,0,0,1467547301,0.04248,0.00366,0.95850,0.95944,-0.00558,0.00025,-0.00167,0.00583,0.95944,0.00534,0.00710,3,12216,0,25971,0.41768,0.44442,1.06402,99,1,83.400,65,1,2,4355,195192,0,0,0.000,0.750,3.000,0,0.000,0.750,3.000,0,0,0,0,0
PPG,4,358703,14349670587,88,74451,80003,79515.000,488.000,0.000,0,0,0,0,0.00,nan,1,2,1024,nan,4,1,24,1,1,15,15,0,0,0,1467586440,0.04199,0.00659,0.95679,0.95773,-0.00505,-0.00028,-0.00114,0.00519,0.95806,0.00363,0.00649,3,12232,0,25971,0.41768,0.44442,1.06402,99,1,83.400,65,1,2,4342,195192,0,0,0.000,0.750,3.000,0,0.000,0.750,3.000,0,0,0,0,0
PPG,4,358704,14349710587,103,74444,79998,79519.828,478.172,0.000,0,0,0,0,0.00,nan,1,2,1024,nan,4,1,24,1,1,16,16,0,0,0,1467625551,0.04565,0.00659,0.95532,0.95644,-0.00638,-0.00001,-0.00247,0.00685,0.95938,0.00294,0.00686,3,12203,0,25971,0.41768,0.44442,1.06402,99,1,83.400,65,1,2,2632,195192,0,0,0.000,0.750,3.000,0,0.000,0.750,3.000,0,0,0,0,0
PPG,4,358705,14349750587,91,74442,80007,79524.703,482.297,0.000,0,0,0,0,0.00,nan,1,2,1024,nan,4,1,24,1,1,17,17,0,0,0,1467667376,0.04126,0.00464,0.95752,0.95842,-0.00532,-0.00028,-0.00221,0.00576,0.95842,0.00374,0.00620,3,12291,0,25971,0.41768,0.44442,1.06402,99,1,83.400,65,1,2,4337,195192,0,0,0.000,0.750,3.000,0,0.000,0.750,3.000,0,0,0,0,0
PPG,4,358706,14349790587,93,74449,80028,79529.734,498.266,0.000,0,0,0,0,0.00,nan,1,2,1024,nan,4,1,24,1,1,18,18,0,0,0,1467706500,0.04468,0.00415,0.95483,0.95589,-0.00665,-0.00028,-0.00167,0.00686,0.95589,0.00504,0.00718,3,12231,0,25971,0.41768,0.44442,1.06402,99,1,83.400,65,1,2,4338,195192,0,0,0.000,0.750,3.000,0,0.000,0.750,3.000,0,0,0,0,0
PPG,4,358707,14349830587,91,74446,80030,79534.734,495.266,0.000,0,0,0,0,0.00,nan,1,2,1024,nan,4,1,24,1,1,19,19,0,0,0,1467745648,0.04492,0.00366,0.95239,0.95346,-0.00638,-0.00055,-0.00114,0.00651,0.95660,0.00527,0.00651,3,12245,0,25971,0.41768,0.44442,1.06402,99,1,83.400,65,1,2,2618,195192,0,0,0.000,0.750,3.000,0,0.000,0.750,3.000,0,0,0,0,0
PPG,4,358708,14349870587,89,74462,80068,79540.070,527.930,0.000,0,0,0,0,0.00,nan,1,2,1024,nan,4,1,24,1,1,20,20,0,0,0,1467787391,0.04395,0.00366,0.95190,0.95293,-0.00612,-0.00135,-0.00114,0.00637,0.95672,0.00789,0.00771,3,12124,0,25971,0.41768,0.44442,1.06402,99,1,83.400,65,1,2,4303,195192,0,0,0.000,0.750,3.000,0,0.000,0.750,3.000,0,0,0,0,0
PPG,4,358709,14349910587,111,74486,80083,79545.500,537.500,57.703,0,0,0,0,0.00,nan,1,2,1024,nan,4,1,24,1,1,21,21,0,0,0,1467826389,0.04370,0.00513,0.95728,0.95829,-0.00585,-0.00001,-0.00194,0.00616,0.95829,0.00402,0.00616,3,12125,0,25971,0.41768,0.44442,1.06402,99,1,83.400,65,1,2,4303,195192,0,0,0.000,0.750,3.000,0,0.000,0.750,3.000,0,0,0,0,0
PPG,4,358710,14349950587,110,74462,79983,79549.875,433.125,49.391,0,0,0,0,0.00,nan,1,2,1024,nan,4,1,24,1,1,22,22,0,0,0,1467865274,0.04224,0.00464,0.95361,0.95456,-0.00585,0.00025,-0.00167,0.00609,0.95776,0.00826,0.00609,3,12150,0,25971,0.41768,0.44442,1.06402,99,1,83.400,65,1,2,2595,195192,0,0,0.000,0.750,3.000,0,0.000,0.750,3.000,0,0,0,0,0
PPG,4,358711,14349990587,112,74439,79909,79553.469,355.531,37.133,0,0,0,0,0.00,nan,1,2,1024,nan,4,1,24,1,1,23,23,0,0,0,1467906779,0.04907,0.00415,0.94946,0.95074,-0.00505,-0.00028,-0.00221,0.00552,0.95356,0.00278,0.00678,3,12112,0,25971,0.41768,0.44442,1.06402,99,1,83.400,65,1,2,4301,195192,0,0,0.000,0.750,3.000,0,0.000,0.750,3.000,0,0,0,0,0
PPG,4,358712,14350030587,133,74450,79916,79557.094,358.906,24.633,0,0,0,0,0.00,nan,1,2,1024,nan,4,1,24,1,1,24,24,0,0,0,1467945471,0.04077,0.00488,0.94800,0.94889,-0.00558,0.00025,-0.00087,0.00566,0.95950,0.01062,0.00566,2,12192,0,25972,0.41768,0.44442,1.06402,99,1,83.400,65,1,2,2598,195192,0,0,0.000,0.750,3.000,0,0.000,0.750,3.000,0,0,0,0,0
PPG,4,358713,14350070587,113,74441,79955,79561.070,393.930,13.102,0,0,0,0,0.00,nan,1,2,1024,nan,4,1,24,1,1,25,25,0,0,0,1467987015,0.04175,0.00415,0.95386,0.95478,-0.00638,-0.00028,-0.00167,0.00661,0.95550,0.00661,0.00661,3,12114,0,25972,0.41768,0.44442,1.06402,99,1,83.400,65,1,2,4295,195192,0,0,0.000,0.750,3.000,0,0.000,0.750,3.000,0,0,0,0,0
PPG,4,358714,14350110587,112,74465,79983,79565.289,417.711,5.039,0,0,0,0,0.00,nan,1,2,1024,nan,4,1,24,1,1,26,26,0,0,0,1468025870,0.03931,0.00024,0.95410,0.95491,-0.00558,-0.00028,-0.00061,0.00562,0.95561,0.00132,0.00607,3,12119,0,25972,0.41768,0.44442,1.06402,99,1,83.400,65,1,2,4297,195192,0,0,0.000,0.750,3.000,0,0.000,0.750,3.000,0,0,0,0,0
PPG,4,358715,14350150587,112,74483,80007,79569.703,437.297,-6.883,0,0,0,0,0.00,nan,1,2,1024,nan,4,1,24,1,1,27,27,0,0,0,1468064737,0.04614,0.00415,0.95679,0.95791,-0.00558,-0.00108,-0.00247,0.00620,0.95791,0.00236,0.00620,3,12134,0,25972,0.41768,0.44442,1.06402,99,1,83.400,65,1,2,2594,195192,0,0,0.000,0.750,3.000,0,0.000,0.750,3.000,0,0,0,0,0
PPG,4,358716,14350190587,118,74484,80021,79574.219,446.781,-20.789,0,1,0,0,0.00,nan,1,2,1024,nan,4,1,24,1,1,28,28,0,0,0,1468106237,0.04517,0.00220,0.95508,0.95615,-0.00612,-0.00081,-0.00141,0.00633,0.95615,0.00745,0.00633,3,12131,0,25972,0.41768,0.44442,1.06402,99,1,83.400,65,1,2,4298,195192,0,0,0.000,0.750,3.000,0,0.000,0.750,3.000,0,0,0,0,0
PPG,4,358717,14350230587,112,74478,79994,79578.414,415.586,-22.211,0,0,0,0,0.00,nan,1,2,1024,nan,4,1,24,1,1,29,29,0,0,0,1468145092,0.04224,0.00586,0.95264,0.95359,-0.00585,-0.00108,-0.00247,0.00644,0.95511,0.00255,0.00724,3,12114,0,25972,0.41768,0.44442,1.06402,99,1,83.400,65,1,2,2599,195192,0,0,0.000,0.750,3.000,0,0.000,0.750,3.000,0,0,0,0,0
PPG,4,358718,14350270587,111,74491,80005,79582.680,422.320,-11.352,0,0,0,0,0.00,nan,1,2,1024,nan,4,1,24,1,1,30,30,0,0,0,1468186613,0.04565,0.00366,0.95728,0.95837,-0.00638,-0.00081,-0.00194,0.00672,0.95837,0.00170,0.00672,3,12118,0,25972,0.41768,0.44442,1.06402,99,1,83.400,65,1,2,4295,195192,0,0,0.000,0.750,3.000,0,0.000,0.750,3.000,0,0,0,0,0
PPG,4,358719,14350310587,125,74490,80021,79587.062,433.938,0.500,0,0,0,0,0.00,nan,1,2,1024,nan,4,1,24,1,1,31,31,0,0,0,1468225487,0.04663,0.00659,0.95337,0.95453,-0.00585,-0.00001,-0.00247,0.00635,0.95718,0.00333,0.00635,3,12121,0,25972,0.41768,0.44442,1.06402,99,1,83.400,65,1,2,2601,195192,0,0,0.000,0.750,3.000,0,0.000,0.750,3.000,0,0,0,0,0
PPG,4,358720,14350350587,111,74509,80066,79591.852,474.148,11.906,0,0,0,0,0.00,nan,1,2,1024,nan,4,1,24,1,1,0,0,0,0,0,1468267050,0.03955,0.00635,0.94897,0.94982,-0.00505,-0.00055,-0.00221,0.00554,0.95217,0.00537,0.00610,3,12120,0,25972,0.41768,0.44442,1.06402,99,1,83.400,65,1,2,4308,195192,0,0,0.000,0.750,3.000,0,0.000,0.750,3.000,0,0,0,0,0
PPG,4,358721,14350390587,507,74530,80103,79596.961,506.039,22.648,0,0,0,0,0.00,nan,1,2,1024,nan,4,1,24,1,1,1,1,0,0,0,1468305958,0.04175,0.00415,0.95190,0.95283,-0.00585,-0.00055,-0.00274,0.00648,0.96122,0.01140,0.00648,3,12126,0,25972,0.23757,0.23537,0.99075,100,1,85.231,115,1,2,4314,195192,0,0,0.000,0.750,3.000,0,0.000,0.750,3.000,0,0,0,0,0
PPG,4,358722,14350430587,155,74557,80144,79602.430,541.570,34.367,0,0,0,0,0.00,nan,1,2,1024,nan,4,1,24,1,1,2,2,0,0,0,1468345246,0.04248,0.00342,0.95459,0.95554,-0.00558,-0.00001,-0.00114,0.00570,0.95554,0.00163,0.00570,3,12112,0,25972,0.23757,0.23537,0.99075,100,1,85.231,115,1,2,2598,195192,0,0,0.000,0.750,3.000,0,0.000,0.750,3.000,0,0,0,0,0
PPG,4,358723,14350470587,111,74557,80142,79607.828,534.172,44.711,0,0,0,0,0.00,nan,1,2,1024,nan,4,1,24,1,1,3,3,0,0,0,1468386811,0.04663,0.00098,0.95850,0.95963,-0.00585,-0.00001,-0.00167,0.00609,0.95963,0.01048,0.00619,3,12122,0,25972,0.23757,0.23537,0.99075,100,1,85.231,115,1,2,4306,195192,0,0,0.000,0.750,3.000,0,0.000,0.750,3.000,0,0,0,0,0
PPG,4,358724,14350510587,110,74569,80165,79613.398,551.602,60.789,0,0,0,0,0.00,nan,1,2,1024,nan,4,1,24,1,1,4,4,0,0,0,1468425701,0.04590,0.00244,0.95239,0.95350,-0.00638,-0.00001,-0.00167,0.00660,0.95790,0.00708,0.00669,3,12126,0,25972,0.23757,0.23537,0.99075,100,1,85.231,115,1,2,2597,195192,0,0,0.000,0.750,3.000,0,0.000,0.750,3.000,0,0,0,0,0
PPG,4,358725,14350550587,113,74572,80162,79618.883,543.117,75.461,0,0,0,0,0.00,nan,1,2,1024,nan,4,1,24,1,1,5,5,0,0,0,1468467186,0.04199,0.00366,0.95313,0.95406,-0.00665,-0.00001,-0.00300,0.00730,0.95406,0.00114,0.00730,3,12125,0,25972,0.23757,0.23537,0.99075,100,1,85.231,115,1,2,4302,195192,0,0,0.000,0.750,3.000,0,0.000,0.750,3.000,0,0,0,0,0
PPG,4,358726,14350590587,110,74557,80162,79624.312,537.688,88.906,0,0,0,0,0.00,nan,1,2,1024,nan,4,1,24,1,1,6,6,0,0,0,1468506117,0.04150,0.00732,0.95117,0.95211,-0.00612,0.00025,-0.00114,0.00623,0.95343,0.00133,0.00683,3,12133,0,25972,0.23757,0.23537,0.99075,100,1,85.231,115,1,2,4299,195192,0,0,0.000,0.750,3.000,0,0.000,0.750,3.000,0,0,0,0,0
PPG,4,358727,14350630587,114,74547,80185,79629.922,555.078,98.156,0,0,0,0,0.00,nan,1,2,1024,nan,4,1,24,1,1,7,7,0,0,0,1468545091,0.04468,0.00220,0.95288,0.95393,-0.00665,-0.00161,-0.00167,0.00704,0.95764,0.00420,0.00704,3,12128,0,25972,0.23757,0.23537,0.99075,100,1,85.231,115,1,2,2599,195192,0,0,0.000,0.750,3.000,0,0.000,0.750,3.000,0,0,0,0,0
PPG,4,358728,14350670587,113,74564,80188,79635.500,552.500,104.297,0,0,0,0,0.00,nan,1,2,1024,nan,4,1,24,1,1,8,8,0,0,0,1468586639,0.04346,0.00122,0.95459,0.95558,-0.00505,-0.00188,-0.00167,0.00564,0.95558,0.00501,0.00717,3,12143,0,25972,0.23757,0.23537,0.99075,100,1,85.231,115,1,2,4297,195192,0,0,0.000,0.750,3.000,0,0.000,0.750,3.000,0,0,0,0,0
PPG,4,358729,14350710587,129,74586,80199,79641.133,557.867,106.359,0,0,0,0,0.00,nan,1,2,1024,nan,4,1,24,1,1,9,9,0,0,0,1468625509,0.04175,0.00537,0.95459,0.95552,-0.00585,0.00025,-0.00087,0.00592,0.95552,0.00744,0.00635,3,12123,0,25972,0.23757,0.23537,0.99075,100,1,85.231,115,1,2,2594,195192,0,0,0.000,0.750,3.000,0,0.000,0.750,3.000,0,0,0,0,0
PPG,4,358730,14350750587,113,74592,80218,79646.898,571.102,105.461,0,0,0,0,0.00,nan,1,2,1024,nan,4,1,24,1,1,10,10,0,0,0,1468666986,0.04492,0.00757,0.95313,0.95421,-0.00612,-0.00108,-0.00087,0.00627,0.95718,0.00294,0.00627,3,12119,0,25972,0.23757,0.23537,0.99075,100,1,85.231,115,1,2,4298,195192,0,0,0.000,0.750,3.000,0,0.000,0.750,3.000,0,0,0,0,0
PPG,4,358731,14350790587,112,74569,80188,79652.312,535.688,94.797,0,0,0,0,0.00,nan,1,2,1024,nan,4,1,24,1,1,11,11,0,0,0,1468705879,0.04272,0.00122,0.95142,0.95238,-0.00718,-0.00135,-0.00167,0.00750,0.95554,0.00581,0.00750,3,12111,0,25972,0.23757,0.23537,0.99075,100,1,85.231,115,1,2,2602,195192,0,0,0.000,0.750,3.000,0,0.000,0.750,3.000,0,0,0,0,0
PPG,4,358732,14350830587,111,74522,80058,79656.367,401.633,72.844,0,0,0,0,0.00,nan,1,2,1024,nan,4,1,24,1,1,12,12,0,0,0,1468747421,0.04248,0.00415,0.95093,0.95189,-0.00532,-0.00001,-0.00061,0.00535,0.95595,0.00357,0.00666,3,12119,0,25972,0.23757,0.23537,0.99075,100,1,85.231,115,1,2,4308,195192,0,0,0.000,0.750,3.000,0,0.000,0.750,3.000,0,0,0,0,0
PPG,4,358733,14350870587,111,74498,79989,79659.695,329.305,46.430,0,0,0,0,0.00,nan,1,2,1024,nan,4,1,24,1,1,13,13,0,0,0,1468786394,0.04224,0.00635,0.95068,0.95164,-0.00558,0.00052,-0.00141,0.00578,0.95594,0.00429,0.00619,3,12202,0,25972,0.23757,0.23537,0.99075,100,1,85.231,115,1,2,4300,195192,0,0,0.000,0.750,3.000,0,0.000,0.750,3.000,0,0,0,0,0
PPG,4,358734,14350910587,110,74509,79996,79663.055,332.945,18.781,0,0,0,0,0.00,nan,1,2,1024,nan,4,1,24,1,1,14,14,0,0,0,1468825246,0.04224,0.00513,0.95459,0.95554,-0.00585,-0.00001,-0.00141,0.00602,0.95562,0.00398,0.00606,3,12117,0,25972,0.23757,0.23537,0.99075,100,1,85.231,115,1,2,2599,195192,0,0,0.000,0.750,3.000,0,0.000,0.750,3.000,0,0,0,0,0
PPG,4,358735,14350950587,110,74525,80020,79666.625,353.375,-5.867,0,0,0,0,0.00,nan,1,2,1024,nan,4,1,24,1,1,15,15,0,0,0,1468866735,0.04199,0.00659,0.95679,0.95773,-0.00718,-0.00135,-0.00114,0.00740,0.95773,0.00255,0.00740,3,12129,0,25972,0.23757,0.23537,0.99075,100,1,85.231,115,1,2,4299,195192,0,0,0.000,0.750,3.000,0,0.000,0.750,3.000,0,0,0,0,0
PPG,4,358736,14350990587,111,74519,80043,79670.391,372.609,-29.258,0,0,0,0,0.00,nan,1,2,1024,nan,4,1,24,1,1,16,16,0,0,0,1468905924,0.04565,0.00098,0.95288,0.95397,-0.00612,-0.00001,-0.00141,0.00628,0.95397,0.00471,0.00701,3,12292,0,25972,0.23757,0.23537,0.99075,100,1,85.231,115,1,2,2644,195192,0,0,0.000,0.750,3.000,0,0.000,0.750,3.000,0,0,0,0,0
PPG,4,358737,14351030587,117,74550,80092,79674.609,417.391,-52.156,0,0,0,0,0.00,nan,1,2,1024,nan,4,1,24,1,1,17,17,0,0,0,1468947354,0.03979,0.00220,0.95190,0.95274,-0.00585,-0.00055,-0.00141,0.00604,0.95797,0.00523,0.00604,2,12259,0,25973,0.23757,0.23537,0.99075,100,1,85.231,115,1,2,4298,195192,0,0,0.000,0.750,3.000,0,0.000,0.750,3.000,0,0,0,0,0
PPG,4,358738,14351070587,110,74556,80103,79678.891,424.109,-69.203,0,0,0,0,0.00,nan,1,2,1024,nan,4,1,24,1,1,18,18,0,0,0,1468986247,0.04443,0.00391,0.95410,0.95514,-0.00558,-0.00081,-0.00061,0.00568,0.95537,0.00421,0.00695,3,12129,0,25973,0.23757,0.23537,0.99075,100,1,85.231,115,1,2,4316,195192,0,0,0.000,0.750,3.000,0,0.000,0.750,3.000,0,0,0,0,0
PPG,4,358739,14351110587,123,74550,80096,79683.062,412.938,-67.523,0,0,0,0,0.00,nan,1,2,1024,nan,4,1,24,1,1,19,19,0,0,0,1469025283,0.04150,0.00269,0.95483,0.95574,-0.00532,-0.00028,-0.00194,0.00567,0.95650,0.00637,0.00567,3,12144,0,25973,0.23757,0.23537,0.99075,100,1,85.231,115,1,2,2600,195192,0,0,0.000,2.352,8.373,0,0.000,0.750,3.000,0,0,0,0,0
PPG,4,358740,14351150587,116,74540,80081,79687.039,393.961,-55.133,0,0,0,0,0.00,nan,1,2,1024,nan,4,1,24,1,1,20,20,0,0,0,1469066870,0.04175,0.00488,0.94897,0.94990,-0.00532,-0.00081,-0.00114,0.00550,0.95092,0.00482,0.00550,3,12138,0,25973,0.23757,0.23537,0.99075,100,1,85.231,115,1,2,4294,195192,0,0,0.000,2.352,8.373,0,0.000,0.750,3.000,0,0,0,0,0
PPG,4,358741,14351190587,115,74544,80081,79690.977,390.023,-41.891,0,0,0,0,0.00,nan,1,2,1024,nan,4,1,24,1,1,21,21,0,0,0,1469105977,0.04541,0.00391,0.94727,0.94836,-0.00558,-0.00001,-0.00061,0.00562,0.95351,0.00515,0.00635,3,12289,0,25973,0.23757,0.23537,0.99075,100,1,85.231,115,1,2,2598,195192,0,0,0.000,2.352,8.373,0,0.000,0.750,3.000,0,0,0,0,0
PPG,4,358742,14351230587,115,74555,80127,79695.336,431.664,-25.750,0,0,0,0,0.00,nan,1,2,1024,nan,4,1,24,1,1,22,22,0,0,0,1469147758,0.04321,0.00513,0.94409,0.94509,-0.00585,-0.00081,-0.00141,0.00607,0.95732,0.00896,0.00628,3,12372,0,25973,0.23757,0.23537,0.99075,100,1,85.231,115,1,2,4314,195192,0,0,0.000,2.352,8.373,0,0.000,0.750,3.000,0,0,0,0,0
PPG,4,358743,14351270587,180,74563,80149,79699.875,449.125,-10.961,0,0,0,0,0.00,nan,1,2,1024,nan,4,1,24,1,1,23,23,0,0,0,1469186968,0.04517,0.00635,0.95532,0.95641,-0.00585,-0.00001,-0.00221,0.00625,0.95641,0.01042,0.00648,3,12247,0,25973,0.23757,0.23537,0.99075,100,1,85.231,115,1,2,4346,195192,0,0,0.000,2.352,8.373,0,0.000,0.750,3.000,0,0,0,0,0
PPG,4,358744,14351310587,116,74562,80143,79704.305,438.695,-2.570,0,0,0,0,0.00,nan,1,2,1024,nan,4,1,24,1,1,24,24,0,0,0,1469226444,0.04395,0.00464,0.95313,0.95415,-0.00585,-0.00135,-0.00141,0.00617,0.95415,0.00680,0.00682,3,12258,0,25973,0.23757,0.23537,0.99075,100,1,85.231,115,1,2,4330,195192,0,0,0.000,2.352,8.373,0,0.000,0.750,3.000,0,0,0,0,0
PPG,4,358745,14351350587,119,74564,80164,79708.898,455.102,6.039,0,0,0,0,0.00,nan,1,2,1024,nan,4,1,24,1,1,25,25,0,0,0,1469265586,0.04199,0.00977,0.95605,0.95703,-0.00558,-0.00028,-0.00167,0.00584,0.95703,0.01072,0.00693,3,12259,0,25973,0.23757,0.23537,0.99075,100,1,85.231,115,1,2,2634,195192,0,0,0.000,2.352,8.373,0,0.000,0.750,3.000,0,0,0,0,0
PPG,4,358746,14351390587,502,74578,80151,79713.320,437.680,14.453,0,0,0,0,0.00,nan,1,2,1024,99.00,0,1,24,1,1,26,26,0,0,0,1469307542,0.04248,0.00171,0.95068,0.95163,-0.00638,0.00025,-0.00167,0.00660,0.95163,0.00715,0.00703,3,12297,0,25973,0.10057,0.06945,0.69062,99,1,92.734,93,1,3,4339,195192,0,0,0.000,2.352,8.373,0,0.000,0.750,3.000,0,0,0,0,0
PPG,4,358747,14351430587,160,74565,80169,79717.875,451.125,27.820,0,0,0,0,0.00,nan,1,2,1024,99.00,0,1,24,1,1,27,27,0,0,0,1469347209,0.04370,0.00171,0.94897,0.94998,-0.00558,-0.00081,-0.00167,0.00589,0.95263,0.00214,0.00611,3,12250,0,25973,0.10057,0.06945,0.69062,99,1,92.734,93,1,3,4337,195192,0,0,0.000,2.352,8.373,0,0.000,0.750,3.000,0,0,0,0,0
PPG,4,358748,14351470587,114,74585,80179,79722.484,456.516,42.273,0,0,0,0,0.00,nan,1,2,1024,99.00,0,1,24,1,1,28,28,0,0,0,1469386540,0.04150,0.00439,0.95215,0.95306,-0.00692,0.00025,-0.00114,0.00701,0.95544,0.00641,0.00701,3,12259,0,25973,0.10057,0.06945,0.69062,99,1,92.734,93,1,3,4318,195192,0,0,0.000,2.352,8.373,0,0.000,0.750,3.000,0,0,0,0,0
PPG,4,358749,14351510587,117,74579,80187,79727.133,459.867,51.438,0,0,0,0,0.00,nan,1,2,1024,99.00,0,1,24,1,1,29,29,0,0,0,1469425789,0.04199,0.00098,0.95874,0.95966,-0.00585,-0.00028,-0.00194,0.00617,0.95966,0.00662,0.00617,3,12273,0,25973,0.10057,0.06945,0.69062,99,1,92.734,93,1,3,2641,195192,0,0,0.000,2.352,8.373,0,0.000,0.750,3.000,0,0,0,0,0
PPG,4,358750,14351550587,115,74571,80195,79731.812,463.188,59.164,0,0,0,0,0.00,nan,1,2,1024,99.00,0,1,24,1,1,30,30,0,0,0,1469467803,0.04639,0.00732,0.95703,0.95818,-0.00692,-0.00081,-0.00114,0.00706,0.95818,0.00785,0.00706,3,12263,0,25973,0.10057,0.06945,0.69062,99,1,92.734,93,1,3,4331,195192,0,0,0.000,2.352,8.373,0,0.000,0.750,3.000,0,0,0,0,0
PPG,4,358751,14351590587,120,74582,80216,79736.656,479.344,68.188,0,0,0,0,0.00,nan,1,2,1024,99.00,0,1,24,1,1,31,31,0,0,0,1469507095,0.04053,0.00342,0.95337,0.95424,-0.00532,-0.00028,-0.00167,0.00558,0.95989,0.00458,0.00679,3,12253,0,25973,0.10057,0.06945,0.69062,99,1,92.734,93,1,3,4329,195192,0,0,0.000,2.352,8.373,0,0.000,0.750,3.000,0,0,0,0,0
PPG,4,358752,14351630587,121,74580,80214,79741.430,472.570,67.539,0,0,0,0,0.00,nan,1,2,1024,99.00,0,1,24,1,1,0,0,0,0,0,1469546314,0.04150,0.00317,0.95264,0.95355,-0.00558,-0.00081,-0.00087,0.00571,0.95631,0.00276,0.00660,3,12206,0,25973,0.10057,0.06945,0.69062,99,1,92.734,93,1,3,4331,195192,0,0,0.000,2.352,8.373,0,0.000,0.750,3.000,0,0,0,0,0
PPG,4,358753,14351670587,121,74592,80230,79746.312,483.688,66.773,0,0,0,0,0.00,nan,1,2,1024,99.00,0,1,24,1,1,1,1,0,0,0,1469585549,0.04248,0.00635,0.95508,0.95604,-0.00585,-0.00028,-0.00087,0.00592,0.95604,0.00410,0.00662,3,12246,0,25973,0.10057,0.06945,0.69062,99,1,92.734,93,1,3,2629,195192,0,0,0.000,2.352,8.373,0,0.000,0.750,3.000,0,0,0,0,0
PPG,4,358754,14351710587,116,74551,80133,79750.180,382.820,54.781,0,0,0,0,0.00,nan,1,2,1024,99.00,0,1,24,1,1,2,2,0,0,0,1469627485,0.04126,0.00317,0.95313,0.95402,-0.00532,0.00025,-0.00194,0.00567,0.95952,0.00549,0.00583,3,12230,0,25973,0.10057,0.06945,0.69062,99,1,92.734,93,1,3,4328,195192,0,0,0.000,2.352,8.373,0,0.000,0.750,3.000,0,0,0,0,0
PPG,4,358755,14351750587,113,74498,80004,79752.719,251.281,30.578,0,0,0,0,0.00,nan,1,2,1024,99.00,0,1,24,1,1,3,3,0,0,0,1469666690,0.04028,0.00342,0.95557,0.95642,-0.00612,-0.00135,-0.00114,0.00637,0.95900,0.01056,0.00637,3,12251,0,25973,0.10057,0.06945,0.69062,99,1,92.734,93,1,3,4326,195192,0,0,0.000,2.352,8.373,0,0.000,0.750,3.000,0,0,0,0,0
PPG,4,358756,14351790587,114,74486,79997,79755.164,241.836,5.742,0,0,0,0,0.00,nan,1,2,1024,99.00,0,1,24,1,1,4,4,0,0,0,1469705915,0.04395,0.00391,0.95190,0.95293,-0.00638,-0.00055,-0.00167,0.00662,0.95692,0.00400,0.00690,3,12255,0,25973,0.10057,0.06945,0.69062,99,1,92.734,93,1,3,2624,195192,0,0,0.000,2.352,8.373,0,0.000,0.750,3.000,0,0,0,0,0
PPG,4,358757,14351830587,114,74500,80012,79757.734,254.266,-16.406,0,0,0,0,0.00,nan,1,2,1024,99.00,0,1,24,1,1,5,5,0,0,0,1469747791,0.04639,0.00293,0.95215,0.95328,-0.00612,-0.00055,-0.00194,0.00644,0.95638,0.00613,0.00668,3,12243,0,25973,0.10057,0.06945,0.69062,99,1,92.734,93,1,3,4335,195192,0,0,0.000,2.352,8.373,0,0.000,0.750,3.000,0,0,0,0,0
PPG,4,358758,14351870587,114,74491,80039,79760.547,278.453,-38.492,0,0,0,0,0.00,nan,1,2,1024,99.00,0,1,24,1,1,6,6,0,0,0,1469786894,0.04590,0.00269,0.94971,0.95082,-0.00558,-0.00055,-0.00167,0.00586,0.95654,0.00572,0.00586,3,12255,0,25973,0.10057,0.06945,0.69062,99,1,92.734,93,1,3,4364,195192,0,0,0.000,2.352,8.373,0,0.000,0.750,3.000,0,0,0,0,0
PPG,4,358759,14351910587,127,74515,80061,79763.555,297.445,-58.602,0,0,0,0,0.00,nan,1,2,1024,99.00,0,1,24,1,1,7,7,0,0,0,1469862139,0.04150,0.00586,0.95190,0.95283,-0.00692,-0.00055,-0.00194,0.00720,0.95361,0.00279,0.00720,2,60602,0,25978,0.10057,0.06945,0.69062,99,1,92.734,93,1,3,60641,195192,0,0,41.336,2.352,8.373,1,0.000,0.750,3.000,0,0,0,0,0
PPG,4,358760,14351950587,112,74523,80081,79766.727,314.273,-79.891,0,0,0,0,0.00,nan,1,2,1024,99.00,0,1,24,1,1,8,8,0,0,0,1469874266,0.04248,0.00391,0.95093,0.95188,-0.00532,-0.00028,-0.00114,0.00545,0.95188,0.00094,0.00545,1,12127,0,25978,0.10057,0.06945,0.69062,99,1,92.734,93,1,3,12047,195192,0,0,0.000,2.352,8.373,0,0.000,0.750,3.000,0,0,0,0,0
PPG,4,358761,14351990587,114,74524,80087,79769.930,317.070,-86.758,0,0,0,0,0.00,nan,1,2,1024,99.00,0,1,24,1,1,9,9,0,0,0,1469910647,0.04370,0.00757,0.96021,0.96123,-0.00505,-0.00028,-0.00167,0.00533,0.96123,0.00568,0.00654,3,12149,0,25978,0.10057,0.06945,0.69062,99,1,92.734,93,1,3,2591,195192,0,0,0.000,2.352,8.373,0,0.000,0.750,3.000,0,0,0,0,0
PPG,4,358762,14352030587,118,74525,80087,79773.102,313.898,-72.898,0,0,0,0,0.00,nan,1,2,1024,99.00,0,1,24,1,1,10,10,0,0,0,1469946768,0.04541,0.00562,0.95337,0.95447,-0.00665,-0.00028,-0.00114,0.00675,0.95447,0.00729,0.00675,2,12182,0,25979,0.10057,0.06945,0.69062,99,1,92.734,93,1,3,4300,195192,0,0,0.000,2.352,8.373,0,0.000,0.750,3.000,0,0,0,0,0
PPG,4,358763,14352070587,114,74533,80077,79776.141,300.859,-57.867,0,0,0,0,0.00,nan,1,2,1024,99.00,0,1,24,1,1,11,11,0,0,0,1469985695,0.04248,0.00049,0.95483,0.95578,-0.00585,-0.00081,-0.00087,0.00597,0.95982,0.00780,0.00695,3,12120,0,25979,0.10057,0.06945,0.69062,99,1,92.734,93,1,3,2598,195192,0,0,0.000,2.352,8.373,0,0.000,0.750,3.000,0,0,0,0,0
PPG,4,358764,14352110587,118,74533,80090,79779.281,310.719,-44.078,0,0,0,0,0.00,nan,1,2,1024,99.00,0,1,24,1,1,12,12,0,0,0,1470027243,0.04517,0.00293,0.94751,0.94859,-0.00692,-0.00135,-0.00061,0.00707,0.95530,0.00500,0.00707,3,12119,0,25979,0.10057,0.06945,0.69062,99,1,92.734,93,1,3,4306,195192,0,0,0.000,2.352,8.373,0,0.000,0.750,3.000,0,0,0,0,0
PPG,4,358765,14352150587,112,74530,80096,79782.445,313.555,-32.539,0,0,0,0,0.00,nan,1,2,1024,99.00,0,1,24,1,1,13,13,0,0,0,1470066121,0.04126,0.00415,0.95898,0.95988,-0.00585,0.00025,-0.00114,0.00597,0.95988,0.01019,0.00708,3,12113,0,25979,0.10057,0.06945,0.69062,99,1,92.734,93,1,3,2597,195192,0,0,0.000,2.352,8.373,0,0.000,0.750,3.000,0,0,0,0,0
PPG,4,358766,14352190587,113,74513,80096,79785.578,310.422,-24.789,0,0,0,0,0.00,nan,1,2,1024,99.00,0,1,24,1,1,14,14,0,0,0,1470107611,0.04614,0.00513,0.95313,0.95426,-0.00532,-0.00055,-0.00087,0.00542,0.95492,0.00823,0.00586,3,12116,0,25979,0.10057,0.06945,0.69062,99,1,92.734,93,1,3,4324,195192,0,0,0.000,2.352,8.373,0,0.000,0.750,3.000,0,0,0,0,0
PPG,4,358767,14352230587,113,74521,80120,79788.922,331.078,-16.758,0,0,0,0,0.00,nan,1,2,1024,99.00,0,1,24,1,1,15,15,0,0,0,1470146546,0.04077,0.00708,0.95337,0.95427,-0.00612,-0.00055,-0.00194,0.00644,0.95579,0.00447,0.00720,3,12120,0,25979,0.10057,0.06945,0.69062,99,1,92.734,93,1,3,4300,195192,0,0,0.000,2.352,8.373,0,0.000,0.750,3.000,0,0,0,0,0
PPG,4,358768,14352270587,113,74520,80144,79792.469,351.531,-6.867,0,0,0,0,0.00,nan,1,2,1024,99.00,0,1,24,1,1,16,16,0,0,0,1470185465,0.04688,0.00391,0.95435,0.95550,-0.00638,-0.00081,-0.00167,0.00665,0.95753,0.00660,0.00712,3,12127,0,25979,0.10057,0.06945,0.69062,99,1,92.734,93,1,3,2599,195192,0,0,0.000,2.352,8.373,0,0.000,0.750,3.000,0,0,0,0,0
PPG,4,358769,14352310587,114,74541,80135,79795.891,339.109,2.586,0,0,0,0,0.00,nan,1,2,1024,99.00,0,1,24,1,1,17,17,0,0,0,1470227103,0.04541,0.00684,0.95410,0.95521,-0.00558,-0.00081,-0.00274,0.00627,0.95521,0.00142,0.00738,3,12182,0,25979,0.10057,0.06945,0.69062,99,1,92.734,93,1,3,4301,195192,0,0,0.000,2.352,8.373,0,0.000,0.750,3.000,0,0,0,0,0
PPG,4,358770,14352350587,112,74518,80140,79799.328,340.672,14.336,0,0,0,0,0.00,nan,1,2,1024,99.00,0,1,24,1,1,18,18,0,0,0,1470265989,0.04468,0.00415,0.95337,0.95442,-0.00558,0.00025,-0.00167,0.00583,0.95581,0.00630,0.00651,3,12113,0,25979,0.10057,0.06945,0.69062,99,1,92.734,93,1,3,2594,195192,0,0,0.000,2.352,8.373,0,0.000,0.750,3.000,0,0,0,0,0
PPG,4,358771,14352390587,588,74539,80166,79802.992,363.008,27.688,0,0,0,0,0.00,nan,1,2,1024,99.00,0,1,24,1,1,19,19,0,0,0,1470307508,0.04419,0.00366,0.94849,0.94952,-0.00558,-0.00081,-0.00167,0.00589,0.95596,0.00644,0.00706,3,12132,0,25979,0.10738,0.06485,0.60390,99,1,94.902,93,1,3,4302,195192,0,0,0.000,2.352,8.373,0,0.000,0.750,3.000,0,0,0,0,0
PPG,4,358772,14352430587,159,74565,80179,79806.750,372.250,41.297,0,0,0,0,0.00,nan,1,2,1024,99.00,0,1,24,1,1,20,20,0,0,0,1470347378,0.04199,0.00415,0.94580,0.94674,-0.00558,-0.00135,-0.00061,0.00578,0.94983,0.00309,0.00578,3,12287,0,25979,0.10738,0.06485,0.60390,99,1,94.902,93,1,3,4295,195192,0,0,0.000,2.352,8.373,0,0.000,0.750,3.000,0,0,0,0,0
PPG,4,358773,14352470587,113,74553,80188,79810.562,377.438,56.539,0,0,0,0,0.00,nan,1,2,1024,99.00,0,1,24,1,1,21,21,0,0,0,1470386342,0.04248,0.00757,0.96021,0.96117,-0.00532,-0.00241,-0.00114,0.00595,0.96117,0.01203,0.00625,3,12134,0,25979,0.10738,0.06485,0.60390,99,1,94.902,93,1,3,2605,195192,0,0,0.000,2.352,8.373,0,0.000,0.750,3.000,0,0,0,0,0
PPG,4,358774,14352510587,113,74568,80223,79814.688,408.312,66.758,0,0,0,0,0.00,nan,1,2,1024,99.00,0,1,24,1,1,22,22,0,0,0,1470427967,0.04199,0.00659,0.94556,0.94651,-0.00585,-0.00081,-0.00167,0.00614,0.95103,0.01014,0.00614,3,12177,0,25979,0.10738,0.06485,0.60390,99,1,94.902,93,1,3,4313,195192,0,0,0.000,2.352,8.373,0,0.000,0.750,3.000,0,0,0,0,0
PPG,4,358775,14352550587,112,74557,80229,79818.828,410.172,67.648,0,0,0,0,0.00,nan,1,2,1024,99.00,0,1,24,1,1,23,23,0,0,0,1470467102,0.04224,0.00659,0.95776,0.95872,-0.00612,-0.00028,-0.00061,0.00615,0.96013,0.00893,0.00649,3,12118,0,25979,0.10738,0.06485,0.60390,99,1,94.902,93,1,3,4296,195192,0,0,0.000,2.352,8.373,0,0.000,0.750,3.000,0,0,0,0,0
PPG,4,358776,14352590587,179,74540,80238,79823.023,414.977,70.312,0,1,0,0,0.00,nan,1,2,1024,99.00,0,1,24,1,1,24,24,0,0,0,1470506113,0.04395,0.00146,0.95679,0.95780,-0.00612,-0.00028,-0.00221,0.00651,0.95780,0.00833,0.00651,3,12122,0,25979,0.10738,0.06485,0.60390,99,1,94.902,93,1,3,2599,195192,0,0,0.000,2.352,8.373,0,0.000,0.750,3.000,0,0,0,0,0
PPG,4,358777,14352630587,137,74514,80149,79826.281,322.719,64.750,0,0,0,0,0.00,nan,1,2,0,99.00,0,1,24,1,1,25,25,0,0,0,1470548316,0.04102,0.00317,0.95654,0.95743,-0.00692,0.00052,-0.00141,0.00708,0.95743,0.00606,0.00708,3,12248,0,25979,0.10738,0.06485,0.60390,99,1,94.902,93,1,3,4339,195192,0,0,0.000,2.352,8.373,0,0.000,61.688,2.381,0,0,1,0,0
PPG,4,358778,14352670587,116,74487,80048,79828.500,219.500,47.438,0,0,0,0,0.00,nan,1,2,0,99.00,0,1,24,1,1,26,26,0,0,0,1470587698,0.04102,0.00586,0.95093,0.95183,-0.00532,-0.00001,-0.00194,0.00566,0.95518,0.00244,0.00616,3,12274,0,25979,0.10738,0.06485,0.60390,99,1,94.902,93,1,3,4336,195192,0,0,0.000,2.352,8.373,0,0.000,61.688,2.381,0,0,1,0,0
PPG,4,358779,14352710587,144,74493,80047,79830.688,216.312,29.289,0,0,0,0,0.00,nan,1,2,0,99.00,0,1,24,1,1,27,27,0,0,0,1470626976,0.04443,0.00415,0.95532,0.95636,-0.00665,-0.00135,-0.00194,0.00706,0.95636,0.00510,0.00706,3,12248,0,25979,0.10738,0.06485,0.60390,99,1,94.902,93,1,3,4365,195192,0,0,0.000,2.352,8.373,0,0.000,61.688,2.381,0,0,1,0,0
PPG,4,358780,14352750587,140,74504,80077,79833.148,243.852,13.633,0,0,0,0,0.00,nan,1,2,0,99.00,0,1,24,1,1,28,28,0,0,0,1470666460,0.04053,0.00391,0.95264,0.95351,-0.00532,0.00052,-0.00114,0.00546,0.96016,0.00892,0.00676,3,12256,0,25979,0.10738,0.06485,0.60390,99,1,94.902,93,1,3,2627,195192,0,0,0.000,2.352,8.373,0,0.000,61.688,2.381,0,0,1,0,0
PPG,4,358781,14352790587,118,74534,80105,79835.867,269.133,-4.133,0,0,0,0,0.00,nan,1,2,0,99.00,0,1,24,1,1,29,29,0,0,0,1470708436,0.04102,0.00171,0.95337,0.95425,-0.00585,0.00105,-0.00194,0.00625,0.95850,0.00538,0.00636,3,12270,0,25979,0.10738,0.06485,0.60390,99,1,94.902,93,1,3,4344,195192,0,0,0.000,2.352,8.373,0,0.000,61.688,2.381,0,0,1,0,0
PPG,4,358782,14352830587,114,74530,80114,79838.648,275.352,-21.906,0,0,0,0,0.00,nan,1,2,0,99.00,0,1,24,1,1,30,30,0,0,0,1470747819,0.04419,-0.00195,0.95117,0.95220,-0.00585,-0.00001,-0.00247,0.00635,0.95573,0.00616,0.00719,3,12259,0,25979,0.10738,0.06485,0.60390,99,1,94.902,93,1,3,4331,195192,0,0,0.000,2.352,8.373,0,0.000,61.688,2.381,0,0,1,0,0
PPG,4,358783,14352870587,122,74563,80160,79841.859,318.141,-37.203,0,0,0,0,0.00,nan,1,2,0,99.00,0,1,24,1,1,31,31,0,0,0,1470787052,0.04395,0.00610,0.95410,0.95513,-0.00665,-0.00081,-0.00114,0.00680,0.95621,0.00401,0.00680,3,12236,0,25979,0.10738,0.06485,0.60390,99,1,94.902,93,1,3,4328,195192,0,0,63.875,2.352,8.373,1,0.000,61.688,2.381,0,0,1,0,0
PPG,4,358784,14352910587,127,74552,80162,79845.062,316.938,-38.938,0,0,0,0,0.00,nan,1,2,0,99.00,0,1,24,1,1,0,0,0,0,0,1470826443,0.04272,0.00464,0.95435,0.95531,-0.00532,-0.00055,-0.00194,0.00569,0.95531,0.00746,0.00678,3,12234,0,25979,0.10738,0.06485,0.60390,99,1,94.902,93,1,3,2641,195192,0,0,0.000,2.352,8.373,0,0.000,61.688,2.381,0,0,1,0,0
PPG,4,358785,14352950587,120,74553,80166,79848.273,317.727,-25.586,0,0,0,0,0.00,nan,1,2,0,99.00,0,1,24,1,1,1,1,0,0,0,1470868395,0.04321,0.00757,0.95264,0.95365,-0.00665,0.00025,-0.00221,0.00701,0.95365,0.00758,0.00701,3,12202,0,25979,0.10738,0.06485,0.60390,99,1,94.902,93,1,3,4350,195192,0,0,0.000,2.352,8.373,0,0.000,61.688,2.381,0,0,1,0,0
PPG,4,358786,14352990587,116,74538,80149,79851.281,297.719,-13.664,0,0,0,0,0.00,nan,1,2,0,99.00,0,1,24,1,1,2,2,0,0,0,1470907686,0.04224,0.00415,0.94897,0.94992,-0.00638,-0.00188,-0.00114,0.00675,0.95753,0.00639,0.00675,3,12240,0,25979,0.10738,0.06485,0.60390,99,1,94.902,93,1,3,4333,195192,0,0,0.000,2.352,8.373,0,0.000,61.688,2.381,0,0,1,0,0
PPG,4,358787,14353030587,126,74566,80181,79854.578,326.422,-1.859,0,0,0,0,0.00,nan,1,2,0,99.00,0,1,24,1,1,3,3,0,0,0,1470951380,0.04468,0.00000,0.95532,0.95637,-0.00745,-0.00001,-0.00300,0.00803,0.95637,0.00437,0.00803,3,12274,0,25979,0.10738,0.06485,0.60390,99,1,94.902,93,1,3,2616,195192,0,0,0.000,2.352,8.373,0,0.000,61.688,2.381,0,0,1,0,0
PPG,4,358788,14353070587,121,74570,80189,79857.922,331.078,7.891,0,0,0,0,0.00,nan,1,2,0,99.00,0,1,24,1,1,4,4,0,0,0,1470988062,0.04565,-0.00122,0.95435,0.95544,-0.00558,-0.00001,-0.00194,0.00591,0.95544,0.00495,0.00591,3,12233,0,25979,0.10738,0.06485,0.60390,99,1,94.902,93,1,3,4316,195192,0,0,0.000,2.352,8.373,0,0.000,61.688,2.381,0,0,1,0,0
PPG,4,358789,14353110587,120,74567,80204,79861.383,342.617,17.297,0,0,0,0,0.00,nan,1,2,0,99.00,0,1,24,1,1,5,5,0,0,0,1471027329,0.04346,0.00488,0.95288,0.95388,-0.00692,0.00052,-0.00167,0.00713,0.95388,0.00317,0.00752,3,12233,0,25979,0.10738,0.06485,0.60390,99,1,94.902,93,1,3,4331,195192,0,0,0.000,2.352,8.373,0,0.000,61.688,2.381,0,0,1,0,0
PPG,4,358790,14353150587,122,74576,80225,79865.016,359.984,22.336,0,0,0,0,0.00,nan,1,2,0,99.00,0,1,24,1,1,6,6,0,0,0,1471066590,0.04517,0.00684,0.95093,0.95202,-0.00638,-0.00001,-0.00247,0.00685,0.95436,0.00317,0.00685,3,12215,0,25979,0.10738,0.06485,0.60390,99,1,94.902,93,1,3,2629,195192,0,0,0.000,2.352,8.373,0,0.000,61.688,2.381,0,0,1,0,0
PPG,4,358791,14353190587,129,74584,80225,79868.617,356.383,28.391,0,0,0,0,0.00,nan,1,2,0,99.00,0,1,24,1,1,7,7,0,0,0,1471108493,0.04517,0.00366,0.94678,0.94786,-0.00505,0.00158,-0.00087,0.00537,0.95705,0.00918,0.00664,3,12247,0,25979,0.10738,0.06485,0.60390,99,1,94.902,93,1,3,4336,195192,0,0,0.000,2.352,8.373,0,0.000,61.688,2.381,0,0,1,0,0
PPG,4,358792,14353230587,117,74581,80244,79872.367,371.633,36.281,0,0,0,0,0.00,nan,1,2,0,99.00,0,1,24,1,1,8,8,0,0,0,1471147758,0.04492,0.00317,0.95459,0.95565,-0.00692,-0.00001,-0.00087,0.00697,0.95565,0.00404,0.00697,3,12153,0,25979,0.10738,0.06485,0.60390,99,1,94.902,93,1,3,4297,195192,0,0,0.000,2.352,8.373,0,0.000,61.688,2.381,0,0,1,0,0
PPG,4,358793,14353270587,120,74600,80244,79876.086,367.914,47.047,0,0,0,0,0.00,nan,1,2,0,99.00,0,1,24,1,1,9,9,0,0,0,1471186962,0.04639,-0.00024,0.95435,0.95547,-0.00558,-0.00055,-0.00114,0.00573,0.95582,0.00151,0.00654,3,12124,0,25979,0.10738,0.06485,0.60390,99,1,94.902,93,1,3,4306,195192,0,0,0.000,2.352,8.373,0,0.000,61.688,2.381,0,0,1,0,0
PPG,4,358794,14353310587,116,74581,80230,79879.625,350.375,53.703,0,0,0,0,0.00,nan,1,2,0,99.00,0,1,24,1,1,10,10,0,0,0,1471225912,0.04175,0.00366,0.95142,0.95234,-0.00638,-0.00001,-0.00141,0.00654,0.95954,0.00535,0.00654,3,12122,0,25979,0.10738,0.06485,0.60390,99,1,94.902,93,1,3,2595,195192,0,0,0.000,2.352,8.373,0,0.000,61.688,2.381,0,0,1,0,0
PPG,4,358795,14353350587,127,74575,80248,79883.312,364.688,61.180,0,0,0,0,0.00,nan,1,2,0,99.00,0,1,24,1,1,11,11,0,0,0,1471267685,0.04272,0.00562,0.95605,0.95703,-0.00452,0.00079,-0.00194,0.00498,0.95703,0.00431,0.00679,3,12118,0,25979,0.10738,0.06485,0.60390,99,1,94.902,93,1,3,4295,195192,0,0,0.000,2.352,8.373,0,0.000,61.688,2.381,0,0,1,0,0
PPG,4,358796,14353390587,503,74591,80264,79887.117,376.883,68.453,0,0,0,0,0.00,nan,1,2,0,99.00,0,1,24,1,1,12,12,0,0,0,1471306702,0.04028,0.00146,0.95435,0.95520,-0.00585,-0.00001,-0.00034,0.00586,0.95520,0.00877,0.00586,3,12127,0,25979,0.11094,0.06275,0.56563,99,1,95.859,68,1,3,2598,195192,0,0,0.000,2.352,8.373,0,0.000,61.688,2.381,0,0,1,0,0
PPG,4,358797,14353430587,172,74591,80265,79890.898,374.102,68.359,0,0,0,0,0.00,nan,1,2,0,99.00,0,1,24,1,1,13,13,0,0,0,1471348771,0.04297,0.00122,0.95776,0.95873,-0.00585,-0.00001,-0.00087,0.00592,0.95873,0.00546,0.00602,3,12174,0,25979,0.11094,0.06275,0.56563,99,1,95.859,68,1,3,4302,195192,0,0,32.961,2.351,8.380,1,0.000,61.688,2.381,0,0,1,0,0
PPG,4,358798,14353470587,115,74569,80249,79894.477,354.523,61.742,0,0,0,0,0.00,nan,1,2,0,99.00,0,1,24,1,1,14,14,0,0,0,1471387843,0.04126,0.00195,0.95776,0.95865,-0.00638,-0.00055,-0.00114,0.00651,0.95865,0.00821,0.00658,3,12118,0,25979,0.11094,0.06275,0.56563,99,1,95.859,68,1,3,4296,195192,0,0,0.000,2.351,8.380,0,0.000,61.688,2.381,0,0,1,0,0
PPG,4,358799,14353510587,118,74575,80279,79898.320,380.680,55.141,0,0,0,0,0.00,nan,1,2,0,99.00,0,1,24,1,1,15,15,0,0,0,1471426775,0.04272,0.00537,0.95532,0.95629,-0.00585,-0.00055,-0.00194,0.00619,0.95981,0.00737,0.00630,3,12115,0,25979,0.11094,0.06275,0.56563,99,1,95.859,68,1,3,2600,195192,0,0,0.000,2.351,8.380,0,0.000,61.688,2.381,0,0,1,0,0
PPG,4,358800,14353550587,114,74601,80299,79902.328,396.672,51.898,0,0,0,0,0.00,nan,1,2,0,99.00,0,1,24,1,1,16,16,0,0,0,1471468369,0.04028,0.00488,0.95239,0.95326,-0.00638,0.00025,-0.00141,0.00654,0.95401,0.00396,0.00654,3,12122,0,25979,0.11094,0.06275,0.56563,99,1,95.859,68,1,3,4294,195192,0,0,0.000,2.351,8.380,0,0.000,61.688,2.381,0,0,1,0,0
PPG,4,358801,14353590587,119,74592,80219,79905.492,313.508,44.633,0,0,0,0,0.00,nan,1,2,0,99.00,0,1,24,1,1,17,17,0,0,0,1471507354,0.04224,0.00098,0.94727,0.94821,-0.00558,-0.00028,-0.00194,0.00592,0.95997,0.00671,0.00616,3,12135,0,25979,0.11094,0.06275,0.56563,99,1,95.859,68,1,3,4298,195192,0,0,0.000,2.351,8.380,0,0.000,61.688,2.381,0,0,1,0,0
PPG,4,358802,14353630587,116,74553,80117,79907.609,209.391,25.758,0,0,0,0,0.00,nan,1,2,0,99.00,0,1,24,1,1,18,18,0,0,0,1471546335,0.04321,0.00781,0.95630,0.95731,-0.00532,-0.00108,-0.00221,0.00586,0.95731,0.00539,0.00602,3,12150,0,25979,0.11094,0.06275,0.56563,99,1,95.859,68,1,3,2614,195192,0,0,0.000,2.351,8.380,0,0.000,61.688,2.381,0,0,1,0,0
PPG,4,358803,14353670587,118,74539,80099,79909.523,189.477,5.242,0,0,0,0,0.00,nan,1,2,0,99.00,0,1,24,1,1,19,19,0,0,0,1471587988,0.04492,0.00195,0.94946,0.95053,-0.00612,0.00052,-0.00141,0.00630,0.95336,0.00459,0.00630,3,12112,0,25979,0.11094,0.06275,0.56563,99,1,95.859,68,1,3,4298,195192,0,0,0.000,2.351,8.380,0,0.000,61.688,2.381,0,0,1,0,0
PPG,4,358804,14353710587,115,74526,80113,79911.555,201.445,-14.023,1,0,0,0,0.00,nan,1,2,0,99.00,0,1,24,1,1,20,20,0,0,0,1471626932,0.04175,0.00366,0.95288,0.95380,-0.00665,-0.00001,-0.00141,0.00680,0.95614,0.00339,0.00680,3,12124,0,25979,0.11094,0.06275,0.56563,99,1,95.859,68,1,3,4310,195192,0,0,0.000,2.351,8.380,0,107.391,61.688,2.381,1,0,1,0,0
PPG,4,358805,14353750587,118,74530,80111,79913.547,197.453,-30.992,0,0,0,0,0.00,nan,1,2,0,99.00,0,1,24,1,1,21,21,0,0,0,1471665952,0.04370,0.00171,0.95532,0.95632,-0.00532,-0.00055,-0.00167,0.00560,0.95754,0.00374,0.00617,3,12137,0,25979,0.11094,0.06275,0.56563,99,1,95.859,68,1,3,2599,195192,0,0,0.000,2.351,8.380,0,0.000,61.688,2.381,0,0,1,0,0
PPG,4,358806,14353790587,115,74518,80126,79915.672,210.328,-51.688,0,0,0,0,0.00,nan,1,2,0,99.00,0,1,24,1,1,22,22,0,0,0,1471707540,0.03735,0.00610,0.94849,0.94924,-0.00532,0.00025,-0.00247,0.00587,0.96046,0.01135,0.00656,3,12129,0,25979,0.11094,0.06275,0.56563,99,1,95.859,68,1,3,4297,195192,0,0,0.000,2.351,8.380,0,0.000,61.688,2.381,0,0,1,0,0
PPG,4,358807,14353830587,189,74517,80128,79917.797,210.203,-73.469,0,0,0,0,0.00,nan,1,2,0,99.00,0,1,24,1,1,23,23,0,0,0,1471746509,0.04565,0.00537,0.95166,0.95277,-0.00665,-0.00108,-0.00114,0.00683,0.95280,0.00182,0.00683,3,12123,0,25979,0.11094,0.06275,0.56563,99,1,95.859,68,1,3,2595,195192,0,0,0.000,2.351,8.380,0,0.000,61.688,2.381,0,0,1,0,0
PPG,4,358808,14353870587,119,74490,80118,79919.797,198.203,-84.352,0,0,0,0,0.00,nan,1,2,0,99.00,0,1,24,1,1,24,24,0,0,0,1471788244,0.04248,0.00220,0.94604,0.94700,-0.00638,-0.00001,-0.00087,0.00644,0.95675,0.00975,0.00735,3,12155,0,25979,0.11094,0.06275,0.56563,99,1,95.859,68,1,3,4299,195192,0,0,0.000,2.351,8.380,0,0.000,61.688,2.381,0,0,1,0,0
PPG,4,358809,14353910587,123,74494,80081,79921.406,159.594,-83.344,0,0,0,0,0.00,nan,1,2,0,99.00,0,1,24,1,1,25,25,0,0,0,1471827228,0.04175,0.00586,0.95337,0.95430,-0.00638,-0.00028,-0.00087,0.00645,0.95863,0.01163,0.00698,3,12136,0,25979,0.11094,0.06275,0.56563,99,1,95.859,68,1,3,4299,195192,0,0,0.000,2.351,8.380,0,0.000,61.688,2.381,0,0,1,0,0
PPG,4,358810,14353950587,114,74493,80094,79923.133,170.867,-77.508,0,0,0,0,0.00,nan,1,2,0,99.00,0,1,24,1,1,26,26,0,0,0,1471866246,0.04639,0.00464,0.95264,0.95378,-0.00505,0.00025,-0.00141,0.00525,0.95744,0.00553,0.00551,3,12140,0,25979,0.11094,0.06275,0.56563,99,1,95.859,68,1,3,2599,195192,0,0,0.000,2.351,8.380,0,0.000,61.688,2.381,0,0,1,0,0
PPG,4,358811,14353990587,118,74497,80105,79924.953,180.047,-72.648,0,0,0,0,0.00,nan,1,2,0,99.00,0,1,24,1,1,27,27,0,0,0,1471907823,0.04102,0.00195,0.95630,0.95718,-0.00612,0.00025,-0.00061,0.00615,0.95718,0.00759,0.00702,3,12119,0,25979,0.11094,0.06275,0.56563,99,1,95.859,68,1,3,4297,195192,0,0,0.000,2.351,8.380,0,0.000,61.688,2.381,0,0,1,0,0
PPG,4,358812,14354030587,128,74502,80129,79926.992,202.008,-64.328,0,0,0,0,0.00,nan,1,2,0,99.00,0,1,24,1,1,28,28,0,0,0,1471950958,0.04272,0.00562,0.95654,0.95751,-0.00558,-0.00081,-0.00114,0.00576,0.95751,0.00479,0.00576,3,12182,0,25979,0.11094,0.06275,0.56563,99,1,95.859,68,1,3,2585,195192,0,0,0.000,2.208,9.186,0,0.000,61.688,2.381,0,0,1,0,0
PPG,4,358813,14354070587,121,74482,80148,79929.203,218.797,-56.391,0,0,0,0,0.00,nan,1,2,0,99.00,0,1,24,1,1,29,29,0,0,0,1471987405,0.04346,0.00806,0.95166,0.95269,-0.00665,-0.00188,-0.00141,0.00705,0.96025,0.01106,0.00705,3,12121,0,25979,0.11094,0.06275,0.56563,99,1,95.859,68,1,3,4304,195192,0,0,0.000,2.208,9.186,0,0.000,61.688,2.381,0,0,1,0,0
PPG,4,358814,14354110587,117,74515,80142,79931.328,210.672,-49.992,0,0,0,0,0.00,nan,1,2,0,99.00,0,1,24,1,1,30,30,0,0,0,1472026373,0.04053,0.00342,0.94629,0.94716,-0.00532,0.00025,-0.00141,0.00551,0.95735,0.01019,0.00599,3,12125,0,25979,0.11094,0.06275,0.56563,99,1,95.859,68,1,3,2598,195192,0,0,0.000,2.208,9.186,0,0.000,61.688,2.381,0,0,1,0,0
PPG,4,358815,14354150587,118,74505,80163,79933.648,229.352,-39.312,0,0,0,0,0.00,nan,1,2,0,99.00,0,1,24,1,1,31,31,0,0,0,1472068011,0.04272,0.00073,0.94897,0.94994,-0.00692,0.00052,-0.00167,0.00713,0.95464,0.00748,0.00713,3,12163,0,25979,0.11094,0.06275,0.56563,99,1,95.859,68,1,3,4296,195192,0,0,0.000,2.208,9.186,0,0.000,61.688,2.381,0,0,1,0,0
PPG,4,358816,14354190587,117,74490,80153,79935.844,217.156,-23.469,0,0,0,0,0.00,nan,1,2,0,99.00,0,1,24,1,1,0,0,0,0,0,1472106975,0.04468,0.00317,0.95020,0.95125,-0.00612,-0.00028,-0.00167,0.00635,0.95309,0.00315,0.00719,3,12127,0,25979,0.11094,0.06275,0.56563,99,1,95.859,68,1,3,2601,195192,0,0,0.000,2.208,9.186,0,0.000,61.688,2.381,0,0,1,0,0
PPG,4,358817,14354230587,119,74481,80143,79937.914,205.086,-10.367,0,0,0,0,0.00,nan,1,2,0,99.00,0,1,24,1,1,1,1,0,0,0,1472148527,0.04443,0.00439,0.95703,0.95807,-0.00638,-0.00081,-0.00141,0.00659,0.95807,0.00301,0.00683,3,12123,0,25979,0.11094,0.06275,0.56563,99,1,95.859,68,1,3,4299,195192,0,0,0.000,2.208,9.186,0,0.000,61.688,2.381,0,0,1,0,0
PPG,4,358818,14354270587,117,74477,80150,79940.031,209.969,1.008,0,0,0,0,0.00,nan,1,2,0,99.00,0,1,24,1,1,2,2,0,0,0,1472187599,0.04199,0.00464,0.94458,0.94552,-0.00638,-0.00028,-0.00247,0.00685,0.95383,0.00762,0.00685,3,12132,0,25979,0.11094,0.06275,0.56563,99,1,95.859,68,1,3,4295,195192,0,0,0.000,2.208,9.186,0,0.000,61.688,2.381,0,0,1,0,0
PPG,4,358819,14354310587,140,74483,80165,79942.281,222.719,11.852,0,0,0,0,0.00,nan,1,2,0,99.00,0,1,24,1,1,3,3,0,0,0,1472226573,0.04443,0.00610,0.95874,0.95979,-0.00505,0.00025,-0.00087,0.00513,0.95979,0.00681,0.00639,3,12140,0,25979,0.11094,0.06275,0.56563,99,1,95.859,68,1,3,2598,195192,0,0,0.000,2.208,9.186,0,0.000,61.688,2.381,0,0,1,0,0
PPG,4,358820,14354350587,117,74484,80173,79944.586,228.414,21.719,0,0,0,0,0.00,nan,1,2,0,99.00,0,1,24,1,1,4,4,0,0,0,1472268199,0.04248,0.00220,0.95068,0.95163,-0.00479,-0.00081,-0.00141,0.00505,0.95163,0.00943,0.00556,3,12166,0,25979,0.11094,0.06275,0.56563,99,1,95.859,68,1,3,4353,195192,0,0,0.000,2.208,9.186,0,0.000,61.688,2.381,0,0,1,0,0
PPG,4,358821,14354390587,511,74484,80178,79946.922,231.078,28.914,0,0,0,0,0.00,nan,1,2,0,99.00,0,1,24,1,1,5,5,0,0,0,1472307525,0.04199,0.00244,0.95703,0.95796,-0.00585,-0.00028,-0.00114,0.00597,0.96311,0.01211,0.00601,3,12116,0,25979,0.08362,0.04521,0.54062,99,1,96.484,100,1,3,4298,195192,0,0,0.000,2.208,9.186,0,0.000,61.688,2.381,0,0,1,0,0
PPG,4,358822,14354430587,171,74492,80180,79949.250,230.750,28.188,0,0,0,0,0.00,nan,1,2,0,99.00,0,1,24,1,1,6,6,0,0,0,1472346962,0.04492,0.00366,0.95410,0.95517,-0.00532,-0.00028,-0.00141,0.00551,0.95517,0.00412,0.00668,3,12115,0,25979,0.08362,0.04521,0.54062,99,1,96.484,100,1,3,2596,195192,0,0,0.000,2.208,9.186,0,0.000,61.688,2.381,0,0,1,0,0
PPG,4,358823,14354470587,151,74483,80173,79951.484,221.516,27.352,0,0,0,0,0.00,nan,1,2,0,99.00,0,1,24,1,1,7,7,0,0,0,1472388638,0.04468,0.00317,0.95410,0.95515,-0.00612,-0.00001,-0.00167,0.00634,0.95793,0.00419,0.00634,3,12124,0,25979,0.08362,0.04521,0.54062,99,1,96.484,100,1,3,4298,195192,0,0,0.000,2.208,9.186,0,0.000,61.688,2.381,0,0,1,0,0
PPG,4,358824,14354510587,123,74439,80054,79952.508,101.492,17.586,0,0,0,0,0.00,nan,1,2,0,99.00,0,1,24,1,1,8,8,0,0,0,1472427829,0.04150,-0.00049,0.94751,0.94842,-0.00638,0.00025,-0.00167,0.00660,0.95473,0.00394,0.00686,3,12186,0,25979,0.08362,0.04521,0.54062,99,1,96.484,100,1,3,4361,195192,0,0,0.000,2.208,9.186,0,0.000,61.688,2.381,0,0,1,0,0
PPG,4,358825,14354550587,117,74401,79973,79952.711,20.289,-0.797,0,0,0,0,0.00,nan,1,2,0,99.00,0,1,24,1,1,9,9,0,0,0,1472467004,0.04297,0.00488,0.95483,0.95581,-0.00585,-0.00108,-0.00114,0.00606,0.95727,0.00885,0.00720,3,12272,0,25979,0.08362,0.04521,0.54062,99,1,96.484,100,1,3,2662,195192,0,0,0.000,2.208,9.186,0,0.000,61.688,2.381,0,0,1,0,0
PPG,4,358826,14354590587,124,74386,79953,79952.711,0.289,-22.438,0,0,0,0,0.00,nan,1,2,0,99.00,0,1,24,1,1,10,10,0,0,0,1472509007,0.04321,0.00317,0.95093,0.95191,-0.00558,0.00025,-0.00141,0.00576,0.96138,0.00947,0.00576,3,12258,0,25979,0.08362,0.04521,0.54062,99,1,96.484,100,1,3,4331,195192,0,0,0.000,2.208,9.186,0,0.000,61.688,2.381,0,0,1,0,0
PPG,4,358827,14354630587,117,74401,79991,79953.094,37.906,-41.586,0,0,0,0,0.00,nan,1,2,0,99.00,0,1,24,1,1,11,11,0,0,0,1472548317,0.04443,0.00586,0.95654,0.95759,-0.00612,-0.00001,-0.00247,0.00660,0.95940,0.00448,0.00660,3,12249,0,25979,0.08362,0.04521,0.54062,99,1,96.484,100,1,3,4334,195192,0,0,0.000,2.208,9.186,0,0.000,61.688,2.381,0,0,1,0,0
PPG,4,358828,14354670587,136,74410,80013,79953.695,59.305,-59.906,0,0,0,0,0.00,nan,1,2,0,99.00,0,1,24,1,1,12,12,0,0,0,1472587642,0.04639,-0.00024,0.95459,0.95572,-0.00612,0.00052,-0.00141,0.00630,0.95572,0.00809,0.00690,3,12271,0,25979,0.08362,0.04521,0.54062,99,1,96.484,100,1,3,4353,195192,0,0,0.000,2.208,9.186,0,0.000,61.688,2.381,0,0,1,0,0
PPG,4,358829,14354710587,118,74423,80034,79954.500,79.500,-78.414,1,0,0,0,0.00,nan,1,2,0,99.00,0,1,24,1,1,13,13,0,0,0,1472627051,0.04639,0.00098,0.95239,0.95352,-0.00612,-0.00028,-0.00221,0.00651,0.96212,0.00640,0.00663,3,12255,0,25979,0.08362,0.04521,0.54062,99,1,96.484,100,1,3,2633,195192,0,0,0.000,2.208,9.186,0,113.266,61.688,2.381,1,0,1,0,0
PPG,4,358830,14354750587,206,74427,80049,79955.445,93.555,-93.883,0,0,0,0,0.00,nan,1,2,0,99.00,0,1,24,1,1,14,14,0,0,0,1472669080,0.04248,0.00537,0.94507,0.94604,-0.00558,-0.00055,-0.00167,0.00586,0.95642,0.00732,0.00660,3,12287,0,25979,0.08362,0.04521,0.54062,99,1,96.484,100,1,3,4351,195192,0,0,0.000,2.208,9.186,0,0.000,61.688,2.381,0,0,1,0,0
PPG,4,358831,14354790587,136,74416,80041,79956.305,84.695,-92.539,0,0,1,0,0.00,nan,1,2,0,99.00,0,1,24,1,1,15,15,0,0,0,1472708659,0.04272,0.00391,0.95313,0.95409,-0.00665,-0.00081,-0.00167,0.00691,0.95409,0.00801,0.00691,3,12271,0,25979,0.08362,0.04521,0.54062,99,1,96.484,100,1,3,4334,195192,0,0,31.414,2.208,9.186,1,0.000,61.688,2.381,0,1,1,0,1
PPG,4,358832,14354830587,141,74423,80039,79957.133,81.867,-78.609,0,0,0,0,0.00,nan,1,2,0,99.00,0,1,24,1,1,16,16,0,0,0,1472748017,0.04102,0.00415,0.94775,0.94865,-0.00665,-0.00028,-0.00274,0.00720,0.95964,0.01099,0.00784,3,12276,0,25979,0.08362,0.04521,0.54062,99,1,96.484,100,1,3,4332,195192,0,0,0.000,2.314,10.544,0,0.000,61.537,2.329,0,0,1,0,1
PPG,4,358833,14354870587,120,74423,80028,79957.844,70.156,-61.891,0,0,0,0,0.00,nan,1,2,0,99.00,0,1,24,1,1,17,17,0,0,0,1472787404,0.04541,0.00171,0.95435,0.95543,-0.00532,-0.00055,-0.00194,0.00569,0.95790,0.00925,0.00655,3,12307,0,25979,0.08362,0.04521,0.54062,99,1,96.484,100,1,3,4340,195192,0,0,0.000,2.314,10.544,0,0.000,61.537,2.329,0,0,1,0,1
PPG,4,358834,14354910587,117,74431,80069,79958.953,110.047,-47.102,0,0,0,0,0.00,nan,1,2,0,99.00,0,1,24,1,1,18,18,0,0,0,1472826630,0.04468,0.00122,0.95093,0.95198,-0.00638,0.00079,-0.00247,0.00689,0.95588,0.00668,0.00689,3,12248,0,25979,0.08362,0.04521,0.54062,99,1,96.484,100,1,3,2622,195192,0,0,0.000,2.314,10.544,0,0.000,61.537,2.329,0,0,1,0,1
PPG,4,358835,14354950587,118,74440,80080,79960.164,119.836,-33.383,0,0,0,0,0.00,nan,1,2,0,99.00,0,1,24,1,1,19,19,0,0,0,1472868489,0.04541,0.00806,0.95313,0.95424,-0.00505,-0.00161,-0.00247,0.00585,0.95424,0.00351,0.00651,3,12247,0,25979,0.08362,0.04521,0.54062,99,1,96.484,100,1,3,4335,195192,0,0,0.000,2.314,10.544,0,0.000,61.537,2.329,0,0,1,0,1
PPG,4,358836,14354990587,118,74436,80103,79961.594,141.406,-21.023,0,0,0,0,0.00,nan,1,2,0,99.00,0,1,24,1,1,20,20,0,0,0,1472907762,0.04761,-0.00098,0.95728,0.95846,-0.00638,0.00052,-0.00141,0.00656,0.95930,0.00738,0.00656,3,12236,0,25979,0.08362,0.04521,0.54062,99,1,96.484,100,1,3,4330,195192,0,0,0.000,2.314,10.544,0,0.000,61.537,2.329,0,0,1,0,1
PPG,4,358837,14355030587,121,74436,80118,79963.156,154.844,-9.914,0,0,0,0,0.00,nan,1,2,0,99.00,0,1,24,1,1,21,21,0,0,0,1472951141,0.04346,-0.00098,0.95166,0.95265,-0.00612,-0.00028,-0.00194,0.00642,0.95678,0.00393,0.00719,3,12267,0,25979,0.08362,0.04521,0.54062,99,1,96.484,100,1,3,2615,195192,0,0,0.000,2.314,10.544,0,0.000,61.537,2.329,0,0,1,0,1
PPG,4,358838,14355070587,117,74462,80125,79964.773,160.227,3.336,0,0,0,0,0.00,nan,1,2,0,99.00,0,1,24,1,1,22,22,0,0,0,1472987818,0.04102,0.00366,0.94702,0.94792,-0.00638,-0.00001,-0.00300,0.00706,0.95635,0.00844,0.00706,3,12268,0,25979,0.08362,0.04521,0.54062,99,1,96.484,100,1,3,4325,195192,0,0,0.000,2.314,10.544,0,0.000,61.537,2.329,0,0,1,0,1
PPG,4,358839,14355110587,117,74447,80127,79966.398,160.602,17.812,0,0,0,0,0.00,nan,1,2,0,99.00,0,1,24,1,1,23,23,0,0,0,1473027036,0.04248,0.00317,0.95459,0.95554,-0.00585,-0.00055,-0.00034,0.00589,0.95711,0.00672,0.00613,3,12248,0,25979,0.08362,0.04521,0.54062,99,1,96.484,100,1,3,2619,195192,0,0,0.000,2.314,10.544,0,0.000,61.537,2.329,0,0,1,0,1
PPG,4,358840,14355150587,151,74439,80142,79968.156,173.844,35.641,0,0,0,0,0.00,nan,1,2,0,99.00,0,1,24,1,1,24,24,0,0,0,1473068891,0.04248,0.00244,0.95483,0.95578,-0.00585,-0.00108,-0.00114,0.00606,0.95669,0.00410,0.00648,3,12200,0,25979,0.08362,0.04521,0.54062,99,1,96.484,100,1,3,4349,195192,0,0,0.000,2.314,10.544,0,0.000,61.537,2.329,0,0,1,0,1
PPG,4,358841,14355190587,117,74456,80149,79969.961,179.039,48.523,0,0,0,0,0.00,nan,1,2,0,99.00,0,1,24,1,1,25,25,0,0,0,1473108196,0.03882,0.00171,0.95020,0.95099,-0.00638,0.00025,-0.00061,0.00642,0.95195,0.00383,0.00649,3,12171,0,25979,0.08362,0.04521,0.54062,99,1,96.484,100,1,3,4350,195192,0,0,0.000,2.314,10.544,0,0.000,61.537,2.329,0,0,1,0,1
PPG,4,358842,14355230587,115,74442,80146,79971.719,174.281,59.648,0,0,0,0,0.00,nan,1,2,0,99.00,0,1,24,1,1,26,26,0,0,0,1473147282,0.04077,0.00220,0.95190,0.95278,-0.00585,-0.00055,-0.00194,0.00619,0.95721,0.00523,0.00653,3,12170,0,25979,0.08362,0.04521,0.54062,99,1,96.484,100,1,3,2600,195192,0,0,0.000,2.314,10.544,0,0.000,61.537,2.329,0,0,1,0,1
PPG,4,358843,14355270587,117,74449,80148,79973.484,174.516,67.328,0,0,0,0,0.00,nan,1,2,0,99.00,0,1,24,1,1,27,27,0,0,0,1473188835,0.04077,0.00269,0.95874,0.95961,-0.00638,0.00025,-0.00061,0.00642,0.95961,0.00300,0.00663,3,12166,0,25979,0.08362,0.04521,0.54062,99,1,96.484,100,1,3,4304,195192,0,0,0.000,2.314,10.544,0,0.000,61.537,2.329,0,0,1,0,1
PPG,4,358844,14355310587,114,74458,80174,79975.492,198.508,69.328,0,0,0,0,0.00,nan,1,2,0,99.00,0,1,24,1,1,28,28,0,0,0,1473227794,0.04419,0.00269,0.95532,0.95635,-0.00585,0.00025,-0.00061,0.00589,0.95635,0.00966,0.00589,3,12126,0,25979,0.08362,0.04521,0.54062,99,1,96.484,100,1,3,4302,195192,0,0,0.000,2.314,10.544,0,0.000,61.537,2.329,0,0,1,0,1
PPG,4,358845,14355350587,123,74459,80185,79977.586,207.414,67.297,0,0,0,0,0.00,nan,1,2,0,99.00,0,1,24,1,1,29,29,0,0,0,1473266733,0.04297,0.00562,0.94409,0.94509,-0.00505,-0.00081,-0.00247,0.00568,0.95433,0.00924,0.00568,3,12131,0,25979,0.08362,0.04521,0.54062,99,1,96.484,100,1,3,2604,195192,0,0,0.000,2.314,10.544,0,0.000,61.537,2.329,0,0,1,0,1
PPG,4,358846,14355390587,505,74437,80100,79978.812,121.188,56.094,0,0,0,0,0.00,nan,1,2,0,99.00,0,1,24,1,1,30,30,0,0,0,1473308344,0.04175,0.00415,0.94873,0.94966,-0.00665,-0.00055,-0.00167,0.00688,0.95052,0.00535,0.00688,3,12136,0,25979,0.09025,0.07326,0.81180,98,1,89.705,83,1,3,4300,195192,0,0,0.000,2.314,10.544,0,0.000,61.537,2.329,0,0,1,0,1
PPG,4,358847,14355430587,167,74400,79991,79978.938,12.062,34.523,0,0,0,0,0.00,nan,1,2,0,99.00,0,1,24,1,1,31,31,0,0,0,1473347788,0.04321,0.00366,0.95361,0.95460,-0.00558,-0.00028,-0.00274,0.00623,0.95645,0.00679,0.00660,3,12128,0,25979,0.09025,0.07326,0.81180,98,1,89.705,83,1,3,4299,195192,0,0,0.000,2.314,10.544,0,0.000,61.537,2.329,0,0,1,0,1
PPG,4,358848,14355470587,118,74396,79966,79978.805,-12.805,10.727,0,1,0,0,0.00,nan,1,2,0,99.00,0,1,24,1,1,0,0,0,0,0,1473386849,0.04248,0.00684,0.95166,0.95263,-0.00558,-0.00055,-0.00194,0.00594,0.95470,0.00407,0.00765,3,12111,0,25979,0.09025,0.07326,0.81180,98,1,89.705,83,1,3,2614,195192,0,0,0.000,2.314,10.544,0,0.000,61.537,2.329,0,0,1,0,1
PPG,4,358849,14355510587,117,74403,80003,79979.047,23.953,-8.148,0,0,0,0,0.00,nan,1,2,0,99.00,0,1,24,1,1,1,1,0,0,0,1473428406,0.04248,0.00684,0.95068,0.95166,-0.00612,-0.00001,-0.00167,0.00634,0.95753,0.00489,0.00634,3,12123,0,25979,0.09025,0.07326,0.81180,98,1,89.705,83,1,3,4305,195192,0,0,0.000,2.314,10.544,0,0.000,61.537,2.329,0,0,1,0,1
PPG,4,358850,14355550587,115,74413,80035,79979.609,55.391,-23.594,0,0,0,0,0.00,nan,1,2,0,99.00,0,1,24,1,1,2,2,0,0,0,1473467333,0.04565,0.00366,0.94702,0.94813,-0.00585,-0.00001,-0.00167,0.00609,0.95700,0.00853,0.00609,3,12131,0,25979,0.09025,0.07326,0.81180,98,1,89.705,83,1,3,2602,195192,0,0,0.000,2.314,10.544,0,0.000,61.537,2.329,0,0,1,0,1
PPG,4,358851,14355590587,117,74416,80041,79980.227,60.773,-42.594,0,0,0,0,0.00,nan,1,2,0,99.00,0,1,24,1,1,3,3,0,0,0,1473508905,0.04443,0.00537,0.95239,0.95344,-0.00692,-0.00028,-0.00194,0.00719,0.95815,0.01225,0.00719,3,12120,0,25979,0.09025,0.07326,0.81180,98,1,89.705,83,1,3,4305,195192,0,0,0.000,2.314,10.544,0,0.000,61.537,2.329,0,0,1,0,1
PPG,4,358852,14355630587,140,74425,80077,79981.195,95.805,-59.922,1,0,1,880,68.18,68.18,2,1,512,99.00,0,1,24,1,1,4,4,0,0,0,1473547850,0.03906,0.00610,0.95654,0.95736,-0.00585,-0.00001,-0.00141,0.00602,0.96079,0.00734,0.00622,3,12129,0,25979,0.09025,0.07326,0.81180,98,1,89.705,83,1,3,4298,195192,0,0,70.805,2.314,10.544,1,163.211,61.537,2.329,1,1,1,0,2
PPG,4,358853,14355670587,118,74426,80056,79981.945,74.055,-67.609,0,0,0,0,68.18,68.18,2,1,512,99.00,0,1,24,1,1,5,5,0,0,0,1473586872,0.04346,0.00586,0.95264,0.95365,-0.00558,-0.00001,-0.00194,0.00591,0.95409,0.00442,0.00591,3,12120,0,25979,0.09025,0.07326,0.81180,98,1,89.705,83,1,3,2619,195192,0,0,0.000,2.653,14.876,0,0.000,61.717,2.391,0,0,1,0,2
PPG,4,358854,14355710587,118,74430,80068,79982.805,85.195,-56.562,0,0,0,0,68.18,68.18,2,1,512,99.00,0,1,24,1,1,6,6,0,0,0,1473628469,0.04297,0.00391,0.95264,0.95361,-0.00612,-0.00028,-0.00141,0.00628,0.95792,0.00431,0.00628,3,12112,0,25979,0.09025,0.07326,0.81180,98,1,89.705,83,1,3,4301,195192,0,0,0.000,2.653,14.876,0,0.000,61.717,2.391,0,0,1,0,2
PPG,4,358855,14355750587,120,74448,80095,79983.930,111.070,-38.883,0,0,0,0,68.18,68.18,2,1,512,99.00,0,1,24,1,1,7,7,0,0,0,1473667502,0.04077,0.00586,0.95142,0.95231,-0.00452,-0.00028,-0.00141,0.00474,0.95627,0.00428,0.00609,3,12132,0,25979,0.09025,0.07326,0.81180,98,1,89.705,83,1,3,2596,195192,0,0,0.000,2.653,14.876,0,0.000,61.717,2.391,0,0,1,0,2
PPG,4,358856,14355790587,118,74462,80130,79985.391,144.609,-22.086,0,0,0,0,68.18,68.18,2,1,512,99.00,0,1,24,1,1,8,8,0,0,0,1473709115,0.04272,0.00439,0.95581,0.95678,-0.00665,-0.00001,-0.00167,0.00686,0.95678,0.00395,0.00764,3,12156,0,25979,0.09025,0.07326,0.81180,98,1,89.705,83,1,3,4294,195192,0,0,0.000,2.653,14.876,0,0.000,61.717,2.391,0,0,1,0,2
PPG,4,358857,14355830587,120,74471,80146,79987.000,159.000,-7.633,0,0,0,0,68.18,68.18,2,1,512,99.00,0,1,24,1,1,9,9,0,0,0,1473748050,0.04346,0.00488,0.95215,0.95315,-0.00612,-0.00081,-0.00141,0.00633,0.95315,0.00653,0.00633,3,12111,0,25979,0.09025,0.07326,0.81180,98,1,89.705,83,1,3,4301,195192,0,0,0.000,2.653,14.876,0,0.000,61.717,2.391,0,0,1,0,2
PPG,4,358858,14355870587,178,74482,80170,79988.828,181.172,8.547,0,0,0,0,68.18,68.18,2,1,512,99.00,0,1,24,1,1,10,10,0,0,0,1473787005,0.04297,-0.00049,0.95508,0.95604,-0.00558,0.00025,-0.00194,0.00592,0.95604,0.00393,0.00598,3,12133,0,25979,0.09025,0.07326,0.81180,98,1,89.705,83,1,3,2595,195192,0,0,0.000,2.653,14.876,0,0.000,61.717,2.391,0,0,1,0,2
PPG,4,358859,14355910587,119,74494,80166,79990.602,175.398,19.312,0,0,0,0,68.18,68.18,2,1,512,99.00,0,1,24,1,1,11,11,0,0,0,1473828636,0.04419,0.00586,0.95313,0.95417,-0.00612,-0.00028,-0.00167,0.00635,0.95913,0.00477,0.00635,3,12109,0,25979,0.09025,0.07326,0.81180,98,1,89.705,83,1,3,4298,195192,0,0,0.000,2.653,14.876,0,0.000,61.717,2.391,0,0,1,0,2
PPG,4,358860,14355950587,123,74499,80186,79992.555,193.445,35.688,0,0,0,0,68.18,68.18,2,1,512,99.00,0,1,24,1,1,12,12,0,0,0,1473867633,0.04443,0.00366,0.95679,0.95783,-0.00612,0.00025,-0.00167,0.00635,0.96043,0.00860,0.00693,3,12114,0,25979,0.09025,0.07326,0.81180,98,1,89.705,83,1,3,2598,195192,0,0,0.000,2.653,14.876,0,0.000,61.717,2.391,0,0,1,0,2
PPG,4,358861,14355990587,119,74502,80206,79994.688,211.312,52.547,0,0,0,0,68.18,68.18,2,1,512,99.00,0,1,24,1,1,13,13,0,0,0,1473909289,0.04395,0.00146,0.94946,0.95048,-0.00692,-0.00055,-0.00274,0.00746,0.95680,0.00377,0.00746,3,12161,0,25979,0.09025,0.07326,0.81180,98,1,89.705,83,1,3,4299,195192,0,0,0.000,2.653,14.876,0,0.000,61.717,2.391,0,0,1,0,2
PPG,4,358862,14356030587,126,74506,80233,79997.070,235.930,67.914,0,0,0,0,68.18,68.18,2,1,512,99.00,0,1,24,1,1,14,14,0,0,0,1473952487,0.04614,0.00488,0.95825,0.95937,-0.00452,-0.00055,-0.00141,0.00476,0.95937,0.00875,0.00587,3,12158,0,25979,0.09025,0.07326,0.81180,98,1,89.705,83,1,3,2586,195192,0,0,0.000,2.653,14.876,0,0.000,61.717,2.391,0,0,1,0,2
PPG,4,358863,14356070587,123,74503,80235,79999.453,235.547,78.562,0,0,0,0,68.18,68.18,2,1,512,99.00,0,1,24,1,1,15,15,0,0,0,1473988901,0.04053,0.00610,0.95459,0.95547,-0.00638,-0.00108,-0.00274,0.00703,0.95817,0.00529,0.00724,3,12122,0,25979,0.09025,0.07326,0.81180,98,1,89.705,83,1,3,4304,195192,0,0,0.000,2.653,14.876,0,0.000,61.717,2.391,0,0,1,0,2
PPG,4,358864,14356110587,121,74495,80221,80001.672,219.328,86.930,0,0,0,0,68.18,68.18,2,1,512,99.00,0,1,24,1,1,16,16,0,0,0,1474027976,0.04272,0.00513,0.95337,0.95434,-0.00585,-0.00001,-0.00114,0.00596,0.95730,0.00244,0.00630,3,12126,0,25979,0.09025,0.07326,0.81180,98,1,89.705,83,1,3,4297,195192,0,0,0.000,2.653,14.876,0,0.000,61.717,2.391,0,0,1,0,2
PPG,4,358865,14356150587,124,74508,80230,80003.953,226.047,93.250,0,1,0,0,68.18,68.18,2,1,512,99.00,0,1,24,1,1,17,17,0,0,0,1474066925,0.04346,0.00586,0.95459,0.95560,-0.00665,-0.00028,-0.00141,0.00680,0.95777,0.00704,0.00740,3,12118,0,25979,0.09025,0.07326,0.81180,98,1,89.705,83,1,3,2596,195192,0,0,0.000,2.653,14.876,0,0.000,61.717,2.391,0,0,1,0,2
PPG,4,358866,14356190587,125,74509,80241,80006.320,234.680,96.914,0,0,0,0,68.18,68.18,2,1,512,99.00,0,1,24,1,1,18,18,0,0,0,1474108539,0.04663,0.00317,0.94849,0.94964,-0.00505,0.00052,-0.00221,0.00554,0.95542,0.00386,0.00736,3,12152,0,25979,0.09025,0.07326,0.81180,98,1,89.705,83,1,3,4330,195192,0,0,0.000,2.653,14.876,0,0.000,61.717,2.391,0,0,1,0,2
PPG,4,358867,14356230587,129,74506,80213,80008.391,204.609,89.672,0,0,0,0,68.18,68.18,2,1,512,99.00,0,1,24,1,1,19,19,0,0,0,1474147546,0.04321,0.00269,0.95605,0.95703,-0.00612,-0.00028,-0.00274,0.00671,0.95703,0.00273,0.00695,3,12127,0,25979,0.09025,0.07326,0.81180,98,1,89.705,83,1,3,2595,195192,0,0,0.000,2.653,14.876,0,0.000,61.717,2.391,0,0,1,0,2
PPG,4,358868,14356270587,120,74461,80095,80009.258,85.742,67.359,0,0,0,0,68.18,68.18,2,1,512,99.00,0,1,24,1,1,20,20,0,0,0,1474189094,0.04517,0.00488,0.95532,0.95640,-0.00638,0.00025,-0.00247,0.00685,0.95682,0.00474,0.00685,3,12121,0,25979,0.09025,0.07326,0.81180,98,1,89.705,83,1,3,4297,195192,0,0,0.000,2.653,14.876,0,0.000,61.717,2.391,0,0,1,0,2
PPG,4,358869,14356310587,122,74450,80032,80009.484,22.516,37.203,0,0,0,0,68.18,68.18,2,1,512,99.00,0,1,24,1,1,21,21,0,0,0,1474228276,0.04492,0.00952,0.94507,0.94618,-0.00532,0.00212,-0.00167,0.00596,0.95591,0.00718,0.00596,3,12259,0,25979,0.09025,0.07326,0.81180,98,1,89.705,83,1,3,4337,195192,0,0,0.000,2.653,14.876,0,0.000,61.717,2.391,0,0,1,0,2
PPG,4,358870,14356350587,120,74465,80040,80009.789,30.211,9.094,0,0,0,0,68.18,68.18,2,1,512,99.00,0,1,24,1,1,22,22,0,0,0,1474267486,0.04443,0.00537,0.94971,0.95076,-0.00532,-0.00055,-0.00034,0.00536,0.95457,0.00640,0.00611,3,12111,0,25979,0.09025,0.07326,0.81180,98,1,89.705,83,1,3,2600,195192,0,0,0.000,2.653,14.876,0,0.000,61.717,2.391,0,0,1,0,2
PPG,4,358871,14356390587,524,74455,80059,80010.281,48.719,-14.953,0,0,0,0,68.18,68.18,2,1,512,99.00,0,1,24,1,1,23,23,0,0,0,1474309010,0.04663,0.00366,0.95117,0.95232,-0.00532,-0.00081,-0.00141,0.00556,0.95659,0.00583,0.00644,3,12115,0,25979,0.09667,0.07631,0.78935,100,1,90.266,83,1,3,4300,195192,0,0,0.000,2.653,14.876,0,0.000,61.717,2.391,0,0,1,0,2
PPG,4,358872,14356430587,169,74452,80076,80010.938,65.062,-36.898,0,0,0,0,68.18,68.18,2,1,512,99.00,0,1,24,1,1,24,24,0,0,0,1474348568,0.04224,0.00659,0.95850,0.95945,-0.00665,-0.00108,-0.00194,0.00701,0.95945,0.00606,0.00720,3,12254,0,25979,0.09667,0.07631,0.78935,100,1,90.266,83,1,3,4327,195192,0,0,0.000,2.653,14.876,0,0.000,61.717,2.391,0,0,1,0,2
PPG,4,358873,14356470587,122,74482,80103,80011.859,91.141,-58.961,0,0,0,0,68.18,68.18,2,1,512,99.00,0,1,24,1,1,25,25,0,0,0,1474387673,0.04199,0.00439,0.94922,0.95016,-0.00612,-0.00001,-0.00167,0.00634,0.95659,0.00601,0.00634,3,12117,0,25979,0.09667,0.07631,0.78935,100,1,90.266,83,1,3,2663,195192,0,0,67.461,2.653,14.876,1,0.000,61.717,2.391,0,0,1,0,2
PPG,4,358874,14356510587,196,74482,80128,80013.023,114.977,-74.109,1,0,1,860,68.18,68.18,2,1,512,99.00,0,1,24,1,1,26,26,0,0,0,1474429489,0.04297,0.00952,0.95557,0.95658,-0.00558,-0.00055,-0.00114,0.00573,0.95759,0.00879,0.00719,3,12179,0,25979,0.09667,0.07631,0.78935,100,1,90.266,83,1,3,4386,195192,0,0,0.000,2.653,14.876,0,164.523,61.717,2.391,1,1,1,0,3
PPG,4,358875,14356550587,132,74485,80137,80014.266,122.734,-70.211,0,0,0,0,68.18,68.18,2,1,512,99.00,0,1,24,1,1,27,27,0,0,0,1474469086,0.04077,0.00562,0.95190,0.95279,-0.00532,-0.00028,-0.00194,0.00567,0.96094,0.00815,0.00655,3,12262,0,25979,0.09667,0.07631,0.78935,100,1,90.266,83,1,3,4338,195192,0,0,0.000,2.929,18.399,0,0.000,61.883,2.449,0,0,1,0,3
PPG,4,358876,14356590587,145,74496,80128,80015.406,112.594,-56.391,0,0,0,0,68.18,68.18,2,1,512,99.00,0,1,24,1,1,28,28,0,0,0,1474508435,0.04541,0.00488,0.95190,0.95300,-0.00505,-0.00055,-0.00167,0.00535,0.96200,0.00920,0.00649,3,12251,0,25979,0.09667,0.07631,0.78935,100,1,90.266,83,1,3,4349,195192,0,0,0.000,2.929,18.399,0,0.000,61.883,2.449,0,0,1,0,3
PPG,4,358877,14356630587,128,74510,80161,80016.859,144.141,-39.859,0,0,0,0,68.18,68.18,2,1,512,99.00,0,1,24,1,1,29,29,0,0,0,1474547814,0.04248,0.00586,0.95435,0.95531,-0.00505,0.00079,-0.00141,0.00530,0.95972,0.00672,0.00609,3,12233,0,25979,0.09667,0.07631,0.78935,100,1,90.266,83,1,3,2638,195192,0,0,0.000,2.929,18.399,0,0.000,61.883,2.449,0,0,1,0,3
PPG,4,358878,14356670587,128,74526,80184,80018.531,165.469,-22.703,0,0,0,0,68.18,68.18,2,1,512,99.00,0,1,24,1,1,30,30,0,0,0,1474589828,0.04272,0.00488,0.95117,0.95214,-0.00692,-0.00215,-0.00167,0.00743,0.95555,0.00497,0.00743,3,12254,0,25979,0.09667,0.07631,0.78935,100,1,90.266,83,1,3,4330,195192,0,0,0.000,2.929,18.399,0,0.000,61.883,2.449,0,0,1,0,3
PPG,4,358879,14356710587,122,74526,80224,80020.586,203.414,-4.461,0,0,0,0,68.18,68.18,2,1,512,99.00,0,1,24,1,1,31,31,0,0,0,1474629216,0.04492,0.00391,0.95313,0.95419,-0.00638,-0.00001,-0.00061,0.00641,0.95523,0.00423,0.00771,3,12278,0,25979,0.09667,0.07631,0.78935,100,1,90.266,83,1,3,4340,195192,0,0,0.000,2.929,18.399,0,0.000,61.883,2.449,0,0,1,0,3
PPG,4,358880,14356750587,121,74546,80243,80022.812,220.188,12.688,0,0,0,0,68.18,68.18,2,1,512,99.00,0,1,24,1,1,0,0,0,0,0,1474668565,0.03833,0.00244,0.95361,0.95439,-0.00638,-0.00081,-0.00167,0.00665,0.95613,0.00175,0.00665,3,12264,0,25979,0.09667,0.07631,0.78935,100,1,90.266,83,1,3,4340,195192,0,0,0.000,2.929,18.399,0,0.000,61.883,2.449,0,0,1,0,3
PPG,4,358881,14356790587,144,74561,80257,80025.156,231.844,28.570,0,0,0,0,68.18,68.18,2,1,512,99.00,0,1,24,1,1,1,1,0,0,0,1474707958,0.04614,0.00220,0.95874,0.95985,-0.00612,0.00079,-0.00194,0.00647,0.95985,0.01606,0.00662,3,12236,0,25979,0.09667,0.07631,0.78935,100,1,90.266,83,1,3,4351,195192,0,0,0.000,2.929,18.399,0,0.000,61.883,2.449,0,0,1,0,3
PPG,4,358882,14356830587,130,74558,80274,80027.648,246.352,46.094,0,0,0,0,68.18,68.18,2,1,512,99.00,0,1,24,1,1,2,2,0,0,0,1474747358,0.04224,0.00513,0.95361,0.95456,-0.00505,-0.00081,-0.00194,0.00547,0.96007,0.01087,0.00661,3,12268,0,25979,0.09667,0.07631,0.78935,100,1,90.266,83,1,3,2625,195192,0,0,0.000,2.929,18.399,0,0.000,61.883,2.449,0,0,1,0,3
PPG,4,358883,14356870587,123,74565,80288,80030.250,257.750,66.297,0,0,0,0,68.18,68.18,2,1,512,99.00,0,1,24,1,1,3,3,0,0,0,1474789231,0.04492,0.00513,0.95142,0.95249,-0.00612,-0.00001,-0.00114,0.00622,0.95464,0.00617,0.00669,3,12244,0,25979,0.09667,0.07631,0.78935,100,1,90.266,83,1,3,4328,195192,0,0,0.000,2.929,18.399,0,0.000,61.883,2.449,0,0,1,0,3
PPG,4,358884,14356910587,138,74578,80306,80033.008,272.992,82.758,0,1,0,0,68.18,68.18,2,1,512,99.00,0,1,24,1,1,4,4,0,0,0,1474866187,0.04810,0.00659,0.95044,0.95168,-0.00585,-0.00055,-0.00114,0.00599,0.95438,0.00270,0.00648,2,62195,0,25984,0.09667,0.07631,0.78935,100,1,90.266,83,1,3,62223,195192,0,0,0.000,2.929,18.399,0,0.000,61.883,2.449,0,0,1,0,3
PPG,4,358885,14356950587,123,74574,80317,80035.852,281.148,97.414,0,0,0,0,68.18,68.18,2,1,512,99.00,0,1,24,1,1,5,5,0,0,0,1474878419,0.04395,0.00708,0.95874,0.95977,-0.00585,-0.00108,-0.00194,0.00626,0.95977,0.00809,0.00626,1,12232,0,25984,0.09667,0.07631,0.78935,100,1,90.266,83,1,3,12167,195192,0,0,0.000,2.929,18.399,0,0.000,61.883,2.449,0,0,1,0,3
PPG,4,358886,14356990587,131,74586,80329,80038.781,290.219,108.008,0,0,0,0,68.18,68.18,2,1,512,99.00,0,1,24,1,1,6,6,0,0,0,1474902848,0.04370,0.00415,0.95313,0.95414,-0.00585,-0.00001,-0.00167,0.00609,0.95414,0.01091,0.00626,2,12263,0,25984,0.09667,0.07631,0.78935,100,1,90.266,83,1,3,2618,195192,0,0,0.000,2.929,18.399,0,0.000,61.883,2.449,0,0,1,0,3
PPG,4,358887,14357030587,128,74576,80337,80041.766,295.234,115.242,0,0,0,0,68.18,68.18,2,1,512,99.00,0,1,24,1,1,7,7,0,0,0,1474954241,0.04028,0.00781,0.95459,0.95547,-0.00558,0.00052,-0.00087,0.00568,0.95621,0.00830,0.00670,3,12281,0,25984,0.09667,0.07631,0.78935,100,1,90.266,83,1,3,2630,195192,0,0,0.000,2.929,18.399,0,0.000,61.883,2.449,0,0,1,0,3
PPG,4,358888,14357070587,128,74586,80363,80044.977,318.023,116.992,0,0,0,0,68.18,68.18,2,1,512,99.00,0,1,24,1,1,8,8,0,0,0,1474990913,0.04199,0.00488,0.95044,0.95138,-0.00612,-0.00081,-0.00194,0.00647,0.96266,0.01129,0.00647,3,12230,0,25984,0.09667,0.07631,0.78935,100,1,90.266,83,1,3,2623,195192,0,0,0.000,2.929,18.399,0,0.000,61.883,2.449,0,0,1,0,3
PPG,4,358889,14357110587,129,74581,80337,80047.898,289.102,110.742,0,0,0,0,68.18,68.18,2,1,512,99.00,0,1,24,1,1,9,9,0,0,0,1475027571,0.04150,0.00415,0.95361,0.95453,-0.00612,-0.00108,-0.00114,0.00632,0.95560,0.00546,0.00648,3,12254,0,25984,0.09667,0.07631,0.78935,100,1,90.266,83,1,3,2653,195192,0,0,0.000,2.929,18.399,0,0.000,61.883,2.449,0,0,1,0,3
PPG,4,358890,14357150587,122,74570,80290,80050.320,239.680,98.523,0,0,0,0,68.18,68.18,2,1,512,99.00,0,1,24,1,1,10,10,0,0,0,1475069415,0.04004,0.00146,0.94946,0.95031,-0.00558,-0.00001,-0.00141,0.00576,0.95628,0.00993,0.00730,3,12132,0,25984,0.09667,0.07631,0.78935,100,1,90.266,83,1,3,4312,195192,0,0,0.000,2.929,18.399,0,0.000,61.883,2.449,0,0,1,0,3
PPG,4,358891,14357190587,123,74536,80161,80051.430,109.570,72.711,0,0,0,0,68.18,68.18,2,1,512,99.00,0,1,24,1,1,11,11,0,0,0,1475108556,0.04150,0.00806,0.94946,0.95040,-0.00532,-0.00001,-0.00221,0.00576,0.95879,0.00973,0.00648,3,12187,0,25984,0.09667,0.07631,0.78935,100,1,90.266,83,1,3,4300,195192,0,0,0.000,2.929,18.399,0,0.000,61.883,2.449,0,0,1,0,3
PPG,4,358892,14357230587,126,74523,80138,80052.297,85.703,44.039,0,0,0,0,68.18,68.18,2,1,512,99.00,0,1,24,1,1,12,12,0,0,0,1475147605,0.04175,0.00122,0.95288,0.95380,-0.00585,-0.00001,-0.00247,0.00635,0.95380,0.00331,0.00675,3,12151,0,25984,0.09667,0.07631,0.78935,100,1,90.266,83,1,3,2599,195192,0,0,0.000,2.929,18.399,0,0.000,61.883,2.449,0,0,1,0,3
PPG,4,358893,14357270587,126,74519,80157,80053.344,103.656,16.758,0,0,0,0,68.18,68.18,2,1,512,99.00,0,1,24,1,1,13,13,0,0,0,1475189210,0.04004,0.00562,0.95508,0.95593,-0.00692,-0.00161,-0.00114,0.00719,0.95749,0.00598,0.00719,3,12166,0,25984,0.09667,0.07631,0.78935,100,1,90.266,83,1,3,4329,195192,0,0,0.000,2.929,18.399,0,0.000,61.883,2.449,0,0,1,0,3
PPG,4,358894,14357310587,126,74517,80167,80054.477,112.523,-9.469,0,0,0,0,68.18,68.18,2,1,512,99.00,0,1,24,1,1,14,14,0,0,0,1475228181,0.04321,0.00171,0.95630,0.95728,-0.00585,-0.00161,-0.00194,0.00637,0.95728,0.00579,0.00695,3,12121,0,25984,0.09667,0.07631,0.78935,100,1,90.266,83,1,3,4337,195192,0,0,0.000,2.929,18.399,0,0.000,61.883,2.449,0,0,1,0,3
PPG,4,358895,14357350587,124,74524,80178,80055.711,122.289,-37.953,0,0,0,0,68.18,68.18,2,1,512,99.00,0,1,24,1,1,15,15,0,0,0,1475267192,0.04370,0.00049,0.95215,0.95315,-0.00665,-0.00001,-0.00114,0.00675,0.95680,0.00438,0.00705,3,12119,0,25984,0.09667,0.07631,0.78935,100,1,90.266,83,1,3,2600,195192,0,0,72.180,2.929,18.399,1,0.000,61.883,2.449,0,0,1,0,3
PPG,4,358896,14357390587,543,74520,80198,80057.133,140.867,-61.312,1,0,1,880,68.18,68.18,2,1,512,99.00,0,1,24,1,1,16,16,0,0,0,1475308758,0.04541,0.00317,0.95288,0.95397,-0.00558,-0.00028,-0.00141,0.00577,0.95397,0.00281,0.00582,3,12113,0,25984,0.11137,0.07177,0.64446,100,1,93.888,115,1,3,4296,195192,0,0,0.000,2.929,18.399,0,191.102,61.883,2.449,1,1,1,0,4
PPG,4,358897,14357430587,175,74520,80211,80058.672,152.328,-75.094,0,0,0,0,68.18,68.18,2,1,512,99.00,0,1,24,1,1,17,17,0,0,0,1475348326,0.04346,0.00684,0.95459,0.95560,-0.00585,0.00025,-0.00247,0.00636,0.95714,0.00771,0.00636,3,12138,0,25984,0.11137,0.07177,0.64446,100,1,93.888,115,1,3,4305,195192,0,0,0.000,3.200,21.859,0,0.000,62.194,2.557,0,0,1,0,4
PPG,4,358898,14357470587,123,74524,80184,80059.922,124.078,-71.812,0,0,0,0,68.18,68.18,2,1,512,99.00,0,1,24,1,1,18,18,0,0,0,1475387376,0.04468,0.00464,0.95776,0.95882,-0.00558,-0.00055,-0.00167,0.00586,0.95882,0.00861,0.00589,3,12133,0,25984,0.11137,0.07177,0.64446,100,1,93.888,115,1,3,2597,195192,0,0,0.000,3.200,21.859,0,0.000,62.194,2.557,0,0,1,0,4
PPG,4,358899,14357510587,124,74535,80187,80061.195,125.805,-62.961,0,0,0,0,68.18,68.18,2,1,512,99.00,0,1,24,1,1,19,19,0,0,0,1475428998,0.04492,0.00488,0.95264,0.95371,-0.00638,-0.00081,-0.00221,0.00680,0.95434,0.01092,0.00680,3,12122,0,25984,0.11137,0.07177,0.64446,100,1,93.888,115,1,3,4298,195192,0,0,0.000,3.200,21.859,0,0.000,62.194,2.557,0,0,1,0,4
PPG,4,358900,14357550587,122,74542,80211,80062.695,148.305,-53.641,0,0,0,0,68.18,68.18,2,1,512,99.00,0,1,24,1,1,20,20,0,0,0,1475468005,0.04297,0.00269,0.95020,0.95117,-0.00585,-0.00215,-0.00167,0.00645,0.95831,0.00714,0.00651,3,12138,0,25984,0.11137,0.07177,0.64446,100,1,93.888,115,1,3,2595,195192,0,0,0.000,3.200,21.859,0,0.000,62.194,2.557,0,0,1,0,4
PPG,4,358901,14357590587,123,74554,80247,80064.539,182.461,-41.711,0,0,0,0,68.18,68.18,2,1,512,99.00,0,1,24,1,1,21,21,0,0,0,1475509582,0.04346,0.00024,0.95483,0.95582,-0.00505,-0.00001,-0.00167,0.00532,0.95910,0.00793,0.00661,3,12124,0,25984,0.11137,0.07177,0.64446,100,1,93.888,115,1,3,4300,195192,0,0,0.000,3.200,21.859,0,0.000,62.194,2.557,0,0,1,0,4
PPG,4,358902,14357630587,122,74560,80261,80066.500,194.500,-29.211,0,0,0,0,68.18,68.18,2,1,512,99.00,0,1,24,1,1,22,22,0,0,0,1475548626,0.04175,0.00293,0.94995,0.95087,-0.00558,-0.00188,-0.00167,0.00612,0.95194,0.00388,0.00640,3,12175,0,25984,0.11137,0.07177,0.64446,100,1,93.888,115,1,3,4296,195192,0,0,0.000,3.200,21.859,0,0.000,62.194,2.557,0,0,1,0,4
PPG,4,358903,14357670587,128,74561,80280,80068.633,211.367,-17.094,0,0,0,0,68.18,68.18,2,1,512,99.00,0,1,24,1,1,23,23,0,0,0,1475587575,0.04419,0.00146,0.95679,0.95781,-0.00665,0.00025,-0.00167,0.00686,0.95781,0.00412,0.00686,3,12110,0,25984,0.11137,0.07177,0.64446,100,1,93.888,115,1,3,2599,195192,0,0,0.000,3.200,21.859,0,0.000,62.194,2.557,0,0,1,0,4
PPG,4,358904,14357710587,122,74573,80291,80070.859,220.141,-4.914,0,0,0,0,68.18,68.18,2,1,512,99.00,0,1,24,1,1,24,24,0,0,0,1475629121,0.04028,0.00684,0.95410,0.95498,-0.00585,0.00132,-0.00194,0.00630,0.95764,0.00747,0.00664,3,12109,0,25984,0.11137,0.07177,0.64446,100,1,93.888,115,1,3,4294,195192,0,0,0.000,3.200,21.859,0,0.000,62.194,2.557,0,0,1,0,4
PPG,4,358905,14357750587,123,74570,80287,80073.023,213.977,11.297,0,0,0,0,68.18,68.18,2,1,512,99.00,0,1,24,1,1,25,25,0,0,0,1475668489,0.04346,0.00269,0.95264,0.95363,-0.00558,-0.00108,-0.00114,0.00580,0.95419,0.00188,0.00653,3,12299,0,25984,0.11137,0.07177,0.64446,100,1,93.888,115,1,3,4308,195192,0,0,0.000,3.200,21.859,0,0.000,62.194,2.557,0,0,1,0,4
PPG,4,358906,14357790587,122,74561,80290,80075.195,214.805,27.961,0,0,0,0,68.18,68.18,2,1,512,99.00,0,1,24,1,1,26,26,0,0,0,1475707503,0.04712,0.00415,0.95483,0.95600,-0.00612,0.00052,-0.00247,0.00662,0.96095,0.01061,0.00662,3,12169,0,25984,0.11137,0.07177,0.64446,100,1,93.888,115,1,3,2596,195192,0,0,0.000,3.200,21.859,0,0.000,62.194,2.557,0,0,1,0,4
PPG,4,358907,14357830587,123,74563,80314,80077.586,236.414,43.828,0,0,0,0,68.18,68.18,2,1,512,99.00,0,1,24,1,1,27,27,0,0,0,1475749067,0.04028,0.00513,0.95825,0.95911,-0.00585,0.00025,-0.00114,0.00597,0.95911,0.00573,0.00667,3,12147,0,25984,0.11137,0.07177,0.64446,100,1,93.888,115,1,3,4323,195192,0,0,0.000,3.200,21.859,0,0.000,62.194,2.557,0,0,1,0,4
PPG,4,358908,14357870587,122,74573,80321,80080.023,240.977,56.500,0,0,0,0,68.18,68.18,2,1,512,99.00,0,1,24,1,1,28,28,0,0,0,1475788055,0.04517,0.00391,0.95361,0.95469,-0.00585,0.00079,-0.00167,0.00614,0.95469,0.00553,0.00634,3,12128,0,25984,0.11137,0.07177,0.64446,100,1,93.888,115,1,3,2595,195192,0,0,0.000,3.200,21.859,0,0.000,62.194,2.557,0,0,1,0,4
PPG,4,358909,14357910587,123,74572,80336,80082.586,253.414,67.258,0,0,0,0,68.18,68.18,2,1,512,99.00,0,1,24,1,1,29,29,0,0,0,1475829608,0.04004,0.00562,0.95264,0.95349,-0.00612,-0.00055,-0.00167,0.00637,0.95671,0.00555,0.00637,3,12109,0,25984,0.11137,0.07177,0.64446,100,1,93.888,115,1,3,4295,195192,0,0,0.000,3.200,21.859,0,0.000,62.194,2.557,0,0,1,0,4
PPG,4,358910,14357950587,122,74574,80332,80085.078,246.922,72.594,0,0,0,0,68.18,68.18,2,1,512,99.00,0,1,24,1,1,30,30,0,0,0,1475868602,0.04834,0.00415,0.95313,0.95436,-0.00585,-0.00108,-0.00087,0.00601,0.95436,0.00433,0.00673,3,12114,0,25984,0.11137,0.07177,0.64446,100,1,93.888,115,1,3,4295,195192,0,0,0.000,3.200,21.859,0,0.000,62.194,2.557,0,0,1,0,4
PPG,4,358911,14357990587,136,74560,80316,80087.391,228.609,68.414,0,0,0,0,68.18,68.18,2,1,512,99.00,0,1,24,1,1,31,31,0,0,0,1475907556,0.04272,0.00757,0.95166,0.95265,-0.00692,-0.00001,-0.00167,0.00712,0.96173,0.00908,0.00712,3,12120,0,25984,0.11137,0.07177,0.64446,100,1,93.888,115,1,3,2595,195192,0,0,0.000,3.200,21.859,0,0.000,62.194,2.557,0,0,1,0,4
PPG,4,358912,14358030587,130,74559,80324,80089.758,234.242,64.398,0,0,0,0,68.18,68.18,2,1,512,99.00,0,1,24,1,1,0,0,0,0,0,1475943700,0.04614,0.00220,0.94946,0.95059,-0.00612,-0.00055,-0.00167,0.00637,0.95787,0.00728,0.00732,2,18870,0,25984,0.11137,0.07177,0.64446,100,1,93.888,115,1,3,2587,195192,0,0,0.000,3.200,21.859,0,0.000,62.194,2.557,0,0,1,0,4
PPG,4,358913,14358070587,127,74546,80298,80091.844,206.156,58.492,0,0,0,0,68.18,68.18,2,1,512,99.00,0,1,24,1,1,1,1,0,0,0,1475987978,0.04541,0.00195,0.95654,0.95762,-0.00612,-0.00108,-0.00141,0.00637,0.95762,0.00420,0.00637,3,12106,0,25985,0.11137,0.07177,0.64446,100,1,93.888,115,1,3,2598,195192,0,0,0.000,3.200,21.859,0,0.000,62.194,2.557,0,0,1,0,4
PPG,4,358914,14358110587,124,74479,80140,80092.328,47.672,34.992,0,0,0,0,68.18,68.18,2,1,512,99.00,0,1,24,1,1,2,2,0,0,0,1476029536,0.04614,0.00391,0.95532,0.95644,-0.00532,0.00025,-0.00167,0.00558,0.95787,0.00184,0.00637,3,12117,0,25985,0.11137,0.07177,0.64446,100,1,93.888,115,1,3,4297,195192,0,0,0.000,3.200,21.859,0,0.000,62.194,2.557,0,0,1,0,4
PPG,4,358915,14358150587,125,74445,80066,80092.062,-26.062,4.156,0,0,0,0,68.18,68.18,2,1,512,99.00,0,1,24,1,1,3,3,0,0,0,1476068540,0.04150,0.00659,0.95728,0.95820,-0.00505,0.00052,-0.00141,0.00527,0.95820,0.00457,0.00527,3,12117,0,25985,0.11137,0.07177,0.64446,100,1,93.888,115,1,3,4296,195192,0,0,0.000,3.200,21.859,0,0.000,62.194,2.557,0,0,1,0,4
PPG,4,358916,14358190587,125,74462,80084,80091.984,-7.984,-26.141,0,0,0,0,68.18,68.18,2,1,512,99.00,0,1,24,1,1,4,4,0,0,0,1476107556,0.04297,0.00610,0.95483,0.95582,-0.00745,-0.00055,-0.00194,0.00772,0.95582,0.00826,0.00772,3,12116,0,25985,0.11137,0.07177,0.64446,100,1,93.888,115,1,3,2594,195192,0,0,0.000,3.200,21.859,0,0.000,62.194,2.557,0,0,1,0,4
PPG,4,358917,14358230587,123,74488,80135,80092.414,42.586,-50.492,0,0,0,0,68.18,68.18,2,1,512,99.00,0,1,24,1,1,5,5,0,0,0,1476149091,0.04224,0.00439,0.95386,0.95480,-0.00505,-0.00028,-0.00221,0.00552,0.95886,0.00529,0.00675,3,12116,0,25985,0.11137,0.07177,0.64446,100,1,93.888,115,1,3,4316,195192,0,0,0.000,3.200,21.859,0,0.000,62.194,2.557,0,0,1,0,4
PPG,4,358918,14358270587,142,74493,80132,80092.812,39.188,-74.172,1,0,1,900,68.18,68.18,2,1,512,99.00,0,1,24,1,1,6,6,0,0,0,1476188044,0.04224,0.00537,0.95142,0.95237,-0.00718,-0.00001,-0.00167,0.00738,0.95611,0.00191,0.00738,3,12109,0,25985,0.11137,0.07177,0.64446,100,1,93.888,115,1,3,2594,195192,0,0,51.883,3.200,21.859,1,147.688,62.194,2.557,1,1,1,0,5
PPG,4,358919,14358310587,126,74490,80146,80093.344,52.656,-97.547,0,0,0,0,68.18,68.18,2,1,512,99.00,0,1,24,1,1,7,7,0,0,0,1476229740,0.04932,0.00171,0.95410,0.95538,-0.00505,-0.00108,-0.00141,0.00535,0.95591,0.00353,0.00714,3,12117,0,25985,0.11137,0.07177,0.64446,100,1,93.888,115,1,3,4295,195192,0,0,0.000,3.311,23.266,0,0.000,62.195,2.557,0,0,1,0,5
PPG,4,358920,14358350587,123,74523,80194,80094.352,99.648,-111.562,0,0,0,0,68.18,68.18,2,1,512,99.00,0,1,24,1,1,8,8,0,0,0,1476268752,0.04297,0.00854,0.95313,0.95413,-0.00558,-0.00055,-0.00274,0.00624,0.95413,0.00579,0.00800,3,12155,0,25985,0.11137,0.07177,0.64446,100,1,93.888,115,1,3,4296,195192,0,0,0.000,3.311,23.266,0,0.000,62.195,2.557,0,0,1,0,5
PPG,4,358921,14358390587,519,74513,80183,80095.234,87.766,-102.211,0,0,0,0,68.18,68.18,2,1,512,100.00,0,1,24,1,1,9,9,0,0,0,1476307752,0.03687,0.00024,0.95483,0.95555,-0.00558,-0.00028,-0.00194,0.00592,0.96092,0.00679,0.00604,3,12117,0,25985,0.12584,0.07472,0.59373,100,1,95.157,53,1,3,2595,195192,0,0,0.000,3.311,23.266,0,0.000,62.195,2.557,0,0,1,0,5
PPG,4,358922,14358430587,239,74529,80192,80096.203,95.797,-80.758,0,0,0,0,68.18,68.18,2,1,512,100.00,0,1,24,1,1,10,10,0,0,0,1476349738,0.04272,0.00366,0.94971,0.95067,-0.00585,0.00052,-0.00194,0.00619,0.95199,0.00356,0.00744,3,12115,0,25985,0.12584,0.07472,0.59373,100,1,95.157,53,1,3,4296,195192,0,0,0.000,3.311,23.266,0,0.000,62.195,2.557,0,0,1,0,5
PPG,4,358923,14358470587,124,74529,80216,80097.398,118.602,-58.711,0,0,0,0,68.18,68.18,2,1,512,100.00,0,1,24,1,1,11,11,0,0,0,1476388822,0.04150,0.00439,0.94946,0.95038,-0.00558,-0.00001,-0.00114,0.00570,0.95272,0.00315,0.00640,3,12118,0,25985,0.12584,0.07472,0.59373,100,1,95.157,53,1,3,4297,195192,0,0,0.000,3.311,23.266,0,0.000,62.195,2.557,0,0,1,0,5
PPG,4,358924,14358510587,123,74555,80256,80098.984,157.016,-39.672,0,0,0,0,68.18,68.18,2,1,512,100.00,0,1,24,1,1,12,12,0,0,0,1476427768,0.04126,0.00879,0.95703,0.95796,-0.00585,0.00025,-0.00221,0.00626,0.95863,0.00826,0.00626,3,12113,0,25985,0.12584,0.07472,0.59373,100,1,95.157,53,1,3,2595,195192,0,0,0.000,3.311,23.266,0,0.000,62.195,2.557,0,0,1,0,5
PPG,4,358925,14358550587,124,74558,80268,80100.672,167.328,-19.289,0,0,0,0,68.18,68.18,2,1,512,100.00,0,1,24,1,1,13,13,0,0,0,1476469353,0.04321,0.00464,0.94971,0.95070,-0.00612,-0.00161,-0.00167,0.00654,0.96073,0.00776,0.00654,3,12172,0,25985,0.12584,0.07472,0.59373,100,1,95.157,53,1,3,4297,195192,0,0,0.000,3.311,23.266,0,0.000,62.195,2.557,0,0,1,0,5
PPG,4,358926,14358590587,123,74546,80269,80102.352,166.648,-0.672,0,0,0,0,68.18,68.18,2,1,512,100.00,0,1,24,1,1,14,14,0,0,0,1476508286,0.04004,0.00684,0.94775,0.94862,-0.00612,0.00185,-0.00247,0.00685,0.95299,0.00437,0.00685,3,12106,0,25985,0.12584,0.07472,0.59373,100,1,95.157,53,1,3,2600,195192,0,0,0.000,3.311,23.266,0,0.000,62.195,2.557,0,0,1,0,5
PPG,4,358927,14358630587,124,74537,80262,80103.945,158.055,11.641,0,0,0,0,68.18,68.18,2,1,512,100.00,0,1,24,1,1,15,15,0,0,0,1476549840,0.04150,0.00122,0.94971,0.95061,-0.00505,-0.00055,-0.00141,0.00527,0.95086,0.00267,0.00644,3,12112,0,25985,0.12584,0.07472,0.59373,100,1,95.157,53,1,3,4295,195192,0,0,0.000,3.311,23.266,0,0.000,62.195,2.557,0,0,1,0,5
PPG,4,358928,14358670587,123,74537,80260,80105.508,154.492,25.688,0,0,0,0,68.18,68.18,2,1,512,100.00,0,1,24,1,1,16,16,0,0,0,1476588797,0.04028,0.00806,0.95386,0.95474,-0.00612,-0.00215,-0.00114,0.00658,0.95674,0.00317,0.00658,3,12111,0,25985,0.12584,0.07472,0.59373,100,1,95.157,53,1,3,4299,195192,0,0,0.000,3.311,23.266,0,0.000,62.195,2.557,0,0,1,0,5
PPG,4,358929,14358710587,127,74524,80285,80107.305,177.695,41.531,0,0,0,0,68.18,68.18,2,1,512,100.00,0,1,24,1,1,17,17,0,0,0,1476627796,0.04321,0.00342,0.95483,0.95582,-0.00532,-0.00188,-0.00061,0.00567,0.96182,0.00989,0.00773,3,12110,0,25985,0.12584,0.07472,0.59373,100,1,95.157,53,1,3,2604,195192,0,0,0.000,3.311,23.266,0,0.000,62.195,2.557,0,0,1,0,5
PPG,4,358930,14358750587,123,74535,80287,80109.102,177.898,53.922,0,0,0,0,68.18,68.18,2,1,512,100.00,0,1,24,1,1,18,18,0,0,0,1476669410,0.04077,0.00391,0.95410,0.95498,-0.00638,0.00052,-0.00194,0.00669,0.95498,0.00587,0.00669,3,12167,0,25985,0.12584,0.07472,0.59373,100,1,95.157,53,1,3,4405,195192,0,0,0.000,3.311,23.266,0,0.000,62.195,2.557,0,0,1,0,5
PPG,4,358931,14358790587,132,74547,80302,80111.031,190.969,61.188,0,0,0,0,68.18,68.18,2,1,512,100.00,0,1,24,1,1,19,19,0,0,0,1476708589,0.04077,0.00122,0.95068,0.95156,-0.00558,0.00052,-0.00114,0.00572,0.95207,0.00311,0.00631,3,12211,0,25985,0.12584,0.07472,0.59373,100,1,95.157,53,1,3,4299,195192,0,0,0.000,3.311,23.266,0,0.000,62.195,2.557,0,0,1,0,5
PPG,4,358932,14358830587,139,74560,80331,80113.234,217.766,69.844,0,0,0,0,68.18,68.18,2,1,512,100.00,0,1,24,1,1,20,20,0,0,0,1476747845,0.04077,0.00317,0.95190,0.95278,-0.00638,-0.00028,-0.00141,0.00654,0.95754,0.00598,0.00656,3,12346,0,25985,0.12584,0.07472,0.59373,100,1,95.157,53,1,3,2625,195192,0,0,0.000,3.311,23.266,0,0.000,62.195,2.557,0,0,1,0,5
PPG,4,358933,14358870587,125,74581,80362,80115.719,246.281,79.930,0,0,0,0,68.18,68.18,2,1,512,100.00,0,1,24,1,1,21,21,0,0,0,1476789866,0.04370,0.01074,0.94873,0.94980,-0.00612,-0.00161,-0.00034,0.00634,0.95401,0.00636,0.00634,3,12278,0,25985,0.12584,0.07472,0.59373,100,1,95.157,53,1,3,4351,195192,0,0,0.000,3.311,23.266,0,0.000,62.195,2.557,0,0,1,0,5
PPG,4,358934,14358910587,123,74584,80364,80118.203,245.797,83.297,0,0,0,0,68.18,68.18,2,1,512,100.00,0,1,24,1,1,22,22,0,0,0,1476829254,0.03955,0.00635,0.96069,0.96153,-0.00638,-0.00268,-0.00141,0.00706,0.96153,0.00537,0.00706,3,12246,0,25985,0.12584,0.07472,0.59373,100,1,95.157,53,1,3,4317,195192,0,0,0.000,3.311,23.266,0,0.000,62.195,2.557,0,0,1,0,5
PPG,4,358935,14358950587,152,74570,80362,80120.641,241.359,83.070,0,1,0,0,68.18,68.18,2,1,512,100.00,0,1,24,1,1,23,23,0,0,0,1476868501,0.04980,0.00269,0.95142,0.95272,-0.00612,-0.00055,-0.00167,0.00637,0.95535,0.00618,0.00712,3,12259,0,25985,0.12584,0.07472,0.59373,100,1,95.157,53,1,3,2633,195192,0,0,0.000,3.311,23.266,0,0.000,62.195,2.557,0,0,1,0,5
PPG,4,358936,14358990587,124,74580,80376,80123.195,252.805,81.469,0,0,0,0,68.18,68.18,2,1,512,100.00,0,1,24,1,1,24,24,0,0,0,1476910576,0.04077,0.00171,0.95630,0.95717,-0.00665,0.00052,-0.00141,0.00682,0.95793,0.00513,0.00703,3,12272,0,25985,0.12584,0.07472,0.59373,100,1,95.157,53,1,3,4324,195192,0,0,0.000,3.311,23.266,0,0.000,62.195,2.557,0,0,1,0,5
PPG,4,358937,14359030587,142,74556,80337,80125.336,211.664,78.508,0,0,0,0,68.18,68.18,2,1,512,100.00,0,1,24,1,1,25,25,0,0,0,1476944351,0.04224,0.00659,0.94824,0.94921,-0.00558,0.00185,-0.00114,0.00599,0.95298,0.00419,0.00654,2,19044,0,25985,0.12584,0.07472,0.59373,100,1,95.157,53,1,3,2628,195192,0,0,0.000,3.361,22.509,0,0.000,62.195,2.557,0,0,1,0,5
PPG,4,358938,14359070587,134,74546,80243,80126.516,116.484,64.539,0,0,0,0,68.18,68.18,2,1,512,100.00,0,1,24,1,1,26,26,0,0,0,1476989109,0.03882,0.00806,0.94995,0.95078,-0.00638,-0.00215,-0.00221,0.00709,0.95960,0.00882,0.00709,3,12242,0,25986,0.12584,0.07472,0.59373,100,1,95.157,53,1,3,4314,195192,0,0,73.750,3.361,22.509,1,0.000,62.195,2.557,0,0,1,0,5
PPG,4,358939,14359110587,133,74537,80184,80127.094,56.906,41.641,0,0,0,0,68.18,68.18,2,1,512,100.00,0,1,24,1,1,27,27,0,0,0,1477028357,0.04785,0.00122,0.95117,0.95238,-0.00612,-0.00055,-0.00167,0.00637,0.95582,0.00345,0.00693,3,12256,0,25986,0.12584,0.07472,0.59373,100,1,95.157,53,1,3,2628,195192,0,0,0.000,3.361,22.509,0,0.000,62.195,2.557,0,0,1,0,5
PPG,4,358940,14359150587,124,74527,80201,80127.836,73.164,18.289,0,0,0,0,68.18,68.18,2,1,512,100.00,0,1,24,1,1,28,28,0,0,0,1477070343,0.04590,0.00244,0.95166,0.95277,-0.00558,0.00025,-0.00034,0.00560,0.95277,0.00152,0.00648,3,12258,0,25986,0.12584,0.07472,0.59373,100,1,95.157,53,1,3,4358,195192,0,0,0.000,3.361,22.509,0,0.000,62.195,2.557,0,0,1,0,5
PPG,4,358941,14359190587,126,74551,80228,80128.836,99.164,-3.391,0,0,0,0,68.18,68.18,2,1,512,100.00,0,1,24,1,1,29,29,0,0,0,1477109619,0.04346,0.00244,0.95215,0.95314,-0.00558,0.00052,-0.00247,0.00613,0.96290,0.00975,0.00662,3,12232,0,25986,0.12584,0.07472,0.59373,100,1,95.157,53,1,3,4330,195192,0,0,0.000,3.361,22.509,0,0.000,62.195,2.557,0,0,1,0,5
PPG,4,358942,14359230587,131,74557,80237,80129.914,107.086,-23.500,1,0,0,0,68.18,68.18,2,1,512,100.00,0,1,24,1,1,30,30,0,0,0,1477148907,0.04517,0.00537,0.95313,0.95421,-0.00532,-0.00055,-0.00114,0.00547,0.95838,0.00668,0.00603,3,12240,0,25986,0.12584,0.07472,0.59373,100,1,95.157,53,1,3,4354,195192,0,0,0.000,3.361,22.509,0,194.859,62.195,2.557,1,0,1,0,5
PPG,4,358943,14359270587,127,74543,80268,80131.297,136.703,-41.531,0,0,0,0,68.18,68.18,2,1,512,100.00,0,1,24,1,1,31,31,0,0,0,1477188275,0.04175,0.00732,0.95679,0.95773,-0.00479,-0.00161,-0.00167,0.00532,0.95773,0.00327,0.00687,3,12276,0,25986,0.12584,0.07472,0.59373,100,1,95.157,53,1,3,2648,195192,0,0,0.000,3.361,22.509,0,0.000,62.195,2.557,0,0,1,0,5
PPG,4,358944,14359310587,133,74551,80282,80132.805,149.195,-50.688,0,0,0,0,68.18,68.18,2,1,512,100.00,0,1,24,1,1,0,0,0,0,0,1477230197,0.04370,0.00537,0.95728,0.95829,-0.00585,-0.00081,-0.00194,0.00622,0.95829,0.00812,0.00731,3,12261,0,25986,0.12584,0.07472,0.59373,100,1,95.157,53,1,3,4341,195192,0,0,0.000,3.361,22.509,0,0.000,62.195,2.557,0,0,1,0,5
PPG,4,358945,14359350587,127,74559,80261,80134.086,126.914,-47.758,0,0,0,0,68.18,68.18,2,1,512,100.00,0,1,24,1,1,1,1,0,0,0,1477269550,0.04663,0.00439,0.95801,0.95915,-0.00585,0.00025,-0.00087,0.00592,0.95915,0.00526,0.00633,3,12250,0,25986,0.12584,0.07472,0.59373,100,1,95.157,53,1,3,4330,195192,0,0,0.000,3.361,22.509,0,0.000,62.195,2.557,0,0,1,0,5
PPG,4,358946,14359390587,519,74539,80242,80135.164,106.836,-38.133,0,0,0,0,68.18,68.18,2,1,512,100.00,0,1,24,1,1,2,2,0,0,0,1477308828,0.04419,0.00098,0.95459,0.95561,-0.00585,-0.00055,-0.00194,0.00619,0.95646,0.00683,0.00693,3,12235,0,25986,0.11987,0.06448,0.53791,99,1,96.552,65,1,3,4331,195192,0,0,0.000,3.361,22.509,0,0.000,62.195,2.557,0,0,1,0,5
PPG,4,358947,14359430587,179,74559,80262,80136.430,125.570,-29.414,0,0,0,0,68.18,68.18,2,1,512,100.00,0,1,24,1,1,3,3,0,0,0,1477348581,0.04102,0.00586,0.95337,0.95427,-0.00612,-0.00028,-0.00114,0.00623,0.96070,0.00643,0.00625,3,12289,0,25986,0.11987,0.06448,0.53791,99,1,96.552,65,1,3,2609,195192,0,0,0.000,3.361,22.509,0,0.000,62.195,2.557,0,0,1,0,5
PPG,4,358948,14359470587,124,74566,80290,80137.969,152.031,-22.062,0,0,0,0,68.18,68.18,2,1,512,100.00,0,1,24,1,1,4,4,0,0,0,1477390459,0.03931,0.00293,0.94897,0.94979,-0.00638,-0.00028,-0.00114,0.00649,0.95226,0.00311,0.00649,3,12303,0,25986,0.11987,0.06448,0.53791,99,1,96.552,65,1,3,4318,195192,0,0,0.000,3.361,22.509,0,0.000,62.195,2.557,0,0,1,0,5
PPG,4,358949,14359510587,134,74559,80307,80139.656,167.344,-13.156,0,0,0,0,68.18,68.18,2,1,512,100.00,0,1,24,1,1,5,5,0,0,0,1477429517,0.03979,0.00317,0.95752,0.95835,-0.00558,-0.00135,-0.00114,0.00586,0.95835,0.00764,0.00695,3,12162,0,25986,0.11987,0.06448,0.53791,99,1,96.552,65,1,3,4305,195192,0,0,0.000,3.361,22.509,0,0.000,62.195,2.557,0,0,1,0,5
PPG,4,358950,14359550587,127,74559,80299,80141.250,157.750,-9.328,0,0,0,0,68.18,68.18,2,1,512,100.00,0,1,24,1,1,6,6,0,0,0,1477468503,0.03906,0.00293,0.95044,0.95125,-0.00692,-0.00001,-0.00167,0.00712,0.95125,0.00810,0.00712,3,12121,0,25986,0.11987,0.06448,0.53791,99,1,96.552,65,1,3,2628,195192,0,0,0.000,3.361,22.509,0,0.000,62.195,2.557,0,0,1,0,5
PPG,4,358951,14359590587,129,74569,80318,80143.016,174.984,-4.992,0,0,0,0,68.18,68.18,2,1,512,100.00,0,1,24,1,1,7,7,0,0,0,1477510252,0.04077,0.00122,0.94775,0.94863,-0.00638,0.00079,-0.00194,0.00672,0.95081,0.00295,0.00748,3,12115,0,25986,0.11987,0.06448,0.53791,99,1,96.552,65,1,3,4296,195192,0,0,0.000,3.361,22.509,0,0.000,62.195,2.557,0,0,1,0,5
PPG,4,358952,14359630587,128,74598,80363,80145.219,217.781,7.992,0,0,0,0,68.18,68.18,2,1,512,100.00,0,1,24,1,1,8,8,0,0,0,1477549212,0.04346,0.00269,0.95190,0.95290,-0.00532,-0.00028,-0.00114,0.00545,0.95941,0.01078,0.00571,3,12125,0,25986,0.11987,0.06448,0.53791,99,1,96.552,65,1,3,4305,195192,0,0,0.000,3.361,22.509,0,0.000,62.195,2.557,0,0,1,0,5
PPG,4,358953,14359670587,125,74609,80401,80147.773,253.227,28.750,0,0,0,0,68.18,68.18,2,1,512,100.00,0,1,24,1,1,9,9,0,0,0,1477588163,0.04272,0.00781,0.95386,0.95485,-0.00665,-0.00135,-0.00061,0.00681,0.95528,0.00925,0.00681,3,12129,0,25986,0.11987,0.06448,0.53791,99,1,96.552,65,1,3,2626,195192,0,0,0.000,3.361,22.509,0,0.000,62.195,2.557,0,0,1,0,5
PPG,4,358954,14359710587,124,74624,80409,80150.383,258.617,47.500,0,0,0,0,68.18,68.18,2,1,512,100.00,0,1,24,1,1,10,10,0,0,0,1477629753,0.03931,0.00415,0.94287,0.94370,-0.00558,0.00025,-0.00114,0.00571,0.95917,0.00991,0.00802,3,12117,0,25986,0.11987,0.06448,0.53791,99,1,96.552,65,1,3,4296,195192,0,0,0.000,3.361,22.509,0,0.000,62.195,2.557,0,0,1,0,5
PPG,4,358955,14359750587,125,74618,80409,80152.969,256.031,62.148,0,0,0,0,68.18,68.18,2,1,512,100.00,0,1,24,1,1,11,11,0,0,0,1477668704,0.04297,0.00366,0.95508,0.95605,-0.00612,-0.00108,-0.00167,0.00643,0.95605,0.00892,0.00643,3,12124,0,25986,0.11987,0.06448,0.53791,99,1,96.552,65,1,3,2599,195192,0,0,0.000,3.361,22.509,0,0.000,62.195,2.557,0,0,1,0,5
PPG,4,358956,14359790587,125,74622,80428,80155.719,272.281,76.836,0,0,0,0,68.18,68.18,2,1,512,100.00,0,1,24,1,1,12,12,0,0,0,1477710304,0.04150,0.00244,0.95923,0.96013,-0.00558,0.00025,-0.00194,0.00592,0.96013,0.01130,0.00618,3,12113,0,25986,0.11987,0.06448,0.53791,99,1,96.552,65,1,3,4304,195192,0,0,6.609,3.361,22.509,1,0.000,62.195,2.557,0,0,1,0,5
PPG,4,358957,14359830587,129,74633,80434,80158.500,275.500,91.273,0,0,0,0,68.18,68.18,2,1,512,100.00,0,1,24,1,1,13,13,0,0,0,1477749253,0.04468,0.00171,0.95776,0.95881,-0.00479,0.00052,-0.00194,0.00519,0.95881,0.00588,0.00557,3,12113,0,25986,0.11987,0.06448,0.53791,99,1,96.552,65,1,3,4297,195192,0,0,0.000,3.361,22.509,0,0.000,62.195,2.557,0,0,1,0,5
PPG,4,358958,14359870587,124,74638,80453,80161.445,291.555,100.062,0,0,0,0,68.18,68.18,2,1,512,100.00,0,1,24,1,1,14,14,0,0,0,1477788221,0.04443,0.00757,0.95605,0.95712,-0.00532,-0.00028,-0.00034,0.00534,0.95712,0.00496,0.00634,3,12130,0,25986,0.11987,0.06448,0.53791,99,1,96.552,65,1,3,2594,195192,0,0,0.000,3.361,22.509,0,0.000,62.195,2.557,0,0,1,0,5
PPG,4,358959,14359910587,126,74666,80496,80164.789,331.211,103.461,0,0,0,0,68.18,68.18,2,1,512,100.00,0,1,24,1,1,15,15,0,0,0,1477829895,0.04736,0.00610,0.95605,0.95725,-0.00612,0.00052,-0.00274,0.00672,0.95725,0.00651,0.00672,3,12120,0,25986,0.11987,0.06448,0.53791,99,1,96.552,65,1,3,4299,195192,0,0,0.000,3.361,22.509,0,0.000,62.195,2.557,0,0,1,0,5
PPG,4,358960,14359950587,133,74655,80490,80168.039,321.961,101.719,0,0,0,0,68.18,68.18,2,1,512,100.00,0,1,24,1,1,16,16,0,0,0,1477868848,0.04395,0.00684,0.95068,0.95172,-0.00479,-0.00081,-0.00167,0.00513,0.95263,0.00461,0.00642,3,12115,0,25986,0.11987,0.06448,0.53791,99,1,96.552,65,1,3,4306,195192,0,0,0.000,3.361,22.509,0,0.000,62.195,2.557,0,0,1,0,5
PPG,4,358961,14359990587,134,74611,80348,80169.836,178.164,87.008,0,0,0,0,68.18,68.18,2,1,512,100.00,0,1,24,1,1,17,17,0,0,0,1477908056,0.04639,0.00269,0.94702,0.94816,-0.00638,-0.00055,-0.00034,0.00642,0.95708,0.00892,0.00642,3,12311,0,25986,0.11987,0.06448,0.53791,99,1,96.552,65,1,3,2637,195192,0,0,0.000,3.361,22.509,0,0.000,62.195,2.557,0,0,1,0,5
PPG,4,358962,14360030587,129,74519,80183,80169.969,13.031,57.422,0,0,0,0,68.18,68.18,2,1,512,100.00,0,1,24,1,1,18,18,0,0,0,1477944436,0.04126,0.00464,0.95337,0.95427,-0.00638,0.00079,-0.00061,0.00646,0.95646,0.00830,0.00646,2,18873,0,25986,0.11987,0.06448,0.53791,99,1,96.552,65,1,3,2627,195192,0,0,0.000,3.361,22.509,0,0.000,62.195,2.557,0,0,1,0,5
PPG,4,358963,14360070587,127,74527,80159,80169.859,-10.859,24.438,0,0,0,0,68.18,68.18,2,1,512,100.00,0,1,24,1,1,19,19,0,0,0,1477988738,0.04175,0.00342,0.94849,0.94941,-0.00585,-0.00188,-0.00194,0.00644,0.96045,0.01104,0.00665,3,12115,0,25987,0.11987,0.06448,0.53791,99,1,96.552,65,1,3,2599,195192,0,0,0.000,3.361,22.509,0,0.000,62.195,2.557,0,0,1,0,5
PPG,4,358964,14360110587,124,74545,80199,80170.148,28.852,-4.977,0,0,0,0,68.18,68.18,2,1,512,100.00,0,1,24,1,1,20,20,0,0,0,1478030483,0.04565,0.00513,0.95142,0.95252,-0.00585,-0.00055,-0.00141,0.00604,0.95791,0.00850,0.00608,3,12237,0,25987,0.11987,0.06448,0.53791,99,1,96.552,65,1,3,4314,195192,0,0,0.000,3.361,22.509,0,0.000,62.195,2.557,0,0,1,0,5
PPG,4,358965,14360150587,124,74557,80245,80170.898,74.102,-33.891,0,0,0,0,68.18,68.18,2,1,512,100.00,0,1,24,1,1,21,21,0,0,0,1478069575,0.04517,0.00513,0.95142,0.95250,-0.00585,0.00105,-0.00141,0.00611,0.96061,0.00922,0.00620,3,12270,0,25987,0.11987,0.06448,0.53791,99,1,96.552,65,1,3,4301,195192,0,0,0.000,3.361,22.509,0,0.000,62.195,2.557,0,0,1,0,5
PPG,4,358966,14360190587,153,74581,80296,80172.148,123.852,-65.164,0,0,0,0,68.18,68.18,2,1,512,100.00,0,1,24,1,1,22,22,0,0,0,1478108796,0.04492,0.00391,0.95386,0.95492,-0.00532,0.00025,-0.00221,0.00576,0.95492,0.00386,0.00628,3,12366,0,25987,0.11987,0.06448,0.53791,99,1,96.552,65,1,3,2620,195192,0,0,0.000,3.361,22.509,0,0.000,62.195,2.557,0,0,1,0,5
PPG,4,358967,14360230587,125,74642,80351,80173.938,177.062,-89.469,1,0,0,0,68.18,68.18,2,1,512,100.00,0,1,24,1,1,23,23,0,0,0,1478150801,0.04199,0.00781,0.95190,0.95286,-0.00612,-0.00001,-0.00221,0.00650,0.95613,0.00264,0.00650,3,12257,0,25987,0.11987,0.06448,0.53791,99,1,96.552,65,1,3,4334,195192,0,0,0.000,3.361,22.509,0,154.148,62.195,2.557,1,0,1,0,5
PPG,4,358968,14360270587,145,74708,80413,80176.328,236.672,-86.336,0,0,1,0,0.00,nan,1,2,0,100.00,0,1,24,1,1,24,24,0,0,0,1478190223,0.05322,0.00562,0.94849,0.95000,-0.00692,-0.00001,-0.00141,0.00706,0.96812,0.01526,0.00706,3,12223,0,25987,0.11987,0.06448,0.53791,99,1,96.552,65,1,3,4321,195192,0,0,49.461,3.361,22.509,1,0.000,62.195,2.557,0,1,1,0,1
PPG,4,358969,14360310587,116,74777,80471,80179.273,291.727,-53.391,0,0,0,0,0.00,nan,1,2,0,100.00,0,1,24,1,1,25,25,0,0,0,1478229569,0.04346,0.00464,0.95337,0.95437,-0.00532,0.00052,-0.00087,0.00541,0.95555,0.00556,0.00607,3,12250,0,25987,0.11987,0.06448,0.53791,99,1,96.552,65,1,3,4346,195192,0,0,0.000,3.442,23.513,0,0.000,62.236,2.571,0,0,1,0,1
PPG,4,358970,14360350587,115,74874,80563,80183.109,379.891,-8.883,0,0,0,0,0.00,nan,1,2,0,100.00,0,1,24,1,1,26,26,0,0,0,1478268867,0.04810,0.00293,0.94189,0.94313,-0.00585,0.00052,-0.00087,0.00594,0.95486,0.01002,0.00594,3,12263,0,25987,0.11987,0.06448,0.53791,99,1,96.552,65,1,3,2621,195192,0,0,0.000,3.442,23.513,0,0.000,62.236,2.571,0,0,1,0,1
PPG,4,358971,14360390587,512,75027,80695,80188.227,506.773,43.133,0,0,0,0,0.00,nan,1,2,0,100.00,0,1,24,1,1,27,27,0,0,0,1478310756,0.04248,0.00781,0.94922,0.95020,-0.00585,0.00158,-0.00007,0.00606,0.96018,0.01018,0.00630,3,12320,0,25987,0.13242,0.10001,0.75526,99,1,91.119,65,1,3,4337,195192,0,0,0.000,3.442,23.513,0,0.000,62.236,2.571,0,0,1,0,1
PPG,4,358972,14360430587,171,75123,80759,80193.938,565.062,96.758,0,0,0,0,0.00,nan,1,2,0,100.00,0,1,24,1,1,28,28,0,0,0,1478350467,0.04517,0.00391,0.94824,0.94933,-0.00585,-0.00055,-0.00087,0.00594,0.95748,0.00728,0.00609,3,12231,0,25987,0.13242,0.10001,0.75526,99,1,91.119,65,1,3,4329,195192,0,0,0.000,3.442,23.513,0,0.000,62.236,2.571,0,0,1,0,1
PPG,4,358973,14360470587,132,75138,80726,80199.258,526.742,141.938,0,0,0,0,0.00,nan,1,2,0,100.00,0,1,24,1,1,29,29,0,0,0,1478389866,0.04370,0.00293,0.95410,0.95511,-0.00612,-0.00161,-0.00141,0.00648,0.96025,0.00938,0.00648,3,12246,0,25987,0.13242,0.10001,0.75526,99,1,91.119,65,1,3,4327,195192,0,0,0.000,3.442,23.513,0,0.000,62.236,2.571,0,0,1,0,1
PPG,4,358974,14360510587,116,75126,80701,80204.273,496.727,177.336,0,0,0,0,0.00,nan,1,2,0,100.00,0,1,24,1,1,30,30,0,0,0,1478429278,0.04224,0.00391,0.94897,0.94992,-0.00585,-0.00081,-0.00141,0.00607,0.95560,0.00568,0.00682,3,12260,0,25987,0.13242,0.10001,0.75526,99,1,91.119,65,1,3,4332,195192,0,0,0.000,3.442,23.513,0,0.000,62.236,2.571,0,0,1,0,1
PPG,4,358975,14360550587,128,75151,80742,80209.648,532.352,207.688,0,0,0,0,0.00,nan,1,2,0,100.00,0,1,24,1,1,31,31,0,0,0,1478468461,0.04395,0.00220,0.95068,0.95170,-0.00638,-0.00188,-0.00141,0.00680,0.95664,0.00597,0.00680,3,12223,0,25987,0.13242,0.10001,0.75526,99,1,91.119,65,1,3,2624,195192,0,0,0.000,3.442,23.513,0,0.000,62.236,2.571,0,0,1,0,1
PPG,4,358976,14360590587,118,75185,80839,80215.945,623.055,239.711,0,0,0,0,0.00,nan,1,2,0,100.00,0,1,24,1,1,0,0,0,0,0,1478510397,0.04565,0.00122,0.95239,0.95349,-0.00638,0.00025,-0.00141,0.00654,0.95613,0.00695,0.00654,3,12258,0,25987,0.13242,0.10001,0.75526,99,1,91.119,65,1,3,4353,195192,0,0,0.000,3.442,23.513,0,0.000,62.236,2.571,0,0,1,0,1
PPG,4,358977,14360630587,117,75184,80904,80222.828,681.172,264.922,0,0,0,0,0.00,nan,1,2,0,100.00,0,1,24,1,1,1,1,0,0,0,1478549660,0.04321,0.00342,0.95288,0.95387,-0.00638,0.00158,-0.00167,0.00679,0.95717,0.00601,0.00679,3,12242,0,25987,0.13242,0.10001,0.75526,99,1,91.119,65,1,3,4329,195192,0,0,0.000,3.442,23.513,0,0.000,62.236,2.571,0,0,1,0,1
PPG,4,358978,14360670587,125,75185,80958,80230.180,727.820,277.242,0,0,0,0,0.00,nan,1,2,0,100.00,0,1,24,1,1,2,2,0,0,0,1478588830,0.04199,0.01099,0.95313,0.95411,-0.00585,0.00212,-0.00034,0.00623,0.95635,0.00229,0.00650,3,12230,0,25987,0.13242,0.10001,0.75526,99,1,91.119,65,1,3,2638,195192,0,0,0.000,3.442,23.513,0,0.000,62.236,2.571,0,0,1,0,1
PPG,4,358979,14360710587,117,75192,80973,80237.609,735.391,283.961,0,0,0,0,0.00,nan,1,2,0,100.00,0,1,24,1,1,3,3,0,0,0,1478630791,0.04688,0.00464,0.94946,0.95063,-0.00665,0.00158,-0.00221,0.00718,0.95357,0.00377,0.00736,3,12241,0,25987,0.13242,0.10001,0.75526,99,1,91.119,65,1,3,4332,195192,0,0,0.000,3.442,23.513,0,0.000,62.236,2.571,0,0,1,0,1
PPG,4,358980,14360750587,127,75171,80924,80244.477,679.523,290.547,0,0,0,0,0.00,nan,1,2,0,100.00,0,1,24,1,1,4,4,0,0,0,1478670080,0.04565,0.00732,0.95483,0.95595,-0.00558,-0.00028,-0.00221,0.00601,0.95595,0.00310,0.00708,3,12249,0,25987,0.13242,0.10001,0.75526,99,1,91.119,65,1,3,4332,195192,0,0,0.000,3.442,23.513,0,0.000,62.236,2.571,0,0,1,0,1
PPG,4,358981,14360790587,125,75100,80861,80250.641,610.359,287.758,0,0,0,0,0.00,nan,1,2,0,100.00,0,1,24,1,1,5,5,0,0,0,1478709313,0.04175,0.00610,0.95166,0.95260,-0.00558,0.00105,-0.00141,0.00585,0.95274,0.00321,0.00628,3,12246,0,25987,0.13242,0.10001,0.75526,99,1,91.119,65,1,3,4363,195192,0,0,0.000,3.442,23.513,0,0.000,62.236,2.571,0,0,1,0,1
PPG,4,358982,14360830587,120,75016,80766,80255.797,510.203,262.039,0,0,0,0,0.00,nan,1,2,0,100.00,0,1,24,1,1,6,6,0,0,0,1478748550,0.04272,0.00171,0.95361,0.95457,-0.00558,0.00025,-0.00274,0.00622,0.95565,0.00196,0.00703,3,12300,0,25987,0.13242,0.10001,0.75526,99,1,91.119,65,1,3,2594,195192,0,0,0.000,3.442,23.513,0,0.000,62.236,2.571,0,0,1,0,1
PPG,4,358983,14360870587,140,74940,80605,80259.289,345.711,206.312,0,0,0,0,0.00,nan,1,2,0,100.00,0,1,24,1,1,7,7,0,0,0,1478790139,0.04590,0.00269,0.94800,0.94911,-0.00612,0.00105,-0.00167,0.00643,0.95326,0.00414,0.00689,3,12165,0,25987,0.13242,0.10001,0.75526,99,1,91.119,65,1,3,4300,195192,0,0,0.000,3.442,23.513,0,0.000,62.236,2.571,0,0,1,0,1
PPG,4,358984,14360910587,121,75015,80621,80262.906,358.094,144.781,0,0,0,0,0.00,nan,1,2,0,100.00,0,1,24,1,1,8,8,0,0,0,1478829165,0.03882,0.00391,0.95337,0.95417,-0.00399,0.00132,-0.00114,0.00435,0.96045,0.01134,0.00636,3,12156,0,25987,0.13242,0.10001,0.75526,99,1,91.119,65,1,3,4327,195192,0,0,0.000,3.442,23.513,0,0.000,62.236,2.571,0,0,1,0,1
PPG,4,358985,14360950587,117,75122,80696,80267.234,428.766,84.797,0,0,0,0,0.00,nan,1,2,0,100.00,0,1,24,1,1,9,9,0,0,0,1478868111,0.04688,0.00342,0.95410,0.95526,-0.00505,0.00105,-0.00141,0.00535,0.95526,0.00078,0.00628,3,12114,0,25987,0.13242,0.10001,0.75526,99,1,91.119,65,1,3,2598,195192,0,0,347.766,3.442,23.513,1,0.000,62.236,2.571,0,0,1,0,1
PPG,4,358986,14360990587,181,75041,80535,80269.914,265.086,10.281,0,0,0,0,0.00,nan,1,2,0,100.00,0,1,24,1,1,10,10,0,0,0,1478909676,0.04175,0.00366,0.95190,0.95283,-0.00638,0.00052,-0.00087,0.00646,0.95433,0.00149,0.00659,3,12116,0,25987,0.13242,0.10001,0.75526,99,1,91.119,65,1,3,4295,195192,0,0,0.000,3.442,23.513,0,0.000,62.236,2.571,0,0,1,0,1
PPG,4,358987,14361030587,128,74842,80226,80269.477,-43.477,-83.188,0,0,0,0,0.00,nan,1,2,0,100.00,0,1,24,1,1,11,11,0,0,0,1478945950,0.04492,0.00317,0.94849,0.94955,-0.00585,-0.00055,-0.00114,0.00599,0.95122,0.00166,0.00627,2,21482,0,25988,0.13242,0.10001,0.75526,99,1,91.119,65,1,3,2590,195192,0,0,0.000,3.442,23.513,0,0.000,62.236,2.571,0,0,1,0,1
PPG,4,358988,14361070587,149,74687,80028,80267.062,-239.062,-182.938,1,0,1,760,78.95,78.95,2,1,0,100.00,0,1,24,1,1,12,12,0,0,0,1478990229,0.04492,0.00439,0.94629,0.94736,-0.00638,-0.00215,-0.00167,0.00694,0.95562,0.00607,0.00694,3,12137,0,25988,0.13242,0.10001,0.75526,99,1,91.119,65,1,3,4299,195192,0,0,0.000,3.442,23.513,0,380.016,62.236,2.571,1,1,1,0,2
PPG,4,358989,14361110587,119,74721,80079,80265.180,-186.180,-261.477,0,0,0,0,78.95,78.95,2,1,0,100.00,0,1,24,1,1,13,13,0,0,0,1479029398,0.04395,0.00342,0.95410,0.95512,-0.00612,-0.00108,-0.00194,0.00651,0.95723,0.00987,0.00747,3,12168,0,25988,0.13242,0.10001,0.75526,99,1,91.119,65,1,3,4318,195192,0,0,0.000,5.378,47.420,0,0.000,63.684,3.073,0,0,1,0,2
PPG,4,358990,14361150587,118,74758,80171,80264.234,-93.234,-303.883,0,0,0,0,78.95,78.95,2,1,0,100.00,0,1,24,1,1,14,14,0,0,0,1479068363,0.04248,0.00464,0.95288,0.95384,-0.00452,-0.00108,-0.00141,0.00485,0.95963,0.00603,0.00731,3,12120,0,25988,0.13242,0.10001,0.75526,99,1,91.119,65,1,3,2600,195192,0,0,0.000,5.378,47.420,0,0.000,63.684,3.073,0,0,1,0,2
PPG,4,358991,14361190587,118,74653,80100,80262.594,-162.594,-348.562,0,0,0,0,78.95,78.95,2,1,0,100.00,0,1,24,1,1,15,15,0,0,0,1479109896,0.04419,0.00317,0.94751,0.94854,-0.00585,-0.00215,0.00019,0.00623,0.95494,0.00640,0.00627,3,12121,0,25988,0.13242,0.10001,0.75526,99,1,91.119,65,1,3,4303,195192,0,0,0.000,5.378,47.420,0,0.000,63.684,3.073,0,0,1,0,2
PPG,4,358992,14361230587,118,74804,80336,80263.328,72.672,-378.836,0,0,0,0,78.95,78.95,2,1,0,100.00,0,1,24,1,1,16,16,0,0,0,1479148906,0.04614,0.00439,0.94849,0.94962,-0.00612,-0.00161,-0.00167,0.00654,0.95710,0.00855,0.00654,3,12117,0,25988,0.13242,0.10001,0.75526,99,1,91.119,65,1,3,2595,195192,0,0,0.000,5.378,47.420,0,0.000,63.684,3.073,0,0,1,0,2
PPG,4,358993,14361270587,119,74999,80549,80266.188,282.812,-367.992,0,0,0,0,78.95,78.95,2,1,0,100.00,0,1,24,1,1,17,17,0,0,0,1479190471,0.04150,0.00537,0.94775,0.94868,-0.00532,-0.00268,-0.00114,0.00606,0.95893,0.01025,0.00640,3,12119,0,25988,0.13242,0.10001,0.75526,99,1,91.119,65,1,3,4301,195192,0,0,0.000,5.378,47.420,0,0.000,63.684,3.073,0,0,1,0,2
PPG,4,358994,14361310587,120,75132,80692,80270.445,421.555,-300.961,0,0,0,0,78.95,78.95,2,1,0,100.00,0,1,24,1,1,18,18,0,0,0,1479229552,0.04126,0.00708,0.95605,0.95697,-0.00585,-0.00161,-0.00114,0.00618,0.95929,0.01062,0.00618,3,12161,0,25988,0.13242,0.10001,0.75526,99,1,91.119,65,1,3,4309,195192,0,0,0.000,5.378,47.420,0,0.000,63.684,3.073,0,0,1,0,2
PPG,4,358995,14361350587,120,75296,80844,80276.180,567.820,-189.492,0,0,0,0,78.95,78.95,2,1,0,100.00,0,1,24,1,1,19,19,0,0,0,1479268523,0.04492,0.00269,0.95557,0.95663,-0.00612,-0.00135,-0.00114,0.00637,0.96447,0.01818,0.00793,3,12132,0,25988,0.13242,0.10001,0.75526,99,1,91.119,65,1,3,2594,195192,0,0,0.000,5.378,47.420,0,0.000,63.684,3.073,0,0,1,0,2
PPG,4,358996,14361390587,514,75340,80878,80282.195,595.805,-77.297,0,0,0,0,78.95,78.95,2,1,0,99.00,0,1,24,1,1,20,20,0,0,0,1479310100,0.04297,0.00586,0.95337,0.95435,-0.00585,-0.00108,-0.00114,0.00606,0.95435,0.00471,0.00631,3,12140,0,25988,0.27704,0.31169,1.12506,99,1,81.874,83,1,3,4306,195192,0,0,0.000,5.378,47.420,0,0.000,63.684,3.073,0,0,1,0,2
PPG,4,358997,14361430587,168,75301,80843,80287.805,555.195,21.750,0,0,0,0,78.95,78.95,2,1,0,99.00,0,1,24,1,1,21,21,0,0,0,1479349534,0.04492,0.00757,0.95142,0.95251,-0.00665,-0.00081,-0.00061,0.00673,0.95347,0.00629,0.00694,3,12128,0,25988,0.27704,0.31169,1.12506,99,1,81.874,83,1,3,4297,195192,0,0,0.000,5.378,47.420,0,0.000,63.684,3.073,0,0,1,0,2
PPG,4,358998,14361470587,122,75208,80733,80292.258,440.742,123.430,0,0,0,0,78.95,78.95,2,1,0,99.00,0,1,24,1,1,22,22,0,0,0,1479388551,0.03784,0.00317,0.95215,0.95291,-0.00638,-0.00188,-0.00087,0.00671,0.95291,0.00401,0.00712,3,12138,0,25988,0.27704,0.31169,1.12506,99,1,81.874,83,1,3,2595,195192,0,0,0.000,5.378,47.420,0,0.000,63.684,3.073,0,0,1,0,2
PPG,4,358999,14361510587,124,75148,80636,80295.695,340.305,183.141,0,0,0,0,78.95,78.95,2,1,0,99.00,0,1,24,1,1,23,23,0,0,0,1479430138,0.04810,0.00537,0.94849,0.94972,-0.00558,-0.00188,-0.00167,0.00612,0.95846,0.00555,0.00612,3,12160,0,25988,0.27704,0.31169,1.12506,99,1,81.874,83,1,3,4301,195192,0,0,0.000,5.378,47.420,0,0.000,63.684,3.073,0,0,1,0,2
PPG,4,359000,14361550587,119,75117,80589,80298.625,290.375,205.602,0,0,0,0,78.95,78.95,2,1,0,99.00,0,1,24,1,1,24,24,0,0,0,1479469092,0.04346,0.00439,0.95679,0.95778,-0.00718,-0.00135,-0.00247,0.00771,0.95778,0.01083,0.00771,3,12117,0,25988,0.27704,0.31169,1.12506,99,1,81.874,83,1,3,2599,195192,0,0,0.000,5.378,47.420,0,0.000,63.684,3.073,0,0,1,0,2
PPG,4,359001,14361590587,150,75101,80585,80301.492,283.508,204.109,0,0,0,0,78.95,nan,3,2,256,99.00,0,1,24,1,1,25,25,0,0,0,1479510649,0.04126,0.00610,0.95532,0.95623,-0.00585,-0.00081,-0.00141,0.00607,0.95623,0.00360,0.00761,3,12110,0,25988,0.27704,0.31169,1.12506,99,1,81.874,83,1,3,4295,195192,0,0,0.000,5.378,47.420,0,0.000,63.684,3.073,0,0,3,4000,2
PPG,4,359002,14361630587,96,75150,80631,80304.789,326.211,0.000,0,0,0,0,0.00,nan,3,2,256,99.00,0,1,24,1,1,26,26,0,0,0,1479549655,0.04224,0.00366,0.95459,0.95553,-0.00558,-0.00108,-0.00087,0.00575,0.95571,0.00534,0.00618,3,12116,0,25988,0.27704,0.31169,1.12506,99,1,81.874,83,1,3,4297,195192,0,0,0.000,0.750,3.000,0,0.000,0.750,3.000,0,0,3,3960,0
PPG,4,359003,14361670587,97,75138,80560,80307.344,252.656,0.000,0,0,0,0,0.00,nan,3,2,256,99.00,0,1,24,1,1,27,27,0,0,0,1479588534,0.04541,0.00195,0.95898,0.96006,-0.00558,-0.00028,-0.00087,0.00566,0.96080,0.00690,0.00586,3,12137,0,25988,0.27704,0.31169,1.12506,99,1,81.874,83,1,3,2595,195192,0,0,0.000,0.750,3.000,0,0.000,0.750,3.000,0,0,3,3920,0
PPG,4,359004,14361710587,96,75066,80475,80309.023,165.977,0.000,0,0,0,0,0.00,nan,3,2,256,99.00,0,1,24,1,1,28,28,0,0,0,1479629984,0.04224,0.00586,0.95288,0.95383,-0.00585,-0.00081,-0.00087,0.00597,0.95687,0.00319,0.00673,3,12119,0,25988,0.27704,0.31169,1.12506,99,1,81.874,83,1,3,4308,195192,0,0,0.000,0.750,3.000,0,0.000,0.750,3.000,0,0,3,3880,0
PPG,4,359005,14361750587,99,74971,80361,80309.547,51.453,0.000,0,1,0,0,0.00,nan,3,2,256,99.00,0,1,24,1,1,29,29,0,0,0,1479668870,0.04077,-0.00073,0.95020,0.95107,-0.00558,-0.00188,-0.00221,0.00629,0.95280,0.00605,0.00674,3,12125,0,25988,0.27704,0.31169,1.12506,99,1,81.874,83,1,3,2604,195192,0,0,0.000,0.750,3.000,0,0.000,0.750,3.000,0,0,3,3840,0
PPG,4,359006,14361790587,96,74776,80135,80307.805,-172.805,0.000,0,0,0,0,0.00,nan,3,2,256,99.00,0,1,24,1,1,30,30,0,0,0,1479710341,0.04346,0.00342,0.95898,0.95997,-0.00585,-0.00028,-0.00141,0.00602,0.95997,0.00949,0.00602,3,12129,0,25988,0.27704,0.31169,1.12506,99,1,81.874,83,1,3,4303,195192,0,0,0.000,0.750,3.000,0,0.000,0.750,3.000,0,0,3,3800,0
PPG,4,359007,14361830587,97,74564,79933,80304.055,-371.055,0.000,0,0,0,0,0.00,nan,3,2,256,99.00,0,1,24,1,1,31,31,0,0,0,1479749375,0.05078,0.00757,0.95435,0.95573,-0.00612,-0.00055,-0.00141,0.00630,0.95697,0.00508,0.00688,3,12283,0,25988,0.27704,0.31169,1.12506,99,1,81.874,83,1,3,2629,195192,0,0,0.000,0.750,3.000,0,0.000,0.750,3.000,0,0,3,3760,0
PPG,4,359008,14361870587,162,74321,79760,80298.617,-538.617,0.000,0,0,0,0,0.00,nan,3,2,256,99.00,0,1,24,1,1,0,0,0,0,0,1479791212,0.04028,0.00488,0.95020,0.95106,-0.00692,0.00158,-0.00114,0.00719,0.95585,0.00479,0.00719,3,12121,0,25988,0.27704,0.31169,1.12506,99,1,81.874,83,1,3,4298,195192,0,0,0.000,0.750,3.000,0,0.000,0.750,3.000,0,0,3,3720,0
PPG,4,359009,14361910587,112,74155,79662,80292.250,-630.250,0.000,0,0,0,0,0.00,nan,3,2,256,99.00,0,1,24,1,1,1,1,1,0,0,1479869574,0.03735,0.00415,0.95557,0.95631,-0.00638,0.00025,-0.00141,0.00654,0.95631,0.00316,0.00654,2,63508,0,25993,0.27704,0.31169,1.12506,99,1,81.874,83,1,3,63583,195192,0,0,0.000,0.750,3.000,0,0.000,0.750,3.000,0,0,3,3680,0
PPG,4,359010,14361950587,96,74257,79742,80286.750,-544.750,0.000,0,0,0,0,0.00,nan,3,2,256,99.00,0,1,24,1,1,2,2,0,0,0,1479881700,0.04565,0.00195,0.96045,0.96154,-0.00612,-0.00028,-0.00194,0.00642,0.96154,0.00523,0.00642,1,12126,0,25993,0.27704,0.31169,1.12506,99,1,81.874,83,1,3,12069,195192,0,0,0.000,0.750,3.000,0,0.000,0.750,3.000,0,0,3,3640,0
PPG,4,359011,14361990587,98,74402,79864,80282.523,-418.523,0.000,0,0,0,0,0.00,nan,3,2,256,99.00,0,1,24,1,1,3,3,0,0,0,1479906086,0.04443,0.00635,0.95142,0.95247,-0.00612,-0.00001,-0.00141,0.00628,0.95247,0.01411,0.00636,2,12324,0,25993,0.27704,0.31169,1.12506,99,1,81.874,83,1,3,2625,195192,0,0,0.000,0.750,3.000,0,0.000,0.750,3.000,0,0,3,3600,0
PPG,4,359012,14362030587,103,74490,79946,80279.156,-333.156,0.000,0,0,0,0,0.00,nan,3,2,256,99.00,0,1,24,1,1,4,4,0,0,0,1479947923,0.04712,0.00415,0.95923,0.96039,-0.00532,-0.00055,-0.00167,0.00560,0.96039,0.00764,0.00581,2,21886,0,25994,0.27704,0.31169,1.12506,99,1,81.874,83,1,3,2618,195192,0,0,0.000,0.750,3.000,0,0.000,0.750,3.000,0,0,3,3560,0
PPG,4,359013,14362070587,105,74559,80046,80276.828,-230.828,0.000,0,0,0,0,0.00,nan,3,2,256,99.00,0,1,24,1,1,5,5,0,0,0,1479989842,0.04199,0.00464,0.95581,0.95674,-0.00585,-0.00161,-0.00034,0.00608,0.95674,0.00617,0.00608,3,12241,0,25994,0.27704,0.31169,1.12506,99,1,81.874,83,1,3,4335,195192,0,0,0.000,0.750,3.000,0,0.000,0.750,3.000,0,0,3,3520,0
PPG,4,359014,14362110587,97,74596,80091,80274.969,-183.969,0.000,0,0,0,0,0.00,nan,3,2,256,99.00,0,1,24,1,1,6,6,0,0,0,1480029050,0.04614,0.00586,0.95093,0.95206,-0.00612,-0.00001,-0.00194,0.00642,0.95573,0.00217,0.00642,3,12206,0,25994,0.27704,0.31169,1.12506,99,1,81.874,83,1,3,2634,195192,0,0,0.000,0.750,3.000,0,0.000,0.750,3.000,0,0,3,3480,0
PPG,4,359015,14362150587,96,74588,80098,80273.195,-175.195,0.000,0,0,0,0,0.00,nan,3,2,256,99.00,0,1,24,1,1,7,7,0,0,0,1480070929,0.04004,0.00879,0.94775,0.94864,-0.00585,-0.00001,-0.00114,0.00596,0.95887,0.00680,0.00610,3,12252,0,25994,0.27704,0.31169,1.12506,99,1,81.874,83,1,3,4341,195192,0,0,0.000,0.750,3.000,0,0.000,0.750,3.000,0,0,3,3440,0
PPG,4,359016,14362190587,98,74621,80138,80271.844,-133.844,0.000,0,0,0,0,0.00,nan,3,2,256,99.00,0,1,24,1,1,8,8,0,0,0,1480110073,0.04346,0.00293,0.95508,0.95607,-0.00612,0.00052,-0.00167,0.00636,0.95814,0.00950,0.00636,3,12206,0,25994,0.27704,0.31169,1.12506,99,1,81.874,83,1,3,4334,195192,0,0,0.000,0.750,3.000,0,0.000,0.750,3.000,0,0,3,3400,0
PPG,4,359017,14362230587,117,74623,80161,80270.734,-109.734,0.000,0,0,0,0,0.00,nan,3,2,256,99.00,0,1,24,1,1,9,9,0,0,0,1480149320,0.04688,0.00269,0.94946,0.95062,-0.00585,0.00132,-0.00114,0.00610,0.95417,0.00669,0.00610,3,12284,0,25994,0.27704,0.31169,1.12506,99,1,81.874,83,1,3,2643,195192,0,0,0.000,0.750,3.000,0,0.000,0.750,3.000,0,0,3,3360,0
PPG,4,359018,14362270587,98,74562,80087,80268.898,-181.898,0.000,0,0,0,0,0.00,nan,3,2,256,99.00,0,1,24,1,1,10,10,0,0,0,1480191237,0.04077,0.00513,0.95093,0.95182,-0.00638,0.00025,-0.00221,0.00676,0.95189,0.00192,0.00676,3,12201,0,25994,0.27704,0.31169,1.12506,99,1,81.874,83,1,3,4324,195192,0,0,0.000,0.750,3.000,0,0.000,0.750,3.000,0,0,3,3320,0
PPG,4,359019,14362310587,96,74606,80154,80267.750,-113.750,0.000,0,0,0,0,0.00,nan,3,2,256,99.00,0,1,24,1,1,11,11,0,0,0,1480230379,0.04199,0.00415,0.95972,0.96064,-0.00638,0.00052,-0.00167,0.00662,0.96064,0.00869,0.00662,3,12247,0,25994,0.27704,0.31169,1.12506,99,1,81.874,83,1,3,4339,195192,0,0,0.000,0.750,3.000,0,0.000,0.750,3.000,0,0,3,3280,0
PPG,4,359020,14362350587,97,74646,80188,80266.953,-78.953,0.000,0,0,0,0,0.00,nan,3,2,256,99.00,0,1,24,1,1,12,12,0,0,0,1480269628,0.04199,0.00171,0.94800,0.94893,-0.00692,-0.00001,-0.00194,0.00718,0.95472,0.00593,0.00751,3,12233,0,25994,0.27704,0.31169,1.12506,99,1,81.874,83,1,3,4326,195192,0,0,0.000,0.750,3.000,0,0.000,0.750,3.000,0,0,3,3240,0
PPG,4,359021,14362390587,514,74656,80188,80266.164,-78.164,33.859,0,0,0,0,0.00,nan,3,2,256,nan,4,1,24,1,1,13,13,0,0,0,1480308790,0.04224,0.00464,0.95532,0.95627,-0.00585,-0.00001,-0.00141,0.00602,0.95627,0.00634,0.00709,3,12241,0,25994,0.33950,0.35836,1.05557,92,1,83.611,100,1,6,2648,195192,0,0,0.000,0.750,3.000,0,0.000,0.750,3.000,0,0,3,3200,0
PPG,4,359022,14362430587,173,74633,80166,80265.164,-99.164,66.820,0,0,0,0,0.00,nan,3,2,256,nan,4,1,24,1,1,14,14,0,0,0,1480351064,0.04419,0.00488,0.95459,0.95562,-0.00532,0.00025,-0.00167,0.00558,0.95562,0.01227,0.00628,3,12246,0,25994,0.33950,0.35836,1.05557,92,1,83.611,100,1,6,4330,195192,0,0,0.000,0.750,3.000,0,0.000,0.750,3.000,0,0,3,3160,0
PPG,4,359023,14362470587,118,74528,80015,80262.664,-247.664,76.500,0,0,0,0,0.00,nan,3,2,256,nan,4,1,24,1,1,15,15,0,0,0,1480390301,0.04248,0.00537,0.95679,0.95774,-0.00558,0.00052,-0.00141,0.00578,0.96072,0.00789,0.00578,3,12229,0,25994,0.33950,0.35836,1.05557,92,1,83.611,100,1,6,4330,195192,0,0,0.000,0.750,3.000,0,0.000,0.750,3.000,0,0,3,3120,0
PPG,4,359024,14362510587,128,74425,79793,80257.969,-464.969,58.031,0,0,0,0,0.00,nan,3,2,256,nan,4,1,24,1,1,16,16,0,0,0,1480429458,0.04272,0.00073,0.95557,0.95652,-0.00772,0.00105,-0.00114,0.00787,0.95776,0.00549,0.00787,3,12218,0,25994,0.33950,0.35836,1.05557,92,1,83.611,100,1,6,2624,195192,0,0,0.000,0.750,3.000,0,0.000,0.750,3.000,0,0,3,3080,0
PPG,4,359025,14362550587,119,74230,79547,80250.859,-703.859,21.586,0,0,0,0,0.00,nan,3,2,256,nan,4,1,24,1,1,17,17,0,0,0,1480471305,0.04419,0.00195,0.94897,0.95000,-0.00638,0.00025,-0.00141,0.00654,0.95456,0.00500,0.00672,3,12237,0,25994,0.33950,0.35836,1.05557,92,1,83.611,100,1,6,4309,195192,0,0,0.000,0.750,3.000,0,0.000,0.750,3.000,0,0,3,3040,0
PPG,4,359026,14362590587,119,74217,79506,80243.414,-737.414,-39.539,0,0,0,0,0.00,nan,3,2,256,nan,4,1,24,1,1,18,18,0,0,0,1480510432,0.04565,0.00146,0.95166,0.95276,-0.00665,0.00052,-0.00167,0.00688,0.95475,0.00495,0.00688,3,12254,0,25994,0.33950,0.35836,1.05557,92,1,83.611,100,1,6,4327,195192,0,0,0.000,0.750,3.000,0,0.000,0.750,3.000,0,0,3,3000,0
PPG,4,359027,14362630587,118,74243,79530,80236.281,-706.281,-113.391,0,0,0,0,0.00,nan,3,2,256,nan,4,1,24,1,1,19,19,0,0,0,1480549367,0.04150,0.00610,0.95337,0.95429,-0.00612,-0.00001,-0.00274,0.00670,0.96069,0.00793,0.00706,3,12121,0,25994,0.33950,0.35836,1.05557,92,1,83.611,100,1,6,2605,195192,0,0,0.000,0.750,3.000,0,0.000,0.750,3.000,0,0,3,2960,0
PPG,4,359028,14362670587,118,74174,79485,80228.766,-743.766,-200.062,0,0,0,0,0.00,nan,3,2,256,nan,4,1,24,1,1,20,20,0,0,0,1480590896,0.04224,0.00220,0.95190,0.95284,-0.00558,-0.00001,-0.00194,0.00591,0.95689,0.00274,0.00616,3,12164,0,25994,0.33950,0.35836,1.05557,92,1,83.611,100,1,6,4320,195192,0,0,0.000,0.750,3.000,0,0.000,0.750,3.000,0,0,3,2920,0
PPG,4,359029,14362710587,120,74278,79615,80222.625,-607.625,-276.430,0,0,0,0,0.00,nan,3,2,256,nan,4,1,24,1,1,21,21,0,0,0,1480629846,0.04126,0.00610,0.95874,0.95965,-0.00532,-0.00108,-0.00221,0.00586,0.95965,0.00590,0.00586,3,12125,0,25994,0.33950,0.35836,1.05557,92,1,83.611,100,1,6,4305,195192,0,0,0.000,0.750,3.000,0,0.000,0.750,3.000,0,0,3,2880,0
PPG,4,359030,14362750587,118,74349,79691,80217.312,-526.312,-320.164,0,0,0,0,0.00,nan,3,2,256,nan,4,1,24,1,1,22,22,0,0,0,1480668838,0.04346,0.00220,0.95801,0.95900,-0.00505,0.00079,-0.00221,0.00557,0.95900,0.00602,0.00583,3,12207,0,25994,0.33950,0.35836,1.05557,92,1,83.611,100,1,6,2622,195192,0,0,0.000,0.750,3.000,0,0.000,0.750,3.000,0,0,3,2840,0
PPG,4,359031,14362790587,118,74273,79575,80210.891,-635.891,-336.859,0,0,0,0,0.00,nan,3,2,256,nan,4,1,24,1,1,23,23,0,0,0,1480710427,0.04126,0.00513,0.95117,0.95208,-0.00532,-0.00055,-0.00247,0.00589,0.95580,0.00938,0.00589,3,12129,0,25994,0.33950,0.35836,1.05557,92,1,83.611,100,1,6,4321,195192,0,0,0.000,0.750,3.000,0,0.000,0.750,3.000,0,0,3,2800,0
PPG,4,359032,14362830587,117,74153,79420,80202.984,-782.984,-328.703,0,0,0,0,0.00,nan,3,2,256,nan,4,1,24,1,1,24,24,0,0,0,1480749377,0.04468,0.00439,0.94580,0.94687,-0.00585,-0.00028,-0.00221,0.00626,0.95676,0.00989,0.00699,3,12132,0,25994,0.33950,0.35836,1.05557,92,1,83.611,100,1,6,2597,195192,0,0,0.000,0.750,3.000,0,0.000,0.750,3.000,0,0,3,2760,0
PPG,4,359033,14362870587,117,74121,79360,80194.555,-834.555,-315.258,0,0,0,0,0.00,nan,3,2,256,nan,4,1,24,1,1,25,25,0,0,0,1480790887,0.04565,0.00391,0.95825,0.95935,-0.00638,-0.00028,-0.00141,0.00654,0.95935,0.00910,0.00654,3,12128,0,25994,0.33950,0.35836,1.05557,92,1,83.611,100,1,6,4315,195192,0,0,0.000,0.750,3.000,0,0.000,0.750,3.000,0,0,3,2720,0
PPG,4,359034,14362910587,117,74132,79378,80186.391,-808.391,-301.320,0,0,0,0,0.00,nan,3,2,256,nan,4,1,24,1,1,26,26,0,0,0,1480829758,0.04004,0.00684,0.95654,0.95741,-0.00745,-0.00028,-0.00247,0.00785,0.95741,0.00492,0.00785,3,12111,0,25994,0.33950,0.35836,1.05557,92,1,83.611,100,1,6,2594,195192,0,0,0.000,0.750,3.000,0,0.000,0.750,3.000,0,0,3,2680,0
PPG,4,359035,14362950587,118,74099,79359,80178.117,-819.117,-282.367,0,0,0,0,0.00,nan,3,2,256,nan,4,1,24,1,1,27,27,0,0,0,1480871295,0.04224,0.00439,0.94849,0.94944,-0.00585,-0.00001,-0.00114,0.00596,0.95339,0.01138,0.00677,3,12191,0,25994,0.33950,0.35836,1.05557,92,1,83.611,100,1,6,4302,195192,0,0,0.000,0.750,3.000,0,0.000,0.750,3.000,0,0,3,2640,0
PPG,4,359036,14362990587,122,74044,79270,80169.039,-899.039,-288.258,0,0,0,0,0.00,nan,3,2,256,nan,4,1,24,1,1,28,28,0,0,0,1480910173,0.04565,0.00757,0.95166,0.95278,-0.00612,-0.00028,-0.00167,0.00635,0.95278,0.00143,0.00637,3,12113,0,25994,0.33950,0.35836,1.05557,92,1,83.611,100,1,6,4300,195192,0,0,0.000,0.750,3.000,0,0.000,0.750,3.000,0,0,3,2600,0
PPG,4,359037,14363030587,125,73958,79175,80159.102,-984.102,-312.672,0,0,0,0,0.00,nan,3,2,256,nan,4,1,24,1,1,29,29,0,0,0,1480948837,0.04370,0.00562,0.95410,0.95512,-0.00585,0.00025,-0.00087,0.00592,0.95512,0.00898,0.00592,2,24075,0,25995,0.33950,0.35836,1.05557,92,1,83.611,100,1,6,2610,195192,0,0,0.000,0.750,3.000,0,0.000,0.750,3.000,0,0,3,2560,0
PPG,4,359038,14363070587,118,73811,79041,80147.922,-1106.922,-336.656,0,0,0,0,0.00,nan,3,2,256,nan,4,1,24,1,1,30,30,0,0,0,1480990514,0.04053,0.00781,0.95459,0.95548,-0.00612,0.00052,-0.00167,0.00636,0.95794,0.00245,0.00644,3,12120,0,25995,0.33950,0.35836,1.05557,92,1,83.611,100,1,6,4302,195192,0,0,0.000,0.750,3.000,0,0.000,0.750,3.000,0,0,3,2520,0
PPG,4,359039,14363110587,120,73856,79072,80137.164,-1065.164,-332.273,0,0,0,0,0.00,nan,3,2,256,nan,4,1,24,1,1,31,31,0,0,0,1481029391,0.04468,0.00220,0.95142,0.95247,-0.00532,0.00025,-0.00194,0.00567,0.95247,0.00623,0.00572,3,12122,0,25995,0.33950,0.35836,1.05557,92,1,83.611,100,1,6,2595,195192,0,0,0.000,0.750,3.000,0,0.000,0.750,3.000,0,0,3,2480,0
PPG,4,359040,14363150587,117,73913,79135,80127.141,-992.141,-311.758,0,0,0,0,0.00,nan,3,2,256,nan,4,1,24,1,1,0,0,0,0,0,1481070918,0.04419,0.00635,0.95435,0.95539,-0.00532,0.00052,-0.00221,0.00578,0.95539,0.00286,0.00642,3,12150,0,25995,0.33950,0.35836,1.05557,92,1,83.611,100,1,6,4318,195192,0,0,0.000,0.750,3.000,0,0.000,0.750,3.000,0,0,3,2440,0
PPG,4,359041,14363190587,121,73704,78874,80114.609,-1240.609,-318.062,0,0,0,0,0.00,nan,3,2,256,nan,4,1,24,1,1,1,1,0,0,0,1481109780,0.04443,0.00317,0.95288,0.95392,-0.00585,0.00105,-0.00194,0.00625,0.95799,0.00749,0.00648,3,12110,0,25995,0.33950,0.35836,1.05557,92,1,83.611,100,1,6,2599,195192,0,0,0.000,0.750,3.000,0,0.000,0.750,3.000,0,0,3,2400,0
PPG,4,359042,14363230587,118,73267,78371,80097.172,-1726.172,-369.461,0,0,0,0,0.00,nan,3,2,256,nan,4,1,24,1,1,2,2,0,0,0,1481151328,0.04004,-0.00049,0.95386,0.95470,-0.00558,0.00132,-0.00034,0.00575,0.95470,0.00406,0.00660,3,12115,0,25995,0.33950,0.35836,1.05557,92,1,83.611,100,1,6,4307,195192,0,0,0.000,0.750,3.000,0,0.000,0.750,3.000,0,0,3,2360,0
PPG,4,359043,14363270587,128,72932,77967,80075.867,-2108.867,-453.203,0,0,0,0,0.00,nan,3,2,256,nan,4,1,24,1,1,3,3,0,0,0,1481190484,0.04419,0.00464,0.94116,0.94221,-0.00532,0.00079,-0.00141,0.00556,0.95489,0.01268,0.00556,3,12302,0,25995,0.33950,0.35836,1.05557,92,1,83.611,100,1,6,4350,195192,0,0,0.000,0.750,3.000,0,0.000,0.750,3.000,0,0,3,2320,0
PPG,4,359044,14363310587,121,72816,77745,80052.555,-2307.555,-555.086,0,0,0,0,0.00,nan,3,2,256,nan,4,1,24,1,1,4,4,0,0,0,1481229612,0.04492,0.00830,0.94946,0.95056,-0.00532,-0.00001,-0.00221,0.00576,0.95814,0.01593,0.00596,3,12152,0,25995,0.33950,0.35836,1.05557,92,1,83.611,100,1,6,2596,195192,0,0,0.000,0.750,3.000,0,0.000,0.750,3.000,0,0,3,2280,0
PPG,4,359045,14363350587,198,72653,77372,80025.750,-2653.750,-684.758,0,0,0,0,0.00,nan,3,2,256,nan,4,1,24,1,1,5,5,0,0,0,1481271077,0.04053,0.00049,0.95581,0.95667,-0.00665,-0.00081,-0.00221,0.00705,0.95667,0.00390,0.00705,3,12127,0,25995,0.33950,0.35836,1.05557,92,1,83.611,100,1,6,4319,195192,0,0,0.000,0.750,3.000,0,0.000,0.750,3.000,0,0,3,2240,0
PPG,4,359046,14363390587,496,72303,76854,79994.031,-3140.031,-869.023,0,0,0,0,0.00,nan,3,2,256,nan,4,1,24,1,1,6,6,0,0,0,1481310262,0.03809,0.00415,0.95557,0.95633,-0.00612,-0.00108,-0.00167,0.00643,0.95633,0.00921,0.00720,3,12246,0,25995,0.92985,0.74442,0.80058,87,1,89.985,88,1,6,4301,195192,0,0,0.000,0.750,3.000,0,0.000,0.750,3.000,0,0,3,2200,0
PPG,4,359047,14363430587,163,72038,76504,79959.133,-3455.133,-1093.578,0,0,0,0,0.00,nan,3,2,256,nan,4,1,24,1,1,7,7,0,0,0,1481349720,0.04541,0.00024,0.95239,0.95347,-0.00558,0.00052,-0.00274,0.00624,0.95561,0.00636,0.00640,3,12133,0,25995,0.92985,0.74442,0.80058,87,1,89.985,88,1,6,2603,195192,0,0,0.000,0.750,3.000,0,0.000,0.750,3.000,0,0,3,2160,0
PPG,4,359048,14363470587,117,71926,76347,79923.008,-3576.008,-1297.680,0,0,0,0,0.00,nan,3,2,256,nan,4,1,24,1,1,8,8,0,0,0,1481391653,0.04224,0.00269,0.95483,0.95577,-0.00638,-0.00055,-0.00141,0.00656,0.95577,0.00650,0.00656,3,12231,0,25995,0.92985,0.74442,0.80058,87,1,89.985,88,1,6,4343,195192,0,0,0.000,0.750,3.000,0,0.000,0.750,3.000,0,0,3,2120,0
PPG,4,359049,14363510587,122,72001,76441,79888.188,-3447.188,-1414.688,0,0,0,0,0.00,nan,3,2,256,nan,4,1,24,1,1,9,9,0,0,0,1481430924,0.04053,0.00366,0.95459,0.95546,-0.00585,-0.00055,-0.00300,0.00660,0.95607,0.00368,0.00660,3,12285,0,25995,0.92985,0.74442,0.80058,87,1,89.985,88,1,6,4357,195192,0,0,0.000,0.750,3.000,0,0.000,0.750,3.000,0,0,3,2080,0
PPG,4,359050,14363550587,132,72098,76566,79854.969,-3288.969,-1458.586,0,0,0,0,0.00,nan,3,2,256,nan,4,1,24,1,1,10,10,0,0,0,1481470219,0.04492,0.00488,0.95483,0.95590,-0.00692,-0.00135,-0.00141,0.00719,0.95590,0.00236,0.00719,3,12193,0,25995,0.92985,0.74442,0.80058,87,1,89.985,88,1,6,4360,195192,0,0,0.000,0.750,3.000,0,0.000,0.750,3.000,0,0,3,2040,0
PPG,4,359051,14363590587,131,72164,76650,79822.922,-3172.922,-1468.758,0,0,0,0,0.00,nan,3,2,256,nan,4,1,24,1,1,11,11,0,0,0,1481509570,0.04321,0.00415,0.95166,0.95265,-0.00585,-0.00081,-0.00194,0.00622,0.95605,0.00340,0.00698,3,12265,0,25995,0.92985,0.74442,0.80058,87,1,89.985,88,1,6,2629,195192,0,0,0.000,0.750,3.000,0,0.000,0.750,3.000,0,0,3,2000,0
PPG,4,359052,14363630587,118,72208,76733,79792.023,-3059.023,-1425.703,0,0,0,0,0.00,nan,3,2,256,nan,4,1,24,1,1,12,12,0,0,0,1481551455,0.04370,0.00024,0.95264,0.95364,-0.00638,-0.00188,-0.00247,0.00710,0.95753,0.00637,0.00710,3,12215,0,25995,0.92985,0.74442,0.80058,87,1,89.985,88,1,6,4339,195192,0,0,0.000,0.750,3.000,0,0.000,0.750,3.000,0,0,3,1960,0
PPG,4,359053,14363670587,120,72158,76759,79761.695,-3002.695,-1309.219,0,0,0,0,0.00,nan,3,2,256,nan,4,1,24,1,1,13,13,0,0,0,1481590750,0.04053,0.00342,0.94873,0.94960,-0.00532,-0.00268,-0.00114,0.00606,0.95768,0.00808,0.00753,3,12294,0,25995,0.92985,0.74442,0.80058,87,1,89.985,88,1,6,4338,195192,0,0,0.000,0.750,3.000,0,0.000,0.750,3.000,0,0,3,1920,0
PPG,4,359054,14363710587,117,72304,77039,79734.469,-2695.469,-1115.844,0,0,0,0,0.00,nan,3,2,256,nan,4,1,24,1,1,14,14,0,0,0,1481629973,0.04028,0.00562,0.95752,0.95838,-0.00745,-0.00028,-0.00194,0.00770,0.95838,0.00911,0.00798,3,12214,0,25995,0.92985,0.74442,0.80058,87,1,89.985,88,1,6,2631,195192,0,0,0.000,0.750,3.000,0,0.000,0.750,3.000,0,0,3,1880,0
PPG,4,359055,14363750587,124,72252,77075,79707.875,-2632.875,-897.641,0,0,0,0,0.00,nan,3,2,256,nan,4,1,24,1,1,15,15,0,0,0,1481671863,0.04419,0.00342,0.94971,0.95074,-0.00718,-0.00161,-0.00114,0.00745,0.95556,0.00282,0.00758,3,12267,0,25995,0.92985,0.74442,0.80058,87,1,89.985,88,1,6,4330,195192,0,0,0.000,0.750,3.000,0,0.000,0.750,3.000,0,0,3,1840,0
PPG,4,359056,14363790587,126,72359,77281,79683.609,-2402.609,-678.188,0,0,0,0,0.00,nan,3,2,256,nan,4,1,24,1,1,16,16,0,0,0,1481711156,0.04321,0.00293,0.95752,0.95850,-0.00612,0.00052,-0.00247,0.00662,0.95850,0.00438,0.00703,3,12223,0,25995,0.92985,0.74442,0.80058,87,1,89.985,88,1,6,4322,195192,0,0,0.000,0.750,3.000,0,0.000,0.750,3.000,0,0,3,1800,0
PPG,4,359057,14363830587,121,72537,77537,79662.141,-2125.141,-457.578,0,0,0,0,0.00,nan,3,2,256,nan,4,1,24,1,1,17,17,0,0,0,1481750434,0.04077,0.00610,0.95605,0.95694,-0.00585,0.00052,-0.00327,0.00672,0.95694,0.00640,0.00686,3,12243,0,25995,0.92985,0.74442,0.80058,87,1,89.985,88,1,6,4343,195192,0,0,0.000,0.750,3.000,0,0.000,0.750,3.000,0,0,3,1760,0
PPG,4,359058,14363870587,117,72558,77618,79641.703,-2023.703,-248.141,0,0,0,0,0.00,nan,3,2,256,nan,4,1,24,1,1,18,18,0,0,0,1481789704,0.04053,0.00562,0.94751,0.94839,-0.00718,-0.00028,-0.00247,0.00760,0.95221,0.00474,0.00760,3,12295,0,25995,0.92985,0.74442,0.80058,87,1,89.985,88,1,6,2636,195192,0,0,0.000,0.750,3.000,0,0.000,0.750,3.000,0,0,3,1720,0
PPG,4,359059,14363910587,120,72579,77654,79621.828,-1967.828,-45.672,0,0,0,0,0.00,nan,3,2,256,nan,4,1,24,1,1,19,19,0,0,0,1481831557,0.04150,0.00757,0.96167,0.96259,-0.00532,-0.00081,-0.00061,0.00541,0.96259,0.00620,0.00647,3,12234,0,25995,0.92985,0.74442,0.80058,87,1,89.985,88,1,6,4329,195192,0,0,0.000,0.750,3.000,0,0.000,0.750,3.000,0,0,3,1680,0
PPG,4,359060,14363950587,117,72525,77629,79601.898,-1972.898,153.914,0,0,0,0,0.00,nan,3,2,256,nan,4,1,24,1,1,20,20,0,0,0,1481870747,0.04346,0.00610,0.95654,0.95755,-0.00558,0.00025,-0.00221,0.00601,0.95841,0.00446,0.00601,3,12229,0,25995,0.92985,0.74442,0.80058,87,1,89.985,88,1,6,4327,195192,0,0,0.000,0.750,3.000,0,0.000,0.750,3.000,0,0,3,1640,0
PPG,4,359061,14363990587,120,72515,77602,79581.898,-1979.898,297.938,0,0,0,0,0.00,nan,3,2,256,nan,4,1,24,1,1,21,21,0,0,0,1481909998,0.04102,0.00317,0.95410,0.95499,-0.00558,-0.00028,-0.00221,0.00601,0.95814,0.00604,0.00710,3,12248,0,25995,0.92985,0.74442,0.80058,87,1,89.985,88,1,6,2621,195192,0,0,0.000,0.750,3.000,0,0.000,0.750,3.000,0,0,3,1600,0
PPG,4,359062,14364030587,128,72467,77568,79561.758,-1993.758,408.523,0,0,0,0,0.00,nan,3,2,256,nan,4,1,24,1,1,22,22,0,0,0,1481949015,0.04297,0.00684,0.95068,0.95168,-0.00638,-0.00001,-0.00274,0.00695,0.95491,0.00323,0.00695,2,21672,0,25996,0.92985,0.74442,0.80058,87,1,89.985,88,1,6,2634,195192,0,0,0.000,0.750,3.000,0,0.000,0.750,3.000,0,0,3,1560,0
PPG,4,359063,14364070587,121,72259,77322,79539.359,-2217.359,446.633,0,0,0,0,0.00,nan,3,2,256,nan,4,1,24,1,1,23,23,0,0,0,1481990990,0.04224,0.00244,0.95093,0.95187,-0.00692,-0.00001,-0.00221,0.00726,0.95708,0.00521,0.00726,3,12229,0,25996,0.92985,0.74442,0.80058,87,1,89.985,88,1,6,4298,195192,0,0,0.000,0.750,3.000,0,0.000,0.750,3.000,0,0,3,1520,0
PPG,4,359064,14364110587,136,72190,77220,79516.164,-2296.164,427.594,0,0,0,0,0.00,nan,3,2,256,nan,4,1,24,1,1,24,24,0,0,0,1482030082,0.04492,0.00439,0.95288,0.95395,-0.00558,0.00025,-0.00194,0.00592,0.95969,0.00952,0.00623,3,12213,0,25996,0.92985,0.74442,0.80058,87,1,89.985,88,1,6,2598,195192,0,0,0.000,15.532,3.931,0,0.000,27.479,3.072,0,0,3,1480,0
PPG,4,359065,14364150587,122,72181,77137,79492.375,-2355.375,370.633,0,0,0,0,0.00,nan,3,2,256,nan,4,1,24,1,1,25,25,0,0,0,1482071641,0.04321,0.00415,0.95728,0.95826,-0.00638,-0.00081,-0.00141,0.00659,0.95826,0.00715,0.00659,3,12107,0,25996,0.92985,0.74442,0.80058,87,1,89.985,88,1,6,4300,195192,0,0,0.000,15.532,3.931,0,0.000,27.479,3.072,0,0,3,1440,0
PPG,4,359066,14364190587,121,71845,76571,79463.164,-2892.164,230.062,0,0,0,0,0.00,nan,3,2,256,nan,4,1,24,1,1,26,26,0,0,0,1482110663,0.04150,0.00488,0.94727,0.94819,-0.00532,-0.00108,-0.00114,0.00554,0.95469,0.00650,0.00636,3,12201,0,25996,0.92985,0.74442,0.80058,87,1,89.985,88,1,6,4299,195192,0,0,0.000,15.532,3.931,0,0.000,27.479,3.072,0,0,3,1400,0
PPG,4,359067,14364230587,127,71513,76082,79429.352,-3347.352,30.164,0,0,0,0,0.00,nan,3,2,256,nan,4,1,24,1,1,27,27,0,0,0,1482149623,0.04199,0.00806,0.95190,0.95286,-0.00558,-0.00028,-0.00114,0.00571,0.95505,0.00617,0.00622,3,12112,0,25996,0.92985,0.74442,0.80058,87,1,89.985,88,1,6,2599,195192,0,0,0.000,15.532,3.931,0,0.000,27.479,3.072,0,0,3,1360,0
PPG,4,359068,14364270587,126,71493,76044,79395.500,-3351.500,-177.258,0,0,0,0,0.00,nan,3,2,256,nan,4,1,24,1,1,28,28,0,0,0,1482191115,0.04712,0.00098,0.95337,0.95453,-0.00665,-0.00001,-0.00087,0.00671,0.95617,0.00331,0.00671,3,12111,0,25996,0.92985,0.74442,0.80058,87,1,89.985,88,1,6,4325,195192,0,0,0.000,15.532,3.931,0,0.000,27.479,3.072,0,0,3,1320,0
PPG,4,359069,14364310587,122,71493,76030,79361.844,-3331.844,-376.422,0,0,0,0,0.00,nan,3,2,256,nan,4,1,24,1,1,29,29,0,0,0,1482230039,0.04321,0.00220,0.95825,0.95923,-0.00558,-0.00001,-0.00167,0.00583,0.96109,0.00893,0.00652,3,12117,0,25996,0.92985,0.74442,0.80058,87,1,89.985,88,1,6,2595,195192,0,0,0.000,15.532,3.931,0,0.000,27.479,3.072,0,0,3,1280,0
PPG,4,359070,14364350587,122,71415,75981,79328.039,-3347.039,-538.742,0,0,0,0,0.00,nan,3,2,256,nan,4,1,24,1,1,30,30,0,0,0,1482271562,0.04297,0.00610,0.94604,0.94704,-0.00532,-0.00028,-0.00167,0.00558,0.95117,0.00806,0.00642,3,12129,0,25996,0.92985,0.74442,0.80058,87,1,89.985,88,1,6,4305,195192,0,0,0.000,15.532,3.931,0,0.000,27.479,3.072,0,0,3,1240,0
PPG,4,359071,14364390587,496,71449,76047,79295.227,-3248.227,-676.164,0,0,0,0,0.00,nan,3,2,256,nan,4,1,24,1,1,31,31,0,0,0,1482310567,0.04077,0.00513,0.95581,0.95669,-0.00558,-0.00001,-0.00034,0.00559,0.95669,0.00679,0.00661,3,12159,0,25996,1.96863,1.63821,0.83216,96,1,89.196,65,1,6,4300,195192,0,0,0.000,15.532,3.931,0,0.000,27.479,3.072,0,0,3,1200,0
PPG,4,359072,14364430587,166,71453,76019,79262.461,-3243.461,-800.180,0,0,0,0,0.00,nan,3,2,256,nan,4,1,24,1,1,0,0,0,0,0,1482349901,0.04346,0.00684,0.95679,0.95780,-0.00558,0.00025,-0.00141,0.00576,0.95862,0.00186,0.00636,3,12126,0,25996,1.96863,1.63821,0.83216,96,1,89.196,65,1,6,2595,195192,0,0,0.000,15.532,3.931,0,0.000,27.479,3.072,0,0,3,1160,0
PPG,4,359073,14364470587,186,71509,76048,79230.312,-3182.312,-839.344,0,0,0,0,0.00,nan,3,2,256,nan,4,1,24,1,1,1,1,0,0,0,1482391489,0.04077,0.00537,0.94824,0.94913,-0.00638,-0.00028,-0.00221,0.00676,0.95315,0.00986,0.00752,3,12136,0,25996,1.96863,1.63821,0.83216,96,1,89.196,65,1,6,4315,195192,0,0,0.000,15.532,3.931,0,0.000,27.479,3.072,0,0,3,1120,0
PPG,4,359074,14364510587,121,71607,76145,79199.461,-3054.461,-785.641,0,0,0,0,0.00,nan,3,2,256,nan,4,1,24,1,1,2,2,0,0,0,1482430605,0.04370,0.00244,0.95215,0.95315,-0.00558,-0.00028,-0.00194,0.00592,0.95717,0.00678,0.00669,3,12108,0,25996,1.96863,1.63821,0.83216,96,1,89.196,65,1,6,4299,195192,0,0,0.000,15.532,3.931,0,0.000,27.479,3.072,0,0,3,1080,0
PPG,4,359075,14364550587,120,71687,76242,79169.883,-2927.883,-715.711,0,0,0,0,0.00,nan,3,2,256,nan,4,1,24,1,1,3,3,0,0,0,1482469517,0.04663,0.00366,0.95313,0.95427,-0.00665,-0.00001,-0.00061,0.00668,0.95636,0.00321,0.00668,3,12117,0,25996,1.96863,1.63821,0.83216,96,1,89.196,65,1,6,2595,195192,0,0,0.000,15.532,3.931,0,0.000,27.479,3.072,0,0,3,1040,0
PPG,4,359076,14364590587,131,71702,76300,79141.188,-2841.188,-628.086,0,0,0,0,0.00,nan,3,2,256,nan,4,1,24,1,1,4,4,0,0,0,1482511098,0.04395,0.00293,0.94556,0.94658,-0.00612,-0.00001,-0.00114,0.00622,0.95310,0.00409,0.00694,3,12213,0,25996,1.96863,1.63821,0.83216,96,1,89.196,65,1,6,4373,195192,0,0,0.000,15.532,3.931,0,0.000,27.479,3.072,0,0,3,1000,0
PPG,4,359077,14364630587,122,71843,76488,79114.656,-2626.656,-503.211,0,0,0,0,0.00,nan,3,2,256,nan,4,1,24,1,1,5,5,0,0,0,1482550381,0.04443,0.00195,0.95435,0.95538,-0.00638,-0.00028,-0.00141,0.00654,0.95729,0.01071,0.00685,3,12214,0,25996,1.96863,1.63821,0.83216,96,1,89.196,65,1,6,2611,195192,0,0,0.000,15.532,3.931,0,0.000,27.479,3.072,0,0,3,960,0
PPG,4,359078,14364670587,121,72045,76752,79091.031,-2339.031,-359.188,0,0,0,0,0.00,nan,3,2,256,nan,4,1,24,1,1,6,6,0,0,0,1482591954,0.04199,0.00098,0.95728,0.95820,-0.00612,-0.00081,-0.00141,0.00633,0.95860,0.00322,0.00633,3,12116,0,25996,1.96863,1.63821,0.83216,96,1,89.196,65,1,6,4306,195192,0,0,0.000,15.532,3.931,0,0.000,27.479,3.072,0,0,3,920,0
PPG,4,359079,14364710587,122,72073,76838,79068.500,-2230.500,-201.391,0,0,0,0,0.00,nan,3,2,256,nan,4,1,24,1,1,7,7,0,0,0,1482631009,0.04028,0.00537,0.95508,0.95594,-0.00612,-0.00135,-0.00061,0.00629,0.95594,0.00401,0.00629,3,12166,0,25996,1.96863,1.63821,0.83216,96,1,89.196,65,1,6,4366,195192,0,0,0.000,15.532,3.931,0,0.000,27.479,3.072,0,0,3,880,0
PPG,4,359080,14364750587,121,72028,76816,79045.977,-2229.977,-51.031,0,0,0,0,0.00,nan,3,2,256,nan,4,1,24,1,1,8,8,0,0,0,1482670135,0.04199,0.00513,0.95166,0.95260,-0.00505,-0.00001,-0.00087,0.00513,0.95395,0.00700,0.00622,3,12295,0,25996,1.96863,1.63821,0.83216,96,1,89.196,65,1,6,2595,195192,0,0,0.000,15.532,3.931,0,0.000,27.479,3.072,0,0,3,840,0
PPG,4,359081,14364790587,129,72026,76861,79024.125,-2163.125,88.312,0,0,0,0,0.00,nan,3,2,256,nan,4,1,24,1,1,9,9,0,0,0,1482711908,0.04077,0.00513,0.95166,0.95255,-0.00585,0.00079,-0.00167,0.00614,0.95634,0.00374,0.00672,3,12294,0,25996,1.96863,1.63821,0.83216,96,1,89.196,65,1,6,4334,195192,0,0,0.000,15.532,3.931,0,0.000,27.479,3.072,0,0,3,800,0
PPG,4,359082,14364830587,122,72097,76966,79003.547,-2037.547,221.836,0,0,0,0,0.00,nan,3,2,256,nan,4,1,24,1,1,10,10,0,0,0,1482751242,0.03979,0.00122,0.95190,0.95274,-0.00612,-0.00028,-0.00194,0.00642,0.95689,0.00434,0.00655,3,12246,0,25996,1.96863,1.63821,0.83216,96,1,89.196,65,1,6,4349,195192,0,0,0.000,15.532,3.931,0,0.000,27.479,3.072,0,0,3,760,0
PPG,4,359083,14364870587,140,72161,77067,78984.180,-1917.180,344.156,0,0,0,0,0.00,nan,3,2,256,nan,4,1,24,1,1,11,11,0,0,0,1482790534,0.04468,0.00171,0.95190,0.95295,-0.00638,-0.00108,-0.00274,0.00703,0.95299,0.00564,0.00703,3,12253,0,25996,1.96863,1.63821,0.83216,96,1,89.196,65,1,6,4323,195192,0,0,0.000,15.532,3.931,0,0.000,27.479,3.072,0,0,3,720,0
PPG,4,359084,14364910587,121,72184,77141,78965.750,-1824.750,441.391,0,0,0,0,0.00,nan,3,2,256,nan,4,1,24,1,1,12,12,0,0,0,1482829869,0.04248,0.00317,0.94800,0.94895,-0.00612,-0.00001,-0.00141,0.00628,0.95413,0.00518,0.00758,3,12254,0,25996,1.96863,1.63821,0.83216,96,1,89.196,65,1,6,2627,195192,0,0,0.000,15.532,3.931,0,0.000,27.479,3.072,0,0,3,680,0
PPG,4,359085,14364950587,121,72025,76853,78944.625,-2091.625,470.023,0,0,0,0,0.00,nan,3,2,256,nan,4,1,24,1,1,13,13,0,0,0,1482871816,0.04688,0.00464,0.95386,0.95502,-0.00585,-0.00108,0.00019,0.00595,0.95577,0.00612,0.00695,3,12266,0,25996,1.96863,1.63821,0.83216,96,1,89.196,65,1,6,4316,195192,0,0,0.000,15.532,3.931,0,0.000,27.479,3.072,0,0,3,640,0
PPG,4,359086,14364990587,136,72001,76654,78921.719,-2267.719,439.586,0,0,0,0,0.00,nan,3,2,256,nan,4,1,24,1,1,14,14,0,0,0,1482911089,0.04199,0.00317,0.95142,0.95235,-0.00612,-0.00001,-0.00194,0.00642,0.95603,0.00664,0.00748,3,12249,0,25996,1.96863,1.63821,0.83216,96,1,89.196,65,1,6,4343,195192,0,0,0.000,15.532,3.931,0,0.000,27.479,3.072,0,0,3,600,0
PPG,4,359087,14365030587,136,71955,76543,78897.930,-2354.930,377.539,0,0,0,0,0.00,nan,3,2,256,nan,4,1,24,1,1,15,15,0,0,0,1482950134,0.04590,0.00073,0.95703,0.95813,-0.00532,-0.00001,-0.00141,0.00550,0.95813,0.00339,0.00578,2,24308,0,25997,1.96863,1.63821,0.83216,96,1,89.196,65,1,6,2614,195192,0,0,0.000,15.532,3.931,0,0.000,27.479,3.072,0,0,3,560,0
PPG,4,359088,14365070587,151,72024,76638,78875.328,-2237.328,315.977,0,0,0,0,0.00,nan,3,2,256,nan,4,1,24,1,1,16,16,0,0,0,1482992122,0.04419,0.00000,0.95679,0.95781,-0.00638,-0.00055,-0.00141,0.00656,0.95781,0.00618,0.00668,3,12250,0,25997,1.96863,1.63821,0.83216,96,1,89.196,65,1,6,4332,195192,0,0,0.000,15.532,3.931,0,0.000,27.479,3.072,0,0,3,520,0
PPG,4,359089,14365110587,124,72088,76747,78854.047,-2107.047,248.844,0,0,0,0,0.00,nan,3,2,256,nan,4,1,24,1,1,17,17,0,0,0,1483031463,0.04321,0.00488,0.94629,0.94729,-0.00638,-0.00081,-0.00167,0.00665,0.95533,0.00804,0.00768,3,12272,0,25997,1.96863,1.63821,0.83216,96,1,89.196,65,1,6,4339,195192,0,0,0.000,15.532,3.931,0,0.000,27.479,3.072,0,0,3,480,0
PPG,4,359090,14365150587,121,72126,76840,78833.906,-1993.906,173.461,0,0,0,0,0.00,nan,3,2,256,nan,4,1,24,1,1,18,18,0,0,0,1483070676,0.04395,0.00659,0.95630,0.95733,-0.00558,0.00105,-0.00141,0.00585,0.95733,0.00531,0.00768,3,12244,0,25997,1.96863,1.63821,0.83216,96,1,89.196,65,1,6,4333,195192,0,0,0.000,15.532,3.931,0,0.000,27.479,3.072,0,0,3,440,0
PPG,4,359091,14365190587,124,72184,76966,78815.227,-1849.227,102.508,0,0,0,0,0.00,nan,3,2,256,nan,4,1,24,1,1,19,19,0,0,0,1483109902,0.04346,0.00391,0.95190,0.95290,-0.00425,0.00025,-0.00194,0.00468,0.95478,0.00841,0.00578,3,12250,0,25997,1.96863,1.63821,0.83216,96,1,89.196,65,1,6,2653,195192,0,0,0.000,15.532,3.931,0,0.000,27.479,3.072,0,0,3,400,0
PPG,4,359092,14365230587,121,72300,77127,78798.344,-1671.344,86.258,0,0,0,0,0.00,nan,3,2,256,nan,4,1,24,1,1,20,20,0,0,0,1483151820,0.03687,0.00220,0.95044,0.95116,-0.00612,0.00052,-0.00087,0.00620,0.95878,0.00762,0.00628,3,12240,0,25997,1.96863,1.63821,0.83216,96,1,89.196,65,1,6,4326,195192,0,0,0.000,15.532,3.931,0,0.000,27.479,3.072,0,0,3,360,0
PPG,4,359093,14365270587,148,72278,77106,78781.422,-1675.422,97.930,1,0,1,0,0.00,nan,3,2,256,nan,4,1,24,1,1,21,21,0,0,0,1483191002,0.04321,0.00269,0.95117,0.95216,-0.00638,0.00025,-0.00114,0.00649,0.95216,0.00378,0.00708,3,12244,0,25997,1.96863,1.63821,0.83216,96,1,89.196,65,1,6,4333,195192,0,0,872.258,15.532,3.931,1,1309.367,27.479,3.072,1,1,3,320,1
PPG,4,359094,14365310587,126,72148,76938,78762.984,-1824.984,114.711,0,0,0,0,0.00,nan,3,2,256,nan,4,1,24,1,1,22,22,0,0,0,1483230313,0.04395,0.00708,0.95239,0.95343,-0.00505,-0.00028,-0.00194,0.00542,0.96024,0.00681,0.00630,3,12251,0,25997,1.96863,1.63821,0.83216,96,1,89.196,65,1,6,2638,195192,0,0,0.000,20.651,11.488,0,0.000,35.184,9.262,0,0,3,280,1
PPG,4,359095,14365350587,138,72193,77019,78745.547,-1726.547,130.289,0,0,0,0,0.00,nan,3,2,256,nan,4,1,24,1,1,23,23,0,0,0,1483272170,0.04321,0.00415,0.95581,0.95680,-0.00585,0.00025,-0.00194,0.00617,0.95930,0.00689,0.00617,3,12242,0,25997,1.96863,1.63821,0.83216,96,1,89.196,65,1,6,4339,195192,0,0,0.000,19.520,12.595,0,0.000,35.184,9.262,0,0,3,240,1
PPG,4,359096,14365390587,502,72300,77193,78730.023,-1537.023,149.352,0,0,0,0,0.00,nan,3,2,256,nan,4,1,24,1,1,24,24,0,0,0,1483311422,0.04761,0.00708,0.95190,0.95312,-0.00585,-0.00001,-0.00194,0.00616,0.95698,0.00624,0.00616,3,12268,0,25997,2.02528,1.69448,0.83666,96,1,89.083,100,1,6,4343,195192,0,0,0.000,19.520,12.595,0,0.000,35.184,9.262,0,0,3,200,1
PPG,4,359097,14365430587,169,72352,77323,78715.953,-1392.953,176.602,0,0,0,0,0.00,nan,3,2,256,nan,4,1,24,1,1,25,25,0,0,0,1483350948,0.04028,0.00342,0.95459,0.95545,-0.00558,-0.00001,-0.00167,0.00583,0.95659,0.00596,0.00609,3,12262,0,25997,2.02528,1.69448,0.83666,96,1,89.083,100,1,6,4357,195192,0,0,0.000,19.520,12.595,0,0.000,35.184,9.262,0,0,3,160,1
PPG,4,359098,14365470587,121,72420,77442,78703.211,-1261.211,210.102,0,0,0,0,0.00,nan,3,2,256,nan,4,1,24,1,1,26,26,0,0,0,1483389998,0.04175,0.00513,0.95337,0.95430,-0.00505,0.00025,-0.00114,0.00518,0.95669,0.00327,0.00654,3,12166,0,25997,2.02528,1.69448,0.83666,96,1,89.083,100,1,6,2595,195192,0,0,0.000,19.520,12.595,0,0.000,35.184,9.262,0,0,3,120,1
PPG,4,359099,14365510587,123,72484,77539,78691.570,-1152.570,233.906,0,0,0,0,0.00,nan,3,2,256,nan,4,1,24,1,1,27,27,0,0,0,1483431566,0.03931,0.00537,0.95068,0.95151,-0.00692,-0.00081,-0.00221,0.00731,0.95898,0.00957,0.00738,3,12175,0,25997,2.02528,1.69448,0.83666,96,1,89.083,100,1,6,4321,195192,0,0,0.000,19.520,12.595,0,0.000,35.184,9.262,0,0,3,80,1
PPG,4,359100,14365550587,124,72508,77608,78680.734,-1072.734,266.023,0,0,0,0,0.00,nan,3,2,256,nan,4,1,24,1,1,28,28,0,0,0,1483470518,0.04150,0.00342,0.95874,0.95964,-0.00665,-0.00108,-0.00114,0.00683,0.95964,0.00674,0.00742,3,12116,0,25997,2.02528,1.69448,0.83666,96,1,89.083,100,1,6,2595,195192,0,0,0.000,19.520,12.595,0,0.000,35.184,9.262,0,0,3,40,1
PPG,4,359101,14365590587,129,72514,77652,78670.445,-1018.445,328.469,0,0,0,0,0.00,nan,1,2,1024,nan,4,1,24,1,1,29,29,0,0,0,1483512044,0.04395,0.00781,0.95142,0.95246,-0.00558,-0.00001,-0.00194,0.00591,0.95453,0.00512,0.00646,3,12128,0,25997,2.02528,1.69448,0.83666,96,1,89.083,100,1,6,4298,195192,0,0,0.000,19.520,12.595,0,0.000,35.184,9.262,0,0,0,0,1
PPG,4,359102,14365630587,94,72543,77721,78660.953,-939.953,0.000,0,0,0,0,0.00,nan,1,2,1024,nan,4,1,24,1,1,30,30,0,0,0,1483551003,0.04150,0.00342,0.95972,0.96062,-0.00585,0.00025,-0.00194,0.00617,0.96062,0.00561,0.00712,3,12130,0,25997,2.02528,1.69448,0.83666,96,1,89.083,100,1,6,4300,195192,0,0,0.000,0.750,3.000,0,0.000,0.750,3.000,0,0,0,0,0
PPG,4,359103,14365670587,93,72597,77794,78652.281,-858.281,0.000,0,0,0,0,0.00,nan,1,2,1024,nan,4,1,24,1,1,31,31,0,0,0,1483589808,0.04053,0.00391,0.94995,0.95082,-0.00612,-0.00108,-0.00167,0.00643,0.95400,0.00837,0.00722,3,12122,0,25997,2.02528,1.69448,0.83666,96,1,89.083,100,1,6,2607,195192,0,0,0.000,0.750,3.000,0,0.000,0.750,3.000,0,0,0,0,0
PPG,4,359104,14365710587,92,72648,77926,78645.016,-719.016,0.000,0,0,0,0,0.00,nan,1,2,1024,nan,4,1,24,1,1,0,0,0,0,0,1483631280,0.03882,0.00806,0.96045,0.96127,-0.00638,0.00025,-0.00114,0.00649,0.96127,0.01196,0.00721,3,12162,0,25997,2.02528,1.69448,0.83666,96,1,89.083,100,1,6,4321,195192,0,0,0.000,0.750,3.000,0,0.000,0.750,3.000,0,0,0,0,0
PPG,4,359105,14365750587,93,72676,77949,78638.055,-689.055,0.000,0,0,0,0,0.00,nan,1,2,1024,nan,4,1,24,1,1,1,1,0,0,0,1483670115,0.04663,0.00293,0.95288,0.95403,-0.00558,-0.00055,-0.00194,0.00594,0.95824,0.00623,0.00662,3,12131,0,25997,2.02528,1.69448,0.83666,96,1,89.083,100,1,6,2598,195192,0,0,0.000,0.750,3.000,0,0.000,0.750,3.000,0,0,0,0,0
PPG,4,359106,14365790587,92,72591,77706,78628.734,-922.734,0.000,0,0,0,0,0.00,nan,1,2,1024,nan,4,1,24,1,1,2,2,0,0,0,1483711554,0.04517,0.00488,0.95313,0.95421,-0.00665,0.00025,-0.00194,0.00693,0.95611,0.00300,0.00693,3,12142,0,25997,2.02528,1.69448,0.83666,96,1,89.083,100,1,6,4315,195192,0,0,0.000,0.750,3.000,0,0.000,0.750,3.000,0,0,0,0,0
PPG,4,359107,14365830587,93,72457,77371,78616.156,-1245.156,0.000,0,0,0,0,0.00,nan,1,2,1024,nan,4,1,24,1,1,3,3,0,0,0,1483750420,0.04199,0.00317,0.95313,0.95405,-0.00585,0.00052,-0.00194,0.00619,0.95604,0.00205,0.00619,3,12126,0,25997,2.02528,1.69448,0.83666,96,1,89.083,100,1,6,2602,195192,0,0,0.000,0.750,3.000,0,0.000,0.750,3.000,0,0,0,0,0
PPG,4,359108,14365870587,92,72455,77364,78603.633,-1239.633,0.000,0,0,0,0,0.00,nan,1,2,1024,nan,4,1,24,1,1,4,4,0,0,0,1483791868,0.04297,0.00195,0.94702,0.94800,-0.00558,-0.00108,-0.00194,0.00601,0.95542,0.00521,0.00739,3,12136,0,25997,2.02528,1.69448,0.83666,96,1,89.083,100,1,6,4294,195192,0,0,0.000,0.750,3.000,0,0.000,0.750,3.000,0,0,0,0,0
PPG,4,359109,14365910587,94,72503,77447,78592.070,-1145.070,0.000,0,0,0,0,0.00,nan,1,2,1024,nan,4,1,24,1,1,5,5,0,0,0,1483830676,0.04272,0.00903,0.95239,0.95339,-0.00585,-0.00055,-0.00114,0.00599,0.96035,0.01235,0.00615,3,12115,0,25997,2.02528,1.69448,0.83666,96,1,89.083,100,1,6,2603,195192,0,0,0.000,0.750,3.000,0,0.000,0.750,3.000,0,0,0,0,0
PPG,4,359110,14365950587,92,72513,77472,78580.867,-1108.867,0.000,0,0,0,0,0.00,nan,1,2,1024,nan,4,1,24,1,1,6,6,0,0,0,1483872121,0.03979,0.00342,0.95435,0.95518,-0.00532,-0.00055,-0.00167,0.00560,0.96090,0.00751,0.00642,3,12109,0,25997,2.02528,1.69448,0.83666,96,1,89.083,100,1,6,4294,195192,0,0,0.000,0.750,3.000,0,0.000,0.750,3.000,0,0,0,0,0
PPG,4,359111,14365990587,94,72528,77513,78570.188,-1057.188,0.000,0,0,0,0,0.00,nan,1,2,1024,nan,4,1,24,1,1,7,7,0,0,0,1483910949,0.04297,0.00220,0.95898,0.95995,-0.00585,-0.00161,-0.00114,0.00618,0.95995,0.00869,0.00632,3,12142,0,25997,2.02528,1.69448,0.83666,96,1,89.083,100,1,6,4326,195192,0,0,0.000,0.750,3.000,0,0.000,0.750,3.000,0,0,0,0,0
PPG,4,359112,14366030587,96,72550,77617,78560.656,-943.656,0.000,0,0,0,0,0.00,nan,1,2,1024,nan,4,1,24,1,1,8,8,0,0,0,1483954034,0.04126,0.00366,0.95142,0.95232,-0.00612,-0.00001,-0.00167,0.00634,0.95586,0.00409,0.00634,3,16254,0,25997,2.02528,1.69448,0.83666,96,1,89.083,100,1,6,16192,195192,0,0,0.000,0.750,3.000,0,0.000,0.750,3.000,0,0,0,0,0
PPG,4,359113,14366070587,92,72587,77670,78551.750,-881.750,0.000,0,0,0,0,0.00,nan,1,2,1024,nan,4,1,24,1,1,9,9,0,0,0,1483990353,0.04419,0.00488,0.95386,0.95489,-0.00612,-0.00028,-0.00274,0.00671,0.95618,0.00764,0.00671,3,12129,0,25997,2.02528,1.69448,0.83666,96,1,89.083,100,1,6,2605,195192,0,0,0.000,0.750,3.000,0,0.000,0.750,3.000,0,0,0,0,0
PPG,4,359114,14366110587,92,72629,77737,78543.602,-806.602,0.000,0,0,0,0,0.00,nan,1,2,1024,nan,4,1,24,1,1,10,10,0,0,0,1484031767,0.03882,0.00195,0.95801,0.95880,-0.00585,-0.00028,-0.00194,0.00617,0.95880,0.00899,0.00617,3,12118,0,25997,2.02528,1.69448,0.83666,96,1,89.083,100,1,6,4300,195192,0,0,0.000,0.750,3.000,0,0.000,0.750,3.000,0,0,0,0,0
PPG,4,359115,14366150587,95,72675,77819,78536.359,-717.359,0.000,0,0,0,0,0.00,nan,1,2,1024,nan,4,1,24,1,1,11,11,0,0,0,1484070614,0.04004,0.00610,0.94971,0.95057,-0.00585,-0.00081,-0.00167,0.00614,0.95640,0.00772,0.00675,3,12115,0,25997,2.02528,1.69448,0.83666,96,1,89.083,100,1,6,2601,195192,0,0,0.000,0.750,3.000,0,0.000,0.750,3.000,0,0,0,0,0
PPG,4,359116,14366190587,92,72710,77894,78529.938,-635.938,0.000,0,0,0,0,0.00,nan,1,2,1024,nan,4,1,24,1,1,12,12,0,0,0,1484112039,0.04468,0.00610,0.95093,0.95200,-0.00558,-0.00108,-0.00114,0.00580,0.95200,0.00354,0.00600,3,12127,0,25997,2.02528,1.69448,0.83666,96,1,89.083,100,1,6,4297,195192,0,0,0.000,0.750,3.000,0,0.000,0.750,3.000,0,0,0,0,0
PPG,4,359117,14366230587,92,72738,77992,78524.555,-532.555,0.000,0,0,0,0,0.00,nan,1,2,1024,nan,4,1,24,1,1,13,13,0,0,0,1484150992,0.04419,0.00317,0.94995,0.95098,-0.00505,-0.00028,-0.00114,0.00519,0.95524,0.00594,0.00685,3,12160,0,25997,2.02528,1.69448,0.83666,96,1,89.083,100,1,6,4312,195192,0,0,0.000,0.750,3.000,0,0.000,0.750,3.000,0,0,0,0,0
PPG,4,359118,14366270587,91,72761,78060,78519.906,-459.906,0.000,0,0,0,0,0.00,nan,1,2,1024,nan,4,1,24,1,1,14,14,0,0,0,1484189825,0.04663,0.00122,0.95239,0.95353,-0.00665,-0.00055,-0.00114,0.00677,0.95950,0.00852,0.00677,3,12123,0,25997,2.02528,1.69448,0.83666,96,1,89.083,100,1,6,2603,195192,0,0,0.000,0.750,3.000,0,0.000,0.750,3.000,0,0,0,0,0
PPG,4,359119,14366310587,95,72783,78087,78515.578,-428.578,0.000,0,0,0,0,0.00,nan,1,2,1024,nan,4,1,24,1,1,15,15,0,0,0,1484231243,0.04614,0.00879,0.95215,0.95331,-0.00505,-0.00055,-0.00141,0.00527,0.95660,0.00386,0.00655,3,12117,0,25997,2.02528,1.69448,0.83666,96,1,89.083,100,1,6,4299,195192,0,0,0.000,0.750,3.000,0,0.000,0.750,3.000,0,0,0,0,0
PPG,4,359120,14366350587,92,72792,78135,78511.773,-376.773,0.000,0,0,0,0,0.00,nan,1,2,1024,nan,4,1,24,1,1,16,16,0,0,0,1484270094,0.04224,0.00513,0.95117,0.95212,-0.00638,-0.00081,-0.00167,0.00665,0.95617,0.00405,0.00665,3,12117,0,25997,2.02528,1.69448,0.83666,96,1,89.083,100,1,6,2598,195192,0,0,0.000,0.750,3.000,0,0.000,0.750,3.000,0,0,0,0,0
PPG,4,359121,14366390587,497,72765,78170,78508.359,-338.359,250.227,0,0,0,0,0.00,nan,1,2,1024,nan,4,1,24,1,1,17,17,0,0,0,1484311533,0.04297,0.00317,0.95044,0.95142,-0.00638,0.00079,-0.00167,0.00665,0.95826,0.00685,0.00720,3,12137,0,25997,1.39647,1.15440,0.82666,99,1,89.334,75,1,6,4311,195192,0,0,0.000,0.750,3.000,0,0.000,0.750,3.000,0,0,0,0,0
PPG,4,359122,14366430587,156,72798,78218,78505.453,-287.453,282.383,0,0,0,0,0.00,nan,1,2,1024,nan,4,1,24,1,1,18,18,0,0,0,1484350869,0.04443,0.00244,0.95947,0.96050,-0.00452,-0.00001,-0.00167,0.00482,0.96280,0.01333,0.00597,3,12164,0,25997,1.39647,1.15440,0.82666,99,1,89.334,75,1,6,2602,195192,0,0,0.000,0.750,3.000,0,0.000,0.750,3.000,0,0,0,0,0
PPG,4,359123,14366470587,112,72790,78247,78502.867,-255.867,310.156,0,0,0,0,0.00,nan,1,2,1024,nan,4,1,24,1,1,19,19,0,0,0,1484392367,0.04590,0.00171,0.95288,0.95399,-0.00692,-0.00001,-0.00194,0.00718,0.95767,0.00902,0.00718,3,12114,0,25997,1.39647,1.15440,0.82666,99,1,89.334,75,1,6,4295,195192,0,0,0.000,0.750,3.000,0,0.000,0.750,3.000,0,0,0,0,0
PPG,4,359124,14366510587,116,72830,78292,78500.758,-208.758,334.711,0,0,0,0,0.00,nan,1,2,1024,nan,4,1,24,1,1,20,20,0,0,0,1484431227,0.04443,0.00464,0.95117,0.95222,-0.00532,-0.00081,-0.00274,0.00604,0.95369,0.00179,0.00626,3,12123,0,25997,1.39647,1.15440,0.82666,99,1,89.334,75,1,6,4304,195192,0,0,0.000,0.750,3.000,0,0.000,0.750,3.000,0,0,0,0,0
PPG,4,359125,14366550587,116,72810,78319,78498.938,-179.938,353.211,0,0,0,0,0.00,nan,1,2,1024,nan,4,1,24,1,1,21,21,0,0,0,1484470381,0.04248,0.00659,0.94824,0.94922,-0.00585,-0.00081,-0.00194,0.00622,0.96139,0.01217,0.00671,3,12259,0,25997,1.39647,1.15440,0.82666,99,1,89.334,75,1,6,2630,195192,0,0,0.000,0.750,3.000,0,0.000,0.750,3.000,0,0,0,0,0
PPG,4,359126,14366590587,116,72840,78362,78497.570,-135.570,359.703,0,0,0,0,0.00,nan,1,2,1024,nan,4,1,24,1,1,22,22,0,0,0,1484512196,0.04346,0.00073,0.95679,0.95777,-0.00505,0.00025,-0.00061,0.00509,0.95777,0.00354,0.00642,3,12182,0,25997,1.39647,1.15440,0.82666,99,1,89.334,75,1,6,4302,195192,0,0,0.000,0.750,3.000,0,0.000,0.750,3.000,0,0,0,0,0
PPG,4,359127,14366630587,155,72851,78367,78496.266,-129.266,343.039,0,0,0,0,0.00,nan,1,2,1024,nan,4,1,24,1,1,23,23,0,0,0,1484551075,0.04492,0.00464,0.94922,0.95029,-0.00585,0.00025,-0.00194,0.00617,0.95833,0.00803,0.00617,3,12126,0,25997,1.39647,1.15440,0.82666,99,1,89.334,75,1,6,4298,195192,0,0,0.000,0.750,3.000,0,0.000,0.750,3.000,0,0,0,0,0
PPG,4,359128,14366670587,110,72792,78170,78493.000,-323.000,302.742,0,0,0,0,0.00,nan,1,2,1024,nan,4,1,24,1,1,24,24,0,0,0,1484590139,0.04272,0.00610,0.94434,0.94532,-0.00612,-0.00055,-0.00194,0.00644,0.95534,0.00689,0.00644,3,12221,0,25997,1.39647,1.15440,0.82666,99,1,89.334,75,1,6,2595,195192,0,0,0.000,0.750,3.000,0,0.000,0.750,3.000,0,0,0,0,0
PPG,4,359129,14366710587,111,72664,77878,78486.852,-608.852,232.617,0,0,0,0,0.00,nan,1,2,1024,nan,4,1,24,1,1,25,25,0,0,0,1484631740,0.04321,0.00830,0.95410,0.95512,-0.00558,-0.00055,-0.00141,0.00578,0.95512,0.00947,0.00689,3,12130,0,25997,1.39647,1.15440,0.82666,99,1,89.334,75,1,6,4295,195192,0,0,0.000,0.750,3.000,0,0.000,0.750,3.000,0,0,0,0,0
PPG,4,359130,14366750587,115,72616,77806,78480.047,-674.047,152.922,0,0,0,0,0.00,nan,1,2,1024,nan,4,1,24,1,1,26,26,0,0,0,1484670938,0.04468,0.00317,0.96021,0.96125,-0.00425,-0.00001,-0.00114,0.00440,0.96125,0.00786,0.00594,3,12374,0,25997,1.39647,1.15440,0.82666,99,1,89.334,75,1,6,2620,195192,0,0,0.000,0.750,3.000,0,0.000,0.750,3.000,0,0,0,0,0
PPG,4,359131,14366790587,130,72623,77854,78473.789,-619.789,73.297,0,0,0,0,0.00,nan,1,2,1024,nan,4,1,24,1,1,27,27,0,0,0,1484712821,0.04468,0.00537,0.95435,0.95541,-0.00558,-0.00028,-0.00167,0.00584,0.95594,0.00530,0.00635,3,12262,0,25997,1.39647,1.15440,0.82666,99,1,89.334,75,1,6,4351,195192,0,0,0.000,0.750,3.000,0,0.000,0.750,3.000,0,0,0,0,0
PPG,4,359132,14366830587,133,72644,77911,78468.164,-557.164,0.312,0,0,0,0,0.00,nan,1,2,1024,nan,4,1,24,1,1,28,28,0,0,0,1484752155,0.04492,0.00098,0.95288,0.95394,-0.00505,-0.00081,-0.00221,0.00557,0.95394,0.00485,0.00626,3,12234,0,25997,1.39647,1.15440,0.82666,99,1,89.334,75,1,6,4352,195192,0,0,0.000,0.750,3.000,0,0.000,0.750,3.000,0,0,0,0,0
PPG,4,359133,14366870587,130,72687,77999,78463.469,-464.469,-67.992,0,0,0,0,0.00,nan,1,2,1024,nan,4,1,24,1,1,29,29,0,0,0,1484791577,0.04297,0.00464,0.94897,0.94996,-0.00585,-0.00055,-0.00114,0.00599,0.95662,0.00666,0.00642,3,12253,0,25997,1.39647,1.15440,0.82666,99,1,89.334,75,1,6,4341,195192,0,0,0.000,0.750,3.000,0,0.000,0.750,3.000,0,0,0,0,0
PPG,4,359134,14366910587,121,72709,78068,78459.516,-391.516,-127.258,0,0,0,0,0.00,nan,1,2,1024,nan,4,1,24,1,1,30,31,1,0,0,1484872096,0.03809,0.00439,0.95703,0.95780,-0.00558,0.00025,-0.00034,0.00560,0.95780,0.00477,0.00624,2,65782,0,26002,1.39647,1.15440,0.82666,99,1,89.334,75,1,6,65830,195192,0,0,0.000,0.750,3.000,0,0.000,0.750,3.000,0,0,0,0,0
PPG,4,359135,14366950587,109,72722,78070,78455.617,-385.617,-154.094,0,0,0,0,0.00,nan,1,2,1024,nan,4,1,24,1,1,31,31,0,0,0,1484884260,0.04102,0.00317,0.95850,0.95938,-0.00452,-0.00001,-0.00034,0.00453,0.95938,0.00158,0.00453,1,12164,0,26002,1.39647,1.15440,0.82666,99,1,89.334,75,1,6,12085,195192,0,0,0.000,0.750,3.000,0,0.000,0.750,3.000,0,0,0,0,0
PPG,4,359136,14366990587,112,72738,78109,78452.148,-343.148,-131.844,0,0,0,0,0.00,nan,1,2,1024,nan,4,1,24,1,1,0,0,0,0,0,1484908647,0.04150,0.00610,0.95313,0.95405,-0.00479,-0.00028,-0.00247,0.00539,0.95405,0.00598,0.00571,2,12303,0,26002,1.39647,1.15440,0.82666,99,1,89.334,75,1,6,2614,195192,0,0,0.000,0.750,3.000,0,0.000,0.750,3.000,0,0,0,0,0
PPG,4,359137,14367030587,129,72704,78112,78448.750,-336.750,-94.133,0,0,0,0,0.00,nan,1,2,1024,nan,4,1,24,1,1,1,1,0,0,0,1484954731,0.04126,0.00464,0.95679,0.95769,-0.00638,-0.00081,-0.00194,0.00672,0.95769,0.00558,0.00672,3,16562,0,26002,1.39647,1.15440,0.82666,99,1,89.334,75,1,6,16508,195192,0,0,0.000,0.750,3.000,0,0.000,0.750,3.000,0,0,0,0,0
PPG,4,359138,14367070587,111,72597,78014,78444.406,-430.406,-68.969,0,0,0,0,0.00,nan,1,2,1024,nan,4,1,24,1,1,2,2,0,0,0,1484991541,0.04541,0.00342,0.95557,0.95665,-0.00612,-0.00055,-0.00167,0.00637,0.95665,0.01038,0.00637,3,12268,0,26002,1.39647,1.15440,0.82666,99,1,89.334,75,1,6,4334,195192,0,0,0.000,0.750,3.000,0,0.000,0.750,3.000,0,0,0,0,0
PPG,4,359139,14367110587,113,72418,77857,78438.531,-581.531,-65.188,0,0,0,0,0.00,nan,1,2,1024,nan,4,1,24,1,1,3,3,0,0,0,1485030720,0.03979,0.00220,0.95825,0.95908,-0.00558,-0.00028,-0.00194,0.00592,0.95908,0.00574,0.00651,3,12256,0,26002,1.39647,1.15440,0.82666,99,1,89.334,75,1,6,2630,195192,0,0,0.000,0.750,3.000,0,0.000,0.750,3.000,0,0,0,0,0
PPG,4,359140,14367150587,112,72380,77839,78432.539,-593.539,-73.242,0,0,0,0,0.00,nan,1,2,1024,nan,4,1,24,1,1,4,4,0,0,0,1485072615,0.04614,0.00732,0.95630,0.95744,-0.00558,-0.00055,-0.00114,0.00573,0.95887,0.00494,0.00670,3,12265,0,26002,1.39647,1.15440,0.82666,99,1,89.334,75,1,6,4330,195192,0,0,0.000,0.750,3.000,0,0.000,0.750,3.000,0,0,0,0,0
PPG,4,359141,14367190587,112,72471,77954,78427.750,-473.750,-78.727,0,0,0,0,0.00,nan,1,2,1024,nan,4,1,24,1,1,5,5,0,0,0,1485111794,0.04395,0.00464,0.95093,0.95195,-0.00558,0.00025,-0.00087,0.00566,0.95612,0.00417,0.00685,3,12252,0,26002,1.39647,1.15440,0.82666,99,1,89.334,75,1,6,4327,195192,0,0,0.000,0.750,3.000,0,0.000,0.750,3.000,0,0,0,0,0
PPG,4,359142,14367230587,109,72557,78096,78424.430,-328.430,-68.914,0,0,0,0,0.00,nan,1,2,1024,nan,4,1,24,1,1,6,6,0,0,0,1485150926,0.04175,0.00098,0.95239,0.95331,-0.00505,-0.00001,-0.00141,0.00524,0.95492,0.00297,0.00650,3,12237,0,26002,1.39647,1.15440,0.82666,99,1,89.334,75,1,6,2628,195192,0,0,0.000,0.750,3.000,0,0.000,0.750,3.000,0,0,0,0,0
PPG,4,359143,14367270587,111,72658,78234,78422.523,-188.523,-50.406,0,0,0,0,0.00,nan,1,2,1024,nan,4,1,24,1,1,7,7,0,0,0,1485192787,0.04272,0.00195,0.94897,0.94994,-0.00558,-0.00001,-0.00141,0.00576,0.95853,0.00696,0.00658,3,12250,0,26002,1.39647,1.15440,0.82666,99,1,89.334,75,1,6,4338,195192,0,0,0.000,0.750,3.000,0,0.000,0.750,3.000,0,0,0,0,0
PPG,4,359144,14367310587,109,72715,78319,78421.484,-102.484,-22.188,0,0,0,0,0.00,nan,1,2,1024,nan,4,1,24,1,1,8,8,0,0,0,1485231931,0.04419,0.00610,0.94995,0.95100,-0.00665,-0.00001,-0.00194,0.00693,0.95508,0.00514,0.00693,3,12208,0,26002,1.39647,1.15440,0.82666,99,1,89.334,75,1,6,4338,195192,0,0,0.000,0.750,3.000,0,0.000,0.750,3.000,0,0,0,0,0
PPG,4,359145,14367350587,113,72696,78335,78420.617,-85.617,22.867,0,0,0,0,0.00,nan,1,2,1024,nan,4,1,24,1,1,9,9,0,0,0,1485271179,0.04272,0.00464,0.94971,0.95068,-0.00638,-0.00028,-0.00141,0.00654,0.95711,0.00611,0.00654,3,12257,0,26002,1.39647,1.15440,0.82666,99,1,89.334,75,1,6,2654,195192,0,0,0.000,0.750,3.000,0,0.000,0.750,3.000,0,0,0,0,0
PPG,4,359146,14367390587,490,72614,78272,78419.133,-147.133,86.656,0,0,0,0,0.00,nan,1,2,1024,nan,4,1,24,1,1,10,10,0,0,0,1485312985,0.04224,0.00903,0.95337,0.95435,-0.00532,0.00025,-0.00194,0.00567,0.95628,0.00788,0.00637,3,12306,0,26002,0.88532,0.52087,0.58835,99,1,95.291,88,1,6,4308,195192,0,0,0.000,0.750,3.000,0,0.000,0.750,3.000,0,0,0,0,0
PPG,4,359147,14367430587,157,72587,78252,78417.461,-165.461,151.406,0,0,0,0,0.00,nan,1,2,1024,nan,4,1,24,1,1,11,11,0,0,0,1485352286,0.04272,0.00513,0.94971,0.95068,-0.00505,-0.00055,-0.00167,0.00535,0.95404,0.00212,0.00617,3,12146,0,26002,0.88532,0.52087,0.58835,99,1,95.291,88,1,6,4300,195192,0,0,0.000,0.750,3.000,0,0.000,0.750,3.000,0,0,0,0,0
PPG,4,359148,14367470587,109,72649,78339,78416.680,-77.680,197.961,0,0,0,0,0.00,nan,1,2,1024,nan,4,1,24,1,1,12,12,0,0,0,1485391245,0.04224,0.00464,0.95483,0.95578,-0.00505,-0.00001,-0.00141,0.00524,0.95629,0.00425,0.00693,3,12114,0,26002,0.88532,0.52087,0.58835,99,1,95.291,88,1,6,2605,195192,0,0,0.000,0.750,3.000,0,0.000,0.750,3.000,0,0,0,0,0
PPG,4,359149,14367510587,112,72698,78410,78416.609,-6.609,216.211,0,0,0,0,0.00,nan,1,2,1024,nan,4,1,24,1,1,13,13,0,0,0,1485432745,0.04199,0.00806,0.94751,0.94847,-0.00585,-0.00055,-0.00247,0.00638,0.95520,0.00864,0.00638,3,12122,0,26002,0.88532,0.52087,0.58835,99,1,95.291,88,1,6,4295,195192,0,0,0.000,0.750,3.000,0,0.000,0.750,3.000,0,0,0,0,0
PPG,4,359150,14367550587,111,72654,78340,78415.844,-75.844,204.656,0,0,0,0,0.00,nan,1,2,1024,nan,4,1,24,1,1,14,14,0,0,0,1485471637,0.04150,0.00391,0.95605,0.95696,-0.00665,-0.00081,-0.00221,0.00705,0.95696,0.00764,0.00705,3,12151,0,26002,0.88532,0.52087,0.58835,99,1,95.291,88,1,6,4315,195192,0,0,0.000,0.750,3.000,0,0.000,0.750,3.000,0,0,0,0,0
PPG,4,359151,14367590587,112,72627,78189,78413.578,-224.578,169.336,0,0,0,0,0.00,nan,1,2,1024,nan,4,1,24,1,1,15,15,0,0,0,1485510540,0.04297,0.00171,0.94946,0.95044,-0.00612,-0.00081,-0.00114,0.00628,0.95626,0.00303,0.00628,3,12119,0,26002,0.88532,0.52087,0.58835,99,1,95.291,88,1,6,2595,195192,0,0,0.000,0.750,3.000,0,0.000,0.750,3.000,0,0,0,0,0
PPG,4,359152,14367630587,109,72593,78144,78410.883,-266.883,130.398,0,0,0,0,0.00,nan,1,2,1024,nan,4,1,24,1,1,16,16,0,0,0,1485552012,0.03857,0.00317,0.95996,0.96074,-0.00612,0.00025,-0.00221,0.00651,0.96074,0.01014,0.00667,3,12128,0,26002,0.88532,0.52087,0.58835,99,1,95.291,88,1,6,4296,195192,0,0,0.000,0.750,3.000,0,0.000,0.750,3.000,0,0,0,0,0
PPG,4,359153,14367670587,112,72610,78194,78408.711,-214.711,109.508,0,0,0,0,0.00,nan,1,2,1024,nan,4,1,24,1,1,17,17,0,0,0,1485590917,0.04248,0.00244,0.95728,0.95822,-0.00612,-0.00055,-0.00061,0.00617,0.95822,0.00834,0.00617,3,12142,0,26002,0.88532,0.52087,0.58835,99,1,95.291,88,1,6,2596,195192,0,0,0.000,0.750,3.000,0,0.000,0.750,3.000,0,0,0,0,0
PPG,4,359154,14367710587,110,72626,78232,78406.945,-174.945,98.453,0,0,0,0,0.00,nan,1,2,1024,nan,4,1,24,1,1,18,18,0,0,0,1485632383,0.04517,0.00464,0.95435,0.95543,-0.00665,-0.00135,-0.00114,0.00688,0.95730,0.00368,0.00688,3,12117,0,26002,0.88532,0.52087,0.58835,99,1,95.291,88,1,6,4296,195192,0,0,0.000,0.750,3.000,0,0.000,0.750,3.000,0,0,0,0,0
PPG,4,359155,14367750587,111,72663,78281,78405.688,-124.688,79.609,0,0,0,0,0.00,nan,1,2,1024,nan,4,1,24,1,1,19,19,0,0,0,1485671247,0.04639,0.00391,0.95459,0.95572,-0.00585,-0.00081,-0.00087,0.00597,0.95833,0.00261,0.00691,3,12131,0,26002,0.88532,0.52087,0.58835,99,1,95.291,88,1,6,2617,195192,0,0,0.000,0.750,3.000,0,0.000,0.750,3.000,0,0,0,0,0
PPG,4,359156,14367790587,125,72674,78338,78405.008,-67.008,57.883,0,0,0,0,0.00,nan,1,2,1024,nan,4,1,24,1,1,20,20,0,0,0,1485712923,0.04321,0.00391,0.95166,0.95265,-0.00532,-0.00028,-0.00114,0.00545,0.95505,0.00294,0.00656,3,12121,0,26002,0.88532,0.52087,0.58835,99,1,95.291,88,1,6,4313,195192,0,0,0.000,23.664,7.362,0,0.000,0.750,3.000,0,0,0,0,0
PPG,4,359157,14367830587,116,72647,78333,78404.289,-71.289,45.828,0,0,0,0,0.00,nan,1,2,1024,nan,4,1,24,1,1,21,21,0,0,0,1485751838,0.04443,0.00244,0.96069,0.96172,-0.00638,-0.00028,-0.00327,0.00718,0.96172,0.00765,0.00718,3,12119,0,26002,0.88532,0.52087,0.58835,99,1,95.291,88,1,6,4296,195192,0,0,0.000,23.664,7.362,0,0.000,0.750,3.000,0,0,0,0,0
PPG,4,359158,14367870587,120,72565,78231,78402.555,-171.555,40.977,0,0,0,0,0.00,nan,1,2,1024,nan,4,1,24,1,1,22,22,0,0,0,1485790874,0.04126,0.00269,0.94653,0.94744,-0.00585,0.00052,-0.00061,0.00591,0.95431,0.00895,0.00676,3,12252,0,26002,0.88532,0.52087,0.58835,99,1,95.291,88,1,6,2641,195192,0,0,0.000,22.648,7.829,0,0.000,0.750,3.000,0,0,0,0,0
PPG,4,359159,14367910587,117,72500,78177,78400.297,-223.297,29.688,0,0,0,0,0.00,nan,1,2,1024,nan,4,1,24,1,1,23,23,0,0,0,1485832714,0.04102,0.00269,0.95508,0.95596,-0.00585,-0.00055,-0.00167,0.00611,0.95596,0.00615,0.00611,3,12158,0,26002,0.88532,0.52087,0.58835,99,1,95.291,88,1,6,4368,195192,0,0,0.000,22.648,7.829,0,0.000,0.750,3.000,0,0,0,0,0
PPG,4,359160,14367950587,115,72508,78195,78398.242,-203.242,12.039,0,0,0,0,0.00,nan,1,2,1024,nan,4,1,24,1,1,24,24,0,0,0,1485871714,0.04565,0.00757,0.95239,0.95352,-0.00479,-0.00135,-0.00221,0.00544,0.95904,0.00636,0.00575,3,12114,0,26002,0.88532,0.52087,0.58835,99,1,95.291,88,1,6,4300,195192,0,0,0.000,22.648,7.829,0,0.000,0.750,3.000,0,0,0,0,0
PPG,4,359161,14367990587,117,72436,78131,78395.570,-264.570,-11.242,0,0,0,0,0.00,nan,1,2,1024,nan,4,1,24,1,1,25,25,0,0,0,1485910644,0.04565,0.00610,0.95410,0.95521,-0.00585,-0.00055,-0.00114,0.00599,0.95650,0.00373,0.00654,3,12126,0,26002,0.88532,0.52087,0.58835,99,1,95.291,88,1,6,2608,195192,0,0,0.000,22.648,7.829,0,0.000,0.750,3.000,0,0,0,0,0
PPG,4,359162,14368030587,124,72483,78195,78393.562,-198.562,-28.477,0,0,0,0,0.00,nan,1,2,1024,nan,4,1,24,1,1,26,26,0,0,0,1485956749,0.04468,0.00635,0.94580,0.94688,-0.00612,-0.00001,-0.00167,0.00634,0.95823,0.01136,0.00728,3,16660,0,26002,0.88532,0.52087,0.58835,99,1,95.291,88,1,6,16600,195192,0,0,0.000,22.648,7.829,0,0.000,0.750,3.000,0,0,0,0,0
PPG,4,359163,14368070587,144,72528,78265,78392.273,-127.273,-40.461,0,0,0,0,0.00,nan,1,2,1024,nan,4,1,24,1,1,27,27,0,0,0,1485993494,0.04272,0.00562,0.95190,0.95288,-0.00612,-0.00055,-0.00141,0.00630,0.95288,0.00332,0.00649,3,12306,0,26002,0.88532,0.52087,0.58835,99,1,95.291,88,1,6,4326,195192,0,0,0.000,22.648,7.829,0,0.000,0.750,3.000,0,0,0,0,0
PPG,4,359164,14368110587,114,72465,78232,78390.672,-158.672,-50.539,0,0,0,0,0.00,nan,1,2,1024,nan,4,1,24,1,1,28,28,0,0,0,1486032808,0.04321,0.00879,0.95703,0.95805,-0.00612,-0.00001,-0.00167,0.00634,0.95805,0.00938,0.00693,3,12252,0,26002,0.88532,0.52087,0.58835,99,1,95.291,88,1,6,4338,195192,0,0,0.000,22.648,7.829,0,0.000,0.750,3.000,0,0,0,0,0
PPG,4,359165,14368150587,126,72461,78207,78388.836,-181.836,-47.562,0,0,0,0,0.00,nan,1,2,1024,nan,4,1,24,1,1,29,29,0,0,0,1486072050,0.04102,0.00439,0.95532,0.95621,-0.00585,-0.00028,-0.00114,0.00597,0.95621,0.00247,0.00672,3,12236,0,26002,0.88532,0.52087,0.58835,99,1,95.291,88,1,6,4317,195192,0,0,0.000,22.648,7.829,0,0.000,0.750,3.000,0,0,0,0,0
PPG,4,359166,14368190587,136,72478,78227,78387.219,-160.219,-38.172,0,0,0,0,0.00,nan,1,2,1024,nan,4,1,24,1,1,30,30,0,0,0,1486111358,0.04199,0.00293,0.95044,0.95137,-0.00638,-0.00055,-0.00194,0.00669,0.95332,0.00747,0.00670,3,12248,0,26002,0.88532,0.52087,0.58835,99,1,95.291,88,1,6,2638,195192,0,0,0.000,22.648,7.829,0,0.000,0.750,3.000,0,0,0,0,0
PPG,4,359167,14368230587,119,72446,78222,78385.570,-163.570,-32.812,0,0,0,0,0.00,nan,1,2,1024,nan,4,1,24,1,1,31,31,0,0,0,1486153301,0.04248,0.00269,0.95508,0.95603,-0.00638,-0.00081,-0.00114,0.00654,0.95603,0.00223,0.00680,3,12253,0,26002,0.88532,0.52087,0.58835,99,1,95.291,88,1,6,4317,195192,0,0,0.000,21.392,8.494,0,0.000,0.750,3.000,0,0,0,0,0
PPG,4,359168,14368270587,116,72472,78245,78384.164,-139.164,-11.828,0,0,0,0,0.00,nan,1,2,1024,nan,4,1,24,1,1,0,0,0,0,0,1486192598,0.04248,0.00293,0.94702,0.94798,-0.00665,-0.00108,-0.00114,0.00683,0.95628,0.00831,0.00683,3,12294,0,26002,0.88532,0.52087,0.58835,99,1,95.291,88,1,6,4351,195192,0,0,0.000,21.392,8.494,0,0.000,0.750,3.000,0,0,0,0,0
PPG,4,359169,14368310587,117,72597,78378,78384.102,-6.102,15.914,0,0,0,0,0.00,nan,1,2,1024,nan,4,1,24,1,1,1,1,0,0,0,1486231827,0.04126,0.00464,0.94263,0.94354,-0.00532,-0.00028,-0.00194,0.00567,0.95174,0.00453,0.00672,3,12230,0,26002,0.88532,0.52087,0.58835,99,1,95.291,88,1,6,4315,195192,0,0,0.000,21.392,8.494,0,0.000,0.750,3.000,0,0,0,0,0
PPG,4,359170,14368350587,117,72706,78516,78385.422,130.578,42.969,0,0,0,0,0.00,nan,1,2,1024,nan,4,1,24,1,1,2,2,0,0,0,1486271029,0.04346,0.00146,0.95703,0.95802,-0.00532,-0.00001,-0.00167,0.00557,0.95802,0.01081,0.00622,3,12268,0,26002,0.88532,0.52087,0.58835,99,1,95.291,88,1,6,2622,195192,0,0,0.000,21.392,8.494,0,0.000,0.750,3.000,0,0,0,0,0
PPG,4,359171,14368390587,501,72818,78638,78387.945,250.055,78.523,0,0,0,0,0.00,nan,1,2,1024,99.00,0,1,24,1,1,3,3,0,0,0,1486312988,0.04126,0.00488,0.95874,0.95964,-0.00718,-0.00081,-0.00007,0.00723,0.95964,0.01461,0.00723,3,12255,0,26002,0.82930,0.42658,0.51439,100,1,97.140,71,1,3,4328,195192,0,0,0.000,21.392,8.494,0,0.000,0.750,3.000,0,0,0,0,0
PPG,4,359172,14368430587,160,72861,78677,78390.836,286.164,119.008,0,0,0,0,0.00,nan,1,2,1024,99.00,0,1,24,1,1,4,4,0,0,0,1486352571,0.04443,0.00220,0.95386,0.95489,-0.00612,-0.00081,-0.00194,0.00647,0.95849,0.00743,0.00697,3,12223,0,26002,0.82930,0.42658,0.51439,100,1,97.140,71,1,3,4331,195192,0,0,0.000,21.392,8.494,0,0.000,0.750,3.000,0,0,0,0,0
PPG,4,359173,14368470587,135,72783,78515,78392.078,122.922,144.109,0,0,0,0,0.00,nan,1,2,1024,99.00,0,1,24,1,1,5,5,0,0,0,1486391844,0.04712,0.00317,0.95142,0.95259,-0.00692,0.00079,-0.00221,0.00730,0.95622,0.00250,0.00730,3,12234,0,26002,0.82930,0.42658,0.51439,100,1,97.140,71,1,3,4349,195192,0,0,0.000,21.392,8.494,0,0.000,0.750,3.000,0,0,0,0,0
PPG,4,359174,14368510587,113,72742,78402,78392.180,9.820,161.320,0,0,0,0,0.00,nan,1,2,1024,99.00,0,1,24,1,1,6,6,0,0,0,1486431144,0.04248,0.00806,0.95728,0.95825,-0.00585,0.00052,-0.00167,0.00611,0.95993,0.01073,0.00744,3,12253,0,26002,0.82930,0.42658,0.51439,100,1,97.140,71,1,3,2629,195192,0,0,0.000,21.392,8.494,0,0.000,0.750,3.000,0,0,0,0,0
PPG,4,359175,14368550587,113,72786,78469,78392.945,76.055,183.922,0,0,0,0,0.00,nan,1,2,1024,99.00,0,1,24,1,1,7,7,0,0,0,1486472923,0.04663,0.00366,0.95020,0.95135,-0.00505,0.00052,-0.00087,0.00515,0.95671,0.00296,0.00562,3,12226,0,26002,0.82930,0.42658,0.51439,100,1,97.140,71,1,3,4347,195192,0,0,0.000,21.392,8.494,0,0.000,0.750,3.000,0,0,0,0,0
PPG,4,359176,14368590587,121,72871,78580,78394.812,185.188,200.680,0,0,0,0,0.00,nan,1,2,1024,99.00,0,1,24,1,1,8,8,0,0,0,1486512197,0.04297,0.00073,0.95776,0.95873,-0.00585,-0.00028,-0.00114,0.00597,0.95873,0.00543,0.00682,3,12259,0,26002,0.82930,0.42658,0.51439,100,1,97.140,71,1,3,4341,195192,0,0,0.000,21.392,8.494,0,0.000,0.750,3.000,0,0,0,0,0
PPG,4,359177,14368630587,127,72909,78655,78397.414,257.586,204.438,0,0,0,0,0.00,nan,1,2,1024,99.00,0,1,24,1,1,9,9,0,0,0,1486551490,0.04248,-0.00049,0.95581,0.95675,-0.00585,-0.00081,-0.00087,0.00597,0.95675,0.00984,0.00668,3,12235,0,26002,0.82930,0.42658,0.51439,100,1,97.140,71,1,3,2622,195192,0,0,0.000,21.392,8.494,0,0.000,0.750,3.000,0,0,0,0,0
PPG,4,359178,14368670587,140,72885,78662,78400.062,261.938,186.312,0,0,0,0,0.00,nan,1,2,0,99.00,0,1,24,1,1,10,10,0,0,0,1486593392,0.04272,0.00610,0.95483,0.95581,-0.00585,-0.00001,-0.00194,0.00616,0.95581,0.00440,0.00616,3,12277,0,26002,0.82930,0.42658,0.51439,100,1,97.140,71,1,3,4304,195192,0,0,0.000,21.392,8.494,0,0.000,99.208,3.317,0,0,1,0,0
PPG,4,359179,14368710587,116,72919,78708,78403.141,304.859,164.188,0,0,0,0,0.00,nan,1,2,0,99.00,0,1,24,1,1,11,11,0,0,0,1486632617,0.04346,0.00586,0.95215,0.95316,-0.00585,-0.00001,-0.00114,0.00596,0.96184,0.01037,0.00630,3,12297,0,26002,0.82930,0.42658,0.51439,100,1,97.140,71,1,3,4294,195192,0,0,0.000,21.392,8.494,0,0.000,99.208,3.317,0,0,1,0,0
PPG,4,359180,14368750587,119,72936,78740,78406.508,333.492,169.086,0,0,0,0,0.00,nan,1,2,0,99.00,0,1,24,1,1,12,12,0,0,0,1486671635,0.04419,0.00293,0.95581,0.95684,-0.00505,0.00052,-0.00061,0.00511,0.95684,0.00475,0.00593,3,12136,0,26002,0.82930,0.42658,0.51439,100,1,97.140,71,1,3,2598,195192,0,0,0.000,21.392,8.494,0,0.000,99.208,3.317,0,0,1,0,0
PPG,4,359181,14368790587,119,72991,78796,78410.406,385.594,192.117,0,0,0,0,0.00,nan,1,2,0,99.00,0,1,24,1,1,13,13,0,0,0,1486713218,0.04395,0.00659,0.95142,0.95245,-0.00692,0.00105,-0.00194,0.00726,0.95556,0.00311,0.00726,3,12189,0,26002,0.82930,0.42658,0.51439,100,1,97.140,71,1,3,4311,195192,0,0,0.000,21.392,8.494,0,0.000,99.208,3.317,0,0,1,0,0
PPG,4,359182,14368830587,136,72982,78775,78414.055,360.945,206.836,0,0,0,0,0.00,nan,1,2,0,99.00,0,1,24,1,1,14,14,0,0,0,1486752123,0.04468,0.00244,0.95288,0.95393,-0.00532,-0.00055,-0.00061,0.00538,0.95643,0.00397,0.00712,3,12117,0,26002,0.82930,0.42658,0.51439,100,1,97.140,71,1,3,4295,195192,0,0,0.000,21.392,8.494,0,0.000,99.208,3.317,0,0,1,0,0
PPG,4,359183,14368870587,121,72916,78728,78417.195,310.805,204.828,0,0,0,0,0.00,nan,1,2,0,99.00,0,1,24,1,1,15,15,0,0,0,1486791054,0.04272,0.00562,0.94897,0.94995,-0.00532,-0.00028,-0.00087,0.00540,0.95138,0.00856,0.00619,3,12122,0,26002,0.82930,0.42658,0.51439,100,1,97.140,71,1,3,2595,195192,0,0,0.000,21.146,8.638,0,0.000,94.813,3.499,0,0,1,0,0
PPG,4,359184,14368910587,115,72950,78783,78420.852,362.148,195.562,0,0,0,0,0.00,nan,1,2,0,99.00,0,1,24,1,1,16,16,0,0,0,1486832595,0.03979,0.00391,0.95117,0.95201,-0.00505,0.00105,-0.00114,0.00528,0.95598,0.00656,0.00564,3,12116,0,26002,0.82930,0.42658,0.51439,100,1,97.140,71,1,3,4297,195192,0,0,0.000,21.146,8.638,0,0.000,94.813,3.499,0,0,1,0,0
PPG,4,359185,14368950587,120,73019,78869,78425.336,443.664,192.039,0,0,0,0,0.00,nan,1,2,0,99.00,0,1,24,1,1,17,17,0,0,0,1486871556,0.04736,0.00073,0.94946,0.95064,-0.00558,-0.00028,-0.00194,0.00592,0.95269,0.00205,0.00642,3,12123,0,26002,0.82930,0.42658,0.51439,100,1,97.140,71,1,3,2595,195192,0,0,298.086,21.146,8.638,1,0.000,94.813,3.499,0,0,1,0,0
PPG,4,359186,14368990587,119,73065,78959,78430.672,528.328,191.289,0,0,0,0,0.00,nan,1,2,0,99.00,0,1,24,1,1,18,18,0,0,0,1486913153,0.04272,0.00586,0.95166,0.95264,-0.00638,-0.00055,-0.00300,0.00708,0.95893,0.00662,0.00708,3,12187,0,26002,0.82930,0.42658,0.51439,100,1,97.140,71,1,3,4299,195192,0,0,0.000,21.146,8.638,0,0.000,94.813,3.499,0,0,1,0,0
PPG,4,359187,14369030587,123,73083,78998,78436.344,561.656,189.352,0,0,0,0,0.00,nan,1,2,0,99.00,0,1,24,1,1,19,19,0,0,0,1486956180,0.04443,0.00537,0.95361,0.95466,-0.00638,0.00079,-0.00034,0.00644,0.95466,0.00113,0.00651,3,16240,0,26002,0.82930,0.42658,0.51439,100,1,97.140,71,1,3,16181,195192,0,0,0.000,21.146,8.638,0,0.000,94.813,3.499,0,0,1,0,0
PPG,4,359188,14369070587,119,73101,79024,78442.219,581.781,182.969,0,0,0,0,0.00,nan,1,2,0,99.00,0,1,24,1,1,20,20,0,0,0,1486992595,0.03955,0.00610,0.95532,0.95616,-0.00612,0.00105,-0.00247,0.00668,0.96169,0.01468,0.00668,3,12116,0,26002,0.82930,0.42658,0.51439,100,1,97.140,71,1,3,4297,195192,0,0,0.000,21.146,8.638,0,0.000,94.813,3.499,0,0,1,0,0
PPG,4,359189,14369110587,120,73127,79057,78448.367,608.633,189.312,0,0,0,0,0.00,nan,1,2,0,99.00,0,1,24,1,1,21,21,0,0,0,1487031533,0.04517,0.00659,0.95142,0.95251,-0.00558,-0.00135,-0.00141,0.00591,0.95330,0.00308,0.00602,3,12119,0,26002,0.82930,0.42658,0.51439,100,1,97.140,71,1,3,2595,195192,0,0,0.000,21.146,8.638,0,0.000,94.813,3.499,0,0,1,0,0
PPG,4,359190,14369150587,118,73155,79122,78455.102,666.898,215.289,0,0,0,0,0.00,nan,1,2,0,99.00,0,1,24,1,1,22,22,0,0,0,1487073103,0.04126,0.00024,0.95142,0.95231,-0.00692,-0.00108,-0.00221,0.00734,0.95877,0.00646,0.00734,3,12127,0,26002,0.82930,0.42658,0.51439,100,1,97.140,71,1,3,4296,195192,0,0,0.000,21.146,8.638,0,0.000,94.813,3.499,0,0,1,0,0
PPG,4,359191,14369190587,166,73169,79167,78462.219,704.781,243.703,0,0,0,0,0.00,nan,1,2,0,99.00,0,1,24,1,1,23,23,0,0,0,1487112036,0.04419,0.00366,0.95483,0.95586,-0.00638,-0.00161,-0.00194,0.00686,0.95912,0.00681,0.00686,3,12149,0,26002,0.82930,0.42658,0.51439,100,1,97.140,71,1,3,4324,195192,0,0,0.000,21.146,8.638,0,0.000,94.813,3.499,0,0,1,0,0
PPG,4,359192,14369230587,116,73175,79170,78469.297,700.703,262.047,0,0,0,0,0.00,nan,1,2,0,99.00,0,1,24,1,1,24,24,0,0,0,1487151094,0.04468,0.00269,0.95142,0.95247,-0.00558,-0.00108,-0.00221,0.00610,0.95612,0.00335,0.00619,3,12121,0,26002,0.82930,0.42658,0.51439,100,1,97.140,71,1,3,2599,195192,0,0,0.000,21.146,8.638,0,0.000,94.813,3.499,0,0,1,0,0
PPG,4,359193,14369270587,123,73163,79147,78476.070,670.930,257.312,0,0,0,0,0.00,nan,1,2,0,99.00,0,1,24,1,1,25,25,0,0,0,1487192614,0.04810,0.00586,0.94849,0.94972,-0.00532,-0.00028,-0.00141,0.00551,0.95366,0.00223,0.00684,3,12111,0,26002,0.82930,0.42658,0.51439,100,1,97.140,71,1,3,4294,195192,0,0,0.000,21.146,8.638,0,0.000,94.319,3.521,0,0,1,0,0
PPG,4,359194,14369310587,121,73096,78985,78481.156,503.844,226.297,0,0,0,0,0.00,nan,1,2,0,99.00,0,1,24,1,1,26,26,0,0,0,1487231623,0.04443,0.00488,0.96021,0.96125,-0.00479,0.00025,-0.00007,0.00479,0.96125,0.00763,0.00609,3,12114,0,26002,0.82930,0.42658,0.51439,100,1,97.140,71,1,3,2599,195192,0,0,0.000,21.146,8.638,0,0.000,94.319,3.521,0,0,1,0,0
PPG,4,359195,14369350587,118,73034,78881,78485.156,395.844,185.273,0,0,0,0,0.00,nan,1,2,0,99.00,0,1,24,1,1,27,27,0,0,0,1487273119,0.04492,0.00073,0.95679,0.95784,-0.00558,-0.00001,-0.00221,0.00600,0.95784,0.00485,0.00600,3,12111,0,26002,0.82930,0.42658,0.51439,100,1,97.140,71,1,3,4294,195192,0,0,0.000,21.146,8.638,0,0.000,94.319,3.521,0,0,1,0,0
PPG,4,359196,14369390587,544,73043,78915,78489.453,425.547,148.242,0,0,0,0,0.00,nan,1,2,0,nan,4,1,24,1,1,28,28,0,0,0,1487312015,0.04150,0.00195,0.95239,0.95330,-0.00612,-0.00055,-0.00061,0.00617,0.95995,0.00665,0.00646,3,12116,0,26002,0.56943,0.27984,0.49144,91,1,97.714,115,1,6,4333,195192,0,0,0.000,21.146,8.638,0,0.000,94.319,3.521,0,0,1,0,0
PPG,4,359197,14369430587,171,73064,78978,78494.336,483.664,111.508,0,0,0,0,0.00,nan,1,2,0,nan,4,1,24,1,1,29,29,0,0,0,1487351575,0.04517,0.00342,0.95557,0.95664,-0.00585,-0.00081,-0.00247,0.00640,0.95664,0.00328,0.00662,3,12115,0,26002,0.56943,0.27984,0.49144,91,1,97.714,115,1,6,2599,195192,0,0,0.000,21.146,8.638,0,0.000,94.319,3.521,0,0,1,0,0
PPG,4,359198,14369470587,117,73071,79020,78499.594,520.406,72.609,0,0,0,0,0.00,nan,1,2,0,nan,4,1,24,1,1,30,30,0,0,0,1487393119,0.04419,0.00586,0.95361,0.95465,-0.00638,-0.00055,-0.00061,0.00644,0.95957,0.00870,0.00660,3,12114,0,26002,0.56943,0.27984,0.49144,91,1,97.714,115,1,6,4294,195192,0,0,0.000,21.146,8.638,0,0.000,94.319,3.521,0,0,1,0,0
PPG,4,359199,14369510587,128,73146,79128,78505.875,622.125,45.609,0,0,0,0,0.00,nan,1,2,0,nan,4,1,24,1,1,31,31,0,0,0,1487432040,0.04248,0.00391,0.95190,0.95286,-0.00612,-0.00081,-0.00141,0.00633,0.95741,0.00276,0.00633,3,12144,0,26002,0.56943,0.27984,0.49144,91,1,97.714,115,1,6,4297,195192,0,0,0.000,21.146,8.638,0,0.000,94.319,3.521,0,0,1,0,0
PPG,4,359200,14369550587,117,73113,79091,78511.727,579.273,20.062,0,0,0,0,0.00,nan,1,2,0,nan,4,1,24,1,1,0,0,0,0,0,1487470958,0.03979,0.00635,0.95654,0.95739,-0.00558,-0.00081,-0.00061,0.00568,0.95897,0.00760,0.00628,3,12120,0,26002,0.56943,0.27984,0.49144,91,1,97.714,115,1,6,2599,195192,0,0,32.008,21.146,8.638,1,0.000,94.319,3.521,0,0,1,0,0
PPG,4,359201,14369590587,122,73064,79013,78516.742,496.258,13.211,0,0,0,0,0.00,nan,1,2,0,nan,4,1,24,1,1,1,1,0,0,0,1487512525,0.04004,0.00513,0.95142,0.95227,-0.00692,-0.00028,-0.00194,0.00719,0.95485,0.00254,0.00719,3,12117,0,26002,0.56943,0.27984,0.49144,91,1,97.714,115,1,6,4299,195192,0,0,0.000,21.146,8.638,0,0.000,94.319,3.521,0,0,1,0,0
PPG,4,359202,14369630587,117,73071,79024,78521.812,502.188,21.188,0,0,0,0,0.00,nan,1,2,0,nan,4,1,24,1,1,2,2,0,0,0,1487551440,0.04175,0.00073,0.95093,0.95184,-0.00558,0.00079,-0.00167,0.00588,0.95682,0.00497,0.00752,3,12113,0,26002,0.56943,0.27984,0.49144,91,1,97.714,115,1,6,2600,195192,0,0,0.000,21.146,8.638,0,0.000,94.319,3.521,0,0,1,0,0
PPG,4,359203,14369670587,120,73139,79116,78527.758,588.242,30.508,0,0,0,0,0.00,nan,1,2,0,nan,4,1,24,1,1,3,3,0,0,0,1487593005,0.04419,0.00391,0.95435,0.95538,-0.00585,-0.00188,-0.00087,0.00621,0.95543,0.00561,0.00621,3,12116,0,26002,0.56943,0.27984,0.49144,91,1,97.714,115,1,6,4300,195192,0,0,0.000,21.146,8.638,0,0.000,94.319,3.521,0,0,1,0,0
PPG,4,359204,14369710587,119,73160,79169,78534.172,634.828,38.492,0,0,0,0,0.00,nan,1,2,0,nan,4,1,24,1,1,4,4,0,0,0,1487631937,0.04224,0.00244,0.95117,0.95211,-0.00558,-0.00081,-0.00167,0.00589,0.95578,0.00461,0.00589,3,12164,0,26002,0.56943,0.27984,0.49144,91,1,97.714,115,1,6,2596,195192,0,0,0.000,21.146,8.638,0,0.000,94.319,3.521,0,0,1,0,0
PPG,4,359205,14369750587,120,73139,79146,78540.289,605.711,42.641,0,0,0,0,0.00,nan,1,2,0,nan,4,1,24,1,1,5,5,0,0,0,1487673444,0.03784,0.00464,0.95654,0.95730,-0.00638,-0.00161,-0.00221,0.00694,0.95730,0.01062,0.00694,3,12122,0,26002,0.56943,0.27984,0.49144,91,1,97.714,115,1,6,4302,195192,0,0,0.000,21.146,8.638,0,0.000,94.319,3.521,0,0,1,0,0
PPG,4,359206,14369790587,122,73122,79153,78546.414,606.586,36.508,0,0,0,0,0.00,nan,1,2,0,nan,4,1,24,1,1,6,6,0,0,0,1487712367,0.04370,0.00171,0.95508,0.95608,-0.00612,-0.00108,-0.00061,0.00624,0.95608,0.00570,0.00624,3,12124,0,26002,0.56943,0.27984,0.49144,91,1,97.714,115,1,6,4295,195192,0,0,0.000,20.674,8.928,0,0.000,89.158,3.765,0,0,1,0,0
PPG,4,359207,14369830587,119,73157,79185,78552.797,632.203,40.594,0,0,0,0,0.00,nan,1,2,0,nan,4,1,24,1,1,7,7,0,0,0,1487751591,0.04492,0.00391,0.96021,0.96126,-0.00558,-0.00055,-0.00194,0.00594,0.96126,0.01432,0.00609,3,12274,0,26002,0.56943,0.27984,0.49144,91,1,97.714,115,1,6,2651,195192,0,0,0.000,20.674,8.928,0,0.000,89.158,3.765,0,0,1,0,0
PPG,4,359208,14369870587,117,73210,79295,78560.219,734.781,67.328,0,0,0,0,0.00,nan,1,2,0,nan,4,1,24,1,1,8,8,0,0,0,1487793279,0.04004,0.00195,0.95361,0.95446,-0.00585,0.00052,-0.00034,0.00588,0.95954,0.00614,0.00592,3,12211,0,26002,0.56943,0.27984,0.49144,91,1,97.714,115,1,6,4306,195192,0,0,0.000,20.674,8.928,0,0.000,89.158,3.765,0,0,1,0,0
PPG,4,359209,14369910587,123,73202,79294,78567.555,726.445,94.047,0,0,0,0,0.00,nan,1,2,0,nan,4,1,24,1,1,9,9,0,0,0,1487832169,0.04248,0.00317,0.95630,0.95725,-0.00692,-0.00188,-0.00141,0.00730,0.95725,0.00429,0.00730,3,12130,0,26002,0.56943,0.27984,0.49144,91,1,97.714,115,1,6,4297,195192,0,0,0.000,20.674,8.928,0,0.000,89.158,3.765,0,0,1,0,0
PPG,4,359210,14369950587,117,73217,79313,78575.008,737.992,112.641,0,0,0,0,0.00,nan,1,2,0,nan,4,1,24,1,1,10,10,0,0,0,1487871169,0.04346,0.00122,0.94995,0.95095,-0.00585,0.00025,-0.00247,0.00636,0.95654,0.00591,0.00736,3,12196,0,26002,0.56943,0.27984,0.49144,91,1,97.714,115,1,6,2604,195192,0,0,0.000,20.674,8.928,0,0.000,89.158,3.765,0,0,1,0,0
PPG,4,359211,14369990587,119,73200,79332,78582.578,749.422,127.680,0,0,0,0,0.00,nan,1,2,0,nan,4,1,24,1,1,11,11,0,0,0,1487912866,0.04565,0.00610,0.94971,0.95082,-0.00585,-0.00028,-0.00221,0.00626,0.95747,0.01140,0.00677,3,12132,0,26002,0.56943,0.27984,0.49144,91,1,97.714,115,1,6,4296,195192,0,0,0.000,20.674,8.928,0,0.000,89.158,3.765,0,0,1,0,0
PPG,4,359212,14370030587,125,73220,79366,78590.414,775.586,149.312,0,0,0,0,0.00,nan,1,2,0,nan,4,1,24,1,1,12,12,0,0,0,1487956378,0.04297,0.00171,0.95337,0.95434,-0.00638,-0.00081,-0.00141,0.00659,0.95726,0.00644,0.00660,3,16415,0,26002,0.56943,0.27984,0.49144,91,1,97.714,115,1,6,16360,195192,0,0,0.000,20.674,8.928,0,0.000,89.158,3.765,0,0,1,0,0
PPG,4,359213,14370070587,123,73243,79395,78598.461,796.539,171.477,0,0,0,0,0.00,nan,1,2,0,nan,4,1,24,1,1,13,13,0,0,0,1487993215,0.04321,0.00537,0.94507,0.94607,-0.00505,-0.00055,-0.00247,0.00565,0.95464,0.00857,0.00651,3,12304,0,26002,0.56943,0.27984,0.49144,91,1,97.714,115,1,6,4343,195192,0,0,0.000,20.674,8.928,0,0.000,89.158,3.765,0,0,1,0,0
PPG,4,359214,14370110587,120,73240,79403,78606.508,796.492,181.719,0,0,0,0,0.00,nan,1,2,0,nan,4,1,24,1,1,14,14,0,0,0,1488032500,0.04419,0.00464,0.95508,0.95611,-0.00532,0.00025,-0.00194,0.00567,0.95833,0.00804,0.00606,3,12275,0,26002,0.56943,0.27984,0.49144,91,1,97.714,115,1,6,4346,195192,0,0,0.000,20.674,8.928,0,0.000,89.158,3.765,0,0,1,0,0
PPG,4,359215,14370150587,148,73231,79384,78614.281,769.719,169.289,0,0,0,0,0.00,nan,1,2,0,nan,4,1,24,1,1,15,15,0,0,0,1488071803,0.04565,0.00024,0.94751,0.94861,-0.00718,-0.00055,-0.00087,0.00726,0.96009,0.00641,0.00726,3,12255,0,26002,0.56943,0.27984,0.49144,91,1,97.714,115,1,6,2644,195192,0,0,0.000,20.674,8.928,0,0.000,89.158,3.765,0,0,1,0,0
PPG,4,359216,14370190587,120,73173,79222,78620.359,601.641,143.648,0,0,0,0,0.00,nan,1,2,0,nan,4,1,24,1,1,16,16,0,0,0,1488113720,0.04175,0.00171,0.95435,0.95526,-0.00612,0.00025,-0.00194,0.00642,0.95526,0.00547,0.00658,3,12189,0,26002,0.56943,0.27984,0.49144,91,1,97.714,115,1,6,4338,195192,0,0,0.000,20.674,8.928,0,0.000,89.158,3.765,0,0,1,0,0
PPG,4,359217,14370230587,127,73131,79129,78625.445,503.555,109.812,0,0,0,0,0.00,nan,1,2,0,nan,4,1,24,1,1,17,17,0,0,0,1488153028,0.04053,0.00439,0.95264,0.95351,-0.00612,-0.00055,-0.00167,0.00637,0.95403,0.00265,0.00637,3,12267,0,26002,0.56943,0.27984,0.49144,91,1,97.714,115,1,6,4338,195192,0,0,0.000,20.674,8.928,0,0.000,89.158,3.765,0,0,1,0,0
PPG,4,359218,14370270587,121,73130,79127,78630.461,496.539,75.180,0,0,0,0,0.00,nan,1,2,0,nan,4,1,24,1,1,18,18,0,0,0,1488192309,0.04248,0.00098,0.95898,0.95993,-0.00665,-0.00055,-0.00194,0.00695,0.95993,0.00306,0.00695,3,12229,0,26002,0.56943,0.27984,0.49144,91,1,97.714,115,1,6,4340,195192,0,0,0.000,20.674,8.928,0,0.000,89.158,3.765,0,0,1,0,0
PPG,4,359219,14370310587,191,73143,79168,78635.836,532.164,44.891,0,0,0,0,0.00,nan,1,2,0,nan,4,1,24,1,1,19,19,0,0,0,1488231568,0.04443,0.00439,0.95142,0.95246,-0.00612,-0.00028,-0.00167,0.00635,0.95379,0.01211,0.00651,3,12260,0,26002,0.56943,0.27984,0.49144,91,1,97.714,115,1,6,2652,195192,0,0,0.000,20.674,8.928,0,0.000,89.158,3.765,0,0,1,0,0
PPG,4,359220,14370350587,120,73133,79179,78641.266,537.734,9.641,0,0,0,0,0.00,nan,1,2,0,nan,4,1,24,1,1,20,20,0,0,0,1488273657,0.04199,0.00269,0.95166,0.95259,-0.00638,-0.00135,-0.00114,0.00662,0.95259,0.00285,0.00662,3,12208,0,26002,0.56943,0.27984,0.49144,91,1,97.714,115,1,6,4324,195192,0,0,0.000,20.674,8.928,0,0.000,89.158,3.765,0,0,1,0,0
PPG,4,359221,14370390587,516,73117,79198,78646.836,551.164,-28.898,0,0,0,0,0.00,nan,1,2,0,nan,4,1,24,1,1,21,21,0,0,0,1488312821,0.04028,0.00317,0.94800,0.94886,-0.00532,0.00105,-0.00194,0.00576,0.95344,0.00458,0.00692,3,12246,0,26002,0.58989,0.34870,0.59113,91,1,95.222,187,1,6,4323,195192,0,0,0.000,20.674,8.928,0,0.000,89.158,3.765,0,0,1,0,0
PPG,4,359222,14370430587,189,73130,79201,78652.375,548.625,-63.891,1,0,1,0,0.00,nan,1,2,0,nan,4,1,24,1,1,22,22,0,0,0,1488352542,0.04272,0.00562,0.95020,0.95117,-0.00532,-0.00001,-0.00141,0.00550,0.95618,0.00732,0.00584,3,12283,0,26002,0.58989,0.34870,0.59113,91,1,95.222,187,1,6,4336,195192,0,0,72.430,20.674,8.928,1,145.211,89.158,3.765,1,1,1,0,1
PPG,4,359223,14370470587,120,73129,79207,78657.922,549.078,-70.586,0,0,0,0,0.00,nan,1,2,0,nan,4,1,24,1,1,23,23,0,0,0,1488391908,0.04077,0.00342,0.95386,0.95473,-0.00692,0.00025,-0.00167,0.00712,0.95473,0.00826,0.00712,3,12250,0,26002,0.58989,0.34870,0.59113,91,1,95.222,187,1,6,2631,195192,0,0,0.000,20.300,8.424,0,0.000,88.222,3.527,0,0,1,0,1
PPG,4,359224,14370510587,174,73134,79211,78663.453,547.547,-60.969,0,0,0,0,0.00,nan,1,2,0,nan,4,1,24,1,1,24,24,0,0,0,1488433792,0.03906,0.00391,0.94727,0.94808,-0.00665,-0.00001,-0.00247,0.00709,0.95414,0.00434,0.00709,3,12236,0,26002,0.58989,0.34870,0.59113,91,1,95.222,187,1,6,4337,195192,0,0,0.000,20.300,8.424,0,0.000,88.222,3.527,0,0,1,0,1
PPG,4,359225,14370550587,122,73147,79254,78669.359,584.641,-48.227,0,0,0,0,0.00,nan,1,2,0,nan,4,1,24,1,1,25,25,0,0,0,1488473068,0.04346,0.00391,0.95166,0.95266,-0.00612,-0.00001,-0.00167,0.00634,0.95429,0.00620,0.00712,3,12237,0,26002,0.58989,0.34870,0.59113,91,1,95.222,187,1,6,4331,195192,0,0,0.000,20.300,8.424,0,0.000,88.222,3.527,0,0,1,0,1
PPG,4,359226,14370590587,122,73157,79285,78675.516,609.484,-38.109,0,0,0,0,0.00,nan,1,2,0,nan,4,1,24,1,1,26,26,0,0,0,1488512297,0.04028,0.00586,0.94922,0.95009,-0.00638,-0.00108,-0.00221,0.00684,0.95393,0.00251,0.00684,3,12251,0,26002,0.58989,0.34870,0.59113,91,1,95.222,187,1,6,2638,195192,0,0,0.000,20.300,8.424,0,0.000,88.222,3.527,0,0,1,0,1
PPG,4,359227,14370630587,119,73175,79323,78681.992,641.008,-24.438,0,0,0,0,0.00,nan,1,2,0,nan,4,1,24,1,1,27,27,0,0,0,1488554124,0.04224,0.00391,0.95410,0.95504,-0.00585,-0.00108,-0.00114,0.00606,0.95753,0.00744,0.00649,3,12172,0,26002,0.58989,0.34870,0.59113,91,1,95.222,187,1,6,4296,195192,0,0,0.000,20.300,8.424,0,0.000,88.222,3.527,0,0,1,0,1
PPG,4,359228,14370670587,131,73169,79331,78688.484,642.516,-7.242,0,0,0,0,0.00,nan,1,2,0,nan,4,1,24,1,1,28,28,0,0,0,1488593243,0.04346,0.00464,0.94946,0.95047,-0.00665,-0.00081,-0.00114,0.00680,0.95708,0.00632,0.00720,3,12131,0,26002,0.58989,0.34870,0.59113,91,1,95.222,187,1,6,4300,195192,0,0,0.000,20.300,8.424,0,0.000,88.222,3.527,0,0,1,0,1
PPG,4,359229,14370710587,119,73175,79358,78695.180,662.820,11.992,0,0,0,0,0.00,nan,1,2,0,nan,4,1,24,1,1,29,29,0,0,0,1488632179,0.04272,0.00293,0.95557,0.95653,-0.00452,-0.00055,-0.00221,0.00506,0.95690,0.00324,0.00693,3,12118,0,26002,0.58989,0.34870,0.59113,91,1,95.222,187,1,6,2598,195192,0,0,0.000,20.300,8.424,0,0.000,88.222,3.527,0,0,1,0,1
PPG,4,359230,14370750587,120,73174,79350,78701.727,648.273,30.562,0,0,0,0,0.00,nan,1,2,0,nan,4,1,24,1,1,30,30,0,0,0,1488673790,0.04248,0.00317,0.95239,0.95334,-0.00558,-0.00081,-0.00141,0.00582,0.95846,0.01124,0.00672,3,12139,0,26002,0.58989,0.34870,0.59113,91,1,95.222,187,1,6,4303,195192,0,0,0.000,20.300,8.424,0,0.000,88.222,3.527,0,0,1,0,1
PPG,4,359231,14370790587,120,73126,79325,78707.961,617.039,47.203,0,0,0,0,0.00,nan,1,2,0,nan,4,1,24,1,1,31,31,0,0,0,1488712755,0.04688,0.00293,0.95190,0.95306,-0.00638,-0.00001,-0.00114,0.00648,0.95878,0.00723,0.00648,3,12132,0,26002,0.58989,0.34870,0.59113,91,1,95.222,187,1,6,4297,195192,0,0,0.000,20.300,8.424,0,0.000,88.222,3.527,0,0,1,0,1
PPG,4,359232,14370830587,119,73134,79351,78714.391,636.609,61.812,0,0,0,0,0.00,nan,1,2,0,nan,4,1,24,1,1,0,0,0,0,0,1488751752,0.04614,0.00732,0.95801,0.95915,-0.00585,0.00132,-0.00167,0.00623,0.95915,0.00656,0.00623,3,12147,0,26002,0.58989,0.34870,0.59113,91,1,95.222,187,1,6,2598,195192,0,0,0.000,20.300,8.424,0,0.000,88.222,3.527,0,0,1,0,1
PPG,4,359233,14370870587,121,73187,79412,78721.367,690.633,79.102,0,0,0,0,0.00,nan,1,2,0,nan,4,1,24,1,1,1,1,0,0,0,1488793366,0.04248,0.00684,0.95581,0.95678,-0.00505,-0.00055,-0.00167,0.00535,0.95678,0.01109,0.00594,3,12123,0,26002,0.58989,0.34870,0.59113,91,1,95.222,187,1,6,4295,195192,0,0,0.000,20.300,8.424,0,0.000,88.222,3.527,0,0,1,0,1
PPG,4,359234,14370910587,120,73240,79480,78728.953,751.047,97.680,0,0,0,0,0.00,nan,1,2,0,nan,4,1,24,1,1,2,2,0,0,0,1488832253,0.04297,0.00464,0.94995,0.95093,-0.00585,-0.00081,-0.00194,0.00622,0.96166,0.00838,0.00655,3,12124,0,26002,0.58989,0.34870,0.59113,91,1,95.222,187,1,6,2596,195192,0,0,0.000,20.300,8.424,0,0.000,88.222,3.527,0,0,1,0,1
PPG,4,359235,14370950587,120,73271,79530,78736.961,793.039,118.812,0,0,0,0,0.00,nan,1,2,0,nan,4,1,24,1,1,3,3,0,0,0,1488873846,0.04492,0.00049,0.95874,0.95979,-0.00638,-0.00028,-0.00167,0.00661,0.95979,0.00861,0.00661,3,12132,0,26002,0.58989,0.34870,0.59113,91,1,95.222,187,1,6,4296,195192,0,0,0.000,20.300,8.424,0,0.000,88.222,3.527,0,0,1,0,1
PPG,4,359236,14370990587,120,73283,79553,78745.125,807.875,130.109,0,0,0,0,0.00,nan,1,2,0,nan,4,1,24,1,1,4,4,0,0,0,1488912775,0.04272,0.00513,0.95386,0.95483,-0.00558,-0.00108,-0.00194,0.00601,0.95483,0.00506,0.00685,3,12120,0,26002,0.58989,0.34870,0.59113,91,1,95.222,187,1,6,4304,195192,0,0,0.000,20.300,8.424,0,0.000,88.222,3.527,0,0,1,0,1
PPG,4,359237,14371030587,135,73284,79547,78753.141,793.859,137.359,0,0,0,0,0.00,nan,1,2,0,nan,4,1,24,1,1,5,5,0,0,0,1488955900,0.04175,0.00195,0.94824,0.94916,-0.00638,-0.00081,-0.00221,0.00680,0.95025,0.00457,0.00680,3,16315,0,26002,0.58989,0.34870,0.59113,91,1,95.222,187,1,6,16254,195192,0,0,0.000,20.300,8.424,0,0.000,88.222,3.527,0,0,1,0,1
PPG,4,359238,14371070587,118,73254,79464,78760.250,703.750,140.359,0,0,0,0,0.00,nan,1,2,0,nan,4,1,24,1,1,6,6,0,0,0,1488992328,0.04321,0.00439,0.95435,0.95533,-0.00505,0.00025,-0.00167,0.00533,0.95893,0.00640,0.00719,3,12122,0,26002,0.58989,0.34870,0.59113,91,1,95.222,187,1,6,2602,195192,0,0,0.000,20.300,8.424,0,0.000,88.222,3.527,0,0,1,0,1
PPG,4,359239,14371110587,124,73183,79297,78765.617,531.383,126.203,0,0,0,0,0.00,nan,1,2,0,nan,4,1,24,1,1,7,7,0,0,0,1489033849,0.04663,0.00146,0.95166,0.95280,-0.00558,-0.00028,-0.00114,0.00571,0.95280,0.00730,0.00571,3,12133,0,26002,0.58989,0.34870,0.59113,91,1,95.222,187,1,6,4302,195192,0,0,0.000,20.300,8.424,0,0.000,88.222,3.527,0,0,1,0,1
PPG,4,359240,14371150587,122,73177,79292,78770.883,521.117,103.406,0,0,0,0,0.00,nan,1,2,0,nan,4,1,24,1,1,8,8,0,0,0,1489072767,0.04370,0.00562,0.94751,0.94853,-0.00612,-0.00028,-0.00061,0.00615,0.95485,0.00587,0.00643,3,12129,0,26002,0.58989,0.34870,0.59113,91,1,95.222,187,1,6,4300,195192,0,0,0.000,20.300,8.424,0,0.000,88.222,3.527,0,0,1,0,1
PPG,4,359241,14371190587,119,73188,79335,78776.523,558.477,75.844,0,0,0,0,0.00,nan,1,2,0,nan,4,1,24,1,1,9,9,0,0,0,1489111685,0.04639,0.00269,0.95190,0.95304,-0.00585,-0.00135,-0.00141,0.00617,0.95764,0.00911,0.00617,3,12114,0,26002,0.58989,0.34870,0.59113,91,1,95.222,187,1,6,2600,195192,0,0,0.000,20.300,8.424,0,0.000,88.222,3.527,0,0,1,0,1
PPG,4,359242,14371230587,147,73184,79356,78782.320,573.680,43.242,0,0,0,0,0.00,nan,1,2,0,nan,4,1,24,1,1,10,10,0,0,0,1489153190,0.04297,0.00391,0.95093,0.95191,-0.00585,-0.00028,-0.00141,0.00602,0.95393,0.00202,0.00750,3,12122,0,26002,0.58989,0.34870,0.59113,91,1,95.222,187,1,6,4303,195192,0,0,0.000,20.300,8.424,0,0.000,88.222,3.527,0,0,1,0,1
PPG,4,359243,14371270587,120,73174,79377,78788.266,588.734,9.594,0,0,0,0,0.00,nan,1,2,0,nan,4,1,24,1,1,11,11,0,0,0,1489192123,0.04175,0.00269,0.94873,0.94965,-0.00612,-0.00161,-0.00167,0.00654,0.95817,0.00627,0.00654,3,12116,0,26002,0.58989,0.34870,0.59113,91,1,95.222,187,1,6,2597,195192,0,0,0.000,20.300,8.424,0,0.000,88.222,3.527,0,0,1,0,1
PPG,4,359244,14371310587,117,73186,79404,78794.422,609.578,-20.492,0,0,0,0,0.00,nan,1,2,0,nan,4,1,24,1,1,12,12,0,0,0,1489233625,0.04175,0.00415,0.95337,0.95429,-0.00612,-0.00135,-0.00221,0.00664,0.95938,0.00750,0.00664,3,12114,0,26002,0.58989,0.34870,0.59113,91,1,95.222,187,1,6,4295,195192,0,0,0.000,20.300,8.424,0,0.000,88.222,3.527,0,0,1,0,1
PPG,4,359245,14371350587,122,73193,79386,78800.336,585.664,-38.227,0,0,0,0,0.00,nan,1,2,0,nan,4,1,24,1,1,13,13,0,0,0,1489272558,0.03955,0.00366,0.94775,0.94859,-0.00585,0.00052,-0.00274,0.00648,0.95798,0.00940,0.00648,3,12142,0,26002,0.58989,0.34870,0.59113,91,1,95.222,187,1,6,2595,195192,0,0,0.000,20.300,8.424,0,0.000,88.222,3.527,0,0,1,0,1
PPG,4,359246,14371390587,503,73188,79406,78806.391,599.609,-28.711,1,0,0,0,0.00,nan,1,2,0,nan,4,1,24,1,1,14,14,0,0,0,1489314039,0.04736,0.00171,0.95532,0.95650,-0.00505,-0.00055,-0.00247,0.00565,0.95698,0.00469,0.00676,3,12120,0,26002,0.55819,0.35136,0.62947,87,1,94.263,214,1,6,4298,195192,0,0,0.000,20.300,8.424,0,210.945,88.222,3.527,1,0,1,0,1
PPG,4,359247,14371430587,190,73181,79413,78812.453,600.547,-15.922,0,0,1,980,61.22,61.22,2,1,0,nan,4,1,24,1,1,15,15,0,0,0,1489353379,0.04736,0.00513,0.95215,0.95334,-0.00479,-0.00001,0.00019,0.00479,0.95925,0.00488,0.00651,3,12122,0,26002,0.55819,0.35136,0.62947,87,1,94.263,214,1,3,4295,195192,0,0,103.961,20.300,8.424,1,0.000,88.222,3.527,0,1,1,0,2
PPG,4,359248,14371470587,121,73201,79409,78818.422,590.578,-9.250,0,0,0,0,61.22,61.22,2,1,0,nan,4,1,24,1,1,16,16,0,0,0,1489392408,0.04858,0.00366,0.95508,0.95632,-0.00612,-0.00055,-0.00061,0.00617,0.95632,0.00413,0.00656,3,12122,0,26002,0.55819,0.35136,0.62947,87,1,94.263,214,1,3,2594,195192,0,0,0.000,20.171,8.248,0,0.000,87.814,3.422,0,0,1,0,2
PPG,4,359249,14371510587,121,73219,79451,78824.750,626.250,-0.328,0,0,0,0,61.22,61.22,2,1,0,nan,4,1,24,1,1,17,17,0,0,0,1489433919,0.04565,0.00586,0.95239,0.95350,-0.00479,-0.00135,-0.00141,0.00517,0.95780,0.00430,0.00563,3,12114,0,26002,0.55819,0.35136,0.62947,87,1,94.263,214,1,3,4308,195192,0,0,0.000,20.171,8.248,0,0.000,87.814,3.422,0,0,1,0,2
PPG,4,359250,14371550587,120,73217,79480,78831.305,648.695,7.891,0,0,0,0,61.22,61.22,2,1,0,nan,4,1,24,1,1,18,18,0,0,0,1489472893,0.04614,0.00488,0.95508,0.95620,-0.00585,-0.00108,-0.00194,0.00626,0.95665,0.00314,0.00676,3,12160,0,26002,0.55819,0.35136,0.62947,87,1,94.263,214,1,3,4299,195192,0,0,0.000,20.171,8.248,0,0.000,87.814,3.422,0,0,1,0,2
PPG,4,359251,14371590587,126,73209,79479,78837.781,641.219,10.898,0,0,0,0,61.22,61.22,2,1,0,nan,4,1,24,1,1,19,19,0,0,0,1489511844,0.04419,0.00610,0.95703,0.95807,-0.00558,-0.00001,-0.00221,0.00600,0.95807,0.00755,0.00701,3,12113,0,26002,0.55819,0.35136,0.62947,87,1,94.263,214,1,3,2601,195192,0,0,0.000,19.460,8.688,0,0.000,87.814,3.422,0,0,1,0,2
PPG,4,359252,14371630587,120,73215,79494,78844.344,649.656,19.180,0,0,0,0,61.22,61.22,2,1,0,nan,4,1,24,1,1,20,20,0,0,0,1489553383,0.04150,0.00293,0.95337,0.95428,-0.00612,-0.00135,-0.00087,0.00632,0.95486,0.00527,0.00644,3,12117,0,26002,0.55819,0.35136,0.62947,87,1,94.263,214,1,3,4296,195192,0,0,0.000,19.460,8.688,0,0.000,87.814,3.422,0,0,1,0,2
PPG,4,359253,14371670587,121,73193,79500,78850.898,649.102,28.211,0,0,0,0,61.22,61.22,2,1,0,nan,4,1,24,1,1,21,21,0,0,0,1489592668,0.03760,0.00708,0.95532,0.95609,-0.00585,-0.00108,-0.00194,0.00626,0.95759,0.00477,0.00637,3,12281,0,26002,0.55819,0.35136,0.62947,87,1,94.263,214,1,3,4360,195192,0,0,0.000,19.460,8.688,0,0.000,87.814,3.422,0,0,1,0,2
PPG,4,359254,14371710587,120,73201,79496,78857.352,638.648,39.258,0,0,0,0,61.22,61.22,2,1,0,nan,4,1,24,1,1,22,22,0,0,0,1489631703,0.04272,0.00488,0.95337,0.95434,-0.00612,0.00052,-0.00167,0.00636,0.95623,0.00157,0.00636,3,12184,0,26002,0.55819,0.35136,0.62947,87,1,94.263,214,1,3,2597,195192,0,0,0.000,19.460,8.688,0,0.000,87.814,3.422,0,0,1,0,2
PPG,4,359255,14371750587,122,73222,79538,78864.156,673.844,57.289,0,0,0,0,61.22,61.22,2,1,0,nan,4,1,24,1,1,23,23,0,0,0,1489673243,0.04370,0.00342,0.95288,0.95389,-0.00665,-0.00028,-0.00167,0.00686,0.96302,0.00996,0.00686,3,12140,0,26002,0.55819,0.35136,0.62947,87,1,94.263,214,1,3,4345,195192,0,0,0.000,19.460,8.688,0,0.000,87.814,3.422,0,0,1,0,2
PPG,4,359256,14371790587,120,73241,79579,78871.305,707.695,74.281,0,0,0,0,61.22,61.22,2,1,0,nan,4,1,24,1,1,24,24,0,0,0,1489712354,0.04053,0.00879,0.94971,0.95061,-0.00772,-0.00028,-0.00194,0.00796,0.95603,0.00541,0.00796,3,12115,0,26002,0.55819,0.35136,0.62947,87,1,94.263,214,1,3,2601,195192,0,0,0.000,19.460,8.688,0,0.000,87.814,3.422,0,0,1,0,2
PPG,4,359257,14371830587,122,73256,79609,78878.680,730.320,89.609,0,0,0,0,61.22,61.22,2,1,0,nan,4,1,24,1,1,25,25,0,0,0,1489754010,0.04541,0.00635,0.96069,0.96179,-0.00532,-0.00001,-0.00167,0.00557,0.96179,0.00785,0.00728,3,12118,0,26002,0.55819,0.35136,0.62947,87,1,94.263,214,1,3,4296,195192,0,0,0.000,19.460,8.688,0,0.000,87.814,3.422,0,0,1,0,2
PPG,4,359258,14371870587,121,73252,79597,78885.859,711.141,99.812,0,0,0,0,61.22,61.22,2,1,0,nan,4,1,24,1,1,26,26,0,0,0,1489793378,0.04053,0.00244,0.95313,0.95399,-0.00532,-0.00028,-0.00167,0.00558,0.95562,0.00617,0.00623,3,12215,0,26002,0.55819,0.35136,0.62947,87,1,94.263,214,1,3,4344,195192,0,0,0.000,19.460,8.688,0,0.000,87.814,3.422,0,0,1,0,2
PPG,4,359259,14371910587,162,73256,79639,78893.391,745.609,103.430,0,0,0,0,61.22,61.22,2,1,0,nan,4,1,24,1,1,27,27,0,0,0,1489869321,0.04370,0.00464,0.95581,0.95682,-0.00479,-0.00081,-0.00274,0.00557,0.95711,0.00312,0.00642,2,61137,0,26007,0.55819,0.35136,0.62947,87,1,94.263,214,1,3,61187,195192,0,0,0.000,19.460,8.688,0,0.000,87.814,3.422,0,0,1,0,2
PPG,4,359260,14371950587,137,73264,79647,78900.930,746.070,106.680,0,0,0,0,61.22,61.22,2,1,0,nan,4,1,24,1,1,28,28,0,0,0,1489881740,0.04199,0.00317,0.95825,0.95918,-0.00558,0.00079,-0.00221,0.00606,0.95918,0.00236,0.00606,1,12419,0,26007,0.55819,0.35136,0.62947,87,1,94.263,214,1,3,12337,195192,0,0,0.000,19.460,8.688,0,0.000,87.814,3.422,0,0,1,0,2
PPG,4,359261,14371990587,140,73232,79534,78907.258,626.742,102.156,0,0,0,0,61.22,61.22,2,1,0,nan,4,1,24,1,1,29,29,0,0,0,1489918449,0.04419,0.00464,0.95288,0.95392,-0.00612,-0.00028,-0.00087,0.00619,0.95392,0.01176,0.00619,3,12246,0,26007,0.55819,0.35136,0.62947,87,1,94.263,214,1,3,2616,195192,0,0,0.000,19.460,8.688,0,0.000,87.814,3.422,0,0,1,0,2
PPG,4,359262,14372030587,128,73188,79425,78912.438,512.562,82.562,0,0,0,0,61.22,61.22,2,1,0,nan,4,1,24,1,1,30,30,0,0,0,1489959287,0.04346,0.00342,0.95093,0.95193,-0.00505,-0.00001,-0.00114,0.00518,0.95342,0.00254,0.00716,3,16380,0,26007,0.55819,0.35136,0.62947,87,1,94.263,214,1,3,16319,195192,0,0,0.000,19.460,8.688,0,0.000,87.814,3.422,0,0,1,0,2
PPG,4,359263,14372070587,122,73189,79421,78917.523,503.477,57.789,0,0,0,0,61.22,61.22,2,1,0,nan,4,1,24,1,1,31,31,0,0,0,1489996213,0.04077,0.00366,0.95337,0.95425,-0.00532,0.00025,-0.00141,0.00551,0.95987,0.00747,0.00602,3,12257,0,26007,0.55819,0.35136,0.62947,87,1,94.263,214,1,3,2618,195192,0,0,0.000,19.460,8.688,0,0.000,87.814,3.422,0,0,1,0,2
PPG,4,359264,14372110587,119,73217,79471,78923.055,547.945,34.727,0,0,0,0,61.22,61.22,2,1,0,nan,4,1,24,1,1,0,0,0,0,0,1490032841,0.04419,0.00757,0.95898,0.96003,-0.00665,0.00079,-0.00167,0.00690,0.96003,0.00608,0.00690,3,12202,0,26007,0.55819,0.35136,0.62947,87,1,94.263,214,1,3,2626,195192,0,0,0.000,19.460,8.688,0,0.000,87.814,3.422,0,0,1,0,2
PPG,4,359265,14372150587,123,73224,79512,78928.945,583.055,16.289,0,0,0,0,61.22,61.22,2,1,0,nan,4,1,24,1,1,1,1,0,0,0,1490074761,0.04102,0.00781,0.95215,0.95306,-0.00612,-0.00135,-0.00114,0.00637,0.95903,0.00419,0.00637,3,12249,0,26007,0.55819,0.35136,0.62947,87,1,94.263,214,1,3,4335,195192,0,0,0.000,19.460,8.688,0,0.000,87.814,3.422,0,0,1,0,2
PPG,4,359266,14372190587,122,73210,79528,78934.938,593.062,-5.672,0,0,0,0,61.22,61.22,2,1,0,nan,4,1,24,1,1,2,2,0,0,0,1490114063,0.04395,0.00415,0.95483,0.95585,-0.00638,-0.00028,-0.00114,0.00649,0.95585,0.00341,0.00654,3,12197,0,26007,0.55819,0.35136,0.62947,87,1,94.263,214,1,3,4323,195192,0,0,0.000,19.460,8.688,0,0.000,87.814,3.422,0,0,1,0,2
PPG,4,359267,14372230587,123,73224,79545,78941.039,603.961,-26.844,0,0,0,0,61.22,61.22,2,1,0,nan,4,1,24,1,1,3,3,0,0,0,1490153356,0.04053,0.00293,0.95093,0.95180,-0.00692,0.00025,-0.00167,0.00712,0.95436,0.00154,0.00712,3,12243,0,26007,0.55819,0.35136,0.62947,87,1,94.263,214,1,3,4336,195192,0,0,0.000,19.460,8.688,0,0.000,87.814,3.422,0,0,1,0,2
PPG,4,359268,14372270587,121,73206,79517,78946.797,570.203,-34.672,1,0,0,0,61.22,61.22,2,1,0,nan,4,1,24,1,1,4,4,0,0,0,1490192667,0.04004,0.00562,0.94873,0.94959,-0.00665,-0.00028,-0.00167,0.00686,0.95630,0.00671,0.00686,3,12274,0,26007,0.55819,0.35136,0.62947,87,1,94.263,214,1,3,2622,195192,0,0,0.000,19.460,8.688,0,144.906,87.814,3.422,1,0,1,0,2
PPG,4,359269,14372310587,144,73182,79501,78952.336,548.664,-26.312,0,0,1,880,61.22,61.22,2,1,0,nan,4,1,24,1,1,5,5,0,0,0,1490234541,0.04492,0.00806,0.95166,0.95275,-0.00665,-0.00081,-0.00114,0.00680,0.95684,0.00520,0.00680,3,12231,0,26007,0.55819,0.35136,0.62947,87,1,94.263,214,1,3,4330,195192,0,0,39.352,19.460,8.688,1,0.000,87.814,3.422,0,1,1,0,3
PPG,4,359270,14372350587,131,73214,79536,78958.172,577.828,-12.688,0,0,0,0,61.22,61.22,2,1,0,nan,4,1,24,1,1,6,6,0,0,0,1490273937,0.04517,0.00537,0.95313,0.95421,-0.00612,0.00052,-0.00167,0.00636,0.95490,0.00437,0.00697,3,12226,0,26007,0.55819,0.35136,0.62947,87,1,94.263,214,1,3,4334,195192,0,0,0.000,18.942,7.952,0,0.000,87.044,3.226,0,0,1,0,3
PPG,4,359271,14372390587,505,73230,79566,78964.250,601.750,-3.461,0,0,0,0,61.22,61.22,2,1,0,nan,4,1,24,1,1,7,7,0,0,0,1490313305,0.04468,0.00659,0.95215,0.95322,-0.00532,-0.00001,-0.00034,0.00533,0.95696,0.00374,0.00660,3,12242,0,26007,0.36525,0.15591,0.42686,94,1,99.329,136,1,3,4334,195192,0,0,0.000,18.942,7.952,0,0.000,87.044,3.226,0,0,1,0,3
PPG,4,359272,14372430587,174,73257,79605,78970.656,634.344,4.273,0,0,0,0,61.22,61.22,2,1,0,nan,4,1,24,1,1,8,8,0,0,0,1490352978,0.04541,0.00317,0.95337,0.95446,-0.00558,-0.00028,-0.00167,0.00584,0.95446,0.00390,0.00614,3,12229,0,26007,0.36525,0.15591,0.42686,94,1,99.329,136,1,3,2621,195192,0,0,0.000,18.942,7.952,0,0.000,87.044,3.226,0,0,1,0,3
PPG,4,359273,14372470587,124,73279,79648,78977.430,670.570,14.008,0,0,0,0,61.22,61.22,2,1,0,nan,4,1,24,1,1,9,9,0,0,0,1490394907,0.04370,0.00391,0.95215,0.95316,-0.00532,-0.00055,-0.00194,0.00569,0.95570,0.00254,0.00569,3,12182,0,26007,0.36525,0.15591,0.42686,94,1,99.329,136,1,3,4307,195192,0,0,0.000,18.942,7.952,0,0.000,87.044,3.226,0,0,1,0,3
PPG,4,359274,14372510587,123,73266,79665,78984.305,680.695,22.711,0,0,0,0,61.22,61.22,2,1,0,nan,4,1,24,1,1,10,10,0,0,0,1490434039,0.04004,0.00537,0.95190,0.95276,-0.00612,-0.00028,-0.00167,0.00635,0.95346,0.00131,0.00635,3,12122,0,26007,0.36525,0.15591,0.42686,94,1,99.329,136,1,3,4300,195192,0,0,0.000,18.942,7.952,0,0.000,87.044,3.226,0,0,1,0,3
PPG,4,359275,14372550587,124,73279,79673,78991.195,681.805,38.242,0,0,0,0,61.22,61.22,2,1,0,nan,4,1,24,1,1,11,11,0,0,0,1490472992,0.03955,0.00171,0.96240,0.96322,-0.00585,0.00025,-0.00194,0.00617,0.96322,0.01094,0.00617,3,12113,0,26007,0.36525,0.15591,0.42686,94,1,99.329,136,1,3,2595,195192,0,0,0.000,18.942,7.952,0,0.000,87.044,3.226,0,0,1,0,3
PPG,4,359276,14372590587,123,73295,79693,78998.211,694.789,59.969,0,0,0,0,61.22,61.22,2,1,0,nan,4,1,24,1,1,12,12,0,0,0,1490514575,0.04175,0.00562,0.95020,0.95113,-0.00718,-0.00055,-0.00141,0.00734,0.95693,0.00840,0.00734,3,12122,0,26007,0.36525,0.15591,0.42686,94,1,99.329,136,1,3,4301,195192,0,0,0.000,18.942,7.952,0,0.000,87.044,3.226,0,0,1,0,3
PPG,4,359277,14372630587,125,73305,79721,79005.438,715.562,80.797,0,0,0,0,61.22,61.22,2,1,0,nan,4,1,24,1,1,13,13,0,0,0,1490553525,0.04297,0.00684,0.95264,0.95363,-0.00612,-0.00028,-0.00114,0.00623,0.95644,0.00645,0.00623,3,12118,0,26007,0.36525,0.15591,0.42686,94,1,99.329,136,1,3,4299,195192,0,0,0.000,18.942,7.952,0,0.000,87.044,3.226,0,0,1,0,3
PPG,4,359278,14372670587,127,73306,79730,79012.680,717.320,97.578,0,0,0,0,61.22,61.22,2,1,0,nan,4,1,24,1,1,14,14,0,0,0,1490592556,0.04419,0.00635,0.95630,0.95734,-0.00612,0.00025,-0.00221,0.00651,0.95734,0.00774,0.00729,3,12136,0,26007,0.36525,0.15591,0.42686,94,1,99.329,136,1,3,2621,195192,0,0,0.000,18.942,7.952,0,0.000,87.044,3.226,0,0,1,0,3
PPG,4,359279,14372710587,123,73307,79753,79020.086,732.914,113.023,0,0,0,0,61.22,61.22,2,1,0,nan,4,1,24,1,1,15,15,0,0,0,1490634119,0.04199,0.00171,0.95508,0.95600,-0.00558,-0.00001,-0.00141,0.00576,0.95686,0.01001,0.00636,3,12114,0,26007,0.36525,0.15591,0.42686,94,1,99.329,136,1,3,4294,195192,0,0,0.000,18.942,7.952,0,0.000,87.044,3.226,0,0,1,0,3
PPG,4,359280,14372750587,122,73314,79763,79027.516,735.484,123.648,0,0,0,0,61.22,61.22,2,1,0,nan,4,1,24,1,1,16,16,0,0,0,1490673049,0.04443,0.00488,0.95972,0.96076,-0.00505,-0.00135,-0.00087,0.00530,0.96076,0.00616,0.00541,3,12123,0,26007,0.36525,0.15591,0.42686,94,1,99.329,136,1,3,2595,195192,0,0,0.000,18.942,7.952,0,0.000,87.044,3.226,0,0,1,0,3
PPG,4,359281,14372790587,123,73320,79786,79035.102,750.898,128.336,0,0,0,0,61.22,61.22,2,1,0,nan,4,1,24,1,1,17,17,0,0,0,1490714638,0.04419,0.00659,0.95654,0.95759,-0.00479,-0.00055,-0.00167,0.00510,0.95759,0.00626,0.00636,3,12108,0,26007,0.36525,0.15591,0.42686,94,1,99.329,136,1,3,4298,195192,0,0,0.000,18.942,7.952,0,0.000,87.044,3.226,0,0,1,0,3
PPG,4,359282,14372830587,128,73320,79785,79042.602,742.398,126.336,0,0,0,0,61.22,61.22,2,1,0,nan,4,1,24,1,1,18,18,0,0,0,1490753575,0.04175,0.00464,0.95508,0.95600,-0.00585,-0.00001,-0.00087,0.00592,0.95871,0.00874,0.00592,3,12113,0,26007,0.36525,0.15591,0.42686,94,1,99.329,136,1,3,4301,195192,0,0,0.000,18.942,7.952,0,0.000,87.044,3.226,0,0,1,0,3
PPG,4,359283,14372870587,127,73305,79730,79049.477,680.523,116.172,0,0,0,0,61.22,61.22,2,1,0,nan,4,1,24,1,1,19,19,0,0,0,1490792531,0.04224,0.00195,0.94995,0.95089,-0.00612,-0.00081,-0.00167,0.00639,0.95998,0.00495,0.00639,3,12136,0,26007,0.36525,0.15591,0.42686,94,1,99.329,136,1,3,2611,195192,0,0,0.000,18.942,7.952,0,0.000,87.044,3.226,0,0,1,0,3
PPG,4,359284,14372910587,122,73287,79638,79055.359,582.641,95.961,0,0,0,0,61.22,61.22,2,1,0,nan,4,1,24,1,1,20,20,0,0,0,1490834119,0.04077,0.00269,0.95532,0.95620,-0.00638,-0.00001,-0.00194,0.00667,0.95672,0.00533,0.00667,3,12111,0,26007,0.36525,0.15591,0.42686,94,1,99.329,136,1,3,4295,195192,0,0,0.000,18.942,7.952,0,0.000,87.044,3.226,0,0,1,0,3
PPG,4,359285,14372950587,123,73274,79618,79060.984,557.016,74.664,0,0,0,0,61.22,61.22,2,1,0,nan,4,1,24,1,1,21,21,0,0,0,1490873045,0.04639,0.00439,0.95435,0.95548,-0.00612,-0.00055,-0.00141,0.00630,0.95548,0.00538,0.00702,3,12119,0,26007,0.36525,0.15591,0.42686,94,1,99.329,136,1,3,2594,195192,0,0,0.000,18.942,7.952,0,0.000,87.044,3.226,0,0,1,0,3
PPG,4,359286,14372990587,122,73291,79666,79067.031,598.969,55.336,0,0,0,0,61.22,61.22,2,1,0,nan,4,1,24,1,1,22,22,0,0,0,1490914822,0.04248,0.00684,0.95898,0.95995,-0.00585,-0.00028,-0.00194,0.00617,0.95995,0.00605,0.00706,3,12363,0,26007,0.36525,0.15591,0.42686,94,1,99.329,136,1,3,4342,195192,0,0,0.000,18.942,7.952,0,0.000,87.044,3.226,0,0,1,0,3
PPG,4,359287,14373030587,133,73318,79725,79073.609,651.391,40.906,0,0,0,0,61.22,61.22,2,1,0,nan,4,1,24,1,1,23,23,0,0,0,1490960828,0.04443,0.00366,0.95825,0.95929,-0.00612,-0.00055,-0.00247,0.00662,0.95929,0.01304,0.00695,3,19096,0,26007,0.36525,0.15591,0.42686,94,1,99.329,136,1,3,14733,195192,0,0,0.000,18.942,7.952,0,0.000,87.044,3.226,0,0,1,0,3
PPG,4,359288,14373070587,122,73358,79769,79080.562,688.438,25.883,0,0,0,0,61.22,61.22,2,1,0,nan,4,1,24,1,1,24,24,0,0,0,1490997243,0.04395,0.00903,0.95605,0.95711,-0.00558,-0.00161,-0.00194,0.00613,0.95868,0.00704,0.00653,3,12119,0,26007,0.36525,0.15591,0.42686,94,1,99.329,136,1,3,2601,195192,0,0,0.000,18.942,7.952,0,0.000,87.044,3.226,0,0,1,0,3
PPG,4,359289,14373110587,147,73329,79787,79087.625,699.375,11.859,1,0,1,820,68.18,68.18,2,1,512,nan,4,1,24,1,1,25,25,0,0,0,1491033687,0.04297,0.00464,0.95044,0.95142,-0.00612,-0.00001,-0.00194,0.00642,0.95559,0.00414,0.00642,3,12112,0,26007,0.36525,0.15591,0.42686,94,1,99.329,136,1,3,4294,195192,0,0,66.570,18.942,7.952,1,163.008,87.044,3.226,1,1,1,0,4
PPG,4,359290,14373150587,122,73353,79801,79094.758,706.242,8.758,0,0,0,0,68.18,68.18,2,1,512,nan,4,1,24,1,1,26,26,0,0,0,1491072687,0.04565,0.00537,0.95581,0.95692,-0.00692,-0.00001,-0.00114,0.00701,0.95826,0.00684,0.00701,3,12112,0,26007,0.36525,0.15591,0.42686,94,1,99.329,136,1,3,2600,195192,0,0,0.000,18.660,7.550,0,0.000,86.484,3.083,0,0,1,0,4
PPG,4,359291,14373190587,125,73354,79782,79101.633,680.367,18.531,0,0,0,0,68.18,68.18,2,1,512,nan,4,1,24,1,1,27,27,0,0,0,1491114268,0.04224,0.00293,0.95752,0.95846,-0.00665,-0.00001,-0.00194,0.00693,0.95846,0.00287,0.00693,3,12166,0,26007,0.36525,0.15591,0.42686,94,1,99.329,136,1,3,4298,195192,0,0,0.000,18.660,7.550,0,0.000,86.484,3.083,0,0,1,0,4
PPG,4,359292,14373230587,124,73362,79782,79108.438,673.562,33.109,0,0,0,0,68.18,68.18,2,1,512,nan,4,1,24,1,1,28,28,0,0,0,1491153210,0.04297,0.00220,0.95728,0.95824,-0.00585,-0.00055,-0.00194,0.00619,0.95824,0.00733,0.00701,3,12120,0,26007,0.36525,0.15591,0.42686,94,1,99.329,136,1,3,2600,195192,0,0,0.000,18.660,7.550,0,0.000,86.484,3.083,0,0,1,0,4
PPG,4,359293,14373270587,125,73367,79799,79115.344,683.656,44.562,0,0,0,0,68.18,68.18,2,1,512,nan,4,1,24,1,1,29,29,0,0,0,1491194838,0.04688,0.00488,0.94507,0.94624,-0.00505,-0.00161,-0.00034,0.00531,0.95881,0.00873,0.00708,3,12119,0,26007,0.36525,0.15591,0.42686,94,1,99.329,136,1,3,4296,195192,0,0,0.000,18.660,7.550,0,0.000,86.484,3.083,0,0,1,0,4
PPG,4,359294,14373310587,123,73372,79816,79122.352,693.648,50.008,0,0,0,0,68.18,68.18,2,1,512,nan,4,1,24,1,1,30,30,0,0,0,1491233869,0.04126,0.00439,0.95020,0.95110,-0.00505,-0.00055,-0.00167,0.00535,0.95683,0.01059,0.00535,3,12115,0,26007,0.36525,0.15591,0.42686,94,1,99.329,136,1,3,4294,195192,0,0,0.000,18.660,7.550,0,0.000,86.484,3.083,0,0,1,0,4
PPG,4,359295,14373350587,131,73373,79829,79129.422,699.578,50.781,0,0,0,0,68.18,68.18,2,1,512,nan,4,1,24,1,1,31,31,0,0,0,1491272796,0.04321,0.00317,0.95630,0.95728,-0.00665,0.00079,-0.00141,0.00684,0.95728,0.00679,0.00684,3,12110,0,26007,0.36525,0.15591,0.42686,94,1,99.329,136,1,3,2604,195192,0,0,0.000,18.660,7.550,0,0.000,86.484,3.083,0,0,1,0,4
PPG,4,359296,14373390587,502,73365,79854,79136.664,717.336,52.297,0,0,0,0,68.18,68.18,2,1,512,nan,4,0,24,1,1,0,0,0,0,0,1491314386,0.04126,0.00220,0.95142,0.95231,-0.00505,-0.00055,-0.00114,0.00521,0.95285,0.00784,0.00668,3,12155,0,26007,0.27695,0.10145,0.36630,100,1,100.843,68,1,3,4310,195192,0,0,0.000,18.660,7.550,0,0.000,86.484,3.083,0,0,1,0,4
PPG,4,359297,14373430587,181,73374,79842,79143.719,698.281,52.109,0,0,0,0,68.18,68.18,2,1,512,nan,4,0,24,1,1,1,1,0,0,0,1491353733,0.04419,0.00244,0.95361,0.95464,-0.00612,-0.00108,0.00019,0.00621,0.95464,0.00231,0.00621,3,12113,0,26007,0.27695,0.10145,0.36630,100,1,100.843,68,1,3,4295,195192,0,0,0.000,17.480,8.281,0,0.000,83.179,3.226,0,0,1,0,4
PPG,4,359298,14373470587,123,73346,79797,79150.250,646.750,50.898,0,0,0,0,68.18,68.18,2,1,512,nan,4,0,24,1,1,2,2,0,0,0,1491392725,0.04102,0.00610,0.95166,0.95256,-0.00638,-0.00055,-0.00061,0.00644,0.95591,0.00474,0.00645,3,12117,0,26007,0.27695,0.10145,0.36630,100,1,100.843,68,1,3,2597,195192,0,0,0.000,17.480,8.281,0,0.000,83.179,3.226,0,0,1,0,4
PPG,4,359299,14373510587,124,73340,79821,79156.961,664.039,53.070,0,0,0,0,68.18,68.18,2,1,512,nan,4,0,24,1,1,3,3,0,0,0,1491434266,0.04492,0.00024,0.95166,0.95272,-0.00585,-0.00055,-0.00114,0.00599,0.95973,0.00938,0.00606,3,12110,0,26007,0.27695,0.10145,0.36630,100,1,100.843,68,1,3,4300,195192,0,0,0.000,17.480,8.281,0,0.000,83.179,3.226,0,0,1,0,4
PPG,4,359300,14373550587,130,73331,79797,79163.359,633.641,51.086,0,0,0,0,68.18,68.18,2,1,512,nan,4,0,24,1,1,4,4,0,0,0,1491473208,0.04346,0.00586,0.95386,0.95486,-0.00532,-0.00108,-0.00061,0.00546,0.95491,0.00189,0.00683,3,12119,0,26007,0.27695,0.10145,0.36630,100,1,100.843,68,1,3,2600,195192,0,0,0.000,17.480,8.281,0,0.000,76.275,3.573,0,0,1,0,4
PPG,4,359301,14373590587,123,73309,79812,79169.844,642.156,49.211,0,0,0,0,68.18,68.18,2,1,512,nan,4,0,24,1,1,5,5,0,0,0,1491514755,0.04590,0.00488,0.95410,0.95522,-0.00718,-0.00028,-0.00247,0.00760,0.95911,0.00934,0.00760,3,12132,0,26007,0.27695,0.10145,0.36630,100,1,100.843,68,1,3,4296,195192,0,0,0.000,17.480,8.281,0,0.000,76.275,3.573,0,0,1,0,4
PPG,4,359302,14373630587,123,73313,79823,79176.375,646.625,46.461,0,0,0,0,68.18,68.18,2,1,512,nan,4,0,24,1,1,6,6,0,0,0,1491553715,0.04272,0.00586,0.95313,0.95410,-0.00505,-0.00108,-0.00087,0.00524,0.95410,0.00572,0.00784,3,12118,0,26007,0.27695,0.10145,0.36630,100,1,100.843,68,1,3,4300,195192,0,0,19.570,17.480,8.281,1,0.000,76.275,3.573,0,0,1,0,4
PPG,4,359303,14373670587,128,73293,79815,79182.758,632.242,36.641,0,0,0,0,68.18,68.18,2,1,512,nan,4,0,24,1,1,7,7,0,0,0,1491592655,0.04321,0.00464,0.95703,0.95802,-0.00612,-0.00055,-0.00087,0.00620,0.95802,0.00304,0.00620,3,12105,0,26007,0.27695,0.10145,0.36630,100,1,100.843,68,1,3,2597,195192,0,0,0.000,17.480,8.281,0,0.000,76.275,3.573,0,0,1,0,4
PPG,4,359304,14373710587,126,73253,79700,79187.930,512.070,13.250,0,0,0,0,68.18,68.18,2,1,512,nan,4,0,24,1,1,8,8,0,0,0,1491634231,0.04297,0.00317,0.95337,0.95434,-0.00665,-0.00135,-0.00087,0.00684,0.95434,0.00442,0.00684,3,12120,0,26007,0.27695,0.10145,0.36630,100,1,100.843,68,1,3,4298,195192,0,0,0.000,17.480,8.281,0,0.000,76.275,3.573,0,0,1,0,4
PPG,4,359305,14373750587,123,73235,79612,79192.172,419.828,-12.883,0,0,0,0,68.18,68.18,2,1,512,nan,4,0,24,1,1,9,9,0,0,0,1491673169,0.04541,0.00488,0.94727,0.94837,-0.00558,-0.00001,-0.00141,0.00576,0.95702,0.00448,0.00651,3,12133,0,26007,0.27695,0.10145,0.36630,100,1,100.843,68,1,3,2605,195192,0,0,0.000,17.480,8.281,0,0.000,76.275,3.573,0,0,1,0,4
PPG,4,359306,14373790587,123,73236,79606,79196.312,409.688,-40.594,0,0,0,0,68.18,68.18,2,1,512,nan,4,0,24,1,1,10,10,0,0,0,1491714715,0.03857,0.00586,0.95654,0.95734,-0.00665,-0.00108,-0.00221,0.00709,0.95734,0.00873,0.00709,3,12121,0,26007,0.27695,0.10145,0.36630,100,1,100.843,68,1,3,4320,195192,0,0,0.000,17.480,8.281,0,0.000,76.275,3.573,0,0,1,0,4
PPG,4,359307,14373830587,128,73249,79641,79200.758,440.242,-58.680,0,0,0,0,68.18,68.18,2,1,512,nan,4,0,24,1,1,11,11,0,0,0,1491753741,0.04565,-0.00269,0.95654,0.95764,-0.00558,-0.00108,-0.00087,0.00575,0.95764,0.00387,0.00668,3,12116,0,26007,0.27695,0.10145,0.36630,100,1,100.843,68,1,3,4295,195192,0,0,0.000,17.480,8.281,0,0.000,76.275,3.573,0,0,1,0,4
PPG,4,359308,14373870587,124,73261,79668,79205.430,462.570,-74.203,0,0,0,0,68.18,68.18,2,1,512,nan,4,0,24,1,1,12,12,0,0,0,1491792683,0.04272,0.00244,0.95313,0.95409,-0.00612,-0.00028,-0.00167,0.00635,0.96058,0.00763,0.00695,3,12116,0,26007,0.27695,0.10145,0.36630,100,1,100.843,68,1,3,2609,195192,0,0,0.000,17.480,8.281,0,0.000,76.275,3.573,0,0,1,0,4
PPG,4,359309,14373910587,124,73288,79708,79210.453,497.547,-86.680,0,0,0,0,68.18,68.18,2,1,512,nan,4,0,24,1,1,13,13,0,0,0,1491834289,0.04541,0.00244,0.95630,0.95738,-0.00585,-0.00188,-0.00221,0.00653,0.95738,0.00386,0.00655,3,12151,0,26007,0.27695,0.10145,0.36630,100,1,100.843,68,1,3,4299,195192,0,0,0.000,17.480,8.281,0,0.000,76.275,3.573,0,0,1,0,4
PPG,4,359310,14373950587,123,73285,79731,79215.656,515.344,-95.180,0,0,0,0,68.18,68.18,2,1,512,nan,4,0,24,1,1,14,14,0,0,0,1491873224,0.04272,0.00586,0.95557,0.95654,-0.00692,-0.00108,-0.00221,0.00734,0.95801,0.00357,0.00797,3,12119,0,26007,0.27695,0.10145,0.36630,100,1,100.843,68,1,3,2598,195192,0,0,0.000,17.480,8.281,0,0.000,76.275,3.573,0,0,1,0,4
PPG,4,359311,14373990587,125,73275,79713,79220.633,492.367,-89.867,0,0,0,0,68.18,68.18,2,1,512,nan,4,0,24,1,1,15,15,0,0,0,1491914753,0.04053,0.00391,0.95215,0.95302,-0.00558,0.00025,-0.00194,0.00592,0.95884,0.00581,0.00616,3,12114,0,26007,0.27695,0.10145,0.36630,100,1,100.843,68,1,3,4297,195192,0,0,0.000,17.480,8.281,0,0.000,76.275,3.573,0,0,1,0,4
PPG,4,359312,14374030587,129,73284,79712,79225.547,486.453,-72.086,0,0,0,0,68.18,68.18,2,1,512,nan,4,0,24,1,1,16,16,0,0,0,1491960886,0.04272,0.00659,0.95581,0.95679,-0.00612,0.00025,-0.00194,0.00642,0.95679,0.00404,0.00651,3,19078,0,26007,0.27695,0.10145,0.36630,100,1,100.843,68,1,3,14664,195192,0,0,0.000,17.480,8.281,0,0.000,76.275,3.573,0,0,1,0,4
PPG,4,359313,14374070587,187,73296,79755,79230.844,524.156,-48.602,0,0,0,0,68.18,68.18,2,1,512,nan,4,0,24,1,1,17,17,0,0,0,1491997408,0.04517,0.00732,0.95654,0.95764,-0.00638,-0.00055,-0.00141,0.00656,0.95764,0.00499,0.00685,3,12134,0,26007,0.27695,0.10145,0.36630,100,1,100.843,68,1,3,2595,195192,0,0,0.000,17.480,8.281,0,0.000,76.275,3.573,0,0,1,0,4
PPG,4,359314,14374110587,126,73352,79798,79236.516,561.484,-25.273,0,0,0,0,68.18,68.18,2,1,512,nan,4,0,24,1,1,18,18,0,0,0,1492034357,0.04614,0.00220,0.94824,0.94937,-0.00638,-0.00001,-0.00114,0.00648,0.95895,0.00939,0.00648,3,12286,0,26007,0.27695,0.10145,0.36630,100,1,100.843,68,1,3,4332,195192,0,0,0.000,17.480,8.281,0,0.000,76.275,3.573,0,0,1,0,4
PPG,4,359315,14374150587,126,73320,79798,79242.133,555.867,-5.148,0,0,0,0,68.18,68.18,2,1,512,nan,4,0,24,1,1,19,19,0,0,0,1492073717,0.04346,0.00610,0.95435,0.95535,-0.00425,-0.00055,-0.00167,0.00460,0.96212,0.00865,0.00609,3,12272,0,26007,0.27695,0.10145,0.36630,100,1,100.843,68,1,3,2630,195192,0,0,0.000,17.480,8.281,0,0.000,76.275,3.573,0,0,1,0,4
PPG,4,359316,14374190587,148,73296,79783,79247.539,535.461,9.109,0,0,0,0,68.18,68.18,2,1,512,nan,4,0,24,1,1,20,20,0,0,0,1492115565,0.04419,0.00098,0.94727,0.94830,-0.00532,-0.00001,-0.00221,0.00576,0.95755,0.00856,0.00630,3,12206,0,26007,0.27695,0.10145,0.36630,100,1,100.843,68,1,3,4352,195192,0,0,0.000,17.480,8.281,0,0.000,76.275,3.573,0,0,1,0,4
PPG,4,359317,14374230587,150,73306,79794,79253.000,541.000,20.508,0,0,0,0,68.18,68.18,2,1,512,nan,4,0,24,1,1,21,21,0,0,0,1492154977,0.04663,0.00195,0.95508,0.95622,-0.00585,-0.00028,-0.00141,0.00602,0.95681,0.00851,0.00611,3,12255,0,26007,0.27695,0.10145,0.36630,100,1,100.843,68,1,3,4331,195192,0,0,0.000,17.480,8.281,0,0.000,76.275,3.573,0,0,1,0,4
PPG,4,359318,14374270587,125,73315,79824,79258.711,565.289,35.023,0,0,0,0,68.18,68.18,2,1,512,nan,4,0,24,1,1,22,22,0,0,0,1492194305,0.04517,0.00635,0.95996,0.96104,-0.00585,-0.00001,-0.00141,0.00602,0.96104,0.00785,0.00602,3,12258,0,26007,0.27695,0.10145,0.36630,100,1,100.843,68,1,3,4333,195192,0,0,0.000,17.480,8.281,0,0.000,76.275,3.573,0,0,1,0,4
PPG,4,359319,14374310587,126,73320,79822,79264.344,557.656,50.688,0,0,0,0,68.18,68.18,2,1,512,nan,4,0,24,1,1,23,23,0,0,0,1492233613,0.04028,0.00464,0.95264,0.95350,-0.00612,-0.00055,-0.00141,0.00630,0.95645,0.00815,0.00630,3,12257,0,26007,0.27695,0.10145,0.36630,100,1,100.843,68,1,3,2625,195192,0,0,0.000,17.480,8.281,0,0.000,76.275,3.573,0,0,1,0,4
PPG,4,359320,14374350587,126,73314,79856,79270.258,585.742,62.164,0,0,0,0,68.18,68.18,2,1,512,nan,4,0,24,1,1,24,24,0,0,0,1492275534,0.04370,0.00537,0.95020,0.95121,-0.00558,-0.00081,-0.00167,0.00589,0.95854,0.00835,0.00601,3,12221,0,26007,0.27695,0.10145,0.36630,100,1,100.843,68,1,3,4354,195192,0,0,0.000,17.480,8.281,0,0.000,76.275,3.573,0,0,1,0,4
PPG,4,359321,14374390587,544,73337,79867,79276.227,590.773,69.273,0,0,0,0,68.18,68.18,2,1,512,nan,4,1,24,1,1,25,25,0,0,0,1492314916,0.03931,0.00391,0.95190,0.95272,-0.00558,0.00052,-0.00114,0.00572,0.95517,0.00322,0.00572,3,12250,0,26007,0.22921,0.09016,0.39334,100,1,100.167,65,1,3,4352,195192,0,0,0.000,17.480,8.281,0,0.000,76.275,3.573,0,0,1,0,4
PPG,4,359322,14374430587,178,73339,79874,79282.203,591.797,77.578,0,1,0,0,68.18,68.18,2,1,512,nan,4,1,24,1,1,26,26,0,0,0,1492354661,0.04077,0.00537,0.95483,0.95572,-0.00558,-0.00028,-0.00114,0.00571,0.95793,0.00858,0.00677,3,12189,0,26007,0.22921,0.09016,0.39334,100,1,100.167,65,1,3,4318,195192,0,0,0.000,17.480,8.281,0,0.000,76.275,3.573,0,0,1,0,4
PPG,4,359323,14374470587,132,73349,79900,79288.383,611.617,90.039,0,0,0,0,68.18,68.18,2,1,512,nan,4,1,24,1,1,27,27,0,0,0,1492394019,0.04590,0.00366,0.94727,0.94838,-0.00585,-0.00055,-0.00141,0.00604,0.95534,0.00696,0.00613,3,12251,0,26007,0.22921,0.09016,0.39334,100,1,100.167,65,1,3,4326,195192,0,0,0.000,17.480,8.281,0,0.000,76.275,3.573,0,0,1,0,4
PPG,4,359324,14374510587,131,73336,79881,79294.312,586.688,93.422,0,0,0,0,68.18,68.18,2,1,512,nan,4,1,24,1,1,28,28,0,0,0,1492433277,0.04468,0.00757,0.94971,0.95079,-0.00612,-0.00055,-0.00247,0.00662,0.95793,0.01520,0.00662,3,12239,0,26007,0.22921,0.09016,0.39334,100,1,100.167,65,1,3,2639,195192,0,0,0.000,17.480,8.281,0,0.000,76.275,3.573,0,0,1,0,4
PPG,4,359325,14374550587,136,73270,79747,79298.836,448.164,75.672,0,0,0,0,68.18,68.18,2,1,512,nan,4,1,24,1,1,29,29,0,0,0,1492475291,0.04712,0.00317,0.95044,0.95161,-0.00612,-0.00055,-0.00327,0.00696,0.95880,0.00798,0.00752,3,12231,0,26007,0.22921,0.09016,0.39334,100,1,100.167,65,1,3,4313,195192,0,0,0.000,17.040,8.592,0,0.000,76.275,3.573,0,0,1,0,4
PPG,4,359326,14374590587,123,73246,79656,79302.406,353.594,49.461,0,0,0,0,68.18,68.18,2,1,512,nan,4,1,24,1,1,30,30,0,0,0,1492514551,0.04248,0.00488,0.95679,0.95774,-0.00505,-0.00135,-0.00194,0.00558,0.95774,0.00522,0.00668,3,12238,0,26007,0.22921,0.09016,0.39334,100,1,100.167,65,1,3,4327,195192,0,0,0.000,17.040,8.592,0,0.000,76.275,3.573,0,0,1,0,4
PPG,4,359327,14374630587,124,73259,79671,79306.094,364.906,21.531,0,0,0,0,68.18,68.18,2,1,512,nan,4,1,24,1,1,31,31,0,0,0,1492553822,0.04224,0.00659,0.95776,0.95872,-0.00558,-0.00028,-0.00167,0.00584,0.95872,0.00801,0.00640,3,12231,0,26007,0.22921,0.09016,0.39334,100,1,100.167,65,1,3,2634,195192,0,0,0.000,17.040,8.592,0,0.000,76.275,3.573,0,0,1,0,4
PPG,4,359328,14374670587,123,73280,79720,79310.234,409.766,-2.070,0,0,0,0,68.18,68.18,2,1,512,nan,4,1,24,1,1,0,0,0,0,0,1492595717,0.04199,0.00391,0.95190,0.95284,-0.00558,0.00158,-0.00114,0.00592,0.95922,0.00638,0.00607,3,12221,0,26007,0.22921,0.09016,0.39334,100,1,100.167,65,1,3,4326,195192,0,0,86.984,17.040,8.592,1,0.000,76.275,3.573,0,0,1,0,4
PPG,4,359329,14374710587,124,73300,79769,79314.820,454.180,-20.117,0,0,0,0,68.18,68.18,2,1,512,nan,4,1,24,1,1,1,1,0,0,0,1492634882,0.04590,-0.00024,0.94946,0.95057,-0.00558,-0.00055,-0.00194,0.00594,0.95057,0.00749,0.00594,3,12127,0,26007,0.22921,0.09016,0.39334,100,1,100.167,65,1,3,4298,195192,0,0,0.000,17.040,8.592,0,0.000,76.275,3.573,0,0,1,0,4
PPG,4,359330,14374750587,122,73321,79791,79319.586,471.414,-38.688,0,0,0,0,68.18,68.18,2,1,512,nan,4,1,24,1,1,2,2,0,0,0,1492674140,0.04370,0.00586,0.95459,0.95561,-0.00665,-0.00055,-0.00114,0.00677,0.95583,0.00526,0.00718,3,12107,0,26007,0.22921,0.09016,0.39334,100,1,100.167,65,1,3,2596,195192,0,0,0.000,17.040,8.592,0,0.000,76.275,3.573,0,0,1,0,4
PPG,4,359331,14374790587,125,73341,79847,79324.859,522.141,-50.250,0,0,0,0,68.18,68.18,2,1,512,nan,4,1,24,1,1,3,3,0,0,0,1492715722,0.04395,0.00366,0.95801,0.95902,-0.00612,-0.00055,-0.00114,0.00625,0.95902,0.01321,0.00668,3,12120,0,26007,0.22921,0.09016,0.39334,100,1,100.167,65,1,3,4298,195192,0,0,0.000,17.040,8.592,0,0.000,76.275,3.573,0,0,1,0,4
PPG,4,359332,14374830587,124,73360,79849,79330.102,518.898,-42.531,1,0,0,0,68.18,68.18,2,1,512,nan,4,1,24,1,1,4,4,0,0,0,1492754721,0.04248,0.00317,0.95166,0.95261,-0.00532,-0.00028,-0.00167,0.00558,0.96246,0.01019,0.00671,3,12151,0,26007,0.22921,0.09016,0.39334,100,1,100.167,65,1,3,4301,195192,0,0,0.000,17.040,8.592,0,188.602,76.275,3.573,1,0,1,0,4
PPG,4,359333,14374870587,125,73346,79843,79335.234,507.766,-20.211,0,0,0,0,68.18,68.18,2,1,512,nan,4,1,24,1,1,5,5,0,0,0,1492793693,0.04907,0.00220,0.95068,0.95195,-0.00558,-0.00081,-0.00167,0.00589,0.95506,0.00364,0.00609,3,12131,0,26007,0.22921,0.09016,0.39334,100,1,100.167,65,1,3,2612,195192,0,0,0.000,17.040,8.592,0,0.000,76.275,3.573,0,0,1,0,4
PPG,4,359334,14374910587,126,73354,79853,79340.414,512.586,3.039,0,0,0,0,68.18,68.18,2,1,512,nan,4,1,24,1,1,6,6,0,0,0,1492835243,0.04614,0.00366,0.95459,0.95571,-0.00638,-0.00081,-0.00167,0.00665,0.96029,0.00499,0.00665,3,12120,0,26007,0.22921,0.09016,0.39334,100,1,100.167,65,1,3,4300,195192,0,0,0.000,17.040,8.592,0,0.000,76.275,3.573,0,0,1,0,4
PPG,4,359335,14374950587,123,73350,79859,79345.602,513.398,19.844,0,0,0,0,68.18,68.18,2,1,512,nan,4,1,24,1,1,7,7,0,0,0,1492874167,0.04492,0.00073,0.95313,0.95418,-0.00585,-0.00108,-0.00167,0.00618,0.95965,0.00394,0.00679,3,12123,0,26007,0.22921,0.09016,0.39334,100,1,100.167,65,1,3,2604,195192,0,0,0.000,17.040,8.592,0,0.000,76.275,3.573,0,0,1,0,4
PPG,4,359336,14374990587,124,73328,79845,79350.594,494.406,27.602,0,0,0,0,68.18,68.18,2,1,512,nan,4,1,24,1,1,8,8,0,0,0,1492915720,0.04175,0.00293,0.95337,0.95429,-0.00745,-0.00055,-0.00194,0.00772,0.95468,0.00215,0.00772,3,12121,0,26007,0.22921,0.09016,0.39334,100,1,100.167,65,1,3,4298,195192,0,0,0.000,17.040,8.592,0,0.000,76.275,3.573,0,0,1,0,4
PPG,4,359337,14375030587,138,73291,79812,79355.211,456.789,29.703,0,0,0,0,68.18,68.18,2,1,512,nan,4,1,24,1,1,9,9,0,0,0,1492961522,0.04541,0.00464,0.95190,0.95300,-0.00638,-0.00028,-0.00167,0.00661,0.95326,0.00323,0.00726,3,18988,0,26007,0.22921,0.09016,0.39334,100,1,100.167,65,1,3,14628,195192,0,0,0.000,17.040,8.592,0,0.000,76.275,3.573,0,0,1,0,4
PPG,4,359338,14375070587,129,73246,79766,79359.320,406.680,21.031,0,0,0,0,68.18,68.18,2,1,512,nan,4,1,24,1,1,10,10,0,0,0,1492997961,0.04419,0.00317,0.95728,0.95830,-0.00532,0.00079,-0.00194,0.00571,0.95830,0.00933,0.00604,3,12119,0,26007,0.22921,0.09016,0.39334,100,1,100.167,65,1,3,2590,195192,0,0,0.000,17.040,8.592,0,0.000,76.275,3.573,0,0,1,0,4
PPG,4,359339,14375110587,125,73249,79788,79363.609,424.391,14.008,0,0,0,0,68.18,68.18,2,1,512,nan,4,1,24,1,1,11,11,0,0,0,1493034302,0.04517,0.00586,0.95020,0.95129,-0.00612,0.00079,-0.00034,0.00618,0.95630,0.00502,0.00618,3,12123,0,26007,0.22921,0.09016,0.39334,100,1,100.167,65,1,3,4306,195192,0,0,0.000,17.040,8.592,0,0.000,76.275,3.573,0,0,1,0,4
PPG,4,359340,14375150587,124,73238,79786,79367.836,418.164,9.367,0,0,0,0,68.18,68.18,2,1,512,nan,4,1,24,1,1,12,12,0,0,0,1493073280,0.04248,0.00391,0.95630,0.95725,-0.00665,0.00079,-0.00167,0.00690,0.95725,0.00486,0.00690,3,12115,0,26007,0.22921,0.09016,0.39334,100,1,100.167,65,1,3,2604,195192,0,0,0.000,17.040,8.592,0,0.000,76.275,3.573,0,0,1,0,4
PPG,4,359341,14375190587,125,73213,79768,79371.836,396.164,2.180,0,0,0,0,68.18,68.18,2,1,512,nan,4,1,24,1,1,13,13,0,0,0,1493114826,0.04565,0.00537,0.95532,0.95643,-0.00585,-0.00055,-0.00141,0.00604,0.96027,0.00556,0.00671,3,12123,0,26007,0.22921,0.09016,0.39334,100,1,100.167,65,1,3,4297,195192,0,0,0.000,17.040,8.592,0,0.000,76.275,3.573,0,0,1,0,4
PPG,4,359342,14375230587,124,73228,79778,79375.898,402.102,-4.594,0,0,0,0,68.18,68.18,2,1,512,nan,4,1,24,1,1,14,14,0,0,0,1493153775,0.04297,0.00806,0.95190,0.95291,-0.00479,0.00052,-0.00141,0.00501,0.95817,0.00374,0.00636,3,12136,0,26007,0.22921,0.09016,0.39334,100,1,100.167,65,1,3,2669,195192,0,0,0.000,17.040,8.592,0,0.000,76.275,3.573,0,0,1,0,4
PPG,4,359343,14375270587,125,73254,79818,79380.320,437.680,-4.352,0,0,0,0,68.18,68.18,2,1,512,nan,4,1,24,1,1,15,15,0,0,0,1493195751,0.04028,0.00391,0.95166,0.95252,-0.00612,-0.00081,-0.00087,0.00623,0.95676,0.00788,0.00623,3,12118,0,26007,0.22921,0.09016,0.39334,100,1,100.167,65,1,3,4296,195192,0,0,0.000,17.040,8.592,0,0.000,76.275,3.573,0,0,1,0,4
PPG,4,359344,14375310587,124,73238,79806,79384.578,421.422,-1.461,0,0,0,0,68.18,68.18,2,1,512,nan,4,1,24,1,1,16,16,0,0,0,1493234752,0.04297,0.00098,0.95190,0.95287,-0.00532,-0.00028,-0.00194,0.00567,0.95791,0.00503,0.00693,3,12114,0,26007,0.22921,0.09016,0.39334,100,1,100.167,65,1,3,4296,195192,0,0,45.219,17.040,8.592,1,0.000,76.275,3.573,0,0,1,0,4
PPG,4,359345,14375350587,173,73227,79814,79388.875,425.125,2.047,1,0,1,0,0.00,nan,1,2,0,nan,4,1,24,1,1,17,17,0,0,0,1493273774,0.04541,0.00708,0.95459,0.95570,-0.00638,-0.00001,-0.00194,0.00667,0.95735,0.00924,0.00693,3,12178,0,26007,0.22921,0.09016,0.39334,100,1,100.167,65,1,6,2599,195192,0,0,0.000,17.040,8.592,0,79.953,76.275,3.573,1,1,1,0,1
PPG,4,359346,14375390587,594,73218,79761,79392.594,368.406,-7.062,0,0,0,0,0.00,nan,1,2,0,nan,4,1,24,1,1,18,18,0,0,0,1493315471,0.04443,0.00415,0.95386,0.95490,-0.00638,0.00025,-0.00167,0.00660,0.95490,0.00445,0.00660,3,12104,0,26007,0.16272,0.07258,0.44601,97,1,98.850,71,1,6,4364,195192,0,0,0.000,16.659,7.975,0,0.000,69.711,3.584,0,0,1,0,1
PPG,4,359347,14375430587,258,73131,79596,79394.625,201.375,-30.453,0,0,0,0,0.00,nan,1,2,0,nan,4,1,24,1,1,19,19,0,0,0,1493355083,0.04517,0.00439,0.95459,0.95567,-0.00665,0.00052,-0.00114,0.00677,0.95567,0.00352,0.00677,3,12148,0,26007,0.16272,0.07258,0.44601,97,1,98.850,71,1,6,4430,195192,0,0,0.000,16.659,7.975,0,0.000,69.711,3.584,0,0,1,0,1
PPG,4,359348,14375470587,118,73103,79520,79395.875,124.125,-55.883,0,0,0,0,0.00,nan,1,2,0,nan,4,1,24,1,1,20,20,0,0,0,1493394718,0.04370,0.00317,0.95337,0.95438,-0.00612,-0.00055,-0.00167,0.00637,0.95525,0.00305,0.00644,3,12255,0,26007,0.16272,0.07258,0.44601,97,1,98.850,71,1,6,4334,195192,0,0,0.000,16.659,7.975,0,0.000,69.711,3.584,0,0,1,0,1
PPG,4,359349,14375510587,131,73137,79564,79397.555,166.445,-76.203,0,0,0,0,0.00,nan,1,2,0,nan,4,1,24,1,1,21,21,0,0,0,1493434022,0.04297,0.00757,0.95801,0.95900,-0.00638,0.00105,-0.00007,0.00647,0.95917,0.00479,0.00675,3,12251,0,26007,0.16272,0.07258,0.44601,97,1,98.850,71,1,6,2628,195192,0,0,0.000,16.659,7.975,0,0.000,69.711,3.584,0,0,1,0,1
PPG,4,359350,14375550587,130,73150,79603,79399.609,203.391,-97.508,0,0,0,0,0.00,nan,1,2,0,nan,4,1,24,1,1,22,22,0,0,0,1493475963,0.04468,0.00293,0.94995,0.95101,-0.00558,-0.00161,-0.00141,0.00598,0.95748,0.00815,0.00703,3,12264,0,26007,0.16272,0.07258,0.44601,97,1,98.850,71,1,6,4351,195192,0,0,0.000,16.659,7.975,0,0.000,69.711,3.584,0,0,1,0,1
PPG,4,359351,14375590587,126,73150,79614,79401.750,212.250,-113.289,0,0,0,0,0.00,nan,1,2,0,nan,4,1,24,1,1,23,23,0,0,0,1493515241,0.04370,0.00317,0.95020,0.95121,-0.00558,-0.00161,-0.00194,0.00613,0.95553,0.00432,0.00637,3,12258,0,26007,0.16272,0.07258,0.44601,97,1,98.850,71,1,6,4329,195192,0,0,0.000,16.659,7.975,0,0.000,69.711,3.584,0,0,1,0,1
PPG,4,359352,14375630587,119,73133,79593,79403.664,189.336,-132.062,0,0,0,0,0.00,nan,1,2,0,nan,4,1,24,1,1,24,24,0,0,0,1493554498,0.04321,0.00122,0.94922,0.95020,-0.00505,0.00025,-0.00141,0.00525,0.95801,0.00681,0.00594,3,12259,0,26007,0.16272,0.07258,0.44601,97,1,98.850,71,1,6,4338,195192,0,0,0.000,16.659,7.975,0,0.000,69.711,3.584,0,0,1,0,1
PPG,4,359353,14375670587,121,73122,79588,79405.508,182.492,-144.031,0,0,0,0,0.00,nan,1,2,0,nan,4,1,24,1,1,25,25,0,0,0,1493593839,0.04541,0.00244,0.95190,0.95299,-0.00558,-0.00028,-0.00061,0.00562,0.95858,0.01029,0.00602,3,12269,0,26007,0.16272,0.07258,0.44601,97,1,98.850,71,1,6,2639,195192,0,0,0.000,16.659,7.975,0,0.000,69.711,3.584,0,0,1,0,1
PPG,4,359354,14375710587,118,73108,79567,79407.125,159.875,-133.867,0,0,0,0,0.00,nan,1,2,0,nan,4,1,24,1,1,26,26,0,0,0,1493635744,0.03906,0.00537,0.95703,0.95784,-0.00585,0.00025,-0.00167,0.00609,0.95784,0.00408,0.00680,3,12232,0,26007,0.16272,0.07258,0.44601,97,1,98.850,71,1,6,4340,195192,0,0,0.000,16.659,7.975,0,0.000,69.711,3.584,0,0,1,0,1
PPG,4,359355,14375750587,129,73083,79561,79408.664,152.336,-113.109,0,0,0,0,0.00,nan,1,2,0,nan,4,1,24,1,1,27,27,0,0,0,1493675084,0.04248,0.00488,0.94995,0.95091,-0.00558,-0.00081,-0.00167,0.00589,0.95850,0.00759,0.00631,3,12287,0,26007,0.16272,0.07258,0.44601,97,1,98.850,71,1,6,4337,195192,0,0,0.000,16.659,7.975,0,0.000,69.711,3.584,0,0,1,0,1
PPG,4,359356,14375790587,117,73109,79582,79410.398,171.602,-97.391,0,0,0,0,0.00,nan,1,2,0,nan,4,1,24,1,1,28,28,0,0,0,1493714255,0.03906,0.00732,0.95410,0.95493,-0.00692,0.00025,-0.00194,0.00719,0.95493,0.00439,0.00719,3,12207,0,26007,0.16272,0.07258,0.44601,97,1,98.850,71,1,6,2635,195192,0,0,0.000,16.659,7.975,0,0.000,69.711,3.584,0,0,1,0,1
PPG,4,359357,14375830587,130,73123,79634,79412.633,221.367,-84.062,0,0,0,0,0.00,nan,1,2,0,nan,4,1,24,1,1,29,29,0,0,0,1493756079,0.04272,0.00000,0.95874,0.95969,-0.00585,-0.00001,-0.00194,0.00616,0.95969,0.00281,0.00616,3,12242,0,26007,0.16272,0.07258,0.44601,97,1,98.850,71,1,6,4334,195192,0,0,0.000,16.659,7.975,0,0.000,69.711,3.584,0,0,1,0,1
PPG,4,359358,14375870587,119,73141,79674,79415.250,258.750,-70.891,0,0,0,0,0.00,nan,1,2,0,nan,4,1,24,1,1,30,30,0,0,0,1493795432,0.04443,0.00732,0.95142,0.95248,-0.00585,-0.00028,-0.00274,0.00647,0.95248,0.00801,0.00662,3,12261,0,26007,0.16272,0.07258,0.44601,97,1,98.850,71,1,6,4349,195192,0,0,0.000,16.659,7.975,0,0.000,69.711,3.584,0,0,1,0,1
PPG,4,359359,14375910587,119,73125,79660,79417.695,242.305,-54.922,0,0,0,0,0.00,nan,1,2,0,nan,4,1,24,1,1,31,31,0,0,0,1493834641,0.04150,0.00366,0.95898,0.95989,-0.00665,-0.00135,-0.00300,0.00742,0.95989,0.00483,0.00742,3,12219,0,26007,0.16272,0.07258,0.44601,97,1,98.850,71,1,6,4344,195192,0,0,0.000,16.659,7.975,0,0.000,69.711,3.584,0,0,1,0,1
PPG,4,359360,14375950587,118,73110,79653,79420.047,232.953,-38.992,0,0,0,0,0.00,nan,1,2,0,nan,4,1,24,1,1,0,0,0,0,0,1493873867,0.04517,0.00269,0.95337,0.95444,-0.00612,-0.00055,-0.00087,0.00620,0.95491,0.00498,0.00672,3,12255,0,26007,0.16272,0.07258,0.44601,97,1,98.850,71,1,6,2617,195192,0,0,0.000,16.659,7.975,0,0.000,69.711,3.584,0,0,1,0,1
PPG,4,359361,14375990587,120,73133,79676,79422.609,253.391,-18.812,0,0,0,0,0.00,nan,1,2,0,nan,4,1,24,1,1,1,1,0,0,0,1493915689,0.04346,0.00391,0.95630,0.95729,-0.00558,-0.00028,-0.00087,0.00566,0.95729,0.00363,0.00566,3,12232,0,26007,0.16272,0.07258,0.44601,97,1,98.850,71,1,6,4332,195192,0,0,0.000,16.659,7.975,0,0.000,69.711,3.584,0,0,1,0,1
PPG,4,359362,14376030587,130,73156,79732,79425.703,306.297,7.914,0,0,0,0,0.00,nan,1,2,0,nan,4,1,24,1,1,2,2,0,0,0,1493961644,0.04053,0.00220,0.95410,0.95496,-0.00585,-0.00108,-0.00141,0.00611,0.95614,0.00332,0.00611,3,18954,0,26007,0.16272,0.07258,0.44601,97,1,98.850,71,1,6,14560,195192,0,0,0.000,16.659,7.975,0,0.000,69.711,3.584,0,0,1,0,1
PPG,4,359363,14376070587,117,73153,79739,79428.836,310.164,34.289,0,0,0,0,0.00,nan,1,2,0,nan,4,1,24,1,1,3,3,0,0,0,1493998176,0.04492,-0.00024,0.95239,0.95345,-0.00665,0.00025,-0.00114,0.00675,0.95617,0.00271,0.00724,3,12148,0,26007,0.16272,0.07258,0.44601,97,1,98.850,71,1,6,2627,195192,0,0,0.000,16.659,7.975,0,0.000,69.711,3.584,0,0,1,0,1
PPG,4,359364,14376110587,117,73194,79770,79432.250,337.750,55.523,0,0,0,0,0.00,nan,1,2,0,nan,4,1,24,1,1,4,4,0,0,0,1494034636,0.04370,0.00513,0.95898,0.95999,-0.00612,-0.00028,-0.00194,0.00642,0.95999,0.00384,0.00661,3,12119,0,26007,0.16272,0.07258,0.44601,97,1,98.850,71,1,6,4329,195192,0,0,0.000,16.659,7.975,0,0.000,69.711,3.584,0,0,1,0,1
PPG,4,359365,14376150587,121,73190,79785,79435.781,349.219,72.828,0,0,0,0,0.00,nan,1,2,0,nan,4,1,24,1,1,5,5,0,0,0,1494073598,0.04541,0.00757,0.95386,0.95497,-0.00585,-0.00081,-0.00114,0.00602,0.95711,0.00444,0.00633,3,12141,0,26007,0.16272,0.07258,0.44601,97,1,98.850,71,1,6,2629,195192,0,0,0.000,16.659,7.975,0,0.000,69.711,3.584,0,0,1,0,1
PPG,4,359366,14376190587,117,73193,79805,79439.477,365.523,91.344,0,0,0,0,0.00,nan,1,2,0,nan,4,1,24,1,1,6,6,0,0,0,1494115111,0.04443,0.00586,0.95508,0.95613,-0.00558,-0.00055,-0.00167,0.00586,0.95782,0.00286,0.00701,3,12114,0,26007,0.16272,0.07258,0.44601,97,1,98.850,71,1,6,4295,195192,0,0,0.000,16.659,7.975,0,0.000,69.711,3.584,0,0,1,0,1
PPG,4,359367,14376230587,117,73186,79814,79443.219,370.781,103.438,0,0,0,0,0.00,nan,1,2,0,nan,4,1,24,1,1,7,7,0,0,0,1494153990,0.04468,0.00635,0.95801,0.95907,-0.00585,0.00025,-0.00167,0.00609,0.96005,0.00392,0.00622,3,12118,0,26007,0.16272,0.07258,0.44601,97,1,98.850,71,1,6,2598,195192,0,0,0.000,16.659,7.975,0,0.000,69.711,3.584,0,0,1,0,1
PPG,4,359368,14376270587,119,73161,79777,79446.555,330.445,105.023,0,0,0,0,0.00,nan,1,2,0,nan,4,1,24,1,1,8,8,0,0,0,1494195576,0.04492,0.00293,0.95825,0.95931,-0.00612,-0.00001,-0.00194,0.00642,0.95931,0.00984,0.00642,3,12119,0,26007,0.16272,0.07258,0.44601,97,1,98.850,71,1,6,4300,195192,0,0,0.000,16.659,7.975,0,0.000,69.711,3.584,0,0,1,0,1
PPG,4,359369,14376310587,127,73102,79616,79448.250,167.750,85.852,0,0,0,0,0.00,nan,1,2,0,nan,4,1,24,1,1,9,9,0,0,0,1494234499,0.04346,0.00586,0.95532,0.95633,-0.00665,-0.00028,-0.00114,0.00675,0.95633,0.00875,0.00675,3,12117,0,26007,0.16272,0.07258,0.44601,97,1,98.850,71,1,6,2599,195192,0,0,0.000,16.659,7.975,0,0.000,69.711,3.584,0,0,1,0,1
PPG,4,359370,14376350587,117,73084,79563,79449.398,113.602,62.711,0,0,0,0,0.00,nan,1,2,0,nan,4,1,24,1,1,10,10,0,0,0,1494275993,0.04297,0.00610,0.95044,0.95143,-0.00638,0.00025,-0.00087,0.00645,0.95523,0.00380,0.00706,3,12120,0,26007,0.16272,0.07258,0.44601,97,1,98.850,71,1,6,4335,195192,0,0,0.000,16.659,7.975,0,0.000,69.711,3.584,0,0,1,0,1
PPG,4,359371,14376390587,515,73101,79585,79450.758,134.242,37.727,0,0,0,0,0.00,nan,1,2,0,nan,4,1,24,1,1,11,11,0,0,0,1494315008,0.04663,0.00317,0.95142,0.95256,-0.00585,-0.00028,-0.00114,0.00597,0.95823,0.00680,0.00641,3,12117,0,26007,0.11425,0.11296,0.98872,93,1,85.282,88,1,6,4297,195192,0,0,0.000,16.659,7.975,0,0.000,69.711,3.584,0,0,1,0,1
PPG,4,359372,14376430587,168,73098,79610,79452.352,157.648,11.883,0,0,0,0,0.00,nan,1,2,0,nan,4,1,24,1,1,12,12,0,0,0,1494354377,0.04272,0.00073,0.95776,0.95872,-0.00692,-0.00161,-0.00114,0.00719,0.95872,0.00528,0.00719,3,12134,0,26007,0.11425,0.11296,0.98872,93,1,85.282,88,1,6,2600,195192,0,0,0.000,16.659,7.975,0,0.000,69.711,3.584,0,0,1,0,1
PPG,4,359373,14376470587,119,73074,79608,79453.906,154.094,-17.258,0,1,0,0,0.00,nan,1,2,0,nan,4,1,24,1,1,13,13,0,0,0,1494396012,0.03979,0.00391,0.95532,0.95616,-0.00585,-0.00028,-0.00114,0.00597,0.95616,0.01081,0.00597,3,12148,0,26007,0.11425,0.11296,0.98872,93,1,85.282,88,1,6,4297,195192,0,0,0.000,16.659,7.975,0,0.000,69.711,3.584,0,0,1,0,1
PPG,4,359374,14376510587,117,73099,79645,79455.820,189.180,-45.312,0,0,0,0,0.00,nan,1,2,0,nan,4,1,24,1,1,14,14,0,0,0,1494434902,0.04224,0.00464,0.94287,0.94383,-0.00745,-0.00108,-0.00221,0.00784,0.95797,0.00796,0.00784,3,12114,0,26007,0.11425,0.11296,0.98872,93,1,85.282,88,1,6,4304,195192,0,0,0.000,16.659,7.975,0,0.000,69.711,3.584,0,0,1,0,1
PPG,4,359375,14376550587,119,73105,79644,79457.703,186.297,-68.461,0,0,0,0,0.00,nan,1,2,0,nan,4,1,24,1,1,15,15,0,0,0,1494473865,0.04492,0.00342,0.95801,0.95907,-0.00612,-0.00135,-0.00194,0.00656,0.96123,0.01740,0.00701,3,12126,0,26007,0.11425,0.11296,0.98872,93,1,85.282,88,1,6,2604,195192,0,0,0.000,16.659,7.975,0,0.000,69.711,3.584,0,0,1,0,1
PPG,4,359376,14376590587,139,73084,79619,79459.312,159.688,-69.883,1,0,1,1260,47.62,47.62,2,1,0,nan,4,1,24,1,1,16,16,0,0,0,1494515398,0.04199,0.00269,0.95361,0.95454,-0.00718,-0.00028,-0.00194,0.00745,0.95456,0.01024,0.00745,3,12136,0,26007,0.11425,0.11296,0.98872,93,1,85.282,88,1,3,4299,195192,0,0,119.000,16.659,7.975,1,249.055,69.711,3.584,1,1,1,0,2
PPG,4,359377,14376630587,123,73069,79601,79460.727,140.273,-62.797,0,0,0,0,47.62,47.62,2,1,0,nan,4,1,24,1,1,17,17,0,0,0,1494554519,0.04395,0.00635,0.95361,0.95465,-0.00505,-0.00001,-0.00061,0.00509,0.95582,0.00128,0.00642,3,12115,0,26007,0.11425,0.11296,0.98872,93,1,85.282,88,1,3,2596,195192,0,0,0.000,16.787,8.183,0,0.000,69.884,3.641,0,0,1,0,2
PPG,4,359378,14376670587,128,73058,79584,79461.961,122.039,-58.438,0,0,0,0,47.62,47.62,2,1,0,nan,4,1,24,1,1,18,18,0,0,0,1494596102,0.04443,0.00415,0.95605,0.95710,-0.00532,-0.00055,-0.00194,0.00569,0.95925,0.00618,0.00604,3,12173,0,26007,0.11425,0.11296,0.98872,93,1,85.282,88,1,3,4299,195192,0,0,0.000,15.803,8.932,0,0.000,69.884,3.641,0,0,1,0,2
PPG,4,359379,14376710587,122,73051,79592,79463.258,128.742,-57.609,0,0,0,0,47.62,47.62,2,1,0,nan,4,1,24,1,1,19,19,0,0,0,1494635091,0.04053,0.00317,0.95386,0.95472,-0.00638,-0.00028,-0.00034,0.00640,0.95491,0.00515,0.00640,3,12124,0,26007,0.11425,0.11296,0.98872,93,1,85.282,88,1,3,4299,195192,0,0,0.000,15.803,8.932,0,0.000,69.884,3.641,0,0,1,0,2
PPG,4,359380,14376750587,128,73028,79582,79464.445,117.555,-57.781,0,0,0,0,47.62,47.62,2,1,0,nan,4,1,24,1,1,20,20,0,0,0,1494674026,0.04028,0.00586,0.94678,0.94765,-0.00718,0.00052,-0.00327,0.00791,0.95775,0.00537,0.00791,3,12120,0,26007,0.11425,0.11296,0.98872,93,1,85.282,88,1,3,2599,195192,0,0,0.000,15.803,8.932,0,0.000,65.185,3.958,0,0,1,0,2
PPG,4,359381,14376790587,122,72993,79558,79465.383,92.617,-64.312,0,0,0,0,47.62,47.62,2,1,0,nan,4,1,24,1,1,21,21,0,0,0,1494715594,0.04175,0.00293,0.95117,0.95209,-0.00558,-0.00081,-0.00194,0.00597,0.95361,0.00595,0.00734,3,12123,0,26007,0.11425,0.11296,0.98872,93,1,85.282,88,1,3,4298,195192,0,0,0.000,15.803,8.932,0,0.000,65.185,3.958,0,0,1,0,2
PPG,4,359382,14376830587,125,72956,79518,79465.906,52.094,-71.609,0,0,0,0,47.62,47.62,2,1,0,nan,4,1,24,1,1,22,22,0,0,0,1494754599,0.04443,0.00464,0.95410,0.95515,-0.00505,0.00052,-0.00247,0.00565,0.95677,0.00468,0.00628,3,12120,0,26007,0.11425,0.11296,0.98872,93,1,85.282,88,1,3,2607,195192,0,0,0.000,15.803,8.932,0,0.000,65.185,3.958,0,0,1,0,2
PPG,4,359383,14376870587,125,72941,79512,79466.367,45.633,-75.539,0,0,0,0,47.62,47.62,2,1,0,nan,4,1,24,1,1,23,23,0,0,0,1494796155,0.04492,0.00146,0.94995,0.95101,-0.00585,0.00052,-0.00274,0.00648,0.95537,0.00224,0.00684,3,12147,0,26007,0.11425,0.11296,0.98872,93,1,85.282,88,1,3,4317,195192,0,0,0.000,15.803,8.932,0,0.000,65.185,3.958,0,0,1,0,2
PPG,4,359384,14376910587,131,72952,79510,79466.805,43.195,-75.539,0,0,0,0,47.62,47.62,2,1,0,nan,4,1,24,1,1,24,24,0,0,0,1494871249,0.04272,0.00513,0.94727,0.94824,-0.00558,-0.00055,-0.00167,0.00586,0.95481,0.00657,0.00679,2,60450,0,26012,0.11425,0.11296,0.98872,93,1,85.282,88,1,3,60487,195192,0,0,0.000,15.803,8.932,0,0.000,65.185,3.958,0,0,1,0,2
PPG,4,359385,14376950587,121,72949,79543,79467.570,75.430,-69.297,0,0,0,0,47.62,47.62,2,1,0,nan,4,1,24,1,1,25,25,0,0,0,1494883393,0.04248,0.00220,0.95093,0.95188,-0.00612,0.00025,-0.00221,0.00651,0.95188,0.00364,0.00651,1,12144,0,26012,0.11425,0.11296,0.98872,93,1,85.282,88,1,3,12070,195192,0,0,0.000,15.803,8.932,0,0.000,65.185,3.958,0,0,1,0,2
PPG,4,359386,14376990587,123,72973,79571,79468.602,102.398,-60.602,0,0,0,0,47.62,47.62,2,1,0,nan,4,1,24,1,1,26,26,0,0,0,1494919778,0.04614,0.00464,0.94849,0.94962,-0.00505,-0.00055,-0.00221,0.00554,0.95659,0.00697,0.00578,3,12110,0,26012,0.11425,0.11296,0.98872,93,1,85.282,88,1,3,2591,195192,0,0,0.000,15.803,8.932,0,0.000,65.185,3.958,0,0,1,0,2
PPG,4,359387,14377030587,129,72962,79562,79469.539,92.461,-50.859,0,0,0,0,47.62,47.62,2,1,0,nan,4,1,24,1,1,27,27,0,0,0,1494962821,0.04370,0.00366,0.95068,0.95169,-0.00585,0.00025,-0.00194,0.00617,0.95974,0.01005,0.00686,3,18845,0,26012,0.11425,0.11296,0.98872,93,1,85.282,88,1,3,14485,195192,0,0,0.000,15.803,8.932,0,0.000,65.185,3.958,0,0,1,0,2
PPG,4,359388,14377070587,120,72961,79578,79470.625,107.375,-38.047,0,0,0,0,47.62,47.62,2,1,0,nan,4,1,24,1,1,28,28,0,0,0,1494999275,0.04126,0.00293,0.95361,0.95451,-0.00532,0.00052,-0.00061,0.00538,0.95451,0.00534,0.00686,3,12151,0,26012,0.11425,0.11296,0.98872,93,1,85.282,88,1,3,2591,195192,0,0,0.000,15.803,8.932,0,0.000,65.185,3.958,0,0,1,0,2
PPG,4,359389,14377110587,121,72937,79569,79471.609,97.391,-28.414,0,0,0,0,47.62,47.62,2,1,0,nan,4,1,24,1,1,29,29,0,0,0,1495035614,0.04224,0.00684,0.94922,0.95018,-0.00532,-0.00028,-0.00114,0.00545,0.95785,0.00767,0.00584,3,12112,0,26012,0.11425,0.11296,0.98872,93,1,85.282,88,1,3,4295,195192,0,0,0.000,15.803,8.932,0,0.000,65.185,3.958,0,0,1,0,2
PPG,4,359390,14377150587,123,72933,79536,79472.250,63.750,-23.641,0,0,0,0,47.62,47.62,2,1,0,nan,4,1,24,1,1,30,30,0,0,0,1495074562,0.04126,0.00488,0.96313,0.96403,-0.00558,0.00079,-0.00194,0.00596,0.96403,0.00907,0.00596,3,12122,0,26012,0.11425,0.11296,0.98872,93,1,85.282,88,1,3,2597,195192,0,0,0.000,15.803,8.932,0,0.000,65.185,3.958,0,0,1,0,2
PPG,4,359391,14377190587,132,72862,79396,79471.484,-75.484,-30.469,0,0,0,0,47.62,47.62,2,1,0,nan,4,1,24,1,1,31,31,0,0,0,1495116118,0.03906,0.00464,0.96606,0.96687,-0.00692,-0.00028,-0.00247,0.00735,0.96687,0.01705,0.00735,3,12109,0,26012,0.11425,0.11296,0.98872,93,1,85.282,88,1,3,4297,195192,0,0,0.000,15.803,8.932,0,0.000,64.721,3.992,0,0,1,0,2
PPG,4,359392,14377230587,139,72798,79261,79469.383,-208.383,-53.312,0,0,0,0,47.62,47.62,2,1,0,nan,4,1,24,1,1,0,0,0,0,0,1495155044,0.04150,0.00537,0.95386,0.95478,-0.00558,-0.00135,-0.00087,0.00581,0.95478,0.01823,0.00601,3,12111,0,26012,0.11425,0.11296,0.98872,93,1,85.282,88,1,3,4297,195192,0,0,0.000,15.803,8.932,0,0.000,64.721,3.992,0,0,1,0,2
PPG,4,359393,14377270587,123,72778,79251,79467.195,-216.195,-81.172,0,0,0,0,47.62,47.62,2,1,0,nan,4,1,24,1,1,1,1,0,0,0,1495194048,0.04492,0.00439,0.94946,0.95054,-0.00585,0.00052,-0.00194,0.00619,0.95479,0.00887,0.00644,3,12111,0,26012,0.11425,0.11296,0.98872,93,1,85.282,88,1,3,2635,195192,0,0,0.000,15.803,8.932,0,0.000,64.721,3.992,0,0,1,0,2
PPG,4,359394,14377310587,120,72753,79247,79464.992,-217.992,-106.273,0,0,0,0,47.62,47.62,2,1,0,nan,4,1,24,1,1,2,2,0,0,0,1495235969,0.04053,0.00024,0.95361,0.95447,-0.00558,0.00025,-0.00247,0.00611,0.95848,0.01190,0.00650,3,12277,0,26012,0.11425,0.11296,0.98872,93,1,85.282,88,1,3,4331,195192,0,0,0.000,15.803,8.932,0,0.000,64.721,3.992,0,0,1,0,2
PPG,4,359395,14377350587,122,72768,79279,79463.133,-184.133,-130.742,0,0,0,0,47.62,47.62,2,1,0,nan,4,1,24,1,1,3,3,0,0,0,1495274965,0.04370,0.00366,0.95679,0.95779,-0.00532,0.00025,-0.00061,0.00536,0.95779,0.00291,0.00592,3,12187,0,26012,0.11425,0.11296,0.98872,93,1,85.282,88,1,3,4308,195192,0,0,0.000,15.803,8.932,0,0.000,64.721,3.992,0,0,1,0,2
PPG,4,359396,14377390587,517,72783,79325,79461.750,-136.750,-150.891,0,0,0,0,47.62,47.62,2,1,0,nan,4,1,24,1,1,4,4,0,0,0,1495313917,0.04419,0.00244,0.94873,0.94976,-0.00612,0.00132,-0.00061,0.00629,0.95777,0.00801,0.00629,3,12142,0,26012,0.18267,0.20927,1.14560,95,1,81.360,88,1,3,2594,195192,0,0,0.000,15.803,8.932,0,0.000,64.721,3.992,0,0,1,0,2
PPG,4,359397,14377430587,170,72772,79332,79460.453,-128.453,-166.586,0,0,0,0,47.62,47.62,2,1,0,nan,4,1,24,1,1,5,5,0,0,0,1495356034,0.04126,0.00269,0.95166,0.95256,-0.00692,0.00079,-0.00087,0.00702,0.95595,0.00501,0.00739,3,12115,0,26012,0.18267,0.20927,1.14560,95,1,81.360,88,1,3,4297,195192,0,0,0.000,15.803,8.932,0,0.000,64.721,3.992,0,0,1,0,2
PPG,4,359398,14377470587,123,72723,79265,79458.500,-193.500,-169.352,0,0,0,0,47.62,47.62,2,1,0,nan,4,1,24,1,1,6,6,0,0,0,1495395124,0.04248,0.00439,0.95508,0.95603,-0.00612,-0.00028,-0.00141,0.00628,0.95603,0.00616,0.00628,3,12130,0,26012,0.18267,0.20927,1.14560,95,1,81.360,88,1,3,4298,195192,0,0,19.141,15.803,8.932,1,0.000,64.721,3.992,0,0,1,0,2
PPG,4,359399,14377510587,127,72661,79183,79455.742,-272.742,-160.039,0,0,0,0,47.62,47.62,2,1,0,nan,4,1,24,1,1,7,7,0,0,0,1495434322,0.04150,0.00757,0.94971,0.95064,-0.00612,-0.00001,-0.00194,0.00642,0.95147,0.00460,0.00665,3,12246,0,26012,0.18267,0.20927,1.14560,95,1,81.360,88,1,3,2643,195192,0,0,0.000,15.803,8.932,0,0.000,64.721,3.992,0,0,1,0,2
PPG,4,359400,14377550587,120,72603,79130,79452.484,-322.484,-154.727,0,0,0,0,47.62,47.62,2,1,0,nan,4,1,24,1,1,8,8,0,0,0,1495476280,0.04517,0.00293,0.95068,0.95176,-0.00585,-0.00028,-0.00221,0.00626,0.95216,0.00254,0.00661,3,12300,0,26012,0.18267,0.20927,1.14560,95,1,81.360,88,1,3,4344,195192,0,0,0.000,15.803,8.932,0,0.000,64.721,3.992,0,0,1,0,2
PPG,4,359401,14377590587,129,72493,79036,79448.320,-412.320,-158.773,0,0,0,0,47.62,47.62,2,1,0,nan,4,1,24,1,1,9,9,0,0,0,1495515583,0.04395,0.00146,0.95679,0.95780,-0.00558,0.00105,-0.00141,0.00585,0.95780,0.00614,0.00613,3,12266,0,26012,0.18267,0.20927,1.14560,95,1,81.360,88,1,3,4339,195192,0,0,0.000,15.803,8.932,0,0.000,60.762,4.311,0,0,1,0,2
PPG,4,359402,14377630587,124,72322,78872,79442.555,-570.555,-184.609,0,0,0,0,47.62,47.62,2,1,0,nan,4,1,24,1,1,10,10,0,0,0,1495554921,0.04468,0.00391,0.95752,0.95857,-0.00585,0.00079,-0.00247,0.00640,0.95857,0.00934,0.00640,3,12261,0,26012,0.18267,0.20927,1.14560,95,1,81.360,88,1,3,4349,195192,0,0,0.000,15.803,8.932,0,0.000,60.762,4.311,0,0,1,0,2
PPG,4,359403,14377670587,122,72275,78798,79436.109,-638.109,-224.203,0,0,0,0,47.62,47.62,2,1,0,nan,4,1,24,1,1,11,11,0,0,0,1495594206,0.04004,0.00610,0.95386,0.95472,-0.00612,0.00132,-0.00221,0.00664,0.95472,0.01043,0.00762,3,12233,0,26012,0.18267,0.20927,1.14560,95,1,81.360,88,1,3,2615,195192,0,0,0.000,15.803,8.932,0,0.000,60.762,4.311,0,0,1,0,2
PPG,4,359404,14377710587,129,72220,78748,79429.227,-681.227,-269.531,0,0,0,0,47.62,47.62,2,1,0,nan,4,1,24,1,1,12,12,0,0,0,1495636182,0.04443,0.00537,0.95532,0.95637,-0.00532,0.00132,-0.00300,0.00625,0.95637,0.00622,0.00661,3,12267,0,26012,0.18267,0.20927,1.14560,95,1,81.360,88,1,3,4340,195192,0,0,0.000,15.803,8.932,0,0.000,60.762,4.311,0,0,1,0,2
PPG,4,359405,14377750587,124,72201,78681,79421.742,-740.742,-309.859,0,0,0,0,47.62,47.62,2,1,0,nan,4,1,24,1,1,13,13,0,0,0,1495675457,0.04517,0.00732,0.95288,0.95398,-0.00479,0.00212,-0.00167,0.00549,0.95398,0.01007,0.00672,3,12205,0,26012,0.18267,0.20927,1.14560,95,1,81.360,88,1,3,4342,195192,0,0,0.000,15.803,8.932,0,0.000,60.762,4.311,0,0,1,0,2
PPG,4,359406,14377790587,143,72126,78553,79413.055,-860.055,-348.961,0,0,0,0,47.62,47.62,2,1,0,nan,4,1,24,1,1,14,14,0,0,0,1495714833,0.04346,0.00439,0.94897,0.94998,-0.00532,0.00212,-0.00141,0.00589,0.95185,0.00380,0.00768,3,12284,0,26012,0.18267,0.20927,1.14560,95,1,81.360,88,1,3,2639,195192,0,0,0.000,15.803,8.932,0,0.000,60.762,4.311,0,0,1,0,2
PPG,4,359407,14377830587,121,71945,78348,79402.406,-1054.406,-399.969,0,0,0,0,47.62,47.62,2,1,0,nan,4,1,24,1,1,15,15,0,0,0,1495756815,0.04126,0.00220,0.95508,0.95597,-0.00718,-0.00001,-0.00087,0.00724,0.95803,0.01197,0.00724,3,12220,0,26012,0.18267,0.20927,1.14560,95,1,81.360,88,1,3,4314,195192,0,0,0.000,15.803,8.932,0,0.000,60.762,4.311,0,0,1,0,2
PPG,4,359408,14377870587,128,71814,78202,79390.398,-1188.398,-450.312,0,0,0,0,47.62,47.62,2,1,0,nan,4,1,24,1,1,16,16,0,0,0,1495796081,0.04272,0.00391,0.95410,0.95507,-0.00638,-0.00081,-0.00194,0.00672,0.95507,0.00417,0.00672,3,12275,0,26012,0.18267,0.20927,1.14560,95,1,81.360,88,1,3,4345,195192,0,0,0.000,15.803,8.932,0,0.000,60.762,4.311,0,0,1,0,2
PPG,4,359409,14377910587,122,71832,78212,79378.617,-1166.617,-476.750,0,0,0,0,47.62,47.62,2,1,0,nan,4,1,24,1,1,17,17,0,0,0,1495835436,0.04517,0.00293,0.95093,0.95200,-0.00399,0.00212,-0.00034,0.00453,0.95756,0.00469,0.00644,3,12227,0,26012,0.18267,0.20927,1.14560,95,1,81.360,88,1,3,4344,195192,0,0,0.000,15.803,8.932,0,0.000,60.762,4.311,0,0,1,0,2
PPG,4,359410,14377950587,121,71753,78130,79366.133,-1236.133,-501.883,0,0,0,0,47.62,47.62,2,1,0,nan,4,1,24,1,1,18,18,0,0,0,1495874716,0.04712,0.00513,0.95044,0.95162,-0.00638,-0.00001,-0.00167,0.00660,0.95485,0.00323,0.00738,3,12228,0,26012,0.18267,0.20927,1.14560,95,1,81.360,88,1,3,2624,195192,0,0,0.000,15.803,8.932,0,0.000,60.762,4.311,0,0,1,0,2
PPG,4,359411,14377990587,122,71443,77753,79350.000,-1597.000,-561.867,0,0,0,0,47.62,47.62,2,1,0,nan,4,1,24,1,1,19,19,0,0,0,1495916553,0.04028,0.00415,0.95044,0.95130,-0.00692,-0.00055,-0.00114,0.00703,0.95336,0.00174,0.00703,3,12240,0,26012,0.18267,0.20927,1.14560,95,1,81.360,88,1,3,4335,195192,0,0,0.000,15.803,8.932,0,0.000,60.762,4.311,0,0,1,0,2
PPG,4,359412,14378030587,126,71323,77620,79332.703,-1712.703,-631.391,0,0,0,0,47.62,47.62,2,1,0,nan,4,1,24,1,1,20,20,0,0,0,1495965183,0.04272,0.00073,0.95459,0.95555,-0.00558,0.00025,-0.00061,0.00562,0.95555,0.00286,0.00682,3,21617,0,26013,0.18267,0.20927,1.14560,95,1,81.360,88,1,3,14583,195192,0,0,0.000,15.803,8.932,0,0.000,60.762,4.311,0,0,1,0,2
PPG,4,359413,14378070587,123,71100,77272,79312.094,-2040.094,-715.438,0,0,0,0,47.62,47.62,2,1,0,nan,4,1,24,1,1,21,21,0,0,0,1496001897,0.04126,0.00464,0.95142,0.95232,-0.00585,-0.00001,-0.00194,0.00616,0.95748,0.00515,0.00616,3,12238,0,26013,0.18267,0.20927,1.14560,95,1,81.360,88,1,3,2613,195192,0,0,0.000,15.803,8.932,0,0.000,60.762,4.311,0,0,1,0,2
PPG,4,359414,14378110587,121,70669,76636,79285.336,-2649.336,-829.461,0,0,0,0,47.62,47.62,2,1,0,nan,4,1,24,1,1,22,22,0,0,0,1496038641,0.04370,0.00366,0.94971,0.95072,-0.00638,0.00079,-0.00194,0.00672,0.95831,0.00790,0.00832,3,12301,0,26013,0.18267,0.20927,1.14560,95,1,81.360,88,1,3,2644,195192,0,0,0.000,15.803,8.932,0,0.000,60.762,4.311,0,0,1,0,2
PPG,4,359415,14378150587,127,70445,76387,79256.352,-2869.352,-944.148,0,0,0,0,47.62,47.62,2,1,0,nan,4,1,24,1,1,23,23,0,0,0,1496075183,0.04175,0.00610,0.95483,0.95577,-0.00718,-0.00135,-0.00194,0.00756,0.95577,0.00530,0.00775,3,12331,0,26013,0.18267,0.20927,1.14560,95,1,81.360,88,1,3,4319,195192,0,0,0.000,15.803,8.932,0,0.000,60.762,4.311,0,0,1,0,2
PPG,4,359416,14378190587,121,70313,76345,79227.234,-2882.234,-1061.859,0,0,0,0,47.62,47.62,2,1,0,nan,4,1,24,1,1,24,24,0,0,0,1496114149,0.04053,0.00708,0.94995,0.95084,-0.00585,-0.00215,-0.00141,0.00639,0.95659,0.00575,0.00723,3,12159,0,26013,0.18267,0.20927,1.14560,95,1,81.360,88,1,3,2596,195192,0,0,0.000,15.803,8.932,0,0.000,60.762,4.311,0,0,1,0,2
PPG,4,359417,14378230587,122,70360,76484,79199.805,-2715.805,-1154.609,0,0,0,0,47.62,47.62,2,1,0,nan,4,1,24,1,1,25,25,0,0,0,1496155725,0.04150,0.00415,0.96118,0.96209,-0.00745,-0.00188,-0.00141,0.00781,0.96209,0.00886,0.00781,3,12140,0,26013,0.18267,0.20927,1.14560,95,1,81.360,88,1,3,4323,195192,0,0,0.000,15.803,8.932,0,0.000,60.762,4.311,0,0,1,0,2
PPG,4,359418,14378270587,121,70741,77045,79178.258,-2133.258,-1144.750,0,0,0,0,47.62,47.62,2,1,0,nan,4,1,24,1,1,26,26,0,0,0,1496194703,0.04272,0.00220,0.95459,0.95555,-0.00585,-0.00135,-0.00141,0.00617,0.95555,0.00794,0.00661,3,12128,0,26013,0.18267,0.20927,1.14560,95,1,81.360,88,1,3,2597,195192,0,0,0.000,15.803,8.932,0,0.000,60.762,4.311,0,0,1,0,2
PPG,4,359419,14378310587,123,71165,77615,79162.625,-1547.625,-1067.062,0,0,0,0,47.62,47.62,2,1,0,nan,4,1,24,1,1,27,27,0,0,0,1496236286,0.04858,0.00293,0.95386,0.95510,-0.00585,-0.00001,-0.00141,0.00602,0.95510,0.00332,0.00752,3,12143,0,26013,0.18267,0.20927,1.14560,95,1,81.360,88,1,3,4300,195192,0,0,0.000,15.803,8.932,0,0.000,60.762,4.311,0,0,1,0,2
PPG,4,359420,14378350587,122,71247,77777,79148.766,-1371.766,-927.273,0,0,0,0,47.62,47.62,2,1,0,nan,4,1,24,1,1,28,28,0,0,0,1496275288,0.04272,0.00366,0.95581,0.95677,-0.00585,0.00079,-0.00194,0.00621,0.95727,0.00478,0.00630,3,12119,0,26013,0.18267,0.20927,1.14560,95,1,81.360,88,1,3,4300,195192,0,0,0.000,15.803,8.932,0,0.000,60.762,4.311,0,0,1,0,2
PPG,4,359421,14378390587,497,71151,77745,79134.727,-1389.727,-704.289,0,0,0,0,47.62,47.62,2,1,0,nan,4,1,24,1,1,29,29,0,0,0,1496314230,0.04028,0.00464,0.94482,0.94569,-0.00532,0.00052,-0.00114,0.00546,0.95182,0.00495,0.00566,3,12125,0,26013,1.06738,1.03169,0.96657,-999,0,85.836,-999,0,3,2595,195192,0,0,0.000,15.803,8.932,0,0.000,60.762,4.311,0,0,1,0,2
PPG,4,359422,14378430587,168,71169,77822,79121.602,-1299.602,-446.789,0,0,0,0,47.62,47.62,2,1,0,nan,4,1,24,1,1,30,30,0,0,0,1496356191,0.04297,0.00488,0.94946,0.95045,-0.00479,0.00212,-0.00221,0.00568,0.95784,0.01215,0.00619,3,12126,0,26013,1.06738,1.03169,0.96657,-999,0,85.836,-999,0,3,4303,195192,0,0,0.000,15.803,8.932,0,0.000,60.762,4.311,0,0,1,0,2
PPG,4,359423,14378470587,127,71074,77752,79107.906,-1355.906,-193.492,0,0,0,0,47.62,47.62,2,1,0,nan,4,1,24,1,1,31,31,0,0,0,1496395196,0.04028,0.00220,0.95117,0.95203,-0.00425,0.00265,-0.00114,0.00514,0.95456,0.00314,0.00625,3,12131,0,26013,1.06738,1.03169,0.96657,-999,0,85.836,-999,0,3,4312,195192,0,0,0.000,15.803,8.932,0,0.000,60.762,4.311,0,0,1,0,2
PPG,4,359424,14378510587,121,70912,77652,79093.344,-1441.344,28.164,0,0,0,0,47.62,47.62,2,1,0,nan,4,1,24,1,1,0,0,0,0,0,1496434141,0.04565,0.00293,0.95093,0.95203,-0.00479,-0.00028,-0.00034,0.00481,0.95637,0.00435,0.00591,3,12134,0,26013,1.06738,1.03169,0.96657,-999,0,85.836,-999,0,3,2596,195192,0,0,0.000,15.803,8.932,0,0.000,60.762,4.311,0,0,1,0,2
PPG,4,359425,14378550587,122,70985,77739,79079.797,-1340.797,174.406,0,0,0,0,47.62,47.62,2,1,0,nan,4,1,24,1,1,1,1,0,0,0,1496475681,0.04761,0.00317,0.94971,0.95090,-0.00585,-0.00135,-0.00167,0.00623,0.96567,0.01476,0.00623,3,12121,0,26013,1.06738,1.03169,0.96657,-999,0,85.836,-999,0,3,4294,195192,0,0,0.000,15.803,8.932,0,0.000,60.762,4.311,0,0,1,0,2
PPG,4,359426,14378590587,140,71013,77790,79066.898,-1276.898,237.562,0,0,0,0,47.62,47.62,2,1,0,nan,4,1,24,1,1,2,2,0,0,0,1496514613,0.04297,0.00342,0.95679,0.95776,-0.00532,-0.00135,-0.00221,0.00591,0.95776,0.00892,0.00639,3,12116,0,26013,1.06738,1.03169,0.96657,-999,0,85.836,-999,0,3,2597,195192,0,0,0.000,15.803,8.932,0,0.000,60.762,4.311,0,0,1,0,2
PPG,4,359427,14378630587,127,71052,77845,79054.680,-1209.680,272.422,0,0,0,0,47.62,47.62,2,1,0,nan,4,1,24,1,1,3,3,0,0,0,1496556254,0.03955,0.00220,0.95264,0.95346,-0.00558,0.00079,-0.00034,0.00565,0.95359,0.00583,0.00570,3,12125,0,26013,1.06738,1.03169,0.96657,-999,0,85.836,-999,0,3,4297,195192,0,0,0.000,15.803,8.932,0,0.000,60.762,4.311,0,0,1,0,2
PPG,4,359428,14378670587,122,71100,77889,79043.023,-1154.023,308.641,0,0,0,0,47.62,47.62,2,1,0,nan,4,1,24,1,1,4,4,0,0,0,1496595234,0.04492,0.00317,0.95288,0.95394,-0.00532,0.00052,-0.00087,0.00541,0.95590,0.00244,0.00571,3,12143,0,26013,1.06738,1.03169,0.96657,-999,0,85.836,-999,0,3,2596,195192,0,0,0.000,15.803,8.932,0,0.000,60.762,4.311,0,0,1,0,2
PPG,4,359429,14378710587,199,70769,77548,79028.070,-1480.070,302.703,0,0,0,0,47.62,nan,3,2,256,nan,4,1,24,1,1,5,5,0,0,0,1496636803,0.04175,0.00684,0.94678,0.94772,-0.00612,-0.00001,-0.00167,0.00634,0.95618,0.00846,0.00668,3,12165,0,26013,1.06738,1.03169,0.96657,-999,0,85.836,-999,0,6,4327,195192,0,0,0.000,15.803,8.932,0,0.000,60.762,4.311,0,0,3,4000,2
PPG,4,359430,14378750587,103,70610,77393,79011.719,-1618.719,0.000,0,0,0,0,0.00,nan,3,2,256,nan,4,1,24,1,1,6,6,0,0,0,1496676208,0.04712,0.00513,0.95581,0.95698,-0.00585,-0.00081,-0.00087,0.00597,0.95698,0.00503,0.00660,3,12118,0,26013,1.06738,1.03169,0.96657,-999,0,85.836,-999,0,6,4300,195192,0,0,0.000,0.750,3.000,0,0.000,0.750,3.000,0,0,3,3960,0
PPG,4,359431,14378790587,100,70564,77359,78995.195,-1636.195,0.000,0,0,0,0,0.00,nan,3,2,256,nan,4,1,24,1,1,7,7,0,0,0,1496715104,0.04199,0.00537,0.95630,0.95724,-0.00532,0.00079,-0.00141,0.00556,0.96088,0.00377,0.00642,3,12111,0,26013,1.06738,1.03169,0.96657,-999,0,85.836,-999,0,6,2600,195192,0,0,0.000,0.750,3.000,0,0.000,0.750,3.000,0,0,3,3920,0
PPG,4,359432,14378830587,159,70388,77173,78976.977,-1803.977,0.000,0,0,0,0,0.00,nan,3,2,256,nan,4,1,24,1,1,8,8,0,0,0,1496756581,0.04517,0.00586,0.95239,0.95348,-0.00558,-0.00081,-0.00114,0.00576,0.95705,0.00204,0.00662,3,12131,0,26013,1.06738,1.03169,0.96657,-999,0,85.836,-999,0,6,4301,195192,0,0,0.000,0.750,3.000,0,0.000,0.750,3.000,0,0,3,3880,0
PPG,4,359433,14378870587,100,70068,76759,78954.797,-2195.797,0.000,0,0,0,0,0.00,nan,3,2,256,nan,4,1,24,1,1,9,9,0,0,0,1496795707,0.04053,0.00269,0.95020,0.95106,-0.00558,-0.00028,-0.00300,0.00635,0.95574,0.00893,0.00678,3,12157,0,26013,1.06738,1.03169,0.96657,-999,0,85.836,-999,0,6,4360,195192,0,0,0.000,0.750,3.000,0,0.000,0.750,3.000,0,0,3,3840,0
PPG,4,359434,14378910587,99,70200,76893,78934.180,-2041.180,0.000,0,0,0,0,0.00,nan,3,2,256,nan,4,1,24,1,1,10,10,0,0,0,1496834769,0.04346,0.00659,0.94873,0.94975,-0.00638,-0.00028,-0.00194,0.00668,0.95550,0.00575,0.00668,3,12256,0,26013,1.06738,1.03169,0.96657,-999,0,85.836,-999,0,6,2656,195192,0,0,0.000,0.750,3.000,0,0.000,0.750,3.000,0,0,3,3800,0
PPG,4,359435,14378950587,101,70443,77096,78915.797,-1819.797,0.000,0,0,0,0,0.00,nan,3,2,256,nan,4,1,24,1,1,11,11,0,0,0,1496876642,0.04492,0.00439,0.95215,0.95322,-0.00505,-0.00055,-0.00194,0.00544,0.95515,0.00540,0.00641,3,12261,0,26013,1.06738,1.03169,0.96657,-999,0,85.836,-999,0,6,4342,195192,0,0,0.000,0.750,3.000,0,0.000,0.750,3.000,0,0,3,3760,0
PPG,4,359436,14378990587,98,70381,77072,78897.359,-1825.359,0.000,0,0,0,0,0.00,nan,3,2,256,nan,4,1,24,1,1,12,12,0,0,0,1496915861,0.04370,0.00391,0.95581,0.95682,-0.00532,-0.00215,-0.00194,0.00605,0.95682,0.00742,0.00628,3,12251,0,26013,1.06738,1.03169,0.96657,-999,0,85.836,-999,0,6,4328,195192,0,0,0.000,0.750,3.000,0,0.000,0.750,3.000,0,0,3,3720,0
PPG,4,359437,14379030587,101,70894,77661,78884.992,-1223.992,0.000,0,0,0,0,0.00,nan,3,2,256,nan,4,1,24,1,1,13,13,0,0,0,1496967309,0.04248,0.00513,0.94824,0.94921,-0.00558,-0.00188,-0.00087,0.00596,0.95932,0.00899,0.00596,3,24520,0,26014,1.06738,1.03169,0.96657,-999,0,85.836,-999,0,6,14787,195192,0,0,0.000,0.750,3.000,0,0.000,0.750,3.000,0,0,3,3680,0
PPG,4,359438,14379070587,105,71472,78294,78879.086,-585.086,0.000,0,0,0,0,0.00,nan,3,2,256,nan,4,1,24,1,1,14,14,0,0,0,1496991762,0.04126,0.00537,0.95435,0.95525,-0.00558,-0.00135,-0.00141,0.00591,0.95525,0.00374,0.00640,2,12311,0,26014,1.06738,1.03169,0.96657,-999,0,85.836,-999,0,6,2617,195192,0,0,0.000,0.750,3.000,0,0.000,0.750,3.000,0,0,3,3640,0
PPG,4,359439,14379110587,99,71495,78322,78873.516,-551.516,0.000,0,0,0,0,0.00,nan,3,2,256,nan,4,1,24,1,1,15,15,0,0,0,1497036206,0.04028,0.00806,0.95654,0.95742,-0.00638,-0.00268,-0.00194,0.00719,0.95742,0.00158,0.00719,3,12260,0,26014,1.06738,1.03169,0.96657,-999,0,85.836,-999,0,6,4345,195192,0,0,0.000,0.750,3.000,0,0.000,0.750,3.000,0,0,3,3600,0
PPG,4,359440,14379150587,98,71533,78371,78868.492,-497.492,0.000,0,0,0,0,0.00,nan,3,2,256,nan,4,1,24,1,1,16,16,0,0,0,1497075433,0.04077,0.00391,0.94092,0.94181,-0.00612,-0.00268,-0.00087,0.00673,0.95453,0.01176,0.00673,3,12275,0,26014,1.06738,1.03169,0.96657,-999,0,85.836,-999,0,6,4353,195192,0,0,0.000,0.750,3.000,0,0.000,0.750,3.000,0,0,3,3560,0
PPG,4,359441,14379190587,99,71679,78492,78864.727,-372.727,0.000,0,0,0,0,0.00,nan,3,2,256,nan,4,1,24,1,1,17,17,0,0,0,1497114598,0.04517,0.00269,0.95703,0.95810,-0.00638,-0.00108,-0.00247,0.00693,0.95810,0.01430,0.00693,3,12244,0,26014,1.06738,1.03169,0.96657,-999,0,85.836,-999,0,6,2635,195192,0,0,0.000,0.750,3.000,0,0.000,0.750,3.000,0,0,3,3520,0
PPG,4,359442,14379230587,98,71573,78379,78859.867,-480.867,0.000,0,0,0,0,0.00,nan,3,2,256,nan,4,1,24,1,1,18,18,0,0,0,1497156531,0.04517,0.00439,0.95874,0.95981,-0.00585,-0.00188,-0.00221,0.00653,0.96104,0.00591,0.00681,3,12318,0,26014,1.06738,1.03169,0.96657,-999,0,85.836,-999,0,6,4350,195192,0,0,0.000,0.750,3.000,0,0.000,0.750,3.000,0,0,3,3480,0
PPG,4,359443,14379270587,99,71441,78239,78853.656,-614.656,0.000,0,0,0,0,0.00,nan,3,2,256,nan,4,1,24,1,1,19,19,0,0,0,1497195676,0.04004,0.00391,0.94922,0.95007,-0.00585,-0.00161,-0.00087,0.00613,1.00522,0.08705,0.00613,3,12257,0,26014,1.06738,1.03169,0.96657,-999,0,85.836,-999,0,6,4337,195192,0,0,0.000,0.750,3.000,0,0.000,0.750,3.000,0,0,3,3440,0
PPG,4,359444,14379310587,98,71381,78222,78847.336,-625.336,0.000,0,0,0,0,0.00,nan,3,2,256,nan,4,1,24,1,1,20,20,0,0,0,1497234826,0.03906,0.00562,0.95996,0.96077,-0.00585,0.00079,-0.00167,0.00614,0.96077,0.01577,0.00636,3,12244,0,26014,1.06738,1.03169,0.96657,-999,0,85.836,-999,0,6,2626,195192,0,0,0.000,0.750,3.000,0,0.000,0.750,3.000,0,0,3,3400,0
PPG,4,359445,14379350587,99,71473,78348,78842.344,-494.344,0.000,0,0,0,0,0.00,nan,3,2,256,nan,4,1,24,1,1,21,21,0,0,0,1497276592,0.05151,0.00562,0.94116,0.94259,-0.00665,-0.00055,-0.00194,0.00695,0.95969,0.01710,0.00695,3,12219,0,26014,1.06738,1.03169,0.96657,-999,0,85.836,-999,0,6,4327,195192,0,0,0.000,0.750,3.000,0,0.000,0.750,3.000,0,0,3,3360,0
PPG,4,359446,14379390587,491,71722,78637,78840.289,-203.289,0.000,0,0,0,0,0.00,nan,3,2,256,nan,4,1,24,1,1,22,22,0,0,0,1497315750,0.03809,0.00537,0.95190,0.95268,-0.00558,0.00025,-0.00114,0.00571,0.95805,0.01546,0.00611,3,12213,0,26014,1.26299,1.37869,1.09161,76,1,82.710,150,1,6,4332,195192,0,0,0.000,0.750,3.000,0,0.000,0.750,3.000,0,0,3,3320,0
PPG,4,359447,14379430587,149,71823,78768,78839.562,-71.562,0.000,0,0,0,0,0.00,nan,3,2,256,nan,4,1,24,1,1,23,23,0,0,0,1497355356,0.04590,0.00366,0.95264,0.95375,-0.00665,-0.00055,-0.00087,0.00673,0.95739,0.00663,0.00673,3,12272,0,26014,1.26299,1.37869,1.09161,76,1,82.710,150,1,6,2620,195192,0,0,0.000,0.750,3.000,0,0.000,0.750,3.000,0,0,3,3280,0
PPG,4,359448,14379470587,99,71806,78751,78838.680,-87.680,0.000,0,0,0,0,0.00,nan,3,2,256,nan,4,1,24,1,1,24,24,0,0,0,1497397277,0.04102,0.00171,0.95288,0.95376,-0.00532,-0.00028,-0.00114,0.00545,0.95584,0.00331,0.00560,3,12232,0,26014,1.26299,1.37869,1.09161,76,1,82.710,150,1,6,4333,195192,0,0,0.000,0.750,3.000,0,0.000,0.750,3.000,0,0,3,3240,0
PPG,4,359449,14379510587,179,71864,78817,78838.461,-21.461,587.992,0,1,0,0,0.00,nan,3,2,256,nan,4,1,24,1,1,25,25,0,0,0,1497436402,0.04443,0.00317,0.94482,0.94587,-0.00585,0.00052,-0.00114,0.00598,0.95477,0.00603,0.00598,3,12199,0,26014,1.26299,1.37869,1.09161,76,1,82.710,150,1,6,4385,195192,0,0,0.000,0.750,3.000,0,0.000,0.750,3.000,0,0,3,3200,0
PPG,4,359450,14379550587,117,71883,78848,78838.555,9.445,602.242,0,0,0,0,0.00,nan,3,2,256,nan,4,1,24,1,1,26,26,0,0,0,1497475861,0.04248,0.00488,0.94995,0.95091,-0.00558,-0.00188,-0.00247,0.00639,0.95091,0.00385,0.00639,3,12282,0,26014,1.26299,1.37869,1.09161,76,1,82.710,150,1,6,4324,195192,0,0,0.000,0.750,3.000,0,0.000,0.750,3.000,0,0,3,3160,0
PPG,4,359451,14379590587,118,71843,78825,78838.422,-13.422,615.078,0,0,0,0,0.00,nan,3,2,256,nan,4,1,24,1,1,27,27,0,0,0,1497514780,0.04175,0.00464,0.95776,0.95868,-0.00558,-0.00055,-0.00167,0.00586,0.95868,0.00466,0.00718,3,12147,0,26014,1.26299,1.37869,1.09161,76,1,82.710,150,1,6,2599,195192,0,0,0.000,0.750,3.000,0,0.000,0.750,3.000,0,0,3,3120,0
PPG,4,359452,14379630587,117,71773,78734,78837.375,-103.375,592.172,0,0,0,0,0.00,nan,3,2,256,nan,4,1,24,1,1,28,28,0,0,0,1497556282,0.04150,0.00659,0.95337,0.95429,-0.00585,-0.00001,-0.00114,0.00596,0.95429,0.00537,0.00604,3,12147,0,26014,1.26299,1.37869,1.09161,76,1,82.710,150,1,6,4325,195192,0,0,0.000,0.750,3.000,0,0.000,0.750,3.000,0,0,3,3080,0
PPG,4,359453,14379670587,118,71679,78594,78834.938,-240.938,494.281,0,0,0,0,0.00,nan,3,2,256,nan,4,1,24,1,1,29,29,0,0,0,1497595251,0.03931,0.00317,0.95532,0.95614,-0.00638,-0.00108,-0.00194,0.00676,0.96210,0.00694,0.00676,3,12126,0,26014,1.26299,1.37869,1.09161,76,1,82.710,150,1,6,2596,195192,0,0,0.000,0.750,3.000,0,0.000,0.750,3.000,0,0,3,3040,0
PPG,4,359454,14379710587,118,71501,78267,78829.258,-562.258,354.008,0,0,0,0,0.00,nan,3,2,256,nan,4,1,24,1,1,30,30,0,0,0,1497636823,0.03979,0.00293,0.95386,0.95469,-0.00585,-0.00055,-0.00194,0.00619,0.95531,0.00172,0.00619,3,12121,0,26014,1.26299,1.37869,1.09161,76,1,82.710,150,1,6,4297,195192,0,0,0.000,0.750,3.000,0,0.000,0.750,3.000,0,0,3,3000,0
PPG,4,359455,14379750587,119,71333,78029,78821.258,-792.258,204.211,0,0,0,0,0.00,nan,3,2,256,nan,4,1,24,1,1,31,31,0,0,0,1497675782,0.04175,0.00366,0.95142,0.95234,-0.00612,-0.00055,-0.00061,0.00617,0.95697,0.00650,0.00706,3,12113,0,26014,1.26299,1.37869,1.09161,76,1,82.710,150,1,6,4299,195192,0,0,0.000,0.750,3.000,0,0.000,0.750,3.000,0,0,3,2960,0
PPG,4,359456,14379790587,132,71335,78042,78813.469,-771.469,45.000,0,0,0,0,0.00,nan,3,2,256,nan,4,1,24,1,1,0,0,0,0,0,1497714644,0.03882,0.00488,0.95044,0.95124,-0.00558,-0.00081,-0.00141,0.00582,0.95865,0.00631,0.00662,3,12104,0,26014,1.26299,1.37869,1.09161,76,1,82.710,150,1,6,2598,195192,0,0,0.000,0.750,3.000,0,0.000,0.750,3.000,0,0,3,2920,0
PPG,4,359457,14379830587,123,71399,78139,78806.727,-667.727,-80.188,0,0,0,0,0.00,nan,3,2,256,nan,4,1,24,1,1,1,1,0,0,0,1497756118,0.04395,0.00488,0.95825,0.95927,-0.00612,-0.00135,-0.00141,0.00642,0.95927,0.00589,0.00642,3,12113,0,26014,1.26299,1.37869,1.09161,76,1,82.710,150,1,6,4310,195192,0,0,0.000,0.750,3.000,0,0.000,0.750,3.000,0,0,3,2880,0
PPG,4,359458,14379870587,118,71457,78222,78800.883,-578.883,-162.727,0,0,0,0,0.00,nan,3,2,256,nan,4,1,24,1,1,2,2,0,0,0,1497795124,0.04492,0.00757,0.94897,0.95007,-0.00638,-0.00108,-0.00087,0.00653,0.95751,0.00744,0.00653,3,12135,0,26014,1.26299,1.37869,1.09161,76,1,82.710,150,1,6,2597,195192,0,0,0.000,0.750,3.000,0,0.000,0.750,3.000,0,0,3,2840,0
PPG,4,359459,14379910587,119,71461,78261,78795.484,-534.484,-227.250,0,0,0,0,0.00,nan,3,2,256,nan,4,1,24,1,1,3,3,0,0,0,1497836614,0.04248,0.00439,0.95337,0.95433,-0.00505,-0.00055,-0.00141,0.00527,0.96019,0.01013,0.00611,3,12115,0,26014,1.26299,1.37869,1.09161,76,1,82.710,150,1,6,4294,195192,0,0,0.000,0.750,3.000,0,0.000,0.750,3.000,0,0,3,2800,0
PPG,4,359460,14379950587,120,71449,78252,78790.047,-538.047,-270.156,0,0,0,0,0.00,nan,3,2,256,nan,4,1,24,1,1,4,4,0,0,0,1497875649,0.04175,0.00366,0.95361,0.95453,-0.00532,-0.00055,-0.00221,0.00578,0.95882,0.00667,0.00578,3,12252,0,26014,1.26299,1.37869,1.09161,76,1,82.710,150,1,6,2598,195192,0,0,0.000,0.750,3.000,0,0.000,0.750,3.000,0,0,3,2760,0
PPG,4,359461,14379990587,168,71473,78273,78784.875,-511.875,-258.352,0,0,0,0,0.00,nan,3,2,256,nan,4,1,24,1,1,5,5,0,0,0,1497917118,0.04419,0.00781,0.95044,0.95150,-0.00638,0.00025,-0.00167,0.00660,0.95459,0.00309,0.00660,3,12114,0,26014,1.26299,1.37869,1.09161,76,1,82.710,150,1,6,4294,195192,0,0,0.000,0.750,3.000,0,0.000,0.750,3.000,0,0,3,2720,0
PPG,4,359462,14380030587,121,71524,78330,78780.328,-450.328,-212.898,0,0,0,0,0.00,nan,3,2,256,nan,4,1,24,1,1,6,6,0,0,0,1497968093,0.04297,0.00269,0.94971,0.95068,-0.00585,-0.00001,-0.00034,0.00586,0.95326,0.00334,0.00614,3,24143,0,26015,1.26299,1.37869,1.09161,76,1,82.710,150,1,6,14570,195192,0,0,0.000,0.750,3.000,0,0.000,0.750,3.000,0,0,3,2680,0
PPG,4,359463,14380070587,121,71576,78416,78776.688,-360.688,-168.320,0,0,0,0,0.00,nan,3,2,256,nan,4,1,24,1,1,7,7,0,0,0,1497992376,0.04126,0.00513,0.95288,0.95379,-0.00532,-0.00055,-0.00114,0.00547,0.96132,0.01063,0.00615,2,12172,0,26015,1.26299,1.37869,1.09161,76,1,82.710,150,1,6,2586,195192,0,0,0.000,0.750,3.000,0,0.000,0.750,3.000,0,0,3,2640,0
PPG,4,359464,14380110587,118,71619,78479,78773.711,-294.711,-132.602,0,0,0,0,0.00,nan,3,2,256,nan,4,1,24,1,1,8,8,0,0,0,1498036556,0.04565,0.00439,0.95459,0.95569,-0.00585,0.00025,-0.00221,0.00626,0.95569,0.00425,0.00650,3,12120,0,26015,1.26299,1.37869,1.09161,76,1,82.710,150,1,6,4301,195192,0,0,0.000,0.750,3.000,0,0.000,0.750,3.000,0,0,3,2600,0
PPG,4,359465,14380150587,117,71606,78474,78770.711,-296.711,-102.898,0,0,0,0,0.00,nan,3,2,256,nan,4,1,24,1,1,9,9,0,0,0,1498075532,0.04297,0.00415,0.95166,0.95264,-0.00638,-0.00108,-0.00087,0.00653,0.96112,0.00542,0.00663,3,12188,0,26015,1.26299,1.37869,1.09161,76,1,82.710,150,1,6,2595,195192,0,0,0.000,0.750,3.000,0,0.000,0.750,3.000,0,0,3,2560,0
PPG,4,359466,14380190587,117,71632,78518,78768.188,-250.188,-60.242,0,0,0,0,0.00,nan,3,2,256,nan,4,1,24,1,1,10,10,0,0,0,1498116980,0.04517,0.00439,0.95410,0.95518,-0.00585,-0.00055,-0.00114,0.00599,0.95710,0.00360,0.00669,3,12109,0,26015,1.26299,1.37869,1.09161,76,1,82.710,150,1,6,4296,195192,0,0,0.000,0.750,3.000,0,0.000,0.750,3.000,0,0,3,2520,0
PPG,4,359467,14380230587,120,71659,78569,78766.195,-197.195,-5.000,0,0,0,0,0.00,nan,3,2,256,nan,4,1,24,1,1,11,11,0,0,0,1498155965,0.04443,0.00293,0.95679,0.95782,-0.00612,-0.00001,-0.00141,0.00628,0.95782,0.00544,0.00732,3,12119,0,26015,1.26299,1.37869,1.09161,76,1,82.710,150,1,6,4308,195192,0,0,0.000,0.750,3.000,0,0.000,0.750,3.000,0,0,3,2480,0
PPG,4,359468,14380270587,118,71646,78567,78764.203,-197.203,46.203,0,0,0,0,0.00,nan,3,2,256,nan,4,1,24,1,1,12,12,0,0,0,1498194872,0.04346,0.00659,0.95313,0.95414,-0.00612,0.00105,-0.00061,0.00624,0.95759,0.00223,0.00641,3,12117,0,26015,1.26299,1.37869,1.09161,76,1,82.710,150,1,6,2603,195192,0,0,0.000,0.750,3.000,0,0.000,0.750,3.000,0,0,3,2440,0
PPG,4,359469,14380310587,118,71687,78623,78762.789,-139.789,97.758,0,0,0,0,0.00,nan,3,2,256,nan,4,1,24,1,1,13,13,0,0,0,1498236357,0.04126,0.00513,0.95776,0.95867,-0.00532,0.00025,-0.00114,0.00544,0.95867,0.00587,0.00594,3,12123,0,26015,1.26299,1.37869,1.09161,76,1,82.710,150,1,6,4296,195192,0,0,0.000,0.750,3.000,0,0.000,0.750,3.000,0,0,3,2400,0
PPG,4,359470,14380350587,118,71741,78691,78762.070,-71.070,144.891,0,0,0,0,0.00,nan,3,2,256,nan,4,1,24,1,1,14,14,0,0,0,1498275291,0.04077,0.00122,0.95288,0.95375,-0.00692,-0.00081,-0.00141,0.00710,0.95438,0.00429,0.00710,3,12167,0,26015,1.26299,1.37869,1.09161,76,1,82.710,150,1,6,2611,195192,0,0,0.000,0.750,3.000,0,0.000,0.750,3.000,0,0,3,2360,0
PPG,4,359471,14380390587,515,71749,78704,78761.492,-57.492,183.086,0,0,0,0,0.00,nan,3,2,256,nan,4,1,24,1,1,15,15,0,0,0,1498316819,0.04370,0.00391,0.94922,0.95023,-0.00532,-0.00081,-0.00061,0.00541,0.95624,0.00557,0.00582,3,12124,0,26015,1.09027,1.17716,1.07969,82,1,83.008,150,1,6,4299,195192,0,0,0.000,0.750,3.000,0,0.000,0.750,3.000,0,0,3,2320,0
PPG,4,359472,14380430587,166,71747,78716,78761.039,-45.039,218.562,0,0,0,0,0.00,nan,3,2,256,nan,4,1,24,1,1,16,16,0,0,0,1498356149,0.04077,0.00537,0.95068,0.95157,-0.00612,-0.00108,-0.00114,0.00632,0.96146,0.01123,0.00632,3,12116,0,26015,1.09027,1.17716,1.07969,82,1,83.008,150,1,6,4299,195192,0,0,0.000,0.750,3.000,0,0.000,0.750,3.000,0,0,3,2280,0
PPG,4,359473,14380470587,121,71711,78657,78760.000,-103.000,235.258,0,0,0,0,0.00,nan,3,2,256,nan,4,1,24,1,1,17,17,0,0,0,1498395222,0.04517,0.00488,0.95483,0.95591,-0.00638,-0.00055,-0.00167,0.00662,0.95591,0.00215,0.00665,3,12135,0,26015,1.09027,1.17716,1.07969,82,1,83.008,150,1,6,2599,195192,0,0,0.000,0.750,3.000,0,0.000,0.750,3.000,0,0,3,2240,0
PPG,4,359474,14380510587,119,71679,78505,78757.453,-252.453,214.219,0,0,0,0,0.00,nan,3,2,256,nan,4,1,24,1,1,18,18,0,0,0,1498436743,0.04248,0.00708,0.95361,0.95459,-0.00612,-0.00081,-0.00194,0.00647,0.95594,0.00215,0.00708,3,12129,0,26015,1.09027,1.17716,1.07969,82,1,83.008,150,1,6,4295,195192,0,0,0.000,0.750,3.000,0,0.000,0.750,3.000,0,0,3,2200,0
PPG,4,359475,14380550587,118,71640,78425,78754.125,-329.125,174.141,0,0,0,0,0.00,nan,3,2,256,nan,4,1,24,1,1,19,19,0,0,0,1498475651,0.04761,0.00293,0.94971,0.95090,-0.00638,-0.00108,-0.00167,0.00669,0.95385,0.00295,0.00669,3,12128,0,26015,1.09027,1.17716,1.07969,82,1,83.008,150,1,6,2600,195192,0,0,0.000,0.750,3.000,0,0.000,0.750,3.000,0,0,3,2160,0
PPG,4,359476,14380590587,143,71596,78386,78750.445,-364.445,123.078,0,0,0,0,0.00,nan,3,2,256,nan,4,1,24,1,1,20,20,0,0,0,1498517176,0.04199,0.00220,0.95776,0.95869,-0.00692,-0.00001,-0.00167,0.00712,0.95869,0.00682,0.00712,3,12123,0,26015,1.09027,1.17716,1.07969,82,1,83.008,150,1,6,4298,195192,0,0,0.000,0.750,3.000,0,0.000,0.750,3.000,0,0,3,2120,0
PPG,4,359477,14380630587,119,71562,78367,78746.609,-379.609,65.391,0,0,0,0,0.00,nan,3,2,256,nan,4,1,24,1,1,21,21,0,0,0,1498556068,0.04565,0.00439,0.95313,0.95423,-0.00585,0.00052,-0.00247,0.00637,0.95879,0.00228,0.00637,3,12109,0,26015,1.09027,1.17716,1.07969,82,1,83.008,150,1,6,4301,195192,0,0,0.000,0.750,3.000,0,0.000,0.750,3.000,0,0,3,2080,0
PPG,4,359478,14380670587,119,71537,78380,78742.945,-362.945,11.211,0,0,0,0,0.00,nan,3,2,256,nan,4,1,24,1,1,22,22,0,0,0,1498595190,0.04321,0.00122,0.95654,0.95752,-0.00505,-0.00135,-0.00087,0.00530,0.95752,0.00715,0.00564,3,12333,0,26015,1.09027,1.17716,1.07969,82,1,83.008,150,1,6,2627,195192,0,0,0.000,0.750,3.000,0,0.000,0.750,3.000,0,0,3,2040,0
PPG,4,359479,14380710587,191,71529,78406,78739.578,-333.578,-40.328,0,0,0,0,0.00,nan,3,2,256,nan,4,1,24,1,1,23,23,0,0,0,1498636838,0.04004,0.00830,0.95386,0.95473,-0.00505,-0.00055,-0.00087,0.00516,0.95734,0.00972,0.00592,3,12120,0,26015,1.09027,1.17716,1.07969,82,1,83.008,150,1,6,4295,195192,0,0,0.000,0.750,3.000,0,0.000,0.750,3.000,0,0,3,2000,0
PPG,4,359480,14380750587,119,71525,78392,78736.102,-344.102,-85.188,0,0,0,0,0.00,nan,3,2,256,nan,4,1,24,1,1,24,24,0,0,0,1498675876,0.04199,0.00122,0.95117,0.95210,-0.00532,-0.00028,-0.00087,0.00540,0.95895,0.00422,0.00594,3,12109,0,26015,1.09027,1.17716,1.07969,82,1,83.008,150,1,6,2618,195192,0,0,0.000,0.750,3.000,0,0.000,0.750,3.000,0,0,3,1960,0
PPG,4,359481,14380790587,120,71466,78347,78732.211,-385.211,-111.461,0,0,0,0,0.00,nan,3,2,256,nan,4,1,24,1,1,25,25,0,0,0,1498717578,0.04395,0.00146,0.95288,0.95389,-0.00692,-0.00081,-0.00194,0.00723,0.95816,0.00606,0.00723,3,12245,0,26015,1.09027,1.17716,1.07969,82,1,83.008,150,1,6,4309,195192,0,0,0.000,0.750,3.000,0,0.000,0.750,3.000,0,0,3,1920,0
PPG,4,359482,14380830587,118,71404,78289,78727.781,-438.781,-128.836,0,0,0,0,0.00,nan,3,2,256,nan,4,1,24,1,1,26,26,0,0,0,1498756574,0.04175,0.00366,0.95190,0.95283,-0.00665,-0.00001,-0.00114,0.00675,0.95515,0.00178,0.00675,3,12214,0,26015,1.09027,1.17716,1.07969,82,1,83.008,150,1,6,4305,195192,0,0,0.000,0.750,3.000,0,0.000,0.750,3.000,0,0,3,1880,0
PPG,4,359483,14380870587,118,71344,78248,78722.984,-474.984,-140.148,0,0,0,0,0.00,nan,3,2,256,nan,4,1,24,1,1,27,27,0,0,0,1498795809,0.04199,0.00757,0.94824,0.94920,-0.00612,-0.00081,-0.00221,0.00655,0.95549,0.00628,0.00756,3,12356,0,26015,1.09027,1.17716,1.07969,82,1,83.008,150,1,6,2636,195192,0,0,0.000,0.750,3.000,0,0.000,0.750,3.000,0,0,3,1840,0
PPG,4,359484,14380910587,119,71308,78229,78718.047,-489.047,-147.359,0,0,0,0,0.00,nan,3,2,256,nan,4,1,24,1,1,28,28,0,0,0,1498837728,0.04248,0.00488,0.94287,0.94384,-0.00532,-0.00081,-0.00141,0.00556,0.95632,0.01065,0.00592,3,12285,0,26015,1.09027,1.17716,1.07969,82,1,83.008,150,1,6,4333,195192,0,0,0.000,0.750,3.000,0,0.000,0.750,3.000,0,0,3,1800,0
PPG,4,359485,14380950587,137,71314,78255,78713.414,-458.414,-154.273,0,0,0,0,0.00,nan,3,2,256,nan,4,1,24,1,1,29,29,0,0,0,1498876933,0.05444,0.00806,0.94214,0.94374,-0.00558,0.00025,-0.00167,0.00583,0.95836,0.01452,0.00665,3,12213,0,26015,1.09027,1.17716,1.07969,82,1,83.008,150,1,6,4345,195192,0,0,0.000,0.750,3.000,0,0.000,0.750,3.000,0,0,3,1760,0
PPG,4,359486,14380990587,134,71244,78204,78708.320,-504.320,-167.430,0,0,0,0,0.00,nan,3,2,256,nan,4,1,24,1,1,30,30,0,0,0,1498916242,0.04028,0.00586,0.94531,0.94619,-0.00558,-0.00081,-0.00034,0.00565,0.95385,0.01011,0.00693,3,12259,0,26015,1.09027,1.17716,1.07969,82,1,83.008,150,1,6,4342,195192,0,0,0.000,0.750,3.000,0,0.000,0.750,3.000,0,0,3,1720,0
PPG,4,359487,14381030587,123,71253,78223,78703.469,-480.469,-174.273,0,0,0,0,0.00,nan,3,2,256,nan,4,1,24,1,1,31,31,0,0,0,1498971914,0.04370,0.00073,0.95801,0.95900,-0.00585,0.00025,-0.00114,0.00597,0.96037,0.01418,0.00632,4,16358,0,26015,1.09027,1.17716,1.07969,82,1,83.008,150,1,6,16296,195192,0,0,0.000,0.750,3.000,0,0.000,0.750,3.000,0,0,3,1680,0
PPG,4,359488,14381070587,119,71268,78260,78699.031,-439.031,-171.352,0,0,0,0,0.00,nan,3,2,256,nan,4,1,24,1,1,0,0,0,0,0,1498996424,0.04175,0.00439,0.95630,0.95722,-0.00638,-0.00055,-0.00087,0.00647,0.95722,0.00376,0.00647,2,12364,0,26015,1.09027,1.17716,1.07969,82,1,83.008,150,1,6,4357,195192,0,0,0.000,0.750,3.000,0,0.000,0.750,3.000,0,0,3,1640,0
PPG,4,359489,14381110587,124,71205,78208,78694.117,-486.117,-162.172,0,0,0,0,0.00,nan,3,2,256,nan,4,1,24,1,1,1,1,0,0,0,1499035674,0.04614,0.00220,0.95020,0.95132,-0.00479,0.00265,-0.00221,0.00590,0.96019,0.00679,0.00598,3,12252,0,26015,1.09027,1.17716,1.07969,82,1,83.008,150,1,6,2620,195192,0,0,0.000,0.750,3.000,0,0.000,0.750,3.000,0,0,3,1600,0
PPG,4,359490,14381150587,119,71331,78341,78690.586,-349.586,-131.391,0,0,0,0,0.00,nan,3,2,256,nan,4,1,24,1,1,2,2,0,0,0,1499077571,0.03882,0.00513,0.95557,0.95637,-0.00505,0.00212,-0.00034,0.00549,0.95637,0.00620,0.00576,3,12261,0,26015,1.09027,1.17716,1.07969,82,1,83.008,150,1,6,4342,195192,0,0,0.000,0.750,3.000,0,0.000,0.750,3.000,0,0,3,1560,0
PPG,4,359491,14381190587,121,71384,78427,78687.953,-260.953,-89.250,0,0,0,0,0.00,nan,3,2,256,nan,4,1,24,1,1,3,3,0,0,0,1499116861,0.04248,0.00513,0.95044,0.95140,-0.00585,-0.00081,-0.00194,0.00622,0.96034,0.00894,0.00622,3,12245,0,26015,1.09027,1.17716,1.07969,82,1,83.008,150,1,6,4312,195192,0,0,0.000,0.750,3.000,0,0.000,0.750,3.000,0,0,3,1520,0
PPG,4,359492,14381230587,118,71525,78577,78686.844,-109.844,-36.297,0,0,0,0,0.00,nan,3,2,256,nan,4,1,24,1,1,4,4,0,0,0,1499156053,0.04370,0.00464,0.94873,0.94975,-0.00692,0.00079,-0.00061,0.00699,0.95667,0.00692,0.00714,3,12261,0,26015,1.09027,1.17716,1.07969,82,1,83.008,150,1,6,2631,195192,0,0,0.000,0.750,3.000,0,0.000,0.750,3.000,0,0,3,1480,0
PPG,4,359493,14381270587,126,71677,78756,78687.539,68.461,37.609,0,0,0,0,0.00,nan,3,2,256,nan,4,1,24,1,1,5,5,0,0,0,1499197938,0.04126,0.00317,0.95093,0.95183,-0.00665,0.00212,-0.00114,0.00707,0.95245,0.00271,0.00707,3,12285,0,26015,1.09027,1.17716,1.07969,82,1,83.008,150,1,6,4364,195192,0,0,0.000,0.750,3.000,0,0.000,0.750,3.000,0,0,3,1440,0
PPG,4,359494,14381310587,127,71342,78339,78684.055,-345.055,62.477,0,0,0,0,0.00,nan,3,2,256,nan,4,1,24,1,1,6,6,0,0,0,1499237143,0.04346,0.00317,0.95459,0.95558,-0.00585,-0.00001,-0.00247,0.00635,0.95558,0.00570,0.00740,3,12242,0,26015,1.09027,1.17716,1.07969,82,1,83.008,150,1,6,4325,195192,0,0,0.000,0.750,3.000,0,0.000,0.750,3.000,0,0,3,1400,0
PPG,4,359495,14381350587,135,70521,77207,78669.281,-1462.281,-27.047,0,0,0,0,0.00,nan,3,2,256,nan,4,1,24,1,1,7,7,0,0,0,1499276292,0.04102,0.00464,0.95410,0.95499,-0.00665,0.00052,-0.00194,0.00695,0.96052,0.00493,0.00744,3,12237,0,26015,1.09027,1.17716,1.07969,82,1,83.008,150,1,6,4338,195192,0,0,0.000,40.817,11.933,0,0.000,0.750,3.000,0,0,3,1360,0
PPG,4,359496,14381390587,510,69951,76396,78646.547,-2250.547,-186.406,0,0,0,0,0.00,nan,3,2,256,nan,4,1,24,1,1,8,8,0,0,0,1499315561,0.04297,0.00562,0.95459,0.95557,-0.00558,0.00025,-0.00194,0.00592,0.95557,0.00517,0.00685,3,12227,0,26015,0.82909,0.78276,0.94413,85,1,86.397,115,1,6,2633,195192,0,0,0.000,40.817,11.933,0,0.000,0.750,3.000,0,0,3,1320,0
PPG,4,359497,14381430587,170,69318,75464,78614.719,-3150.719,-452.258,0,0,0,0,0.00,nan,3,2,256,nan,4,1,24,1,1,9,9,0,0,0,1499357803,0.03882,0.00098,0.95361,0.95440,-0.00505,0.00105,-0.00087,0.00523,0.95528,0.00137,0.00687,3,12220,0,26015,0.82909,0.78276,0.94413,85,1,86.397,115,1,6,4335,195192,0,0,0.000,40.817,11.933,0,0.000,0.750,3.000,0,0,3,1280,0
PPG,4,359498,14381470587,200,68860,74792,78576.492,-3784.492,-792.141,0,0,0,0,0.00,nan,3,2,256,nan,4,1,24,1,1,10,10,0,0,0,1499397121,0.04565,0.00488,0.95361,0.95472,-0.00532,-0.00081,-0.00221,0.00581,0.96049,0.00672,0.00614,3,12313,0,26015,0.82909,0.78276,0.94413,85,1,86.397,115,1,6,4309,195192,0,0,0.000,40.817,11.933,0,0.000,0.750,3.000,0,0,3,1240,0
PPG,4,359499,14381510587,124,68660,74508,78535.805,-4027.805,-1178.531,0,0,0,0,0.00,nan,3,2,256,nan,4,1,24,1,1,11,11,0,0,0,1499436320,0.04468,0.00073,0.94751,0.94856,-0.00505,-0.00028,-0.00167,0.00533,0.95210,0.00262,0.00601,3,12272,0,26015,0.82909,0.78276,0.94413,85,1,86.397,115,1,6,4301,195192,0,0,0.000,40.817,11.933,0,0.000,0.750,3.000,0,0,3,1200,0
PPG,4,359500,14381550587,122,68500,74388,78494.328,-4106.328,-1602.328,0,0,0,0,0.00,nan,3,2,256,nan,4,1,24,1,1,12,12,0,0,0,1499475280,0.04272,0.00537,0.95703,0.95800,-0.00638,0.00158,-0.00167,0.00679,0.95800,0.00905,0.00679,3,12117,0,26015,0.82909,0.78276,0.94413,85,1,86.397,115,1,6,2616,195192,0,0,0.000,40.817,11.933,0,0.000,0.750,3.000,0,0,3,1160,0
PPG,4,359501,14381590587,125,67942,73764,78447.023,-4683.023,-2026.750,0,0,0,0,0.00,nan,3,2,256,nan,4,1,24,1,1,13,13,0,0,0,1499516874,0.04126,0.00391,0.95313,0.95403,-0.00612,-0.00028,-0.00114,0.00623,0.95403,0.00529,0.00627,3,12198,0,26015,0.82909,0.78276,0.94413,85,1,86.397,115,1,6,4303,195192,0,0,0.000,40.817,11.933,0,0.000,0.750,3.000,0,0,3,1120,0
PPG,4,359502,14381630587,122,67509,73283,78395.383,-5112.383,-2337.023,0,0,0,0,0.00,nan,3,2,256,nan,4,1,24,1,1,14,14,0,0,0,1499555768,0.04419,0.00391,0.95776,0.95879,-0.00558,-0.00081,-0.00114,0.00576,0.95879,0.00470,0.00670,3,12113,0,26015,0.82909,0.78276,0.94413,85,1,86.397,115,1,6,2606,195192,0,0,0.000,40.817,11.933,0,0.000,0.750,3.000,0,0,3,1080,0
PPG,4,359503,14381670587,124,67204,72974,78341.172,-5367.172,-2562.180,0,0,0,0,0.00,nan,3,2,256,nan,4,1,24,1,1,15,15,0,0,0,1499597251,0.04224,0.00391,0.95410,0.95504,-0.00612,-0.00108,-0.00114,0.00632,0.95504,0.00828,0.00737,3,12111,0,26015,0.82909,0.78276,0.94413,85,1,86.397,115,1,6,4297,195192,0,0,0.000,40.817,11.933,0,0.000,0.750,3.000,0,0,3,1040,0
PPG,4,359504,14381710587,122,66995,72831,78286.070,-5455.070,-2668.422,0,0,0,0,0.00,nan,3,2,256,nan,4,1,24,1,1,16,16,0,0,0,1499636181,0.03931,0.00293,0.95703,0.95784,-0.00585,-0.00001,-0.00061,0.00588,0.95784,0.00874,0.00636,3,12116,0,26015,0.82909,0.78276,0.94413,85,1,86.397,115,1,6,2598,195192,0,0,0.000,40.817,11.933,0,0.000,0.750,3.000,0,0,3,1000,0
PPG,4,359505,14381750587,125,66814,72708,78230.289,-5522.289,-2688.789,0,0,0,0,0.00,nan,3,2,256,nan,4,1,24,1,1,17,17,0,0,0,1499677704,0.04419,0.00488,0.95288,0.95392,-0.00612,-0.00321,-0.00247,0.00734,0.95623,0.00443,0.00734,3,12121,0,26015,0.82909,0.78276,0.94413,85,1,86.397,115,1,6,4300,195192,0,0,0.000,40.817,11.933,0,0.000,0.750,3.000,0,0,3,960,0
PPG,4,359506,14381790587,122,67036,73119,78179.180,-5060.180,-2632.961,0,0,0,0,0.00,nan,3,2,256,nan,4,1,24,1,1,18,18,0,0,0,1499716649,0.04077,0.00537,0.95850,0.95938,-0.00532,-0.00161,-0.00034,0.00557,0.95938,0.03898,0.01010,3,12141,0,26015,0.82909,0.78276,0.94413,85,1,86.397,115,1,6,4300,195192,0,0,0.000,40.817,11.933,0,0.000,0.750,3.000,0,0,3,920,0
PPG,4,359507,14381830587,127,67416,73684,78134.227,-4450.227,-2506.586,0,0,0,0,0.00,nan,3,2,256,nan,4,1,24,1,1,19,19,0,0,0,1499755558,0.03760,0.00317,0.95288,0.95363,-0.00612,-0.00081,-0.00114,0.00628,0.95363,0.00754,0.00628,3,12122,0,26015,0.82909,0.78276,0.94413,85,1,86.397,115,1,6,2599,195192,0,0,0.000,40.817,11.933,0,0.000,0.750,3.000,0,0,3,880,0
PPG,4,359508,14381870587,122,67853,74295,78095.836,-3800.836,-2232.477,0,0,0,0,0.00,nan,3,2,256,nan,4,1,24,1,1,20,20,0,0,0,1499797065,0.04297,0.00391,0.95337,0.95434,-0.00665,0.00025,-0.00221,0.00701,0.95434,0.00439,0.00701,3,12127,0,26015,0.82909,0.78276,0.94413,85,1,86.397,115,1,6,4311,195192,0,0,0.000,40.817,11.933,0,0.000,0.750,3.000,0,0,3,840,0
PPG,4,359509,14381910587,134,68227,74775,78062.625,-3287.625,-1847.688,0,0,0,0,0.00,nan,3,2,256,nan,4,1,24,1,1,21,22,1,0,0,1499877317,0.04199,0.00586,0.95508,0.95602,-0.00585,-0.00081,-0.00167,0.00614,0.95602,0.00356,0.00706,2,65633,0,26020,0.82909,0.78276,0.94413,85,1,86.397,115,1,6,65667,195192,0,0,0.000,40.817,11.933,0,0.000,0.750,3.000,0,0,3,800,0
PPG,4,359510,14381950587,122,68480,75104,78033.039,-2929.039,-1381.547,0,0,0,0,0.00,nan,3,2,256,nan,4,1,24,1,1,22,22,0,0,0,1499889505,0.04443,0.00610,0.94824,0.94930,-0.00558,-0.00108,-0.00167,0.00593,0.94930,0.00672,0.00593,1,12188,0,26020,0.82909,0.78276,0.94413,85,1,86.397,115,1,6,12107,195192,0,0,0.000,40.817,11.933,0,0.000,0.750,3.000,0,0,3,760,0
PPG,4,359511,14381990587,123,68723,75398,78006.688,-2608.688,-863.391,0,0,0,0,0.00,nan,3,2,256,nan,4,1,24,1,1,23,23,0,0,0,1499913775,0.04321,0.00391,0.95581,0.95679,-0.00558,-0.00028,-0.00167,0.00584,0.95679,0.00592,0.00635,2,12205,0,26020,0.82909,0.78276,0.94413,85,1,86.397,115,1,6,2616,195192,0,0,0.000,40.817,11.933,0,0.000,0.750,3.000,0,0,3,720,0
PPG,4,359512,14382030587,126,69157,75909,77985.711,-2076.711,-272.703,0,0,0,0,0.00,nan,3,2,256,nan,4,1,24,1,1,24,24,0,0,0,1499974266,0.04077,0.00342,0.94995,0.95083,-0.00692,-0.00268,-0.00141,0.00755,0.95083,0.01004,0.00755,4,18852,0,26020,0.82909,0.78276,0.94413,85,1,86.397,115,1,6,14484,195192,0,0,0.000,40.817,11.933,0,0.000,0.750,3.000,0,0,3,680,0
PPG,4,359513,14382070587,124,69537,76379,77969.641,-1590.641,311.859,0,0,0,0,0.00,nan,3,2,256,nan,4,1,24,1,1,25,25,0,0,0,1499998572,0.04346,0.00293,0.95239,0.95339,-0.00585,-0.00215,-0.00114,0.00634,0.95802,0.00719,0.00654,2,12184,0,26020,0.82909,0.78276,0.94413,85,1,86.397,115,1,6,4305,195192,0,0,0.000,40.817,11.933,0,0.000,0.750,3.000,0,0,3,640,0
PPG,4,359514,14382110587,122,69936,76818,77958.125,-1140.125,835.633,0,0,0,0,0.00,nan,3,2,256,nan,4,1,24,1,1,26,26,0,0,0,1500037602,0.04443,0.00684,0.95215,0.95321,-0.00479,-0.00081,-0.00300,0.00571,0.95429,0.00470,0.00773,3,12122,0,26020,0.82909,0.78276,0.94413,85,1,86.397,115,1,6,4302,195192,0,0,0.000,40.817,11.933,0,0.000,0.750,3.000,0,0,3,600,0
PPG,4,359515,14382150587,122,69995,76856,77947.102,-1091.102,1219.039,0,0,0,0,0.00,nan,3,2,256,nan,4,1,24,1,1,27,27,0,0,0,1500076513,0.04321,0.00195,0.95337,0.95435,-0.00479,-0.00001,-0.00167,0.00507,0.95435,0.00485,0.00635,3,12115,0,26020,0.82909,0.78276,0.94413,85,1,86.397,115,1,6,4298,195192,0,0,0.000,40.817,11.933,0,0.000,0.750,3.000,0,0,3,560,0
PPG,4,359516,14382190587,122,69675,76423,77931.859,-1508.859,1453.109,0,0,0,0,0.00,nan,3,2,256,nan,4,1,24,1,1,28,28,0,0,0,1500115453,0.04321,0.00317,0.94287,0.94387,-0.00532,-0.00055,-0.00114,0.00547,0.95639,0.00832,0.00594,3,12154,0,26020,0.82909,0.78276,0.94413,85,1,86.397,115,1,6,2627,195192,0,0,0.000,40.817,11.933,0,0.000,0.750,3.000,0,0,3,520,0
PPG,4,359517,14382230587,122,69630,76291,77915.453,-1624.453,1581.336,0,0,0,0,0.00,nan,3,2,256,nan,4,1,24,1,1,29,29,0,0,0,1500157001,0.04541,0.00366,0.95020,0.95129,-0.00585,0.00052,-0.00221,0.00627,0.96656,0.02269,0.00742,3,12128,0,26020,0.82909,0.78276,0.94413,85,1,86.397,115,1,6,4301,195192,0,0,0.000,40.817,11.933,0,0.000,0.750,3.000,0,0,3,480,0
PPG,4,359518,14382270587,122,69810,76465,77900.945,-1435.945,1650.109,0,0,0,0,0.00,nan,3,2,256,nan,4,1,24,1,1,30,30,0,0,0,1500195902,0.04370,0.00098,0.94971,0.95071,-0.00665,-0.00108,-0.00087,0.00679,0.95126,0.00673,0.00679,3,12127,0,26020,0.82909,0.78276,0.94413,85,1,86.397,115,1,6,2595,195192,0,0,0.000,40.817,11.933,0,0.000,0.750,3.000,0,0,3,440,0
PPG,4,359519,14382310587,136,69654,76279,77884.727,-1605.727,1614.422,0,0,0,0,0.00,nan,3,2,256,nan,4,1,24,1,1,31,31,0,0,0,1500237487,0.04590,0.00684,0.95337,0.95450,-0.00585,-0.00001,-0.00034,0.00586,0.95508,0.00437,0.00651,3,12121,0,26020,0.82909,0.78276,0.94413,85,1,86.397,115,1,6,4305,195192,0,0,0.000,40.817,11.933,0,0.000,255.666,2.598,0,0,3,400,0
PPG,4,359520,14382350587,126,69617,76217,77868.047,-1651.047,1499.828,0,0,0,0,0.00,nan,3,2,256,nan,4,1,24,1,1,0,0,0,0,0,1500276422,0.04126,0.00195,0.95483,0.95573,-0.00585,-0.00108,-0.00141,0.00611,0.95573,0.00559,0.00622,3,12123,0,26020,0.82909,0.78276,0.94413,85,1,86.397,115,1,6,2601,195192,0,0,0.000,40.817,11.933,0,0.000,255.666,2.598,0,0,3,360,0
PPG,4,359521,14382390587,554,69546,75993,77849.297,-1856.297,1270.523,0,0,0,0,0.00,nan,3,2,256,nan,4,1,24,1,1,1,1,0,0,0,1500317973,0.04102,0.01001,0.95361,0.95455,-0.00585,-0.00508,-0.00141,0.00787,0.95475,0.00280,0.00787,3,12134,0,26020,2.06750,1.87832,0.90850,85,1,87.288,35,1,6,4342,195192,0,0,0.000,40.817,11.933,0,0.000,255.666,2.598,0,0,3,320,0
PPG,4,359522,14382430587,164,69728,76134,77832.141,-1698.141,1024.828,0,0,0,0,0.00,nan,3,2,256,nan,4,1,24,1,1,2,2,0,0,0,1500357550,0.03906,0.00610,0.95313,0.95394,-0.00505,-0.00028,-0.00221,0.00552,0.95925,0.00976,0.00729,3,12120,0,26020,2.06750,1.87832,0.90850,85,1,87.288,35,1,6,4298,195192,0,0,0.000,40.817,11.933,0,0.000,255.666,2.598,0,0,3,280,0
PPG,4,359523,14382470587,120,70340,76917,77822.992,-905.992,898.250,0,0,0,0,0.00,nan,3,2,256,nan,4,1,24,1,1,3,3,0,0,0,1500396512,0.04443,0.00586,0.94873,0.94979,-0.00558,-0.00001,-0.00274,0.00622,0.95772,0.00793,0.00712,3,12114,0,26020,2.06750,1.87832,0.90850,85,1,87.288,35,1,6,4299,195192,0,0,0.000,40.817,11.933,0,0.000,255.666,2.598,0,0,3,240,0
PPG,4,359524,14382510587,120,69838,76688,77811.641,-1123.641,762.109,0,0,0,0,0.00,nan,3,2,256,nan,4,1,24,1,1,4,4,0,0,0,1500435471,0.03906,0.00610,0.95557,0.95638,-0.00638,-0.00321,-0.00087,0.00720,0.96348,0.01370,0.00720,3,12150,0,26020,2.06750,1.87832,0.90850,85,1,87.288,35,1,6,2609,195192,0,0,0.000,40.817,11.933,0,0.000,255.666,2.598,0,0,3,200,0
PPG,4,359525,14382550587,123,69320,76226,77795.781,-1569.781,552.070,0,0,0,0,0.00,nan,3,2,256,nan,4,1,24,1,1,5,5,0,0,0,1500477002,0.04321,0.00415,0.95850,0.95948,-0.00692,-0.00241,-0.00114,0.00741,0.95948,0.00227,0.00741,3,12120,0,26020,2.06750,1.87832,0.90850,85,1,87.288,35,1,6,4301,195192,0,0,0.000,40.817,11.933,0,0.000,255.666,2.598,0,0,3,160,0
PPG,4,359526,14382590587,120,69521,76809,77785.914,-976.914,443.289,0,0,0,0,0.00,nan,3,2,256,nan,4,1,24,1,1,6,6,0,0,0,1500515918,0.03955,0.00488,0.95435,0.95518,-0.00638,0.00052,-0.00141,0.00656,0.95518,0.00929,0.00801,3,12128,0,26020,2.06750,1.87832,0.90850,85,1,87.288,35,1,6,2597,195192,0,0,0.000,40.817,11.933,0,0.000,255.666,2.598,0,0,3,120,0
PPG,4,359527,14382630587,121,69806,77311,77781.164,-470.164,418.219,0,0,0,0,0.00,nan,3,2,256,nan,4,1,24,1,1,7,7,0,0,0,1500557849,0.04443,0.00342,0.94629,0.94734,-0.00638,-0.00081,-0.00194,0.00672,0.95710,0.00776,0.00672,3,12264,0,26020,2.06750,1.87832,0.90850,85,1,87.288,35,1,6,4299,195192,0,0,3329.672,40.817,11.933,1,0.000,255.666,2.598,0,0,3,80,0
PPG,4,359528,14382670587,121,70173,77851,77781.859,69.141,505.852,0,0,0,0,0.00,nan,3,2,256,nan,4,1,24,1,1,8,8,0,0,0,1500596781,0.04443,0.00830,0.94946,0.95054,-0.00585,-0.00108,-0.00247,0.00644,0.95831,0.01097,0.00746,3,12108,0,26020,2.06750,1.87832,0.90850,85,1,87.288,35,1,6,4300,195192,0,0,0.000,40.817,11.933,0,0.000,255.666,2.598,0,0,3,40,0
PPG,4,359529,14382710587,127,70671,78562,77789.664,772.336,663.359,0,0,0,0,0.00,nan,1,2,1024,nan,4,1,24,1,1,9,9,0,0,0,1500635722,0.04199,-0.00122,0.95459,0.95551,-0.00638,-0.00108,-0.00141,0.00663,0.95551,0.00478,0.00718,3,12147,0,26020,2.06750,1.87832,0.90850,85,1,87.288,35,1,6,2605,195192,0,0,0.000,40.817,11.933,0,0.000,255.666,2.598,0,0,0,0,0
PPG,4,359530,14382750587,93,71032,79030,77802.070,1227.930,0.000,0,0,0,0,0.00,nan,1,2,1024,nan,4,1,24,1,1,10,10,0,0,0,1500677404,0.03833,0.00562,0.95605,0.95684,-0.00558,-0.00161,-0.00114,0.00592,0.95684,0.00374,0.00592,3,12118,0,26020,2.06750,1.87832,0.90850,85,1,87.288,35,1,6,4303,195192,0,0,0.000,0.750,3.000,0,0.000,0.750,3.000,0,0,0,0,0
PPG,4,359531,14382790587,154,71425,79306,77817.109,1488.891,0.000,0,0,0,0,0.00,nan,1,2,1024,nan,4,1,24,1,1,11,11,0,0,0,1500716379,0.04541,0.00366,0.94849,0.94958,-0.00692,-0.00508,-0.00221,0.00886,0.95349,0.00559,0.00886,3,12136,0,26020,2.06750,1.87832,0.90850,85,1,87.288,35,1,6,2633,195192,0,0,0.000,0.750,3.000,0,0.000,0.750,3.000,0,0,0,0,0
PPG,4,359532,14382830587,92,71633,79399,77832.930,1566.070,0.000,0,0,0,0,0.00,nan,1,2,1024,nan,4,1,24,1,1,12,12,0,0,0,1500758449,0.04077,0.00391,0.94360,0.94449,-0.00638,-0.00295,-0.00194,0.00729,0.95456,0.00905,0.00801,3,12259,0,26020,2.06750,1.87832,0.90850,85,1,87.288,35,1,6,4344,195192,0,0,0.000,0.750,3.000,0,0.000,0.750,3.000,0,0,0,0,0
PPG,4,359533,14382870587,91,71942,79704,77851.641,1852.359,0.000,0,0,0,0,0.00,nan,1,2,1024,nan,4,1,24,1,1,13,13,0,0,0,1500797670,0.04712,0.00586,0.94849,0.94967,-0.00638,-0.00428,-0.00141,0.00781,0.96050,0.01601,0.00781,3,12279,0,26020,2.06750,1.87832,0.90850,85,1,87.288,35,1,6,4342,195192,0,0,0.000,0.750,3.000,0,0.000,0.750,3.000,0,0,0,0,0
PPG,4,359534,14382910587,97,72616,80366,77876.781,2489.219,0.000,0,0,0,0,0.00,nan,1,2,1024,nan,4,1,24,1,1,14,14,0,0,0,1500836794,0.04565,0.00195,0.95190,0.95300,-0.00638,-0.00135,-0.00194,0.00681,0.95300,0.00195,0.00723,3,12240,0,26020,2.06750,1.87832,0.90850,85,1,87.288,35,1,6,4349,195192,0,0,0.000,0.750,3.000,0,0.000,0.750,3.000,0,0,0,0,0
PPG,4,359535,14382950587,91,72909,80585,77903.867,2681.133,0.000,0,0,0,0,0.00,nan,1,2,1024,nan,4,1,24,1,1,15,15,0,0,0,1500876057,0.03809,0.00317,0.95288,0.95365,-0.00585,0.00025,-0.00167,0.00609,0.95365,0.00427,0.00710,3,12263,0,26020,2.06750,1.87832,0.90850,85,1,87.288,35,1,6,2636,195192,0,0,0.000,0.750,3.000,0,0.000,0.750,3.000,0,0,0,0,0
PPG,4,359536,14382990587,92,73032,80573,77930.555,2642.445,0.000,0,0,0,0,0.00,nan,1,2,1024,nan,4,1,24,1,1,16,16,0,0,0,1500917887,0.04492,0.00562,0.95361,0.95469,-0.00585,0.00052,-0.00194,0.00619,0.95949,0.00480,0.00619,3,12249,0,26020,2.06750,1.87832,0.90850,85,1,87.288,35,1,6,4348,195192,0,0,0.000,0.750,3.000,0,0.000,0.750,3.000,0,0,0,0,0
PPG,4,359537,14383030587,91,73037,80456,77955.812,2500.188,0.000,0,0,0,0,0.00,nan,1,2,1024,nan,4,1,24,1,1,17,17,0,0,0,1500957077,0.04321,0.00293,0.94556,0.94655,-0.00692,0.00052,-0.00247,0.00736,0.95630,0.00670,0.00736,3,12246,0,26020,2.06750,1.87832,0.90850,85,1,87.288,35,1,6,4332,195192,0,0,0.000,0.750,3.000,0,0.000,0.750,3.000,0,0,0,0,0
PPG,4,359538,14383070587,104,73019,80425,77980.508,2444.492,0.000,0,0,0,0,0.00,nan,1,2,1024,nan,4,1,24,1,1,18,18,0,0,0,1500996144,0.04028,0.00439,0.94751,0.94838,-0.00638,0.00105,-0.00194,0.00675,0.95484,0.00829,0.00675,2,12335,0,26021,2.06750,1.87832,0.90850,85,1,87.288,35,1,6,2635,195192,0,0,0.000,0.750,3.000,0,0.000,0.750,3.000,0,0,0,0,0
PPG,4,359539,14383110587,97,73042,80480,78005.500,2474.500,0.000,0,0,0,0,0.00,nan,1,2,1024,nan,4,1,24,1,1,19,19,0,0,0,1501038069,0.04224,0.00586,0.95435,0.95530,-0.00558,-0.00028,-0.00247,0.00611,0.95530,0.00341,0.00633,3,12276,0,26021,2.06750,1.87832,0.90850,85,1,87.288,35,1,6,4337,195192,0,0,0.000,0.750,3.000,0,0.000,0.750,3.000,0,0,0,0,0
PPG,4,359540,14383150587,92,73051,80539,78030.836,2508.164,0.000,0,0,0,0,0.00,nan,1,2,1024,nan,4,1,24,1,1,20,20,0,0,0,1501077208,0.04321,0.00269,0.95117,0.95216,-0.00532,0.00132,-0.00221,0.00591,0.95554,0.00641,0.00637,3,12181,0,26021,2.06750,1.87832,0.90850,85,1,87.288,35,1,6,4323,195192,0,0,0.000,0.750,3.000,0,0.000,0.750,3.000,0,0,0,0,0
PPG,4,359541,14383190587,89,73048,80565,78056.180,2508.820,0.000,0,0,0,0,0.00,nan,1,2,1024,nan,4,1,24,1,1,21,21,0,0,0,1501116318,0.04297,0.00854,0.95410,0.95511,-0.00718,0.00025,-0.00141,0.00732,0.95697,0.00481,0.00732,3,12221,0,26021,2.06750,1.87832,0.90850,85,1,87.288,35,1,6,2634,195192,0,0,0.000,0.750,3.000,0,0.000,0.750,3.000,0,0,0,0,0
PPG,4,359542,14383230587,92,73043,80600,78081.617,2518.383,0.000,0,0,0,0,0.00,nan,1,2,1024,nan,4,1,24,1,1,22,22,0,0,0,1501158119,0.04175,0.00293,0.95093,0.95185,-0.00665,0.00132,-0.00114,0.00687,0.95268,0.00767,0.00724,3,12236,0,26021,2.06750,1.87832,0.90850,85,1,87.288,35,1,6,4330,195192,0,0,0.000,0.750,3.000,0,0.000,0.750,3.000,0,0,0,0,0
PPG,4,359543,14383270587,91,73068,80613,78106.930,2506.070,0.000,0,0,0,0,0.00,nan,1,2,1024,nan,4,1,24,1,1,23,23,0,0,0,1501197227,0.04492,0.00757,0.95605,0.95714,-0.00665,-0.00028,-0.00221,0.00701,0.95714,0.00719,0.00701,3,12219,0,26021,2.06750,1.87832,0.90850,85,1,87.288,35,1,6,4321,195192,0,0,0.000,0.750,3.000,0,0.000,0.750,3.000,0,0,0,0,0
PPG,4,359544,14383310587,90,73055,80595,78131.812,2463.188,0.000,0,0,0,0,0.00,nan,1,2,1024,nan,4,1,24,1,1,24,24,0,0,0,1501236311,0.04517,0.00562,0.95166,0.95275,-0.00638,-0.00055,-0.00114,0.00651,0.95581,0.00640,0.00728,3,12209,0,26021,2.06750,1.87832,0.90850,85,1,87.288,35,1,6,2649,195192,0,0,0.000,0.750,3.000,0,0.000,0.750,3.000,0,0,0,0,0
PPG,4,359545,14383350587,99,73034,80566,78156.156,2409.844,0.000,0,0,0,0,0.00,nan,1,2,1024,nan,4,1,24,1,1,25,25,0,0,0,1501278205,0.04565,0.00366,0.95044,0.95154,-0.00638,-0.00108,-0.00087,0.00653,0.95848,0.00573,0.00653,3,12240,0,26021,2.06750,1.87832,0.90850,85,1,87.288,35,1,6,4343,195192,0,0,0.000,0.750,3.000,0,0.000,0.750,3.000,0,0,0,0,0
PPG,4,359546,14383390587,464,73012,80604,78180.633,2423.367,0.000,0,0,0,0,0.00,nan,1,2,1024,nan,4,1,24,1,1,26,26,0,0,0,1501317319,0.04712,0.00757,0.95410,0.95529,-0.00532,0.00052,-0.00167,0.00560,0.95784,0.00344,0.00675,3,12233,0,26021,2.51632,2.20434,0.87602,93,1,88.100,93,1,6,4333,195192,0,0,0.000,0.750,3.000,0,0.000,0.750,3.000,0,0,0,0,0
PPG,4,359547,14383430587,134,73024,80666,78205.484,2460.516,0.000,0,0,0,0,0.00,nan,1,2,1024,nan,4,1,24,1,1,27,27,0,0,0,1501356867,0.04272,0.00586,0.94849,0.94947,-0.00585,-0.00028,-0.00114,0.00597,0.95904,0.00957,0.00754,3,12157,0,26021,2.51632,2.20434,0.87602,93,1,88.100,93,1,6,4296,195192,0,0,0.000,0.750,3.000,0,0.000,0.750,3.000,0,0,0,0,0
PPG,4,359548,14383470587,89,73020,80675,78230.180,2444.820,0.000,0,0,0,0,0.00,nan,1,2,1024,nan,4,1,24,1,1,28,28,0,0,0,1501395964,0.04468,0.00342,0.95923,0.96027,-0.00612,-0.00055,-0.00061,0.00617,0.96027,0.00709,0.00623,3,12121,0,26021,2.51632,2.20434,0.87602,93,1,88.100,93,1,6,2601,195192,0,0,0.000,0.750,3.000,0,0.000,0.750,3.000,0,0,0,0,0
PPG,4,359549,14383510587,111,73017,80677,78254.648,2422.352,306.797,0,0,0,0,0.00,nan,1,2,1024,nan,4,1,24,1,1,29,29,0,0,0,1501437406,0.04370,0.00195,0.95020,0.95120,-0.00585,0.00025,-0.00194,0.00617,0.95829,0.00769,0.00687,3,12123,0,26021,2.51632,2.20434,0.87602,93,1,88.100,93,1,6,4304,195192,0,0,0.000,0.750,3.000,0,0.000,0.750,3.000,0,0,0,0,0
PPG,4,359550,14383550587,110,73033,80716,78279.266,2436.734,237.211,0,0,0,0,0.00,nan,1,2,1024,nan,4,1,24,1,1,30,30,0,0,0,1501476342,0.04126,0.00684,0.95337,0.95429,-0.00558,-0.00001,-0.00167,0.00583,0.95754,0.00353,0.00628,3,12125,0,26021,2.51632,2.20434,0.87602,93,1,88.100,93,1,6,2605,195192,0,0,0.000,0.750,3.000,0,0.000,0.750,3.000,0,0,0,0,0
PPG,4,359551,14383590587,110,73038,80719,78303.664,2415.336,184.281,0,0,0,0,0.00,nan,1,2,1024,nan,4,1,24,1,1,31,31,0,0,0,1501517841,0.04736,0.00464,0.95435,0.95553,-0.00558,-0.00028,-0.00221,0.00601,0.95553,0.00058,0.00639,3,12121,0,26021,2.51632,2.20434,0.87602,93,1,88.100,93,1,6,4296,195192,0,0,0.000,0.750,3.000,0,0.000,0.750,3.000,0,0,0,0,0
PPG,4,359552,14383630587,108,73034,80725,78327.875,2397.125,140.688,0,0,0,0,0.00,nan,1,2,1024,nan,4,1,24,1,1,0,0,0,0,0,1501556770,0.04395,0.00684,0.95532,0.95636,-0.00532,-0.00055,-0.00141,0.00553,0.95636,0.00946,0.00654,3,12171,0,26021,2.51632,2.20434,0.87602,93,1,88.100,93,1,6,2595,195192,0,0,0.000,0.750,3.000,0,0.000,0.750,3.000,0,0,0,0,0
PPG,4,359553,14383670587,112,73037,80758,78352.180,2405.820,109.992,0,0,0,0,0.00,nan,1,2,1024,nan,4,1,24,1,1,1,1,0,0,0,1501598264,0.04810,0.00586,0.95190,0.95314,-0.00532,-0.00055,-0.00087,0.00542,0.95856,0.00839,0.00563,3,12122,0,26021,2.51632,2.20434,0.87602,93,1,88.100,93,1,6,4297,195192,0,0,0.000,0.750,3.000,0,0.000,0.750,3.000,0,0,0,0,0
PPG,4,359554,14383710587,108,73059,80788,78376.539,2411.461,106.320,0,0,0,0,0.00,nan,1,2,1024,nan,4,1,24,1,1,2,2,0,0,0,1501637138,0.04395,0.00098,0.95581,0.95682,-0.00558,-0.00001,-0.00141,0.00576,0.95752,0.00460,0.00599,3,12126,0,26021,2.51632,2.20434,0.87602,93,1,88.100,93,1,6,4301,195192,0,0,0.000,0.750,3.000,0,0.000,0.750,3.000,0,0,0,0,0
PPG,4,359555,14383750587,111,73072,80792,78400.695,2391.305,112.688,0,0,0,0,0.00,nan,1,2,1024,nan,4,1,24,1,1,3,3,0,0,0,1501676106,0.04272,0.00342,0.95117,0.95214,-0.00612,-0.00055,-0.00167,0.00637,0.95882,0.00668,0.00637,3,12120,0,26021,2.51632,2.20434,0.87602,93,1,88.100,93,1,6,2599,195192,0,0,0.000,0.750,3.000,0,0.000,0.750,3.000,0,0,0,0,0
PPG,4,359556,14383790587,111,73086,80834,78425.031,2408.969,122.062,0,0,0,0,0.00,nan,1,2,1024,nan,4,1,24,1,1,4,4,0,0,0,1501717645,0.04590,0.00464,0.94653,0.94766,-0.00452,0.00079,-0.00221,0.00509,0.95876,0.00663,0.00648,3,12112,0,26021,2.51632,2.20434,0.87602,93,1,88.100,93,1,6,4296,195192,0,0,0.000,0.750,3.000,0,0.000,0.750,3.000,0,0,0,0,0
PPG,4,359557,14383830587,144,73058,80760,78448.383,2311.617,113.148,0,0,0,0,0.00,nan,1,2,1024,nan,4,1,24,1,1,5,5,0,0,0,1501756619,0.04395,0.00610,0.95215,0.95318,-0.00585,-0.00055,-0.00167,0.00611,0.95459,0.00693,0.00637,3,12161,0,26021,2.51632,2.20434,0.87602,93,1,88.100,93,1,6,2596,195192,0,0,0.000,0.750,3.000,0,0.000,0.750,3.000,0,0,0,0,0
PPG,4,359558,14383870587,111,72954,80505,78468.945,2036.055,78.578,0,0,0,0,0.00,nan,1,2,1024,nan,4,1,24,1,1,6,6,0,0,0,1501798149,0.04175,0.00562,0.95386,0.95479,-0.00665,0.00025,-0.00114,0.00675,0.95856,0.00538,0.00675,3,12115,0,26021,2.51632,2.20434,0.87602,93,1,88.100,93,1,6,4304,195192,0,0,0.000,0.750,3.000,0,0.000,0.750,3.000,0,0,0,0,0
PPG,4,359559,14383910587,108,72890,80346,78487.719,1858.281,31.141,0,0,0,0,0.00,nan,1,2,1024,nan,4,1,24,1,1,7,7,0,0,0,1501837019,0.04248,0.00342,0.95410,0.95505,-0.00532,-0.00108,-0.00087,0.00550,0.95505,0.00329,0.00676,3,12124,0,26021,2.51632,2.20434,0.87602,93,1,88.100,93,1,6,4296,195192,0,0,0.000,0.750,3.000,0,0.000,0.750,3.000,0,0,0,0,0
PPG,4,359560,14383950587,111,72887,80378,78506.625,1871.375,-15.102,0,0,0,0,0.00,nan,1,2,1024,nan,4,1,24,1,1,8,8,0,0,0,1501876161,0.04395,0.00366,0.95459,0.95561,-0.00692,-0.00135,-0.00087,0.00710,0.95653,0.00506,0.00710,3,12353,0,26021,2.51632,2.20434,0.87602,93,1,88.100,93,1,6,2673,195192,0,0,0.000,0.750,3.000,0,0.000,0.750,3.000,0,0,0,0,0
PPG,4,359561,14383990587,108,72912,80414,78525.695,1888.305,-60.977,0,0,0,0,0.00,nan,1,2,1024,nan,4,1,24,1,1,9,9,0,0,0,1501917820,0.04028,0.00586,0.95337,0.95424,-0.00665,0.00079,-0.00141,0.00684,0.95859,0.00727,0.00732,3,12200,0,26021,2.51632,2.20434,0.87602,93,1,88.100,93,1,6,4297,195192,0,0,0.000,0.750,3.000,0,0.000,0.750,3.000,0,0,0,0,0
PPG,4,359562,14384030587,110,72914,80447,78544.906,1902.094,-102.609,0,0,0,0,0.00,nan,1,2,1024,nan,4,1,24,1,1,10,10,0,0,0,1501956686,0.04321,0.00464,0.95142,0.95241,-0.00532,0.00025,-0.00087,0.00540,0.95965,0.00724,0.00559,3,12111,0,26021,2.51632,2.20434,0.87602,93,1,88.100,93,1,6,2608,195192,0,0,0.000,0.750,3.000,0,0.000,0.750,3.000,0,0,0,0,0
PPG,4,359563,14384070587,119,72935,80519,78564.648,1954.352,-142.914,0,0,0,0,0.00,nan,1,2,1024,nan,4,1,24,1,1,11,11,0,0,0,1501998013,0.04224,0.00757,0.95142,0.95238,-0.00638,-0.00028,-0.00221,0.00676,0.96011,0.00773,0.00676,2,12195,0,26022,2.51632,2.20434,0.87602,93,1,88.100,93,1,6,4295,195192,0,0,0.000,0.750,3.000,0,0.000,0.750,3.000,0,0,0,0,0
PPG,4,359564,14384110587,111,72985,80605,78585.055,2019.945,-165.562,0,0,0,0,0.00,nan,1,2,1024,nan,4,1,24,1,1,12,12,0,0,0,1502036893,0.04321,0.00293,0.95410,0.95508,-0.00612,-0.00135,-0.00114,0.00637,0.95898,0.00641,0.00637,3,12118,0,26022,2.51632,2.20434,0.87602,93,1,88.100,93,1,6,2597,195192,0,0,0.000,0.750,3.000,0,0.000,0.750,3.000,0,0,0,0,0
PPG,4,359565,14384150587,154,72992,80619,78605.391,2013.609,-151.922,0,0,0,0,0.00,nan,1,2,1024,nan,4,1,24,1,1,13,13,0,0,0,1502078433,0.04590,0.00513,0.95459,0.95571,-0.00558,-0.00081,-0.00087,0.00571,0.95571,0.00514,0.00693,3,12112,0,26022,2.51632,2.20434,0.87602,93,1,88.100,93,1,6,4309,195192,0,0,0.000,0.750,3.000,0,0.000,0.750,3.000,0,0,0,0,0
PPG,4,359566,14384190587,110,73005,80648,78625.820,2022.180,-110.977,0,0,0,0,0.00,nan,1,2,1024,nan,4,1,24,1,1,14,14,0,0,0,1502117618,0.04126,0.00439,0.95947,0.96037,-0.00558,-0.00055,-0.00194,0.00594,0.96037,0.01169,0.00594,3,12158,0,26022,2.51632,2.20434,0.87602,93,1,88.100,93,1,6,4357,195192,0,0,0.000,0.750,3.000,0,0.000,0.750,3.000,0,0,0,0,0
PPG,4,359567,14384230587,111,73031,80716,78646.719,2069.281,-65.188,0,0,0,0,0.00,nan,1,2,1024,nan,4,1,24,1,1,15,15,0,0,0,1502156673,0.04590,-0.00024,0.95288,0.95399,-0.00532,-0.00055,-0.00087,0.00542,0.95850,0.00672,0.00676,3,12210,0,26022,2.51632,2.20434,0.87602,93,1,88.100,93,1,6,2675,195192,0,0,0.000,0.750,3.000,0,0.000,0.750,3.000,0,0,0,0,0
PPG,4,359568,14384270587,112,73050,80759,78667.844,2091.156,-20.109,0,0,0,0,0.00,nan,1,2,1024,nan,4,1,24,1,1,16,16,0,0,0,1502198629,0.04150,0.00903,0.95581,0.95675,-0.00585,0.00052,-0.00274,0.00648,0.95675,0.00443,0.00731,3,12241,0,26022,2.51632,2.20434,0.87602,93,1,88.100,93,1,6,4331,195192,0,0,0.000,0.750,3.000,0,0.000,0.750,3.000,0,0,0,0,0
PPG,4,359569,14384310587,111,73047,80782,78688.984,2093.016,22.500,0,0,0,0,0.00,nan,1,2,1024,nan,4,1,24,1,1,17,17,0,0,0,1502237901,0.04639,0.00537,0.95142,0.95256,-0.00612,-0.00055,-0.00167,0.00637,0.95778,0.00313,0.00664,3,12260,0,26022,2.51632,2.20434,0.87602,93,1,88.100,93,1,6,4346,195192,0,0,0.000,0.750,3.000,0,0.000,0.750,3.000,0,0,0,0,0
PPG,4,359570,14384350587,124,73033,80783,78709.922,2073.078,56.859,0,0,0,0,0.00,nan,1,2,1024,nan,4,1,24,1,1,18,18,0,0,0,1502277168,0.04468,0.00684,0.95215,0.95322,-0.00612,-0.00081,-0.00167,0.00639,0.96096,0.00972,0.00755,3,12309,0,26022,2.51632,2.20434,0.87602,93,1,88.100,93,1,6,4347,195192,0,0,0.000,0.750,3.000,0,0.000,0.750,3.000,0,0,0,0,0
PPG,4,359571,14384390587,512,73030,80794,78730.766,2063.234,80.109,0,0,0,0,0.00,nan,1,2,1024,nan,4,1,24,1,1,19,19,0,0,0,1502316458,0.04541,0.00757,0.95386,0.95497,-0.00585,0.00025,-0.00061,0.00589,0.95497,0.00358,0.00649,3,12261,0,26022,2.99737,2.56164,0.85463,88,1,88.634,93,1,6,2625,195192,0,0,0.000,0.750,3.000,0,0.000,0.750,3.000,0,0,0,0,0
PPG,4,359572,14384430587,157,73026,80817,78751.625,2065.375,103.797,0,0,0,0,0.00,nan,1,2,1024,nan,4,1,24,1,1,20,20,0,0,0,1502358804,0.04785,0.00464,0.96265,0.96385,-0.00638,-0.00055,-0.00194,0.00669,0.96385,0.01515,0.00669,3,12260,0,26022,2.99737,2.56164,0.85463,88,1,88.634,93,1,6,4333,195192,0,0,0.000,0.750,3.000,0,0.000,0.750,3.000,0,0,0,0,0
PPG,4,359573,14384470587,116,73013,80833,78772.438,2060.562,126.477,0,0,0,0,0.00,nan,1,2,1024,nan,4,1,24,1,1,21,21,0,0,0,1502398082,0.04736,0.00415,0.95703,0.95821,-0.00585,-0.00215,-0.00114,0.00634,0.95840,0.01020,0.00634,3,12239,0,26022,2.99737,2.56164,0.85463,88,1,88.634,93,1,6,4339,195192,0,0,0.000,0.750,3.000,0,0.000,0.750,3.000,0,0,0,0,0
PPG,4,359574,14384510587,118,73011,80810,78792.812,2017.188,138.812,0,0,0,0,0.00,nan,1,2,1024,nan,4,1,24,1,1,22,22,0,0,0,1502437398,0.04272,0.00488,0.95654,0.95751,-0.00505,-0.00055,-0.00061,0.00512,0.95751,0.00945,0.00629,3,12253,0,26022,2.99737,2.56164,0.85463,88,1,88.634,93,1,6,4345,195192,0,0,0.000,0.750,3.000,0,0.000,0.750,3.000,0,0,0,0,0
PPG,4,359575,14384550587,125,73002,80817,78813.055,2003.945,145.844,0,0,0,0,0.00,nan,1,2,1024,nan,4,1,24,1,1,23,23,0,0,0,1502476831,0.04370,0.00244,0.95068,0.95169,-0.00612,-0.00055,-0.00247,0.00662,0.95545,0.00376,0.00662,3,12282,0,26022,2.99737,2.56164,0.85463,88,1,88.634,93,1,6,2637,195192,0,0,0.000,0.750,3.000,0,0.000,0.750,3.000,0,0,0,0,0
PPG,4,359576,14384590587,111,72981,80817,78833.094,1983.906,151.688,0,0,0,0,0.00,nan,1,2,1024,nan,4,1,24,1,1,24,24,0,0,0,1502518688,0.04297,0.00415,0.95313,0.95410,-0.00479,-0.00028,-0.00034,0.00481,0.95484,0.00822,0.00560,3,12270,0,26022,2.99737,2.56164,0.85463,88,1,88.634,93,1,6,4333,195192,0,0,0.000,0.750,3.000,0,0.000,0.750,3.000,0,0,0,0,0
PPG,4,359577,14384630587,116,72993,80834,78853.102,1980.898,155.281,0,0,0,0,0.00,nan,1,2,1024,nan,4,1,24,1,1,25,25,0,0,0,1502557943,0.04541,0.00732,0.94922,0.95033,-0.00585,-0.00055,-0.00141,0.00604,0.95338,0.00232,0.00609,3,12231,0,26022,2.99737,2.56164,0.85463,88,1,88.634,93,1,6,4344,195192,0,0,0.000,0.750,3.000,0,0.000,0.750,3.000,0,0,0,0,0
PPG,4,359578,14384670587,112,73000,80870,78873.273,1996.727,147.891,0,0,0,0,0.00,nan,1,2,1024,nan,4,1,24,1,1,26,26,0,0,0,1502597177,0.04492,0.00317,0.94946,0.95053,-0.00612,-0.00081,-0.00167,0.00639,0.95415,0.00362,0.00701,3,12243,0,26022,2.99737,2.56164,0.85463,88,1,88.634,93,1,6,2621,195192,0,0,0.000,0.750,3.000,0,0.000,0.750,3.000,0,0,0,0,0
PPG,4,359579,14384710587,113,72984,80827,78892.812,1934.188,125.258,0,0,0,0,0.00,nan,1,2,1024,nan,4,1,24,1,1,27,27,0,0,0,1502638952,0.04321,0.00488,0.95605,0.95704,-0.00665,-0.00028,-0.00194,0.00693,0.95880,0.00598,0.00693,3,12206,0,26022,2.99737,2.56164,0.85463,88,1,88.634,93,1,6,4350,195192,0,0,0.000,0.750,3.000,0,0.000,0.750,3.000,0,0,0,0,0
PPG,4,359580,14384750587,113,72918,80638,78910.266,1727.734,84.406,0,0,0,0,0.00,nan,1,2,1024,nan,4,1,24,1,1,28,28,0,0,0,1502678299,0.04272,0.00244,0.95093,0.95189,-0.00505,0.00025,-0.00087,0.00513,0.95629,0.00786,0.00690,3,12279,0,26022,2.99737,2.56164,0.85463,88,1,88.634,93,1,6,4350,195192,0,0,0.000,0.750,3.000,0,0.000,0.750,3.000,0,0,0,0,0
PPG,4,359581,14384790587,112,72885,80537,78926.531,1610.469,39.258,0,0,0,0,0.00,nan,1,2,1024,nan,4,1,24,1,1,29,29,0,0,0,1502717557,0.04517,0.00488,0.95313,0.95421,-0.00692,0.00025,-0.00194,0.00719,0.95538,0.00553,0.00719,3,12251,0,26022,2.99737,2.56164,0.85463,88,1,88.634,93,1,6,4324,195192,0,0,0.000,0.750,3.000,0,0.000,0.750,3.000,0,0,0,0,0
PPG,4,359582,14384830587,185,72881,80558,78942.844,1615.156,-3.289,0,0,0,0,0.00,nan,1,2,1024,nan,4,1,24,1,1,30,30,0,0,0,1502756672,0.04565,0.00854,0.95117,0.95231,-0.00638,0.00052,-0.00141,0.00656,0.96438,0.01574,0.00706,3,12179,0,26022,2.99737,2.56164,0.85463,88,1,88.634,93,1,6,2649,195192,0,0,0.000,0.750,3.000,0,0.000,0.750,3.000,0,0,0,0,0
PPG,4,359583,14384870587,114,72928,80647,78959.883,1687.117,-33.977,0,0,0,0,0.00,nan,1,2,1024,nan,4,1,24,1,1,31,31,0,0,0,1502798504,0.04199,0.00317,0.95654,0.95747,-0.00638,0.00052,-0.00194,0.00669,0.95747,0.00338,0.00669,3,12161,0,26022,2.99737,2.56164,0.85463,88,1,88.634,93,1,6,4302,195192,0,0,0.000,0.750,3.000,0,0.000,0.750,3.000,0,0,0,0,0
PPG,4,359584,14384910587,111,72969,80735,78977.633,1757.367,-54.617,0,0,0,0,0.00,nan,1,2,1024,nan,4,1,24,1,1,0,0,0,0,0,1502837519,0.04297,0.00293,0.95166,0.95263,-0.00585,0.00025,-0.00221,0.00626,0.95354,0.00393,0.00626,3,12113,0,26022,2.99737,2.56164,0.85463,88,1,88.634,93,1,6,4295,195192,0,0,0.000,0.750,3.000,0,0.000,0.750,3.000,0,0,0,0,0
PPG,4,359585,14384950587,111,73050,80836,78996.219,1839.781,-70.328,0,0,0,0,0.00,nan,1,2,1024,nan,4,1,24,1,1,1,1,0,0,0,1502876464,0.04419,0.00488,0.95337,0.95441,-0.00532,-0.00028,-0.00167,0.00558,0.95846,0.00406,0.00662,3,12123,0,26022,2.99737,2.56164,0.85463,88,1,88.634,93,1,6,2604,195192,0,0,0.000,0.750,3.000,0,0.000,0.750,3.000,0,0,0,0,0
PPG,4,359586,14384990587,112,73081,80902,79015.273,1886.727,-72.312,0,0,0,0,0.00,nan,1,2,1024,nan,4,1,24,1,1,2,2,0,0,0,1502917974,0.04102,0.00391,0.95288,0.95377,-0.00585,0.00025,-0.00141,0.00602,0.95842,0.00569,0.00668,3,12128,0,26022,2.99737,2.56164,0.85463,88,1,88.634,93,1,6,4307,195192,0,0,0.000,0.750,3.000,0,0.000,0.750,3.000,0,0,0,0,0
PPG,4,359587,14385030587,113,73102,80932,79034.438,1897.562,-41.109,0,0,0,0,0.00,nan,1,2,1024,nan,4,1,24,1,1,3,3,0,0,0,1502956901,0.04468,0.00342,0.94995,0.95101,-0.00585,0.00052,-0.00221,0.00627,0.95373,0.00446,0.00660,3,12121,0,26022,2.99737,2.56164,0.85463,88,1,88.634,93,1,6,2598,195192,0,0,0.000,0.750,3.000,0,0.000,0.750,3.000,0,0,0,0,0
PPG,4,359588,14385070587,117,73110,80928,79053.375,1874.625,6.289,0,0,0,0,0.00,nan,1,2,1024,nan,4,1,24,1,1,4,4,0,0,0,1502998308,0.04419,0.00586,0.95630,0.95734,-0.00638,-0.00001,-0.00141,0.00654,0.95734,0.00444,0.00677,2,12228,0,26023,2.99737,2.56164,0.85463,88,1,88.634,93,1,6,4310,195192,0,0,0.000,0.750,3.000,0,0.000,0.750,3.000,0,0,0,0,0
PPG,4,359589,14385110587,108,73144,80935,79072.188,1862.812,52.500,0,0,0,0,0.00,nan,1,2,1024,nan,4,1,24,1,1,5,5,0,0,0,1503037231,0.04370,0.00562,0.94727,0.94829,-0.00612,-0.00055,-0.00141,0.00630,0.95384,0.00436,0.00677,3,12129,0,26023,2.99737,2.56164,0.85463,88,1,88.634,93,1,6,2609,195192,0,0,0.000,0.750,3.000,0,0.000,0.750,3.000,0,0,0,0,0
PPG,4,359590,14385150587,113,73123,80957,79091.039,1865.961,88.086,0,0,0,0,0.00,nan,1,2,1024,nan,4,1,24,1,1,6,6,0,0,0,1503078768,0.04541,0.00195,0.95117,0.95226,-0.00665,-0.00135,-0.00141,0.00693,0.95600,0.00727,0.00693,3,12113,0,26023,2.99737,2.56164,0.85463,88,1,88.634,93,1,6,4301,195192,0,0,0.000,0.750,3.000,0,0.000,0.750,3.000,0,0,0,0,0
PPG,4,359591,14385190587,110,73113,80960,79109.727,1850.273,111.930,0,0,0,0,0.00,nan,1,2,1024,nan,4,1,24,1,1,7,7,0,0,0,1503117670,0.04663,0.00635,0.95972,0.96087,-0.00665,-0.00055,-0.00141,0.00682,0.96087,0.00390,0.00682,3,12114,0,26023,2.99737,2.56164,0.85463,88,1,88.634,93,1,6,4295,195192,0,0,0.000,0.750,3.000,0,0.000,0.750,3.000,0,0,0,0,0
PPG,4,359592,14385230587,112,73095,80955,79128.180,1826.820,122.031,0,0,0,0,0.00,nan,1,2,1024,nan,4,1,24,1,1,8,8,0,0,0,1503156546,0.04224,0.00146,0.95874,0.95967,-0.00638,0.00025,-0.00167,0.00660,0.95967,0.00643,0.00662,3,12116,0,26023,2.99737,2.56164,0.85463,88,1,88.634,93,1,6,2604,195192,0,0,0.000,0.750,3.000,0,0.000,0.750,3.000,0,0,0,0,0
PPG,4,359593,14385270587,123,73072,80967,79146.570,1820.430,124.609,0,0,0,0,0.00,nan,1,2,1024,nan,4,1,24,1,1,9,9,0,0,0,1503198064,0.04272,0.00171,0.95068,0.95164,-0.00532,-0.00081,-0.00247,0.00592,0.96007,0.00843,0.00631,3,12163,0,26023,2.99737,2.56164,0.85463,88,1,88.634,93,1,6,4307,195192,0,0,0.000,16.279,14.634,0,0.000,0.750,3.000,0,0,0,0,0
PPG,4,359594,14385310587,135,73065,80969,79164.797,1804.203,121.953,0,0,0,0,0.00,nan,1,2,0,nan,4,1,24,1,1,10,10,0,0,0,1503236966,0.03931,0.00366,0.95410,0.95492,-0.00585,0.00105,-0.00114,0.00605,0.95492,0.00247,0.00628,3,12118,0,26023,2.99737,2.56164,0.85463,88,1,88.634,93,1,6,2604,195192,0,0,0.000,16.279,14.634,0,0.000,30.295,19.489,0,0,1,0,0
PPG,4,359595,14385350587,115,73054,80962,79182.766,1779.234,119.562,0,0,0,0,0.00,nan,1,2,0,nan,4,1,24,1,1,11,11,0,0,0,1503278504,0.04468,0.00244,0.95532,0.95637,-0.00585,-0.00161,-0.00114,0.00618,0.95702,0.00292,0.00654,3,12118,0,26023,2.99737,2.56164,0.85463,88,1,88.634,93,1,6,4298,195192,0,0,0.000,16.279,14.634,0,0.000,30.295,19.489,0,0,1,0,0
PPG,4,359596,14385390587,497,73032,80947,79200.406,1746.594,114.773,0,0,0,0,0.00,nan,1,2,0,nan,4,1,24,1,1,12,12,0,0,0,1503317503,0.04126,0.00171,0.95410,0.95499,-0.00532,-0.00108,-0.00167,0.00568,0.95499,0.00294,0.00655,3,12119,0,26023,3.27198,2.77470,0.84802,93,1,88.800,93,1,6,4297,195192,0,0,0.000,16.279,14.634,0,0.000,30.295,19.489,0,0,1,0,0
PPG,4,359597,14385430587,164,73020,80960,79218.000,1742.000,108.898,0,0,0,0,0.00,nan,1,2,0,nan,4,1,24,1,1,13,13,0,0,0,1503356870,0.04565,0.00635,0.94775,0.94887,-0.00612,0.00132,-0.00034,0.00627,0.95340,0.00509,0.00631,3,12129,0,26023,3.27198,2.77470,0.84802,93,1,88.800,93,1,6,2612,195192,0,0,0.000,16.279,14.634,0,0.000,30.295,19.489,0,0,1,0,0
PPG,4,359598,14385470587,118,73038,80985,79235.672,1749.328,106.719,0,0,0,0,0.00,nan,1,2,0,nan,4,1,24,1,1,14,14,0,0,0,1503398499,0.04248,0.00513,0.95459,0.95555,-0.00558,0.00079,-0.00167,0.00588,0.96079,0.00874,0.00688,3,12172,0,26023,3.27198,2.77470,0.84802,93,1,88.800,93,1,6,4319,195192,0,0,0.000,16.279,14.634,0,0.000,30.295,19.489,0,0,1,0,0
PPG,4,359599,14385510587,116,73063,81018,79253.492,1764.508,106.172,0,0,0,0,0.00,nan,1,2,0,nan,4,1,24,1,1,15,15,0,0,0,1503437412,0.04663,0.00757,0.94434,0.94552,-0.00772,-0.00108,-0.00194,0.00803,0.95644,0.01093,0.00803,3,12132,0,26023,3.27198,2.77470,0.84802,93,1,88.800,93,1,6,2598,195192,0,0,0.000,16.279,14.634,0,0.000,30.295,19.489,0,0,1,0,0
PPG,4,359600,14385550587,118,73050,81018,79271.141,1746.859,94.461,0,0,0,0,0.00,nan,1,2,0,nan,4,1,24,1,1,16,16,0,0,0,1503478921,0.04443,0.00537,0.95728,0.95832,-0.00638,0.00052,-0.00167,0.00662,0.95832,0.00651,0.00695,3,12130,0,26023,3.27198,2.77470,0.84802,93,1,88.800,93,1,6,4322,195192,0,0,0.000,16.279,14.634,0,0.000,30.295,19.489,0,0,1,0,0
PPG,4,359601,14385590587,116,73031,80978,79288.211,1689.789,73.688,0,0,0,0,0.00,nan,1,2,0,nan,4,1,24,1,1,17,17,0,0,0,1503517876,0.04321,0.00391,0.94946,0.95045,-0.00612,0.00105,-0.00141,0.00636,0.95880,0.00597,0.00699,3,12116,0,26023,3.27198,2.77470,0.84802,93,1,88.800,93,1,6,4299,195192,0,0,0.000,16.279,14.634,0,0.000,30.295,19.489,0,0,1,0,0
PPG,4,359602,14385630587,119,73005,80879,79304.117,1574.883,45.789,0,0,0,0,0.00,nan,1,2,0,nan,4,1,24,1,1,18,18,0,0,0,1503556873,0.04590,0.00293,0.95874,0.95984,-0.00692,-0.00028,-0.00167,0.00712,0.95984,0.01019,0.00712,3,12128,0,26023,3.27198,2.77470,0.84802,93,1,88.800,93,1,6,2613,195192,0,0,0.000,16.279,14.634,0,0.000,30.295,19.489,0,0,1,0,0
PPG,4,359603,14385670587,116,72969,80773,79318.805,1454.195,14.633,0,0,0,0,0.00,nan,1,2,0,nan,4,1,24,1,1,19,19,0,0,0,1503598413,0.04443,-0.00073,0.95361,0.95465,-0.00452,-0.00055,-0.00141,0.00476,0.95513,0.00603,0.00502,3,12143,0,26023,3.27198,2.77470,0.84802,93,1,88.800,93,1,6,4318,195192,0,0,0.000,16.279,14.634,0,0.000,30.295,19.489,0,0,1,0,0
PPG,4,359604,14385710587,118,72975,80767,79333.289,1433.711,-14.539,0,0,0,0,0.00,nan,1,2,0,nan,4,1,24,1,1,20,20,0,0,0,1503637381,0.04492,0.00293,0.95264,0.95370,-0.00638,-0.00055,-0.00221,0.00678,0.95742,0.00319,0.00678,3,12138,0,26023,3.27198,2.77470,0.84802,93,1,88.800,93,1,6,2611,195192,0,0,0.000,16.279,14.634,0,0.000,30.295,19.489,0,0,1,0,0
PPG,4,359605,14385750587,115,72977,80820,79348.156,1471.844,-37.312,0,0,0,0,0.00,nan,1,2,0,nan,4,1,24,1,1,21,21,0,0,0,1503678912,0.04321,0.00293,0.95361,0.95460,-0.00612,-0.00001,-0.00194,0.00642,0.95512,0.00142,0.00689,3,12138,0,26023,3.27198,2.77470,0.84802,93,1,88.800,93,1,6,4316,195192,0,0,0.000,16.279,14.634,0,0.000,30.295,19.489,0,0,1,0,0
PPG,4,359606,14385790587,119,72997,80869,79363.367,1505.633,-56.953,0,0,0,0,0.00,nan,1,2,0,nan,4,1,24,1,1,22,22,0,0,0,1503717963,0.04395,0.00488,0.94922,0.95025,-0.00638,-0.00001,-0.00247,0.00685,0.95364,0.00323,0.00685,3,12160,0,26023,3.27198,2.77470,0.84802,93,1,88.800,93,1,6,4307,195192,0,0,0.000,16.279,14.634,0,0.000,30.295,19.489,0,0,1,0,0
PPG,4,359607,14385830587,115,73019,80910,79378.836,1531.164,-71.281,0,0,0,0,0.00,nan,1,2,0,nan,4,1,24,1,1,23,23,0,0,0,1503756891,0.03931,0.00366,0.94507,0.94589,-0.00558,-0.00028,-0.00167,0.00584,0.95316,0.00727,0.00584,3,12123,0,26023,3.27198,2.77470,0.84802,93,1,88.800,93,1,6,2600,195192,0,0,0.000,16.279,14.634,0,0.000,30.295,19.489,0,0,1,0,0
PPG,4,359608,14385870587,118,73022,80942,79394.469,1547.531,-77.117,0,0,0,0,0.00,nan,1,2,0,nan,4,1,24,1,1,24,24,0,0,0,1503798401,0.04175,0.00879,0.95435,0.95530,-0.00612,0.00052,-0.00300,0.00684,0.95751,0.01088,0.00688,3,12134,0,26023,3.27198,2.77470,0.84802,93,1,88.800,93,1,6,4349,195192,0,0,0.000,16.279,14.634,0,0.000,30.295,19.489,0,0,1,0,0
PPG,4,359609,14385910587,116,72995,80901,79409.531,1491.469,-72.281,0,0,0,0,0.00,nan,1,2,0,nan,4,1,24,1,1,25,25,0,0,0,1503837381,0.04565,0.00244,0.95313,0.95422,-0.00638,-0.00135,-0.00167,0.00674,0.96092,0.00562,0.00674,3,12138,0,26023,3.27198,2.77470,0.84802,93,1,88.800,93,1,6,2611,195192,0,0,0.000,16.279,14.634,0,0.000,30.295,19.489,0,0,1,0,0
PPG,4,359610,14385950587,118,72992,80890,79424.336,1465.664,-52.211,0,0,0,0,0.00,nan,1,2,0,nan,4,1,24,1,1,26,26,0,0,0,1503878876,0.04517,0.00049,0.95435,0.95541,-0.00638,0.00052,-0.00194,0.00669,0.95541,0.00284,0.00669,3,12116,0,26023,3.27198,2.77470,0.84802,93,1,88.800,93,1,6,4304,195192,0,0,0.000,16.279,14.634,0,0.000,30.295,19.489,0,0,1,0,0
PPG,4,359611,14385990587,115,72993,80916,79439.250,1476.750,-28.727,0,0,0,0,0.00,nan,1,2,0,nan,4,1,24,1,1,27,27,0,0,0,1503917808,0.04077,0.00391,0.95386,0.95474,-0.00585,-0.00081,-0.00221,0.00631,0.95474,0.00189,0.00631,3,12140,0,26023,3.27198,2.77470,0.84802,93,1,88.800,93,1,6,4305,195192,0,0,0.000,16.279,14.634,0,0.000,30.295,19.489,0,0,1,0,0
PPG,4,359612,14386030587,118,73011,80953,79454.391,1498.609,-9.633,0,0,0,0,0.00,nan,1,2,0,nan,4,1,24,1,1,28,28,0,0,0,1503956733,0.04492,0.00024,0.95410,0.95516,-0.00692,-0.00081,-0.00221,0.00731,0.95983,0.00815,0.00731,3,12119,0,26023,3.27198,2.77470,0.84802,93,1,88.800,93,1,6,2611,195192,0,0,0.000,16.279,14.634,0,0.000,30.295,19.489,0,0,1,0,0
PPG,4,359613,14386070587,126,73032,80997,79469.820,1527.180,7.156,0,0,0,0,0.00,nan,1,2,0,nan,4,1,24,1,1,29,29,0,0,0,1503998039,0.04199,0.00146,0.95190,0.95283,-0.00505,0.00105,-0.00194,0.00551,0.95478,0.00195,0.00583,2,12186,0,26024,3.27198,2.77470,0.84802,93,1,88.800,93,1,6,4300,195192,0,0,0.000,16.279,14.634,0,0.000,30.295,19.489,0,0,1,0,0
PPG,4,359614,14386110587,118,73029,81021,79485.336,1535.664,20.414,0,0,0,0,0.00,nan,1,2,0,nan,4,1,24,1,1,30,30,0,0,0,1504037029,0.05054,0.00195,0.95166,0.95300,-0.00532,0.00025,-0.00167,0.00558,0.95300,0.00318,0.00647,3,12120,0,26024,3.27198,2.77470,0.84802,93,1,88.800,93,1,6,2604,195192,0,0,0.000,16.279,14.634,0,0.000,30.295,19.489,0,0,1,0,0
PPG,4,359615,14386150587,118,73044,81033,79500.812,1532.188,29.859,0,0,0,0,0.00,nan,1,2,0,nan,4,1,24,1,1,31,31,0,0,0,1504078539,0.04248,0.00659,0.95605,0.95702,-0.00612,-0.00081,-0.00221,0.00655,0.95784,0.00626,0.00655,3,12119,0,26024,3.27198,2.77470,0.84802,93,1,88.800,93,1,6,4300,195192,0,0,0.000,16.279,14.634,0,0.000,30.295,19.489,0,0,1,0,0
PPG,4,359616,14386190587,121,73057,81065,79516.453,1548.547,47.391,0,0,0,0,0.00,nan,1,2,0,nan,4,1,24,1,1,0,0,0,0,0,1504117583,0.04443,0.00684,0.95288,0.95394,-0.00612,-0.00081,-0.00141,0.00633,0.95667,0.00148,0.00699,3,12177,0,26024,3.27198,2.77470,0.84802,93,1,88.800,93,1,6,2606,195192,0,0,0.000,16.279,14.634,0,0.000,30.295,19.489,0,0,1,0,0
PPG,4,359617,14386230587,117,73045,81060,79531.891,1528.109,66.680,0,0,0,0,0.00,nan,1,2,0,nan,4,1,24,1,1,1,1,0,0,0,1504159094,0.04126,0.00439,0.94971,0.95061,-0.00558,-0.00028,-0.00141,0.00577,0.95618,0.00449,0.00707,3,12120,0,26024,3.27198,2.77470,0.84802,93,1,88.800,93,1,6,4304,195192,0,0,0.000,16.279,14.634,0,0.000,30.295,19.489,0,0,1,0,0
PPG,4,359618,14386270587,116,73042,81062,79547.195,1514.805,83.688,0,0,0,0,0.00,nan,1,2,0,nan,4,1,24,1,1,2,2,0,0,0,1504198002,0.04492,0.00659,0.95239,0.95347,-0.00558,-0.00055,-0.00167,0.00586,0.95508,0.00387,0.00693,3,12126,0,26024,3.27198,2.77470,0.84802,93,1,88.800,93,1,6,4301,195192,0,0,0.000,16.279,14.634,0,0.000,30.295,19.489,0,0,1,0,0
PPG,4,359619,14386310587,118,73008,81048,79562.203,1485.797,95.758,0,0,0,0,0.00,nan,1,2,0,nan,4,1,24,1,1,3,3,0,0,0,1504237325,0.03955,0.00464,0.95630,0.95713,-0.00665,-0.00081,-0.00141,0.00685,0.95713,0.00559,0.00685,3,12293,0,26024,3.27198,2.77470,0.84802,93,1,88.800,93,1,6,2600,195192,0,0,0.000,16.279,14.634,0,0.000,30.295,19.489,0,0,1,0,0
PPG,4,359620,14386350587,122,73022,81061,79577.188,1483.812,102.750,0,0,0,0,0.00,nan,1,2,0,nan,4,1,24,1,1,4,4,0,0,0,1504278917,0.04419,0.00171,0.95142,0.95244,-0.00585,0.00079,-0.00274,0.00651,0.95574,0.00500,0.00651,3,12185,0,26024,3.27198,2.77470,0.84802,93,1,88.800,93,1,6,4307,195192,0,0,0.000,16.279,14.634,0,0.000,30.295,19.489,0,0,1,0,0
PPG,4,359621,14386390587,489,73078,81140,79592.812,1547.188,111.648,0,0,0,0,0.00,nan,1,2,0,nan,4,1,24,1,1,5,5,0,0,0,1504317930,0.04224,0.00488,0.94971,0.95066,-0.00479,-0.00028,-0.00194,0.00517,0.95681,0.00437,0.00614,3,12140,0,26024,1.32853,1.21643,0.91562,-999,0,87.110,-999,0,6,4337,195192,0,0,0.000,16.279,14.634,0,0.000,30.295,19.489,0,0,1,0,0
PPG,4,359622,14386430587,166,73130,81197,79608.852,1588.148,119.180,0,0,0,0,0.00,nan,1,2,0,nan,4,1,24,1,1,6,6,0,0,0,1504357536,0.04248,0.00098,0.95825,0.95919,-0.00665,-0.00241,-0.00194,0.00734,0.96040,0.00974,0.00734,3,12117,0,26024,1.32853,1.21643,0.91562,-999,0,87.110,-999,0,6,2595,195192,0,0,0.000,16.279,14.634,0,0.000,30.295,19.489,0,0,1,0,0
PPG,4,359623,14386470587,123,73081,81063,79623.391,1439.609,104.391,0,0,0,0,0.00,nan,1,2,0,nan,4,1,24,1,1,7,7,0,0,0,1504399296,0.04199,0.00195,0.94678,0.94771,-0.00718,-0.00001,-0.00167,0.00738,0.96193,0.01422,0.00781,3,12121,0,26024,1.32853,1.21643,0.91562,-999,0,87.110,-999,0,6,4309,195192,0,0,0.000,16.374,14.485,0,0.000,30.295,19.489,0,0,1,0,0
PPG,4,359624,14386510587,118,73055,80953,79636.688,1316.312,79.812,0,0,0,0,0.00,nan,1,2,0,nan,4,1,24,1,1,8,8,0,0,0,1504438534,0.04297,0.00537,0.95264,0.95362,-0.00532,0.00079,-0.00274,0.00603,0.95733,0.00706,0.00758,3,12279,0,26024,1.32853,1.21643,0.91562,-999,0,87.110,-999,0,6,4321,195192,0,0,0.000,16.374,14.485,0,0.000,30.295,19.489,0,0,1,0,0
PPG,4,359625,14386550587,120,73082,81008,79650.398,1357.602,62.688,0,0,0,0,0.00,nan,1,2,0,nan,4,1,24,1,1,9,9,0,0,0,1504477869,0.04370,0.00024,0.95361,0.95461,-0.00532,-0.00001,-0.00194,0.00566,0.95851,0.01069,0.00571,3,12240,0,26024,1.32853,1.21643,0.91562,-999,0,87.110,-999,0,6,4363,195192,0,0,0.000,16.374,14.485,0,0.000,30.295,19.489,0,0,1,0,0
PPG,4,359626,14386590587,129,73154,81136,79665.258,1470.742,61.914,0,0,0,0,0.00,nan,1,2,0,nan,4,1,24,1,1,10,10,0,0,0,1504517193,0.04175,0.00293,0.95166,0.95258,-0.00638,-0.00001,-0.00194,0.00667,0.95709,0.00467,0.00667,3,12222,0,26024,1.32853,1.21643,0.91562,-999,0,87.110,-999,0,6,2640,195192,0,0,0.000,16.374,14.485,0,0.000,30.295,19.489,0,0,1,0,0
PPG,4,359627,14386630587,121,73192,81191,79680.516,1510.484,66.438,0,0,0,0,0.00,nan,1,2,0,nan,4,1,24,1,1,11,11,0,0,0,1504559208,0.04565,0.00024,0.95361,0.95471,-0.00612,-0.00001,-0.00167,0.00634,0.95471,0.00446,0.00645,3,12252,0,26024,1.32853,1.21643,0.91562,-999,0,87.110,-999,0,6,4340,195192,0,0,73.523,16.374,14.485,1,0.000,30.295,19.489,0,0,1,0,0
PPG,4,359628,14386670587,128,73222,81256,79696.273,1559.727,67.312,0,0,0,0,0.00,nan,1,2,0,nan,4,1,24,1,1,12,12,0,0,0,1504598571,0.04590,0.00635,0.95581,0.95693,-0.00665,-0.00055,-0.00141,0.00682,0.95728,0.00253,0.00682,3,12227,0,26024,1.32853,1.21643,0.91562,-999,0,87.110,-999,0,6,4322,195192,0,0,0.000,16.374,14.485,0,0.000,30.295,19.489,0,0,1,0,0
PPG,4,359629,14386710587,126,73262,81298,79712.289,1585.711,61.891,0,0,0,0,0.00,nan,1,2,0,nan,4,1,24,1,1,13,13,0,0,0,1504637936,0.04248,0.00317,0.95142,0.95237,-0.00505,-0.00001,-0.00167,0.00532,0.95615,0.00737,0.00639,3,12254,0,26024,1.32853,1.21643,0.91562,-999,0,87.110,-999,0,6,4339,195192,0,0,0.000,16.374,14.485,0,0.000,29.314,20.856,0,0,1,0,0
PPG,4,359630,14386750587,142,73259,81278,79727.945,1550.055,73.203,1,0,1,0,0.00,nan,1,2,0,nan,4,1,24,1,1,14,14,0,0,0,1504677183,0.04370,0.00830,0.95386,0.95489,-0.00558,-0.00001,-0.00087,0.00565,0.95548,0.00657,0.00645,3,12222,0,26024,1.32853,1.21643,0.91562,-999,0,87.110,-999,0,6,2620,195192,0,0,0.000,16.374,14.485,0,196.297,29.314,20.856,1,1,1,0,1
PPG,4,359631,14386790587,128,73233,81226,79742.930,1483.070,96.703,0,0,0,0,0.00,nan,1,2,0,nan,4,1,24,1,1,15,15,0,0,0,1504719176,0.04541,0.00366,0.95435,0.95543,-0.00532,-0.00028,-0.00141,0.00551,0.96079,0.00592,0.00625,3,12271,0,26024,1.32853,1.21643,0.91562,-999,0,87.110,-999,0,6,4343,195192,0,0,0.000,15.948,13.614,0,0.000,28.624,19.917,0,0,1,0,1
PPG,4,359632,14386830587,118,73238,81249,79757.992,1491.008,116.328,0,0,0,0,0.00,nan,1,2,0,nan,4,1,24,1,1,16,16,0,0,0,1504758518,0.04248,0.00146,0.95532,0.95627,-0.00612,-0.00028,-0.00167,0.00635,0.95627,0.00765,0.00635,3,12263,0,26024,1.32853,1.21643,0.91562,-999,0,87.110,-999,0,6,4313,195192,0,0,0.000,15.948,13.614,0,0.000,28.624,19.917,0,0,1,0,1
PPG,4,359633,14386870587,119,73244,81270,79773.109,1496.891,121.820,0,0,0,0,0.00,nan,1,2,0,nan,4,1,24,1,1,17,17,0,0,0,1504797723,0.04297,0.00049,0.94775,0.94873,-0.00665,-0.00055,-0.00087,0.00673,0.95261,0.00366,0.00739,3,12256,0,26024,1.32853,1.21643,0.91562,-999,0,87.110,-999,0,6,2625,195192,0,0,0.000,15.948,13.614,0,0.000,28.624,19.917,0,0,1,0,1
PPG,4,359634,14386910587,138,73250,81298,79788.359,1509.641,123.258,0,0,0,0,0.00,nan,1,2,0,nan,4,1,24,1,1,18,19,0,0,0,1504880520,0.04028,0.00464,0.95410,0.95496,-0.00585,0.00079,-0.00194,0.00621,0.95496,0.00363,0.00638,2,65483,0,26029,1.32853,1.21643,0.91562,-999,0,87.110,-999,0,6,65519,195192,0,0,0.000,15.948,13.614,0,0.000,28.624,19.917,0,0,1,0,1
PPG,4,359635,14386950587,132,73269,81322,79803.695,1518.305,118.242,0,0,0,0,0.00,nan,1,2,0,nan,4,1,24,1,1,19,19,0,0,0,1504892705,0.04346,0.00146,0.95459,0.95558,-0.00692,0.00025,-0.00167,0.00712,0.95558,0.00062,0.00712,1,12185,0,26029,1.32853,1.21643,0.91562,-999,0,87.110,-999,0,6,12117,195192,0,0,0.000,15.948,13.614,0,0.000,28.624,19.917,0,0,1,0,1
PPG,4,359636,14386990587,119,73284,81380,79819.461,1560.539,114.203,0,0,0,0,0.00,nan,1,2,0,nan,4,1,24,1,1,20,20,0,0,0,1504917146,0.04248,0.00342,0.95459,0.95554,-0.00585,0.00025,-0.00034,0.00587,0.95748,0.00194,0.00662,2,12279,0,26029,1.32853,1.21643,0.91562,-999,0,87.110,-999,0,6,2630,195192,0,0,0.000,15.948,13.614,0,0.000,28.624,19.917,0,0,1,0,1
PPG,4,359637,14387030587,129,73310,81384,79835.109,1548.891,113.141,0,0,0,0,0.00,nan,1,2,0,nan,4,1,24,1,1,21,21,0,0,0,1504959163,0.04077,0.00610,0.94922,0.95011,-0.00692,-0.00188,-0.00194,0.00743,0.95188,0.00817,0.00743,3,12262,0,26029,1.32853,1.21643,0.91562,-999,0,87.110,-999,0,6,4343,195192,0,0,0.000,15.948,13.614,0,0.000,28.624,19.917,0,0,1,0,1
PPG,4,359638,14387070587,135,73282,81384,79850.602,1533.398,119.609,0,0,0,0,0.00,nan,1,2,0,nan,4,1,24,1,1,22,22,0,0,0,1504998188,0.03784,0.00244,0.95117,0.95193,-0.00612,-0.00081,-0.00194,0.00647,0.95455,0.00444,0.00655,2,12325,0,26030,1.32853,1.21643,0.91562,-999,0,87.110,-999,0,6,4345,195192,0,0,0.000,15.948,13.614,0,0.000,28.624,19.917,0,0,1,0,1
PPG,4,359639,14387110587,119,73277,81381,79865.906,1515.094,121.820,0,0,0,0,0.00,nan,1,2,0,nan,4,1,24,1,1,23,23,0,0,0,1505037471,0.04468,0.00415,0.95435,0.95540,-0.00745,-0.00028,-0.00194,0.00770,0.95540,0.00271,0.00770,3,12280,0,26030,1.32853,1.21643,0.91562,-999,0,87.110,-999,0,6,2600,195192,0,0,0.000,15.948,13.614,0,0.000,28.624,19.917,0,0,1,0,1
PPG,4,359640,14387150587,120,73281,81391,79881.156,1509.844,122.609,0,0,0,0,0.00,nan,1,2,0,nan,4,1,24,1,1,24,24,0,0,0,1505079191,0.04150,0.00293,0.95288,0.95379,-0.00558,-0.00055,-0.00087,0.00568,0.95816,0.00437,0.00623,3,12250,0,26030,1.32853,1.21643,0.91562,-999,0,87.110,-999,0,6,4341,195192,0,0,0.000,15.948,13.614,0,0.000,28.624,19.917,0,0,1,0,1
PPG,4,359641,14387190587,119,73306,81439,79896.734,1542.266,127.797,0,0,0,0,0.00,nan,1,2,0,nan,4,1,24,1,1,25,25,0,0,0,1505118105,0.04272,0.00293,0.95093,0.95189,-0.00638,-0.00081,-0.00407,0.00761,0.95504,0.00558,0.00761,3,12121,0,26030,1.32853,1.21643,0.91562,-999,0,87.110,-999,0,6,2602,195192,0,0,83.883,15.948,13.614,1,0.000,28.624,19.917,0,0,1,0,1
PPG,4,359642,14387230587,142,73298,81389,79911.656,1477.344,127.773,1,0,1,520,115.38,115.38,2,1,0,nan,4,1,24,1,1,26,26,0,0,0,1505159657,0.04102,0.00635,0.94897,0.94988,-0.00532,-0.00135,-0.00141,0.00566,0.95579,0.00416,0.00706,3,12111,0,26030,1.32853,1.21643,0.91562,-999,0,87.110,-999,0,3,4306,195192,0,0,0.000,15.948,13.614,0,61.367,28.619,19.924,1,1,1,0,2
PPG,4,359643,14387270587,123,73253,81246,79925.000,1321.000,99.477,0,0,0,0,115.38,115.38,2,1,0,nan,4,1,24,1,1,27,27,0,0,0,1505198703,0.04736,0.00415,0.94629,0.94748,-0.00665,-0.00428,-0.00114,0.00799,0.95048,0.00267,0.00799,3,12118,0,26030,1.32853,1.21643,0.91562,-999,0,87.110,-999,0,3,4302,195192,0,0,0.000,15.640,12.984,0,0.000,27.171,17.956,0,0,1,0,2
PPG,4,359644,14387310587,118,73168,81135,79937.102,1197.898,54.812,0,0,0,0,115.38,115.38,2,1,0,nan,4,1,24,1,1,28,28,0,0,0,1505237661,0.04492,0.00610,0.94946,0.95054,-0.00612,-0.00215,-0.00167,0.00670,0.95568,0.00820,0.00799,3,12122,0,26030,1.32853,1.21643,0.91562,-999,0,87.110,-999,0,3,2624,195192,0,0,0.000,15.640,12.984,0,0.000,27.171,17.956,0,0,1,0,2
PPG,4,359645,14387350587,123,73112,81070,79948.430,1121.570,6.852,0,0,0,0,115.38,115.38,2,1,0,nan,4,1,24,1,1,29,29,0,0,0,1505279317,0.04199,0.00513,0.95728,0.95821,-0.00532,0.00105,-0.00167,0.00567,0.95875,0.00552,0.00716,3,12131,0,26030,1.32853,1.21643,0.91562,-999,0,87.110,-999,0,3,4301,195192,0,0,0.000,15.640,12.984,0,0.000,27.171,17.956,0,0,1,0,2
PPG,4,359646,14387390587,506,73095,81098,79959.922,1138.078,-31.680,0,0,0,0,115.38,115.38,2,1,0,nan,4,1,24,1,1,30,30,0,0,0,1505318264,0.03979,0.00415,0.95483,0.95567,-0.00505,0.00238,-0.00194,0.00591,0.96044,0.00341,0.00630,3,12112,0,26030,0.30386,0.14405,0.47408,64,1,98.148,68,1,3,4297,195192,0,0,0.000,15.640,12.984,0,0.000,27.171,17.956,0,0,1,0,2
PPG,4,359647,14387430587,170,73219,81244,79972.766,1271.234,-55.328,0,0,0,0,115.38,115.38,2,1,0,nan,4,1,24,1,1,31,31,0,0,0,1505357676,0.04150,0.00684,0.94727,0.94820,-0.00452,0.00105,-0.00141,0.00485,0.95880,0.01061,0.00547,3,12113,0,26030,0.30386,0.14405,0.47408,64,1,98.148,68,1,3,2601,195192,0,0,0.000,15.640,12.984,0,0.000,27.171,17.956,0,0,1,0,2
PPG,4,359648,14387470587,117,73318,81319,79986.227,1332.773,-75.617,0,0,0,0,115.38,115.38,2,1,0,nan,4,1,24,1,1,0,0,0,0,0,1505399271,0.04614,0.00244,0.94995,0.95107,-0.00638,-0.00055,-0.00221,0.00678,0.95386,0.00567,0.00678,3,12114,0,26030,0.30386,0.14405,0.47408,64,1,98.148,68,1,3,4300,195192,0,0,0.000,15.640,12.984,0,0.000,27.171,17.956,0,0,1,0,2
PPG,4,359649,14387510587,125,73335,81319,79999.555,1319.445,-86.672,0,0,0,0,115.38,115.38,2,1,0,nan,4,1,24,1,1,1,1,0,0,0,1505438214,0.04321,0.00391,0.95459,0.95558,-0.00558,-0.00348,-0.00114,0.00668,0.95558,0.00385,0.00696,3,12122,0,26030,0.30386,0.14405,0.47408,64,1,98.148,68,1,3,4331,195192,0,0,0.000,15.640,12.984,0,0.000,27.171,17.956,0,0,1,0,2
PPG,4,359650,14387550587,118,73336,81312,80012.680,1299.320,-78.938,0,0,0,0,115.38,115.38,2,1,0,nan,4,1,24,1,1,2,2,0,0,0,1505477185,0.04736,0.00439,0.95361,0.95480,-0.00665,-0.00268,-0.00087,0.00722,0.95569,0.00270,0.00787,3,12118,0,26030,0.30386,0.14405,0.47408,64,1,98.148,68,1,3,2599,195192,0,0,0.000,15.640,12.984,0,0.000,27.171,17.956,0,0,1,0,2
PPG,4,359651,14387590587,124,73278,81258,80025.133,1232.867,-62.969,0,0,0,0,115.38,115.38,2,1,0,nan,4,1,24,1,1,3,3,0,0,0,1505518773,0.04639,0.00562,0.95581,0.95695,-0.00638,-0.00135,-0.00114,0.00662,0.95695,0.00489,0.00817,3,12116,0,26030,0.30386,0.14405,0.47408,64,1,98.148,68,1,3,4305,195192,0,0,0.000,15.640,12.984,0,0.000,27.171,17.956,0,0,1,0,2
PPG,4,359652,14387630587,118,73237,81230,80037.180,1192.820,-39.164,0,0,0,0,115.38,115.38,2,1,0,nan,4,1,24,1,1,4,4,0,0,0,1505557892,0.04346,0.00317,0.95435,0.95534,-0.00532,0.00185,-0.00274,0.00626,0.95896,0.00469,0.00628,3,12250,0,26030,0.30386,0.14405,0.47408,64,1,98.148,68,1,3,2636,195192,0,0,0.000,15.640,12.984,0,0.000,27.171,17.956,0,0,1,0,2
PPG,4,359653,14387670587,121,73251,81262,80049.430,1212.570,-15.336,0,0,0,0,115.38,115.38,2,1,0,nan,4,1,24,1,1,5,5,0,0,0,1505599655,0.04272,0.00415,0.95557,0.95653,-0.00585,0.00212,-0.00087,0.00628,0.95953,0.00706,0.00638,3,12106,0,26030,0.30386,0.14405,0.47408,64,1,98.148,68,1,3,4297,195192,0,0,0.000,15.640,12.984,0,0.000,27.171,17.956,0,0,1,0,2
PPG,4,359654,14387710587,117,73279,81290,80061.836,1228.164,-8.359,0,0,0,0,115.38,115.38,2,1,0,nan,4,1,24,1,1,6,6,0,0,0,1505638623,0.04102,0.00293,0.94922,0.95011,-0.00558,-0.00028,-0.00087,0.00566,0.95526,0.00418,0.00585,3,12106,0,26030,0.30386,0.14405,0.47408,64,1,98.148,68,1,3,4295,195192,0,0,0.000,15.640,12.984,0,0.000,27.171,17.956,0,0,1,0,2
PPG,4,359655,14387750587,127,73247,81269,80073.906,1195.094,-12.859,0,0,0,0,115.38,115.38,2,1,0,nan,4,1,24,1,1,7,7,0,0,0,1505677615,0.04346,0.00464,0.95825,0.95925,-0.00692,-0.00295,-0.00167,0.00770,0.95925,0.00621,0.00822,3,12112,0,26030,0.30386,0.14405,0.47408,64,1,98.148,68,1,3,2670,195192,0,0,0.000,15.640,12.984,0,0.000,27.171,17.956,0,0,1,0,2
PPG,4,359656,14387790587,118,73196,81225,80085.414,1139.586,-18.539,0,0,0,0,115.38,115.38,2,1,0,nan,4,1,24,1,1,8,8,0,0,0,1505719435,0.04395,0.00073,0.94995,0.95097,-0.00665,-0.00295,-0.00061,0.00730,0.95097,0.00843,0.00765,3,12279,0,26030,0.30386,0.14405,0.47408,64,1,98.148,68,1,3,4309,195192,0,0,0.000,15.640,12.984,0,0.000,27.171,17.956,0,0,1,0,2
PPG,4,359657,14387830587,122,73109,81126,80095.820,1030.180,-32.211,0,0,0,0,115.38,115.38,2,1,0,nan,4,1,24,1,1,9,9,0,0,0,1505758664,0.04443,0.00342,0.95166,0.95270,-0.00585,-0.00055,-0.00194,0.00619,0.95520,0.00423,0.00631,3,12376,0,26030,0.30386,0.14405,0.47408,64,1,98.148,68,1,3,4313,195192,0,0,0.000,15.640,12.984,0,0.000,27.171,17.956,0,0,1,0,2
PPG,4,359658,14387870587,121,73132,81157,80106.430,1050.570,-35.289,0,0,0,0,115.38,115.38,2,1,0,nan,4,1,24,1,1,10,10,0,0,0,1505797954,0.04517,0.00220,0.95459,0.95566,-0.00558,-0.00001,-0.00114,0.00570,0.95655,0.00385,0.00655,3,12257,0,26030,0.30386,0.14405,0.47408,64,1,98.148,68,1,3,2625,195192,0,0,0.000,15.640,12.984,0,0.000,27.171,17.956,0,0,1,0,2
PPG,4,359659,14387910587,124,73160,81207,80117.438,1089.562,-29.867,0,0,0,0,115.38,115.38,2,1,0,nan,4,1,24,1,1,11,11,0,0,0,1505839916,0.04028,0.00244,0.95142,0.95227,-0.00585,-0.00161,-0.00141,0.00623,0.95686,0.00459,0.00731,3,12226,0,26030,0.30386,0.14405,0.47408,64,1,98.148,68,1,3,4328,195192,0,0,0.000,15.640,12.984,0,0.000,27.171,17.956,0,0,1,0,2
PPG,4,359660,14387950587,121,73151,81224,80128.500,1095.500,-26.953,0,0,0,0,115.38,115.38,2,1,0,nan,4,1,24,1,1,12,12,0,0,0,1505879319,0.04077,0.00464,0.95728,0.95815,-0.00532,-0.00188,-0.00221,0.00606,0.95815,0.01162,0.00656,3,12245,0,26030,0.30386,0.14405,0.47408,64,1,98.148,68,1,3,4333,195192,0,0,0.000,15.640,12.984,0,0.000,27.171,17.956,0,0,1,0,2
PPG,4,359661,14387990587,120,73153,81224,80139.453,1084.547,-25.633,0,0,0,0,115.38,115.38,2,1,0,nan,4,1,24,1,1,13,13,0,0,0,1505918666,0.04810,0.00391,0.95117,0.95240,-0.00558,-0.00188,-0.00141,0.00606,0.95425,0.00390,0.00759,3,12279,0,26030,0.30386,0.14405,0.47408,64,1,98.148,68,1,3,4341,195192,0,0,0.000,15.640,12.984,0,0.000,27.171,17.956,0,0,1,0,2
PPG,4,359662,14388030587,145,73109,81110,80149.156,960.844,-34.391,1,0,1,820,73.17,73.17,2,1,0,nan,4,1,24,1,1,14,14,0,0,0,1505957986,0.04199,0.00244,0.95923,0.96015,-0.00532,-0.00028,-0.00141,0.00551,0.96165,0.01142,0.00602,3,12273,0,26030,0.30386,0.14405,0.47408,64,1,98.148,68,1,3,2626,195192,0,0,70.070,15.640,12.984,1,78.312,26.692,18.594,1,1,1,0,3
PPG,4,359663,14388070587,133,73057,80931,80156.977,774.023,-60.641,0,0,0,0,73.17,73.17,2,1,0,nan,4,1,24,1,1,15,15,0,0,0,1505999799,0.04248,0.00195,0.95581,0.95676,-0.00532,0.00025,-0.00141,0.00551,0.95676,0.01044,0.00585,2,12303,0,26031,0.30386,0.14405,0.47408,64,1,98.148,68,1,3,4316,195192,0,0,0.000,15.284,12.257,0,0.000,25.531,16.959,0,0,1,0,3
PPG,4,359664,14388110587,146,73035,80897,80164.375,732.625,-81.461,0,0,0,0,73.17,73.17,2,1,0,nan,4,1,24,1,1,16,16,0,0,0,1506039082,0.04272,0.00317,0.95142,0.95238,-0.00585,-0.00001,-0.00114,0.00596,0.95238,0.00509,0.00650,3,12243,0,26031,0.30386,0.14405,0.47408,64,1,98.148,68,1,3,4342,195192,0,0,0.000,15.284,12.257,0,0.000,25.531,16.959,0,0,1,0,3
PPG,4,359665,14388150587,123,73044,80912,80171.852,740.148,-108.562,0,0,0,0,73.17,73.17,2,1,0,nan,4,1,24,1,1,17,17,0,0,0,1506078489,0.04272,0.00415,0.95068,0.95165,-0.00665,-0.00268,-0.00061,0.00720,0.95514,0.00349,0.00743,3,12250,0,26031,0.30386,0.14405,0.47408,64,1,98.148,68,1,3,4342,195192,0,0,0.000,15.284,12.257,0,0.000,25.531,16.959,0,0,1,0,3
PPG,4,359666,14388190587,123,73032,80944,80179.570,764.430,-138.430,0,0,0,0,73.17,73.17,2,1,0,nan,4,1,24,1,1,18,18,0,0,0,1506117790,0.04517,0.00781,0.95435,0.95545,-0.00612,-0.00215,-0.00167,0.00670,0.95855,0.00805,0.00750,3,12247,0,26031,0.30386,0.14405,0.47408,64,1,98.148,68,1,3,2657,195192,0,0,0.000,15.284,12.257,0,0.000,25.531,16.959,0,0,1,0,3
PPG,4,359667,14388230587,124,72971,80919,80186.961,732.039,-165.750,0,0,0,0,73.17,73.17,2,1,0,nan,4,1,24,1,1,19,19,0,0,0,1506159753,0.04199,0.00195,0.95215,0.95308,-0.00665,-0.00215,-0.00194,0.00725,0.95308,0.00384,0.00725,3,12257,0,26031,0.30386,0.14405,0.47408,64,1,98.148,68,1,3,4347,195192,0,0,0.000,15.284,12.257,0,0.000,25.531,16.959,0,0,1,0,3
PPG,4,359668,14388270587,127,72887,80874,80193.828,680.172,-193.500,0,0,0,0,73.17,73.17,2,1,0,nan,4,1,24,1,1,20,20,0,0,0,1506199047,0.04492,-0.00073,0.95264,0.95370,-0.00558,-0.00161,-0.00114,0.00592,0.95458,0.00316,0.00686,3,12224,0,26031,0.30386,0.14405,0.47408,64,1,98.148,68,1,3,4332,195192,0,0,0.000,15.284,12.257,0,0.000,25.531,16.959,0,0,1,0,3
PPG,4,359669,14388310587,123,72741,80719,80199.078,519.922,-219.359,0,0,0,0,73.17,73.17,2,1,0,nan,4,1,24,1,1,21,21,0,0,0,1506238288,0.04517,0.00708,0.94336,0.94447,-0.00638,-0.00055,-0.00114,0.00651,0.95782,0.00895,0.00651,3,12244,0,26031,0.30386,0.14405,0.47408,64,1,98.148,68,1,3,2639,195192,0,0,0.000,15.284,12.257,0,0.000,25.531,16.959,0,0,1,0,3
PPG,4,359670,14388350587,122,72694,80705,80204.141,500.859,-221.289,0,0,0,0,73.17,73.17,2,1,0,nan,4,1,24,1,1,22,22,0,0,0,1506280274,0.04150,0.00537,0.95410,0.95502,-0.00532,0.00158,-0.00114,0.00566,0.95554,0.00632,0.00597,3,12251,0,26031,0.30386,0.14405,0.47408,64,1,98.148,68,1,3,4335,195192,0,0,0.000,15.284,12.257,0,0.000,25.531,16.959,0,0,1,0,3
PPG,4,359671,14388390587,515,72777,80845,80210.547,634.453,-208.070,0,0,0,0,73.17,73.17,2,1,0,nan,4,1,24,1,1,23,23,0,0,0,1506319542,0.04395,0.00342,0.95288,0.95390,-0.00585,0.00079,-0.00087,0.00597,0.95439,0.00153,0.00616,3,12236,0,26031,0.25395,0.17875,0.70390,76,1,92.403,50,1,3,4338,195192,0,0,0.000,15.284,12.257,0,0.000,25.531,16.959,0,0,1,0,3
PPG,4,359672,14388430587,170,72895,80967,80218.109,748.891,-187.062,0,0,0,0,73.17,73.17,2,1,0,nan,4,1,24,1,1,24,24,0,0,0,1506359202,0.04297,0.00146,0.95264,0.95361,-0.00505,-0.00135,-0.00114,0.00535,0.96036,0.00676,0.00616,3,12209,0,26031,0.25395,0.17875,0.70390,76,1,92.403,50,1,3,4343,195192,0,0,0.000,15.284,12.257,0,0.000,25.531,16.959,0,0,1,0,3
PPG,4,359673,14388470587,126,72890,81002,80225.945,776.055,-165.781,0,0,0,0,73.17,73.17,2,1,0,nan,4,1,24,1,1,25,25,0,0,0,1506398603,0.04272,0.00562,0.94727,0.94825,-0.00638,-0.00028,-0.00167,0.00661,0.95197,0.00373,0.00661,3,12252,0,26031,0.25395,0.17875,0.70390,76,1,92.403,50,1,3,4364,195192,0,0,0.000,15.284,12.257,0,0.000,25.531,16.959,0,0,1,0,3
PPG,4,359674,14388510587,126,72865,80985,80233.539,751.461,-141.102,0,0,0,0,73.17,73.17,2,1,0,nan,4,1,24,1,1,26,26,0,0,0,1506437643,0.04492,0.00488,0.96118,0.96224,-0.00585,0.00025,-0.00194,0.00617,0.96224,0.01380,0.00633,3,12144,0,26031,0.25395,0.17875,0.70390,76,1,92.403,50,1,3,2602,195192,0,0,0.000,15.284,12.257,0,0.000,25.531,16.959,0,0,1,0,3
PPG,4,359675,14388550587,122,72870,81002,80241.227,760.773,-109.461,0,0,0,0,73.17,73.17,2,1,0,nan,4,1,24,1,1,27,27,0,0,0,1506479253,0.04346,0.00562,0.95264,0.95364,-0.00638,0.00025,-0.00141,0.00654,0.95605,0.00622,0.00654,3,12166,0,26031,0.25395,0.17875,0.70390,76,1,92.403,50,1,3,4337,195192,0,0,0.000,15.284,12.257,0,0.000,25.531,16.959,0,0,1,0,3
PPG,4,359676,14388590587,122,72918,81073,80249.547,823.453,-51.289,0,0,0,0,73.17,73.17,2,1,0,nan,4,1,24,1,1,28,28,0,0,0,1506518243,0.04443,0.00269,0.95508,0.95612,-0.00505,-0.00028,-0.00114,0.00519,0.95612,0.00684,0.00623,3,12118,0,26031,0.25395,0.17875,0.70390,76,1,92.403,50,1,3,2598,195192,0,0,0.000,15.284,12.257,0,0.000,25.531,16.959,0,0,1,0,3
PPG,4,359677,14388630587,123,72990,81155,80258.602,896.398,11.539,0,0,0,0,73.17,73.17,2,1,0,nan,4,1,24,1,1,29,29,0,0,0,1506559775,0.03979,0.00610,0.95239,0.95324,-0.00585,-0.00028,-0.00167,0.00609,0.95518,0.00265,0.00637,3,12113,0,26031,0.25395,0.17875,0.70390,76,1,92.403,50,1,3,4304,195192,0,0,0.000,15.284,12.257,0,0.000,25.531,16.959,0,0,1,0,3
PPG,4,359678,14388670587,121,72991,81184,80267.859,916.141,58.617,0,0,0,0,73.17,73.17,2,1,0,nan,4,1,24,1,1,30,30,0,0,0,1506598753,0.04395,0.00781,0.95581,0.95685,-0.00692,-0.00081,-0.00167,0.00716,0.95685,0.00608,0.00716,3,12115,0,26031,0.25395,0.17875,0.70390,76,1,92.403,50,1,3,4296,195192,0,0,0.000,15.284,12.257,0,0.000,25.531,16.959,0,0,1,0,3
PPG,4,359679,14388710587,123,73000,81186,80277.039,908.961,90.961,0,0,0,0,73.17,73.17,2,1,0,nan,4,1,24,1,1,31,31,0,0,0,1506637704,0.04517,0.00684,0.95703,0.95812,-0.00558,0.00025,-0.00167,0.00583,0.96133,0.00679,0.00583,3,12127,0,26031,0.25395,0.17875,0.70390,76,1,92.403,50,1,3,2610,195192,0,0,0.000,15.284,12.257,0,0.000,25.531,16.959,0,0,1,0,3
PPG,4,359680,14388750587,122,73052,81246,80286.727,959.273,124.711,0,0,0,0,73.17,73.17,2,1,0,nan,4,1,24,1,1,0,0,0,0,0,1506679304,0.04541,0.00098,0.95093,0.95201,-0.00532,-0.00161,-0.00114,0.00567,0.95597,0.00301,0.00659,3,12153,0,26031,0.25395,0.17875,0.70390,76,1,92.403,50,1,3,4317,195192,0,0,0.000,15.284,12.257,0,0.000,25.531,16.959,0,0,1,0,3
PPG,4,359681,14388790587,123,73031,81180,80295.656,884.344,154.773,0,0,0,0,73.17,73.17,2,1,0,nan,4,1,24,1,1,1,1,0,0,0,1506718247,0.04297,0.00293,0.95264,0.95361,-0.00665,-0.00215,-0.00141,0.00713,0.95783,0.00538,0.00728,3,12108,0,26031,0.25395,0.17875,0.70390,76,1,92.403,50,1,3,2598,195192,0,0,0.000,15.284,12.257,0,0.000,25.531,16.959,0,0,1,0,3
PPG,4,359682,14388830587,122,72949,81016,80302.859,713.141,161.469,0,0,0,0,73.17,73.17,2,1,0,nan,4,1,24,1,1,2,2,0,0,0,1506759768,0.04590,0.00537,0.95557,0.95668,-0.00718,-0.00215,-0.00141,0.00763,0.95668,0.00141,0.00763,3,12112,0,26031,0.25395,0.17875,0.70390,76,1,92.403,50,1,3,4300,195192,0,0,0.000,15.284,12.257,0,0.000,25.531,16.959,0,0,1,0,3
PPG,4,359683,14388870587,128,72944,81004,80309.867,694.133,147.961,0,0,0,0,73.17,73.17,2,1,0,nan,4,1,24,1,1,3,3,0,0,0,1506798774,0.04053,0.00195,0.95508,0.95594,-0.00665,-0.00161,-0.00114,0.00694,0.95594,0.00837,0.00733,3,12115,0,26031,0.25395,0.17875,0.70390,76,1,92.403,50,1,3,4305,195192,0,0,0.000,15.284,12.257,0,0.000,25.531,16.959,0,0,1,0,3
PPG,4,359684,14388910587,126,72891,80975,80316.516,658.484,118.352,0,0,0,0,73.17,73.17,2,1,0,nan,4,1,24,1,1,4,4,0,0,0,1506837732,0.04663,0.00659,0.95410,0.95526,-0.00585,-0.00055,-0.00167,0.00611,0.95580,0.00392,0.00651,3,12119,0,26031,0.25395,0.17875,0.70390,76,1,92.403,50,1,3,2604,195192,0,0,0.000,15.284,12.257,0,0.000,25.531,16.959,0,0,1,0,3
PPG,4,359685,14388950587,123,72897,80984,80323.188,660.812,86.180,0,0,0,0,73.17,73.17,2,1,0,nan,4,1,24,1,1,5,5,0,0,0,1506879289,0.04761,0.01001,0.95264,0.95388,-0.00558,-0.00028,-0.00114,0.00571,0.95766,0.00585,0.00669,3,12130,0,26031,0.25395,0.17875,0.70390,76,1,92.403,50,1,3,4304,195192,0,0,0.000,15.284,12.257,0,0.000,25.531,16.959,0,0,1,0,3
PPG,4,359686,14388990587,124,72911,81024,80330.195,693.805,59.039,0,0,0,0,73.17,73.17,2,1,0,nan,4,1,24,1,1,6,6,0,0,0,1506918342,0.04565,0.00220,0.94727,0.94837,-0.00452,0.00185,-0.00087,0.00496,0.94837,0.00972,0.00591,3,12130,0,26031,0.25395,0.17875,0.70390,76,1,92.403,50,1,3,2601,195192,0,0,0.000,15.284,12.257,0,0.000,25.531,16.959,0,0,1,0,3
PPG,4,359687,14389030587,124,72919,81048,80337.375,710.625,24.297,0,0,0,0,73.17,73.17,2,1,0,nan,4,1,24,1,1,7,7,0,0,0,1506959895,0.04248,0.00464,0.95142,0.95238,-0.00532,-0.00028,-0.00221,0.00576,0.95616,0.00631,0.00648,3,12122,0,26031,0.25395,0.17875,0.70390,76,1,92.403,50,1,3,4315,195192,0,0,0.000,15.284,12.257,0,0.000,25.531,16.959,0,0,1,0,3
PPG,4,359688,14389070587,133,72924,81041,80344.414,696.586,-3.906,0,0,0,0,73.17,73.17,2,1,0,nan,4,1,24,1,1,8,8,0,0,0,1506998756,0.04468,0.00439,0.95166,0.95272,-0.00612,0.00052,-0.00167,0.00636,0.95841,0.00604,0.00660,2,12204,0,26032,0.25395,0.17875,0.70390,76,1,92.403,50,1,3,4297,195192,0,0,0.000,15.284,12.257,0,0.000,25.531,16.959,0,0,1,0,3
PPG,4,359689,14389110587,124,72932,81036,80351.328,684.672,-16.898,0,1,0,0,73.17,73.17,2,1,0,nan,4,1,24,1,1,9,9,0,0,0,1507037732,0.04272,0.00366,0.94312,0.94409,-0.00665,0.00052,-0.00061,0.00670,0.95746,0.01337,0.00670,3,12119,0,26032,0.25395,0.17875,0.70390,76,1,92.403,50,1,3,2615,195192,0,0,0.000,15.284,12.257,0,0.000,25.531,16.959,0,0,1,0,3
PPG,4,359690,14389150587,123,72950,81059,80358.406,700.594,-26.742,1,0,0,0,73.17,73.17,2,1,0,nan,4,1,24,1,1,10,10,0,0,0,1507079297,0.04395,0.00293,0.94922,0.95024,-0.00638,-0.00161,-0.00087,0.00664,0.95604,0.01195,0.00664,3,12138,0,26032,0.25395,0.17875,0.70390,76,1,92.403,50,1,3,4309,195192,0,0,0.000,15.284,12.257,0,382.758,25.531,16.959,1,0,1,0,3
PPG,4,359691,14389190587,142,72970,81093,80365.750,727.250,-22.289,0,0,1,1140,73.17,73.17,2,1,0,nan,4,1,24,1,1,11,11,0,0,0,1507118245,0.04565,0.00220,0.95215,0.95324,-0.00505,-0.00135,-0.00087,0.00530,0.95740,0.00716,0.00612,3,12107,0,26032,0.25395,0.17875,0.70390,76,1,92.403,50,1,3,2598,195192,0,0,256.586,15.284,12.257,1,0.000,25.531,16.959,0,1,1,0,4
PPG,4,359692,14389230587,124,72979,81116,80373.250,742.750,-10.883,0,0,0,0,73.17,73.17,2,1,0,nan,4,1,24,1,1,12,12,0,0,0,1507159848,0.04419,0.00244,0.95410,0.95513,-0.00505,-0.00108,-0.00167,0.00543,0.95513,0.00069,0.00629,3,12116,0,26032,0.25395,0.17875,0.70390,76,1,92.403,50,1,3,4319,195192,0,0,0.000,16.139,14.004,0,0.000,26.418,18.209,0,0,1,0,4
PPG,4,359693,14389270587,123,73010,81152,80381.039,770.961,-0.094,0,0,0,0,73.17,73.17,2,1,0,nan,4,1,24,1,1,13,13,0,0,0,1507198906,0.04712,0.00293,0.95288,0.95405,-0.00638,-0.00001,-0.00141,0.00654,0.95710,0.00909,0.00718,3,12154,0,26032,0.25395,0.17875,0.70390,76,1,92.403,50,1,3,4315,195192,0,0,0.000,16.139,14.004,0,0.000,26.418,18.209,0,0,1,0,4
PPG,4,359694,14389310587,124,73019,81193,80389.156,803.844,10.219,0,0,0,0,73.17,73.17,2,1,0,nan,4,1,24,1,1,14,14,0,0,0,1507237868,0.04639,0.00537,0.95898,0.96012,-0.00558,0.00132,-0.00087,0.00580,0.96012,0.00603,0.00666,3,12123,0,26032,0.25395,0.17875,0.70390,76,1,92.403,50,1,3,2610,195192,0,0,0.000,16.139,14.004,0,0.000,26.418,18.209,0,0,1,0,4
PPG,4,359695,14389350587,123,73033,81228,80397.547,830.453,25.641,0,0,0,0,73.17,73.17,2,1,0,nan,4,1,24,1,1,15,15,0,0,0,1507279436,0.04468,0.00171,0.95508,0.95612,-0.00665,-0.00001,-0.00114,0.00675,0.95612,0.00673,0.00675,3,12124,0,26032,0.25395,0.17875,0.70390,76,1,92.403,50,1,3,4332,195192,0,0,0.000,16.139,14.004,0,0.000,26.418,18.209,0,0,1,0,4
PPG,4,359696,14389390587,519,73044,81252,80406.094,845.906,47.539,0,0,0,0,73.17,73.17,2,1,0,nan,4,0,24,1,1,16,16,0,0,0,1507318468,0.04419,0.00391,0.95068,0.95172,-0.00585,-0.00028,-0.00167,0.00609,0.95460,0.00336,0.00639,3,12125,0,26032,0.20498,0.19283,0.94074,96,1,86.481,78,1,3,2598,195192,0,0,0.000,16.139,14.004,0,0.000,26.418,18.209,0,0,1,0,4
PPG,4,359697,14389430587,171,73031,81236,80414.391,821.609,68.781,0,0,0,0,73.17,73.17,2,1,0,nan,4,0,24,1,1,17,17,0,0,0,1507360489,0.04224,0.00391,0.95166,0.95260,-0.00638,-0.00028,-0.00247,0.00685,0.95260,0.00052,0.00685,3,12136,0,26032,0.20498,0.19283,0.94074,96,1,86.481,78,1,3,4315,195192,0,0,0.000,16.139,14.004,0,0.000,26.418,18.209,0,0,1,0,4
PPG,4,359698,14389470587,124,73039,81251,80422.758,828.242,88.000,0,0,0,0,73.17,73.17,2,1,0,nan,4,0,24,1,1,18,18,0,0,0,1507399550,0.04614,0.00488,0.95410,0.95523,-0.00612,-0.00081,-0.00114,0.00628,0.95523,0.00138,0.00756,3,12142,0,26032,0.20498,0.19283,0.94074,96,1,86.481,78,1,3,4298,195192,0,0,0.000,16.139,14.004,0,0.000,26.418,18.209,0,0,1,0,4
PPG,4,359699,14389510587,122,73040,81268,80431.211,836.789,105.609,0,0,0,0,73.17,73.17,2,1,0,nan,4,0,24,1,1,19,19,0,0,0,1507438504,0.04102,0.00562,0.95361,0.95451,-0.00585,-0.00081,-0.00274,0.00651,0.95451,0.00780,0.00720,3,12118,0,26032,0.20498,0.19283,0.94074,96,1,86.481,78,1,3,2595,195192,0,0,0.000,16.139,14.004,0,0.000,26.418,18.209,0,0,1,0,4
PPG,4,359700,14389550587,123,73029,81242,80439.320,802.680,118.672,0,0,0,0,73.17,73.17,2,1,0,nan,4,0,24,1,1,20,20,0,0,0,1507480047,0.04346,0.00562,0.94922,0.95023,-0.00585,-0.00081,-0.00061,0.00594,0.95679,0.00381,0.00830,3,12123,0,26032,0.20498,0.19283,0.94074,96,1,86.481,78,1,3,4302,195192,0,0,0.000,16.139,14.004,0,0.000,26.418,18.209,0,0,1,0,4
PPG,4,359701,14389590587,131,72974,81092,80445.844,646.156,108.641,0,0,0,0,73.17,73.17,2,1,0,nan,4,0,24,1,1,21,21,0,0,0,1507519614,0.04224,0.00171,0.95557,0.95650,-0.00665,-0.00081,-0.00114,0.00680,0.95650,0.00392,0.00680,3,12372,0,26032,0.20498,0.19283,0.94074,96,1,86.481,78,1,3,4325,195192,0,0,0.000,16.139,14.004,0,0.000,26.418,18.209,0,0,1,0,4
PPG,4,359702,14389630587,128,72930,80970,80451.086,518.914,74.086,0,0,0,0,73.17,73.17,2,1,0,nan,4,0,24,1,1,22,22,0,0,0,1507558625,0.03979,0.00586,0.95068,0.95153,-0.00612,0.00105,-0.00194,0.00650,0.95459,0.00515,0.00668,3,12146,0,26032,0.20498,0.19283,0.94074,96,1,86.481,78,1,3,2599,195192,0,0,0.000,16.139,14.004,0,0.000,26.418,18.209,0,0,1,0,4
PPG,4,359703,14389670587,126,72938,81023,80456.805,566.195,40.422,0,0,0,0,73.17,73.17,2,1,0,nan,4,0,24,1,1,23,23,0,0,0,1507600216,0.04370,0.01123,0.95508,0.95614,-0.00558,0.00105,-0.00274,0.00631,0.95614,0.00534,0.00631,3,12183,0,26032,0.20498,0.19283,0.94074,96,1,86.481,78,1,3,4307,195192,0,0,0.000,16.139,14.004,0,0.000,26.418,18.209,0,0,1,0,4
PPG,4,359704,14389710587,123,72990,81104,80463.273,640.727,15.109,0,0,0,0,73.17,73.17,2,1,0,nan,4,0,24,1,1,24,24,0,0,0,1507639279,0.04224,0.00342,0.94995,0.95090,-0.00425,-0.00055,-0.00274,0.00509,0.95398,0.00991,0.00641,3,12113,0,26032,0.20498,0.19283,0.94074,96,1,86.481,78,1,3,4305,195192,0,0,0.000,16.139,14.004,0,0.000,26.418,18.209,0,0,1,0,4
PPG,4,359705,14389750587,123,73022,81181,80470.453,710.547,-4.742,0,0,0,0,73.17,73.17,2,1,0,nan,4,0,24,1,1,25,25,0,0,0,1507678446,0.04346,0.00684,0.95264,0.95365,-0.00612,-0.00135,-0.00061,0.00629,0.95841,0.00758,0.00639,3,12123,0,26032,0.20498,0.19283,0.94074,96,1,86.481,78,1,3,2599,195192,0,0,0.000,16.139,14.004,0,0.000,26.418,18.209,0,0,1,0,4
PPG,4,359706,14389790587,124,73035,81233,80478.078,754.922,-20.188,0,0,0,0,73.17,73.17,2,1,0,nan,4,0,24,1,1,26,26,0,0,0,1507720457,0.04468,0.00317,0.94824,0.94930,-0.00558,-0.00108,-0.00087,0.00575,0.95274,0.00344,0.00575,3,12268,0,26032,0.20498,0.19283,0.94074,96,1,86.481,78,1,3,4341,195192,0,0,0.000,16.139,14.004,0,0.000,26.418,18.209,0,0,1,0,4
PPG,4,359707,14389830587,127,73051,81270,80486.000,784.000,-27.289,0,0,0,0,73.17,73.17,2,1,0,nan,4,0,24,1,1,27,27,0,0,0,1507759848,0.04370,0.00659,0.95361,0.95464,-0.00532,-0.00081,0.00019,0.00538,0.95464,0.00279,0.00599,3,12273,0,26032,0.20498,0.19283,0.94074,96,1,86.481,78,1,3,4333,195192,0,0,0.000,16.139,14.004,0,0.000,26.418,18.209,0,0,1,0,4
PPG,4,359708,14389870587,153,73058,81288,80494.023,793.977,-11.641,1,0,1,700,73.17,73.17,2,1,0,nan,4,0,24,1,1,28,28,0,0,0,1507799183,0.04395,0.00562,0.95142,0.95245,-0.00692,-0.00055,-0.00194,0.00720,0.95689,0.00335,0.00720,3,12309,0,26032,0.20498,0.19283,0.94074,96,1,86.481,78,1,3,4359,195192,0,0,68.555,16.139,14.004,1,145.414,26.418,18.209,1,1,1,0,5
PPG,4,359709,14389910587,149,73071,81290,80501.984,788.016,21.383,0,0,0,0,73.17,73.17,2,1,0,nan,4,0,24,1,1,29,29,0,0,0,1507838600,0.04224,0.00488,0.95776,0.95871,-0.00772,-0.00001,-0.00141,0.00784,0.95995,0.00673,0.00784,3,12252,0,26032,0.20498,0.19283,0.94074,96,1,86.481,78,1,3,2630,195192,0,0,0.000,15.711,13.130,0,0.000,25.711,17.213,0,0,1,0,5
PPG,4,359710,14389950587,124,73062,81302,80509.984,792.016,49.086,0,0,0,0,73.17,73.17,2,1,0,nan,4,0,24,1,1,30,30,0,0,0,1507880557,0.04395,0.00415,0.95557,0.95659,-0.00612,-0.00055,-0.00114,0.00625,0.95659,0.01191,0.00642,3,12234,0,26032,0.20498,0.19283,0.94074,96,1,86.481,78,1,3,4336,195192,0,0,0.000,15.711,13.130,0,0.000,25.711,17.213,0,0,1,0,5
PPG,4,359711,14389990587,127,73076,81325,80518.133,806.867,69.062,0,0,0,0,73.17,73.17,2,1,0,nan,4,0,24,1,1,31,31,0,0,0,1507919902,0.04468,0.00635,0.94751,0.94858,-0.00532,-0.00055,-0.00114,0.00547,0.95316,0.00609,0.00628,3,12259,0,26032,0.20498,0.19283,0.94074,96,1,86.481,78,1,3,4360,195192,0,0,0.000,15.711,13.130,0,0.000,25.711,17.213,0,0,1,0,5
PPG,4,359712,14390030587,125,73062,81331,80526.258,804.742,79.742,0,0,0,0,73.17,73.17,2,1,0,nan,4,0,24,1,1,0,0,0,0,0,1507959275,0.04712,0.00732,0.94922,0.95042,-0.00638,-0.00055,-0.00167,0.00662,0.95644,0.00602,0.00662,3,12251,0,26032,0.20498,0.19283,0.94074,96,1,86.481,78,1,3,4315,195192,0,0,0.000,15.711,13.130,0,0.000,25.711,17.213,0,0,1,0,5
PPG,4,359713,14390070587,133,73059,81339,80534.383,804.617,85.531,0,0,0,0,73.17,73.17,2,1,0,nan,4,0,24,1,1,1,1,0,0,0,1508002928,0.04492,0.00220,0.95239,0.95345,-0.00558,-0.00081,-0.00141,0.00582,0.95345,0.00227,0.00628,3,12332,0,26032,0.20498,0.19283,0.94074,96,1,86.481,78,1,3,2642,195192,0,0,0.000,15.711,13.130,0,0.000,25.711,17.213,0,0,1,0,5
PPG,4,359714,14390110587,135,73058,81343,80542.469,800.531,88.461,0,0,0,0,73.17,73.17,2,1,0,nan,4,0,24,1,1,2,2,0,0,0,1508039663,0.04492,0.00488,0.95142,0.95249,-0.00665,0.00052,-0.00087,0.00673,0.95558,0.00418,0.00673,3,12198,0,26032,0.20498,0.19283,0.94074,96,1,86.481,78,1,3,4316,195192,0,0,0.000,15.711,13.130,0,0.000,25.711,17.213,0,0,1,0,5
PPG,4,359715,14390150587,127,73072,81358,80550.625,807.375,91.961,0,0,0,0,73.17,73.17,2,1,0,nan,4,0,24,1,1,3,3,0,0,0,1508078926,0.04053,0.00635,0.95044,0.95132,-0.00692,-0.00108,-0.00247,0.00742,0.95395,0.00198,0.00742,3,12235,0,26032,0.20498,0.19283,0.94074,96,1,86.481,78,1,3,2629,195192,0,0,0.000,15.711,13.130,0,0.000,25.711,17.213,0,0,1,0,5
PPG,4,359716,14390190587,133,73079,81357,80558.688,798.312,96.281,0,0,0,0,73.17,73.17,2,1,0,nan,4,0,24,1,1,4,4,0,0,0,1508120847,0.04810,0.00586,0.95459,0.95582,-0.00638,0.00025,-0.00167,0.00660,0.95582,0.00393,0.00727,3,12223,0,26032,0.20498,0.19283,0.94074,96,1,86.481,78,1,3,4327,195192,0,0,0.000,14.839,14.490,0,0.000,25.711,17.213,0,0,1,0,5
PPG,4,359717,14390230587,133,73046,81351,80566.609,784.391,97.531,0,0,0,0,73.17,73.17,2,1,0,nan,4,0,24,1,1,5,5,0,0,0,1508160195,0.04102,0.00098,0.94800,0.94889,-0.00745,0.00079,-0.00194,0.00774,0.96035,0.01146,0.00774,3,12228,0,26032,0.20498,0.19283,0.94074,96,1,86.481,78,1,3,4334,195192,0,0,0.000,14.839,14.490,0,0.000,25.711,17.213,0,0,1,0,5
PPG,4,359718,14390270587,124,73054,81377,80574.711,802.289,98.656,0,0,0,0,73.17,73.17,2,1,0,nan,4,0,24,1,1,6,6,0,0,0,1508199458,0.04346,0.00537,0.95068,0.95169,-0.00638,-0.00028,-0.00300,0.00706,0.95290,0.00402,0.00706,3,12239,0,26032,0.20498,0.19283,0.94074,96,1,86.481,78,1,3,4335,195192,0,0,0.000,14.839,14.490,0,0.000,25.711,17.213,0,0,1,0,5
PPG,4,359719,14390310587,125,73058,81371,80582.672,788.328,99.219,0,0,0,0,73.17,73.17,2,1,0,nan,4,0,24,1,1,7,7,0,0,0,1508238758,0.04468,0.00195,0.95435,0.95539,-0.00505,-0.00081,-0.00221,0.00557,0.95568,0.00435,0.00625,3,12242,0,26032,0.20498,0.19283,0.94074,96,1,86.481,78,1,3,2636,195192,0,0,0.000,14.839,14.490,0,0.000,25.711,17.213,0,0,1,0,5
PPG,4,359720,14390350587,131,73036,81313,80589.977,723.023,91.961,0,0,0,0,73.17,73.17,2,1,0,nan,4,0,24,1,1,8,8,0,0,0,1508280657,0.04028,0.00439,0.95386,0.95472,-0.00585,-0.00001,-0.00141,0.00602,0.95483,0.00057,0.00634,3,12235,0,26032,0.20498,0.19283,0.94074,96,1,86.481,78,1,3,4323,195192,0,0,0.000,14.839,14.490,0,0.000,25.711,17.213,0,0,1,0,5
PPG,4,359721,14390390587,515,72986,81149,80595.570,553.430,61.391,0,0,0,0,73.17,73.17,2,1,0,nan,4,0,24,1,1,9,9,0,0,0,1508319882,0.04297,0.00415,0.94995,0.95093,-0.00665,-0.00001,-0.00194,0.00693,0.95583,0.00489,0.00693,3,12148,0,26032,0.19306,0.19216,0.99535,99,1,85.116,78,1,3,4298,195192,0,0,40.133,14.839,14.490,1,0.000,25.711,17.213,0,0,1,0,5
PPG,4,359722,14390430587,171,72932,81056,80600.172,455.828,13.953,0,0,0,0,73.17,73.17,2,1,0,nan,4,0,24,1,1,10,10,0,0,0,1508359466,0.04272,0.00610,0.95679,0.95776,-0.00612,-0.00028,-0.00194,0.00642,0.95776,0.00813,0.00739,3,12219,0,26032,0.19306,0.19216,0.99535,99,1,85.116,78,1,3,4317,195192,0,0,0.000,14.839,14.490,0,0.000,25.711,17.213,0,0,1,0,5
PPG,4,359723,14390470587,124,72949,81061,80604.781,456.219,-30.242,0,0,0,0,73.17,73.17,2,1,0,nan,4,0,24,1,1,11,11,0,0,0,1508398530,0.04834,0.00098,0.95020,0.95142,-0.00558,-0.00135,-0.00247,0.00625,0.95142,0.00881,0.00637,3,12137,0,26032,0.19306,0.19216,0.99535,99,1,85.116,78,1,3,2594,195192,0,0,0.000,14.839,14.490,0,0.000,25.711,17.213,0,0,1,0,5
PPG,4,359724,14390510587,123,72961,81110,80609.836,500.164,-64.961,0,0,0,0,73.17,73.17,2,1,0,nan,4,0,24,1,1,12,12,0,0,0,1508440108,0.04370,0.00122,0.95068,0.95169,-0.00532,-0.00055,-0.00221,0.00578,0.95766,0.00597,0.00734,3,12145,0,26032,0.19306,0.19216,0.99535,99,1,85.116,78,1,3,4304,195192,0,0,0.000,14.839,14.490,0,0.000,25.711,17.213,0,0,1,0,5
PPG,4,359725,14390550587,126,72963,81164,80615.375,548.625,-94.539,0,0,0,0,73.17,73.17,2,1,512,nan,4,0,24,1,1,13,13,0,0,0,1508479048,0.04419,0.00220,0.95776,0.95879,-0.00585,-0.00028,-0.00194,0.00617,0.95879,0.00584,0.00672,3,12109,0,26032,0.19306,0.19216,0.99535,99,1,85.116,78,1,3,2595,195192,0,0,0.000,14.839,14.490,0,0.000,25.711,17.213,0,0,1,0,5
PPG,4,359726,14390590587,124,72986,81211,80621.328,589.672,-116.297,0,0,0,0,73.17,73.17,2,1,512,nan,4,0,24,1,1,14,14,0,0,0,1508520670,0.04272,0.00635,0.95093,0.95191,-0.00638,-0.00055,-0.00167,0.00662,0.95857,0.00852,0.00693,3,12175,0,26032,0.19306,0.19216,0.99535,99,1,85.116,78,1,3,4298,195192,0,0,0.000,14.839,14.490,0,0.000,25.711,17.213,0,0,1,0,5
PPG,4,359727,14390630587,125,72970,81216,80627.273,588.727,-127.461,1,0,0,0,73.17,73.17,2,1,512,nan,4,0,24,1,1,15,15,0,0,0,1508559617,0.04688,0.00415,0.95313,0.95429,-0.00585,-0.00135,-0.00194,0.00631,0.95616,0.00425,0.00647,3,12114,0,26032,0.19306,0.19216,0.99535,99,1,85.116,78,1,3,4298,195192,0,0,0.000,14.839,14.490,0,126.508,25.711,17.213,1,0,1,0,5
PPG,4,359728,14390670587,127,72970,81194,80632.938,561.062,-116.328,0,0,0,0,73.17,73.17,2,1,512,nan,4,0,24,1,1,16,16,0,0,0,1508598626,0.04492,0.00610,0.95435,0.95542,-0.00532,0.00025,-0.00194,0.00567,0.95542,0.00360,0.00602,3,12107,0,26032,0.19306,0.19216,0.99535,99,1,85.116,78,1,3,2600,195192,0,0,0.000,14.839,14.490,0,0.000,25.711,17.213,0,0,1,0,5
PPG,4,359729,14390710587,125,72989,81227,80638.875,588.125,-88.750,0,0,0,0,73.17,73.17,2,1,512,nan,4,0,24,1,1,17,17,0,0,0,1508640268,0.04395,0.00244,0.94995,0.95097,-0.00532,-0.00081,-0.00167,0.00563,0.95819,0.00990,0.00658,3,12111,0,26032,0.19306,0.19216,0.99535,99,1,85.116,78,1,3,4298,195192,0,0,0.000,14.839,14.490,0,0.000,25.711,17.213,0,0,1,0,5
PPG,4,359730,14390750587,129,72983,81262,80645.109,616.891,-58.039,0,0,0,0,73.17,73.17,2,1,512,nan,4,0,24,1,1,18,18,0,0,0,1508679243,0.04443,0.00610,0.95215,0.95320,-0.00585,-0.00001,-0.00167,0.00609,0.95755,0.00625,0.00609,3,12128,0,26032,0.19306,0.19216,0.99535,99,1,85.116,78,1,3,4300,195192,0,0,0.000,14.839,14.490,0,0.000,25.711,17.213,0,0,1,0,5
PPG,4,359731,14390790587,127,72998,81291,80651.570,639.430,-30.477,0,0,0,0,73.17,73.17,2,1,512,nan,4,0,24,1,1,19,19,0,0,0,1508718210,0.04492,0.00684,0.94897,0.95006,-0.00638,-0.00108,-0.00141,0.00663,0.95676,0.00701,0.00663,3,12138,0,26032,0.19306,0.19216,0.99535,99,1,85.116,78,1,3,2614,195192,0,0,0.000,14.839,14.490,0,0.000,25.711,17.213,0,0,1,0,5
PPG,4,359732,14390830587,125,73004,81290,80657.953,632.047,-10.430,0,0,0,0,73.17,73.17,2,1,512,nan,4,0,24,1,1,20,20,0,0,0,1508759778,0.04663,0.00659,0.95410,0.95526,-0.00612,-0.00055,-0.00167,0.00637,0.95575,0.00370,0.00637,3,12108,0,26032,0.19306,0.19216,0.99535,99,1,85.116,78,1,3,4302,195192,0,0,0.000,14.839,14.490,0,0.000,25.711,17.213,0,0,1,0,5
PPG,4,359733,14390870587,126,73010,81321,80664.586,656.414,6.188,0,0,0,0,73.17,73.17,2,1,512,nan,4,0,24,1,1,21,21,0,0,0,1508798745,0.04175,0.00171,0.95532,0.95624,-0.00612,-0.00055,-0.00194,0.00644,0.95624,0.00326,0.00644,3,12122,0,26032,0.19306,0.19216,0.99535,99,1,85.116,78,1,3,2595,195192,0,0,0.000,14.839,14.490,0,0.000,25.711,17.213,0,0,1,0,5
PPG,4,359734,14390910587,125,73028,81331,80671.250,659.750,23.211,0,0,0,0,73.17,73.17,2,1,512,nan,4,0,24,1,1,22,22,0,0,0,1508840408,0.04688,0.00439,0.95483,0.95599,-0.00532,-0.00028,-0.00141,0.00551,0.95599,0.00621,0.00609,3,12128,0,26032,0.19306,0.19216,0.99535,99,1,85.116,78,1,3,4319,195192,0,0,0.000,14.839,14.490,0,0.000,25.711,17.213,0,0,1,0,5
PPG,4,359735,14390950587,125,73005,81338,80677.914,660.086,44.789,0,0,0,0,73.17,73.17,2,1,512,nan,4,0,24,1,1,23,23,0,0,0,1508879453,0.04736,0.00537,0.95776,0.95895,-0.00532,-0.00028,-0.00141,0.00551,0.95895,0.00427,0.00652,3,12128,0,26032,0.19306,0.19216,0.99535,99,1,85.116,78,1,3,4311,195192,0,0,0.000,14.839,14.490,0,0.000,25.711,17.213,0,0,1,0,5
PPG,4,359736,14390990587,124,73021,81333,80684.469,648.531,61.133,0,0,0,0,73.17,73.17,2,1,512,nan,4,0,24,1,1,24,24,0,0,0,1508918424,0.04736,0.00684,0.95337,0.95457,-0.00585,0.00025,-0.00141,0.00602,0.95457,0.00620,0.00602,3,12123,0,26032,0.19306,0.19216,0.99535,99,1,85.116,78,1,3,2608,195192,0,0,0.000,14.839,14.490,0,0.000,25.711,17.213,0,0,1,0,5
PPG,4,359737,14391030587,125,73035,81360,80691.227,668.773,74.680,0,0,0,0,73.17,73.17,2,1,512,nan,4,0,24,1,1,25,25,0,0,0,1508960044,0.04126,0.00122,0.94824,0.94914,-0.00558,-0.00055,-0.00141,0.00578,0.95279,0.00365,0.00578,3,12124,0,26032,0.19306,0.19216,0.99535,99,1,85.116,78,1,3,4298,195192,0,0,0.000,14.839,14.490,0,0.000,25.711,17.213,0,0,1,0,5
PPG,4,359738,14391070587,130,73057,81388,80698.195,689.805,87.992,0,0,0,0,73.17,73.17,2,1,512,nan,4,0,24,1,1,26,26,0,0,0,1509003132,0.04443,0.00537,0.95093,0.95198,-0.00585,-0.00055,-0.00194,0.00619,0.95438,0.00524,0.00680,3,12152,0,26032,0.19306,0.19216,0.99535,99,1,85.116,78,1,3,2600,195192,0,0,0.000,14.839,14.490,0,0.000,25.711,17.213,0,0,1,0,5
PPG,4,359739,14391110587,130,73058,81402,80705.234,696.766,102.438,0,1,0,0,73.17,73.17,2,1,512,nan,4,0,24,1,1,27,27,0,0,0,1509039603,0.04810,0.00220,0.95654,0.95775,-0.00585,-0.00028,-0.00114,0.00597,0.95775,0.00425,0.00642,3,12150,0,26032,0.19306,0.19216,0.99535,99,1,85.116,78,1,3,4303,195192,0,0,0.000,14.839,14.490,0,0.000,25.711,17.213,0,0,1,0,5
PPG,4,359740,14391150587,138,73029,81304,80711.219,592.781,100.461,0,0,0,0,73.17,73.17,2,1,512,nan,4,0,24,1,1,28,28,0,0,0,1509078623,0.04419,0.00562,0.95215,0.95319,-0.00612,-0.00001,-0.00167,0.00634,0.95458,0.00317,0.00685,3,12111,0,26032,0.19306,0.19216,0.99535,99,1,85.116,78,1,3,2599,195192,0,0,0.000,14.839,14.490,0,0.000,25.711,17.213,0,0,1,0,5
PPG,4,359741,14391190587,137,73008,81192,80716.023,475.977,78.453,0,0,0,0,73.17,73.17,2,1,512,nan,4,0,24,1,1,29,29,0,0,0,1509120192,0.04541,0.00415,0.95044,0.95153,-0.00585,0.00025,-0.00141,0.00602,0.96002,0.00930,0.00654,3,12123,0,26032,0.19306,0.19216,0.99535,99,1,85.116,78,1,3,4304,195192,0,0,0.000,14.839,14.490,0,0.000,25.711,17.213,0,0,1,0,5
PPG,4,359742,14391230587,126,73019,81213,80720.992,492.008,52.742,0,0,0,0,73.17,73.17,2,1,512,nan,4,0,24,1,1,30,30,0,0,0,1509159247,0.04858,0.00537,0.95264,0.95389,-0.00638,-0.00188,-0.00141,0.00680,0.95760,0.01175,0.00680,3,12107,0,26032,0.19306,0.19216,0.99535,99,1,85.116,78,1,3,2600,195192,0,0,0.000,14.839,14.490,0,0.000,25.711,17.213,0,0,1,0,5
PPG,4,359743,14391270587,127,73028,81243,80726.211,516.789,30.789,0,0,0,0,73.17,73.17,2,1,512,nan,4,0,24,1,1,31,31,0,0,0,1509200781,0.04297,0.00488,0.95654,0.95752,-0.00612,0.00025,-0.00194,0.00642,0.95752,0.00661,0.00651,3,12111,0,26032,0.19306,0.19216,0.99535,99,1,85.116,78,1,3,4300,195192,0,0,0.000,14.839,14.490,0,0.000,25.711,17.213,0,0,1,0,5
PPG,4,359744,14391310587,126,73042,81274,80731.688,542.312,10.297,0,0,0,0,73.17,73.17,2,1,512,nan,4,0,24,1,1,0,0,0,0,0,1509239775,0.04663,0.00488,0.95361,0.95477,-0.00452,-0.00081,-0.00114,0.00473,0.95596,0.00259,0.00701,3,12155,0,26032,0.19306,0.19216,0.99535,99,1,85.116,78,1,3,4305,195192,0,0,0.000,14.839,14.490,0,0.000,25.711,17.213,0,0,1,0,5
PPG,4,359745,14391350587,125,73058,81335,80737.719,597.281,-5.820,0,0,0,0,73.17,73.17,2,1,512,nan,4,0,24,1,1,1,1,0,0,0,1509278820,0.04272,0.00122,0.95654,0.95750,-0.00692,-0.00135,-0.00114,0.00714,0.96015,0.00972,0.00714,3,12123,0,26032,0.19306,0.19216,0.99535,99,1,85.116,78,1,3,2608,195192,0,0,0.000,14.839,14.490,0,0.000,25.711,17.213,0,0,1,0,5
PPG,4,359746,14391390587,508,73059,81371,80744.055,626.945,-18.250,0,0,0,0,73.17,73.17,2,1,512,nan,4,0,24,1,1,2,2,0,0,0,1509320387,0.04810,0.00610,0.95630,0.95753,-0.00585,0.00025,-0.00061,0.00589,0.96016,0.01225,0.00654,3,12123,0,26032,0.18757,0.15329,0.81725,99,1,89.569,88,1,3,4311,195192,0,0,0.000,14.839,14.490,0,0.000,25.711,17.213,0,0,1,0,5
PPG,4,359747,14391430587,173,73058,81353,80750.141,602.859,-18.102,1,0,0,0,73.17,73.17,2,1,512,nan,4,0,24,1,1,3,3,0,0,0,1509359773,0.04370,0.00244,0.95728,0.95828,-0.00585,0.00105,-0.00194,0.00625,0.95828,0.00804,0.00625,3,12113,0,26032,0.18757,0.15329,0.81725,99,1,89.569,88,1,3,4304,195192,0,0,0.000,14.839,14.490,0,229.898,25.711,17.213,1,0,1,0,5
PPG,4,359748,14391470587,144,73056,81342,80756.062,585.938,-4.070,0,0,1,1580,73.17,73.17,2,1,0,nan,4,0,24,1,1,4,4,0,0,0,1509398794,0.04419,0.00293,0.95264,0.95367,-0.00585,-0.00081,-0.00247,0.00640,0.95367,0.00838,0.00640,3,12111,0,26032,0.18757,0.15329,0.81725,99,1,89.569,88,1,3,2605,195192,0,0,99.625,14.839,14.490,1,0.000,25.711,17.213,0,1,1,0,6
PPG,4,359749,14391510587,128,73053,81360,80762.102,597.898,10.281,0,0,0,0,73.17,73.17,2,1,0,nan,4,0,24,1,1,5,5,0,0,0,1509440572,0.04736,0.00122,0.95166,0.95284,-0.00612,0.00079,-0.00087,0.00623,0.95284,0.00188,0.00651,3,12194,0,26032,0.18757,0.15329,0.81725,99,1,89.569,88,1,3,4327,195192,0,0,0.000,14.659,14.084,0,0.000,25.620,17.085,0,0,1,0,6
PPG,4,359750,14391550587,133,73039,81358,80768.062,589.938,21.906,0,0,0,0,73.17,73.17,2,1,0,nan,4,0,24,1,1,6,6,0,0,0,1509479546,0.04541,0.00342,0.95337,0.95446,-0.00585,0.00079,-0.00141,0.00607,0.95710,0.00549,0.00698,3,12120,0,26032,0.18757,0.15329,0.81725,99,1,89.569,88,1,3,4301,195192,0,0,0.000,14.217,14.864,0,0.000,25.620,17.085,0,0,1,0,6
PPG,4,359751,14391590587,130,73058,81389,80774.273,614.727,33.438,0,0,0,0,73.17,73.17,2,1,0,nan,4,0,24,1,1,7,7,0,0,0,1509518580,0.04248,0.00366,0.94897,0.94993,-0.00505,0.00238,-0.00167,0.00583,0.95319,0.00190,0.00617,3,12113,0,26032,0.18757,0.15329,0.81725,99,1,89.569,88,1,3,2599,195192,0,0,0.000,14.217,14.864,0,0.000,25.620,17.085,0,0,1,0,6
PPG,4,359752,14391630587,127,73091,81446,80780.992,665.008,41.492,0,0,0,0,73.17,73.17,2,1,0,nan,4,0,24,1,1,8,8,0,0,0,1509560246,0.04541,0.00244,0.95190,0.95299,-0.00532,0.00052,-0.00061,0.00538,0.95974,0.00917,0.00577,3,12117,0,26032,0.18757,0.15329,0.81725,99,1,89.569,88,1,3,4300,195192,0,0,0.000,14.217,14.864,0,0.000,25.620,17.085,0,0,1,0,6
PPG,4,359753,14391670587,125,73138,81495,80788.133,706.867,50.508,0,0,0,0,73.17,73.17,2,1,0,nan,4,0,24,1,1,9,9,0,0,0,1509599192,0.04199,0.00781,0.95752,0.95847,-0.00612,-0.00161,-0.00061,0.00636,0.95847,0.00453,0.00650,3,12117,0,26032,0.18757,0.15329,0.81725,99,1,89.569,88,1,3,2600,195192,0,0,0.000,14.217,14.864,0,0.000,25.620,17.085,0,0,1,0,6
PPG,4,359754,14391710587,123,73141,81514,80795.391,718.609,64.359,0,0,0,0,73.17,73.17,2,1,0,nan,4,0,24,1,1,10,10,0,0,0,1509640759,0.04614,0.00122,0.95654,0.95766,-0.00558,-0.00055,-0.00194,0.00594,0.95766,0.00791,0.00686,3,12139,0,26032,0.18757,0.15329,0.81725,99,1,89.569,88,1,3,4303,195192,0,0,0.000,14.217,14.864,0,0.000,25.620,17.085,0,0,1,0,6
PPG,4,359755,14391750587,125,73102,81476,80802.195,673.805,76.602,0,0,0,0,73.17,73.17,2,1,0,nan,4,0,24,1,1,11,11,0,0,0,1509679753,0.04370,0.00513,0.95264,0.95365,-0.00585,-0.00108,-0.00114,0.00606,0.95770,0.00296,0.00669,3,12114,0,26032,0.18757,0.15329,0.81725,99,1,89.569,88,1,3,4296,195192,0,0,0.000,14.217,14.864,0,0.000,25.620,17.085,0,0,1,0,6
PPG,4,359756,14391790587,132,73043,81434,80808.516,625.484,82.117,0,0,0,0,73.17,73.17,2,1,0,nan,4,0,24,1,1,12,12,0,0,0,1509718696,0.03882,0.00122,0.94727,0.94806,-0.00612,0.00025,-0.00087,0.00618,0.95530,0.00491,0.00675,3,12121,0,26032,0.18757,0.15329,0.81725,99,1,89.569,88,1,3,2598,195192,0,0,0.000,14.672,14.063,0,0.000,25.620,17.085,0,0,1,0,6
PPG,4,359757,14391830587,143,73050,81420,80814.633,605.367,87.977,0,0,0,0,73.17,73.17,2,1,0,nan,4,0,24,1,1,13,13,0,0,0,1509760557,0.03906,0.00562,0.95337,0.95419,-0.00612,-0.00001,-0.00114,0.00622,0.95419,0.00385,0.00654,3,12355,0,26032,0.18757,0.15329,0.81725,99,1,89.569,88,1,3,4343,195192,0,0,0.000,14.672,14.063,0,0.000,25.620,17.085,0,0,1,0,6
PPG,4,359758,14391870587,124,73080,81493,80821.414,671.586,97.586,0,0,0,0,73.17,73.17,2,1,0,nan,4,0,24,1,1,14,14,0,0,0,1509799819,0.04932,0.00195,0.95215,0.95343,-0.00612,-0.00028,-0.00167,0.00635,0.95343,0.00621,0.00675,3,12193,0,26032,0.18757,0.15329,0.81725,99,1,89.569,88,1,3,4311,195192,0,0,0.000,14.672,14.063,0,0.000,25.620,17.085,0,0,1,0,6
PPG,4,359759,14391910587,149,73108,81510,80828.297,681.703,101.328,0,0,0,0,73.17,73.17,2,1,0,nan,4,0,24,1,1,15,15,0,0,0,1509875681,0.04395,0.00391,0.95508,0.95610,-0.00558,-0.00081,-0.00087,0.00571,0.95610,0.00351,0.00571,2,61183,0,26037,0.18757,0.15329,0.81725,99,1,89.569,88,1,3,61235,195192,0,0,0.000,14.096,15.094,0,0.000,25.620,17.085,0,0,1,0,6
PPG,4,359760,14391950587,131,73098,81517,80835.188,681.812,93.820,0,0,0,0,73.17,73.17,2,1,0,nan,4,0,24,1,1,16,16,0,0,0,1509887853,0.04224,0.00513,0.95239,0.95334,-0.00612,-0.00028,-0.00114,0.00623,0.95334,0.00275,0.00623,1,12172,0,26037,0.18757,0.15329,0.81725,99,1,89.569,88,1,3,12092,195192,0,0,0.000,14.096,15.094,0,0.000,25.620,17.085,0,0,1,0,6
PPG,4,359761,14391990587,127,73057,81371,80840.547,530.453,64.438,0,0,0,0,73.17,73.17,2,1,0,nan,4,0,24,1,1,17,17,0,0,0,1509924471,0.04370,0.00342,0.94971,0.95072,-0.00612,-0.00028,-0.00114,0.00623,0.95433,0.00362,0.00647,3,12165,0,26037,0.18757,0.15329,0.81725,99,1,89.569,88,1,3,2586,195192,0,0,0.000,14.096,15.094,0,0.000,25.620,17.085,0,0,1,0,6
PPG,4,359762,14392030587,134,72983,81201,80844.148,356.852,25.758,0,0,0,0,73.17,73.17,2,1,0,nan,4,0,24,1,1,18,18,0,0,0,1509961102,0.04248,0.00488,0.95581,0.95677,-0.00585,-0.00028,-0.00167,0.00609,0.95677,0.01067,0.00609,3,12331,0,26037,0.18757,0.15329,0.81725,99,1,89.569,88,1,3,4352,195192,0,0,0.000,14.096,15.094,0,0.000,25.620,17.085,0,0,1,0,6
PPG,4,359763,14392070587,138,72974,81198,80847.688,350.312,-5.711,0,0,0,0,73.17,73.17,2,1,0,nan,4,0,24,1,1,19,19,0,0,0,1510004618,0.04248,0.00439,0.96338,0.96433,-0.00532,-0.00108,-0.00114,0.00554,0.96433,0.00826,0.00617,3,12294,0,26037,0.18757,0.15329,0.81725,99,1,89.569,88,1,3,2627,195192,0,0,0.000,14.096,15.094,0,0.000,25.620,17.085,0,0,1,0,6
PPG,4,359764,14392110587,127,73004,81225,80851.461,373.539,-31.109,0,0,0,0,73.17,73.17,2,1,0,nan,4,0,24,1,1,20,20,0,0,0,1510041454,0.04395,0.00342,0.95215,0.95317,-0.00612,0.00025,-0.00221,0.00651,0.95317,0.01662,0.00668,3,12271,0,26037,0.18757,0.15329,0.81725,99,1,89.569,88,1,3,4337,195192,0,0,0.000,14.096,15.094,0,0.000,25.620,17.085,0,0,1,0,6
PPG,4,359765,14392150587,144,73002,81276,80855.703,420.297,-59.164,0,0,0,0,73.17,73.17,2,1,0,nan,4,0,24,1,1,21,21,0,0,0,1510080804,0.04443,0.00195,0.95581,0.95684,-0.00585,0.00105,-0.00221,0.00634,0.95684,0.00357,0.00699,3,12272,0,26037,0.18757,0.15329,0.81725,99,1,89.569,88,1,3,4334,195192,0,0,0.000,14.096,15.094,0,0.000,25.620,17.085,0,0,1,0,6
PPG,4,359766,14392190587,136,73027,81329,80860.438,468.562,-82.922,0,0,0,0,73.17,73.17,2,1,0,nan,4,0,24,1,1,22,22,0,0,0,1510120194,0.04297,0.00269,0.95337,0.95434,-0.00585,-0.00188,-0.00247,0.00662,0.95813,0.00701,0.00695,3,12259,0,26037,0.18757,0.15329,0.81725,99,1,89.569,88,1,3,4346,195192,0,0,0.000,14.096,15.094,0,0.000,25.620,17.085,0,0,1,0,6
PPG,4,359767,14392230587,129,73060,81377,80865.602,511.398,-104.117,1,0,0,0,73.17,73.17,2,1,0,nan,4,0,24,1,1,23,23,0,0,0,1510159696,0.04541,0.00342,0.95679,0.95787,-0.00612,-0.00135,-0.00061,0.00629,0.95787,0.00382,0.00629,3,12325,0,26037,0.18757,0.15329,0.81725,99,1,89.569,88,1,3,4332,195192,0,0,0.000,14.096,15.094,0,119.578,25.620,17.085,1,0,1,0,6
PPG,4,359768,14392270587,125,73040,81357,80870.516,486.484,-106.867,0,0,0,0,73.17,73.17,2,1,0,nan,4,0,24,1,1,24,24,0,0,0,1510199056,0.04492,0.00317,0.95679,0.95785,-0.00585,-0.00028,-0.00221,0.00626,0.95785,0.00586,0.00654,3,12263,0,26037,0.18757,0.15329,0.81725,99,1,89.569,88,1,3,2627,195192,0,0,0.000,14.096,15.094,0,0.000,25.620,17.085,0,0,1,0,6
PPG,4,359769,14392310587,131,72997,81301,80874.820,426.180,-89.641,0,0,0,0,73.17,73.17,2,1,0,nan,4,0,24,1,1,25,25,0,0,0,1510240957,0.04224,0.00464,0.94507,0.94602,-0.00638,0.00025,-0.00061,0.00642,0.95696,0.00768,0.00642,3,12270,0,26037,0.18757,0.15329,0.81725,99,1,89.569,88,1,3,4347,195192,0,0,0.000,14.096,15.094,0,0.000,25.620,17.085,0,0,1,0,6
PPG,4,359770,14392350587,127,72998,81312,80879.195,432.805,-71.047,0,0,0,0,73.17,73.17,2,1,0,nan,4,0,24,1,1,26,26,0,0,0,1510280356,0.04395,0.00171,0.95264,0.95365,-0.00665,-0.00081,-0.00167,0.00691,0.95365,0.00300,0.00691,3,12271,0,26037,0.18757,0.15329,0.81725,99,1,89.569,88,1,3,4330,195192,0,0,0.000,14.096,15.094,0,0.000,25.620,17.085,0,0,1,0,6
PPG,4,359771,14392390587,511,73005,81318,80883.586,434.414,-54.211,0,0,0,0,73.17,73.17,2,1,512,nan,4,1,24,1,1,27,27,0,0,0,1510319641,0.04272,0.00415,0.95117,0.95214,-0.00585,-0.00001,-0.00194,0.00616,0.95601,0.00413,0.00631,3,12259,0,26037,0.17332,0.07881,0.45472,99,1,98.632,78,1,3,4334,195192,0,0,0.000,14.096,15.094,0,0.000,25.620,17.085,0,0,1,0,5
PPG,4,359772,14392430587,190,73010,81340,80888.148,451.852,-39.773,0,0,0,0,73.17,73.17,2,1,512,nan,4,1,24,1,1,28,28,0,0,0,1510359353,0.04590,0.00586,0.95654,0.95766,-0.00585,-0.00055,-0.00114,0.00599,0.95766,0.00335,0.00637,3,12270,0,26037,0.17332,0.07881,0.45472,99,1,98.632,78,1,3,2634,195192,0,0,0.000,14.096,15.094,0,0.000,25.620,17.085,0,0,1,0,5
PPG,4,359773,14392470587,127,72995,81343,80892.695,450.305,-30.172,0,0,0,0,73.17,73.17,2,1,512,nan,4,1,24,1,1,29,29,0,0,0,1510401344,0.04004,0.00464,0.95020,0.95105,-0.00505,-0.00055,-0.00141,0.00527,0.96107,0.00985,0.00669,3,12241,0,26037,0.17332,0.07881,0.45472,99,1,98.632,78,1,3,4337,195192,0,0,0.000,14.096,15.094,0,0.000,25.620,17.085,0,0,1,0,5
PPG,4,359774,14392510587,134,73006,81384,80897.609,486.391,-22.672,0,0,0,0,73.17,73.17,2,1,512,nan,4,1,24,1,1,30,30,0,0,0,1510440581,0.04053,0.00610,0.95117,0.95205,-0.00479,-0.00108,-0.00141,0.00510,0.95884,0.00779,0.00667,3,12211,0,26037,0.17332,0.07881,0.45472,99,1,98.632,78,1,3,4327,195192,0,0,0.000,14.096,15.094,0,0.000,25.620,17.085,0,0,1,0,5
PPG,4,359775,14392550587,127,73025,81425,80902.883,522.117,-10.406,0,0,0,0,73.17,73.17,2,1,512,nan,4,1,24,1,1,31,31,0,0,0,1510479903,0.04419,0.00317,0.95068,0.95172,-0.00665,-0.00055,-0.00167,0.00688,0.95621,0.00449,0.00693,3,12251,0,26037,0.17332,0.07881,0.45472,99,1,98.632,78,1,3,4346,195192,0,0,0.000,14.096,15.094,0,0.000,25.620,17.085,0,0,1,0,5
PPG,4,359776,14392590587,125,73044,81454,80908.391,545.609,10.453,0,0,0,0,73.17,73.17,2,1,512,nan,4,1,24,1,1,0,0,0,0,0,1510519169,0.04541,0.00269,0.95361,0.95470,-0.00692,0.00025,-0.00141,0.00706,0.95888,0.00717,0.00706,3,12243,0,26037,0.17332,0.07881,0.45472,99,1,98.632,78,1,3,2628,195192,0,0,0.000,14.096,15.094,0,0.000,25.620,17.085,0,0,1,0,5
PPG,4,359777,14392630587,200,73045,81487,80914.180,572.820,32.102,0,0,0,0,73.17,73.17,2,1,512,nan,4,1,24,1,1,1,1,0,0,0,1510561074,0.04688,0.00635,0.95483,0.95600,-0.00425,-0.00081,-0.00221,0.00486,0.95825,0.00355,0.00680,3,12236,0,26037,0.17332,0.07881,0.45472,99,1,98.632,78,1,3,4375,195192,0,0,0.000,14.096,15.094,0,0.000,25.620,17.085,0,0,1,0,5
PPG,4,359778,14392670587,183,73084,81532,80920.359,611.641,60.719,0,0,0,0,73.17,73.17,2,1,512,nan,4,1,24,1,1,2,2,0,0,0,1510600429,0.04370,0.00513,0.94922,0.95024,-0.00665,-0.00001,-0.00194,0.00693,0.95558,0.00562,0.00732,3,12161,0,26037,0.17332,0.07881,0.45472,99,1,98.632,78,1,3,4325,195192,0,0,0.000,14.096,15.094,0,0.000,25.620,17.085,0,0,1,0,5
PPG,4,359779,14392710587,127,73123,81602,80927.172,674.828,93.547,0,0,0,0,73.17,73.17,2,1,512,nan,4,1,24,1,1,3,3,0,0,0,1510639643,0.04565,0.00391,0.96338,0.96447,-0.00612,-0.00001,-0.00034,0.00613,0.96447,0.00958,0.00656,3,12106,0,26037,0.17332,0.07881,0.45472,99,1,98.632,78,1,3,4296,195192,0,0,0.000,14.096,15.094,0,0.000,25.620,17.085,0,0,1,0,5
PPG,4,359780,14392750587,125,73159,81659,80934.492,724.508,131.594,0,0,0,0,73.17,73.17,2,1,512,nan,4,1,24,1,1,4,4,0,0,0,1510678787,0.04590,0.00317,0.94946,0.95058,-0.00638,-0.00055,-0.00167,0.00662,0.95492,0.01457,0.00680,3,12144,0,26037,0.17332,0.07881,0.45472,99,1,98.632,78,1,3,2599,195192,0,0,0.000,14.096,15.094,0,0.000,25.620,17.085,0,0,1,0,5
PPG,4,359781,14392790587,130,73183,81682,80941.969,740.031,158.609,0,1,0,0,73.17,73.17,2,1,512,nan,4,1,24,1,1,5,5,0,0,0,1510720398,0.04248,0.00635,0.95508,0.95604,-0.00692,-0.00135,-0.00194,0.00731,0.95878,0.00803,0.00731,3,12128,0,26037,0.17332,0.07881,0.45472,99,1,98.632,78,1,3,4303,195192,0,0,20.836,14.096,15.094,1,0.000,25.620,17.085,0,0,1,0,5
PPG,4,359782,14392830587,125,73183,81698,80949.531,748.469,172.758,0,0,0,0,73.17,73.17,2,1,512,nan,4,1,24,1,1,6,6,0,0,0,1510759379,0.04663,0.01050,0.95532,0.95652,-0.00452,-0.00188,-0.00167,0.00517,0.95652,0.00714,0.00610,3,12121,0,26037,0.17332,0.07881,0.45472,99,1,98.632,78,1,3,2623,195192,0,0,0.000,14.096,15.094,0,0.000,25.620,17.085,0,0,1,0,5
PPG,4,359783,14392870587,127,73166,81670,80956.734,713.266,180.023,0,0,0,0,73.17,73.17,2,1,512,nan,4,1,24,1,1,7,7,0,0,0,1510800966,0.04517,0.00464,0.95239,0.95347,-0.00612,-0.00081,-0.00194,0.00647,0.95645,0.00406,0.00647,3,12132,0,26037,0.17332,0.07881,0.45472,99,1,98.632,78,1,3,4307,195192,0,0,0.000,14.096,15.094,0,0.000,25.620,17.085,0,0,1,0,5
PPG,4,359784,14392910587,133,73127,81547,80962.641,584.359,172.492,0,0,0,0,73.17,73.17,2,1,512,nan,4,1,24,1,1,8,8,0,0,0,1510839920,0.04492,0.00562,0.94995,0.95103,-0.00585,-0.00055,-0.00247,0.00638,0.95522,0.00659,0.00638,3,12116,0,26037,0.17332,0.07881,0.45472,99,1,98.632,78,1,3,4308,195192,0,0,0.000,14.096,15.094,0,0.000,25.620,17.085,0,0,1,0,5
PPG,4,359785,14392950587,135,73075,81415,80967.164,447.836,148.828,0,0,0,0,73.17,73.17,2,1,512,nan,4,1,24,1,1,9,9,0,0,0,1510878950,0.04395,0.00366,0.95386,0.95488,-0.00665,-0.00028,-0.00061,0.00668,0.95511,0.00408,0.00668,3,12155,0,26037,0.17332,0.07881,0.45472,99,1,98.632,78,1,3,2599,195192,0,0,0.000,14.096,15.094,0,0.000,25.620,17.085,0,0,1,0,4
PPG,4,359786,14392990587,126,73058,81367,80971.164,395.836,113.359,0,0,0,0,73.17,73.17,2,1,512,nan,4,1,24,1,1,10,10,0,0,0,1510920562,0.04517,0.00488,0.95386,0.95494,-0.00585,-0.00081,-0.00274,0.00651,0.96039,0.00980,0.00699,3,12124,0,26037,0.17332,0.07881,0.45472,99,1,98.632,78,1,3,4301,195192,0,0,0.000,14.096,15.094,0,0.000,25.620,17.085,0,0,1,0,4
PPG,4,359787,14393030587,127,73024,81358,80975.031,382.969,71.312,0,0,0,0,73.17,73.17,2,1,512,nan,4,1,24,1,1,11,11,0,0,0,1510959527,0.04272,0.00781,0.94922,0.95021,-0.00532,-0.00028,-0.00167,0.00558,0.95327,0.00186,0.00672,3,12117,0,26037,0.17332,0.07881,0.45472,99,1,98.632,78,1,3,2598,195192,0,0,0.000,14.096,15.094,0,0.000,25.620,17.085,0,0,1,0,4
PPG,4,359788,14393070587,132,73023,81368,80978.961,389.039,25.898,0,0,0,0,73.17,73.17,2,1,512,nan,4,1,24,1,1,12,12,0,0,0,1511005469,0.04590,0.00098,0.95581,0.95691,-0.00505,-0.00135,-0.00141,0.00541,0.95691,0.00559,0.00573,3,12167,0,26037,0.17332,0.07881,0.45472,99,1,98.632,78,1,3,2585,195192,0,0,0.000,14.096,15.094,0,0.000,25.620,17.085,0,0,1,0,4
PPG,4,359789,14393110587,129,73032,81409,80983.258,425.742,-20.789,0,0,0,0,73.17,73.17,2,1,512,nan,4,1,24,1,1,13,13,0,0,0,1511041905,0.04370,0.00220,0.94995,0.95096,-0.00585,-0.00081,-0.00061,0.00594,0.95464,0.00732,0.00637,3,12128,0,26037,0.17332,0.07881,0.45472,99,1,98.632,78,1,3,4310,195192,0,0,0.000,14.096,15.094,0,0.000,25.620,17.085,0,0,1,0,4
PPG,4,359790,14393150587,171,73035,81424,80987.664,436.336,-61.531,0,0,0,0,73.17,73.17,2,1,512,nan,4,1,24,1,1,14,14,0,0,0,1511080977,0.04565,0.00171,0.95605,0.95715,-0.00532,0.00052,-0.00300,0.00613,0.95715,0.00457,0.00613,3,12212,0,26037,0.17332,0.07881,0.45472,99,1,98.632,78,1,3,4381,195192,0,0,0.000,14.096,15.094,0,0.000,25.620,17.085,0,0,1,0,4
PPG,4,359791,14393190587,128,73033,81434,80992.125,441.875,-83.469,1,0,0,0,73.17,73.17,2,1,512,nan,4,1,24,1,1,15,15,0,0,0,1511120280,0.04907,0.00220,0.94653,0.94781,-0.00612,-0.00001,-0.00194,0.00642,0.95471,0.00634,0.00693,3,12116,0,26037,0.17332,0.07881,0.45472,99,1,98.632,78,1,3,4306,195192,0,0,0.000,14.096,15.094,0,286.891,25.620,17.085,1,0,1,0,4
PPG,4,359792,14393230587,137,73044,81434,80996.547,437.453,-85.461,0,0,1,0,0.00,nan,1,2,0,nan,4,1,24,1,1,16,16,0,0,0,1511159326,0.04614,0.00342,0.95581,0.95693,-0.00505,-0.00028,-0.00221,0.00552,0.95693,0.00346,0.00669,3,12121,0,26037,0.17332,0.07881,0.45472,99,1,98.632,78,1,6,2608,195192,0,0,107.141,14.096,15.094,1,0.000,25.620,17.085,0,1,1,0,1
PPG,4,359793,14393270587,119,73037,81443,81001.008,441.992,-79.602,0,0,0,0,0.00,nan,1,2,0,nan,4,1,24,1,1,17,17,0,0,0,1511200924,0.04541,0.00269,0.95190,0.95299,-0.00638,0.00025,-0.00167,0.00660,0.95564,0.00219,0.00714,3,12156,0,26037,0.17332,0.07881,0.45472,99,1,98.632,78,1,6,4365,195192,0,0,0.000,13.985,14.827,0,0.000,25.897,17.475,0,0,1,0,1
PPG,4,359794,14393310587,119,73060,81472,81005.719,466.281,-67.711,0,0,0,0,0.00,nan,1,2,0,nan,4,1,24,1,1,18,18,0,0,0,1511240071,0.04443,0.00464,0.95825,0.95929,-0.00558,-0.00001,-0.00114,0.00570,0.96023,0.00724,0.00645,3,12263,0,26037,0.17332,0.07881,0.45472,99,1,98.632,78,1,6,4311,195192,0,0,0.000,13.985,14.827,0,0.000,25.897,17.475,0,0,1,0,1
PPG,4,359795,14393350587,119,73087,81514,81010.805,503.195,-51.312,0,0,0,0,0.00,nan,1,2,0,nan,4,1,24,1,1,19,19,0,0,0,1511279191,0.04907,0.00684,0.95996,0.96124,-0.00585,-0.00081,-0.00167,0.00614,0.96124,0.01033,0.00716,3,12319,0,26037,0.17332,0.07881,0.45472,99,1,98.632,78,1,6,2636,195192,0,0,0.000,13.985,14.827,0,0.000,25.897,17.475,0,0,1,0,1
PPG,4,359796,14393390587,520,73115,81563,81016.328,546.672,-34.758,0,0,0,0,0.00,nan,1,2,0,99.00,0,1,24,1,1,20,20,0,0,0,1511321158,0.04175,0.00513,0.94995,0.95088,-0.00452,0.00079,-0.00114,0.00473,0.95811,0.00755,0.00604,3,12258,0,26037,0.16939,0.06913,0.40810,99,1,99.797,75,1,3,4352,195192,0,0,0.000,13.985,14.827,0,0.000,25.897,17.475,0,0,1,0,1
PPG,4,359797,14393430587,168,73125,81601,81022.172,578.828,-15.172,0,0,0,0,0.00,nan,1,2,0,99.00,0,1,24,1,1,21,21,0,0,0,1511360915,0.04395,0.00464,0.95459,0.95561,-0.00585,0.00052,-0.00274,0.00648,0.95561,0.00884,0.00672,3,12251,0,26037,0.16939,0.06913,0.40810,99,1,99.797,75,1,3,4332,195192,0,0,0.000,13.985,14.827,0,0.000,25.897,17.475,0,0,1,0,1
PPG,4,359798,14393470587,139,73160,81645,81028.398,616.602,9.320,0,0,0,0,0.00,nan,1,2,0,99.00,0,1,24,1,1,22,22,0,0,0,1511400305,0.04150,0.00293,0.95313,0.95403,-0.00532,0.00052,-0.00167,0.00560,0.95557,0.00410,0.00609,3,12275,0,26037,0.16939,0.06913,0.40810,99,1,99.797,75,1,3,4329,195192,0,0,0.000,13.985,14.827,0,0.000,25.897,17.475,0,0,1,0,1
PPG,4,359799,14393510587,118,73158,81660,81034.711,625.289,38.711,0,0,0,0,0.00,nan,1,2,0,99.00,0,1,24,1,1,23,23,0,0,0,1511439638,0.04248,0.00244,0.95068,0.95164,-0.00532,-0.00241,-0.00194,0.00615,0.95704,0.00540,0.00629,3,12256,0,26037,0.16939,0.06913,0.40810,99,1,99.797,75,1,3,2628,195192,0,0,0.000,13.985,14.827,0,0.000,25.897,17.475,0,0,1,0,1
PPG,4,359800,14393550587,118,73148,81642,81040.781,601.219,67.992,0,0,0,0,0.00,nan,1,2,0,99.00,0,1,24,1,1,24,24,0,0,0,1511481576,0.04810,0.00391,0.95825,0.95947,-0.00585,-0.00081,-0.00221,0.00631,0.95947,0.00404,0.00697,3,12270,0,26037,0.16939,0.06913,0.40810,99,1,99.797,75,1,3,4339,195192,0,0,0.000,13.985,14.827,0,0.000,25.897,17.475,0,0,1,0,1
PPG,4,359801,14393590587,118,73117,81627,81046.641,580.359,92.883,0,0,0,0,0.00,nan,1,2,0,99.00,0,1,24,1,1,25,25,0,0,0,1511520844,0.04297,0.00732,0.95361,0.95461,-0.00665,0.00025,-0.00141,0.00680,0.95933,0.00526,0.00680,3,12245,0,26037,0.16939,0.06913,0.40810,99,1,99.797,75,1,3,4334,195192,0,0,0.000,13.985,14.827,0,0.000,25.897,17.475,0,0,1,0,1
PPG,4,359802,14393630587,126,73120,81632,81052.492,579.508,113.039,0,0,0,0,0.00,nan,1,2,0,99.00,0,1,24,1,1,26,26,0,0,0,1511560091,0.04810,0.00342,0.95020,0.95142,-0.00558,0.00052,-0.00247,0.00613,0.95639,0.00497,0.00643,3,12258,0,26037,0.16939,0.06913,0.40810,99,1,99.797,75,1,3,4336,195192,0,0,0.000,13.985,14.827,0,0.000,25.897,17.475,0,0,1,0,1
PPG,4,359803,14393670587,125,73138,81648,81058.445,589.555,126.281,0,0,0,0,0.00,nan,1,2,0,99.00,0,1,24,1,1,27,27,0,0,0,1511599432,0.04663,0.00513,0.95483,0.95599,-0.00585,-0.00028,-0.00141,0.00602,0.95599,0.00414,0.00702,3,12307,0,26037,0.16939,0.06913,0.40810,99,1,99.797,75,1,3,2635,195192,0,0,0.000,13.985,14.827,0,0.000,25.897,17.475,0,0,1,0,1
PPG,4,359804,14393710587,118,73151,81685,81064.711,620.289,131.383,0,0,0,0,0.00,nan,1,2,0,99.00,0,1,24,1,1,28,28,0,0,0,1511641278,0.04492,0.00415,0.95532,0.95639,-0.00558,-0.00001,-0.00087,0.00565,0.95639,0.00629,0.00601,3,12235,0,26037,0.16939,0.06913,0.40810,99,1,99.797,75,1,3,4332,195192,0,0,0.000,13.985,14.827,0,0.000,25.897,17.475,0,0,1,0,1
PPG,4,359805,14393750587,131,73184,81718,81071.242,646.758,126.656,0,0,0,0,0.00,nan,1,2,0,99.00,0,1,24,1,1,29,29,0,0,0,1511680549,0.03784,0.00244,0.95215,0.95290,-0.00532,0.00025,-0.00194,0.00567,0.95489,0.00218,0.00675,3,12251,0,26037,0.16939,0.06913,0.40810,99,1,99.797,75,1,3,4335,195192,0,0,0.000,13.985,14.827,0,0.000,25.897,17.475,0,0,1,0,1
PPG,4,359806,14393790587,118,73188,81748,81078.008,669.992,120.180,0,0,0,0,0.00,nan,1,2,0,99.00,0,1,24,1,1,30,30,0,0,0,1511719823,0.04224,0.00269,0.95215,0.95309,-0.00532,-0.00001,-0.00247,0.00586,0.95546,0.00421,0.00701,3,12243,0,26037,0.16939,0.06913,0.40810,99,1,99.797,75,1,3,4329,195192,0,0,0.000,13.985,14.827,0,0.000,25.897,17.475,0,0,1,0,1
PPG,4,359807,14393830587,118,73210,81751,81084.734,666.266,116.102,0,0,0,0,0.00,nan,1,2,0,99.00,0,1,24,1,1,31,31,0,0,0,1511759056,0.04565,0.00342,0.95703,0.95813,-0.00585,-0.00028,-0.00141,0.00602,0.95813,0.00619,0.00665,3,12239,0,26037,0.16939,0.06913,0.40810,99,1,99.797,75,1,3,2618,195192,0,0,0.000,13.985,14.827,0,0.000,25.897,17.475,0,0,1,0,1
PPG,4,359808,14393870587,120,73136,81571,81089.594,481.406,97.953,0,0,0,0,0.00,nan,1,2,0,99.00,0,1,24,1,1,0,0,0,0,0,1511800970,0.04443,0.00317,0.94995,0.95100,-0.00692,-0.00001,-0.00247,0.00735,0.95636,0.00512,0.00755,3,12278,0,26037,0.16939,0.06913,0.40810,99,1,99.797,75,1,3,4329,195192,0,0,0.000,13.985,14.827,0,0.000,25.897,17.475,0,0,1,0,1
PPG,4,359809,14393910587,126,73088,81452,81093.219,358.781,70.086,0,0,0,0,0.00,nan,1,2,0,99.00,0,1,24,1,1,1,1,0,0,0,1511840170,0.04102,0.00488,0.95361,0.95451,-0.00612,-0.00081,-0.00221,0.00655,0.95451,0.00269,0.00655,3,12233,0,26037,0.16939,0.06913,0.40810,99,1,99.797,75,1,3,4341,195192,0,0,0.000,13.985,14.827,0,0.000,25.897,17.475,0,0,1,0,1
PPG,4,359810,14393950587,188,73076,81446,81096.750,349.250,40.133,0,0,0,0,0.00,nan,1,2,0,99.00,0,1,24,1,1,2,2,0,0,0,1511879338,0.04370,0.00415,0.95190,0.95292,-0.00612,-0.00028,-0.00194,0.00642,0.95685,0.00393,0.00668,3,12196,0,26037,0.16939,0.06913,0.40810,99,1,99.797,75,1,3,2631,195192,0,0,0.000,13.985,14.827,0,0.000,25.897,17.475,0,0,1,0,1
PPG,4,359811,14393990587,181,73097,81491,81100.695,390.305,9.562,0,0,0,0,0.00,nan,1,2,0,99.00,0,1,24,1,1,3,3,0,0,0,1511921198,0.04248,0.00342,0.95190,0.95286,-0.00585,0.00079,-0.00167,0.00614,0.95569,0.00631,0.00669,3,12155,0,26037,0.16939,0.06913,0.40810,99,1,99.797,75,1,3,4337,195192,0,0,0.000,13.985,14.827,0,0.000,25.897,17.475,0,0,1,0,1
PPG,4,359812,14394030587,141,73090,81510,81104.789,405.211,-23.953,1,0,1,820,73.17,73.17,2,1,0,99.00,0,1,24,1,1,4,4,0,0,0,1511960437,0.04395,0.00659,0.95605,0.95709,-0.00479,0.00025,-0.00114,0.00493,0.95709,0.00700,0.00581,3,12154,0,26037,0.16939,0.06913,0.40810,99,1,99.797,75,1,3,4305,195192,0,0,97.438,13.985,14.827,1,216.844,25.897,17.475,1,1,1,0,2
PPG,4,359813,14394070587,129,73143,81595,81109.688,485.312,-53.406,0,0,0,0,73.17,73.17,2,1,0,99.00,0,1,24,1,1,5,5,0,0,0,1512006327,0.04443,0.00635,0.95679,0.95784,-0.00585,-0.00188,-0.00114,0.00625,0.95784,0.00665,0.00654,3,12193,0,26037,0.16939,0.06913,0.40810,99,1,99.797,75,1,3,2585,195192,0,0,0.000,13.828,14.447,0,0.000,25.701,17.199,0,0,1,0,2
PPG,4,359814,14394110587,118,73152,81637,81114.961,522.039,-77.938,0,0,0,0,73.17,73.17,2,1,0,99.00,0,1,24,1,1,6,6,0,0,0,1512042888,0.04224,0.00879,0.95288,0.95386,-0.00612,-0.00161,-0.00087,0.00639,0.96043,0.01093,0.00639,3,12127,0,26037,0.16939,0.06913,0.40810,99,1,99.797,75,1,3,2591,195192,0,0,0.000,13.828,14.447,0,0.000,25.701,17.199,0,0,1,0,2
PPG,4,359815,14394150587,118,73167,81634,81120.148,513.852,-74.938,0,0,0,0,73.17,73.17,2,1,0,99.00,0,1,24,1,1,7,7,0,0,0,1512079353,0.05078,0.00439,0.95752,0.95888,-0.00558,-0.00081,-0.00221,0.00606,0.95888,0.00454,0.00660,3,12135,0,26037,0.16939,0.06913,0.40810,99,1,99.797,75,1,3,2601,195192,0,0,0.000,13.828,14.447,0,0.000,25.701,17.199,0,0,1,0,2
PPG,4,359816,14394190587,118,73200,81688,81125.828,562.172,-47.477,0,0,0,0,73.17,73.17,2,1,0,99.00,0,1,24,1,1,8,8,0,0,0,1512120986,0.04541,0.00879,0.95337,0.95449,-0.00558,0.00132,-0.00141,0.00591,0.95795,0.00346,0.00687,3,12112,0,26037,0.16939,0.06913,0.40810,99,1,99.797,75,1,3,4299,195192,0,0,0.000,13.828,14.447,0,0.000,25.701,17.199,0,0,1,0,2
PPG,4,359817,14394230587,119,73235,81763,81132.203,630.797,-10.289,0,0,0,0,73.17,73.17,2,1,0,99.00,0,1,24,1,1,9,9,0,0,0,1512159966,0.04175,0.00122,0.95264,0.95355,-0.00558,0.00158,-0.00221,0.00621,0.95634,0.00279,0.00621,3,12118,0,26037,0.16939,0.06913,0.40810,99,1,99.797,75,1,3,4307,195192,0,0,0.000,13.828,14.447,0,0.000,25.701,17.199,0,0,1,0,2
PPG,4,359818,14394270587,132,73258,81813,81139.008,673.992,27.312,0,0,0,0,73.17,73.17,2,1,0,99.00,0,1,24,1,1,10,10,0,0,0,1512198923,0.04517,0.00293,0.95581,0.95688,-0.00612,-0.00001,-0.00221,0.00650,0.96452,0.01097,0.00650,3,12122,0,26037,0.16939,0.06913,0.40810,99,1,99.797,75,1,3,2613,195192,0,0,0.000,13.828,14.447,0,0.000,25.701,17.199,0,0,1,0,2
PPG,4,359819,14394310587,120,73269,81830,81145.914,684.086,64.523,0,0,0,0,73.17,73.17,2,1,0,99.00,0,1,24,1,1,11,11,0,0,0,1512240607,0.04297,0.00586,0.95190,0.95289,-0.00585,-0.00081,-0.00194,0.00622,0.95918,0.00790,0.00744,3,12119,0,26037,0.16939,0.06913,0.40810,99,1,99.797,75,1,3,4294,195192,0,0,0.000,13.828,14.447,0,0.000,25.701,17.199,0,0,1,0,2
PPG,4,359820,14394350587,121,73219,81821,81152.664,668.336,87.859,0,0,0,0,73.17,73.17,2,1,0,99.00,0,1,24,1,1,12,12,0,0,0,1512279598,0.05103,0.00366,0.95581,0.95718,-0.00532,-0.00135,-0.00194,0.00582,0.95718,0.00486,0.00637,3,12132,0,26037,0.16939,0.06913,0.40810,99,1,99.797,75,1,3,2600,195192,0,0,0.000,13.828,14.447,0,0.000,25.701,17.199,0,0,1,0,2
PPG,4,359821,14394390587,517,73234,81854,81159.680,694.320,107.508,0,0,0,0,73.17,73.17,2,1,0,99.00,0,1,24,1,1,13,13,0,0,0,1512321243,0.04004,0.00146,0.95874,0.95958,-0.00452,0.00079,-0.00061,0.00463,0.95958,0.00170,0.00551,3,12138,0,26037,0.21945,0.10172,0.46353,99,1,98.412,136,1,3,4300,195192,0,0,0.000,13.828,14.447,0,0.000,25.701,17.199,0,0,1,0,2
PPG,4,359822,14394430587,166,73278,81907,81167.156,739.844,132.758,0,0,0,0,73.17,73.17,2,1,0,99.00,0,1,24,1,1,14,14,0,0,0,1512360657,0.03979,0.00488,0.96191,0.96275,-0.00692,-0.00188,-0.00194,0.00743,0.96275,0.01263,0.00743,3,12111,0,26037,0.21945,0.10172,0.46353,99,1,98.412,136,1,3,4294,195192,0,0,0.000,13.828,14.447,0,0.000,25.701,17.199,0,0,1,0,2
PPG,4,359823,14394470587,196,73298,81955,81175.031,779.969,155.547,0,0,0,0,73.17,73.17,2,1,0,99.00,0,1,24,1,1,15,15,0,0,0,1512399706,0.04419,0.00244,0.95654,0.95757,-0.00585,-0.00188,-0.00194,0.00644,0.95809,0.00892,0.00662,3,12130,0,26037,0.21945,0.10172,0.46353,99,1,98.412,136,1,3,2631,195192,0,0,0.000,13.828,14.447,0,0.000,25.701,17.199,0,0,1,0,2
PPG,4,359824,14394510587,127,73276,81918,81182.461,735.539,166.039,0,0,0,0,73.17,73.17,2,1,0,99.00,0,1,24,1,1,16,16,0,0,0,1512441504,0.04028,0.00171,0.95557,0.95642,-0.00585,-0.00028,-0.00221,0.00626,0.96303,0.01070,0.00647,3,12118,0,26037,0.21945,0.10172,0.46353,99,1,98.412,136,1,3,4296,195192,0,0,0.000,13.828,14.447,0,0.000,25.701,17.199,0,0,1,0,2
PPG,4,359825,14394550587,119,73269,81902,81189.656,712.344,169.562,0,0,0,0,73.17,73.17,2,1,0,99.00,0,1,24,1,1,17,17,0,0,0,1512480465,0.04883,0.00342,0.95459,0.95584,-0.00718,-0.00081,-0.00194,0.00748,0.95584,0.00886,0.00748,3,12112,0,26037,0.21945,0.10172,0.46353,99,1,98.412,136,1,3,4301,195192,0,0,0.000,13.828,14.447,0,0.000,25.701,17.199,0,0,1,0,2
PPG,4,359826,14394590587,119,73253,81892,81196.680,695.320,171.211,0,0,0,0,73.17,73.17,2,1,0,99.00,0,1,24,1,1,18,18,0,0,0,1512519540,0.03857,0.00073,0.95459,0.95537,-0.00558,-0.00028,-0.00141,0.00577,0.96032,0.00896,0.00594,3,12152,0,26037,0.21945,0.10172,0.46353,99,1,98.412,136,1,3,2594,195192,0,0,0.000,13.828,14.447,0,0.000,25.701,17.199,0,0,1,0,2
PPG,4,359827,14394630587,135,73271,81913,81203.844,709.156,176.258,0,0,0,0,73.17,73.17,2,1,0,99.00,0,1,24,1,1,19,19,0,0,0,1512561091,0.04712,0.00488,0.95654,0.95772,-0.00665,-0.00028,-0.00141,0.00680,0.95772,0.00496,0.00687,3,12112,0,26037,0.21945,0.10172,0.46353,99,1,98.412,136,1,3,4299,195192,0,0,0.000,13.828,14.447,0,0.000,25.701,17.199,0,0,1,0,2
PPG,4,359828,14394670587,127,73297,81946,81211.266,734.734,170.648,0,0,0,0,73.17,73.17,2,1,0,99.00,0,1,24,1,1,20,20,0,0,0,1512600086,0.04272,0.00073,0.94946,0.95042,-0.00612,-0.00055,-0.00141,0.00630,0.95540,0.00498,0.00630,3,12123,0,26037,0.21945,0.10172,0.46353,99,1,98.412,136,1,3,4301,195192,0,0,0.000,13.828,14.447,0,0.000,25.701,17.199,0,0,1,0,2
PPG,4,359829,14394710587,130,73310,81974,81218.891,755.109,154.117,0,0,0,0,73.17,73.17,2,1,0,99.00,0,1,24,1,1,21,21,0,0,0,1512639595,0.04541,0.00586,0.95654,0.95764,-0.00638,-0.00161,-0.00194,0.00686,0.95764,0.00703,0.00686,3,12317,0,26037,0.21945,0.10172,0.46353,99,1,98.412,136,1,3,2601,195192,0,0,0.000,13.663,14.757,0,0.000,25.701,17.199,0,0,1,0,2
PPG,4,359830,14394750587,121,73319,81983,81226.531,756.469,131.273,0,0,0,0,73.17,73.17,2,1,0,99.00,0,1,24,1,1,22,22,0,0,0,1512681231,0.04443,0.00342,0.95215,0.95319,-0.00585,-0.00135,-0.00141,0.00617,0.95569,0.00299,0.00642,3,12117,0,26037,0.21945,0.10172,0.46353,99,1,98.412,136,1,3,4298,195192,0,0,0.000,13.663,14.757,0,0.000,25.701,17.199,0,0,1,0,2
PPG,4,359831,14394790587,120,73277,81935,81233.617,701.383,111.500,0,0,0,0,73.17,73.17,2,1,0,99.00,0,1,24,1,1,23,23,0,0,0,1512720247,0.04346,0.00195,0.94849,0.94948,-0.00612,0.00025,-0.00087,0.00618,0.95296,0.00487,0.00748,3,12184,0,26037,0.21945,0.10172,0.46353,99,1,98.412,136,1,3,4296,195192,0,0,94.648,13.663,14.757,1,0.000,25.701,17.199,0,0,1,0,2
PPG,4,359832,14394830587,183,73203,81778,81239.062,538.938,80.391,0,0,0,0,73.17,73.17,2,1,0,99.00,0,1,24,1,1,24,24,0,0,0,1512759379,0.04712,0.00586,0.95410,0.95528,-0.00638,-0.00135,-0.00141,0.00667,0.95943,0.00866,0.00667,3,12117,0,26037,0.21945,0.10172,0.46353,99,1,98.412,136,1,3,2597,195192,0,0,0.000,13.663,14.757,0,0.000,25.701,17.199,0,0,1,0,2
PPG,4,359833,14394870587,194,73150,81643,81243.102,399.898,42.414,0,0,0,0,73.17,73.17,2,1,0,99.00,0,1,24,1,1,25,25,0,0,0,1512801322,0.04639,0.00464,0.95410,0.95524,-0.00638,-0.00108,0.00019,0.00648,0.95524,0.00562,0.00648,3,12131,0,26037,0.21945,0.10172,0.46353,99,1,98.412,136,1,3,4328,195192,0,0,0.000,13.663,14.757,0,0.000,25.701,17.199,0,0,1,0,2
PPG,4,359834,14394910587,119,73119,81620,81246.867,373.133,1.406,0,0,0,0,73.17,73.17,2,1,0,99.00,0,1,24,1,1,26,26,0,0,0,1512840834,0.04395,0.00439,0.95117,0.95220,-0.00479,0.00052,-0.00167,0.00510,0.95398,0.00385,0.00642,3,12242,0,26037,0.21945,0.10172,0.46353,99,1,98.412,136,1,3,4329,195192,0,0,0.000,13.663,14.757,0,0.000,25.701,17.199,0,0,1,0,2
PPG,4,359835,14394950587,131,73142,81651,81250.906,400.094,-41.586,1,0,0,0,73.17,73.17,2,1,0,99.00,0,1,24,1,1,27,27,0,0,0,1512880186,0.04297,0.00098,0.94946,0.95044,-0.00558,-0.00055,-0.00141,0.00578,0.95094,0.00475,0.00671,3,12258,0,26037,0.21945,0.10172,0.46353,99,1,98.412,136,1,3,4348,195192,0,0,0.000,13.663,14.757,0,254.195,25.701,17.199,1,0,1,0,2
PPG,4,359836,14394990587,130,73141,81675,81255.148,419.852,-83.648,0,0,0,0,73.17,73.17,2,1,0,99.00,0,1,24,1,1,28,28,0,0,0,1512919459,0.04712,0.00562,0.95752,0.95869,-0.00718,-0.00001,-0.00141,0.00732,0.95869,0.00749,0.00732,3,12209,0,26037,0.21945,0.10172,0.46353,99,1,98.412,136,1,3,2626,195192,0,0,0.000,13.663,14.757,0,0.000,25.701,17.199,0,0,1,0,2
PPG,4,359837,14395030587,127,73160,81721,81259.805,461.195,-118.977,0,0,0,0,73.17,73.17,2,1,0,99.00,0,1,24,1,1,29,29,0,0,0,1512961448,0.04272,0.00488,0.95654,0.95751,-0.00532,0.00079,-0.00194,0.00571,0.95751,0.00640,0.00644,3,12238,0,26037,0.21945,0.10172,0.46353,99,1,98.412,136,1,3,4344,195192,0,0,0.000,13.663,14.757,0,0.000,25.701,17.199,0,0,1,0,2
PPG,4,359838,14395070587,127,73179,81755,81264.758,490.242,-141.789,0,0,0,0,73.17,73.17,2,1,0,99.00,0,1,24,1,1,30,30,0,0,0,1512995285,0.04736,0.00415,0.95459,0.95577,-0.00532,-0.00001,-0.00327,0.00624,0.95577,0.00201,0.00624,2,19042,0,26037,0.21945,0.10172,0.46353,99,1,98.412,136,1,3,2617,195192,0,0,0.000,13.663,14.757,0,0.000,25.701,17.199,0,0,1,0,2
PPG,4,359839,14395110587,124,73168,81736,81269.469,466.531,-143.094,0,0,0,0,73.17,73.17,2,1,0,99.00,0,1,24,1,1,31,31,0,0,0,1513039998,0.04663,0.00488,0.96143,0.96257,-0.00532,-0.00215,-0.00194,0.00605,0.96257,0.01275,0.00646,3,12249,0,26038,0.21945,0.10172,0.46353,99,1,98.412,136,1,3,2627,195192,0,0,0.000,13.663,14.757,0,0.000,25.701,17.199,0,0,1,0,2
PPG,4,359840,14395150587,139,73161,81716,81273.938,442.062,-127.414,0,0,0,0,73.17,73.17,2,1,0,99.00,0,1,24,1,1,0,0,0,0,0,1513081901,0.04175,0.00366,0.95752,0.95844,-0.00612,-0.00001,-0.00247,0.00660,0.95844,0.01416,0.00689,3,12213,0,26038,0.21945,0.10172,0.46353,99,1,98.412,136,1,3,4370,195192,0,0,0.000,13.663,14.757,0,0.000,25.701,17.199,0,0,1,0,2
PPG,4,359841,14395190587,120,73139,81692,81278.117,413.883,-109.031,0,0,0,0,73.17,73.17,2,1,0,99.00,0,1,24,1,1,1,1,0,0,0,1513121451,0.04541,0.00684,0.95850,0.95960,-0.00692,-0.00001,-0.00034,0.00693,0.95960,0.00325,0.00693,3,12279,0,26038,0.21945,0.10172,0.46353,99,1,98.412,136,1,3,4348,195192,0,0,0.000,13.663,14.757,0,0.000,25.701,17.199,0,0,1,0,2
PPG,4,359842,14395230587,119,73119,81679,81282.125,396.875,-93.633,0,0,0,0,73.17,73.17,2,1,0,99.00,0,1,24,1,1,2,2,0,0,0,1513160751,0.04443,0.00415,0.94360,0.94466,-0.00558,0.00132,-0.00087,0.00580,0.95698,0.01232,0.00602,3,12212,0,26038,0.21945,0.10172,0.46353,99,1,98.412,136,1,3,4348,195192,0,0,0.000,13.663,14.757,0,0.000,25.701,17.199,0,0,1,0,2
PPG,4,359843,14395270587,119,73116,81676,81286.062,389.938,-79.539,0,0,0,0,73.17,73.17,2,1,0,99.00,0,1,24,1,1,3,3,0,0,0,1513200055,0.04199,0.00513,0.95142,0.95236,-0.00665,0.00132,-0.00087,0.00684,0.95637,0.00834,0.00684,3,12239,0,26038,0.21945,0.10172,0.46353,99,1,98.412,136,1,3,2623,195192,0,0,0.000,13.663,14.757,0,0.000,25.701,17.199,0,0,1,0,2
PPG,4,359844,14395310587,141,73085,81670,81289.898,380.102,-74.422,0,0,0,0,73.17,73.17,2,1,0,99.00,0,1,24,1,1,4,4,0,0,0,1513242074,0.04224,0.00586,0.95166,0.95262,-0.00718,-0.00001,-0.00167,0.00738,0.95299,0.00362,0.00753,3,12225,0,26038,0.21945,0.10172,0.46353,99,1,98.412,136,1,3,4330,195192,0,0,0.000,13.663,14.757,0,0.000,25.701,17.199,0,0,1,0,2
PPG,4,359845,14395350587,128,73061,81667,81293.672,373.328,-75.242,0,0,0,0,73.17,73.17,2,1,0,99.00,0,1,24,1,1,5,5,0,0,0,1513281352,0.04468,0.00366,0.95166,0.95272,-0.00558,0.00105,-0.00061,0.00571,0.95834,0.00573,0.00651,3,12208,0,26038,0.21945,0.10172,0.46353,99,1,98.412,136,1,3,4317,195192,0,0,0.000,13.663,14.757,0,0.000,25.701,17.199,0,0,1,0,2
PPG,4,359846,14395390587,513,73080,81671,81297.445,373.555,-73.477,0,0,0,0,73.17,73.17,2,1,0,99.00,0,1,24,1,1,6,6,0,0,0,1513320642,0.04395,0.00757,0.94971,0.95075,-0.00745,-0.00374,-0.00114,0.00842,0.95236,0.00304,0.00842,3,12230,0,26038,0.23672,0.11633,0.49141,99,1,97.715,115,1,3,4328,195192,0,0,0.000,13.663,14.757,0,0.000,25.701,17.199,0,0,1,0,2
PPG,4,359847,14395430587,171,73079,81673,81301.203,371.797,-67.617,0,0,0,0,73.17,73.17,2,1,0,99.00,0,1,24,1,1,7,7,0,0,0,1513360411,0.04346,0.00391,0.95117,0.95217,-0.00585,-0.00108,-0.00141,0.00611,0.95766,0.00642,0.00751,3,12228,0,26038,0.23672,0.11633,0.49141,99,1,97.715,115,1,3,4337,195192,0,0,0.000,13.663,14.757,0,0.000,25.701,17.199,0,0,1,0,2
PPG,4,359848,14395470587,119,73089,81678,81304.969,373.031,-56.219,0,0,0,0,73.17,73.17,2,1,0,99.00,0,1,24,1,1,8,8,0,0,0,1513399726,0.04492,0.00220,0.95020,0.95126,-0.00692,-0.00135,-0.00167,0.00724,0.95476,0.00710,0.00724,3,12224,0,26038,0.23672,0.11633,0.49141,99,1,97.715,115,1,3,2614,195192,0,0,0.000,13.663,14.757,0,0.000,25.701,17.199,0,0,1,0,2
PPG,4,359849,14395510587,120,73122,81705,81308.969,396.031,-39.062,0,0,0,0,73.17,73.17,2,1,0,99.00,0,1,24,1,1,9,9,0,0,0,1513441556,0.04321,0.00195,0.95117,0.95215,-0.00505,-0.00001,-0.00274,0.00575,0.95384,0.00258,0.00650,3,12148,0,26038,0.23672,0.11633,0.49141,99,1,97.715,115,1,3,4326,195192,0,0,0.000,13.663,14.757,0,0.000,25.701,17.199,0,0,1,0,2
PPG,4,359850,14395550587,120,73155,81726,81313.141,412.859,-19.062,0,0,0,0,73.17,73.17,2,1,0,99.00,0,1,24,1,1,10,10,0,0,0,1513480777,0.04248,0.00415,0.95532,0.95628,-0.00638,0.00079,-0.00247,0.00689,0.96034,0.00783,0.00689,3,12119,0,26038,0.23672,0.11633,0.49141,99,1,97.715,115,1,3,4301,195192,0,0,0.000,13.663,14.757,0,0.000,25.701,17.199,0,0,1,0,2
PPG,4,359851,14395590587,132,73207,81751,81317.516,433.484,1.711,0,0,0,0,73.17,73.17,2,1,0,99.00,0,1,24,1,1,11,11,0,0,0,1513519825,0.04199,0.00220,0.94971,0.95064,-0.00558,-0.00001,-0.00141,0.00576,0.95366,0.00465,0.00576,3,12123,0,26038,0.23672,0.11633,0.49141,99,1,97.715,115,1,3,2610,195192,0,0,22.320,13.663,14.757,1,0.000,25.701,17.199,0,0,1,0,2
PPG,4,359852,14395630587,143,73267,81793,81322.273,470.727,18.961,1,0,1,1580,37.97,37.97,2,1,0,99.00,0,1,24,1,1,12,12,0,0,0,1513561584,0.04639,0.00464,0.96191,0.96304,-0.00585,0.00079,-0.00114,0.00601,0.96304,0.01191,0.00726,3,12114,0,26038,0.23672,0.11633,0.49141,99,1,97.715,115,1,3,4298,195192,0,0,0.000,13.663,14.757,0,68.672,25.701,17.199,1,1,1,0,3
PPG,4,359853,14395670587,124,73260,81783,81326.883,456.117,27.961,0,0,0,0,37.97,37.97,2,1,0,99.00,0,1,24,1,1,13,13,0,0,0,1513600618,0.04102,0.00513,0.95190,0.95280,-0.00558,0.00052,-0.00167,0.00585,0.95760,0.00644,0.00641,3,12113,0,26038,0.23672,0.11633,0.49141,99,1,97.715,115,1,3,4294,195192,0,0,0.000,13.056,13.257,0,0.000,24.604,15.654,0,0,1,0,3
PPG,4,359854,14395710587,134,73301,81793,81331.547,461.453,36.453,0,0,0,0,37.97,37.97,2,1,0,99.00,0,1,24,1,1,14,14,0,0,0,1513639646,0.04199,0.00269,0.95142,0.95235,-0.00505,-0.00055,-0.00221,0.00554,0.95619,0.00560,0.00624,3,12178,0,26038,0.23672,0.11633,0.49141,99,1,97.715,115,1,3,2597,195192,0,0,0.000,13.056,13.257,0,0.000,24.604,15.654,0,0,1,0,3
PPG,4,359855,14395750587,126,73307,81748,81335.711,412.289,41.602,0,0,0,0,37.97,37.97,2,1,0,99.00,0,1,24,1,1,15,15,0,0,0,1513681238,0.04468,0.00146,0.95190,0.95295,-0.00612,-0.00055,-0.00274,0.00672,0.95371,0.00136,0.00672,3,12131,0,26038,0.23672,0.11633,0.49141,99,1,97.715,115,1,3,4298,195192,0,0,0.000,13.056,13.257,0,0.000,24.604,15.654,0,0,1,0,3
PPG,4,359856,14395790587,132,73266,81689,81339.242,349.758,38.609,0,0,0,0,37.97,37.97,2,1,0,99.00,0,1,24,1,1,16,16,0,0,0,1513720232,0.04248,0.00537,0.94824,0.94921,-0.00665,0.00105,-0.00194,0.00701,0.95452,0.00289,0.00701,3,12141,0,26038,0.23672,0.11633,0.49141,99,1,97.715,115,1,3,2596,195192,0,0,0.000,13.056,13.257,0,0.000,24.604,15.654,0,0,1,0,3
PPG,4,359857,14395830587,123,73264,81680,81342.648,337.352,34.094,0,0,0,0,37.97,37.97,2,1,0,99.00,0,1,24,1,1,17,17,0,0,0,1513761849,0.04517,0.00537,0.95410,0.95519,-0.00612,-0.00081,-0.00194,0.00647,0.95519,0.00642,0.00724,3,12108,0,26038,0.23672,0.11633,0.49141,99,1,97.715,115,1,3,4298,195192,0,0,0.000,13.056,13.257,0,0.000,24.604,15.654,0,0,1,0,3
PPG,4,359858,14395870587,121,73275,81716,81346.383,369.617,31.039,0,0,0,0,37.97,37.97,2,1,0,99.00,0,1,24,1,1,18,18,0,0,0,1513800852,0.04541,0.00659,0.95166,0.95277,-0.00612,-0.00135,-0.00141,0.00642,0.95488,0.00418,0.00655,3,12131,0,26038,0.23672,0.11633,0.49141,99,1,97.715,115,1,3,4296,195192,0,0,0.000,13.056,13.257,0,0.000,24.604,15.654,0,0,1,0,3
PPG,4,359859,14395910587,133,73257,81735,81350.266,384.734,22.812,0,0,0,0,37.97,37.97,2,1,0,99.00,0,1,24,1,1,19,19,0,0,0,1513839876,0.04297,0.00244,0.95264,0.95361,-0.00612,-0.00108,-0.00300,0.00690,0.95361,0.00261,0.00695,3,12174,0,26038,0.23672,0.11633,0.49141,99,1,97.715,115,1,3,2616,195192,0,0,0.000,13.056,13.257,0,0.000,24.604,15.654,0,0,1,0,3
PPG,4,359860,14395950587,123,73249,81747,81354.234,392.766,16.109,0,0,0,0,37.97,37.97,2,1,0,99.00,0,1,24,1,1,20,20,0,0,0,1513881539,0.04419,0.00684,0.95532,0.95637,-0.00585,-0.00108,-0.00061,0.00598,0.95638,0.00723,0.00631,3,12118,0,26038,0.23672,0.11633,0.49141,99,1,97.715,115,1,3,4297,195192,0,0,0.000,13.056,13.257,0,0.000,24.604,15.654,0,0,1,0,3
PPG,4,359861,14395990587,123,73267,81767,81358.359,408.641,8.648,0,0,0,0,37.97,37.97,2,1,0,99.00,0,1,24,1,1,21,21,0,0,0,1513920520,0.03955,0.00073,0.95142,0.95224,-0.00638,-0.00028,-0.00141,0.00654,0.95224,0.00412,0.00670,3,12120,0,26038,0.23672,0.11633,0.49141,99,1,97.715,115,1,3,2595,195192,0,0,0.000,13.056,13.257,0,0.000,24.604,15.654,0,0,1,0,3
PPG,4,359862,14396030587,139,73220,81698,81361.758,336.242,0.562,0,1,0,0,37.97,37.97,2,1,0,99.00,0,1,24,1,1,22,22,0,0,0,1513962094,0.04248,0.00488,0.94702,0.94799,-0.00558,-0.00028,-0.00087,0.00566,0.95789,0.00990,0.00651,3,12111,0,26038,0.23672,0.11633,0.49141,99,1,97.715,115,1,3,4297,195192,0,0,0.000,13.056,13.257,0,0.000,24.604,15.654,0,0,1,0,3
PPG,4,359863,14396070587,132,73206,81682,81364.961,317.039,-0.742,1,0,0,0,37.97,37.97,2,1,0,99.00,0,1,24,1,1,23,23,0,0,0,1513995721,0.04639,0.00366,0.95581,0.95694,-0.00612,0.00079,-0.00087,0.00623,0.95694,0.00792,0.00653,2,18890,0,26038,0.23672,0.11633,0.49141,99,1,97.715,115,1,3,2591,195192,0,0,0.000,13.056,13.257,0,116.844,24.604,15.654,1,0,1,0,3
PPG,4,359864,14396110587,124,73183,81688,81368.188,319.812,-0.500,0,0,0,0,37.97,37.97,2,1,0,99.00,0,1,24,1,1,24,24,0,0,0,1514039998,0.04541,0.00317,0.95679,0.95787,-0.00558,-0.00001,-0.00007,0.00558,0.95787,0.00502,0.00594,3,12122,0,26038,0.23672,0.11633,0.49141,99,1,97.715,115,1,3,2594,195192,0,0,0.000,13.056,13.257,0,0.000,24.604,15.654,0,0,1,0,3
PPG,4,359865,14396150587,133,73202,81722,81371.727,350.273,-2.391,0,0,0,0,37.97,37.97,2,1,0,99.00,0,1,24,1,1,25,25,0,0,0,1514081731,0.03882,0.00659,0.95654,0.95735,-0.00532,0.00025,-0.00141,0.00551,0.95735,0.00355,0.00752,3,12134,0,26038,0.23672,0.11633,0.49141,99,1,97.715,115,1,3,4297,195192,0,0,0.000,13.056,13.257,0,0.000,23.435,17.139,0,0,1,0,3
PPG,4,359866,14396190587,141,73185,81712,81375.133,336.867,-7.727,0,0,1,520,73.17,73.17,2,1,512,99.00,0,1,24,1,1,26,26,0,0,0,1514120734,0.04028,0.00488,0.95605,0.95692,-0.00665,0.00079,-0.00141,0.00684,0.95712,0.00259,0.00684,3,12129,0,26038,0.23672,0.11633,0.49141,99,1,97.715,115,1,3,4293,195192,0,0,169.344,13.056,13.257,1,0.000,23.435,17.139,0,1,1,0,4
PPG,4,359867,14396230587,124,73176,81706,81378.445,327.555,-15.242,0,0,0,0,73.17,73.17,2,1,512,99.00,0,1,24,1,1,27,27,0,0,0,1514159818,0.06152,0.00610,0.94531,0.94733,-0.00505,-0.00028,-0.00167,0.00533,0.97681,0.03359,0.00686,3,12154,0,26038,0.23672,0.11633,0.49141,99,1,97.715,115,1,3,2611,195192,0,0,0.000,13.444,14.215,0,0.000,22.776,16.123,0,0,1,0,4
PPG,4,359868,14396270587,121,73189,81711,81381.773,329.227,-24.891,0,0,0,0,73.17,73.17,2,1,512,99.00,0,1,24,1,1,28,28,0,0,0,1514201407,0.04077,0.00024,0.96045,0.96131,-0.00585,-0.00001,0.00019,0.00585,0.96131,0.00811,0.00687,3,12118,0,26038,0.23672,0.11633,0.49141,99,1,97.715,115,1,3,4304,195192,0,0,0.000,13.444,14.215,0,0.000,22.776,16.123,0,0,1,0,4
PPG,4,359869,14396310587,122,73216,81740,81385.359,354.641,-20.641,0,0,0,0,73.17,73.17,2,1,512,99.00,0,1,24,1,1,29,29,0,0,0,1514240391,0.04468,0.00537,0.95483,0.95589,-0.00612,0.00079,-0.00141,0.00633,0.95589,0.01109,0.00633,3,12121,0,26038,0.23672,0.11633,0.49141,99,1,97.715,115,1,3,2597,195192,0,0,0.000,13.444,14.215,0,0.000,22.776,16.123,0,0,1,0,4
PPG,4,359870,14396350587,121,73214,81745,81388.953,356.047,-12.586,0,0,0,0,73.17,73.17,2,1,512,99.00,0,1,24,1,1,30,30,0,0,0,1514281980,0.04419,0.00562,0.93799,0.93905,-0.00612,-0.00055,-0.00274,0.00672,0.95898,0.01993,0.00672,3,12110,0,26038,0.23672,0.11633,0.49141,99,1,97.715,115,1,3,4296,195192,0,0,0.000,13.444,14.215,0,0.000,22.776,16.123,0,0,1,0,4
PPG,4,359871,14396390587,505,73211,81756,81392.625,363.375,-3.117,0,0,0,0,73.17,73.17,2,1,512,99.00,0,0,24,1,1,31,31,0,0,0,1514320967,0.04517,0.00195,0.95386,0.95493,-0.00585,-0.00081,-0.00141,0.00607,0.95493,0.01425,0.00654,3,12119,0,26038,0.18707,0.11406,0.60975,99,1,94.756,65,1,3,4306,195192,0,0,0.000,13.444,14.215,0,0.000,22.776,16.123,0,0,1,0,4
PPG,4,359872,14396430587,169,73238,81767,81396.367,370.633,4.609,0,0,0,0,73.17,73.17,2,1,512,99.00,0,0,24,1,1,0,0,0,0,0,1514360440,0.04492,0.00146,0.95557,0.95662,-0.00532,-0.00161,-0.00141,0.00573,0.95662,0.00379,0.00719,3,12174,0,26038,0.18707,0.11406,0.60975,99,1,94.756,65,1,3,2601,195192,0,0,0.000,13.444,14.215,0,0.000,22.776,16.123,0,0,1,0,4
PPG,4,359873,14396470587,139,73243,81810,81400.500,409.500,17.258,0,0,0,0,73.17,73.17,2,1,512,99.00,0,0,24,1,1,1,1,0,0,0,1514402068,0.04565,0.00464,0.95508,0.95618,-0.00638,-0.00001,-0.00141,0.00654,0.95935,0.00885,0.00709,3,12110,0,26038,0.18707,0.11406,0.60975,99,1,94.756,65,1,3,4301,195192,0,0,0.000,13.444,14.215,0,0.000,22.776,16.123,0,0,1,0,4
PPG,4,359874,14396510587,122,73275,81849,81404.984,444.016,34.891,0,0,0,0,73.17,73.17,2,1,512,99.00,0,0,24,1,1,2,2,0,0,0,1514441064,0.04272,0.00879,0.95483,0.95583,-0.00638,0.00052,-0.00141,0.00656,0.95594,0.00303,0.00660,3,12116,0,26038,0.18707,0.11406,0.60975,99,1,94.756,65,1,3,4301,195192,0,0,0.000,13.444,14.215,0,0.000,22.776,16.123,0,0,1,0,4
PPG,4,359875,14396550587,122,73266,81816,81409.094,406.906,46.492,0,0,0,0,73.17,73.17,2,1,512,99.00,0,0,24,1,1,3,3,0,0,0,1514480102,0.04346,0.00415,0.95215,0.95315,-0.00718,0.00025,-0.00194,0.00744,0.95713,0.00398,0.00744,3,12129,0,26038,0.18707,0.11406,0.60975,99,1,94.756,65,1,3,2600,195192,0,0,0.000,13.444,14.215,0,0.000,22.776,16.123,0,0,1,0,4
PPG,4,359876,14396590587,132,73252,81763,81412.633,350.367,46.070,0,0,0,0,73.17,73.17,2,1,512,99.00,0,0,24,1,1,4,4,0,0,0,1514521686,0.04614,0.00195,0.95068,0.95180,-0.00692,-0.00028,-0.00221,0.00727,0.95695,0.00514,0.00727,3,12114,0,26038,0.18707,0.11406,0.60975,99,1,94.756,65,1,3,4294,195192,0,0,0.000,13.444,14.215,0,0.000,22.776,16.123,0,0,1,0,4
PPG,4,359877,14396630587,125,73309,81805,81416.555,388.445,48.391,0,0,0,0,73.17,73.17,2,1,512,99.00,0,0,24,1,1,5,5,0,0,0,1514560754,0.04321,0.00171,0.95386,0.95484,-0.00532,-0.00081,-0.00114,0.00550,0.95788,0.00936,0.00553,3,12175,0,26038,0.18707,0.11406,0.60975,99,1,94.756,65,1,3,4331,195192,0,0,0.000,13.444,14.215,0,0.000,22.776,16.123,0,0,1,0,4
PPG,4,359878,14396670587,121,73380,81911,81421.500,489.500,60.789,0,0,0,0,73.17,73.17,2,1,512,99.00,0,0,24,1,1,6,6,0,0,0,1514599978,0.04492,0.00317,0.95508,0.95614,-0.00505,-0.00001,-0.00141,0.00524,0.95614,0.00708,0.00623,3,12109,0,26038,0.18707,0.11406,0.60975,99,1,94.756,65,1,3,2598,195192,0,0,0.000,13.444,14.215,0,0.000,22.776,16.123,0,0,1,0,4
PPG,4,359879,14396710587,123,73340,81881,81426.094,454.906,69.773,0,0,0,0,73.17,73.17,2,1,512,99.00,0,0,24,1,1,7,7,0,0,0,1514641536,0.04321,0.00513,0.95288,0.95387,-0.00692,-0.00055,-0.00114,0.00703,0.95488,0.00126,0.00703,3,12117,0,26038,0.18707,0.11406,0.60975,99,1,94.756,65,1,3,4297,195192,0,0,0.000,13.444,14.215,0,0.000,22.776,16.123,0,0,1,0,4
PPG,4,359880,14396750587,121,73324,81858,81430.414,427.586,71.078,0,0,0,0,73.17,73.17,2,1,512,99.00,0,0,24,1,1,8,8,0,0,0,1514680575,0.04297,0.00488,0.95972,0.96069,-0.00505,-0.00028,-0.00114,0.00519,0.96069,0.00896,0.00637,3,12132,0,26038,0.18707,0.11406,0.60975,99,1,94.756,65,1,3,2654,195192,0,0,0.000,13.444,14.215,0,0.000,22.776,16.123,0,0,1,0,4
PPG,4,359881,14396790587,134,73327,81858,81434.688,423.312,67.812,0,0,0,0,73.17,73.17,2,1,512,99.00,0,0,24,1,1,9,9,0,0,0,1514722326,0.04346,0.00439,0.95850,0.95949,-0.00665,-0.00161,-0.00221,0.00719,0.95949,0.00956,0.00719,3,12200,0,26038,0.18707,0.11406,0.60975,99,1,94.756,65,1,3,4349,195192,0,0,0.000,13.444,14.215,0,0.000,22.776,16.123,0,0,1,0,4
PPG,4,359882,14396830587,125,73301,81852,81438.859,413.141,65.258,0,0,0,0,73.17,73.17,2,1,512,99.00,0,0,24,1,1,10,10,0,0,0,1514761660,0.04077,0.00269,0.95410,0.95498,-0.00558,-0.00001,-0.00087,0.00565,0.95498,0.00492,0.00601,3,12320,0,26038,0.18707,0.11406,0.60975,99,1,94.756,65,1,3,4375,195192,0,0,0.000,13.444,14.215,0,0.000,22.776,16.123,0,0,1,0,4
PPG,4,359883,14396870587,148,73260,81794,81442.414,351.586,64.086,1,0,0,0,73.17,73.17,2,1,512,99.00,0,0,24,1,1,11,11,0,0,0,1514801076,0.04126,0.00635,0.95459,0.95550,-0.00558,0.00079,-0.00167,0.00588,0.95550,0.00687,0.00695,3,12268,0,26038,0.18707,0.11406,0.60975,99,1,94.756,65,1,3,4326,195192,0,0,0.000,13.444,14.215,0,71.383,22.776,16.123,1,0,1,0,4
PPG,4,359884,14396910587,135,73260,81776,81445.750,330.250,55.539,0,0,0,0,73.17,73.17,2,1,512,99.00,0,0,24,1,1,12,12,0,0,0,1514877283,0.04102,0.00684,0.95166,0.95257,-0.00479,-0.00108,-0.00194,0.00527,0.95654,0.00397,0.00604,2,61403,0,26043,0.18707,0.11406,0.60975,99,1,94.756,65,1,3,61425,195192,0,0,0.000,13.444,14.215,0,0.000,22.776,16.123,0,0,1,0,4
PPG,4,359885,14396950587,135,73267,81802,81449.312,352.688,35.969,0,0,0,0,73.17,73.17,2,1,512,99.00,0,0,24,1,1,13,13,0,0,0,1514889551,0.04565,0.00366,0.95605,0.95715,-0.00452,-0.00081,-0.00114,0.00473,0.95715,0.00458,0.00473,1,12268,0,26043,0.18707,0.11406,0.60975,99,1,94.756,65,1,3,12214,195192,0,0,0.000,13.444,14.215,0,0.000,22.776,16.123,0,0,1,0,4
PPG,4,359886,14396990587,121,73274,81820,81453.016,366.984,21.859,0,0,0,0,73.17,73.17,2,1,512,99.00,0,0,24,1,1,14,14,0,0,0,1514926463,0.04370,0.00537,0.95361,0.95463,-0.00558,-0.00028,-0.00167,0.00584,0.95463,0.00771,0.00640,3,12249,0,26043,0.18707,0.11406,0.60975,99,1,94.756,65,1,3,2615,195192,0,0,0.000,13.444,14.215,0,0.000,22.776,16.123,0,0,1,0,4
PPG,4,359887,14397030587,125,73241,81792,81456.406,335.594,8.133,0,0,0,0,73.17,73.17,2,1,512,99.00,0,0,24,1,1,15,15,0,0,0,1514963196,0.04297,0.00513,0.95044,0.95142,-0.00558,-0.00081,-0.00274,0.00627,0.95625,0.00483,0.00693,3,12276,0,26043,0.18707,0.11406,0.60975,99,1,94.756,65,1,3,4354,195192,0,0,0.000,13.444,14.215,0,0.000,22.776,16.123,0,0,1,0,4
PPG,4,359888,14397070587,131,73237,81782,81459.664,322.336,-6.281,0,0,0,0,73.17,73.17,2,1,512,99.00,0,0,24,1,1,16,16,0,0,0,1514997065,0.04614,0.00562,0.94897,0.95011,-0.00638,-0.00108,-0.00141,0.00663,0.95744,0.00733,0.00663,2,19072,0,26043,0.18707,0.11406,0.60975,99,1,94.756,65,1,3,2625,195192,0,0,0.000,13.444,14.215,0,0.000,22.776,16.123,0,0,1,0,4
PPG,4,359889,14397110587,127,73236,81782,81462.891,319.109,-18.383,0,0,0,0,73.17,73.17,2,1,512,99.00,0,0,24,1,1,17,17,0,0,0,1515041754,0.04858,0.00586,0.95239,0.95365,-0.00585,0.00052,-0.00167,0.00611,0.95739,0.00379,0.00668,3,12250,0,26044,0.18707,0.11406,0.60975,99,1,94.756,65,1,3,4335,195192,0,0,0.000,13.444,14.215,0,0.000,22.776,16.123,0,0,1,0,4
PPG,4,359890,14397150587,127,73228,81747,81465.734,281.266,-25.188,0,0,0,0,73.17,73.17,2,1,512,99.00,0,0,24,1,1,18,18,0,0,0,1515081196,0.04297,0.00537,0.94922,0.95021,-0.00532,0.00158,-0.00141,0.00572,0.95729,0.00399,0.00661,3,12308,0,26044,0.18707,0.11406,0.60975,99,1,94.756,65,1,3,4349,195192,0,0,107.695,13.444,14.215,1,0.000,22.776,16.123,0,0,1,0,4
PPG,4,359891,14397190587,133,73243,81768,81468.758,299.242,-26.938,0,0,0,0,73.17,73.17,2,1,512,99.00,0,0,24,1,1,19,19,0,0,0,1515120561,0.04492,0.00269,0.95459,0.95565,-0.00532,0.00025,-0.00167,0.00558,0.95789,0.01032,0.00655,3,12233,0,26044,0.18707,0.11406,0.60975,99,1,94.756,65,1,3,2633,195192,0,0,0.000,13.444,14.215,0,0.000,22.776,16.123,0,0,1,0,4
PPG,4,359892,14397230587,122,73291,81823,81472.297,350.703,-26.742,0,0,0,0,73.17,73.17,2,1,512,99.00,0,0,24,1,1,20,20,0,0,0,1515162537,0.04492,0.00635,0.94751,0.94860,-0.00612,-0.00161,-0.00167,0.00654,0.95422,0.00467,0.00728,3,12238,0,26044,0.18707,0.11406,0.60975,99,1,94.756,65,1,3,4335,195192,0,0,0.000,13.444,14.215,0,0.000,22.776,16.123,0,0,1,0,4
PPG,4,359893,14397270587,124,73319,81863,81476.203,386.797,-23.242,0,0,0,0,73.17,73.17,2,1,512,99.00,0,0,24,1,1,21,21,0,0,0,1515201841,0.04565,0.00244,0.94971,0.95081,-0.00585,0.00025,-0.00061,0.00589,0.95572,0.00679,0.00655,3,12230,0,26044,0.18707,0.11406,0.60975,99,1,94.756,65,1,3,4332,195192,0,0,0.000,13.444,14.215,0,0.000,22.776,16.123,0,0,1,0,4
PPG,4,359894,14397310587,132,73310,81858,81480.023,377.977,-14.258,0,0,0,0,73.17,73.17,2,1,512,99.00,0,0,24,1,1,22,22,0,0,0,1515241101,0.04712,0.00635,0.95239,0.95358,-0.00585,-0.00028,-0.00087,0.00592,0.95358,0.00472,0.00614,3,12211,0,26044,0.18707,0.11406,0.60975,99,1,94.756,65,1,3,4330,195192,0,0,0.000,13.444,14.215,0,0.000,22.776,16.123,0,0,1,0,4
PPG,4,359895,14397350587,133,73315,81877,81483.992,393.008,-3.742,0,0,0,0,73.17,73.17,2,1,512,99.00,0,0,24,1,1,23,23,0,0,0,1515280445,0.04712,0.00513,0.95313,0.95430,-0.00585,-0.00001,-0.00114,0.00596,0.95496,0.00388,0.00710,3,12301,0,26044,0.18707,0.11406,0.60975,99,1,94.756,65,1,3,2632,195192,0,0,0.000,13.444,14.215,0,0.000,22.776,16.123,0,0,1,0,4
PPG,4,359896,14397390587,510,73344,81943,81488.586,454.414,10.258,0,0,0,0,73.17,73.17,2,1,512,nan,4,1,24,1,1,24,24,0,0,0,1515322374,0.04126,0.00415,0.94922,0.95012,-0.00585,0.00132,-0.00167,0.00623,0.95258,0.00422,0.00623,3,12231,0,26044,0.13285,0.10137,0.76310,93,1,90.923,115,1,3,4333,195192,0,0,0.000,13.444,14.215,0,0.000,22.776,16.123,0,0,1,0,4
PPG,4,359897,14397430587,265,73417,82024,81493.938,530.062,38.883,0,0,0,0,73.17,73.17,2,1,512,nan,4,1,24,1,1,25,25,0,0,0,1515362055,0.04224,0.00317,0.94824,0.94919,-0.00612,-0.00055,-0.00087,0.00620,0.95457,0.00444,0.00620,3,12221,0,26044,0.13285,0.10137,0.76310,93,1,90.923,115,1,3,4354,195192,0,0,0.000,13.444,14.215,0,0.000,22.776,16.123,0,0,1,0,4
PPG,4,359898,14397470587,125,73491,82121,81500.211,620.789,78.812,0,0,0,0,73.17,73.17,2,1,512,nan,4,1,24,1,1,26,26,0,0,0,1515401552,0.04248,0.00439,0.95508,0.95603,-0.00479,0.00052,-0.00221,0.00529,0.95737,0.00868,0.00586,3,12198,0,26044,0.13285,0.10137,0.76310,93,1,90.923,115,1,3,4345,195192,0,0,0.000,13.444,14.215,0,0.000,22.776,16.123,0,0,1,0,4
PPG,4,359899,14397510587,125,73588,82196,81507.172,688.828,116.344,0,0,0,0,73.17,73.17,2,1,512,nan,4,1,24,1,1,27,27,0,0,0,1515440686,0.04639,0.00439,0.95581,0.95695,-0.00692,-0.00055,-0.00141,0.00708,0.95695,0.00439,0.00708,3,12140,0,26044,0.13285,0.10137,0.76310,93,1,90.923,115,1,3,2604,195192,0,0,0.000,13.444,14.215,0,0.000,22.776,16.123,0,0,1,0,4
PPG,4,359900,14397550587,123,73511,82146,81513.562,632.438,142.367,0,0,0,0,73.17,73.17,2,1,512,nan,4,1,24,1,1,28,28,0,0,0,1515482281,0.04590,0.00513,0.95117,0.95229,-0.00585,0.00025,-0.00167,0.00609,0.95495,0.00199,0.00649,3,12163,0,26044,0.13285,0.10137,0.76310,93,1,90.923,115,1,3,4339,195192,0,0,0.000,13.444,14.215,0,0.000,22.776,16.123,0,0,1,0,4
PPG,4,359901,14397590587,125,73516,82134,81519.766,614.234,168.000,0,0,0,0,73.17,73.17,2,1,512,nan,4,1,24,1,1,29,29,0,0,0,1515521383,0.04321,0.00366,0.94995,0.95094,-0.00638,0.00158,-0.00247,0.00703,0.95094,0.00262,0.00703,3,12132,0,26044,0.13285,0.10137,0.76310,93,1,90.923,115,1,3,4296,195192,0,0,0.000,13.444,14.215,0,0.000,22.776,16.123,0,0,1,0,4
PPG,4,359902,14397630587,123,73546,82203,81526.602,676.398,197.023,0,0,0,0,73.17,73.17,2,1,512,nan,4,1,24,1,1,30,30,0,0,0,1515560391,0.04395,0.00757,0.95801,0.95905,-0.00558,0.00025,-0.00247,0.00611,0.95971,0.00877,0.00668,3,12129,0,26044,0.13285,0.10137,0.76310,93,1,90.923,115,1,3,2601,195192,0,0,0.000,13.444,14.215,0,0.000,22.776,16.123,0,0,1,0,4
PPG,4,359903,14397670587,124,73611,82306,81534.398,771.602,223.281,0,0,0,0,73.17,73.17,2,1,512,nan,4,1,24,1,1,31,31,0,0,0,1515601978,0.04224,0.00293,0.95288,0.95382,-0.00612,-0.00108,-0.00247,0.00669,0.95727,0.00799,0.00669,3,12110,0,26044,0.13285,0.10137,0.76310,93,1,90.923,115,1,3,4305,195192,0,0,0.000,13.444,14.215,0,0.000,22.776,16.123,0,0,1,0,4
PPG,4,359904,14397710587,122,73672,82383,81542.883,840.117,244.211,0,0,0,0,73.17,73.17,2,1,512,nan,4,1,24,1,1,0,0,0,0,0,1515640938,0.04639,0.00146,0.94946,0.95060,-0.00558,-0.00028,-0.00167,0.00584,0.95589,0.00627,0.00596,3,12117,0,26044,0.13285,0.10137,0.76310,93,1,90.923,115,1,3,2598,195192,0,0,0.000,13.444,14.215,0,0.000,22.776,16.123,0,0,1,0,4
PPG,4,359905,14397750587,124,73662,82430,81551.758,878.242,256.961,0,0,0,0,73.17,73.17,2,1,512,nan,4,1,24,1,1,1,1,0,0,0,1515682534,0.04346,0.00562,0.95483,0.95584,-0.00612,-0.00028,-0.00007,0.00612,0.95599,0.00463,0.00631,3,12135,0,26044,0.13285,0.10137,0.76310,93,1,90.923,115,1,3,4300,195192,0,0,0.000,13.444,14.215,0,0.000,22.776,16.123,0,0,1,0,4
PPG,4,359906,14397790587,134,73667,82425,81560.492,864.508,259.422,0,0,0,0,73.17,73.17,2,1,512,nan,4,1,24,1,1,2,2,0,0,0,1515721503,0.04321,0.00513,0.95044,0.95144,-0.00558,-0.00001,-0.00247,0.00611,0.95649,0.00506,0.00665,3,12118,0,26044,0.13285,0.10137,0.76310,93,1,90.923,115,1,3,4297,195192,0,0,0.000,13.444,14.215,0,0.000,22.776,16.123,0,0,1,0,4
PPG,4,359907,14397830587,124,73688,82451,81569.398,881.602,270.039,0,0,0,0,73.17,73.17,2,1,512,nan,4,1,24,1,1,3,3,0,0,0,1515760495,0.04321,0.00269,0.95068,0.95167,-0.00558,0.00052,-0.00167,0.00585,0.95321,0.00177,0.00636,3,12126,0,26044,0.13285,0.10137,0.76310,93,1,90.923,115,1,3,2600,195192,0,0,0.000,13.444,14.215,0,0.000,22.776,16.123,0,0,1,0,4
PPG,4,359908,14397870587,123,73707,82506,81578.766,927.234,286.992,0,0,0,0,73.17,73.17,2,1,512,nan,4,1,24,1,1,4,4,0,0,0,1515802098,0.04248,0.00781,0.95801,0.95898,-0.00585,-0.00055,-0.00114,0.00599,0.95898,0.00387,0.00628,3,12131,0,26044,0.13285,0.10137,0.76310,93,1,90.923,115,1,3,4298,195192,0,0,0.000,13.444,14.215,0,0.000,22.776,16.123,0,0,1,0,4
PPG,4,359909,14397910587,134,73690,82492,81587.898,904.102,292.773,0,0,0,0,73.17,73.17,2,1,512,nan,4,1,24,1,1,5,5,0,0,0,1515841032,0.04370,0.00415,0.96143,0.96243,-0.00638,0.00025,-0.00221,0.00676,0.96243,0.01375,0.00676,3,12119,0,26044,0.13285,0.10137,0.76310,93,1,90.923,115,1,3,2596,195192,0,0,0.000,13.313,14.460,0,0.000,22.776,16.123,0,0,1,0,4
PPG,4,359910,14397950587,132,73709,82538,81597.398,940.602,286.359,0,0,0,0,73.17,73.17,2,1,512,nan,4,1,24,1,1,6,6,0,0,0,1515882594,0.04419,0.00269,0.95361,0.95464,-0.00558,0.00105,-0.00141,0.00585,0.95688,0.00555,0.00589,3,12126,0,26044,0.13285,0.10137,0.76310,93,1,90.923,115,1,3,4338,195192,0,0,0.000,13.313,14.460,0,0.000,22.776,16.123,0,0,1,0,4
PPG,4,359911,14397990587,125,73766,82609,81607.516,1001.484,276.602,0,0,0,0,73.17,73.17,2,1,512,nan,4,1,24,1,1,7,7,0,0,0,1515921602,0.04321,0.00415,0.95117,0.95216,-0.00585,-0.00028,-0.00247,0.00636,0.95351,0.00183,0.00636,3,12115,0,26044,0.13285,0.10137,0.76310,93,1,90.923,115,1,3,4295,195192,0,0,0.000,13.313,14.460,0,0.000,22.776,16.123,0,0,1,0,4
PPG,4,359912,14398030587,125,73824,82704,81618.477,1085.523,271.688,0,0,0,0,73.17,73.17,2,1,512,nan,4,1,24,1,1,8,8,0,0,0,1515960580,0.04150,0.00024,0.95239,0.95330,-0.00532,-0.00001,-0.00194,0.00566,0.95727,0.00511,0.00597,3,12117,0,26044,0.13285,0.10137,0.76310,93,1,90.923,115,1,3,2602,195192,0,0,0.000,13.313,14.460,0,0.000,22.776,16.123,0,0,1,0,4
PPG,4,359913,14398070587,133,73846,82742,81629.711,1112.289,273.031,0,0,0,0,73.17,73.17,2,1,512,nan,4,1,24,1,1,9,9,0,0,0,1515997133,0.04346,0.00439,0.95605,0.95705,-0.00612,-0.00028,-0.00247,0.00660,0.95705,0.00482,0.00660,2,19238,0,26044,0.13285,0.10137,0.76310,93,1,90.923,115,1,3,2622,195192,0,0,212.445,13.313,14.460,1,0.000,22.776,16.123,0,0,1,0,4
PPG,4,359914,14398110587,125,73885,82804,81641.453,1162.547,276.156,0,0,0,0,73.17,73.17,2,1,512,nan,4,1,24,1,1,10,10,0,0,0,1516041733,0.04492,-0.00024,0.95215,0.95321,-0.00665,0.00025,-0.00141,0.00680,0.95628,0.00358,0.00680,3,12117,0,26045,0.13285,0.10137,0.76310,93,1,90.923,115,1,3,4367,195192,0,0,0.000,13.313,14.460,0,0.000,22.776,16.123,0,0,1,0,4
PPG,4,359915,14398150587,125,74001,82975,81654.789,1320.211,288.258,0,0,0,0,73.17,73.17,2,1,512,nan,4,1,24,1,1,11,11,0,0,0,1516080751,0.04517,0.00415,0.95728,0.95835,-0.00612,-0.00188,-0.00141,0.00655,0.95835,0.00330,0.00676,3,12116,0,26045,0.13285,0.10137,0.76310,93,1,90.923,115,1,3,2595,195192,0,0,0.000,13.313,14.460,0,0.000,22.776,16.123,0,0,1,0,4
PPG,4,359916,14398190587,125,74123,83122,81669.461,1452.539,319.312,0,0,0,0,73.17,73.17,2,1,512,nan,4,1,24,1,1,12,12,0,0,0,1516122392,0.04395,0.00342,0.95801,0.95902,-0.00692,0.00105,-0.00247,0.00742,0.95902,0.00319,0.00742,3,12173,0,26045,0.13285,0.10137,0.76310,93,1,90.923,115,1,3,4391,195192,0,0,0.000,13.313,14.460,0,0.000,22.776,16.123,0,0,1,0,4
PPG,4,359917,14398230587,128,74066,83087,81683.633,1403.367,344.586,1,0,0,0,73.17,73.17,2,1,512,nan,4,1,24,1,1,13,13,0,0,0,1516161652,0.04272,0.00244,0.95288,0.95384,-0.00505,0.00025,-0.00087,0.00513,0.95744,0.00409,0.00695,3,12293,0,26045,0.13285,0.10137,0.76310,93,1,90.923,115,1,3,4306,195192,0,0,0.000,13.313,14.460,0,319.711,22.776,16.123,1,0,1,0,3
PPG,4,359918,14398270587,125,74081,83133,81698.125,1434.875,368.844,0,0,0,0,73.17,73.17,2,1,512,nan,4,1,24,1,1,14,14,0,0,0,1516200902,0.03906,0.00635,0.94702,0.94785,-0.00585,-0.00001,-0.00061,0.00588,0.95301,0.00886,0.00599,3,12377,0,26045,0.13285,0.10137,0.76310,93,1,90.923,115,1,3,2612,195192,0,0,0.000,13.313,14.460,0,0.000,22.776,16.123,0,0,1,0,3
PPG,4,359919,14398310587,125,74110,83162,81712.766,1449.234,385.969,0,0,0,0,73.17,73.17,2,1,512,nan,4,1,24,1,1,15,15,0,0,0,1516242836,0.04053,0.00391,0.95166,0.95253,-0.00558,-0.00028,-0.00167,0.00584,0.95530,0.00745,0.00672,3,12248,0,26045,0.13285,0.10137,0.76310,93,1,90.923,115,1,3,4330,195192,0,0,0.000,13.313,14.460,0,0.000,22.776,16.123,0,0,1,0,3
PPG,4,359920,14398350587,132,74078,83104,81726.680,1377.320,389.789,0,0,0,0,73.17,73.17,2,1,512,nan,4,1,24,1,1,16,16,0,0,0,1516282177,0.04443,0.00391,0.95288,0.95392,-0.00638,-0.00001,-0.00221,0.00675,0.95392,0.00191,0.00675,3,12273,0,26045,0.13285,0.10137,0.76310,93,1,90.923,115,1,3,4331,195192,0,0,0.000,13.313,14.460,0,0.000,22.776,16.123,0,0,1,0,3
PPG,4,359921,14398390587,547,74014,82984,81739.250,1244.750,373.000,0,0,0,0,73.17,73.17,2,1,512,nan,4,0,24,1,1,17,17,0,0,0,1516321460,0.04321,0.00195,0.95361,0.95459,-0.00638,0.00025,-0.00087,0.00645,0.95459,0.00691,0.00645,3,12252,0,26045,0.49159,0.36084,0.73403,85,1,91.649,166,1,3,4346,195192,0,0,0.000,13.313,14.460,0,0.000,22.776,16.123,0,0,1,0,2
PPG,4,359922,14398430587,175,73957,82909,81750.945,1158.055,328.273,0,0,0,0,73.17,73.17,2,1,512,nan,4,0,24,1,1,18,18,0,0,0,1516361281,0.04443,-0.00049,0.95386,0.95489,-0.00665,0.00025,-0.00167,0.00686,0.95489,0.00077,0.00686,3,12263,0,26045,0.49159,0.36084,0.73403,85,1,91.649,166,1,3,4340,195192,0,0,0.000,13.313,14.460,0,0.000,22.776,16.123,0,0,1,0,2
PPG,4,359923,14398470587,125,73935,82866,81762.094,1103.906,263.703,0,0,0,0,73.17,73.17,2,1,512,nan,4,0,24,1,1,19,19,0,0,0,1516400725,0.04150,0.00537,0.95703,0.95795,-0.00558,-0.00001,-0.00114,0.00570,0.95795,0.00424,0.00660,3,12288,0,26045,0.49159,0.36084,0.73403,85,1,91.649,166,1,3,2629,195192,0,0,0.000,13.313,14.460,0,0.000,22.776,16.123,0,0,1,0,2
PPG,4,359924,14398510587,125,73880,82766,81772.133,993.867,198.688,0,0,0,0,73.17,73.17,2,1,512,nan,4,0,24,1,1,20,20,0,0,0,1516442693,0.04443,0.00537,0.95166,0.95271,-0.00585,-0.00055,-0.00247,0.00638,0.95846,0.01021,0.00638,3,12259,0,26045,0.49159,0.36084,0.73403,85,1,91.649,166,1,3,4325,195192,0,0,0.000,13.313,14.460,0,0.000,22.776,16.123,0,0,1,0,2
PPG,4,359925,14398550587,150,73875,82780,81782.211,997.789,130.758,0,0,0,0,73.17,73.17,2,1,512,nan,4,0,24,1,1,21,21,0,0,0,1516482026,0.04419,0.00415,0.95337,0.95440,-0.00585,-0.00028,-0.00114,0.00597,0.95472,0.00279,0.00628,3,12276,0,26045,0.49159,0.36084,0.73403,85,1,91.649,166,1,3,4339,195192,0,0,0.000,13.313,14.460,0,0.000,22.776,16.123,0,0,1,0,2
PPG,4,359926,14398590587,141,73857,82729,81791.680,937.320,53.711,0,0,0,0,73.17,73.17,2,1,512,nan,4,0,24,1,1,22,22,0,0,0,1516521421,0.04541,0.00879,0.95508,0.95620,-0.00612,-0.00081,-0.00141,0.00633,0.95620,0.00350,0.00746,3,12263,0,26045,0.49159,0.36084,0.73403,85,1,91.649,166,1,3,4359,195192,0,0,0.000,13.313,14.460,0,0.000,22.776,16.123,0,0,1,0,2
PPG,4,359927,14398630587,125,73758,82575,81799.516,775.484,-28.062,0,0,0,0,73.17,73.17,2,1,512,nan,4,0,24,1,1,23,23,0,0,0,1516560789,0.04712,0.00244,0.94800,0.94917,-0.00612,-0.00135,-0.00087,0.00632,0.96060,0.01143,0.00773,3,12276,0,26045,0.49159,0.36084,0.73403,85,1,91.649,166,1,3,2645,195192,0,0,0.000,13.313,14.460,0,0.000,22.776,16.123,0,0,1,0,2
PPG,4,359928,14398670587,138,73628,82296,81804.477,491.523,-115.852,1,0,1,0,0.00,nan,1,2,0,nan,4,0,24,1,1,24,24,0,0,0,1516602779,0.04639,0.00439,0.95288,0.95402,-0.00745,-0.00108,-0.00221,0.00784,0.95925,0.01008,0.00784,3,12249,0,26045,0.49159,0.36084,0.73403,85,1,91.649,166,1,6,4337,195192,0,0,84.203,13.313,14.460,1,118.102,22.776,16.123,1,1,1,0,1
PPG,4,359929,14398710587,120,73547,82162,81808.055,353.945,-206.062,0,0,0,0,0.00,nan,1,2,0,nan,4,0,24,1,1,25,25,0,0,0,1516642072,0.04785,0.00220,0.95239,0.95360,-0.00558,0.00052,-0.00221,0.00603,0.95415,0.00226,0.00764,3,12217,0,26045,0.49159,0.36084,0.73403,85,1,91.649,166,1,6,4326,195192,0,0,0.000,13.120,13.976,0,0.000,22.207,15.246,0,0,1,0,1
PPG,4,359930,14398750587,122,73571,82188,81811.852,376.148,-285.422,0,0,0,0,0.00,nan,1,2,0,nan,4,0,24,1,1,26,26,0,0,0,1516681316,0.03931,0.00830,0.95313,0.95397,-0.00532,-0.00001,-0.00167,0.00557,0.96260,0.01135,0.00656,3,12217,0,26045,0.49159,0.36084,0.73403,85,1,91.649,166,1,6,2638,195192,0,0,0.000,13.120,13.976,0,0.000,22.207,15.246,0,0,1,0,1
PPG,4,359931,14398790587,119,73585,82169,81815.422,353.578,-348.711,0,0,0,0,0.00,nan,1,2,0,nan,4,0,24,1,1,27,27,0,0,0,1516723233,0.04395,0.00195,0.94800,0.94902,-0.00399,-0.00135,-0.00167,0.00453,0.95621,0.00668,0.00635,3,12235,0,26045,0.49159,0.36084,0.73403,85,1,91.649,166,1,6,4323,195192,0,0,0.000,13.120,13.976,0,0.000,22.207,15.246,0,0,1,0,1
PPG,4,359932,14398830587,119,73580,82150,81818.766,331.234,-411.008,0,0,0,0,0.00,nan,1,2,0,nan,4,0,24,1,1,28,28,0,0,0,1516762450,0.04248,0.00513,0.95728,0.95823,-0.00665,-0.00028,-0.00114,0.00675,0.95823,0.00651,0.00758,3,12237,0,26045,0.49159,0.36084,0.73403,85,1,91.649,166,1,6,4339,195192,0,0,0.000,13.120,13.976,0,0.000,22.207,15.246,0,0,1,0,1
PPG,4,359933,14398870587,167,73596,82155,81822.125,332.875,-463.656,0,0,0,0,0.00,nan,1,2,0,nan,4,0,24,1,1,29,29,0,0,0,1516801683,0.04468,0.00928,0.95898,0.96007,-0.00532,-0.00028,-0.00167,0.00558,0.96007,0.00631,0.00666,3,12190,0,26045,0.49159,0.36084,0.73403,85,1,91.649,166,1,6,4333,195192,0,0,0.000,13.120,13.976,0,0.000,22.207,15.246,0,0,1,0,1
PPG,4,359934,14398910587,119,73586,82162,81825.523,336.477,-490.562,0,0,0,0,0.00,nan,1,2,0,nan,4,0,24,1,1,30,30,0,0,0,1516840941,0.03979,0.00537,0.95874,0.95958,-0.00692,-0.00161,-0.00194,0.00736,0.95958,0.00500,0.00736,3,12165,0,26045,0.49159,0.36084,0.73403,85,1,91.649,166,1,6,2637,195192,0,0,0.000,13.120,13.976,0,0.000,22.207,15.246,0,0,1,0,1
PPG,4,359935,14398950587,119,73569,82140,81828.672,311.328,-471.094,0,0,0,0,0.00,nan,1,2,0,nan,4,0,24,1,1,31,31,0,0,0,1516882643,0.04590,0.00244,0.95068,0.95179,-0.00638,-0.00108,-0.00194,0.00676,0.96152,0.01021,0.00750,3,12142,0,26045,0.49159,0.36084,0.73403,85,1,91.649,166,1,6,4304,195192,0,0,0.000,13.120,13.976,0,0.000,22.207,15.246,0,0,1,0,1
PPG,4,359936,14398990587,119,73502,82046,81830.844,215.156,-433.859,0,0,0,0,0.00,nan,1,2,0,nan,4,0,24,1,1,0,0,0,0,0,1516921595,0.04468,0.00830,0.94604,0.94714,-0.00638,-0.00108,-0.00061,0.00650,0.96469,0.01756,0.00708,3,12154,0,26045,0.49159,0.36084,0.73403,85,1,91.649,166,1,6,4297,195192,0,0,0.000,13.120,13.976,0,0.000,22.207,15.246,0,0,1,0,1
PPG,4,359937,14399030587,118,73464,82034,81832.875,201.125,-403.211,0,0,0,0,0.00,nan,1,2,0,nan,4,0,24,1,1,1,1,0,0,0,1516960500,0.04297,0.00342,0.95874,0.95971,-0.00692,-0.00055,-0.00087,0.00699,0.95971,0.00807,0.00699,3,12118,0,26045,0.49159,0.36084,0.73403,85,1,91.649,166,1,6,2596,195192,0,0,0.000,13.120,13.976,0,0.000,22.207,15.246,0,0,1,0,1
PPG,4,359938,14399070587,125,73422,82025,81834.797,190.203,-368.391,0,0,0,0,0.00,nan,1,2,0,nan,4,0,24,1,1,2,2,0,0,0,1516999195,0.04736,0.00488,0.95752,0.95870,-0.00638,-0.00055,-0.00087,0.00647,0.95870,0.01341,0.00676,2,21498,0,26046,0.49159,0.36084,0.73403,85,1,91.649,166,1,6,2599,195192,0,0,0.000,13.120,13.976,0,0.000,22.207,15.246,0,0,1,0,1
PPG,4,359939,14399110587,118,73363,81977,81836.219,140.781,-333.852,0,0,0,0,0.00,nan,1,2,0,nan,4,0,24,1,1,3,3,0,0,0,1517040869,0.04395,0.00464,0.94971,0.95073,-0.00612,-0.00001,-0.00194,0.00642,0.95593,0.00365,0.00642,3,12114,0,26046,0.49159,0.36084,0.73403,85,1,91.649,166,1,6,2602,195192,0,0,0.000,13.120,13.976,0,0.000,22.207,15.246,0,0,1,0,1
PPG,4,359940,14399150587,129,73336,81950,81837.359,112.641,-305.438,0,0,0,0,0.00,nan,1,2,0,nan,4,0,24,1,1,4,4,0,0,0,1517082397,0.04492,0.00098,0.95776,0.95882,-0.00585,-0.00055,-0.00194,0.00619,0.95882,0.00902,0.00639,3,12123,0,26046,0.49159,0.36084,0.73403,85,1,91.649,166,1,6,4299,195192,0,0,0.000,13.120,13.976,0,0.000,22.207,15.246,0,0,1,0,1
PPG,4,359941,14399190587,118,73289,81890,81837.883,52.117,-289.594,0,0,0,0,0.00,nan,1,2,0,nan,4,0,24,1,1,5,5,0,0,0,1517121411,0.04395,0.00293,0.95508,0.95609,-0.00479,-0.00001,-0.00061,0.00482,0.95620,0.00624,0.00551,3,12154,0,26046,0.49159,0.36084,0.73403,85,1,91.649,166,1,6,2595,195192,0,0,0.000,13.120,13.976,0,0.000,22.207,15.246,0,0,1,0,1
PPG,4,359942,14399230587,117,73259,81836,81837.867,-1.867,-279.367,0,0,0,0,0.00,nan,1,2,0,nan,4,0,24,1,1,6,6,0,0,0,1517162919,0.04541,0.00366,0.95679,0.95787,-0.00612,-0.00135,-0.00167,0.00648,0.95787,0.00162,0.00648,3,12119,0,26046,0.49159,0.36084,0.73403,85,1,91.649,166,1,6,4310,195192,0,0,0.000,13.120,13.976,0,0.000,22.207,15.246,0,0,1,0,1
PPG,4,359943,14399270587,117,73221,81809,81837.578,-28.578,-260.383,0,0,0,0,0.00,nan,1,2,0,nan,4,0,24,1,1,7,7,0,0,0,1517201853,0.04370,0.00342,0.95313,0.95413,-0.00585,-0.00055,-0.00114,0.00599,0.95912,0.00642,0.00626,3,12124,0,26046,0.49159,0.36084,0.73403,85,1,91.649,166,1,6,4296,195192,0,0,0.000,13.120,13.976,0,0.000,22.207,15.246,0,0,1,0,1
PPG,4,359944,14399310587,117,73166,81736,81836.562,-100.562,-251.453,0,0,0,0,0.00,nan,1,2,0,nan,4,0,24,1,1,8,8,0,0,0,1517240781,0.04443,0.00415,0.94946,0.95051,-0.00585,-0.00028,-0.00194,0.00617,0.95689,0.00638,0.00617,3,12119,0,26046,0.49159,0.36084,0.73403,85,1,91.649,166,1,6,2599,195192,0,0,0.000,13.120,13.976,0,0.000,22.207,15.246,0,0,1,0,1
PPG,4,359945,14399350587,120,73112,81695,81835.148,-140.148,-244.344,0,0,0,0,0.00,nan,1,2,0,nan,4,0,24,1,1,9,9,0,0,0,1517282379,0.04175,0.00464,0.95483,0.95576,-0.00612,-0.00161,-0.00034,0.00634,0.95799,0.00748,0.00634,3,12126,0,26046,0.49159,0.36084,0.73403,85,1,91.649,166,1,6,4296,195192,0,0,0.000,13.120,13.976,0,0.000,22.207,15.246,0,0,1,0,1
PPG,4,359946,14399390587,518,73102,81692,81833.719,-141.719,-233.211,0,0,0,0,0.00,nan,1,2,0,nan,4,1,24,1,1,10,10,0,0,0,1517321306,0.04248,-0.00098,0.95337,0.95432,-0.00585,-0.00001,-0.00141,0.00602,0.96159,0.00727,0.00631,3,12139,0,26046,0.52136,0.37649,0.72213,72,1,91.947,88,1,6,2624,195192,0,0,0.000,13.120,13.976,0,0.000,22.207,15.246,0,0,1,0,1
PPG,4,359947,14399430587,179,73049,81657,81831.953,-174.953,-229.164,0,0,0,0,0.00,nan,1,2,0,nan,4,1,24,1,1,11,11,0,0,0,1517363320,0.04736,0.00610,0.95361,0.95481,-0.00558,-0.00001,-0.00087,0.00565,0.95583,0.00685,0.00686,3,12130,0,26046,0.52136,0.37649,0.72213,72,1,91.947,88,1,6,4297,195192,0,0,68.625,12.892,14.411,1,0.000,22.207,15.246,0,0,1,0,1
PPG,4,359948,14399470587,129,73019,81632,81829.953,-197.953,-232.820,0,0,0,0,0.00,nan,1,2,0,nan,4,1,24,1,1,12,12,0,0,0,1517402352,0.04346,0.00684,0.95410,0.95512,-0.00532,-0.00001,-0.00087,0.00539,0.95570,0.00276,0.00599,3,12135,0,26046,0.52136,0.37649,0.72213,72,1,91.947,88,1,6,4299,195192,0,0,0.000,12.892,14.411,0,0.000,22.207,15.246,0,0,1,0,1
PPG,4,359949,14399510587,119,72998,81606,81827.711,-221.711,-237.883,0,0,0,0,0.00,nan,1,2,0,nan,4,1,24,1,1,13,13,0,0,0,1517441327,0.04370,0.00391,0.95166,0.95267,-0.00532,0.00105,-0.00167,0.00567,0.95606,0.00913,0.00662,3,12123,0,26046,0.52136,0.37649,0.72213,72,1,91.947,88,1,6,2605,195192,0,0,0.000,12.892,14.411,0,0.000,22.207,15.246,0,0,1,0,1
PPG,4,359950,14399550587,118,72988,81591,81825.344,-234.344,-239.172,0,0,0,0,0.00,nan,1,2,0,nan,4,1,24,1,1,14,14,0,0,0,1517482863,0.04199,0.00220,0.95654,0.95747,-0.00558,-0.00081,-0.00114,0.00576,0.95747,0.00735,0.00577,3,12131,0,26046,0.52136,0.37649,0.72213,72,1,91.947,88,1,6,4294,195192,0,0,0.000,12.892,14.411,0,0.000,22.207,15.246,0,0,1,0,1
PPG,4,359951,14399590587,120,73005,81623,81823.320,-200.320,-228.008,0,0,0,0,0.00,nan,1,2,0,nan,4,1,24,1,1,15,15,0,0,0,1517521789,0.04199,0.00391,0.94946,0.95040,-0.00505,-0.00001,-0.00141,0.00524,0.95444,0.00670,0.00619,3,12129,0,26046,0.52136,0.37649,0.72213,72,1,91.947,88,1,6,4320,195192,0,0,0.000,12.892,14.411,0,0.000,22.207,15.246,0,0,1,0,1
PPG,4,359952,14399630587,119,73025,81650,81821.586,-171.586,-209.438,0,0,0,0,0.00,nan,1,2,0,nan,4,1,24,1,1,16,16,0,0,0,1517560791,0.04419,0.00220,0.95508,0.95610,-0.00479,-0.00001,-0.00194,0.00516,0.95704,0.00665,0.00620,3,12121,0,26046,0.52136,0.37649,0.72213,72,1,91.947,88,1,6,2604,195192,0,0,0.000,12.892,14.411,0,0.000,22.207,15.246,0,0,1,0,1
PPG,4,359953,14399670587,121,73036,81690,81820.273,-130.273,-186.477,0,0,0,0,0.00,nan,1,2,0,nan,4,1,24,1,1,17,17,0,0,0,1517602378,0.04639,0.00830,0.95117,0.95234,-0.00612,-0.00028,-0.00141,0.00628,0.95387,0.00297,0.00628,3,12129,0,26046,0.52136,0.37649,0.72213,72,1,91.947,88,1,6,4295,195192,0,0,0.000,12.892,14.411,0,0.000,22.207,15.246,0,0,1,0,1
PPG,4,359954,14399710587,119,73046,81698,81819.047,-121.047,-157.422,0,0,0,0,0.00,nan,1,2,0,nan,4,1,24,1,1,18,18,0,0,0,1517641330,0.04419,0.00342,0.95215,0.95318,-0.00532,-0.00081,-0.00141,0.00556,0.95318,0.00103,0.00695,3,12143,0,26046,0.52136,0.37649,0.72213,72,1,91.947,88,1,6,2602,195192,0,0,0.000,12.892,14.411,0,0.000,22.207,15.246,0,0,1,0,1
PPG,4,359955,14399750587,119,73033,81680,81817.656,-137.656,-127.562,1,0,0,0,0.00,nan,1,2,0,nan,4,1,24,1,1,19,19,0,0,0,1517682865,0.04639,0.00439,0.94849,0.94963,-0.00585,-0.00001,-0.00141,0.00602,0.95373,0.00410,0.00602,3,12131,0,26046,0.52136,0.37649,0.72213,72,1,91.947,88,1,6,4294,195192,0,0,0.000,12.892,14.411,0,261.398,22.207,15.246,1,0,1,0,1
PPG,4,359956,14399790587,134,73022,81675,81816.227,-141.227,-99.156,0,0,0,0,0.00,nan,1,2,0,nan,4,1,24,1,1,20,20,0,0,0,1517721869,0.04590,0.00684,0.95581,0.95694,-0.00558,0.00052,-0.00141,0.00578,0.95694,0.00331,0.00625,3,12128,0,26046,0.52136,0.37649,0.72213,72,1,91.947,88,1,6,4294,195192,0,0,0.000,12.892,14.411,0,0.000,22.207,15.246,0,0,1,0,1
PPG,4,359957,14399830587,118,73013,81664,81814.703,-150.703,-70.227,0,0,0,0,0.00,nan,1,2,0,nan,4,1,24,1,1,21,21,0,0,0,1517760823,0.04102,0.00562,0.95044,0.95134,-0.00718,-0.00055,-0.00194,0.00746,0.95637,0.00502,0.00746,3,12120,0,26046,0.52136,0.37649,0.72213,72,1,91.947,88,1,6,2606,195192,0,0,0.000,12.892,14.411,0,0.000,22.207,15.246,0,0,1,0,1
PPG,4,359958,14399870587,118,72994,81639,81812.945,-173.945,-48.641,0,0,0,0,0.00,nan,1,2,0,nan,4,1,24,1,1,22,22,0,0,0,1517802367,0.04468,0.00659,0.95239,0.95346,-0.00585,-0.00055,-0.00114,0.00599,0.95875,0.00983,0.00647,3,12136,0,26046,0.52136,0.37649,0.72213,72,1,91.947,88,1,6,4294,195192,0,0,0.000,12.892,14.411,0,0.000,22.207,15.246,0,0,1,0,1
PPG,4,359959,14399910587,120,72957,81615,81810.969,-195.969,-35.539,0,0,0,0,0.00,nan,1,2,0,nan,4,1,24,1,1,23,23,0,0,0,1517841318,0.04272,0.00269,0.95410,0.95506,-0.00585,-0.00001,-0.00141,0.00602,0.95738,0.00707,0.00670,3,12157,0,26046,0.52136,0.37649,0.72213,72,1,91.947,88,1,6,2608,195192,0,0,0.000,12.892,14.411,0,0.000,22.207,15.246,0,0,1,0,1
PPG,4,359960,14399950587,120,72934,81582,81808.680,-226.680,-32.570,0,0,0,0,0.00,nan,1,2,0,nan,4,1,24,1,1,24,24,0,0,0,1517882857,0.04614,0.00220,0.95288,0.95400,-0.00479,0.00105,-0.00247,0.00549,0.95586,0.00304,0.00549,3,12126,0,26046,0.52136,0.37649,0.72213,72,1,91.947,88,1,6,4294,195192,0,0,0.000,12.892,14.411,0,0.000,22.207,15.246,0,0,1,0,1
PPG,4,359961,14399990587,137,72903,81550,81806.094,-256.094,-36.711,0,0,0,0,0.00,nan,1,2,0,nan,4,1,24,1,1,25,25,0,0,0,1517921794,0.03882,0.00708,0.94604,0.94687,-0.00558,0.00185,-0.00114,0.00599,0.95808,0.01122,0.00599,3,12132,0,26046,0.52136,0.37649,0.72213,72,1,91.947,88,1,6,2605,195192,0,0,0.000,12.892,14.411,0,0.000,22.207,15.246,0,0,1,0,1
PPG,4,359962,14400030587,119,72919,81542,81803.453,-261.453,-41.727,0,0,0,0,0.00,nan,1,2,0,nan,4,1,24,1,1,26,26,0,0,0,1517963701,0.04297,0.00757,0.95044,0.95144,-0.00585,0.00185,-0.00167,0.00636,0.95902,0.01215,0.00636,3,12294,0,26046,0.52136,0.37649,0.72213,72,1,91.947,88,1,6,4332,195192,0,0,0.000,12.892,14.411,0,0.000,22.207,15.246,0,0,1,0,1
PPG,4,359963,14400070587,127,72933,81557,81800.992,-243.992,-45.992,0,0,0,0,0.00,nan,1,2,0,nan,4,1,24,1,1,27,27,0,0,0,1518000102,0.04321,0.00146,0.95264,0.95362,-0.00692,-0.00001,-0.00167,0.00712,0.95656,0.00512,0.00712,2,21683,0,26047,0.52136,0.37649,0.72213,72,1,91.947,88,1,6,2595,195192,0,0,0.000,12.892,14.411,0,0.000,22.207,15.246,0,0,1,0,1
PPG,4,359964,14400110587,120,72987,81587,81798.852,-211.852,-49.539,0,0,0,0,0.00,nan,1,2,0,nan,4,1,24,1,1,28,28,0,0,0,1518041731,0.04199,0.00562,0.95557,0.95651,-0.00638,-0.00108,-0.00141,0.00663,0.95651,0.00449,0.00663,3,12156,0,26047,0.52136,0.37649,0.72213,72,1,91.947,88,1,6,2660,195192,0,0,0.000,12.892,14.411,0,0.000,22.207,15.246,0,0,1,0,1
PPG,4,359965,14400150587,121,73001,81615,81797.016,-182.016,-48.961,0,0,0,0,0.00,nan,1,2,0,nan,4,1,24,1,1,29,29,0,0,0,1518083424,0.04517,0.00195,0.94971,0.95078,-0.00585,0.00052,-0.00061,0.00591,0.95142,0.00508,0.00622,3,12113,0,26047,0.52136,0.37649,0.72213,72,1,91.947,88,1,6,4307,195192,0,0,0.000,12.892,14.411,0,0.000,22.207,15.246,0,0,1,0,1
PPG,4,359966,14400190587,118,73037,81672,81795.766,-123.766,-39.820,0,0,0,0,0.00,nan,1,2,0,nan,4,1,24,1,1,30,30,0,0,0,1518122525,0.04468,0.00439,0.95093,0.95199,-0.00532,-0.00028,-0.00274,0.00599,0.95341,0.00842,0.00614,3,12117,0,26047,0.52136,0.37649,0.72213,72,1,91.947,88,1,6,4299,195192,0,0,0.000,12.892,14.411,0,0.000,22.207,15.246,0,0,1,0,1
PPG,4,359967,14400230587,126,73045,81724,81795.047,-71.047,-22.891,0,0,0,0,0.00,nan,1,2,0,nan,4,1,24,1,1,31,31,0,0,0,1518161957,0.04517,0.00244,0.95020,0.95127,-0.00558,-0.00001,-0.00167,0.00583,0.95127,0.00080,0.00634,3,12250,0,26047,0.52136,0.37649,0.72213,72,1,91.947,88,1,6,4348,195192,0,0,0.000,12.892,14.411,0,0.000,22.207,15.246,0,0,1,0,1
PPG,4,359968,14400270587,143,73069,81747,81794.570,-47.570,-0.492,1,0,1,1600,37.50,37.50,2,1,0,nan,4,1,24,1,1,0,0,0,0,0,1518201240,0.04614,0.00317,0.95581,0.95693,-0.00612,0.00052,-0.00114,0.00624,0.95823,0.00474,0.00667,3,12297,0,26047,0.52136,0.37649,0.72213,72,1,91.947,88,1,3,2633,195192,0,0,184.758,12.892,14.411,1,206.602,22.207,15.246,1,1,1,0,2
PPG,4,359969,14400310587,121,73091,81778,81794.406,-16.406,24.617,0,0,0,0,37.50,37.50,2,1,0,nan,4,1,24,1,1,1,1,0,0,0,1518243238,0.04419,0.00684,0.94653,0.94759,-0.00585,-0.00028,-0.00221,0.00626,0.94928,0.00963,0.00710,3,12281,0,26047,0.52136,0.37649,0.72213,72,1,91.947,88,1,3,4329,195192,0,0,0.000,13.351,15.602,0,0.000,22.262,15.332,0,0,1,0,2
PPG,4,359970,14400350587,141,73089,81788,81794.344,-6.344,47.773,0,0,0,0,37.50,37.50,2,1,0,nan,4,1,24,1,1,2,2,0,0,0,1518282560,0.04541,0.00391,0.94995,0.95104,-0.00612,-0.00055,-0.00087,0.00620,0.96102,0.01343,0.00638,3,12249,0,26047,0.52136,0.37649,0.72213,72,1,91.947,88,1,3,4331,195192,0,0,0.000,13.351,15.602,0,0.000,22.262,15.332,0,0,1,0,2
PPG,4,359971,14400390587,517,73123,81835,81794.750,40.250,72.602,0,0,0,0,37.50,37.50,2,1,0,nan,4,1,24,1,1,3,3,0,0,0,1518321871,0.04175,0.00317,0.95142,0.95234,-0.00612,0.00079,-0.00194,0.00647,0.95427,0.00596,0.00701,3,12197,0,26047,0.54165,0.44695,0.82516,89,1,89.371,71,1,3,2629,195192,0,0,0.000,13.351,15.602,0,0.000,22.262,15.332,0,0,1,0,2
PPG,4,359972,14400430587,172,73172,81883,81795.633,87.367,99.242,0,0,0,0,37.50,37.50,2,1,0,nan,4,1,24,1,1,4,4,0,0,0,1518364317,0.04614,0.00366,0.94873,0.94986,-0.00692,-0.00081,-0.00167,0.00716,0.95785,0.00799,0.00723,3,12242,0,26047,0.54165,0.44695,0.82516,89,1,89.371,71,1,3,4338,195192,0,0,0.000,13.351,15.602,0,0.000,22.262,15.332,0,0,1,0,2
PPG,4,359973,14400470587,123,73158,81882,81796.500,85.500,119.641,0,0,0,0,37.50,37.50,2,1,0,nan,4,1,24,1,1,5,5,0,0,0,1518403669,0.03906,0.00171,0.95313,0.95393,-0.00505,0.00132,-0.00061,0.00526,0.95580,0.00317,0.00685,3,12268,0,26047,0.54165,0.44695,0.82516,89,1,89.371,71,1,3,4315,195192,0,0,0.000,13.351,15.602,0,0.000,22.262,15.332,0,0,1,0,2
PPG,4,359974,14400510587,147,73170,81910,81797.633,112.367,135.609,0,0,0,0,37.50,37.50,2,1,0,nan,4,1,24,1,1,6,6,0,0,0,1518442973,0.04053,0.00439,0.95508,0.95595,-0.00665,0.00025,-0.00141,0.00680,0.95738,0.00875,0.00680,3,12260,0,26047,0.54165,0.44695,0.82516,89,1,89.371,71,1,3,4347,195192,0,0,0.000,13.351,15.602,0,0.000,22.262,15.332,0,0,1,0,2
PPG,4,359975,14400550587,122,73196,81936,81799.016,136.984,149.812,0,0,0,0,37.50,37.50,2,1,0,nan,4,1,24,1,1,7,7,0,0,0,1518482293,0.04419,0.00317,0.95020,0.95123,-0.00638,-0.00055,-0.00221,0.00678,0.95636,0.00493,0.00678,3,12203,0,26047,0.54165,0.44695,0.82516,89,1,89.371,71,1,3,4331,195192,0,0,0.000,13.351,15.602,0,0.000,22.262,15.332,0,0,1,0,2
PPG,4,359976,14400590587,124,73173,81950,81800.523,149.477,160.633,0,0,0,0,37.50,37.50,2,1,0,nan,4,1,24,1,1,8,8,0,0,0,1518521594,0.04224,0.00317,0.95801,0.95894,-0.00638,-0.00135,-0.00221,0.00689,0.95894,0.00471,0.00689,3,12219,0,26047,0.54165,0.44695,0.82516,89,1,89.371,71,1,3,2629,195192,0,0,0.000,13.351,15.602,0,0.000,22.262,15.332,0,0,1,0,2
PPG,4,359977,14400630587,123,73166,81950,81802.016,147.984,169.469,0,0,0,0,37.50,37.50,2,1,0,nan,4,1,24,1,1,9,9,0,0,0,1518563549,0.04468,0.00635,0.94873,0.94980,-0.00585,-0.00001,-0.00114,0.00596,0.95685,0.01062,0.00596,3,12275,0,26047,0.54165,0.44695,0.82516,89,1,89.371,71,1,3,4329,195192,0,0,0.000,13.351,15.602,0,0.000,22.262,15.332,0,0,1,0,2
PPG,4,359978,14400670587,142,73153,81932,81803.312,128.688,168.680,0,0,0,0,37.50,37.50,2,1,0,nan,4,1,24,1,1,10,10,0,0,0,1518602797,0.04102,0.00562,0.95239,0.95329,-0.00585,-0.00108,-0.00194,0.00626,0.95329,0.00666,0.00720,3,12245,0,26047,0.54165,0.44695,0.82516,89,1,89.371,71,1,3,4331,195192,0,0,0.000,13.351,15.602,0,0.000,22.262,15.332,0,0,1,0,2
PPG,4,359979,14400710587,130,73139,81919,81804.469,114.531,158.617,0,0,0,0,37.50,37.50,2,1,0,nan,4,1,24,1,1,11,11,0,0,0,1518642172,0.04541,0.01001,0.95557,0.95670,-0.00532,-0.00055,-0.00194,0.00569,0.95670,0.00424,0.00648,3,12254,0,26047,0.54165,0.44695,0.82516,89,1,89.371,71,1,3,4345,195192,0,0,0.000,13.351,15.602,0,0.000,22.262,15.332,0,0,1,0,2
PPG,4,359980,14400750587,128,73138,81918,81805.602,112.398,146.961,0,0,0,0,37.50,37.50,2,1,0,nan,4,1,24,1,1,12,12,0,0,0,1518681543,0.04370,0.00513,0.95435,0.95536,-0.00612,0.00025,-0.00221,0.00651,0.95536,0.00446,0.00651,3,12237,0,26047,0.54165,0.44695,0.82516,89,1,89.371,71,1,3,2627,195192,0,0,0.000,13.351,15.602,0,0.000,22.262,15.332,0,0,1,0,2
PPG,4,359981,14400790587,123,73144,81941,81806.953,134.047,131.844,0,0,0,0,37.50,37.50,2,1,0,nan,4,1,24,1,1,13,13,0,0,0,1518723414,0.04492,0.00293,0.96094,0.96199,-0.00532,-0.00028,-0.00141,0.00551,0.96199,0.01300,0.00602,3,12237,0,26047,0.54165,0.44695,0.82516,89,1,89.371,71,1,3,4338,195192,0,0,0.000,13.351,15.602,0,0.000,22.262,15.332,0,0,1,0,2
PPG,4,359982,14400830587,119,73130,81889,81807.773,81.227,107.781,0,0,0,0,37.50,37.50,2,1,0,nan,4,1,24,1,1,14,14,0,0,0,1518762702,0.04224,0.00317,0.95361,0.95455,-0.00665,0.00052,-0.00194,0.00695,0.95455,0.01036,0.00695,3,12246,0,26047,0.54165,0.44695,0.82516,89,1,89.371,71,1,3,4298,195192,0,0,0.000,13.351,15.602,0,0.000,22.262,15.332,0,0,1,0,2
PPG,4,359983,14400870587,121,73130,81863,81808.328,54.672,80.047,0,0,0,0,37.50,37.50,2,1,0,nan,4,1,24,1,1,15,15,0,0,0,1518801876,0.04150,0.00732,0.95068,0.95162,-0.00585,-0.00028,-0.00247,0.00636,0.95670,0.00292,0.00714,3,12172,0,26047,0.54165,0.44695,0.82516,89,1,89.371,71,1,3,2602,195192,0,0,0.000,13.351,15.602,0,0.000,22.262,15.332,0,0,1,0,2
PPG,4,359984,14400910587,120,73156,81890,81809.148,80.852,56.328,0,0,0,0,37.50,37.50,2,1,0,nan,4,1,24,1,1,16,16,0,0,0,1518843468,0.04712,0.00854,0.95850,0.95969,-0.00585,-0.00028,-0.00247,0.00636,0.95969,0.00584,0.00636,3,12127,0,26047,0.54165,0.44695,0.82516,89,1,89.371,71,1,3,4300,195192,0,0,0.000,13.351,15.602,0,0.000,22.262,15.332,0,0,1,0,2
PPG,4,359985,14400950587,141,73163,81897,81810.023,86.977,37.227,1,0,1,680,37.50,37.50,2,1,0,nan,4,1,24,1,1,17,17,0,0,0,1518882445,0.04492,0.00024,0.94946,0.95053,-0.00612,-0.00001,-0.00087,0.00618,0.95729,0.00715,0.00637,3,12160,0,26047,0.54165,0.44695,0.82516,89,1,89.371,71,1,3,4320,195192,0,0,174.250,13.351,15.602,1,219.008,22.262,15.332,1,1,1,0,3
PPG,4,359986,14400990587,121,73165,81921,81811.133,109.867,25.062,0,0,0,0,37.50,37.50,2,1,0,nan,4,1,24,1,1,18,18,0,0,0,1518921497,0.04541,0.00342,0.94971,0.95080,-0.00585,-0.00055,-0.00247,0.00638,0.95113,0.00317,0.00665,3,12134,0,26047,0.54165,0.44695,0.82516,89,1,89.371,71,1,3,2596,195192,0,0,0.000,13.688,16.474,0,0.000,22.388,15.526,0,0,1,0,3
PPG,4,359987,14401030587,128,73196,81967,81812.695,154.305,19.914,0,0,0,0,37.50,37.50,2,1,0,nan,4,1,24,1,1,19,19,0,0,0,1518963136,0.03931,0.00562,0.95972,0.96054,-0.00532,-0.00001,-0.00087,0.00539,0.96054,0.01073,0.00777,3,12158,0,26047,0.54165,0.44695,0.82516,89,1,89.371,71,1,3,4334,195192,0,0,0.000,13.688,16.474,0,0.000,22.388,15.526,0,0,1,0,3
PPG,4,359988,14401070587,129,73207,82007,81814.641,192.359,16.344,0,0,0,0,37.50,37.50,2,1,0,nan,4,1,24,1,1,20,20,0,0,0,1519001909,0.04761,0.00537,0.95654,0.95774,-0.00558,0.00079,-0.00167,0.00588,0.95774,0.00544,0.00588,2,24094,0,26048,0.54165,0.44695,0.82516,89,1,89.371,71,1,3,2600,195192,0,0,0.000,13.688,16.474,0,0.000,22.388,15.526,0,0,1,0,3
PPG,4,359989,14401110587,125,73211,82017,81816.664,200.336,22.680,0,0,0,0,37.50,37.50,2,1,0,nan,4,1,24,1,1,21,21,0,0,0,1519043573,0.04126,0.00195,0.95483,0.95573,-0.00558,-0.00028,-0.00141,0.00577,0.95725,0.00231,0.00597,3,12128,0,26048,0.54165,0.44695,0.82516,89,1,89.371,71,1,3,4301,195192,0,0,0.000,13.688,16.474,0,0.000,22.388,15.526,0,0,1,0,3
PPG,4,359990,14401150587,123,73225,82027,81818.766,208.234,34.156,0,0,0,0,37.50,37.50,2,1,0,nan,4,1,24,1,1,22,22,0,0,0,1519082583,0.04541,-0.00244,0.95752,0.95860,-0.00612,-0.00028,-0.00221,0.00651,0.95860,0.00437,0.00686,3,12118,0,26048,0.54165,0.44695,0.82516,89,1,89.371,71,1,3,4300,195192,0,0,0.000,13.688,16.474,0,0.000,22.388,15.526,0,0,1,0,3
PPG,4,359991,14401190587,127,73218,82030,81820.875,209.125,44.406,0,0,0,0,37.50,37.50,2,1,0,nan,4,1,24,1,1,23,23,0,0,0,1519121553,0.04419,0.00171,0.95239,0.95342,-0.00612,-0.00001,-0.00167,0.00634,0.95993,0.00583,0.00656,3,12136,0,26048,0.54165,0.44695,0.82516,89,1,89.371,71,1,3,2594,195192,0,0,0.000,13.688,16.474,0,0.000,22.388,15.526,0,0,1,0,3
PPG,4,359992,14401230587,127,73192,82015,81822.812,192.188,54.664,0,0,0,0,37.50,37.50,2,1,0,nan,4,1,24,1,1,24,24,0,0,0,1519163145,0.04395,-0.00122,0.95630,0.95731,-0.00612,0.00025,-0.00087,0.00618,0.95731,0.00761,0.00751,3,12156,0,26048,0.54165,0.44695,0.82516,89,1,89.371,71,1,3,4306,195192,0,0,0.000,13.688,16.474,0,0.000,22.388,15.526,0,0,1,0,3
PPG,4,359993,14401270587,125,73225,82052,81825.102,226.898,64.883,0,0,0,0,37.50,37.50,2,1,0,nan,4,1,24,1,1,25,25,0,0,0,1519202181,0.04492,0.00415,0.95996,0.96102,-0.00479,0.00105,-0.00194,0.00527,0.96102,0.00586,0.00542,3,12114,0,26048,0.54165,0.44695,0.82516,89,1,89.371,71,1,3,2598,195192,0,0,0.000,13.688,16.474,0,0.000,22.388,15.526,0,0,1,0,3
PPG,4,359994,14401310587,123,73273,82132,81828.172,303.828,77.352,0,0,0,0,37.50,37.50,2,1,0,nan,4,1,24,1,1,26,26,0,0,0,1519243755,0.04395,0.00562,0.95264,0.95367,-0.00505,0.00052,-0.00221,0.00554,0.95843,0.00378,0.00642,3,12129,0,26048,0.54165,0.44695,0.82516,89,1,89.371,71,1,3,4296,195192,0,0,0.000,13.688,16.474,0,0.000,22.388,15.526,0,0,1,0,3
PPG,4,359995,14401350587,124,73301,82173,81831.617,341.383,89.211,0,0,0,0,37.50,37.50,2,1,0,nan,4,1,24,1,1,27,27,0,0,0,1519282733,0.04736,0.00513,0.95166,0.95285,-0.00585,-0.00135,-0.00221,0.00640,0.95643,0.00397,0.00640,3,12125,0,26048,0.54165,0.44695,0.82516,89,1,89.371,71,1,3,4295,195192,0,0,0.000,13.688,16.474,0,0.000,22.388,15.526,0,0,1,0,3
PPG,4,359996,14401390587,509,73332,82203,81835.328,367.672,103.141,0,0,0,0,37.50,37.50,2,1,0,nan,4,1,24,1,1,28,28,0,0,0,1519321695,0.04321,0.00146,0.94946,0.95045,-0.00612,0.00079,-0.00221,0.00655,0.95590,0.00545,0.00744,3,12123,0,26048,0.52423,0.46198,0.88126,74,1,87.968,100,1,3,2601,195192,0,0,0.000,13.688,16.474,0,0.000,22.388,15.526,0,0,1,0,3
PPG,4,359997,14401430587,173,73315,82203,81839.008,363.992,115.633,0,0,0,0,37.50,37.50,2,1,0,nan,4,1,24,1,1,29,29,0,0,0,1519363717,0.04248,0.00610,0.94800,0.94897,-0.00532,0.00025,-0.00141,0.00551,0.95209,0.00312,0.00628,3,12132,0,26048,0.52423,0.46198,0.88126,74,1,87.968,100,1,3,4316,195192,0,0,0.000,13.688,16.474,0,0.000,22.388,15.526,0,0,1,0,3
PPG,4,359998,14401470587,123,73339,82246,81843.078,402.922,130.789,0,0,0,0,37.50,37.50,2,1,0,nan,4,1,24,1,1,30,30,0,0,0,1519402753,0.04712,0.00464,0.94873,0.94991,-0.00638,0.00052,-0.00141,0.00656,0.95620,0.00723,0.00656,3,12117,0,26048,0.52423,0.46198,0.88126,74,1,87.968,100,1,3,4296,195192,0,0,0.000,13.688,16.474,0,0.000,22.388,15.526,0,0,1,0,3
PPG,4,359999,14401510587,124,73361,82281,81847.461,433.539,150.688,0,0,0,0,37.50,37.50,2,1,0,nan,4,1,24,1,1,31,31,0,0,0,1519441702,0.04541,-0.00146,0.95557,0.95665,-0.00692,-0.00028,-0.00221,0.00727,0.95665,0.00551,0.00727,3,12127,0,26048,0.52423,0.46198,0.88126,74,1,87.968,100,1,3,2598,195192,0,0,0.000,13.688,16.474,0,0.000,22.388,15.526,0,0,1,0,3
PPG,4,360000,14401550587,125,73391,82309,81852.078,456.922,167.852,0,0,0,0,37.50,37.50,2,1,0,nan,4,1,24,1,1,0,0,0,0,0,1519483382,0.04321,0.00610,0.95801,0.95900,-0.00612,-0.00001,-0.00167,0.00634,0.95900,0.00488,0.00707,3,12152,0,26048,0.52423,0.46198,0.88126,74,1,87.968,100,1,3,4297,195192,0,0,0.000,13.688,16.474,0,0.000,22.388,15.526,0,0,1,0,3
PPG,4,360001,14401590587,124,73380,82301,81856.570,444.430,173.992,0,0,0,0,37.50,37.50,2,1,0,nan,4,1,24,1,1,1,1,0,0,0,1519522333,0.05054,0.00439,0.95728,0.95862,-0.00585,0.00025,-0.00247,0.00636,0.95862,0.01096,0.00669,3,12125,0,26048,0.52423,0.46198,0.88126,74,1,87.968,100,1,3,4296,195192,0,0,0.000,13.688,16.474,0,0.000,22.388,15.526,0,0,1,0,3
PPG,4,360002,14401630587,145,73382,82267,81860.672,406.328,168.523,0,0,0,0,37.50,37.50,2,1,0,nan,4,1,24,1,1,2,2,0,0,0,1519561265,0.04614,0.00684,0.94995,0.95110,-0.00612,-0.00055,-0.00114,0.00625,0.95514,0.00368,0.00625,3,12114,0,26048,0.52423,0.46198,0.88126,74,1,87.968,100,1,3,2595,195192,0,0,0.000,13.688,16.474,0,0.000,22.388,15.526,0,0,1,0,3
PPG,4,360003,14401670587,124,73371,82223,81864.297,358.703,153.383,0,0,0,0,37.50,37.50,2,1,0,nan,4,1,24,1,1,3,3,0,0,0,1519602967,0.04639,0.00439,0.95435,0.95548,-0.00558,-0.00028,-0.00087,0.00566,0.95548,0.00375,0.00597,3,12127,0,26048,0.52423,0.46198,0.88126,74,1,87.968,100,1,3,4309,195192,0,0,0.000,13.688,16.474,0,0.000,22.388,15.526,0,0,1,0,3
PPG,4,360004,14401710587,123,73356,82201,81867.664,333.336,137.539,0,0,0,0,37.50,37.50,2,1,0,nan,4,1,24,1,1,4,4,0,0,0,1519641930,0.04590,0.00757,0.95508,0.95621,-0.00585,-0.00108,-0.00167,0.00618,0.95621,0.00172,0.00631,3,12122,0,26048,0.52423,0.46198,0.88126,74,1,87.968,100,1,3,2596,195192,0,0,0.000,13.688,16.474,0,0.000,22.388,15.526,0,0,1,0,3
PPG,4,360005,14401750587,124,73368,82224,81871.227,352.773,118.047,0,0,0,0,37.50,37.50,2,1,0,nan,4,1,24,1,1,5,5,0,0,0,1519683555,0.04297,0.00415,0.94849,0.94947,-0.00692,-0.00135,-0.00087,0.00710,0.95862,0.00500,0.00734,3,12167,0,26048,0.52423,0.46198,0.88126,74,1,87.968,100,1,3,4300,195192,0,0,0.000,13.688,16.474,0,0.000,22.388,15.526,0,0,1,0,3
PPG,4,360006,14401790587,123,73374,82230,81874.812,355.188,95.312,0,0,0,0,37.50,37.50,2,1,0,nan,4,1,24,1,1,6,6,0,0,0,1519722517,0.04150,0.00513,0.95654,0.95746,-0.00612,-0.00001,-0.00274,0.00670,0.95746,0.00422,0.00765,3,12126,0,26048,0.52423,0.46198,0.88126,74,1,87.968,100,1,3,4295,195192,0,0,0.000,13.688,16.474,0,0.000,22.388,15.526,0,0,1,0,3
PPG,4,360007,14401830587,128,73363,82248,81878.547,369.453,72.547,0,0,0,0,37.50,37.50,2,1,0,nan,4,1,24,1,1,7,7,0,0,0,1519761571,0.04150,0.00342,0.95801,0.95891,-0.00558,0.00105,-0.00114,0.00580,0.95891,0.00667,0.00613,3,12136,0,26048,0.52423,0.46198,0.88126,74,1,87.968,100,1,3,2594,195192,0,0,0.000,13.688,16.474,0,0.000,22.388,15.526,0,0,1,0,3
PPG,4,360008,14401870587,126,73363,82252,81882.281,369.719,53.297,0,0,0,0,37.50,37.50,2,1,0,nan,4,1,24,1,1,8,8,0,0,0,1519803207,0.04224,0.00415,0.95337,0.95431,-0.00638,0.00025,-0.00087,0.00645,0.95683,0.00217,0.00649,3,12142,0,26048,0.52423,0.46198,0.88126,74,1,87.968,100,1,3,4301,195192,0,0,0.000,13.688,16.474,0,0.000,22.388,15.526,0,0,1,0,3
PPG,4,360009,14401910587,156,73380,82267,81886.125,380.875,40.797,1,0,1,960,62.50,62.50,2,1,512,nan,4,1,24,1,1,9,9,0,0,0,1519878323,0.04004,0.00269,0.95386,0.95470,-0.00505,-0.00028,-0.00141,0.00525,0.95470,0.00144,0.00561,2,60464,0,26053,0.52423,0.46198,0.88126,74,1,87.968,100,1,3,60493,195192,0,0,92.000,13.688,16.474,1,157.648,22.388,15.526,1,1,1,0,4
PPG,4,360010,14401950587,177,73389,82273,81889.992,383.008,35.641,0,0,0,0,62.50,62.50,2,1,512,nan,4,1,24,1,1,10,10,0,0,0,1519890739,0.04736,0.00146,0.95581,0.95698,-0.00612,0.00025,-0.00194,0.00642,0.95698,0.00228,0.00642,1,12416,0,26053,0.52423,0.46198,0.88126,74,1,87.968,100,1,3,12243,195192,0,0,0.000,13.468,15.905,0,0.000,22.115,15.105,0,0,1,0,4
PPG,4,360011,14401990587,123,73389,82282,81893.914,388.086,34.609,0,0,0,0,62.50,62.50,2,1,512,nan,4,1,24,1,1,11,11,0,0,0,1519927429,0.04395,0.00488,0.95386,0.95488,-0.00638,-0.00081,-0.00141,0.00659,0.95488,0.00558,0.00709,3,12184,0,26053,0.52423,0.46198,0.88126,74,1,87.968,100,1,3,2585,195192,0,0,0.000,13.468,15.905,0,0.000,22.115,15.105,0,0,1,0,4
PPG,4,360012,14402030587,123,73381,82252,81897.492,354.508,26.758,0,0,0,0,62.50,62.50,2,1,512,nan,4,1,24,1,1,12,12,0,0,0,1519963906,0.04224,0.00562,0.94897,0.94993,-0.00558,0.00025,-0.00141,0.00576,0.95651,0.00658,0.00654,3,12114,0,26053,0.52423,0.46198,0.88126,74,1,87.968,100,1,3,4305,195192,0,0,0.000,13.468,15.905,0,0.000,22.115,15.105,0,0,1,0,4
PPG,4,360013,14402070587,208,73346,82223,81900.750,322.250,17.211,0,0,0,0,62.50,62.50,2,1,512,nan,4,1,24,1,1,13,13,0,0,0,1520002810,0.04761,0.00439,0.94946,0.95067,-0.00612,-0.00055,-0.00167,0.00637,0.95478,0.00485,0.00637,2,24243,0,26054,0.52423,0.46198,0.88126,74,1,87.968,100,1,3,4375,195192,0,0,0.000,13.468,15.905,0,0.000,22.115,15.105,0,0,1,0,4
PPG,4,360014,14402110587,124,73289,82164,81903.383,260.617,3.609,0,0,0,0,62.50,62.50,2,1,512,nan,4,1,24,1,1,14,14,0,0,0,1520042102,0.04272,0.00708,0.94775,0.94874,-0.00532,-0.00055,-0.00141,0.00553,0.95634,0.00713,0.00553,3,12110,0,26054,0.52423,0.46198,0.88126,74,1,87.968,100,1,3,2647,195192,0,0,0.000,13.468,15.905,0,0.000,22.115,15.105,0,0,1,0,4
PPG,4,360015,14402150587,123,73291,82170,81906.047,263.953,-7.953,0,0,0,0,62.50,62.50,2,1,512,nan,4,1,24,1,1,15,15,0,0,0,1520083999,0.04297,0.00586,0.95239,0.95338,-0.00558,0.00025,-0.00221,0.00601,0.95457,0.00583,0.00601,3,12259,0,26054,0.52423,0.46198,0.88126,74,1,87.968,100,1,3,4360,195192,0,0,0.000,13.468,15.905,0,0.000,22.115,15.105,0,0,1,0,4
PPG,4,360016,14402190587,122,73342,82235,81909.336,325.664,-14.117,0,0,0,0,62.50,62.50,2,1,512,nan,4,1,24,1,1,16,16,0,0,0,1520123356,0.04370,0.00098,0.95215,0.95315,-0.00585,-0.00055,-0.00141,0.00604,0.95543,0.00834,0.00620,3,12256,0,26054,0.52423,0.46198,0.88126,74,1,87.968,100,1,3,4335,195192,0,0,0.000,13.468,15.905,0,0.000,22.115,15.105,0,0,1,0,4
PPG,4,360017,14402230587,124,73361,82261,81912.852,348.148,-18.742,0,0,0,0,62.50,62.50,2,1,512,nan,4,1,24,1,1,17,17,0,0,0,1520162690,0.04663,0.00854,0.95630,0.95747,-0.00638,-0.00135,-0.00194,0.00681,0.95747,0.00485,0.00693,3,12252,0,26054,0.52423,0.46198,0.88126,74,1,87.968,100,1,3,4337,195192,0,0,0.000,13.468,15.905,0,0.000,22.115,15.105,0,0,1,0,4
PPG,4,360018,14402270587,123,73397,82314,81916.859,397.141,-17.562,0,0,0,0,62.50,62.50,2,1,512,nan,4,1,24,1,1,18,18,0,0,0,1520202064,0.04053,0.00146,0.95020,0.95106,-0.00665,-0.00055,-0.00141,0.00682,0.95650,0.00579,0.00706,3,12279,0,26054,0.52423,0.46198,0.88126,74,1,87.968,100,1,3,2638,195192,0,0,0.000,13.468,15.905,0,0.000,22.115,15.105,0,0,1,0,4
PPG,4,360019,14402310587,135,73425,82346,81921.148,424.852,-7.391,0,0,0,0,62.50,62.50,2,1,512,nan,4,1,24,1,1,19,19,0,0,0,1520244128,0.04248,0.00293,0.95313,0.95408,-0.00692,-0.00108,-0.00167,0.00720,0.95664,0.00558,0.00748,3,12262,0,26054,0.52423,0.46198,0.88126,74,1,87.968,100,1,3,4328,195192,0,0,0.000,13.468,15.905,0,0.000,22.115,15.105,0,0,1,0,4
PPG,4,360020,14402350587,122,73423,82356,81925.500,430.500,9.258,0,0,0,0,62.50,62.50,2,1,512,nan,4,1,24,1,1,20,20,0,0,0,1520283424,0.04321,0.00098,0.95776,0.95874,-0.00505,-0.00055,-0.00194,0.00544,0.95874,0.00436,0.00632,3,12256,0,26054,0.52423,0.46198,0.88126,74,1,87.968,100,1,3,4352,195192,0,0,0.000,13.468,15.905,0,0.000,22.115,15.105,0,0,1,0,4
PPG,4,360021,14402390587,527,73437,82393,81930.172,462.828,37.383,0,0,0,0,62.50,62.50,2,1,512,nan,4,0,24,1,1,21,21,0,0,0,1520322796,0.04224,0.00806,0.95825,0.95922,-0.00612,0.00025,-0.00167,0.00635,0.95922,0.00962,0.00635,3,12254,0,26054,0.37177,0.31837,0.85637,74,1,88.591,88,1,3,4338,195192,0,0,0.000,13.468,15.905,0,0.000,22.115,15.105,0,0,1,0,4
PPG,4,360022,14402430587,176,73452,82423,81935.102,487.898,65.719,0,0,0,0,62.50,62.50,2,1,512,nan,4,0,24,1,1,22,22,0,0,0,1520362574,0.04907,0.00391,0.95605,0.95732,-0.00479,-0.00081,-0.00221,0.00533,0.95732,0.00997,0.00582,3,12268,0,26054,0.37177,0.31837,0.85637,74,1,88.591,88,1,3,4336,195192,0,0,0.000,13.468,15.905,0,0.000,22.115,15.105,0,0,1,0,4
PPG,4,360023,14402470587,127,73453,82391,81939.664,451.336,79.609,0,0,0,0,62.50,62.50,2,1,512,nan,4,0,24,1,1,23,23,0,0,0,1520402004,0.04858,0.00391,0.95825,0.95949,-0.00612,-0.00108,-0.00300,0.00690,0.95949,0.00724,0.00703,3,12308,0,26054,0.37177,0.31837,0.85637,74,1,88.591,88,1,3,2629,195192,0,0,0.000,13.468,15.905,0,0.000,22.115,15.105,0,0,1,0,4
PPG,4,360024,14402510587,123,73435,82298,81943.250,354.750,80.039,0,0,0,0,62.50,62.50,2,1,512,nan,4,0,24,1,1,24,24,0,0,0,1520443897,0.04150,0.00269,0.95361,0.95452,-0.00612,0.00025,-0.00141,0.00628,0.95524,0.00426,0.00656,3,12235,0,26054,0.37177,0.31837,0.85637,74,1,88.591,88,1,3,4345,195192,0,0,0.000,13.468,15.905,0,0.000,22.115,15.105,0,0,1,0,4
PPG,4,360025,14402550587,156,73391,82227,81946.086,280.914,67.461,0,0,0,0,62.50,62.50,2,1,512,nan,4,0,24,1,1,25,25,0,0,0,1520483175,0.04590,0.00537,0.95386,0.95498,-0.00692,0.00052,-0.00167,0.00713,0.95558,0.00137,0.00713,3,12238,0,26054,0.37177,0.31837,0.85637,74,1,88.591,88,1,3,4343,195192,0,0,0.000,13.468,15.905,0,0.000,22.115,15.105,0,0,1,0,4
PPG,4,360026,14402590587,130,73403,82240,81949.023,290.977,51.820,0,0,0,0,62.50,62.50,2,1,512,nan,4,0,24,1,1,26,26,0,0,0,1520522532,0.04248,0.00146,0.94922,0.95017,-0.00585,-0.00028,-0.00167,0.00609,0.95540,0.00657,0.00617,3,12258,0,26054,0.37177,0.31837,0.85637,74,1,88.591,88,1,3,2631,195192,0,0,0.000,13.468,15.905,0,0.000,22.115,15.105,0,0,1,0,4
PPG,4,360027,14402630587,124,73411,82263,81952.164,310.836,37.789,0,0,0,0,62.50,62.50,2,1,512,nan,4,0,24,1,1,27,27,0,0,0,1520564422,0.04199,0.00757,0.96265,0.96359,-0.00612,-0.00001,-0.00274,0.00670,0.96359,0.01216,0.00670,3,12230,0,26054,0.37177,0.31837,0.85637,74,1,88.591,88,1,3,4341,195192,0,0,0.000,13.468,15.905,0,0.000,22.115,15.105,0,0,1,0,4
PPG,4,360028,14402670587,123,73413,82298,81955.625,342.375,21.914,0,0,0,0,62.50,62.50,2,1,512,nan,4,0,24,1,1,28,28,0,0,0,1520603738,0.04541,0.00415,0.95239,0.95348,-0.00612,-0.00028,-0.00221,0.00651,0.95687,0.00672,0.00651,3,12275,0,26054,0.37177,0.31837,0.85637,74,1,88.591,88,1,3,4337,195192,0,0,0.000,13.468,15.905,0,0.000,22.115,15.105,0,0,1,0,4
PPG,4,360029,14402710587,128,73418,82287,81958.938,328.062,1.492,0,0,0,0,62.50,62.50,2,1,512,nan,4,0,24,1,1,29,29,0,0,0,1520643037,0.04395,0.00269,0.96021,0.96121,-0.00665,-0.00081,-0.00087,0.00676,0.96121,0.01019,0.00693,3,12234,0,26054,0.37177,0.31837,0.85637,74,1,88.591,88,1,3,4330,195192,0,0,0.000,13.468,15.905,0,0.000,22.115,15.105,0,0,1,0,4
PPG,4,360030,14402750587,134,73406,82297,81962.320,334.680,-13.141,0,0,0,0,62.50,62.50,2,1,512,nan,4,0,24,1,1,30,30,0,0,0,1520682372,0.04321,0.00391,0.95190,0.95289,-0.00585,-0.00055,-0.00274,0.00648,0.95779,0.00490,0.00648,3,12206,0,26054,0.37177,0.31837,0.85637,74,1,88.591,88,1,3,2631,195192,0,0,0.000,13.468,15.905,0,0.000,22.115,15.105,0,0,1,0,4
PPG,4,360031,14402790587,125,73405,82293,81965.625,327.375,-14.406,0,0,0,0,62.50,62.50,2,1,512,nan,4,0,24,1,1,31,31,0,0,0,1520724200,0.04419,0.00537,0.94849,0.94953,-0.00612,-0.00001,-0.00167,0.00634,0.95970,0.00681,0.00714,3,12191,0,26054,0.37177,0.31837,0.85637,74,1,88.591,88,1,3,4347,195192,0,0,0.000,13.468,15.905,0,0.000,22.115,15.105,0,0,1,0,4
PPG,4,360032,14402830587,145,73416,82307,81969.039,337.961,-5.727,1,0,1,920,62.50,62.50,2,1,512,nan,4,0,24,1,1,0,0,0,0,0,1520763316,0.04590,0.00049,0.95215,0.95325,-0.00718,0.00158,-0.00114,0.00744,0.95534,0.00581,0.00744,3,12154,0,26054,0.37177,0.31837,0.85637,74,1,88.591,88,1,3,4297,195192,0,0,68.656,13.468,15.905,1,98.781,22.115,15.105,1,1,1,0,5
PPG,4,360033,14402870587,140,73432,82354,81972.891,381.109,4.008,0,0,0,0,62.50,62.50,2,1,512,nan,4,0,24,1,1,1,1,0,0,0,1520802375,0.04541,0.00732,0.94507,0.94619,-0.00532,-0.00001,-0.00221,0.00576,0.95260,0.00385,0.00764,3,12155,0,26054,0.37177,0.31837,0.85637,74,1,88.591,88,1,3,2621,195192,0,0,0.000,12.571,16.271,0,0.000,21.508,14.169,0,0,1,0,5
PPG,4,360034,14402910587,124,73462,82383,81976.992,406.008,10.203,0,0,0,0,62.50,62.50,2,1,512,nan,4,0,24,1,1,2,2,0,0,0,1520843976,0.04419,0.00659,0.95581,0.95685,-0.00665,-0.00001,-0.00247,0.00709,0.95685,0.00936,0.00709,3,12126,0,26054,0.37177,0.31837,0.85637,74,1,88.591,88,1,3,4297,195192,0,0,0.000,12.571,16.271,0,0.000,21.508,14.169,0,0,1,0,5
PPG,4,360035,14402950587,126,73482,82409,81981.312,427.688,14.109,0,0,0,0,62.50,62.50,2,1,512,nan,4,0,24,1,1,3,3,0,0,0,1520882919,0.04175,0.00464,0.94922,0.95015,-0.00558,-0.00001,-0.00167,0.00583,0.95556,0.00449,0.00727,3,12117,0,26054,0.37177,0.31837,0.85637,74,1,88.591,88,1,3,4308,195192,0,0,0.000,12.571,16.271,0,0.000,21.508,14.169,0,0,1,0,5
PPG,4,360036,14402990587,124,73481,82400,81985.500,414.500,22.000,0,0,0,0,62.50,62.50,2,1,512,nan,4,0,24,1,1,4,4,0,0,0,1520922014,0.04272,0.00513,0.95630,0.95727,-0.00505,-0.00001,-0.00221,0.00551,0.95905,0.00539,0.00633,3,12116,0,26054,0.37177,0.31837,0.85637,74,1,88.591,88,1,3,2595,195192,0,0,0.000,12.571,16.271,0,0.000,21.508,14.169,0,0,1,0,5
PPG,4,360037,14403030587,124,73472,82421,81989.852,431.148,31.711,0,0,0,0,62.50,62.50,2,1,512,nan,4,0,24,1,1,5,5,0,0,0,1520963559,0.04663,0.00195,0.94824,0.94939,-0.00638,-0.00001,-0.00221,0.00675,0.95616,0.00498,0.00675,3,12118,0,26054,0.37177,0.31837,0.85637,74,1,88.591,88,1,3,4301,195192,0,0,0.000,12.571,16.271,0,0.000,21.508,14.169,0,0,1,0,5
PPG,4,360038,14403070587,131,73497,82440,81994.352,445.648,46.414,0,0,0,0,62.50,62.50,2,1,512,nan,4,0,24,1,1,6,6,0,0,0,1521002321,0.04004,0.01123,0.95532,0.95623,-0.00665,0.00025,-0.00141,0.00680,0.95749,0.00810,0.00680,2,24087,0,26055,0.37177,0.31837,0.85637,74,1,88.591,88,1,3,2597,195192,0,0,0.000,12.571,16.271,0,0.000,21.508,14.169,0,0,1,0,5
PPG,4,360039,14403110587,127,73499,82464,81999.047,464.953,62.938,0,0,0,0,62.50,62.50,2,1,512,nan,4,0,24,1,1,7,7,0,0,0,1521044005,0.04395,0.00415,0.95068,0.95171,-0.00638,0.00025,-0.00141,0.00654,0.95795,0.00345,0.00701,3,12119,0,26055,0.37177,0.31837,0.85637,74,1,88.591,88,1,3,4300,195192,0,0,0.000,12.571,16.271,0,0.000,21.508,14.169,0,0,1,0,5
PPG,4,360040,14403150587,128,73498,82479,82003.844,475.156,74.648,0,0,0,0,62.50,62.50,2,1,512,nan,4,0,24,1,1,8,8,0,0,0,1521083007,0.04297,0.00732,0.95435,0.95534,-0.00585,0.00025,-0.00221,0.00626,0.95534,0.00553,0.00664,3,12120,0,26055,0.37177,0.31837,0.85637,74,1,88.591,88,1,3,4299,195192,0,0,0.000,12.571,16.271,0,0.000,21.508,14.169,0,0,1,0,5
PPG,4,360041,14403190587,125,73530,82491,82008.719,482.281,85.180,0,0,0,0,62.50,62.50,2,1,512,nan,4,0,24,1,1,9,9,0,0,0,1521122013,0.04102,0.00439,0.95386,0.95475,-0.00665,-0.00001,-0.00194,0.00693,0.95478,0.00056,0.00693,3,12137,0,26055,0.37177,0.31837,0.85637,74,1,88.591,88,1,3,2595,195192,0,0,0.000,12.571,16.271,0,0.000,21.508,14.169,0,0,1,0,5
PPG,4,360042,14403230587,124,73551,82534,82013.969,520.031,97.492,0,0,0,0,62.50,62.50,2,1,512,nan,4,0,24,1,1,10,10,0,0,0,1521163546,0.04370,0.00366,0.94995,0.95096,-0.00612,-0.00028,-0.00114,0.00623,0.95605,0.00734,0.00655,3,12121,0,26055,0.37177,0.31837,0.85637,74,1,88.591,88,1,3,4296,195192,0,0,0.000,12.571,16.271,0,0.000,21.508,14.169,0,0,1,0,5
PPG,4,360043,14403270587,126,73541,82535,82019.180,515.820,109.570,0,0,0,0,62.50,62.50,2,1,512,nan,4,0,24,1,1,11,11,0,0,0,1521202502,0.04492,0.00586,0.95093,0.95201,-0.00638,-0.00055,-0.00194,0.00669,0.95431,0.00334,0.00669,3,12118,0,26055,0.37177,0.31837,0.85637,74,1,88.591,88,1,3,2597,195192,0,0,0.000,12.571,16.271,0,0.000,21.508,14.169,0,0,1,0,5
PPG,4,360044,14403310587,125,73565,82547,82024.461,522.539,115.117,0,0,0,0,62.50,62.50,2,1,512,nan,4,0,24,1,1,12,12,0,0,0,1521244432,0.04443,0.00488,0.94922,0.95027,-0.00558,-0.00001,-0.00221,0.00600,0.95480,0.00453,0.00675,3,12221,0,26055,0.37177,0.31837,0.85637,74,1,88.591,88,1,3,4309,195192,0,0,0.000,12.571,16.271,0,0.000,21.508,14.169,0,0,1,0,5
PPG,4,360045,14403350587,125,73560,82571,82029.930,541.070,116.641,0,0,0,0,62.50,62.50,2,1,512,nan,4,0,24,1,1,13,13,0,0,0,1521283453,0.04565,0.00391,0.95239,0.95349,-0.00638,0.00079,-0.00167,0.00665,0.95595,0.00568,0.00665,3,12115,0,26055,0.37177,0.31837,0.85637,74,1,88.591,88,1,3,4304,195192,0,0,0.000,12.571,16.271,0,0.000,21.508,14.169,0,0,1,0,5
PPG,4,360046,14403390587,535,73539,82522,82034.852,487.148,110.820,0,0,0,0,62.50,62.50,2,1,512,nan,4,0,24,1,1,14,14,0,0,0,1521322484,0.04785,0.00537,0.95313,0.95434,-0.00638,0.00025,-0.00034,0.00640,0.95434,0.00264,0.00640,3,12201,0,26055,0.36047,0.24709,0.68547,74,1,92.863,68,1,3,2601,195192,0,0,0.000,12.571,16.271,0,0.000,21.508,14.169,0,0,1,0,5
PPG,4,360047,14403430587,174,73543,82483,82039.336,443.664,100.391,0,0,0,0,62.50,62.50,2,1,512,nan,4,0,24,1,1,15,15,0,0,0,1521364471,0.04810,0.00220,0.95898,0.96019,-0.00692,0.00025,-0.00141,0.00706,0.96019,0.00877,0.00706,3,12104,0,26055,0.36047,0.24709,0.68547,74,1,92.863,68,1,3,4301,195192,0,0,0.000,12.571,16.271,0,0.000,21.508,14.169,0,0,1,0,5
PPG,4,360048,14403470587,125,73566,82501,82043.953,457.047,91.672,0,0,0,0,62.50,62.50,2,1,512,nan,4,0,24,1,1,16,16,0,0,0,1521403468,0.04907,0.00415,0.95410,0.95537,-0.00505,0.00052,-0.00221,0.00554,0.95842,0.00187,0.00633,3,12109,0,26055,0.36047,0.24709,0.68547,74,1,92.863,68,1,3,4300,195192,0,0,0.000,12.571,16.271,0,0.000,21.508,14.169,0,0,1,0,5
PPG,4,360049,14403510587,125,73595,82536,82048.875,487.125,79.508,0,0,0,0,62.50,62.50,2,1,512,nan,4,0,24,1,1,17,17,0,0,0,1521442413,0.04712,0.00610,0.95410,0.95528,-0.00558,-0.00081,-0.00114,0.00576,0.95528,0.00162,0.00576,3,12112,0,26055,0.36047,0.24709,0.68547,74,1,92.863,68,1,3,2594,195192,0,0,0.000,12.571,16.271,0,0.000,21.508,14.169,0,0,1,0,5
PPG,4,360050,14403550587,124,73587,82538,82053.766,484.234,67.891,0,0,0,0,62.50,62.50,2,1,512,nan,4,0,24,1,1,18,18,0,0,0,1521483955,0.04272,0.00342,0.95410,0.95506,-0.00585,-0.00028,-0.00300,0.00658,0.95810,0.00589,0.00671,3,12117,0,26055,0.36047,0.24709,0.68547,74,1,92.863,68,1,3,4306,195192,0,0,0.000,12.571,16.271,0,0.000,21.508,14.169,0,0,1,0,5
PPG,4,360051,14403590587,126,73595,82560,82058.828,501.172,56.391,0,0,0,0,62.50,62.50,2,1,512,nan,4,0,24,1,1,19,19,0,0,0,1521522927,0.04492,0.00098,0.95703,0.95809,-0.00558,0.00052,-0.00034,0.00562,0.95809,0.00855,0.00568,3,12153,0,26055,0.36047,0.24709,0.68547,74,1,92.863,68,1,3,4321,195192,0,0,0.000,12.571,16.271,0,0.000,21.508,14.169,0,0,1,0,5
PPG,4,360052,14403630587,125,73605,82565,82063.891,501.109,42.641,0,0,0,0,62.50,62.50,2,1,512,nan,4,0,24,1,1,20,20,0,0,0,1521561868,0.04565,0.00269,0.95361,0.95471,-0.00612,-0.00081,-0.00221,0.00655,0.95911,0.00259,0.00655,3,12113,0,26055,0.36047,0.24709,0.68547,74,1,92.863,68,1,3,2600,195192,0,0,0.000,12.571,16.271,0,0.000,21.508,14.169,0,0,1,0,5
PPG,4,360053,14403670587,148,73583,82563,82068.883,494.117,38.039,1,0,1,840,65.22,65.22,2,1,0,nan,4,0,24,1,1,21,21,0,0,0,1521603404,0.04199,0.00293,0.94897,0.94991,-0.00692,-0.00081,-0.00141,0.00710,0.95784,0.00793,0.00737,3,12121,0,26055,0.36047,0.24709,0.68547,74,1,92.863,68,1,3,4304,195192,0,0,49.695,12.571,16.271,1,131.047,21.508,14.169,1,1,1,0,6
PPG,4,360054,14403710587,124,73571,82520,82073.391,446.609,36.477,0,0,0,0,65.22,65.22,2,1,0,nan,4,0,24,1,1,22,22,0,0,0,1521642471,0.04443,0.00659,0.95630,0.95735,-0.00532,-0.00081,-0.00061,0.00541,0.95735,0.00579,0.00699,3,12107,0,26055,0.36047,0.24709,0.68547,74,1,92.863,68,1,3,2599,195192,0,0,0.000,12.157,15.108,0,0.000,21.179,13.661,0,0,1,0,6
PPG,4,360055,14403750587,126,73542,82498,82077.633,420.367,31.602,0,0,0,0,65.22,65.22,2,1,0,nan,4,0,24,1,1,23,23,0,0,0,1521684007,0.04761,0.00269,0.94702,0.94822,-0.00558,-0.00028,-0.00221,0.00601,0.95127,0.00642,0.00601,3,12114,0,26055,0.36047,0.24709,0.68547,74,1,92.863,68,1,3,4299,195192,0,0,0.000,12.157,15.108,0,0.000,21.179,13.661,0,0,1,0,6
PPG,4,360056,14403790587,125,73558,82519,82082.047,436.953,23.219,0,0,0,0,65.22,65.22,2,1,0,nan,4,0,24,1,1,24,24,0,0,0,1521722954,0.04248,0.00659,0.95459,0.95556,-0.00585,-0.00001,-0.00141,0.00602,0.95602,0.00476,0.00744,3,12131,0,26055,0.36047,0.24709,0.68547,74,1,92.863,68,1,3,4316,195192,0,0,0.000,12.157,15.108,0,0.000,21.179,13.661,0,0,1,0,6
PPG,4,360057,14403830587,126,73562,82524,82086.469,437.531,16.070,0,0,0,0,65.22,65.22,2,1,0,nan,4,0,24,1,1,25,25,0,0,0,1521761912,0.04272,0.00464,0.95239,0.95336,-0.00532,0.00025,-0.00087,0.00540,0.95512,0.00806,0.00648,3,12116,0,26055,0.36047,0.24709,0.68547,74,1,92.863,68,1,3,2595,195192,0,0,0.000,12.157,15.108,0,0.000,21.179,13.661,0,0,1,0,6
PPG,4,360058,14403870587,125,73570,82543,82091.031,451.969,8.492,0,0,0,0,65.22,65.22,2,1,0,nan,4,0,24,1,1,26,26,0,0,0,1521803480,0.04346,0.00391,0.95337,0.95437,-0.00532,0.00052,-0.00194,0.00568,0.95518,0.00526,0.00568,3,12128,0,26055,0.36047,0.24709,0.68547,74,1,92.863,68,1,3,4301,195192,0,0,0.000,12.157,15.108,0,0.000,21.179,13.661,0,0,1,0,6
PPG,4,360059,14403910587,127,73590,82559,82095.711,463.289,2.891,0,0,0,0,65.22,65.22,2,1,0,nan,4,0,24,1,1,27,27,0,0,0,1521842433,0.04272,0.00195,0.94751,0.94847,-0.00585,-0.00081,-0.00141,0.00607,0.95430,0.00370,0.00607,3,12114,0,26055,0.36047,0.24709,0.68547,74,1,92.863,68,1,3,2602,195192,0,0,0.000,12.157,15.108,0,0.000,21.179,13.661,0,0,1,0,6
PPG,4,360060,14403950587,125,73589,82557,82100.320,456.680,-1.867,0,0,0,0,65.22,65.22,2,1,0,nan,4,0,24,1,1,28,28,0,0,0,1521883973,0.04468,0.00195,0.95190,0.95295,-0.00558,-0.00001,-0.00087,0.00565,0.95821,0.00583,0.00670,3,12115,0,26055,0.36047,0.24709,0.68547,74,1,92.863,68,1,3,4302,195192,0,0,0.000,12.157,15.108,0,0.000,21.179,13.661,0,0,1,0,6
PPG,4,360061,14403990587,127,73582,82546,82104.773,441.227,-0.906,0,0,0,0,65.22,65.22,2,1,0,nan,4,0,24,1,1,29,29,0,0,0,1521922912,0.04419,0.00220,0.95044,0.95147,-0.00558,-0.00081,-0.00247,0.00616,0.95426,0.00280,0.00703,3,12119,0,26055,0.36047,0.24709,0.68547,74,1,92.863,68,1,3,4308,195192,0,0,0.000,12.157,15.108,0,0.000,21.179,13.661,0,0,1,0,6
PPG,4,360062,14404030587,126,73572,82533,82109.055,423.945,4.141,0,0,0,0,65.22,65.22,2,1,0,nan,4,0,24,1,1,30,30,0,0,0,1521961870,0.04614,0.00415,0.95630,0.95742,-0.00532,-0.00028,-0.00194,0.00567,0.95742,0.00414,0.00654,3,12112,0,26055,0.36047,0.24709,0.68547,74,1,92.863,68,1,3,2603,195192,0,0,0.000,12.157,15.108,0,0.000,21.179,13.661,0,0,1,0,6
PPG,4,360063,14404070587,154,73564,82539,82113.352,425.648,6.797,0,0,0,0,65.22,65.22,2,1,0,nan,4,0,24,1,1,31,31,0,0,0,1522003187,0.04419,0.00464,0.95386,0.95489,-0.00612,-0.00241,-0.00247,0.00703,0.95744,0.00255,0.00703,2,24069,0,26056,0.36047,0.24709,0.68547,74,1,92.863,68,1,3,4398,195192,0,0,0.000,11.787,15.981,0,0.000,21.179,13.661,0,0,1,0,6
PPG,4,360064,14404110587,141,73542,82505,82117.266,387.734,6.188,0,0,0,0,65.22,65.22,2,1,0,nan,4,0,24,1,1,0,0,0,0,0,1522042430,0.04175,0.00513,0.94678,0.94771,-0.00585,-0.00028,-0.00141,0.00602,0.95779,0.01008,0.00602,3,12268,0,26056,0.36047,0.24709,0.68547,74,1,92.863,68,1,3,2602,195192,0,0,0.000,11.787,15.981,0,0.000,20.770,14.130,0,0,1,0,6
PPG,4,360065,14404150587,132,73539,82509,82121.180,387.820,4.430,0,0,0,0,65.22,65.22,2,1,0,nan,4,0,24,1,1,1,1,0,0,0,1522084180,0.04956,0.00464,0.95459,0.95589,-0.00665,-0.00135,-0.00194,0.00706,0.95589,0.00559,0.00706,3,12159,0,26056,0.36047,0.24709,0.68547,74,1,92.863,68,1,3,4297,195192,0,0,0.000,11.787,15.981,0,0.000,20.770,14.130,0,0,1,0,6
PPG,4,360066,14404190587,125,73522,82482,82124.789,357.211,-4.570,0,0,0,0,65.22,65.22,2,1,0,nan,4,0,24,1,1,2,2,0,0,0,1522123405,0.04321,0.00464,0.95093,0.95192,-0.00612,-0.00001,-0.00114,0.00622,0.95603,0.00295,0.00693,3,12202,0,26056,0.36047,0.24709,0.68547,74,1,92.863,68,1,3,4355,195192,0,0,0.000,11.787,15.981,0,0.000,20.770,14.130,0,0,1,0,6
PPG,4,360067,14404230587,126,73519,82498,82128.523,369.477,-13.750,0,0,0,0,65.22,65.22,2,1,0,nan,4,0,24,1,1,3,3,0,0,0,1522162762,0.04077,0.00342,0.95142,0.95230,-0.00532,-0.00081,-0.00167,0.00563,0.95305,0.00113,0.00680,3,12296,0,26056,0.36047,0.24709,0.68547,74,1,92.863,68,1,3,2652,195192,0,0,0.000,11.787,15.981,0,0.000,20.770,14.130,0,0,1,0,6
PPG,4,360068,14404270587,124,73495,82456,82131.797,324.203,-24.359,0,0,0,0,65.22,65.22,2,1,0,nan,4,0,24,1,1,4,4,0,0,0,1522204693,0.04712,0.00342,0.95142,0.95259,-0.00585,-0.00001,-0.00221,0.00625,0.95395,0.00574,0.00744,3,12204,0,26056,0.36047,0.24709,0.68547,74,1,92.863,68,1,3,4346,195192,0,0,0.000,11.787,15.981,0,0.000,20.770,14.130,0,0,1,0,6
PPG,4,360069,14404310587,136,73423,82316,82133.641,182.359,-44.359,0,0,0,0,65.22,65.22,2,1,0,nan,4,0,24,1,1,5,5,0,0,0,1522244073,0.04102,0.00439,0.95508,0.95597,-0.00638,-0.00081,-0.00114,0.00654,0.95597,0.00294,0.00667,3,12318,0,26056,0.36047,0.24709,0.68547,74,1,92.863,68,1,3,4334,195192,0,0,0.000,11.787,15.981,0,0.000,20.770,14.130,0,0,1,0,6
PPG,4,360070,14404350587,124,73397,82269,82134.992,134.008,-69.477,0,0,0,0,65.22,65.22,2,1,0,nan,4,0,24,1,1,6,6,0,0,0,1522283390,0.04321,0.00513,0.95068,0.95168,-0.00718,-0.00001,-0.00194,0.00744,0.95316,0.00280,0.00744,3,12232,0,26056,0.36047,0.24709,0.68547,74,1,92.863,68,1,3,4319,195192,0,0,0.000,11.787,15.981,0,0.000,20.770,14.130,0,0,1,0,6
PPG,4,360071,14404390587,505,73397,82264,82136.281,127.719,-89.109,0,0,0,0,65.22,65.22,2,1,0,nan,4,0,24,1,1,7,7,0,0,0,1522322708,0.03662,0.00464,0.95215,0.95286,-0.00612,-0.00001,-0.00167,0.00634,0.95847,0.01120,0.00634,3,12261,0,26056,0.26008,0.19365,0.74459,91,1,91.385,100,1,3,2628,195192,0,0,0.000,11.787,15.981,0,0.000,20.770,14.130,0,0,1,0,6
PPG,4,360072,14404430587,182,73452,82370,82138.617,231.383,-99.211,0,0,0,0,65.22,65.22,2,1,0,nan,4,0,24,1,1,8,8,0,0,0,1522365024,0.04785,0.00391,0.95557,0.95677,-0.00558,-0.00161,-0.00194,0.00613,0.95689,0.00404,0.00668,3,12206,0,26056,0.26008,0.19365,0.74459,91,1,91.385,100,1,3,4341,195192,0,0,0.000,11.787,15.981,0,0.000,20.770,14.130,0,0,1,0,6
PPG,4,360073,14404470587,143,73575,82543,82142.664,400.336,-89.500,0,0,0,0,65.22,65.22,2,1,0,nan,4,0,24,1,1,9,9,0,0,0,1522404416,0.04565,0.00342,0.95410,0.95520,-0.00612,-0.00055,-0.00194,0.00644,0.95520,0.00326,0.00689,3,12258,0,26056,0.26008,0.19365,0.74459,91,1,91.385,100,1,3,4359,195192,0,0,0.000,11.787,15.981,0,0.000,20.770,14.130,0,0,1,0,6
PPG,4,360074,14404510587,124,73663,82656,82147.797,508.203,-73.727,0,0,0,0,65.22,65.22,2,1,0,nan,4,0,24,1,1,10,10,0,0,0,1522443797,0.04053,0.00439,0.95752,0.95839,-0.00585,-0.00001,-0.00167,0.00609,0.95839,0.00754,0.00720,3,12244,0,26056,0.26008,0.19365,0.74459,91,1,91.385,100,1,3,4327,195192,0,0,0.000,11.787,15.981,0,0.000,20.770,14.130,0,0,1,0,6
PPG,4,360075,14404550587,134,73704,82717,82153.492,563.508,-47.391,0,0,0,0,65.22,65.22,2,1,0,nan,4,0,24,1,1,11,11,0,0,0,1522483071,0.04541,0.00073,0.95581,0.95689,-0.00612,0.00079,-0.00194,0.00647,0.95689,0.00516,0.00647,3,12233,0,26056,0.26008,0.19365,0.74459,91,1,91.385,100,1,3,4333,195192,0,0,0.000,11.787,15.981,0,0.000,20.770,14.130,0,0,1,0,6
PPG,4,360076,14404590587,126,73707,82724,82159.195,564.805,0.641,0,0,0,0,65.22,65.22,2,1,0,nan,4,0,24,1,1,12,12,0,0,0,1522522323,0.04395,0.00146,0.94995,0.95097,-0.00532,0.00158,-0.00141,0.00572,0.95847,0.00746,0.00580,3,12238,0,26056,0.26008,0.19365,0.74459,91,1,91.385,100,1,3,2624,195192,0,0,0.000,11.787,15.981,0,0.000,20.770,14.130,0,0,1,0,6
PPG,4,360077,14404630587,125,73728,82732,82164.922,567.078,56.391,0,0,0,0,65.22,65.22,2,1,0,nan,4,0,24,1,1,13,13,0,0,0,1522564272,0.04126,0.00439,0.95313,0.95403,-0.00532,-0.00055,0.00019,0.00535,0.95403,0.00821,0.00604,3,12250,0,26056,0.26008,0.19365,0.74459,91,1,91.385,100,1,3,4331,195192,0,0,0.000,11.787,15.981,0,0.000,20.770,14.130,0,0,1,0,6
PPG,4,360078,14404670587,125,73760,82759,82170.859,588.141,116.297,0,0,0,0,65.22,65.22,2,1,0,nan,4,0,24,1,1,14,14,0,0,0,1522603549,0.04346,0.00562,0.95288,0.95389,-0.00532,-0.00001,-0.00141,0.00550,0.95485,0.00374,0.00648,3,12241,0,26056,0.26008,0.19365,0.74459,91,1,91.385,100,1,3,4335,195192,0,0,0.000,11.787,15.981,0,0.000,20.770,14.130,0,0,1,0,6
PPG,4,360079,14404710587,125,73767,82783,82176.984,606.016,164.102,0,0,0,0,65.22,65.22,2,1,0,nan,4,0,24,1,1,15,15,0,0,0,1522642786,0.04248,0.00610,0.95166,0.95263,-0.00558,-0.00188,-0.00141,0.00606,0.95380,0.00115,0.00625,3,12222,0,26056,0.26008,0.19365,0.74459,91,1,91.385,100,1,3,2647,195192,0,0,0.000,11.787,15.981,0,0.000,20.770,14.130,0,0,1,0,6
PPG,4,360080,14404750587,124,73782,82804,82183.258,620.742,189.039,0,0,0,0,65.22,65.22,2,1,0,nan,4,0,24,1,1,16,16,0,0,0,1522684722,0.04395,0.00098,0.96387,0.96487,-0.00585,-0.00055,-0.00061,0.00591,0.96487,0.00894,0.00724,3,12228,0,26056,0.26008,0.19365,0.74459,91,1,91.385,100,1,3,4324,195192,0,0,0.000,11.787,15.981,0,0.000,20.770,14.130,0,0,1,0,6
PPG,4,360081,14404790587,127,73765,82782,82189.242,592.758,195.242,0,1,0,0,65.22,65.22,2,1,0,nan,4,0,24,1,1,17,17,0,0,0,1522723913,0.04468,0.00464,0.95728,0.95833,-0.00585,-0.00081,-0.00141,0.00607,0.95833,0.01431,0.00660,3,12207,0,26056,0.26008,0.19365,0.74459,91,1,91.385,100,1,3,4309,195192,0,0,0.000,11.787,15.981,0,0.000,20.770,14.130,0,0,1,0,6
PPG,4,360082,14404830587,153,73750,82756,82194.906,561.094,189.656,0,0,0,0,65.22,65.22,2,1,0,nan,4,0,24,1,1,18,18,0,0,0,1522763136,0.04297,0.00415,0.94678,0.94776,-0.00585,-0.00028,-0.00221,0.00626,0.95716,0.00483,0.00630,3,12305,0,26056,0.26008,0.19365,0.74459,91,1,91.385,100,1,3,2598,195192,0,0,0.000,11.787,15.981,0,0.000,20.770,14.130,0,0,1,0,6
PPG,4,360083,14404870587,126,73757,82760,82200.555,559.445,183.750,0,0,0,0,65.22,65.22,2,1,0,nan,4,0,24,1,1,19,19,0,0,0,1522804753,0.04443,0.00488,0.95679,0.95783,-0.00612,-0.00028,-0.00087,0.00619,0.95896,0.01120,0.00670,3,12130,0,26056,0.26008,0.19365,0.74459,91,1,91.385,100,1,3,4296,195192,0,0,0.000,11.787,15.981,0,0.000,20.770,14.130,0,0,1,0,6
PPG,4,360084,14404910587,125,73732,82731,82205.859,525.141,172.312,0,0,0,0,65.22,65.22,2,1,0,nan,4,0,24,1,1,20,20,0,0,0,1522843741,0.04272,0.00635,0.95337,0.95435,-0.00665,-0.00081,-0.00061,0.00673,0.95435,0.00909,0.00673,3,12161,0,26056,0.26008,0.19365,0.74459,91,1,91.385,100,1,3,4295,195192,0,0,0.000,11.787,15.981,0,0.000,20.770,14.130,0,0,1,0,6
PPG,4,360085,14404950587,127,73705,82680,82210.602,469.398,152.469,0,0,0,0,65.22,65.22,2,1,0,nan,4,0,24,1,1,21,21,0,0,0,1522882777,0.04028,0.00806,0.95459,0.95547,-0.00505,-0.00028,-0.00141,0.00525,0.95547,0.00240,0.00580,3,12121,0,26056,0.26008,0.19365,0.74459,91,1,91.385,100,1,3,2607,195192,0,0,0.000,11.787,15.981,0,0.000,20.770,14.130,0,0,1,0,6
PPG,4,360086,14404990587,124,73692,82678,82215.273,462.727,127.672,0,0,0,0,65.22,65.22,2,1,0,nan,4,0,24,1,1,22,22,0,0,0,1522924362,0.04419,0.00317,0.94849,0.94952,-0.00638,-0.00001,-0.00167,0.00660,0.95861,0.00955,0.00728,3,12124,0,26056,0.26008,0.19365,0.74459,91,1,91.385,100,1,3,4307,195192,0,0,0.000,11.787,15.981,0,0.000,20.770,14.130,0,0,1,0,6
PPG,4,360087,14405030587,126,73692,82668,82219.797,448.203,99.742,0,0,0,0,65.22,65.22,2,1,0,nan,4,0,24,1,1,23,23,0,0,0,1522963367,0.04565,0.00366,0.95654,0.95764,-0.00532,0.00052,-0.00274,0.00600,0.95764,0.00460,0.00661,3,12162,0,26056,0.26008,0.19365,0.74459,91,1,91.385,100,1,3,4294,195192,0,0,0.000,11.787,15.981,0,0.000,20.770,14.130,0,0,1,0,6
PPG,4,360088,14405070587,130,73700,82673,82224.328,448.672,73.320,0,0,0,0,65.22,65.22,2,1,0,nan,4,0,24,1,1,24,24,0,0,0,1523006462,0.04541,0.00439,0.95264,0.95373,-0.00532,-0.00001,-0.00007,0.00532,0.95373,0.00588,0.00611,3,16243,0,26056,0.26008,0.19365,0.74459,91,1,91.385,100,1,3,16176,195192,0,0,0.000,11.787,15.981,0,0.000,20.770,14.130,0,0,1,0,6
PPG,4,360089,14405110587,150,73696,82657,82228.656,428.344,42.133,1,0,1,1440,62.50,62.50,2,1,16,nan,4,0,24,1,1,25,25,0,0,0,1523042917,0.04370,0.00439,0.95459,0.95560,-0.00532,0.00052,-0.00221,0.00578,0.95560,0.00169,0.00581,3,12123,0,26056,0.26008,0.19365,0.74459,91,1,91.385,100,1,3,2597,195192,0,0,221.656,11.787,15.981,1,294.453,20.770,14.130,1,1,1,0,6
PPG,4,360090,14405150587,125,73680,82606,82232.430,373.570,3.281,0,0,0,0,62.50,62.50,2,1,16,nan,4,0,24,1,1,26,26,0,0,0,1523084721,0.04688,0.00195,0.95044,0.95160,-0.00585,-0.00001,-0.00087,0.00592,0.95336,0.00350,0.00592,3,12126,0,26056,0.26008,0.19365,0.74459,91,1,91.385,100,1,3,4298,195192,0,0,0.000,12.499,18.095,0,0.000,21.503,15.299,0,0,1,0,6
PPG,4,360091,14405190587,128,73653,82546,82235.562,310.438,-37.250,0,0,0,0,62.50,62.50,2,1,16,nan,4,0,24,1,1,27,27,0,0,0,1523123726,0.03979,0.00244,0.95313,0.95396,-0.00612,-0.00108,-0.00221,0.00659,0.95454,0.00375,0.00676,3,12118,0,26056,0.26008,0.19365,0.74459,91,1,91.385,100,1,3,4297,195192,0,0,0.000,12.499,18.095,0,0.000,21.503,15.299,0,0,1,0,6
PPG,4,360092,14405230587,126,73634,82527,82238.477,288.523,-66.961,0,0,0,0,62.50,62.50,2,1,16,nan,4,0,24,1,1,28,28,0,0,0,1523162821,0.04492,0.00464,0.95508,0.95615,-0.00665,0.00105,-0.00247,0.00717,0.95615,0.00826,0.00717,3,12166,0,26056,0.26008,0.19365,0.74459,91,1,91.385,100,1,3,2617,195192,0,0,0.000,12.499,18.095,0,0.000,21.503,15.299,0,0,1,0,6
PPG,4,360093,14405270587,127,73650,82559,82241.680,317.320,-84.758,0,0,0,0,62.50,62.50,2,1,16,nan,4,0,24,1,1,29,29,0,0,0,1523204391,0.03979,0.00464,0.95020,0.95104,-0.00558,-0.00055,-0.00167,0.00586,0.95350,0.00264,0.00645,3,12124,0,26056,0.26008,0.19365,0.74459,91,1,91.385,100,1,3,4313,195192,0,0,0.000,12.499,18.095,0,0.000,21.503,15.299,0,0,1,0,6
PPG,4,360094,14405310587,126,73659,82560,82244.859,315.141,-95.391,0,0,0,0,62.50,62.50,2,1,16,nan,4,0,24,1,1,30,30,0,0,0,1523243381,0.04395,0.00513,0.95752,0.95854,-0.00558,0.00052,-0.00141,0.00578,0.95854,0.00493,0.00616,3,12138,0,26056,0.26008,0.19365,0.74459,91,1,91.385,100,1,3,4296,195192,0,0,0.000,12.499,18.095,0,0.000,21.503,15.299,0,0,1,0,6
PPG,4,360095,14405350587,127,73638,82560,82248.008,311.992,-103.680,0,0,0,0,62.50,62.50,2,1,16,nan,4,0,24,1,1,31,31,0,0,0,1523282406,0.04541,0.00732,0.95313,0.95423,-0.00638,-0.00055,-0.00087,0.00647,0.95483,0.00371,0.00647,3,12126,0,26056,0.26008,0.19365,0.74459,91,1,91.385,100,1,3,2597,195192,0,0,0.000,12.499,18.095,0,0.000,21.503,15.299,0,0,1,0,6
PPG,4,360096,14405390587,518,73629,82560,82251.125,308.875,-109.336,0,0,0,0,62.50,62.50,2,1,16,nan,4,0,24,1,1,0,0,0,0,0,1523323974,0.03906,0.00415,0.95264,0.95345,-0.00612,0.00025,-0.00114,0.00623,0.95345,0.00259,0.00642,3,12128,0,26056,0.20505,0.17520,0.85443,92,1,88.639,68,1,3,4306,195192,0,0,0.000,12.499,18.095,0,0.000,21.503,15.299,0,0,1,0,6
PPG,4,360097,14405430587,176,73637,82569,82254.305,314.695,-106.469,0,0,0,0,62.50,62.50,2,1,16,nan,4,0,24,1,1,1,1,0,0,0,1523363394,0.04663,0.00586,0.95020,0.95136,-0.00558,-0.00028,-0.00141,0.00577,0.95814,0.00470,0.00712,3,12149,0,26056,0.20505,0.17520,0.85443,92,1,88.639,68,1,3,4316,195192,0,0,0.000,12.499,18.095,0,0.000,21.503,15.299,0,0,1,0,6
PPG,4,360098,14405470587,126,73633,82562,82257.383,304.617,-94.336,0,0,0,0,62.50,62.50,2,1,16,nan,4,0,24,1,1,2,2,0,0,0,1523402495,0.04150,-0.00049,0.95581,0.95671,-0.00558,-0.00028,-0.00194,0.00592,0.96165,0.00795,0.00611,3,12126,0,26056,0.20505,0.17520,0.85443,92,1,88.639,68,1,3,2600,195192,0,0,0.000,12.499,18.095,0,0.000,21.503,15.299,0,0,1,0,6
PPG,4,360099,14405510587,127,73607,82540,82260.211,279.789,-80.328,0,0,0,0,62.50,62.50,2,1,16,nan,4,0,24,1,1,3,3,0,0,0,1523444026,0.04126,0.00781,0.95410,0.95503,-0.00692,-0.00001,-0.00034,0.00693,0.95551,0.00583,0.00693,3,12117,0,26056,0.20505,0.17520,0.85443,92,1,88.639,68,1,3,4298,195192,0,0,0.000,12.499,18.095,0,0.000,21.503,15.299,0,0,1,0,6
PPG,4,360100,14405550587,126,73610,82578,82263.391,314.609,-66.312,0,0,0,0,62.50,62.50,2,1,16,nan,4,0,24,1,1,4,4,0,0,0,1523483033,0.04224,0.00342,0.94995,0.95090,-0.00585,-0.00028,-0.00247,0.00636,0.96003,0.01123,0.00675,3,12122,0,26056,0.20505,0.17520,0.85443,92,1,88.639,68,1,3,2597,195192,0,0,0.000,12.499,18.095,0,0.000,21.503,15.299,0,0,1,0,6
PPG,4,360101,14405590587,130,73603,82563,82266.383,296.617,-54.938,0,0,0,0,62.50,62.50,2,1,16,nan,4,0,24,1,1,5,5,0,0,0,1523524625,0.04688,0.00513,0.95093,0.95210,-0.00585,0.00025,-0.00194,0.00617,0.95210,0.00065,0.00706,3,12108,0,26056,0.20505,0.17520,0.85443,92,1,88.639,68,1,3,4298,195192,0,0,0.000,12.499,18.095,0,0.000,21.503,15.299,0,0,1,0,6
PPG,4,360102,14405630587,127,73603,82545,82269.172,275.828,-46.531,0,0,0,0,62.50,62.50,2,1,16,nan,4,0,24,1,1,6,6,0,0,0,1523563636,0.04248,0.00366,0.95898,0.95993,-0.00612,-0.00135,-0.00061,0.00629,0.95993,0.00406,0.00629,3,12112,0,26056,0.20505,0.17520,0.85443,92,1,88.639,68,1,3,4322,195192,0,0,0.000,12.499,18.095,0,0.000,21.503,15.299,0,0,1,0,6
PPG,4,360103,14405670587,128,73586,82521,82271.688,249.312,-40.148,0,0,0,0,62.50,62.50,2,1,16,nan,4,0,24,1,1,7,7,0,0,0,1523602693,0.04321,0.00439,0.95483,0.95582,-0.00612,-0.00081,-0.00061,0.00620,0.95582,0.00555,0.00620,3,12118,0,26056,0.20505,0.17520,0.85443,92,1,88.639,68,1,3,2604,195192,0,0,0.000,12.499,18.095,0,0.000,21.503,15.299,0,0,1,0,6
PPG,4,360104,14405710587,126,73589,82537,82274.344,262.656,-35.023,0,0,0,0,62.50,62.50,2,1,16,nan,4,0,24,1,1,8,8,0,0,0,1523644341,0.04102,-0.00146,0.95288,0.95376,-0.00558,-0.00055,-0.00221,0.00603,0.95523,0.00342,0.00611,3,12128,0,26056,0.20505,0.17520,0.85443,92,1,88.639,68,1,3,4312,195192,0,0,0.000,12.499,18.095,0,0.000,21.503,15.299,0,0,1,0,6
PPG,4,360105,14405750587,126,73611,82564,82277.242,286.758,-28.938,0,0,0,0,62.50,62.50,2,1,16,nan,4,0,24,1,1,9,9,0,0,0,1523683381,0.05103,0.00391,0.94800,0.94938,-0.00612,-0.00108,-0.00194,0.00651,0.95835,0.00485,0.00651,3,12138,0,26056,0.20505,0.17520,0.85443,92,1,88.639,68,1,3,2611,195192,0,0,0.000,12.499,18.095,0,0.000,21.503,15.299,0,0,1,0,6
PPG,4,360106,14405790587,126,73633,82593,82280.398,312.602,-17.109,0,0,0,0,62.50,62.50,2,1,16,nan,4,0,24,1,1,10,10,0,0,0,1523724998,0.04492,0.00220,0.94653,0.94760,-0.00638,-0.00001,-0.00114,0.00648,0.95453,0.00694,0.00648,3,12125,0,26056,0.20505,0.17520,0.85443,92,1,88.639,68,1,3,4301,195192,0,0,0.000,12.499,18.095,0,0.000,21.503,15.299,0,0,1,0,6
