type,session_id,sample_index,sample_time_us,processing_time_us,red_raw,ir_raw,ir_dc,ir_ac,ir_filtered,peak_custom,peak_sparkfun,peak_accepted,ibi_ms,bpm_instant,bpm_robust,hr_status,ppg_quality,ppg_quality_flags,spo2_result,spo2_status,spo2_quality,led_amplitude,sparkfun_check_count,sparkfun_available,hw_fifo_read_ptr,hw_fifo_write_ptr,hw_fifo_overflow,suspected_drops,missing_samples,mpu_time_us,ax_g,ay_g,az_g,acc_mag_g,gx_rad_s,gy_rad_s,gz_rad_s,gyro_mag_rad_s,mpu_window_peak_g,mpu_window_delta_g,mpu_window_gyro_rad_s,mpu_window_samples,mpu_dt_us,mpu_saturated,mpu_missed_deadlines,ppg_mod_ir_pct,ppg_mod_red_pct,ppg_ratio_r,spo2_maxim,spo2_maxim_valid,spo2_custom_candidate,maxim_hr,maxim_hr_valid,measurement_state,loop_last_us,loop_max_us,display_render_us,i2c_failures,red_prominence,red_threshold,red_snr,red_candidate,ir_prominence,ir_threshold,ir_snr,ir_candidate,peak_fused,detector_state,quarantine_remaining_ms,synchronized_count
PPG,1,94643,3787271552,26,481,492,0.000,0.000,0.000,0,0,0,0,0.00,nan,4,3,1,nan,3,3,24,1,1,19,19,0,0,0,3788460125,0.03833,0.00830,0.95313,0.95393,-0.00585,-0.00001,-0.00007,0.00585,0.95575,0.00591,0.00642,3,12183,0,6231,0.00000,0.00000,0.00000,0,0,nan,0,0,0,2596,187491,0,0,0.000,0.000,0.000,0,0.000,0.000,0.000,0,0,4,0,0
PPG,1,94644,3787311552,25,494,501,0.000,0.000,0.000,0,0,0,0,0.00,nan,4,3,1,nan,3,3,24,1,1,20,20,0,0,0,3788501257,0.03613,0.00610,0.95166,0.95237,-0.00532,-0.00108,-0.00114,0.00554,0.95528,0.00292,0.00647,3,12117,0,6231,0.00000,0.00000,0.00000,0,0,nan,0,0,0,4302,187491,0,0,0.000,0.000,0.000,0,0.000,0.000,0.000,0,0,4,0,0
PPG,1,94645,3787351552,24,495,504,0.000,0.000,0.000,0,0,0,0,0.00,nan,4,3,1,nan,3,3,24,1,1,21,21,0,0,0,3788556128,0.03491,0.00439,0.95386,0.95451,-0.00505,-0.00081,-0.00141,0.00531,0.95458,0.00517,0.00659,4,16358,0,6231,0.00000,0.00000,0.00000,0,0,nan,0,0,0,16279,187491,0,0,0.000,0.000,0.000,0,0.000,0.000,0.000,0,0,4,0,0
PPG,1,94646,3787391552,26,496,511,0.000,0.000,0.000,0,0,0,0,0.00,nan,4,3,1,nan,3,3,24,1,1,22,22,0,0,0,3788582663,0.04053,0.00391,0.94922,0.95009,-0.00612,-0.00055,-0.00167,0.00637,0.95009,0.00963,0.00637,2,12145,0,6231,0.00000,0.00000,0.00000,0,0,nan,0,0,0,4303,187491,0,0,0.000,0.000,0.000,0,0.000,0.000,0.000,0,0,4,0,0
PPG,1,94647,3787431552,25,480,496,0.000,0.000,0.000,0,0,0,0,0.00,nan,4,3,1,nan,3,3,24,1,1,23,23,0,0,0,3788621230,0.03784,0.00586,0.94873,0.94950,-0.00505,0.00079,-0.00221,0.00557,0.95500,0.01087,0.00593,3,12119,0,6231,0.00000,0.00000,0.00000,0,0,nan,0,0,0,4296,187491,0,0,0.000,0.000,0.000,0,0.000,0.000,0.000,0,0,4,0,0
PPG,1,94648,3787471552,25,494,503,0.000,0.000,0.000,0,0,0,0,0.00,nan,4,3,1,nan,3,3,24,1,1,24,24,0,0,0,3788659778,0.03784,0.00244,0.95117,0.95193,-0.00585,-0.00028,-0.00167,0.00609,0.95193,0.00471,0.00635,3,12155,0,6231,0.00000,0.00000,0.00000,0,0,nan,0,0,0,2595,187491,0,0,0.000,0.000,0.000,0,0.000,0.000,0.000,0,0,4,0,0
PPG,1,94649,3787511552,26,504,511,0.000,0.000,0.000,0,0,0,0,0.00,nan,4,3,1,nan,3,3,24,1,1,25,25,0,0,0,3788700903,0.04443,0.00513,0.95239,0.95344,-0.00745,-0.00055,-0.00167,0.00765,0.95344,0.00260,0.00765,3,12127,0,6231,0.00000,0.00000,0.00000,0,0,nan,0,0,0,4299,187491,0,0,0.000,0.000,0.000,0,0.000,0.000,0.000,0,0,4,0,0
PPG,1,94650,3787551552,25,499,512,0.000,0.000,0.000,0,0,0,0,0.00,nan,4,3,1,nan,3,3,24,1,1,26,26,0,0,0,3788739446,0.04297,0.00586,0.95093,0.95192,-0.00558,-0.00081,-0.00194,0.00597,0.95325,0.00518,0.00597,3,12127,0,6231,0.00000,0.00000,0.00000,0,0,nan,0,0,0,2599,187491,0,0,0.000,0.000,0.000,0,0.000,0.000,0.000,0,0,4,0,0
PPG,1,94651,3787591552,25,481,510,0.000,0.000,0.000,0,0,0,0,0.00,nan,4,3,1,nan,3,3,24,1,1,27,27,0,0,0,3788780652,0.03882,0.00586,0.95239,0.95320,-0.00532,-0.00108,-0.00194,0.00576,0.95320,0.00307,0.00589,3,12123,0,6231,0.00000,0.00000,0.00000,0,0,nan,0,0,0,2599,187491,0,0,0.000,0.000,0.000,0,0.000,0.000,0.000,0,0,4,0,0
PPG,1,94652,3787631552,25,489,500,0.000,0.000,0.000,0,0,0,0,0.00,nan,4,3,1,nan,3,3,24,1,1,28,28,0,0,0,3788821768,0.04077,0.00830,0.95630,0.95720,-0.00505,-0.00108,-0.00141,0.00535,0.95720,0.00890,0.00592,3,12118,0,6231,0.00000,0.00000,0.00000,0,0,nan,0,0,0,4300,187491,0,0,0.000,0.000,0.000,0,0.000,0.000,0.000,0,0,4,0,0
PPG,1,94653,3787671552,25,501,499,0.000,0.000,0.000,0,0,0,0,0.00,nan,4,3,1,nan,3,3,24,1,1,29,29,0,0,0,3788860304,0.03857,0.00439,0.95215,0.95294,-0.00585,0.00052,0.00019,0.00588,0.95518,0.00346,0.00603,3,12146,0,6231,0.00000,0.00000,0.00000,0,0,nan,0,0,0,2648,187491,0,0,0.000,0.000,0.000,0,0.000,0.000,0.000,0,0,4,0,0
PPG,1,94654,3787711552,25,500,513,0.000,0.000,0.000,0,0,0,0,0.00,nan,4,3,1,nan,3,3,24,1,1,30,30,0,0,0,3788901808,0.04004,0.00952,0.95435,0.95523,-0.00479,-0.00081,-0.00194,0.00523,0.95523,0.00269,0.00661,3,12122,0,6231,0.00000,0.00000,0.00000,0,0,nan,0,0,0,4302,187491,0,0,0.000,0.000,0.000,0,0.000,0.000,0.000,0,0,4,0,0
PPG,1,94655,3787751552,25,493,508,0.000,0.000,0.000,0,0,0,0,0.00,nan,4,3,1,nan,3,3,24,1,1,31,31,0,0,0,3788940359,0.04028,0.00659,0.94946,0.95034,-0.00532,-0.00001,-0.00141,0.00550,0.95312,0.00500,0.00673,3,12111,0,6231,0.00000,0.00000,0.00000,0,0,nan,0,0,0,2600,187491,0,0,0.000,0.000,0.000,0,0.000,0.000,0.000,0,0,4,0,0
PPG,1,94656,3787791552,39,507,519,0.000,0.000,0.000,0,0,0,0,0.00,nan,4,3,1,nan,3,3,24,1,1,0,0,0,0,0,3788981528,0.03760,0.00391,0.95020,0.95095,-0.00505,0.00105,-0.00141,0.00535,0.95431,0.00397,0.00676,3,12121,0,6231,0.00000,0.00000,0.00000,0,0,nan,0,0,0,4294,187491,0,0,0.000,0.000,0.000,0,0.000,0.000,0.000,0,0,4,0,0
PPG,1,94657,3787831552,25,503,523,0.000,0.000,0.000,0,0,0,0,0.00,nan,4,3,1,nan,3,3,24,1,1,1,1,0,0,0,3789020179,0.03857,0.01001,0.95410,0.95493,-0.00638,-0.00188,-0.00087,0.00671,0.95493,0.00383,0.00671,3,12137,0,6231,0.00000,0.00000,0.00000,0,0,nan,0,0,0,2655,187491,0,0,0.000,0.000,0.000,0,0.000,0.000,0.000,0,0,4,0,0
PPG,1,94658,3787871552,38,499,498,0.000,0.000,0.000,0,0,0,0,0.00,nan,4,3,1,nan,3,3,24,1,1,2,2,0,0,0,3789061630,0.03833,0.00830,0.95313,0.95393,-0.00638,-0.00108,-0.00114,0.00657,0.95393,0.00569,0.00694,3,12331,0,6231,0.00000,0.00000,0.00000,0,0,nan,0,0,0,4356,187491,0,0,0.000,0.000,0.000,0,0.000,0.000,0.000,0,0,4,0,0
PPG,1,94659,3787911552,39,495,505,0.000,0.000,0.000,0,0,0,0,0.00,nan,4,3,1,nan,3,3,24,1,1,3,3,0,0,0,3789100674,0.03955,0.00415,0.94116,0.94200,-0.00612,-0.00055,-0.00141,0.00630,0.95463,0.00648,0.00752,3,12251,0,6231,0.00000,0.00000,0.00000,0,0,nan,0,0,0,2641,187491,0,0,0.000,0.000,0.000,0,0.000,0.000,0.000,0,0,4,0,0
PPG,1,94660,3787951552,26,491,517,0.000,0.000,0.000,0,0,0,0,0.00,nan,4,3,1,nan,3,3,24,1,1,4,4,0,0,0,3789142323,0.03809,0.00708,0.95337,0.95416,-0.00585,-0.00081,-0.00141,0.00607,0.95416,0.01112,0.00607,3,12256,0,6231,0.00000,0.00000,0.00000,0,0,nan,0,0,0,4340,187491,0,0,0.000,0.000,0.000,0,0.000,0.000,0.000,0,0,4,0,0
PPG,1,94661,3787991552,26,494,500,0.000,0.000,0.000,0,0,0,0,0.00,nan,4,3,1,nan,3,3,24,1,1,5,5,0,0,0,3789181219,0.04443,0.00659,0.94727,0.94833,-0.00585,-0.00001,-0.00194,0.00616,0.95172,0.00293,0.00616,3,12297,0,6231,0.00000,0.00000,0.00000,0,0,nan,0,0,0,4332,187491,0,0,0.000,0.000,0.000,0,0.000,0.000,0.000,0,0,4,0,0
PPG,1,94662,3788031552,25,488,511,0.000,0.000,0.000,0,0,0,0,0.00,nan,4,3,1,nan,3,3,24,1,1,6,6,0,0,0,3789220093,0.04077,0.00903,0.94897,0.94989,-0.00638,-0.00055,-0.00114,0.00651,0.95168,0.00226,0.00651,3,12249,0,6231,0.00000,0.00000,0.00000,0,0,nan,0,0,0,2623,187491,0,0,0.000,0.000,0.000,0,0.000,0.000,0.000,0,0,4,0,0
PPG,1,94663,3788071552,25,499,501,0.000,0.000,0.000,0,0,0,0,0.00,nan,4,3,1,nan,3,3,24,1,1,7,7,0,0,0,3789261621,0.03882,0.01099,0.95093,0.95178,-0.00612,-0.00028,-0.00114,0.00623,0.95514,0.00524,0.00673,3,12253,0,6231,0.00000,0.00000,0.00000,0,0,nan,0,0,0,4334,187491,0,0,0.000,0.000,0.000,0,0.000,0.000,0.000,0,0,4,0,0
PPG,1,94664,3788111552,25,486,515,0.000,0.000,0.000,0,0,0,0,0.00,nan,4,3,1,nan,3,3,24,1,1,8,8,0,0,0,3789300533,0.04199,0.00366,0.95093,0.95186,-0.00505,-0.00055,-0.00087,0.00516,0.95249,0.00089,0.00516,3,12256,0,6231,0.00000,0.00000,0.00000,0,0,nan,0,0,0,2631,187491,0,0,0.000,0.000,0.000,0,0.000,0.000,0.000,0,0,4,0,0
PPG,1,94665,3788151552,26,497,516,0.000,0.000,0.000,0,0,0,0,0.00,nan,4,3,1,nan,3,3,24,1,1,9,9,0,0,0,3789341993,0.04053,0.00537,0.94849,0.94937,-0.00558,-0.00135,-0.00221,0.00615,0.95736,0.00799,0.00679,3,12245,0,6231,0.00000,0.00000,0.00000,0,0,nan,0,0,0,4336,187491,0,0,0.000,0.000,0.000,0,0.000,0.000,0.000,0,0,4,0,0
PPG,1,94666,3788191552,26,496,511,0.000,0.000,0.000,0,0,0,0,0.00,nan,4,3,1,nan,3,3,24,1,1,10,10,0,0,0,3789380922,0.03955,0.00977,0.95215,0.95302,-0.00558,-0.00028,-0.00141,0.00577,0.95302,0.00557,0.00578,3,12296,0,6231,0.00000,0.00000,0.00000,0,0,nan,0,0,0,2628,187491,0,0,0.000,0.000,0.000,0,0.000,0.000,0.000,0,0,4,0,0
PPG,1,94667,3788231552,25,494,516,0.000,0.000,0.000,0,0,0,0,0.00,nan,4,3,1,nan,3,3,24,1,1,11,11,0,0,0,3789422422,0.03760,0.00854,0.95117,0.95195,-0.00612,-0.00055,-0.00194,0.00644,0.95195,0.00331,0.00644,3,12282,0,6231,0.00000,0.00000,0.00000,0,0,nan,0,0,0,4331,187491,0,0,0.000,0.000,0.000,0,0.000,0.000,0.000,0,0,4,0,0
PPG,1,94668,3788271552,25,494,503,0.000,0.000,0.000,0,0,0,0,0.00,nan,4,3,1,nan,3,3,24,1,1,12,12,0,0,0,3789461272,0.04053,0.00269,0.94678,0.94765,-0.00692,-0.00028,-0.00221,0.00727,0.95620,0.00855,0.00727,3,12252,0,6231,0.00000,0.00000,0.00000,0,0,nan,0,0,0,4343,187491,0,0,0.000,0.000,0.000,0,0.000,0.000,0.000,0,0,4,0,0
PPG,1,94669,3788311552,25,491,499,0.000,0.000,0.000,0,0,0,0,0.00,nan,4,3,1,nan,3,3,24,1,1,13,13,0,0,0,3789500110,0.04053,0.00562,0.95288,0.95376,-0.00532,-0.00028,-0.00114,0.00545,0.95376,0.00532,0.00654,3,12237,0,6231,0.00000,0.00000,0.00000,0,0,nan,0,0,0,2645,187491,0,0,0.000,0.000,0.000,0,0.000,0.000,0.000,0,0,4,0,0
PPG,1,94670,3788351552,24,497,516,0.000,0.000,0.000,0,0,0,0,0.00,nan,4,3,1,nan,3,3,24,1,1,14,14,0,0,0,3789557901,0.03662,0.00439,0.95654,0.95725,-0.00532,-0.00028,-0.00087,0.00540,0.95725,0.00237,0.00699,4,16342,0,6231,0.00000,0.00000,0.00000,0,0,nan,0,0,0,16283,187491,0,0,0.000,0.000,0.000,0,0.000,0.000,0.000,0,0,4,0,0
PPG,1,94671,3788391552,24,498,512,0.000,0.000,0.000,0,0,0,0,0.00,nan,4,3,1,nan,3,3,24,1,1,15,15,0,0,0,3789584601,0.03979,0.00684,0.94922,0.95008,-0.00665,-0.00055,-0.00194,0.00695,0.95137,0.00589,0.00695,2,12312,0,6231,0.00000,0.00000,0.00000,0,0,nan,0,0,0,2633,187491,0,0,0.000,0.000,0.000,0,0.000,0.000,0.000,0,0,4,0,0
PPG,1,94672,3788431552,26,507,508,0.000,0.000,0.000,0,0,0,0,0.00,nan,4,3,1,nan,3,3,24,1,1,16,16,0,0,0,3789623414,0.03662,0.00708,0.95215,0.95288,-0.00612,-0.00028,-0.00167,0.00635,0.95815,0.00884,0.00693,3,12238,0,6231,0.00000,0.00000,0.00000,0,0,nan,0,0,0,4339,187491,0,0,0.000,0.000,0.000,0,0.000,0.000,0.000,0,0,4,0,0
PPG,1,94673,3788471552,39,489,511,0.000,0.000,0.000,0,0,0,0,0.00,nan,4,3,1,nan,3,3,24,1,1,17,17,0,0,0,3789662200,0.03955,0.00610,0.95313,0.95396,-0.00558,-0.00001,-0.00247,0.00611,0.95396,0.00373,0.00611,3,12184,0,6231,0.00000,0.00000,0.00000,0,0,nan,0,0,0,4359,187491,0,0,0.000,0.000,0.000,0,0.000,0.000,0.000,0,0,4,0,0
PPG,1,94674,3788511552,38,499,509,0.000,0.000,0.000,0,0,0,0,0.00,nan,4,3,1,nan,3,3,24,1,1,18,18,0,0,0,3789701035,0.03857,0.00171,0.95581,0.95659,-0.00638,0.00052,-0.00167,0.00662,0.95659,0.00185,0.00677,3,12164,0,6231,0.00000,0.00000,0.00000,0,0,nan,0,0,0,2625,187491,0,0,0.000,0.000,0.000,0,0.000,0.000,0.000,0,0,4,0,0
PPG,1,94675,3788551552,25,501,512,0.000,0.000,0.000,0,0,0,0,0.00,nan,4,3,1,nan,3,3,24,1,1,19,19,0,0,0,3789742411,0.03687,0.01294,0.94922,0.95002,-0.00612,-0.00081,-0.00194,0.00647,0.95171,0.00488,0.00647,3,12136,0,6231,0.00000,0.00000,0.00000,0,0,nan,0,0,0,4300,187491,0,0,0.000,0.000,0.000,0,0.000,0.000,0.000,0,0,4,0,0
PPG,1,94676,3788591552,25,489,497,0.000,0.000,0.000,0,0,0,0,0.00,nan,4,3,1,nan,3,3,24,1,1,20,20,0,0,0,3789780937,0.03613,0.00562,0.95215,0.95285,-0.00585,-0.00108,-0.00087,0.00601,0.95285,0.00508,0.00601,3,12133,0,6231,0.00000,0.00000,0.00000,0,0,nan,0,0,0,2626,187491,0,0,0.000,0.000,0.000,0,0.000,0.000,0.000,0,0,4,0,0
PPG,1,94677,3788631552,25,484,512,0.000,0.000,0.000,0,0,0,0,0.00,nan,4,3,1,nan,3,3,24,1,1,21,21,0,0,0,3789822091,0.03467,0.00708,0.95386,0.95451,-0.00638,-0.00028,-0.00141,0.00654,0.95484,0.00264,0.00654,3,12125,0,6231,0.00000,0.00000,0.00000,0,0,nan,0,0,0,4298,187491,0,0,0.000,0.000,0.000,0,0.000,0.000,0.000,0,0,4,0,0
PPG,1,94678,3788671552,25,500,515,0.000,0.000,0.000,0,0,0,0,0.00,nan,4,3,1,nan,3,3,24,1,1,22,22,0,0,0,3789860599,0.03638,0.00757,0.95166,0.95239,-0.00692,-0.00055,-0.00061,0.00696,0.95594,0.00355,0.00706,3,12122,0,6231,0.00000,0.00000,0.00000,0,0,nan,0,0,0,2597,187491,0,0,0.000,0.000,0.000,0,0.000,0.000,0.000,0,0,4,0,0
PPG,1,94679,3788711552,25,504,522,0.000,0.000,0.000,0,0,0,0,0.00,nan,4,3,1,nan,3,3,24,1,1,23,23,0,0,0,3789937124,0.03711,0.00757,0.95605,0.95680,-0.00638,0.00025,-0.00221,0.00676,0.95680,0.00371,0.00751,2,59696,0,6235,0.00000,0.00000,0.00000,0,0,nan,0,0,0,59717,187491,0,0,0.000,0.000,0.000,0,0.000,0.000,0.000,0,0,4,0,0
PPG,1,94680,3788751552,25,488,510,0.000,0.000,0.000,0,0,0,0,0.00,nan,4,3,1,nan,3,3,24,1,1,24,24,0,0,0,3789937124,0.03711,0.00757,0.95605,0.95680,-0.00638,0.00025,-0.00221,0.00676,0.00000,0.00000,0.00000,0,59696,0,6235,0.00000,0.00000,0.00000,0,0,nan,0,0,0,11691,187491,0,0,0.000,0.000,0.000,0,0.000,0.000,0.000,0,0,4,0,0
PPG,1,94681,3788791552,38,498,503,0.000,0.000,0.000,0,0,0,0,0.00,nan,4,3,1,nan,3,3,24,1,1,25,25,0,0,0,3789983012,0.03931,0.00586,0.94775,0.94859,-0.00558,0.00079,-0.00194,0.00596,0.95882,0.01024,0.00646,3,12124,0,6236,0.00000,0.00000,0.00000,0,0,nan,0,0,0,4320,187491,0,0,0.000,0.000,0.000,0,0.000,0.000,0.000,0,0,4,0,0
PPG,1,94682,3788831552,25,489,509,0.000,0.000,0.000,0,0,0,0,0.00,nan,4,3,1,nan,3,3,24,1,1,26,26,0,0,0,3790021641,0.03540,0.00610,0.94849,0.94917,-0.00612,-0.00188,-0.00087,0.00646,0.95121,0.00205,0.00646,3,12112,0,6236,0.00000,0.00000,0.00000,0,0,nan,0,0,0,4300,187491,0,0,0.000,0.000,0.000,0,0.000,0.000,0.000,0,0,4,0,0
PPG,1,94683,3788871552,25,499,517,0.000,0.000,0.000,0,0,0,0,0.00,nan,4,3,1,nan,3,3,24,1,1,27,27,0,0,0,3790060141,0.03857,0.00513,0.95410,0.95489,-0.00585,-0.00161,-0.00141,0.00623,0.95489,0.00563,0.00623,3,12109,0,6236,0.00000,0.00000,0.00000,0,0,nan,0,0,0,2606,187491,0,0,0.000,0.000,0.000,0,0.000,0.000,0.000,0,0,4,0,0
PPG,1,94684,3788911552,26,497,519,0.000,0.000,0.000,0,0,0,0,0.00,nan,4,3,1,nan,3,3,24,1,1,28,28,0,0,0,3790101355,0.03931,0.00171,0.94971,0.95052,-0.00532,-0.00055,-0.00141,0.00553,0.95177,0.00312,0.00554,3,12188,0,6236,0.00000,0.00000,0.00000,0,0,nan,0,0,0,4316,187491,0,0,0.000,0.000,0.000,0,0.000,0.000,0.000,0,0,4,0,0
PPG,1,94685,3788951552,25,487,504,0.000,0.000,0.000,0,0,0,0,0.00,nan,4,3,1,nan,3,3,24,1,1,29,29,0,0,0,3790139875,0.04150,0.00708,0.94849,0.94942,-0.00505,0.00025,-0.00141,0.00525,0.95399,0.00640,0.00525,3,12120,0,6236,0.00000,0.00000,0.00000,0,0,nan,0,0,0,2595,187491,0,0,0.000,0.000,0.000,0,0.000,0.000,0.000,0,0,4,0,0
PPG,1,94686,3788991552,25,476,494,0.000,0.000,0.000,0,0,0,0,0.00,nan,4,3,1,nan,3,3,24,1,1,30,30,0,0,0,3790180978,0.04077,0.00659,0.94824,0.94914,-0.00532,-0.00055,-0.00114,0.00547,0.95423,0.00618,0.00630,3,12115,0,6236,0.00000,0.00000,0.00000,0,0,nan,0,0,0,2599,187491,0,0,0.000,0.000,0.000,0,0.000,0.000,0.000,0,0,4,0,0
PPG,1,94687,3789031552,29,493,502,0.000,0.000,0.000,0,0,0,0,0.00,nan,4,3,1,nan,3,3,24,1,1,31,31,0,0,0,3790222116,0.03760,0.00269,0.94824,0.94899,-0.00558,-0.00081,-0.00221,0.00606,0.95649,0.00765,0.00662,3,12117,0,6236,0.00000,0.00000,0.00000,0,0,nan,0,0,0,4300,187491,0,0,0.000,0.000,0.000,0,0.000,0.000,0.000,0,0,4,0,0
PPG,1,94688,3789071552,25,502,504,0.000,0.000,0.000,0,0,0,0,0.00,nan,4,3,1,nan,3,3,24,1,1,0,0,0,0,0,3790260627,0.03833,0.00757,0.94897,0.94978,-0.00558,-0.00055,-0.00087,0.00568,0.95359,0.00459,0.00630,3,12118,0,6236,0.00000,0.00000,0.00000,0,0,nan,0,0,0,2595,187491,0,0,0.000,0.000,0.000,0,0.000,0.000,0.000,0,0,4,0,0
PPG,1,94689,3789111552,25,493,510,0.000,0.000,0.000,0,0,0,0,0.00,nan,4,3,1,nan,3,3,24,1,1,1,1,0,0,0,3790301775,0.03687,0.00806,0.94775,0.94850,-0.00585,0.00079,-0.00087,0.00597,0.95043,0.00192,0.00668,3,12171,0,6236,0.00000,0.00000,0.00000,0,0,nan,0,0,0,4305,187491,0,0,0.000,0.000,0.000,0,0.000,0.000,0.000,0,0,4,0,0
PPG,1,94690,3789151552,25,500,521,0.000,0.000,0.000,0,0,0,0,0.00,nan,4,3,1,nan,3,3,24,1,1,2,2,0,0,0,3790340312,0.03760,0.00586,0.95435,0.95510,-0.00612,0.00079,-0.00247,0.00664,0.95510,0.00506,0.00727,3,12122,0,6236,0.00000,0.00000,0.00000,0,0,nan,0,0,0,2602,187491,0,0,0.000,0.000,0.000,0,0.000,0.000,0.000,0,0,4,0,0
PPG,1,94691,3789191552,25,487,512,0.000,0.000,0.000,0,0,0,0,0.00,nan,4,3,1,nan,3,3,24,1,1,3,3,0,0,0,3790381452,0.04004,0.00977,0.95044,0.95133,-0.00585,-0.00135,-0.00194,0.00631,0.95649,0.00467,0.00654,3,12119,0,6236,0.00000,0.00000,0.00000,0,0,nan,0,0,0,4304,187491,0,0,0.000,0.000,0.000,0,0.000,0.000,0.000,0,0,4,0,0
PPG,1,94692,3789231552,25,476,498,0.000,0.000,0.000,0,0,0,0,0.00,nan,4,3,1,nan,3,3,24,1,1,4,4,0,0,0,3790419994,0.03979,0.00513,0.95435,0.95519,-0.00585,-0.00081,-0.00194,0.00622,0.95741,0.01010,0.00752,3,12116,0,6236,0.00000,0.00000,0.00000,0,0,nan,0,0,0,2597,187491,0,0,0.000,0.000,0.000,0,0.000,0.000,0.000,0,0,4,0,0
PPG,1,94693,3789271552,25,479,502,0.000,0.000,0.000,0,0,0,0,0.00,nan,4,3,1,nan,3,3,24,1,1,5,5,0,0,0,3790461101,0.03735,0.00708,0.94824,0.94900,-0.00665,-0.00055,-0.00274,0.00721,0.95713,0.00762,0.00721,3,12124,0,6236,0.00000,0.00000,0.00000,0,0,nan,0,0,0,2596,187491,0,0,0.000,0.000,0.000,0,0.000,0.000,0.000,0,0,4,0,0
PPG,1,94694,3789311552,25,499,506,0.000,0.000,0.000,0,0,0,0,0.00,nan,4,3,1,nan,3,3,24,1,1,6,6,0,0,0,3790502250,0.03931,0.00488,0.95166,0.95248,-0.00452,-0.00001,-0.00221,0.00503,0.95410,0.00589,0.00647,3,12142,0,6236,0.00000,0.00000,0.00000,0,0,nan,0,0,0,4297,187491,0,0,0.000,0.000,0.000,0,0.000,0.000,0.000,0,0,4,0,0
PPG,1,94695,3789351552,24,496,505,0.000,0.000,0.000,0,0,0,0,0.00,nan,4,3,1,nan,3,3,24,1,1,7,7,0,0,0,3790559562,0.03760,0.00464,0.95068,0.95144,-0.00612,-0.00108,-0.00141,0.00637,0.95655,0.00958,0.00780,4,18816,0,6236,0.00000,0.00000,0.00000,0,0,nan,0,0,0,14452,187491,0,0,0.000,0.000,0.000,0,0.000,0.000,0.000,0,0,4,0,0
PPG,1,94696,3789391552,23,492,511,0.000,0.000,0.000,0,0,0,0,0.00,nan,4,3,1,nan,3,3,24,1,1,8,8,0,0,0,3790586042,0.03906,0.00977,0.95581,0.95666,-0.00585,-0.00081,-0.00194,0.00622,0.95666,0.00511,0.00622,2,12142,0,6236,0.00000,0.00000,0.00000,0,0,nan,0,0,0,2586,187491,0,0,0.000,0.000,0.000,0,0.000,0.000,0.000,0,0,4,0,0
PPG,1,94697,3789431552,24,502,518,0.000,0.000,0.000,0,0,0,0,0.00,nan,4,3,1,nan,3,3,24,1,1,9,9,0,0,0,3790624604,0.04028,0.00635,0.95435,0.95522,-0.00585,-0.00028,-0.00221,0.00626,0.95522,0.00718,0.00663,3,12137,0,6236,0.00000,0.00000,0.00000,0,0,nan,0,0,0,2610,187491,0,0,0.000,0.000,0.000,0,0.000,0.000,0.000,0,0,4,0,0
PPG,1,94698,3789471552,29,488,511,0.000,0.000,0.000,0,0,0,0,0.00,nan,4,3,1,nan,3,3,24,1,1,10,10,0,0,0,3790663122,0.03833,0.00684,0.94336,0.94416,-0.00479,-0.00161,-0.00167,0.00532,0.95547,0.00699,0.00644,3,12134,0,6236,0.00000,0.00000,0.00000,0,0,nan,0,0,0,4296,187491,0,0,0.000,0.000,0.000,0,0.000,0.000,0.000,0,0,4,0,0
PPG,1,94699,3789511552,26,470,489,0.000,0.000,0.000,0,0,0,0,0.00,nan,4,3,1,nan,3,3,24,1,1,11,11,0,0,0,3790701629,0.04053,0.00854,0.95068,0.95159,-0.00585,-0.00081,-0.00141,0.00607,0.95375,0.00959,0.00607,3,12118,0,6236,0.00000,0.00000,0.00000,0,0,nan,0,0,0,4297,187491,0,0,0.000,0.000,0.000,0,0.000,0.000,0.000,0,0,4,0,0
PPG,1,94700,3789551552,25,496,493,0.000,0.000,0.000,0,0,0,0,0.00,nan,4,3,1,nan,3,3,24,1,1,12,12,0,0,0,3790740175,0.04199,0.00977,0.95337,0.95434,-0.00692,0.00025,-0.00114,0.00701,0.95434,0.00586,0.00701,3,12117,0,6236,0.00000,0.00000,0.00000,0,0,nan,0,0,0,2607,187491,0,0,0.000,0.000,0.000,0,0.000,0.000,0.000,0,0,4,0,0
PPG,1,94701,3789591552,25,489,503,0.000,0.000,0.000,0,0,0,0,0.00,nan,4,3,1,nan,3,3,24,1,1,13,13,0,0,0,3790781308,0.04102,0.00781,0.94922,0.95014,-0.00532,-0.00108,-0.00087,0.00550,0.95014,0.00619,0.00696,3,12132,0,6236,0.00000,0.00000,0.00000,0,0,nan,0,0,0,2600,187491,0,0,0.000,0.000,0.000,0,0.000,0.000,0.000,0,0,4,0,0
PPG,1,94702,3789631552,25,498,508,0.000,0.000,0.000,0,0,0,0,0.00,nan,4,3,1,nan,3,3,24,1,1,14,14,0,0,0,3790822475,0.03906,0.00732,0.95361,0.95444,-0.00479,-0.00108,-0.00114,0.00504,0.95444,0.00203,0.00667,3,12131,0,6236,0.00000,0.00000,0.00000,0,0,nan,0,0,0,4294,187491,0,0,0.000,0.000,0.000,0,0.000,0.000,0.000,0,0,4,0,0
PPG,1,94703,3789671552,25,502,510,0.000,0.000,0.000,0,0,0,0,0.00,nan,4,3,1,nan,3,3,24,1,1,15,15,0,0,0,3790860978,0.03589,0.00537,0.95239,0.95308,-0.00425,-0.00081,-0.00141,0.00455,0.95543,0.00411,0.00558,3,12115,0,6236,0.00000,0.00000,0.00000,0,0,nan,0,0,0,2599,187491,0,0,0.000,0.000,0.000,0,0.000,0.000,0.000,0,0,4,0,0
PPG,1,94704,3789711552,25,497,511,0.000,0.000,0.000,0,0,0,0,0.00,nan,4,3,1,nan,3,3,24,1,1,16,16,0,0,0,3790902103,0.04150,0.00708,0.95117,0.95210,-0.00638,0.00025,-0.00167,0.00660,0.95453,0.00532,0.00660,3,12125,0,6236,0.00000,0.00000,0.00000,0,0,nan,0,0,0,4299,187491,0,0,0.000,0.000,0.000,0,0.000,0.000,0.000,0,0,4,0,0
PPG,1,94705,3789751552,25,482,511,0.000,0.000,0.000,0,0,0,0,0.00,nan,4,3,1,nan,3,3,24,1,1,17,17,0,0,0,3790940979,0.03613,0.00684,0.95215,0.95286,-0.00479,-0.00055,-0.00221,0.00530,0.95286,0.00560,0.00626,3,12255,0,6236,0.00000,0.00000,0.00000,0,0,nan,0,0,0,2599,187491,0,0,0.000,0.000,0.000,0,0.000,0.000,0.000,0,0,4,0,0
PPG,1,94706,3789791552,26,495,523,0.000,0.000,0.000,0,0,0,0,0.00,nan,4,3,1,nan,3,3,24,1,1,18,18,0,0,0,3790982138,0.03735,0.00659,0.95361,0.95437,-0.00585,-0.00081,-0.00141,0.00607,0.95519,0.00364,0.00607,3,12110,0,6236,0.00000,0.00000,0.00000,0,0,nan,0,0,0,4300,187491,0,0,0.000,0.000,0.000,0,0.000,0.000,0.000,0,0,4,0,0
PPG,1,94707,3789831552,25,489,504,0.000,0.000,0.000,0,0,0,0,0.00,nan,4,3,1,nan,3,3,24,1,1,19,19,0,0,0,3791020684,0.04199,0.01025,0.95117,0.95215,-0.00532,-0.00161,-0.00141,0.00573,0.95215,0.00395,0.00648,3,12165,0,6236,0.00000,0.00000,0.00000,0,0,nan,0,0,0,2605,187491,0,0,0.000,0.000,0.000,0,0.000,0.000,0.000,0,0,4,0,0
PPG,1,94708,3789871552,25,481,495,0.000,0.000,0.000,0,0,0,0,0.00,nan,4,3,1,nan,3,3,24,1,1,20,20,0,0,0,3791061912,0.03931,0.00244,0.94922,0.95004,-0.00505,-0.00108,-0.00221,0.00562,0.95120,0.00211,0.00611,3,12113,0,6236,0.00000,0.00000,0.00000,0,0,nan,0,0,0,4297,187491,0,0,0.000,0.000,0.000,0,0.000,0.000,0.000,0,0,4,0,0
PPG,1,94709,3789911552,25,499,518,0.000,0.000,0.000,0,0,0,0,0.00,nan,4,3,1,nan,3,3,24,1,1,21,21,0,0,0,3791100590,0.03662,0.00781,0.95313,0.95386,-0.00585,-0.00055,-0.00194,0.00619,0.95844,0.00580,0.00635,3,12131,0,6236,0.00000,0.00000,0.00000,0,0,nan,0,0,0,2604,187491,0,0,0.000,0.000,0.000,0,0.000,0.000,0.000,0,0,4,0,0
PPG,1,94710,3789951552,34,481,503,0.000,0.000,0.000,0,0,0,0,0.00,nan,4,3,1,nan,3,3,24,1,1,22,22,0,0,0,3791142067,0.04004,0.00366,0.94897,0.94983,-0.00612,-0.00188,-0.00167,0.00661,0.95076,0.00348,0.00669,3,12270,0,6236,0.00000,0.00000,0.00000,0,0,nan,0,0,0,4328,187491,0,0,0.000,0.000,0.000,0,0.000,0.000,0.000,0,0,4,0,0
PPG,1,94711,3789991552,26,491,520,0.000,0.000,0.000,0,0,0,0,0.00,nan,4,3,1,nan,3,3,24,1,1,23,23,0,0,0,3791180957,0.03784,0.01001,0.95142,0.95222,-0.00558,-0.00028,-0.00167,0.00584,0.95493,0.00320,0.00613,3,12264,0,6236,0.00000,0.00000,0.00000,0,0,nan,0,0,0,2630,187491,0,0,0.000,0.000,0.000,0,0.000,0.000,0.000,0,0,4,0,0
PPG,1,94712,3790031552,25,504,506,0.000,0.000,0.000,0,0,0,0,0.00,nan,4,3,1,nan,3,3,24,1,1,24,24,0,0,0,3791222546,0.03638,0.00366,0.95435,0.95505,-0.00612,-0.00055,-0.00167,0.00637,0.95541,0.00160,0.00637,3,12298,0,6236,0.00000,0.00000,0.00000,0,0,nan,0,0,0,4316,187491,0,0,0.000,0.000,0.000,0,0.000,0.000,0.000,0,0,4,0,0
PPG,1,94713,3790071552,36,493,507,0.000,0.000,0.000,0,0,0,0,0.00,nan,4,3,1,nan,3,3,24,1,1,25,25,0,0,0,3791261429,0.04297,0.00537,0.95483,0.95582,-0.00638,-0.00081,-0.00167,0.00665,0.95582,0.00752,0.00682,3,12253,0,6236,0.00000,0.00000,0.00000,0,0,nan,0,0,0,2635,187491,0,0,0.000,0.000,0.000,0,0.000,0.000,0.000,0,0,4,0,0
PPG,1,94714,3790111552,30,488,503,0.000,0.000,0.000,0,0,0,0,0.00,nan,4,3,1,nan,3,3,24,1,1,26,26,0,0,0,3791302932,0.04004,0.00684,0.94556,0.94643,-0.00585,-0.00001,-0.00247,0.00635,0.95412,0.00769,0.00697,3,12245,0,6236,0.00000,0.00000,0.00000,0,0,nan,0,0,0,4322,187491,0,0,0.000,0.000,0.000,0,0.000,0.000,0.000,0,0,4,0,0
PPG,1,94715,3790151552,25,492,501,0.000,0.000,0.000,0,0,0,0,0.00,nan,4,3,1,nan,3,3,24,1,1,27,27,0,0,0,3791341843,0.03491,0.00781,0.95239,0.95306,-0.00532,-0.00081,-0.00194,0.00572,0.95789,0.01548,0.00642,3,12247,0,6236,0.00000,0.00000,0.00000,0,0,nan,0,0,0,4340,187491,0,0,0.000,0.000,0.000,0,0.000,0.000,0.000,0,0,4,0,0
PPG,1,94716,3790191552,26,489,506,0.000,0.000,0.000,0,0,0,0,0.00,nan,4,3,1,nan,3,3,24,1,1,28,28,0,0,0,3791380694,0.03931,0.00635,0.94873,0.94957,-0.00479,-0.00108,-0.00247,0.00549,0.95604,0.00566,0.00622,3,12235,0,6236,0.00000,0.00000,0.00000,0,0,nan,0,0,0,2641,187491,0,0,0.000,0.000,0.000,0,0.000,0.000,0.000,0,0,4,0,0
PPG,1,94717,3790231552,25,490,505,0.000,0.000,0.000,0,0,0,0,0.00,nan,4,3,1,nan,3,3,24,1,1,29,29,0,0,0,3791422249,0.03931,0.00244,0.94800,0.94882,-0.00532,0.00079,-0.00061,0.00541,0.95191,0.00441,0.00661,3,12280,0,6236,0.00000,0.00000,0.00000,0,0,nan,0,0,0,4366,187491,0,0,0.000,0.000,0.000,0,0.000,0.000,0.000,0,0,4,0,0
PPG,1,94718,3790271552,25,492,510,0.000,0.000,0.000,0,0,0,0,0.00,nan,4,3,1,nan,3,3,24,1,1,30,30,0,0,0,3791461183,0.03613,0.00659,0.95020,0.95090,-0.00638,0.00025,-0.00007,0.00639,0.95702,0.00821,0.00639,3,12257,0,6236,0.00000,0.00000,0.00000,0,0,nan,0,0,0,2625,187491,0,0,0.000,0.000,0.000,0,0.000,0.000,0.000,0,0,4,0,0
PPG,1,94719,3790311552,26,488,512,0.000,0.000,0.000,0,0,0,0,0.00,nan,4,3,1,nan,3,3,24,1,1,31,31,0,0,0,3791502665,0.04102,0.00830,0.95239,0.95331,-0.00665,-0.00001,-0.00221,0.00701,0.95568,0.00577,0.00701,3,12257,0,6236,0.00000,0.00000,0.00000,0,0,nan,0,0,0,4334,187491,0,0,0.000,0.000,0.000,0,0.000,0.000,0.000,0,0,4,0,0
PPG,1,94720,3790351552,25,499,517,0.000,0.000,0.000,0,0,0,0,0.00,nan,4,3,1,nan,3,3,24,1,1,0,0,0,0,0,3791541583,0.03955,0.00757,0.95386,0.95471,-0.00638,-0.00055,-0.00087,0.00647,0.95951,0.01030,0.00680,3,12245,0,6236,0.00000,0.00000,0.00000,0,0,nan,0,0,0,4343,187491,0,0,0.000,0.000,0.000,0,0.000,0.000,0.000,0,0,4,0,0
PPG,1,94721,3790391552,26,502,503,0.000,0.000,0.000,0,0,0,0,0.00,nan,4,3,1,nan,3,3,24,1,1,1,1,0,0,0,3791580216,0.03711,0.00830,0.95190,0.95266,-0.00612,0.00025,-0.00194,0.00642,0.95639,0.00373,0.00642,2,12290,0,6237,0.00000,0.00000,0.00000,0,0,nan,0,0,0,2626,187491,0,0,0.000,0.000,0.000,0,0.000,0.000,0.000,0,0,4,0,0
PPG,1,94722,3790431552,28,495,496,0.000,0.000,0.000,0,0,0,0,0.00,nan,4,3,1,nan,3,3,24,1,1,2,2,0,0,0,3791621676,0.03857,0.00635,0.95581,0.95661,-0.00558,-0.00028,-0.00247,0.00611,0.95661,0.00317,0.00655,3,12220,0,6237,0.00000,0.00000,0.00000,0,0,nan,0,0,0,4345,187491,0,0,0.000,0.000,0.000,0,0.000,0.000,0.000,0,0,4,0,0
PPG,1,94723,3790471552,26,498,512,0.000,0.000,0.000,0,0,0,0,0.00,nan,4,3,1,nan,3,3,24,1,1,3,3,0,0,0,3791660669,0.03662,0.00732,0.95703,0.95776,-0.00532,-0.00108,-0.00221,0.00586,0.95776,0.00517,0.00586,3,12234,0,6237,0.00000,0.00000,0.00000,0,0,nan,0,0,0,2643,187491,0,0,0.000,0.000,0.000,0,0.000,0.000,0.000,0,0,4,0,0
PPG,1,94724,3790511552,25,496,508,0.000,0.000,0.000,0,0,0,0,0.00,nan,4,3,1,nan,3,3,24,1,1,4,4,0,0,0,3791702109,0.03979,0.00244,0.95264,0.95347,-0.00612,-0.00001,-0.00141,0.00628,0.95347,0.00533,0.00739,3,12240,0,6237,0.00000,0.00000,0.00000,0,0,nan,0,0,0,4330,187491,0,0,0.000,0.000,0.000,0,0.000,0.000,0.000,0,0,4,0,0
PPG,1,94725,3790551552,25,495,507,0.000,0.000,0.000,0,0,0,0,0.00,nan,4,3,1,nan,3,3,24,1,1,5,5,0,0,0,3791740946,0.03613,0.00708,0.94824,0.94896,-0.00558,-0.00028,-0.00087,0.00566,0.95831,0.00637,0.00647,3,12236,0,6237,0.00000,0.00000,0.00000,0,0,nan,0,0,0,2596,187491,0,0,0.000,0.000,0.000,0,0.000,0.000,0.000,0,0,4,0,0
PPG,1,94726,3790591552,25,496,506,0.000,0.000,0.000,0,0,0,0,0.00,nan,4,3,1,nan,3,3,24,1,1,6,6,0,0,0,3791782218,0.03711,0.00610,0.95288,0.95362,-0.00558,0.00025,-0.00034,0.00560,0.95436,0.00541,0.00655,3,12211,0,6237,0.00000,0.00000,0.00000,0,0,nan,0,0,0,4391,187491,0,0,0.000,0.000,0.000,0,0.000,0.000,0.000,0,0,4,0,0
PPG,1,94727,3790631552,25,493,513,0.000,0.000,0.000,0,0,0,0,0.00,nan,4,3,1,nan,3,3,24,1,1,7,7,0,0,0,3791820832,0.04004,0.00415,0.95361,0.95446,-0.00558,-0.00055,-0.00167,0.00586,0.95542,0.00106,0.00586,3,12119,0,6237,0.00000,0.00000,0.00000,0,0,nan,0,0,0,2599,187491,0,0,0.000,0.000,0.000,0,0.000,0.000,0.000,0,0,4,0,0
PPG,1,94728,3790671552,25,482,497,0.000,0.000,0.000,0,0,0,0,0.00,nan,4,3,1,nan,3,3,24,1,1,8,8,0,0,0,3791861969,0.04224,0.00781,0.94263,0.94361,-0.00479,-0.00055,-0.00141,0.00502,0.95348,0.00988,0.00535,3,12113,0,6237,0.00000,0.00000,0.00000,0,0,nan,0,0,0,4297,187491,0,0,0.000,0.000,0.000,0,0.000,0.000,0.000,0,0,4,0,0
PPG,1,94729,3790711552,25,492,497,0.000,0.000,0.000,0,0,0,0,0.00,nan,4,3,1,nan,3,3,24,1,1,9,9,0,0,0,3791900494,0.03882,0.00562,0.94751,0.94832,-0.00665,-0.00161,-0.00194,0.00711,0.95173,0.00813,0.00724,3,12122,0,6237,0.00000,0.00000,0.00000,0,0,nan,0,0,0,2598,187491,0,0,0.000,0.000,0.000,0,0.000,0.000,0.000,0,0,4,0,0
PPG,1,94730,3790751552,26,499,505,0.000,0.000,0.000,0,0,0,0,0.00,nan,4,3,1,nan,3,3,24,1,1,10,10,0,0,0,3791941648,0.03809,0.00513,0.94897,0.94975,-0.00532,-0.00108,-0.00141,0.00561,0.95152,0.00319,0.00639,3,12161,0,6237,0.00000,0.00000,0.00000,0,0,nan,0,0,0,2620,187491,0,0,0.000,0.000,0.000,0,0.000,0.000,0.000,0,0,4,0,0
PPG,1,94731,3790791552,25,499,512,0.000,0.000,0.000,0,0,0,0,0.00,nan,4,3,1,nan,3,3,24,1,1,11,11,0,0,0,3791982797,0.03564,0.00244,0.95117,0.95184,-0.00532,-0.00055,-0.00221,0.00578,0.95526,0.00551,0.00611,3,12132,0,6237,0.00000,0.00000,0.00000,0,0,nan,0,0,0,4317,187491,0,0,0.000,0.000,0.000,0,0.000,0.000,0.000,0,0,4,0,0
PPG,1,94732,3790831552,25,502,514,0.000,0.000,0.000,0,0,0,0,0.00,nan,4,3,1,nan,3,3,24,1,1,12,12,0,0,0,3792021368,0.04126,0.00562,0.95288,0.95379,-0.00585,-0.00001,-0.00167,0.00609,0.95479,0.00258,0.00712,3,12127,0,6237,0.00000,0.00000,0.00000,0,0,nan,0,0,0,2600,187491,0,0,0.000,0.000,0.000,0,0.000,0.000,0.000,0,0,4,0,0
PPG,1,94733,3790871552,25,474,506,0.000,0.000,0.000,0,0,0,0,0.00,nan,4,3,1,nan,3,3,24,1,1,13,13,0,0,0,3792062475,0.03760,0.00439,0.95239,0.95314,-0.00612,-0.00055,-0.00247,0.00662,0.95314,0.00254,0.00695,3,12115,0,6237,0.00000,0.00000,0.00000,0,0,nan,0,0,0,4297,187491,0,0,0.000,0.000,0.000,0,0.000,0.000,0.000,0,0,4,0,0
PPG,1,94734,3790911552,25,484,484,0.000,0.000,0.000,0,0,0,0,0.00,nan,4,3,1,nan,3,3,24,1,1,14,14,0,0,0,3792100991,0.04053,0.00879,0.95093,0.95183,-0.00665,-0.00108,-0.00194,0.00701,0.95347,0.00411,0.00701,3,12115,0,6237,0.00000,0.00000,0.00000,0,0,nan,0,0,0,2599,187491,0,0,0.000,0.000,0.000,0,0.000,0.000,0.000,0,0,4,0,0
PPG,1,94735,3790951552,25,488,494,0.000,0.000,0.000,0,0,0,0,0.00,nan,4,3,1,nan,3,3,24,1,1,15,15,0,0,0,3792142172,0.04028,0.00708,0.95313,0.95400,-0.00612,-0.00001,-0.00167,0.00634,0.95400,0.00225,0.00654,3,12193,0,6237,0.00000,0.00000,0.00000,0,0,nan,0,0,0,4303,187491,0,0,0.000,0.000,0.000,0,0.000,0.000,0.000,0,0,4,0,0
PPG,1,94736,3790991552,25,496,508,0.000,0.000,0.000,0,0,0,0,0.00,nan,4,3,1,nan,3,3,24,1,1,16,16,0,0,0,3792180728,0.04028,0.00781,0.94409,0.94498,-0.00638,-0.00001,-0.00114,0.00648,0.95358,0.00859,0.00648,3,12130,0,6237,0.00000,0.00000,0.00000,0,0,nan,0,0,0,2608,187491,0,0,0.000,0.000,0.000,0,0.000,0.000,0.000,0,0,4,0,0
PPG,1,94737,3791031552,25,500,509,0.000,0.000,0.000,0,0,0,0,0.00,nan,4,3,1,nan,3,3,24,1,1,17,17,0,0,0,3792221857,0.03955,0.00488,0.94995,0.95079,-0.00612,-0.00108,-0.00141,0.00637,0.95306,0.00807,0.00665,3,12115,0,6237,0.00000,0.00000,0.00000,0,0,nan,0,0,0,4301,187491,0,0,0.000,0.000,0.000,0,0.000,0.000,0.000,0,0,4,0,0
PPG,1,94738,3791071552,25,496,516,0.000,0.000,0.000,0,0,0,0,0.00,nan,4,3,1,nan,3,3,24,1,1,18,18,0,0,0,3792260423,0.03638,0.00610,0.94971,0.95042,-0.00558,-0.00081,-0.00194,0.00597,0.96034,0.00955,0.00623,3,12122,0,6237,0.00000,0.00000,0.00000,0,0,nan,0,0,0,2597,187491,0,0,0.000,0.000,0.000,0,0.000,0.000,0.000,0,0,4,0,0
PPG,1,94739,3791111552,28,487,494,0.000,0.000,0.000,0,0,0,0,0.00,nan,4,3,1,nan,3,3,24,1,1,19,19,0,0,0,3792301527,0.03687,0.00781,0.95215,0.95289,-0.00505,0.00079,-0.00167,0.00538,0.95428,0.00283,0.00680,3,12106,0,6237,0.00000,0.00000,0.00000,0,0,nan,0,0,0,2599,187491,0,0,0.000,0.000,0.000,0,0.000,0.000,0.000,0,0,4,0,0
PPG,1,94740,3791151552,37,490,491,0.000,0.000,0.000,0,0,0,0,0.00,nan,4,3,1,nan,3,3,24,1,1,20,20,0,0,0,3792342648,0.03784,0.00854,0.94824,0.94904,-0.00558,0.00025,-0.00194,0.00592,0.95076,0.00213,0.00677,3,12139,0,6237,0.00000,0.00000,0.00000,0,0,nan,0,0,0,4324,187491,0,0,0.000,0.000,0.000,0,0.000,0.000,0.000,0,0,4,0,0
PPG,1,94741,3791191552,25,489,501,0.000,0.000,0.000,0,0,0,0,0.00,nan,4,3,1,nan,3,3,24,1,1,21,21,0,0,0,3792381669,0.04102,0.00732,0.95190,0.95282,-0.00532,-0.00081,-0.00167,0.00563,0.95519,0.00616,0.00671,3,12148,0,6237,0.00000,0.00000,0.00000,0,0,nan,0,0,0,2604,187491,0,0,0.000,0.000,0.000,0,0.000,0.000,0.000,0,0,4,0,0
PPG,1,94742,3791231552,26,492,503,0.000,0.000,0.000,0,0,0,0,0.00,nan,4,3,1,nan,3,3,24,1,1,22,22,0,0,0,3792422857,0.04126,0.00342,0.94922,0.95012,-0.00638,-0.00055,-0.00087,0.00647,0.95893,0.00881,0.00647,3,12111,0,6237,0.00000,0.00000,0.00000,0,0,nan,0,0,0,4301,187491,0,0,0.000,0.000,0.000,0,0.000,0.000,0.000,0,0,4,0,0
PPG,1,94743,3791271552,37,503,506,0.000,0.000,0.000,0,0,0,0,0.00,nan,4,3,1,nan,3,3,24,1,1,23,23,0,0,0,3792461448,0.04077,0.00586,0.95239,0.95328,-0.00692,-0.00135,-0.00221,0.00738,0.95328,0.00671,0.00738,3,12150,0,6237,0.00000,0.00000,0.00000,0,0,nan,0,0,0,2603,187491,0,0,0.000,0.000,0.000,0,0.000,0.000,0.000,0,0,4,0,0
PPG,1,94744,3791311552,37,490,514,0.000,0.000,0.000,0,0,0,0,0.00,nan,4,3,1,nan,3,3,24,1,1,24,24,0,0,0,3792502666,0.03491,0.00684,0.94775,0.94842,-0.00638,-0.00081,-0.00114,0.00654,0.95628,0.00786,0.00654,3,12111,0,6237,0.00000,0.00000,0.00000,0,0,nan,0,0,0,4302,187491,0,0,0.000,0.000,0.000,0,0.000,0.000,0.000,0,0,4,0,0
PPG,1,94745,3791351552,26,495,509,0.000,0.000,0.000,0,0,0,0,0.00,nan,4,3,1,nan,3,3,24,1,1,25,25,0,0,0,3792541373,0.03735,0.00513,0.95313,0.95387,-0.00638,-0.00188,-0.00141,0.00680,0.95668,0.00826,0.00680,3,12121,0,6237,0.00000,0.00000,0.00000,0,0,nan,0,0,0,2598,187491,0,0,0.000,0.000,0.000,0,0.000,0.000,0.000,0,0,4,0,0
PPG,1,94746,3791391552,25,503,520,0.000,0.000,0.000,0,0,0,0,0.00,nan,4,3,1,nan,3,3,24,1,1,26,26,0,0,0,3792583415,0.03589,0.00635,0.94824,0.94894,-0.00558,-0.00188,-0.00141,0.00606,0.95410,0.00516,0.00632,2,12317,0,6238,0.00000,0.00000,0.00000,0,0,nan,0,0,0,4335,187491,0,0,0.000,0.000,0.000,0,0.000,0.000,0.000,0,0,4,0,0
PPG,1,94747,3791431552,26,499,511,0.000,0.000,0.000,0,0,0,0,0.00,nan,4,3,1,nan,3,3,24,1,1,27,27,0,0,0,3792622339,0.04150,0.00513,0.95654,0.95746,-0.00638,-0.00055,-0.00194,0.00669,0.95746,0.00376,0.00721,3,12272,0,6238,0.00000,0.00000,0.00000,0,0,nan,0,0,0,4343,187491,0,0,0.000,0.000,0.000,0,0.000,0.000,0.000,0,0,4,0,0
PPG,1,94748,3791471552,26,500,509,0.000,0.000,0.000,0,0,0,0,0.00,nan,4,3,1,nan,3,3,24,1,1,28,28,0,0,0,3792661240,0.03394,0.00586,0.95117,0.95180,-0.00585,-0.00028,-0.00141,0.00602,0.95180,0.00593,0.00708,3,12283,0,6238,0.00000,0.00000,0.00000,0,0,nan,0,0,0,2619,187491,0,0,0.000,0.000,0.000,0,0.000,0.000,0.000,0,0,4,0,0
PPG,1,94749,3791511552,25,488,501,0.000,0.000,0.000,0,0,0,0,0.00,nan,4,3,1,nan,3,3,24,1,1,29,29,0,0,0,3792702713,0.04150,0.00806,0.95142,0.95235,-0.00585,0.00025,-0.00221,0.00626,0.95235,0.00156,0.00695,3,12256,0,6238,0.00000,0.00000,0.00000,0,0,nan,0,0,0,4333,187491,0,0,0.000,0.000,0.000,0,0.000,0.000,0.000,0,0,4,0,0
PPG,1,94750,3791551552,26,487,502,0.000,0.000,0.000,0,0,0,0,0.00,nan,4,3,1,nan,3,3,24,1,1,30,30,0,0,0,3792741572,0.03516,0.01001,0.95190,0.95261,-0.00558,0.00079,-0.00087,0.00571,0.95544,0.00441,0.00571,3,12214,0,6238,0.00000,0.00000,0.00000,0,0,nan,0,0,0,2625,187491,0,0,0.000,0.000,0.000,0,0.000,0.000,0.000,0,0,4,0,0
PPG,1,94751,3791591552,26,490,519,0.000,0.000,0.000,0,0,0,0,0.00,nan,4,3,1,nan,3,3,24,1,1,31,31,0,0,0,3792783103,0.04199,0.00830,0.94580,0.94677,-0.00612,0.00025,-0.00141,0.00628,0.95021,0.00328,0.00628,3,12261,0,6238,0.00000,0.00000,0.00000,0,0,nan,0,0,0,4340,187491,0,0,0.000,0.000,0.000,0,0.000,0.000,0.000,0,0,4,0,0
PPG,1,94752,3791631552,25,500,505,0.000,0.000,0.000,0,0,0,0,0.00,nan,4,3,1,nan,3,3,24,1,1,0,0,0,0,0,3792821966,0.04004,0.00732,0.95264,0.95351,-0.00585,-0.00028,-0.00274,0.00647,0.95706,0.00614,0.00647,3,12254,0,6238,0.00000,0.00000,0.00000,0,0,nan,0,0,0,4315,187491,0,0,0.000,0.000,0.000,0,0.000,0.000,0.000,0,0,4,0,0
PPG,1,94753,3791671552,27,491,510,0.000,0.000,0.000,0,0,0,0,0.00,nan,4,3,1,nan,3,3,24,1,1,1,1,0,0,0,3792860895,0.03882,0.00391,0.95288,0.95368,-0.00585,-0.00108,-0.00167,0.00618,0.95368,0.00231,0.00685,3,12308,0,6238,0.00000,0.00000,0.00000,0,0,nan,0,0,0,2631,187491,0,0,0.000,0.000,0.000,0,0.000,0.000,0.000,0,0,4,0,0
PPG,1,94754,3791711552,28,498,511,0.000,0.000,0.000,0,0,0,0,0.00,nan,4,3,1,nan,3,3,24,1,1,2,2,0,0,0,3792902336,0.04102,0.00635,0.95923,0.96013,-0.00532,-0.00001,-0.00141,0.00550,0.96013,0.00536,0.00676,3,12196,0,6238,0.00000,0.00000,0.00000,0,0,nan,0,0,0,4323,187491,0,0,0.000,0.000,0.000,0,0.000,0.000,0.000,0,0,4,0,0
PPG,1,94755,3791751552,25,501,504,0.000,0.000,0.000,0,0,0,0,0.00,nan,4,3,1,nan,3,3,24,1,1,3,3,0,0,0,3792941173,0.03638,0.00391,0.95386,0.95456,-0.00505,-0.00001,-0.00194,0.00541,0.95456,0.00737,0.00571,3,12232,0,6238,0.00000,0.00000,0.00000,0,0,nan,0,0,0,2634,187491,0,0,0.000,0.000,0.000,0,0.000,0.000,0.000,0,0,4,0,0
PPG,1,94756,3791791552,26,487,503,0.000,0.000,0.000,0,0,0,0,0.00,nan,4,3,1,nan,3,3,24,1,1,4,4,0,0,0,3792982667,0.03638,0.00977,0.95288,0.95363,-0.00558,-0.00055,-0.00247,0.00613,0.95469,0.00297,0.00613,3,12237,0,6238,0.00000,0.00000,0.00000,0,0,nan,0,0,0,4326,187491,0,0,0.000,0.000,0.000,0,0.000,0.000,0.000,0,0,4,0,0
PPG,1,94757,3791831552,25,493,508,0.000,0.000,0.000,0,0,0,0,0.00,nan,4,3,1,nan,3,3,24,1,1,5,5,0,0,0,3793021516,0.04028,0.00635,0.95190,0.95278,-0.00479,0.00025,-0.00114,0.00493,0.95513,0.00235,0.00707,3,12245,0,6238,0.00000,0.00000,0.00000,0,0,nan,0,0,0,2615,187491,0,0,0.000,0.000,0.000,0,0.000,0.000,0.000,0,0,4,0,0
PPG,1,94758,3791871552,32,487,509,0.000,0.000,0.000,0,0,0,0,0.00,nan,4,3,1,nan,3,3,24,1,1,6,6,0,0,0,3793062943,0.03809,0.00537,0.95288,0.95366,-0.00505,-0.00215,-0.00141,0.00567,0.95366,0.00605,0.00655,3,12250,0,6238,0.00000,0.00000,0.00000,0,0,nan,0,0,0,4334,187491,0,0,0.000,0.000,0.000,0,0.000,0.000,0.000,0,0,4,0,0
PPG,1,94759,3791911552,25,498,507,0.000,0.000,0.000,0,0,0,0,0.00,nan,4,3,1,nan,3,3,24,1,1,7,7,0,0,0,3793101801,0.03857,0.00391,0.95386,0.95465,-0.00612,-0.00188,-0.00221,0.00677,0.95721,0.00378,0.00691,3,12234,0,6238,0.00000,0.00000,0.00000,0,0,nan,0,0,0,2630,187491,0,0,0.000,0.000,0.000,0,0.000,0.000,0.000,0,0,4,0,0
PPG,1,94760,3791951552,25,490,506,0.000,0.000,0.000,0,0,0,0,0.00,nan,4,3,1,nan,3,3,24,1,1,8,8,0,0,0,3793143254,0.03833,0.00781,0.95435,0.95515,-0.00612,-0.00055,-0.00114,0.00625,0.95796,0.00282,0.00637,3,12238,0,6238,0.00000,0.00000,0.00000,0,0,nan,0,0,0,4338,187491,0,0,0.000,0.000,0.000,0,0.000,0.000,0.000,0,0,4,0,0
PPG,1,94761,3791991552,25,493,509,0.000,0.000,0.000,0,0,0,0,0.00,nan,4,3,1,nan,3,3,24,1,1,9,9,0,0,0,3793182103,0.03931,0.00610,0.94824,0.94908,-0.00532,-0.00108,-0.00141,0.00561,0.95329,0.00558,0.00586,3,12137,0,6238,0.00000,0.00000,0.00000,0,0,nan,0,0,0,4298,187491,0,0,0.000,0.000,0.000,0,0.000,0.000,0.000,0,0,4,0,0
PPG,1,94762,3792031552,25,488,505,0.000,0.000,0.000,0,0,0,0,0.00,nan,4,3,1,nan,3,3,24,1,1,10,10,0,0,0,3793220818,0.04199,0.00757,0.94995,0.95091,-0.00558,-0.00001,-0.00141,0.00576,0.95091,0.00513,0.00647,3,12125,0,6238,0.00000,0.00000,0.00000,0,0,nan,0,0,0,2600,187491,0,0,0.000,0.000,0.000,0,0.000,0.000,0.000,0,0,4,0,0
PPG,1,94763,3792071552,25,503,502,0.000,0.000,0.000,0,0,0,0,0.00,nan,4,3,1,nan,3,3,24,1,1,11,11,0,0,0,3793261977,0.04077,0.00830,0.94336,0.94428,-0.00612,-0.00028,-0.00114,0.00623,0.95673,0.01245,0.00623,3,12129,0,6238,0.00000,0.00000,0.00000,0,0,nan,0,0,0,2617,187491,0,0,0.000,0.000,0.000,0,0.000,0.000,0.000,0,0,4,0,0
PPG,1,94764,3792111552,26,501,519,0.000,0.000,0.000,0,0,0,0,0.00,nan,4,3,1,nan,3,3,24,1,1,12,12,0,0,0,3793303156,0.03516,0.00659,0.94849,0.94916,-0.00532,0.00079,-0.00221,0.00581,0.95536,0.01108,0.00642,3,12120,0,6238,0.00000,0.00000,0.00000,0,0,nan,0,0,0,4303,187491,0,0,0.000,0.000,0.000,0,0.000,0.000,0.000,0,0,4,0,0
PPG,1,94765,3792151552,25,489,512,0.000,0.000,0.000,0,0,0,0,0.00,nan,4,3,1,nan,3,3,24,1,1,13,13,0,0,0,3793341669,0.03589,0.00977,0.94580,0.94653,-0.00612,-0.00081,-0.00061,0.00620,0.95286,0.00370,0.00620,3,12113,0,6238,0.00000,0.00000,0.00000,0,0,nan,0,0,0,2604,187491,0,0,0.000,0.000,0.000,0,0.000,0.000,0.000,0,0,4,0,0
PPG,1,94766,3792191552,25,473,500,0.000,0.000,0.000,0,0,0,0,0.00,nan,4,3,1,nan,3,3,24,1,1,14,14,0,0,0,3793382833,0.03540,0.00732,0.94995,0.95064,-0.00532,-0.00108,-0.00114,0.00554,0.95064,0.00183,0.00606,3,12118,0,6238,0.00000,0.00000,0.00000,0,0,nan,0,0,0,4302,187491,0,0,0.000,0.000,0.000,0,0.000,0.000,0.000,0,0,4,0,0
PPG,1,94767,3792231552,25,492,502,0.000,0.000,0.000,0,0,0,0,0.00,nan,4,3,1,nan,3,3,24,1,1,15,15,0,0,0,3793421372,0.04077,0.00659,0.94849,0.94939,-0.00558,0.00025,-0.00167,0.00583,0.95042,0.00199,0.00661,3,12124,0,6238,0.00000,0.00000,0.00000,0,0,nan,0,0,0,2597,187491,0,0,0.000,0.000,0.000,0,0.000,0.000,0.000,0,0,4,0,0
PPG,1,94768,3792271552,26,495,499,0.000,0.000,0.000,0,0,0,0,0.00,nan,4,3,1,nan,3,3,24,1,1,16,16,0,0,0,3793462518,0.03931,0.00366,0.94141,0.94223,-0.00612,-0.00001,-0.00167,0.00634,0.95394,0.00617,0.00634,3,12112,0,6238,0.00000,0.00000,0.00000,0,0,nan,0,0,0,4297,187491,0,0,0.000,0.000,0.000,0,0.000,0.000,0.000,0,0,4,0,0
PPG,1,94769,3792311552,25,505,514,0.000,0.000,0.000,0,0,0,0,0.00,nan,4,3,1,nan,3,3,24,1,1,17,17,0,0,0,3793501092,0.04272,0.00513,0.94849,0.94946,-0.00505,-0.00028,-0.00247,0.00563,0.95348,0.01115,0.00660,3,12130,0,6238,0.00000,0.00000,0.00000,0,0,nan,0,0,0,2597,187491,0,0,0.000,0.000,0.000,0,0.000,0.000,0.000,0,0,4,0,0
PPG,1,94770,3792351552,25,492,515,0.000,0.000,0.000,0,0,0,0,0.00,nan,4,3,1,nan,3,3,24,1,1,18,18,0,0,0,3793542242,0.03882,0.00635,0.95557,0.95638,-0.00585,-0.00161,-0.00061,0.00610,0.95638,0.00419,0.00683,3,12131,0,6238,0.00000,0.00000,0.00000,0,0,nan,0,0,0,4295,187491,0,0,0.000,0.000,0.000,0,0.000,0.000,0.000,0,0,4,0,0
PPG,1,94771,3792391552,24,475,503,0.000,0.000,0.000,0,0,0,0,0.00,nan,4,3,1,nan,3,3,24,1,1,19,19,0,0,0,3793585014,0.03735,0.00586,0.95288,0.95363,-0.00612,-0.00135,-0.00141,0.00642,0.95370,0.00603,0.00670,3,12181,0,6238,0.00000,0.00000,0.00000,0,0,nan,0,0,0,2586,187491,0,0,0.000,0.000,0.000,0,0.000,0.000,0.000,0,0,4,0,0
PPG,1,94772,3792431552,25,493,503,0.000,0.000,0.000,0,0,0,0,0.00,nan,4,3,1,nan,3,3,24,1,1,20,20,0,0,0,3793623575,0.03955,0.00854,0.95605,0.95691,-0.00558,-0.00135,-0.00167,0.00598,0.95691,0.00400,0.00623,3,12127,0,6238,0.00000,0.00000,0.00000,0,0,nan,0,0,0,4298,187491,0,0,0.000,0.000,0.000,0,0.000,0.000,0.000,0,0,4,0,0
PPG,1,94773,3792471552,28,498,500,0.000,0.000,0.000,0,0,0,0,0.00,nan,4,3,1,nan,3,3,24,1,1,21,21,0,0,0,3793662123,0.04053,0.00220,0.95068,0.95155,-0.00638,0.00025,-0.00167,0.00660,0.95212,0.00760,0.00706,3,12132,0,6238,0.00000,0.00000,0.00000,0,0,nan,0,0,0,4297,187491,0,0,0.000,0.000,0.000,0,0.000,0.000,0.000,0,0,4,0,0
PPG,1,94774,3792511552,25,497,513,0.000,0.000,0.000,0,0,0,0,0.00,nan,4,3,1,nan,3,3,24,1,1,22,22,0,0,0,3793700674,0.03687,0.00415,0.95410,0.95482,-0.00585,-0.00081,-0.00141,0.00607,0.95482,0.00193,0.00671,3,12117,0,6238,0.00000,0.00000,0.00000,0,0,nan,0,0,0,2606,187491,0,0,0.000,0.000,0.000,0,0.000,0.000,0.000,0,0,4,0,0
PPG,1,94775,3792551552,25,481,512,0.000,0.000,0.000,0,0,0,0,0.00,nan,4,3,1,nan,3,3,24,1,1,23,23,0,0,0,3793741796,0.03638,0.00391,0.94873,0.94944,-0.00479,0.00025,-0.00087,0.00487,0.95361,0.00604,0.00642,3,12121,0,6238,0.00000,0.00000,0.00000,0,0,nan,0,0,0,2595,187491,0,0,0.000,0.000,0.000,0,0.000,0.000,0.000,0,0,4,0,0
PPG,1,94776,3792591552,25,481,489,0.000,0.000,0.000,0,0,0,0,0.00,nan,4,3,1,nan,3,3,24,1,1,24,24,0,0,0,3793782993,0.03784,0.00488,0.95215,0.95291,-0.00505,0.00079,-0.00087,0.00519,0.95594,0.00651,0.00635,3,12199,0,6238,0.00000,0.00000,0.00000,0,0,nan,0,0,0,4294,187491,0,0,0.000,0.000,0.000,0,0.000,0.000,0.000,0,0,4,0,0
PPG,1,94777,3792631552,31,483,500,0.000,0.000,0.000,0,0,0,0,0.00,nan,4,3,1,nan,3,3,24,1,1,25,25,0,0,0,3793821496,0.03955,0.00586,0.94995,0.95079,-0.00558,-0.00001,-0.00167,0.00583,0.96176,0.01097,0.00648,3,12110,0,6238,0.00000,0.00000,0.00000,0,0,nan,0,0,0,2599,187491,0,0,0.000,0.000,0.000,0,0.000,0.000,0.000,0,0,4,0,0
PPG,1,94778,3792671552,26,491,510,0.000,0.000,0.000,0,0,0,0,0.00,nan,4,3,1,nan,3,3,24,1,1,26,26,0,0,0,3793862633,0.03882,0.00757,0.95044,0.95126,-0.00612,-0.00108,-0.00194,0.00651,0.95126,0.00166,0.00738,3,12121,0,6238,0.00000,0.00000,0.00000,0,0,nan,0,0,0,4297,187491,0,0,0.000,0.000,0.000,0,0.000,0.000,0.000,0,0,4,0,0
PPG,1,94779,3792711552,25,498,515,0.000,0.000,0.000,0,0,0,0,0.00,nan,4,3,1,nan,3,3,24,1,1,27,27,0,0,0,3793901266,0.03638,0.00635,0.95190,0.95262,-0.00532,-0.00055,-0.00034,0.00536,0.95454,0.00328,0.00625,3,12126,0,6238,0.00000,0.00000,0.00000,0,0,nan,0,0,0,2597,187491,0,0,0.000,0.000,0.000,0,0.000,0.000,0.000,0,0,4,0,0
PPG,1,94780,3792751552,25,492,502,0.000,0.000,0.000,0,0,0,0,0.00,nan,4,3,1,nan,3,3,24,1,1,28,28,0,0,0,3793942413,0.03931,0.00708,0.95532,0.95616,-0.00638,-0.00081,-0.00167,0.00665,0.95616,0.00730,0.00665,3,12122,0,6238,0.00000,0.00000,0.00000,0,0,nan,0,0,0,4294,187491,0,0,0.000,0.000,0.000,0,0.000,0.000,0.000,0,0,4,0,0
PPG,1,94781,3792791552,25,485,487,0.000,0.000,0.000,0,0,0,0,0.00,nan,4,3,1,nan,3,3,24,1,1,29,29,0,0,0,3793980965,0.04004,0.00610,0.95410,0.95496,-0.00558,-0.00028,-0.00087,0.00566,0.95496,0.00325,0.00609,3,12158,0,6238,0.00000,0.00000,0.00000,0,0,nan,0,0,0,2615,187491,0,0,0.000,0.000,0.000,0,0.000,0.000,0.000,0,0,4,0,0
PPG,1,94782,3792831552,25,492,506,0.000,0.000,0.000,0,0,0,0,0.00,nan,4,3,1,nan,3,3,24,1,1,30,30,0,0,0,3794022140,0.03882,0.00635,0.94995,0.95077,-0.00585,-0.00055,-0.00221,0.00628,0.95697,0.00986,0.00628,3,12128,0,6238,0.00000,0.00000,0.00000,0,0,nan,0,0,0,2595,187491,0,0,0.000,0.000,0.000,0,0.000,0.000,0.000,0,0,4,0,0
PPG,1,94783,3792871552,25,488,506,0.000,0.000,0.000,0,0,0,0,0.00,nan,4,3,1,nan,3,3,24,1,1,31,31,0,0,0,3794063253,0.03955,0.00537,0.95435,0.95518,-0.00585,-0.00001,-0.00007,0.00585,0.95828,0.01063,0.00630,3,12117,0,6238,0.00000,0.00000,0.00000,0,0,nan,0,0,0,4314,187491,0,0,0.000,0.000,0.000,0,0.000,0.000,0.000,0,0,4,0,0
PPG,1,94784,3792911552,25,502,522,0.000,0.000,0.000,0,0,0,0,0.00,nan,4,3,1,nan,3,3,24,1,1,0,0,0,0,0,3794101857,0.03906,0.00684,0.94775,0.94858,-0.00505,-0.00028,-0.00194,0.00542,0.95406,0.00548,0.00599,3,12117,0,6238,0.00000,0.00000,0.00000,0,0,nan,0,0,0,2597,187491,0,0,0.000,0.000,0.000,0,0.000,0.000,0.000,0,0,4,0,0
PPG,1,94785,3792951552,25,479,499,0.000,0.000,0.000,0,0,0,0,0.00,nan,4,3,1,nan,3,3,24,1,1,1,1,0,0,0,3794142967,0.03906,0.00049,0.94995,0.95075,-0.00638,0.00025,-0.00167,0.00660,0.95117,0.00160,0.00660,3,12121,0,6238,0.00000,0.00000,0.00000,0,0,nan,0,0,0,4298,187491,0,0,0.000,0.000,0.000,0,0.000,0.000,0.000,0,0,4,0,0
PPG,1,94786,3792991552,35,480,479,0.000,0.000,0.000,0,0,0,0,0.00,nan,4,3,1,nan,3,3,24,1,1,2,2,0,0,0,3794181486,0.04028,0.00317,0.94751,0.94837,-0.00692,-0.00108,-0.00167,0.00720,0.95613,0.01087,0.00720,3,12116,0,6238,0.00000,0.00000,0.00000,0,0,nan,0,0,0,2596,187491,0,0,0.000,0.000,0.000,0,0.000,0.000,0.000,0,0,4,0,0
PPG,1,94787,3793031552,25,496,497,0.000,0.000,0.000,0,0,0,0,0.00,nan,4,3,1,nan,3,3,24,1,1,3,3,0,0,0,3794222697,0.03955,0.00708,0.95166,0.95251,-0.00558,-0.00028,-0.00141,0.00577,0.95251,0.00326,0.00727,3,12120,0,6238,0.00000,0.00000,0.00000,0,0,nan,0,0,0,4296,187491,0,0,0.000,0.000,0.000,0,0.000,0.000,0.000,0,0,4,0,0
PPG,1,94788,3793071552,25,496,514,0.000,0.000,0.000,0,0,0,0,0.00,nan,4,3,1,nan,3,3,24,1,1,4,4,0,0,0,3794261228,0.03955,0.00635,0.95142,0.95226,-0.00612,-0.00108,-0.00167,0.00643,0.95855,0.00863,0.00643,3,12121,0,6238,0.00000,0.00000,0.00000,0,0,nan,0,0,0,2601,187491,0,0,0.000,0.000,0.000,0,0.000,0.000,0.000,0,0,4,0,0
PPG,1,94789,3793111552,25,502,513,0.000,0.000,0.000,0,0,0,0,0.00,nan,4,3,1,nan,3,3,24,1,1,5,5,0,0,0,3794302583,0.03638,0.00781,0.95117,0.95190,-0.00585,0.00025,-0.00247,0.00636,0.95977,0.00751,0.00636,3,12302,0,6238,0.00000,0.00000,0.00000,0,0,nan,0,0,0,4336,187491,0,0,0.000,0.000,0.000,0,0.000,0.000,0.000,0,0,4,0,0
PPG,1,94790,3793151552,30,489,504,0.000,0.000,0.000,0,0,0,0,0.00,nan,4,3,1,nan,3,3,24,1,1,6,6,0,0,0,3794341359,0.04028,0.00879,0.95630,0.95719,-0.00532,-0.00055,-0.00087,0.00542,0.95719,0.00577,0.00662,3,12111,0,6238,0.00000,0.00000,0.00000,0,0,nan,0,0,0,2600,187491,0,0,0.000,0.000,0.000,0,0.000,0.000,0.000,0,0,4,0,0
PPG,1,94791,3793191552,26,493,505,0.000,0.000,0.000,0,0,0,0,0.00,nan,4,3,1,nan,3,3,24,1,1,7,7,0,0,0,3794382549,0.03882,0.00879,0.95190,0.95274,-0.00585,-0.00081,-0.00194,0.00622,0.95274,0.00814,0.00683,3,12109,0,6238,0.00000,0.00000,0.00000,0,0,nan,0,0,0,4295,187491,0,0,0.000,0.000,0.000,0,0.000,0.000,0.000,0,0,4,0,0
PPG,1,94792,3793231552,25,488,491,0.000,0.000,0.000,0,0,0,0,0.00,nan,4,3,1,nan,3,3,24,1,1,8,8,0,0,0,3794421196,0.03931,0.00464,0.94775,0.94858,-0.00558,-0.00108,-0.00061,0.00572,0.95370,0.00413,0.00572,3,12154,0,6238,0.00000,0.00000,0.00000,0,0,nan,0,0,0,2597,187491,0,0,0.000,0.000,0.000,0,0.000,0.000,0.000,0,0,4,0,0
PPG,1,94793,3793271552,25,501,510,0.000,0.000,0.000,0,0,0,0,0.00,nan,4,3,1,nan,3,3,24,1,1,9,9,0,0,0,3794462512,0.03833,0.00342,0.95361,0.95439,-0.00612,-0.00028,-0.00114,0.00623,0.95794,0.00936,0.00667,3,12263,0,6238,0.00000,0.00000,0.00000,0,0,nan,0,0,0,4296,187491,0,0,0.000,0.000,0.000,0,0.000,0.000,0.000,0,0,4,0,0
PPG,1,94794,3793311552,30,496,513,0.000,0.000,0.000,0,0,0,0,0.00,nan,4,3,1,nan,3,3,24,1,1,10,10,0,0,0,3794501321,0.03955,0.00244,0.95068,0.95151,-0.00585,-0.00028,-0.00167,0.00609,0.95151,0.00373,0.00705,3,12415,0,6238,0.00000,0.00000,0.00000,0,0,nan,0,0,0,2618,187491,0,0,0.000,0.000,0.000,0,0.000,0.000,0.000,0,0,4,0,0
PPG,1,94795,3793351552,27,487,509,0.000,0.000,0.000,0,0,0,0,0.00,nan,4,3,1,nan,3,3,24,1,1,11,11,0,0,0,3794542808,0.03760,0.00732,0.95801,0.95877,-0.00638,-0.00055,-0.00141,0.00656,0.95877,0.01149,0.00656,3,12256,0,6238,0.00000,0.00000,0.00000,0,0,nan,0,0,0,4344,187491,0,0,0.000,0.000,0.000,0,0.000,0.000,0.000,0,0,4,0,0
PPG,1,94796,3793391552,27,505,511,0.000,0.000,0.000,0,0,0,0,0.00,nan,4,3,1,nan,3,3,24,1,1,12,12,0,0,0,3794585850,0.04370,0.00464,0.94897,0.94999,-0.00638,0.00025,-0.00061,0.00642,0.95616,0.00734,0.00665,3,12251,0,6238,0.00000,0.00000,0.00000,0,0,nan,0,0,0,2600,187491,0,0,0.000,0.000,0.000,0,0.000,0.000,0.000,0,0,4,0,0
PPG,1,94797,3793431552,26,493,512,0.000,0.000,0.000,0,0,0,0,0.00,nan,4,3,1,nan,3,3,24,1,1,13,13,0,0,0,3794624747,0.03833,0.00732,0.95142,0.95222,-0.00558,-0.00135,-0.00114,0.00586,0.95476,0.00353,0.00644,3,12252,0,6238,0.00000,0.00000,0.00000,0,0,nan,0,0,0,4348,187491,0,0,0.000,0.000,0.000,0,0.000,0.000,0.000,0,0,4,0,0
PPG,1,94798,3793471552,25,494,502,0.000,0.000,0.000,0,0,0,0,0.00,nan,4,3,1,nan,3,3,24,1,1,14,14,0,0,0,3794663673,0.04053,0.00415,0.95166,0.95253,-0.00585,-0.00135,-0.00194,0.00631,0.95880,0.00627,0.00664,3,12244,0,6238,0.00000,0.00000,0.00000,0,0,nan,0,0,0,4321,187491,0,0,0.000,0.000,0.000,0,0.000,0.000,0.000,0,0,4,0,0
PPG,1,94799,3793511552,25,486,499,0.000,0.000,0.000,0,0,0,0,0.00,nan,4,3,1,nan,3,3,24,1,1,15,15,0,0,0,3794702600,0.03589,0.00562,0.95605,0.95674,-0.00585,-0.00108,-0.00114,0.00606,0.95674,0.00549,0.00636,3,12305,0,6238,0.00000,0.00000,0.00000,0,0,nan,0,0,0,4332,187491,0,0,0.000,0.000,0.000,0,0.000,0.000,0.000,0,0,4,0,0
PPG,1,94800,3793551552,35,488,505,0.000,0.000,0.000,0,0,0,0,0.00,nan,4,3,1,nan,3,3,24,1,1,16,16,0,0,0,3794741482,0.03662,0.00830,0.94946,0.95021,-0.00452,-0.00028,-0.00141,0.00474,0.95303,0.01041,0.00556,3,12237,0,6238,0.00000,0.00000,0.00000,0,0,nan,0,0,0,2618,187491,0,0,0.000,0.000,0.000,0,0.000,0.000,0.000,0,0,4,0,0
PPG,1,94801,3793591552,29,496,498,0.000,0.000,0.000,0,0,0,0,0.00,nan,4,3,1,nan,3,3,24,1,1,17,17,0,0,0,3794782941,0.03735,0.00977,0.95386,0.95464,-0.00612,0.00025,-0.00247,0.00660,0.95464,0.00454,0.00660,3,12276,0,6238,0.00000,0.00000,0.00000,0,0,nan,0,0,0,4334,187491,0,0,0.000,0.000,0.000,0,0.000,0.000,0.000,0,0,4,0,0
PPG,1,94802,3793631552,26,487,509,0.000,0.000,0.000,0,0,0,0,0.00,nan,4,3,1,nan,3,3,24,1,1,18,18,0,0,0,3794821877,0.03589,0.00439,0.95190,0.95259,-0.00558,-0.00028,-0.00167,0.00584,0.95641,0.00382,0.00617,3,12256,0,6238,0.00000,0.00000,0.00000,0,0,nan,0,0,0,2617,187491,0,0,0.000,0.000,0.000,0,0.000,0.000,0.000,0,0,4,0,0
PPG,1,94803,3793671552,26,488,509,0.000,0.000,0.000,0,0,0,0,0.00,nan,4,3,1,nan,3,3,24,1,1,19,19,0,0,0,3794863306,0.04150,0.00977,0.95288,0.95383,-0.00612,-0.00161,-0.00247,0.00679,0.95383,0.00313,0.00679,3,12242,0,6238,0.00000,0.00000,0.00000,0,0,nan,0,0,0,4348,187491,0,0,0.000,0.000,0.000,0,0.000,0.000,0.000,0,0,4,0,0
PPG,1,94804,3793711552,25,489,508,0.000,0.000,0.000,0,0,0,0,0.00,nan,4,3,1,nan,3,3,24,1,1,20,20,0,0,0,3794937978,0.03540,0.00708,0.94434,0.94503,-0.00612,-0.00108,-0.00221,0.00659,0.95181,0.00678,0.00662,2,60342,0,6243,0.00000,0.00000,0.00000,0,0,nan,0,0,0,60364,187491,0,0,0.000,0.000,0.000,0,0.000,0.000,0.000,0,0,4,0,0
PPG,1,94805,3793751552,25,489,509,0.000,0.000,0.000,0,0,0,0,0.00,nan,4,3,1,nan,3,3,24,1,1,21,21,0,0,0,3794937978,0.03540,0.00708,0.94434,0.94503,-0.00612,-0.00108,-0.00221,0.00659,0.00000,0.00000,0.00000,0,60342,0,6243,0.00000,0.00000,0.00000,0,0,nan,0,0,0,11732,187491,0,0,0.000,0.000,0.000,0,0.000,0.000,0.000,0,0,4,0,0
PPG,1,94806,3793791552,26,488,501,0.000,0.000,0.000,0,0,0,0,0.00,nan,4,3,1,nan,3,3,24,1,1,22,22,0,0,0,3794984150,0.04126,0.00415,0.95166,0.95256,-0.00558,0.00025,-0.00167,0.00583,0.95751,0.01248,0.00633,3,12252,0,6244,0.00000,0.00000,0.00000,0,0,nan,0,0,0,4324,187491,0,0,0.000,0.000,0.000,0,0.000,0.000,0.000,0,0,4,0,0
PPG,1,94807,3793831552,26,495,506,0.000,0.000,0.000,0,0,0,0,0.00,nan,4,3,1,nan,3,3,24,1,1,23,23,0,0,0,3795022979,0.03687,0.00317,0.94580,0.94652,-0.00692,-0.00028,-0.00167,0.00712,0.95781,0.00961,0.00712,3,12225,0,6244,0.00000,0.00000,0.00000,0,0,nan,0,0,0,4327,187491,0,0,0.000,0.000,0.000,0,0.000,0.000,0.000,0,0,4,0,0
PPG,1,94808,3793871552,26,491,523,0.000,0.000,0.000,0,0,0,0,0.00,nan,4,3,1,nan,3,3,24,1,1,24,24,0,0,0,3795061797,0.04028,0.00781,0.95142,0.95230,-0.00505,-0.00055,-0.00061,0.00512,0.95261,0.00360,0.00738,3,12234,0,6244,0.00000,0.00000,0.00000,0,0,nan,0,0,0,2626,187491,0,0,0.000,0.000,0.000,0,0.000,0.000,0.000,0,0,4,0,0
PPG,1,94809,3793911552,37,484,507,0.000,0.000,0.000,0,0,0,0,0.00,nan,4,3,1,nan,3,3,24,1,1,25,25,0,0,0,3795103239,0.04126,0.00391,0.95068,0.95159,-0.00558,-0.00081,-0.00167,0.00589,0.95301,0.00120,0.00649,3,12229,0,6244,0.00000,0.00000,0.00000,0,0,nan,0,0,0,4376,187491,0,0,0.000,0.000,0.000,0,0.000,0.000,0.000,0,0,4,0,0
PPG,1,94810,3793951552,26,484,503,0.000,0.000,0.000,0,0,0,0,0.00,nan,4,3,1,nan,3,3,24,1,1,26,26,0,0,0,3795142031,0.03662,0.00537,0.94604,0.94677,-0.00585,-0.00001,-0.00087,0.00592,0.95567,0.00933,0.00592,3,12143,0,6244,0.00000,0.00000,0.00000,0,0,nan,0,0,0,2663,187491,0,0,0.000,0.000,0.000,0,0.000,0.000,0.000,0,0,4,0,0
PPG,1,94811,3793991552,25,499,524,0.000,0.000,0.000,0,0,0,0,0.00,nan,4,3,1,nan,3,3,24,1,1,27,27,0,0,0,3795183352,0.04419,0.00244,0.94775,0.94879,-0.00638,-0.00055,-0.00141,0.00656,0.95864,0.01187,0.00673,3,12116,0,6244,0.00000,0.00000,0.00000,0,0,nan,0,0,0,4333,187491,0,0,0.000,0.000,0.000,0,0.000,0.000,0.000,0,0,4,0,0
PPG,1,94812,3794031552,26,487,508,0.000,0.000,0.000,0,0,0,0,0.00,nan,4,3,1,nan,3,3,24,1,1,28,28,0,0,0,3795221936,0.03906,0.00610,0.94702,0.94785,-0.00558,-0.00055,-0.00194,0.00594,0.95510,0.00725,0.00632,3,12158,0,6244,0.00000,0.00000,0.00000,0,0,nan,0,0,0,2595,187491,0,0,0.000,0.000,0.000,0,0.000,0.000,0.000,0,0,4,0,0
PPG,1,94813,3794071552,26,496,512,0.000,0.000,0.000,0,0,0,0,0.00,nan,4,3,1,nan,3,3,24,1,1,29,29,0,0,0,3795263068,0.04102,0.00439,0.95288,0.95377,-0.00612,-0.00028,-0.00114,0.00623,0.95584,0.00800,0.00630,3,12121,0,6244,0.00000,0.00000,0.00000,0,0,nan,0,0,0,4302,187491,0,0,0.000,0.000,0.000,0,0.000,0.000,0.000,0,0,4,0,0
PPG,1,94814,3794111552,26,499,512,0.000,0.000,0.000,0,0,0,0,0.00,nan,4,3,1,nan,3,3,24,1,1,30,30,0,0,0,3795301609,0.03906,0.00830,0.95142,0.95225,-0.00505,0.00025,-0.00141,0.00525,0.95225,0.00562,0.00627,3,12130,0,6244,0.00000,0.00000,0.00000,0,0,nan,0,0,0,2598,187491,0,0,0.000,0.000,0.000,0,0.000,0.000,0.000,0,0,4,0,0
PPG,1,94815,3794151552,25,483,511,0.000,0.000,0.000,0,0,0,0,0.00,nan,4,3,1,nan,3,3,24,1,1,31,31,0,0,0,3795342745,0.03857,0.00830,0.95142,0.95223,-0.00692,0.00025,-0.00194,0.00719,0.95223,0.00231,0.00719,3,12119,0,6244,0.00000,0.00000,0.00000,0,0,nan,0,0,0,4294,187491,0,0,0.000,0.000,0.000,0,0.000,0.000,0.000,0,0,4,0,0
PPG,1,94816,3794191552,25,480,500,0.000,0.000,0.000,0,0,0,0,0.00,nan,4,3,1,nan,3,3,24,1,1,0,0,0,0,0,3795381264,0.04126,0.00684,0.95264,0.95355,-0.00532,-0.00081,-0.00247,0.00592,0.95355,0.00301,0.00686,3,12120,0,6244,0.00000,0.00000,0.00000,0,0,nan,0,0,0,2597,187491,0,0,0.000,0.000,0.000,0,0.000,0.000,0.000,0,0,4,0,0
PPG,1,94817,3794231552,26,480,508,0.000,0.000,0.000,0,0,0,0,0.00,nan,4,3,1,nan,3,3,24,1,1,1,1,0,0,0,3795422410,0.03833,0.00635,0.94873,0.94953,-0.00585,-0.00001,-0.00087,0.00592,0.95315,0.00282,0.00654,3,12161,0,6244,0.00000,0.00000,0.00000,0,0,nan,0,0,0,2595,187491,0,0,0.000,0.000,0.000,0,0.000,0.000,0.000,0,0,4,0,0
PPG,1,94818,3794271552,25,484,498,0.000,0.000,0.000,0,0,0,0,0.00,nan,4,3,1,nan,3,3,24,1,1,2,2,0,0,0,3795463527,0.03809,0.00635,0.95557,0.95635,-0.00558,-0.00108,-0.00194,0.00601,0.95681,0.00729,0.00601,3,12115,0,6244,0.00000,0.00000,0.00000,0,0,nan,0,0,0,4299,187491,0,0,0.000,0.000,0.000,0,0.000,0.000,0.000,0,0,4,0,0
PPG,1,94819,3794311552,26,505,507,0.000,0.000,0.000,0,0,0,0,0.00,nan,4,3,1,nan,3,3,24,1,1,3,3,0,0,0,3795502052,0.03760,0.00757,0.94849,0.94926,-0.00505,-0.00001,-0.00141,0.00524,0.95854,0.00465,0.00664,3,12119,0,6244,0.00000,0.00000,0.00000,0,0,nan,0,0,0,2599,187491,0,0,0.000,0.000,0.000,0,0.000,0.000,0.000,0,0,4,0,0
PPG,1,94820,3794351552,25,508,515,0.000,0.000,0.000,0,0,0,0,0.00,nan,4,3,1,nan,3,3,24,1,1,4,4,0,0,0,3795543227,0.03711,0.00659,0.94946,0.95021,-0.00638,-0.00055,-0.00061,0.00644,0.95226,0.00300,0.00644,3,12121,0,6244,0.00000,0.00000,0.00000,0,0,nan,0,0,0,4298,187491,0,0,0.000,0.000,0.000,0,0.000,0.000,0.000,0,0,4,0,0
PPG,1,94821,3794391552,23,496,515,0.000,0.000,0.000,0,0,0,0,0.00,nan,4,3,1,nan,3,3,24,1,1,5,5,0,0,0,3795585881,0.03955,0.00586,0.95020,0.95104,-0.00532,0.00052,-0.00274,0.00600,0.95388,0.00356,0.00600,3,12153,0,6244,0.00000,0.00000,0.00000,0,0,nan,0,0,0,2590,187491,0,0,0.000,0.000,0.000,0,0.000,0.000,0.000,0,0,4,0,0
PPG,1,94822,3794431552,25,492,501,0.000,0.000,0.000,0,0,0,0,0.00,nan,4,3,1,nan,3,3,24,1,1,6,6,0,0,0,3795624478,0.04102,0.01074,0.94678,0.94773,-0.00585,-0.00108,-0.00141,0.00611,0.95411,0.00638,0.00617,3,12167,0,6244,0.00000,0.00000,0.00000,0,0,nan,0,0,0,4295,187491,0,0,0.000,0.000,0.000,0,0.000,0.000,0.000,0,0,4,0,0
PPG,1,94823,3794471552,35,481,497,0.000,0.000,0.000,0,0,0,0,0.00,nan,4,3,1,nan,3,3,24,1,1,7,7,0,0,0,3795662996,0.04102,0.00757,0.94849,0.94940,-0.00612,-0.00001,-0.00221,0.00650,0.95650,0.00710,0.00650,3,12117,0,6244,0.00000,0.00000,0.00000,0,0,nan,0,0,0,4295,187491,0,0,0.000,0.000,0.000,0,0.000,0.000,0.000,0,0,4,0,0
PPG,1,94824,3794511552,25,487,514,0.000,0.000,0.000,0,0,0,0,0.00,nan,4,3,1,nan,3,3,24,1,1,8,8,0,0,0,3795701536,0.04126,0.00732,0.95288,0.95380,-0.00532,0.00052,-0.00114,0.00546,0.95380,0.00397,0.00628,3,12110,0,6244,0.00000,0.00000,0.00000,0,0,nan,0,0,0,2599,187491,0,0,0.000,0.000,0.000,0,0.000,0.000,0.000,0,0,4,0,0
PPG,1,94825,3794551552,26,506,509,0.000,0.000,0.000,0,0,0,0,0.00,nan,4,3,1,nan,3,3,24,1,1,9,9,0,0,0,3795742723,0.04077,0.00903,0.95508,0.95599,-0.00585,-0.00135,-0.00141,0.00617,0.95599,0.00819,0.00658,3,12119,0,6244,0.00000,0.00000,0.00000,0,0,nan,0,0,0,4299,187491,0,0,0.000,0.000,0.000,0,0.000,0.000,0.000,0,0,4,0,0
PPG,1,94826,3794591552,25,495,508,0.000,0.000,0.000,0,0,0,0,0.00,nan,4,3,1,nan,3,3,24,1,1,10,10,0,0,0,3795781264,0.03784,0.00293,0.94824,0.94900,-0.00718,-0.00001,-0.00141,0.00732,0.95242,0.00731,0.00732,3,12126,0,6244,0.00000,0.00000,0.00000,0,0,nan,0,0,0,2597,187491,0,0,0.000,0.000,0.000,0,0.000,0.000,0.000,0,0,4,0,0
PPG,1,94827,3794631552,25,481,505,0.000,0.000,0.000,0,0,0,0,0.00,nan,4,3,1,nan,3,3,24,1,1,11,11,0,0,0,3795822390,0.03491,0.00610,0.95190,0.95256,-0.00585,-0.00055,-0.00087,0.00594,0.95318,0.00951,0.00620,3,12136,0,6244,0.00000,0.00000,0.00000,0,0,nan,0,0,0,2611,187491,0,0,0.000,0.000,0.000,0,0.000,0.000,0.000,0,0,4,0,0
PPG,1,94828,3794671552,25,480,498,0.000,0.000,0.000,0,0,0,0,0.00,nan,4,3,1,nan,3,3,24,1,1,12,12,0,0,0,3795863519,0.03760,0.01074,0.95361,0.95441,-0.00638,-0.00081,-0.00141,0.00659,0.95441,0.00319,0.00692,3,12112,0,6244,0.00000,0.00000,0.00000,0,0,nan,0,0,0,4297,187491,0,0,0.000,0.000,0.000,0,0.000,0.000,0.000,0,0,4,0,0
PPG,1,94829,3794711552,25,489,492,0.000,0.000,0.000,0,0,0,0,0.00,nan,4,3,1,nan,3,3,24,1,1,13,13,0,0,0,3795902054,0.04224,0.00562,0.95020,0.95115,-0.00585,-0.00108,-0.00114,0.00606,0.95566,0.00451,0.00623,3,12125,0,6244,0.00000,0.00000,0.00000,0,0,nan,0,0,0,2598,187491,0,0,0.000,0.000,0.000,0,0.000,0.000,0.000,0,0,4,0,0
PPG,1,94830,3794751552,25,488,504,0.000,0.000,0.000,0,0,0,0,0.00,nan,4,3,1,nan,3,3,24,1,1,14,14,0,0,0,3795943241,0.03931,0.00171,0.95190,0.95272,-0.00532,-0.00055,-0.00194,0.00569,0.95605,0.00334,0.00581,3,12114,0,6244,0.00000,0.00000,0.00000,0,0,nan,0,0,0,4295,187491,0,0,0.000,0.000,0.000,0,0.000,0.000,0.000,0,0,4,0,0
PPG,1,94831,3794791552,25,498,512,0.000,0.000,0.000,0,0,0,0,0.00,nan,4,3,1,nan,3,3,24,1,1,15,15,0,0,0,3795981749,0.03735,0.00269,0.95239,0.95313,-0.00585,-0.00001,-0.00221,0.00625,0.95313,0.00274,0.00625,3,12124,0,6244,0.00000,0.00000,0.00000,0,0,nan,0,0,0,2603,187491,0,0,0.000,0.000,0.000,0,0.000,0.000,0.000,0,0,4,0,0
PPG,1,94832,3794831552,25,512,518,0.000,0.000,0.000,0,0,0,0,0.00,nan,4,3,1,nan,3,3,24,1,1,16,16,0,0,0,3796022854,0.03906,0.00391,0.95288,0.95369,-0.00665,-0.00215,-0.00141,0.00713,0.95369,0.00481,0.00713,3,12111,0,6244,0.00000,0.00000,0.00000,0,0,nan,0,0,0,4308,187491,0,0,0.000,0.000,0.000,0,0.000,0.000,0.000,0,0,4,0,0
PPG,1,94833,3794871552,26,503,518,0.000,0.000,0.000,0,0,0,0,0.00,nan,4,3,1,nan,3,3,24,1,1,17,17,0,0,0,3796061446,0.04077,0.00781,0.95947,0.96037,-0.00638,-0.00001,-0.00114,0.00648,0.96037,0.00775,0.00657,3,12129,0,6244,0.00000,0.00000,0.00000,0,0,nan,0,0,0,2606,187491,0,0,0.000,0.000,0.000,0,0.000,0.000,0.000,0,0,4,0,0
PPG,1,94834,3794911552,25,476,489,0.000,0.000,0.000,0,0,0,0,0.00,nan,4,3,1,nan,3,3,24,1,1,18,18,0,0,0,3796102606,0.03394,0.00806,0.94873,0.94937,-0.00558,-0.00081,-0.00114,0.00576,0.95666,0.00811,0.00673,3,12131,0,6244,0.00000,0.00000,0.00000,0,0,nan,0,0,0,2604,187491,0,0,0.000,0.000,0.000,0,0.000,0.000,0.000,0,0,4,0,0
PPG,1,94835,3794951552,25,487,496,0.000,0.000,0.000,0,0,0,0,0.00,nan,4,3,1,nan,3,3,24,1,1,19,19,0,0,0,3796143799,0.04077,0.00635,0.95117,0.95207,-0.00585,-0.00055,-0.00007,0.00588,0.95338,0.00401,0.00649,3,12170,0,6244,0.00000,0.00000,0.00000,0,0,nan,0,0,0,4308,187491,0,0,0.000,0.000,0.000,0,0.000,0.000,0.000,0,0,4,0,0
PPG,1,94836,3794991552,25,500,522,0.000,0.000,0.000,0,0,0,0,0.00,nan,4,3,1,nan,3,3,24,1,1,20,20,0,0,0,3796182337,0.04077,0.00342,0.95044,0.95132,-0.00345,-0.00028,-0.00167,0.00385,0.95999,0.00793,0.00637,3,12112,0,6244,0.00000,0.00000,0.00000,0,0,nan,0,0,0,2597,187491,0,0,0.000,0.000,0.000,0,0.000,0.000,0.000,0,0,4,0,0
PPG,1,94837,3795031552,25,495,516,0.000,0.000,0.000,0,0,0,0,0.00,nan,4,3,1,nan,3,3,24,1,1,21,21,0,0,0,3796223456,0.03979,0.00366,0.94946,0.95030,-0.00505,-0.00081,-0.00034,0.00513,0.95472,0.00368,0.00676,3,12113,0,6244,0.00000,0.00000,0.00000,0,0,nan,0,0,0,4300,187491,0,0,0.000,0.000,0.000,0,0.000,0.000,0.000,0,0,4,0,0
PPG,1,94838,3795071552,26,485,515,0.000,0.000,0.000,0,0,0,0,0.00,nan,4,3,1,nan,3,3,24,1,1,22,22,0,0,0,3796262469,0.04126,0.00830,0.94873,0.94966,-0.00612,-0.00055,-0.00167,0.00637,0.95401,0.00371,0.00720,3,12265,0,6244,0.00000,0.00000,0.00000,0,0,nan,0,0,0,2601,187491,0,0,0.000,0.000,0.000,0,0.000,0.000,0.000,0,0,4,0,0
PPG,1,94839,3795111552,25,495,515,0.000,0.000,0.000,0,0,0,0,0.00,nan,4,3,1,nan,3,3,24,1,1,23,23,0,0,0,3796303648,0.04028,0.00879,0.94849,0.94938,-0.00479,0.00025,-0.00141,0.00499,0.96186,0.01248,0.00651,3,12175,0,6244,0.00000,0.00000,0.00000,0,0,nan,0,0,0,4303,187491,0,0,0.000,0.000,0.000,0,0.000,0.000,0.000,0,0,4,0,0
PPG,1,94840,3795151552,25,496,496,0.000,0.000,0.000,0,0,0,0,0.00,nan,4,3,1,nan,3,3,24,1,1,24,24,0,0,0,3796342235,0.03369,0.00342,0.94482,0.94543,-0.00612,-0.00161,-0.00221,0.00670,0.94891,0.00345,0.00670,3,12187,0,6244,0.00000,0.00000,0.00000,0,0,nan,0,0,0,2595,187491,0,0,0.000,0.000,0.000,0,0.000,0.000,0.000,0,0,4,0,0
PPG,1,94841,3795191552,25,498,506,0.000,0.000,0.000,0,0,0,0,0.00,nan,4,3,1,nan,3,3,24,1,1,25,25,0,0,0,3796383481,0.03906,0.00610,0.95117,0.95199,-0.00638,-0.00001,-0.00167,0.00660,0.95199,0.00325,0.00673,3,12109,0,6244,0.00000,0.00000,0.00000,0,0,nan,0,0,0,4295,187491,0,0,0.000,0.000,0.000,0,0.000,0.000,0.000,0,0,4,0,0
PPG,1,94842,3795231552,25,495,518,0.000,0.000,0.000,0,0,0,0,0.00,nan,4,3,1,nan,3,3,24,1,1,26,26,0,0,0,3796422118,0.04126,0.00757,0.94873,0.94966,-0.00532,-0.00081,-0.00061,0.00541,0.95592,0.00670,0.00578,3,12138,0,6244,0.00000,0.00000,0.00000,0,0,nan,0,0,0,2606,187491,0,0,0.000,0.000,0.000,0,0.000,0.000,0.000,0,0,4,0,0
PPG,1,94843,3795271552,26,480,498,0.000,0.000,0.000,0,0,0,0,0.00,nan,4,3,1,nan,3,3,24,1,1,27,27,0,0,0,3796463679,0.03638,0.00732,0.94824,0.94897,-0.00532,0.00105,-0.00141,0.00560,0.95149,0.00183,0.00611,3,12265,0,6244,0.00000,0.00000,0.00000,0,0,nan,0,0,0,4337,187491,0,0,0.000,0.000,0.000,0,0.000,0.000,0.000,0,0,4,0,0
PPG,1,94844,3795311552,25,498,509,0.000,0.000,0.000,0,0,0,0,0.00,nan,4,3,1,nan,3,3,24,1,1,28,28,0,0,0,3796502633,0.03809,0.00220,0.95435,0.95511,-0.00692,0.00052,-0.00061,0.00696,0.96050,0.00849,0.00696,3,12260,0,6244,0.00000,0.00000,0.00000,0,0,nan,0,0,0,2637,187491,0,0,0.000,0.000,0.000,0,0.000,0.000,0.000,0,0,4,0,0
PPG,1,94845,3795351552,27,494,514,0.000,0.000,0.000,0,0,0,0,0.00,nan,4,3,1,nan,3,3,24,1,1,29,29,0,0,0,3796544075,0.04297,0.00977,0.95093,0.95195,-0.00638,-0.00028,-0.00167,0.00661,0.95195,0.00437,0.00728,3,12228,0,6244,0.00000,0.00000,0.00000,0,0,nan,0,0,0,4349,187491,0,0,0.000,0.000,0.000,0,0.000,0.000,0.000,0,0,4,0,0
PPG,1,94846,3795391552,24,500,507,0.000,0.000,0.000,0,0,0,0,0.00,nan,4,3,1,nan,3,3,24,1,1,30,30,0,0,0,3796587371,0.03809,0.00244,0.95166,0.95243,-0.00558,-0.00108,-0.00034,0.00570,0.95243,0.00668,0.00697,3,12291,0,6244,0.00000,0.00000,0.00000,0,0,nan,0,0,0,2616,187491,0,0,0.000,0.000,0.000,0,0.000,0.000,0.000,0,0,4,0,0
PPG,1,94847,3795431552,24,482,504,0.000,0.000,0.000,0,0,0,0,0.00,nan,4,3,1,nan,3,3,24,1,1,31,31,0,0,0,3796626295,0.03613,0.00635,0.95386,0.95456,-0.00612,-0.00108,-0.00141,0.00637,0.95456,0.00418,0.00670,3,12262,0,6244,0.00000,0.00000,0.00000,0,0,nan,0,0,0,2615,187491,0,0,0.000,0.000,0.000,0,0.000,0.000,0.000,0,0,4,0,0
PPG,1,94848,3795471552,25,498,504,0.000,0.000,0.000,0,0,0,0,0.00,nan,4,3,1,nan,3,3,24,1,1,0,0,0,0,0,3796665217,0.03931,0.00415,0.95068,0.95150,-0.00505,-0.00135,-0.00114,0.00535,0.95697,0.01271,0.00609,3,12262,0,6244,0.00000,0.00000,0.00000,0,0,nan,0,0,0,4340,187491,0,0,0.000,0.000,0.000,0,0.000,0.000,0.000,0,0,4,0,0
PPG,1,94849,3795511552,28,495,506,0.000,0.000,0.000,0,0,0,0,0.00,nan,4,3,1,nan,3,3,24,1,1,1,1,0,0,0,3796703996,0.04053,0.00586,0.94702,0.94791,-0.00665,-0.00028,-0.00194,0.00693,0.95454,0.00531,0.00693,3,12239,0,6244,0.00000,0.00000,0.00000,0,0,nan,0,0,0,4319,187491,0,0,0.000,0.000,0.000,0,0.000,0.000,0.000,0,0,4,0,0
PPG,1,94850,3795551552,26,501,519,0.000,0.000,0.000,0,0,0,0,0.00,nan,4,3,1,nan,3,3,24,1,1,2,2,0,0,0,3796742883,0.04053,0.00537,0.95093,0.95181,-0.00532,-0.00135,-0.00141,0.00566,0.95405,0.00510,0.00602,3,12252,0,6244,0.00000,0.00000,0.00000,0,0,nan,0,0,0,2638,187491,0,0,0.000,0.000,0.000,0,0.000,0.000,0.000,0,0,4,0,0
PPG,1,94851,3795591552,25,483,504,0.000,0.000,0.000,0,0,0,0,0.00,nan,4,3,1,nan,3,3,24,1,1,3,3,0,0,0,3796784355,0.03564,0.00195,0.94507,0.94574,-0.00718,-0.00055,-0.00114,0.00729,0.95573,0.00999,0.00729,3,12191,0,6244,0.00000,0.00000,0.00000,0,0,nan,0,0,0,4335,187491,0,0,0.000,0.000,0.000,0,0.000,0.000,0.000,0,0,4,0,0
PPG,1,94852,3795631552,26,481,499,0.000,0.000,0.000,0,0,0,0,0.00,nan,4,3,1,nan,3,3,24,1,1,4,4,0,0,0,3796823175,0.03906,0.00439,0.95581,0.95662,-0.00452,-0.00001,-0.00061,0.00456,0.95730,0.01156,0.00614,3,12219,0,6244,0.00000,0.00000,0.00000,0,0,nan,0,0,0,4333,187491,0,0,0.000,0.000,0.000,0,0.000,0.000,0.000,0,0,4,0,0
PPG,1,94853,3795671552,25,488,502,0.000,0.000,0.000,0,0,0,0,0.00,nan,4,3,1,nan,3,3,24,1,1,5,5,0,0,0,3796862047,0.03589,0.00146,0.95020,0.95087,-0.00558,-0.00135,-0.00141,0.00591,0.95473,0.00386,0.00635,3,12262,0,6244,0.00000,0.00000,0.00000,0,0,nan,0,0,0,2627,187491,0,0,0.000,0.000,0.000,0,0.000,0.000,0.000,0,0,4,0,0
PPG,1,94854,3795711552,25,489,506,0.000,0.000,0.000,0,0,0,0,0.00,nan,4,3,1,nan,3,3,24,1,1,6,6,0,0,0,3796903523,0.04004,0.00659,0.95508,0.95594,-0.00638,0.00025,-0.00141,0.00654,0.95594,0.00422,0.00654,3,12233,0,6244,0.00000,0.00000,0.00000,0,0,nan,0,0,0,4312,187491,0,0,0.000,0.000,0.000,0,0.000,0.000,0.000,0,0,4,0,0
PPG,1,94855,3795751552,26,501,512,0.000,0.000,0.000,0,0,0,0,0.00,nan,4,3,1,nan,3,3,24,1,1,7,7,0,0,0,3796942308,0.03760,0.00659,0.95337,0.95413,-0.00585,-0.00001,-0.00221,0.00625,0.95755,0.00446,0.00784,3,12234,0,6244,0.00000,0.00000,0.00000,0,0,nan,0,0,0,2656,187491,0,0,0.000,0.000,0.000,0,0.000,0.000,0.000,0,0,4,0,0
PPG,1,94856,3795791552,25,488,503,0.000,0.000,0.000,0,0,0,0,0.00,nan,4,3,1,nan,3,3,24,1,1,8,8,0,0,0,3796983809,0.03638,0.00513,0.95557,0.95627,-0.00612,-0.00055,-0.00167,0.00637,0.95627,0.00324,0.00637,3,12228,0,6244,0.00000,0.00000,0.00000,0,0,nan,0,0,0,4337,187491,0,0,0.000,0.000,0.000,0,0.000,0.000,0.000,0,0,4,0,0
PPG,1,94857,3795831552,25,480,505,0.000,0.000,0.000,0,0,0,0,0.00,nan,4,3,1,nan,3,3,24,1,1,9,9,0,0,0,3797022659,0.03979,0.00366,0.94922,0.95006,-0.00612,-0.00135,-0.00141,0.00642,0.95252,0.01023,0.00642,3,12243,0,6244,0.00000,0.00000,0.00000,0,0,nan,0,0,0,2647,187491,0,0,0.000,0.000,0.000,0,0.000,0.000,0.000,0,0,4,0,0
PPG,1,94858,3795871552,39,497,508,0.000,0.000,0.000,0,0,0,0,0.00,nan,4,3,1,nan,3,3,24,1,1,10,10,0,0,0,3797064153,0.03784,0.00806,0.95313,0.95391,-0.00558,-0.00108,-0.00114,0.00580,0.95391,0.00186,0.00644,3,12137,0,6244,0.00000,0.00000,0.00000,0,0,nan,0,0,0,4307,187491,0,0,0.000,0.000,0.000,0,0.000,0.000,0.000,0,0,4,0,0
PPG,1,94859,3795911552,25,493,515,0.000,0.000,0.000,0,0,0,0,0.00,nan,4,3,1,nan,3,3,24,1,1,11,11,0,0,0,3797102948,0.03418,0.00732,0.94946,0.95011,-0.00638,-0.00108,-0.00167,0.00669,0.95537,0.00312,0.00669,3,12114,0,6244,0.00000,0.00000,0.00000,0,0,nan,0,0,0,2594,187491,0,0,0.000,0.000,0.000,0,0.000,0.000,0.000,0,0,4,0,0
PPG,1,94860,3795951552,25,495,506,0.000,0.000,0.000,0,0,0,0,0.00,nan,4,3,1,nan,3,3,24,1,1,12,12,0,0,0,3797144085,0.03833,0.01025,0.95459,0.95541,-0.00585,-0.00081,-0.00141,0.00607,0.95541,0.00501,0.00693,3,12125,0,6244,0.00000,0.00000,0.00000,0,0,nan,0,0,0,4308,187491,0,0,0.000,0.000,0.000,0,0.000,0.000,0.000,0,0,4,0,0
PPG,1,94861,3795991552,25,506,523,0.000,0.000,0.000,0,0,0,0,0.00,nan,4,3,1,nan,3,3,24,1,1,13,13,0,0,0,3797182649,0.03931,0.01221,0.95020,0.95109,-0.00532,-0.00055,-0.00194,0.00569,0.95343,0.00346,0.00635,3,12121,0,6244,0.00000,0.00000,0.00000,0,0,nan,0,0,0,2606,187491,0,0,0.000,0.000,0.000,0,0.000,0.000,0.000,0,0,4,0,0
PPG,1,94862,3796031552,25,490,509,0.000,0.000,0.000,0,0,0,0,0.00,nan,4,3,1,nan,3,3,24,1,1,14,14,0,0,0,3797223774,0.03809,0.00659,0.95068,0.95147,-0.00638,-0.00055,-0.00221,0.00678,0.95381,0.00272,0.00678,3,12125,0,6244,0.00000,0.00000,0.00000,0,0,nan,0,0,0,4317,187491,0,0,0.000,0.000,0.000,0,0.000,0.000,0.000,0,0,4,0,0
PPG,1,94863,3796071552,26,479,500,0.000,0.000,0.000,0,0,0,0,0.00,nan,4,3,1,nan,3,3,24,1,1,15,15,0,0,0,3797262376,0.04004,0.00269,0.95044,0.95129,-0.00585,-0.00055,-0.00114,0.00599,0.95526,0.00379,0.00642,3,12186,0,6244,0.00000,0.00000,0.00000,0,0,nan,0,0,0,2605,187491,0,0,0.000,0.000,0.000,0,0.000,0.000,0.000,0,0,4,0,0
PPG,1,94864,3796111552,25,487,503,0.000,0.000,0.000,0,0,0,0,0.00,nan,4,3,1,nan,3,3,24,1,1,16,16,0,0,0,3797303487,0.03833,0.00439,0.94873,0.94951,-0.00505,-0.00001,-0.00141,0.00524,0.95387,0.00611,0.00659,3,12115,0,6244,0.00000,0.00000,0.00000,0,0,nan,0,0,0,4297,187491,0,0,0.000,0.000,0.000,0,0.000,0.000,0.000,0,0,4,0,0
PPG,1,94865,3796151552,25,498,509,0.000,0.000,0.000,0,0,0,0,0.00,nan,4,3,1,nan,3,3,24,1,1,17,17,0,0,0,3797341996,0.03833,0.00244,0.95093,0.95170,-0.00612,-0.00055,-0.00194,0.00644,0.95170,0.00507,0.00644,3,12118,0,6244,0.00000,0.00000,0.00000,0,0,nan,0,0,0,2599,187491,0,0,0.000,0.000,0.000,0,0.000,0.000,0.000,0,0,4,0,0
PPG,1,94866,3796191552,25,503,514,0.000,0.000,0.000,0,0,0,0,0.00,nan,4,3,1,nan,3,3,24,1,1,18,18,0,0,0,3797383153,0.03735,0.00464,0.95166,0.95240,-0.00558,0.00052,-0.00167,0.00585,0.95295,0.00783,0.00635,3,12113,0,6244,0.00000,0.00000,0.00000,0,0,nan,0,0,0,4307,187491,0,0,0.000,0.000,0.000,0,0.000,0.000,0.000,0,0,4,0,0
PPG,1,94867,3796231552,25,497,515,0.000,0.000,0.000,0,0,0,0,0.00,nan,4,3,1,nan,3,3,24,1,1,19,19,0,0,0,3797421687,0.04053,0.00684,0.94897,0.94986,-0.00612,-0.00028,-0.00194,0.00642,0.95854,0.00770,0.00662,3,12128,0,6244,0.00000,0.00000,0.00000,0,0,nan,0,0,0,2621,187491,0,0,0.000,0.000,0.000,0,0.000,0.000,0.000,0,0,4,0,0
PPG,1,94868,3796271552,25,479,504,0.000,0.000,0.000,0,0,0,0,0.00,nan,4,3,1,nan,3,3,24,1,1,20,20,0,0,0,3797462870,0.04004,0.00439,0.95142,0.95227,-0.00558,0.00079,0.00019,0.00564,0.95431,0.00374,0.00671,3,12154,0,6244,0.00000,0.00000,0.00000,0,0,nan,0,0,0,2610,187491,0,0,0.000,0.000,0.000,0,0.000,0.000,0.000,0,0,4,0,0
PPG,1,94869,3796311552,25,484,497,0.000,0.000,0.000,0,0,0,0,0.00,nan,4,3,1,nan,3,3,24,1,1,21,21,0,0,0,3797504006,0.03955,0.00439,0.95190,0.95274,-0.00585,-0.00028,-0.00194,0.00617,0.95510,0.00283,0.00617,3,12107,0,6244,0.00000,0.00000,0.00000,0,0,nan,0,0,0,4298,187491,0,0,0.000,0.000,0.000,0,0.000,0.000,0.000,0,0,4,0,0
PPG,1,94870,3796351552,26,501,506,0.000,0.000,0.000,0,0,0,0,0.00,nan,4,3,1,nan,3,3,24,1,1,22,22,0,0,0,3797542511,0.04419,0.00562,0.95337,0.95441,-0.00558,-0.00295,-0.00141,0.00647,0.95564,0.00576,0.00647,3,12112,0,6244,0.00000,0.00000,0.00000,0,0,nan,0,0,0,2603,187491,0,0,0.000,0.000,0.000,0,0.000,0.000,0.000,0,0,4,0,0
PPG,1,94871,3796391552,27,494,508,0.000,0.000,0.000,0,0,0,0,0.00,nan,4,3,1,nan,3,3,24,1,1,23,23,0,0,0,3797588495,0.03906,0.00317,0.95117,0.95198,-0.00585,-0.00001,-0.00087,0.00592,0.95676,0.00288,0.00680,3,12334,0,6244,0.00000,0.00000,0.00000,0,0,nan,0,0,0,2641,187491,0,0,0.000,0.000,0.000,0,0.000,0.000,0.000,0,0,4,0,0
PPG,1,94872,3796431552,25,500,501,0.000,0.000,0.000,0,0,0,0,0.00,nan,4,3,1,nan,3,3,24,1,1,24,24,0,0,0,3797624692,0.03931,0.00977,0.94946,0.95033,-0.00585,0.00052,-0.00141,0.00604,0.95353,0.00268,0.00649,3,12196,0,6244,0.00000,0.00000,0.00000,0,0,nan,0,0,0,4299,187491,0,0,0.000,0.000,0.000,0,0.000,0.000,0.000,0,0,4,0,0
PPG,1,94873,3796471552,25,496,505,0.000,0.000,0.000,0,0,0,0,0.00,nan,4,3,1,nan,3,3,24,1,1,25,25,0,0,0,3797663234,0.03784,0.00415,0.94385,0.94462,-0.00558,0.00212,-0.00061,0.00600,0.96227,0.01765,0.00794,3,12118,0,6244,0.00000,0.00000,0.00000,0,0,nan,0,0,0,4311,187491,0,0,0.000,0.000,0.000,0,0.000,0.000,0.000,0,0,4,0,0
PPG,1,94874,3796511552,25,490,509,0.000,0.000,0.000,0,0,0,0,0.00,nan,4,3,1,nan,3,3,24,1,1,26,26,0,0,0,3797701852,0.04517,0.00684,0.95215,0.95324,-0.00665,-0.00588,-0.00141,0.00899,0.95886,0.01231,0.00899,3,12111,0,6244,0.00000,0.00000,0.00000,0,0,nan,0,0,0,2598,187491,0,0,0.000,0.000,0.000,0,0.000,0.000,0.000,0,0,4,0,0
PPG,1,94875,3796551552,26,492,491,0.000,0.000,0.000,0,0,0,0,0.00,nan,4,3,1,nan,3,3,24,1,1,27,27,0,0,0,3797742955,0.03931,0.00879,0.95508,0.95593,-0.00532,-0.00161,-0.00194,0.00589,0.95593,0.00289,0.00678,3,12118,0,6244,0.00000,0.00000,0.00000,0,0,nan,0,0,0,2599,187491,0,0,0.000,0.000,0.000,0,0.000,0.000,0.000,0,0,4,0,0
PPG,1,94876,3796591552,29,491,505,0.000,0.000,0.000,0,0,0,0,0.00,nan,4,3,1,nan,3,3,24,1,1,28,28,0,0,0,3797784116,0.04028,0.00659,0.95093,0.95180,-0.00585,-0.00001,-0.00247,0.00635,0.95557,0.00377,0.00660,3,12141,0,6244,0.00000,0.00000,0.00000,0,0,nan,0,0,0,4300,187491,0,0,0.000,0.000,0.000,0,0.000,0.000,0.000,0,0,4,0,0
PPG,1,94877,3796631552,25,498,504,0.000,0.000,0.000,0,0,0,0,0.00,nan,4,3,1,nan,3,3,24,1,1,29,29,0,0,0,3797822626,0.04175,0.00854,0.95483,0.95578,-0.00558,0.00025,-0.00141,0.00576,0.95578,0.00731,0.00676,3,12117,0,6244,0.00000,0.00000,0.00000,0,0,nan,0,0,0,2595,187491,0,0,0.000,0.000,0.000,0,0.000,0.000,0.000,0,0,4,0,0
PPG,1,94878,3796671552,26,497,520,0.000,0.000,0.000,0,0,0,0,0.00,nan,4,3,1,nan,3,3,24,1,1,30,30,0,0,0,3797863721,0.03394,0.00732,0.95752,0.95815,-0.00612,-0.00001,-0.00141,0.00628,0.95815,0.00683,0.00680,3,12115,0,6244,0.00000,0.00000,0.00000,0,0,nan,0,0,0,4298,187491,0,0,0.000,0.000,0.000,0,0.000,0.000,0.000,0,0,4,0,0
PPG,1,94879,3796711552,26,496,515,0.000,0.000,0.000,0,0,0,0,0.00,nan,4,3,1,nan,3,3,24,1,1,31,31,0,0,0,3797902275,0.04004,0.00317,0.95459,0.95543,-0.00585,-0.00081,-0.00167,0.00614,0.95574,0.00298,0.00658,3,12139,0,6244,0.00000,0.00000,0.00000,0,0,nan,0,0,0,2595,187491,0,0,0.000,0.000,0.000,0,0.000,0.000,0.000,0,0,4,0,0
PPG,1,94880,3796751552,25,494,514,0.000,0.000,0.000,0,0,0,0,0.00,nan,4,3,1,nan,3,3,24,1,1,0,0,0,0,0,3797943376,0.03931,0.00415,0.94653,0.94736,-0.00505,-0.00028,-0.00221,0.00552,0.95410,0.00674,0.00580,3,12112,0,6244,0.00000,0.00000,0.00000,0,0,nan,0,0,0,4297,187491,0,0,0.000,0.000,0.000,0,0.000,0.000,0.000,0,0,4,0,0
PPG,1,94881,3796791552,25,490,510,0.000,0.000,0.000,0,0,0,0,0.00,nan,4,3,1,nan,3,3,24,1,1,1,1,0,0,0,3797981907,0.03711,0.00903,0.95874,0.95950,-0.00505,-0.00135,-0.00221,0.00567,0.95950,0.00863,0.00605,3,12158,0,6244,0.00000,0.00000,0.00000,0,0,nan,0,0,0,2595,187491,0,0,0.000,0.000,0.000,0,0.000,0.000,0.000,0,0,4,0,0
PPG,1,94882,3796831552,25,479,487,0.000,0.000,0.000,0,0,0,0,0.00,nan,4,3,1,nan,3,3,24,1,1,2,2,0,0,0,3798022991,0.03809,0.00439,0.94678,0.94755,-0.00585,0.00025,-0.00221,0.00626,0.95433,0.00517,0.00626,3,12106,0,6244,0.00000,0.00000,0.00000,0,0,nan,0,0,0,2599,187491,0,0,0.000,0.000,0.000,0,0.000,0.000,0.000,0,0,4,0,0
PPG,1,94883,3796871552,26,500,497,0.000,0.000,0.000,0,0,0,0,0.00,nan,4,3,1,nan,3,3,24,1,1,3,3,0,0,0,3798064097,0.04248,0.00830,0.95020,0.95118,-0.00612,-0.00028,-0.00167,0.00635,0.95501,0.00746,0.00635,3,12121,0,6244,0.00000,0.00000,0.00000,0,0,nan,0,0,0,4299,187491,0,0,0.000,0.000,0.000,0,0.000,0.000,0.000,0,0,4,0,0
PPG,1,94884,3796911552,25,497,505,0.000,0.000,0.000,0,0,0,0,0.00,nan,4,3,1,nan,3,3,24,1,1,4,4,0,0,0,3798102625,0.03784,0.00659,0.95264,0.95341,-0.00612,-0.00108,-0.00087,0.00627,0.95630,0.00512,0.00669,3,12113,0,6244,0.00000,0.00000,0.00000,0,0,nan,0,0,0,2595,187491,0,0,0.000,0.000,0.000,0,0.000,0.000,0.000,0,0,4,0,0
PPG,1,94885,3796951552,26,505,508,0.000,0.000,0.000,0,0,0,0,0.00,nan,4,3,1,nan,3,3,24,1,1,5,5,0,0,0,3798143721,0.03711,0.00537,0.95166,0.95240,-0.00665,0.00025,-0.00167,0.00686,0.95933,0.00592,0.00706,3,12116,0,6244,0.00000,0.00000,0.00000,0,0,nan,0,0,0,4306,187491,0,0,0.000,0.000,0.000,0,0.000,0.000,0.000,0,0,4,0,0
PPG,1,94886,3796991552,26,495,516,0.000,0.000,0.000,0,0,0,0,0.00,nan,4,3,1,nan,3,3,24,1,1,6,6,0,0,0,3798182272,0.03809,0.00781,0.94800,0.94880,-0.00612,-0.00135,-0.00114,0.00637,0.95191,0.00396,0.00745,3,12152,0,6244,0.00000,0.00000,0.00000,0,0,nan,0,0,0,2595,187491,0,0,0.000,0.000,0.000,0,0.000,0.000,0.000,0,0,4,0,0
PPG,1,94887,3797031552,25,490,515,0.000,0.000,0.000,0,0,0,0,0.00,nan,4,3,1,nan,3,3,24,1,1,7,7,0,0,0,3798223390,0.04028,0.00781,0.95190,0.95279,-0.00585,-0.00028,-0.00087,0.00592,0.95458,0.00300,0.00738,3,12115,0,6244,0.00000,0.00000,0.00000,0,0,nan,0,0,0,4294,187491,0,0,0.000,0.000,0.000,0,0.000,0.000,0.000,0,0,4,0,0
PPG,1,94888,3797071552,26,483,501,0.000,0.000,0.000,0,0,0,0,0.00,nan,4,3,1,nan,3,3,24,1,1,8,8,0,0,0,3798261880,0.03979,0.00708,0.95190,0.95276,-0.00638,0.00052,-0.00247,0.00687,0.95459,0.00180,0.00710,3,12113,0,6244,0.00000,0.00000,0.00000,0,0,nan,0,0,0,2595,187491,0,0,0.000,0.000,0.000,0,0.000,0.000,0.000,0,0,4,0,0
PPG,1,94889,3797111552,25,480,505,0.000,0.000,0.000,0,0,0,0,0.00,nan,4,3,1,nan,3,3,24,1,1,9,9,0,0,0,3798302999,0.03857,0.00708,0.94897,0.94978,-0.00612,0.00052,-0.00194,0.00644,0.95634,0.00655,0.00644,3,12108,0,6244,0.00000,0.00000,0.00000,0,0,nan,0,0,0,2597,187491,0,0,0.000,0.000,0.000,0,0.000,0.000,0.000,0,0,4,0,0
PPG,1,94890,3797151552,25,491,500,0.000,0.000,0.000,0,0,0,0,0.00,nan,4,3,1,nan,3,3,24,1,1,10,10,0,0,0,3798344104,0.03833,0.00732,0.94824,0.94904,-0.00638,-0.00081,-0.00167,0.00665,0.95909,0.00930,0.00665,3,12120,0,6244,0.00000,0.00000,0.00000,0,0,nan,0,0,0,4298,187491,0,0,0.000,0.000,0.000,0,0.000,0.000,0.000,0,0,4,0,0
PPG,1,94891,3797191552,25,486,513,0.000,0.000,0.000,0,0,0,0,0.00,nan,4,3,1,nan,3,3,24,1,1,11,11,0,0,0,3798382641,0.04126,0.00562,0.95825,0.95916,-0.00638,-0.00108,-0.00167,0.00669,0.95916,0.01397,0.00673,3,12148,0,6244,0.00000,0.00000,0.00000,0,0,nan,0,0,0,2615,187491,0,0,0.000,0.000,0.000,0,0.000,0.000,0.000,0,0,4,0,0
PPG,1,94892,3797231552,25,485,499,0.000,0.000,0.000,0,0,0,0,0.00,nan,4,3,1,nan,3,3,24,1,1,12,12,0,0,0,3798423766,0.03809,0.00586,0.95190,0.95268,-0.00612,-0.00081,-0.00167,0.00639,0.95617,0.01243,0.00687,3,12120,0,6244,0.00000,0.00000,0.00000,0,0,nan,0,0,0,4299,187491,0,0,0.000,0.000,0.000,0,0.000,0.000,0.000,0,0,4,0,0
PPG,1,94893,3797271552,26,505,517,0.000,0.000,0.000,0,0,0,0,0.00,nan,4,3,1,nan,3,3,24,1,1,13,13,0,0,0,3798462277,0.03638,0.01001,0.94287,0.94363,-0.00665,0.00025,-0.00141,0.00680,0.95125,0.00748,0.00680,3,12121,0,6244,0.00000,0.00000,0.00000,0,0,nan,0,0,0,2595,187491,0,0,0.000,0.000,0.000,0,0.000,0.000,0.000,0,0,4,0,0
PPG,1,94894,3797311552,26,496,514,0.000,0.000,0.000,0,0,0,0,0.00,nan,4,3,1,nan,3,3,24,1,1,14,14,0,0,0,3798503430,0.03955,0.00269,0.95288,0.95371,-0.00425,-0.00001,-0.00194,0.00467,0.95768,0.01405,0.00568,3,12112,0,6244,0.00000,0.00000,0.00000,0,0,nan,0,0,0,4302,187491,0,0,0.000,0.000,0.000,0,0.000,0.000,0.000,0,0,4,0,0
PPG,1,94895,3797351552,25,486,504,0.000,0.000,0.000,0,0,0,0,0.00,nan,4,3,1,nan,3,3,24,1,1,15,15,0,0,0,3798541940,0.03589,0.00757,0.95483,0.95554,-0.00612,-0.00055,-0.00194,0.00644,0.95554,0.00596,0.00644,3,12108,0,6244,0.00000,0.00000,0.00000,0,0,nan,0,0,0,2595,187491,0,0,0.000,0.000,0.000,0,0.000,0.000,0.000,0,0,4,0,0
PPG,1,94896,3797391552,24,478,495,0.000,0.000,0.000,0,0,0,0,0.00,nan,4,3,1,nan,3,3,24,1,1,16,16,0,0,0,3798587228,0.04077,0.00439,0.94751,0.94840,-0.00612,-0.00001,-0.00141,0.00628,0.94999,0.00555,0.00680,3,12190,0,6244,0.00000,0.00000,0.00000,0,0,nan,0,0,0,2599,187491,0,0,0.000,0.000,0.000,0,0.000,0.000,0.000,0,0,4,0,0
PPG,1,94897,3797431552,25,495,497,0.000,0.000,0.000,0,0,0,0,0.00,nan,4,3,1,nan,3,3,24,1,1,17,17,0,0,0,3798625794,0.04150,0.00610,0.94580,0.94673,-0.00532,-0.00161,-0.00141,0.00573,0.95434,0.00761,0.00615,3,12113,0,6244,0.00000,0.00000,0.00000,0,0,nan,0,0,0,4306,187491,0,0,0.000,0.000,0.000,0,0.000,0.000,0.000,0,0,4,0,0
PPG,1,94898,3797471552,25,497,508,0.000,0.000,0.000,0,0,0,0,0.00,nan,4,3,1,nan,3,3,24,1,1,18,18,0,0,0,3798664341,0.04004,0.00781,0.95020,0.95107,-0.00558,-0.00055,-0.00141,0.00578,0.95204,0.00531,0.00611,3,12109,0,6244,0.00000,0.00000,0.00000,0,0,nan,0,0,0,4300,187491,0,0,0.000,0.000,0.000,0,0.000,0.000,0.000,0,0,4,0,0
PPG,1,94899,3797511552,26,507,519,0.000,0.000,0.000,0,0,0,0,0.00,nan,4,3,1,nan,3,3,24,1,1,19,19,0,0,0,3798703032,0.03564,0.00366,0.95264,0.95331,-0.00638,-0.00135,-0.00114,0.00662,0.95331,0.00768,0.00688,3,12283,0,6244,0.00000,0.00000,0.00000,0,0,nan,0,0,0,2600,187491,0,0,0.000,0.000,0.000,0,0.000,0.000,0.000,0,0,4,0,0
PPG,1,94900,3797551552,25,484,501,0.000,0.000,0.000,0,0,0,0,0.00,nan,4,3,1,nan,3,3,24,1,1,20,20,0,0,0,3798744255,0.04321,0.00415,0.95313,0.95411,-0.00585,-0.00135,-0.00061,0.00603,0.95532,0.00201,0.00636,3,12244,0,6244,0.00000,0.00000,0.00000,0,0,nan,0,0,0,4343,187491,0,0,0.000,0.000,0.000,0,0.000,0.000,0.000,0,0,4,0,0
PPG,1,94901,3797591552,25,494,503,0.000,0.000,0.000,0,0,0,0,0.00,nan,4,3,1,nan,3,3,24,1,1,21,21,0,0,0,3798782814,0.03662,0.00171,0.94727,0.94797,-0.00558,0.00025,-0.00034,0.00560,0.95584,0.00787,0.00716,3,12125,0,6244,0.00000,0.00000,0.00000,0,0,nan,0,0,0,2699,187491,0,0,0.000,0.000,0.000,0,0.000,0.000,0.000,0,0,4,0,0
PPG,1,94902,3797631552,26,504,513,0.000,0.000,0.000,0,0,0,0,0.00,nan,4,3,1,nan,3,3,24,1,1,22,22,0,0,0,3798824473,0.03906,0.00977,0.95215,0.95300,-0.00558,-0.00055,-0.00194,0.00594,0.95625,0.00828,0.00620,3,12246,0,6244,0.00000,0.00000,0.00000,0,0,nan,0,0,0,4335,187491,0,0,0.000,0.000,0.000,0,0.000,0.000,0.000,0,0,4,0,0
PPG,1,94903,3797671552,26,491,513,0.000,0.000,0.000,0,0,0,0,0.00,nan,4,3,1,nan,3,3,24,1,1,23,23,0,0,0,3798863385,0.03931,0.00806,0.94971,0.95055,-0.00532,-0.00108,-0.00087,0.00550,0.95658,0.00603,0.00614,3,12259,0,6244,0.00000,0.00000,0.00000,0,0,nan,0,0,0,4337,187491,0,0,0.000,0.000,0.000,0,0.000,0.000,0.000,0,0,4,0,0
PPG,1,94904,3797711552,29,491,511,0.000,0.000,0.000,0,0,0,0,0.00,nan,4,3,1,nan,3,3,24,1,1,24,24,0,0,0,3798902261,0.04077,0.00562,0.94873,0.94962,-0.00612,-0.00055,-0.00221,0.00653,0.95493,0.00438,0.00653,3,12265,0,6244,0.00000,0.00000,0.00000,0,0,nan,0,0,0,2634,187491,0,0,0.000,0.000,0.000,0,0.000,0.000,0.000,0,0,4,0,0
PPG,1,94905,3797751552,28,492,516,0.000,0.000,0.000,0,0,0,0,0.00,nan,4,3,1,nan,3,3,24,1,1,25,25,0,0,0,3798943838,0.03979,0.01050,0.94702,0.94792,-0.00692,0.00052,-0.00141,0.00708,0.95072,0.00202,0.00721,3,12243,0,6244,0.00000,0.00000,0.00000,0,0,nan,0,0,0,4337,187491,0,0,0.000,0.000,0.000,0,0.000,0.000,0.000,0,0,4,0,0
PPG,1,94906,3797791552,26,492,503,0.000,0.000,0.000,0,0,0,0,0.00,nan,4,3,1,nan,3,3,24,1,1,26,26,0,0,0,3798982668,0.03589,0.00317,0.95435,0.95503,-0.00665,-0.00028,-0.00034,0.00666,0.96250,0.01093,0.00668,3,12253,0,6244,0.00000,0.00000,0.00000,0,0,nan,0,0,0,2635,187491,0,0,0.000,0.000,0.000,0,0.000,0.000,0.000,0,0,4,0,0
PPG,1,94907,3797831552,26,490,492,0.000,0.000,0.000,0,0,0,0,0.00,nan,4,3,1,nan,3,3,24,1,1,27,27,0,0,0,3799024187,0.04102,0.00928,0.95264,0.95356,-0.00585,-0.00215,-0.00167,0.00645,0.95803,0.00780,0.00661,3,12242,0,6244,0.00000,0.00000,0.00000,0,0,nan,0,0,0,4332,187491,0,0,0.000,0.000,0.000,0,0.000,0.000,0.000,0,0,4,0,0
PPG,1,94908,3797871552,25,491,506,0.000,0.000,0.000,0,0,0,0,0.00,nan,4,3,1,nan,3,3,24,1,1,28,28,0,0,0,3799062961,0.04053,0.00708,0.95142,0.95231,-0.00612,-0.00001,-0.00114,0.00622,0.95231,0.00608,0.00687,3,12197,0,6244,0.00000,0.00000,0.00000,0,0,nan,0,0,0,2634,187491,0,0,0.000,0.000,0.000,0,0.000,0.000,0.000,0,0,4,0,0
PPG,1,94909,3797911552,26,501,508,0.000,0.000,0.000,0,0,0,0,0.00,nan,4,3,1,nan,3,3,24,1,1,29,29,0,0,0,3799104610,0.03857,0.00415,0.95313,0.95391,-0.00585,-0.00081,-0.00114,0.00602,0.95391,0.00198,0.00602,3,12317,0,6244,0.00000,0.00000,0.00000,0,0,nan,0,0,0,4351,187491,0,0,0.000,0.000,0.000,0,0.000,0.000,0.000,0,0,4,0,0
PPG,1,94910,3797951552,33,491,511,0.000,0.000,0.000,0,0,0,0,0.00,nan,4,3,1,nan,3,3,24,1,1,30,30,0,0,0,3799143430,0.03979,0.00244,0.95776,0.95859,-0.00532,-0.00028,-0.00114,0.00545,0.95859,0.00748,0.00545,3,12190,0,6244,0.00000,0.00000,0.00000,0,0,nan,0,0,0,2625,187491,0,0,0.000,0.000,0.000,0,0.000,0.000,0.000,0,0,4,0,0
PPG,1,94911,3797991552,25,488,511,0.000,0.000,0.000,0,0,0,0,0.00,nan,4,3,1,nan,3,3,24,1,1,31,31,0,0,0,3799184905,0.03882,0.00854,0.95581,0.95664,-0.00532,-0.00055,-0.00114,0.00547,0.95664,0.01033,0.00618,3,12233,0,6244,0.00000,0.00000,0.00000,0,0,nan,0,0,0,4331,187491,0,0,0.000,0.000,0.000,0,0.000,0.000,0.000,0,0,4,0,0
PPG,1,94912,3798031552,25,479,506,0.000,0.000,0.000,0,0,0,0,0.00,nan,4,3,1,nan,3,3,24,1,1,0,0,0,0,0,3799223790,0.03735,0.00928,0.95264,0.95341,-0.00585,-0.00001,-0.00221,0.00625,0.95443,0.00236,0.00625,3,12257,0,6244,0.00000,0.00000,0.00000,0,0,nan,0,0,0,4353,187491,0,0,0.000,0.000,0.000,0,0.000,0.000,0.000,0,0,4,0,0
PPG,1,94913,3798071552,25,484,507,0.000,0.000,0.000,0,0,0,0,0.00,nan,4,3,1,nan,3,3,24,1,1,1,1,0,0,0,3799262621,0.04028,-0.00073,0.94922,0.95007,-0.00558,-0.00001,-0.00141,0.00576,0.95189,0.00291,0.00614,3,12201,0,6244,0.00000,0.00000,0.00000,0,0,nan,0,0,0,2627,187491,0,0,0.000,0.000,0.000,0,0.000,0.000,0.000,0,0,4,0,0
PPG,1,94914,3798111552,25,487,495,0.000,0.000,0.000,0,0,0,0,0.00,nan,4,3,1,nan,3,3,24,1,1,2,2,0,0,0,3799304062,0.04321,0.00391,0.95361,0.95460,-0.00585,-0.00055,-0.00114,0.00599,0.95460,0.00671,0.00599,3,12257,0,6244,0.00000,0.00000,0.00000,0,0,nan,0,0,0,4358,187491,0,0,0.000,0.000,0.000,0,0.000,0.000,0.000,0,0,4,0,0
PPG,1,94915,3798151552,25,491,509,0.000,0.000,0.000,0,0,0,0,0.00,nan,4,3,1,nan,3,3,24,1,1,3,3,0,0,0,3799342933,0.03955,0.00488,0.94604,0.94688,-0.00585,-0.00161,-0.00167,0.00630,0.95355,0.00667,0.00699,3,12244,0,6244,0.00000,0.00000,0.00000,0,0,nan,0,0,0,2623,187491,0,0,0.000,0.000,0.000,0,0.000,0.000,0.000,0,0,4,0,0
PPG,1,94916,3798191552,25,499,496,0.000,0.000,0.000,0,0,0,0,0.00,nan,4,3,1,nan,3,3,24,1,1,4,4,0,0,0,3799384407,0.03735,0.00732,0.95581,0.95657,-0.00612,-0.00161,-0.00141,0.00648,0.96044,0.00779,0.00648,3,12263,0,6244,0.00000,0.00000,0.00000,0,0,nan,0,0,0,4321,187491,0,0,0.000,0.000,0.000,0,0.000,0.000,0.000,0,0,4,0,0
PPG,1,94917,3798231552,25,491,509,0.000,0.000,0.000,0,0,0,0,0.00,nan,4,3,1,nan,3,3,24,1,1,5,5,0,0,0,3799423155,0.03809,0.00537,0.94922,0.95000,-0.00612,0.00025,-0.00221,0.00651,0.95133,0.00858,0.00689,3,12141,0,6244,0.00000,0.00000,0.00000,0,0,nan,0,0,0,2604,187491,0,0,0.000,0.000,0.000,0,0.000,0.000,0.000,0,0,4,0,0
PPG,1,94918,3798271552,25,481,506,0.000,0.000,0.000,0,0,0,0,0.00,nan,4,3,1,nan,3,3,24,1,1,6,6,0,0,0,3799464498,0.03857,0.00366,0.94800,0.94879,-0.00452,-0.00028,-0.00114,0.00467,0.95353,0.00442,0.00609,3,12113,0,6244,0.00000,0.00000,0.00000,0,0,nan,0,0,0,4294,187491,0,0,0.000,0.000,0.000,0,0.000,0.000,0.000,0,0,4,0,0
PPG,1,94919,3798311552,25,500,516,0.000,0.000,0.000,0,0,0,0,0.00,nan,4,3,1,nan,3,3,24,1,1,7,7,0,0,0,3799503022,0.03613,0.00342,0.94922,0.94991,-0.00585,0.00025,-0.00141,0.00602,0.95202,0.00494,0.00656,3,12110,0,6244,0.00000,0.00000,0.00000,0,0,nan,0,0,0,2613,187491,0,0,0.000,0.000,0.000,0,0.000,0.000,0.000,0,0,4,0,0
PPG,1,94920,3798351552,25,503,514,0.000,0.000,0.000,0,0,0,0,0.00,nan,4,3,1,nan,3,3,24,1,1,8,8,0,0,0,3799544173,0.03735,0.00635,0.95801,0.95876,-0.00612,-0.00108,-0.00087,0.00627,0.95876,0.00563,0.00658,3,12160,0,6244,0.00000,0.00000,0.00000,0,0,nan,0,0,0,4299,187491,0,0,0.000,0.000,0.000,0,0.000,0.000,0.000,0,0,4,0,0
PPG,1,94921,3798391552,24,487,517,0.000,0.000,0.000,0,0,0,0,0.00,nan,4,3,1,nan,3,3,24,1,1,9,9,0,0,0,3799586850,0.04224,0.00732,0.95557,0.95653,-0.00558,-0.00108,-0.00114,0.00580,0.95653,0.00577,0.00651,3,12152,0,6244,0.00000,0.00000,0.00000,0,0,nan,0,0,0,2588,187491,0,0,0.000,0.000,0.000,0,0.000,0.000,0.000,0,0,4,0,0
PPG,1,94922,3798431552,25,488,506,0.000,0.000,0.000,0,0,0,0,0.00,nan,4,3,1,nan,3,3,24,1,1,10,10,0,0,0,3799625498,0.03784,0.00659,0.95093,0.95170,-0.00558,0.00105,-0.00087,0.00575,0.95608,0.00550,0.00679,3,12179,0,6244,0.00000,0.00000,0.00000,0,0,nan,0,0,0,4294,187491,0,0,0.000,0.000,0.000,0,0.000,0.000,0.000,0,0,4,0,0
PPG,1,94923,3798471552,26,491,497,0.000,0.000,0.000,0,0,0,0,0.00,nan,4,3,1,nan,3,3,24,1,1,11,11,0,0,0,3799664006,0.03735,0.00293,0.95703,0.95776,-0.00532,-0.00081,-0.00167,0.00563,0.95776,0.00921,0.00645,3,12107,0,6244,0.00000,0.00000,0.00000,0,0,nan,0,0,0,4294,187491,0,0,0.000,0.000,0.000,0,0.000,0.000,0.000,0,0,4,0,0
PPG,1,94924,3798511552,25,494,510,0.000,0.000,0.000,0,0,0,0,0.00,nan,4,3,1,nan,3,3,24,1,1,12,12,0,0,0,3799702512,0.03882,0.00806,0.96045,0.96127,-0.00558,-0.00081,-0.00221,0.00606,0.96127,0.01501,0.00606,3,12112,0,6244,0.00000,0.00000,0.00000,0,0,nan,0,0,0,2595,187491,0,0,0.000,0.000,0.000,0,0.000,0.000,0.000,0,0,4,0,0
PPG,1,94925,3798551552,25,491,514,0.000,0.000,0.000,0,0,0,0,0.00,nan,4,3,1,nan,3,3,24,1,1,13,13,0,0,0,3799743628,0.04199,0.00269,0.95215,0.95308,-0.00558,-0.00055,-0.00114,0.00573,0.95567,0.01103,0.00592,3,12116,0,6244,0.00000,0.00000,0.00000,0,0,nan,0,0,0,4296,187491,0,0,0.000,0.000,0.000,0,0.000,0.000,0.000,0,0,4,0,0
PPG,1,94926,3798591552,26,501,519,0.000,0.000,0.000,0,0,0,0,0.00,nan,4,3,1,nan,3,3,24,1,1,14,14,0,0,0,3799782126,0.04004,0.00586,0.95361,0.95447,-0.00479,-0.00161,-0.00141,0.00524,0.95469,0.00443,0.00616,3,12110,0,6244,0.00000,0.00000,0.00000,0,0,nan,0,0,0,2596,187491,0,0,0.000,0.000,0.000,0,0.000,0.000,0.000,0,0,4,0,0
PPG,1,94927,3798631552,25,489,517,0.000,0.000,0.000,0,0,0,0,0.00,nan,4,3,1,nan,3,3,24,1,1,15,15,0,0,0,3799823280,0.04004,0.00562,0.94946,0.95032,-0.00585,-0.00108,-0.00194,0.00626,0.95205,0.00438,0.00626,3,12164,0,6244,0.00000,0.00000,0.00000,0,0,nan,0,0,0,2595,187491,0,0,0.000,0.000,0.000,0,0.000,0.000,0.000,0,0,4,0,0
PPG,1,94928,3798671552,25,486,506,0.000,0.000,0.000,0,0,0,0,0.00,nan,4,3,1,nan,3,3,24,1,1,16,16,0,0,0,3799864433,0.03979,0.00610,0.95483,0.95568,-0.00532,0.00052,-0.00247,0.00589,0.95895,0.00661,0.00731,3,12133,0,6244,0.00000,0.00000,0.00000,0,0,nan,0,0,0,4301,187491,0,0,0.000,0.000,0.000,0,0.000,0.000,0.000,0,0,4,0,0
PPG,1,94929,3798711552,25,493,501,0.000,0.000,0.000,0,0,0,0,0.00,nan,4,3,1,nan,3,3,24,1,1,17,17,0,0,0,3799939090,0.04102,0.00342,0.95093,0.95182,-0.00505,-0.00028,-0.00167,0.00533,0.95182,0.00622,0.00614,2,60416,0,6249,0.00000,0.00000,0.00000,0,0,nan,0,0,0,60425,187491,0,0,0.000,0.000,0.000,0,0.000,0.000,0.000,0,0,4,0,0
PPG,1,94930,3798751552,24,491,501,0.000,0.000,0.000,0,0,0,0,0.00,nan,4,3,1,nan,3,3,24,1,1,18,18,0,0,0,3799950937,0.04102,0.00854,0.95264,0.95356,-0.00585,-0.00081,-0.00141,0.00607,0.95356,0.00174,0.00607,1,11847,0,6249,0.00000,0.00000,0.00000,0,0,nan,0,0,0,11746,187491,0,0,0.000,0.000,0.000,0,0.000,0.000,0.000,0,0,4,0,0
PPG,1,94931,3798791552,24,498,511,0.000,0.000,0.000,0,0,0,0,0.00,nan,4,3,1,nan,3,3,24,1,1,19,19,0,0,0,3799989522,0.03906,0.00586,0.94971,0.95053,-0.00505,-0.00028,-0.00221,0.00552,0.95484,0.00678,0.00668,3,12185,0,6249,0.00000,0.00000,0.00000,0,0,nan,0,0,0,2649,187491,0,0,0.000,0.000,0.000,0,0.000,0.000,0.000,0,0,4,0,0
PPG,1,94932,3798831552,23,506,519,0.000,0.000,0.000,0,0,0,0,0.00,nan,4,3,1,nan,3,3,24,1,1,20,20,0,0,0,3800028028,0.03711,0.00635,0.94482,0.94557,-0.00558,-0.00081,-0.00247,0.00616,0.95702,0.00649,0.00616,3,12137,0,6249,0.00000,0.00000,0.00000,0,0,nan,0,0,0,2610,187491,0,0,0.000,0.000,0.000,0,0.000,0.000,0.000,0,0,4,0,0
PPG,1,94933,3798871552,23,495,502,0.000,0.000,0.000,0,0,0,0,0.00,nan,4,3,1,nan,3,3,24,1,1,21,21,0,0,0,3800066616,0.03735,0.00342,0.95020,0.95094,-0.00638,-0.00215,-0.00247,0.00717,0.95720,0.01162,0.00717,3,12120,0,6249,0.00000,0.00000,0.00000,0,0,nan,0,0,0,2601,187491,0,0,0.000,0.000,0.000,0,0.000,0.000,0.000,0,0,4,0,0
PPG,1,94934,3798911552,25,502,501,0.000,0.000,0.000,0,0,0,0,0.00,nan,4,3,1,nan,3,3,24,1,1,22,22,0,0,0,3800105313,0.04321,0.00952,0.94849,0.94952,-0.00612,-0.00081,-0.00167,0.00639,0.95525,0.00573,0.00701,3,12138,0,6249,0.00000,0.00000,0.00000,0,0,nan,0,0,0,4310,187491,0,0,0.000,0.000,0.000,0,0.000,0.000,0.000,0,0,4,0,0
PPG,1,94935,3798951552,25,498,509,0.000,0.000,0.000,0,0,0,0,0.00,nan,4,3,1,nan,3,3,24,1,1,23,23,0,0,0,3800144217,0.03955,0.00610,0.95581,0.95665,-0.00505,-0.00135,-0.00167,0.00549,0.95665,0.00400,0.00758,3,12222,0,6249,0.00000,0.00000,0.00000,0,0,nan,0,0,0,4343,187491,0,0,0.000,0.000,0.000,0,0.000,0.000,0.000,0,0,4,0,0
PPG,1,94936,3798991552,26,501,513,0.000,0.000,0.000,0,0,0,0,0.00,nan,4,3,1,nan,3,3,24,1,1,24,24,0,0,0,3800183170,0.03418,0.00659,0.95679,0.95742,-0.00505,-0.00055,-0.00300,0.00590,0.95742,0.00876,0.00590,3,12317,0,6249,0.00000,0.00000,0.00000,0,0,nan,0,0,0,2638,187491,0,0,0.000,0.000,0.000,0,0.000,0.000,0.000,0,0,4,0,0
PPG,1,94937,3799031552,25,497,513,0.000,0.000,0.000,0,0,0,0,0.00,nan,4,3,1,nan,3,3,24,1,1,25,25,0,0,0,3800224680,0.03857,0.00586,0.95386,0.95466,-0.00558,-0.00081,-0.00167,0.00589,0.95635,0.00830,0.00619,3,12269,0,6249,0.00000,0.00000,0.00000,0,0,nan,0,0,0,4320,187491,0,0,0.000,0.000,0.000,0,0.000,0.000,0.000,0,0,4,0,0
PPG,1,94938,3799071552,25,496,506,0.000,0.000,0.000,0,0,0,0,0.00,nan,4,3,1,nan,3,3,24,1,1,26,26,0,0,0,3800263581,0.03638,0.00635,0.95825,0.95896,-0.00638,-0.00001,-0.00034,0.00639,0.95896,0.00943,0.00639,3,12259,0,6249,0.00000,0.00000,0.00000,0,0,nan,0,0,0,2625,187491,0,0,0.000,0.000,0.000,0,0.000,0.000,0.000,0,0,4,0,0
PPG,1,94939,3799111552,34,486,506,0.000,0.000,0.000,0,0,0,0,0.00,nan,4,3,1,nan,3,3,24,1,1,27,27,0,0,0,3800305048,0.04443,0.00171,0.95020,0.95124,-0.00638,-0.00081,-0.00114,0.00654,0.95470,0.01287,0.00654,3,12206,0,6249,0.00000,0.00000,0.00000,0,0,nan,0,0,0,4343,187491,0,0,0.000,0.000,0.000,0,0.000,0.000,0.000,0,0,4,0,0
PPG,1,94940,3799151552,25,485,499,0.000,0.000,0.000,0,0,0,0,0.00,nan,4,3,1,nan,3,3,24,1,1,28,28,0,0,0,3800343955,0.03687,0.00488,0.95166,0.95239,-0.00585,-0.00028,-0.00061,0.00589,0.95239,0.00389,0.00589,3,12259,0,6249,0.00000,0.00000,0.00000,0,0,nan,0,0,0,4338,187491,0,0,0.000,0.000,0.000,0,0.000,0.000,0.000,0,0,4,0,0
PPG,1,94941,3799191552,26,497,501,0.000,0.000,0.000,0,0,0,0,0.00,nan,4,3,1,nan,3,3,24,1,1,29,29,0,0,0,3800382815,0.04028,0.00806,0.95288,0.95377,-0.00505,-0.00001,-0.00141,0.00524,0.95377,0.00283,0.00524,3,12238,0,6249,0.00000,0.00000,0.00000,0,0,nan,0,0,0,2614,187491,0,0,0.000,0.000,0.000,0,0.000,0.000,0.000,0,0,4,0,0
PPG,1,94942,3799231552,26,498,510,0.000,0.000,0.000,0,0,0,0,0.00,nan,4,3,1,nan,3,3,24,1,1,30,30,0,0,0,3800424314,0.03882,0.01001,0.95459,0.95543,-0.00558,-0.00135,-0.00194,0.00606,0.95543,0.00808,0.00611,3,12281,0,6249,0.00000,0.00000,0.00000,0,0,nan,0,0,0,4348,187491,0,0,0.000,0.000,0.000,0,0.000,0.000,0.000,0,0,4,0,0
PPG,1,94943,3799271552,26,484,517,0.000,0.000,0.000,0,0,0,0,0.00,nan,4,3,1,nan,3,3,24,1,1,31,31,0,0,0,3800463198,0.04175,0.00269,0.95483,0.95575,-0.00585,-0.00055,-0.00194,0.00619,0.95575,0.00864,0.00689,3,12219,0,6249,0.00000,0.00000,0.00000,0,0,nan,0,0,0,2619,187491,0,0,0.000,0.000,0.000,0,0.000,0.000,0.000,0,0,4,0,0
PPG,1,94944,3799311552,26,499,505,0.000,0.000,0.000,0,0,0,0,0.00,nan,4,3,1,nan,3,3,24,1,1,0,0,0,0,0,3800504664,0.03394,0.00464,0.95117,0.95179,-0.00665,-0.00108,-0.00194,0.00701,0.95362,0.00213,0.00701,3,12259,0,6249,0.00000,0.00000,0.00000,0,0,nan,0,0,0,4329,187491,0,0,0.000,0.000,0.000,0,0.000,0.000,0.000,0,0,4,0,0
PPG,1,94945,3799351552,26,478,504,0.000,0.000,0.000,0,0,0,0,0.00,nan,4,3,1,nan,3,3,24,1,1,1,1,0,0,0,3800543585,0.03906,0.00391,0.95483,0.95564,-0.00665,-0.00055,-0.00194,0.00695,0.95564,0.00378,0.00695,3,12289,0,6249,0.00000,0.00000,0.00000,0,0,nan,0,0,0,2632,187491,0,0,0.000,0.000,0.000,0,0.000,0.000,0.000,0,0,4,0,0
PPG,1,94946,3799391552,24,489,514,0.000,0.000,0.000,0,0,0,0,0.00,nan,4,3,1,nan,3,3,24,1,1,2,2,0,0,0,3800589189,0.04004,0.00391,0.95264,0.95349,-0.00665,-0.00028,-0.00114,0.00675,0.95569,0.00860,0.00726,3,12275,0,6249,0.00000,0.00000,0.00000,0,0,nan,0,0,0,2622,187491,0,0,0.000,0.000,0.000,0,0.000,0.000,0.000,0,0,4,0,0
PPG,1,94947,3799431552,24,490,507,0.000,0.000,0.000,0,0,0,0,0.00,nan,4,3,1,nan,3,3,24,1,1,3,3,0,0,0,3800628063,0.03662,0.00635,0.94751,0.94824,-0.00665,-0.00055,-0.00114,0.00677,0.95249,0.00425,0.00677,3,12249,0,6249,0.00000,0.00000,0.00000,0,0,nan,0,0,0,2618,187491,0,0,0.000,0.000,0.000,0,0.000,0.000,0.000,0,0,4,0,0
PPG,1,94948,3799471552,24,498,504,0.000,0.000,0.000,0,0,0,0,0.00,nan,4,3,1,nan,3,3,24,1,1,4,4,0,0,0,3800666864,0.04053,0.00781,0.95825,0.95914,-0.00585,-0.00028,-0.00167,0.00609,0.95914,0.00749,0.00649,3,12239,0,6249,0.00000,0.00000,0.00000,0,0,nan,0,0,0,2610,187491,0,0,0.000,0.000,0.000,0,0.000,0.000,0.000,0,0,4,0,0
PPG,1,94949,3799511552,26,495,493,0.000,0.000,0.000,0,0,0,0,0.00,nan,4,3,1,nan,3,3,24,1,1,5,5,0,0,0,3800705687,0.03955,0.00537,0.95752,0.95835,-0.00638,-0.00055,-0.00194,0.00669,0.95835,0.00684,0.00685,3,12242,0,6249,0.00000,0.00000,0.00000,0,0,nan,0,0,0,4323,187491,0,0,0.000,0.000,0.000,0,0.000,0.000,0.000,0,0,4,0,0
PPG,1,94950,3799551552,25,481,507,0.000,0.000,0.000,0,0,0,0,0.00,nan,4,3,1,nan,3,3,24,1,1,6,6,0,0,0,3800744500,0.03857,0.01147,0.94946,0.95032,-0.00558,-0.00081,-0.00141,0.00582,0.95531,0.00995,0.00648,3,12159,0,6249,0.00000,0.00000,0.00000,0,0,nan,0,0,0,4295,187491,0,0,0.000,0.000,0.000,0,0.000,0.000,0.000,0,0,4,0,0
PPG,1,94951,3799591552,25,494,506,0.000,0.000,0.000,0,0,0,0,0.00,nan,4,3,1,nan,3,3,24,1,1,7,7,0,0,0,3800783227,0.03809,0.00342,0.95483,0.95560,-0.00638,-0.00081,-0.00007,0.00644,0.95560,0.00484,0.00663,3,12128,0,6249,0.00000,0.00000,0.00000,0,0,nan,0,0,0,2605,187491,0,0,0.000,0.000,0.000,0,0.000,0.000,0.000,0,0,4,0,0
PPG,1,94952,3799631552,25,498,516,0.000,0.000,0.000,0,0,0,0,0.00,nan,4,3,1,nan,3,3,24,1,1,8,8,0,0,0,3800824411,0.03809,0.00195,0.95142,0.95218,-0.00638,-0.00081,-0.00194,0.00672,0.95635,0.00579,0.00672,3,12119,0,6249,0.00000,0.00000,0.00000,0,0,nan,0,0,0,4296,187491,0,0,0.000,0.000,0.000,0,0.000,0.000,0.000,0,0,4,0,0
PPG,1,94953,3799671552,25,501,516,0.000,0.000,0.000,0,0,0,0,0.00,nan,4,3,1,nan,3,3,24,1,1,9,9,0,0,0,3800863014,0.03882,0.00464,0.95752,0.95832,-0.00585,-0.00081,-0.00141,0.00607,0.95832,0.00513,0.00649,3,12163,0,6249,0.00000,0.00000,0.00000,0,0,nan,0,0,0,2596,187491,0,0,0.000,0.000,0.000,0,0.000,0.000,0.000,0,0,4,0,0
PPG,1,94954,3799711552,29,477,497,0.000,0.000,0.000,0,0,0,0,0.00,nan,4,3,1,nan,3,3,24,1,1,10,10,0,0,0,3800904121,0.03979,0.00732,0.95679,0.95764,-0.00532,-0.00108,-0.00061,0.00546,0.95777,0.00378,0.00675,3,12120,0,6249,0.00000,0.00000,0.00000,0,0,nan,0,0,0,4296,187491,0,0,0.000,0.000,0.000,0,0.000,0.000,0.000,0,0,4,0,0
PPG,1,94955,3799751552,25,498,489,0.000,0.000,0.000,0,0,0,0,0.00,nan,4,3,1,nan,3,3,24,1,1,11,11,0,0,0,3800942680,0.03564,0.00464,0.95605,0.95673,-0.00612,-0.00055,-0.00141,0.00630,0.95673,0.01078,0.00630,3,12158,0,6249,0.00000,0.00000,0.00000,0,0,nan,0,0,0,2627,187491,0,0,0.000,0.000,0.000,0,0.000,0.000,0.000,0,0,4,0,0
PPG,1,94956,3799791552,25,497,507,0.000,0.000,0.000,0,0,0,0,0.00,nan,4,3,1,nan,3,3,24,1,1,12,12,0,0,0,3800983828,0.04102,0.00366,0.95435,0.95523,-0.00638,-0.00081,-0.00114,0.00654,0.95523,0.00384,0.00654,3,12120,0,6249,0.00000,0.00000,0.00000,0,0,nan,0,0,0,2602,187491,0,0,0.000,0.000,0.000,0,0.000,0.000,0.000,0,0,4,0,0
PPG,1,94957,3799831552,25,500,508,0.000,0.000,0.000,0,0,0,0,0.00,nan,4,3,1,nan,3,3,24,1,1,13,13,0,0,0,3801024948,0.04053,0.00806,0.95386,0.95475,-0.00638,-0.00001,-0.00247,0.00685,0.95475,0.00558,0.00685,3,12113,0,6249,0.00000,0.00000,0.00000,0,0,nan,0,0,0,4299,187491,0,0,0.000,0.000,0.000,0,0.000,0.000,0.000,0,0,4,0,0
PPG,1,94958,3799871552,29,502,511,0.000,0.000,0.000,0,0,0,0,0.00,nan,4,3,1,nan,3,3,24,1,1,14,14,0,0,0,3801063511,0.03564,0.00366,0.94482,0.94550,-0.00638,-0.00028,-0.00247,0.00685,0.95046,0.01217,0.00685,3,12108,0,6249,0.00000,0.00000,0.00000,0,0,nan,0,0,0,2600,187491,0,0,0.000,0.000,0.000,0,0.000,0.000,0.000,0,0,4,0,0
PPG,1,94959,3799911552,25,481,504,0.000,0.000,0.000,0,0,0,0,0.00,nan,4,3,1,nan,3,3,24,1,1,15,15,0,0,0,3801104629,0.03589,0.00684,0.95020,0.95090,-0.00612,-0.00135,-0.00167,0.00648,0.95090,0.00332,0.00653,3,12115,0,6249,0.00000,0.00000,0.00000,0,0,nan,0,0,0,4296,187491,0,0,0.000,0.000,0.000,0,0.000,0.000,0.000,0,0,4,0,0
PPG,1,94960,3799951552,37,487,490,0.000,0.000,0.000,0,0,0,0,0.00,nan,4,3,1,nan,3,3,24,1,1,16,16,0,0,0,3801143139,0.03857,0.01001,0.95068,0.95152,-0.00532,-0.00108,-0.00141,0.00561,0.95152,0.00239,0.00669,3,12115,0,6249,0.00000,0.00000,0.00000,0,0,nan,0,0,0,2631,187491,0,0,0.000,0.000,0.000,0,0.000,0.000,0.000,0,0,4,0,0
PPG,1,94961,3799991552,25,495,501,0.000,0.000,0.000,0,0,0,0,0.00,nan,4,3,1,nan,3,3,24,1,1,17,17,0,0,0,3801184435,0.03491,0.01001,0.95068,0.95138,-0.00585,0.00052,-0.00167,0.00611,0.95889,0.00751,0.00633,3,12124,0,6249,0.00000,0.00000,0.00000,0,0,nan,0,0,0,4301,187491,0,0,0.000,0.000,0.000,0,0.000,0.000,0.000,0,0,4,0,0
PPG,1,94962,3800031552,25,505,517,0.000,0.000,0.000,0,0,0,0,0.00,nan,4,3,1,nan,3,3,24,1,1,18,18,0,0,0,3801222976,0.04224,0.00342,0.95093,0.95187,-0.00505,-0.00055,-0.00194,0.00544,0.95187,0.00339,0.00558,3,12137,0,6249,0.00000,0.00000,0.00000,0,0,nan,0,0,0,2600,187491,0,0,0.000,0.000,0.000,0,0.000,0.000,0.000,0,0,4,0,0
PPG,1,94963,3800071552,25,490,511,0.000,0.000,0.000,0,0,0,0,0.00,nan,4,3,1,nan,3,3,24,1,1,19,19,0,0,0,3801264142,0.03662,0.00366,0.95068,0.95140,-0.00585,-0.00001,-0.00141,0.00602,0.95415,0.00325,0.00628,3,12131,0,6249,0.00000,0.00000,0.00000,0,0,nan,0,0,0,4297,187491,0,0,0.000,0.000,0.000,0,0.000,0.000,0.000,0,0,4,0,0
PPG,1,94964,3800111552,25,487,506,0.000,0.000,0.000,0,0,0,0,0.00,nan,4,3,1,nan,3,3,24,1,1,20,20,0,0,0,3801302664,0.03711,0.00513,0.95093,0.95167,-0.00425,-0.00135,-0.00087,0.00454,0.95213,0.00168,0.00577,3,12124,0,6249,0.00000,0.00000,0.00000,0,0,nan,0,0,0,2604,187491,0,0,0.000,0.000,0.000,0,0.000,0.000,0.000,0,0,4,0,0
PPG,1,94965,3800151552,25,490,501,0.000,0.000,0.000,0,0,0,0,0.00,nan,4,3,1,nan,3,3,24,1,1,21,21,0,0,0,3801343787,0.03760,0.00586,0.95166,0.95242,-0.00612,0.00052,-0.00221,0.00652,0.95562,0.00724,0.00673,3,12117,0,6249,0.00000,0.00000,0.00000,0,0,nan,0,0,0,2597,187491,0,0,0.000,0.000,0.000,0,0.000,0.000,0.000,0,0,4,0,0
PPG,1,94966,3800191552,25,487,503,0.000,0.000,0.000,0,0,0,0,0.00,nan,4,3,1,nan,3,3,24,1,1,22,22,0,0,0,3801384902,0.03784,0.00610,0.94995,0.95072,-0.00638,-0.00055,-0.00247,0.00687,0.95301,0.00189,0.00693,3,12121,0,6249,0.00000,0.00000,0.00000,0,0,nan,0,0,0,4297,187491,0,0,0.000,0.000,0.000,0,0.000,0.000,0.000,0,0,4,0,0
PPG,1,94967,3800231552,25,490,509,0.000,0.000,0.000,0,0,0,0,0.00,nan,4,3,1,nan,3,3,24,1,1,23,23,0,0,0,3801423413,0.04224,0.00635,0.95410,0.95506,-0.00718,0.00052,-0.00167,0.00739,0.95848,0.00630,0.00739,3,12120,0,6249,0.00000,0.00000,0.00000,0,0,nan,0,0,0,2597,187491,0,0,0.000,0.000,0.000,0,0.000,0.000,0.000,0,0,4,0,0
PPG,1,94968,3800271552,25,501,509,0.000,0.000,0.000,0,0,0,0,0.00,nan,4,3,1,nan,3,3,24,1,1,24,24,0,0,0,3801464575,0.03833,0.00464,0.95337,0.95415,-0.00638,-0.00055,-0.00141,0.00656,0.95696,0.00297,0.00703,3,12168,0,6249,0.00000,0.00000,0.00000,0,0,nan,0,0,0,4298,187491,0,0,0.000,0.000,0.000,0,0.000,0.000,0.000,0,0,4,0,0
PPG,1,94969,3800311552,25,498,511,0.000,0.000,0.000,0,0,0,0,0.00,nan,4,3,1,nan,3,3,24,1,1,25,25,0,0,0,3801503110,0.03809,0.00317,0.95093,0.95170,-0.00585,0.00025,-0.00194,0.00617,0.95419,0.00144,0.00631,3,12132,0,6249,0.00000,0.00000,0.00000,0,0,nan,0,0,0,2602,187491,0,0,0.000,0.000,0.000,0,0.000,0.000,0.000,0,0,4,0,0
PPG,1,94970,3800351552,25,485,502,0.000,0.000,0.000,0,0,0,0,0.00,nan,4,3,1,nan,3,3,24,1,1,26,26,0,0,0,3801544273,0.04126,0.00854,0.94873,0.94967,-0.00479,-0.00001,-0.00167,0.00507,0.95230,0.00264,0.00695,3,12126,0,6249,0.00000,0.00000,0.00000,0,0,nan,0,0,0,4303,187491,0,0,0.000,0.000,0.000,0,0.000,0.000,0.000,0,0,4,0,0
PPG,1,94971,3800391552,23,485,491,0.000,0.000,0.000,0,0,0,0,0.00,nan,4,3,1,nan,3,3,24,1,1,27,27,0,0,0,3801589593,0.03516,0.00977,0.95386,0.95456,-0.00638,-0.00001,-0.00167,0.00660,0.95456,0.00325,0.00660,3,12163,0,6249,0.00000,0.00000,0.00000,0,0,nan,0,0,0,2595,187491,0,0,0.000,0.000,0.000,0,0.000,0.000,0.000,0,0,4,0,0
PPG,1,94972,3800431552,23,486,497,0.000,0.000,0.000,0,0,0,0,0.00,nan,4,3,1,nan,3,3,24,1,1,28,28,0,0,0,3801628137,0.04199,0.00415,0.95020,0.95113,-0.00558,-0.00028,-0.00141,0.00577,0.95611,0.00629,0.00647,3,12114,0,6249,0.00000,0.00000,0.00000,0,0,nan,0,0,0,2598,187491,0,0,0.000,0.000,0.000,0,0.000,0.000,0.000,0,0,4,0,0
PPG,1,94973,3800471552,24,487,505,0.000,0.000,0.000,0,0,0,0,0.00,nan,4,3,1,nan,3,3,24,1,1,29,29,0,0,0,3801666698,0.03955,0.00854,0.95459,0.95545,-0.00585,-0.00108,-0.00087,0.00601,0.95545,0.00409,0.00601,3,12176,0,6249,0.00000,0.00000,0.00000,0,0,nan,0,0,0,2608,187491,0,0,0.000,0.000,0.000,0,0.000,0.000,0.000,0,0,4,0,0
PPG,1,94974,3800511552,25,500,516,0.000,0.000,0.000,0,0,0,0,0.00,nan,4,3,1,nan,3,3,24,1,1,30,30,0,0,0,3801705201,0.04102,0.00586,0.95239,0.95329,-0.00612,-0.00001,0.00019,0.00612,0.95436,0.00589,0.00685,3,12133,0,6249,0.00000,0.00000,0.00000,0,0,nan,0,0,0,4296,187491,0,0,0.000,0.000,0.000,0,0.000,0.000,0.000,0,0,4,0,0
PPG,1,94975,3800551552,25,494,518,0.000,0.000,0.000,0,0,0,0,0.00,nan,4,3,1,nan,3,3,24,1,1,31,31,0,0,0,3801743745,0.03735,0.00464,0.94922,0.94996,-0.00665,-0.00108,-0.00194,0.00701,0.95695,0.00524,0.00701,3,12129,0,6249,0.00000,0.00000,0.00000,0,0,nan,0,0,0,2609,187491,0,0,0.000,0.000,0.000,0,0.000,0.000,0.000,0,0,4,0,0
PPG,1,94976,3800591552,25,480,504,0.000,0.000,0.000,0,0,0,0,0.00,nan,4,3,1,nan,3,3,24,1,1,0,0,0,0,0,3801784890,0.03857,0.00537,0.94849,0.94929,-0.00665,-0.00001,-0.00167,0.00686,0.95179,0.00445,0.00686,3,12122,0,6249,0.00000,0.00000,0.00000,0,0,nan,0,0,0,4295,187491,0,0,0.000,0.000,0.000,0,0.000,0.000,0.000,0,0,4,0,0
PPG,1,94977,3800631552,26,493,500,0.000,0.000,0.000,0,0,0,0,0.00,nan,4,3,1,nan,3,3,24,1,1,1,1,0,0,0,3801823400,0.03589,0.00732,0.95605,0.95676,-0.00585,0.00025,-0.00194,0.00617,0.95676,0.00518,0.00724,3,12117,0,6249,0.00000,0.00000,0.00000,0,0,nan,0,0,0,2599,187491,0,0,0.000,0.000,0.000,0,0.000,0.000,0.000,0,0,4,0,0
PPG,1,94978,3800671552,39,493,507,0.000,0.000,0.000,0,0,0,0,0.00,nan,4,3,1,nan,3,3,24,1,1,2,2,0,0,0,3801864527,0.03613,0.00854,0.94971,0.95043,-0.00638,-0.00081,-0.00274,0.00699,0.95582,0.00626,0.00699,3,12143,0,6249,0.00000,0.00000,0.00000,0,0,nan,0,0,0,4302,187491,0,0,0.000,0.000,0.000,0,0.000,0.000,0.000,0,0,4,0,0
PPG,1,94979,3800711552,29,500,514,0.000,0.000,0.000,0,0,0,0,0.00,nan,4,3,1,nan,3,3,24,1,1,3,3,0,0,0,3801903531,0.04126,0.00732,0.94604,0.94697,-0.00585,-0.00001,-0.00141,0.00602,0.95413,0.00490,0.00701,3,12235,0,6249,0.00000,0.00000,0.00000,0,0,nan,0,0,0,2601,187491,0,0,0.000,0.000,0.000,0,0.000,0.000,0.000,0,0,4,0,0
PPG,1,94980,3800751552,25,499,517,0.000,0.000,0.000,0,0,0,0,0.00,nan,4,3,1,nan,3,3,24,1,1,4,4,0,0,0,3801944693,0.04004,0.00439,0.95190,0.95276,-0.00505,-0.00055,-0.00194,0.00544,0.95797,0.00849,0.00595,3,12117,0,6249,0.00000,0.00000,0.00000,0,0,nan,0,0,0,4297,187491,0,0,0.000,0.000,0.000,0,0.000,0.000,0.000,0,0,4,0,0
PPG,1,94981,3800791552,25,488,522,0.000,0.000,0.000,0,0,0,0,0.00,nan,4,3,1,nan,3,3,24,1,1,5,5,0,0,0,3801983285,0.03833,0.00537,0.95166,0.95245,-0.00505,-0.00001,-0.00194,0.00541,0.95707,0.00462,0.00685,3,12166,0,6249,0.00000,0.00000,0.00000,0,0,nan,0,0,0,2594,187491,0,0,0.000,0.000,0.000,0,0.000,0.000,0.000,0,0,4,0,0
PPG,1,94982,3800831552,32,483,502,0.000,0.000,0.000,0,0,0,0,0.00,nan,4,3,1,nan,3,3,24,1,1,6,6,0,0,0,3802024481,0.04004,0.00757,0.95215,0.95302,-0.00585,-0.00001,-0.00141,0.00602,0.95302,0.00899,0.00628,3,12104,0,6249,0.00000,0.00000,0.00000,0,0,nan,0,0,0,4294,187491,0,0,0.000,0.000,0.000,0,0.000,0.000,0.000,0,0,4,0,0
PPG,1,94983,3800871552,29,501,512,0.000,0.000,0.000,0,0,0,0,0.00,nan,4,3,1,nan,3,3,24,1,1,7,7,0,0,0,3802063147,0.04199,0.00439,0.94751,0.94845,-0.00558,-0.00055,-0.00194,0.00594,0.95991,0.00689,0.00594,3,12121,0,6249,0.00000,0.00000,0.00000,0,0,nan,0,0,0,2709,187491,0,0,0.000,0.000,0.000,0,0.000,0.000,0.000,0,0,4,0,0
PPG,1,94984,3800911552,26,483,507,0.000,0.000,0.000,0,0,0,0,0.00,nan,4,3,1,nan,3,3,24,1,1,8,8,0,0,0,3802104840,0.04102,0.00708,0.94604,0.94696,-0.00612,-0.00135,-0.00114,0.00637,0.95415,0.00700,0.00637,3,12243,0,6249,0.00000,0.00000,0.00000,0,0,nan,0,0,0,4344,187491,0,0,0.000,0.000,0.000,0,0.000,0.000,0.000,0,0,4,0,0
PPG,1,94985,3800951552,26,495,505,0.000,0.000,0.000,0,0,0,0,0.00,nan,4,3,1,nan,3,3,24,1,1,9,9,0,0,0,3802143738,0.03687,0.00757,0.95288,0.95362,-0.00638,-0.00081,-0.00087,0.00649,0.95493,0.00460,0.00665,3,12264,0,6249,0.00000,0.00000,0.00000,0,0,nan,0,0,0,2628,187491,0,0,0.000,0.000,0.000,0,0.000,0.000,0.000,0,0,4,0,0
PPG,1,94986,3800991552,25,491,512,0.000,0.000,0.000,0,0,0,0,0.00,nan,4,3,1,nan,3,3,24,1,1,10,10,0,0,0,3802185241,0.03662,0.00659,0.95093,0.95166,-0.00612,-0.00001,-0.00194,0.00642,0.95220,0.00400,0.00642,3,12239,0,6249,0.00000,0.00000,0.00000,0,0,nan,0,0,0,4341,187491,0,0,0.000,0.000,0.000,0,0.000,0.000,0.000,0,0,4,0,0
PPG,1,94987,3801031552,25,488,511,0.000,0.000,0.000,0,0,0,0,0.00,nan,4,3,1,nan,3,3,24,1,1,11,11,0,0,0,3802224154,0.03638,0.00342,0.94824,0.94895,-0.00612,-0.00055,-0.00247,0.00662,0.95883,0.00730,0.00691,3,12254,0,6249,0.00000,0.00000,0.00000,0,0,nan,0,0,0,4334,187491,0,0,0.000,0.000,0.000,0,0.000,0.000,0.000,0,0,4,0,0
PPG,1,94988,3801071552,25,503,503,0.000,0.000,0.000,0,0,0,0,0.00,nan,4,3,1,nan,3,3,24,1,1,12,12,0,0,0,3802262972,0.03491,0.01123,0.94995,0.95066,-0.00638,-0.00028,-0.00167,0.00661,0.95066,0.00391,0.00661,3,12252,0,6249,0.00000,0.00000,0.00000,0,0,nan,0,0,0,2634,187491,0,0,0.000,0.000,0.000,0,0.000,0.000,0.000,0,0,4,0,0
PPG,1,94989,3801111552,26,496,500,0.000,0.000,0.000,0,0,0,0,0.00,nan,4,3,1,nan,3,3,24,1,1,13,13,0,0,0,3802304673,0.03906,0.00586,0.94897,0.94980,-0.00532,-0.00081,-0.00194,0.00572,0.95095,0.00227,0.00653,3,12252,0,6249,0.00000,0.00000,0.00000,0,0,nan,0,0,0,4334,187491,0,0,0.000,0.000,0.000,0,0.000,0.000,0.000,0,0,4,0,0
PPG,1,94990,3801151552,28,504,511,0.000,0.000,0.000,0,0,0,0,0.00,nan,4,3,1,nan,3,3,24,1,1,14,14,0,0,0,3802343474,0.03589,0.00708,0.94946,0.95017,-0.00585,-0.00055,-0.00141,0.00604,0.95990,0.01010,0.00614,3,12210,0,6249,0.00000,0.00000,0.00000,0,0,nan,0,0,0,2637,187491,0,0,0.000,0.000,0.000,0,0.000,0.000,0.000,0,0,4,0,0
PPG,1,94991,3801191552,26,485,500,0.000,0.000,0.000,0,0,0,0,0.00,nan,4,3,1,nan,3,3,24,1,1,15,15,0,0,0,3802385072,0.03760,0.00513,0.95239,0.95315,-0.00665,-0.00081,-0.00141,0.00685,0.95315,0.00235,0.00685,3,12296,0,6249,0.00000,0.00000,0.00000,0,0,nan,0,0,0,4341,187491,0,0,0.000,0.000,0.000,0,0.000,0.000,0.000,0,0,4,0,0
PPG,1,94992,3801231552,25,498,506,0.000,0.000,0.000,0,0,0,0,0.00,nan,4,3,1,nan,3,3,24,1,1,16,16,0,0,0,3802423860,0.04297,0.00757,0.95435,0.95534,-0.00505,-0.00028,-0.00194,0.00542,0.95540,0.00993,0.00667,3,12203,0,6249,0.00000,0.00000,0.00000,0,0,nan,0,0,0,2620,187491,0,0,0.000,0.000,0.000,0,0.000,0.000,0.000,0,0,4,0,0
PPG,1,94993,3801271552,25,488,515,0.000,0.000,0.000,0,0,0,0,0.00,nan,4,3,1,nan,3,3,24,1,1,17,17,0,0,0,3802465304,0.04126,0.00757,0.95581,0.95673,-0.00612,-0.00081,-0.00194,0.00647,0.95853,0.00642,0.00660,3,12231,0,6249,0.00000,0.00000,0.00000,0,0,nan,0,0,0,4349,187491,0,0,0.000,0.000,0.000,0,0.000,0.000,0.000,0,0,4,0,0
PPG,1,94994,3801311552,25,487,507,0.000,0.000,0.000,0,0,0,0,0.00,nan,4,3,1,nan,3,3,24,1,1,18,18,0,0,0,3802504182,0.03467,0.00781,0.95190,0.95257,-0.00532,-0.00055,-0.00087,0.00542,0.95549,0.00751,0.00726,3,12236,0,6249,0.00000,0.00000,0.00000,0,0,nan,0,0,0,4336,187491,0,0,0.000,0.000,0.000,0,0.000,0.000,0.000,0,0,4,0,0
PPG,1,94995,3801351552,25,490,513,0.000,0.000,0.000,0,0,0,0,0.00,nan,4,3,1,nan,3,3,24,1,1,19,19,0,0,0,3802542992,0.03857,0.00806,0.94873,0.94955,-0.00532,-0.00028,-0.00221,0.00576,0.95179,0.00494,0.00576,3,12220,0,6249,0.00000,0.00000,0.00000,0,0,nan,0,0,0,2630,187491,0,0,0.000,0.000,0.000,0,0.000,0.000,0.000,0,0,4,0,0
PPG,1,94996,3801391552,26,489,509,0.000,0.000,0.000,0,0,0,0,0.00,nan,4,3,1,nan,3,3,24,1,1,20,20,0,0,0,3802578946,0.04321,0.00562,0.95117,0.95217,-0.00558,0.00025,-0.00167,0.00583,0.95217,0.00365,0.00597,2,19008,0,6249,0.00000,0.00000,0.00000,0,0,nan,0,0,0,2656,187491,0,0,0.000,0.000,0.000,0,0.000,0.000,0.000,0,0,4,0,0
PPG,1,94997,3801431552,25,492,513,0.000,0.000,0.000,0,0,0,0,0.00,nan,4,3,1,nan,3,3,24,1,1,21,21,0,0,0,3802623174,0.03760,0.00317,0.95190,0.95265,-0.00638,-0.00108,-0.00167,0.00669,0.95265,0.00362,0.00669,3,12239,0,6249,0.00000,0.00000,0.00000,0,0,nan,0,0,0,2631,187491,0,0,0.000,0.000,0.000,0,0.000,0.000,0.000,0,0,4,0,0
PPG,1,94998,3801471552,25,491,515,0.000,0.000,0.000,0,0,0,0,0.00,nan,4,3,1,nan,3,3,24,1,1,22,22,0,0,0,3802664675,0.04102,0.00317,0.94751,0.94840,-0.00558,-0.00188,-0.00141,0.00606,0.95055,0.00296,0.00663,3,12235,0,6249,0.00000,0.00000,0.00000,0,0,nan,0,0,0,4315,187491,0,0,0.000,0.000,0.000,0,0.000,0.000,0.000,0,0,4,0,0
PPG,1,94999,3801511552,37,494,501,0.000,0.000,0.000,0,0,0,0,0.00,nan,4,3,1,nan,3,3,24,1,1,23,23,0,0,0,3802703390,0.03979,0.00464,0.94873,0.94958,-0.00585,0.00079,-0.00167,0.00614,0.95842,0.01237,0.00639,3,12120,0,6249,0.00000,0.00000,0.00000,0,0,nan,0,0,0,2640,187491,0,0,0.000,0.000,0.000,0,0.000,0.000,0.000,0,0,4,0,0
PPG,1,95000,3801551552,26,477,501,0.000,0.000,0.000,0,0,0,0,0.00,nan,4,3,1,nan,3,3,24,1,1,24,24,0,0,0,3802744755,0.03760,0.00488,0.95239,0.95315,-0.00585,-0.00055,-0.00061,0.00591,0.95547,0.00589,0.00626,3,12129,0,6249,0.00000,0.00000,0.00000,0,0,nan,0,0,0,4294,187491,0,0,0.000,0.000,0.000,0,0.000,0.000,0.000,0,0,4,0,0
PPG,1,95001,3801591552,38,499,512,0.000,0.000,0.000,0,0,0,0,0.00,nan,4,3,1,nan,3,3,24,1,1,25,25,0,0,0,3802783299,0.03687,0.00537,0.94849,0.94922,-0.00585,-0.00001,-0.00221,0.00625,0.95935,0.00706,0.00662,3,12122,0,6249,0.00000,0.00000,0.00000,0,0,nan,0,0,0,2604,187491,0,0,0.000,0.000,0.000,0,0.000,0.000,0.000,0,0,4,0,0
PPG,1,95002,3801631552,25,486,513,0.000,0.000,0.000,0,0,0,0,0.00,nan,4,3,1,nan,3,3,24,1,1,26,26,0,0,0,3802824575,0.04150,0.00659,0.95239,0.95332,-0.00505,-0.00028,-0.00141,0.00525,0.95739,0.00818,0.00604,3,12122,0,6249,0.00000,0.00000,0.00000,0,0,nan,0,0,0,4298,187491,0,0,0.000,0.000,0.000,0,0.000,0.000,0.000,0,0,4,0,0
PPG,1,95003,3801671552,25,486,497,0.000,0.000,0.000,0,0,0,0,0.00,nan,4,3,1,nan,3,3,24,1,1,27,27,0,0,0,3802863110,0.04150,0.00171,0.95142,0.95232,-0.00638,-0.00055,-0.00087,0.00647,0.95739,0.00548,0.00647,3,12132,0,6249,0.00000,0.00000,0.00000,0,0,nan,0,0,0,2602,187491,0,0,0.000,0.000,0.000,0,0.000,0.000,0.000,0,0,4,0,0
PPG,1,95004,3801711552,25,492,508,0.000,0.000,0.000,0,0,0,0,0.00,nan,4,3,1,nan,3,3,24,1,1,28,28,0,0,0,3802904320,0.03589,0.00635,0.95239,0.95309,-0.00665,0.00079,-0.00194,0.00697,0.95437,0.00218,0.00790,3,12163,0,6249,0.00000,0.00000,0.00000,0,0,nan,0,0,0,4301,187491,0,0,0.000,0.000,0.000,0,0.000,0.000,0.000,0,0,4,0,0
PPG,1,95005,3801751552,25,503,514,0.000,0.000,0.000,0,0,0,0,0.00,nan,4,3,1,nan,3,3,24,1,1,29,29,0,0,0,3802942838,0.03809,0.00610,0.95166,0.95244,-0.00532,0.00079,-0.00141,0.00556,0.95474,0.00721,0.00566,3,12122,0,6249,0.00000,0.00000,0.00000,0,0,nan,0,0,0,2602,187491,0,0,0.000,0.000,0.000,0,0.000,0.000,0.000,0,0,4,0,0
PPG,1,95006,3801791552,25,484,505,0.000,0.000,0.000,0,0,0,0,0.00,nan,4,3,1,nan,3,3,24,1,1,30,30,0,0,0,3802983965,0.03906,0.00610,0.95264,0.95346,-0.00665,-0.00108,-0.00221,0.00709,0.95346,0.00157,0.00714,3,12125,0,6249,0.00000,0.00000,0.00000,0,0,nan,0,0,0,2624,187491,0,0,0.000,0.000,0.000,0,0.000,0.000,0.000,0,0,4,0,0
PPG,1,95007,3801831552,28,472,507,0.000,0.000,0.000,0,0,0,0,0.00,nan,4,3,1,nan,3,3,24,1,1,31,31,0,0,0,3803025116,0.04053,0.00464,0.95361,0.95449,-0.00558,0.00025,-0.00114,0.00571,0.96002,0.00777,0.00651,3,12122,0,6249,0.00000,0.00000,0.00000,0,0,nan,0,0,0,4300,187491,0,0,0.000,0.000,0.000,0,0.000,0.000,0.000,0,0,4,0,0
PPG,1,95008,3801871552,26,495,492,0.000,0.000,0.000,0,0,0,0,0.00,nan,4,3,1,nan,3,3,24,1,1,0,0,0,0,0,3803063639,0.04077,0.00684,0.94971,0.95061,-0.00638,-0.00028,-0.00034,0.00640,0.96080,0.01019,0.00654,3,12121,0,6249,0.00000,0.00000,0.00000,0,0,nan,0,0,0,2613,187491,0,0,0.000,0.000,0.000,0,0.000,0.000,0.000,0,0,4,0,0
PPG,1,95009,3801911552,25,495,505,0.000,0.000,0.000,0,0,0,0,0.00,nan,4,3,1,nan,3,3,24,1,1,1,1,0,0,0,3803104818,0.03857,0.00708,0.94702,0.94783,-0.00558,-0.00055,-0.00221,0.00603,0.95247,0.00464,0.00617,3,12164,0,6249,0.00000,0.00000,0.00000,0,0,nan,0,0,0,4312,187491,0,0,0.000,0.000,0.000,0,0.000,0.000,0.000,0,0,4,0,0
PPG,1,95010,3801951552,25,499,518,0.000,0.000,0.000,0,0,0,0,0.00,nan,4,3,1,nan,3,3,24,1,1,2,2,0,0,0,3803143342,0.03906,0.00708,0.94995,0.95078,-0.00612,-0.00001,-0.00087,0.00618,0.95078,0.00253,0.00623,3,12112,0,6249,0.00000,0.00000,0.00000,0,0,nan,0,0,0,2606,187491,0,0,0.000,0.000,0.000,0,0.000,0.000,0.000,0,0,4,0,0
PPG,1,95011,3801991552,25,493,514,0.000,0.000,0.000,0,0,0,0,0.00,nan,4,3,1,nan,3,3,24,1,1,3,3,0,0,0,3803184478,0.03955,0.00391,0.94995,0.95078,-0.00665,-0.00001,-0.00247,0.00709,0.95720,0.00997,0.00709,3,12114,0,6249,0.00000,0.00000,0.00000,0,0,nan,0,0,0,4295,187491,0,0,0.000,0.000,0.000,0,0.000,0.000,0.000,0,0,4,0,0
PPG,1,95012,3802031552,25,477,510,0.000,0.000,0.000,0,0,0,0,0.00,nan,4,3,1,nan,3,3,24,1,1,4,4,0,0,0,3803223346,0.04272,0.00415,0.95093,0.95190,-0.00585,-0.00081,-0.00167,0.00614,0.95421,0.00352,0.00614,3,12298,0,6249,0.00000,0.00000,0.00000,0,0,nan,0,0,0,2595,187491,0,0,0.000,0.000,0.000,0,0.000,0.000,0.000,0,0,4,0,0
PPG,1,95013,3802071552,26,491,517,0.000,0.000,0.000,0,0,0,0,0.00,nan,4,3,1,nan,3,3,24,1,1,5,5,0,0,0,3803264509,0.03613,0.00732,0.95020,0.95091,-0.00638,-0.00081,-0.00141,0.00659,0.95591,0.00570,0.00727,3,12169,0,6249,0.00000,0.00000,0.00000,0,0,nan,0,0,0,4298,187491,0,0,0.000,0.000,0.000,0,0.000,0.000,0.000,0,0,4,0,0
PPG,1,95014,3802111552,25,486,507,0.000,0.000,0.000,0,0,0,0,0.00,nan,4,3,1,nan,3,3,24,1,1,6,6,0,0,0,3803303015,0.03662,0.00659,0.95215,0.95288,-0.00612,-0.00081,-0.00141,0.00633,0.95288,0.00296,0.00633,3,12128,0,6249,0.00000,0.00000,0.00000,0,0,nan,0,0,0,2607,187491,0,0,0.000,0.000,0.000,0,0.000,0.000,0.000,0,0,4,0,0
PPG,1,95015,3802151552,25,479,497,0.000,0.000,0.000,0,0,0,0,0.00,nan,4,3,1,nan,3,3,24,1,1,7,7,0,0,0,3803344277,0.03955,0.00952,0.94849,0.94936,-0.00585,-0.00081,-0.00141,0.00607,0.95147,0.00708,0.00626,3,12116,0,6249,0.00000,0.00000,0.00000,0,0,nan,0,0,0,2595,187491,0,0,0.000,0.000,0.000,0,0.000,0.000,0.000,0,0,4,0,0
PPG,1,95016,3802191552,25,494,512,0.000,0.000,0.000,0,0,0,0,0.00,nan,4,3,1,nan,3,3,24,1,1,8,8,0,0,0,3803385489,0.03638,0.01025,0.95044,0.95119,-0.00585,-0.00028,-0.00194,0.00617,0.95119,0.00486,0.00623,3,12119,0,6249,0.00000,0.00000,0.00000,0,0,nan,0,0,0,4368,187491,0,0,0.000,0.000,0.000,0,0.000,0.000,0.000,0,0,4,0,0
PPG,1,95017,3802231552,25,505,523,0.000,0.000,0.000,0,0,0,0,0.00,nan,4,3,1,nan,3,3,24,1,1,9,9,0,0,0,3803424511,0.03760,0.00415,0.95117,0.95192,-0.00585,-0.00001,-0.00141,0.00602,0.95236,0.00108,0.00702,3,12259,0,6249,0.00000,0.00000,0.00000,0,0,nan,0,0,0,4339,187491,0,0,0.000,0.000,0.000,0,0.000,0.000,0.000,0,0,4,0,0
PPG,1,95018,3802271552,34,490,505,0.000,0.000,0.000,0,0,0,0,0.00,nan,4,3,1,nan,3,3,24,1,1,10,10,0,0,0,3803463422,0.03760,0.00439,0.95776,0.95851,-0.00585,-0.00081,-0.00167,0.00614,0.96154,0.01034,0.00623,3,12275,0,6249,0.00000,0.00000,0.00000,0,0,nan,0,0,0,2637,187491,0,0,0.000,0.000,0.000,0,0.000,0.000,0.000,0,0,4,0,0
PPG,1,95019,3802311552,25,491,515,0.000,0.000,0.000,0,0,0,0,0.00,nan,4,3,1,nan,3,3,24,1,1,11,11,0,0,0,3803504918,0.04443,0.00317,0.95532,0.95636,-0.00532,-0.00055,-0.00194,0.00569,0.95636,0.00415,0.00821,3,12262,0,6249,0.00000,0.00000,0.00000,0,0,nan,0,0,0,4353,187491,0,0,0.000,0.000,0.000,0,0.000,0.000,0.000,0,0,4,0,0
PPG,1,95020,3802351552,27,498,512,0.000,0.000,0.000,0,0,0,0,0.00,nan,4,3,1,nan,3,3,24,1,1,12,12,0,0,0,3803543861,0.03760,0.00586,0.95068,0.95144,-0.00612,-0.00028,-0.00247,0.00660,0.95312,0.00324,0.00660,3,12252,0,6249,0.00000,0.00000,0.00000,0,0,nan,0,0,0,2627,187491,0,0,0.000,0.000,0.000,0,0.000,0.000,0.000,0,0,4,0,0
PPG,1,95021,3802391552,26,510,512,0.000,0.000,0.000,0,0,0,0,0.00,nan,4,3,1,nan,3,3,24,1,1,13,13,0,0,0,3803579885,0.04150,-0.00122,0.95142,0.95232,-0.00638,-0.00055,-0.00194,0.00669,0.95232,0.00084,0.00718,2,19023,0,6249,0.00000,0.00000,0.00000,0,0,nan,0,0,0,2623,187491,0,0,0.000,0.000,0.000,0,0.000,0.000,0.000,0,0,4,0,0
PPG,1,95022,3802431552,26,491,507,0.000,0.000,0.000,0,0,0,0,0.00,nan,4,3,1,nan,3,3,24,1,1,14,14,0,0,0,3803624152,0.03516,0.01025,0.95435,0.95505,-0.00585,-0.00135,-0.00194,0.00631,0.95881,0.00649,0.00697,3,12249,0,6249,0.00000,0.00000,0.00000,0,0,nan,0,0,0,2642,187491,0,0,0.000,0.000,0.000,0,0.000,0.000,0.000,0,0,4,0,0
PPG,1,95023,3802471552,26,490,508,0.000,0.000,0.000,0,0,0,0,0.00,nan,4,3,1,nan,3,3,24,1,1,15,15,0,0,0,3803665676,0.03735,0.00439,0.95264,0.95338,-0.00558,0.00052,-0.00141,0.00578,0.95409,0.00116,0.00654,3,12214,0,6249,0.00000,0.00000,0.00000,0,0,nan,0,0,0,4340,187491,0,0,0.000,0.000,0.000,0,0.000,0.000,0.000,0,0,4,0,0
PPG,1,95024,3802511552,25,500,507,0.000,0.000,0.000,0,0,0,0,0.00,nan,4,3,1,nan,3,3,24,1,1,16,16,0,0,0,3803704571,0.03882,0.00806,0.94995,0.95078,-0.00505,-0.00055,-0.00194,0.00544,0.95197,0.00301,0.00680,3,12262,0,6249,0.00000,0.00000,0.00000,0,0,nan,0,0,0,4345,187491,0,0,0.000,0.000,0.000,0,0.000,0.000,0.000,0,0,4,0,0
PPG,1,95025,3802551552,25,493,506,0.000,0.000,0.000,0,0,0,0,0.00,nan,4,3,1,nan,3,3,24,1,1,17,17,0,0,0,3803743413,0.03857,0.00781,0.95068,0.95150,-0.00665,-0.00055,-0.00141,0.00682,0.95334,0.00558,0.00682,3,12219,0,6249,0.00000,0.00000,0.00000,0,0,nan,0,0,0,2621,187491,0,0,0.000,0.000,0.000,0,0.000,0.000,0.000,0,0,4,0,0
PPG,1,95026,3802591552,25,495,513,0.000,0.000,0.000,0,0,0,0,0.00,nan,4,3,1,nan,3,3,24,1,1,18,18,0,0,0,3803784877,0.03931,0.00415,0.94482,0.94565,-0.00612,0.00052,-0.00141,0.00630,0.95240,0.00452,0.00698,3,12247,0,6249,0.00000,0.00000,0.00000,0,0,nan,0,0,0,4329,187491,0,0,0.000,0.000,0.000,0,0.000,0.000,0.000,0,0,4,0,0
PPG,1,95027,3802631552,26,492,498,0.000,0.000,0.000,0,0,0,0,0.00,nan,4,3,1,nan,3,3,24,1,1,19,19,0,0,0,3803823773,0.04102,0.00586,0.95117,0.95207,-0.00665,-0.00055,-0.00300,0.00732,0.95464,0.00899,0.00732,3,12260,0,6249,0.00000,0.00000,0.00000,0,0,nan,0,0,0,2629,187491,0,0,0.000,0.000,0.000,0,0.000,0.000,0.000,0,0,4,0,0
PPG,1,95028,3802671552,25,493,504,0.000,0.000,0.000,0,0,0,0,0.00,nan,4,3,1,nan,3,3,24,1,1,20,20,0,0,0,3803865224,0.04102,0.00708,0.95581,0.95672,-0.00612,-0.00081,-0.00167,0.00639,0.95672,0.00447,0.00639,3,12204,0,6249,0.00000,0.00000,0.00000,0,0,nan,0,0,0,4328,187491,0,0,0.000,0.000,0.000,0,0.000,0.000,0.000,0,0,4,0,0
PPG,1,95029,3802711552,26,495,500,0.000,0.000,0.000,0,0,0,0,0.00,nan,4,3,1,nan,3,3,24,1,1,21,21,0,0,0,3803904078,0.03979,0.00684,0.94897,0.94983,-0.00558,-0.00108,-0.00141,0.00586,0.95574,0.00591,0.00611,3,12237,0,6249,0.00000,0.00000,0.00000,0,0,nan,0,0,0,2621,187491,0,0,0.000,0.000,0.000,0,0.000,0.000,0.000,0,0,4,0,0
PPG,1,95030,3802751552,25,496,504,0.000,0.000,0.000,0,0,0,0,0.00,nan,4,3,1,nan,3,3,24,1,1,22,22,0,0,0,3803945559,0.04175,0.00293,0.95020,0.95112,-0.00585,-0.00055,-0.00167,0.00611,0.95413,0.00430,0.00668,3,12241,0,6249,0.00000,0.00000,0.00000,0,0,nan,0,0,0,4332,187491,0,0,0.000,0.000,0.000,0,0.000,0.000,0.000,0,0,4,0,0
PPG,1,95031,3802791552,39,494,512,0.000,0.000,0.000,0,0,0,0,0.00,nan,4,3,1,nan,3,3,24,1,1,23,23,0,0,0,3803984391,0.03979,0.00586,0.95020,0.95105,-0.00585,-0.00161,-0.00194,0.00637,0.95105,0.00153,0.00642,3,12229,0,6249,0.00000,0.00000,0.00000,0,0,nan,0,0,0,2610,187491,0,0,0.000,0.000,0.000,0,0.000,0.000,0.000,0,0,4,0,0
PPG,1,95032,3802831552,32,490,503,0.000,0.000,0.000,0,0,0,0,0.00,nan,4,3,1,nan,3,3,24,1,1,24,24,0,0,0,3804025862,0.03882,0.00464,0.95117,0.95197,-0.00638,0.00079,-0.00167,0.00665,0.95736,0.00697,0.00665,3,12202,0,6249,0.00000,0.00000,0.00000,0,0,nan,0,0,0,4300,187491,0,0,0.000,0.000,0.000,0,0.000,0.000,0.000,0,0,4,0,0
PPG,1,95033,3802871552,29,491,499,0.000,0.000,0.000,0,0,0,0,0.00,nan,4,3,1,nan,3,3,24,1,1,25,25,0,0,0,3804064487,0.03687,0.00732,0.95459,0.95533,-0.00638,0.00025,-0.00167,0.00660,0.95539,0.00173,0.00671,3,12113,0,6249,0.00000,0.00000,0.00000,0,0,nan,0,0,0,2598,187491,0,0,0.000,0.000,0.000,0,0.000,0.000,0.000,0,0,4,0,0
PPG,1,95034,3802911552,25,504,515,0.000,0.000,0.000,0,0,0,0,0.00,nan,4,3,1,nan,3,3,24,1,1,26,26,0,0,0,3804105626,0.03687,0.00708,0.95190,0.95264,-0.00718,-0.00055,-0.00194,0.00746,0.95592,0.00203,0.00746,3,12115,0,6249,0.00000,0.00000,0.00000,0,0,nan,0,0,0,4297,187491,0,0,0.000,0.000,0.000,0,0.000,0.000,0.000,0,0,4,0,0
PPG,1,95035,3802951552,25,492,518,0.000,0.000,0.000,0,0,0,0,0.00,nan,4,3,1,nan,3,3,24,1,1,27,27,0,0,0,3804144157,0.03784,0.00757,0.94629,0.94708,-0.00612,-0.00081,-0.00221,0.00655,0.95519,0.00438,0.00660,3,12115,0,6249,0.00000,0.00000,0.00000,0,0,nan,0,0,0,2605,187491,0,0,0.000,0.000,0.000,0,0.000,0.000,0.000,0,0,4,0,0
PPG,1,95036,3802991552,25,476,500,0.000,0.000,0.000,0,0,0,0,0.00,nan,4,3,1,nan,3,3,24,1,1,28,28,0,0,0,3804185301,0.04199,0.00806,0.95166,0.95262,-0.00612,0.00025,-0.00194,0.00642,0.95262,0.00429,0.00642,3,12129,0,6249,0.00000,0.00000,0.00000,0,0,nan,0,0,0,4323,187491,0,0,0.000,0.000,0.000,0,0.000,0.000,0.000,0,0,4,0,0
PPG,1,95037,3803031552,25,482,490,0.000,0.000,0.000,0,0,0,0,0.00,nan,4,3,1,nan,3,3,24,1,1,29,29,0,0,0,3804223893,0.03857,0.00073,0.95361,0.95439,-0.00558,0.00025,-0.00221,0.00601,0.95439,0.00289,0.00617,3,12165,0,6249,0.00000,0.00000,0.00000,0,0,nan,0,0,0,2595,187491,0,0,0.000,0.000,0.000,0,0.000,0.000,0.000,0,0,4,0,0
PPG,1,95038,3803071552,25,490,513,0.000,0.000,0.000,0,0,0,0,0.00,nan,4,3,1,nan,3,3,24,1,1,30,30,0,0,0,3804265013,0.03906,0.00781,0.95313,0.95396,-0.00479,-0.00028,-0.00061,0.00483,0.95422,0.00121,0.00601,3,12107,0,6249,0.00000,0.00000,0.00000,0,0,nan,0,0,0,4299,187491,0,0,0.000,0.000,0.000,0,0.000,0.000,0.000,0,0,4,0,0
PPG,1,95039,3803111552,29,494,507,0.000,0.000,0.000,0,0,0,0,0.00,nan,4,3,1,nan,3,3,24,1,1,31,31,0,0,0,3804303518,0.04126,0.00488,0.95313,0.95403,-0.00425,0.00079,-0.00167,0.00464,0.95403,0.00447,0.00635,3,12105,0,6249,0.00000,0.00000,0.00000,0,0,nan,0,0,0,2601,187491,0,0,0.000,0.000,0.000,0,0.000,0.000,0.000,0,0,4,0,0
PPG,1,95040,3803151552,25,501,514,0.000,0.000,0.000,0,0,0,0,0.00,nan,4,3,1,nan,3,3,24,1,1,0,0,0,0,0,3804344738,0.04004,0.00610,0.94507,0.94594,-0.00505,-0.00188,-0.00167,0.00564,0.95303,0.00459,0.00564,3,12133,0,6249,0.00000,0.00000,0.00000,0,0,nan,0,0,0,4305,187491,0,0,0.000,0.000,0.000,0,0.000,0.000,0.000,0,0,4,0,0
PPG,1,95041,3803191552,25,484,504,0.000,0.000,0.000,0,0,0,0,0.00,nan,4,3,1,nan,3,3,24,1,1,1,1,0,0,0,3804383266,0.03564,0.00024,0.94897,0.94964,-0.00638,-0.00161,-0.00221,0.00694,0.95517,0.00923,0.00694,3,12127,0,6249,0.00000,0.00000,0.00000,0,0,nan,0,0,0,2601,187491,0,0,0.000,0.000,0.000,0,0.000,0.000,0.000,0,0,4,0,0
PPG,1,95042,3803231552,26,475,494,0.000,0.000,0.000,0,0,0,0,0.00,nan,4,3,1,nan,3,3,24,1,1,2,2,0,0,0,3804424408,0.03809,0.00903,0.95483,0.95564,-0.00718,-0.00081,-0.00141,0.00736,0.95757,0.00633,0.00736,3,12139,0,6249,0.00000,0.00000,0.00000,0,0,nan,0,0,0,2623,187491,0,0,0.000,0.000,0.000,0,0.000,0.000,0.000,0,0,4,0,0
PPG,1,95043,3803271552,25,489,506,0.000,0.000,0.000,0,0,0,0,0.00,nan,4,3,1,nan,3,3,24,1,1,3,3,0,0,0,3804465549,0.03711,0.00464,0.94409,0.94483,-0.00505,0.00025,-0.00194,0.00542,0.95074,0.00489,0.00568,3,12116,0,6249,0.00000,0.00000,0.00000,0,0,nan,0,0,0,4297,187491,0,0,0.000,0.000,0.000,0,0.000,0.000,0.000,0,0,4,0,0
PPG,1,95044,3803311552,25,497,507,0.000,0.000,0.000,0,0,0,0,0.00,nan,4,3,1,nan,3,3,24,1,1,4,4,0,0,0,3804504067,0.03906,0.00684,0.95898,0.95980,-0.00638,0.00025,-0.00194,0.00668,0.95980,0.01029,0.00689,3,12119,0,6249,0.00000,0.00000,0.00000,0,0,nan,0,0,0,2599,187491,0,0,0.000,0.000,0.000,0,0.000,0.000,0.000,0,0,4,0,0
PPG,1,95045,3803351552,25,497,516,0.000,0.000,0.000,0,0,0,0,0.00,nan,4,3,1,nan,3,3,24,1,1,5,5,0,0,0,3804545275,0.03955,0.00928,0.94727,0.94814,-0.00558,-0.00001,-0.00194,0.00591,0.95097,0.01241,0.00685,3,12124,0,6249,0.00000,0.00000,0.00000,0,0,nan,0,0,0,4319,187491,0,0,0.000,0.000,0.000,0,0.000,0.000,0.000,0,0,4,0,0
PPG,1,95046,3803391552,25,494,514,0.000,0.000,0.000,0,0,0,0,0.00,nan,4,3,1,nan,3,3,24,1,1,6,6,0,0,0,3804581009,0.04077,0.00903,0.95239,0.95331,-0.00585,-0.00081,-0.00194,0.00622,0.95331,0.00288,0.00622,2,21480,0,6250,0.00000,0.00000,0.00000,0,0,nan,0,0,0,2597,187491,0,0,0.000,0.000,0.000,0,0.000,0.000,0.000,0,0,4,0,0
PPG,1,95047,3803431552,26,489,513,0.000,0.000,0.000,0,0,0,0,0.00,nan,4,3,1,nan,3,3,24,1,1,7,7,0,0,0,3804624846,0.04053,0.00610,0.95728,0.95815,-0.00558,-0.00055,-0.00247,0.00613,0.95815,0.00523,0.00613,3,12131,0,6250,0.00000,0.00000,0.00000,0,0,nan,0,0,0,4318,187491,0,0,0.000,0.000,0.000,0,0.000,0.000,0.000,0,0,4,0,0
PPG,1,95048,3803471552,26,482,510,0.000,0.000,0.000,0,0,0,0,0.00,nan,4,3,1,nan,3,3,24,1,1,8,8,0,0,0,3804663419,0.03809,0.00317,0.95020,0.95096,-0.00585,-0.00108,0.00019,0.00595,0.96024,0.00927,0.00735,3,12120,0,6250,0.00000,0.00000,0.00000,0,0,nan,0,0,0,2597,187491,0,0,0.000,0.000,0.000,0,0.000,0.000,0.000,0,0,4,0,0
PPG,1,95049,3803511552,25,487,502,0.000,0.000,0.000,0,0,0,0,0.00,nan,4,3,1,nan,3,3,24,1,1,9,9,0,0,0,3804704512,0.03857,0.00293,0.95410,0.95489,-0.00665,-0.00081,-0.00194,0.00697,0.95489,0.00330,0.00697,3,12109,0,6250,0.00000,0.00000,0.00000,0,0,nan,0,0,0,2600,187491,0,0,0.000,0.000,0.000,0,0.000,0.000,0.000,0,0,4,0,0
PPG,1,95050,3803551552,26,485,498,0.000,0.000,0.000,0,0,0,0,0.00,nan,4,3,1,nan,3,3,24,1,1,10,10,0,0,0,3804745681,0.03833,0.00903,0.95166,0.95247,-0.00585,-0.00135,-0.00167,0.00623,0.95465,0.00415,0.00623,3,12161,0,6250,0.00000,0.00000,0.00000,0,0,nan,0,0,0,4306,187491,0,0,0.000,0.000,0.000,0,0.000,0.000,0.000,0,0,4,0,0
PPG,1,95051,3803591552,25,494,512,0.000,0.000,0.000,0,0,0,0,0.00,nan,4,3,1,nan,3,3,24,1,1,11,11,0,0,0,3804784235,0.04297,0.00317,0.94653,0.94751,-0.00558,-0.00161,-0.00114,0.00592,0.95228,0.00476,0.00620,3,12124,0,6250,0.00000,0.00000,0.00000,0,0,nan,0,0,0,2599,187491,0,0,0.000,0.000,0.000,0,0.000,0.000,0.000,0,0,4,0,0
PPG,1,95052,3803631552,25,507,507,0.000,0.000,0.000,0,0,0,0,0.00,nan,4,3,1,nan,3,3,24,1,1,12,12,0,0,0,3804825376,0.03906,0.00293,0.95190,0.95271,-0.00612,0.00052,-0.00141,0.00630,0.95373,0.00622,0.00706,3,12117,0,6250,0.00000,0.00000,0.00000,0,0,nan,0,0,0,4305,187491,0,0,0.000,0.000,0.000,0,0.000,0.000,0.000,0,0,4,0,0
PPG,1,95053,3803671552,25,492,508,0.000,0.000,0.000,0,0,0,0,0.00,nan,4,3,1,nan,3,3,24,1,1,13,13,0,0,0,3804863887,0.03711,0.00586,0.95581,0.95655,-0.00532,-0.00028,-0.00114,0.00545,0.95655,0.00342,0.00710,3,12113,0,6250,0.00000,0.00000,0.00000,0,0,nan,0,0,0,2595,187491,0,0,0.000,0.000,0.000,0,0.000,0.000,0.000,0,0,4,0,0
PPG,1,95054,3803711552,25,488,501,0.000,0.000,0.000,0,0,0,0,0.00,nan,4,3,1,nan,3,3,24,1,1,14,14,0,0,0,3804940379,0.04150,0.00391,0.95068,0.95160,-0.00638,-0.00108,-0.00221,0.00684,0.95160,0.00631,0.00684,2,59670,0,6254,0.00000,0.00000,0.00000,0,0,nan,0,0,0,59691,187491,0,0,0.000,0.000,0.000,0,0.000,0.000,0.000,0,0,4,0,0
PPG,1,95055,3803751552,25,498,502,0.000,0.000,0.000,0,0,0,0,0.00,nan,4,3,1,nan,3,3,24,1,1,15,15,0,0,0,3804940379,0.04150,0.00391,0.95068,0.95160,-0.00638,-0.00108,-0.00221,0.00684,0.00000,0.00000,0.00000,0,59670,0,6254,0.00000,0.00000,0.00000,0,0,nan,0,0,0,11693,187491,0,0,0.000,0.000,0.000,0,0.000,0.000,0.000,0,0,4,0,0
PPG,1,95056,3803791552,26,488,505,0.000,0.000,0.000,0,0,0,0,0.00,nan,4,3,1,nan,3,3,24,1,1,16,16,0,0,0,3804986269,0.04150,0.00293,0.95435,0.95525,-0.00505,-0.00081,-0.00087,0.00519,0.96216,0.01057,0.00649,3,12125,0,6255,0.00000,0.00000,0.00000,0,0,nan,0,0,0,4308,187491,0,0,0.000,0.000,0.000,0,0.000,0.000,0.000,0,0,4,0,0
PPG,1,95057,3803831552,25,493,506,0.000,0.000,0.000,0,0,0,0,0.00,nan,4,3,1,nan,3,3,24,1,1,17,17,0,0,0,3805024788,0.03760,0.00488,0.95020,0.95095,-0.00558,-0.00081,-0.00247,0.00616,0.95602,0.00529,0.00687,3,12128,0,6255,0.00000,0.00000,0.00000,0,0,nan,0,0,0,2596,187491,0,0,0.000,0.000,0.000,0,0.000,0.000,0.000,0,0,4,0,0
PPG,1,95058,3803871552,26,500,506,0.000,0.000,0.000,0,0,0,0,0.00,nan,4,3,1,nan,3,3,24,1,1,18,18,0,0,0,3805066178,0.04272,0.00708,0.94946,0.95045,-0.00452,-0.00081,-0.00114,0.00473,0.95630,0.00698,0.00656,3,12279,0,6255,0.00000,0.00000,0.00000,0,0,nan,0,0,0,4337,187491,0,0,0.000,0.000,0.000,0,0.000,0.000,0.000,0,0,4,0,0
PPG,1,95059,3803911552,25,486,514,0.000,0.000,0.000,0,0,0,0,0.00,nan,4,3,1,nan,3,3,24,1,1,19,19,0,0,0,3805104924,0.04077,0.00879,0.95410,0.95501,-0.00585,-0.00108,-0.00247,0.00644,0.95501,0.00696,0.00648,3,12124,0,6255,0.00000,0.00000,0.00000,0,0,nan,0,0,0,4361,187491,0,0,0.000,0.000,0.000,0,0.000,0.000,0.000,0,0,4,0,0
PPG,1,95060,3803951552,29,499,514,0.000,0.000,0.000,0,0,0,0,0.00,nan,4,3,1,nan,3,3,24,1,1,20,20,0,0,0,3805143491,0.03931,0.00635,0.94922,0.95005,-0.00665,-0.00081,-0.00167,0.00691,0.95779,0.00774,0.00691,3,12119,0,6255,0.00000,0.00000,0.00000,0,0,nan,0,0,0,2606,187491,0,0,0.000,0.000,0.000,0,0.000,0.000,0.000,0,0,4,0,0
PPG,1,95061,3803991552,25,486,504,0.000,0.000,0.000,0,0,0,0,0.00,nan,4,3,1,nan,3,3,24,1,1,21,21,0,0,0,3805184776,0.03687,0.00488,0.94873,0.94946,-0.00505,-0.00108,-0.00167,0.00543,0.95636,0.00690,0.00573,3,12199,0,6255,0.00000,0.00000,0.00000,0,0,nan,0,0,0,2594,187491,0,0,0.000,0.000,0.000,0,0.000,0.000,0.000,0,0,4,0,0
PPG,1,95062,3804031552,25,490,513,0.000,0.000,0.000,0,0,0,0,0.00,nan,4,3,1,nan,3,3,24,1,1,22,22,0,0,0,3805226059,0.03809,0.00537,0.95703,0.95780,-0.00479,-0.00028,-0.00114,0.00493,0.95780,0.00813,0.00586,3,12285,0,6255,0.00000,0.00000,0.00000,0,0,nan,0,0,0,4303,187491,0,0,0.000,0.000,0.000,0,0.000,0.000,0.000,0,0,4,0,0
PPG,1,95063,3804071552,25,499,515,0.000,0.000,0.000,0,0,0,0,0.00,nan,4,3,1,nan,3,3,24,1,1,23,23,0,0,0,3805264891,0.04053,0.00757,0.94824,0.94914,-0.00692,0.00025,-0.00141,0.00706,0.95425,0.00955,0.00706,3,12332,0,6255,0.00000,0.00000,0.00000,0,0,nan,0,0,0,2611,187491,0,0,0.000,0.000,0.000,0,0.000,0.000,0.000,0,0,4,0,0
PPG,1,95064,3804111552,25,499,509,0.000,0.000,0.000,0,0,0,0,0.00,nan,4,3,1,nan,3,3,24,1,1,24,24,0,0,0,3805306400,0.03931,0.00464,0.95630,0.95712,-0.00558,-0.00081,-0.00194,0.00597,0.95923,0.01009,0.00647,3,12273,0,6255,0.00000,0.00000,0.00000,0,0,nan,0,0,0,4356,187491,0,0,0.000,0.000,0.000,0,0.000,0.000,0.000,0,0,4,0,0
PPG,1,95065,3804151552,28,494,508,0.000,0.000,0.000,0,0,0,0,0.00,nan,4,3,1,nan,3,3,24,1,1,25,25,0,0,0,3805345268,0.04102,0.01001,0.94849,0.94943,-0.00665,-0.00001,-0.00114,0.00675,0.95264,0.00447,0.00675,3,12230,0,6255,0.00000,0.00000,0.00000,0,0,nan,0,0,0,4331,187491,0,0,0.000,0.000,0.000,0,0.000,0.000,0.000,0,0,4,0,0
PPG,1,95066,3804191552,28,497,510,0.000,0.000,0.000,0,0,0,0,0.00,nan,4,3,1,nan,3,3,24,1,1,26,26,0,0,0,3805384158,0.04248,0.00562,0.95044,0.95140,-0.00612,-0.00001,-0.00194,0.00642,0.95400,0.00457,0.00642,3,12248,0,6255,0.00000,0.00000,0.00000,0,0,nan,0,0,0,2642,187491,0,0,0.000,0.000,0.000,0,0.000,0.000,0.000,0,0,4,0,0
PPG,1,95067,3804231552,25,485,519,0.000,0.000,0.000,0,0,0,0,0.00,nan,4,3,1,nan,3,3,24,1,1,27,27,0,0,0,3805425670,0.03540,0.00659,0.95605,0.95673,-0.00585,0.00079,-0.00141,0.00607,0.95907,0.00766,0.00704,3,12236,0,6255,0.00000,0.00000,0.00000,0,0,nan,0,0,0,4318,187491,0,0,0.000,0.000,0.000,0,0.000,0.000,0.000,0,0,4,0,0
PPG,1,95068,3804271552,26,492,520,0.000,0.000,0.000,0,0,0,0,0.00,nan,4,3,1,nan,3,3,24,1,1,28,28,0,0,0,3805464567,0.03955,0.00903,0.95483,0.95570,-0.00479,-0.00028,-0.00247,0.00539,0.95689,0.00533,0.00554,3,12278,0,6255,0.00000,0.00000,0.00000,0,0,nan,0,0,0,2632,187491,0,0,0.000,0.000,0.000,0,0.000,0.000,0.000,0,0,4,0,0
PPG,1,95069,3804311552,26,497,507,0.000,0.000,0.000,0,0,0,0,0.00,nan,4,3,1,nan,3,3,24,1,1,29,29,0,0,0,3805506034,0.03589,0.00903,0.95093,0.95165,-0.00612,0.00025,-0.00167,0.00635,0.95165,0.00693,0.00635,3,12232,0,6255,0.00000,0.00000,0.00000,0,0,nan,0,0,0,4320,187491,0,0,0.000,0.000,0.000,0,0.000,0.000,0.000,0,0,4,0,0
PPG,1,95070,3804351552,26,496,512,0.000,0.000,0.000,0,0,0,0,0.00,nan,4,3,1,nan,3,3,24,1,1,30,30,0,0,0,3805544900,0.03638,0.00439,0.95093,0.95163,-0.00638,-0.00135,-0.00061,0.00655,0.95443,0.00284,0.00664,3,12272,0,6255,0.00000,0.00000,0.00000,0,0,nan,0,0,0,2658,187491,0,0,0.000,0.000,0.000,0,0.000,0.000,0.000,0,0,4,0,0
PPG,1,95071,3804391552,25,489,516,0.000,0.000,0.000,0,0,0,0,0.00,nan,4,3,1,nan,3,3,24,1,1,31,31,0,0,0,3805581135,0.04150,0.00562,0.95215,0.95307,-0.00665,-0.00028,-0.00141,0.00680,0.95392,0.00229,0.00680,2,19223,0,6255,0.00000,0.00000,0.00000,0,0,nan,0,0,0,2600,187491,0,0,0.000,0.000,0.000,0,0.000,0.000,0.000,0,0,4,0,0
PPG,1,95072,3804431552,25,487,502,0.000,0.000,0.000,0,0,0,0,0.00,nan,4,3,1,nan,3,3,24,1,1,0,0,0,0,0,3805625304,0.04248,0.00562,0.95410,0.95506,-0.00505,-0.00055,-0.00167,0.00535,0.95506,0.00437,0.00567,3,12245,0,6255,0.00000,0.00000,0.00000,0,0,nan,0,0,0,4345,187491,0,0,0.000,0.000,0.000,0,0.000,0.000,0.000,0,0,4,0,0
PPG,1,95073,3804471552,26,488,506,0.000,0.000,0.000,0,0,0,0,0.00,nan,4,3,1,nan,3,3,24,1,1,1,1,0,0,0,3805664180,0.03857,0.00391,0.95459,0.95538,-0.00585,-0.00081,-0.00221,0.00631,0.95538,0.00679,0.00631,3,12250,0,6255,0.00000,0.00000,0.00000,0,0,nan,0,0,0,2634,187491,0,0,0.000,0.000,0.000,0,0.000,0.000,0.000,0,0,4,0,0
PPG,1,95074,3804511552,25,491,510,0.000,0.000,0.000,0,0,0,0,0.00,nan,4,3,1,nan,3,3,24,1,1,2,2,0,0,0,3805705670,0.03687,0.00684,0.95215,0.95289,-0.00665,-0.00055,-0.00114,0.00677,0.95587,0.00678,0.00677,3,12256,0,6255,0.00000,0.00000,0.00000,0,0,nan,0,0,0,4334,187491,0,0,0.000,0.000,0.000,0,0.000,0.000,0.000,0,0,4,0,0
PPG,1,95075,3804551552,26,489,514,0.000,0.000,0.000,0,0,0,0,0.00,nan,4,3,1,nan,3,3,24,1,1,3,3,0,0,0,3805744458,0.03784,0.00391,0.94458,0.94535,-0.00505,0.00132,-0.00221,0.00567,0.95597,0.00784,0.00659,3,12227,0,6255,0.00000,0.00000,0.00000,0,0,nan,0,0,0,2632,187491,0,0,0.000,0.000,0.000,0,0.000,0.000,0.000,0,0,4,0,0
PPG,1,95076,3804591552,26,493,497,0.000,0.000,0.000,0,0,0,0,0.00,nan,4,3,1,nan,3,3,24,1,1,4,4,0,0,0,3805785974,0.04004,0.00562,0.94507,0.94593,-0.00612,-0.00055,-0.00087,0.00620,0.95104,0.00541,0.00620,3,12232,0,6255,0.00000,0.00000,0.00000,0,0,nan,0,0,0,4329,187491,0,0,0.000,0.000,0.000,0,0.000,0.000,0.000,0,0,4,0,0
PPG,1,95077,3804631552,26,489,502,0.000,0.000,0.000,0,0,0,0,0.00,nan,4,3,1,nan,3,3,24,1,1,5,5,0,0,0,3805824793,0.03882,0.00269,0.95581,0.95660,-0.00558,-0.00028,-0.00087,0.00566,0.95751,0.01158,0.00591,3,12230,0,6255,0.00000,0.00000,0.00000,0,0,nan,0,0,0,2628,187491,0,0,0.000,0.000,0.000,0,0.000,0.000,0.000,0,0,4,0,0
PPG,1,95078,3804671552,25,480,505,0.000,0.000,0.000,0,0,0,0,0.00,nan,4,3,1,nan,3,3,24,1,1,6,6,0,0,0,3805866311,0.03760,0.00439,0.94800,0.94875,-0.00532,-0.00001,-0.00114,0.00544,0.94875,0.00830,0.00661,3,12310,0,6255,0.00000,0.00000,0.00000,0,0,nan,0,0,0,4350,187491,0,0,0.000,0.000,0.000,0,0.000,0.000,0.000,0,0,4,0,0
PPG,1,95079,3804711552,25,493,513,0.000,0.000,0.000,0,0,0,0,0.00,nan,4,3,1,nan,3,3,24,1,1,7,7,0,0,0,3805905104,0.03735,0.00952,0.94702,0.94781,-0.00638,-0.00135,-0.00141,0.00667,0.95506,0.00631,0.00667,3,12355,0,6255,0.00000,0.00000,0.00000,0,0,nan,0,0,0,2599,187491,0,0,0.000,0.000,0.000,0,0.000,0.000,0.000,0,0,4,0,0
PPG,1,95080,3804751552,25,491,505,0.000,0.000,0.000,0,0,0,0,0.00,nan,4,3,1,nan,3,3,24,1,1,8,8,0,0,0,3805946290,0.03711,0.00513,0.95557,0.95630,-0.00612,-0.00161,-0.00114,0.00643,0.95649,0.00869,0.00714,3,12143,0,6255,0.00000,0.00000,0.00000,0,0,nan,0,0,0,4306,187491,0,0,0.000,0.000,0.000,0,0.000,0.000,0.000,0,0,4,0,0
PPG,1,95081,3804791552,25,503,516,0.000,0.000,0.000,0,0,0,0,0.00,nan,4,3,1,nan,3,3,24,1,1,9,9,0,0,0,3805984940,0.03906,0.00293,0.95361,0.95442,-0.00585,-0.00055,-0.00141,0.00604,0.95442,0.00668,0.00720,3,12107,0,6255,0.00000,0.00000,0.00000,0,0,nan,0,0,0,2594,187491,0,0,0.000,0.000,0.000,0,0.000,0.000,0.000,0,0,4,0,0
PPG,1,95082,3804831552,37,495,511,0.000,0.000,0.000,0,0,0,0,0.00,nan,4,3,1,nan,3,3,24,1,1,10,10,0,0,0,3806026120,0.04297,0.00903,0.95313,0.95414,-0.00558,-0.00001,-0.00114,0.00570,0.95414,0.00406,0.00613,3,12173,0,6255,0.00000,0.00000,0.00000,0,0,nan,0,0,0,4296,187491,0,0,0.000,0.000,0.000,0,0.000,0.000,0.000,0,0,4,0,0
PPG,1,95083,3804871552,26,503,508,0.000,0.000,0.000,0,0,0,0,0.00,nan,4,3,1,nan,3,3,24,1,1,11,11,0,0,0,3806064673,0.03931,0.00879,0.94922,0.95007,-0.00638,0.00025,-0.00114,0.00649,0.96037,0.00694,0.00721,3,12148,0,6255,0.00000,0.00000,0.00000,0,0,nan,0,0,0,2637,187491,0,0,0.000,0.000,0.000,0,0.000,0.000,0.000,0,0,4,0,0
PPG,1,95084,3804911552,25,497,513,0.000,0.000,0.000,0,0,0,0,0.00,nan,4,3,1,nan,3,3,24,1,1,12,12,0,0,0,3806105846,0.03687,0.00464,0.95776,0.95848,-0.00585,-0.00055,-0.00194,0.00619,0.95848,0.00407,0.00635,3,12123,0,6255,0.00000,0.00000,0.00000,0,0,nan,0,0,0,4299,187491,0,0,0.000,0.000,0.000,0,0.000,0.000,0.000,0,0,4,0,0
PPG,1,95085,3804951552,25,482,517,0.000,0.000,0.000,0,0,0,0,0.00,nan,4,3,1,nan,3,3,24,1,1,13,13,0,0,0,3806144399,0.04126,0.00586,0.95142,0.95233,-0.00638,-0.00001,-0.00141,0.00654,0.95233,0.01259,0.00676,3,12124,0,6255,0.00000,0.00000,0.00000,0,0,nan,0,0,0,2594,187491,0,0,0.000,0.000,0.000,0,0.000,0.000,0.000,0,0,4,0,0
PPG,1,95086,3804991552,25,490,497,0.000,0.000,0.000,0,0,0,0,0.00,nan,4,3,1,nan,3,3,24,1,1,14,14,0,0,0,3806185604,0.03833,0.00586,0.95215,0.95294,-0.00718,-0.00135,-0.00194,0.00756,0.95299,0.00252,0.00775,3,12136,0,6255,0.00000,0.00000,0.00000,0,0,nan,0,0,0,4297,187491,0,0,0.000,0.000,0.000,0,0.000,0.000,0.000,0,0,4,0,0
PPG,1,95087,3805031552,25,490,506,0.000,0.000,0.000,0,0,0,0,0.00,nan,4,3,1,nan,3,3,24,1,1,15,15,0,0,0,3806224123,0.03784,0.00659,0.94897,0.94975,-0.00558,-0.00028,-0.00141,0.00577,0.95516,0.00837,0.00650,3,12130,0,6255,0.00000,0.00000,0.00000,0,0,nan,0,0,0,2597,187491,0,0,0.000,0.000,0.000,0,0.000,0.000,0.000,0,0,4,0,0
PPG,1,95088,3805071552,26,495,503,0.000,0.000,0.000,0,0,0,0,0.00,nan,4,3,1,nan,3,3,24,1,1,16,16,0,0,0,3806265238,0.04028,0.00854,0.95605,0.95694,-0.00532,-0.00055,-0.00114,0.00547,0.95792,0.00896,0.00625,3,12120,0,6255,0.00000,0.00000,0.00000,0,0,nan,0,0,0,4323,187491,0,0,0.000,0.000,0.000,0,0.000,0.000,0.000,0,0,4,0,0
PPG,1,95089,3805111552,25,506,516,0.000,0.000,0.000,0,0,0,0,0.00,nan,4,3,1,nan,3,3,24,1,1,17,17,0,0,0,3806303836,0.03931,0.00537,0.95654,0.95737,-0.00612,-0.00001,-0.00194,0.00642,0.95740,0.00509,0.00642,3,12125,0,6255,0.00000,0.00000,0.00000,0,0,nan,0,0,0,2600,187491,0,0,0.000,0.000,0.000,0,0.000,0.000,0.000,0,0,4,0,0
PPG,1,95090,3805151552,25,476,514,0.000,0.000,0.000,0,0,0,0,0.00,nan,4,3,1,nan,3,3,24,1,1,18,18,0,0,0,3806344968,0.03833,0.00610,0.95166,0.95245,-0.00479,-0.00108,-0.00194,0.00527,0.95609,0.00364,0.00732,3,12122,0,6255,0.00000,0.00000,0.00000,0,0,nan,0,0,0,2599,187491,0,0,0.000,0.000,0.000,0,0.000,0.000,0.000,0,0,4,0,0
PPG,1,95091,3805191552,28,489,497,0.000,0.000,0.000,0,0,0,0,0.00,nan,4,3,1,nan,3,3,24,1,1,19,19,0,0,0,3806386138,0.03931,0.00537,0.95239,0.95322,-0.00665,-0.00028,-0.00114,0.00675,0.95438,0.00211,0.00675,3,12145,0,6255,0.00000,0.00000,0.00000,0,0,nan,0,0,0,4301,187491,0,0,0.000,0.000,0.000,0,0.000,0.000,0.000,0,0,4,0,0
PPG,1,95092,3805231552,25,502,500,0.000,0.000,0.000,0,0,0,0,0.00,nan,4,3,1,nan,3,3,24,1,1,20,20,0,0,0,3806424671,0.03662,0.00659,0.95581,0.95653,-0.00638,-0.00135,-0.00114,0.00662,0.95653,0.00424,0.00662,3,12116,0,6255,0.00000,0.00000,0.00000,0,0,nan,0,0,0,2604,187491,0,0,0.000,0.000,0.000,0,0.000,0.000,0.000,0,0,4,0,0
PPG,1,95093,3805271552,25,496,502,0.000,0.000,0.000,0,0,0,0,0.00,nan,4,3,1,nan,3,3,24,1,1,21,21,0,0,0,3806465789,0.04297,0.00537,0.95215,0.95313,-0.00558,-0.00028,-0.00141,0.00577,0.95313,0.00974,0.00635,3,12120,0,6255,0.00000,0.00000,0.00000,0,0,nan,0,0,0,4306,187491,0,0,0.000,0.000,0.000,0,0.000,0.000,0.000,0,0,4,0,0
PPG,1,95094,3805311552,25,501,512,0.000,0.000,0.000,0,0,0,0,0.00,nan,4,3,1,nan,3,3,24,1,1,22,22,0,0,0,3806504372,0.03809,0.00537,0.95142,0.95219,-0.00532,-0.00055,-0.00274,0.00601,0.95418,0.00259,0.00640,3,12129,0,6255,0.00000,0.00000,0.00000,0,0,nan,0,0,0,2597,187491,0,0,0.000,0.000,0.000,0,0.000,0.000,0.000,0,0,4,0,0
PPG,1,95095,3805351552,25,491,510,0.000,0.000,0.000,0,0,0,0,0.00,nan,4,3,1,nan,3,3,24,1,1,23,23,0,0,0,3806545480,0.03809,0.00391,0.94995,0.95072,-0.00692,-0.00081,-0.00167,0.00716,0.95413,0.00341,0.00716,3,12112,0,6255,0.00000,0.00000,0.00000,0,0,nan,0,0,0,4295,187491,0,0,0.000,0.000,0.000,0,0.000,0.000,0.000,0,0,4,0,0
PPG,1,95096,3805391552,26,478,502,0.000,0.000,0.000,0,0,0,0,0.00,nan,4,3,1,nan,3,3,24,1,1,24,24,0,0,0,3806581408,0.03687,0.00562,0.95410,0.95483,-0.00585,-0.00055,-0.00087,0.00594,0.95864,0.00792,0.00644,2,21692,0,6256,0.00000,0.00000,0.00000,0,0,nan,0,0,0,2589,187491,0,0,0.000,0.000,0.000,0,0.000,0.000,0.000,0,0,4,0,0
PPG,1,95097,3805431552,26,484,507,0.000,0.000,0.000,0,0,0,0,0.00,nan,4,3,1,nan,3,3,24,1,1,25,25,0,0,0,3806625241,0.03955,0.00342,0.95410,0.95493,-0.00638,-0.00001,-0.00300,0.00706,0.95493,0.00391,0.00706,3,12123,0,6256,0.00000,0.00000,0.00000,0,0,nan,0,0,0,2602,187491,0,0,0.000,0.000,0.000,0,0.000,0.000,0.000,0,0,4,0,0
PPG,1,95098,3805471552,26,497,504,0.000,0.000,0.000,0,0,0,0,0.00,nan,4,3,1,nan,3,3,24,1,1,26,26,0,0,0,3806666377,0.03735,0.00659,0.95093,0.95168,-0.00505,-0.00081,-0.00247,0.00568,0.95285,0.00321,0.00678,3,12114,0,6256,0.00000,0.00000,0.00000,0,0,nan,0,0,0,4297,187491,0,0,0.000,0.000,0.000,0,0.000,0.000,0.000,0,0,4,0,0
PPG,1,95099,3805511552,25,499,517,0.000,0.000,0.000,0,0,0,0,0.00,nan,4,3,1,nan,3,3,24,1,1,27,27,0,0,0,3806704902,0.04053,0.00537,0.94946,0.95034,-0.00505,-0.00108,-0.00167,0.00543,0.95371,0.00485,0.00688,3,12117,0,6256,0.00000,0.00000,0.00000,0,0,nan,0,0,0,2595,187491,0,0,0.000,0.000,0.000,0,0.000,0.000,0.000,0,0,4,0,0
PPG,1,95100,3805551552,32,499,524,0.000,0.000,0.000,0,0,0,0,0.00,nan,4,3,1,nan,3,3,24,1,1,28,28,0,0,0,3806746002,0.03931,0.00195,0.94775,0.94857,-0.00479,-0.00055,-0.00087,0.00489,0.96051,0.01194,0.00552,3,12110,0,6256,0.00000,0.00000,0.00000,0,0,nan,0,0,0,4294,187491,0,0,0.000,0.000,0.000,0,0.000,0.000,0.000,0,0,4,0,0
PPG,1,95101,3805591552,25,483,519,0.000,0.000,0.000,0,0,0,0,0.00,nan,4,3,1,nan,3,3,24,1,1,29,29,0,0,0,3806784590,0.03711,0.00342,0.95654,0.95727,-0.00638,-0.00055,-0.00194,0.00669,0.95727,0.00412,0.00669,3,12156,0,6256,0.00000,0.00000,0.00000,0,0,nan,0,0,0,2597,187491,0,0,0.000,0.000,0.000,0,0.000,0.000,0.000,0,0,4,0,0
PPG,1,95102,3805631552,25,489,500,0.000,0.000,0.000,0,0,0,0,0.00,nan,4,3,1,nan,3,3,24,1,1,30,30,0,0,0,3806825714,0.04053,0.00684,0.94507,0.94596,-0.00505,-0.00001,-0.00167,0.00532,0.95388,0.01100,0.00624,3,12113,0,6256,0.00000,0.00000,0.00000,0,0,nan,0,0,0,4296,187491,0,0,0.000,0.000,0.000,0,0.000,0.000,0.000,0,0,4,0,0
PPG,1,95103,3805671552,25,485,507,0.000,0.000,0.000,0,0,0,0,0.00,nan,4,3,1,nan,3,3,24,1,1,31,31,0,0,0,3806864243,0.03882,0.00708,0.95850,0.95931,-0.00479,-0.00055,-0.00247,0.00541,0.95931,0.00897,0.00557,3,12120,0,6256,0.00000,0.00000,0.00000,0,0,nan,0,0,0,2599,187491,0,0,0.000,0.000,0.000,0,0.000,0.000,0.000,0,0,4,0,0
PPG,1,95104,3805711552,26,494,507,0.000,0.000,0.000,0,0,0,0,0.00,nan,4,3,1,nan,3,3,24,1,1,0,0,0,0,0,3806905392,0.04102,0.00806,0.95068,0.95160,-0.00692,-0.00081,-0.00114,0.00706,0.95329,0.00786,0.00706,3,12121,0,6256,0.00000,0.00000,0.00000,0,0,nan,0,0,0,2595,187491,0,0,0.000,0.000,0.000,0,0.000,0.000,0.000,0,0,4,0,0
PPG,1,95105,3805751552,25,503,516,0.000,0.000,0.000,0,0,0,0,0.00,nan,4,3,1,nan,3,3,24,1,1,1,1,0,0,0,3806946508,0.04126,0.00708,0.95215,0.95307,-0.00558,-0.00055,-0.00221,0.00603,0.95670,0.00478,0.00620,3,12119,0,6256,0.00000,0.00000,0.00000,0,0,nan,0,0,0,4299,187491,0,0,0.000,0.000,0.000,0,0.000,0.000,0.000,0,0,4,0,0
PPG,1,95106,3805791552,26,490,512,0.000,0.000,0.000,0,0,0,0,0.00,nan,4,3,1,nan,3,3,24,1,1,2,2,0,0,0,3806985051,0.03735,0.00366,0.94678,0.94752,-0.00532,0.00158,-0.00194,0.00588,0.95806,0.00859,0.00679,3,12146,0,6256,0.00000,0.00000,0.00000,0,0,nan,0,0,0,2633,187491,0,0,0.000,0.000,0.000,0,0.000,0.000,0.000,0,0,4,0,0
PPG,1,95107,3805831552,25,475,500,0.000,0.000,0.000,0,0,0,0,0.00,nan,4,3,1,nan,3,3,24,1,1,3,3,0,0,0,3807026516,0.04077,0.00439,0.95020,0.95108,-0.00532,-0.00001,-0.00167,0.00557,0.95332,0.00580,0.00655,3,12103,0,6256,0.00000,0.00000,0.00000,0,0,nan,0,0,0,4296,187491,0,0,0.000,0.000,0.000,0,0.000,0.000,0.000,0,0,4,0,0
PPG,1,95108,3805871552,25,495,521,0.000,0.000,0.000,0,0,0,0,0.00,nan,4,3,1,nan,3,3,24,1,1,4,4,0,0,0,3807065052,0.04028,0.00366,0.95483,0.95569,-0.00558,0.00025,-0.00167,0.00583,0.95569,0.00197,0.00667,3,12111,0,6256,0.00000,0.00000,0.00000,0,0,nan,0,0,0,2601,187491,0,0,0.000,0.000,0.000,0,0.000,0.000,0.000,0,0,4,0,0
PPG,1,95109,3805911552,36,475,502,0.000,0.000,0.000,0,0,0,0,0.00,nan,4,3,1,nan,3,3,24,1,1,5,5,0,0,0,3807106231,0.03613,0.00513,0.94922,0.94992,-0.00585,-0.00028,-0.00221,0.00626,0.95235,0.00334,0.00633,3,12132,0,6256,0.00000,0.00000,0.00000,0,0,nan,0,0,0,4295,187491,0,0,0.000,0.000,0.000,0,0.000,0.000,0.000,0,0,4,0,0
PPG,1,95110,3805951552,25,485,496,0.000,0.000,0.000,0,0,0,0,0.00,nan,4,3,1,nan,3,3,24,1,1,6,6,0,0,0,3807144937,0.04272,0.00732,0.95557,0.95655,-0.00665,-0.00081,-0.00167,0.00691,0.95655,0.00992,0.00691,3,12116,0,6256,0.00000,0.00000,0.00000,0,0,nan,0,0,0,2673,187491,0,0,0.000,0.000,0.000,0,0.000,0.000,0.000,0,0,4,0,0
PPG,1,95111,3805991552,25,500,512,0.000,0.000,0.000,0,0,0,0,0.00,nan,4,3,1,nan,3,3,24,1,1,7,7,0,0,0,3807186418,0.03857,0.00439,0.95044,0.95123,-0.00638,-0.00081,-0.00141,0.00659,0.95246,0.00686,0.00659,3,12292,0,6256,0.00000,0.00000,0.00000,0,0,nan,0,0,0,4369,187491,0,0,0.000,0.000,0.000,0,0.000,0.000,0.000,0,0,4,0,0
PPG,1,95112,3806031552,25,501,505,0.000,0.000,0.000,0,0,0,0,0.00,nan,4,3,1,nan,3,3,24,1,1,8,8,0,0,0,3807225371,0.04053,0.00439,0.95483,0.95570,-0.00692,-0.00028,-0.00167,0.00712,0.95570,0.00453,0.00777,3,12252,0,6256,0.00000,0.00000,0.00000,0,0,nan,0,0,0,2627,187491,0,0,0.000,0.000,0.000,0,0.000,0.000,0.000,0,0,4,0,0
PPG,1,95113,3806071552,25,495,509,0.000,0.000,0.000,0,0,0,0,0.00,nan,4,3,1,nan,3,3,24,1,1,9,9,0,0,0,3807266857,0.04395,0.00610,0.95264,0.95367,-0.00558,-0.00028,-0.00221,0.00601,0.95367,0.00288,0.00601,3,12248,0,6256,0.00000,0.00000,0.00000,0,0,nan,0,0,0,4346,187491,0,0,0.000,0.000,0.000,0,0.000,0.000,0.000,0,0,4,0,0
PPG,1,95114,3806111552,31,492,510,0.000,0.000,0.000,0,0,0,0,0.00,nan,4,3,1,nan,3,3,24,1,1,10,10,0,0,0,3807305766,0.03833,0.00659,0.95117,0.95197,-0.00612,0.00025,-0.00167,0.00635,0.95564,0.00681,0.00719,3,12303,0,6256,0.00000,0.00000,0.00000,0,0,nan,0,0,0,4345,187491,0,0,0.000,0.000,0.000,0,0.000,0.000,0.000,0,0,4,0,0
PPG,1,95115,3806151552,29,493,510,0.000,0.000,0.000,0,0,0,0,0.00,nan,4,3,1,nan,3,3,24,1,1,11,11,0,0,0,3807344693,0.04175,0.00684,0.95508,0.95601,-0.00558,0.00025,-0.00114,0.00571,0.95601,0.00366,0.00571,3,12258,0,6256,0.00000,0.00000,0.00000,0,0,nan,0,0,0,2635,187491,0,0,0.000,0.000,0.000,0,0.000,0.000,0.000,0,0,4,0,0
PPG,1,95116,3806191552,30,486,506,0.000,0.000,0.000,0,0,0,0,0.00,nan,4,3,1,nan,3,3,24,1,1,12,12,0,0,0,3807386194,0.03613,0.00635,0.95239,0.95310,-0.00558,-0.00055,-0.00274,0.00624,0.95884,0.01293,0.00624,3,12245,0,6256,0.00000,0.00000,0.00000,0,0,nan,0,0,0,4339,187491,0,0,0.000,0.000,0.000,0,0.000,0.000,0.000,0,0,4,0,0
PPG,1,95117,3806231552,26,496,508,0.000,0.000,0.000,0,0,0,0,0.00,nan,4,3,1,nan,3,3,24,1,1,13,13,0,0,0,3807425218,0.03589,0.00635,0.94849,0.94919,-0.00505,-0.00108,-0.00167,0.00543,0.95882,0.00964,0.00558,3,12243,0,6256,0.00000,0.00000,0.00000,0,0,nan,0,0,0,2625,187491,0,0,0.000,0.000,0.000,0,0.000,0.000,0.000,0,0,4,0,0
PPG,1,95118,3806271552,28,489,503,0.000,0.000,0.000,0,0,0,0,0.00,nan,4,3,1,nan,3,3,24,1,1,14,14,0,0,0,3807466695,0.03809,0.01099,0.94775,0.94858,-0.00558,-0.00081,-0.00194,0.00597,0.95936,0.01173,0.00656,3,12273,0,6256,0.00000,0.00000,0.00000,0,0,nan,0,0,0,4333,187491,0,0,0.000,0.000,0.000,0,0.000,0.000,0.000,0,0,4,0,0
PPG,1,95119,3806311552,26,495,504,0.000,0.000,0.000,0,0,0,0,0.00,nan,4,3,1,nan,3,3,24,1,1,15,15,0,0,0,3807505672,0.03589,0.00317,0.95215,0.95283,-0.00585,-0.00055,-0.00114,0.00599,0.95824,0.00966,0.00599,3,12300,0,6256,0.00000,0.00000,0.00000,0,0,nan,0,0,0,4341,187491,0,0,0.000,0.000,0.000,0,0.000,0.000,0.000,0,0,4,0,0
PPG,1,95120,3806351552,25,499,506,0.000,0.000,0.000,0,0,0,0,0.00,nan,4,3,1,nan,3,3,24,1,1,16,16,0,0,0,3807544526,0.03882,0.00586,0.94897,0.94979,-0.00718,0.00025,-0.00194,0.00744,0.95193,0.00132,0.00744,3,12237,0,6256,0.00000,0.00000,0.00000,0,0,nan,0,0,0,2620,187491,0,0,0.000,0.000,0.000,0,0.000,0.000,0.000,0,0,4,0,0
PPG,1,95121,3806391552,26,495,513,0.000,0.000,0.000,0,0,0,0,0.00,nan,4,3,1,nan,3,3,24,1,1,17,17,0,0,0,3807583107,0.04102,0.00513,0.95215,0.95305,-0.00558,-0.00055,-0.00194,0.00594,0.95305,0.00295,0.00635,2,21657,0,6257,0.00000,0.00000,0.00000,0,0,nan,0,0,0,2648,187491,0,0,0.000,0.000,0.000,0,0.000,0.000,0.000,0,0,4,0,0
PPG,1,95122,3806431552,26,497,499,0.000,0.000,0.000,0,0,0,0,0.00,nan,4,3,1,nan,3,3,24,1,1,18,18,0,0,0,3807624701,0.03735,0.00635,0.94946,0.95022,-0.00532,-0.00055,-0.00061,0.00538,0.95178,0.00388,0.00538,3,12235,0,6257,0.00000,0.00000,0.00000,0,0,nan,0,0,0,2641,187491,0,0,0.000,0.000,0.000,0,0.000,0.000,0.000,0,0,4,0,0
PPG,1,95123,3806471552,25,485,511,0.000,0.000,0.000,0,0,0,0,0.00,nan,4,3,1,nan,3,3,24,1,1,19,19,0,0,0,3807666156,0.03662,0.00879,0.95093,0.95167,-0.00558,-0.00028,-0.00167,0.00584,0.95838,0.00671,0.00662,3,12226,0,6257,0.00000,0.00000,0.00000,0,0,nan,0,0,0,4332,187491,0,0,0.000,0.000,0.000,0,0.000,0.000,0.000,0,0,4,0,0
PPG,1,95124,3806511552,26,483,514,0.000,0.000,0.000,0,0,0,0,0.00,nan,4,3,1,nan,3,3,24,1,1,20,20,0,0,0,3807704982,0.03467,0.00488,0.94971,0.95035,-0.00585,-0.00161,-0.00274,0.00666,0.95448,0.00502,0.00666,3,12247,0,6257,0.00000,0.00000,0.00000,0,0,nan,0,0,0,2625,187491,0,0,0.000,0.000,0.000,0,0.000,0.000,0.000,0,0,4,0,0
PPG,1,95125,3806551552,25,493,507,0.000,0.000,0.000,0,0,0,0,0.00,nan,4,3,1,nan,3,3,24,1,1,21,21,0,0,0,3807746440,0.03638,0.00391,0.94873,0.94944,-0.00532,-0.00055,-0.00141,0.00553,0.95712,0.00768,0.00620,3,12232,0,6257,0.00000,0.00000,0.00000,0,0,nan,0,0,0,4336,187491,0,0,0.000,0.000,0.000,0,0.000,0.000,0.000,0,0,4,0,0
PPG,1,95126,3806591552,31,493,505,0.000,0.000,0.000,0,0,0,0,0.00,nan,4,3,1,nan,3,3,24,1,1,22,22,0,0,0,3807785252,0.03467,0.00562,0.95361,0.95426,-0.00638,-0.00055,-0.00061,0.00644,0.95426,0.00253,0.00693,3,12205,0,6257,0.00000,0.00000,0.00000,0,0,nan,0,0,0,2631,187491,0,0,0.000,0.000,0.000,0,0.000,0.000,0.000,0,0,4,0,0
PPG,1,95127,3806631552,25,488,506,0.000,0.000,0.000,0,0,0,0,0.00,nan,4,3,1,nan,3,3,24,1,1,23,23,0,0,0,3807826691,0.03833,0.00513,0.94922,0.95001,-0.00585,-0.00055,-0.00221,0.00628,0.95891,0.00891,0.00653,3,12208,0,6257,0.00000,0.00000,0.00000,0,0,nan,0,0,0,4353,187491,0,0,0.000,0.000,0.000,0,0.000,0.000,0.000,0,0,4,0,0
PPG,1,95128,3806671552,26,501,504,0.000,0.000,0.000,0,0,0,0,0.00,nan,4,3,1,nan,3,3,24,1,1,24,24,0,0,0,3807865383,0.03882,0.00928,0.95532,0.95616,-0.00558,-0.00055,-0.00167,0.00586,0.95616,0.00636,0.00602,3,12139,0,6257,0.00000,0.00000,0.00000,0,0,nan,0,0,0,2595,187491,0,0,0.000,0.000,0.000,0,0.000,0.000,0.000,0,0,4,0,0
PPG,1,95129,3806711552,25,486,513,0.000,0.000,0.000,0,0,0,0,0.00,nan,4,3,1,nan,3,3,24,1,1,25,25,0,0,0,3807906497,0.03613,0.00122,0.95459,0.95527,-0.00612,-0.00081,-0.00114,0.00628,0.95527,0.00458,0.00703,3,12123,0,6257,0.00000,0.00000,0.00000,0,0,nan,0,0,0,4295,187491,0,0,0.000,0.000,0.000,0,0.000,0.000,0.000,0,0,4,0,0
PPG,1,95130,3806751552,25,513,505,0.000,0.000,0.000,0,0,0,0,0.00,nan,4,3,1,nan,3,3,24,1,1,26,26,0,0,0,3807945118,0.03882,0.00903,0.95068,0.95152,-0.00532,-0.00055,-0.00141,0.00553,0.95543,0.00255,0.00660,3,12131,0,6257,0.00000,0.00000,0.00000,0,0,nan,0,0,0,2599,187491,0,0,0.000,0.000,0.000,0,0.000,0.000,0.000,0,0,4,0,0
PPG,1,95131,3806791552,25,497,505,0.000,0.000,0.000,0,0,0,0,0.00,nan,4,3,1,nan,3,3,24,1,1,27,27,0,0,0,3807986254,0.03394,0.00366,0.95435,0.95496,-0.00612,-0.00081,-0.00034,0.00618,0.95496,0.00347,0.00631,3,12121,0,6257,0.00000,0.00000,0.00000,0,0,nan,0,0,0,4296,187491,0,0,0.000,0.000,0.000,0,0.000,0.000,0.000,0,0,4,0,0
PPG,1,95132,3806831552,25,472,494,0.000,0.000,0.000,0,0,0,0,0.00,nan,4,3,1,nan,3,3,24,1,1,28,28,0,0,0,3808024823,0.03931,0.01123,0.94897,0.94985,-0.00612,-0.00135,-0.00194,0.00656,0.95721,0.00736,0.00656,3,12146,0,6257,0.00000,0.00000,0.00000,0,0,nan,0,0,0,2599,187491,0,0,0.000,0.000,0.000,0,0.000,0.000,0.000,0,0,4,0,0
PPG,1,95133,3806871552,26,491,501,0.000,0.000,0.000,0,0,0,0,0.00,nan,4,3,1,nan,3,3,24,1,1,29,29,0,0,0,3808065993,0.04053,0.00146,0.94922,0.95008,-0.00532,-0.00055,-0.00274,0.00601,0.95419,0.00434,0.00601,3,12153,0,6257,0.00000,0.00000,0.00000,0,0,nan,0,0,0,4299,187491,0,0,0.000,0.000,0.000,0,0.000,0.000,0.000,0,0,4,0,0
PPG,1,95134,3806911552,29,497,502,0.000,0.000,0.000,0,0,0,0,0.00,nan,4,3,1,nan,3,3,24,1,1,30,30,0,0,0,3808104510,0.04126,0.00708,0.95337,0.95429,-0.00532,-0.00055,-0.00141,0.00553,0.95852,0.00541,0.00625,3,12113,0,6257,0.00000,0.00000,0.00000,0,0,nan,0,0,0,2626,187491,0,0,0.000,0.000,0.000,0,0.000,0.000,0.000,0,0,4,0,0
PPG,1,95135,3806951552,25,509,513,0.000,0.000,0.000,0,0,0,0,0.00,nan,4,3,1,nan,3,3,24,1,1,31,31,0,0,0,3808145704,0.03833,0.00806,0.94800,0.94881,-0.00585,-0.00028,-0.00141,0.00602,0.95697,0.00817,0.00602,3,12130,0,6257,0.00000,0.00000,0.00000,0,0,nan,0,0,0,4306,187491,0,0,0.000,0.000,0.000,0,0.000,0.000,0.000,0,0,4,0,0
PPG,1,95136,3806991552,25,484,502,0.000,0.000,0.000,0,0,0,0,0.00,nan,4,3,1,nan,3,3,24,1,1,0,0,0,0,0,3808184240,0.04077,0.01001,0.95313,0.95405,-0.00585,-0.00055,-0.00141,0.00604,0.95405,0.00716,0.00669,3,12124,0,6257,0.00000,0.00000,0.00000,0,0,nan,0,0,0,2599,187491,0,0,0.000,0.000,0.000,0,0.000,0.000,0.000,0,0,4,0,0
PPG,1,95137,3807031552,25,484,496,0.000,0.000,0.000,0,0,0,0,0.00,nan,4,3,1,nan,3,3,24,1,1,1,1,0,0,0,3808225398,0.03931,0.00220,0.94897,0.94979,-0.00718,-0.00001,-0.00194,0.00744,0.95494,0.01100,0.00744,3,12143,0,6257,0.00000,0.00000,0.00000,0,0,nan,0,0,0,2595,187491,0,0,0.000,0.000,0.000,0,0.000,0.000,0.000,0,0,4,0,0
PPG,1,95138,3807071552,25,484,505,0.000,0.000,0.000,0,0,0,0,0.00,nan,4,3,1,nan,3,3,24,1,1,2,2,0,0,0,3808266498,0.03687,0.00488,0.95435,0.95507,-0.00558,-0.00055,-0.00274,0.00624,0.95507,0.00507,0.00634,3,12108,0,6257,0.00000,0.00000,0.00000,0,0,nan,0,0,0,4295,187491,0,0,0.000,0.000,0.000,0,0.000,0.000,0.000,0,0,4,0,0
PPG,1,95139,3807111552,25,499,507,0.000,0.000,0.000,0,0,0,0,0.00,nan,4,3,1,nan,3,3,24,1,1,3,3,0,0,0,3808305000,0.04126,0.00635,0.95337,0.95428,-0.00505,-0.00001,-0.00167,0.00532,0.95428,0.00935,0.00567,3,12113,0,6257,0.00000,0.00000,0.00000,0,0,nan,0,0,0,2597,187491,0,0,0.000,0.000,0.000,0,0.000,0.000,0.000,0,0,4,0,0
PPG,1,95140,3807151552,25,496,509,0.000,0.000,0.000,0,0,0,0,0.00,nan,4,3,1,nan,3,3,24,1,1,4,4,0,0,0,3808346611,0.04150,0.00586,0.94604,0.94697,-0.00612,-0.00081,-0.00087,0.00623,0.95458,0.00415,0.00623,3,12308,0,6257,0.00000,0.00000,0.00000,0,0,nan,0,0,0,4320,187491,0,0,0.000,0.000,0.000,0,0.000,0.000,0.000,0,0,4,0,0
PPG,1,95141,3807191552,25,495,497,0.000,0.000,0.000,0,0,0,0,0.00,nan,4,3,1,nan,3,3,24,1,1,5,5,0,0,0,3808385158,0.04077,0.00610,0.94849,0.94938,-0.00585,-0.00055,-0.00247,0.00638,0.95469,0.00531,0.00638,3,12167,0,6257,0.00000,0.00000,0.00000,0,0,nan,0,0,0,2599,187491,0,0,0.000,0.000,0.000,0,0.000,0.000,0.000,0,0,4,0,0
PPG,1,95142,3807231552,25,497,515,0.000,0.000,0.000,0,0,0,0,0.00,nan,4,3,1,nan,3,3,24,1,1,6,6,0,0,0,3808426309,0.03809,0.00806,0.95313,0.95392,-0.00532,-0.00001,-0.00194,0.00566,0.95951,0.00780,0.00592,3,12157,0,6257,0.00000,0.00000,0.00000,0,0,nan,0,0,0,4338,187491,0,0,0.000,0.000,0.000,0,0.000,0.000,0.000,0,0,4,0,0
PPG,1,95143,3807271552,25,484,501,0.000,0.000,0.000,0,0,0,0,0.00,nan,4,3,1,nan,3,3,24,1,1,7,7,0,0,0,3808464848,0.04028,0.00684,0.95386,0.95473,-0.00532,-0.00028,-0.00114,0.00545,0.95583,0.00352,0.00642,3,12110,0,6257,0.00000,0.00000,0.00000,0,0,nan,0,0,0,2599,187491,0,0,0.000,0.000,0.000,0,0.000,0.000,0.000,0,0,4,0,0
PPG,1,95144,3807311552,25,499,498,0.000,0.000,0.000,0,0,0,0,0.00,nan,4,3,1,nan,3,3,24,1,1,8,8,0,0,0,3808505942,0.03613,0.00586,0.95483,0.95554,-0.00692,-0.00108,-0.00087,0.00705,0.95554,0.00678,0.00744,3,12109,0,6257,0.00000,0.00000,0.00000,0,0,nan,0,0,0,4301,187491,0,0,0.000,0.000,0.000,0,0.000,0.000,0.000,0,0,4,0,0
PPG,1,95145,3807351552,26,481,506,0.000,0.000,0.000,0,0,0,0,0.00,nan,4,3,1,nan,3,3,24,1,1,9,9,0,0,0,3808544467,0.04004,0.00415,0.95020,0.95105,-0.00665,0.00025,-0.00167,0.00686,0.95948,0.00843,0.00686,3,12114,0,6257,0.00000,0.00000,0.00000,0,0,nan,0,0,0,2600,187491,0,0,0.000,0.000,0.000,0,0.000,0.000,0.000,0,0,4,0,0
PPG,1,95146,3807391552,26,496,501,0.000,0.000,0.000,0,0,0,0,0.00,nan,4,3,1,nan,3,3,24,1,1,10,10,0,0,0,3808582765,0.04053,0.00635,0.95264,0.95352,-0.00638,0.00052,-0.00221,0.00677,0.95352,0.00132,0.00677,2,21463,0,6258,0.00000,0.00000,0.00000,0,0,nan,0,0,0,2585,187491,0,0,0.000,0.000,0.000,0,0.000,0.000,0.000,0,0,4,0,0
PPG,1,95147,3807431552,25,492,506,0.000,0.000,0.000,0,0,0,0,0.00,nan,4,3,1,nan,3,3,24,1,1,11,11,0,0,0,3808626618,0.04102,0.00439,0.94702,0.94792,-0.00558,-0.00081,-0.00167,0.00589,0.95384,0.00592,0.00589,3,12151,0,6258,0.00000,0.00000,0.00000,0,0,nan,0,0,0,4323,187491,0,0,0.000,0.000,0.000,0,0.000,0.000,0.000,0,0,4,0,0
PPG,1,95148,3807471552,25,494,513,0.000,0.000,0.000,0,0,0,0,0.00,nan,4,3,1,nan,3,3,24,1,1,12,12,0,0,0,3808665156,0.03931,0.00293,0.94995,0.95077,-0.00638,-0.00028,-0.00247,0.00685,0.95625,0.00833,0.00685,3,12115,0,6258,0.00000,0.00000,0.00000,0,0,nan,0,0,0,2600,187491,0,0,0.000,0.000,0.000,0,0.000,0.000,0.000,0,0,4,0,0
PPG,1,95149,3807511552,25,500,514,0.000,0.000,0.000,0,0,0,0,0.00,nan,4,3,1,nan,3,3,24,1,1,13,13,0,0,0,3808706277,0.03931,0.00757,0.95532,0.95616,-0.00585,-0.00055,-0.00194,0.00619,0.95616,0.00383,0.00631,3,12121,0,6258,0.00000,0.00000,0.00000,0,0,nan,0,0,0,4304,187491,0,0,0.000,0.000,0.000,0,0.000,0.000,0.000,0,0,4,0,0
PPG,1,95150,3807551552,26,488,502,0.000,0.000,0.000,0,0,0,0,0.00,nan,4,3,1,nan,3,3,24,1,1,14,14,0,0,0,3808744829,0.03906,0.00708,0.95361,0.95444,-0.00479,-0.00081,-0.00194,0.00523,0.95444,0.00752,0.00638,3,12116,0,6258,0.00000,0.00000,0.00000,0,0,nan,0,0,0,2599,187491,0,0,0.000,0.000,0.000,0,0.000,0.000,0.000,0,0,4,0,0
PPG,1,95151,3807591552,25,480,498,0.000,0.000,0.000,0,0,0,0,0.00,nan,4,3,1,nan,3,3,24,1,1,15,15,0,0,0,3808785937,0.03564,0.00464,0.95215,0.95283,-0.00532,-0.00028,-0.00167,0.00558,0.95283,0.00206,0.00687,3,12116,0,6258,0.00000,0.00000,0.00000,0,0,nan,0,0,0,4301,187491,0,0,0.000,0.000,0.000,0,0.000,0.000,0.000,0,0,4,0,0
PPG,1,95152,3807631552,25,490,496,0.000,0.000,0.000,0,0,0,0,0.00,nan,4,3,1,nan,3,3,24,1,1,16,16,0,0,0,3808824448,0.03809,0.00195,0.94873,0.94950,-0.00558,-0.00001,-0.00087,0.00565,0.94977,0.00305,0.00616,3,12115,0,6258,0.00000,0.00000,0.00000,0,0,nan,0,0,0,2598,187491,0,0,0.000,0.000,0.000,0,0.000,0.000,0.000,0,0,4,0,0
PPG,1,95153,3807671552,25,485,507,0.000,0.000,0.000,0,0,0,0,0.00,nan,4,3,1,nan,3,3,24,1,1,17,17,0,0,0,3808865594,0.03735,0.00391,0.94629,0.94703,-0.00638,-0.00135,-0.00247,0.00698,0.95347,0.00596,0.00713,3,12116,0,6258,0.00000,0.00000,0.00000,0,0,nan,0,0,0,2597,187491,0,0,0.000,0.000,0.000,0,0.000,0.000,0.000,0,0,4,0,0
PPG,1,95154,3807711552,25,496,511,0.000,0.000,0.000,0,0,0,0,0.00,nan,4,3,1,nan,3,3,24,1,1,18,18,0,0,0,3808906739,0.03857,0.00732,0.95215,0.95296,-0.00558,-0.00055,-0.00061,0.00564,0.95296,0.00443,0.00602,3,12134,0,6258,0.00000,0.00000,0.00000,0,0,nan,0,0,0,4295,187491,0,0,0.000,0.000,0.000,0,0.000,0.000,0.000,0,0,4,0,0
PPG,1,95155,3807751552,25,502,520,0.000,0.000,0.000,0,0,0,0,0.00,nan,4,3,1,nan,3,3,24,1,1,19,19,0,0,0,3808945285,0.03662,0.00269,0.95313,0.95383,-0.00585,-0.00055,-0.00167,0.00611,0.95383,0.00338,0.00611,3,12133,0,6258,0.00000,0.00000,0.00000,0,0,nan,0,0,0,2669,187491,0,0,0.000,0.000,0.000,0,0.000,0.000,0.000,0,0,4,0,0
PPG,1,95156,3807791552,25,486,500,0.000,0.000,0.000,0,0,0,0,0.00,nan,4,3,1,nan,3,3,24,1,1,20,20,0,0,0,3808986597,0.03662,0.00732,0.95068,0.95142,-0.00585,-0.00055,-0.00194,0.00619,0.95313,0.00086,0.00673,3,12168,0,6258,0.00000,0.00000,0.00000,0,0,nan,0,0,0,4353,187491,0,0,0.000,0.000,0.000,0,0.000,0.000,0.000,0,0,4,0,0
PPG,1,95157,3807831552,25,503,514,0.000,0.000,0.000,0,0,0,0,0.00,nan,4,3,1,nan,3,3,24,1,1,21,21,0,0,0,3809025260,0.03516,0.00562,0.95068,0.95135,-0.00532,-0.00081,-0.00167,0.00563,0.95708,0.00834,0.00709,3,12179,0,6258,0.00000,0.00000,0.00000,0,0,nan,0,0,0,2646,187491,0,0,0.000,0.000,0.000,0,0.000,0.000,0.000,0,0,4,0,0
PPG,1,95158,3807871552,25,488,511,0.000,0.000,0.000,0,0,0,0,0.00,nan,4,3,1,nan,3,3,24,1,1,22,22,0,0,0,3809066892,0.04175,0.00684,0.94482,0.94577,-0.00665,0.00025,-0.00114,0.00675,0.95438,0.00879,0.00726,3,12267,0,6258,0.00000,0.00000,0.00000,0,0,nan,0,0,0,4345,187491,0,0,0.000,0.000,0.000,0,0.000,0.000,0.000,0,0,4,0,0
PPG,1,95159,3807911552,27,486,516,0.000,0.000,0.000,0,0,0,0,0.00,nan,4,3,1,nan,3,3,24,1,1,23,23,0,0,0,3809105806,0.03711,0.00732,0.94556,0.94631,-0.00638,-0.00055,-0.00114,0.00651,0.95688,0.01057,0.00685,3,12254,0,6258,0.00000,0.00000,0.00000,0,0,nan,0,0,0,4344,187491,0,0,0.000,0.000,0.000,0,0.000,0.000,0.000,0,0,4,0,0
PPG,1,95160,3807951552,27,489,508,0.000,0.000,0.000,0,0,0,0,0.00,nan,4,3,1,nan,3,3,24,1,1,24,24,0,0,0,3809144718,0.03931,0.00635,0.95117,0.95200,-0.00612,-0.00108,-0.00141,0.00637,0.95534,0.00528,0.00637,3,12287,0,6258,0.00000,0.00000,0.00000,0,0,nan,0,0,0,2653,187491,0,0,0.000,0.000,0.000,0,0.000,0.000,0.000,0,0,4,0,0
PPG,1,95161,3807991552,25,485,503,0.000,0.000,0.000,0,0,0,0,0.00,nan,4,3,1,nan,3,3,24,1,1,25,25,0,0,0,3809186299,0.03687,0.00391,0.95361,0.95433,-0.00585,-0.00001,-0.00114,0.00596,0.95459,0.00508,0.00653,3,12269,0,6258,0.00000,0.00000,0.00000,0,0,nan,0,0,0,4351,187491,0,0,0.000,0.000,0.000,0,0.000,0.000,0.000,0,0,4,0,0
PPG,1,95162,3808031552,26,495,520,0.000,0.000,0.000,0,0,0,0,0.00,nan,4,3,1,nan,3,3,24,1,1,26,26,0,0,0,3809225177,0.03320,0.00562,0.95166,0.95226,-0.00638,-0.00055,-0.00221,0.00678,0.95226,0.00526,0.00678,3,12246,0,6258,0.00000,0.00000,0.00000,0,0,nan,0,0,0,2643,187491,0,0,0.000,0.000,0.000,0,0.000,0.000,0.000,0,0,4,0,0
PPG,1,95163,3808071552,25,494,503,0.000,0.000,0.000,0,0,0,0,0.00,nan,4,3,1,nan,3,3,24,1,1,27,27,0,0,0,3809266712,0.03711,0.00854,0.95557,0.95632,-0.00585,-0.00001,-0.00221,0.00625,0.95772,0.00547,0.00665,3,12241,0,6258,0.00000,0.00000,0.00000,0,0,nan,0,0,0,4333,187491,0,0,0.000,0.000,0.000,0,0.000,0.000,0.000,0,0,4,0,0
PPG,1,95164,3808111552,25,490,510,0.000,0.000,0.000,0,0,0,0,0.00,nan,4,3,1,nan,3,3,24,1,1,28,28,0,0,0,3809305563,0.03662,0.00586,0.95703,0.95775,-0.00638,0.00052,-0.00221,0.00677,0.95775,0.00140,0.00726,3,12234,0,6258,0.00000,0.00000,0.00000,0,0,nan,0,0,0,2630,187491,0,0,0.000,0.000,0.000,0,0.000,0.000,0.000,0,0,4,0,0
PPG,1,95165,3808151552,26,487,504,0.000,0.000,0.000,0,0,0,0,0.00,nan,4,3,1,nan,3,3,24,1,1,29,29,0,0,0,3809347114,0.04028,0.00562,0.94995,0.95082,-0.00505,-0.00028,-0.00141,0.00525,0.95120,0.00655,0.00586,3,12299,0,6258,0.00000,0.00000,0.00000,0,0,nan,0,0,0,4339,187491,0,0,0.000,0.000,0.000,0,0.000,0.000,0.000,0,0,4,0,0
PPG,1,95166,3808191552,28,495,511,0.000,0.000,0.000,0,0,0,0,0.00,nan,4,3,1,nan,3,3,24,1,1,30,30,0,0,0,3809385940,0.03931,0.00073,0.95313,0.95394,-0.00585,-0.00001,-0.00114,0.00596,0.95394,0.00253,0.00624,3,12228,0,6258,0.00000,0.00000,0.00000,0,0,nan,0,0,0,4333,187491,0,0,0.000,0.000,0.000,0,0.000,0.000,0.000,0,0,4,0,0
PPG,1,95167,3808231552,25,490,499,0.000,0.000,0.000,0,0,0,0,0.00,nan,4,3,1,nan,3,3,24,1,1,31,31,0,0,0,3809424801,0.03979,0.00537,0.95142,0.95226,-0.00612,-0.00028,-0.00034,0.00613,0.95313,0.00231,0.00613,3,12248,0,6258,0.00000,0.00000,0.00000,0,0,nan,0,0,0,2623,187491,0,0,0.000,0.000,0.000,0,0.000,0.000,0.000,0,0,4,0,0
PPG,1,95168,3808271552,26,496,514,0.000,0.000,0.000,0,0,0,0,0.00,nan,4,3,1,nan,3,3,24,1,1,0,0,0,0,0,3809466286,0.04150,0.00854,0.95386,0.95480,-0.00558,-0.00001,-0.00300,0.00634,0.95480,0.01058,0.00639,3,12236,0,6258,0.00000,0.00000,0.00000,0,0,nan,0,0,0,4346,187491,0,0,0.000,0.000,0.000,0,0.000,0.000,0.000,0,0,4,0,0
PPG,1,95169,3808311552,25,493,499,0.000,0.000,0.000,0,0,0,0,0.00,nan,4,3,1,nan,3,3,24,1,1,1,1,0,0,0,3809505058,0.03882,0.00659,0.95386,0.95467,-0.00585,-0.00081,-0.00194,0.00622,0.95667,0.00303,0.00622,3,12190,0,6258,0.00000,0.00000,0.00000,0,0,nan,0,0,0,2624,187491,0,0,0.000,0.000,0.000,0,0.000,0.000,0.000,0,0,4,0,0
PPG,1,95170,3808351552,25,489,503,0.000,0.000,0.000,0,0,0,0,0.00,nan,4,3,1,nan,3,3,24,1,1,2,2,0,0,0,3809546535,0.03882,0.00171,0.95288,0.95367,-0.00612,0.00052,-0.00247,0.00662,0.95780,0.00840,0.00761,3,12249,0,6258,0.00000,0.00000,0.00000,0,0,nan,0,0,0,4339,187491,0,0,0.000,0.000,0.000,0,0.000,0.000,0.000,0,0,4,0,0
PPG,1,95171,3808391552,25,485,510,0.000,0.000,0.000,0,0,0,0,0.00,nan,4,3,1,nan,3,3,24,1,1,3,3,0,0,0,3809585167,0.03735,0.00171,0.94800,0.94874,-0.00585,-0.00028,-0.00221,0.00626,0.95446,0.00572,0.00626,2,24283,0,6259,0.00000,0.00000,0.00000,0,0,nan,0,0,0,2616,187491,0,0,0.000,0.000,0.000,0,0.000,0.000,0.000,0,0,4,0,0
PPG,1,95172,3808431552,25,497,506,0.000,0.000,0.000,0,0,0,0,0.00,nan,4,3,1,nan,3,3,24,1,1,4,4,0,0,0,3809626695,0.03760,0.00952,0.95142,0.95221,-0.00532,-0.00055,-0.00167,0.00560,0.95727,0.00623,0.00625,3,12236,0,6259,0.00000,0.00000,0.00000,0,0,nan,0,0,0,4314,187491,0,0,0.000,0.000,0.000,0,0.000,0.000,0.000,0,0,4,0,0
PPG,1,95173,3808471552,34,488,497,0.000,0.000,0.000,0,0,0,0,0.00,nan,4,3,1,nan,3,3,24,1,1,5,5,0,0,0,3809665455,0.04150,0.00537,0.95337,0.95429,-0.00665,-0.00108,-0.00114,0.00683,0.95841,0.00620,0.00683,3,12118,0,6259,0.00000,0.00000,0.00000,0,0,nan,0,0,0,2611,187491,0,0,0.000,0.000,0.000,0,0.000,0.000,0.000,0,0,4,0,0
PPG,1,95174,3808511552,25,485,504,0.000,0.000,0.000,0,0,0,0,0.00,nan,4,3,1,nan,3,3,24,1,1,6,6,0,0,0,3809706693,0.03638,0.00366,0.95093,0.95163,-0.00505,-0.00028,-0.00167,0.00533,0.95527,0.00432,0.00706,3,12124,0,6259,0.00000,0.00000,0.00000,0,0,nan,0,0,0,4314,187491,0,0,0.000,0.000,0.000,0,0.000,0.000,0.000,0,0,4,0,0
PPG,1,95175,3808551552,35,493,511,0.000,0.000,0.000,0,0,0,0,0.00,nan,4,3,1,nan,3,3,24,1,1,7,7,0,0,0,3809745268,0.03662,0.00317,0.94971,0.95042,-0.00638,-0.00081,-0.00300,0.00710,0.95141,0.00084,0.00710,3,12128,0,6259,0.00000,0.00000,0.00000,0,0,nan,0,0,0,2611,187491,0,0,0.000,0.000,0.000,0,0.000,0.000,0.000,0,0,4,0,0
PPG,1,95176,3808591552,25,507,515,0.000,0.000,0.000,0,0,0,0,0.00,nan,4,3,1,nan,3,3,24,1,1,8,8,0,0,0,3809786467,0.03687,0.00122,0.95337,0.95408,-0.00585,-0.00001,-0.00247,0.00635,0.95408,0.00156,0.00636,3,12124,0,6259,0.00000,0.00000,0.00000,0,0,nan,0,0,0,4301,187491,0,0,0.000,0.000,0.000,0,0.000,0.000,0.000,0,0,4,0,0
PPG,1,95177,3808631552,25,498,521,0.000,0.000,0.000,0,0,0,0,0.00,nan,4,3,1,nan,3,3,24,1,1,9,9,0,0,0,3809824969,0.03687,0.00586,0.95508,0.95581,-0.00532,0.00025,-0.00114,0.00544,0.95581,0.00241,0.00597,3,12114,0,6259,0.00000,0.00000,0.00000,0,0,nan,0,0,0,2600,187491,0,0,0.000,0.000,0.000,0,0.000,0.000,0.000,0,0,4,0,0
PPG,1,95178,3808671552,25,480,506,0.000,0.000,0.000,0,0,0,0,0.00,nan,4,3,1,nan,3,3,24,1,1,10,10,0,0,0,3809866140,0.04004,0.00244,0.95068,0.95153,-0.00532,-0.00081,-0.00061,0.00541,0.95643,0.00490,0.00617,3,12156,0,6259,0.00000,0.00000,0.00000,0,0,nan,0,0,0,4301,187491,0,0,0.000,0.000,0.000,0,0.000,0.000,0.000,0,0,4,0,0
PPG,1,95179,3808711552,25,490,497,0.000,0.000,0.000,0,0,0,0,0.00,nan,4,3,1,nan,3,3,24,1,1,11,11,0,0,0,3809942554,0.03784,0.00171,0.95557,0.95632,-0.00558,0.00052,-0.00061,0.00564,0.95632,0.00442,0.00597,2,62169,0,6264,0.00000,0.00000,0.00000,0,0,nan,0,0,0,57749,187491,0,0,0.000,0.000,0.000,0,0.000,0.000,0.000,0,0,4,0,0
PPG,1,95180,3808751552,25,489,508,0.000,0.000,0.000,0,0,0,0,0.00,nan,4,3,1,nan,3,3,24,1,1,12,12,0,0,0,3809942554,0.03784,0.00171,0.95557,0.95632,-0.00558,0.00052,-0.00061,0.00564,0.00000,0.00000,0.00000,0,62169,0,6264,0.00000,0.00000,0.00000,0,0,nan,0,0,0,11674,187491,0,0,0.000,0.000,0.000,0,0.000,0.000,0.000,0,0,4,0,0
PPG,1,95181,3808791552,25,490,507,0.000,0.000,0.000,0,0,0,0,0.00,nan,4,3,1,nan,3,3,24,1,1,13,13,0,0,0,3809988496,0.03906,0.00928,0.94727,0.94812,-0.00585,-0.00081,-0.00194,0.00622,0.95578,0.00767,0.00686,3,12109,0,6265,0.00000,0.00000,0.00000,0,0,nan,0,0,0,4297,187491,0,0,0.000,0.000,0.000,0,0.000,0.000,0.000,0,0,4,0,0
PPG,1,95182,3808831552,25,495,515,0.000,0.000,0.000,0,0,0,0,0.00,nan,4,3,1,nan,3,3,24,1,1,14,14,0,0,0,3810026991,0.04126,0.00977,0.95068,0.95163,-0.00532,-0.00188,-0.00274,0.00627,0.95437,0.00615,0.00672,3,12110,0,6265,0.00000,0.00000,0.00000,0,0,nan,0,0,0,4298,187491,0,0,0.000,0.000,0.000,0,0.000,0.000,0.000,0,0,4,0,0
PPG,1,95183,3808871552,26,501,516,0.000,0.000,0.000,0,0,0,0,0.00,nan,4,3,1,nan,3,3,24,1,1,15,15,0,0,0,3810065549,0.03906,0.00293,0.95117,0.95198,-0.00612,-0.00028,-0.00114,0.00623,0.95955,0.00792,0.00734,3,12164,0,6265,0.00000,0.00000,0.00000,0,0,nan,0,0,0,2608,187491,0,0,0.000,0.000,0.000,0,0.000,0.000,0.000,0,0,4,0,0
PPG,1,95184,3808911552,25,494,510,0.000,0.000,0.000,0,0,0,0,0.00,nan,4,3,1,nan,3,3,24,1,1,16,16,0,0,0,3810106641,0.04297,0.00366,0.95850,0.95947,-0.00585,0.00025,-0.00194,0.00617,0.95947,0.01157,0.00623,3,12114,0,6265,0.00000,0.00000,0.00000,0,0,nan,0,0,0,4302,187491,0,0,0.000,0.000,0.000,0,0.000,0.000,0.000,0,0,4,0,0
PPG,1,95185,3808951552,25,479,506,0.000,0.000,0.000,0,0,0,0,0.00,nan,4,3,1,nan,3,3,24,1,1,17,17,0,0,0,3810145193,0.03711,0.00073,0.94971,0.95043,-0.00479,-0.00028,-0.00087,0.00487,0.95043,0.01064,0.00642,3,12134,0,6265,0.00000,0.00000,0.00000,0,0,nan,0,0,0,2630,187491,0,0,0.000,0.000,0.000,0,0.000,0.000,0.000,0,0,4,0,0
PPG,1,95186,3808991552,25,499,502,0.000,0.000,0.000,0,0,0,0,0.00,nan,4,3,1,nan,3,3,24,1,1,18,18,0,0,0,3810186408,0.03906,0.00854,0.94824,0.94908,-0.00638,-0.00161,-0.00221,0.00694,0.95853,0.00810,0.00694,3,12119,0,6265,0.00000,0.00000,0.00000,0,0,nan,0,0,0,4296,187491,0,0,0.000,0.000,0.000,0,0.000,0.000,0.000,0,0,4,0,0
PPG,1,95187,3809031552,25,502,519,0.000,0.000,0.000,0,0,0,0,0.00,nan,4,3,1,nan,3,3,24,1,1,19,19,0,0,0,3810224912,0.03809,0.00488,0.95410,0.95487,-0.00665,-0.00001,-0.00034,0.00666,0.96079,0.01170,0.00688,3,12118,0,6265,0.00000,0.00000,0.00000,0,0,nan,0,0,0,2599,187491,0,0,0.000,0.000,0.000,0,0.000,0.000,0.000,0,0,4,0,0
PPG,1,95188,3809071552,25,500,514,0.000,0.000,0.000,0,0,0,0,0.00,nan,4,3,1,nan,3,3,24,1,1,20,20,0,0,0,3810266064,0.03906,0.00684,0.95605,0.95688,-0.00532,0.00052,-0.00141,0.00553,0.95688,0.00446,0.00604,3,12158,0,6265,0.00000,0.00000,0.00000,0,0,nan,0,0,0,4323,187491,0,0,0.000,0.000,0.000,0,0.000,0.000,0.000,0,0,4,0,0
PPG,1,95189,3809111552,25,490,515,0.000,0.000,0.000,0,0,0,0,0.00,nan,4,3,1,nan,3,3,24,1,1,21,21,0,0,0,3810304605,0.04053,0.00684,0.95093,0.95182,-0.00585,-0.00001,-0.00194,0.00616,0.95325,0.00363,0.00616,3,12125,0,6265,0.00000,0.00000,0.00000,0,0,nan,0,0,0,2612,187491,0,0,0.000,0.000,0.000,0,0.000,0.000,0.000,0,0,4,0,0
PPG,1,95190,3809151552,25,484,494,0.000,0.000,0.000,0,0,0,0,0.00,nan,4,3,1,nan,3,3,24,1,1,22,22,0,0,0,3810345755,0.04028,0.00488,0.95508,0.95594,-0.00638,0.00052,-0.00061,0.00643,0.95594,0.00422,0.00643,3,12129,0,6265,0.00000,0.00000,0.00000,0,0,nan,0,0,0,2605,187491,0,0,0.000,0.000,0.000,0,0.000,0.000,0.000,0,0,4,0,0
PPG,1,95191,3809191552,25,490,500,0.000,0.000,0.000,0,0,0,0,0.00,nan,4,3,1,nan,3,3,24,1,1,23,23,0,0,0,3810386917,0.04053,0.00488,0.95093,0.95180,-0.00612,-0.00028,-0.00221,0.00651,0.95249,0.00448,0.00651,3,12119,0,6265,0.00000,0.00000,0.00000,0,0,nan,0,0,0,4310,187491,0,0,0.000,0.000,0.000,0,0.000,0.000,0.000,0,0,4,0,0
PPG,1,95192,3809231552,25,500,500,0.000,0.000,0.000,0,0,0,0,0.00,nan,4,3,1,nan,3,3,24,1,1,24,24,0,0,0,3810425453,0.03687,0.00806,0.94995,0.95070,-0.00692,-0.00001,-0.00141,0.00706,0.95574,0.00504,0.00706,3,12118,0,6265,0.00000,0.00000,0.00000,0,0,nan,0,0,0,2602,187491,0,0,0.000,0.000,0.000,0,0.000,0.000,0.000,0,0,4,0,0
PPG,1,95193,3809271552,25,502,509,0.000,0.000,0.000,0,0,0,0,0.00,nan,4,3,1,nan,3,3,24,1,1,25,25,0,0,0,3810466605,0.03882,0.00293,0.95190,0.95270,-0.00665,-0.00161,-0.00114,0.00694,0.95431,0.00844,0.00702,3,12152,0,6265,0.00000,0.00000,0.00000,0,0,nan,0,0,0,4303,187491,0,0,0.000,0.000,0.000,0,0.000,0.000,0.000,0,0,4,0,0
PPG,1,95194,3809311552,25,493,515,0.000,0.000,0.000,0,0,0,0,0.00,nan,4,3,1,nan,3,3,24,1,1,26,26,0,0,0,3810505137,0.03467,0.00195,0.95264,0.95327,-0.00718,-0.00028,-0.00141,0.00732,0.95338,0.00271,0.00732,3,12123,0,6265,0.00000,0.00000,0.00000,0,0,nan,0,0,0,2605,187491,0,0,0.000,0.000,0.000,0,0.000,0.000,0.000,0,0,4,0,0
PPG,1,95195,3809351552,25,477,501,0.000,0.000,0.000,0,0,0,0,0.00,nan,4,3,1,nan,3,3,24,1,1,27,27,0,0,0,3810546268,0.03735,0.00464,0.95410,0.95484,-0.00638,-0.00055,-0.00167,0.00662,0.95484,0.00218,0.00662,3,12128,0,6265,0.00000,0.00000,0.00000,0,0,nan,0,0,0,4299,187491,0,0,0.000,0.000,0.000,0,0.000,0.000,0.000,0,0,4,0,0
PPG,1,95196,3809391552,24,492,492,0.000,0.000,0.000,0,0,0,0,0.00,nan,4,3,1,nan,3,3,24,1,1,28,28,0,0,0,3810588958,0.03687,0.00464,0.95288,0.95360,-0.00558,-0.00055,-0.00221,0.00603,0.95360,0.00394,0.00705,3,16256,0,6265,0.00000,0.00000,0.00000,0,0,nan,0,0,0,16193,187491,0,0,0.000,0.000,0.000,0,0.000,0.000,0.000,0,0,4,0,0
PPG,1,95197,3809431552,26,481,501,0.000,0.000,0.000,0,0,0,0,0.00,nan,4,3,1,nan,3,3,24,1,1,29,29,0,0,0,3810627549,0.03882,0.00342,0.94507,0.94587,-0.00585,-0.00135,-0.00114,0.00611,0.95303,0.00716,0.00748,3,12112,0,6265,0.00000,0.00000,0.00000,0,0,nan,0,0,0,4299,187491,0,0,0.000,0.000,0.000,0,0.000,0.000,0.000,0,0,4,0,0
PPG,1,95198,3809471552,25,502,500,0.000,0.000,0.000,0,0,0,0,0.00,nan,4,3,1,nan,3,3,24,1,1,30,30,0,0,0,3810666104,0.04028,0.00171,0.94653,0.94739,-0.00585,-0.00135,-0.00061,0.00603,0.95202,0.00564,0.00716,3,12128,0,6265,0.00000,0.00000,0.00000,0,0,nan,0,0,0,4298,187491,0,0,0.000,0.000,0.000,0,0.000,0.000,0.000,0,0,4,0,0
PPG,1,95199,3809511552,25,494,517,0.000,0.000,0.000,0,0,0,0,0.00,nan,4,3,1,nan,3,3,24,1,1,31,31,0,0,0,3810704654,0.03857,0.00220,0.94873,0.94952,-0.00558,-0.00028,-0.00221,0.00601,0.94952,0.00363,0.00601,3,12118,0,6265,0.00000,0.00000,0.00000,0,0,nan,0,0,0,2612,187491,0,0,0.000,0.000,0.000,0,0.000,0.000,0.000,0,0,4,0,0
PPG,1,95200,3809551552,25,479,514,0.000,0.000,0.000,0,0,0,0,0.00,nan,4,3,1,nan,3,3,24,1,1,0,0,0,0,0,3810745790,0.03906,0.00635,0.95752,0.95834,-0.00612,-0.00108,-0.00114,0.00632,0.96153,0.01201,0.00632,3,12125,0,6265,0.00000,0.00000,0.00000,0,0,nan,0,0,0,2596,187491,0,0,0.000,0.000,0.000,0,0.000,0.000,0.000,0,0,4,0,0
PPG,1,95201,3809591552,26,482,491,0.000,0.000,0.000,0,0,0,0,0.00,nan,4,3,1,nan,3,3,24,1,1,1,1,0,0,0,3810787106,0.03979,0.00952,0.95068,0.95156,-0.00505,-0.00028,-0.00247,0.00563,0.95420,0.00473,0.00705,3,12313,0,6265,0.00000,0.00000,0.00000,0,0,nan,0,0,0,4313,187491,0,0,0.000,0.000,0.000,0,0.000,0.000,0.000,0,0,4,0,0
PPG,1,95202,3809631552,25,504,507,0.000,0.000,0.000,0,0,0,0,0.00,nan,4,3,1,nan,3,3,24,1,1,2,2,0,0,0,3810825766,0.03589,0.00342,0.95581,0.95649,-0.00479,-0.00055,-0.00141,0.00502,0.95699,0.00543,0.00577,3,12118,0,6265,0.00000,0.00000,0.00000,0,0,nan,0,0,0,2595,187491,0,0,0.000,0.000,0.000,0,0.000,0.000,0.000,0,0,4,0,0
PPG,1,95203,3809671552,26,474,495,0.000,0.000,0.000,0,0,0,0,0.00,nan,4,3,1,nan,3,3,24,1,1,3,3,0,0,0,3810866857,0.04297,0.00610,0.95435,0.95533,-0.00718,-0.00001,-0.00141,0.00732,0.95533,0.01102,0.00732,3,12108,0,6265,0.00000,0.00000,0.00000,0,0,nan,0,0,0,4301,187491,0,0,0.000,0.000,0.000,0,0.000,0.000,0.000,0,0,4,0,0
PPG,1,95204,3809711552,30,495,497,0.000,0.000,0.000,0,0,0,0,0.00,nan,4,3,1,nan,3,3,24,1,1,4,4,0,0,0,3810905407,0.03882,0.00635,0.95068,0.95150,-0.00425,-0.00081,-0.00167,0.00464,0.95404,0.00517,0.00706,3,12131,0,6265,0.00000,0.00000,0.00000,0,0,nan,0,0,0,2661,187491,0,0,0.000,0.000,0.000,0,0.000,0.000,0.000,0,0,4,0,0
PPG,1,95205,3809751552,25,497,512,0.000,0.000,0.000,0,0,0,0,0.00,nan,4,3,1,nan,3,3,24,1,1,5,5,0,0,0,3810946639,0.03735,0.00757,0.94702,0.94779,-0.00638,-0.00081,-0.00087,0.00649,0.94976,0.00459,0.00688,3,12130,0,6265,0.00000,0.00000,0.00000,0,0,nan,0,0,0,4371,187491,0,0,0.000,0.000,0.000,0,0.000,0.000,0.000,0,0,4,0,0
PPG,1,95206,3809791552,40,497,518,0.000,0.000,0.000,0,0,0,0,0.00,nan,4,3,1,nan,3,3,24,1,1,6,6,0,0,0,3810985321,0.03735,0.00659,0.94995,0.95071,-0.00585,0.00052,-0.00221,0.00627,0.95816,0.01038,0.00642,3,12162,0,6265,0.00000,0.00000,0.00000,0,0,nan,0,0,0,2598,187491,0,0,0.000,0.000,0.000,0,0.000,0.000,0.000,0,0,4,0,0
PPG,1,95207,3809831552,25,483,494,0.000,0.000,0.000,0,0,0,0,0.00,nan,4,3,1,nan,3,3,24,1,1,7,7,0,0,0,3811026908,0.03564,0.00659,0.95483,0.95552,-0.00638,-0.00108,-0.00167,0.00669,0.96012,0.00800,0.00669,3,12260,0,6265,0.00000,0.00000,0.00000,0,0,nan,0,0,0,4334,187491,0,0,0.000,0.000,0.000,0,0.000,0.000,0.000,0,0,4,0,0
PPG,1,95208,3809871552,25,486,508,0.000,0.000,0.000,0,0,0,0,0.00,nan,4,3,1,nan,3,3,24,1,1,8,8,0,0,0,3811065815,0.03857,0.00366,0.95190,0.95269,-0.00558,-0.00001,-0.00114,0.00570,0.95648,0.00840,0.00663,3,12247,0,6265,0.00000,0.00000,0.00000,0,0,nan,0,0,0,2630,187491,0,0,0.000,0.000,0.000,0,0.000,0.000,0.000,0,0,4,0,0
PPG,1,95209,3809911552,26,500,512,0.000,0.000,0.000,0,0,0,0,0.00,nan,4,3,1,nan,3,3,24,1,1,9,9,0,0,0,3811107303,0.03955,0.00586,0.95166,0.95250,-0.00585,-0.00055,-0.00167,0.00611,0.95515,0.00412,0.00631,3,12204,0,6265,0.00000,0.00000,0.00000,0,0,nan,0,0,0,4357,187491,0,0,0.000,0.000,0.000,0,0.000,0.000,0.000,0,0,4,0,0
PPG,1,95210,3809951552,28,493,510,0.000,0.000,0.000,0,0,0,0,0.00,nan,4,3,1,nan,3,3,24,1,1,10,10,0,0,0,3811146190,0.03760,0.00171,0.95142,0.95216,-0.00585,-0.00001,-0.00194,0.00616,0.95216,0.00107,0.00616,3,12241,0,6265,0.00000,0.00000,0.00000,0,0,nan,0,0,0,4338,187491,0,0,0.000,0.000,0.000,0,0.000,0.000,0.000,0,0,4,0,0
PPG,1,95211,3809991552,26,492,515,0.000,0.000,0.000,0,0,0,0,0.00,nan,4,3,1,nan,3,3,24,1,1,11,11,0,0,0,3811185052,0.03564,0.00610,0.95142,0.95210,-0.00638,0.00079,-0.00221,0.00680,0.95517,0.00414,0.00680,3,12271,0,6265,0.00000,0.00000,0.00000,0,0,nan,0,0,0,2652,187491,0,0,0.000,0.000,0.000,0,0.000,0.000,0.000,0,0,4,0,0
PPG,1,95212,3810031552,25,490,512,0.000,0.000,0.000,0,0,0,0,0.00,nan,4,3,1,nan,3,3,24,1,1,12,12,0,0,0,3811226594,0.03735,0.00513,0.95093,0.95167,-0.00612,0.00052,-0.00194,0.00644,0.95250,0.00291,0.00644,3,12258,0,6265,0.00000,0.00000,0.00000,0,0,nan,0,0,0,4341,187491,0,0,0.000,0.000,0.000,0,0.000,0.000,0.000,0,0,4,0,0
PPG,1,95213,3810071552,34,485,506,0.000,0.000,0.000,0,0,0,0,0.00,nan,4,3,1,nan,3,3,24,1,1,13,13,0,0,0,3811265408,0.04102,0.00952,0.95313,0.95405,-0.00665,-0.00055,-0.00114,0.00677,0.95591,0.00276,0.00711,3,12241,0,6265,0.00000,0.00000,0.00000,0,0,nan,0,0,0,2648,187491,0,0,0.000,0.000,0.000,0,0.000,0.000,0.000,0,0,4,0,0
PPG,1,95214,3810111552,28,496,512,0.000,0.000,0.000,0,0,0,0,0.00,nan,4,3,1,nan,3,3,24,1,1,14,14,0,0,0,3811307018,0.04419,0.00317,0.95313,0.95415,-0.00612,-0.00028,-0.00247,0.00660,0.95484,0.00078,0.00699,3,12253,0,6265,0.00000,0.00000,0.00000,0,0,nan,0,0,0,4330,187491,0,0,0.000,0.000,0.000,0,0.000,0.000,0.000,0,0,4,0,0
PPG,1,95215,3810151552,25,494,501,0.000,0.000,0.000,0,0,0,0,0.00,nan,4,3,1,nan,3,3,24,1,1,15,15,0,0,0,3811345824,0.03955,0.00830,0.94629,0.94715,-0.00638,0.00025,-0.00141,0.00654,0.95290,0.00575,0.00670,3,12200,0,6265,0.00000,0.00000,0.00000,0,0,nan,0,0,0,2633,187491,0,0,0.000,0.000,0.000,0,0.000,0.000,0.000,0,0,4,0,0
PPG,1,95216,3810191552,26,484,512,0.000,0.000,0.000,0,0,0,0,0.00,nan,4,3,1,nan,3,3,24,1,1,16,16,0,0,0,3811387313,0.03735,0.00635,0.95728,0.95802,-0.00479,-0.00001,-0.00221,0.00527,0.95802,0.00885,0.00695,3,12235,0,6265,0.00000,0.00000,0.00000,0,0,nan,0,0,0,4340,187491,0,0,0.000,0.000,0.000,0,0.000,0.000,0.000,0,0,4,0,0
PPG,1,95217,3810231552,25,492,513,0.000,0.000,0.000,0,0,0,0,0.00,nan,4,3,1,nan,3,3,24,1,1,17,17,0,0,0,3811426175,0.03906,0.00513,0.95142,0.95223,-0.00638,-0.00055,-0.00167,0.00662,0.95223,0.00936,0.00662,3,12234,0,6265,0.00000,0.00000,0.00000,0,0,nan,0,0,0,4329,187491,0,0,0.000,0.000,0.000,0,0.000,0.000,0.000,0,0,4,0,0
PPG,1,95218,3810271552,26,496,516,0.000,0.000,0.000,0,0,0,0,0.00,nan,4,3,1,nan,3,3,24,1,1,18,18,0,0,0,3811465030,0.03979,0.00586,0.95288,0.95373,-0.00638,0.00079,-0.00114,0.00653,0.95373,0.00272,0.00653,3,12239,0,6265,0.00000,0.00000,0.00000,0,0,nan,0,0,0,2611,187491,0,0,0.000,0.000,0.000,0,0.000,0.000,0.000,0,0,4,0,0
PPG,1,95219,3810311552,26,491,500,0.000,0.000,0.000,0,0,0,0,0.00,nan,4,3,1,nan,3,3,24,1,1,19,19,0,0,0,3811506470,0.04004,0.00439,0.94702,0.94788,-0.00532,-0.00108,-0.00114,0.00554,0.95547,0.00945,0.00637,3,12230,0,6265,0.00000,0.00000,0.00000,0,0,nan,0,0,0,4327,187491,0,0,0.000,0.000,0.000,0,0.000,0.000,0.000,0,0,4,0,0
PPG,1,95220,3810351552,27,487,501,0.000,0.000,0.000,0,0,0,0,0.00,nan,4,3,1,nan,3,3,24,1,1,20,20,0,0,0,3811545307,0.03442,0.00342,0.94702,0.94765,-0.00612,-0.00001,-0.00141,0.00628,0.95200,0.00413,0.00631,3,12242,0,6265,0.00000,0.00000,0.00000,0,0,nan,0,0,0,2629,187491,0,0,0.000,0.000,0.000,0,0.000,0.000,0.000,0,0,4,0,0
PPG,1,95221,3810391552,24,495,506,0.000,0.000,0.000,0,0,0,0,0.00,nan,4,3,1,nan,3,3,24,1,1,21,21,0,0,0,3811590938,0.03711,0.00562,0.95068,0.95142,-0.00585,-0.00001,-0.00221,0.00625,0.95142,0.00220,0.00680,3,16352,0,6265,0.00000,0.00000,0.00000,0,0,nan,0,0,0,16285,187491,0,0,0.000,0.000,0.000,0,0.000,0.000,0.000,0,0,4,0,0
PPG,1,95222,3810431552,25,491,507,0.000,0.000,0.000,0,0,0,0,0.00,nan,4,3,1,nan,3,3,24,1,1,22,22,0,0,0,3811627259,0.03857,0.00562,0.95386,0.95465,-0.00585,-0.00081,-0.00327,0.00675,0.95811,0.00571,0.00675,3,12139,0,6265,0.00000,0.00000,0.00000,0,0,nan,0,0,0,4306,187491,0,0,0.000,0.000,0.000,0,0.000,0.000,0.000,0,0,4,0,0
PPG,1,95223,3810471552,25,496,505,0.000,0.000,0.000,0,0,0,0,0.00,nan,4,3,1,nan,3,3,24,1,1,23,23,0,0,0,3811665991,0.04028,0.00610,0.95044,0.95131,-0.00558,-0.00081,-0.00194,0.00597,0.95390,0.00160,0.00618,3,12217,0,6265,0.00000,0.00000,0.00000,0,0,nan,0,0,0,2598,187491,0,0,0.000,0.000,0.000,0,0.000,0.000,0.000,0,0,4,0,0
PPG,1,95224,3810511552,26,500,516,0.000,0.000,0.000,0,0,0,0,0.00,nan,4,3,1,nan,3,3,24,1,1,24,24,0,0,0,3811707152,0.04150,0.00342,0.95068,0.95160,-0.00479,-0.00028,-0.00167,0.00508,0.95571,0.00440,0.00571,3,12153,0,6265,0.00000,0.00000,0.00000,0,0,nan,0,0,0,4306,187491,0,0,0.000,0.000,0.000,0,0.000,0.000,0.000,0,0,4,0,0
PPG,1,95225,3810551552,25,500,505,0.000,0.000,0.000,0,0,0,0,0.00,nan,4,3,1,nan,3,3,24,1,1,25,25,0,0,0,3811745669,0.03784,0.00708,0.95288,0.95366,-0.00558,-0.00161,-0.00114,0.00592,0.95367,0.00217,0.00643,3,12120,0,6265,0.00000,0.00000,0.00000,0,0,nan,0,0,0,2603,187491,0,0,0.000,0.000,0.000,0,0.000,0.000,0.000,0,0,4,0,0
PPG,1,95226,3810591552,25,508,516,0.000,0.000,0.000,0,0,0,0,0.00,nan,4,3,1,nan,3,3,24,1,1,26,26,0,0,0,3811786822,0.03711,0.00757,0.95093,0.95168,-0.00638,-0.00001,-0.00114,0.00648,0.95293,0.00484,0.00648,3,12141,0,6265,0.00000,0.00000,0.00000,0,0,nan,0,0,0,4325,187491,0,0,0.000,0.000,0.000,0,0.000,0.000,0.000,0,0,4,0,0
PPG,1,95227,3810631552,25,501,516,0.000,0.000,0.000,0,0,0,0,0.00,nan,4,3,1,nan,3,3,24,1,1,27,27,0,0,0,3811825400,0.04004,0.00830,0.95337,0.95425,-0.00692,0.00025,-0.00141,0.00706,0.95425,0.00906,0.00706,3,12115,0,6265,0.00000,0.00000,0.00000,0,0,nan,0,0,0,2594,187491,0,0,0.000,0.000,0.000,0,0.000,0.000,0.000,0,0,4,0,0
PPG,1,95228,3810671552,26,479,507,0.000,0.000,0.000,0,0,0,0,0.00,nan,4,3,1,nan,3,3,24,1,1,28,28,0,0,0,3811866496,0.04102,0.00537,0.95020,0.95110,-0.00532,-0.00108,-0.00221,0.00586,0.95495,0.00386,0.00586,3,12113,0,6265,0.00000,0.00000,0.00000,0,0,nan,0,0,0,4297,187491,0,0,0.000,0.000,0.000,0,0.000,0.000,0.000,0,0,4,0,0
PPG,1,95229,3810711552,25,477,496,0.000,0.000,0.000,0,0,0,0,0.00,nan,4,3,1,nan,3,3,24,1,1,29,29,0,0,0,3811905021,0.03589,0.00220,0.95313,0.95380,-0.00585,0.00025,-0.00087,0.00592,0.95669,0.01255,0.00600,3,12139,0,6265,0.00000,0.00000,0.00000,0,0,nan,0,0,0,2596,187491,0,0,0.000,0.000,0.000,0,0.000,0.000,0.000,0,0,4,0,0
PPG,1,95230,3810751552,25,489,499,0.000,0.000,0.000,0,0,0,0,0.00,nan,4,3,1,nan,3,3,24,1,1,30,30,0,0,0,3811946119,0.03613,0.00293,0.95020,0.95089,-0.00718,-0.00055,-0.00247,0.00762,0.95089,0.00476,0.00762,3,12114,0,6265,0.00000,0.00000,0.00000,0,0,nan,0,0,0,2599,187491,0,0,0.000,0.000,0.000,0,0.000,0.000,0.000,0,0,4,0,0
PPG,1,95231,3810791552,26,485,505,0.000,0.000,0.000,0,0,0,0,0.00,nan,4,3,1,nan,3,3,24,1,1,31,31,0,0,0,3811987241,0.03467,0.00928,0.94580,0.94648,-0.00585,-0.00135,-0.00141,0.00617,0.95047,0.00399,0.00617,3,12125,0,6265,0.00000,0.00000,0.00000,0,0,nan,0,0,0,4302,187491,0,0,0.000,0.000,0.000,0,0.000,0.000,0.000,0,0,4,0,0
PPG,1,95232,3810831552,25,498,503,0.000,0.000,0.000,0,0,0,0,0.00,nan,4,3,1,nan,3,3,24,1,1,0,0,0,0,0,3812025837,0.03613,0.00659,0.94629,0.94700,-0.00558,-0.00081,-0.00141,0.00582,0.95892,0.01244,0.00719,3,12144,0,6265,0.00000,0.00000,0.00000,0,0,nan,0,0,0,2598,187491,0,0,0.000,0.000,0.000,0,0.000,0.000,0.000,0,0,4,0,0
PPG,1,95233,3810871552,25,496,514,0.000,0.000,0.000,0,0,0,0,0.00,nan,4,3,1,nan,3,3,24,1,1,1,1,0,0,0,3812066967,0.03540,0.00269,0.95142,0.95208,-0.00665,-0.00081,-0.00114,0.00680,0.95279,0.00297,0.00680,3,12120,0,6265,0.00000,0.00000,0.00000,0,0,nan,0,0,0,4306,187491,0,0,0.000,0.000,0.000,0,0.000,0.000,0.000,0,0,4,0,0
PPG,1,95234,3810911552,25,487,515,0.000,0.000,0.000,0,0,0,0,0.00,nan,4,3,1,nan,3,3,24,1,1,2,2,0,0,0,3812105516,0.03906,0.00635,0.95508,0.95590,-0.00505,-0.00028,-0.00167,0.00533,0.95590,0.00589,0.00634,3,12144,0,6265,0.00000,0.00000,0.00000,0,0,nan,0,0,0,2629,187491,0,0,0.000,0.000,0.000,0,0.000,0.000,0.000,0,0,4,0,0
PPG,1,95235,3810951552,26,479,500,0.000,0.000,0.000,0,0,0,0,0.00,nan,4,3,1,nan,3,3,24,1,1,3,3,0,0,0,3812146918,0.04199,0.00513,0.95166,0.95260,-0.00612,-0.00028,-0.00221,0.00651,0.95345,0.00245,0.00662,3,12108,0,6265,0.00000,0.00000,0.00000,0,0,nan,0,0,0,4305,187491,0,0,0.000,0.000,0.000,0,0.000,0.000,0.000,0,0,4,0,0
PPG,1,95236,3810991552,25,506,522,0.000,0.000,0.000,0,0,0,0,0.00,nan,4,3,1,nan,3,3,24,1,1,4,4,0,0,0,3812185496,0.04077,0.00928,0.95435,0.95526,-0.00585,-0.00001,-0.00141,0.00602,0.95526,0.00196,0.00711,3,12109,0,6265,0.00000,0.00000,0.00000,0,0,nan,0,0,0,2599,187491,0,0,0.000,0.000,0.000,0,0.000,0.000,0.000,0,0,4,0,0
PPG,1,95237,3811031552,26,491,506,0.000,0.000,0.000,0,0,0,0,0.00,nan,4,3,1,nan,3,3,24,1,1,5,5,0,0,0,3812226649,0.03857,0.00415,0.95410,0.95489,-0.00692,-0.00108,-0.00141,0.00714,0.95489,0.01062,0.00714,3,12135,0,6265,0.00000,0.00000,0.00000,0,0,nan,0,0,0,4316,187491,0,0,0.000,0.000,0.000,0,0.000,0.000,0.000,0,0,4,0,0
PPG,1,95238,3811071552,25,491,491,0.000,0.000,0.000,0,0,0,0,0.00,nan,4,3,1,nan,3,3,24,1,1,6,6,0,0,0,3812265240,0.03784,0.00537,0.95020,0.95096,-0.00558,-0.00108,-0.00167,0.00593,0.96091,0.00730,0.00625,3,12116,0,6265,0.00000,0.00000,0.00000,0,0,nan,0,0,0,2651,187491,0,0,0.000,0.000,0.000,0,0.000,0.000,0.000,0,0,4,0,0
PPG,1,95239,3811111552,25,493,504,0.000,0.000,0.000,0,0,0,0,0.00,nan,4,3,1,nan,3,3,24,1,1,7,7,0,0,0,3812306677,0.03906,0.00513,0.95068,0.95150,-0.00665,-0.00001,-0.00114,0.00675,0.95150,0.00185,0.00675,3,12254,0,6265,0.00000,0.00000,0.00000,0,0,nan,0,0,0,4361,187491,0,0,0.000,0.000,0.000,0,0.000,0.000,0.000,0,0,4,0,0
PPG,1,95240,3811151552,26,492,512,0.000,0.000,0.000,0,0,0,0,0.00,nan,4,3,1,nan,3,3,24,1,1,8,8,0,0,0,3812345589,0.03857,0.00366,0.95044,0.95123,-0.00558,-0.00081,-0.00167,0.00589,0.95386,0.00525,0.00592,3,12266,0,6265,0.00000,0.00000,0.00000,0,0,nan,0,0,0,2639,187491,0,0,0.000,0.000,0.000,0,0.000,0.000,0.000,0,0,4,0,0
PPG,1,95241,3811191552,25,498,505,0.000,0.000,0.000,0,0,0,0,0.00,nan,4,3,1,nan,3,3,24,1,1,9,9,0,0,0,3812387129,0.03882,0.00293,0.95117,0.95197,-0.00612,-0.00055,-0.00194,0.00644,0.95609,0.00539,0.00644,3,12256,0,6265,0.00000,0.00000,0.00000,0,0,nan,0,0,0,4334,187491,0,0,0.000,0.000,0.000,0,0.000,0.000,0.000,0,0,4,0,0
PPG,1,95242,3811231552,26,490,508,0.000,0.000,0.000,0,0,0,0,0.00,nan,4,3,1,nan,3,3,24,1,1,10,10,0,0,0,3812425985,0.03467,0.00513,0.94824,0.94889,-0.00585,-0.00081,-0.00194,0.00622,0.94889,0.00570,0.00638,3,12282,0,6265,0.00000,0.00000,0.00000,0,0,nan,0,0,0,2632,187491,0,0,0.000,0.000,0.000,0,0.000,0.000,0.000,0,0,4,0,0
PPG,1,95243,3811271552,25,504,520,0.000,0.000,0.000,0,0,0,0,0.00,nan,4,3,1,nan,3,3,24,1,1,11,11,0,0,0,3812467514,0.04126,0.00391,0.95239,0.95329,-0.00585,-0.00028,-0.00114,0.00597,0.95384,0.00496,0.00632,3,12253,0,6265,0.00000,0.00000,0.00000,0,0,nan,0,0,0,4335,187491,0,0,0.000,0.000,0.000,0,0.000,0.000,0.000,0,0,4,0,0
PPG,1,95244,3811311552,26,492,507,0.000,0.000,0.000,0,0,0,0,0.00,nan,4,3,1,nan,3,3,24,1,1,12,12,0,0,0,3812506412,0.04126,0.00806,0.95264,0.95356,-0.00638,-0.00001,-0.00167,0.00660,0.95356,0.00353,0.00660,3,12265,0,6265,0.00000,0.00000,0.00000,0,0,nan,0,0,0,2637,187491,0,0,0.000,0.000,0.000,0,0.000,0.000,0.000,0,0,4,0,0
PPG,1,95245,3811351552,33,490,508,0.000,0.000,0.000,0,0,0,0,0.00,nan,4,3,1,nan,3,3,24,1,1,13,13,0,0,0,3812548064,0.04150,0.00537,0.94922,0.95014,-0.00558,-0.00081,-0.00167,0.00589,0.95361,0.00691,0.00636,3,12257,0,6265,0.00000,0.00000,0.00000,0,0,nan,0,0,0,4345,187491,0,0,0.000,0.000,0.000,0,0.000,0.000,0.000,0,0,4,0,0
PPG,1,95246,3811391552,24,495,514,0.000,0.000,0.000,0,0,0,0,0.00,nan,4,3,1,nan,3,3,24,1,1,14,14,0,0,0,3812591168,0.03662,0.00684,0.95215,0.95288,-0.00558,-0.00028,-0.00167,0.00584,0.95667,0.00452,0.00651,3,16483,0,6265,0.00000,0.00000,0.00000,0,0,nan,0,0,0,16416,187491,0,0,0.000,0.000,0.000,0,0.000,0.000,0.000,0,0,4,0,0
PPG,1,95247,3811431552,26,489,493,0.000,0.000,0.000,0,0,0,0,0.00,nan,4,3,1,nan,3,3,24,1,1,15,15,0,0,0,3812627611,0.04077,0.00537,0.94263,0.94352,-0.00638,-0.00108,-0.00141,0.00663,0.95523,0.01171,0.00686,3,12307,0,6265,0.00000,0.00000,0.00000,0,0,nan,0,0,0,4335,187491,0,0,0.000,0.000,0.000,0,0.000,0.000,0.000,0,0,4,0,0
PPG,1,95248,3811471552,26,498,509,0.000,0.000,0.000,0,0,0,0,0.00,nan,4,3,1,nan,3,3,24,1,1,16,16,0,0,0,3812666410,0.03906,0.00488,0.95044,0.95125,-0.00558,-0.00135,-0.00061,0.00578,0.95489,0.01136,0.00639,3,12220,0,6265,0.00000,0.00000,0.00000,0,0,nan,0,0,0,2633,187491,0,0,0.000,0.000,0.000,0,0.000,0.000,0.000,0,0,4,0,0
PPG,1,95249,3811511552,27,488,502,0.000,0.000,0.000,0,0,0,0,0.00,nan,4,3,1,nan,3,3,24,1,1,17,17,0,0,0,3812707913,0.03662,0.00586,0.94922,0.94994,-0.00612,-0.00108,-0.00194,0.00651,0.95357,0.00363,0.00651,3,12252,0,6265,0.00000,0.00000,0.00000,0,0,nan,0,0,0,4338,187491,0,0,0.000,0.000,0.000,0,0.000,0.000,0.000,0,0,4,0,0
PPG,1,95250,3811551552,26,496,509,0.000,0.000,0.000,0,0,0,0,0.00,nan,4,3,1,nan,3,3,24,1,1,18,18,0,0,0,3812746773,0.03589,0.00439,0.95044,0.95113,-0.00612,-0.00028,-0.00221,0.00651,0.95671,0.00854,0.00658,3,12240,0,6265,0.00000,0.00000,0.00000,0,0,nan,0,0,0,4337,187491,0,0,0.000,0.000,0.000,0,0.000,0.000,0.000,0,0,4,0,0
PPG,1,95251,3811591552,25,486,508,0.000,0.000,0.000,0,0,0,0,0.00,nan,4,3,1,nan,3,3,24,1,1,19,19,0,0,0,3812785555,0.03784,0.00513,0.95239,0.95316,-0.00585,-0.00081,-0.00114,0.00602,0.95325,0.00403,0.00688,3,12182,0,6265,0.00000,0.00000,0.00000,0,0,nan,0,0,0,2622,187491,0,0,0.000,0.000,0.000,0,0.000,0.000,0.000,0,0,4,0,0
PPG,1,95252,3811631552,26,497,514,0.000,0.000,0.000,0,0,0,0,0.00,nan,4,3,1,nan,3,3,24,1,1,20,20,0,0,0,3812827046,0.03760,0.00269,0.95337,0.95411,-0.00532,0.00052,-0.00114,0.00546,0.95411,0.00450,0.00546,3,12275,0,6265,0.00000,0.00000,0.00000,0,0,nan,0,0,0,4347,187491,0,0,0.000,0.000,0.000,0,0.000,0.000,0.000,0,0,4,0,0
PPG,1,95253,3811671552,25,494,514,0.000,0.000,0.000,0,0,0,0,0.00,nan,4,3,1,nan,3,3,24,1,1,21,21,0,0,0,3812865934,0.04004,0.00488,0.95190,0.95276,-0.00612,-0.00055,-0.00061,0.00617,0.95276,0.00639,0.00654,3,12268,0,6265,0.00000,0.00000,0.00000,0,0,nan,0,0,0,2622,187491,0,0,0.000,0.000,0.000,0,0.000,0.000,0.000,0,0,4,0,0
PPG,1,95254,3811711552,37,493,502,0.000,0.000,0.000,0,0,0,0,0.00,nan,4,3,1,nan,3,3,24,1,1,22,22,0,0,0,3812907372,0.03735,0.00586,0.94971,0.95046,-0.00612,0.00025,-0.00114,0.00623,0.95083,0.00389,0.00726,3,12216,0,6265,0.00000,0.00000,0.00000,0,0,nan,0,0,0,4365,187491,0,0,0.000,0.000,0.000,0,0.000,0.000,0.000,0,0,4,0,0
PPG,1,95255,3811751552,25,488,510,0.000,0.000,0.000,0,0,0,0,0.00,nan,4,3,1,nan,3,3,24,1,1,23,23,0,0,0,3812946255,0.03638,0.00952,0.95801,0.95875,-0.00612,-0.00055,-0.00114,0.00625,0.95875,0.01134,0.00701,3,12199,0,6265,0.00000,0.00000,0.00000,0,0,nan,0,0,0,2650,187491,0,0,0.000,0.000,0.000,0,0.000,0.000,0.000,0,0,4,0,0
PPG,1,95256,3811791552,25,486,514,0.000,0.000,0.000,0,0,0,0,0.00,nan,4,3,1,nan,3,3,24,1,1,24,24,0,0,0,3812987531,0.03784,0.00293,0.95190,0.95266,-0.00638,-0.00001,-0.00194,0.00667,0.95389,0.01433,0.00746,3,12148,0,6265,0.00000,0.00000,0.00000,0,0,nan,0,0,0,4294,187491,0,0,0.000,0.000,0.000,0,0.000,0.000,0.000,0,0,4,0,0
PPG,1,95257,3811831552,37,502,504,0.000,0.000,0.000,0,0,0,0,0.00,nan,4,3,1,nan,3,3,24,1,1,25,25,0,0,0,3813026030,0.04150,0.00586,0.94995,0.95088,-0.00505,-0.00108,-0.00300,0.00598,0.95223,0.00110,0.00651,3,12111,0,6265,0.00000,0.00000,0.00000,0,0,nan,0,0,0,2631,187491,0,0,0.000,0.000,0.000,0,0.000,0.000,0.000,0,0,4,0,0
PPG,1,95258,3811871552,25,497,518,0.000,0.000,0.000,0,0,0,0,0.00,nan,4,3,1,nan,3,3,24,1,1,26,26,0,0,0,3813067338,0.04077,0.00635,0.94824,0.94914,-0.00558,-0.00135,-0.00114,0.00586,0.95494,0.00580,0.00586,3,12117,0,6265,0.00000,0.00000,0.00000,0,0,nan,0,0,0,4305,187491,0,0,0.000,0.000,0.000,0,0.000,0.000,0.000,0,0,4,0,0
PPG,1,95259,3811911552,25,492,501,0.000,0.000,0.000,0,0,0,0,0.00,nan,4,3,1,nan,3,3,24,1,1,27,27,0,0,0,3813105861,0.03906,0.00781,0.95337,0.95420,-0.00585,-0.00055,-0.00167,0.00611,0.96135,0.01539,0.00679,3,12114,0,6265,0.00000,0.00000,0.00000,0,0,nan,0,0,0,2596,187491,0,0,0.000,0.000,0.000,0,0.000,0.000,0.000,0,0,4,0,0
PPG,1,95260,3811951552,25,494,505,0.000,0.000,0.000,0,0,0,0,0.00,nan,4,3,1,nan,3,3,24,1,1,28,28,0,0,0,3813147013,0.03882,0.00293,0.95508,0.95587,-0.00505,-0.00028,-0.00221,0.00552,0.95587,0.00753,0.00623,3,12107,0,6265,0.00000,0.00000,0.00000,0,0,nan,0,0,0,4297,187491,0,0,0.000,0.000,0.000,0,0.000,0.000,0.000,0,0,4,0,0
PPG,1,95261,3811991552,25,506,511,0.000,0.000,0.000,0,0,0,0,0.00,nan,4,3,1,nan,3,3,24,1,1,29,29,0,0,0,3813185553,0.04175,0.00000,0.94678,0.94770,-0.00692,-0.00001,-0.00221,0.00726,0.95674,0.00797,0.00726,3,12122,0,6265,0.00000,0.00000,0.00000,0,0,nan,0,0,0,2601,187491,0,0,0.000,0.000,0.000,0,0.000,0.000,0.000,0,0,4,0,0
PPG,1,95262,3812031552,25,496,509,0.000,0.000,0.000,0,0,0,0,0.00,nan,4,3,1,nan,3,3,24,1,1,30,30,0,0,0,3813226660,0.03589,0.00610,0.95386,0.95455,-0.00532,-0.00108,-0.00167,0.00568,0.95839,0.01069,0.00578,3,12124,0,6265,0.00000,0.00000,0.00000,0,0,nan,0,0,0,4300,187491,0,0,0.000,0.000,0.000,0,0.000,0.000,0.000,0,0,4,0,0
PPG,1,95263,3812071552,25,491,519,0.000,0.000,0.000,0,0,0,0,0.00,nan,4,3,1,nan,3,3,24,1,1,31,31,0,0,0,3813265241,0.03882,0.00439,0.95117,0.95197,-0.00585,-0.00028,-0.00247,0.00636,0.95484,0.00286,0.00659,3,12119,0,6265,0.00000,0.00000,0.00000,0,0,nan,0,0,0,2601,187491,0,0,0.000,0.000,0.000,0,0.000,0.000,0.000,0,0,4,0,0
PPG,1,95264,3812111552,25,479,499,0.000,0.000,0.000,0,0,0,0,0.00,nan,4,3,1,nan,3,3,24,1,1,0,0,0,0,0,3813306374,0.03955,0.00464,0.94995,0.95079,-0.00558,-0.00055,-0.00141,0.00578,0.95417,0.00338,0.00643,3,12117,0,6265,0.00000,0.00000,0.00000,0,0,nan,0,0,0,2598,187491,0,0,0.000,0.000,0.000,0,0.000,0.000,0.000,0,0,4,0,0
PPG,1,95265,3812151552,25,486,503,0.000,0.000,0.000,0,0,0,0,0.00,nan,4,3,1,nan,3,3,24,1,1,1,1,0,0,0,3813347540,0.03760,0.00757,0.95264,0.95341,-0.00585,0.00025,-0.00114,0.00597,0.95347,0.00268,0.00677,3,12147,0,6265,0.00000,0.00000,0.00000,0,0,nan,0,0,0,4295,187491,0,0,0.000,0.000,0.000,0,0.000,0.000,0.000,0,0,4,0,0
PPG,1,95266,3812191552,25,500,510,0.000,0.000,0.000,0,0,0,0,0.00,nan,4,3,1,nan,3,3,24,1,1,2,2,0,0,0,3813386035,0.03345,0.00317,0.94824,0.94884,-0.00558,-0.00055,-0.00167,0.00586,0.95012,0.00604,0.00635,3,12113,0,6265,0.00000,0.00000,0.00000,0,0,nan,0,0,0,2600,187491,0,0,0.000,0.000,0.000,0,0.000,0.000,0.000,0,0,4,0,0
PPG,1,95267,3812231552,25,500,523,0.000,0.000,0.000,0,0,0,0,0.00,nan,4,3,1,nan,3,3,24,1,1,3,3,0,0,0,3813427153,0.03833,0.00415,0.94360,0.94439,-0.00532,-0.00108,-0.00247,0.00596,0.95816,0.00932,0.00662,3,12121,0,6265,0.00000,0.00000,0.00000,0,0,nan,0,0,0,4304,187491,0,0,0.000,0.000,0.000,0,0.000,0.000,0.000,0,0,4,0,0
PPG,1,95268,3812271552,25,502,512,0.000,0.000,0.000,0,0,0,0,0.00,nan,4,3,1,nan,3,3,24,1,1,4,4,0,0,0,3813465719,0.04297,0.00708,0.95068,0.95168,-0.00558,-0.00055,-0.00194,0.00594,0.95168,0.00363,0.00654,3,12129,0,6265,0.00000,0.00000,0.00000,0,0,nan,0,0,0,2604,187491,0,0,0.000,0.000,0.000,0,0.000,0.000,0.000,0,0,4,0,0
PPG,1,95269,3812311552,25,480,497,0.000,0.000,0.000,0,0,0,0,0.00,nan,4,3,1,nan,3,3,24,1,1,5,5,0,0,0,3813506832,0.04077,0.00610,0.95728,0.95816,-0.00558,-0.00028,-0.00221,0.00601,0.95816,0.00505,0.00744,3,12120,0,6265,0.00000,0.00000,0.00000,0,0,nan,0,0,0,4303,187491,0,0,0.000,0.000,0.000,0,0.000,0.000,0.000,0,0,4,0,0
PPG,1,95270,3812351552,25,497,494,0.000,0.000,0.000,0,0,0,0,0.00,nan,4,3,1,nan,3,3,24,1,1,6,6,0,0,0,3813545413,0.03833,0.00708,0.95288,0.95368,-0.00745,-0.00055,-0.00087,0.00752,0.95368,0.00904,0.00752,3,12169,0,6265,0.00000,0.00000,0.00000,0,0,nan,0,0,0,2594,187491,0,0,0.000,0.000,0.000,0,0.000,0.000,0.000,0,0,4,0,0
PPG,1,95271,3812391552,24,502,506,0.000,0.000,0.000,0,0,0,0,0.00,nan,4,3,1,nan,3,3,24,1,1,7,7,0,0,0,3813593232,0.03760,0.00903,0.95508,0.95586,-0.00692,-0.00055,0.00019,0.00694,0.95586,0.00324,0.00694,3,18819,0,6265,0.00000,0.00000,0.00000,0,0,nan,0,0,0,14463,187491,0,0,0.000,0.000,0.000,0,0.000,0.000,0.000,0,0,4,0,0
PPG,1,95272,3812431552,24,493,514,0.000,0.000,0.000,0,0,0,0,0.00,nan,4,3,1,nan,3,3,24,1,1,8,8,0,0,0,3813631836,0.03564,0.00659,0.94604,0.94674,-0.00505,-0.00081,-0.00167,0.00538,0.95108,0.00754,0.00679,3,12124,0,6265,0.00000,0.00000,0.00000,0,0,nan,0,0,0,2586,187491,0,0,0.000,0.000,0.000,0,0.000,0.000,0.000,0,0,4,0,0
PPG,1,95273,3812471552,24,498,498,0.000,0.000,0.000,0,0,0,0,0.00,nan,4,3,1,nan,3,3,24,1,1,9,9,0,0,0,3813670360,0.03857,0.00635,0.94751,0.94832,-0.00558,-0.00135,-0.00221,0.00615,0.94929,0.00200,0.00615,3,12121,0,6265,0.00000,0.00000,0.00000,0,0,nan,0,0,0,2586,187491,0,0,0.000,0.000,0.000,0,0.000,0.000,0.000,0,0,4,0,0
PPG,1,95274,3812511552,25,498,515,0.000,0.000,0.000,0,0,0,0,0.00,nan,4,3,1,nan,3,3,24,1,1,10,10,0,0,0,3813708880,0.03613,0.00635,0.94653,0.94724,-0.00558,0.00025,-0.00221,0.00601,0.95300,0.00576,0.00618,3,12116,0,6265,0.00000,0.00000,0.00000,0,0,nan,0,0,0,4300,187491,0,0,0.000,0.000,0.000,0,0.000,0.000,0.000,0,0,4,0,0
PPG,1,95275,3812551552,25,470,491,0.000,0.000,0.000,0,0,0,0,0.00,nan,4,3,1,nan,3,3,24,1,1,11,11,0,0,0,3813747438,0.03931,0.00977,0.95020,0.95106,-0.00612,-0.00055,-0.00221,0.00653,0.95762,0.00656,0.00653,3,12144,0,6265,0.00000,0.00000,0.00000,0,0,nan,0,0,0,4328,187491,0,0,0.000,0.000,0.000,0,0.000,0.000,0.000,0,0,4,0,0
PPG,1,95276,3812591552,25,490,506,0.000,0.000,0.000,0,0,0,0,0.00,nan,4,3,1,nan,3,3,24,1,1,12,12,0,0,0,3813785975,0.04028,0.00708,0.94727,0.94815,-0.00665,-0.00108,-0.00221,0.00709,0.95663,0.00848,0.00719,3,12125,0,6265,0.00000,0.00000,0.00000,0,0,nan,0,0,0,2600,187491,0,0,0.000,0.000,0.000,0,0.000,0.000,0.000,0,0,4,0,0
PPG,1,95277,3812631552,25,495,507,0.000,0.000,0.000,0,0,0,0,0.00,nan,4,3,1,nan,3,3,24,1,1,13,13,0,0,0,3813827111,0.03760,0.00732,0.94531,0.94609,-0.00505,-0.00001,-0.00114,0.00518,0.95685,0.00870,0.00562,3,12127,0,6265,0.00000,0.00000,0.00000,0,0,nan,0,0,0,4298,187491,0,0,0.000,0.000,0.000,0,0.000,0.000,0.000,0,0,4,0,0
PPG,1,95278,3812671552,25,498,510,0.000,0.000,0.000,0,0,0,0,0.00,nan,4,3,1,nan,3,3,24,1,1,14,14,0,0,0,3813865718,0.03711,0.00391,0.95508,0.95581,-0.00585,-0.00081,-0.00194,0.00622,0.95988,0.00981,0.00628,3,12129,0,6265,0.00000,0.00000,0.00000,0,0,nan,0,0,0,2605,187491,0,0,0.000,0.000,0.000,0,0.000,0.000,0.000,0,0,4,0,0
PPG,1,95279,3812711552,25,487,506,0.000,0.000,0.000,0,0,0,0,0.00,nan,4,3,1,nan,3,3,24,1,1,15,15,0,0,0,3813906852,0.03491,0.00781,0.94995,0.95062,-0.00585,-0.00055,-0.00194,0.00619,0.95205,0.00893,0.00710,3,12129,0,6265,0.00000,0.00000,0.00000,0,0,nan,0,0,0,4297,187491,0,0,0.000,0.000,0.000,0,0.000,0.000,0.000,0,0,4,0,0
PPG,1,95280,3812751552,25,492,492,0.000,0.000,0.000,0,0,0,0,0.00,nan,4,3,1,nan,3,3,24,1,1,16,16,0,0,0,3813945377,0.03564,0.00610,0.95361,0.95430,-0.00558,0.00052,-0.00141,0.00578,0.95550,0.00467,0.00611,3,12115,0,6265,0.00000,0.00000,0.00000,0,0,nan,0,0,0,2594,187491,0,0,0.000,0.000,0.000,0,0.000,0.000,0.000,0,0,4,0,0
PPG,1,95281,3812791552,25,489,503,0.000,0.000,0.000,0,0,0,0,0.00,nan,4,3,1,nan,3,3,24,1,1,17,17,0,0,0,3813986961,0.04150,0.00806,0.95264,0.95357,-0.00505,-0.00081,-0.00167,0.00538,0.95357,0.00697,0.00538,3,12336,0,6265,0.00000,0.00000,0.00000,0,0,nan,0,0,0,4301,187491,0,0,0.000,0.000,0.000,0,0.000,0.000,0.000,0,0,4,0,0
PPG,1,95282,3812831552,25,484,508,0.000,0.000,0.000,0,0,0,0,0.00,nan,4,3,1,nan,3,3,24,1,1,18,18,0,0,0,3814025654,0.04028,0.00610,0.94824,0.94912,-0.00638,-0.00028,-0.00167,0.00661,0.95493,0.01075,0.00661,3,12128,0,6265,0.00000,0.00000,0.00000,0,0,nan,0,0,0,2607,187491,0,0,0.000,0.000,0.000,0,0.000,0.000,0.000,0,0,4,0,0
PPG,1,95283,3812871552,25,495,526,0.000,0.000,0.000,0,0,0,0,0.00,nan,4,3,1,nan,3,3,24,1,1,19,19,0,0,0,3814067253,0.04102,0.00513,0.94922,0.95012,-0.00585,-0.00055,-0.00221,0.00628,0.95939,0.01027,0.00628,3,12294,0,6265,0.00000,0.00000,0.00000,0,0,nan,0,0,0,4346,187491,0,0,0.000,0.000,0.000,0,0.000,0.000,0.000,0,0,4,0,0
PPG,1,95284,3812911552,25,488,515,0.000,0.000,0.000,0,0,0,0,0.00,nan,4,3,1,nan,3,3,24,1,1,20,20,0,0,0,3814106115,0.04102,0.00562,0.94995,0.95085,-0.00585,-0.00108,-0.00167,0.00618,0.95622,0.00537,0.00623,3,12258,0,6265,0.00000,0.00000,0.00000,0,0,nan,0,0,0,2654,187491,0,0,0.000,0.000,0.000,0,0.000,0.000,0.000,0,0,4,0,0
PPG,1,95285,3812951552,26,501,510,0.000,0.000,0.000,0,0,0,0,0.00,nan,4,3,1,nan,3,3,24,1,1,21,21,0,0,0,3814147662,0.03784,0.00684,0.95386,0.95463,-0.00558,0.00025,-0.00194,0.00592,0.95463,0.00342,0.00628,3,12255,0,6265,0.00000,0.00000,0.00000,0,0,nan,0,0,0,4319,187491,0,0,0.000,0.000,0.000,0,0.000,0.000,0.000,0,0,4,0,0
PPG,1,95286,3812991552,26,496,509,0.000,0.000,0.000,0,0,0,0,0.00,nan,4,3,1,nan,3,3,24,1,1,22,22,0,0,0,3814186570,0.04053,0.00586,0.95142,0.95230,-0.00612,-0.00108,-0.00194,0.00651,0.95488,0.00695,0.00651,3,12265,0,6265,0.00000,0.00000,0.00000,0,0,nan,0,0,0,2635,187491,0,0,0.000,0.000,0.000,0,0.000,0.000,0.000,0,0,4,0,0
PPG,1,95287,3813031552,26,491,505,0.000,0.000,0.000,0,0,0,0,0.00,nan,4,3,1,nan,3,3,24,1,1,23,23,0,0,0,3814228111,0.04175,0.00366,0.95166,0.95258,-0.00638,-0.00028,-0.00167,0.00661,0.95258,0.00479,0.00661,3,12222,0,6265,0.00000,0.00000,0.00000,0,0,nan,0,0,0,4345,187491,0,0,0.000,0.000,0.000,0,0.000,0.000,0.000,0,0,4,0,0
PPG,1,95288,3813071552,25,492,508,0.000,0.000,0.000,0,0,0,0,0.00,nan,4,3,1,nan,3,3,24,1,1,24,24,0,0,0,3814267017,0.03711,0.00586,0.94971,0.95045,-0.00612,-0.00081,-0.00194,0.00647,0.95045,0.00844,0.00647,3,12281,0,6265,0.00000,0.00000,0.00000,0,0,nan,0,0,0,4331,187491,0,0,0.000,0.000,0.000,0,0.000,0.000,0.000,0,0,4,0,0
PPG,1,95289,3813111552,25,494,508,0.000,0.000,0.000,0,0,0,0,0.00,nan,4,3,1,nan,3,3,24,1,1,25,25,0,0,0,3814305847,0.03735,0.00513,0.94849,0.94924,-0.00505,0.00052,-0.00194,0.00544,0.95465,0.00420,0.00688,3,12227,0,6265,0.00000,0.00000,0.00000,0,0,nan,0,0,0,2610,187491,0,0,0.000,0.000,0.000,0,0.000,0.000,0.000,0,0,4,0,0
PPG,1,95290,3813151552,30,491,516,0.000,0.000,0.000,0,0,0,0,0.00,nan,4,3,1,nan,3,3,24,1,1,26,26,0,0,0,3814347322,0.04028,0.00684,0.95581,0.95668,-0.00585,-0.00081,-0.00194,0.00622,0.95668,0.00788,0.00622,3,12247,0,6265,0.00000,0.00000,0.00000,0,0,nan,0,0,0,4345,187491,0,0,0.000,0.000,0.000,0,0.000,0.000,0.000,0,0,4,0,0
PPG,1,95291,3813191552,25,494,508,0.000,0.000,0.000,0,0,0,0,0.00,nan,4,3,1,nan,3,3,24,1,1,27,27,0,0,0,3814386161,0.03760,0.00024,0.94873,0.94948,-0.00665,-0.00081,-0.00034,0.00671,0.95564,0.00659,0.00705,3,12201,0,6265,0.00000,0.00000,0.00000,0,0,nan,0,0,0,2629,187491,0,0,0.000,0.000,0.000,0,0.000,0.000,0.000,0,0,4,0,0
PPG,1,95292,3813231552,25,498,517,0.000,0.000,0.000,0,0,0,0,0.00,nan,4,3,1,nan,3,3,24,1,1,28,28,0,0,0,3814427589,0.03638,0.00562,0.95508,0.95579,-0.00532,-0.00001,-0.00061,0.00535,0.95579,0.00722,0.00626,3,12229,0,6265,0.00000,0.00000,0.00000,0,0,nan,0,0,0,4338,187491,0,0,0.000,0.000,0.000,0,0.000,0.000,0.000,0,0,4,0,0
PPG,1,95293,3813271552,25,490,505,0.000,0.000,0.000,0,0,0,0,0.00,nan,4,3,1,nan,3,3,24,1,1,29,29,0,0,0,3814466468,0.03906,0.00464,0.95435,0.95516,-0.00558,-0.00081,-0.00114,0.00576,0.95516,0.00150,0.00650,3,12279,0,6265,0.00000,0.00000,0.00000,0,0,nan,0,0,0,2631,187491,0,0,0.000,0.000,0.000,0,0.000,0.000,0.000,0,0,4,0,0
PPG,1,95294,3813311552,26,487,505,0.000,0.000,0.000,0,0,0,0,0.00,nan,4,3,1,nan,3,3,24,1,1,30,30,0,0,0,3814507936,0.03955,0.00635,0.95166,0.95250,-0.00612,-0.00055,-0.00061,0.00617,0.95347,0.00169,0.00749,3,12239,0,6265,0.00000,0.00000,0.00000,0,0,nan,0,0,0,4326,187491,0,0,0.000,0.000,0.000,0,0.000,0.000,0.000,0,0,4,0,0
PPG,1,95295,3813351552,25,494,506,0.000,0.000,0.000,0,0,0,0,0.00,nan,4,3,1,nan,3,3,24,1,1,31,31,0,0,0,3814546773,0.04077,0.00366,0.95044,0.95132,-0.00558,-0.00055,-0.00221,0.00603,0.95132,0.00347,0.00682,3,12239,0,6265,0.00000,0.00000,0.00000,0,0,nan,0,0,0,4344,187491,0,0,0.000,0.000,0.000,0,0.000,0.000,0.000,0,0,4,0,0
PPG,1,95296,3813391552,24,489,513,0.000,0.000,0.000,0,0,0,0,0.00,nan,4,3,1,nan,3,3,24,1,1,0,0,0,0,0,3814595029,0.04102,0.00269,0.94824,0.94913,-0.00532,-0.00108,-0.00194,0.00576,0.95518,0.00637,0.00676,3,21594,0,6266,0.00000,0.00000,0.00000,0,0,nan,0,0,0,14566,187491,0,0,0.000,0.000,0.000,0,0.000,0.000,0.000,0,0,4,0,0
PPG,1,95297,3813431552,28,490,509,0.000,0.000,0.000,0,0,0,0,0.00,nan,4,3,1,nan,3,3,24,1,1,1,1,0,0,0,3814621696,0.04150,0.00488,0.95361,0.95453,-0.00558,-0.00001,-0.00114,0.00570,0.95453,0.00293,0.00582,2,12265,0,6266,0.00000,0.00000,0.00000,0,0,nan,0,0,0,2615,187491,0,0,0.000,0.000,0.000,0,0.000,0.000,0.000,0,0,4,0,0
PPG,1,95298,3813471552,25,499,499,0.000,0.000,0.000,0,0,0,0,0.00,nan,4,3,1,nan,3,3,24,1,1,2,2,0,0,0,3814665749,0.03882,0.00830,0.95508,0.95590,-0.00532,-0.00055,-0.00114,0.00547,0.95590,0.00719,0.00612,3,12183,0,6266,0.00000,0.00000,0.00000,0,0,nan,0,0,0,2620,187491,0,0,0.000,0.000,0.000,0,0.000,0.000,0.000,0,0,4,0,0
PPG,1,95299,3813511552,27,490,520,0.000,0.000,0.000,0,0,0,0,0.00,nan,4,3,1,nan,3,3,24,1,1,3,3,0,0,0,3814707022,0.04077,0.00415,0.95386,0.95474,-0.00585,-0.00135,-0.00114,0.00611,0.95474,0.00457,0.00693,3,12113,0,6266,0.00000,0.00000,0.00000,0,0,nan,0,0,0,4299,187491,0,0,0.000,0.000,0.000,0,0.000,0.000,0.000,0,0,4,0,0
PPG,1,95300,3813551552,25,493,504,0.000,0.000,0.000,0,0,0,0,0.00,nan,4,3,1,nan,3,3,24,1,1,4,4,0,0,0,3814745607,0.03931,0.00806,0.95190,0.95275,-0.00612,-0.00081,-0.00114,0.00628,0.95275,0.00537,0.00724,3,12129,0,6266,0.00000,0.00000,0.00000,0,0,nan,0,0,0,2604,187491,0,0,0.000,0.000,0.000,0,0.000,0.000,0.000,0,0,4,0,0
PPG,1,95301,3813591552,25,495,506,0.000,0.000,0.000,0,0,0,0,0.00,nan,4,3,1,nan,3,3,24,1,1,5,5,0,0,0,3814786807,0.03931,0.00854,0.95410,0.95495,-0.00585,-0.00055,-0.00194,0.00619,0.95495,0.00546,0.00619,3,12162,0,6266,0.00000,0.00000,0.00000,0,0,nan,0,0,0,4303,187491,0,0,0.000,0.000,0.000,0,0.000,0.000,0.000,0,0,4,0,0
PPG,1,95302,3813631552,25,499,506,0.000,0.000,0.000,0,0,0,0,0.00,nan,4,3,1,nan,3,3,24,1,1,6,6,0,0,0,3814825352,0.03906,0.00439,0.94897,0.94979,-0.00585,-0.00028,-0.00194,0.00617,0.95073,0.00494,0.00617,3,12125,0,6266,0.00000,0.00000,0.00000,0,0,nan,0,0,0,2600,187491,0,0,0.000,0.000,0.000,0,0.000,0.000,0.000,0,0,4,0,0
PPG,1,95303,3813671552,25,480,510,0.000,0.000,0.000,0,0,0,0,0.00,nan,4,3,1,nan,3,3,24,1,1,7,7,0,0,0,3814866480,0.03711,0.00562,0.94702,0.94776,-0.00532,0.00052,-0.00194,0.00568,0.95200,0.00531,0.00662,3,12122,0,6266,0.00000,0.00000,0.00000,0,0,nan,0,0,0,2597,187491,0,0,0.000,0.000,0.000,0,0.000,0.000,0.000,0,0,4,0,0
PPG,1,95304,3813711552,25,481,497,0.000,0.000,0.000,0,0,0,0,0.00,nan,4,3,1,nan,3,3,24,1,1,8,8,0,0,0,3814942984,0.03931,0.00684,0.95605,0.95689,-0.00558,-0.00055,-0.00141,0.00578,0.95689,0.00989,0.00654,2,59593,0,6270,0.00000,0.00000,0.00000,0,0,nan,0,0,0,59625,187491,0,0,0.000,0.000,0.000,0,0.000,0.000,0.000,0,0,4,0,0
PPG,1,95305,3813751552,25,482,507,0.000,0.000,0.000,0,0,0,0,0.00,nan,4,3,1,nan,3,3,24,1,1,9,9,0,0,0,3814942984,0.03931,0.00684,0.95605,0.95689,-0.00558,-0.00055,-0.00141,0.00578,0.00000,0.00000,0.00000,0,59593,0,6270,0.00000,0.00000,0.00000,0,0,nan,0,0,0,11672,187491,0,0,0.000,0.000,0.000,0,0.000,0.000,0.000,0,0,4,0,0
PPG,1,95306,3813791552,25,495,508,0.000,0.000,0.000,0,0,0,0,0.00,nan,4,3,1,nan,3,3,24,1,1,10,10,0,0,0,3814988912,0.04028,0.00513,0.95093,0.95179,-0.00532,-0.00028,-0.00087,0.00540,0.95293,0.00493,0.00644,3,12143,0,6271,0.00000,0.00000,0.00000,0,0,nan,0,0,0,4297,187491,0,0,0.000,0.000,0.000,0,0.000,0.000,0.000,0,0,4,0,0
PPG,1,95307,3813831552,25,496,515,0.000,0.000,0.000,0,0,0,0,0.00,nan,4,3,1,nan,3,3,24,1,1,11,11,0,0,0,3815027432,0.03979,0.00317,0.94873,0.94957,-0.00638,-0.00055,-0.00141,0.00656,0.95059,0.00131,0.00656,3,12122,0,6271,0.00000,0.00000,0.00000,0,0,nan,0,0,0,4301,187491,0,0,0.000,0.000,0.000,0,0.000,0.000,0.000,0,0,4,0,0
PPG,1,95308,3813871552,26,493,515,0.000,0.000,0.000,0,0,0,0,0.00,nan,4,3,1,nan,3,3,24,1,1,12,12,0,0,0,3815065971,0.04248,0.00171,0.95093,0.95188,-0.00532,-0.00081,-0.00194,0.00572,0.95411,0.00566,0.00662,3,12134,0,6271,0.00000,0.00000,0.00000,0,0,nan,0,0,0,2599,187491,0,0,0.000,0.000,0.000,0,0.000,0.000,0.000,0,0,4,0,0
PPG,1,95309,3813911552,35,474,499,0.000,0.000,0.000,0,0,0,0,0.00,nan,4,3,1,nan,3,3,24,1,1,13,13,0,0,0,3815107118,0.04395,0.00464,0.95093,0.95195,-0.00585,-0.00108,-0.00034,0.00596,0.95674,0.00840,0.00596,3,12131,0,6271,0.00000,0.00000,0.00000,0,0,nan,0,0,0,4298,187491,0,0,0.000,0.000,0.000,0,0.000,0.000,0.000,0,0,4,0,0
PPG,1,95310,3813951552,25,488,496,0.000,0.000,0.000,0,0,0,0,0.00,nan,4,3,1,nan,3,3,24,1,1,14,14,0,0,0,3815145648,0.03564,0.00562,0.94995,0.95064,-0.00612,0.00025,-0.00141,0.00628,0.95504,0.00309,0.00628,3,12125,0,6271,0.00000,0.00000,0.00000,0,0,nan,0,0,0,2625,187491,0,0,0.000,0.000,0.000,0,0.000,0.000,0.000,0,0,4,0,0
PPG,1,95311,3813991552,25,494,505,0.000,0.000,0.000,0,0,0,0,0.00,nan,4,3,1,nan,3,3,24,1,1,15,15,0,0,0,3815186847,0.04053,0.00391,0.95264,0.95351,-0.00692,-0.00108,-0.00141,0.00714,0.95413,0.01032,0.00714,3,12172,0,6271,0.00000,0.00000,0.00000,0,0,nan,0,0,0,2600,187491,0,0,0.000,0.000,0.000,0,0.000,0.000,0.000,0,0,4,0,0
PPG,1,95312,3814031552,25,496,510,0.000,0.000,0.000,0,0,0,0,0.00,nan,4,3,1,nan,3,3,24,1,1,16,16,0,0,0,3815227977,0.04199,0.00610,0.95288,0.95383,-0.00585,-0.00028,-0.00141,0.00602,0.95383,0.00307,0.00602,3,12138,0,6271,0.00000,0.00000,0.00000,0,0,nan,0,0,0,4295,187491,0,0,0.000,0.000,0.000,0,0.000,0.000,0.000,0,0,4,0,0
PPG,1,95313,3814071552,25,497,516,0.000,0.000,0.000,0,0,0,0,0.00,nan,4,3,1,nan,3,3,24,1,1,17,17,0,0,0,3815266487,0.03784,0.00513,0.94653,0.94730,-0.00665,-0.00028,-0.00114,0.00675,0.95262,0.00532,0.00744,3,12111,0,6271,0.00000,0.00000,0.00000,0,0,nan,0,0,0,2597,187491,0,0,0.000,0.000,0.000,0,0.000,0.000,0.000,0,0,4,0,0
PPG,1,95314,3814111552,25,484,503,0.000,0.000,0.000,0,0,0,0,0.00,nan,4,3,1,nan,3,3,24,1,1,18,18,0,0,0,3815307633,0.04199,0.00732,0.94849,0.94944,-0.00558,0.00052,-0.00247,0.00613,0.95614,0.01020,0.00662,3,12134,0,6271,0.00000,0.00000,0.00000,0,0,nan,0,0,0,4297,187491,0,0,0.000,0.000,0.000,0,0.000,0.000,0.000,0,0,4,0,0
PPG,1,95315,3814151552,25,478,488,0.000,0.000,0.000,0,0,0,0,0.00,nan,4,3,1,nan,3,3,24,1,1,19,19,0,0,0,3815346155,0.03931,0.00391,0.95483,0.95565,-0.00612,0.00052,-0.00167,0.00636,0.95715,0.00733,0.00686,3,12122,0,6271,0.00000,0.00000,0.00000,0,0,nan,0,0,0,2600,187491,0,0,0.000,0.000,0.000,0,0.000,0.000,0.000,0,0,4,0,0
PPG,1,95316,3814191552,26,496,502,0.000,0.000,0.000,0,0,0,0,0.00,nan,4,3,1,nan,3,3,24,1,1,20,20,0,0,0,3815387321,0.04028,0.00391,0.94946,0.95033,-0.00585,-0.00001,-0.00221,0.00625,0.95627,0.00547,0.00676,3,12159,0,6271,0.00000,0.00000,0.00000,0,0,nan,0,0,0,4306,187491,0,0,0.000,0.000,0.000,0,0.000,0.000,0.000,0,0,4,0,0
PPG,1,95317,3814231552,25,489,508,0.000,0.000,0.000,0,0,0,0,0.00,nan,4,3,1,nan,3,3,24,1,1,21,21,0,0,0,3815425832,0.03882,0.00415,0.94141,0.94222,-0.00558,-0.00028,-0.00247,0.00611,0.95317,0.01095,0.00611,3,12118,0,6271,0.00000,0.00000,0.00000,0,0,nan,0,0,0,2599,187491,0,0,0.000,0.000,0.000,0,0.000,0.000,0.000,0,0,4,0,0
PPG,1,95318,3814271552,25,500,512,0.000,0.000,0.000,0,0,0,0,0.00,nan,4,3,1,nan,3,3,24,1,1,22,22,0,0,0,3815466962,0.04028,0.00806,0.95190,0.95279,-0.00612,0.00052,-0.00141,0.00630,0.95279,0.00697,0.00686,3,12122,0,6271,0.00000,0.00000,0.00000,0,0,nan,0,0,0,4301,187491,0,0,0.000,0.000,0.000,0,0.000,0.000,0.000,0,0,4,0,0
PPG,1,95319,3814311552,25,500,521,0.000,0.000,0.000,0,0,0,0,0.00,nan,4,3,1,nan,3,3,24,1,1,23,23,0,0,0,3815505805,0.03735,0.00464,0.95410,0.95484,-0.00612,-0.00055,-0.00061,0.00617,0.95961,0.00955,0.00661,3,12310,0,6271,0.00000,0.00000,0.00000,0,0,nan,0,0,0,2642,187491,0,0,0.000,0.000,0.000,0,0.000,0.000,0.000,0,0,4,0,0
PPG,1,95320,3814351552,25,507,504,0.000,0.000,0.000,0,0,0,0,0.00,nan,4,3,1,nan,3,3,24,1,1,24,24,0,0,0,3815547110,0.04004,0.00439,0.95361,0.95446,-0.00479,-0.00108,-0.00141,0.00510,0.95498,0.00598,0.00637,3,12203,0,6271,0.00000,0.00000,0.00000,0,0,nan,0,0,0,4298,187491,0,0,0.000,0.000,0.000,0,0.000,0.000,0.000,0,0,4,0,0
PPG,1,95321,3814391552,23,496,506,0.000,0.000,0.000,0,0,0,0,0.00,nan,4,3,1,nan,3,3,24,1,1,25,25,0,0,0,3815595154,0.04126,0.00830,0.94824,0.94918,-0.00585,-0.00001,-0.00087,0.00592,0.95250,0.00245,0.00666,3,21656,0,6272,0.00000,0.00000,0.00000,0,0,nan,0,0,0,14690,187491,0,0,0.000,0.000,0.000,0,0.000,0.000,0.000,0,0,4,0,0
PPG,1,95322,3814431552,24,482,496,0.000,0.000,0.000,0,0,0,0,0.00,nan,4,3,1,nan,3,3,24,1,1,26,26,0,0,0,3815633877,0.04248,0.00708,0.94849,0.94946,-0.00585,-0.00028,-0.00247,0.00636,0.95412,0.00674,0.00636,3,12115,0,6272,0.00000,0.00000,0.00000,0,0,nan,0,0,0,2589,187491,0,0,0.000,0.000,0.000,0,0.000,0.000,0.000,0,0,4,0,0
PPG,1,95323,3814471552,24,514,523,0.000,0.000,0.000,0,0,0,0,0.00,nan,4,3,1,nan,3,3,24,1,1,27,27,0,0,0,3815672522,0.03955,0.00879,0.95459,0.95545,-0.00638,-0.00161,-0.00167,0.00679,0.95545,0.00277,0.00679,3,12119,0,6272,0.00000,0.00000,0.00000,0,0,nan,0,0,0,2606,187491,0,0,0.000,0.000,0.000,0,0.000,0.000,0.000,0,0,4,0,0
PPG,1,95324,3814511552,24,488,500,0.000,0.000,0.000,0,0,0,0,0.00,nan,4,3,1,nan,3,3,24,1,1,28,28,0,0,0,3815711503,0.03760,0.00610,0.95093,0.95169,-0.00612,-0.00055,-0.00007,0.00614,0.95802,0.00990,0.00718,3,12262,0,6272,0.00000,0.00000,0.00000,0,0,nan,0,0,0,2632,187491,0,0,0.000,0.000,0.000,0,0.000,0.000,0.000,0,0,4,0,0
PPG,1,95325,3814551552,24,497,511,0.000,0.000,0.000,0,0,0,0,0.00,nan,4,3,1,nan,3,3,24,1,1,29,29,0,0,0,3815750422,0.03760,0.00513,0.95020,0.95095,-0.00505,-0.00028,-0.00141,0.00525,0.95421,0.00299,0.00671,3,12291,0,6272,0.00000,0.00000,0.00000,0,0,nan,0,0,0,2622,187491,0,0,0.000,0.000,0.000,0,0.000,0.000,0.000,0,0,4,0,0
PPG,1,95326,3814591552,38,499,516,0.000,0.000,0.000,0,0,0,0,0.00,nan,4,3,1,nan,3,3,24,1,1,30,30,0,0,0,3815789246,0.03857,0.00903,0.95190,0.95273,-0.00558,0.00025,-0.00194,0.00592,0.95315,0.00490,0.00592,3,12254,0,6272,0.00000,0.00000,0.00000,0,0,nan,0,0,0,4340,187491,0,0,0.000,0.000,0.000,0,0.000,0.000,0.000,0,0,4,0,0
PPG,1,95327,3814631552,26,502,508,0.000,0.000,0.000,0,0,0,0,0.00,nan,4,3,1,nan,3,3,24,1,1,31,31,0,0,0,3815828197,0.03833,0.00586,0.95386,0.95465,-0.00532,-0.00001,-0.00087,0.00539,0.95465,0.00354,0.00675,3,12228,0,6272,0.00000,0.00000,0.00000,0,0,nan,0,0,0,4330,187491,0,0,0.000,0.000,0.000,0,0.000,0.000,0.000,0,0,4,0,0
PPG,1,95328,3814671552,26,495,508,0.000,0.000,0.000,0,0,0,0,0.00,nan,4,3,1,nan,3,3,24,1,1,0,0,0,0,0,3815867032,0.04224,0.00610,0.95313,0.95408,-0.00638,-0.00028,-0.00114,0.00649,0.95723,0.00582,0.00649,3,12220,0,6272,0.00000,0.00000,0.00000,0,0,nan,0,0,0,4346,187491,0,0,0.000,0.000,0.000,0,0.000,0.000,0.000,0,0,4,0,0
PPG,1,95329,3814711552,25,489,521,0.000,0.000,0.000,0,0,0,0,0.00,nan,4,3,1,nan,3,3,24,1,1,1,1,0,0,0,3815905958,0.03809,0.00757,0.95361,0.95440,-0.00638,-0.00055,-0.00194,0.00669,0.95440,0.00095,0.00669,3,12277,0,6272,0.00000,0.00000,0.00000,0,0,nan,0,0,0,2625,187491,0,0,0.000,0.000,0.000,0,0.000,0.000,0.000,0,0,4,0,0
PPG,1,95330,3814751552,26,492,514,0.000,0.000,0.000,0,0,0,0,0.00,nan,4,3,1,nan,3,3,24,1,1,2,2,0,0,0,3815947437,0.04175,0.00562,0.94897,0.94991,-0.00532,-0.00055,-0.00221,0.00578,0.95387,0.00744,0.00694,3,12224,0,6272,0.00000,0.00000,0.00000,0,0,nan,0,0,0,4322,187491,0,0,0.000,0.000,0.000,0,0.000,0.000,0.000,0,0,4,0,0
PPG,1,95331,3814791552,29,491,501,0.000,0.000,0.000,0,0,0,0,0.00,nan,4,3,1,nan,3,3,24,1,1,3,3,0,0,0,3815986271,0.03711,0.00391,0.95166,0.95239,-0.00585,-0.00135,-0.00087,0.00607,0.95239,0.00776,0.00607,3,12252,0,6272,0.00000,0.00000,0.00000,0,0,nan,0,0,0,2639,187491,0,0,0.000,0.000,0.000,0,0.000,0.000,0.000,0,0,4,0,0
PPG,1,95332,3814831552,25,487,503,0.000,0.000,0.000,0,0,0,0,0.00,nan,4,3,1,nan,3,3,24,1,1,4,4,0,0,0,3816027889,0.03613,0.00586,0.94678,0.94748,-0.00585,-0.00081,-0.00087,0.00597,0.95166,0.00418,0.00748,3,12211,0,6272,0.00000,0.00000,0.00000,0,0,nan,0,0,0,4315,187491,0,0,0.000,0.000,0.000,0,0.000,0.000,0.000,0,0,4,0,0
PPG,1,95333,3814871552,25,492,515,0.000,0.000,0.000,0,0,0,0,0.00,nan,4,3,1,nan,3,3,24,1,1,5,5,0,0,0,3816066694,0.04053,0.00684,0.95459,0.95547,-0.00558,-0.00028,-0.00167,0.00584,0.95547,0.00780,0.00634,3,12253,0,6272,0.00000,0.00000,0.00000,0,0,nan,0,0,0,2642,187491,0,0,0.000,0.000,0.000,0,0.000,0.000,0.000,0,0,4,0,0
PPG,1,95334,3814911552,26,489,512,0.000,0.000,0.000,0,0,0,0,0.00,nan,4,3,1,nan,3,3,24,1,1,6,6,0,0,0,3816108216,0.03906,0.00854,0.95679,0.95762,-0.00665,-0.00135,-0.00247,0.00722,0.95762,0.00517,0.00722,3,12281,0,6272,0.00000,0.00000,0.00000,0,0,nan,0,0,0,4332,187491,0,0,0.000,0.000,0.000,0,0.000,0.000,0.000,0,0,4,0,0
PPG,1,95335,3814951552,25,487,513,0.000,0.000,0.000,0,0,0,0,0.00,nan,4,3,1,nan,3,3,24,1,1,7,7,0,0,0,3816147043,0.04272,0.00562,0.95068,0.95166,-0.00585,-0.00081,-0.00300,0.00663,0.95526,0.01065,0.00663,3,12241,0,6272,0.00000,0.00000,0.00000,0,0,nan,0,0,0,4347,187491,0,0,0.000,0.000,0.000,0,0.000,0.000,0.000,0,0,4,0,0
PPG,1,95336,3814991552,26,488,502,0.000,0.000,0.000,0,0,0,0,0.00,nan,4,3,1,nan,3,3,24,1,1,8,8,0,0,0,3816185909,0.04175,0.00610,0.94897,0.94991,-0.00612,0.00025,-0.00194,0.00642,0.95867,0.00876,0.00642,3,12250,0,6272,0.00000,0.00000,0.00000,0,0,nan,0,0,0,2629,187491,0,0,0.000,0.000,0.000,0,0.000,0.000,0.000,0,0,4,0,0
PPG,1,95337,3815031552,26,495,503,0.000,0.000,0.000,0,0,0,0,0.00,nan,4,3,1,nan,3,3,24,1,1,9,9,0,0,0,3816227416,0.03662,0.01025,0.95117,0.95193,-0.00718,-0.00001,-0.00141,0.00732,0.95193,0.00116,0.00732,3,12253,0,6272,0.00000,0.00000,0.00000,0,0,nan,0,0,0,4335,187491,0,0,0.000,0.000,0.000,0,0.000,0.000,0.000,0,0,4,0,0
PPG,1,95338,3815071552,25,493,503,0.000,0.000,0.000,0,0,0,0,0.00,nan,4,3,1,nan,3,3,24,1,1,10,10,0,0,0,3816266261,0.03735,0.00854,0.95679,0.95755,-0.00505,-0.00081,-0.00087,0.00519,0.95755,0.00719,0.00655,3,12241,0,6272,0.00000,0.00000,0.00000,0,0,nan,0,0,0,2627,187491,0,0,0.000,0.000,0.000,0,0.000,0.000,0.000,0,0,4,0,0
PPG,1,95339,3815111552,25,494,505,0.000,0.000,0.000,0,0,0,0,0.00,nan,4,3,1,nan,3,3,24,1,1,11,11,0,0,0,3816307779,0.03735,0.00879,0.95532,0.95609,-0.00665,-0.00001,-0.00114,0.00675,0.95609,0.01151,0.00675,3,12161,0,6272,0.00000,0.00000,0.00000,0,0,nan,0,0,0,4339,187491,0,0,0.000,0.000,0.000,0,0.000,0.000,0.000,0,0,4,0,0
PPG,1,95340,3815151552,25,486,500,0.000,0.000,0.000,0,0,0,0,0.00,nan,4,3,1,nan,3,3,24,1,1,12,12,0,0,0,3816346512,0.03882,0.00659,0.94824,0.94906,-0.00612,-0.00108,-0.00300,0.00690,0.95174,0.00792,0.00690,3,12105,0,6272,0.00000,0.00000,0.00000,0,0,nan,0,0,0,2598,187491,0,0,0.000,0.000,0.000,0,0.000,0.000,0.000,0,0,4,0,0
PPG,1,95341,3815191552,25,494,513,0.000,0.000,0.000,0,0,0,0,0.00,nan,4,3,1,nan,3,3,24,1,1,13,13,0,0,0,3816387618,0.04150,0.00049,0.95483,0.95574,-0.00585,-0.00055,-0.00194,0.00619,0.95574,0.01154,0.00622,3,12120,0,6272,0.00000,0.00000,0.00000,0,0,nan,0,0,0,4295,187491,0,0,0.000,0.000,0.000,0,0.000,0.000,0.000,0,0,4,0,0
PPG,1,95342,3815231552,25,501,523,0.000,0.000,0.000,0,0,0,0,0.00,nan,4,3,1,nan,3,3,24,1,1,14,14,0,0,0,3816426214,0.03882,0.00830,0.94629,0.94712,-0.00638,-0.00055,-0.00194,0.00669,0.95506,0.00794,0.00693,3,12150,0,6272,0.00000,0.00000,0.00000,0,0,nan,0,0,0,2609,187491,0,0,0.000,0.000,0.000,0,0.000,0.000,0.000,0,0,4,0,0
PPG,1,95343,3815271552,25,486,504,0.000,0.000,0.000,0,0,0,0,0.00,nan,4,3,1,nan,3,3,24,1,1,15,15,0,0,0,3816467372,0.03882,0.00732,0.94580,0.94663,-0.00612,-0.00081,-0.00274,0.00675,0.95564,0.00901,0.00675,3,12121,0,6272,0.00000,0.00000,0.00000,0,0,nan,0,0,0,4305,187491,0,0,0.000,0.000,0.000,0,0.000,0.000,0.000,0,0,4,0,0
PPG,1,95344,3815311552,25,491,499,0.000,0.000,0.000,0,0,0,0,0.00,nan,4,3,1,nan,3,3,24,1,1,16,16,0,0,0,3816505887,0.04126,0.00610,0.94922,0.95013,-0.00665,-0.00055,-0.00221,0.00703,0.95326,0.00484,0.00703,3,12116,0,6272,0.00000,0.00000,0.00000,0,0,nan,0,0,0,2595,187491,0,0,0.000,0.000,0.000,0,0.000,0.000,0.000,0,0,4,0,0
PPG,1,95345,3815351552,25,496,507,0.000,0.000,0.000,0,0,0,0,0.00,nan,4,3,1,nan,3,3,24,1,1,17,17,0,0,0,3816547042,0.04224,0.00659,0.94946,0.95042,-0.00558,-0.00055,-0.00061,0.00564,0.95807,0.00764,0.00654,3,12114,0,6272,0.00000,0.00000,0.00000,0,0,nan,0,0,0,2607,187491,0,0,0.000,0.000,0.000,0,0.000,0.000,0.000,0,0,4,0,0
PPG,1,95346,3815391552,24,497,510,0.000,0.000,0.000,0,0,0,0,0.00,nan,4,3,1,nan,3,3,24,1,1,18,18,0,0,0,3816594890,0.03857,0.00098,0.95654,0.95732,-0.00612,-0.00135,-0.00061,0.00629,0.95732,0.00603,0.00653,3,18838,0,6272,0.00000,0.00000,0.00000,0,0,nan,0,0,0,14480,187491,0,0,0.000,0.000,0.000,0,0.000,0.000,0.000,0,0,4,0,0
PPG,1,95347,3815431552,23,487,509,0.000,0.000,0.000,0,0,0,0,0.00,nan,4,3,1,nan,3,3,24,1,1,19,19,0,0,0,3816633558,0.03906,0.00659,0.95337,0.95419,-0.00532,-0.00001,-0.00194,0.00566,0.95419,0.00519,0.00665,3,12120,0,6272,0.00000,0.00000,0.00000,0,0,nan,0,0,0,2594,187491,0,0,0.000,0.000,0.000,0,0.000,0.000,0.000,0,0,4,0,0
PPG,1,95348,3815471552,24,498,520,0.000,0.000,0.000,0,0,0,0,0.00,nan,4,3,1,nan,3,3,24,1,1,20,20,0,0,0,3816672091,0.04053,0.00342,0.95239,0.95326,-0.00505,-0.00028,-0.00087,0.00513,0.95326,0.00592,0.00618,3,12125,0,6272,0.00000,0.00000,0.00000,0,0,nan,0,0,0,2596,187491,0,0,0.000,0.000,0.000,0,0.000,0.000,0.000,0,0,4,0,0
PPG,1,95349,3815511552,24,479,492,0.000,0.000,0.000,0,0,0,0,0.00,nan,4,3,1,nan,3,3,24,1,1,21,21,0,0,0,3816710592,0.03857,0.00366,0.95752,0.95830,-0.00638,-0.00055,-0.00221,0.00678,0.95830,0.01184,0.00678,3,12124,0,6272,0.00000,0.00000,0.00000,0,0,nan,0,0,0,2594,187491,0,0,0.000,0.000,0.000,0,0.000,0.000,0.000,0,0,4,0,0
PPG,1,95350,3815551552,29,483,510,0.000,0.000,0.000,0,0,0,0,0.00,nan,4,3,1,nan,3,3,24,1,1,22,22,0,0,0,3816749119,0.04028,0.00684,0.95093,0.95181,-0.00665,-0.00028,-0.00247,0.00710,0.95266,0.00564,0.00710,3,12113,0,6272,0.00000,0.00000,0.00000,0,0,nan,0,0,0,4297,187491,0,0,0.000,0.000,0.000,0,0.000,0.000,0.000,0,0,4,0,0
PPG,1,95351,3815591552,25,483,507,0.000,0.000,0.000,0,0,0,0,0.00,nan,4,3,1,nan,3,3,24,1,1,23,23,0,0,0,3816787630,0.04150,0.00879,0.94653,0.94748,-0.00505,-0.00001,-0.00087,0.00513,0.95796,0.00616,0.00659,3,12119,0,6272,0.00000,0.00000,0.00000,0,0,nan,0,0,0,4296,187491,0,0,0.000,0.000,0.000,0,0.000,0.000,0.000,0,0,4,0,0
PPG,1,95352,3815631552,25,490,513,0.000,0.000,0.000,0,0,0,0,0.00,nan,4,3,1,nan,3,3,24,1,1,24,24,0,0,0,3816826190,0.03711,0.00464,0.95093,0.95166,-0.00665,-0.00055,-0.00061,0.00670,0.95166,0.00496,0.00703,3,12154,0,6272,0.00000,0.00000,0.00000,0,0,nan,0,0,0,2617,187491,0,0,0.000,0.000,0.000,0,0.000,0.000,0.000,0,0,4,0,0
PPG,1,95353,3815671552,25,501,523,0.000,0.000,0.000,0,0,0,0,0.00,nan,4,3,1,nan,3,3,24,1,1,25,25,0,0,0,3816867367,0.03687,0.00488,0.94702,0.94775,-0.00558,0.00052,-0.00194,0.00593,0.95520,0.00802,0.00611,3,12125,0,6272,0.00000,0.00000,0.00000,0,0,nan,0,0,0,4303,187491,0,0,0.000,0.000,0.000,0,0.000,0.000,0.000,0,0,4,0,0
PPG,1,95354,3815711552,25,482,497,0.000,0.000,0.000,0,0,0,0,0.00,nan,4,3,1,nan,3,3,24,1,1,26,26,0,0,0,3816905884,0.03662,0.00830,0.95410,0.95484,-0.00612,-0.00028,-0.00247,0.00660,0.96009,0.01259,0.00660,3,12121,0,6272,0.00000,0.00000,0.00000,0,0,nan,0,0,0,2594,187491,0,0,0.000,0.000,0.000,0,0.000,0.000,0.000,0,0,4,0,0
PPG,1,95355,3815751552,25,490,500,0.000,0.000,0.000,0,0,0,0,0.00,nan,4,3,1,nan,3,3,24,1,1,27,27,0,0,0,3816946992,0.03882,0.00610,0.95093,0.95174,-0.00558,-0.00161,-0.00274,0.00643,0.95174,0.00627,0.00648,3,12118,0,6272,0.00000,0.00000,0.00000,0,0,nan,0,0,0,2599,187491,0,0,0.000,0.000,0.000,0,0.000,0.000,0.000,0,0,4,0,0
PPG,1,95356,3815791552,25,493,503,0.000,0.000,0.000,0,0,0,0,0.00,nan,4,3,1,nan,3,3,24,1,1,28,28,0,0,0,3816988104,0.04004,0.00830,0.95190,0.95278,-0.00612,-0.00028,-0.00141,0.00628,0.95352,0.00178,0.00628,3,12125,0,6272,0.00000,0.00000,0.00000,0,0,nan,0,0,0,4298,187491,0,0,0.000,0.000,0.000,0,0.000,0.000,0.000,0,0,4,0,0
PPG,1,95357,3815831552,25,505,508,0.000,0.000,0.000,0,0,0,0,0.00,nan,4,3,1,nan,3,3,24,1,1,29,29,0,0,0,3817026683,0.04468,0.00415,0.95190,0.95296,-0.00585,-0.00081,-0.00141,0.00607,0.95296,0.00422,0.00737,3,12175,0,6272,0.00000,0.00000,0.00000,0,0,nan,0,0,0,2617,187491,0,0,0.000,0.000,0.000,0,0.000,0.000,0.000,0,0,4,0,0
PPG,1,95358,3815871552,25,506,517,0.000,0.000,0.000,0,0,0,0,0.00,nan,4,3,1,nan,3,3,24,1,1,30,30,0,0,0,3817067832,0.04175,0.01001,0.95996,0.96092,-0.00612,-0.00001,-0.00167,0.00634,0.96092,0.00893,0.00831,3,12129,0,6272,0.00000,0.00000,0.00000,0,0,nan,0,0,0,4306,187491,0,0,0.000,0.000,0.000,0,0.000,0.000,0.000,0,0,4,0,0
PPG,1,95359,3815911552,25,494,512,0.000,0.000,0.000,0,0,0,0,0.00,nan,4,3,1,nan,3,3,24,1,1,31,31,0,0,0,3817106374,0.03833,0.00464,0.94531,0.94610,-0.00692,-0.00135,-0.00061,0.00707,0.95362,0.00730,0.00707,3,12117,0,6272,0.00000,0.00000,0.00000,0,0,nan,0,0,0,2598,187491,0,0,0.000,0.000,0.000,0,0.000,0.000,0.000,0,0,4,0,0
PPG,1,95360,3815951552,26,480,502,0.000,0.000,0.000,0,0,0,0,0.00,nan,4,3,1,nan,3,3,24,1,1,0,0,0,0,0,3817147594,0.03687,0.00464,0.95313,0.95385,-0.00505,-0.00028,-0.00141,0.00525,0.95673,0.01063,0.00705,3,12127,0,6272,0.00000,0.00000,0.00000,0,0,nan,0,0,0,4306,187491,0,0,0.000,0.000,0.000,0,0.000,0.000,0.000,0,0,4,0,0
PPG,1,95361,3815991552,25,483,503,0.000,0.000,0.000,0,0,0,0,0.00,nan,4,3,1,nan,3,3,24,1,1,1,1,0,0,0,3817186120,0.03735,0.00781,0.95093,0.95169,-0.00532,-0.00081,-0.00141,0.00556,0.95497,0.00328,0.00556,3,12122,0,6272,0.00000,0.00000,0.00000,0,0,nan,0,0,0,2607,187491,0,0,0.000,0.000,0.000,0,0.000,0.000,0.000,0,0,4,0,0
PPG,1,95362,3816031552,25,497,510,0.000,0.000,0.000,0,0,0,0,0.00,nan,4,3,1,nan,3,3,24,1,1,2,2,0,0,0,3817227312,0.03931,0.00122,0.95166,0.95247,-0.00532,-0.00028,-0.00167,0.00558,0.95247,0.00329,0.00585,3,12159,0,6272,0.00000,0.00000,0.00000,0,0,nan,0,0,0,4333,187491,0,0,0.000,0.000,0.000,0,0.000,0.000,0.000,0,0,4,0,0
PPG,1,95363,3816071552,25,500,514,0.000,0.000,0.000,0,0,0,0,0.00,nan,4,3,1,nan,3,3,24,1,1,3,3,0,0,0,3817265850,0.04053,0.00928,0.94849,0.94940,-0.00479,-0.00001,-0.00141,0.00499,0.95728,0.00789,0.00642,3,12126,0,6272,0.00000,0.00000,0.00000,0,0,nan,0,0,0,2599,187491,0,0,0.000,0.000,0.000,0,0.000,0.000,0.000,0,0,4,0,0
PPG,1,95364,3816111552,26,488,507,0.000,0.000,0.000,0,0,0,0,0.00,nan,4,3,1,nan,3,3,24,1,1,4,4,0,0,0,3817306965,0.03882,0.00220,0.94751,0.94831,-0.00585,-0.00001,-0.00087,0.00592,0.95220,0.00389,0.00706,3,12125,0,6272,0.00000,0.00000,0.00000,0,0,nan,0,0,0,2607,187491,0,0,0.000,0.000,0.000,0,0.000,0.000,0.000,0,0,4,0,0
PPG,1,95365,3816151552,25,480,492,0.000,0.000,0.000,0,0,0,0,0.00,nan,4,3,1,nan,3,3,24,1,1,5,5,0,0,0,3817348156,0.03955,0.00928,0.95264,0.95350,-0.00532,-0.00028,-0.00114,0.00545,0.95350,0.00238,0.00654,3,12124,0,6272,0.00000,0.00000,0.00000,0,0,nan,0,0,0,4303,187491,0,0,0.000,0.000,0.000,0,0.000,0.000,0.000,0,0,4,0,0
PPG,1,95366,3816191552,25,487,510,0.000,0.000,0.000,0,0,0,0,0.00,nan,4,3,1,nan,3,3,24,1,1,6,6,0,0,0,3817386702,0.03711,0.00928,0.94849,0.94926,-0.00638,-0.00108,-0.00194,0.00676,0.95294,0.00490,0.00676,3,12127,0,6272,0.00000,0.00000,0.00000,0,0,nan,0,0,0,2614,187491,0,0,0.000,0.000,0.000,0,0.000,0.000,0.000,0,0,4,0,0
PPG,1,95367,3816231552,38,494,503,0.000,0.000,0.000,0,0,0,0,0.00,nan,4,3,1,nan,3,3,24,1,1,7,7,0,0,0,3817427834,0.03979,0.00391,0.96118,0.96201,-0.00505,-0.00055,-0.00141,0.00527,0.96201,0.00624,0.00665,3,12117,0,6272,0.00000,0.00000,0.00000,0,0,nan,0,0,0,4327,187491,0,0,0.000,0.000,0.000,0,0.000,0.000,0.000,0,0,4,0,0
PPG,1,95368,3816271552,25,498,512,0.000,0.000,0.000,0,0,0,0,0.00,nan,4,3,1,nan,3,3,24,1,1,8,8,0,0,0,3817466476,0.03711,0.00684,0.94946,0.95021,-0.00585,-0.00161,-0.00167,0.00630,0.95641,0.01033,0.00630,3,12126,0,6272,0.00000,0.00000,0.00000,0,0,nan,0,0,0,2602,187491,0,0,0.000,0.000,0.000,0,0.000,0.000,0.000,0,0,4,0,0
PPG,1,95369,3816311552,25,479,488,0.000,0.000,0.000,0,0,0,0,0.00,nan,4,3,1,nan,3,3,24,1,1,9,9,0,0,0,3817507596,0.03979,0.01050,0.95142,0.95231,-0.00585,0.00025,-0.00087,0.00592,0.95231,0.00149,0.00597,3,12129,0,6272,0.00000,0.00000,0.00000,0,0,nan,0,0,0,4298,187491,0,0,0.000,0.000,0.000,0,0.000,0.000,0.000,0,0,4,0,0
PPG,1,95370,3816351552,25,493,498,0.000,0.000,0.000,0,0,0,0,0.00,nan,4,3,1,nan,3,3,24,1,1,10,10,0,0,0,3817546184,0.04248,0.00732,0.95435,0.95532,-0.00638,-0.00161,-0.00087,0.00664,0.95532,0.00512,0.00664,3,12160,0,6272,0.00000,0.00000,0.00000,0,0,nan,0,0,0,2615,187491,0,0,0.000,0.000,0.000,0,0.000,0.000,0.000,0,0,4,0,0
PPG,1,95371,3816391552,24,495,511,0.000,0.000,0.000,0,0,0,0,0.00,nan,4,3,1,nan,3,3,24,1,1,11,11,0,0,0,3817596664,0.03760,0.00146,0.96167,0.96241,-0.00505,-0.00081,-0.00141,0.00531,0.96241,0.01369,0.00654,3,21422,0,6273,0.00000,0.00000,0.00000,0,0,nan,0,0,0,14458,187491,0,0,0.000,0.000,0.000,0,0.000,0.000,0.000,0,0,4,0,0
PPG,1,95372,3816431552,25,496,515,0.000,0.000,0.000,0,0,0,0,0.00,nan,4,3,1,nan,3,3,24,1,1,12,12,0,0,0,3817623140,0.04199,0.00513,0.94775,0.94870,-0.00638,-0.00028,-0.00194,0.00668,0.94966,0.01275,0.00689,2,12152,0,6273,0.00000,0.00000,0.00000,0,0,nan,0,0,0,2592,187491,0,0,0.000,0.000,0.000,0,0.000,0.000,0.000,0,0,4,0,0
PPG,1,95373,3816471552,25,510,521,0.000,0.000,0.000,0,0,0,0,0.00,nan,4,3,1,nan,3,3,24,1,1,13,13,0,0,0,3817667182,0.03979,0.00537,0.94946,0.95031,-0.00532,0.00025,-0.00221,0.00576,0.95088,0.00418,0.00671,3,12294,0,6273,0.00000,0.00000,0.00000,0,0,nan,0,0,0,2609,187491,0,0,0.000,0.000,0.000,0,0.000,0.000,0.000,0,0,4,0,0
PPG,1,95374,3816511552,25,496,511,0.000,0.000,0.000,0,0,0,0,0.00,nan,4,3,1,nan,3,3,24,1,1,14,14,0,0,0,3817708372,0.03735,0.00513,0.95068,0.95143,-0.00612,0.00025,-0.00167,0.00635,0.95176,0.00155,0.00680,3,12173,0,6273,0.00000,0.00000,0.00000,0,0,nan,0,0,0,4303,187491,0,0,0.000,0.000,0.000,0,0.000,0.000,0.000,0,0,4,0,0
PPG,1,95375,3816551552,25,504,510,0.000,0.000,0.000,0,0,0,0,0.00,nan,4,3,1,nan,3,3,24,1,1,15,15,0,0,0,3817746906,0.04053,0.00220,0.95728,0.95814,-0.00612,-0.00135,-0.00247,0.00673,0.95814,0.00602,0.00712,3,12157,0,6273,0.00000,0.00000,0.00000,0,0,nan,0,0,0,2595,187491,0,0,0.000,0.000,0.000,0,0.000,0.000,0.000,0,0,4,0,0
PPG,1,95376,3816591552,25,495,510,0.000,0.000,0.000,0,0,0,0,0.00,nan,4,3,1,nan,3,3,24,1,1,16,16,0,0,0,3817788190,0.03760,-0.00122,0.94849,0.94923,-0.00505,-0.00001,-0.00247,0.00562,0.95096,0.01018,0.00668,3,12120,0,6273,0.00000,0.00000,0.00000,0,0,nan,0,0,0,4297,187491,0,0,0.000,0.000,0.000,0,0.000,0.000,0.000,0,0,4,0,0
PPG,1,95377,3816631552,37,493,506,0.000,0.000,0.000,0,0,0,0,0.00,nan,4,3,1,nan,3,3,24,1,1,17,17,0,0,0,3817826754,0.03613,0.00586,0.95337,0.95407,-0.00452,-0.00135,-0.00114,0.00485,0.95711,0.00487,0.00552,3,12124,0,6273,0.00000,0.00000,0.00000,0,0,nan,0,0,0,2639,187491,0,0,0.000,0.000,0.000,0,0.000,0.000,0.000,0,0,4,0,0
PPG,1,95378,3816671552,25,505,517,0.000,0.000,0.000,0,0,0,0,0.00,nan,4,3,1,nan,3,3,24,1,1,18,18,0,0,0,3817868423,0.03979,0.00122,0.94604,0.94688,-0.00612,-0.00161,-0.00141,0.00648,0.95514,0.00467,0.00648,3,12252,0,6273,0.00000,0.00000,0.00000,0,0,nan,0,0,0,4334,187491,0,0,0.000,0.000,0.000,0,0.000,0.000,0.000,0,0,4,0,0
PPG,1,95379,3816711552,25,502,512,0.000,0.000,0.000,0,0,0,0,0.00,nan,4,3,1,nan,3,3,24,1,1,19,19,0,0,0,3817907336,0.03809,0.00830,0.95264,0.95343,-0.00505,-0.00108,-0.00114,0.00529,0.95390,0.00552,0.00602,3,12270,0,6273,0.00000,0.00000,0.00000,0,0,nan,0,0,0,4348,187491,0,0,0.000,0.000,0.000,0,0.000,0.000,0.000,0,0,4,0,0
PPG,1,95380,3816751552,28,494,509,0.000,0.000,0.000,0,0,0,0,0.00,nan,4,3,1,nan,3,3,24,1,1,20,20,0,0,0,3817946178,0.04102,0.00464,0.94751,0.94841,-0.00665,-0.00135,-0.00221,0.00713,0.95029,0.00382,0.00713,3,12255,0,6273,0.00000,0.00000,0.00000,0,0,nan,0,0,0,2647,187491,0,0,0.000,0.000,0.000,0,0.000,0.000,0.000,0,0,4,0,0
PPG,1,95381,3816791552,26,488,505,0.000,0.000,0.000,0,0,0,0,0.00,nan,4,3,1,nan,3,3,24,1,1,21,21,0,0,0,3817987733,0.04102,0.00415,0.94775,0.94865,-0.00558,-0.00055,-0.00114,0.00573,0.94865,0.00804,0.00695,3,12249,0,6273,0.00000,0.00000,0.00000,0,0,nan,0,0,0,4332,187491,0,0,0.000,0.000,0.000,0,0.000,0.000,0.000,0,0,4,0,0
PPG,1,95382,3816831552,25,494,501,0.000,0.000,0.000,0,0,0,0,0.00,nan,4,3,1,nan,3,3,24,1,1,22,22,0,0,0,3818026622,0.03687,0.00464,0.94897,0.94970,-0.00665,-0.00081,-0.00194,0.00697,0.95441,0.00471,0.00697,3,12271,0,6273,0.00000,0.00000,0.00000,0,0,nan,0,0,0,2640,187491,0,0,0.000,0.000,0.000,0,0.000,0.000,0.000,0,0,4,0,0
PPG,1,95383,3816871552,25,487,504,0.000,0.000,0.000,0,0,0,0,0.00,nan,4,3,1,nan,3,3,24,1,1,23,23,0,0,0,3818068165,0.04077,0.00708,0.95239,0.95329,-0.00532,-0.00108,-0.00167,0.00568,0.95797,0.00973,0.00673,3,12253,0,6273,0.00000,0.00000,0.00000,0,0,nan,0,0,0,4350,187491,0,0,0.000,0.000,0.000,0,0.000,0.000,0.000,0,0,4,0,0
PPG,1,95384,3816911552,26,488,509,0.000,0.000,0.000,0,0,0,0,0.00,nan,4,3,1,nan,3,3,24,1,1,24,24,0,0,0,3818106936,0.04004,0.00854,0.95166,0.95254,-0.00532,-0.00161,-0.00221,0.00598,0.95520,0.00400,0.00660,3,12199,0,6273,0.00000,0.00000,0.00000,0,0,nan,0,0,0,2647,187491,0,0,0.000,0.000,0.000,0,0.000,0.000,0.000,0,0,4,0,0
PPG,1,95385,3816951552,27,487,507,0.000,0.000,0.000,0,0,0,0,0.00,nan,4,3,1,nan,3,3,24,1,1,25,25,0,0,0,3818148525,0.04272,0.00195,0.95068,0.95165,-0.00665,-0.00001,-0.00114,0.00675,0.95210,0.00044,0.00675,3,12271,0,6273,0.00000,0.00000,0.00000,0,0,nan,0,0,0,4345,187491,0,0,0.000,0.000,0.000,0,0.000,0.000,0.000,0,0,4,0,0
PPG,1,95386,3816991552,25,491,511,0.000,0.000,0.000,0,0,0,0,0.00,nan,4,3,1,nan,3,3,24,1,1,26,26,0,0,0,3818187374,0.03955,0.00781,0.94678,0.94764,-0.00612,-0.00108,-0.00194,0.00651,0.95488,0.00385,0.00755,3,12208,0,6273,0.00000,0.00000,0.00000,0,0,nan,0,0,0,2625,187491,0,0,0.000,0.000,0.000,0,0.000,0.000,0.000,0,0,4,0,0
PPG,1,95387,3817031552,25,502,509,0.000,0.000,0.000,0,0,0,0,0.00,nan,4,3,1,nan,3,3,24,1,1,27,27,0,0,0,3818228838,0.03882,0.00269,0.94873,0.94953,-0.00558,-0.00001,-0.00141,0.00576,0.95149,0.00311,0.00640,3,12241,0,6273,0.00000,0.00000,0.00000,0,0,nan,0,0,0,4339,187491,0,0,0.000,0.000,0.000,0,0.000,0.000,0.000,0,0,4,0,0
PPG,1,95388,3817071552,26,494,509,0.000,0.000,0.000,0,0,0,0,0.00,nan,4,3,1,nan,3,3,24,1,1,28,28,0,0,0,3818267701,0.03809,0.00244,0.95288,0.95364,-0.00505,-0.00108,-0.00194,0.00552,0.95364,0.00623,0.00587,3,12227,0,6273,0.00000,0.00000,0.00000,0,0,nan,0,0,0,4322,187491,0,0,0.000,0.000,0.000,0,0.000,0.000,0.000,0,0,4,0,0
PPG,1,95389,3817111552,25,488,501,0.000,0.000,0.000,0,0,0,0,0.00,nan,4,3,1,nan,3,3,24,1,1,29,29,0,0,0,3818306516,0.04175,0.00659,0.95093,0.95187,-0.00558,0.00079,-0.00221,0.00606,0.95187,0.00845,0.00685,3,12227,0,6273,0.00000,0.00000,0.00000,0,0,nan,0,0,0,2622,187491,0,0,0.000,0.000,0.000,0,0.000,0.000,0.000,0,0,4,0,0
PPG,1,95390,3817151552,27,493,516,0.000,0.000,0.000,0,0,0,0,0.00,nan,4,3,1,nan,3,3,24,1,1,30,30,0,0,0,3818347932,0.03931,0.00391,0.95215,0.95297,-0.00585,-0.00001,-0.00087,0.00592,0.95804,0.00853,0.00634,3,12229,0,6273,0.00000,0.00000,0.00000,0,0,nan,0,0,0,4343,187491,0,0,0.000,0.000,0.000,0,0.000,0.000,0.000,0,0,4,0,0
PPG,1,95391,3817191552,26,487,510,0.000,0.000,0.000,0,0,0,0,0.00,nan,4,3,1,nan,3,3,24,1,1,31,31,0,0,0,3818386785,0.03418,0.00488,0.95630,0.95692,-0.00665,0.00025,-0.00221,0.00701,0.95888,0.00542,0.00701,3,12234,0,6273,0.00000,0.00000,0.00000,0,0,nan,0,0,0,2632,187491,0,0,0.000,0.000,0.000,0,0.000,0.000,0.000,0,0,4,0,0
PPG,1,95392,3817231552,26,492,502,0.000,0.000,0.000,0,0,0,0,0.00,nan,4,3,1,nan,3,3,24,1,1,0,0,0,0,0,3818428243,0.03906,0.00635,0.94971,0.95053,-0.00505,-0.00028,-0.00221,0.00552,0.95053,0.00785,0.00646,3,12230,0,6273,0.00000,0.00000,0.00000,0,0,nan,0,0,0,4340,187491,0,0,0.000,0.000,0.000,0,0.000,0.000,0.000,0,0,4,0,0
PPG,1,95393,3817271552,25,488,508,0.000,0.000,0.000,0,0,0,0,0.00,nan,4,3,1,nan,3,3,24,1,1,1,1,0,0,0,3818467032,0.03784,0.00317,0.95679,0.95754,-0.00638,-0.00001,-0.00061,0.00641,0.95754,0.00436,0.00647,3,12154,0,6273,0.00000,0.00000,0.00000,0,0,nan,0,0,0,2627,187491,0,0,0.000,0.000,0.000,0,0.000,0.000,0.000,0,0,4,0,0
PPG,1,95394,3817311552,25,506,515,0.000,0.000,0.000,0,0,0,0,0.00,nan,4,3,1,nan,3,3,24,1,1,2,2,0,0,0,3818508343,0.03662,0.00488,0.94458,0.94530,-0.00612,-0.00081,-0.00061,0.00620,0.95341,0.01018,0.00654,3,12112,0,6273,0.00000,0.00000,0.00000,0,0,nan,0,0,0,4301,187491,0,0,0.000,0.000,0.000,0,0.000,0.000,0.000,0,0,4,0,0
PPG,1,95395,3817351552,25,494,518,0.000,0.000,0.000,0,0,0,0,0.00,nan,4,3,1,nan,3,3,24,1,1,3,3,0,0,0,3818546912,0.04175,0.00806,0.95288,0.95383,-0.00585,-0.00081,-0.00221,0.00631,0.95396,0.00865,0.00637,3,12135,0,6273,0.00000,0.00000,0.00000,0,0,nan,0,0,0,2594,187491,0,0,0.000,0.000,0.000,0,0.000,0.000,0.000,0,0,4,0,0
PPG,1,95396,3817391552,23,505,513,0.000,0.000,0.000,0,0,0,0,0.00,nan,4,3,1,nan,3,3,24,1,1,4,4,0,0,0,3818597410,0.04077,0.00854,0.94971,0.95062,-0.00505,0.00052,-0.00141,0.00527,0.95069,0.00374,0.00726,3,21432,0,6274,0.00000,0.00000,0.00000,0,0,nan,0,0,0,14461,187491,0,0,0.000,0.000,0.000,0,0.000,0.000,0.000,0,0,4,0,0
PPG,1,95397,3817431552,31,489,511,0.000,0.000,0.000,0,0,0,0,0.00,nan,4,3,1,nan,3,3,24,1,1,5,5,0,0,0,3818623886,0.03760,0.00415,0.94580,0.94656,-0.00585,-0.00055,-0.00247,0.00638,0.95281,0.00625,0.00638,2,12146,0,6274,0.00000,0.00000,0.00000,0,0,nan,0,0,0,2588,187491,0,0,0.000,0.000,0.000,0,0.000,0.000,0.000,0,0,4,0,0
PPG,1,95398,3817471552,25,505,516,0.000,0.000,0.000,0,0,0,0,0.00,nan,4,3,1,nan,3,3,24,1,1,6,6,0,0,0,3818667685,0.03760,0.00977,0.95215,0.95294,-0.00558,-0.00081,-0.00247,0.00616,0.95294,0.00408,0.00616,3,12194,0,6274,0.00000,0.00000,0.00000,0,0,nan,0,0,0,4306,187491,0,0,0.000,0.000,0.000,0,0.000,0.000,0.000,0,0,4,0,0
PPG,1,95399,3817511552,25,487,503,0.000,0.000,0.000,0,0,0,0,0.00,nan,4,3,1,nan,3,3,24,1,1,7,7,0,0,0,3818706226,0.03662,0.00659,0.95703,0.95775,-0.00558,-0.00028,-0.00167,0.00584,0.95775,0.00661,0.00658,3,12118,0,6274,0.00000,0.00000,0.00000,0,0,nan,0,0,0,2600,187491,0,0,0.000,0.000,0.000,0,0.000,0.000,0.000,0,0,4,0,0
PPG,1,95400,3817551552,25,487,501,0.000,0.000,0.000,0,0,0,0,0.00,nan,4,3,1,nan,3,3,24,1,1,8,8,0,0,0,3818747352,0.03638,0.00513,0.94946,0.95017,-0.00558,0.00105,-0.00141,0.00585,0.95423,0.00492,0.00592,3,12121,0,6274,0.00000,0.00000,0.00000,0,0,nan,0,0,0,2601,187491,0,0,0.000,0.000,0.000,0,0.000,0.000,0.000,0,0,4,0,0
PPG,1,95401,3817591552,25,489,504,0.000,0.000,0.000,0,0,0,0,0.00,nan,4,3,1,nan,3,3,24,1,1,9,9,0,0,0,3818788487,0.03442,0.00903,0.95337,0.95403,-0.00452,-0.00055,-0.00194,0.00495,0.95440,0.00393,0.00622,3,12115,0,6274,0.00000,0.00000,0.00000,0,0,nan,0,0,0,4294,187491,0,0,0.000,0.000,0.000,0,0.000,0.000,0.000,0,0,4,0,0
PPG,1,95402,3817631552,25,504,514,0.000,0.000,0.000,0,0,0,0,0.00,nan,4,3,1,nan,3,3,24,1,1,10,10,0,0,0,3818827012,0.03638,0.00415,0.95117,0.95188,-0.00479,-0.00081,-0.00114,0.00499,0.95696,0.00901,0.00547,3,12127,0,6274,0.00000,0.00000,0.00000,0,0,nan,0,0,0,2596,187491,0,0,0.000,0.000,0.000,0,0.000,0.000,0.000,0,0,4,0,0
PPG,1,95403,3817671552,25,502,515,0.000,0.000,0.000,0,0,0,0,0.00,nan,4,3,1,nan,3,3,24,1,1,11,11,0,0,0,3818868168,0.03833,0.00391,0.94800,0.94878,-0.00452,-0.00108,-0.00247,0.00526,0.95321,0.00443,0.00594,3,12171,0,6274,0.00000,0.00000,0.00000,0,0,nan,0,0,0,4323,187491,0,0,0.000,0.000,0.000,0,0.000,0.000,0.000,0,0,4,0,0
PPG,1,95404,3817711552,25,483,518,0.000,0.000,0.000,0,0,0,0,0.00,nan,4,3,1,nan,3,3,24,1,1,12,12,0,0,0,3818906742,0.04199,0.00391,0.95728,0.95820,-0.00532,-0.00135,-0.00061,0.00552,0.95820,0.00415,0.00644,3,12137,0,6274,0.00000,0.00000,0.00000,0,0,nan,0,0,0,2604,187491,0,0,0.000,0.000,0.000,0,0.000,0.000,0.000,0,0,4,0,0
PPG,1,95405,3817751552,25,478,497,0.000,0.000,0.000,0,0,0,0,0.00,nan,4,3,1,nan,3,3,24,1,1,13,13,0,0,0,3818947852,0.04102,0.00659,0.95190,0.95281,-0.00665,-0.00028,-0.00221,0.00701,0.95554,0.00796,0.00701,3,12111,0,6274,0.00000,0.00000,0.00000,0,0,nan,0,0,0,4297,187491,0,0,0.000,0.000,0.000,0,0.000,0.000,0.000,0,0,4,0,0
PPG,1,95406,3817791552,28,487,501,0.000,0.000,0.000,0,0,0,0,0.00,nan,4,3,1,nan,3,3,24,1,1,14,14,0,0,0,3818986574,0.03833,0.00757,0.95288,0.95368,-0.00505,-0.00108,-0.00114,0.00529,0.95368,0.00528,0.00686,3,12278,0,6274,0.00000,0.00000,0.00000,0,0,nan,0,0,0,2640,187491,0,0,0.000,0.000,0.000,0,0.000,0.000,0.000,0,0,4,0,0
PPG,1,95407,3817831552,26,488,508,0.000,0.000,0.000,0,0,0,0,0.00,nan,4,3,1,nan,3,3,24,1,1,15,15,0,0,0,3819027889,0.03320,0.01001,0.95190,0.95254,-0.00532,-0.00001,-0.00087,0.00539,0.95293,0.00131,0.00651,3,12168,0,6274,0.00000,0.00000,0.00000,0,0,nan,0,0,0,4303,187491,0,0,0.000,0.000,0.000,0,0.000,0.000,0.000,0,0,4,0,0
PPG,1,95408,3817871552,29,489,503,0.000,0.000,0.000,0,0,0,0,0.00,nan,4,3,1,nan,3,3,24,1,1,16,16,0,0,0,3819066497,0.03931,0.00488,0.95215,0.95297,-0.00532,0.00025,-0.00194,0.00567,0.95297,0.00120,0.00635,3,12115,0,6274,0.00000,0.00000,0.00000,0,0,nan,0,0,0,2598,187491,0,0,0.000,0.000,0.000,0,0.000,0.000,0.000,0,0,4,0,0
PPG,1,95409,3817911552,25,504,516,0.000,0.000,0.000,0,0,0,0,0.00,nan,4,3,1,nan,3,3,24,1,1,17,17,0,0,0,3819107832,0.03442,0.00513,0.95557,0.95620,-0.00558,-0.00055,-0.00061,0.00564,0.95620,0.00685,0.00633,3,12284,0,6274,0.00000,0.00000,0.00000,0,0,nan,0,0,0,4307,187491,0,0,0.000,0.000,0.000,0,0.000,0.000,0.000,0,0,4,0,0
PPG,1,95410,3817951552,25,498,516,0.000,0.000,0.000,0,0,0,0,0.00,nan,4,3,1,nan,3,3,24,1,1,18,18,0,0,0,3819146513,0.04297,0.00366,0.95190,0.95288,-0.00585,-0.00135,-0.00274,0.00660,0.95288,0.00837,0.00660,3,12286,0,6274,0.00000,0.00000,0.00000,0,0,nan,0,0,0,2596,187491,0,0,0.000,0.000,0.000,0,0.000,0.000,0.000,0,0,4,0,0
PPG,1,95411,3817991552,26,496,522,0.000,0.000,0.000,0,0,0,0,0.00,nan,4,3,1,nan,3,3,24,1,1,19,19,0,0,0,3819187946,0.03760,0.00684,0.95068,0.95145,-0.00638,-0.00028,-0.00141,0.00654,0.95429,0.00176,0.00667,3,12390,0,6274,0.00000,0.00000,0.00000,0,0,nan,0,0,0,4321,187491,0,0,0.000,0.000,0.000,0,0.000,0.000,0.000,0,0,4,0,0
PPG,1,95412,3818031552,26,494,512,0.000,0.000,0.000,0,0,0,0,0.00,nan,4,3,1,nan,3,3,24,1,1,20,20,0,0,0,3819226806,0.03955,0.00439,0.95288,0.95371,-0.00585,-0.00001,-0.00167,0.00609,0.95494,0.00220,0.00673,3,12263,0,6274,0.00000,0.00000,0.00000,0,0,nan,0,0,0,2625,187491,0,0,0.000,0.000,0.000,0,0.000,0.000,0.000,0,0,4,0,0
PPG,1,95413,3818071552,25,489,510,0.000,0.000,0.000,0,0,0,0,0.00,nan,4,3,1,nan,3,3,24,1,1,21,21,0,0,0,3819268333,0.03784,0.00537,0.95044,0.95121,-0.00479,-0.00028,-0.00167,0.00508,0.95544,0.00424,0.00602,3,12242,0,6274,0.00000,0.00000,0.00000,0,0,nan,0,0,0,4326,187491,0,0,0.000,0.000,0.000,0,0.000,0.000,0.000,0,0,4,0,0
PPG,1,95414,3818111552,26,492,505,0.000,0.000,0.000,0,0,0,0,0.00,nan,4,3,1,nan,3,3,24,1,1,22,22,0,0,0,3819307176,0.03906,0.00244,0.95972,0.96051,-0.00558,-0.00001,-0.00247,0.00611,0.96051,0.00522,0.00611,3,12259,0,6274,0.00000,0.00000,0.00000,0,0,nan,0,0,0,2645,187491,0,0,0.000,0.000,0.000,0,0.000,0.000,0.000,0,0,4,0,0
PPG,1,95415,3818151552,25,493,508,0.000,0.000,0.000,0,0,0,0,0.00,nan,4,3,1,nan,3,3,24,1,1,23,23,0,0,0,3819348701,0.03687,0.00610,0.94629,0.94703,-0.00585,-0.00161,-0.00194,0.00637,0.95578,0.01435,0.00701,3,12251,0,6274,0.00000,0.00000,0.00000,0,0,nan,0,0,0,4326,187491,0,0,0.000,0.000,0.000,0,0.000,0.000,0.000,0,0,4,0,0
PPG,1,95416,3818191552,26,495,517,0.000,0.000,0.000,0,0,0,0,0.00,nan,4,3,1,nan,3,3,24,1,1,24,24,0,0,0,3819387592,0.03662,0.00610,0.95190,0.95263,-0.00745,-0.00081,-0.00274,0.00798,0.95433,0.00918,0.00798,3,12296,0,6274,0.00000,0.00000,0.00000,0,0,nan,0,0,0,4336,187491,0,0,0.000,0.000,0.000,0,0.000,0.000,0.000,0,0,4,0,0
PPG,1,95417,3818231552,34,496,502,0.000,0.000,0.000,0,0,0,0,0.00,nan,4,3,1,nan,3,3,24,1,1,25,25,0,0,0,3819426467,0.03809,0.00244,0.95435,0.95511,-0.00612,-0.00108,-0.00141,0.00637,0.95511,0.00386,0.00745,3,12250,0,6274,0.00000,0.00000,0.00000,0,0,nan,0,0,0,2619,187491,0,0,0.000,0.000,0.000,0,0.000,0.000,0.000,0,0,4,0,0
PPG,1,95418,3818271552,30,484,492,0.000,0.000,0.000,0,0,0,0,0.00,nan,4,3,1,nan,3,3,24,1,1,26,26,0,0,0,3819467854,0.03247,0.00415,0.95337,0.95393,-0.00585,-0.00028,-0.00141,0.00602,0.96045,0.00743,0.00602,3,12243,0,6274,0.00000,0.00000,0.00000,0,0,nan,0,0,0,4343,187491,0,0,0.000,0.000,0.000,0,0.000,0.000,0.000,0,0,4,0,0
PPG,1,95419,3818311552,26,490,512,0.000,0.000,0.000,0,0,0,0,0.00,nan,4,3,1,nan,3,3,24,1,1,27,27,0,0,0,3819506811,0.04126,0.00366,0.94727,0.94817,-0.00505,-0.00108,-0.00274,0.00585,0.95306,0.00489,0.00701,3,12259,0,6274,0.00000,0.00000,0.00000,0,0,nan,0,0,0,2624,187491,0,0,0.000,0.000,0.000,0,0.000,0.000,0.000,0,0,4,0,0
PPG,1,95420,3818351552,25,496,508,0.000,0.000,0.000,0,0,0,0,0.00,nan,4,3,1,nan,3,3,24,1,1,28,28,0,0,0,3819548285,0.03931,0.00391,0.95093,0.95175,-0.00532,-0.00108,-0.00061,0.00546,0.95553,0.00736,0.00546,3,12233,0,6274,0.00000,0.00000,0.00000,0,0,nan,0,0,0,4337,187491,0,0,0.000,0.000,0.000,0,0.000,0.000,0.000,0,0,4,0,0
PPG,1,95421,3818391552,24,493,508,0.000,0.000,0.000,0,0,0,0,0.00,nan,4,3,1,nan,3,3,24,1,1,29,29,0,0,0,3819599165,0.04053,0.00342,0.95142,0.95228,-0.00558,-0.00055,-0.00221,0.00603,0.95228,0.00191,0.00603,3,24294,0,6275,0.00000,0.00000,0.00000,0,0,nan,0,0,0,14624,187491,0,0,0.000,0.000,0.000,0,0.000,0.000,0.000,0,0,4,0,0
PPG,1,95422,3818431552,25,493,503,0.000,0.000,0.000,0,0,0,0,0.00,nan,4,3,1,nan,3,3,24,1,1,30,30,0,0,0,3819625840,0.03589,0.00830,0.95728,0.95798,-0.00692,-0.00028,-0.00061,0.00695,0.95798,0.00514,0.00695,2,12252,0,6275,0.00000,0.00000,0.00000,0,0,nan,0,0,0,2622,187491,0,0,0.000,0.000,0.000,0,0.000,0.000,0.000,0,0,4,0,0
PPG,1,95423,3818471552,28,492,499,0.000,0.000,0.000,0,0,0,0,0.00,nan,4,3,1,nan,3,3,24,1,1,31,31,0,0,0,3819667287,0.03564,0.00537,0.95190,0.95259,-0.00558,-0.00001,-0.00087,0.00565,0.95259,0.00670,0.00675,3,12238,0,6275,0.00000,0.00000,0.00000,0,0,nan,0,0,0,2622,187491,0,0,0.000,0.000,0.000,0,0.000,0.000,0.000,0,0,4,0,0
PPG,1,95424,3818511552,26,486,510,0.000,0.000,0.000,0,0,0,0,0.00,nan,4,3,1,nan,3,3,24,1,1,0,0,0,0,0,3819708798,0.03687,0.00464,0.95068,0.95141,-0.00558,0.00052,-0.00194,0.00593,0.95577,0.00540,0.00603,3,12241,0,6275,0.00000,0.00000,0.00000,0,0,nan,0,0,0,4341,187491,0,0,0.000,0.000,0.000,0,0.000,0.000,0.000,0,0,4,0,0
PPG,1,95425,3818551552,26,499,512,0.000,0.000,0.000,0,0,0,0,0.00,nan,4,3,1,nan,3,3,24,1,1,1,1,0,0,0,3819747661,0.03638,0.00391,0.95776,0.95846,-0.00452,-0.00055,-0.00167,0.00485,0.95846,0.00778,0.00689,3,12239,0,6275,0.00000,0.00000,0.00000,0,0,nan,0,0,0,2648,187491,0,0,0.000,0.000,0.000,0,0.000,0.000,0.000,0,0,4,0,0
PPG,1,95426,3818591552,26,497,509,0.000,0.000,0.000,0,0,0,0,0.00,nan,4,3,1,nan,3,3,24,1,1,2,2,0,0,0,3819789149,0.03491,0.00415,0.95605,0.95670,-0.00558,0.00025,-0.00141,0.00576,0.95670,0.00904,0.00598,3,12265,0,6275,0.00000,0.00000,0.00000,0,0,nan,0,0,0,4358,187491,0,0,0.000,0.000,0.000,0,0.000,0.000,0.000,0,0,4,0,0
PPG,1,95427,3818631552,26,492,503,0.000,0.000,0.000,0,0,0,0,0.00,nan,4,3,1,nan,3,3,24,1,1,3,3,0,0,0,3819827845,0.03833,0.00171,0.94751,0.94829,-0.00532,-0.00081,-0.00167,0.00563,0.95620,0.00426,0.00576,3,12217,0,6275,0.00000,0.00000,0.00000,0,0,nan,0,0,0,4356,187491,0,0,0.000,0.000,0.000,0,0.000,0.000,0.000,0,0,4,0,0
PPG,1,95428,3818671552,25,497,511,0.000,0.000,0.000,0,0,0,0,0.00,nan,4,3,1,nan,3,3,24,1,1,4,4,0,0,0,3819866434,0.04053,0.00439,0.94653,0.94741,-0.00585,-0.00135,-0.00221,0.00640,0.94960,0.00219,0.00647,3,12127,0,6275,0.00000,0.00000,0.00000,0,0,nan,0,0,0,2595,187491,0,0,0.000,0.000,0.000,0,0.000,0.000,0.000,0,0,4,0,0
PPG,1,95429,3818711552,25,481,501,0.000,0.000,0.000,0,0,0,0,0.00,nan,4,3,1,nan,3,3,24,1,1,5,5,0,0,0,3819945683,0.03662,0.00269,0.95557,0.95627,-0.00505,-0.00055,-0.00194,0.00544,0.95627,0.00462,0.00620,2,62416,0,6280,0.00000,0.00000,0.00000,0,0,nan,0,0,0,57962,187491,0,0,0.000,0.000,0.000,0,0.000,0.000,0.000,0,0,4,0,0
PPG,1,95430,3818751552,29,487,511,0.000,0.000,0.000,0,0,0,0,0.00,nan,4,3,1,nan,3,3,24,1,1,6,6,0,0,0,3819945683,0.03662,0.00269,0.95557,0.95627,-0.00505,-0.00055,-0.00194,0.00544,0.00000,0.00000,0.00000,0,62416,0,6280,0.00000,0.00000,0.00000,0,0,nan,0,0,0,11685,187491,0,0,0.000,0.000,0.000,0,0.000,0.000,0.000,0,0,4,0,0
PPG,1,95431,3818791552,24,487,511,0.000,0.000,0.000,0,0,0,0,0.00,nan,4,3,1,nan,3,3,24,1,1,7,7,0,0,0,3819991623,0.04053,0.00269,0.94995,0.95082,-0.00585,-0.00055,-0.00141,0.00604,0.95617,0.00536,0.00649,3,12167,0,6281,0.00000,0.00000,0.00000,0,0,nan,0,0,0,2639,187491,0,0,0.000,0.000,0.000,0,0.000,0.000,0.000,0,0,4,0,0
PPG,1,95432,3818831552,29,489,504,0.000,0.000,0.000,0,0,0,0,0.00,nan,4,3,1,nan,3,3,24,1,1,8,8,0,0,0,3820030131,0.04028,0.00830,0.95703,0.95791,-0.00585,-0.00001,-0.00141,0.00602,0.95791,0.00669,0.00602,3,12122,0,6281,0.00000,0.00000,0.00000,0,0,nan,0,0,0,4297,187491,0,0,0.000,0.000,0.000,0,0.000,0.000,0.000,0,0,4,0,0
PPG,1,95433,3818871552,25,481,489,0.000,0.000,0.000,0,0,0,0,0.00,nan,4,3,1,nan,3,3,24,1,1,9,9,0,0,0,3820068648,0.03955,0.00586,0.94824,0.94908,-0.00479,-0.00055,-0.00114,0.00495,0.95275,0.00517,0.00637,3,12137,0,6281,0.00000,0.00000,0.00000,0,0,nan,0,0,0,4304,187491,0,0,0.000,0.000,0.000,0,0.000,0.000,0.000,0,0,4,0,0
PPG,1,95434,3818911552,25,490,501,0.000,0.000,0.000,0,0,0,0,0.00,nan,4,3,1,nan,3,3,24,1,1,10,10,0,0,0,3820107250,0.03833,0.00513,0.94702,0.94781,-0.00665,-0.00108,-0.00141,0.00688,0.95118,0.00337,0.00688,3,12157,0,6281,0.00000,0.00000,0.00000,0,0,nan,0,0,0,2597,187491,0,0,0.000,0.000,0.000,0,0.000,0.000,0.000,0,0,4,0,0
PPG,1,95435,3818951552,26,492,516,0.000,0.000,0.000,0,0,0,0,0.00,nan,4,3,1,nan,3,3,24,1,1,11,11,0,0,0,3820148396,0.03979,0.00244,0.95703,0.95786,-0.00612,-0.00028,-0.00194,0.00642,0.95786,0.01106,0.00655,3,12132,0,6281,0.00000,0.00000,0.00000,0,0,nan,0,0,0,4306,187491,0,0,0.000,0.000,0.000,0,0.000,0.000,0.000,0,0,4,0,0
PPG,1,95436,3818991552,25,492,523,0.000,0.000,0.000,0,0,0,0,0.00,nan,4,3,1,nan,3,3,24,1,1,12,12,0,0,0,3820186903,0.03857,0.00757,0.95117,0.95198,-0.00585,-0.00001,-0.00247,0.00635,0.95198,0.00884,0.00635,3,12123,0,6281,0.00000,0.00000,0.00000,0,0,nan,0,0,0,2595,187491,0,0,0.000,0.000,0.000,0,0.000,0.000,0.000,0,0,4,0,0
PPG,1,95437,3819031552,26,492,506,0.000,0.000,0.000,0,0,0,0,0.00,nan,4,3,1,nan,3,3,24,1,1,13,13,0,0,0,3820228042,0.04004,0.00659,0.95630,0.95716,-0.00665,-0.00055,-0.00114,0.00677,0.95716,0.00450,0.00677,3,12121,0,6281,0.00000,0.00000,0.00000,0,0,nan,0,0,0,4301,187491,0,0,0.000,0.000,0.000,0,0.000,0.000,0.000,0,0,4,0,0
PPG,1,95438,3819071552,26,479,502,0.000,0.000,0.000,0,0,0,0,0.00,nan,4,3,1,nan,3,3,24,1,1,14,14,0,0,0,3820266549,0.03979,0.00684,0.94336,0.94422,-0.00665,-0.00055,-0.00221,0.00703,0.95377,0.00874,0.00703,3,12113,0,6281,0.00000,0.00000,0.00000,0,0,nan,0,0,0,2600,187491,0,0,0.000,0.000,0.000,0,0.000,0.000,0.000,0,0,4,0,0
PPG,1,95439,3819111552,25,480,495,0.000,0.000,0.000,0,0,0,0,0.00,nan,4,3,1,nan,3,3,24,1,1,15,15,0,0,0,3820307714,0.03784,0.00684,0.94971,0.95049,-0.00532,-0.00135,-0.00194,0.00582,0.95634,0.01211,0.00659,3,12170,0,6281,0.00000,0.00000,0.00000,0,0,nan,0,0,0,2601,187491,0,0,0.000,0.000,0.000,0,0.000,0.000,0.000,0,0,4,0,0
PPG,1,95440,3819151552,25,480,495,0.000,0.000,0.000,0,0,0,0,0.00,nan,4,3,1,nan,3,3,24,1,1,16,16,0,0,0,3820348836,0.03906,0.00562,0.94824,0.94906,-0.00665,-0.00108,-0.00141,0.00688,0.95081,0.00174,0.00689,3,12125,0,6281,0.00000,0.00000,0.00000,0,0,nan,0,0,0,4304,187491,0,0,0.000,0.000,0.000,0,0.000,0.000,0.000,0,0,4,0,0
PPG,1,95441,3819191552,25,502,502,0.000,0.000,0.000,0,0,0,0,0.00,nan,4,3,1,nan,3,3,24,1,1,17,17,0,0,0,3820387377,0.04004,0.00269,0.95093,0.95177,-0.00585,-0.00055,-0.00141,0.00604,0.95457,0.00514,0.00679,3,12120,0,6281,0.00000,0.00000,0.00000,0,0,nan,0,0,0,2595,187491,0,0,0.000,0.000,0.000,0,0.000,0.000,0.000,0,0,4,0,0
PPG,1,95442,3819231552,25,508,514,0.000,0.000,0.000,0,0,0,0,0.00,nan,4,3,1,nan,3,3,24,1,1,18,18,0,0,0,3820428530,0.03955,0.00732,0.94800,0.94885,-0.00505,-0.00108,-0.00221,0.00562,0.95553,0.00668,0.00606,3,12107,0,6281,0.00000,0.00000,0.00000,0,0,nan,0,0,0,4297,187491,0,0,0.000,0.000,0.000,0,0.000,0.000,0.000,0,0,4,0,0
PPG,1,95443,3819271552,25,486,521,0.000,0.000,0.000,0,0,0,0,0.00,nan,4,3,1,nan,3,3,24,1,1,19,19,0,0,0,3820467040,0.03784,0.00757,0.94482,0.94561,-0.00638,-0.00001,-0.00167,0.00660,0.95274,0.00712,0.00672,3,12119,0,6281,0.00000,0.00000,0.00000,0,0,nan,0,0,0,2605,187491,0,0,0.000,0.000,0.000,0,0.000,0.000,0.000,0,0,4,0,0
PPG,1,95444,3819311552,25,469,502,0.000,0.000,0.000,0,0,0,0,0.00,nan,4,3,1,nan,3,3,24,1,1,20,20,0,0,0,3820508216,0.03662,0.00488,0.94751,0.94823,-0.00638,-0.00001,0.00073,0.00642,0.95376,0.00553,0.00657,3,12178,0,6281,0.00000,0.00000,0.00000,0,0,nan,0,0,0,4325,187491,0,0,0.000,0.000,0.000,0,0.000,0.000,0.000,0,0,4,0,0
PPG,1,95445,3819351552,25,483,500,0.000,0.000,0.000,0,0,0,0,0.00,nan,4,3,1,nan,3,3,24,1,1,21,21,0,0,0,3820546746,0.03784,0.00659,0.95142,0.95219,-0.00558,-0.00028,-0.00167,0.00584,0.95395,0.00412,0.00584,3,12122,0,6281,0.00000,0.00000,0.00000,0,0,nan,0,0,0,2600,187491,0,0,0.000,0.000,0.000,0,0.000,0.000,0.000,0,0,4,0,0
PPG,1,95446,3819391552,24,494,503,0.000,0.000,0.000,0,0,0,0,0.00,nan,4,3,1,nan,3,3,24,1,1,22,22,0,0,0,3820599783,0.04028,0.00439,0.94946,0.95033,-0.00585,-0.00108,-0.00087,0.00601,0.95284,0.00308,0.00736,3,24034,0,6282,0.00000,0.00000,0.00000,0,0,nan,0,0,0,14449,187491,0,0,0.000,0.000,0.000,0,0.000,0.000,0.000,0,0,4,0,0
PPG,1,95447,3819431552,25,498,507,0.000,0.000,0.000,0,0,0,0,0.00,nan,4,3,1,nan,3,3,24,1,1,23,23,0,0,0,3820626287,0.03784,0.00610,0.94849,0.94926,-0.00532,-0.00001,-0.00194,0.00566,0.95403,0.00476,0.00573,2,12151,0,6282,0.00000,0.00000,0.00000,0,0,nan,0,0,0,2596,187491,0,0,0.000,0.000,0.000,0,0.000,0.000,0.000,0,0,4,0,0
PPG,1,95448,3819471552,25,481,506,0.000,0.000,0.000,0,0,0,0,0.00,nan,4,3,1,nan,3,3,24,1,1,24,24,0,0,0,3820667431,0.04248,0.00513,0.94971,0.95067,-0.00665,0.00025,-0.00221,0.00701,0.95380,0.00454,0.00701,3,12116,0,6282,0.00000,0.00000,0.00000,0,0,nan,0,0,0,2595,187491,0,0,0.000,0.000,0.000,0,0.000,0.000,0.000,0,0,4,0,0
PPG,1,95449,3819511552,26,498,517,0.000,0.000,0.000,0,0,0,0,0.00,nan,4,3,1,nan,3,3,24,1,1,25,25,0,0,0,3820708579,0.04028,0.00830,0.95386,0.95474,-0.00665,-0.00081,-0.00114,0.00680,0.95474,0.00384,0.00680,3,12149,0,6282,0.00000,0.00000,0.00000,0,0,nan,0,0,0,4310,187491,0,0,0.000,0.000,0.000,0,0.000,0.000,0.000,0,0,4,0,0
PPG,1,95450,3819551552,25,487,518,0.000,0.000,0.000,0,0,0,0,0.00,nan,4,3,1,nan,3,3,24,1,1,26,26,0,0,0,3820747121,0.03857,0.00952,0.95337,0.95420,-0.00532,-0.00081,-0.00167,0.00563,0.95420,0.00841,0.00563,3,12116,0,6282,0.00000,0.00000,0.00000,0,0,nan,0,0,0,2599,187491,0,0,0.000,0.000,0.000,0,0.000,0.000,0.000,0,0,4,0,0
PPG,1,95451,3819591552,26,482,491,0.000,0.000,0.000,0,0,0,0,0.00,nan,4,3,1,nan,3,3,24,1,1,27,27,0,0,0,3820788241,0.04126,0.00635,0.95044,0.95136,-0.00585,-0.00081,-0.00194,0.00622,0.95434,0.00299,0.00710,3,12125,0,6282,0.00000,0.00000,0.00000,0,0,nan,0,0,0,4302,187491,0,0,0.000,0.000,0.000,0,0.000,0.000,0.000,0,0,4,0,0
PPG,1,95452,3819631552,25,489,500,0.000,0.000,0.000,0,0,0,0,0.00,nan,4,3,1,nan,3,3,24,1,1,28,28,0,0,0,3820826821,0.03711,0.00464,0.95630,0.95703,-0.00718,-0.00161,-0.00247,0.00777,0.95703,0.00504,0.00777,3,12134,0,6282,0.00000,0.00000,0.00000,0,0,nan,0,0,0,2596,187491,0,0,0.000,0.000,0.000,0,0.000,0.000,0.000,0,0,4,0,0
PPG,1,95453,3819671552,26,495,498,0.000,0.000,0.000,0,0,0,0,0.00,nan,4,3,1,nan,3,3,24,1,1,29,29,0,0,0,3820867954,0.03613,0.00391,0.95410,0.95479,-0.00558,-0.00081,-0.00141,0.00582,0.95479,0.00795,0.00747,3,12119,0,6282,0.00000,0.00000,0.00000,0,0,nan,0,0,0,2599,187491,0,0,0.000,0.000,0.000,0,0.000,0.000,0.000,0,0,4,0,0
PPG,1,95454,3819711552,29,497,514,0.000,0.000,0.000,0,0,0,0,0.00,nan,4,3,1,nan,3,3,24,1,1,30,30,0,0,0,3820909091,0.03955,0.00513,0.94946,0.95030,-0.00585,-0.00001,-0.00114,0.00596,0.95190,0.00290,0.00618,3,12127,0,6282,0.00000,0.00000,0.00000,0,0,nan,0,0,0,4326,187491,0,0,0.000,0.000,0.000,0,0.000,0.000,0.000,0,0,4,0,0
PPG,1,95455,3819751552,25,495,521,0.000,0.000,0.000,0,0,0,0,0.00,nan,4,3,1,nan,3,3,24,1,1,31,31,0,0,0,3820947964,0.04102,0.00806,0.94849,0.94941,-0.00532,-0.00108,-0.00167,0.00568,0.95416,0.00476,0.00568,3,12254,0,6282,0.00000,0.00000,0.00000,0,0,nan,0,0,0,2599,187491,0,0,0.000,0.000,0.000,0,0.000,0.000,0.000,0,0,4,0,0
PPG,1,95456,3819791552,25,496,503,0.000,0.000,0.000,0,0,0,0,0.00,nan,4,3,1,nan,3,3,24,1,1,0,0,0,0,0,3820989107,0.03662,0.00684,0.95459,0.95532,-0.00452,-0.00081,-0.00221,0.00509,0.95637,0.00697,0.00567,3,12117,0,6282,0.00000,0.00000,0.00000,0,0,nan,0,0,0,4297,187491,0,0,0.000,0.000,0.000,0,0.000,0.000,0.000,0,0,4,0,0
PPG,1,95457,3819831552,25,498,517,0.000,0.000,0.000,0,0,0,0,0.00,nan,4,3,1,nan,3,3,24,1,1,1,1,0,0,0,3821027644,0.03687,0.00610,0.94604,0.94678,-0.00638,-0.00001,-0.00141,0.00654,0.94824,0.00707,0.00654,3,12146,0,6282,0.00000,0.00000,0.00000,0,0,nan,0,0,0,2608,187491,0,0,0.000,0.000,0.000,0,0.000,0.000,0.000,0,0,4,0,0
PPG,1,95458,3819871552,34,480,503,0.000,0.000,0.000,0,0,0,0,0.00,nan,4,3,1,nan,3,3,24,1,1,2,2,0,0,0,3821068854,0.04004,0.00366,0.95068,0.95153,-0.00532,-0.00028,-0.00141,0.00551,0.95623,0.00868,0.00611,3,12113,0,6282,0.00000,0.00000,0.00000,0,0,nan,0,0,0,4304,187491,0,0,0.000,0.000,0.000,0,0.000,0.000,0.000,0,0,4,0,0
PPG,1,95459,3819911552,38,491,518,0.000,0.000,0.000,0,0,0,0,0.00,nan,4,3,1,nan,3,3,24,1,1,3,3,0,0,0,3821107509,0.03735,0.00635,0.94727,0.94802,-0.00692,-0.00001,-0.00167,0.00712,0.95499,0.00826,0.00712,3,12124,0,6282,0.00000,0.00000,0.00000,0,0,nan,0,0,0,2610,187491,0,0,0.000,0.000,0.000,0,0.000,0.000,0.000,0,0,4,0,0
PPG,1,95460,3819951552,25,502,517,0.000,0.000,0.000,0,0,0,0,0.00,nan,4,3,1,nan,3,3,24,1,1,4,4,0,0,0,3821149178,0.03711,0.00513,0.95068,0.95142,-0.00532,-0.00081,-0.00167,0.00563,0.95415,0.00612,0.00633,3,12263,0,6282,0.00000,0.00000,0.00000,0,0,nan,0,0,0,4342,187491,0,0,0.000,0.000,0.000,0,0.000,0.000,0.000,0,0,4,0,0
PPG,1,95461,3819991552,33,494,506,0.000,0.000,0.000,0,0,0,0,0.00,nan,4,3,1,nan,3,3,24,1,1,5,5,0,0,0,3821188067,0.03833,0.00342,0.95313,0.95390,-0.00558,-0.00135,-0.00221,0.00615,0.95767,0.01194,0.00663,3,12259,0,6282,0.00000,0.00000,0.00000,0,0,nan,0,0,0,4346,187491,0,0,0.000,0.000,0.000,0,0.000,0.000,0.000,0,0,4,0,0
PPG,1,95462,3820031552,28,498,520,0.000,0.000,0.000,0,0,0,0,0.00,nan,4,3,1,nan,3,3,24,1,1,6,6,0,0,0,3821226951,0.03906,0.00439,0.95752,0.95833,-0.00612,-0.00028,-0.00034,0.00613,0.95833,0.00194,0.00653,3,12297,0,6282,0.00000,0.00000,0.00000,0,0,nan,0,0,0,2653,187491,0,0,0.000,0.000,0.000,0,0.000,0.000,0.000,0,0,4,0,0
PPG,1,95463,3820071552,25,489,503,0.000,0.000,0.000,0,0,0,0,0.00,nan,4,3,1,nan,3,3,24,1,1,7,7,0,0,0,3821268496,0.04419,0.00830,0.95239,0.95345,-0.00612,-0.00081,-0.00221,0.00655,0.95504,0.00406,0.00655,3,12254,0,6282,0.00000,0.00000,0.00000,0,0,nan,0,0,0,4330,187491,0,0,0.000,0.000,0.000,0,0.000,0.000,0.000,0,0,4,0,0
PPG,1,95464,3820111552,25,492,495,0.000,0.000,0.000,0,0,0,0,0.00,nan,4,3,1,nan,3,3,24,1,1,8,8,0,0,0,3821307328,0.03613,0.00684,0.94849,0.94920,-0.00638,-0.00055,-0.00114,0.00651,0.94998,0.00498,0.00695,3,12249,0,6282,0.00000,0.00000,0.00000,0,0,nan,0,0,0,2623,187491,0,0,0.000,0.000,0.000,0,0.000,0.000,0.000,0,0,4,0,0
PPG,1,95465,3820151552,26,495,507,0.000,0.000,0.000,0,0,0,0,0.00,nan,4,3,1,nan,3,3,24,1,1,9,9,0,0,0,3821348843,0.04004,0.00391,0.95410,0.95495,-0.00505,-0.00001,-0.00194,0.00541,0.95495,0.00281,0.00695,3,12248,0,6282,0.00000,0.00000,0.00000,0,0,nan,0,0,0,4340,187491,0,0,0.000,0.000,0.000,0,0.000,0.000,0.000,0,0,4,0,0
PPG,1,95466,3820191552,26,485,496,0.000,0.000,0.000,0,0,0,0,0.00,nan,4,3,1,nan,3,3,24,1,1,10,10,0,0,0,3821387655,0.03955,0.01172,0.95142,0.95231,-0.00558,0.00052,-0.00114,0.00572,0.95794,0.00563,0.00586,3,12237,0,6282,0.00000,0.00000,0.00000,0,0,nan,0,0,0,2650,187491,0,0,0.000,0.000,0.000,0,0.000,0.000,0.000,0,0,4,0,0
PPG,1,95467,3820231552,25,497,512,0.000,0.000,0.000,0,0,0,0,0.00,nan,4,3,1,nan,3,3,24,1,1,11,11,0,0,0,3821429232,0.03882,0.00537,0.95703,0.95783,-0.00638,-0.00081,-0.00221,0.00680,0.95783,0.00598,0.00690,3,12284,0,6282,0.00000,0.00000,0.00000,0,0,nan,0,0,0,4345,187491,0,0,0.000,0.000,0.000,0,0.000,0.000,0.000,0,0,4,0,0
PPG,1,95468,3820271552,25,502,511,0.000,0.000,0.000,0,0,0,0,0.00,nan,4,3,1,nan,3,3,24,1,1,12,12,0,0,0,3821468028,0.04126,0.00757,0.95874,0.95966,-0.00452,-0.00028,-0.00167,0.00483,0.95966,0.01020,0.00712,3,12190,0,6282,0.00000,0.00000,0.00000,0,0,nan,0,0,0,2632,187491,0,0,0.000,0.000,0.000,0,0.000,0.000,0.000,0,0,4,0,0
PPG,1,95469,3820311552,25,494,502,0.000,0.000,0.000,0,0,0,0,0.00,nan,4,3,1,nan,3,3,24,1,1,13,13,0,0,0,3821509565,0.04004,0.00415,0.94995,0.95080,-0.00612,-0.00001,-0.00087,0.00618,0.95273,0.00693,0.00618,3,12259,0,6282,0.00000,0.00000,0.00000,0,0,nan,0,0,0,4333,187491,0,0,0.000,0.000,0.000,0,0.000,0.000,0.000,0,0,4,0,0
PPG,1,95470,3820351552,25,481,504,0.000,0.000,0.000,0,0,0,0,0.00,nan,4,3,1,nan,3,3,24,1,1,14,14,0,0,0,3821548425,0.03833,0.00220,0.95337,0.95414,-0.00638,-0.00001,-0.00141,0.00654,0.95758,0.00429,0.00654,3,12237,0,6282,0.00000,0.00000,0.00000,0,0,nan,0,0,0,4325,187491,0,0,0.000,0.000,0.000,0,0.000,0.000,0.000,0,0,4,0,0
PPG,1,95471,3820391552,24,481,501,0.000,0.000,0.000,0,0,0,0,0.00,nan,4,3,1,nan,3,3,24,1,1,15,15,0,0,0,3821603616,0.04004,0.00464,0.95801,0.95886,-0.00585,-0.00108,-0.00167,0.00618,0.96194,0.00980,0.00618,4,16351,0,6282,0.00000,0.00000,0.00000,0,0,nan,0,0,0,16289,187491,0,0,0.000,0.000,0.000,0,0.000,0.000,0.000,0,0,4,0,0
PPG,1,95472,3820431552,26,493,510,0.000,0.000,0.000,0,0,0,0,0.00,nan,4,3,1,nan,3,3,24,1,1,16,16,0,0,0,3821630306,0.03882,0.00146,0.95508,0.95587,-0.00585,-0.00081,-0.00194,0.00622,0.95690,0.00195,0.00654,2,12288,0,6282,0.00000,0.00000,0.00000,0,0,nan,0,0,0,4362,187491,0,0,0.000,0.000,0.000,0,0.000,0.000,0.000,0,0,4,0,0
PPG,1,95473,3820471552,26,489,516,0.000,0.000,0.000,0,0,0,0,0.00,nan,4,3,1,nan,3,3,24,1,1,17,17,0,0,0,3821669178,0.03345,0.00439,0.95435,0.95494,-0.00612,0.00052,-0.00141,0.00630,0.95746,0.00305,0.00630,3,12230,0,6282,0.00000,0.00000,0.00000,0,0,nan,0,0,0,4331,187491,0,0,0.000,0.000,0.000,0,0.000,0.000,0.000,0,0,4,0,0
PPG,1,95474,3820511552,25,495,514,0.000,0.000,0.000,0,0,0,0,0.00,nan,4,3,1,nan,3,3,24,1,1,18,18,0,0,0,3821708012,0.03711,0.00464,0.95142,0.95215,-0.00612,-0.00001,-0.00221,0.00650,0.95252,0.00242,0.00650,3,12239,0,6282,0.00000,0.00000,0.00000,0,0,nan,0,0,0,2615,187491,0,0,0.000,0.000,0.000,0,0.000,0.000,0.000,0,0,4,0,0
PPG,1,95475,3820551552,36,496,512,0.000,0.000,0.000,0,0,0,0,0.00,nan,4,3,1,nan,3,3,24,1,1,19,19,0,0,0,3821749307,0.03955,0.00269,0.95752,0.95834,-0.00665,-0.00028,-0.00141,0.00680,0.95834,0.00884,0.00738,3,12130,0,6282,0.00000,0.00000,0.00000,0,0,nan,0,0,0,4308,187491,0,0,0.000,0.000,0.000,0,0.000,0.000,0.000,0,0,4,0,0
PPG,1,95476,3820591552,26,494,517,0.000,0.000,0.000,0,0,0,0,0.00,nan,4,3,1,nan,3,3,24,1,1,20,20,0,0,0,3821787990,0.03760,0.00635,0.95532,0.95608,-0.00585,-0.00081,-0.00114,0.00602,0.95608,0.00682,0.00643,3,12129,0,6282,0.00000,0.00000,0.00000,0,0,nan,0,0,0,2598,187491,0,0,0.000,0.000,0.000,0,0.000,0.000,0.000,0,0,4,0,0
PPG,1,95477,3820631552,25,490,505,0.000,0.000,0.000,0,0,0,0,0.00,nan,4,3,1,nan,3,3,24,1,1,21,21,0,0,0,3821829116,0.03735,0.00610,0.94849,0.94924,-0.00558,0.00025,-0.00221,0.00601,0.95510,0.00586,0.00601,3,12128,0,6282,0.00000,0.00000,0.00000,0,0,nan,0,0,0,4312,187491,0,0,0.000,0.000,0.000,0,0.000,0.000,0.000,0,0,4,0,0
PPG,1,95478,3820671552,25,500,500,0.000,0.000,0.000,0,0,0,0,0.00,nan,4,3,1,nan,3,3,24,1,1,22,22,0,0,0,3821867660,0.04077,0.00977,0.95337,0.95429,-0.00692,0.00105,-0.00141,0.00714,0.95429,0.00462,0.00714,3,12115,0,6282,0.00000,0.00000,0.00000,0,0,nan,0,0,0,2613,187491,0,0,0.000,0.000,0.000,0,0.000,0.000,0.000,0,0,4,0,0
PPG,1,95479,3820711552,26,499,515,0.000,0.000,0.000,0,0,0,0,0.00,nan,4,3,1,nan,3,3,24,1,1,23,23,0,0,0,3821908821,0.03906,0.00415,0.95068,0.95149,-0.00505,-0.00055,-0.00167,0.00535,0.95758,0.00682,0.00562,3,12140,0,6282,0.00000,0.00000,0.00000,0,0,nan,0,0,0,4316,187491,0,0,0.000,0.000,0.000,0,0.000,0.000,0.000,0,0,4,0,0
PPG,1,95480,3820751552,26,501,508,0.000,0.000,0.000,0,0,0,0,0.00,nan,4,3,1,nan,3,3,24,1,1,24,24,0,0,0,3821947398,0.04150,0.00757,0.94995,0.95089,-0.00532,-0.00108,-0.00194,0.00576,0.95509,0.00420,0.00628,3,12148,0,6282,0.00000,0.00000,0.00000,0,0,nan,0,0,0,2599,187491,0,0,0.000,0.000,0.000,0,0.000,0.000,0.000,0,0,4,0,0
PPG,1,95481,3820791552,26,477,500,0.000,0.000,0.000,0,0,0,0,0.00,nan,4,3,1,nan,3,3,24,1,1,25,25,0,0,0,3821988496,0.03857,0.00439,0.95850,0.95928,-0.00558,-0.00108,-0.00274,0.00631,0.95928,0.00907,0.00695,3,12109,0,6282,0.00000,0.00000,0.00000,0,0,nan,0,0,0,4298,187491,0,0,0.000,0.000,0.000,0,0.000,0.000,0.000,0,0,4,0,0
PPG,1,95482,3820831552,26,498,495,0.000,0.000,0.000,0,0,0,0,0.00,nan,4,3,1,nan,3,3,24,1,1,26,26,0,0,0,3822026996,0.03735,0.00806,0.94946,0.95023,-0.00585,-0.00108,-0.00141,0.00611,0.95522,0.00406,0.00638,3,12114,0,6282,0.00000,0.00000,0.00000,0,0,nan,0,0,0,2600,187491,0,0,0.000,0.000,0.000,0,0.000,0.000,0.000,0,0,4,0,0
PPG,1,95483,3820871552,25,486,501,0.000,0.000,0.000,0,0,0,0,0.00,nan,4,3,1,nan,3,3,24,1,1,27,27,0,0,0,3822068136,0.03931,0.00635,0.95581,0.95664,-0.00505,-0.00108,-0.00274,0.00585,0.95664,0.00857,0.00649,3,12122,0,6282,0.00000,0.00000,0.00000,0,0,nan,0,0,0,2595,187491,0,0,0.000,0.000,0.000,0,0.000,0.000,0.000,0,0,4,0,0
PPG,1,95484,3820911552,25,494,507,0.000,0.000,0.000,0,0,0,0,0.00,nan,4,3,1,nan,3,3,24,1,1,28,28,0,0,0,3822109264,0.04175,0.00464,0.94897,0.94990,-0.00558,-0.00081,-0.00167,0.00589,0.95369,0.00641,0.00592,3,12129,0,6282,0.00000,0.00000,0.00000,0,0,nan,0,0,0,4321,187491,0,0,0.000,0.000,0.000,0,0.000,0.000,0.000,0,0,4,0,0
PPG,1,95485,3820951552,25,500,509,0.000,0.000,0.000,0,0,0,0,0.00,nan,4,3,1,nan,3,3,24,1,1,29,29,0,0,0,3822147875,0.03516,0.00708,0.94702,0.94770,-0.00638,-0.00055,-0.00247,0.00687,0.95603,0.00915,0.00687,3,12183,0,6282,0.00000,0.00000,0.00000,0,0,nan,0,0,0,2597,187491,0,0,0.000,0.000,0.000,0,0.000,0.000,0.000,0,0,4,0,0
PPG,1,95486,3820991552,26,494,524,0.000,0.000,0.000,0,0,0,0,0.00,nan,4,3,1,nan,3,3,24,1,1,30,30,0,0,0,3822188988,0.03735,0.00439,0.95239,0.95313,-0.00558,-0.00028,-0.00141,0.00577,0.95456,0.00686,0.00623,3,12114,0,6282,0.00000,0.00000,0.00000,0,0,nan,0,0,0,4296,187491,0,0,0.000,0.000,0.000,0,0.000,0.000,0.000,0,0,4,0,0
PPG,1,95487,3821031552,25,479,503,0.000,0.000,0.000,0,0,0,0,0.00,nan,4,3,1,nan,3,3,24,1,1,31,31,0,0,0,3822227496,0.04541,0.00464,0.95093,0.95202,-0.00638,-0.00081,-0.00167,0.00665,0.95294,0.00262,0.00673,3,12110,0,6282,0.00000,0.00000,0.00000,0,0,nan,0,0,0,2608,187491,0,0,0.000,0.000,0.000,0,0.000,0.000,0.000,0,0,4,0,0
PPG,1,95488,3821071552,25,479,497,0.000,0.000,0.000,0,0,0,0,0.00,nan,4,3,1,nan,3,3,24,1,1,0,0,0,0,0,3822269059,0.03638,0.00659,0.94873,0.94945,-0.00479,-0.00161,-0.00087,0.00512,0.94945,0.00484,0.00633,3,12300,0,6282,0.00000,0.00000,0.00000,0,0,nan,0,0,0,4319,187491,0,0,0.000,0.000,0.000,0,0.000,0.000,0.000,0,0,4,0,0
PPG,1,95489,3821111552,26,492,513,0.000,0.000,0.000,0,0,0,0,0.00,nan,4,3,1,nan,3,3,24,1,1,1,1,0,0,0,3822307595,0.04004,0.00122,0.95850,0.95933,-0.00612,-0.00081,-0.00087,0.00623,0.95933,0.01110,0.00623,3,12129,0,6282,0.00000,0.00000,0.00000,0,0,nan,0,0,0,2600,187491,0,0,0.000,0.000,0.000,0,0.000,0.000,0.000,0,0,4,0,0
PPG,1,95490,3821151552,26,500,499,0.000,0.000,0.000,0,0,0,0,0.00,nan,4,3,1,nan,3,3,24,1,1,2,2,0,0,0,3822348739,0.04028,0.00513,0.95386,0.95472,-0.00558,-0.00001,-0.00194,0.00591,0.95552,0.00578,0.00672,3,12152,0,6282,0.00000,0.00000,0.00000,0,0,nan,0,0,0,4326,187491,0,0,0.000,0.000,0.000,0,0.000,0.000,0.000,0,0,4,0,0
PPG,1,95491,3821191552,26,492,511,0.000,0.000,0.000,0,0,0,0,0.00,nan,4,3,1,nan,3,3,24,1,1,3,3,0,0,0,3822387419,0.04004,0.00464,0.95239,0.95325,-0.00505,-0.00028,-0.00300,0.00588,0.95751,0.00853,0.00603,3,12119,0,6282,0.00000,0.00000,0.00000,0,0,nan,0,0,0,2595,187491,0,0,0.000,0.000,0.000,0,0.000,0.000,0.000,0,0,4,0,0
PPG,1,95492,3821231552,25,485,517,0.000,0.000,0.000,0,0,0,0,0.00,nan,4,3,1,nan,3,3,24,1,1,4,4,0,0,0,3822428646,0.03613,0.00732,0.95313,0.95384,-0.00638,-0.00028,-0.00167,0.00661,0.95527,0.00410,0.00661,3,12124,0,6282,0.00000,0.00000,0.00000,0,0,nan,0,0,0,4303,187491,0,0,0.000,0.000,0.000,0,0.000,0.000,0.000,0,0,4,0,0
PPG,1,95493,3821271552,25,502,497,0.000,0.000,0.000,0,0,0,0,0.00,nan,4,3,1,nan,3,3,24,1,1,5,5,0,0,0,3822467556,0.03760,0.00879,0.94629,0.94708,-0.00585,-0.00081,-0.00087,0.00597,0.95870,0.01164,0.00628,3,12285,0,6282,0.00000,0.00000,0.00000,0,0,nan,0,0,0,2629,187491,0,0,0.000,0.000,0.000,0,0.000,0.000,0.000,0,0,4,0,0
PPG,1,95494,3821311552,25,495,514,0.000,0.000,0.000,0,0,0,0,0.00,nan,4,3,1,nan,3,3,24,1,1,6,6,0,0,0,3822509114,0.03979,0.00391,0.95264,0.95348,-0.00558,-0.00081,-0.00194,0.00597,0.95348,0.00384,0.00597,3,12273,0,6282,0.00000,0.00000,0.00000,0,0,nan,0,0,0,4329,187491,0,0,0.000,0.000,0.000,0,0.000,0.000,0.000,0,0,4,0,0
PPG,1,95495,3821351552,29,497,514,0.000,0.000,0.000,0,0,0,0,0.00,nan,4,3,1,nan,3,3,24,1,1,7,7,0,0,0,3822547917,0.03833,0.00537,0.94678,0.94757,-0.00558,-0.00028,-0.00247,0.00611,0.95894,0.01137,0.00660,3,12253,0,6282,0.00000,0.00000,0.00000,0,0,nan,0,0,0,2636,187491,0,0,0.000,0.000,0.000,0,0.000,0.000,0.000,0,0,4,0,0
PPG,1,95496,3821391552,24,503,515,0.000,0.000,0.000,0,0,0,0,0.00,nan,4,3,1,nan,3,3,24,1,1,8,8,0,0,0,3822606081,0.04297,0.00513,0.95264,0.95362,-0.00612,-0.00028,-0.00167,0.00635,0.95362,0.00289,0.00673,4,16583,0,6282,0.00000,0.00000,0.00000,0,0,nan,0,0,0,16508,187491,0,0,0.000,0.000,0.000,0,0.000,0.000,0.000,0,0,4,0,0
PPG,1,95497,3821431552,24,493,504,0.000,0.000,0.000,0,0,0,0,0.00,nan,4,3,1,nan,3,3,24,1,1,9,9,0,0,0,3822632792,0.03638,0.00049,0.94897,0.94967,-0.00558,-0.00108,-0.00247,0.00620,0.95501,0.00534,0.00620,2,12296,0,6282,0.00000,0.00000,0.00000,0,0,nan,0,0,0,2628,187491,0,0,0.000,0.000,0.000,0,0.000,0.000,0.000,0,0,4,0,0
PPG,1,95498,3821471552,32,489,505,0.000,0.000,0.000,0,0,0,0,0.00,nan,4,3,1,nan,3,3,24,1,1,10,10,0,0,0,3822671706,0.03564,0.00464,0.95190,0.95258,-0.00505,-0.00028,-0.00194,0.00542,0.95428,0.00283,0.00549,3,12251,0,6282,0.00000,0.00000,0.00000,0,0,nan,0,0,0,2626,187491,0,0,0.000,0.000,0.000,0,0.000,0.000,0.000,0,0,4,0,0
PPG,1,95499,3821511552,27,496,510,0.000,0.000,0.000,0,0,0,0,0.00,nan,4,3,1,nan,3,3,24,1,1,11,11,0,0,0,3822710513,0.03662,0.00537,0.95215,0.95287,-0.00665,0.00025,-0.00114,0.00675,0.95317,0.00442,0.00675,3,12244,0,6282,0.00000,0.00000,0.00000,0,0,nan,0,0,0,4318,187491,0,0,0.000,0.000,0.000,0,0.000,0.000,0.000,0,0,4,0,0
PPG,1,95500,3821551552,27,493,510,0.000,0.000,0.000,0,0,0,0,0.00,nan,4,3,1,nan,3,3,24,1,1,12,12,0,0,0,3822749450,0.04443,0.00464,0.94775,0.94881,-0.00532,-0.00081,-0.00087,0.00545,0.95430,0.00763,0.00545,3,12269,0,6282,0.00000,0.00000,0.00000,0,0,nan,0,0,0,4333,187491,0,0,0.000,0.000,0.000,0,0.000,0.000,0.000,0,0,4,0,0
PPG,1,95501,3821591552,27,497,504,0.000,0.000,0.000,0,0,0,0,0.00,nan,4,3,1,nan,3,3,24,1,1,13,13,0,0,0,3822788275,0.03613,0.00586,0.95068,0.95139,-0.00532,-0.00028,-0.00167,0.00558,0.95139,0.00392,0.00627,3,12193,0,6282,0.00000,0.00000,0.00000,0,0,nan,0,0,0,2620,187491,0,0,0.000,0.000,0.000,0,0.000,0.000,0.000,0,0,4,0,0
PPG,1,95502,3821631552,26,488,503,0.000,0.000,0.000,0,0,0,0,0.00,nan,4,3,1,nan,3,3,24,1,1,14,14,0,0,0,3822829772,0.03613,0.00757,0.95264,0.95335,-0.00585,-0.00108,-0.00141,0.00611,0.95576,0.00437,0.00618,3,12249,0,6282,0.00000,0.00000,0.00000,0,0,nan,0,0,0,4338,187491,0,0,0.000,0.000,0.000,0,0.000,0.000,0.000,0,0,4,0,0
PPG,1,95503,3821671552,25,489,503,0.000,0.000,0.000,0,0,0,0,0.00,nan,4,3,1,nan,3,3,24,1,1,15,15,0,0,0,3822868671,0.04004,0.00415,0.95190,0.95276,-0.00532,-0.00081,-0.00221,0.00581,0.95356,0.00192,0.00615,3,12269,0,6282,0.00000,0.00000,0.00000,0,0,nan,0,0,0,4330,187491,0,0,0.000,0.000,0.000,0,0.000,0.000,0.000,0,0,4,0,0
PPG,1,95504,3821711552,25,503,510,0.000,0.000,0.000,0,0,0,0,0.00,nan,4,3,1,nan,3,3,24,1,1,16,16,0,0,0,3822907540,0.04199,0.00537,0.94702,0.94797,-0.00718,-0.00055,-0.00221,0.00753,0.95458,0.00408,0.00753,3,12257,0,6282,0.00000,0.00000,0.00000,0,0,nan,0,0,0,2614,187491,0,0,0.000,0.000,0.000,0,0.000,0.000,0.000,0,0,4,0,0
PPG,1,95505,3821751552,26,492,503,0.000,0.000,0.000,0,0,0,0,0.00,nan,4,3,1,nan,3,3,24,1,1,17,17,0,0,0,3822948922,0.03638,0.00562,0.94946,0.95018,-0.00532,-0.00108,-0.00114,0.00554,0.95568,0.00554,0.00669,3,12227,0,6282,0.00000,0.00000,0.00000,0,0,nan,0,0,0,4342,187491,0,0,0.000,0.000,0.000,0,0.000,0.000,0.000,0,0,4,0,0
PPG,1,95506,3821791552,26,499,512,0.000,0.000,0.000,0,0,0,0,0.00,nan,4,3,1,nan,3,3,24,1,1,18,18,0,0,0,3822987766,0.03687,0.00659,0.95459,0.95532,-0.00532,-0.00001,-0.00114,0.00544,0.95532,0.00724,0.00703,3,12232,0,6282,0.00000,0.00000,0.00000,0,0,nan,0,0,0,2629,187491,0,0,0.000,0.000,0.000,0,0.000,0.000,0.000,0,0,4,0,0
PPG,1,95507,3821831552,25,488,502,0.000,0.000,0.000,0,0,0,0,0.00,nan,4,3,1,nan,3,3,24,1,1,19,19,0,0,0,3823029183,0.03662,0.00415,0.95557,0.95628,-0.00505,-0.00081,-0.00167,0.00538,0.95672,0.00460,0.00613,3,12206,0,6282,0.00000,0.00000,0.00000,0,0,nan,0,0,0,4327,187491,0,0,0.000,0.000,0.000,0,0.000,0.000,0.000,0,0,4,0,0
PPG,1,95508,3821871552,39,495,511,0.000,0.000,0.000,0,0,0,0,0.00,nan,4,3,1,nan,3,3,24,1,1,20,20,0,0,0,3823067939,0.03711,0.00684,0.94751,0.94826,-0.00558,-0.00055,-0.00114,0.00573,0.95296,0.00761,0.00573,3,12129,0,6282,0.00000,0.00000,0.00000,0,0,nan,0,0,0,2595,187491,0,0,0.000,0.000,0.000,0,0.000,0.000,0.000,0,0,4,0,0
PPG,1,95509,3821911552,25,503,513,0.000,0.000,0.000,0,0,0,0,0.00,nan,4,3,1,nan,3,3,24,1,1,21,21,0,0,0,3823109372,0.03711,0.00928,0.95215,0.95292,-0.00665,-0.00028,-0.00141,0.00680,0.95780,0.00954,0.00680,3,12123,0,6282,0.00000,0.00000,0.00000,0,0,nan,0,0,0,4303,187491,0,0,0.000,0.000,0.000,0,0.000,0.000,0.000,0,0,4,0,0
PPG,1,95510,3821951552,25,494,513,0.000,0.000,0.000,0,0,0,0,0.00,nan,4,3,1,nan,3,3,24,1,1,22,22,0,0,0,3823147885,0.03979,0.00464,0.94971,0.95055,-0.00532,0.00052,-0.00194,0.00568,0.95900,0.01075,0.00651,3,12127,0,6282,0.00000,0.00000,0.00000,0,0,nan,0,0,0,2597,187491,0,0,0.000,0.000,0.000,0,0.000,0.000,0.000,0,0,4,0,0
PPG,1,95511,3821991552,25,495,512,0.000,0.000,0.000,0,0,0,0,0.00,nan,4,3,1,nan,3,3,24,1,1,23,23,0,0,0,3823189109,0.03906,0.00171,0.95703,0.95783,-0.00558,-0.00028,-0.00114,0.00571,0.95783,0.00576,0.00571,3,12121,0,6282,0.00000,0.00000,0.00000,0,0,nan,0,0,0,4298,187491,0,0,0.000,0.000,0.000,0,0.000,0.000,0.000,0,0,4,0,0
PPG,1,95512,3822031552,25,496,520,0.000,0.000,0.000,0,0,0,0,0.00,nan,4,3,1,nan,3,3,24,1,1,24,24,0,0,0,3823227624,0.03784,0.00586,0.94824,0.94901,-0.00638,0.00052,-0.00114,0.00651,0.95178,0.00605,0.00651,3,12128,0,6282,0.00000,0.00000,0.00000,0,0,nan,0,0,0,2595,187491,0,0,0.000,0.000,0.000,0,0.000,0.000,0.000,0,0,4,0,0
PPG,1,95513,3822071552,25,492,509,0.000,0.000,0.000,0,0,0,0,0.00,nan,4,3,1,nan,3,3,24,1,1,25,25,0,0,0,3823268749,0.03711,0.00928,0.95215,0.95292,-0.00638,-0.00028,-0.00114,0.00649,0.95542,0.00640,0.00650,3,12137,0,6282,0.00000,0.00000,0.00000,0,0,nan,0,0,0,4309,187491,0,0,0.000,0.000,0.000,0,0.000,0.000,0.000,0,0,4,0,0
PPG,1,95514,3822111552,25,482,504,0.000,0.000,0.000,0,0,0,0,0.00,nan,4,3,1,nan,3,3,24,1,1,26,26,0,0,0,3823307344,0.04004,0.00562,0.95068,0.95154,-0.00585,-0.00081,-0.00167,0.00614,0.95399,0.00797,0.00670,3,12117,0,6282,0.00000,0.00000,0.00000,0,0,nan,0,0,0,2600,187491,0,0,0.000,0.000,0.000,0,0.000,0.000,0.000,0,0,4,0,0
PPG,1,95515,3822151552,25,492,498,0.000,0.000,0.000,0,0,0,0,0.00,nan,4,3,1,nan,3,3,24,1,1,27,27,0,0,0,3823348479,0.04028,0.00513,0.95410,0.95497,-0.00558,-0.00108,-0.00247,0.00620,0.95497,0.00336,0.00626,3,12117,0,6282,0.00000,0.00000,0.00000,0,0,nan,0,0,0,2599,187491,0,0,0.000,0.000,0.000,0,0.000,0.000,0.000,0,0,4,0,0
PPG,1,95516,3822191552,25,495,506,0.000,0.000,0.000,0,0,0,0,0.00,nan,4,3,1,nan,3,3,24,1,1,28,28,0,0,0,3823389648,0.04199,0.00781,0.95117,0.95213,-0.00612,-0.00081,-0.00087,0.00623,0.95278,0.00756,0.00686,3,12114,0,6282,0.00000,0.00000,0.00000,0,0,nan,0,0,0,4304,187491,0,0,0.000,0.000,0.000,0,0.000,0.000,0.000,0,0,4,0,0
PPG,1,95517,3822231552,25,502,516,0.000,0.000,0.000,0,0,0,0,0.00,nan,4,3,1,nan,3,3,24,1,1,29,29,0,0,0,3823428175,0.03662,0.00513,0.95044,0.95116,-0.00612,-0.00028,-0.00221,0.00651,0.96046,0.00931,0.00660,3,12123,0,6282,0.00000,0.00000,0.00000,0,0,nan,0,0,0,2608,187491,0,0,0.000,0.000,0.000,0,0.000,0.000,0.000,0,0,4,0,0
PPG,1,95518,3822271552,25,497,520,0.000,0.000,0.000,0,0,0,0,0.00,nan,4,3,1,nan,3,3,24,1,1,30,30,0,0,0,3823469300,0.04053,0.00391,0.94775,0.94863,-0.00585,-0.00028,-0.00141,0.00602,0.95402,0.00789,0.00602,3,12123,0,6282,0.00000,0.00000,0.00000,0,0,nan,0,0,0,4321,187491,0,0,0.000,0.000,0.000,0,0.000,0.000,0.000,0,0,4,0,0
PPG,1,95519,3822311552,25,478,506,0.000,0.000,0.000,0,0,0,0,0.00,nan,4,3,1,nan,3,3,24,1,1,31,31,0,0,0,3823507878,0.03857,0.00854,0.94629,0.94711,-0.00585,-0.00055,-0.00221,0.00628,0.95124,0.00319,0.00662,3,12138,0,6282,0.00000,0.00000,0.00000,0,0,nan,0,0,0,2595,187491,0,0,0.000,0.000,0.000,0,0.000,0.000,0.000,0,0,4,0,0
PPG,1,95520,3822351552,25,486,504,0.000,0.000,0.000,0,0,0,0,0.00,nan,4,3,1,nan,3,3,24,1,1,0,0,0,0,0,3823548980,0.03735,0.00659,0.95044,0.95120,-0.00558,-0.00028,-0.00247,0.00611,0.95311,0.00599,0.00732,3,12118,0,6282,0.00000,0.00000,0.00000,0,0,nan,0,0,0,4295,187491,0,0,0.000,0.000,0.000,0,0.000,0.000,0.000,0,0,4,0,0
PPG,1,95521,3822391552,24,489,507,0.000,0.000,0.000,0,0,0,0,0.00,nan,4,3,1,nan,3,3,24,1,1,1,1,0,0,0,3823606360,0.03809,0.00610,0.95190,0.95269,-0.00505,-0.00108,-0.00167,0.00543,0.95645,0.00525,0.00643,4,18820,0,6282,0.00000,0.00000,0.00000,0,0,nan,0,0,0,14458,187491,0,0,0.000,0.000,0.000,0,0.000,0.000,0.000,0,0,4,0,0
PPG,1,95522,3822431552,24,502,510,0.000,0.000,0.000,0,0,0,0,0.00,nan,4,3,1,nan,3,3,24,1,1,2,2,0,0,0,3823632846,0.03979,0.00415,0.95190,0.95274,-0.00585,-0.00001,0.00019,0.00585,0.95274,0.00270,0.00619,2,12143,0,6282,0.00000,0.00000,0.00000,0,0,nan,0,0,0,2588,187491,0,0,0.000,0.000,0.000,0,0.000,0.000,0.000,0,0,4,0,0
PPG,1,95523,3822471552,29,490,513,0.000,0.000,0.000,0,0,0,0,0.00,nan,4,3,1,nan,3,3,24,1,1,3,3,0,0,0,3823671352,0.03394,0.00977,0.94897,0.94963,-0.00479,-0.00108,-0.00114,0.00504,0.95151,0.00213,0.00539,3,12124,0,6282,0.00000,0.00000,0.00000,0,0,nan,0,0,0,2590,187491,0,0,0.000,0.000,0.000,0,0.000,0.000,0.000,0,0,4,0,0
PPG,1,95524,3822511552,26,498,516,0.000,0.000,0.000,0,0,0,0,0.00,nan,4,3,1,nan,3,3,24,1,1,4,4,0,0,0,3823710022,0.04028,0.00513,0.95386,0.95472,-0.00558,-0.00028,-0.00194,0.00592,0.95800,0.00837,0.00596,3,12110,0,6282,0.00000,0.00000,0.00000,0,0,nan,0,0,0,4299,187491,0,0,0.000,0.000,0.000,0,0.000,0.000,0.000,0,0,4,0,0
PPG,1,95525,3822551552,28,489,495,0.000,0.000,0.000,0,0,0,0,0.00,nan,4,3,1,nan,3,3,24,1,1,5,5,0,0,0,3823748519,0.04028,0.00537,0.94873,0.94960,-0.00452,-0.00108,-0.00194,0.00503,0.95385,0.00238,0.00631,3,12107,0,6282,0.00000,0.00000,0.00000,0,0,nan,0,0,0,2596,187491,0,0,0.000,0.000,0.000,0,0.000,0.000,0.000,0,0,4,0,0
PPG,1,95526,3822591552,25,488,501,0.000,0.000,0.000,0,0,0,0,0.00,nan,4,3,1,nan,3,3,24,1,1,6,6,0,0,0,3823789654,0.03735,0.00977,0.95337,0.95415,-0.00558,-0.00108,-0.00194,0.00601,0.95900,0.00919,0.00607,3,12139,0,6282,0.00000,0.00000,0.00000,0,0,nan,0,0,0,4300,187491,0,0,0.000,0.000,0.000,0,0.000,0.000,0.000,0,0,4,0,0
PPG,1,95527,3822631552,25,499,499,0.000,0.000,0.000,0,0,0,0,0.00,nan,4,3,1,nan,3,3,24,1,1,7,7,0,0,0,3823828157,0.03882,0.00757,0.95093,0.95175,-0.00479,-0.00108,-0.00167,0.00518,0.95175,0.00244,0.00651,3,12111,0,6282,0.00000,0.00000,0.00000,0,0,nan,0,0,0,2605,187491,0,0,0.000,0.000,0.000,0,0.000,0.000,0.000,0,0,4,0,0
PPG,1,95528,3822671552,25,499,512,0.000,0.000,0.000,0,0,0,0,0.00,nan,4,3,1,nan,3,3,24,1,1,8,8,0,0,0,3823869281,0.03833,0.00732,0.94727,0.94807,-0.00638,-0.00108,-0.00274,0.00703,0.95404,0.00530,0.00703,3,12128,0,6282,0.00000,0.00000,0.00000,0,0,nan,0,0,0,4319,187491,0,0,0.000,0.000,0.000,0,0.000,0.000,0.000,0,0,4,0,0
PPG,1,95529,3822711552,25,506,520,0.000,0.000,0.000,0,0,0,0,0.00,nan,4,3,1,nan,3,3,24,1,1,9,9,0,0,0,3823907864,0.03931,0.00342,0.94482,0.94565,-0.00558,-0.00161,-0.00114,0.00592,0.95317,0.00655,0.00620,3,12115,0,6282,0.00000,0.00000,0.00000,0,0,nan,0,0,0,2595,187491,0,0,0.000,0.000,0.000,0,0.000,0.000,0.000,0,0,4,0,0
PPG,1,95530,3822751552,25,478,501,0.000,0.000,0.000,0,0,0,0,0.00,nan,4,3,1,nan,3,3,24,1,1,10,10,0,0,0,3823948976,0.04077,0.00806,0.94824,0.94915,-0.00612,-0.00028,-0.00141,0.00628,0.95526,0.00961,0.00655,3,12126,0,6282,0.00000,0.00000,0.00000,0,0,nan,0,0,0,4301,187491,0,0,0.000,0.000,0.000,0,0.000,0.000,0.000,0,0,4,0,0
PPG,1,95531,3822791552,26,488,489,0.000,0.000,0.000,0,0,0,0,0.00,nan,4,3,1,nan,3,3,24,1,1,11,11,0,0,0,3823987511,0.03882,0.00439,0.95215,0.95295,-0.00558,-0.00001,-0.00221,0.00600,0.95295,0.00304,0.00600,3,12138,0,6282,0.00000,0.00000,0.00000,0,0,nan,0,0,0,2603,187491,0,0,0.000,0.000,0.000,0,0.000,0.000,0.000,0,0,4,0,0
PPG,1,95532,3822831552,25,489,501,0.000,0.000,0.000,0,0,0,0,0.00,nan,4,3,1,nan,3,3,24,1,1,12,12,0,0,0,3824028646,0.03345,0.00537,0.95166,0.95226,-0.00612,-0.00081,-0.00274,0.00675,0.95543,0.00628,0.00675,3,12115,0,6282,0.00000,0.00000,0.00000,0,0,nan,0,0,0,2599,187491,0,0,0.000,0.000,0.000,0,0.000,0.000,0.000,0,0,4,0,0
PPG,1,95533,3822871552,25,490,505,0.000,0.000,0.000,0,0,0,0,0.00,nan,4,3,1,nan,3,3,24,1,1,13,13,0,0,0,3824069746,0.03784,0.00586,0.95166,0.95243,-0.00638,-0.00081,-0.00141,0.00659,0.95270,0.00489,0.00659,3,12115,0,6282,0.00000,0.00000,0.00000,0,0,nan,0,0,0,4295,187491,0,0,0.000,0.000,0.000,0,0.000,0.000,0.000,0,0,4,0,0
PPG,1,95534,3822911552,25,498,507,0.000,0.000,0.000,0,0,0,0,0.00,nan,4,3,1,nan,3,3,24,1,1,14,14,0,0,0,3824108327,0.04053,0.00464,0.95020,0.95107,-0.00612,-0.00028,-0.00194,0.00642,0.95401,0.00392,0.00729,3,12126,0,6282,0.00000,0.00000,0.00000,0,0,nan,0,0,0,2599,187491,0,0,0.000,0.000,0.000,0,0.000,0.000,0.000,0,0,4,0,0
PPG,1,95535,3822951552,25,505,521,0.000,0.000,0.000,0,0,0,0,0.00,nan,4,3,1,nan,3,3,24,1,1,15,15,0,0,0,3824149458,0.03809,0.01001,0.94849,0.94930,-0.00585,-0.00001,-0.00194,0.00616,0.94970,0.00296,0.00651,3,12117,0,6282,0.00000,0.00000,0.00000,0,0,nan,0,0,0,4305,187491,0,0,0.000,0.000,0.000,0,0.000,0.000,0.000,0,0,4,0,0
PPG,1,95536,3822991552,38,472,511,0.000,0.000,0.000,0,0,0,0,0.00,nan,4,3,1,nan,3,3,24,1,1,16,16,0,0,0,3824187966,0.04053,0.00659,0.94629,0.94718,-0.00558,-0.00081,-0.00087,0.00571,0.95677,0.00959,0.00582,3,12116,0,6282,0.00000,0.00000,0.00000,0,0,nan,0,0,0,2613,187491,0,0,0.000,0.000,0.000,0,0.000,0.000,0.000,0,0,4,0,0
PPG,1,95537,3823031552,25,485,500,0.000,0.000,0.000,0,0,0,0,0.00,nan,4,3,1,nan,3,3,24,1,1,17,17,0,0,0,3824229481,0.03857,0.00391,0.95288,0.95367,-0.00612,-0.00188,-0.00194,0.00669,0.95367,0.00385,0.00669,3,12109,0,6282,0.00000,0.00000,0.00000,0,0,nan,0,0,0,4294,187491,0,0,0.000,0.000,0.000,0,0.000,0.000,0.000,0,0,4,0,0
PPG,1,95538,3823071552,25,481,518,0.000,0.000,0.000,0,0,0,0,0.00,nan,4,3,1,nan,3,3,24,1,1,18,18,0,0,0,3824268080,0.03809,0.00635,0.94995,0.95074,-0.00558,-0.00081,-0.00194,0.00597,0.95292,0.00406,0.00624,3,12119,0,6282,0.00000,0.00000,0.00000,0,0,nan,0,0,0,2600,187491,0,0,0.000,0.000,0.000,0,0.000,0.000,0.000,0,0,4,0,0
PPG,1,95539,3823111552,25,496,505,0.000,0.000,0.000,0,0,0,0,0.00,nan,4,3,1,nan,3,3,24,1,1,19,19,0,0,0,3824309259,0.04102,0.00659,0.95020,0.95110,-0.00532,0.00025,-0.00274,0.00599,0.95363,0.00253,0.00651,3,12141,0,6282,0.00000,0.00000,0.00000,0,0,nan,0,0,0,4302,187491,0,0,0.000,0.000,0.000,0,0.000,0.000,0.000,0,0,4,0,0
PPG,1,95540,3823151552,26,501,510,0.000,0.000,0.000,0,0,0,0,0.00,nan,4,3,1,nan,3,3,24,1,1,20,20,0,0,0,3824347768,0.03687,0.00781,0.95459,0.95533,-0.00692,-0.00108,-0.00141,0.00714,0.95678,0.01088,0.00714,3,12122,0,6282,0.00000,0.00000,0.00000,0,0,nan,0,0,0,2603,187491,0,0,0.000,0.000,0.000,0,0.000,0.000,0.000,0,0,4,0,0
PPG,1,95541,3823191552,26,504,511,0.000,0.000,0.000,0,0,0,0,0.00,nan,4,3,1,nan,3,3,24,1,1,21,21,0,0,0,3824389027,0.03809,0.00586,0.95288,0.95366,-0.00558,-0.00028,-0.00167,0.00584,0.95366,0.00919,0.00668,3,12115,0,6282,0.00000,0.00000,0.00000,0,0,nan,0,0,0,4373,187491,0,0,0.000,0.000,0.000,0,0.000,0.000,0.000,0,0,4,0,0
PPG,1,95542,3823231552,26,485,505,0.000,0.000,0.000,0,0,0,0,0.00,nan,4,3,1,nan,3,3,24,1,1,22,22,0,0,0,3824428046,0.04028,0.00464,0.95459,0.95545,-0.00585,-0.00081,-0.00114,0.00602,0.95545,0.00250,0.00635,3,12270,0,6282,0.00000,0.00000,0.00000,0,0,nan,0,0,0,2624,187491,0,0,0.000,0.000,0.000,0,0.000,0.000,0.000,0,0,4,0,0
PPG,1,95543,3823271552,25,492,511,0.000,0.000,0.000,0,0,0,0,0.00,nan,4,3,1,nan,3,3,24,1,1,23,23,0,0,0,3824469594,0.03784,0.00342,0.95337,0.95413,-0.00585,0.00025,-0.00141,0.00602,0.95544,0.00209,0.00666,3,12258,0,6282,0.00000,0.00000,0.00000,0,0,nan,0,0,0,4330,187491,0,0,0.000,0.000,0.000,0,0.000,0.000,0.000,0,0,4,0,0
PPG,1,95544,3823311552,25,500,506,0.000,0.000,0.000,0,0,0,0,0.00,nan,4,3,1,nan,3,3,24,1,1,24,24,0,0,0,3824508447,0.04102,0.00293,0.95239,0.95328,-0.00585,-0.00001,-0.00194,0.00616,0.95328,0.00615,0.00630,3,12204,0,6282,0.00000,0.00000,0.00000,0,0,nan,0,0,0,2636,187491,0,0,0.000,0.000,0.000,0,0.000,0.000,0.000,0,0,4,0,0
PPG,1,95545,3823351552,26,498,517,0.000,0.000,0.000,0,0,0,0,0.00,nan,4,3,1,nan,3,3,24,1,1,25,25,0,0,0,3824549987,0.03931,0.00220,0.94727,0.94808,-0.00505,-0.00001,-0.00274,0.00575,0.95959,0.00751,0.00652,3,12242,0,6282,0.00000,0.00000,0.00000,0,0,nan,0,0,0,4334,187491,0,0,0.000,0.000,0.000,0,0.000,0.000,0.000,0,0,4,0,0
PPG,1,95546,3823391552,24,503,509,0.000,0.000,0.000,0,0,0,0,0.00,nan,4,3,1,nan,3,3,24,1,1,26,26,0,0,0,3824608099,0.03394,0.00659,0.95508,0.95570,-0.00612,-0.00028,-0.00247,0.00660,0.95570,0.00438,0.00660,4,19260,0,6282,0.00000,0.00000,0.00000,0,0,nan,0,0,0,14848,187491,0,0,0.000,0.000,0.000,0,0.000,0.000,0.000,0,0,4,0,0
PPG,1,95547,3823431552,24,492,501,0.000,0.000,0.000,0,0,0,0,0.00,nan,4,3,1,nan,3,3,24,1,1,27,27,0,0,0,3824634809,0.03735,0.00122,0.95654,0.95727,-0.00532,-0.00081,-0.00114,0.00550,0.95727,0.00270,0.00550,2,12284,0,6282,0.00000,0.00000,0.00000,0,0,nan,0,0,0,2616,187491,0,0,0.000,0.000,0.000,0,0.000,0.000,0.000,0,0,4,0,0
PPG,1,95548,3823471552,25,502,509,0.000,0.000,0.000,0,0,0,0,0.00,nan,4,3,1,nan,3,3,24,1,1,28,28,0,0,0,3824673666,0.04053,0.00464,0.95190,0.95278,-0.00532,-0.00001,-0.00114,0.00544,0.95524,0.00601,0.00589,3,12245,0,6282,0.00000,0.00000,0.00000,0,0,nan,0,0,0,2645,187491,0,0,0.000,0.000,0.000,0,0.000,0.000,0.000,0,0,4,0,0
PPG,1,95549,3823511552,24,502,511,0.000,0.000,0.000,0,0,0,0,0.00,nan,4,3,1,nan,3,3,24,1,1,29,29,0,0,0,3824712620,0.04053,0.00610,0.95264,0.95352,-0.00585,-0.00028,-0.00274,0.00647,0.95352,0.00564,0.00647,3,12314,0,6282,0.00000,0.00000,0.00000,0,0,nan,0,0,0,2641,187491,0,0,0.000,0.000,0.000,0,0.000,0.000,0.000,0,0,4,0,0
PPG,1,95550,3823551552,25,499,502,0.000,0.000,0.000,0,0,0,0,0.00,nan,4,3,1,nan,3,3,24,1,1,30,30,0,0,0,3824751389,0.04004,0.00513,0.95459,0.95544,-0.00452,0.00052,-0.00141,0.00476,0.95544,0.00195,0.00644,3,12214,0,6282,0.00000,0.00000,0.00000,0,0,nan,0,0,0,4323,187491,0,0,0.000,0.000,0.000,0,0.000,0.000,0.000,0,0,4,0,0
PPG,1,95551,3823591552,26,483,502,0.000,0.000,0.000,0,0,0,0,0.00,nan,4,3,1,nan,3,3,24,1,1,31,31,0,0,0,3824790193,0.03809,0.00366,0.94434,0.94511,-0.00638,-0.00001,-0.00167,0.00660,0.94814,0.00730,0.00660,3,12237,0,6282,0.00000,0.00000,0.00000,0,0,nan,0,0,0,4326,187491,0,0,0.000,0.000,0.000,0,0.000,0.000,0.000,0,0,4,0,0
PPG,1,95552,3823631552,25,491,510,0.000,0.000,0.000,0,0,0,0,0.00,nan,4,3,1,nan,3,3,24,1,1,0,0,0,0,0,3824829044,0.04419,0.00879,0.95703,0.95809,-0.00585,-0.00028,-0.00274,0.00647,0.95809,0.01422,0.00726,3,12237,0,6282,0.00000,0.00000,0.00000,0,0,nan,0,0,0,4336,187491,0,0,0.000,0.000,0.000,0,0.000,0.000,0.000,0,0,4,0,0
PPG,1,95553,3823671552,25,503,506,0.000,0.000,0.000,0,0,0,0,0.00,nan,4,3,1,nan,3,3,24,1,1,1,1,0,0,0,3824867864,0.04028,0.00488,0.95068,0.95155,-0.00638,-0.00028,-0.00167,0.00661,0.95516,0.00619,0.00669,3,12233,0,6282,0.00000,0.00000,0.00000,0,0,nan,0,0,0,2610,187491,0,0,0.000,0.000,0.000,0,0.000,0.000,0.000,0,0,4,0,0
PPG,1,95554,3823711552,25,499,509,0.000,0.000,0.000,0,0,0,0,0.00,nan,4,3,1,nan,3,3,24,1,1,2,2,0,0,0,3824947725,0.03833,0.00537,0.95581,0.95659,-0.00665,-0.00108,-0.00114,0.00683,0.95659,0.00434,0.00686,2,62934,0,6287,0.00000,0.00000,0.00000,0,0,nan,0,0,0,58462,187491,0,0,0.000,0.000,0.000,0,0.000,0.000,0.000,0,0,4,0,0
PPG,1,95555,3823751552,26,482,509,0.000,0.000,0.000,0,0,0,0,0.00,nan,4,3,1,nan,3,3,24,1,1,3,3,0,0,0,3824947725,0.03833,0.00537,0.95581,0.95659,-0.00665,-0.00108,-0.00114,0.00683,0.00000,0.00000,0.00000,0,62934,0,6287,0.00000,0.00000,0.00000,0,0,nan,0,0,0,11714,187491,0,0,0.000,0.000,0.000,0,0.000,0.000,0.000,0,0,4,0,0
PPG,1,95556,3823791552,24,489,510,0.000,0.000,0.000,0,0,0,0,0.00,nan,4,3,1,nan,3,3,24,1,1,4,4,0,0,0,3824993916,0.03833,0.00781,0.95068,0.95149,-0.00665,-0.00055,-0.00087,0.00673,0.95203,0.00703,0.00723,3,12227,0,6288,0.00000,0.00000,0.00000,0,0,nan,0,0,0,2617,187491,0,0,0.000,0.000,0.000,0,0.000,0.000,0.000,0,0,4,0,0
PPG,1,95557,3823831552,35,498,521,0.000,0.000,0.000,0,0,0,0,0.00,nan,4,3,1,nan,3,3,24,1,1,5,5,0,0,0,3825032593,0.03589,0.00464,0.95215,0.95284,-0.00612,0.00025,-0.00194,0.00642,0.95470,0.00651,0.00642,3,12131,0,6288,0.00000,0.00000,0.00000,0,0,nan,0,0,0,2595,187491,0,0,0.000,0.000,0.000,0,0.000,0.000,0.000,0,0,4,0,0
PPG,1,95558,3823871552,25,506,509,0.000,0.000,0.000,0,0,0,0,0.00,nan,4,3,1,nan,3,3,24,1,1,6,6,0,0,0,3825071323,0.03882,0.00659,0.95190,0.95272,-0.00558,-0.00081,-0.00274,0.00627,0.95570,0.00286,0.00627,3,12133,0,6288,0.00000,0.00000,0.00000,0,0,nan,0,0,0,4301,187491,0,0,0.000,0.000,0.000,0,0.000,0.000,0.000,0,0,4,0,0
PPG,1,95559,3823911552,25,486,497,0.000,0.000,0.000,0,0,0,0,0.00,nan,4,3,1,nan,3,3,24,1,1,7,7,0,0,0,3825109832,0.03857,0.00610,0.95557,0.95636,-0.00638,-0.00135,-0.00141,0.00667,0.95636,0.00388,0.00667,3,12118,0,6288,0.00000,0.00000,0.00000,0,0,nan,0,0,0,4303,187491,0,0,0.000,0.000,0.000,0,0.000,0.000,0.000,0,0,4,0,0
PPG,1,95560,3823951552,25,493,498,0.000,0.000,0.000,0,0,0,0,0.00,nan,4,3,1,nan,3,3,24,1,1,8,8,0,0,0,3825148448,0.03711,0.00562,0.95337,0.95411,-0.00612,-0.00135,-0.00274,0.00684,0.95411,0.00630,0.00701,3,12120,0,6288,0.00000,0.00000,0.00000,0,0,nan,0,0,0,2602,187491,0,0,0.000,0.000,0.000,0,0.000,0.000,0.000,0,0,4,0,0
PPG,1,95561,3823991552,25,498,515,0.000,0.000,0.000,0,0,0,0,0.00,nan,4,3,1,nan,3,3,24,1,1,9,9,0,0,0,3825189554,0.03906,0.00317,0.95557,0.95637,-0.00532,-0.00135,-0.00114,0.00560,0.95637,0.00768,0.00653,3,12114,0,6288,0.00000,0.00000,0.00000,0,0,nan,0,0,0,4295,187491,0,0,0.000,0.000,0.000,0,0.000,0.000,0.000,0,0,4,0,0
PPG,1,95562,3824031552,25,499,519,0.000,0.000,0.000,0,0,0,0,0.00,nan,4,3,1,nan,3,3,24,1,1,10,10,0,0,0,3825228153,0.03857,0.00415,0.94873,0.94952,-0.00558,-0.00108,-0.00141,0.00586,0.95482,0.00531,0.00617,3,12152,0,6288,0.00000,0.00000,0.00000,0,0,nan,0,0,0,2600,187491,0,0,0.000,0.000,0.000,0,0.000,0.000,0.000,0,0,4,0,0
PPG,1,95563,3824071552,25,481,513,0.000,0.000,0.000,0,0,0,0,0.00,nan,4,3,1,nan,3,3,24,1,1,11,11,0,0,0,3825269279,0.03784,0.00366,0.95435,0.95510,-0.00479,-0.00108,-0.00221,0.00538,0.95510,0.00437,0.00576,3,12119,0,6288,0.00000,0.00000,0.00000,0,0,nan,0,0,0,4304,187491,0,0,0.000,0.000,0.000,0,0.000,0.000,0.000,0,0,4,0,0
PPG,1,95564,3824111552,25,479,498,0.000,0.000,0.000,0,0,0,0,0.00,nan,4,3,1,nan,3,3,24,1,1,12,12,0,0,0,3825307792,0.03882,0.00537,0.94946,0.95027,-0.00532,-0.00188,-0.00061,0.00567,0.95492,0.00441,0.00680,3,12117,0,6288,0.00000,0.00000,0.00000,0,0,nan,0,0,0,2595,187491,0,0,0.000,0.000,0.000,0,0.000,0.000,0.000,0,0,4,0,0
PPG,1,95565,3824151552,25,486,496,0.000,0.000,0.000,0,0,0,0,0.00,nan,4,3,1,nan,3,3,24,1,1,13,13,0,0,0,3825348948,0.04028,0.00659,0.94995,0.95083,-0.00505,-0.00161,-0.00167,0.00556,0.95416,0.00334,0.00617,3,12115,0,6288,0.00000,0.00000,0.00000,0,0,nan,0,0,0,2595,187491,0,0,0.000,0.000,0.000,0,0.000,0.000,0.000,0,0,4,0,0
PPG,1,95566,3824191552,25,489,513,0.000,0.000,0.000,0,0,0,0,0.00,nan,4,3,1,nan,3,3,24,1,1,14,14,0,0,0,3825390080,0.03760,0.01025,0.95117,0.95197,-0.00612,-0.00028,-0.00221,0.00651,0.95273,0.00316,0.00651,3,12125,0,6288,0.00000,0.00000,0.00000,0,0,nan,0,0,0,4301,187491,0,0,0.000,0.000,0.000,0,0.000,0.000,0.000,0,0,4,0,0
PPG,1,95567,3824231552,25,503,506,0.000,0.000,0.000,0,0,0,0,0.00,nan,4,3,1,nan,3,3,24,1,1,15,15,0,0,0,3825428665,0.04126,0.00293,0.95239,0.95329,-0.00585,0.00025,-0.00194,0.00617,0.95329,0.00296,0.00671,3,12177,0,6288,0.00000,0.00000,0.00000,0,0,nan,0,0,0,2604,187491,0,0,0.000,0.000,0.000,0,0.000,0.000,0.000,0,0,4,0,0
PPG,1,95568,3824271552,25,501,513,0.000,0.000,0.000,0,0,0,0,0.00,nan,4,3,1,nan,3,3,24,1,1,16,16,0,0,0,3825469790,0.03955,0.00513,0.95679,0.95762,-0.00638,-0.00001,-0.00114,0.00648,0.95762,0.00861,0.00661,3,12117,0,6288,0.00000,0.00000,0.00000,0,0,nan,0,0,0,4308,187491,0,0,0.000,0.000,0.000,0,0.000,0.000,0.000,0,0,4,0,0
PPG,1,95569,3824311552,25,485,503,0.000,0.000,0.000,0,0,0,0,0.00,nan,4,3,1,nan,3,3,24,1,1,17,17,0,0,0,3825508334,0.04053,0.00586,0.95093,0.95181,-0.00479,-0.00055,-0.00247,0.00541,0.95636,0.00928,0.00649,3,12122,0,6288,0.00000,0.00000,0.00000,0,0,nan,0,0,0,2599,187491,0,0,0.000,0.000,0.000,0,0.000,0.000,0.000,0,0,4,0,0
PPG,1,95570,3824351552,25,482,489,0.000,0.000,0.000,0,0,0,0,0.00,nan,4,3,1,nan,3,3,24,1,1,18,18,0,0,0,3825549455,0.03906,0.00830,0.94678,0.94762,-0.00612,0.00052,-0.00141,0.00630,0.95272,0.00510,0.00630,3,12117,0,6288,0.00000,0.00000,0.00000,0,0,nan,0,0,0,4300,187491,0,0,0.000,0.000,0.000,0,0.000,0.000,0.000,0,0,4,0,0
PPG,1,95571,3824391552,25,494,498,0.000,0.000,0.000,0,0,0,0,0.00,nan,4,3,1,nan,3,3,24,1,1,19,19,0,0,0,3825587964,0.03906,0.00732,0.94727,0.94810,-0.00505,-0.00028,-0.00141,0.00525,0.95341,0.00579,0.00571,3,12115,0,6288,0.00000,0.00000,0.00000,0,0,nan,0,0,0,2599,187491,0,0,0.000,0.000,0.000,0,0.000,0.000,0.000,0,0,4,0,0
PPG,1,95572,3824431552,25,494,499,0.000,0.000,0.000,0,0,0,0,0.00,nan,4,3,1,nan,3,3,24,1,1,20,20,0,0,0,3825628924,0.04028,0.00537,0.94604,0.94692,-0.00558,-0.00001,-0.00274,0.00622,0.95369,0.00677,0.00622,2,12220,0,6289,0.00000,0.00000,0.00000,0,0,nan,0,0,0,2595,187491,0,0,0.000,0.000,0.000,0,0.000,0.000,0.000,0,0,4,0,0
PPG,1,95573,3824471552,26,491,504,0.000,0.000,0.000,0,0,0,0,0.00,nan,4,3,1,nan,3,3,24,1,1,21,21,0,0,0,3825670080,0.04517,0.00732,0.95068,0.95178,-0.00532,0.00025,-0.00247,0.00587,0.95363,0.00672,0.00730,3,12126,0,6289,0.00000,0.00000,0.00000,0,0,nan,0,0,0,4301,187491,0,0,0.000,0.000,0.000,0,0.000,0.000,0.000,0,0,4,0,0
PPG,1,95574,3824511552,25,505,506,0.000,0.000,0.000,0,0,0,0,0.00,nan,4,3,1,nan,3,3,24,1,1,22,22,0,0,0,3825708626,0.04053,0.00464,0.94922,0.95009,-0.00558,-0.00028,-0.00141,0.00577,0.95205,0.00233,0.00577,3,12140,0,6289,0.00000,0.00000,0.00000,0,0,nan,0,0,0,2595,187491,0,0,0.000,0.000,0.000,0,0.000,0.000,0.000,0,0,4,0,0
PPG,1,95575,3824551552,25,497,516,0.000,0.000,0.000,0,0,0,0,0.00,nan,4,3,1,nan,3,3,24,1,1,23,23,0,0,0,3825749774,0.03784,0.00513,0.94849,0.94925,-0.00505,-0.00028,-0.00141,0.00525,0.96092,0.01091,0.00542,3,12122,0,6289,0.00000,0.00000,0.00000,0,0,nan,0,0,0,4304,187491,0,0,0.000,0.000,0.000,0,0.000,0.000,0.000,0,0,4,0,0
PPG,1,95576,3824591552,25,501,521,0.000,0.000,0.000,0,0,0,0,0.00,nan,4,3,1,nan,3,3,24,1,1,24,24,0,0,0,3825788300,0.04028,0.00806,0.95410,0.95499,-0.00505,-0.00055,-0.00114,0.00521,0.95700,0.00682,0.00626,3,12123,0,6289,0.00000,0.00000,0.00000,0,0,nan,0,0,0,2597,187491,0,0,0.000,0.000,0.000,0,0.000,0.000,0.000,0,0,4,0,0
PPG,1,95577,3824631552,25,490,514,0.000,0.000,0.000,0,0,0,0,0.00,nan,4,3,1,nan,3,3,24,1,1,25,25,0,0,0,3825829440,0.03735,0.00366,0.95239,0.95313,-0.00532,-0.00028,-0.00194,0.00567,0.95334,0.00164,0.00754,3,12141,0,6289,0.00000,0.00000,0.00000,0,0,nan,0,0,0,4313,187491,0,0,0.000,0.000,0.000,0,0.000,0.000,0.000,0,0,4,0,0
PPG,1,95578,3824671552,25,484,501,0.000,0.000,0.000,0,0,0,0,0.00,nan,4,3,1,nan,3,3,24,1,1,26,26,0,0,0,3825867964,0.03784,0.00488,0.94507,0.94584,-0.00665,-0.00055,-0.00221,0.00703,0.94846,0.00677,0.00703,3,12112,0,6289,0.00000,0.00000,0.00000,0,0,nan,0,0,0,2599,187491,0,0,0.000,0.000,0.000,0,0.000,0.000,0.000,0,0,4,0,0
PPG,1,95579,3824711552,25,489,495,0.000,0.000,0.000,0,0,0,0,0.00,nan,4,3,1,nan,3,3,24,1,1,27,27,0,0,0,3825909084,0.03662,0.00757,0.95215,0.95288,-0.00425,-0.00055,-0.00141,0.00451,0.95498,0.00914,0.00518,3,12125,0,6289,0.00000,0.00000,0.00000,0,0,nan,0,0,0,2604,187491,0,0,0.000,0.000,0.000,0,0.000,0.000,0.000,0,0,4,0,0
PPG,1,95580,3824751552,25,487,500,0.000,0.000,0.000,0,0,0,0,0.00,nan,4,3,1,nan,3,3,24,1,1,28,28,0,0,0,3825950279,0.03687,0.00586,0.95166,0.95239,-0.00505,-0.00055,-0.00114,0.00521,0.95292,0.00193,0.00632,3,12124,0,6289,0.00000,0.00000,0.00000,0,0,nan,0,0,0,4304,187491,0,0,0.000,0.000,0.000,0,0.000,0.000,0.000,0,0,4,0,0
PPG,1,95581,3824791552,25,504,502,0.000,0.000,0.000,0,0,0,0,0.00,nan,4,3,1,nan,3,3,24,1,1,29,29,0,0,0,3825988806,0.04102,0.01025,0.95020,0.95114,-0.00558,-0.00055,-0.00194,0.00594,0.95125,0.00114,0.00594,3,12122,0,6289,0.00000,0.00000,0.00000,0,0,nan,0,0,0,2596,187491,0,0,0.000,0.000,0.000,0,0.000,0.000,0.000,0,0,4,0,0
PPG,1,95582,3824831552,37,501,519,0.000,0.000,0.000,0,0,0,0,0.00,nan,4,3,1,nan,3,3,24,1,1,30,30,0,0,0,3826029917,0.04248,0.00586,0.94824,0.94921,-0.00479,-0.00135,-0.00167,0.00524,0.95617,0.00833,0.00524,3,12119,0,6289,0.00000,0.00000,0.00000,0,0,nan,0,0,0,4322,187491,0,0,0.000,0.000,0.000,0,0.000,0.000,0.000,0,0,4,0,0
PPG,1,95583,3824871552,25,491,516,0.000,0.000,0.000,0,0,0,0,0.00,nan,4,3,1,nan,3,3,24,1,1,31,31,0,0,0,3826069153,0.04150,0.00610,0.94434,0.94527,-0.00558,-0.00055,-0.00167,0.00586,0.95379,0.00852,0.00586,3,12335,0,6289,0.00000,0.00000,0.00000,0,0,nan,0,0,0,2600,187491,0,0,0.000,0.000,0.000,0,0.000,0.000,0.000,0,0,4,0,0
PPG,1,95584,3824911552,25,493,516,0.000,0.000,0.000,0,0,0,0,0.00,nan,4,3,1,nan,3,3,24,1,1,0,0,0,0,0,3826110326,0.04077,0.00391,0.95117,0.95205,-0.00612,-0.00081,-0.00194,0.00647,0.95626,0.00553,0.00720,3,12115,0,6289,0.00000,0.00000,0.00000,0,0,nan,0,0,0,4304,187491,0,0,0.000,0.000,0.000,0,0.000,0.000,0.000,0,0,4,0,0
PPG,1,95585,3824951552,25,497,513,0.000,0.000,0.000,0,0,0,0,0.00,nan,4,3,1,nan,3,3,24,1,1,1,1,0,0,0,3826148878,0.03857,0.00635,0.94897,0.94978,-0.00638,-0.00055,-0.00167,0.00662,0.95517,0.00539,0.00662,3,12161,0,6289,0.00000,0.00000,0.00000,0,0,nan,0,0,0,2595,187491,0,0,0.000,0.000,0.000,0,0.000,0.000,0.000,0,0,4,0,0
PPG,1,95586,3824991552,25,505,517,0.000,0.000,0.000,0,0,0,0,0.00,nan,4,3,1,nan,3,3,24,1,1,2,2,0,0,0,3826190081,0.03687,0.00732,0.95435,0.95509,-0.00638,-0.00081,-0.00221,0.00680,0.95509,0.00524,0.00680,3,12116,0,6289,0.00000,0.00000,0.00000,0,0,nan,0,0,0,4300,187491,0,0,0.000,0.000,0.000,0,0.000,0.000,0.000,0,0,4,0,0
PPG,1,95587,3825031552,38,476,498,0.000,0.000,0.000,0,0,0,0,0.00,nan,4,3,1,nan,3,3,24,1,1,3,3,0,0,0,3826228715,0.03882,0.00659,0.94800,0.94882,-0.00558,-0.00055,-0.00194,0.00594,0.95611,0.00841,0.00658,3,12121,0,6289,0.00000,0.00000,0.00000,0,0,nan,0,0,0,2631,187491,0,0,0.000,0.000,0.000,0,0.000,0.000,0.000,0,0,4,0,0
PPG,1,95588,3825071552,25,483,510,0.000,0.000,0.000,0,0,0,0,0.00,nan,4,3,1,nan,3,3,24,1,1,4,4,0,0,0,3826270321,0.04028,0.00928,0.94775,0.94865,-0.00558,0.00079,-0.00141,0.00581,0.95093,0.00211,0.00654,3,12256,0,6289,0.00000,0.00000,0.00000,0,0,nan,0,0,0,4347,187491,0,0,0.000,0.000,0.000,0,0.000,0.000,0.000,0,0,4,0,0
PPG,1,95589,3825111552,25,489,510,0.000,0.000,0.000,0,0,0,0,0.00,nan,4,3,1,nan,3,3,24,1,1,5,5,0,0,0,3826309205,0.03882,0.00610,0.95215,0.95296,-0.00665,0.00079,-0.00167,0.00690,0.95597,0.00732,0.00714,3,12236,0,6289,0.00000,0.00000,0.00000,0,0,nan,0,0,0,2631,187491,0,0,0.000,0.000,0.000,0,0.000,0.000,0.000,0,0,4,0,0
PPG,1,95590,3825151552,30,488,509,0.000,0.000,0.000,0,0,0,0,0.00,nan,4,3,1,nan,3,3,24,1,1,6,6,0,0,0,3826350672,0.03979,0.00366,0.95435,0.95518,-0.00505,-0.00028,-0.00141,0.00525,0.95788,0.00641,0.00646,3,12236,0,6289,0.00000,0.00000,0.00000,0,0,nan,0,0,0,4351,187491,0,0,0.000,0.000,0.000,0,0.000,0.000,0.000,0,0,4,0,0
PPG,1,95591,3825191552,26,491,522,0.000,0.000,0.000,0,0,0,0,0.00,nan,4,3,1,nan,3,3,24,1,1,7,7,0,0,0,3826389607,0.03760,0.00830,0.95117,0.95195,-0.00745,0.00079,-0.00167,0.00768,0.95195,0.00632,0.00768,3,12280,0,6289,0.00000,0.00000,0.00000,0,0,nan,0,0,0,4332,187491,0,0,0.000,0.000,0.000,0,0.000,0.000,0.000,0,0,4,0,0
PPG,1,95592,3825231552,26,486,503,0.000,0.000,0.000,0,0,0,0,0.00,nan,4,3,1,nan,3,3,24,1,1,8,8,0,0,0,3826428461,0.04297,0.00415,0.95337,0.95435,-0.00585,-0.00108,-0.00141,0.00611,0.95435,0.00316,0.00688,3,12261,0,6289,0.00000,0.00000,0.00000,0,0,nan,0,0,0,2635,187491,0,0,0.000,0.000,0.000,0,0.000,0.000,0.000,0,0,4,0,0
PPG,1,95593,3825271552,25,491,504,0.000,0.000,0.000,0,0,0,0,0.00,nan,4,3,1,nan,3,3,24,1,1,9,9,0,0,0,3826469980,0.03418,0.00366,0.95117,0.95179,-0.00558,-0.00081,-0.00141,0.00582,0.95389,0.00209,0.00630,3,12246,0,6289,0.00000,0.00000,0.00000,0,0,nan,0,0,0,4332,187491,0,0,0.000,0.000,0.000,0,0.000,0.000,0.000,0,0,4,0,0
PPG,1,95594,3825311552,27,495,503,0.000,0.000,0.000,0,0,0,0,0.00,nan,4,3,1,nan,3,3,24,1,1,10,10,0,0,0,3826508775,0.03760,0.01050,0.95752,0.95831,-0.00505,-0.00028,-0.00167,0.00533,0.95831,0.00972,0.00583,3,12223,0,6289,0.00000,0.00000,0.00000,0,0,nan,0,0,0,2635,187491,0,0,0.000,0.000,0.000,0,0.000,0.000,0.000,0,0,4,0,0
PPG,1,95595,3825351552,25,493,507,0.000,0.000,0.000,0,0,0,0,0.00,nan,4,3,1,nan,3,3,24,1,1,11,11,0,0,0,3826550345,0.04077,0.00244,0.95117,0.95205,-0.00558,-0.00055,-0.00141,0.00578,0.95372,0.00895,0.00720,3,12285,0,6289,0.00000,0.00000,0.00000,0,0,nan,0,0,0,4343,187491,0,0,0.000,0.000,0.000,0,0.000,0.000,0.000,0,0,4,0,0
PPG,1,95596,3825391552,25,493,501,0.000,0.000,0.000,0,0,0,0,0.00,nan,4,3,1,nan,3,3,24,1,1,12,12,0,0,0,3826589166,0.03979,0.00342,0.95044,0.95128,-0.00558,-0.00055,-0.00087,0.00568,0.95743,0.00539,0.00568,3,12208,0,6289,0.00000,0.00000,0.00000,0,0,nan,0,0,0,2625,187491,0,0,0.000,0.000,0.000,0,0.000,0.000,0.000,0,0,4,0,0
PPG,1,95597,3825431552,25,488,508,0.000,0.000,0.000,0,0,0,0,0.00,nan,4,3,1,nan,3,3,24,1,1,13,13,0,0,0,3826630436,0.03687,0.00513,0.95337,0.95410,-0.00665,0.00025,-0.00114,0.00675,0.95410,0.00251,0.00675,2,12314,0,6290,0.00000,0.00000,0.00000,0,0,nan,0,0,0,4328,187491,0,0,0.000,0.000,0.000,0,0.000,0.000,0.000,0,0,4,0,0
PPG,1,95598,3825471552,25,502,498,0.000,0.000,0.000,0,0,0,0,0.00,nan,4,3,1,nan,3,3,24,1,1,14,14,0,0,0,3826669335,0.04175,0.00610,0.95142,0.95235,-0.00638,0.00079,-0.00087,0.00649,0.95235,0.00496,0.00696,3,12222,0,6290,0.00000,0.00000,0.00000,0,0,nan,0,0,0,2619,187491,0,0,0.000,0.000,0.000,0,0.000,0.000,0.000,0,0,4,0,0
PPG,1,95599,3825511552,25,482,506,0.000,0.000,0.000,0,0,0,0,0.00,nan,4,3,1,nan,3,3,24,1,1,15,15,0,0,0,3826710780,0.03735,0.00806,0.94873,0.94950,-0.00665,-0.00188,-0.00194,0.00718,0.95518,0.00568,0.00718,3,12218,0,6290,0.00000,0.00000,0.00000,0,0,nan,0,0,0,4334,187491,0,0,0.000,0.000,0.000,0,0.000,0.000,0.000,0,0,4,0,0
PPG,1,95600,3825551552,26,495,511,0.000,0.000,0.000,0,0,0,0,0.00,nan,4,3,1,nan,3,3,24,1,1,16,16,0,0,0,3826749663,0.03882,0.00879,0.95093,0.95176,-0.00638,-0.00081,-0.00087,0.00649,0.95176,0.00369,0.00689,3,12249,0,6290,0.00000,0.00000,0.00000,0,0,nan,0,0,0,4331,187491,0,0,0.000,0.000,0.000,0,0.000,0.000,0.000,0,0,4,0,0
PPG,1,95601,3825591552,26,496,506,0.000,0.000,0.000,0,0,0,0,0.00,nan,4,3,1,nan,3,3,24,1,1,17,17,0,0,0,3826788527,0.03809,0.00781,0.95923,0.96002,-0.00558,-0.00001,-0.00194,0.00591,0.96002,0.01423,0.00736,3,12239,0,6290,0.00000,0.00000,0.00000,0,0,nan,0,0,0,2625,187491,0,0,0.000,0.000,0.000,0,0.000,0.000,0.000,0,0,4,0,0
PPG,1,95602,3825631552,25,489,512,0.000,0.000,0.000,0,0,0,0,0.00,nan,4,3,1,nan,3,3,24,1,1,18,18,0,0,0,3826829954,0.04224,0.00366,0.95508,0.95602,-0.00638,-0.00028,-0.00167,0.00661,0.95602,0.00657,0.00661,3,12226,0,6290,0.00000,0.00000,0.00000,0,0,nan,0,0,0,4325,187491,0,0,0.000,0.000,0.000,0,0.000,0.000,0.000,0,0,4,0,0
PPG,1,95603,3825671552,25,487,509,0.000,0.000,0.000,0,0,0,0,0.00,nan,4,3,1,nan,3,3,24,1,1,19,19,0,0,0,3826868714,0.03784,0.01050,0.95386,0.95467,-0.00585,-0.00028,-0.00194,0.00617,0.95467,0.00539,0.00623,3,12127,0,6290,0.00000,0.00000,0.00000,0,0,nan,0,0,0,2636,187491,0,0,0.000,0.000,0.000,0,0.000,0.000,0.000,0,0,4,0,0
PPG,1,95604,3825711552,36,478,506,0.000,0.000,0.000,0,0,0,0,0.00,nan,4,3,1,nan,3,3,24,1,1,20,20,0,0,0,3826910056,0.03784,0.00488,0.95532,0.95608,-0.00558,-0.00135,-0.00087,0.00581,0.95608,0.00484,0.00599,3,12122,0,6290,0.00000,0.00000,0.00000,0,0,nan,0,0,0,4301,187491,0,0,0.000,0.000,0.000,0,0.000,0.000,0.000,0,0,4,0,0
PPG,1,95605,3825751552,25,496,509,0.000,0.000,0.000,0,0,0,0,0.00,nan,4,3,1,nan,3,3,24,1,1,21,21,0,0,0,3826948634,0.03613,0.00513,0.95337,0.95407,-0.00612,-0.00081,-0.00061,0.00620,0.95407,0.00339,0.00620,3,12123,0,6290,0.00000,0.00000,0.00000,0,0,nan,0,0,0,2608,187491,0,0,0.000,0.000,0.000,0,0.000,0.000,0.000,0,0,4,0,0
PPG,1,95606,3825791552,25,494,514,0.000,0.000,0.000,0,0,0,0,0.00,nan,4,3,1,nan,3,3,24,1,1,22,22,0,0,0,3826989835,0.04004,0.00366,0.95093,0.95178,-0.00558,-0.00055,-0.00114,0.00573,0.96042,0.00635,0.00597,3,12120,0,6290,0.00000,0.00000,0.00000,0,0,nan,0,0,0,4303,187491,0,0,0.000,0.000,0.000,0,0.000,0.000,0.000,0,0,4,0,0
PPG,1,95607,3825831552,25,487,489,0.000,0.000,0.000,0,0,0,0,0.00,nan,4,3,1,nan,3,3,24,1,1,23,23,0,0,0,3827028384,0.03906,0.00952,0.95215,0.95300,-0.00505,-0.00055,-0.00087,0.00516,0.95717,0.00417,0.00688,3,12131,0,6290,0.00000,0.00000,0.00000,0,0,nan,0,0,0,2595,187491,0,0,0.000,0.000,0.000,0,0.000,0.000,0.000,0,0,4,0,0
PPG,1,95608,3825871552,29,502,507,0.000,0.000,0.000,0,0,0,0,0.00,nan,4,3,1,nan,3,3,24,1,1,24,24,0,0,0,3827069541,0.03809,0.00610,0.95264,0.95342,-0.00532,-0.00001,-0.00114,0.00544,0.95491,0.00171,0.00633,3,12151,0,6290,0.00000,0.00000,0.00000,0,0,nan,0,0,0,2599,187491,0,0,0.000,0.000,0.000,0,0.000,0.000,0.000,0,0,4,0,0
PPG,1,95609,3825911552,26,490,510,0.000,0.000,0.000,0,0,0,0,0.00,nan,4,3,1,nan,3,3,24,1,1,25,25,0,0,0,3827110667,0.03516,0.00439,0.95459,0.95525,-0.00532,-0.00055,-0.00141,0.00553,0.95790,0.00426,0.00661,3,12134,0,6290,0.00000,0.00000,0.00000,0,0,nan,0,0,0,4302,187491,0,0,0.000,0.000,0.000,0,0.000,0.000,0.000,0,0,4,0,0
PPG,1,95610,3825951552,25,500,508,0.000,0.000,0.000,0,0,0,0,0.00,nan,4,3,1,nan,3,3,24,1,1,26,26,0,0,0,3827149201,0.03931,0.00562,0.94995,0.95078,-0.00558,-0.00081,-0.00167,0.00589,0.95707,0.00629,0.00589,3,12124,0,6290,0.00000,0.00000,0.00000,0,0,nan,0,0,0,2609,187491,0,0,0.000,0.000,0.000,0,0.000,0.000,0.000,0,0,4,0,0
PPG,1,95611,3825991552,25,483,515,0.000,0.000,0.000,0,0,0,0,0.00,nan,4,3,1,nan,3,3,24,1,1,27,27,0,0,0,3827190361,0.03857,0.00269,0.95020,0.95098,-0.00532,-0.00028,-0.00087,0.00540,0.95249,0.00171,0.00743,3,12118,0,6290,0.00000,0.00000,0.00000,0,0,nan,0,0,0,4303,187491,0,0,0.000,0.000,0.000,0,0.000,0.000,0.000,0,0,4,0,0
PPG,1,95612,3826031552,25,481,496,0.000,0.000,0.000,0,0,0,0,0.00,nan,4,3,1,nan,3,3,24,1,1,28,28,0,0,0,3827228861,0.04272,0.00366,0.94922,0.95019,-0.00479,-0.00028,-0.00221,0.00528,0.95741,0.00918,0.00563,3,12115,0,6290,0.00000,0.00000,0.00000,0,0,nan,0,0,0,2595,187491,0,0,0.000,0.000,0.000,0,0.000,0.000,0.000,0,0,4,0,0
PPG,1,95613,3826071552,27,488,491,0.000,0.000,0.000,0,0,0,0,0.00,nan,4,3,1,nan,3,3,24,1,1,29,29,0,0,0,3827270012,0.04150,0.00439,0.95483,0.95575,-0.00558,-0.00001,-0.00034,0.00559,0.95602,0.00322,0.00592,3,12160,0,6290,0.00000,0.00000,0.00000,0,0,nan,0,0,0,4295,187491,0,0,0.000,0.000,0.000,0,0.000,0.000,0.000,0,0,4,0,0
PPG,1,95614,3826111552,26,492,504,0.000,0.000,0.000,0,0,0,0,0.00,nan,4,3,1,nan,3,3,24,1,1,30,30,0,0,0,3827308558,0.03809,0.00610,0.94678,0.94756,-0.00479,-0.00081,-0.00087,0.00493,0.95582,0.00486,0.00493,3,12122,0,6290,0.00000,0.00000,0.00000,0,0,nan,0,0,0,2601,187491,0,0,0.000,0.000,0.000,0,0.000,0.000,0.000,0,0,4,0,0
PPG,1,95615,3826151552,25,497,506,0.000,0.000,0.000,0,0,0,0,0.00,nan,4,3,1,nan,3,3,24,1,1,31,31,0,0,0,3827349673,0.03784,0.00610,0.95215,0.95292,-0.00558,0.00052,-0.00114,0.00572,0.95292,0.00269,0.00578,3,12114,0,6290,0.00000,0.00000,0.00000,0,0,nan,0,0,0,2605,187491,0,0,0.000,0.000,0.000,0,0.000,0.000,0.000,0,0,4,0,0
PPG,1,95616,3826191552,25,495,512,0.000,0.000,0.000,0,0,0,0,0.00,nan,4,3,1,nan,3,3,24,1,1,0,0,0,0,0,3827390861,0.04199,0.00684,0.94824,0.94920,-0.00505,-0.00028,-0.00087,0.00513,0.95874,0.01118,0.00563,3,12115,0,6290,0.00000,0.00000,0.00000,0,0,nan,0,0,0,4299,187491,0,0,0.000,0.000,0.000,0,0.000,0.000,0.000,0,0,4,0,0
PPG,1,95617,3826231552,25,491,514,0.000,0.000,0.000,0,0,0,0,0.00,nan,4,3,1,nan,3,3,24,1,1,1,1,0,0,0,3827429372,0.04175,0.00684,0.94678,0.94772,-0.00505,-0.00001,-0.00167,0.00532,0.95223,0.00451,0.00634,3,12120,0,6290,0.00000,0.00000,0.00000,0,0,nan,0,0,0,2596,187491,0,0,0.000,0.000,0.000,0,0.000,0.000,0.000,0,0,4,0,0
PPG,1,95618,3826271552,30,471,495,0.000,0.000,0.000,0,0,0,0,0.00,nan,4,3,1,nan,3,3,24,1,1,2,2,0,0,0,3827470529,0.03784,0.00513,0.94873,0.94950,-0.00638,-0.00055,-0.00141,0.00656,0.95618,0.00743,0.00656,3,12152,0,6290,0.00000,0.00000,0.00000,0,0,nan,0,0,0,4346,187491,0,0,0.000,0.000,0.000,0,0.000,0.000,0.000,0,0,4,0,0
PPG,1,95619,3826311552,25,485,488,0.000,0.000,0.000,0,0,0,0,0.00,nan,4,3,1,nan,3,3,24,1,1,3,3,0,0,0,3827509448,0.03687,0.00635,0.95020,0.95093,-0.00505,-0.00055,-0.00167,0.00535,0.95489,0.00539,0.00630,3,12107,0,6290,0.00000,0.00000,0.00000,0,0,nan,0,0,0,2599,187491,0,0,0.000,0.000,0.000,0,0.000,0.000,0.000,0,0,4,0,0
PPG,1,95620,3826351552,25,485,491,0.000,0.000,0.000,0,0,0,0,0.00,nan,4,3,1,nan,3,3,24,1,1,4,4,0,0,0,3827550549,0.03662,0.00757,0.95068,0.95142,-0.00399,-0.00055,-0.00274,0.00487,0.95421,0.00328,0.00658,3,12110,0,6290,0.00000,0.00000,0.00000,0,0,nan,0,0,0,4294,187491,0,0,0.000,0.000,0.000,0,0.000,0.000,0.000,0,0,4,0,0
PPG,1,95621,3826391552,25,495,496,0.000,0.000,0.000,0,0,0,0,0.00,nan,4,3,1,nan,3,3,24,1,1,5,5,0,0,0,3827589153,0.03662,0.01074,0.95435,0.95511,-0.00558,-0.00028,-0.00114,0.00571,0.95511,0.00283,0.00571,3,12122,0,6290,0.00000,0.00000,0.00000,0,0,nan,0,0,0,2599,187491,0,0,0.000,0.000,0.000,0,0.000,0.000,0.000,0,0,4,0,0
PPG,1,95622,3826431552,25,501,507,0.000,0.000,0.000,0,0,0,0,0.00,nan,4,3,1,nan,3,3,24,1,1,6,6,0,0,0,3827630056,0.03687,0.00684,0.94580,0.94654,-0.00612,-0.00001,-0.00114,0.00622,0.95435,0.00781,0.00654,2,12174,0,6291,0.00000,0.00000,0.00000,0,0,nan,0,0,0,4303,187491,0,0,0.000,0.000,0.000,0,0.000,0.000,0.000,0,0,4,0,0
PPG,1,95623,3826471552,26,496,492,0.000,0.000,0.000,0,0,0,0,0.00,nan,4,3,1,nan,3,3,24,1,1,7,7,0,0,0,3827668602,0.03955,0.00439,0.94897,0.94981,-0.00585,-0.00081,-0.00114,0.00602,0.95463,0.00482,0.00614,3,12127,0,6291,0.00000,0.00000,0.00000,0,0,nan,0,0,0,2595,187491,0,0,0.000,0.000,0.000,0,0.000,0.000,0.000,0,0,4,0,0
PPG,1,95624,3826511552,26,500,516,0.000,0.000,0.000,0,0,0,0,0.00,nan,4,3,1,nan,3,3,24,1,1,8,8,0,0,0,3827709742,0.04102,0.00806,0.95044,0.95136,-0.00612,-0.00081,-0.00114,0.00628,0.95566,0.00436,0.00689,3,12112,0,6291,0.00000,0.00000,0.00000,0,0,nan,0,0,0,2605,187491,0,0,0.000,0.000,0.000,0,0.000,0.000,0.000,0,0,4,0,0
PPG,1,95625,3826551552,25,493,512,0.000,0.000,0.000,0,0,0,0,0.00,nan,4,3,1,nan,3,3,24,1,1,9,9,0,0,0,3827750836,0.03662,0.00562,0.94604,0.94677,-0.00505,0.00025,-0.00141,0.00525,0.95352,0.00675,0.00637,3,12116,0,6291,0.00000,0.00000,0.00000,0,0,nan,0,0,0,4304,187491,0,0,0.000,0.000,0.000,0,0.000,0.000,0.000,0,0,4,0,0
PPG,1,95626,3826591552,25,500,511,0.000,0.000,0.000,0,0,0,0,0.00,nan,4,3,1,nan,3,3,24,1,1,10,10,0,0,0,3827789390,0.03711,0.00220,0.95288,0.95361,-0.00532,-0.00055,-0.00221,0.00578,0.95833,0.00735,0.00611,3,12125,0,6291,0.00000,0.00000,0.00000,0,0,nan,0,0,0,2595,187491,0,0,0.000,0.000,0.000,0,0.000,0.000,0.000,0,0,4,0,0
PPG,1,95627,3826631552,25,500,514,0.000,0.000,0.000,0,0,0,0,0.00,nan,4,3,1,nan,3,3,24,1,1,11,11,0,0,0,3827830481,0.04077,0.00366,0.95288,0.95376,-0.00532,-0.00055,-0.00221,0.00578,0.95376,0.00787,0.00604,3,12109,0,6291,0.00000,0.00000,0.00000,0,0,nan,0,0,0,4295,187491,0,0,0.000,0.000,0.000,0,0.000,0.000,0.000,0,0,4,0,0
PPG,1,95628,3826671552,26,476,512,0.000,0.000,0.000,0,0,0,0,0.00,nan,4,3,1,nan,3,3,24,1,1,12,12,0,0,0,3827868976,0.04053,0.00659,0.94629,0.94718,-0.00532,-0.00081,-0.00194,0.00572,0.95392,0.00600,0.00572,3,12119,0,6291,0.00000,0.00000,0.00000,0,0,nan,0,0,0,2619,187491,0,0,0.000,0.000,0.000,0,0.000,0.000,0.000,0,0,4,0,0
PPG,1,95629,3826711552,25,476,501,0.000,0.000,0.000,0,0,0,0,0.00,nan,4,3,1,nan,3,3,24,1,1,13,13,0,0,0,3827910104,0.04028,0.00684,0.95923,0.96010,-0.00612,0.00025,-0.00087,0.00618,0.96010,0.00793,0.00637,3,12120,0,6291,0.00000,0.00000,0.00000,0,0,nan,0,0,0,4298,187491,0,0,0.000,0.000,0.000,0,0.000,0.000,0.000,0,0,4,0,0
PPG,1,95630,3826751552,25,493,493,0.000,0.000,0.000,0,0,0,0,0.00,nan,4,3,1,nan,3,3,24,1,1,14,14,0,0,0,3827948601,0.04077,0.00464,0.95483,0.95572,-0.00612,-0.00081,-0.00167,0.00639,0.95572,0.00956,0.00682,3,12119,0,6291,0.00000,0.00000,0.00000,0,0,nan,0,0,0,2597,187491,0,0,0.000,0.000,0.000,0,0.000,0.000,0.000,0,0,4,0,0
PPG,1,95631,3826791552,26,493,510,0.000,0.000,0.000,0,0,0,0,0.00,nan,4,3,1,nan,3,3,24,1,1,15,15,0,0,0,3827989749,0.03687,0.00342,0.94775,0.94848,-0.00558,0.00025,-0.00221,0.00601,0.95599,0.00752,0.00601,3,12139,0,6291,0.00000,0.00000,0.00000,0,0,nan,0,0,0,2602,187491,0,0,0.000,0.000,0.000,0,0.000,0.000,0.000,0,0,4,0,0
PPG,1,95632,3826831552,25,497,504,0.000,0.000,0.000,0,0,0,0,0.00,nan,4,3,1,nan,3,3,24,1,1,16,16,0,0,0,3828030848,0.04150,0.00757,0.95239,0.95333,-0.00558,0.00025,-0.00141,0.00576,0.95692,0.00844,0.00594,3,12110,0,6291,0.00000,0.00000,0.00000,0,0,nan,0,0,0,4300,187491,0,0,0.000,0.000,0.000,0,0.000,0.000,0.000,0,0,4,0,0
PPG,1,95633,3826871552,25,498,502,0.000,0.000,0.000,0,0,0,0,0.00,nan,4,3,1,nan,3,3,24,1,1,17,17,0,0,0,3828069363,0.03784,0.00391,0.94800,0.94876,-0.00692,0.00052,-0.00061,0.00696,0.95392,0.00516,0.00696,3,12115,0,6291,0.00000,0.00000,0.00000,0,0,nan,0,0,0,2597,187491,0,0,0.000,0.000,0.000,0,0.000,0.000,0.000,0,0,4,0,0
PPG,1,95634,3826911552,25,503,513,0.000,0.000,0.000,0,0,0,0,0.00,nan,4,3,1,nan,3,3,24,1,1,18,18,0,0,0,3828110628,0.03882,0.00928,0.95142,0.95225,-0.00532,-0.00188,-0.00114,0.00575,0.95634,0.00758,0.00679,3,12112,0,6291,0.00000,0.00000,0.00000,0,0,nan,0,0,0,4297,187491,0,0,0.000,0.000,0.000,0,0.000,0.000,0.000,0,0,4,0,0
PPG,1,95635,3826951552,25,482,489,0.000,0.000,0.000,0,0,0,0,0.00,nan,4,3,1,nan,3,3,24,1,1,19,19,0,0,0,3828149119,0.03833,0.00562,0.95288,0.95367,-0.00612,-0.00135,-0.00194,0.00656,0.95367,0.00183,0.00656,3,12111,0,6291,0.00000,0.00000,0.00000,0,0,nan,0,0,0,2599,187491,0,0,0.000,0.000,0.000,0,0.000,0.000,0.000,0,0,4,0,0
PPG,1,95636,3826991552,25,488,497,0.000,0.000,0.000,0,0,0,0,0.00,nan,4,3,1,nan,3,3,24,1,1,20,20,0,0,0,3828190305,0.03979,0.00000,0.95337,0.95420,-0.00505,-0.00108,-0.00167,0.00543,0.95646,0.00226,0.00677,3,12189,0,6291,0.00000,0.00000,0.00000,0,0,nan,0,0,0,4309,187491,0,0,0.000,0.000,0.000,0,0.000,0.000,0.000,0,0,4,0,0
PPG,1,95637,3827031552,26,491,504,0.000,0.000,0.000,0,0,0,0,0.00,nan,4,3,1,nan,3,3,24,1,1,21,21,0,0,0,3828228808,0.03857,0.00684,0.94360,0.94442,-0.00638,-0.00001,-0.00274,0.00695,0.95349,0.00907,0.00695,3,12113,0,6291,0.00000,0.00000,0.00000,0,0,nan,0,0,0,2596,187491,0,0,0.000,0.000,0.000,0,0.000,0.000,0.000,0,0,4,0,0
PPG,1,95638,3827071552,25,498,513,0.000,0.000,0.000,0,0,0,0,0.00,nan,4,3,1,nan,3,3,24,1,1,22,22,0,0,0,3828269912,0.03687,0.00464,0.94824,0.94897,-0.00665,-0.00028,-0.00061,0.00668,0.95567,0.01125,0.00668,3,12118,0,6291,0.00000,0.00000,0.00000,0,0,nan,0,0,0,2595,187491,0,0,0.000,0.000,0.000,0,0.000,0.000,0.000,0,0,4,0,0
PPG,1,95639,3827111552,25,504,515,0.000,0.000,0.000,0,0,0,0,0.00,nan,4,3,1,nan,3,3,24,1,1,23,23,0,0,0,3828311054,0.03906,0.00098,0.95166,0.95246,-0.00585,-0.00028,-0.00194,0.00617,0.95253,0.00446,0.00754,3,12114,0,6291,0.00000,0.00000,0.00000,0,0,nan,0,0,0,4298,187491,0,0,0.000,0.000,0.000,0,0.000,0.000,0.000,0,0,4,0,0
PPG,1,95640,3827151552,26,494,511,0.000,0.000,0.000,0,0,0,0,0.00,nan,4,3,1,nan,3,3,24,1,1,24,24,0,0,0,3828349555,0.04053,0.00879,0.95532,0.95622,-0.00718,-0.00028,-0.00141,0.00732,0.95622,0.00481,0.00732,3,12111,0,6291,0.00000,0.00000,0.00000,0,0,nan,0,0,0,2602,187491,0,0,0.000,0.000,0.000,0,0.000,0.000,0.000,0,0,4,0,0
PPG,1,95641,3827191552,25,491,510,0.000,0.000,0.000,0,0,0,0,0.00,nan,4,3,1,nan,3,3,24,1,1,25,25,0,0,0,3828390660,0.04175,0.00757,0.94556,0.94651,-0.00585,-0.00081,-0.00300,0.00663,0.95492,0.00750,0.00695,3,12128,0,6291,0.00000,0.00000,0.00000,0,0,nan,0,0,0,4319,187491,0,0,0.000,0.000,0.000,0,0.000,0.000,0.000,0,0,4,0,0
PPG,1,95642,3827231552,25,475,503,0.000,0.000,0.000,0,0,0,0,0.00,nan,4,3,1,nan,3,3,24,1,1,26,26,0,0,0,3828429200,0.04077,0.00464,0.95825,0.95913,-0.00612,-0.00001,-0.00247,0.00660,0.95983,0.00865,0.00660,3,12122,0,6291,0.00000,0.00000,0.00000,0,0,nan,0,0,0,2605,187491,0,0,0.000,0.000,0.000,0,0.000,0.000,0.000,0,0,4,0,0
PPG,1,95643,3827271552,25,478,506,0.000,0.000,0.000,0,0,0,0,0.00,nan,4,3,1,nan,3,3,24,1,1,27,27,0,0,0,3828470315,0.04443,0.00293,0.95142,0.95246,-0.00558,-0.00001,-0.00061,0.00562,0.95311,0.00602,0.00619,3,12108,0,6291,0.00000,0.00000,0.00000,0,0,nan,0,0,0,4303,187491,0,0,0.000,0.000,0.000,0,0.000,0.000,0.000,0,0,4,0,0
PPG,1,95644,3827311552,25,489,508,0.000,0.000,0.000,0,0,0,0,0.00,nan,4,3,1,nan,3,3,24,1,1,28,28,0,0,0,3828508852,0.04126,0.00073,0.95264,0.95353,-0.00638,-0.00028,-0.00167,0.00661,0.95353,0.00497,0.00661,3,12110,0,6291,0.00000,0.00000,0.00000,0,0,nan,0,0,0,2598,187491,0,0,0.000,0.000,0.000,0,0.000,0.000,0.000,0,0,4,0,0
PPG,1,95645,3827351552,25,491,510,0.000,0.000,0.000,0,0,0,0,0.00,nan,4,3,1,nan,3,3,24,1,1,29,29,0,0,0,3828549954,0.04102,0.00391,0.95337,0.95426,-0.00585,-0.00055,-0.00247,0.00638,0.95426,0.00331,0.00653,3,12118,0,6291,0.00000,0.00000,0.00000,0,0,nan,0,0,0,2599,187491,0,0,0.000,0.000,0.000,0,0.000,0.000,0.000,0,0,4,0,0
PPG,1,95646,3827391552,25,495,506,0.000,0.000,0.000,0,0,0,0,0.00,nan,4,3,1,nan,3,3,24,1,1,30,30,0,0,0,3828591080,0.03613,0.00854,0.95288,0.95360,-0.00718,-0.00081,-0.00194,0.00748,0.95360,0.00567,0.00748,3,12119,0,6291,0.00000,0.00000,0.00000,0,0,nan,0,0,0,4339,187491,0,0,0.000,0.000,0.000,0,0.000,0.000,0.000,0,0,4,0,0
PPG,1,95647,3827431552,24,505,508,0.000,0.000,0.000,0,0,0,0,0.00,nan,4,3,1,nan,3,3,24,1,1,31,31,0,0,0,3828633865,0.03442,0.00317,0.95239,0.95302,-0.00585,-0.00108,-0.00087,0.00601,0.95423,0.00527,0.00685,3,12190,0,6291,0.00000,0.00000,0.00000,0,0,nan,0,0,0,2610,187491,0,0,0.000,0.000,0.000,0,0.000,0.000,0.000,0,0,4,0,0
PPG,1,95648,3827471552,26,492,512,0.000,0.000,0.000,0,0,0,0,0.00,nan,4,3,1,nan,3,3,24,1,1,0,0,0,0,0,3828672496,0.04053,0.00537,0.94751,0.94839,-0.00585,-0.00028,-0.00141,0.00602,0.95272,0.00380,0.00680,3,12119,0,6291,0.00000,0.00000,0.00000,0,0,nan,0,0,0,4345,187491,0,0,0.000,0.000,0.000,0,0.000,0.000,0.000,0,0,4,0,0
PPG,1,95649,3827511552,26,489,499,0.000,0.000,0.000,0,0,0,0,0.00,nan,4,3,1,nan,3,3,24,1,1,1,1,0,0,0,3828711591,0.03784,0.00781,0.94800,0.94879,-0.00505,-0.00055,-0.00167,0.00535,0.95521,0.00642,0.00585,3,12270,0,6291,0.00000,0.00000,0.00000,0,0,nan,0,0,0,4333,187491,0,0,0.000,0.000,0.000,0,0.000,0.000,0.000,0,0,4,0,0
PPG,1,95650,3827551552,25,499,509,0.000,0.000,0.000,0,0,0,0,0.00,nan,4,3,1,nan,3,3,24,1,1,2,2,0,0,0,3828750535,0.03833,0.00610,0.94800,0.94879,-0.00505,-0.00001,-0.00061,0.00509,0.94879,0.00255,0.00547,3,12260,0,6291,0.00000,0.00000,0.00000,0,0,nan,0,0,0,4330,187491,0,0,0.000,0.000,0.000,0,0.000,0.000,0.000,0,0,4,0,0
PPG,1,95651,3827591552,26,488,506,0.000,0.000,0.000,0,0,0,0,0.00,nan,4,3,1,nan,3,3,24,1,1,3,3,0,0,0,3828789320,0.03955,0.00830,0.94849,0.94935,-0.00532,-0.00028,-0.00300,0.00611,0.95456,0.00522,0.00624,3,12195,0,6291,0.00000,0.00000,0.00000,0,0,nan,0,0,0,2634,187491,0,0,0.000,0.000,0.000,0,0.000,0.000,0.000,0,0,4,0,0
PPG,1,95652,3827631552,32,496,504,0.000,0.000,0.000,0,0,0,0,0.00,nan,4,3,1,nan,3,3,24,1,1,4,4,0,0,0,3828830933,0.04199,0.00391,0.95410,0.95503,-0.00505,-0.00055,-0.00247,0.00565,0.95503,0.00514,0.00617,3,12263,0,6291,0.00000,0.00000,0.00000,0,0,nan,0,0,0,4343,187491,0,0,0.000,0.000,0.000,0,0.000,0.000,0.000,0,0,4,0,0
PPG,1,95653,3827671552,25,494,505,0.000,0.000,0.000,0,0,0,0,0.00,nan,4,3,1,nan,3,3,24,1,1,5,5,0,0,0,3828869792,0.04028,0.00293,0.95313,0.95398,-0.00558,-0.00135,-0.00247,0.00625,0.95398,0.00276,0.00625,3,12270,0,6291,0.00000,0.00000,0.00000,0,0,nan,0,0,0,2628,187491,0,0,0.000,0.000,0.000,0,0.000,0.000,0.000,0,0,4,0,0
PPG,1,95654,3827711552,26,500,513,0.000,0.000,0.000,0,0,0,0,0.00,nan,4,3,1,nan,3,3,24,1,1,6,6,0,0,0,3828911339,0.03662,0.00439,0.95557,0.95628,-0.00558,-0.00081,-0.00141,0.00582,0.95628,0.00946,0.00630,3,12279,0,6291,0.00000,0.00000,0.00000,0,0,nan,0,0,0,4350,187491,0,0,0.000,0.000,0.000,0,0.000,0.000,0.000,0,0,4,0,0
PPG,1,95655,3827751552,27,497,509,0.000,0.000,0.000,0,0,0,0,0.00,nan,4,3,1,nan,3,3,24,1,1,7,7,0,0,0,3828950165,0.03906,0.00854,0.95190,0.95274,-0.00558,-0.00108,-0.00141,0.00586,0.95274,0.00407,0.00591,3,12214,0,6291,0.00000,0.00000,0.00000,0,0,nan,0,0,0,4346,187491,0,0,0.000,0.000,0.000,0,0.000,0.000,0.000,0,0,4,0,0
PPG,1,95656,3827791552,28,497,515,0.000,0.000,0.000,0,0,0,0,0.00,nan,4,3,1,nan,3,3,24,1,1,8,8,0,0,0,3828989110,0.03589,0.00366,0.95313,0.95381,-0.00612,-0.00028,-0.00167,0.00635,0.95381,0.00443,0.00659,3,12299,0,6291,0.00000,0.00000,0.00000,0,0,nan,0,0,0,2643,187491,0,0,0.000,0.000,0.000,0,0.000,0.000,0.000,0,0,4,0,0
PPG,1,95657,3827831552,26,497,512,0.000,0.000,0.000,0,0,0,0,0.00,nan,4,3,1,nan,3,3,24,1,1,9,9,0,0,0,3829030623,0.03662,0.00464,0.95605,0.95677,-0.00558,-0.00001,-0.00114,0.00570,0.95677,0.00250,0.00635,3,12218,0,6291,0.00000,0.00000,0.00000,0,0,nan,0,0,0,4344,187491,0,0,0.000,0.000,0.000,0,0.000,0.000,0.000,0,0,4,0,0
PPG,1,95658,3827871552,25,502,513,0.000,0.000,0.000,0,0,0,0,0.00,nan,4,3,1,nan,3,3,24,1,1,10,10,0,0,0,3829069487,0.03906,0.00439,0.95117,0.95198,-0.00558,-0.00081,-0.00167,0.00589,0.95201,0.00751,0.00609,3,12236,0,6291,0.00000,0.00000,0.00000,0,0,nan,0,0,0,2630,187491,0,0,0.000,0.000,0.000,0,0.000,0.000,0.000,0,0,4,0,0
PPG,1,95659,3827911552,27,488,511,0.000,0.000,0.000,0,0,0,0,0.00,nan,4,3,1,nan,3,3,24,1,1,11,11,0,0,0,3829110977,0.03882,0.00317,0.95190,0.95270,-0.00558,-0.00001,-0.00247,0.00611,0.95270,0.00540,0.00635,3,12278,0,6291,0.00000,0.00000,0.00000,0,0,nan,0,0,0,4327,187491,0,0,0.000,0.000,0.000,0,0.000,0.000,0.000,0,0,4,0,0
PPG,1,95660,3827951552,25,485,498,0.000,0.000,0.000,0,0,0,0,0.00,nan,4,3,1,nan,3,3,24,1,1,12,12,0,0,0,3829149789,0.04150,0.00610,0.95508,0.95600,-0.00692,-0.00001,-0.00167,0.00712,0.95600,0.00410,0.00712,3,12201,0,6291,0.00000,0.00000,0.00000,0,0,nan,0,0,0,2626,187491,0,0,0.000,0.000,0.000,0,0.000,0.000,0.000,0,0,4,0,0
PPG,1,95661,3827991552,25,489,510,0.000,0.000,0.000,0,0,0,0,0.00,nan,4,3,1,nan,3,3,24,1,1,13,13,0,0,0,3829191282,0.04053,0.00684,0.95483,0.95572,-0.00532,-0.00028,-0.00114,0.00545,0.95572,0.00392,0.00697,3,12229,0,6291,0.00000,0.00000,0.00000,0,0,nan,0,0,0,4338,187491,0,0,0.000,0.000,0.000,0,0.000,0.000,0.000,0,0,4,0,0
PPG,1,95662,3828031552,25,502,509,0.000,0.000,0.000,0,0,0,0,0.00,nan,4,3,1,nan,3,3,24,1,1,14,14,0,0,0,3829230155,0.04199,0.00562,0.95410,0.95504,-0.00558,-0.00055,-0.00247,0.00613,0.95888,0.00698,0.00613,3,12255,0,6291,0.00000,0.00000,0.00000,0,0,nan,0,0,0,2639,187491,0,0,0.000,0.000,0.000,0,0.000,0.000,0.000,0,0,4,0,0
PPG,1,95663,3828071552,25,493,505,0.000,0.000,0.000,0,0,0,0,0.00,nan,4,3,1,nan,3,3,24,1,1,15,15,0,0,0,3829271659,0.03638,0.00684,0.95483,0.95555,-0.00585,-0.00028,-0.00114,0.00597,0.95555,0.00292,0.00603,3,12245,0,6291,0.00000,0.00000,0.00000,0,0,nan,0,0,0,4315,187491,0,0,0.000,0.000,0.000,0,0.000,0.000,0.000,0,0,4,0,0
PPG,1,95664,3828111552,25,492,506,0.000,0.000,0.000,0,0,0,0,0.00,nan,4,3,1,nan,3,3,24,1,1,16,16,0,0,0,3829310373,0.03711,0.00488,0.95337,0.95410,-0.00558,0.00025,-0.00141,0.00576,0.95615,0.00615,0.00593,3,12147,0,6291,0.00000,0.00000,0.00000,0,0,nan,0,0,0,4301,187491,0,0,0.000,0.000,0.000,0,0.000,0.000,0.000,0,0,4,0,0
PPG,1,95665,3828151552,26,497,512,0.000,0.000,0.000,0,0,0,0,0.00,nan,4,3,1,nan,3,3,24,1,1,17,17,0,0,0,3829349124,0.03955,0.00513,0.94971,0.95054,-0.00638,-0.00108,-0.00141,0.00663,0.95300,0.00192,0.00706,3,12127,0,6291,0.00000,0.00000,0.00000,0,0,nan,0,0,0,2596,187491,0,0,0.000,0.000,0.000,0,0.000,0.000,0.000,0,0,4,0,0
PPG,1,95666,3828191552,25,500,507,0.000,0.000,0.000,0,0,0,0,0.00,nan,4,3,1,nan,3,3,24,1,1,18,18,0,0,0,3829390237,0.04150,0.00464,0.95337,0.95428,-0.00558,-0.00081,-0.00141,0.00582,0.95428,0.00521,0.00669,3,12117,0,6291,0.00000,0.00000,0.00000,0,0,nan,0,0,0,2601,187491,0,0,0.000,0.000,0.000,0,0.000,0.000,0.000,0,0,4,0,0
PPG,1,95667,3828231552,25,502,521,0.000,0.000,0.000,0,0,0,0,0.00,nan,4,3,1,nan,3,3,24,1,1,19,19,0,0,0,3829431433,0.03833,0.00586,0.94678,0.94757,-0.00612,-0.00055,-0.00221,0.00653,0.95747,0.01007,0.00685,3,12111,0,6291,0.00000,0.00000,0.00000,0,0,nan,0,0,0,4301,187491,0,0,0.000,0.000,0.000,0,0.000,0.000,0.000,0,0,4,0,0
PPG,1,95668,3828271552,25,496,514,0.000,0.000,0.000,0,0,0,0,0.00,nan,4,3,1,nan,3,3,24,1,1,20,20,0,0,0,3829469967,0.04248,0.00415,0.94922,0.95018,-0.00505,-0.00055,-0.00221,0.00554,0.95445,0.00688,0.00678,3,12121,0,6291,0.00000,0.00000,0.00000,0,0,nan,0,0,0,2599,187491,0,0,0.000,0.000,0.000,0,0.000,0.000,0.000,0,0,4,0,0
PPG,1,95669,3828311552,27,474,496,0.000,0.000,0.000,0,0,0,0,0.00,nan,4,3,1,nan,3,3,24,1,1,21,21,0,0,0,3829511116,0.03809,0.00903,0.95752,0.95832,-0.00479,-0.00028,-0.00247,0.00539,0.95832,0.00617,0.00642,3,12141,0,6291,0.00000,0.00000,0.00000,0,0,nan,0,0,0,4331,187491,0,0,0.000,0.000,0.000,0,0.000,0.000,0.000,0,0,4,0,0
PPG,1,95670,3828351552,26,489,505,0.000,0.000,0.000,0,0,0,0,0.00,nan,4,3,1,nan,3,3,24,1,1,22,22,0,0,0,3829549714,0.03638,0.00684,0.95068,0.95140,-0.00612,-0.00001,-0.00167,0.00634,0.95467,0.00365,0.00653,3,12126,0,6291,0.00000,0.00000,0.00000,0,0,nan,0,0,0,2601,187491,0,0,0.000,0.000,0.000,0,0.000,0.000,0.000,0,0,4,0,0
PPG,1,95671,3828391552,26,498,508,0.000,0.000,0.000,0,0,0,0,0.00,nan,4,3,1,nan,3,3,24,1,1,23,23,0,0,0,3829590835,0.03516,0.00586,0.94946,0.95013,-0.00612,-0.00081,-0.00194,0.00647,0.95289,0.00259,0.00647,3,12119,0,6291,0.00000,0.00000,0.00000,0,0,nan,0,0,0,4301,187491,0,0,0.000,0.000,0.000,0,0.000,0.000,0.000,0,0,4,0,0
PPG,1,95672,3828431552,24,500,520,0.000,0.000,0.000,0,0,0,0,0.00,nan,4,3,1,nan,3,3,24,1,1,24,24,0,0,0,3829636334,0.03833,0.00830,0.95239,0.95320,-0.00612,-0.00081,-0.00167,0.00639,0.95343,0.00329,0.00682,3,12167,0,6291,0.00000,0.00000,0.00000,0,0,nan,0,0,0,2585,187491,0,0,0.000,0.000,0.000,0,0.000,0.000,0.000,0,0,4,0,0
PPG,1,95673,3828471552,24,475,506,0.000,0.000,0.000,0,0,0,0,0.00,nan,4,3,1,nan,3,3,24,1,1,25,25,0,0,0,3829674919,0.03979,0.00464,0.95142,0.95226,-0.00638,-0.00028,-0.00087,0.00645,0.95400,0.00174,0.00669,3,12110,0,6291,0.00000,0.00000,0.00000,0,0,nan,0,0,0,2586,187491,0,0,0.000,0.000,0.000,0,0.000,0.000,0.000,0,0,4,0,0
PPG,1,95674,3828511552,33,495,515,0.000,0.000,0.000,0,0,0,0,0.00,nan,4,3,1,nan,3,3,24,1,1,26,26,0,0,0,3829713435,0.04053,0.00952,0.94238,0.94330,-0.00505,-0.00081,-0.00247,0.00568,0.95442,0.00742,0.00687,3,12125,0,6291,0.00000,0.00000,0.00000,0,0,nan,0,0,0,2588,187491,0,0,0.000,0.000,0.000,0,0.000,0.000,0.000,0,0,4,0,0
PPG,1,95675,3828551552,25,496,509,0.000,0.000,0.000,0,0,0,0,0.00,nan,4,3,1,nan,3,3,24,1,1,27,27,0,0,0,3829752016,0.04053,0.00928,0.94849,0.94940,-0.00532,-0.00028,-0.00141,0.00551,0.95135,0.00805,0.00637,3,12104,0,6291,0.00000,0.00000,0.00000,0,0,nan,0,0,0,4294,187491,0,0,0.000,0.000,0.000,0,0.000,0.000,0.000,0,0,4,0,0
PPG,1,95676,3828591552,26,493,518,0.000,0.000,0.000,0,0,0,0,0.00,nan,4,3,1,nan,3,3,24,1,1,28,28,0,0,0,3829790531,0.03735,0.00879,0.95410,0.95487,-0.00585,-0.00055,-0.00114,0.00599,0.95487,0.00639,0.00599,3,12112,0,6291,0.00000,0.00000,0.00000,0,0,nan,0,0,0,4295,187491,0,0,0.000,0.000,0.000,0,0.000,0.000,0.000,0,0,4,0,0
PPG,1,95677,3828631552,39,481,506,0.000,0.000,0.000,0,0,0,0,0.00,nan,4,3,1,nan,3,3,24,1,1,29,29,0,0,0,3829829166,0.04175,0.00513,0.94531,0.94625,-0.00505,-0.00161,-0.00274,0.00597,0.95133,0.00730,0.00597,3,12212,0,6291,0.00000,0.00000,0.00000,0,0,nan,0,0,0,2596,187491,0,0,0.000,0.000,0.000,0,0.000,0.000,0.000,0,0,4,0,0
PPG,1,95678,3828671552,25,486,509,0.000,0.000,0.000,0,0,0,0,0.00,nan,4,3,1,nan,3,3,24,1,1,30,30,0,0,0,3829870606,0.03809,0.00684,0.95435,0.95513,-0.00585,-0.00161,-0.00034,0.00608,0.95883,0.00814,0.00641,3,12113,0,6291,0.00000,0.00000,0.00000,0,0,nan,0,0,0,4295,187491,0,0,0.000,0.000,0.000,0,0.000,0.000,0.000,0,0,4,0,0
PPG,1,95679,3828711552,25,477,507,0.000,0.000,0.000,0,0,0,0,0.00,nan,4,3,1,nan,3,3,24,1,1,31,31,0,0,0,3829947314,0.03882,0.00610,0.95166,0.95247,-0.00558,-0.00055,-0.00194,0.00594,0.95247,0.00460,0.00678,2,62455,0,6296,0.00000,0.00000,0.00000,0,0,nan,0,0,0,57978,187491,0,0,0.000,0.000,0.000,0,0.000,0.000,0.000,0,0,4,0,0
PPG,1,95680,3828751552,25,492,514,0.000,0.000,0.000,0,0,0,0,0.00,nan,4,3,1,nan,3,3,24,1,1,0,0,0,0,0,3829947314,0.03882,0.00610,0.95166,0.95247,-0.00558,-0.00055,-0.00194,0.00594,0.00000,0.00000,0.00000,0,62455,0,6296,0.00000,0.00000,0.00000,0,0,nan,0,0,0,11672,187491,0,0,0.000,0.000,0.000,0,0.000,0.000,0.000,0,0,4,0,0
PPG,1,95681,3828791552,24,486,502,0.000,0.000,0.000,0,0,0,0,0.00,nan,4,3,1,nan,3,3,24,1,1,1,1,0,0,0,3829993337,0.03638,0.00415,0.94922,0.94992,-0.00532,-0.00001,-0.00087,0.00539,0.95293,0.00240,0.00647,3,12268,0,6297,0.00000,0.00000,0.00000,0,0,nan,0,0,0,2625,187491,0,0,0.000,0.000,0.000,0,0.000,0.000,0.000,0,0,4,0,0
PPG,1,95682,3828831552,26,482,508,0.000,0.000,0.000,0,0,0,0,0.00,nan,4,3,1,nan,3,3,24,1,1,2,2,0,0,0,3830032099,0.03955,0.00635,0.94507,0.94592,-0.00558,-0.00081,-0.00274,0.00627,0.95483,0.00891,0.00627,3,12357,0,6297,0.00000,0.00000,0.00000,0,0,nan,0,0,0,4359,187491,0,0,0.000,0.000,0.000,0,0.000,0.000,0.000,0,0,4,0,0
PPG,1,95683,3828871552,25,491,511,0.000,0.000,0.000,0,0,0,0,0.00,nan,4,3,1,nan,3,3,24,1,1,3,3,0,0,0,3830070975,0.04102,0.00293,0.95044,0.95133,-0.00505,-0.00028,-0.00194,0.00542,0.95445,0.00853,0.00617,3,12258,0,6297,0.00000,0.00000,0.00000,0,0,nan,0,0,0,4334,187491,0,0,0.000,0.000,0.000,0,0.000,0.000,0.000,0,0,4,0,0
PPG,1,95684,3828911552,25,510,500,0.000,0.000,0.000,0,0,0,0,0.00,nan,4,3,1,nan,3,3,24,1,1,4,4,0,0,0,3830109926,0.04028,0.00562,0.95093,0.95180,-0.00638,-0.00055,-0.00114,0.00651,0.96126,0.01323,0.00651,3,12263,0,6297,0.00000,0.00000,0.00000,0,0,nan,0,0,0,2613,187491,0,0,0.000,0.000,0.000,0,0.000,0.000,0.000,0,0,4,0,0
PPG,1,95685,3828951552,26,494,502,0.000,0.000,0.000,0,0,0,0,0.00,nan,4,3,1,nan,3,3,24,1,1,5,5,0,0,0,3830151463,0.04272,0.00610,0.95044,0.95142,-0.00612,-0.00081,-0.00114,0.00628,0.95380,0.00238,0.00653,3,12284,0,6297,0.00000,0.00000,0.00000,0,0,nan,0,0,0,4337,187491,0,0,0.000,0.000,0.000,0,0.000,0.000,0.000,0,0,4,0,0
PPG,1,95686,3828991552,25,496,502,0.000,0.000,0.000,0,0,0,0,0.00,nan,4,3,1,nan,3,3,24,1,1,6,6,0,0,0,3830190341,0.03906,0.00317,0.95410,0.95491,-0.00612,-0.00001,-0.00167,0.00634,0.95491,0.00686,0.00688,3,12236,0,6297,0.00000,0.00000,0.00000,0,0,nan,0,0,0,2625,187491,0,0,0.000,0.000,0.000,0,0.000,0.000,0.000,0,0,4,0,0
PPG,1,95687,3829031552,26,493,501,0.000,0.000,0.000,0,0,0,0,0.00,nan,4,3,1,nan,3,3,24,1,1,7,7,0,0,0,3830231872,0.03906,0.00586,0.95581,0.95663,-0.00612,-0.00108,-0.00087,0.00627,0.95663,0.00659,0.00634,3,12267,0,6297,0.00000,0.00000,0.00000,0,0,nan,0,0,0,4339,187491,0,0,0.000,0.000,0.000,0,0.000,0.000,0.000,0,0,4,0,0
PPG,1,95688,3829071552,25,493,505,0.000,0.000,0.000,0,0,0,0,0.00,nan,4,3,1,nan,3,3,24,1,1,8,8,0,0,0,3830270777,0.03662,0.00708,0.95264,0.95337,-0.00532,-0.00081,-0.00167,0.00563,0.95384,0.00537,0.00637,3,12262,0,6297,0.00000,0.00000,0.00000,0,0,nan,0,0,0,4341,187491,0,0,0.000,0.000,0.000,0,0.000,0.000,0.000,0,0,4,0,0
PPG,1,95689,3829111552,27,499,508,0.000,0.000,0.000,0,0,0,0,0.00,nan,4,3,1,nan,3,3,24,1,1,9,9,0,0,0,3830309626,0.03906,0.00317,0.94922,0.95003,-0.00532,0.00052,-0.00221,0.00578,0.95560,0.01090,0.00603,3,12250,0,6297,0.00000,0.00000,0.00000,0,0,nan,0,0,0,2647,187491,0,0,0.000,0.000,0.000,0,0.000,0.000,0.000,0,0,4,0,0
PPG,1,95690,3829151552,26,490,503,0.000,0.000,0.000,0,0,0,0,0.00,nan,4,3,1,nan,3,3,24,1,1,10,10,0,0,0,3830351180,0.04077,0.00732,0.94751,0.94841,-0.00585,-0.00001,-0.00194,0.00616,0.94929,0.00193,0.00616,3,12255,0,6297,0.00000,0.00000,0.00000,0,0,nan,0,0,0,4331,187491,0,0,0.000,0.000,0.000,0,0.000,0.000,0.000,0,0,4,0,0
PPG,1,95691,3829191552,25,494,516,0.000,0.000,0.000,0,0,0,0,0.00,nan,4,3,1,nan,3,3,24,1,1,11,11,0,0,0,3830389975,0.04028,0.00122,0.95728,0.95812,-0.00638,0.00025,-0.00141,0.00654,0.95812,0.00568,0.00654,3,12240,0,6297,0.00000,0.00000,0.00000,0,0,nan,0,0,0,2626,187491,0,0,0.000,0.000,0.000,0,0.000,0.000,0.000,0,0,4,0,0
PPG,1,95692,3829231552,25,489,504,0.000,0.000,0.000,0,0,0,0,0.00,nan,4,3,1,nan,3,3,24,1,1,12,12,0,0,0,3830431422,0.03979,0.00684,0.94971,0.95056,-0.00505,-0.00001,-0.00141,0.00524,0.95464,0.00413,0.00662,3,12237,0,6297,0.00000,0.00000,0.00000,0,0,nan,0,0,0,4337,187491,0,0,0.000,0.000,0.000,0,0.000,0.000,0.000,0,0,4,0,0
PPG,1,95693,3829271552,25,484,507,0.000,0.000,0.000,0,0,0,0,0.00,nan,4,3,1,nan,3,3,24,1,1,13,13,0,0,0,3830470312,0.03906,0.00366,0.95337,0.95418,-0.00585,-0.00081,-0.00274,0.00651,0.95418,0.00461,0.00699,3,12244,0,6297,0.00000,0.00000,0.00000,0,0,nan,0,0,0,2632,187491,0,0,0.000,0.000,0.000,0,0.000,0.000,0.000,0,0,4,0,0
PPG,1,95694,3829311552,25,493,519,0.000,0.000,0.000,0,0,0,0,0.00,nan,4,3,1,nan,3,3,24,1,1,14,14,0,0,0,3830511770,0.04175,0.00073,0.94824,0.94916,-0.00638,-0.00028,-0.00247,0.00685,0.95297,0.00322,0.00695,3,12234,0,6297,0.00000,0.00000,0.00000,0,0,nan,0,0,0,4336,187491,0,0,0.000,0.000,0.000,0,0.000,0.000,0.000,0,0,4,0,0
PPG,1,95695,3829351552,25,499,509,0.000,0.000,0.000,0,0,0,0,0.00,nan,4,3,1,nan,3,3,24,1,1,15,15,0,0,0,3830550668,0.03979,0.00439,0.94922,0.95006,-0.00532,-0.00001,-0.00087,0.00539,0.95594,0.00587,0.00556,3,12291,0,6297,0.00000,0.00000,0.00000,0,0,nan,0,0,0,4333,187491,0,0,0.000,0.000,0.000,0,0.000,0.000,0.000,0,0,4,0,0
PPG,1,95696,3829391552,25,503,508,0.000,0.000,0.000,0,0,0,0,0.00,nan,4,3,1,nan,3,3,24,1,1,16,16,0,0,0,3830589532,0.03662,0.00439,0.95386,0.95457,-0.00558,-0.00028,-0.00141,0.00577,0.95457,0.00472,0.00693,3,12249,0,6297,0.00000,0.00000,0.00000,0,0,nan,0,0,0,2621,187491,0,0,0.000,0.000,0.000,0,0.000,0.000,0.000,0,0,4,0,0
PPG,1,95697,3829431552,32,486,502,0.000,0.000,0.000,0,0,0,0,0.00,nan,4,3,1,nan,3,3,24,1,1,17,17,0,0,0,3830625437,0.03760,0.00781,0.95117,0.95195,-0.00638,-0.00161,-0.00167,0.00679,0.95556,0.00362,0.00679,2,18983,0,6297,0.00000,0.00000,0.00000,0,0,nan,0,0,0,2649,187491,0,0,0.000,0.000,0.000,0,0.000,0.000,0.000,0,0,4,0,0
PPG,1,95698,3829471552,26,499,507,0.000,0.000,0.000,0,0,0,0,0.00,nan,4,3,1,nan,3,3,24,1,1,18,18,0,0,0,3830669664,0.03979,0.00586,0.95044,0.95129,-0.00425,-0.00055,-0.00167,0.00460,0.95420,0.00399,0.00636,3,12169,0,6297,0.00000,0.00000,0.00000,0,0,nan,0,0,0,2654,187491,0,0,0.000,0.000,0.000,0,0.000,0.000,0.000,0,0,4,0,0
PPG,1,95699,3829511552,26,501,517,0.000,0.000,0.000,0,0,0,0,0.00,nan,4,3,1,nan,3,3,24,1,1,19,19,0,0,0,3830710987,0.04053,0.00781,0.95313,0.95402,-0.00479,-0.00108,-0.00194,0.00527,0.95851,0.00722,0.00606,3,12156,0,6297,0.00000,0.00000,0.00000,0,0,nan,0,0,0,4294,187491,0,0,0.000,0.000,0.000,0,0.000,0.000,0.000,0,0,4,0,0
PPG,1,95700,3829551552,25,490,503,0.000,0.000,0.000,0,0,0,0,0.00,nan,4,3,1,nan,3,3,24,1,1,20,20,0,0,0,3830749549,0.03979,0.00684,0.94702,0.94788,-0.00612,-0.00055,-0.00114,0.00625,0.95149,0.00267,0.00628,3,12162,0,6297,0.00000,0.00000,0.00000,0,0,nan,0,0,0,2604,187491,0,0,0.000,0.000,0.000,0,0.000,0.000,0.000,0,0,4,0,0
PPG,1,95701,3829591552,25,500,504,0.000,0.000,0.000,0,0,0,0,0.00,nan,4,3,1,nan,3,3,24,1,1,21,21,0,0,0,3830790719,0.03833,0.00928,0.95117,0.95199,-0.00452,-0.00055,-0.00247,0.00518,0.95963,0.01539,0.00597,3,12128,0,6297,0.00000,0.00000,0.00000,0,0,nan,0,0,0,2604,187491,0,0,0.000,0.000,0.000,0,0.000,0.000,0.000,0,0,4,0,0
PPG,1,95702,3829631552,25,504,509,0.000,0.000,0.000,0,0,0,0,0.00,nan,4,3,1,nan,3,3,24,1,1,22,22,0,0,0,3830831832,0.03931,0.00635,0.95361,0.95444,-0.00585,-0.00108,-0.00247,0.00644,0.95714,0.00515,0.00644,3,12118,0,6297,0.00000,0.00000,0.00000,0,0,nan,0,0,0,4303,187491,0,0,0.000,0.000,0.000,0,0.000,0.000,0.000,0,0,4,0,0
PPG,1,95703,3829671552,25,496,513,0.000,0.000,0.000,0,0,0,0,0.00,nan,4,3,1,nan,3,3,24,1,1,23,23,0,0,0,3830870391,0.04175,0.00586,0.94604,0.94698,-0.00585,-0.00081,-0.00194,0.00622,0.95530,0.00832,0.00622,3,12115,0,6297,0.00000,0.00000,0.00000,0,0,nan,0,0,0,2594,187491,0,0,0.000,0.000,0.000,0,0.000,0.000,0.000,0,0,4,0,0
PPG,1,95704,3829711552,25,493,504,0.000,0.000,0.000,0,0,0,0,0.00,nan,4,3,1,nan,3,3,24,1,1,24,24,0,0,0,3830911509,0.03687,0.00195,0.94873,0.94945,-0.00558,-0.00135,-0.00114,0.00586,0.95510,0.00812,0.00606,3,12119,0,6297,0.00000,0.00000,0.00000,0,0,nan,0,0,0,4298,187491,0,0,0.000,0.000,0.000,0,0.000,0.000,0.000,0,0,4,0,0
PPG,1,95705,3829751552,25,483,502,0.000,0.000,0.000,0,0,0,0,0.00,nan,4,3,1,nan,3,3,24,1,1,25,25,0,0,0,3830950059,0.03784,0.00244,0.95532,0.95607,-0.00558,-0.00001,-0.00167,0.00583,0.95607,0.00739,0.00583,3,12149,0,6297,0.00000,0.00000,0.00000,0,0,nan,0,0,0,2598,187491,0,0,0.000,0.000,0.000,0,0.000,0.000,0.000,0,0,4,0,0
PPG,1,95706,3829791552,25,483,496,0.000,0.000,0.000,0,0,0,0,0.00,nan,4,3,1,nan,3,3,24,1,1,26,26,0,0,0,3830991251,0.03662,0.00684,0.94751,0.94824,-0.00585,-0.00108,-0.00194,0.00626,0.95435,0.00611,0.00693,3,12131,0,6297,0.00000,0.00000,0.00000,0,0,nan,0,0,0,4296,187491,0,0,0.000,0.000,0.000,0,0.000,0.000,0.000,0,0,4,0,0
PPG,1,95707,3829831552,25,493,500,0.000,0.000,0.000,0,0,0,0,0.00,nan,4,3,1,nan,3,3,24,1,1,27,27,0,0,0,3831029745,0.03857,0.00562,0.95288,0.95368,-0.00692,0.00025,-0.00167,0.00712,0.95368,0.00355,0.00712,3,12116,0,6297,0.00000,0.00000,0.00000,0,0,nan,0,0,0,2604,187491,0,0,0.000,0.000,0.000,0,0.000,0.000,0.000,0,0,4,0,0
PPG,1,95708,3829871552,25,503,508,0.000,0.000,0.000,0,0,0,0,0.00,nan,4,3,1,nan,3,3,24,1,1,28,28,0,0,0,3831070914,0.04102,0.00171,0.94531,0.94620,-0.00479,-0.00001,-0.00194,0.00516,0.95807,0.00861,0.00627,3,12124,0,6297,0.00000,0.00000,0.00000,0,0,nan,0,0,0,4301,187491,0,0,0.000,0.000,0.000,0,0.000,0.000,0.000,0,0,4,0,0
PPG,1,95709,3829911552,25,499,512,0.000,0.000,0.000,0,0,0,0,0.00,nan,4,3,1,nan,3,3,24,1,1,29,29,0,0,0,3831109429,0.03906,0.00342,0.94653,0.94735,-0.00638,-0.00081,-0.00194,0.00672,0.95359,0.00624,0.00672,3,12119,0,6297,0.00000,0.00000,0.00000,0,0,nan,0,0,0,2594,187491,0,0,0.000,0.000,0.000,0,0.000,0.000,0.000,0,0,4,0,0
PPG,1,95710,3829951552,25,486,511,0.000,0.000,0.000,0,0,0,0,0.00,nan,4,3,1,nan,3,3,24,1,1,30,30,0,0,0,3831150569,0.03784,0.00342,0.94702,0.94778,-0.00585,-0.00055,-0.00167,0.00611,0.95567,0.00789,0.00611,3,12127,0,6297,0.00000,0.00000,0.00000,0,0,nan,0,0,0,2598,187491,0,0,0.000,0.000,0.000,0,0.000,0.000,0.000,0,0,4,0,0
PPG,1,95711,3829991552,25,477,500,0.000,0.000,0.000,0,0,0,0,0.00,nan,4,3,1,nan,3,3,24,1,1,31,31,0,0,0,3831191747,0.03589,0.00464,0.94702,0.94771,-0.00532,-0.00028,-0.00167,0.00558,0.95059,0.00298,0.00571,3,12118,0,6297,0.00000,0.00000,0.00000,0,0,nan,0,0,0,4294,187491,0,0,0.000,0.000,0.000,0,0.000,0.000,0.000,0,0,4,0,0
PPG,1,95712,3830031552,25,485,502,0.000,0.000,0.000,0,0,0,0,0.00,nan,4,3,1,nan,3,3,24,1,1,0,0,0,0,0,3831230263,0.03979,0.00635,0.95386,0.95471,-0.00692,-0.00135,-0.00141,0.00719,0.95471,0.00551,0.00719,3,12122,0,6297,0.00000,0.00000,0.00000,0,0,nan,0,0,0,2597,187491,0,0,0.000,0.000,0.000,0,0.000,0.000,0.000,0,0,4,0,0
PPG,1,95713,3830071552,25,493,508,0.000,0.000,0.000,0,0,0,0,0.00,nan,4,3,1,nan,3,3,24,1,1,1,1,0,0,0,3831271424,0.03564,0.00366,0.95044,0.95111,-0.00532,-0.00055,-0.00194,0.00569,0.95111,0.00549,0.00691,3,12134,0,6297,0.00000,0.00000,0.00000,0,0,nan,0,0,0,4297,187491,0,0,0.000,0.000,0.000,0,0.000,0.000,0.000,0,0,4,0,0
PPG,1,95714,3830111552,25,498,520,0.000,0.000,0.000,0,0,0,0,0.00,nan,4,3,1,nan,3,3,24,1,1,2,2,0,0,0,3831309941,0.03784,0.00317,0.94604,0.94681,-0.00612,-0.00055,-0.00167,0.00637,0.94681,0.00524,0.00736,3,12112,0,6297,0.00000,0.00000,0.00000,0,0,nan,0,0,0,2595,187491,0,0,0.000,0.000,0.000,0,0.000,0.000,0.000,0,0,4,0,0
PPG,1,95715,3830151552,36,494,520,0.000,0.000,0.000,0,0,0,0,0.00,nan,4,3,1,nan,3,3,24,1,1,3,3,0,0,0,3831351093,0.03442,0.00562,0.94824,0.94888,-0.00638,-0.00081,-0.00167,0.00665,0.95421,0.00740,0.00665,3,12137,0,6297,0.00000,0.00000,0.00000,0,0,nan,0,0,0,4303,187491,0,0,0.000,0.000,0.000,0,0.000,0.000,0.000,0,0,4,0,0
PPG,1,95716,3830191552,25,488,510,0.000,0.000,0.000,0,0,0,0,0.00,nan,4,3,1,nan,3,3,24,1,1,4,4,0,0,0,3831389646,0.04077,0.00464,0.94873,0.94962,-0.00638,-0.00028,-0.00114,0.00649,0.95707,0.00745,0.00649,3,12125,0,6297,0.00000,0.00000,0.00000,0,0,nan,0,0,0,2599,187491,0,0,0.000,0.000,0.000,0,0.000,0.000,0.000,0,0,4,0,0
PPG,1,95717,3830231552,25,483,487,0.000,0.000,0.000,0,0,0,0,0.00,nan,4,3,1,nan,3,3,24,1,1,5,5,0,0,0,3831430761,0.04004,0.00684,0.94458,0.94545,-0.00532,-0.00108,-0.00087,0.00550,0.95360,0.00713,0.00625,3,12120,0,6297,0.00000,0.00000,0.00000,0,0,nan,0,0,0,2599,187491,0,0,0.000,0.000,0.000,0,0.000,0.000,0.000,0,0,4,0,0
PPG,1,95718,3830271552,26,492,498,0.000,0.000,0.000,0,0,0,0,0.00,nan,4,3,1,nan,3,3,24,1,1,6,6,0,0,0,3831471912,0.03613,0.00708,0.94727,0.94798,-0.00638,-0.00081,-0.00194,0.00672,0.95429,0.00883,0.00672,3,12137,0,6297,0.00000,0.00000,0.00000,0,0,nan,0,0,0,4297,187491,0,0,0.000,0.000,0.000,0,0.000,0.000,0.000,0,0,4,0,0
PPG,1,95719,3830311552,25,503,502,0.000,0.000,0.000,0,0,0,0,0.00,nan,4,3,1,nan,3,3,24,1,1,7,7,0,0,0,3831510429,0.04004,0.00366,0.95142,0.95227,-0.00558,-0.00028,-0.00141,0.00577,0.95227,0.00268,0.00693,3,12123,0,6297,0.00000,0.00000,0.00000,0,0,nan,0,0,0,2595,187491,0,0,0.000,0.000,0.000,0,0.000,0.000,0.000,0,0,4,0,0
PPG,1,95720,3830351552,25,505,513,0.000,0.000,0.000,0,0,0,0,0.00,nan,4,3,1,nan,3,3,24,1,1,8,8,0,0,0,3831551556,0.03687,0.00439,0.95020,0.95092,-0.00479,-0.00055,-0.00141,0.00502,0.95092,0.00355,0.00583,3,12114,0,6297,0.00000,0.00000,0.00000,0,0,nan,0,0,0,4295,187491,0,0,0.000,0.000,0.000,0,0.000,0.000,0.000,0,0,4,0,0
PPG,1,95721,3830391552,25,499,517,0.000,0.000,0.000,0,0,0,0,0.00,nan,4,3,1,nan,3,3,24,1,1,9,9,0,0,0,3831590105,0.03589,0.00684,0.95190,0.95261,-0.00585,-0.00028,-0.00114,0.00597,0.95579,0.00743,0.00620,3,12128,0,6297,0.00000,0.00000,0.00000,0,0,nan,0,0,0,2596,187491,0,0,0.000,0.000,0.000,0,0.000,0.000,0.000,0,0,4,0,0
PPG,1,95722,3830431552,28,484,504,0.000,0.000,0.000,0,0,0,0,0.00,nan,4,3,1,nan,3,3,24,1,1,10,10,0,0,0,3831625803,0.03784,0.00854,0.95215,0.95294,-0.00558,0.00025,-0.00167,0.00583,0.95294,0.00209,0.00622,2,18852,0,6297,0.00000,0.00000,0.00000,0,0,nan,0,0,0,2590,187491,0,0,0.000,0.000,0.000,0,0.000,0.000,0.000,0,0,4,0,0
PPG,1,95723,3830471552,26,497,506,0.000,0.000,0.000,0,0,0,0,0.00,nan,4,3,1,nan,3,3,24,1,1,11,11,0,0,0,3831669684,0.03882,0.00562,0.95166,0.95247,-0.00612,0.00025,-0.00114,0.00623,0.95247,0.00419,0.00623,3,12162,0,6297,0.00000,0.00000,0.00000,0,0,nan,0,0,0,2644,187491,0,0,0.000,0.000,0.000,0,0.000,0.000,0.000,0,0,4,0,0
PPG,1,95724,3830511552,25,477,503,0.000,0.000,0.000,0,0,0,0,0.00,nan,4,3,1,nan,3,3,24,1,1,12,12,0,0,0,3831711013,0.04004,0.00293,0.94800,0.94885,-0.00558,-0.00028,-0.00114,0.00571,0.95413,0.00528,0.00632,3,12105,0,6297,0.00000,0.00000,0.00000,0,0,nan,0,0,0,2595,187491,0,0,0.000,0.000,0.000,0,0.000,0.000,0.000,0,0,4,0,0
PPG,1,95725,3830551552,25,498,511,0.000,0.000,0.000,0,0,0,0,0.00,nan,4,3,1,nan,3,3,24,1,1,13,13,0,0,0,3831752104,0.03613,0.00757,0.95093,0.95164,-0.00585,-0.00055,-0.00087,0.00594,0.95293,0.00408,0.00688,3,12117,0,6297,0.00000,0.00000,0.00000,0,0,nan,0,0,0,4299,187491,0,0,0.000,0.000,0.000,0,0.000,0.000,0.000,0,0,4,0,0
PPG,1,95726,3830591552,25,496,518,0.000,0.000,0.000,0,0,0,0,0.00,nan,4,3,1,nan,3,3,24,1,1,14,14,0,0,0,3831790648,0.03687,0.00732,0.95313,0.95387,-0.00532,-0.00081,-0.00247,0.00592,0.95387,0.00555,0.00660,3,12119,0,6297,0.00000,0.00000,0.00000,0,0,nan,0,0,0,2677,187491,0,0,0.000,0.000,0.000,0,0.000,0.000,0.000,0,0,4,0,0
PPG,1,95727,3830631552,26,485,506,0.000,0.000,0.000,0,0,0,0,0.00,nan,4,3,1,nan,3,3,24,1,1,15,15,0,0,0,3831831991,0.03955,0.00684,0.95142,0.95226,-0.00532,0.00052,-0.00194,0.00568,0.95487,0.00380,0.00601,3,12218,0,6297,0.00000,0.00000,0.00000,0,0,nan,0,0,0,4337,187491,0,0,0.000,0.000,0.000,0,0.000,0.000,0.000,0,0,4,0,0
PPG,1,95728,3830671552,25,502,519,0.000,0.000,0.000,0,0,0,0,0.00,nan,4,3,1,nan,3,3,24,1,1,16,16,0,0,0,3831870733,0.03662,0.00073,0.95166,0.95236,-0.00638,-0.00028,-0.00221,0.00676,0.95370,0.00145,0.00676,3,12303,0,6297,0.00000,0.00000,0.00000,0,0,nan,0,0,0,2644,187491,0,0,0.000,0.000,0.000,0,0.000,0.000,0.000,0,0,4,0,0
PPG,1,95729,3830711552,25,498,516,0.000,0.000,0.000,0,0,0,0,0.00,nan,4,3,1,nan,3,3,24,1,1,17,17,0,0,0,3831912306,0.03711,0.00513,0.95703,0.95776,-0.00558,-0.00135,-0.00167,0.00598,0.95971,0.00734,0.00660,3,12275,0,6297,0.00000,0.00000,0.00000,0,0,nan,0,0,0,4350,187491,0,0,0.000,0.000,0.000,0,0.000,0.000,0.000,0,0,4,0,0
PPG,1,95730,3830751552,25,495,503,0.000,0.000,0.000,0,0,0,0,0.00,nan,4,3,1,nan,3,3,24,1,1,18,18,0,0,0,3831951226,0.03589,0.00513,0.95435,0.95503,-0.00638,-0.00055,-0.00221,0.00678,0.95503,0.00408,0.00678,3,12243,0,6297,0.00000,0.00000,0.00000,0,0,nan,0,0,0,4325,187491,0,0,0.000,0.000,0.000,0,0.000,0.000,0.000,0,0,4,0,0
PPG,1,95731,3830791552,26,496,503,0.000,0.000,0.000,0,0,0,0,0.00,nan,4,3,1,nan,3,3,24,1,1,19,19,0,0,0,3831990112,0.03662,0.00684,0.95337,0.95410,-0.00692,-0.00055,-0.00114,0.00703,0.95410,0.00956,0.00703,3,12271,0,6297,0.00000,0.00000,0.00000,0,0,nan,0,0,0,2646,187491,0,0,0.000,0.000,0.000,0,0.000,0.000,0.000,0,0,4,0,0
PPG,1,95732,3830831552,25,488,507,0.000,0.000,0.000,0,0,0,0,0.00,nan,4,3,1,nan,3,3,24,1,1,20,20,0,0,0,3832031663,0.04077,0.00366,0.94751,0.94839,-0.00558,-0.00055,-0.00221,0.00603,0.95143,0.00401,0.00644,3,12246,0,6297,0.00000,0.00000,0.00000,0,0,nan,0,0,0,4335,187491,0,0,0.000,0.000,0.000,0,0.000,0.000,0.000,0,0,4,0,0
PPG,1,95733,3830871552,25,492,505,0.000,0.000,0.000,0,0,0,0,0.00,nan,4,3,1,nan,3,3,24,1,1,21,21,0,0,0,3832070567,0.03833,0.00586,0.94653,0.94733,-0.00505,-0.00081,-0.00167,0.00538,0.95280,0.00472,0.00606,3,12257,0,6297,0.00000,0.00000,0.00000,0,0,nan,0,0,0,2627,187491,0,0,0.000,0.000,0.000,0,0.000,0.000,0.000,0,0,4,0,0
PPG,1,95734,3830911552,25,485,513,0.000,0.000,0.000,0,0,0,0,0.00,nan,4,3,1,nan,3,3,24,1,1,22,22,0,0,0,3832112122,0.04321,0.00586,0.95020,0.95120,-0.00638,-0.00135,-0.00167,0.00674,0.95164,0.00432,0.00674,3,12244,0,6297,0.00000,0.00000,0.00000,0,0,nan,0,0,0,4340,187491,0,0,0.000,0.000,0.000,0,0.000,0.000,0.000,0,0,4,0,0
PPG,1,95735,3830951552,27,504,508,0.000,0.000,0.000,0,0,0,0,0.00,nan,4,3,1,nan,3,3,24,1,1,23,23,0,0,0,3832150971,0.03931,0.00659,0.94897,0.94981,-0.00612,-0.00081,-0.00141,0.00633,0.95643,0.00662,0.00633,3,12258,0,6297,0.00000,0.00000,0.00000,0,0,nan,0,0,0,2633,187491,0,0,0.000,0.000,0.000,0,0.000,0.000,0.000,0,0,4,0,0
PPG,1,95736,3830991552,26,488,503,0.000,0.000,0.000,0,0,0,0,0.00,nan,4,3,1,nan,3,3,24,1,1,24,24,0,0,0,3832192535,0.04028,0.00537,0.95264,0.95350,-0.00638,-0.00055,-0.00194,0.00669,0.95541,0.00496,0.00669,3,12274,0,6297,0.00000,0.00000,0.00000,0,0,nan,0,0,0,4330,187491,0,0,0.000,0.000,0.000,0,0.000,0.000,0.000,0,0,4,0,0
PPG,1,95737,3831031552,25,496,504,0.000,0.000,0.000,0,0,0,0,0.00,nan,4,3,1,nan,3,3,24,1,1,25,25,0,0,0,3832231335,0.03906,0.00439,0.95459,0.95540,-0.00665,-0.00028,-0.00141,0.00680,0.95540,0.00478,0.00680,3,12234,0,6297,0.00000,0.00000,0.00000,0,0,nan,0,0,0,4352,187491,0,0,0.000,0.000,0.000,0,0.000,0.000,0.000,0,0,4,0,0
PPG,1,95738,3831071552,25,495,500,0.000,0.000,0.000,0,0,0,0,0.00,nan,4,3,1,nan,3,3,24,1,1,26,26,0,0,0,3832270190,0.04126,0.00952,0.94922,0.95016,-0.00558,-0.00188,-0.00167,0.00612,0.95235,0.00738,0.00660,3,12242,0,6297,0.00000,0.00000,0.00000,0,0,nan,0,0,0,2637,187491,0,0,0.000,0.000,0.000,0,0.000,0.000,0.000,0,0,4,0,0
PPG,1,95739,3831111552,25,490,504,0.000,0.000,0.000,0,0,0,0,0.00,nan,4,3,1,nan,3,3,24,1,1,27,27,0,0,0,3832311697,0.04199,0.01099,0.95557,0.95655,-0.00558,-0.00108,-0.00194,0.00601,0.95694,0.00510,0.00601,3,12246,0,6297,0.00000,0.00000,0.00000,0,0,nan,0,0,0,4333,187491,0,0,0.000,0.000,0.000,0,0.000,0.000,0.000,0,0,4,0,0
PPG,1,95740,3831151552,26,495,513,0.000,0.000,0.000,0,0,0,0,0.00,nan,4,3,1,nan,3,3,24,1,1,28,28,0,0,0,3832350532,0.04126,0.00073,0.94824,0.94914,-0.00638,-0.00001,-0.00221,0.00675,0.95393,0.00288,0.00675,3,12236,0,6297,0.00000,0.00000,0.00000,0,0,nan,0,0,0,2625,187491,0,0,0.000,0.000,0.000,0,0.000,0.000,0.000,0,0,4,0,0
PPG,1,95741,3831191552,25,495,506,0.000,0.000,0.000,0,0,0,0,0.00,nan,4,3,1,nan,3,3,24,1,1,29,29,0,0,0,3832391991,0.03760,0.00684,0.95093,0.95170,-0.00638,-0.00081,-0.00247,0.00689,0.95170,0.00557,0.00734,3,12253,0,6297,0.00000,0.00000,0.00000,0,0,nan,0,0,0,4333,187491,0,0,0.000,0.000,0.000,0,0.000,0.000,0.000,0,0,4,0,0
PPG,1,95742,3831231552,25,491,497,0.000,0.000,0.000,0,0,0,0,0.00,nan,4,3,1,nan,3,3,24,1,1,30,30,0,0,0,3832430799,0.03882,0.00830,0.95166,0.95249,-0.00612,-0.00001,-0.00141,0.00628,0.95249,0.00079,0.00662,3,12230,0,6297,0.00000,0.00000,0.00000,0,0,nan,0,0,0,2630,187491,0,0,0.000,0.000,0.000,0,0.000,0.000,0.000,0,0,4,0,0
PPG,1,95743,3831271552,35,493,497,0.000,0.000,0.000,0,0,0,0,0.00,nan,4,3,1,nan,3,3,24,1,1,31,31,0,0,0,3832472198,0.04102,0.00586,0.94409,0.94500,-0.00585,-0.00028,-0.00221,0.00626,0.95264,0.00764,0.00686,3,12186,0,6297,0.00000,0.00000,0.00000,0,0,nan,0,0,0,4362,187491,0,0,0.000,0.000,0.000,0,0.000,0.000,0.000,0,0,4,0,0
PPG,1,95744,3831311552,25,494,511,0.000,0.000,0.000,0,0,0,0,0.00,nan,4,3,1,nan,3,3,24,1,1,0,0,0,0,0,3832511035,0.03711,0.00391,0.95557,0.95629,-0.00612,-0.00108,-0.00141,0.00637,0.95629,0.00958,0.00660,3,12155,0,6297,0.00000,0.00000,0.00000,0,0,nan,0,0,0,2644,187491,0,0,0.000,0.000,0.000,0,0.000,0.000,0.000,0,0,4,0,0
PPG,1,95745,3831351552,26,491,516,0.000,0.000,0.000,0,0,0,0,0.00,nan,4,3,1,nan,3,3,24,1,1,1,1,0,0,0,3832552316,0.03882,0.00244,0.95190,0.95270,-0.00665,-0.00188,-0.00114,0.00700,0.95604,0.00334,0.00700,3,12157,0,6297,0.00000,0.00000,0.00000,0,0,nan,0,0,0,4303,187491,0,0,0.000,0.000,0.000,0,0.000,0.000,0.000,0,0,4,0,0
PPG,1,95746,3831391552,25,495,516,0.000,0.000,0.000,0,0,0,0,0.00,nan,4,3,1,nan,3,3,24,1,1,2,2,0,0,0,3832590839,0.04077,0.00806,0.94995,0.95086,-0.00612,-0.00108,-0.00141,0.00637,0.95531,0.00445,0.00637,3,12123,0,6297,0.00000,0.00000,0.00000,0,0,nan,0,0,0,2601,187491,0,0,0.000,0.000,0.000,0,0.000,0.000,0.000,0,0,4,0,0
PPG,1,95747,3831431552,25,480,499,0.000,0.000,0.000,0,0,0,0,0.00,nan,4,3,1,nan,3,3,24,1,1,3,3,0,0,0,3832626563,0.03735,0.00537,0.95801,0.95875,-0.00558,-0.00081,-0.00274,0.00627,0.95875,0.00639,0.00627,2,18845,0,6297,0.00000,0.00000,0.00000,0,0,nan,0,0,0,2592,187491,0,0,0.000,0.000,0.000,0,0.000,0.000,0.000,0,0,4,0,0
PPG,1,95748,3831471552,25,485,509,0.000,0.000,0.000,0,0,0,0,0.00,nan,4,3,1,nan,3,3,24,1,1,4,4,0,0,0,3832670390,0.03687,0.00806,0.95142,0.95216,-0.00558,-0.00001,-0.00114,0.00570,0.95436,0.00926,0.00627,3,12119,0,6297,0.00000,0.00000,0.00000,0,0,nan,0,0,0,2595,187491,0,0,0.000,0.000,0.000,0,0.000,0.000,0.000,0,0,4,0,0
PPG,1,95749,3831511552,25,478,498,0.000,0.000,0.000,0,0,0,0,0.00,nan,4,3,1,nan,3,3,24,1,1,5,5,0,0,0,3832711587,0.03955,0.00464,0.95361,0.95444,-0.00585,-0.00001,-0.00114,0.00596,0.95754,0.00648,0.00672,3,12130,0,6297,0.00000,0.00000,0.00000,0,0,nan,0,0,0,4300,187491,0,0,0.000,0.000,0.000,0,0.000,0.000,0.000,0,0,4,0,0
PPG,1,95750,3831551552,25,503,513,0.000,0.000,0.000,0,0,0,0,0.00,nan,4,3,1,nan,3,3,24,1,1,6,6,0,0,0,3832750124,0.03906,0.00586,0.95142,0.95224,-0.00558,-0.00001,-0.00194,0.00591,0.95227,0.00327,0.00636,3,12132,0,6297,0.00000,0.00000,0.00000,0,0,nan,0,0,0,2596,187491,0,0,0.000,0.000,0.000,0,0.000,0.000,0.000,0,0,4,0,0
PPG,1,95751,3831591552,25,498,509,0.000,0.000,0.000,0,0,0,0,0.00,nan,4,3,1,nan,3,3,24,1,1,7,7,0,0,0,3832791275,0.03687,0.00171,0.94946,0.95018,-0.00612,0.00052,-0.00141,0.00630,0.95497,0.00439,0.00630,3,12137,0,6297,0.00000,0.00000,0.00000,0,0,nan,0,0,0,4303,187491,0,0,0.000,0.000,0.000,0,0.000,0.000,0.000,0,0,4,0,0
PPG,1,95752,3831631552,25,496,512,0.000,0.000,0.000,0,0,0,0,0.00,nan,4,3,1,nan,3,3,24,1,1,8,8,0,0,0,3832829826,0.03955,0.00171,0.95581,0.95663,-0.00612,-0.00055,-0.00114,0.00625,0.95663,0.00659,0.00675,3,12121,0,6297,0.00000,0.00000,0.00000,0,0,nan,0,0,0,2599,187491,0,0,0.000,0.000,0.000,0,0.000,0.000,0.000,0,0,4,0,0
PPG,1,95753,3831671552,25,474,507,0.000,0.000,0.000,0,0,0,0,0.00,nan,4,3,1,nan,3,3,24,1,1,9,9,0,0,0,3832870941,0.03979,0.00732,0.95801,0.95886,-0.00585,-0.00081,-0.00247,0.00640,0.95985,0.00981,0.00643,3,12106,0,6297,0.00000,0.00000,0.00000,0,0,nan,0,0,0,2595,187491,0,0,0.000,0.000,0.000,0,0.000,0.000,0.000,0,0,4,0,0
PPG,1,95754,3831711552,29,493,494,0.000,0.000,0.000,0,0,0,0,0.00,nan,4,3,1,nan,3,3,24,1,1,10,10,0,0,0,3832912107,0.03931,0.00781,0.95386,0.95470,-0.00558,-0.00055,-0.00247,0.00613,0.95470,0.00484,0.00620,3,12136,0,6297,0.00000,0.00000,0.00000,0,0,nan,0,0,0,4297,187491,0,0,0.000,0.000,0.000,0,0.000,0.000,0.000,0,0,4,0,0
PPG,1,95755,3831751552,26,492,500,0.000,0.000,0.000,0,0,0,0,0.00,nan,4,3,1,nan,3,3,24,1,1,11,11,0,0,0,3832950641,0.04102,0.00366,0.95435,0.95523,-0.00532,-0.00028,-0.00167,0.00558,0.95646,0.00176,0.00672,3,12132,0,6297,0.00000,0.00000,0.00000,0,0,nan,0,0,0,2595,187491,0,0,0.000,0.000,0.000,0,0.000,0.000,0.000,0,0,4,0,0
PPG,1,95756,3831791552,25,502,513,0.000,0.000,0.000,0,0,0,0,0.00,nan,4,3,1,nan,3,3,24,1,1,12,12,0,0,0,3832991746,0.03516,0.00732,0.94873,0.94941,-0.00612,-0.00055,-0.00167,0.00637,0.95341,0.00302,0.00664,3,12116,0,6297,0.00000,0.00000,0.00000,0,0,nan,0,0,0,4319,187491,0,0,0.000,0.000,0.000,0,0.000,0.000,0.000,0,0,4,0,0
PPG,1,95757,3831831552,25,503,512,0.000,0.000,0.000,0,0,0,0,0.00,nan,4,3,1,nan,3,3,24,1,1,13,13,0,0,0,3833030283,0.04175,0.00854,0.94995,0.95091,-0.00479,-0.00028,-0.00167,0.00508,0.95091,0.00344,0.00609,3,12115,0,6297,0.00000,0.00000,0.00000,0,0,nan,0,0,0,2595,187491,0,0,0.000,0.000,0.000,0,0.000,0.000,0.000,0,0,4,0,0
PPG,1,95758,3831871552,25,492,517,0.000,0.000,0.000,0,0,0,0,0.00,nan,4,3,1,nan,3,3,24,1,1,14,14,0,0,0,3833071401,0.03784,0.00317,0.95239,0.95315,-0.00585,-0.00108,-0.00274,0.00655,0.96031,0.00908,0.00655,3,12120,0,6297,0.00000,0.00000,0.00000,0,0,nan,0,0,0,4298,187491,0,0,0.000,0.000,0.000,0,0.000,0.000,0.000,0,0,4,0,0
PPG,1,95759,3831911552,26,477,504,0.000,0.000,0.000,0,0,0,0,0.00,nan,4,3,1,nan,3,3,24,1,1,15,15,0,0,0,3833110132,0.04199,-0.00122,0.95068,0.95161,-0.00585,-0.00055,-0.00141,0.00604,0.95382,0.00604,0.00644,3,12324,0,6297,0.00000,0.00000,0.00000,0,0,nan,0,0,0,2640,187491,0,0,0.000,0.000,0.000,0,0.000,0.000,0.000,0,0,4,0,0
PPG,1,95760,3831951552,25,490,503,0.000,0.000,0.000,0,0,0,0,0.00,nan,4,3,1,nan,3,3,24,1,1,16,16,0,0,0,3833151376,0.03979,0.00464,0.95190,0.95275,-0.00452,-0.00081,-0.00167,0.00489,0.95349,0.00498,0.00676,3,12117,0,6297,0.00000,0.00000,0.00000,0,0,nan,0,0,0,4362,187491,0,0,0.000,0.000,0.000,0,0.000,0.000,0.000,0,0,4,0,0
PPG,1,95761,3831991552,27,497,504,0.000,0.000,0.000,0,0,0,0,0.00,nan,4,3,1,nan,3,3,24,1,1,17,17,0,0,0,3833189941,0.03687,0.00635,0.95337,0.95410,-0.00532,-0.00055,-0.00114,0.00547,0.95980,0.00706,0.00571,3,12106,0,6297,0.00000,0.00000,0.00000,0,0,nan,0,0,0,2595,187491,0,0,0.000,0.000,0.000,0,0.000,0.000,0.000,0,0,4,0,0
PPG,1,95762,3832031552,25,488,488,0.000,0.000,0.000,0,0,0,0,0.00,nan,4,3,1,nan,3,3,24,1,1,18,18,0,0,0,3833231390,0.03711,0.00293,0.94751,0.94824,-0.00505,-0.00081,-0.00167,0.00538,0.95580,0.00487,0.00618,3,12266,0,6297,0.00000,0.00000,0.00000,0,0,nan,0,0,0,4294,187491,0,0,0.000,0.000,0.000,0,0.000,0.000,0.000,0,0,4,0,0
PPG,1,95763,3832071552,25,501,499,0.000,0.000,0.000,0,0,0,0,0.00,nan,4,3,1,nan,3,3,24,1,1,19,19,0,0,0,3833270064,0.03906,0.00732,0.95386,0.95468,-0.00505,-0.00055,-0.00167,0.00535,0.95468,0.00619,0.00547,3,12296,0,6297,0.00000,0.00000,0.00000,0,0,nan,0,0,0,2607,187491,0,0,0.000,0.000,0.000,0,0.000,0.000,0.000,0,0,4,0,0
PPG,1,95764,3832111552,28,489,510,0.000,0.000,0.000,0,0,0,0,0.00,nan,4,3,1,nan,3,3,24,1,1,20,20,0,0,0,3833311478,0.04150,0.00635,0.94482,0.94576,-0.00505,0.00052,-0.00194,0.00544,0.95841,0.00888,0.00584,3,12372,0,6297,0.00000,0.00000,0.00000,0,0,nan,0,0,0,4312,187491,0,0,0.000,0.000,0.000,0,0.000,0.000,0.000,0,0,4,0,0
PPG,1,95765,3832151552,25,490,505,0.000,0.000,0.000,0,0,0,0,0.00,nan,4,3,1,nan,3,3,24,1,1,21,21,0,0,0,3833350341,0.03516,0.00244,0.94995,0.95060,-0.00532,-0.00135,-0.00194,0.00582,0.95532,0.00664,0.00582,3,12253,0,6297,0.00000,0.00000,0.00000,0,0,nan,0,0,0,2646,187491,0,0,0.000,0.000,0.000,0,0.000,0.000,0.000,0,0,4,0,0
PPG,1,95766,3832191552,28,489,508,0.000,0.000,0.000,0,0,0,0,0.00,nan,4,3,1,nan,3,3,24,1,1,22,22,0,0,0,3833391899,0.03589,0.01147,0.95117,0.95192,-0.00558,-0.00028,-0.00114,0.00571,0.95654,0.00594,0.00614,3,12237,0,6297,0.00000,0.00000,0.00000,0,0,nan,0,0,0,4315,187491,0,0,0.000,0.000,0.000,0,0.000,0.000,0.000,0,0,4,0,0
PPG,1,95767,3832231552,25,495,521,0.000,0.000,0.000,0,0,0,0,0.00,nan,4,3,1,nan,3,3,24,1,1,23,23,0,0,0,3833430778,0.03662,0.00781,0.95044,0.95118,-0.00585,-0.00055,-0.00061,0.00591,0.95531,0.00655,0.00591,3,12256,0,6297,0.00000,0.00000,0.00000,0,0,nan,0,0,0,2639,187491,0,0,0.000,0.000,0.000,0,0.000,0.000,0.000,0,0,4,0,0
PPG,1,95768,3832271552,25,489,505,0.000,0.000,0.000,0,0,0,0,0.00,nan,4,3,1,nan,3,3,24,1,1,24,24,0,0,0,3833472374,0.03735,0.00977,0.95166,0.95244,-0.00558,-0.00081,-0.00061,0.00568,0.95294,0.00200,0.00701,3,12267,0,6297,0.00000,0.00000,0.00000,0,0,nan,0,0,0,4321,187491,0,0,0.000,0.000,0.000,0,0.000,0.000,0.000,0,0,4,0,0
PPG,1,95769,3832311552,27,498,504,0.000,0.000,0.000,0,0,0,0,0.00,nan,4,3,1,nan,3,3,24,1,1,25,25,0,0,0,3833511246,0.04150,0.00317,0.94995,0.95086,-0.00532,-0.00135,-0.00114,0.00560,0.95915,0.00866,0.00689,3,12303,0,6297,0.00000,0.00000,0.00000,0,0,nan,0,0,0,2624,187491,0,0,0.000,0.000,0.000,0,0.000,0.000,0.000,0,0,4,0,0
PPG,1,95770,3832351552,28,491,508,0.000,0.000,0.000,0,0,0,0,0.00,nan,4,3,1,nan,3,3,24,1,1,26,26,0,0,0,3833552778,0.04199,0.00537,0.94800,0.94894,-0.00585,-0.00055,-0.00141,0.00604,0.95457,0.00563,0.00630,3,12239,0,6297,0.00000,0.00000,0.00000,0,0,nan,0,0,0,4323,187491,0,0,0.000,0.000,0.000,0,0.000,0.000,0.000,0,0,4,0,0
PPG,1,95771,3832391552,26,494,510,0.000,0.000,0.000,0,0,0,0,0.00,nan,4,3,1,nan,3,3,24,1,1,27,27,0,0,0,3833591678,0.03979,0.00952,0.95483,0.95571,-0.00585,-0.00081,-0.00221,0.00631,0.95571,0.00465,0.00631,3,12264,0,6297,0.00000,0.00000,0.00000,0,0,nan,0,0,0,4340,187491,0,0,0.000,0.000,0.000,0,0.000,0.000,0.000,0,0,4,0,0
PPG,1,95772,3832431552,26,492,519,0.000,0.000,0.000,0,0,0,0,0.00,nan,4,3,1,nan,3,3,24,1,1,28,28,0,0,0,3833628003,0.03735,0.00317,0.95483,0.95557,-0.00612,0.00025,-0.00141,0.00628,0.95585,0.00028,0.00628,2,21962,0,6298,0.00000,0.00000,0.00000,0,0,nan,0,0,0,2618,187491,0,0,0.000,0.000,0.000,0,0.000,0.000,0.000,0,0,4,0,0
PPG,1,95773,3832471552,26,498,505,0.000,0.000,0.000,0,0,0,0,0.00,nan,4,3,1,nan,3,3,24,1,1,29,29,0,0,0,3833672159,0.03979,0.00732,0.95142,0.95228,-0.00718,-0.00001,-0.00167,0.00738,0.95435,0.00479,0.00738,3,12229,0,6298,0.00000,0.00000,0.00000,0,0,nan,0,0,0,4327,187491,0,0,0.000,0.000,0.000,0,0.000,0.000,0.000,0,0,4,0,0
PPG,1,95774,3832511552,26,496,501,0.000,0.000,0.000,0,0,0,0,0.00,nan,4,3,1,nan,3,3,24,1,1,30,30,0,0,0,3833711010,0.04053,0.00635,0.95068,0.95157,-0.00558,-0.00028,-0.00114,0.00571,0.95157,0.00077,0.00571,3,12252,0,6298,0.00000,0.00000,0.00000,0,0,nan,0,0,0,2627,187491,0,0,0.000,0.000,0.000,0,0.000,0.000,0.000,0,0,4,0,0
PPG,1,95775,3832551552,26,502,509,0.000,0.000,0.000,0,0,0,0,0.00,nan,4,3,1,nan,3,3,24,1,1,31,31,0,0,0,3833752502,0.03906,0.00659,0.95825,0.95907,-0.00718,-0.00135,-0.00194,0.00756,0.95907,0.00603,0.00756,3,12232,0,6298,0.00000,0.00000,0.00000,0,0,nan,0,0,0,4326,187491,0,0,0.000,0.000,0.000,0,0.000,0.000,0.000,0,0,4,0,0
PPG,1,95776,3832591552,25,499,511,0.000,0.000,0.000,0,0,0,0,0.00,nan,4,3,1,nan,3,3,24,1,1,0,0,0,0,0,3833791306,0.03931,0.00439,0.94897,0.94980,-0.00638,-0.00135,-0.00167,0.00674,0.95565,0.00585,0.00674,3,12252,0,6298,0.00000,0.00000,0.00000,0,0,nan,0,0,0,2634,187491,0,0,0.000,0.000,0.000,0,0.000,0.000,0.000,0,0,4,0,0
PPG,1,95777,3832631552,26,491,511,0.000,0.000,0.000,0,0,0,0,0.00,nan,4,3,1,nan,3,3,24,1,1,1,1,0,0,0,3833832851,0.03442,0.00830,0.95117,0.95183,-0.00532,-0.00188,-0.00141,0.00581,0.95183,0.00109,0.00614,3,12238,0,6298,0.00000,0.00000,0.00000,0,0,nan,0,0,0,4331,187491,0,0,0.000,0.000,0.000,0,0.000,0.000,0.000,0,0,4,0,0
PPG,1,95778,3832671552,25,492,499,0.000,0.000,0.000,0,0,0,0,0.00,nan,4,3,1,nan,3,3,24,1,1,2,2,0,0,0,3833871676,0.04517,0.00708,0.94604,0.94715,-0.00558,-0.00108,-0.00274,0.00631,0.95306,0.00591,0.00640,3,12237,0,6298,0.00000,0.00000,0.00000,0,0,nan,0,0,0,4329,187491,0,0,0.000,0.000,0.000,0,0.000,0.000,0.000,0,0,4,0,0
PPG,1,95779,3832711552,25,494,510,0.000,0.000,0.000,0,0,0,0,0.00,nan,4,3,1,nan,3,3,24,1,1,3,3,0,0,0,3833910549,0.03760,0.00781,0.94482,0.94560,-0.00612,-0.00055,-0.00167,0.00637,0.95930,0.01370,0.00637,3,12281,0,6298,0.00000,0.00000,0.00000,0,0,nan,0,0,0,2608,187491,0,0,0.000,0.000,0.000,0,0.000,0.000,0.000,0,0,4,0,0
PPG,1,95780,3832751552,26,491,506,0.000,0.000,0.000,0,0,0,0,0.00,nan,4,3,1,nan,3,3,24,1,1,4,4,0,0,0,3833951837,0.04199,0.01050,0.95020,0.95118,-0.00479,-0.00081,-0.00167,0.00513,0.95188,0.00575,0.00685,3,12197,0,6298,0.00000,0.00000,0.00000,0,0,nan,0,0,0,4358,187491,0,0,0.000,0.000,0.000,0,0.000,0.000,0.000,0,0,4,0,0
PPG,1,95781,3832791552,26,495,502,0.000,0.000,0.000,0,0,0,0,0.00,nan,4,3,1,nan,3,3,24,1,1,5,5,0,0,0,3833990419,0.04321,0.00488,0.94580,0.94680,-0.00532,-0.00028,-0.00114,0.00545,0.95291,0.00354,0.00618,3,12145,0,6298,0.00000,0.00000,0.00000,0,0,nan,0,0,0,2595,187491,0,0,0.000,0.000,0.000,0,0.000,0.000,0.000,0,0,4,0,0
PPG,1,95782,3832831552,25,507,508,0.000,0.000,0.000,0,0,0,0,0.00,nan,4,3,1,nan,3,3,24,1,1,6,6,0,0,0,3834031535,0.04150,0.00391,0.95190,0.95282,-0.00638,-0.00108,-0.00034,0.00648,0.96132,0.00850,0.00728,3,12124,0,6298,0.00000,0.00000,0.00000,0,0,nan,0,0,0,2641,187491,0,0,0.000,0.000,0.000,0,0.000,0.000,0.000,0,0,4,0,0
PPG,1,95783,3832871552,25,499,515,0.000,0.000,0.000,0,0,0,0,0.00,nan,4,3,1,nan,3,3,24,1,1,7,7,0,0,0,3834072704,0.03882,0.00610,0.95044,0.95125,-0.00612,-0.00028,-0.00167,0.00635,0.95566,0.00802,0.00658,3,12136,0,6298,0.00000,0.00000,0.00000,0,0,nan,0,0,0,4298,187491,0,0,0.000,0.000,0.000,0,0.000,0.000,0.000,0,0,4,0,0
PPG,1,95784,3832911552,26,482,506,0.000,0.000,0.000,0,0,0,0,0.00,nan,4,3,1,nan,3,3,24,1,1,8,8,0,0,0,3834111235,0.04004,0.00586,0.95386,0.95472,-0.00718,-0.00001,-0.00141,0.00732,0.95472,0.00168,0.00732,3,12124,0,6298,0.00000,0.00000,0.00000,0,0,nan,0,0,0,2600,187491,0,0,0.000,0.000,0.000,0,0.000,0.000,0.000,0,0,4,0,0
PPG,1,95785,3832951552,25,480,499,0.000,0.000,0.000,0,0,0,0,0.00,nan,4,3,1,nan,3,3,24,1,1,9,9,0,0,0,3834152550,0.03662,0.00439,0.94873,0.94945,-0.00585,-0.00028,-0.00114,0.00597,0.95527,0.00782,0.00675,3,12120,0,6298,0.00000,0.00000,0.00000,0,0,nan,0,0,0,4299,187491,0,0,0.000,0.000,0.000,0,0.000,0.000,0.000,0,0,4,0,0
PPG,1,95786,3832991552,26,500,512,0.000,0.000,0.000,0,0,0,0,0.00,nan,4,3,1,nan,3,3,24,1,1,10,10,0,0,0,3834191085,0.03760,0.00684,0.95239,0.95316,-0.00558,-0.00081,-0.00087,0.00571,0.95316,0.00388,0.00805,3,12124,0,6298,0.00000,0.00000,0.00000,0,0,nan,0,0,0,2598,187491,0,0,0.000,0.000,0.000,0,0.000,0.000,0.000,0,0,4,0,0
PPG,1,95787,3833031552,25,494,511,0.000,0.000,0.000,0,0,0,0,0.00,nan,4,3,1,nan,3,3,24,1,1,11,11,0,0,0,3834232268,0.03979,0.01050,0.94751,0.94840,-0.00558,-0.00001,-0.00247,0.00611,0.95894,0.00585,0.00671,3,12175,0,6298,0.00000,0.00000,0.00000,0,0,nan,0,0,0,4318,187491,0,0,0.000,0.000,0.000,0,0.000,0.000,0.000,0,0,4,0,0
PPG,1,95788,3833071552,25,477,503,0.000,0.000,0.000,0,0,0,0,0.00,nan,4,3,1,nan,3,3,24,1,1,12,12,0,0,0,3834270832,0.03589,0.00488,0.95679,0.95747,-0.00532,-0.00081,-0.00114,0.00550,0.95747,0.00574,0.00592,3,12139,0,6298,0.00000,0.00000,0.00000,0,0,nan,0,0,0,2602,187491,0,0,0.000,0.000,0.000,0,0.000,0.000,0.000,0,0,4,0,0
PPG,1,95789,3833111552,25,490,502,0.000,0.000,0.000,0,0,0,0,0.00,nan,4,3,1,nan,3,3,24,1,1,13,13,0,0,0,3834311964,0.03955,0.00220,0.95093,0.95175,-0.00585,-0.00001,-0.00167,0.00609,0.95175,0.01012,0.00616,3,12118,0,6298,0.00000,0.00000,0.00000,0,0,nan,0,0,0,4304,187491,0,0,0.000,0.000,0.000,0,0.000,0.000,0.000,0,0,4,0,0
PPG,1,95790,3833151552,25,487,504,0.000,0.000,0.000,0,0,0,0,0.00,nan,4,3,1,nan,3,3,24,1,1,14,14,0,0,0,3834350499,0.03687,0.00952,0.95313,0.95389,-0.00665,-0.00108,-0.00194,0.00701,0.95513,0.00338,0.00701,3,12106,0,6298,0.00000,0.00000,0.00000,0,0,nan,0,0,0,2599,187491,0,0,0.000,0.000,0.000,0,0.000,0.000,0.000,0,0,4,0,0
PPG,1,95791,3833191552,26,502,513,0.000,0.000,0.000,0,0,0,0,0.00,nan,4,3,1,nan,3,3,24,1,1,15,15,0,0,0,3834391611,0.03955,0.00366,0.94751,0.94834,-0.00612,-0.00028,-0.00141,0.00628,0.95489,0.00486,0.00628,3,12126,0,6298,0.00000,0.00000,0.00000,0,0,nan,0,0,0,2596,187491,0,0,0.000,0.000,0.000,0,0.000,0.000,0.000,0,0,4,0,0
PPG,1,95792,3833231552,25,498,516,0.000,0.000,0.000,0,0,0,0,0.00,nan,4,3,1,nan,3,3,24,1,1,16,16,0,0,0,3834432756,0.03979,0.00171,0.94531,0.94615,-0.00612,-0.00135,-0.00247,0.00673,0.95076,0.00461,0.00673,3,12152,0,6298,0.00000,0.00000,0.00000,0,0,nan,0,0,0,4333,187491,0,0,0.000,0.000,0.000,0,0.000,0.000,0.000,0,0,4,0,0
PPG,1,95793,3833271552,25,493,509,0.000,0.000,0.000,0,0,0,0,0.00,nan,4,3,1,nan,3,3,24,1,1,17,17,0,0,0,3834471354,0.03442,0.01099,0.94946,0.95015,-0.00612,-0.00028,-0.00087,0.00619,0.95154,0.00539,0.00723,3,12140,0,6298,0.00000,0.00000,0.00000,0,0,nan,0,0,0,2598,187491,0,0,0.000,0.000,0.000,0,0.000,0.000,0.000,0,0,4,0,0
PPG,1,95794,3833311552,25,496,497,0.000,0.000,0.000,0,0,0,0,0.00,nan,4,3,1,nan,3,3,24,1,1,18,18,0,0,0,3834512478,0.03833,0.00366,0.94873,0.94951,-0.00585,-0.00028,-0.00221,0.00626,0.95687,0.01276,0.00639,3,12117,0,6298,0.00000,0.00000,0.00000,0,0,nan,0,0,0,4297,187491,0,0,0.000,0.000,0.000,0,0.000,0.000,0.000,0,0,4,0,0
PPG,1,95795,3833351552,25,484,504,0.000,0.000,0.000,0,0,0,0,0.00,nan,4,3,1,nan,3,3,24,1,1,19,19,0,0,0,3834551014,0.03687,0.00342,0.95947,0.96019,-0.00638,-0.00081,-0.00194,0.00672,0.96019,0.01108,0.00719,3,12108,0,6298,0.00000,0.00000,0.00000,0,0,nan,0,0,0,2597,187491,0,0,0.000,0.000,0.000,0,0.000,0.000,0.000,0,0,4,0,0
PPG,1,95796,3833391552,29,491,505,0.000,0.000,0.000,0,0,0,0,0.00,nan,4,3,1,nan,3,3,24,1,1,20,20,0,0,0,3834592116,0.04248,0.00391,0.95190,0.95286,-0.00558,-0.00081,-0.00141,0.00582,0.95379,0.00640,0.00582,3,12123,0,6298,0.00000,0.00000,0.00000,0,0,nan,0,0,0,4299,187491,0,0,0.000,0.000,0.000,0,0.000,0.000,0.000,0,0,4,0,0
PPG,1,95797,3833431552,25,494,511,0.000,0.000,0.000,0,0,0,0,0.00,nan,4,3,1,nan,3,3,24,1,1,21,21,0,0,0,3834627802,0.03882,0.01001,0.95288,0.95372,-0.00665,-0.00028,-0.00194,0.00693,0.95932,0.00646,0.00693,2,21445,0,6299,0.00000,0.00000,0.00000,0,0,nan,0,0,0,2592,187491,0,0,0.000,0.000,0.000,0,0.000,0.000,0.000,0,0,4,0,0
PPG,1,95798,3833471552,25,501,506,0.000,0.000,0.000,0,0,0,0,0.00,nan,4,3,1,nan,3,3,24,1,1,22,22,0,0,0,3834671660,0.03638,0.00342,0.95142,0.95212,-0.00505,0.00025,-0.00221,0.00552,0.95212,0.00795,0.00611,3,12117,0,6299,0.00000,0.00000,0.00000,0,0,nan,0,0,0,2603,187491,0,0,0.000,0.000,0.000,0,0.000,0.000,0.000,0,0,4,0,0
PPG,1,95799,3833511552,25,500,507,0.000,0.000,0.000,0,0,0,0,0.00,nan,4,3,1,nan,3,3,24,1,1,23,23,0,0,0,3834712785,0.04004,0.00488,0.95239,0.95325,-0.00612,-0.00081,-0.00141,0.00633,0.95344,0.00481,0.00633,3,12122,0,6299,0.00000,0.00000,0.00000,0,0,nan,0,0,0,4308,187491,0,0,0.000,0.000,0.000,0,0.000,0.000,0.000,0,0,4,0,0
PPG,1,95800,3833551552,25,489,513,0.000,0.000,0.000,0,0,0,0,0.00,nan,4,3,1,nan,3,3,24,1,1,24,24,0,0,0,3834751390,0.03979,0.00610,0.94775,0.94861,-0.00505,-0.00108,-0.00114,0.00529,0.95079,0.00550,0.00568,3,12136,0,6299,0.00000,0.00000,0.00000,0,0,nan,0,0,0,2594,187491,0,0,0.000,0.000,0.000,0,0.000,0.000,0.000,0,0,4,0,0
PPG,1,95801,3833591552,25,482,505,0.000,0.000,0.000,0,0,0,0,0.00,nan,4,3,1,nan,3,3,24,1,1,25,25,0,0,0,3834792499,0.03931,0.00684,0.94946,0.95030,-0.00638,-0.00081,-0.00247,0.00689,0.95489,0.00628,0.00689,3,12114,0,6299,0.00000,0.00000,0.00000,0,0,nan,0,0,0,4298,187491,0,0,0.000,0.000,0.000,0,0.000,0.000,0.000,0,0,4,0,0
PPG,1,95802,3833631552,26,491,494,0.000,0.000,0.000,0,0,0,0,0.00,nan,4,3,1,nan,3,3,24,1,1,26,26,0,0,0,3834830993,0.03979,0.00830,0.94824,0.94911,-0.00532,-0.00028,-0.00087,0.00540,0.95721,0.00897,0.00557,3,12111,0,6299,0.00000,0.00000,0.00000,0,0,nan,0,0,0,2597,187491,0,0,0.000,0.000,0.000,0,0.000,0.000,0.000,0,0,4,0,0
PPG,1,95803,3833671552,29,494,504,0.000,0.000,0.000,0,0,0,0,0.00,nan,4,3,1,nan,3,3,24,1,1,27,27,0,0,0,3834872126,0.03931,0.00757,0.94653,0.94738,-0.00558,-0.00108,-0.00007,0.00569,0.96123,0.01212,0.00663,3,12112,0,6299,0.00000,0.00000,0.00000,0,0,nan,0,0,0,4297,187491,0,0,0.000,0.000,0.000,0,0.000,0.000,0.000,0,0,4,0,0
PPG,1,95804,3833711552,26,496,503,0.000,0.000,0.000,0,0,0,0,0.00,nan,4,3,1,nan,3,3,24,1,1,28,28,0,0,0,3834948754,0.03955,0.00366,0.95068,0.95151,-0.00505,-0.00108,-0.00167,0.00543,0.95348,0.00610,0.00558,2,62392,0,6304,0.00000,0.00000,0.00000,0,0,nan,0,0,0,57971,187491,0,0,0.000,0.000,0.000,0,0.000,0.000,0.000,0,0,4,0,0
PPG,1,95805,3833751552,25,497,508,0.000,0.000,0.000,0,0,0,0,0.00,nan,4,3,1,nan,3,3,24,1,1,29,29,0,0,0,3834948754,0.03955,0.00366,0.95068,0.95151,-0.00505,-0.00108,-0.00167,0.00543,0.00000,0.00000,0.00000,0,62392,0,6304,0.00000,0.00000,0.00000,0,0,nan,0,0,0,11690,187491,0,0,0.000,0.000,0.000,0,0.000,0.000,0.000,0,0,4,0,0
PPG,1,95806,3833791552,24,496,503,0.000,0.000,0.000,0,0,0,0,0.00,nan,4,3,1,nan,3,3,24,1,1,30,30,0,0,0,3834994649,0.04053,0.00635,0.94531,0.94620,-0.00692,-0.00055,-0.00114,0.00703,0.95681,0.00639,0.00703,3,12119,0,6305,0.00000,0.00000,0.00000,0,0,nan,0,0,0,2600,187491,0,0,0.000,0.000,0.000,0,0.000,0.000,0.000,0,0,4,0,0
PPG,1,95807,3833831552,28,493,488,0.000,0.000,0.000,0,0,0,0,0.00,nan,4,3,1,nan,3,3,24,1,1,31,31,0,0,0,3835033118,0.04199,0.00342,0.95654,0.95747,-0.00585,-0.00028,-0.00194,0.00617,0.95747,0.01001,0.00680,3,12110,0,6305,0.00000,0.00000,0.00000,0,0,nan,0,0,0,4297,187491,0,0,0.000,0.000,0.000,0,0.000,0.000,0.000,0,0,4,0,0
PPG,1,95808,3833871552,26,487,502,0.000,0.000,0.000,0,0,0,0,0.00,nan,4,3,1,nan,3,3,24,1,1,0,0,0,0,0,3835071640,0.03906,0.00537,0.95752,0.95833,-0.00452,-0.00108,-0.00194,0.00503,0.95833,0.00608,0.00619,3,12118,0,6305,0.00000,0.00000,0.00000,0,0,nan,0,0,0,2595,187491,0,0,0.000,0.000,0.000,0,0.000,0.000,0.000,0,0,4,0,0
PPG,1,95809,3833911552,25,496,510,0.000,0.000,0.000,0,0,0,0,0.00,nan,4,3,1,nan,3,3,24,1,1,1,1,0,0,0,3835112736,0.04004,0.00684,0.95142,0.95228,-0.00638,-0.00028,-0.00141,0.00654,0.95502,0.00879,0.00654,3,12118,0,6305,0.00000,0.00000,0.00000,0,0,nan,0,0,0,4294,187491,0,0,0.000,0.000,0.000,0,0.000,0.000,0.000,0,0,4,0,0
PPG,1,95810,3833951552,25,503,513,0.000,0.000,0.000,0,0,0,0,0.00,nan,4,3,1,nan,3,3,24,1,1,2,2,0,0,0,3835151278,0.03662,0.00488,0.95825,0.95896,-0.00532,-0.00001,-0.00274,0.00598,0.95896,0.00405,0.00763,3,12154,0,6305,0.00000,0.00000,0.00000,0,0,nan,0,0,0,2721,187491,0,0,0.000,0.000,0.000,0,0.000,0.000,0.000,0,0,4,0,0
PPG,1,95811,3833991552,25,497,510,0.000,0.000,0.000,0,0,0,0,0.00,nan,4,3,1,nan,3,3,24,1,1,3,3,0,0,0,3835192790,0.03638,0.00781,0.95117,0.95190,-0.00558,-0.00081,-0.00114,0.00576,0.95519,0.00904,0.00635,3,12111,0,6305,0.00000,0.00000,0.00000,0,0,nan,0,0,0,4308,187491,0,0,0.000,0.000,0.000,0,0.000,0.000,0.000,0,0,4,0,0
PPG,1,95812,3834031552,25,504,520,0.000,0.000,0.000,0,0,0,0,0.00,nan,4,3,1,nan,3,3,24,1,1,4,4,0,0,0,3835231382,0.03857,0.00586,0.95068,0.95148,-0.00692,-0.00001,-0.00141,0.00706,0.95522,0.00332,0.00706,3,12112,0,6305,0.00000,0.00000,0.00000,0,0,nan,0,0,0,2594,187491,0,0,0.000,0.000,0.000,0,0.000,0.000,0.000,0,0,4,0,0
PPG,1,95813,3834071552,25,495,513,0.000,0.000,0.000,0,0,0,0,0.00,nan,4,3,1,nan,3,3,24,1,1,5,5,0,0,0,3835272522,0.03564,0.00244,0.95435,0.95501,-0.00479,-0.00055,-0.00167,0.00510,0.95501,0.00242,0.00644,3,12139,0,6305,0.00000,0.00000,0.00000,0,0,nan,0,0,0,4297,187491,0,0,0.000,0.000,0.000,0,0.000,0.000,0.000,0,0,4,0,0
PPG,1,95814,3834111552,25,481,493,0.000,0.000,0.000,0,0,0,0,0.00,nan,4,3,1,nan,3,3,24,1,1,6,6,0,0,0,3835311048,0.03687,0.00684,0.95117,0.95191,-0.00638,-0.00028,-0.00114,0.00649,0.95579,0.00388,0.00649,3,12112,0,6305,0.00000,0.00000,0.00000,0,0,nan,0,0,0,2615,187491,0,0,0.000,0.000,0.000,0,0.000,0.000,0.000,0,0,4,0,0
PPG,1,95815,3834151552,39,491,515,0.000,0.000,0.000,0,0,0,0,0.00,nan,4,3,1,nan,3,3,24,1,1,7,7,0,0,0,3835352387,0.03564,0.00830,0.94971,0.95041,-0.00585,-0.00108,-0.00194,0.00626,0.95398,0.00552,0.00649,3,12153,0,6305,0.00000,0.00000,0.00000,0,0,nan,0,0,0,4305,187491,0,0,0.000,0.000,0.000,0,0.000,0.000,0.000,0,0,4,0,0
PPG,1,95816,3834191552,25,496,511,0.000,0.000,0.000,0,0,0,0,0.00,nan,4,3,1,nan,3,3,24,1,1,8,8,0,0,0,3835391344,0.04102,0.00879,0.95020,0.95112,-0.00612,-0.00055,-0.00141,0.00630,0.95112,0.00358,0.00669,3,12250,0,6305,0.00000,0.00000,0.00000,0,0,nan,0,0,0,2622,187491,0,0,0.000,0.000,0.000,0,0.000,0.000,0.000,0,0,4,0,0
PPG,1,95817,3834231552,26,499,519,0.000,0.000,0.000,0,0,0,0,0.00,nan,4,3,1,nan,3,3,24,1,1,9,9,0,0,0,3835432912,0.03931,0.00781,0.95190,0.95275,-0.00532,-0.00028,-0.00087,0.00540,0.95502,0.00390,0.00635,3,12290,0,6305,0.00000,0.00000,0.00000,0,0,nan,0,0,0,4338,187491,0,0,0.000,0.000,0.000,0,0.000,0.000,0.000,0,0,4,0,0
PPG,1,95818,3834271552,28,495,509,0.000,0.000,0.000,0,0,0,0,0.00,nan,4,3,1,nan,3,3,24,1,1,10,10,0,0,0,3835471735,0.04004,0.00415,0.95654,0.95739,-0.00505,-0.00028,-0.00221,0.00552,0.95739,0.01347,0.00593,3,12214,0,6305,0.00000,0.00000,0.00000,0,0,nan,0,0,0,2632,187491,0,0,0.000,0.000,0.000,0,0.000,0.000,0.000,0,0,4,0,0
PPG,1,95819,3834311552,25,489,502,0.000,0.000,0.000,0,0,0,0,0.00,nan,4,3,1,nan,3,3,24,1,1,11,11,0,0,0,3835513297,0.03955,0.01001,0.95337,0.95424,-0.00665,-0.00001,-0.00167,0.00686,0.95570,0.00300,0.00686,3,12264,0,6305,0.00000,0.00000,0.00000,0,0,nan,0,0,0,4356,187491,0,0,0.000,0.000,0.000,0,0.000,0.000,0.000,0,0,4,0,0
PPG,1,95820,3834351552,26,492,514,0.000,0.000,0.000,0,0,0,0,0.00,nan,4,3,1,nan,3,3,24,1,1,12,12,0,0,0,3835552153,0.03638,0.00464,0.94873,0.94944,-0.00558,-0.00001,-0.00141,0.00576,0.95493,0.00809,0.00703,3,12254,0,6305,0.00000,0.00000,0.00000,0,0,nan,0,0,0,4351,187491,0,0,0.000,0.000,0.000,0,0.000,0.000,0.000,0,0,4,0,0
PPG,1,95821,3834391552,26,485,507,0.000,0.000,0.000,0,0,0,0,0.00,nan,4,3,1,nan,3,3,24,1,1,13,13,0,0,0,3835591058,0.03589,0.00586,0.94727,0.94796,-0.00638,-0.00108,-0.00194,0.00676,0.95553,0.00638,0.00676,3,12277,0,6305,0.00000,0.00000,0.00000,0,0,nan,0,0,0,2624,187491,0,0,0.000,0.000,0.000,0,0.000,0.000,0.000,0,0,4,0,0
PPG,1,95822,3834431552,26,495,504,0.000,0.000,0.000,0,0,0,0,0.00,nan,4,3,1,nan,3,3,24,1,1,14,14,0,0,0,3835629719,0.03516,0.00586,0.95581,0.95647,-0.00638,-0.00028,-0.00114,0.00649,0.95647,0.00563,0.00649,2,21705,0,6306,0.00000,0.00000,0.00000,0,0,nan,0,0,0,2650,187491,0,0,0.000,0.000,0.000,0,0.000,0.000,0.000,0,0,4,0,0
PPG,1,95823,3834471552,36,495,505,0.000,0.000,0.000,0,0,0,0,0.00,nan,4,3,1,nan,3,3,24,1,1,15,15,0,0,0,3835671422,0.03979,0.00659,0.94922,0.95008,-0.00585,-0.00055,-0.00167,0.00611,0.95589,0.00999,0.00622,3,12272,0,6306,0.00000,0.00000,0.00000,0,0,nan,0,0,0,2634,187491,0,0,0.000,0.000,0.000,0,0.000,0.000,0.000,0,0,4,0,0
PPG,1,95824,3834511552,25,500,509,0.000,0.000,0.000,0,0,0,0,0.00,nan,4,3,1,nan,3,3,24,1,1,16,16,0,0,0,3835712874,0.04297,0.00684,0.94873,0.94973,-0.00532,-0.00055,-0.00141,0.00553,0.95475,0.00503,0.00560,3,12205,0,6306,0.00000,0.00000,0.00000,0,0,nan,0,0,0,4347,187491,0,0,0.000,0.000,0.000,0,0.000,0.000,0.000,0,0,4,0,0
PPG,1,95825,3834551552,25,502,509,0.000,0.000,0.000,0,0,0,0,0.00,nan,4,3,1,nan,3,3,24,1,1,17,17,0,0,0,3835751721,0.03931,0.00635,0.95264,0.95347,-0.00558,-0.00028,-0.00247,0.00611,0.95407,0.00434,0.00662,3,12230,0,6306,0.00000,0.00000,0.00000,0,0,nan,0,0,0,2641,187491,0,0,0.000,0.000,0.000,0,0.000,0.000,0.000,0,0,4,0,0
PPG,1,95826,3834591552,25,491,512,0.000,0.000,0.000,0,0,0,0,0.00,nan,4,3,1,nan,3,3,24,1,1,18,18,0,0,0,3835793218,0.03906,0.00220,0.94922,0.95002,-0.00585,0.00025,-0.00061,0.00589,0.95281,0.00269,0.00592,3,12251,0,6306,0.00000,0.00000,0.00000,0,0,nan,0,0,0,4329,187491,0,0,0.000,0.000,0.000,0,0.000,0.000,0.000,0,0,4,0,0
PPG,1,95827,3834631552,25,498,508,0.000,0.000,0.000,0,0,0,0,0.00,nan,4,3,1,nan,3,3,24,1,1,19,19,0,0,0,3835832029,0.04175,0.00830,0.95361,0.95456,-0.00585,-0.00081,-0.00221,0.00631,0.95459,0.00613,0.00631,3,12232,0,6306,0.00000,0.00000,0.00000,0,0,nan,0,0,0,4322,187491,0,0,0.000,0.000,0.000,0,0.000,0.000,0.000,0,0,4,0,0
PPG,1,95828,3834671552,26,491,512,0.000,0.000,0.000,0,0,0,0,0.00,nan,4,3,1,nan,3,3,24,1,1,20,20,0,0,0,3835870898,0.04004,0.00317,0.95313,0.95397,-0.00585,-0.00055,-0.00167,0.00611,0.95397,0.00289,0.00611,3,12278,0,6306,0.00000,0.00000,0.00000,0,0,nan,0,0,0,2623,187491,0,0,0.000,0.000,0.000,0,0.000,0.000,0.000,0,0,4,0,0
PPG,1,95829,3834711552,25,500,510,0.000,0.000,0.000,0,0,0,0,0.00,nan,4,3,1,nan,3,3,24,1,1,21,21,0,0,0,3835912371,0.03931,0.00830,0.94849,0.94934,-0.00612,-0.00055,-0.00194,0.00644,0.95684,0.00750,0.00644,3,12256,0,6306,0.00000,0.00000,0.00000,0,0,nan,0,0,0,4337,187491,0,0,0.000,0.000,0.000,0,0.000,0.000,0.000,0,0,4,0,0
PPG,1,95830,3834751552,25,496,508,0.000,0.000,0.000,0,0,0,0,0.00,nan,4,3,1,nan,3,3,24,1,1,22,22,0,0,0,3835951175,0.04077,0.00610,0.95117,0.95206,-0.00558,-0.00081,-0.00167,0.00589,0.95342,0.00441,0.00698,3,12234,0,6306,0.00000,0.00000,0.00000,0,0,nan,0,0,0,2625,187491,0,0,0.000,0.000,0.000,0,0.000,0.000,0.000,0,0,4,0,0
PPG,1,95831,3834791552,25,487,504,0.000,0.000,0.000,0,0,0,0,0.00,nan,4,3,1,nan,3,3,24,1,1,23,23,0,0,0,3835992517,0.04028,0.00684,0.95581,0.95668,-0.00558,-0.00108,-0.00087,0.00575,0.96060,0.00853,0.00637,3,12115,0,6306,0.00000,0.00000,0.00000,0,0,nan,0,0,0,4296,187491,0,0,0.000,0.000,0.000,0,0.000,0.000,0.000,0,0,4,0,0
PPG,1,95832,3834831552,25,497,520,0.000,0.000,0.000,0,0,0,0,0.00,nan,4,3,1,nan,3,3,24,1,1,24,24,0,0,0,3836031176,0.03931,0.00586,0.95117,0.95200,-0.00505,-0.00081,-0.00167,0.00538,0.95200,0.00671,0.00577,3,12117,0,6306,0.00000,0.00000,0.00000,0,0,nan,0,0,0,2608,187491,0,0,0.000,0.000,0.000,0,0.000,0.000,0.000,0,0,4,0,0
PPG,1,95833,3834871552,25,487,495,0.000,0.000,0.000,0,0,0,0,0.00,nan,4,3,1,nan,3,3,24,1,1,25,25,0,0,0,3836072420,0.03979,0.00342,0.95410,0.95494,-0.00532,-0.00108,-0.00194,0.00576,0.95576,0.00594,0.00637,3,12159,0,6306,0.00000,0.00000,0.00000,0,0,nan,0,0,0,4323,187491,0,0,0.000,0.000,0.000,0,0.000,0.000,0.000,0,0,4,0,0
PPG,1,95834,3834911552,25,495,501,0.000,0.000,0.000,0,0,0,0,0.00,nan,4,3,1,nan,3,3,24,1,1,26,26,0,0,0,3836110999,0.03711,0.00708,0.95337,0.95412,-0.00532,-0.00081,-0.00141,0.00556,0.95628,0.00605,0.00582,3,12122,0,6306,0.00000,0.00000,0.00000,0,0,nan,0,0,0,2597,187491,0,0,0.000,0.000,0.000,0,0.000,0.000,0.000,0,0,4,0,0
PPG,1,95835,3834951552,28,496,509,0.000,0.000,0.000,0,0,0,0,0.00,nan,4,3,1,nan,3,3,24,1,1,27,27,0,0,0,3836152124,0.03735,0.00610,0.94971,0.95046,-0.00692,-0.00081,-0.00167,0.00716,0.95501,0.00774,0.00719,3,12133,0,6306,0.00000,0.00000,0.00000,0,0,nan,0,0,0,4297,187491,0,0,0.000,0.000,0.000,0,0.000,0.000,0.000,0,0,4,0,0
PPG,1,95836,3834991552,25,491,513,0.000,0.000,0.000,0,0,0,0,0.00,nan,4,3,1,nan,3,3,24,1,1,28,28,0,0,0,3836190715,0.03540,0.00562,0.94434,0.94502,-0.00585,-0.00028,-0.00247,0.00636,0.95384,0.00700,0.00636,3,12128,0,6306,0.00000,0.00000,0.00000,0,0,nan,0,0,0,2601,187491,0,0,0.000,0.000,0.000,0,0.000,0.000,0.000,0,0,4,0,0
PPG,1,95837,3835031552,25,491,502,0.000,0.000,0.000,0,0,0,0,0.00,nan,4,3,1,nan,3,3,24,1,1,29,29,0,0,0,3836231859,0.03955,0.00586,0.95337,0.95421,-0.00532,0.00025,-0.00247,0.00587,0.95421,0.00772,0.00601,3,12148,0,6306,0.00000,0.00000,0.00000,0,0,nan,0,0,0,2618,187491,0,0,0.000,0.000,0.000,0,0.000,0.000,0.000,0,0,4,0,0
PPG,1,95838,3835071552,25,487,502,0.000,0.000,0.000,0,0,0,0,0.00,nan,4,3,1,nan,3,3,24,1,1,30,30,0,0,0,3836273031,0.03955,0.00610,0.94971,0.95055,-0.00612,-0.00028,-0.00194,0.00642,0.96123,0.01003,0.00689,3,12160,0,6306,0.00000,0.00000,0.00000,0,0,nan,0,0,0,4301,187491,0,0,0.000,0.000,0.000,0,0.000,0.000,0.000,0,0,4,0,0
PPG,1,95839,3835111552,26,498,502,0.000,0.000,0.000,0,0,0,0,0.00,nan,4,3,1,nan,3,3,24,1,1,31,31,0,0,0,3836311568,0.04126,0.00830,0.94897,0.94991,-0.00665,-0.00081,-0.00194,0.00697,0.95331,0.00304,0.00697,3,12124,0,6306,0.00000,0.00000,0.00000,0,0,nan,0,0,0,2601,187491,0,0,0.000,0.000,0.000,0,0.000,0.000,0.000,0,0,4,0,0
PPG,1,95840,3835151552,25,498,515,0.000,0.000,0.000,0,0,0,0,0.00,nan,4,3,1,nan,3,3,24,1,1,0,0,0,0,0,3836352714,0.03735,0.00610,0.94312,0.94387,-0.00718,-0.00001,-0.00221,0.00751,0.95389,0.01002,0.00751,3,12126,0,6306,0.00000,0.00000,0.00000,0,0,nan,0,0,0,4296,187491,0,0,0.000,0.000,0.000,0,0.000,0.000,0.000,0,0,4,0,0
PPG,1,95841,3835191552,25,484,510,0.000,0.000,0.000,0,0,0,0,0.00,nan,4,3,1,nan,3,3,24,1,1,1,1,0,0,0,3836391291,0.03735,0.01221,0.95557,0.95637,-0.00692,0.00025,-0.00167,0.00712,0.95637,0.00540,0.00712,3,12140,0,6306,0.00000,0.00000,0.00000,0,0,nan,0,0,0,2595,187491,0,0,0.000,0.000,0.000,0,0.000,0.000,0.000,0,0,4,0,0
PPG,1,95842,3835231552,25,489,499,0.000,0.000,0.000,0,0,0,0,0.00,nan,4,3,1,nan,3,3,24,1,1,2,2,0,0,0,3836432446,0.03711,0.00342,0.95508,0.95581,-0.00665,-0.00001,-0.00221,0.00701,0.95660,0.00587,0.00701,3,12130,0,6306,0.00000,0.00000,0.00000,0,0,nan,0,0,0,4300,187491,0,0,0.000,0.000,0.000,0,0.000,0.000,0.000,0,0,4,0,0
PPG,1,95843,3835271552,25,498,515,0.000,0.000,0.000,0,0,0,0,0.00,nan,4,3,1,nan,3,3,24,1,1,3,3,0,0,0,3836470964,0.04053,0.00562,0.95361,0.95449,-0.00612,-0.00108,-0.00221,0.00659,0.95521,0.01007,0.00659,3,12118,0,6306,0.00000,0.00000,0.00000,0,0,nan,0,0,0,2626,187491,0,0,0.000,0.000,0.000,0,0.000,0.000,0.000,0,0,4,0,0
PPG,1,95844,3835311552,28,501,507,0.000,0.000,0.000,0,0,0,0,0.00,nan,4,3,1,nan,3,3,24,1,1,4,4,0,0,0,3836512127,0.03711,0.00488,0.95654,0.95727,-0.00558,-0.00055,-0.00114,0.00573,0.95727,0.00585,0.00679,3,12125,0,6306,0.00000,0.00000,0.00000,0,0,nan,0,0,0,4297,187491,0,0,0.000,0.000,0.000,0,0.000,0.000,0.000,0,0,4,0,0
PPG,1,95845,3835351552,25,491,515,0.000,0.000,0.000,0,0,0,0,0.00,nan,4,3,1,nan,3,3,24,1,1,5,5,0,0,0,3836550625,0.04102,0.00391,0.95361,0.95450,-0.00585,-0.00028,-0.00087,0.00592,0.95772,0.00376,0.00598,3,12116,0,6306,0.00000,0.00000,0.00000,0,0,nan,0,0,0,2595,187491,0,0,0.000,0.000,0.000,0,0.000,0.000,0.000,0,0,4,0,0
PPG,1,95846,3835391552,25,491,507,0.000,0.000,0.000,0,0,0,0,0.00,nan,4,3,1,nan,3,3,24,1,1,6,6,0,0,0,3836591782,0.03833,0.00806,0.95239,0.95320,-0.00665,0.00025,-0.00167,0.00686,0.95459,0.00415,0.00686,3,12137,0,6306,0.00000,0.00000,0.00000,0,0,nan,0,0,0,2595,187491,0,0,0.000,0.000,0.000,0,0.000,0.000,0.000,0,0,4,0,0
PPG,1,95847,3835431552,25,484,501,0.000,0.000,0.000,0,0,0,0,0.00,nan,4,3,1,nan,3,3,24,1,1,7,7,0,0,0,3836630080,0.03857,0.00708,0.95337,0.95418,-0.00585,-0.00108,-0.00167,0.00618,0.95418,0.00336,0.00656,2,21466,0,6307,0.00000,0.00000,0.00000,0,0,nan,0,0,0,2596,187491,0,0,0.000,0.000,0.000,0,0.000,0.000,0.000,0,0,4,0,0
PPG,1,95848,3835471552,25,480,502,0.000,0.000,0.000,0,0,0,0,0.00,nan,4,3,1,nan,3,3,24,1,1,8,8,0,0,0,3836671306,0.03906,0.00781,0.94775,0.94859,-0.00612,-0.00188,-0.00034,0.00641,0.95685,0.00689,0.00641,3,12125,0,6307,0.00000,0.00000,0.00000,0,0,nan,0,0,0,2602,187491,0,0,0.000,0.000,0.000,0,0.000,0.000,0.000,0,0,4,0,0
PPG,1,95849,3835511552,25,483,487,0.000,0.000,0.000,0,0,0,0,0.00,nan,4,3,1,nan,3,3,24,1,1,9,9,0,0,0,3836712620,0.04102,0.00635,0.95068,0.95159,-0.00532,-0.00055,-0.00061,0.00538,0.95159,0.00153,0.00576,3,12127,0,6307,0.00000,0.00000,0.00000,0,0,nan,0,0,0,4296,187491,0,0,0.000,0.000,0.000,0,0.000,0.000,0.000,0,0,4,0,0
PPG,1,95850,3835551552,25,507,512,0.000,0.000,0.000,0,0,0,0,0.00,nan,4,3,1,nan,3,3,24,1,1,10,10,0,0,0,3836751116,0.04175,0.00293,0.95044,0.95136,-0.00558,-0.00161,-0.00141,0.00598,0.95536,0.00555,0.00602,3,12119,0,6307,0.00000,0.00000,0.00000,0,0,nan,0,0,0,2598,187491,0,0,0.000,0.000,0.000,0,0.000,0.000,0.000,0,0,4,0,0
PPG,1,95851,3835591552,25,500,520,0.000,0.000,0.000,0,0,0,0,0.00,nan,4,3,1,nan,3,3,24,1,1,11,11,0,0,0,3836792292,0.03760,0.01025,0.95020,0.95099,-0.00585,-0.00055,-0.00327,0.00673,0.95099,0.00429,0.00689,3,12173,0,6307,0.00000,0.00000,0.00000,0,0,nan,0,0,0,4306,187491,0,0,0.000,0.000,0.000,0,0.000,0.000,0.000,0,0,4,0,0
PPG,1,95852,3835631552,25,485,509,0.000,0.000,0.000,0,0,0,0,0.00,nan,4,3,1,nan,3,3,24,1,1,12,12,0,0,0,3836830829,0.03833,0.00415,0.94702,0.94781,-0.00612,-0.00001,-0.00194,0.00642,0.95664,0.00883,0.00714,3,12127,0,6307,0.00000,0.00000,0.00000,0,0,nan,0,0,0,2599,187491,0,0,0.000,0.000,0.000,0,0.000,0.000,0.000,0,0,4,0,0
PPG,1,95853,3835671552,25,483,494,0.000,0.000,0.000,0,0,0,0,0.00,nan,4,3,1,nan,3,3,24,1,1,13,13,0,0,0,3836871975,0.03564,0.00562,0.95386,0.95454,-0.00612,-0.00028,-0.00247,0.00660,0.95454,0.00496,0.00660,3,12128,0,6307,0.00000,0.00000,0.00000,0,0,nan,0,0,0,2600,187491,0,0,0.000,0.000,0.000,0,0.000,0.000,0.000,0,0,4,0,0
PPG,1,95854,3835711552,25,486,502,0.000,0.000,0.000,0,0,0,0,0.00,nan,4,3,1,nan,3,3,24,1,1,14,14,0,0,0,3836913145,0.03760,0.00220,0.95142,0.95216,-0.00638,-0.00135,-0.00167,0.00674,0.95401,0.00380,0.00691,3,12123,0,6307,0.00000,0.00000,0.00000,0,0,nan,0,0,0,4301,187491,0,0,0.000,0.000,0.000,0,0.000,0.000,0.000,0,0,4,0,0
PPG,1,95855,3835751552,26,494,511,0.000,0.000,0.000,0,0,0,0,0.00,nan,4,3,1,nan,3,3,24,1,1,15,15,0,0,0,3836951648,0.04370,0.00830,0.94946,0.95050,-0.00558,-0.00028,-0.00194,0.00592,0.95117,0.00695,0.00631,3,12116,0,6307,0.00000,0.00000,0.00000,0,0,nan,0,0,0,2599,187491,0,0,0.000,0.000,0.000,0,0.000,0.000,0.000,0,0,4,0,0
PPG,1,95856,3835791552,25,508,512,0.000,0.000,0.000,0,0,0,0,0.00,nan,4,3,1,nan,3,3,24,1,1,16,16,0,0,0,3836992784,0.04077,0.00757,0.95117,0.95208,-0.00612,-0.00055,-0.00327,0.00696,0.95242,0.00116,0.00696,3,12138,0,6307,0.00000,0.00000,0.00000,0,0,nan,0,0,0,4326,187491,0,0,0.000,0.000,0.000,0,0.000,0.000,0.000,0,0,4,0,0
PPG,1,95857,3835831552,25,484,514,0.000,0.000,0.000,0,0,0,0,0.00,nan,4,3,1,nan,3,3,24,1,1,17,17,0,0,0,3837031337,0.04028,0.00562,0.95874,0.95960,-0.00612,-0.00028,-0.00221,0.00651,0.95960,0.00477,0.00651,3,12122,0,6307,0.00000,0.00000,0.00000,0,0,nan,0,0,0,2598,187491,0,0,0.000,0.000,0.000,0,0.000,0.000,0.000,0,0,4,0,0
PPG,1,95858,3835871552,25,475,497,0.000,0.000,0.000,0,0,0,0,0.00,nan,4,3,1,nan,3,3,24,1,1,18,18,0,0,0,3837072515,0.04102,0.00732,0.94556,0.94647,-0.00558,-0.00028,-0.00167,0.00584,0.95683,0.00790,0.00705,3,12133,0,6307,0.00000,0.00000,0.00000,0,0,nan,0,0,0,4297,187491,0,0,0.000,0.000,0.000,0,0.000,0.000,0.000,0,0,4,0,0
PPG,1,95859,3835911552,25,492,493,0.000,0.000,0.000,0,0,0,0,0.00,nan,4,3,1,nan,3,3,24,1,1,19,19,0,0,0,3837111315,0.03833,0.00757,0.94946,0.95027,-0.00585,-0.00081,-0.00114,0.00602,0.95735,0.01088,0.00651,3,12330,0,6307,0.00000,0.00000,0.00000,0,0,nan,0,0,0,2644,187491,0,0,0.000,0.000,0.000,0,0.000,0.000,0.000,0,0,4,0,0
PPG,1,95860,3835951552,25,497,504,0.000,0.000,0.000,0,0,0,0,0.00,nan,4,3,1,nan,3,3,24,1,1,20,20,0,0,0,3837152680,0.03638,0.00415,0.94971,0.95041,-0.00479,-0.00135,-0.00141,0.00517,0.95275,0.00557,0.00643,3,12151,0,6307,0.00000,0.00000,0.00000,0,0,nan,0,0,0,4305,187491,0,0,0.000,0.000,0.000,0,0.000,0.000,0.000,0,0,4,0,0
PPG,1,95861,3835991552,25,503,508,0.000,0.000,0.000,0,0,0,0,0.00,nan,4,3,1,nan,3,3,24,1,1,21,21,0,0,0,3837191226,0.04175,0.00464,0.94751,0.94844,-0.00585,-0.00001,-0.00194,0.00616,0.95475,0.00631,0.00616,3,12122,0,6307,0.00000,0.00000,0.00000,0,0,nan,0,0,0,2599,187491,0,0,0.000,0.000,0.000,0,0.000,0.000,0.000,0,0,4,0,0
PPG,1,95862,3836031552,25,499,521,0.000,0.000,0.000,0,0,0,0,0.00,nan,4,3,1,nan,3,3,24,1,1,22,22,0,0,0,3837232475,0.04077,0.00391,0.95142,0.95230,-0.00612,-0.00028,-0.00221,0.00651,0.95230,0.00512,0.00651,3,12180,0,6307,0.00000,0.00000,0.00000,0,0,nan,0,0,0,4294,187491,0,0,0.000,0.000,0.000,0,0.000,0.000,0.000,0,0,4,0,0
PPG,1,95863,3836071552,25,489,504,0.000,0.000,0.000,0,0,0,0,0.00,nan,4,3,1,nan,3,3,24,1,1,23,23,0,0,0,3837271171,0.03784,0.00562,0.95483,0.95560,-0.00425,-0.00161,-0.00247,0.00518,0.95583,0.00405,0.00664,3,12134,0,6307,0.00000,0.00000,0.00000,0,0,nan,0,0,0,2608,187491,0,0,0.000,0.000,0.000,0,0.000,0.000,0.000,0,0,4,0,0
PPG,1,95864,3836111552,25,499,514,0.000,0.000,0.000,0,0,0,0,0.00,nan,4,3,1,nan,3,3,24,1,1,24,24,0,0,0,3837312659,0.03735,0.00708,0.95630,0.95705,-0.00532,-0.00081,-0.00141,0.00556,0.95705,0.00470,0.00623,3,12233,0,6307,0.00000,0.00000,0.00000,0,0,nan,0,0,0,4344,187491,0,0,0.000,0.000,0.000,0,0.000,0.000,0.000,0,0,4,0,0
PPG,1,95865,3836151552,26,492,514,0.000,0.000,0.000,0,0,0,0,0.00,nan,4,3,1,nan,3,3,24,1,1,25,25,0,0,0,3837351594,0.04370,0.00391,0.94775,0.94877,-0.00532,0.00025,-0.00141,0.00551,0.95611,0.00910,0.00601,3,12286,0,6307,0.00000,0.00000,0.00000,0,0,nan,0,0,0,2639,187491,0,0,0.000,0.000,0.000,0,0.000,0.000,0.000,0,0,4,0,0
PPG,1,95866,3836191552,25,494,518,0.000,0.000,0.000,0,0,0,0,0.00,nan,4,3,1,nan,3,3,24,1,1,26,26,0,0,0,3837393071,0.03589,0.00244,0.95386,0.95454,-0.00638,0.00052,-0.00141,0.00656,0.95454,0.00426,0.00656,3,12216,0,6307,0.00000,0.00000,0.00000,0,0,nan,0,0,0,4342,187491,0,0,0.000,0.000,0.000,0,0.000,0.000,0.000,0,0,4,0,0
PPG,1,95867,3836231552,25,491,505,0.000,0.000,0.000,0,0,0,0,0.00,nan,4,3,1,nan,3,3,24,1,1,27,27,0,0,0,3837431975,0.03784,0.00293,0.95557,0.95632,-0.00558,-0.00028,-0.00114,0.00571,0.95632,0.00601,0.00694,3,12236,0,6307,0.00000,0.00000,0.00000,0,0,nan,0,0,0,2630,187491,0,0,0.000,0.000,0.000,0,0.000,0.000,0.000,0,0,4,0,0
PPG,1,95868,3836271552,25,489,510,0.000,0.000,0.000,0,0,0,0,0.00,nan,4,3,1,nan,3,3,24,1,1,28,28,0,0,0,3837473461,0.03711,0.00391,0.95020,0.95093,-0.00665,-0.00108,-0.00087,0.00679,0.95347,0.00644,0.00679,3,12206,0,6307,0.00000,0.00000,0.00000,0,0,nan,0,0,0,4338,187491,0,0,0.000,0.000,0.000,0,0.000,0.000,0.000,0,0,4,0,0
PPG,1,95869,3836311552,25,501,505,0.000,0.000,0.000,0,0,0,0,0.00,nan,4,3,1,nan,3,3,24,1,1,29,29,0,0,0,3837512392,0.03711,0.00928,0.95605,0.95682,-0.00585,-0.00028,-0.00034,0.00587,0.95682,0.00408,0.00702,3,12291,0,6307,0.00000,0.00000,0.00000,0,0,nan,0,0,0,4328,187491,0,0,0.000,0.000,0.000,0,0.000,0.000,0.000,0,0,4,0,0
PPG,1,95870,3836351552,25,493,508,0.000,0.000,0.000,0,0,0,0,0.00,nan,4,3,1,nan,3,3,24,1,1,30,30,0,0,0,3837551251,0.03638,0.00659,0.95117,0.95189,-0.00638,-0.00081,-0.00167,0.00665,0.95189,0.00570,0.00665,3,12213,0,6307,0.00000,0.00000,0.00000,0,0,nan,0,0,0,2634,187491,0,0,0.000,0.000,0.000,0,0.000,0.000,0.000,0,0,4,0,0
PPG,1,95871,3836391552,25,489,508,0.000,0.000,0.000,0,0,0,0,0.00,nan,4,3,1,nan,3,3,24,1,1,31,31,0,0,0,3837592802,0.03857,0.00464,0.95386,0.95465,-0.00612,-0.00081,-0.00141,0.00633,0.95561,0.00576,0.00744,3,12263,0,6307,0.00000,0.00000,0.00000,0,0,nan,0,0,0,4345,187491,0,0,0.000,0.000,0.000,0,0.000,0.000,0.000,0,0,4,0,0
PPG,1,95872,3836431552,25,508,505,0.000,0.000,0.000,0,0,0,0,0.00,nan,4,3,1,nan,3,3,24,1,1,0,0,0,0,0,3837631582,0.03931,0.00610,0.95093,0.95176,-0.00532,-0.00135,-0.00034,0.00550,0.95420,0.00244,0.00625,2,24411,0,6308,0.00000,0.00000,0.00000,0,0,nan,0,0,0,2630,187491,0,0,0.000,0.000,0.000,0,0.000,0.000,0.000,0,0,4,0,0
PPG,1,95873,3836471552,26,498,503,0.000,0.000,0.000,0,0,0,0,0.00,nan,4,3,1,nan,3,3,24,1,1,1,1,0,0,0,3837673154,0.03711,0.00854,0.94653,0.94730,-0.00612,-0.00055,-0.00167,0.00637,0.95763,0.01033,0.00637,3,12242,0,6308,0.00000,0.00000,0.00000,0,0,nan,0,0,0,4335,187491,0,0,0.000,0.000,0.000,0,0.000,0.000,0.000,0,0,4,0,0
PPG,1,95874,3836511552,26,486,507,0.000,0.000,0.000,0,0,0,0,0.00,nan,4,3,1,nan,3,3,24,1,1,2,2,0,0,0,3837712082,0.03687,0.00635,0.94702,0.94776,-0.00452,-0.00028,-0.00194,0.00493,0.95540,0.00810,0.00648,3,12311,0,6308,0.00000,0.00000,0.00000,0,0,nan,0,0,0,2627,187491,0,0,0.000,0.000,0.000,0,0.000,0.000,0.000,0,0,4,0,0
PPG,1,95875,3836551552,25,494,507,0.000,0.000,0.000,0,0,0,0,0.00,nan,4,3,1,nan,3,3,24,1,1,3,3,0,0,0,3837753549,0.03662,0.00464,0.95557,0.95628,-0.00638,-0.00055,-0.00194,0.00669,0.95628,0.00400,0.00669,3,12239,0,6308,0.00000,0.00000,0.00000,0,0,nan,0,0,0,4336,187491,0,0,0.000,0.000,0.000,0,0.000,0.000,0.000,0,0,4,0,0
PPG,1,95876,3836591552,25,494,515,0.000,0.000,0.000,0,0,0,0,0.00,nan,4,3,1,nan,3,3,24,1,1,4,4,0,0,0,3837792359,0.03784,0.00513,0.94824,0.94901,-0.00532,-0.00001,-0.00141,0.00550,0.95881,0.00980,0.00688,3,12243,0,6308,0.00000,0.00000,0.00000,0,0,nan,0,0,0,4333,187491,0,0,0.000,0.000,0.000,0,0.000,0.000,0.000,0,0,4,0,0
PPG,1,95877,3836631552,26,498,513,0.000,0.000,0.000,0,0,0,0,0.00,nan,4,3,1,nan,3,3,24,1,1,5,5,0,0,0,3837831191,0.03491,0.00269,0.95166,0.95230,-0.00558,-0.00135,-0.00141,0.00591,0.95273,0.00427,0.00619,3,12219,0,6308,0.00000,0.00000,0.00000,0,0,nan,0,0,0,2637,187491,0,0,0.000,0.000,0.000,0,0.000,0.000,0.000,0,0,4,0,0
PPG,1,95878,3836671552,25,491,503,0.000,0.000,0.000,0,0,0,0,0.00,nan,4,3,1,nan,3,3,24,1,1,6,6,0,0,0,3837872660,0.04053,0.00317,0.95044,0.95131,-0.00718,-0.00081,-0.00007,0.00723,0.95460,0.00535,0.00723,3,12238,0,6308,0.00000,0.00000,0.00000,0,0,nan,0,0,0,4334,187491,0,0,0.000,0.000,0.000,0,0.000,0.000,0.000,0,0,4,0,0
PPG,1,95879,3836711552,25,493,499,0.000,0.000,0.000,0,0,0,0,0.00,nan,4,3,1,nan,3,3,24,1,1,7,7,0,0,0,3837911578,0.03394,0.01025,0.95215,0.95281,-0.00612,-0.00055,-0.00247,0.00662,0.95778,0.00647,0.00676,3,12338,0,6308,0.00000,0.00000,0.00000,0,0,nan,0,0,0,2633,187491,0,0,0.000,0.000,0.000,0,0.000,0.000,0.000,0,0,4,0,0
PPG,1,95880,3836751552,25,498,511,0.000,0.000,0.000,0,0,0,0,0.00,nan,4,3,1,nan,3,3,24,1,1,8,8,0,0,0,3837952920,0.03711,0.00708,0.95068,0.95143,-0.00612,-0.00081,-0.00114,0.00628,0.95589,0.00549,0.00677,3,12263,0,6308,0.00000,0.00000,0.00000,0,0,nan,0,0,0,4301,187491,0,0,0.000,0.000,0.000,0,0.000,0.000,0.000,0,0,4,0,0
PPG,1,95881,3836791552,25,497,516,0.000,0.000,0.000,0,0,0,0,0.00,nan,4,3,1,nan,3,3,24,1,1,9,9,0,0,0,3837991466,0.03809,0.00317,0.94946,0.95023,-0.00612,-0.00001,-0.00194,0.00642,0.95294,0.00280,0.00662,3,12154,0,6308,0.00000,0.00000,0.00000,0,0,nan,0,0,0,2603,187491,0,0,0.000,0.000,0.000,0,0.000,0.000,0.000,0,0,4,0,0
PPG,1,95882,3836831552,25,489,510,0.000,0.000,0.000,0,0,0,0,0.00,nan,4,3,1,nan,3,3,24,1,1,10,10,0,0,0,3838032611,0.04321,0.00610,0.95166,0.95266,-0.00558,-0.00055,-0.00141,0.00578,0.95518,0.00558,0.00628,3,12123,0,6308,0.00000,0.00000,0.00000,0,0,nan,0,0,0,4296,187491,0,0,0.000,0.000,0.000,0,0.000,0.000,0.000,0,0,4,0,0
PPG,1,95883,3836871552,25,488,497,0.000,0.000,0.000,0,0,0,0,0.00,nan,4,3,1,nan,3,3,24,1,1,11,11,0,0,0,3838071162,0.04077,0.00439,0.95410,0.95498,-0.00585,-0.00081,-0.00114,0.00602,0.95498,0.00426,0.00651,3,12135,0,6308,0.00000,0.00000,0.00000,0,0,nan,0,0,0,2618,187491,0,0,0.000,0.000,0.000,0,0.000,0.000,0.000,0,0,4,0,0
PPG,1,95884,3836911552,25,501,507,0.000,0.000,0.000,0,0,0,0,0.00,nan,4,3,1,nan,3,3,24,1,1,12,12,0,0,0,3838112337,0.04224,0.00732,0.94287,0.94384,-0.00612,-0.00108,-0.00167,0.00643,0.95358,0.00974,0.00685,3,12123,0,6308,0.00000,0.00000,0.00000,0,0,nan,0,0,0,2606,187491,0,0,0.000,0.000,0.000,0,0.000,0.000,0.000,0,0,4,0,0
PPG,1,95885,3836951552,25,499,504,0.000,0.000,0.000,0,0,0,0,0.00,nan,4,3,1,nan,3,3,24,1,1,13,13,0,0,0,3838153475,0.03906,0.00366,0.94922,0.95003,-0.00505,-0.00135,-0.00087,0.00530,0.95703,0.01318,0.00532,3,12115,0,6308,0.00000,0.00000,0.00000,0,0,nan,0,0,0,4297,187491,0,0,0.000,0.000,0.000,0,0.000,0.000,0.000,0,0,4,0,0
PPG,1,95886,3836991552,25,501,515,0.000,0.000,0.000,0,0,0,0,0.00,nan,4,3,1,nan,3,3,24,1,1,14,14,0,0,0,3838191984,0.04077,0.00659,0.94995,0.95085,-0.00665,-0.00055,-0.00114,0.00677,0.95271,0.00251,0.00677,3,12119,0,6308,0.00000,0.00000,0.00000,0,0,nan,0,0,0,2602,187491,0,0,0.000,0.000,0.000,0,0.000,0.000,0.000,0,0,4,0,0
PPG,1,95887,3837031552,25,488,514,0.000,0.000,0.000,0,0,0,0,0.00,nan,4,3,1,nan,3,3,24,1,1,15,15,0,0,0,3838233181,0.04443,0.00635,0.95435,0.95540,-0.00558,-0.00081,-0.00167,0.00589,0.95547,0.00462,0.00594,3,12154,0,6308,0.00000,0.00000,0.00000,0,0,nan,0,0,0,4300,187491,0,0,0.000,0.000,0.000,0,0.000,0.000,0.000,0,0,4,0,0
PPG,1,95888,3837071552,25,482,499,0.000,0.000,0.000,0,0,0,0,0.00,nan,4,3,1,nan,3,3,24,1,1,16,16,0,0,0,3838271730,0.04321,0.00415,0.95483,0.95582,-0.00665,-0.00055,-0.00087,0.00673,0.95582,0.00411,0.00673,3,12126,0,6308,0.00000,0.00000,0.00000,0,0,nan,0,0,0,2607,187491,0,0,0.000,0.000,0.000,0,0.000,0.000,0.000,0,0,4,0,0
PPG,1,95889,3837111552,38,486,503,0.000,0.000,0.000,0,0,0,0,0.00,nan,4,3,1,nan,3,3,24,1,1,17,17,0,0,0,3838312857,0.03687,0.00635,0.95337,0.95410,-0.00638,0.00052,-0.00034,0.00641,0.96303,0.01312,0.00641,3,12116,0,6308,0.00000,0.00000,0.00000,0,0,nan,0,0,0,4301,187491,0,0,0.000,0.000,0.000,0,0.000,0.000,0.000,0,0,4,0,0
PPG,1,95890,3837151552,25,500,508,0.000,0.000,0.000,0,0,0,0,0.00,nan,4,3,1,nan,3,3,24,1,1,18,18,0,0,0,3838351456,0.04150,0.00781,0.95020,0.95113,-0.00452,-0.00028,-0.00194,0.00493,0.95154,0.00523,0.00611,3,12114,0,6308,0.00000,0.00000,0.00000,0,0,nan,0,0,0,2606,187491,0,0,0.000,0.000,0.000,0,0.000,0.000,0.000,0,0,4,0,0
PPG,1,95891,3837191552,25,499,513,0.000,0.000,0.000,0,0,0,0,0.00,nan,4,3,1,nan,3,3,24,1,1,19,19,0,0,0,3838392577,0.04102,0.00415,0.95117,0.95206,-0.00585,-0.00161,-0.00194,0.00637,0.95206,0.00536,0.00648,3,12122,0,6308,0.00000,0.00000,0.00000,0,0,nan,0,0,0,4298,187491,0,0,0.000,0.000,0.000,0,0.000,0.000,0.000,0,0,4,0,0
PPG,1,95892,3837231552,26,488,512,0.000,0.000,0.000,0,0,0,0,0.00,nan,4,3,1,nan,3,3,24,1,1,20,20,0,0,0,3838431195,0.03979,0.00342,0.94800,0.94884,-0.00745,-0.00108,-0.00087,0.00758,0.95231,0.00347,0.00758,3,12204,0,6308,0.00000,0.00000,0.00000,0,0,nan,0,0,0,2604,187491,0,0,0.000,0.000,0.000,0,0.000,0.000,0.000,0,0,4,0,0
PPG,1,95893,3837271552,25,486,506,0.000,0.000,0.000,0,0,0,0,0.00,nan,4,3,1,nan,3,3,24,1,1,21,21,0,0,0,3838472512,0.03882,0.00513,0.95483,0.95564,-0.00479,-0.00055,-0.00061,0.00485,0.95564,0.00408,0.00606,3,12109,0,6308,0.00000,0.00000,0.00000,0,0,nan,0,0,0,4298,187491,0,0,0.000,0.000,0.000,0,0.000,0.000,0.000,0,0,4,0,0
PPG,1,95894,3837311552,25,502,513,0.000,0.000,0.000,0,0,0,0,0.00,nan,4,3,1,nan,3,3,24,1,1,22,22,0,0,0,3838510997,0.03540,0.00708,0.95581,0.95649,-0.00558,0.00079,-0.00167,0.00588,0.95649,0.01083,0.00611,3,12110,0,6308,0.00000,0.00000,0.00000,0,0,nan,0,0,0,2597,187491,0,0,0.000,0.000,0.000,0,0.000,0.000,0.000,0,0,4,0,0
PPG,1,95895,3837351552,25,494,510,0.000,0.000,0.000,0,0,0,0,0.00,nan,4,3,1,nan,3,3,24,1,1,23,23,0,0,0,3838552136,0.04150,0.00415,0.95435,0.95526,-0.00665,-0.00028,-0.00167,0.00686,0.95526,0.00565,0.00686,3,12115,0,6308,0.00000,0.00000,0.00000,0,0,nan,0,0,0,2595,187491,0,0,0.000,0.000,0.000,0,0.000,0.000,0.000,0,0,4,0,0
PPG,1,95896,3837391552,25,477,502,0.000,0.000,0.000,0,0,0,0,0.00,nan,4,3,1,nan,3,3,24,1,1,24,24,0,0,0,3838593240,0.03613,0.00806,0.95093,0.95165,-0.00505,0.00079,-0.00194,0.00547,0.95165,0.00619,0.00734,3,12120,0,6308,0.00000,0.00000,0.00000,0,0,nan,0,0,0,4295,187491,0,0,0.000,0.000,0.000,0,0.000,0.000,0.000,0,0,4,0,0
PPG,1,95897,3837431552,25,481,491,0.000,0.000,0.000,0,0,0,0,0.00,nan,4,3,1,nan,3,3,24,1,1,25,25,0,0,0,3838631614,0.03467,0.00854,0.95459,0.95526,-0.00505,-0.00081,-0.00247,0.00568,0.95526,0.00348,0.00568,2,24154,0,6309,0.00000,0.00000,0.00000,0,0,nan,0,0,0,2606,187491,0,0,0.000,0.000,0.000,0,0.000,0.000,0.000,0,0,4,0,0
PPG,1,95898,3837471552,25,485,488,0.000,0.000,0.000,0,0,0,0,0.00,nan,4,3,1,nan,3,3,24,1,1,26,26,0,0,0,3838672875,0.03564,0.00732,0.94897,0.94967,-0.00612,-0.00081,-0.00300,0.00686,0.95592,0.00558,0.00686,3,12115,0,6309,0.00000,0.00000,0.00000,0,0,nan,0,0,0,4298,187491,0,0,0.000,0.000,0.000,0,0.000,0.000,0.000,0,0,4,0,0
PPG,1,95899,3837511552,25,487,512,0.000,0.000,0.000,0,0,0,0,0.00,nan,4,3,1,nan,3,3,24,1,1,27,27,0,0,0,3838711390,0.04175,0.00854,0.94971,0.95066,-0.00638,-0.00055,-0.00167,0.00662,0.95066,0.00578,0.00709,3,12115,0,6309,0.00000,0.00000,0.00000,0,0,nan,0,0,0,2595,187491,0,0,0.000,0.000,0.000,0,0.000,0.000,0.000,0,0,4,0,0
PPG,1,95900,3837551552,28,495,501,0.000,0.000,0.000,0,0,0,0,0.00,nan,4,3,1,nan,3,3,24,1,1,28,28,0,0,0,3838752528,0.03760,0.00586,0.95459,0.95535,-0.00558,-0.00108,-0.00247,0.00620,0.95535,0.00436,0.00708,3,12105,0,6309,0.00000,0.00000,0.00000,0,0,nan,0,0,0,2597,187491,0,0,0.000,0.000,0.000,0,0.000,0.000,0.000,0,0,4,0,0
PPG,1,95901,3837591552,25,504,517,0.000,0.000,0.000,0,0,0,0,0.00,nan,4,3,1,nan,3,3,24,1,1,29,29,0,0,0,3838793625,0.03638,0.01025,0.95996,0.96070,-0.00532,-0.00001,-0.00114,0.00544,0.96070,0.00874,0.00625,3,12117,0,6309,0.00000,0.00000,0.00000,0,0,nan,0,0,0,4296,187491,0,0,0.000,0.000,0.000,0,0.000,0.000,0.000,0,0,4,0,0
PPG,1,95902,3837631552,25,496,511,0.000,0.000,0.000,0,0,0,0,0.00,nan,4,3,1,nan,3,3,24,1,1,30,30,0,0,0,3838832124,0.04248,0.00903,0.95459,0.95558,-0.00638,-0.00055,-0.00194,0.00669,0.95558,0.01141,0.00669,3,12112,0,6309,0.00000,0.00000,0.00000,0,0,nan,0,0,0,2620,187491,0,0,0.000,0.000,0.000,0,0.000,0.000,0.000,0,0,4,0,0
PPG,1,95903,3837671552,25,492,517,0.000,0.000,0.000,0,0,0,0,0.00,nan,4,3,1,nan,3,3,24,1,1,31,31,0,0,0,3838873257,0.03833,0.00708,0.95020,0.95099,-0.00585,-0.00001,-0.00274,0.00646,0.95229,0.01235,0.00646,3,12118,0,6309,0.00000,0.00000,0.00000,0,0,nan,0,0,0,4302,187491,0,0,0.000,0.000,0.000,0,0.000,0.000,0.000,0,0,4,0,0
PPG,1,95904,3837711552,25,488,504,0.000,0.000,0.000,0,0,0,0,0.00,nan,4,3,1,nan,3,3,24,1,1,0,0,0,0,0,3838911774,0.03882,0.00610,0.94360,0.94442,-0.00558,-0.00028,-0.00114,0.00571,0.95540,0.01098,0.00630,3,12114,0,6309,0.00000,0.00000,0.00000,0,0,nan,0,0,0,2594,187491,0,0,0.000,0.000,0.000,0,0.000,0.000,0.000,0,0,4,0,0
PPG,1,95905,3837751552,25,485,492,0.000,0.000,0.000,0,0,0,0,0.00,nan,4,3,1,nan,3,3,24,1,1,1,1,0,0,0,3838952905,0.03442,0.00684,0.95068,0.95133,-0.00532,-0.00081,-0.00114,0.00550,0.95133,0.00675,0.00552,3,12122,0,6309,0.00000,0.00000,0.00000,0,0,nan,0,0,0,4370,187491,0,0,0.000,0.000,0.000,0,0.000,0.000,0.000,0,0,4,0,0
PPG,1,95906,3837791552,25,494,507,0.000,0.000,0.000,0,0,0,0,0.00,nan,4,3,1,nan,3,3,24,1,1,2,2,0,0,0,3838991545,0.03955,0.01196,0.94946,0.95036,-0.00585,-0.00135,-0.00300,0.00671,0.96149,0.01016,0.00672,3,12147,0,6309,0.00000,0.00000,0.00000,0,0,nan,0,0,0,2654,187491,0,0,0.000,0.000,0.000,0,0.000,0.000,0.000,0,0,4,0,0
PPG,1,95907,3837831552,26,499,514,0.000,0.000,0.000,0,0,0,0,0.00,nan,4,3,1,nan,3,3,24,1,1,3,3,0,0,0,3839032763,0.04028,0.00854,0.95630,0.95719,-0.00558,-0.00108,-0.00167,0.00593,0.95719,0.00959,0.00624,3,12130,0,6309,0.00000,0.00000,0.00000,0,0,nan,0,0,0,4373,187491,0,0,0.000,0.000,0.000,0,0.000,0.000,0.000,0,0,4,0,0
PPG,1,95908,3837871552,26,487,506,0.000,0.000,0.000,0,0,0,0,0.00,nan,4,3,1,nan,3,3,24,1,1,4,4,0,0,0,3839071779,0.03931,0.00977,0.95044,0.95130,-0.00505,-0.00001,-0.00141,0.00524,0.95130,0.00707,0.00611,3,12263,0,6309,0.00000,0.00000,0.00000,0,0,nan,0,0,0,2635,187491,0,0,0.000,0.000,0.000,0,0.000,0.000,0.000,0,0,4,0,0
PPG,1,95909,3837911552,26,493,508,0.000,0.000,0.000,0,0,0,0,0.00,nan,4,3,1,nan,3,3,24,1,1,5,5,0,0,0,3839113373,0.04077,0.00781,0.94946,0.95037,-0.00638,-0.00081,-0.00034,0.00644,0.95636,0.00506,0.00732,3,12253,0,6309,0.00000,0.00000,0.00000,0,0,nan,0,0,0,4337,187491,0,0,0.000,0.000,0.000,0,0.000,0.000,0.000,0,0,4,0,0
PPG,1,95910,3837951552,25,501,506,0.000,0.000,0.000,0,0,0,0,0.00,nan,4,3,1,nan,3,3,24,1,1,6,6,0,0,0,3839152251,0.04346,0.00342,0.95117,0.95217,-0.00558,-0.00028,-0.00194,0.00592,0.95744,0.00707,0.00593,3,12259,0,6309,0.00000,0.00000,0.00000,0,0,nan,0,0,0,2641,187491,0,0,0.000,0.000,0.000,0,0.000,0.000,0.000,0,0,4,0,0
PPG,1,95911,3837991552,25,494,505,0.000,0.000,0.000,0,0,0,0,0.00,nan,4,3,1,nan,3,3,24,1,1,7,7,0,0,0,3839193803,0.03638,0.00342,0.94873,0.94943,-0.00692,-0.00081,-0.00167,0.00716,0.95630,0.00687,0.00716,3,12268,0,6309,0.00000,0.00000,0.00000,0,0,nan,0,0,0,4342,187491,0,0,0.000,0.000,0.000,0,0.000,0.000,0.000,0,0,4,0,0
PPG,1,95912,3838031552,26,491,502,0.000,0.000,0.000,0,0,0,0,0.00,nan,4,3,1,nan,3,3,24,1,1,8,8,0,0,0,3839232680,0.03809,0.00244,0.95532,0.95608,-0.00479,-0.00028,-0.00194,0.00517,0.95634,0.00402,0.00711,3,12247,0,6309,0.00000,0.00000,0.00000,0,0,nan,0,0,0,4341,187491,0,0,0.000,0.000,0.000,0,0.000,0.000,0.000,0,0,4,0,0
PPG,1,95913,3838071552,26,492,522,0.000,0.000,0.000,0,0,0,0,0.00,nan,4,3,1,nan,3,3,24,1,1,9,9,0,0,0,3839271587,0.03906,0.00635,0.95190,0.95273,-0.00638,-0.00055,-0.00221,0.00678,0.95545,0.00927,0.00708,3,12257,0,6309,0.00000,0.00000,0.00000,0,0,nan,0,0,0,2630,187491,0,0,0.000,0.000,0.000,0,0.000,0.000,0.000,0,0,4,0,0
PPG,1,95914,3838111552,27,498,512,0.000,0.000,0.000,0,0,0,0,0.00,nan,4,3,1,nan,3,3,24,1,1,10,10,0,0,0,3839313061,0.04321,0.00659,0.95288,0.95388,-0.00558,-0.00055,-0.00087,0.00568,0.95390,0.00434,0.00698,3,12229,0,6309,0.00000,0.00000,0.00000,0,0,nan,0,0,0,4344,187491,0,0,0.000,0.000,0.000,0,0.000,0.000,0.000,0,0,4,0,0
PPG,1,95915,3838151552,30,490,503,0.000,0.000,0.000,0,0,0,0,0.00,nan,4,3,1,nan,3,3,24,1,1,11,11,0,0,0,3839352004,0.03711,0.00659,0.95313,0.95387,-0.00692,-0.00055,-0.00167,0.00714,0.95387,0.00195,0.00714,3,12269,0,6309,0.00000,0.00000,0.00000,0,0,nan,0,0,0,2633,187491,0,0,0.000,0.000,0.000,0,0.000,0.000,0.000,0,0,4,0,0
PPG,1,95916,3838191552,26,495,503,0.000,0.000,0.000,0,0,0,0,0.00,nan,4,3,1,nan,3,3,24,1,1,12,12,0,0,0,3839393469,0.03760,0.00854,0.95239,0.95317,-0.00585,-0.00055,-0.00221,0.00628,0.95350,0.00076,0.00697,3,12221,0,6309,0.00000,0.00000,0.00000,0,0,nan,0,0,0,4327,187491,0,0,0.000,0.000,0.000,0,0.000,0.000,0.000,0,0,4,0,0
PPG,1,95917,3838231552,26,486,502,0.000,0.000,0.000,0,0,0,0,0.00,nan,4,3,1,nan,3,3,24,1,1,13,13,0,0,0,3839432304,0.03491,0.00757,0.95337,0.95404,-0.00585,-0.00081,-0.00087,0.00597,0.95661,0.00257,0.00726,3,12227,0,6309,0.00000,0.00000,0.00000,0,0,nan,0,0,0,2631,187491,0,0,0.000,0.000,0.000,0,0.000,0.000,0.000,0,0,4,0,0
PPG,1,95918,3838271552,26,487,506,0.000,0.000,0.000,0,0,0,0,0.00,nan,4,3,1,nan,3,3,24,1,1,14,14,0,0,0,3839473852,0.04199,0.00684,0.94849,0.94944,-0.00612,-0.00028,-0.00274,0.00671,0.95112,0.00359,0.00671,3,12236,0,6309,0.00000,0.00000,0.00000,0,0,nan,0,0,0,4329,187491,0,0,0.000,0.000,0.000,0,0.000,0.000,0.000,0,0,4,0,0
PPG,1,95919,3838311552,25,499,507,0.000,0.000,0.000,0,0,0,0,0.00,nan,4,3,1,nan,3,3,24,1,1,15,15,0,0,0,3839512642,0.04004,0.00415,0.95068,0.95154,-0.00558,-0.00108,-0.00087,0.00575,0.95353,0.00409,0.00627,3,12206,0,6309,0.00000,0.00000,0.00000,0,0,nan,0,0,0,2649,187491,0,0,0.000,0.000,0.000,0,0.000,0.000,0.000,0,0,4,0,0
PPG,1,95920,3838351552,25,501,508,0.000,0.000,0.000,0,0,0,0,0.00,nan,4,3,1,nan,3,3,24,1,1,16,16,0,0,0,3839554144,0.04126,0.00635,0.95190,0.95282,-0.00558,-0.00055,-0.00167,0.00586,0.95387,0.00493,0.00630,3,12263,0,6309,0.00000,0.00000,0.00000,0,0,nan,0,0,0,4342,187491,0,0,0.000,0.000,0.000,0,0.000,0.000,0.000,0,0,4,0,0
PPG,1,95921,3838391552,26,495,503,0.000,0.000,0.000,0,0,0,0,0.00,nan,4,3,1,nan,3,3,24,1,1,17,17,0,0,0,3839592957,0.03931,0.00586,0.95288,0.95371,-0.00665,-0.00055,-0.00221,0.00703,0.95371,0.00537,0.00753,3,12221,0,6309,0.00000,0.00000,0.00000,0,0,nan,0,0,0,4336,187491,0,0,0.000,0.000,0.000,0,0.000,0.000,0.000,0,0,4,0,0
PPG,1,95922,3838431552,25,490,507,0.000,0.000,0.000,0,0,0,0,0.00,nan,4,3,1,nan,3,3,24,1,1,18,18,0,0,0,3839631545,0.03979,0.00513,0.95020,0.95104,-0.00532,0.00079,-0.00247,0.00592,0.95104,0.00791,0.00592,2,24272,0,6310,0.00000,0.00000,0.00000,0,0,nan,0,0,0,2611,187491,0,0,0.000,0.000,0.000,0,0.000,0.000,0.000,0,0,4,0,0
PPG,1,95923,3838471552,25,497,501,0.000,0.000,0.000,0,0,0,0,0.00,nan,4,3,1,nan,3,3,24,1,1,19,19,0,0,0,3839672922,0.03955,0.00464,0.95093,0.95176,-0.00612,-0.00081,-0.00114,0.00628,0.95264,0.00151,0.00706,3,12117,0,6310,0.00000,0.00000,0.00000,0,0,nan,0,0,0,4307,187491,0,0,0.000,0.000,0.000,0,0.000,0.000,0.000,0,0,4,0,0
PPG,1,95924,3838511552,25,479,501,0.000,0.000,0.000,0,0,0,0,0.00,nan,4,3,1,nan,3,3,24,1,1,20,20,0,0,0,3839711650,0.03809,0.00293,0.95239,0.95316,-0.00479,0.00025,-0.00194,0.00517,0.95433,0.00399,0.00567,3,12124,0,6310,0.00000,0.00000,0.00000,0,0,nan,0,0,0,2599,187491,0,0,0.000,0.000,0.000,0,0.000,0.000,0.000,0,0,4,0,0
PPG,1,95925,3838551552,25,504,505,0.000,0.000,0.000,0,0,0,0,0.00,nan,4,3,1,nan,3,3,24,1,1,21,21,0,0,0,3839752771,0.03662,0.00342,0.94946,0.95018,-0.00612,-0.00055,-0.00194,0.00644,0.95018,0.00997,0.00644,3,12130,0,6310,0.00000,0.00000,0.00000,0,0,nan,0,0,0,2595,187491,0,0,0.000,0.000,0.000,0,0.000,0.000,0.000,0,0,4,0,0
PPG,1,95926,3838591552,25,504,518,0.000,0.000,0.000,0,0,0,0,0.00,nan,4,3,1,nan,3,3,24,1,1,22,22,0,0,0,3839793977,0.04077,0.00610,0.94702,0.94792,-0.00612,-0.00081,-0.00087,0.00623,0.95574,0.01048,0.00623,3,12137,0,6310,0.00000,0.00000,0.00000,0,0,nan,0,0,0,4295,187491,0,0,0.000,0.000,0.000,0,0.000,0.000,0.000,0,0,4,0,0
PPG,1,95927,3838631552,25,488,516,0.000,0.000,0.000,0,0,0,0,0.00,nan,4,3,1,nan,3,3,24,1,1,23,23,0,0,0,3839832487,0.03491,0.00757,0.95093,0.95160,-0.00558,-0.00001,-0.00141,0.00576,0.95160,0.00185,0.00582,3,12111,0,6310,0.00000,0.00000,0.00000,0,0,nan,0,0,0,2597,187491,0,0,0.000,0.000,0.000,0,0.000,0.000,0.000,0,0,4,0,0
PPG,1,95928,3838671552,25,473,503,0.000,0.000,0.000,0,0,0,0,0.00,nan,4,3,1,nan,3,3,24,1,1,24,24,0,0,0,3839873662,0.03735,0.00781,0.94922,0.94999,-0.00585,-0.00001,-0.00274,0.00646,0.95436,0.00330,0.00646,3,12131,0,6310,0.00000,0.00000,0.00000,0,0,nan,0,0,0,4305,187491,0,0,0.000,0.000,0.000,0,0.000,0.000,0.000,0,0,4,0,0
PPG,1,95929,3838711552,25,490,505,0.000,0.000,0.000,0,0,0,0,0.00,nan,4,3,1,nan,3,3,24,1,1,25,25,0,0,0,3839950108,0.03809,0.00659,0.94922,0.95001,-0.00638,-0.00161,-0.00194,0.00686,0.95371,0.00373,0.00686,2,62185,0,6315,0.00000,0.00000,0.00000,0,0,nan,0,0,0,57750,187491,0,0,0.000,0.000,0.000,0,0.000,0.000,0.000,0,0,4,0,0
PPG,1,95930,3838751552,38,486,513,0.000,0.000,0.000,0,0,0,0,0.00,nan,4,3,1,nan,3,3,24,1,1,26,26,0,0,0,3839950108,0.03809,0.00659,0.94922,0.95001,-0.00638,-0.00161,-0.00194,0.00686,0.00000,0.00000,0.00000,0,62185,0,6315,0.00000,0.00000,0.00000,0,0,nan,0,0,0,11673,187491,0,0,0.000,0.000,0.000,0,0.000,0.000,0.000,0,0,4,0,0
PPG,1,95931,3838791552,24,494,507,0.000,0.000,0.000,0,0,0,0,0.00,nan,4,3,1,nan,3,3,24,1,1,27,27,0,0,0,3839996072,0.04126,0.00513,0.95142,0.95232,-0.00638,0.00052,-0.00247,0.00687,0.95464,0.00463,0.00687,3,12117,0,6316,0.00000,0.00000,0.00000,0,0,nan,0,0,0,2585,187491,0,0,0.000,0.000,0.000,0,0.000,0.000,0.000,0,0,4,0,0
PPG,1,95932,3838831552,25,485,508,0.000,0.000,0.000,0,0,0,0,0.00,nan,4,3,1,nan,3,3,24,1,1,28,28,0,0,0,3840034543,0.04370,0.00488,0.95850,0.95950,-0.00558,-0.00081,-0.00247,0.00616,0.95950,0.00713,0.00701,3,12111,0,6316,0.00000,0.00000,0.00000,0,0,nan,0,0,0,4295,187491,0,0,0.000,0.000,0.000,0,0.000,0.000,0.000,0,0,4,0,0
PPG,1,95933,3838871552,27,475,502,0.000,0.000,0.000,0,0,0,0,0.00,nan,4,3,1,nan,3,3,24,1,1,29,29,0,0,0,3840073147,0.03638,0.00781,0.95117,0.95190,-0.00638,-0.00001,-0.00167,0.00660,0.95190,0.00860,0.00660,3,12173,0,6316,0.00000,0.00000,0.00000,0,0,nan,0,0,0,4299,187491,0,0,0.000,0.000,0.000,0,0.000,0.000,0.000,0,0,4,0,0
PPG,1,95934,3838911552,25,488,498,0.000,0.000,0.000,0,0,0,0,0.00,nan,4,3,1,nan,3,3,24,1,1,30,30,0,0,0,3840111671,0.03662,0.00562,0.95313,0.95384,-0.00532,-0.00081,-0.00167,0.00563,0.95384,0.00533,0.00693,3,12114,0,6316,0.00000,0.00000,0.00000,0,0,nan,0,0,0,2605,187491,0,0,0.000,0.000,0.000,0,0.000,0.000,0.000,0,0,4,0,0
PPG,1,95935,3838951552,25,495,503,0.000,0.000,0.000,0,0,0,0,0.00,nan,4,3,1,nan,3,3,24,1,1,31,31,0,0,0,3840152789,0.04077,0.00391,0.94971,0.95059,-0.00585,-0.00028,-0.00221,0.00626,0.95577,0.00441,0.00672,3,12123,0,6316,0.00000,0.00000,0.00000,0,0,nan,0,0,0,2595,187491,0,0,0.000,0.000,0.000,0,0.000,0.000,0.000,0,0,4,0,0
PPG,1,95936,3838991552,25,492,502,0.000,0.000,0.000,0,0,0,0,0.00,nan,4,3,1,nan,3,3,24,1,1,0,0,0,0,0,3840193975,0.04199,0.00488,0.95532,0.95626,-0.00585,0.00025,-0.00061,0.00589,0.95626,0.00774,0.00618,3,12119,0,6316,0.00000,0.00000,0.00000,0,0,nan,0,0,0,4297,187491,0,0,0.000,0.000,0.000,0,0.000,0.000,0.000,0,0,4,0,0
PPG,1,95937,3839031552,25,493,518,0.000,0.000,0.000,0,0,0,0,0.00,nan,4,3,1,nan,3,3,24,1,1,1,1,0,0,0,3840232487,0.03564,0.00562,0.95410,0.95478,-0.00638,-0.00081,-0.00194,0.00672,0.95876,0.00893,0.00672,3,12115,0,6316,0.00000,0.00000,0.00000,0,0,nan,0,0,0,2597,187491,0,0,0.000,0.000,0.000,0,0.000,0.000,0.000,0,0,4,0,0
PPG,1,95938,3839071552,25,483,503,0.000,0.000,0.000,0,0,0,0,0.00,nan,4,3,1,nan,3,3,24,1,1,2,2,0,0,0,3840273660,0.03857,0.00317,0.94824,0.94903,-0.00665,-0.00135,-0.00087,0.00684,0.95143,0.00336,0.00716,3,12174,0,6316,0.00000,0.00000,0.00000,0,0,nan,0,0,0,4299,187491,0,0,0.000,0.000,0.000,0,0.000,0.000,0.000,0,0,4,0,0
PPG,1,95939,3839111552,25,479,493,0.000,0.000,0.000,0,0,0,0,0.00,nan,4,3,1,nan,3,3,24,1,1,3,3,0,0,0,3840312193,0.03955,0.00806,0.94580,0.94666,-0.00612,-0.00081,-0.00247,0.00665,0.95409,0.00777,0.00701,3,12121,0,6316,0.00000,0.00000,0.00000,0,0,nan,0,0,0,2608,187491,0,0,0.000,0.000,0.000,0,0.000,0.000,0.000,0,0,4,0,0
PPG,1,95940,3839151552,25,489,504,0.000,0.000,0.000,0,0,0,0,0.00,nan,4,3,1,nan,3,3,24,1,1,4,4,0,0,0,3840353313,0.04028,0.00708,0.95093,0.95181,-0.00612,-0.00028,-0.00167,0.00635,0.95297,0.00579,0.00696,3,12112,0,6316,0.00000,0.00000,0.00000,0,0,nan,0,0,0,4306,187491,0,0,0.000,0.000,0.000,0,0.000,0.000,0.000,0,0,4,0,0
PPG,1,95941,3839191552,25,501,513,0.000,0.000,0.000,0,0,0,0,0.00,nan,4,3,1,nan,3,3,24,1,1,5,5,0,0,0,3840391880,0.03638,0.00708,0.95459,0.95531,-0.00532,-0.00055,-0.00167,0.00560,0.95531,0.00624,0.00740,3,12124,0,6316,0.00000,0.00000,0.00000,0,0,nan,0,0,0,2595,187491,0,0,0.000,0.000,0.000,0,0.000,0.000,0.000,0,0,4,0,0
PPG,1,95942,3839231552,25,492,522,0.000,0.000,0.000,0,0,0,0,0.00,nan,4,3,1,nan,3,3,24,1,1,6,6,0,0,0,3840432975,0.03662,0.00854,0.94995,0.95070,-0.00612,-0.00055,-0.00087,0.00620,0.95383,0.00677,0.00620,3,12118,0,6316,0.00000,0.00000,0.00000,0,0,nan,0,0,0,4296,187491,0,0,0.000,0.000,0.000,0,0.000,0.000,0.000,0,0,4,0,0
PPG,1,95943,3839271552,25,497,516,0.000,0.000,0.000,0,0,0,0,0.00,nan,4,3,1,nan,3,3,24,1,1,7,7,0,0,0,3840471539,0.03735,0.00854,0.94702,0.94780,-0.00585,-0.00081,-0.00221,0.00631,0.95156,0.00276,0.00684,3,12133,0,6316,0.00000,0.00000,0.00000,0,0,nan,0,0,0,2619,187491,0,0,0.000,0.000,0.000,0,0.000,0.000,0.000,0,0,4,0,0
PPG,1,95944,3839311552,25,485,500,0.000,0.000,0.000,0,0,0,0,0.00,nan,4,3,1,nan,3,3,24,1,1,8,8,0,0,0,3840512664,0.04102,0.00684,0.94385,0.94476,-0.00638,-0.00028,-0.00221,0.00676,0.94856,0.00379,0.00680,3,12120,0,6316,0.00000,0.00000,0.00000,0,0,nan,0,0,0,2604,187491,0,0,0.000,0.000,0.000,0,0.000,0.000,0.000,0,0,4,0,0
PPG,1,95945,3839351552,25,493,500,0.000,0.000,0.000,0,0,0,0,0.00,nan,4,3,1,nan,3,3,24,1,1,9,9,0,0,0,3840553786,0.03931,0.00781,0.95215,0.95299,-0.00558,-0.00108,-0.00167,0.00593,0.95299,0.00723,0.00687,3,12116,0,6316,0.00000,0.00000,0.00000,0,0,nan,0,0,0,4307,187491,0,0,0.000,0.000,0.000,0,0.000,0.000,0.000,0,0,4,0,0
PPG,1,95946,3839391552,26,502,505,0.000,0.000,0.000,0,0,0,0,0.00,nan,4,3,1,nan,3,3,24,1,1,10,10,0,0,0,3840592390,0.03784,0.00391,0.95093,0.95169,-0.00585,-0.00108,-0.00274,0.00655,0.95169,0.00357,0.00722,3,12121,0,6316,0.00000,0.00000,0.00000,0,0,nan,0,0,0,2595,187491,0,0,0.000,0.000,0.000,0,0.000,0.000,0.000,0,0,4,0,0
PPG,1,95947,3839431552,25,500,518,0.000,0.000,0.000,0,0,0,0,0.00,nan,4,3,1,nan,3,3,24,1,1,11,11,0,0,0,3840630680,0.03955,0.00854,0.94775,0.94862,-0.00612,-0.00001,-0.00114,0.00622,0.95212,0.00350,0.00671,2,21458,0,6317,0.00000,0.00000,0.00000,0,0,nan,0,0,0,2605,187491,0,0,0.000,0.000,0.000,0,0.000,0.000,0.000,0,0,4,0,0
PPG,1,95948,3839471552,25,486,514,0.000,0.000,0.000,0,0,0,0,0.00,nan,4,3,1,nan,3,3,24,1,1,12,12,0,0,0,3840671888,0.03735,0.00635,0.94727,0.94802,-0.00532,-0.00001,-0.00247,0.00586,0.95597,0.00735,0.00586,3,12114,0,6317,0.00000,0.00000,0.00000,0,0,nan,0,0,0,2611,187491,0,0,0.000,0.000,0.000,0,0.000,0.000,0.000,0,0,4,0,0
PPG,1,95949,3839511552,37,497,517,0.000,0.000,0.000,0,0,0,0,0.00,nan,4,3,1,nan,3,3,24,1,1,13,13,0,0,0,3840713116,0.04102,0.00415,0.94800,0.94889,-0.00558,-0.00135,-0.00247,0.00625,0.95269,0.00380,0.00676,3,12142,0,6317,0.00000,0.00000,0.00000,0,0,nan,0,0,0,4300,187491,0,0,0.000,0.000,0.000,0,0.000,0.000,0.000,0,0,4,0,0
PPG,1,95950,3839551552,25,478,500,0.000,0.000,0.000,0,0,0,0,0.00,nan,4,3,1,nan,3,3,24,1,1,14,14,0,0,0,3840751649,0.03833,0.00342,0.95435,0.95512,-0.00665,-0.00108,-0.00221,0.00709,0.95827,0.00938,0.00709,3,12124,0,6317,0.00000,0.00000,0.00000,0,0,nan,0,0,0,2599,187491,0,0,0.000,0.000,0.000,0,0.000,0.000,0.000,0,0,4,0,0
PPG,1,95951,3839591552,26,485,500,0.000,0.000,0.000,0,0,0,0,0.00,nan,4,3,1,nan,3,3,24,1,1,15,15,0,0,0,3840792993,0.03809,0.00757,0.95117,0.95196,-0.00558,-0.00108,-0.00114,0.00580,0.95241,0.00271,0.00580,3,12342,0,6317,0.00000,0.00000,0.00000,0,0,nan,0,0,0,4351,187491,0,0,0.000,0.000,0.000,0,0.000,0.000,0.000,0,0,4,0,0
PPG,1,95952,3839631552,26,499,501,0.000,0.000,0.000,0,0,0,0,0.00,nan,4,3,1,nan,3,3,24,1,1,16,16,0,0,0,3840831741,0.03711,0.00464,0.95581,0.95654,-0.00558,-0.00081,-0.00247,0.00616,0.95654,0.00409,0.00616,3,12113,0,6317,0.00000,0.00000,0.00000,0,0,nan,0,0,0,2600,187491,0,0,0.000,0.000,0.000,0,0.000,0.000,0.000,0,0,4,0,0
PPG,1,95953,3839671552,25,494,508,0.000,0.000,0.000,0,0,0,0,0.00,nan,4,3,1,nan,3,3,24,1,1,17,17,0,0,0,3840872836,0.03931,0.00537,0.95215,0.95297,-0.00612,-0.00001,-0.00221,0.00650,0.95297,0.00450,0.00668,3,12117,0,6317,0.00000,0.00000,0.00000,0,0,nan,0,0,0,2601,187491,0,0,0.000,0.000,0.000,0,0.000,0.000,0.000,0,0,4,0,0
PPG,1,95954,3839711552,29,501,511,0.000,0.000,0.000,0,0,0,0,0.00,nan,4,3,1,nan,3,3,24,1,1,18,18,0,0,0,3840914120,0.03687,0.00757,0.95752,0.95826,-0.00612,-0.00108,-0.00114,0.00632,0.96014,0.00717,0.00632,3,12242,0,6317,0.00000,0.00000,0.00000,0,0,nan,0,0,0,4296,187491,0,0,0.000,0.000,0.000,0,0.000,0.000,0.000,0,0,4,0,0
PPG,1,95955,3839751552,25,502,514,0.000,0.000,0.000,0,0,0,0,0.00,nan,4,3,1,nan,3,3,24,1,1,19,19,0,0,0,3840952767,0.03833,0.00464,0.94922,0.95000,-0.00532,-0.00055,-0.00221,0.00578,0.95163,0.01012,0.00619,3,12242,0,6317,0.00000,0.00000,0.00000,0,0,nan,0,0,0,2594,187491,0,0,0.000,0.000,0.000,0,0.000,0.000,0.000,0,0,4,0,0
PPG,1,95956,3839791552,26,490,507,0.000,0.000,0.000,0,0,0,0,0.00,nan,4,3,1,nan,3,3,24,1,1,20,20,0,0,0,3840994329,0.03882,0.00757,0.94775,0.94858,-0.00638,0.00105,-0.00141,0.00662,0.95881,0.01023,0.00662,3,12270,0,6317,0.00000,0.00000,0.00000,0,0,nan,0,0,0,4354,187491,0,0,0.000,0.000,0.000,0,0.000,0.000,0.000,0,0,4,0,0
PPG,1,95957,3839831552,25,489,511,0.000,0.000,0.000,0,0,0,0,0.00,nan,4,3,1,nan,3,3,24,1,1,21,21,0,0,0,3841033231,0.03687,0.00317,0.95117,0.95189,-0.00532,-0.00001,-0.00114,0.00544,0.95455,0.00597,0.00544,3,12289,0,6317,0.00000,0.00000,0.00000,0,0,nan,0,0,0,4342,187491,0,0,0.000,0.000,0.000,0,0.000,0.000,0.000,0,0,4,0,0
PPG,1,95958,3839871552,25,491,513,0.000,0.000,0.000,0,0,0,0,0.00,nan,4,3,1,nan,3,3,24,1,1,22,22,0,0,0,3841072073,0.03735,0.00757,0.95728,0.95803,-0.00665,-0.00001,-0.00221,0.00701,0.95803,0.00361,0.00701,3,12234,0,6317,0.00000,0.00000,0.00000,0,0,nan,0,0,0,2610,187491,0,0,0.000,0.000,0.000,0,0.000,0.000,0.000,0,0,4,0,0
PPG,1,95959,3839911552,25,492,513,0.000,0.000,0.000,0,0,0,0,0.00,nan,4,3,1,nan,3,3,24,1,1,23,23,0,0,0,3841113588,0.03833,0.00781,0.95435,0.95515,-0.00612,-0.00081,-0.00114,0.00628,0.95515,0.00538,0.00681,3,12262,0,6317,0.00000,0.00000,0.00000,0,0,nan,0,0,0,4337,187491,0,0,0.000,0.000,0.000,0,0.000,0.000,0.000,0,0,4,0,0
PPG,1,95960,3839951552,25,491,514,0.000,0.000,0.000,0,0,0,0,0.00,nan,4,3,1,nan,3,3,24,1,1,24,24,0,0,0,3841152450,0.03516,0.00708,0.95483,0.95551,-0.00638,0.00025,-0.00247,0.00685,0.95721,0.00956,0.00685,3,12199,0,6317,0.00000,0.00000,0.00000,0,0,nan,0,0,0,2643,187491,0,0,0.000,0.000,0.000,0,0.000,0.000,0.000,0,0,4,0,0
PPG,1,95961,3839991552,26,500,508,0.000,0.000,0.000,0,0,0,0,0.00,nan,4,3,1,nan,3,3,24,1,1,25,25,0,0,0,3841194001,0.03857,0.00708,0.95166,0.95247,-0.00692,-0.00028,-0.00114,0.00702,0.95295,0.00255,0.00738,3,12267,0,6317,0.00000,0.00000,0.00000,0,0,nan,0,0,0,4334,187491,0,0,0.000,0.000,0.000,0,0.000,0.000,0.000,0,0,4,0,0
PPG,1,95962,3840031552,25,484,499,0.000,0.000,0.000,0,0,0,0,0.00,nan,4,3,1,nan,3,3,24,1,1,26,26,0,0,0,3841232800,0.03760,0.00488,0.95435,0.95510,-0.00558,-0.00081,-0.00114,0.00576,0.95656,0.00407,0.00576,3,12205,0,6317,0.00000,0.00000,0.00000,0,0,nan,0,0,0,2617,187491,0,0,0.000,0.000,0.000,0,0.000,0.000,0.000,0,0,4,0,0
PPG,1,95963,3840071552,29,485,501,0.000,0.000,0.000,0,0,0,0,0.00,nan,4,3,1,nan,3,3,24,1,1,27,27,0,0,0,3841274321,0.04004,0.00879,0.95459,0.95547,-0.00532,-0.00028,-0.00141,0.00551,0.95628,0.00916,0.00591,3,12265,0,6317,0.00000,0.00000,0.00000,0,0,nan,0,0,0,4347,187491,0,0,0.000,0.000,0.000,0,0.000,0.000,0.000,0,0,4,0,0
PPG,1,95964,3840111552,25,490,507,0.000,0.000,0.000,0,0,0,0,0.00,nan,4,3,1,nan,3,3,24,1,1,28,28,0,0,0,3841313266,0.03687,0.00464,0.94971,0.95043,-0.00692,-0.00135,-0.00141,0.00719,0.95278,0.00589,0.00719,3,12218,0,6317,0.00000,0.00000,0.00000,0,0,nan,0,0,0,4343,187491,0,0,0.000,0.000,0.000,0,0.000,0.000,0.000,0,0,4,0,0
PPG,1,95965,3840151552,26,485,507,0.000,0.000,0.000,0,0,0,0,0.00,nan,4,3,1,nan,3,3,24,1,1,29,29,0,0,0,3841352162,0.04150,0.00391,0.95093,0.95184,-0.00558,-0.00108,-0.00221,0.00610,0.95645,0.00460,0.00610,3,12229,0,6317,0.00000,0.00000,0.00000,0,0,nan,0,0,0,2644,187491,0,0,0.000,0.000,0.000,0,0.000,0.000,0.000,0,0,4,0,0
PPG,1,95966,3840191552,25,496,506,0.000,0.000,0.000,0,0,0,0,0.00,nan,4,3,1,nan,3,3,24,1,1,30,30,0,0,0,3841393688,0.03662,0.00781,0.95093,0.95166,-0.00638,-0.00108,-0.00141,0.00663,0.95674,0.00572,0.00774,3,12267,0,6317,0.00000,0.00000,0.00000,0,0,nan,0,0,0,4332,187491,0,0,0.000,0.000,0.000,0,0.000,0.000,0.000,0,0,4,0,0
PPG,1,95967,3840231552,26,489,504,0.000,0.000,0.000,0,0,0,0,0.00,nan,4,3,1,nan,3,3,24,1,1,31,31,0,0,0,3841432558,0.03760,0.00854,0.95288,0.95366,-0.00638,-0.00001,-0.00034,0.00639,0.95657,0.00478,0.00639,3,12228,0,6317,0.00000,0.00000,0.00000,0,0,nan,0,0,0,2626,187491,0,0,0.000,0.000,0.000,0,0.000,0.000,0.000,0,0,4,0,0
PPG,1,95968,3840271552,26,495,512,0.000,0.000,0.000,0,0,0,0,0.00,nan,4,3,1,nan,3,3,24,1,1,0,0,0,0,0,3841474050,0.03955,0.00732,0.95117,0.95202,-0.00558,-0.00001,-0.00221,0.00600,0.95406,0.00204,0.00637,3,12269,0,6317,0.00000,0.00000,0.00000,0,0,nan,0,0,0,4340,187491,0,0,0.000,0.000,0.000,0,0.000,0.000,0.000,0,0,4,0,0
PPG,1,95969,3840311552,25,496,494,0.000,0.000,0.000,0,0,0,0,0.00,nan,4,3,1,nan,3,3,24,1,1,1,1,0,0,0,3841512905,0.03955,0.00806,0.95264,0.95349,-0.00479,-0.00161,-0.00087,0.00512,0.95469,0.00166,0.00512,3,12231,0,6317,0.00000,0.00000,0.00000,0,0,nan,0,0,0,2619,187491,0,0,0.000,0.000,0.000,0,0.000,0.000,0.000,0,0,4,0,0
PPG,1,95970,3840351552,25,488,496,0.000,0.000,0.000,0,0,0,0,0.00,nan,4,3,1,nan,3,3,24,1,1,2,2,0,0,0,3841554365,0.03931,0.00684,0.95605,0.95689,-0.00425,-0.00081,-0.00247,0.00499,0.95971,0.00358,0.00609,3,12247,0,6317,0.00000,0.00000,0.00000,0,0,nan,0,0,0,4340,187491,0,0,0.000,0.000,0.000,0,0.000,0.000,0.000,0,0,4,0,0
PPG,1,95971,3840391552,25,492,514,0.000,0.000,0.000,0,0,0,0,0.00,nan,4,3,1,nan,3,3,24,1,1,3,3,0,0,0,3841593184,0.04102,0.00903,0.94824,0.94917,-0.00399,-0.00055,-0.00221,0.00459,0.94917,0.01097,0.00508,3,12243,0,6317,0.00000,0.00000,0.00000,0,0,nan,0,0,0,4313,187491,0,0,0.000,0.000,0.000,0,0.000,0.000,0.000,0,0,4,0,0
PPG,1,95972,3840431552,25,494,504,0.000,0.000,0.000,0,0,0,0,0.00,nan,4,3,1,nan,3,3,24,1,1,4,4,0,0,0,3841632142,0.03955,0.00049,0.94922,0.95004,-0.00532,-0.00028,-0.00141,0.00551,0.95004,0.00365,0.00589,2,24694,0,6318,0.00000,0.00000,0.00000,0,0,nan,0,0,0,2611,187491,0,0,0.000,0.000,0.000,0,0.000,0.000,0.000,0,0,4,0,0
PPG,1,95973,3840471552,25,481,495,0.000,0.000,0.000,0,0,0,0,0.00,nan,4,3,1,nan,3,3,24,1,1,5,5,0,0,0,3841673486,0.03906,0.00415,0.95020,0.95101,-0.00638,-0.00081,-0.00247,0.00689,0.95474,0.00620,0.00689,3,12123,0,6318,0.00000,0.00000,0.00000,0,0,nan,0,0,0,4298,187491,0,0,0.000,0.000,0.000,0,0.000,0.000,0.000,0,0,4,0,0
PPG,1,95974,3840511552,25,496,507,0.000,0.000,0.000,0,0,0,0,0.00,nan,4,3,1,nan,3,3,24,1,1,6,6,0,0,0,3841712023,0.03662,0.00513,0.95215,0.95287,-0.00638,0.00025,-0.00194,0.00668,0.95411,0.00339,0.00716,3,12128,0,6318,0.00000,0.00000,0.00000,0,0,nan,0,0,0,2597,187491,0,0,0.000,0.000,0.000,0,0.000,0.000,0.000,0,0,4,0,0
PPG,1,95975,3840551552,25,495,515,0.000,0.000,0.000,0,0,0,0,0.00,nan,4,3,1,nan,3,3,24,1,1,7,7,0,0,0,3841753157,0.03931,0.00806,0.94897,0.94982,-0.00585,-0.00055,-0.00061,0.00591,0.95539,0.00441,0.00732,3,12110,0,6318,0.00000,0.00000,0.00000,0,0,nan,0,0,0,4304,187491,0,0,0.000,0.000,0.000,0,0.000,0.000,0.000,0,0,4,0,0
PPG,1,95976,3840591552,25,506,510,0.000,0.000,0.000,0,0,0,0,0.00,nan,4,3,1,nan,3,3,24,1,1,8,8,0,0,0,3841791649,0.04150,0.00464,0.95483,0.95575,-0.00532,0.00025,-0.00167,0.00558,0.95575,0.00577,0.00635,3,12114,0,6318,0.00000,0.00000,0.00000,0,0,nan,0,0,0,2606,187491,0,0,0.000,0.000,0.000,0,0.000,0.000,0.000,0,0,4,0,0
PPG,1,95977,3840631552,25,491,512,0.000,0.000,0.000,0,0,0,0,0.00,nan,4,3,1,nan,3,3,24,1,1,9,9,0,0,0,3841832964,0.03735,0.00244,0.95386,0.95459,-0.00558,-0.00028,-0.00087,0.00566,0.95459,0.00570,0.00566,3,12126,0,6318,0.00000,0.00000,0.00000,0,0,nan,0,0,0,2599,187491,0,0,0.000,0.000,0.000,0,0.000,0.000,0.000,0,0,4,0,0
PPG,1,95978,3840671552,25,493,508,0.000,0.000,0.000,0,0,0,0,0.00,nan,4,3,1,nan,3,3,24,1,1,10,10,0,0,0,3841874087,0.03687,0.00488,0.95386,0.95458,-0.00692,-0.00135,-0.00007,0.00705,0.95591,0.00298,0.00705,3,12120,0,6318,0.00000,0.00000,0.00000,0,0,nan,0,0,0,4308,187491,0,0,0.000,0.000,0.000,0,0.000,0.000,0.000,0,0,4,0,0
PPG,1,95979,3840711552,26,494,503,0.000,0.000,0.000,0,0,0,0,0.00,nan,4,3,1,nan,3,3,24,1,1,11,11,0,0,0,3841912650,0.04053,0.00464,0.95752,0.95839,-0.00638,-0.00055,-0.00141,0.00656,0.95839,0.00563,0.00673,3,12163,0,6318,0.00000,0.00000,0.00000,0,0,nan,0,0,0,2599,187491,0,0,0.000,0.000,0.000,0,0.000,0.000,0.000,0,0,4,0,0
PPG,1,95980,3840751552,26,501,515,0.000,0.000,0.000,0,0,0,0,0.00,nan,4,3,1,nan,3,3,24,1,1,12,12,0,0,0,3841953763,0.04077,0.00879,0.95239,0.95331,-0.00612,-0.00055,-0.00141,0.00630,0.96013,0.00682,0.00630,3,12123,0,6318,0.00000,0.00000,0.00000,0,0,nan,0,0,0,4314,187491,0,0,0.000,0.000,0.000,0,0.000,0.000,0.000,0,0,4,0,0
PPG,1,95981,3840791552,25,491,519,0.000,0.000,0.000,0,0,0,0,0.00,nan,4,3,1,nan,3,3,24,1,1,13,13,0,0,0,3841992308,0.03833,0.00269,0.95459,0.95536,-0.00638,-0.00135,-0.00167,0.00674,0.95536,0.00172,0.00693,3,12132,0,6318,0.00000,0.00000,0.00000,0,0,nan,0,0,0,2602,187491,0,0,0.000,0.000,0.000,0,0.000,0.000,0.000,0,0,4,0,0
PPG,1,95982,3840831552,25,485,494,0.000,0.000,0.000,0,0,0,0,0.00,nan,4,3,1,nan,3,3,24,1,1,14,14,0,0,0,3842033493,0.04053,0.00879,0.95068,0.95159,-0.00558,0.00079,-0.00087,0.00571,0.96065,0.01027,0.00662,3,12116,0,6318,0.00000,0.00000,0.00000,0,0,nan,0,0,0,4298,187491,0,0,0.000,0.000,0.000,0,0.000,0.000,0.000,0,0,4,0,0
PPG,1,95983,3840871552,25,487,509,0.000,0.000,0.000,0,0,0,0,0.00,nan,4,3,1,nan,3,3,24,1,1,15,15,0,0,0,3842072003,0.03906,0.00342,0.95068,0.95149,-0.00558,0.00025,-0.00167,0.00583,0.95149,0.00509,0.00642,3,12122,0,6318,0.00000,0.00000,0.00000,0,0,nan,0,0,0,2595,187491,0,0,0.000,0.000,0.000,0,0.000,0.000,0.000,0,0,4,0,0
PPG,1,95984,3840911552,34,494,498,0.000,0.000,0.000,0,0,0,0,0.00,nan,4,3,1,nan,3,3,24,1,1,16,16,0,0,0,3842113120,0.03857,0.00586,0.95288,0.95368,-0.00585,0.00052,-0.00167,0.00611,0.95541,0.00424,0.00611,3,12129,0,6318,0.00000,0.00000,0.00000,0,0,nan,0,0,0,2626,187491,0,0,0.000,0.000,0.000,0,0.000,0.000,0.000,0,0,4,0,0
PPG,1,95985,3840951552,26,508,506,0.000,0.000,0.000,0,0,0,0,0.00,nan,4,3,1,nan,3,3,24,1,1,17,17,0,0,0,3842154631,0.03906,0.00879,0.95117,0.95201,-0.00479,-0.00055,-0.00221,0.00530,0.95201,0.00498,0.00549,3,12109,0,6318,0.00000,0.00000,0.00000,0,0,nan,0,0,0,4297,187491,0,0,0.000,0.000,0.000,0,0.000,0.000,0.000,0,0,4,0,0
PPG,1,95986,3840991552,25,494,507,0.000,0.000,0.000,0,0,0,0,0.00,nan,4,3,1,nan,3,3,24,1,1,18,18,0,0,0,3842193238,0.04028,0.00537,0.95508,0.95594,-0.00558,0.00025,-0.00141,0.00576,0.95638,0.00642,0.00576,3,12120,0,6318,0.00000,0.00000,0.00000,0,0,nan,0,0,0,4294,187491,0,0,0.000,0.000,0.000,0,0.000,0.000,0.000,0,0,4,0,0
PPG,1,95987,3841031552,39,504,520,0.000,0.000,0.000,0,0,0,0,0.00,nan,4,3,1,nan,3,3,24,1,1,19,19,0,0,0,3842231799,0.03931,0.00977,0.94971,0.95057,-0.00558,-0.00028,-0.00221,0.00601,0.95882,0.00566,0.00670,3,12172,0,6318,0.00000,0.00000,0.00000,0,0,nan,0,0,0,2596,187491,0,0,0.000,0.000,0.000,0,0.000,0.000,0.000,0,0,4,0,0
PPG,1,95988,3841071552,25,489,514,0.000,0.000,0.000,0,0,0,0,0.00,nan,4,3,1,nan,3,3,24,1,1,20,20,0,0,0,3842272964,0.03735,0.00879,0.95557,0.95634,-0.00532,0.00025,-0.00114,0.00544,0.96139,0.01082,0.00636,3,12116,0,6318,0.00000,0.00000,0.00000,0,0,nan,0,0,0,2598,187491,0,0,0.000,0.000,0.000,0,0.000,0.000,0.000,0,0,4,0,0
PPG,1,95989,3841111552,25,495,499,0.000,0.000,0.000,0,0,0,0,0.00,nan,4,3,1,nan,3,3,24,1,1,21,21,0,0,0,3842314285,0.03882,0.01025,0.94800,0.94885,-0.00612,-0.00028,-0.00221,0.00651,0.95209,0.00539,0.00651,3,12144,0,6318,0.00000,0.00000,0.00000,0,0,nan,0,0,0,4320,187491,0,0,0.000,0.000,0.000,0,0.000,0.000,0.000,0,0,4,0,0
PPG,1,95990,3841151552,26,504,518,0.000,0.000,0.000,0,0,0,0,0.00,nan,4,3,1,nan,3,3,24,1,1,22,22,0,0,0,3842353182,0.03784,0.00610,0.95801,0.95877,-0.00532,-0.00081,-0.00167,0.00563,0.95877,0.00704,0.00602,3,12219,0,6318,0.00000,0.00000,0.00000,0,0,nan,0,0,0,4338,187491,0,0,0.000,0.000,0.000,0,0.000,0.000,0.000,0,0,4,0,0
PPG,1,95991,3841191552,26,490,501,0.000,0.000,0.000,0,0,0,0,0.00,nan,4,3,1,nan,3,3,24,1,1,23,23,0,0,0,3842392120,0.03857,0.00708,0.94873,0.94954,-0.00585,0.00025,-0.00114,0.00597,0.95180,0.00979,0.00675,3,12305,0,6318,0.00000,0.00000,0.00000,0,0,nan,0,0,0,2637,187491,0,0,0.000,0.000,0.000,0,0.000,0.000,0.000,0,0,4,0,0
PPG,1,95992,3841231552,26,493,509,0.000,0.000,0.000,0,0,0,0,0.00,nan,4,3,1,nan,3,3,24,1,1,24,24,0,0,0,3842433641,0.04224,0.00635,0.95288,0.95384,-0.00612,-0.00028,-0.00167,0.00635,0.95607,0.00653,0.00635,3,12224,0,6318,0.00000,0.00000,0.00000,0,0,nan,0,0,0,4338,187491,0,0,0.000,0.000,0.000,0,0.000,0.000,0.000,0,0,4,0,0
PPG,1,95993,3841271552,26,488,511,0.000,0.000,0.000,0,0,0,0,0.00,nan,4,3,1,nan,3,3,24,1,1,25,25,0,0,0,3842472538,0.03906,0.00244,0.94946,0.95027,-0.00505,-0.00001,-0.00167,0.00532,0.95027,0.00419,0.00541,3,12264,0,6318,0.00000,0.00000,0.00000,0,0,nan,0,0,0,2626,187491,0,0,0.000,0.000,0.000,0,0.000,0.000,0.000,0,0,4,0,0
PPG,1,95994,3841311552,26,492,506,0.000,0.000,0.000,0,0,0,0,0.00,nan,4,3,1,nan,3,3,24,1,1,26,26,0,0,0,3842513999,0.03589,0.00098,0.94971,0.95039,-0.00558,-0.00108,-0.00221,0.00610,0.95584,0.00557,0.00650,3,12208,0,6318,0.00000,0.00000,0.00000,0,0,nan,0,0,0,4342,187491,0,0,0.000,0.000,0.000,0,0.000,0.000,0.000,0,0,4,0,0
PPG,1,95995,3841351552,25,493,511,0.000,0.000,0.000,0,0,0,0,0.00,nan,4,3,1,nan,3,3,24,1,1,27,27,0,0,0,3842552941,0.03857,0.00244,0.94897,0.94976,-0.00585,-0.00055,-0.00300,0.00660,0.95470,0.00494,0.00660,3,12274,0,6318,0.00000,0.00000,0.00000,0,0,nan,0,0,0,2634,187491,0,0,0.000,0.000,0.000,0,0.000,0.000,0.000,0,0,4,0,0
PPG,1,95996,3841391552,25,486,514,0.000,0.000,0.000,0,0,0,0,0.00,nan,4,3,1,nan,3,3,24,1,1,28,28,0,0,0,3842594427,0.03857,0.00854,0.94556,0.94638,-0.00612,-0.00081,-0.00167,0.00639,0.95025,0.00455,0.00668,3,12210,0,6318,0.00000,0.00000,0.00000,0,0,nan,0,0,0,4347,187491,0,0,0.000,0.000,0.000,0,0.000,0.000,0.000,0,0,4,0,0
PPG,1,95997,3841431552,27,489,512,0.000,0.000,0.000,0,0,0,0,0.00,nan,4,3,1,nan,3,3,24,1,1,29,29,0,0,0,3842633390,0.04004,0.00684,0.95264,0.95350,-0.00532,-0.00001,-0.00194,0.00566,0.95733,0.01094,0.00725,2,24652,0,6319,0.00000,0.00000,0.00000,0,0,nan,0,0,0,4424,187491,0,0,0.000,0.000,0.000,0,0.000,0.000,0.000,0,0,4,0,0
PPG,1,95998,3841471552,25,488,495,0.000,0.000,0.000,0,0,0,0,0.00,nan,4,3,1,nan,3,3,24,1,1,30,30,0,0,0,3842672408,0.03906,0.00854,0.95337,0.95421,-0.00585,-0.00055,-0.00167,0.00611,0.95752,0.00749,0.00651,3,12257,0,6319,0.00000,0.00000,0.00000,0,0,nan,0,0,0,2620,187491,0,0,0.000,0.000,0.000,0,0.000,0.000,0.000,0,0,4,0,0
PPG,1,95999,3841511552,26,484,506,0.000,0.000,0.000,0,0,0,0,0.00,nan,4,3,1,nan,3,3,24,1,1,31,31,0,0,0,3842713926,0.03979,0.00659,0.94482,0.94568,-0.00612,0.00079,-0.00167,0.00639,0.95551,0.00721,0.00662,3,12260,0,6319,0.00000,0.00000,0.00000,0,0,nan,0,0,0,4347,187491,0,0,0.000,0.000,0.000,0,0.000,0.000,0.000,0,0,4,0,0
PPG,1,96000,3841551552,26,489,497,0.000,0.000,0.000,0,0,0,0,0.00,nan,4,3,1,nan,3,3,24,1,1,0,0,0,0,0,3842752793,0.03540,0.00366,0.95508,0.95574,-0.00665,-0.00081,-0.00114,0.00680,0.95574,0.00790,0.00680,3,12226,0,6319,0.00000,0.00000,0.00000,0,0,nan,0,0,0,2625,187491,0,0,0.000,0.000,0.000,0,0.000,0.000,0.000,0,0,4,0,0
PPG,1,96001,3841591552,25,498,506,0.000,0.000,0.000,0,0,0,0,0.00,nan,4,3,1,nan,3,3,24,1,1,1,1,0,0,0,3842794287,0.03760,0.00757,0.95239,0.95316,-0.00558,0.00052,-0.00247,0.00613,0.95826,0.00702,0.00712,3,12227,0,6319,0.00000,0.00000,0.00000,0,0,nan,0,0,0,4340,187491,0,0,0.000,0.000,0.000,0,0.000,0.000,0.000,0,0,4,0,0
PPG,1,96002,3841631552,25,498,514,0.000,0.000,0.000,0,0,0,0,0.00,nan,4,3,1,nan,3,3,24,1,1,2,2,0,0,0,3842833126,0.03735,0.00464,0.95435,0.95509,-0.00505,-0.00108,-0.00221,0.00562,0.95671,0.00592,0.00565,3,12260,0,6319,0.00000,0.00000,0.00000,0,0,nan,0,0,0,2638,187491,0,0,0.000,0.000,0.000,0,0.000,0.000,0.000,0,0,4,0,0
PPG,1,96003,3841671552,26,496,507,0.000,0.000,0.000,0,0,0,0,0.00,nan,4,3,1,nan,3,3,24,1,1,3,3,0,0,0,3842874570,0.03760,0.00806,0.95288,0.95366,-0.00638,-0.00108,-0.00141,0.00663,0.95366,0.00498,0.00663,3,12225,0,6319,0.00000,0.00000,0.00000,0,0,nan,0,0,0,4328,187491,0,0,0.000,0.000,0.000,0,0.000,0.000,0.000,0,0,4,0,0
PPG,1,96004,3841711552,26,486,504,0.000,0.000,0.000,0,0,0,0,0.00,nan,4,3,1,nan,3,3,24,1,1,4,4,0,0,0,3842913415,0.03760,0.00586,0.95630,0.95706,-0.00585,-0.00135,-0.00087,0.00607,0.95706,0.00731,0.00626,3,12255,0,6319,0.00000,0.00000,0.00000,0,0,nan,0,0,0,4336,187491,0,0,0.000,0.000,0.000,0,0.000,0.000,0.000,0,0,4,0,0
PPG,1,96005,3841751552,25,490,513,0.000,0.000,0.000,0,0,0,0,0.00,nan,4,3,1,nan,3,3,24,1,1,5,5,0,0,0,3842952341,0.04053,0.00708,0.95044,0.95133,-0.00612,-0.00135,-0.00114,0.00637,0.95447,0.00259,0.00659,3,12324,0,6319,0.00000,0.00000,0.00000,0,0,nan,0,0,0,2604,187491,0,0,0.000,0.000,0.000,0,0.000,0.000,0.000,0,0,4,0,0
PPG,1,96006,3841791552,25,495,506,0.000,0.000,0.000,0,0,0,0,0.00,nan,4,3,1,nan,3,3,24,1,1,6,6,0,0,0,3842993660,0.03809,0.00610,0.95093,0.95171,-0.00532,-0.00028,-0.00087,0.00540,0.96066,0.01032,0.00588,3,12224,0,6319,0.00000,0.00000,0.00000,0,0,nan,0,0,0,4303,187491,0,0,0.000,0.000,0.000,0,0.000,0.000,0.000,0,0,4,0,0
PPG,1,96007,3841831552,25,485,508,0.000,0.000,0.000,0,0,0,0,0.00,nan,4,3,1,nan,3,3,24,1,1,7,7,0,0,0,3843032242,0.03784,0.00562,0.95044,0.95121,-0.00558,-0.00028,-0.00141,0.00577,0.95381,0.00309,0.00583,3,12145,0,6319,0.00000,0.00000,0.00000,0,0,nan,0,0,0,2632,187491,0,0,0.000,0.000,0.000,0,0.000,0.000,0.000,0,0,4,0,0
PPG,1,96008,3841871552,25,501,516,0.000,0.000,0.000,0,0,0,0,0.00,nan,4,3,1,nan,3,3,24,1,1,8,8,0,0,0,3843073407,0.04102,0.00610,0.95093,0.95183,-0.00505,-0.00081,-0.00141,0.00531,0.95510,0.00486,0.00667,3,12138,0,6319,0.00000,0.00000,0.00000,0,0,nan,0,0,0,4300,187491,0,0,0.000,0.000,0.000,0,0.000,0.000,0.000,0,0,4,0,0
PPG,1,96009,3841911552,25,495,520,0.000,0.000,0.000,0,0,0,0,0.00,nan,4,3,1,nan,3,3,24,1,1,9,9,0,0,0,3843111912,0.03613,0.00977,0.95142,0.95215,-0.00612,-0.00028,-0.00167,0.00635,0.95478,0.00353,0.00635,3,12120,0,6319,0.00000,0.00000,0.00000,0,0,nan,0,0,0,2598,187491,0,0,0.000,0.000,0.000,0,0.000,0.000,0.000,0,0,4,0,0
PPG,1,96010,3841951552,25,478,486,0.000,0.000,0.000,0,0,0,0,0.00,nan,4,3,1,nan,3,3,24,1,1,10,10,0,0,0,3843153065,0.03857,0.00537,0.94922,0.95002,-0.00532,-0.00081,-0.00167,0.00563,0.95404,0.00207,0.00566,3,12115,0,6319,0.00000,0.00000,0.00000,0,0,nan,0,0,0,2605,187491,0,0,0.000,0.000,0.000,0,0.000,0.000,0.000,0,0,4,0,0
PPG,1,96011,3841991552,25,486,498,0.000,0.000,0.000,0,0,0,0,0.00,nan,4,3,1,nan,3,3,24,1,1,11,11,0,0,0,3843194206,0.03955,0.00391,0.95825,0.95908,-0.00558,-0.00055,-0.00167,0.00586,0.95908,0.00705,0.00586,3,12126,0,6319,0.00000,0.00000,0.00000,0,0,nan,0,0,0,4306,187491,0,0,0.000,0.000,0.000,0,0.000,0.000,0.000,0,0,4,0,0
PPG,1,96012,3842031552,25,494,498,0.000,0.000,0.000,0,0,0,0,0.00,nan,4,3,1,nan,3,3,24,1,1,12,12,0,0,0,3843232741,0.03955,0.00439,0.95435,0.95518,-0.00612,-0.00081,-0.00221,0.00655,0.95541,0.00370,0.00655,3,12123,0,6319,0.00000,0.00000,0.00000,0,0,nan,0,0,0,2604,187491,0,0,0.000,0.000,0.000,0,0.000,0.000,0.000,0,0,4,0,0
PPG,1,96013,3842071552,25,502,523,0.000,0.000,0.000,0,0,0,0,0.00,nan,4,3,1,nan,3,3,24,1,1,13,13,0,0,0,3843273942,0.03784,0.00293,0.95361,0.95437,-0.00532,-0.00108,-0.00167,0.00568,0.95437,0.00636,0.00680,3,12119,0,6319,0.00000,0.00000,0.00000,0,0,nan,0,0,0,4304,187491,0,0,0.000,0.000,0.000,0,0.000,0.000,0.000,0,0,4,0,0
PPG,1,96014,3842111552,26,486,511,0.000,0.000,0.000,0,0,0,0,0.00,nan,4,3,1,nan,3,3,24,1,1,14,14,0,0,0,3843312467,0.03931,0.00464,0.94995,0.95078,-0.00479,-0.00028,-0.00114,0.00493,0.95973,0.00698,0.00649,3,12125,0,6319,0.00000,0.00000,0.00000,0,0,nan,0,0,0,2607,187491,0,0,0.000,0.000,0.000,0,0.000,0.000,0.000,0,0,4,0,0
PPG,1,96015,3842151552,25,477,496,0.000,0.000,0.000,0,0,0,0,0.00,nan,4,3,1,nan,3,3,24,1,1,15,15,0,0,0,3843353630,0.04102,0.00415,0.95361,0.95450,-0.00612,-0.00055,-0.00087,0.00620,0.95778,0.00701,0.00620,3,12137,0,6319,0.00000,0.00000,0.00000,0,0,nan,0,0,0,4296,187491,0,0,0.000,0.000,0.000,0,0.000,0.000,0.000,0,0,4,0,0
PPG,1,96016,3842191552,25,493,508,0.000,0.000,0.000,0,0,0,0,0.00,nan,4,3,1,nan,3,3,24,1,1,16,16,0,0,0,3843392124,0.03296,0.00732,0.94312,0.94372,-0.00585,-0.00055,-0.00087,0.00594,0.95753,0.00768,0.00594,3,12116,0,6319,0.00000,0.00000,0.00000,0,0,nan,0,0,0,2604,187491,0,0,0.000,0.000,0.000,0,0.000,0.000,0.000,0,0,4,0,0
PPG,1,96017,3842231552,25,492,507,0.000,0.000,0.000,0,0,0,0,0.00,nan,4,3,1,nan,3,3,24,1,1,17,17,0,0,0,3843433264,0.04077,0.00781,0.95117,0.95208,-0.00558,0.00052,-0.00167,0.00585,0.95309,0.00813,0.00630,3,12129,0,6319,0.00000,0.00000,0.00000,0,0,nan,0,0,0,2595,187491,0,0,0.000,0.000,0.000,0,0.000,0.000,0.000,0,0,4,0,0
PPG,1,96018,3842271552,26,502,512,0.000,0.000,0.000,0,0,0,0,0.00,nan,4,3,1,nan,3,3,24,1,1,18,18,0,0,0,3843474423,0.04321,0.00269,0.95044,0.95143,-0.00479,-0.00108,-0.00141,0.00510,0.95520,0.00312,0.00644,3,12121,0,6319,0.00000,0.00000,0.00000,0,0,nan,0,0,0,4298,187491,0,0,0.000,0.000,0.000,0,0.000,0.000,0.000,0,0,4,0,0
PPG,1,96019,3842311552,25,504,512,0.000,0.000,0.000,0,0,0,0,0.00,nan,4,3,1,nan,3,3,24,1,1,19,19,0,0,0,3843512946,0.03687,0.00537,0.95190,0.95263,-0.00612,-0.00081,-0.00034,0.00618,0.95446,0.00567,0.00618,3,12117,0,6319,0.00000,0.00000,0.00000,0,0,nan,0,0,0,2595,187491,0,0,0.000,0.000,0.000,0,0.000,0.000,0.000,0,0,4,0,0
PPG,1,96020,3842351552,29,479,505,0.000,0.000,0.000,0,0,0,0,0.00,nan,4,3,1,nan,3,3,24,1,1,20,20,0,0,0,3843554119,0.04150,0.00488,0.95068,0.95160,-0.00479,0.00105,-0.00114,0.00503,0.95160,0.00234,0.00607,3,12147,0,6319,0.00000,0.00000,0.00000,0,0,nan,0,0,0,4298,187491,0,0,0.000,0.000,0.000,0,0.000,0.000,0.000,0,0,4,0,0
PPG,1,96021,3842391552,25,494,497,0.000,0.000,0.000,0,0,0,0,0.00,nan,4,3,1,nan,3,3,24,1,1,21,21,0,0,0,3843592625,0.03833,0.00830,0.94702,0.94783,-0.00585,-0.00028,-0.00167,0.00609,0.95461,0.00613,0.00609,3,12113,0,6319,0.00000,0.00000,0.00000,0,0,nan,0,0,0,2607,187491,0,0,0.000,0.000,0.000,0,0.000,0.000,0.000,0,0,4,0,0
PPG,1,96022,3842431552,25,480,504,0.000,0.000,0.000,0,0,0,0,0.00,nan,4,3,1,nan,3,3,24,1,1,22,22,0,0,0,3843633526,0.03833,0.00830,0.94922,0.95003,-0.00452,-0.00028,-0.00194,0.00493,0.95003,0.00188,0.00602,2,24062,0,6320,0.00000,0.00000,0.00000,0,0,nan,0,0,0,4392,187491,0,0,0.000,0.000,0.000,0,0.000,0.000,0.000,0,0,4,0,0
PPG,1,96023,3842471552,25,481,501,0.000,0.000,0.000,0,0,0,0,0.00,nan,4,3,1,nan,3,3,24,1,1,23,23,0,0,0,3843672173,0.03931,0.00488,0.95044,0.95126,-0.00558,-0.00081,-0.00167,0.00589,0.95161,0.00134,0.00589,3,12121,0,6320,0.00000,0.00000,0.00000,0,0,nan,0,0,0,2626,187491,0,0,0.000,0.000,0.000,0,0.000,0.000,0.000,0,0,4,0,0
PPG,1,96024,3842511552,26,489,508,0.000,0.000,0.000,0,0,0,0,0.00,nan,4,3,1,nan,3,3,24,1,1,24,24,0,0,0,3843713344,0.04199,0.00488,0.95361,0.95455,-0.00612,-0.00028,-0.00247,0.00660,0.95455,0.00378,0.00660,3,12118,0,6320,0.00000,0.00000,0.00000,0,0,nan,0,0,0,2601,187491,0,0,0.000,0.000,0.000,0,0.000,0.000,0.000,0,0,4,0,0
PPG,1,96025,3842551552,25,500,508,0.000,0.000,0.000,0,0,0,0,0.00,nan,4,3,1,nan,3,3,24,1,1,25,25,0,0,0,3843754514,0.03857,0.00903,0.95239,0.95322,-0.00665,-0.00028,-0.00167,0.00686,0.95322,0.00464,0.00785,3,12173,0,6320,0.00000,0.00000,0.00000,0,0,nan,0,0,0,4305,187491,0,0,0.000,0.000,0.000,0,0.000,0.000,0.000,0,0,4,0,0
PPG,1,96026,3842591552,25,489,515,0.000,0.000,0.000,0,0,0,0,0.00,nan,4,3,1,nan,3,3,24,1,1,26,26,0,0,0,3843793023,0.03711,0.00757,0.96436,0.96510,-0.00665,-0.00081,-0.00087,0.00676,0.96510,0.01041,0.00676,3,12111,0,6320,0.00000,0.00000,0.00000,0,0,nan,0,0,0,2597,187491,0,0,0.000,0.000,0.000,0,0.000,0.000,0.000,0,0,4,0,0
PPG,1,96027,3842631552,29,479,494,0.000,0.000,0.000,0,0,0,0,0.00,nan,4,3,1,nan,3,3,24,1,1,27,27,0,0,0,3843834119,0.03638,0.00977,0.95605,0.95680,-0.00558,-0.00028,-0.00087,0.00566,0.95680,0.01120,0.00566,3,12113,0,6320,0.00000,0.00000,0.00000,0,0,nan,0,0,0,4297,187491,0,0,0.000,0.000,0.000,0,0.000,0.000,0.000,0,0,4,0,0
PPG,1,96028,3842671552,26,488,490,0.000,0.000,0.000,0,0,0,0,0.00,nan,4,3,1,nan,3,3,24,1,1,28,28,0,0,0,3843872664,0.04028,0.00391,0.95508,0.95594,-0.00638,0.00025,-0.00194,0.00668,0.95594,0.00535,0.00706,3,12115,0,6320,0.00000,0.00000,0.00000,0,0,nan,0,0,0,2624,187491,0,0,0.000,0.000,0.000,0,0.000,0.000,0.000,0,0,4,0,0
PPG,1,96029,3842711552,25,486,507,0.000,0.000,0.000,0,0,0,0,0.00,nan,4,3,1,nan,3,3,24,1,1,29,29,0,0,0,3843913846,0.03662,0.00879,0.95679,0.95753,-0.00692,-0.00028,-0.00300,0.00755,0.95753,0.01003,0.00755,3,12131,0,6320,0.00000,0.00000,0.00000,0,0,nan,0,0,0,4306,187491,0,0,0.000,0.000,0.000,0,0.000,0.000,0.000,0,0,4,0,0
PPG,1,96030,3842751552,26,501,514,0.000,0.000,0.000,0,0,0,0,0.00,nan,4,3,1,nan,3,3,24,1,1,30,30,0,0,0,3843952370,0.03711,0.00635,0.95801,0.95875,-0.00665,-0.00028,-0.00167,0.00686,0.95875,0.00909,0.00701,3,12116,0,6320,0.00000,0.00000,0.00000,0,0,nan,0,0,0,2621,187491,0,0,0.000,0.000,0.000,0,0.000,0.000,0.000,0,0,4,0,0
PPG,1,96031,3842791552,25,500,513,0.000,0.000,0.000,0,0,0,0,0.00,nan,4,3,1,nan,3,3,24,1,1,31,31,0,0,0,3843993497,0.03833,0.00562,0.94995,0.95074,-0.00665,-0.00001,-0.00114,0.00675,0.95702,0.00691,0.00675,3,12107,0,6320,0.00000,0.00000,0.00000,0,0,nan,0,0,0,4297,187491,0,0,0.000,0.000,0.000,0,0.000,0.000,0.000,0,0,4,0,0
PPG,1,96032,3842831552,25,491,516,0.000,0.000,0.000,0,0,0,0,0.00,nan,4,3,1,nan,3,3,24,1,1,0,0,0,0,0,3844031998,0.03833,0.00610,0.95288,0.95367,-0.00692,0.00025,-0.00167,0.00712,0.95823,0.00800,0.00712,3,12112,0,6320,0.00000,0.00000,0.00000,0,0,nan,0,0,0,2602,187491,0,0,0.000,0.000,0.000,0,0.000,0.000,0.000,0,0,4,0,0
PPG,1,96033,3842871552,34,487,507,0.000,0.000,0.000,0,0,0,0,0.00,nan,4,3,1,nan,3,3,24,1,1,1,1,0,0,0,3844073389,0.03882,0.00244,0.94849,0.94928,-0.00638,-0.00028,-0.00141,0.00654,0.95141,0.00969,0.00676,3,12363,0,6320,0.00000,0.00000,0.00000,0,0,nan,0,0,0,4341,187491,0,0,0.000,0.000,0.000,0,0.000,0.000,0.000,0,0,4,0,0
PPG,1,96034,3842911552,25,499,507,0.000,0.000,0.000,0,0,0,0,0.00,nan,4,3,1,nan,3,3,24,1,1,2,2,0,0,0,3844112200,0.03711,0.00684,0.95337,0.95412,-0.00638,-0.00081,-0.00194,0.00672,0.95558,0.00630,0.00672,3,12186,0,6320,0.00000,0.00000,0.00000,0,0,nan,0,0,0,2605,187491,0,0,0.000,0.000,0.000,0,0.000,0.000,0.000,0,0,4,0,0
PPG,1,96035,3842951552,35,497,514,0.000,0.000,0.000,0,0,0,0,0.00,nan,4,3,1,nan,3,3,24,1,1,3,3,0,0,0,3844153309,0.03857,0.00952,0.94580,0.94663,-0.00665,-0.00055,-0.00141,0.00682,0.94790,0.00821,0.00682,3,12109,0,6320,0.00000,0.00000,0.00000,0,0,nan,0,0,0,2632,187491,0,0,0.000,0.000,0.000,0,0.000,0.000,0.000,0,0,4,0,0
PPG,1,96036,3842991552,25,504,515,0.000,0.000,0.000,0,0,0,0,0.00,nan,4,3,1,nan,3,3,24,1,1,4,4,0,0,0,3844194719,0.03931,0.00684,0.94604,0.94689,-0.00638,-0.00001,-0.00141,0.00654,0.95542,0.00879,0.00654,3,12244,0,6320,0.00000,0.00000,0.00000,0,0,nan,0,0,0,4297,187491,0,0,0.000,0.000,0.000,0,0.000,0.000,0.000,0,0,4,0,0
PPG,1,96037,3843031552,25,477,512,0.000,0.000,0.000,0,0,0,0,0.00,nan,4,3,1,nan,3,3,24,1,1,5,5,0,0,0,3844233337,0.03833,0.00415,0.94775,0.94854,-0.00505,-0.00081,-0.00274,0.00580,0.95673,0.00984,0.00662,3,12162,0,6320,0.00000,0.00000,0.00000,0,0,nan,0,0,0,2602,187491,0,0,0.000,0.000,0.000,0,0.000,0.000,0.000,0,0,4,0,0
PPG,1,96038,3843071552,25,504,506,0.000,0.000,0.000,0,0,0,0,0.00,nan,4,3,1,nan,3,3,24,1,1,6,6,0,0,0,3844274853,0.03784,0.01172,0.95508,0.95590,-0.00585,-0.00001,-0.00141,0.00602,0.95590,0.00337,0.00602,3,12247,0,6320,0.00000,0.00000,0.00000,0,0,nan,0,0,0,4341,187491,0,0,0.000,0.000,0.000,0,0.000,0.000,0.000,0,0,4,0,0
PPG,1,96039,3843111552,25,496,508,0.000,0.000,0.000,0,0,0,0,0.00,nan,4,3,1,nan,3,3,24,1,1,7,7,0,0,0,3844313763,0.04199,0.00488,0.94946,0.95040,-0.00532,-0.00055,-0.00114,0.00547,0.95466,0.00362,0.00562,3,12292,0,6320,0.00000,0.00000,0.00000,0,0,nan,0,0,0,4346,187491,0,0,0.000,0.000,0.000,0,0.000,0.000,0.000,0,0,4,0,0
PPG,1,96040,3843151552,25,493,498,0.000,0.000,0.000,0,0,0,0,0.00,nan,4,3,1,nan,3,3,24,1,1,8,8,0,0,0,3844352602,0.03711,0.00513,0.94775,0.94849,-0.00585,-0.00028,-0.00167,0.00609,0.95234,0.00528,0.00662,3,12217,0,6320,0.00000,0.00000,0.00000,0,0,nan,0,0,0,2610,187491,0,0,0.000,0.000,0.000,0,0.000,0.000,0.000,0,0,4,0,0
PPG,1,96041,3843191552,26,492,508,0.000,0.000,0.000,0,0,0,0,0.00,nan,4,3,1,nan,3,3,24,1,1,9,9,0,0,0,3844394093,0.03662,0.00659,0.94922,0.94995,-0.00638,0.00025,-0.00114,0.00649,0.95033,0.00184,0.00654,3,12249,0,6320,0.00000,0.00000,0.00000,0,0,nan,0,0,0,4339,187491,0,0,0.000,0.000,0.000,0,0.000,0.000,0.000,0,0,4,0,0
PPG,1,96042,3843231552,25,489,512,0.000,0.000,0.000,0,0,0,0,0.00,nan,4,3,1,nan,3,3,24,1,1,10,10,0,0,0,3844432929,0.03979,0.00537,0.95215,0.95299,-0.00558,-0.00108,-0.00114,0.00580,0.95544,0.00343,0.00719,3,12192,0,6320,0.00000,0.00000,0.00000,0,0,nan,0,0,0,2630,187491,0,0,0.000,0.000,0.000,0,0.000,0.000,0.000,0,0,4,0,0
PPG,1,96043,3843271552,25,504,511,0.000,0.000,0.000,0,0,0,0,0.00,nan,4,3,1,nan,3,3,24,1,1,11,11,0,0,0,3844474464,0.03613,0.00854,0.94971,0.95043,-0.00638,-0.00001,-0.00194,0.00667,0.95199,0.00260,0.00667,3,12273,0,6320,0.00000,0.00000,0.00000,0,0,nan,0,0,0,4334,187491,0,0,0.000,0.000,0.000,0,0.000,0.000,0.000,0,0,4,0,0
PPG,1,96044,3843311552,26,499,508,0.000,0.000,0.000,0,0,0,0,0.00,nan,4,3,1,nan,3,3,24,1,1,12,12,0,0,0,3844513321,0.03833,0.00586,0.95117,0.95196,-0.00665,-0.00055,-0.00141,0.00682,0.95426,0.00383,0.00682,3,12215,0,6320,0.00000,0.00000,0.00000,0,0,nan,0,0,0,2613,187491,0,0,0.000,0.000,0.000,0,0.000,0.000,0.000,0,0,4,0,0
PPG,1,96045,3843351552,25,495,514,0.000,0.000,0.000,0,0,0,0,0.00,nan,4,3,1,nan,3,3,24,1,1,13,13,0,0,0,3844554845,0.04248,0.00366,0.94824,0.94920,-0.00665,-0.00108,-0.00114,0.00683,0.95117,0.00561,0.00720,3,12262,0,6320,0.00000,0.00000,0.00000,0,0,nan,0,0,0,4339,187491,0,0,0.000,0.000,0.000,0,0.000,0.000,0.000,0,0,4,0,0
PPG,1,96046,3843391552,25,490,505,0.000,0.000,0.000,0,0,0,0,0.00,nan,4,3,1,nan,3,3,24,1,1,14,14,0,0,0,3844593752,0.04102,0.00488,0.95508,0.95597,-0.00612,-0.00161,-0.00194,0.00662,0.95777,0.00788,0.00662,3,12220,0,6320,0.00000,0.00000,0.00000,0,0,nan,0,0,0,4344,187491,0,0,0.000,0.000,0.000,0,0.000,0.000,0.000,0,0,4,0,0
PPG,1,96047,3843431552,24,489,507,0.000,0.000,0.000,0,0,0,0,0.00,nan,4,3,1,nan,3,3,24,1,1,15,15,0,0,0,3844636703,0.04102,0.00684,0.95386,0.95476,-0.00638,-0.00081,-0.00087,0.00649,0.95737,0.00905,0.00731,3,16330,0,6320,0.00000,0.00000,0.00000,0,0,nan,0,0,0,16274,187491,0,0,0.000,0.000,0.000,0,0.000,0.000,0.000,0,0,4,0,0
PPG,1,96048,3843471552,26,486,504,0.000,0.000,0.000,0,0,0,0,0.00,nan,4,3,1,nan,3,3,24,1,1,16,16,0,0,0,3844675680,0.03979,0.00928,0.95361,0.95449,-0.00558,-0.00135,-0.00194,0.00606,0.95449,0.00333,0.00654,3,12289,0,6320,0.00000,0.00000,0.00000,0,0,nan,0,0,0,4337,187491,0,0,0.000,0.000,0.000,0,0.000,0.000,0.000,0,0,4,0,0
PPG,1,96049,3843511552,25,500,507,0.000,0.000,0.000,0,0,0,0,0.00,nan,4,3,1,nan,3,3,24,1,1,17,17,0,0,0,3844714538,0.03735,0.00586,0.94995,0.95070,-0.00612,-0.00028,-0.00194,0.00642,0.95747,0.00544,0.00642,3,12248,0,6320,0.00000,0.00000,0.00000,0,0,nan,0,0,0,4333,187491,0,0,0.000,0.000,0.000,0,0.000,0.000,0.000,0,0,4,0,0
PPG,1,96050,3843551552,25,503,505,0.000,0.000,0.000,0,0,0,0,0.00,nan,4,3,1,nan,3,3,24,1,1,18,18,0,0,0,3844753359,0.03882,0.00928,0.94946,0.95030,-0.00585,0.00025,-0.00194,0.00617,0.95448,0.00378,0.00617,3,12240,0,6320,0.00000,0.00000,0.00000,0,0,nan,0,0,0,2624,187491,0,0,0.000,0.000,0.000,0,0.000,0.000,0.000,0,0,4,0,0
PPG,1,96051,3843591552,25,485,503,0.000,0.000,0.000,0,0,0,0,0.00,nan,4,3,1,nan,3,3,24,1,1,19,19,0,0,0,3844794877,0.04248,0.00903,0.95117,0.95216,-0.00638,-0.00001,-0.00141,0.00654,0.95334,0.00303,0.00654,3,12242,0,6320,0.00000,0.00000,0.00000,0,0,nan,0,0,0,4328,187491,0,0,0.000,0.000,0.000,0,0.000,0.000,0.000,0,0,4,0,0
PPG,1,96052,3843631552,25,488,505,0.000,0.000,0.000,0,0,0,0,0.00,nan,4,3,1,nan,3,3,24,1,1,20,20,0,0,0,3844833690,0.03613,0.00879,0.95947,0.96019,-0.00612,-0.00001,-0.00221,0.00650,0.96129,0.00912,0.00650,3,12243,0,6320,0.00000,0.00000,0.00000,0,0,nan,0,0,0,4330,187491,0,0,0.000,0.000,0.000,0,0.000,0.000,0.000,0,0,4,0,0
PPG,1,96053,3843671552,25,493,505,0.000,0.000,0.000,0,0,0,0,0.00,nan,4,3,1,nan,3,3,24,1,1,21,21,0,0,0,3844872517,0.03931,0.00464,0.95386,0.95468,-0.00638,-0.00108,-0.00087,0.00653,0.95638,0.00381,0.00682,3,12241,0,6320,0.00000,0.00000,0.00000,0,0,nan,0,0,0,2601,187491,0,0,0.000,0.000,0.000,0,0.000,0.000,0.000,0,0,4,0,0
PPG,1,96054,3843711552,25,497,515,0.000,0.000,0.000,0,0,0,0,0.00,nan,4,3,1,nan,3,3,24,1,1,22,22,0,0,0,3844951849,0.03784,0.01074,0.95288,0.95369,-0.00558,-0.00055,-0.00194,0.00594,0.95423,0.00054,0.00594,2,62384,0,6325,0.00000,0.00000,0.00000,0,0,nan,0,0,0,57946,187491,0,0,0.000,0.000,0.000,0,0.000,0.000,0.000,0,0,4,0,0
PPG,1,96055,3843751552,25,492,513,0.000,0.000,0.000,0,0,0,0,0.00,nan,4,3,1,nan,3,3,24,1,1,23,23,0,0,0,3844951849,0.03784,0.01074,0.95288,0.95369,-0.00558,-0.00055,-0.00194,0.00594,0.00000,0.00000,0.00000,0,62384,0,6325,0.00000,0.00000,0.00000,0,0,nan,0,0,0,11672,187491,0,0,0.000,0.000,0.000,0,0.000,0.000,0.000,0,0,4,0,0
PPG,1,96056,3843791552,23,499,505,0.000,0.000,0.000,0,0,0,0,0.00,nan,4,3,1,nan,3,3,24,1,1,24,24,0,0,0,3844997838,0.03638,0.00293,0.95264,0.95334,-0.00558,-0.00108,-0.00114,0.00580,0.95457,0.00359,0.00580,3,12134,0,6326,0.00000,0.00000,0.00000,0,0,nan,0,0,0,2586,187491,0,0,0.000,0.000,0.000,0,0.000,0.000,0.000,0,0,4,0,0
PPG,1,96057,3843831552,23,498,503,0.000,0.000,0.000,0,0,0,0,0.00,nan,4,3,1,nan,3,3,24,1,1,25,25,0,0,0,3845036344,0.03735,0.00854,0.95044,0.95121,-0.00692,-0.00055,-0.00034,0.00695,0.95309,0.00188,0.00695,3,12112,0,6326,0.00000,0.00000,0.00000,0,0,nan,0,0,0,2586,187491,0,0,0.000,0.000,0.000,0,0.000,0.000,0.000,0,0,4,0,0
PPG,1,96058,3843871552,26,486,506,0.000,0.000,0.000,0,0,0,0,0.00,nan,4,3,1,nan,3,3,24,1,1,26,26,0,0,0,3845074857,0.03662,0.00610,0.94653,0.94726,-0.00692,-0.00028,-0.00167,0.00712,0.95283,0.00557,0.00734,3,12134,0,6326,0.00000,0.00000,0.00000,0,0,nan,0,0,0,4301,187491,0,0,0.000,0.000,0.000,0,0.000,0.000,0.000,0,0,4,0,0
PPG,1,96059,3843911552,25,486,499,0.000,0.000,0.000,0,0,0,0,0.00,nan,4,3,1,nan,3,3,24,1,1,27,27,0,0,0,3845113398,0.03564,0.00513,0.94800,0.94868,-0.00585,0.00079,-0.00167,0.00614,0.95338,0.00470,0.00635,3,12120,0,6326,0.00000,0.00000,0.00000,0,0,nan,0,0,0,2594,187491,0,0,0.000,0.000,0.000,0,0.000,0.000,0.000,0,0,4,0,0
PPG,1,96060,3843951552,26,491,501,0.000,0.000,0.000,0,0,0,0,0.00,nan,4,3,1,nan,3,3,24,1,1,28,28,0,0,0,3845154498,0.03833,0.00513,0.94922,0.95001,-0.00585,-0.00055,-0.00141,0.00604,0.95280,0.00639,0.00651,3,12108,0,6326,0.00000,0.00000,0.00000,0,0,nan,0,0,0,4295,187491,0,0,0.000,0.000,0.000,0,0.000,0.000,0.000,0,0,4,0,0
PPG,1,96061,3843991552,25,488,500,0.000,0.000,0.000,0,0,0,0,0.00,nan,4,3,1,nan,3,3,24,1,1,29,29,0,0,0,3845193045,0.04028,0.00684,0.94824,0.94912,-0.00612,0.00025,-0.00221,0.00651,0.94912,0.00200,0.00651,3,12151,0,6326,0.00000,0.00000,0.00000,0,0,nan,0,0,0,2601,187491,0,0,0.000,0.000,0.000,0,0.000,0.000,0.000,0,0,4,0,0
PPG,1,96062,3844031552,25,491,513,0.000,0.000,0.000,0,0,0,0,0.00,nan,4,3,1,nan,3,3,24,1,1,30,30,0,0,0,3845234190,0.04004,0.00854,0.94629,0.94717,-0.00479,-0.00028,-0.00141,0.00500,0.95447,0.00658,0.00611,3,12131,0,6326,0.00000,0.00000,0.00000,0,0,nan,0,0,0,4297,187491,0,0,0.000,0.000,0.000,0,0.000,0.000,0.000,0,0,4,0,0
PPG,1,96063,3844071552,25,493,504,0.000,0.000,0.000,0,0,0,0,0.00,nan,4,3,1,nan,3,3,24,1,1,31,31,0,0,0,3845272712,0.03882,0.00562,0.95264,0.95344,-0.00638,-0.00108,-0.00167,0.00669,0.95536,0.00623,0.00669,3,12119,0,6326,0.00000,0.00000,0.00000,0,0,nan,0,0,0,2603,187491,0,0,0.000,0.000,0.000,0,0.000,0.000,0.000,0,0,4,0,0
PPG,1,96064,3844111552,25,492,514,0.000,0.000,0.000,0,0,0,0,0.00,nan,4,3,1,nan,3,3,24,1,1,0,0,0,0,0,3845313835,0.04077,0.00464,0.95264,0.95352,-0.00452,-0.00081,-0.00167,0.00489,0.95563,0.00415,0.00706,3,12128,0,6326,0.00000,0.00000,0.00000,0,0,nan,0,0,0,4303,187491,0,0,0.000,0.000,0.000,0,0.000,0.000,0.000,0,0,4,0,0
PPG,1,96065,3844151552,25,491,506,0.000,0.000,0.000,0,0,0,0,0.00,nan,4,3,1,nan,3,3,24,1,1,1,1,0,0,0,3845352350,0.04028,0.00757,0.95361,0.95449,-0.00505,-0.00135,-0.00141,0.00541,0.95786,0.01096,0.00556,3,12115,0,6326,0.00000,0.00000,0.00000,0,0,nan,0,0,0,2601,187491,0,0,0.000,0.000,0.000,0,0.000,0.000,0.000,0,0,4,0,0
PPG,1,96066,3844191552,29,483,493,0.000,0.000,0.000,0,0,0,0,0.00,nan,4,3,1,nan,3,3,24,1,1,2,2,0,0,0,3845393522,0.03931,0.01025,0.95313,0.95399,-0.00505,0.00025,-0.00141,0.00525,0.95568,0.00285,0.00660,3,12162,0,6326,0.00000,0.00000,0.00000,0,0,nan,0,0,0,2597,187491,0,0,0.000,0.000,0.000,0,0.000,0.000,0.000,0,0,4,0,0
PPG,1,96067,3844231552,25,483,501,0.000,0.000,0.000,0,0,0,0,0.00,nan,4,3,1,nan,3,3,24,1,1,3,3,0,0,0,3845434626,0.04004,0.00781,0.94824,0.94912,-0.00532,0.00025,-0.00194,0.00567,0.95173,0.00261,0.00660,3,12118,0,6326,0.00000,0.00000,0.00000,0,0,nan,0,0,0,4297,187491,0,0,0.000,0.000,0.000,0,0.000,0.000,0.000,0,0,4,0,0
PPG,1,96068,3844271552,26,492,506,0.000,0.000,0.000,0,0,0,0,0.00,nan,4,3,1,nan,3,3,24,1,1,4,4,0,0,0,3845473153,0.03711,0.00684,0.95166,0.95241,-0.00585,-0.00081,-0.00194,0.00622,0.95241,0.00554,0.00622,3,12118,0,6326,0.00000,0.00000,0.00000,0,0,nan,0,0,0,2600,187491,0,0,0.000,0.000,0.000,0,0.000,0.000,0.000,0,0,4,0,0
PPG,1,96069,3844311552,25,502,515,0.000,0.000,0.000,0,0,0,0,0.00,nan,4,3,1,nan,3,3,24,1,1,5,5,0,0,0,3845514300,0.03857,0.00732,0.95410,0.95491,-0.00612,-0.00081,-0.00167,0.00639,0.95491,0.00607,0.00688,3,12118,0,6326,0.00000,0.00000,0.00000,0,0,nan,0,0,0,4306,187491,0,0,0.000,0.000,0.000,0,0.000,0.000,0.000,0,0,4,0,0
PPG,1,96070,3844351552,25,497,516,0.000,0.000,0.000,0,0,0,0,0.00,nan,4,3,1,nan,3,3,24,1,1,6,6,0,0,0,3845552825,0.03979,0.00220,0.95117,0.95201,-0.00505,-0.00161,-0.00167,0.00556,0.95316,0.00456,0.00684,3,12116,0,6326,0.00000,0.00000,0.00000,0,0,nan,0,0,0,2599,187491,0,0,0.000,0.000,0.000,0,0.000,0.000,0.000,0,0,4,0,0
PPG,1,96071,3844391552,26,488,506,0.000,0.000,0.000,0,0,0,0,0.00,nan,4,3,1,nan,3,3,24,1,1,7,7,0,0,0,3845593997,0.03906,0.00562,0.94946,0.95028,-0.00558,-0.00108,-0.00114,0.00580,0.95138,0.00157,0.00618,3,12162,0,6326,0.00000,0.00000,0.00000,0,0,nan,0,0,0,4316,187491,0,0,0.000,0.000,0.000,0,0.000,0.000,0.000,0,0,4,0,0
PPG,1,96072,3844431552,23,487,502,0.000,0.000,0.000,0,0,0,0,0.00,nan,4,3,1,nan,3,3,24,1,1,8,8,0,0,0,3845636635,0.04053,0.00806,0.95313,0.95402,-0.00585,-0.00108,-0.00114,0.00606,0.95690,0.00345,0.00628,3,16213,0,6326,0.00000,0.00000,0.00000,0,0,nan,0,0,0,16152,187491,0,0,0.000,0.000,0.000,0,0.000,0.000,0.000,0,0,4,0,0
PPG,1,96073,3844471552,25,488,500,0.000,0.000,0.000,0,0,0,0,0.00,nan,4,3,1,nan,3,3,24,1,1,9,9,0,0,0,3845675268,0.04077,0.00220,0.95337,0.95424,-0.00612,-0.00055,-0.00114,0.00625,0.95424,0.00860,0.00651,3,12127,0,6326,0.00000,0.00000,0.00000,0,0,nan,0,0,0,4299,187491,0,0,0.000,0.000,0.000,0,0.000,0.000,0.000,0,0,4,0,0
PPG,1,96074,3844511552,25,501,500,0.000,0.000,0.000,0,0,0,0,0.00,nan,4,3,1,nan,3,3,24,1,1,10,10,0,0,0,3845713850,0.03979,0.00610,0.94678,0.94763,-0.00585,-0.00055,-0.00114,0.00599,0.95315,0.00552,0.00599,3,12114,0,6326,0.00000,0.00000,0.00000,0,0,nan,0,0,0,4297,187491,0,0,0.000,0.000,0.000,0,0.000,0.000,0.000,0,0,4,0,0
PPG,1,96075,3844551552,25,499,515,0.000,0.000,0.000,0,0,0,0,0.00,nan,4,3,1,nan,3,3,24,1,1,11,11,0,0,0,3845752370,0.04248,0.00488,0.94482,0.94579,-0.00692,-0.00055,-0.00167,0.00714,0.95619,0.01040,0.00714,3,12120,0,6326,0.00000,0.00000,0.00000,0,0,nan,0,0,0,2596,187491,0,0,0.000,0.000,0.000,0,0.000,0.000,0.000,0,0,4,0,0
PPG,1,96076,3844591552,30,486,519,0.000,0.000,0.000,0,0,0,0,0.00,nan,4,3,1,nan,3,3,24,1,1,12,12,0,0,0,3845793486,0.04004,0.00610,0.94824,0.94911,-0.00505,-0.00135,-0.00114,0.00535,0.95512,0.00933,0.00673,3,12111,0,6326,0.00000,0.00000,0.00000,0,0,nan,0,0,0,2597,187491,0,0,0.000,0.000,0.000,0,0.000,0.000,0.000,0,0,4,0,0
PPG,1,96077,3844631552,25,483,501,0.000,0.000,0.000,0,0,0,0,0.00,nan,4,3,1,nan,3,3,24,1,1,13,13,0,0,0,3845834638,0.03711,0.00903,0.94824,0.94901,-0.00558,-0.00001,-0.00194,0.00591,0.95473,0.00571,0.00602,3,12119,0,6326,0.00000,0.00000,0.00000,0,0,nan,0,0,0,4301,187491,0,0,0.000,0.000,0.000,0,0.000,0.000,0.000,0,0,4,0,0
PPG,1,96078,3844671552,26,494,493,0.000,0.000,0.000,0,0,0,0,0.00,nan,4,3,1,nan,3,3,24,1,1,14,14,0,0,0,3845873203,0.04175,0.00562,0.95435,0.95527,-0.00585,-0.00028,-0.00167,0.00609,0.95692,0.00609,0.00702,3,12124,0,6326,0.00000,0.00000,0.00000,0,0,nan,0,0,0,2601,187491,0,0,0.000,0.000,0.000,0,0.000,0.000,0.000,0,0,4,0,0
PPG,1,96079,3844711552,25,496,511,0.000,0.000,0.000,0,0,0,0,0.00,nan,4,3,1,nan,3,3,24,1,1,15,15,0,0,0,3845914377,0.03638,0.00928,0.95068,0.95142,-0.00505,-0.00055,-0.00141,0.00527,0.95786,0.00814,0.00622,3,12139,0,6326,0.00000,0.00000,0.00000,0,0,nan,0,0,0,4294,187491,0,0,0.000,0.000,0.000,0,0.000,0.000,0.000,0,0,4,0,0
PPG,1,96080,3844751552,25,506,515,0.000,0.000,0.000,0,0,0,0,0.00,nan,4,3,1,nan,3,3,24,1,1,16,16,0,0,0,3845952881,0.03394,0.00635,0.95435,0.95497,-0.00692,-0.00135,-0.00141,0.00719,0.95689,0.01134,0.00719,3,12119,0,6326,0.00000,0.00000,0.00000,0,0,nan,0,0,0,2595,187491,0,0,0.000,0.000,0.000,0,0.000,0.000,0.000,0,0,4,0,0
PPG,1,96081,3844791552,25,496,521,0.000,0.000,0.000,0,0,0,0,0.00,nan,4,3,1,nan,3,3,24,1,1,17,17,0,0,0,3845993979,0.03931,0.00610,0.95801,0.95883,-0.00612,-0.00108,-0.00221,0.00659,0.95883,0.00612,0.00706,3,12118,0,6326,0.00000,0.00000,0.00000,0,0,nan,0,0,0,4294,187491,0,0,0.000,0.000,0.000,0,0.000,0.000,0.000,0,0,4,0,0
PPG,1,96082,3844831552,25,487,502,0.000,0.000,0.000,0,0,0,0,0.00,nan,4,3,1,nan,3,3,24,1,1,18,18,0,0,0,3846032512,0.03931,0.00513,0.94922,0.95005,-0.00505,-0.00028,-0.00167,0.00533,0.95098,0.01173,0.00698,3,12111,0,6326,0.00000,0.00000,0.00000,0,0,nan,0,0,0,2598,187491,0,0,0.000,0.000,0.000,0,0.000,0.000,0.000,0,0,4,0,0
PPG,1,96083,3844871552,25,481,498,0.000,0.000,0.000,0,0,0,0,0.00,nan,4,3,1,nan,3,3,24,1,1,19,19,0,0,0,3846073648,0.03784,0.00684,0.95117,0.95195,-0.00479,-0.00028,-0.00167,0.00508,0.95536,0.01086,0.00586,3,12136,0,6326,0.00000,0.00000,0.00000,0,0,nan,0,0,0,2599,187491,0,0,0.000,0.000,0.000,0,0.000,0.000,0.000,0,0,4,0,0
PPG,1,96084,3844911552,34,490,503,0.000,0.000,0.000,0,0,0,0,0.00,nan,4,3,1,nan,3,3,24,1,1,20,20,0,0,0,3846114911,0.04028,0.00635,0.95850,0.95936,-0.00505,-0.00028,-0.00167,0.00533,0.95936,0.00479,0.00642,3,12257,0,6326,0.00000,0.00000,0.00000,0,0,nan,0,0,0,4342,187491,0,0,0.000,0.000,0.000,0,0.000,0.000,0.000,0,0,4,0,0
PPG,1,96085,3844951552,25,492,510,0.000,0.000,0.000,0,0,0,0,0.00,nan,4,3,1,nan,3,3,24,1,1,21,21,0,0,0,3846153808,0.03882,0.00244,0.94873,0.94953,-0.00479,-0.00028,-0.00167,0.00508,0.94953,0.01080,0.00660,3,12111,0,6326,0.00000,0.00000,0.00000,0,0,nan,0,0,0,2601,187491,0,0,0.000,0.000,0.000,0,0.000,0.000,0.000,0,0,4,0,0
PPG,1,96086,3844991552,26,497,516,0.000,0.000,0.000,0,0,0,0,0.00,nan,4,3,1,nan,3,3,24,1,1,22,22,0,0,0,3846195147,0.03833,0.00757,0.95020,0.95100,-0.00532,-0.00028,-0.00167,0.00558,0.95289,0.00189,0.00609,3,12119,0,6326,0.00000,0.00000,0.00000,0,0,nan,0,0,0,4304,187491,0,0,0.000,0.000,0.000,0,0.000,0.000,0.000,0,0,4,0,0
PPG,1,96087,3845031552,25,484,508,0.000,0.000,0.000,0,0,0,0,0.00,nan,4,3,1,nan,3,3,24,1,1,23,23,0,0,0,3846234023,0.04028,0.00391,0.95703,0.95789,-0.00558,-0.00028,-0.00087,0.00566,0.95789,0.00363,0.00617,3,12220,0,6326,0.00000,0.00000,0.00000,0,0,nan,0,0,0,4350,187491,0,0,0.000,0.000,0.000,0,0.000,0.000,0.000,0,0,4,0,0
PPG,1,96088,3845071552,25,498,505,0.000,0.000,0.000,0,0,0,0,0.00,nan,4,3,1,nan,3,3,24,1,1,24,24,0,0,0,3846272969,0.03564,0.00732,0.94971,0.95040,-0.00558,-0.00108,-0.00300,0.00643,0.95040,0.00812,0.00676,3,12299,0,6326,0.00000,0.00000,0.00000,0,0,nan,0,0,0,2637,187491,0,0,0.000,0.000,0.000,0,0.000,0.000,0.000,0,0,4,0,0
PPG,1,96089,3845111552,26,496,508,0.000,0.000,0.000,0,0,0,0,0.00,nan,4,3,1,nan,3,3,24,1,1,25,25,0,0,0,3846314481,0.03979,0.00488,0.94995,0.95080,-0.00585,-0.00001,-0.00300,0.00658,0.95537,0.00577,0.00658,3,12268,0,6326,0.00000,0.00000,0.00000,0,0,nan,0,0,0,4347,187491,0,0,0.000,0.000,0.000,0,0.000,0.000,0.000,0,0,4,0,0
PPG,1,96090,3845151552,26,497,511,0.000,0.000,0.000,0,0,0,0,0.00,nan,4,3,1,nan,3,3,24,1,1,26,26,0,0,0,3846353373,0.03979,0.00537,0.95557,0.95641,-0.00692,0.00052,-0.00221,0.00728,0.95641,0.00569,0.00728,3,12281,0,6326,0.00000,0.00000,0.00000,0,0,nan,0,0,0,2626,187491,0,0,0.000,0.000,0.000,0,0.000,0.000,0.000,0,0,4,0,0
PPG,1,96091,3845191552,25,495,498,0.000,0.000,0.000,0,0,0,0,0.00,nan,4,3,1,nan,3,3,24,1,1,27,27,0,0,0,3846394828,0.03638,0.00562,0.94873,0.94944,-0.00585,-0.00161,-0.00247,0.00655,0.95615,0.00670,0.00706,3,12200,0,6326,0.00000,0.00000,0.00000,0,0,nan,0,0,0,4348,187491,0,0,0.000,0.000,0.000,0,0.000,0.000,0.000,0,0,4,0,0
PPG,1,96092,3845231552,26,489,497,0.000,0.000,0.000,0,0,0,0,0.00,nan,4,3,1,nan,3,3,24,1,1,28,28,0,0,0,3846433806,0.03784,0.00537,0.95166,0.95243,-0.00638,-0.00108,-0.00087,0.00653,0.95589,0.00541,0.00653,3,12266,0,6326,0.00000,0.00000,0.00000,0,0,nan,0,0,0,2627,187491,0,0,0.000,0.000,0.000,0,0.000,0.000,0.000,0,0,4,0,0
PPG,1,96093,3845271552,25,487,496,0.000,0.000,0.000,0,0,0,0,0.00,nan,4,3,1,nan,3,3,24,1,1,29,29,0,0,0,3846475295,0.03809,0.00659,0.95386,0.95464,-0.00585,-0.00055,-0.00087,0.00594,0.95464,0.00371,0.00615,3,12238,0,6326,0.00000,0.00000,0.00000,0,0,nan,0,0,0,4355,187491,0,0,0.000,0.000,0.000,0,0.000,0.000,0.000,0,0,4,0,0
PPG,1,96094,3845311552,27,486,520,0.000,0.000,0.000,0,0,0,0,0.00,nan,4,3,1,nan,3,3,24,1,1,30,30,0,0,0,3846514188,0.04028,0.00244,0.95068,0.95154,-0.00585,0.00079,-0.00221,0.00630,0.95154,0.01074,0.00673,3,12278,0,6326,0.00000,0.00000,0.00000,0,0,nan,0,0,0,4330,187491,0,0,0.000,0.000,0.000,0,0.000,0.000,0.000,0,0,4,0,0
PPG,1,96095,3845351552,26,493,507,0.000,0.000,0.000,0,0,0,0,0.00,nan,4,3,1,nan,3,3,24,1,1,31,31,0,0,0,3846553040,0.03882,0.00439,0.95361,0.95441,-0.00558,0.00052,-0.00194,0.00593,0.95441,0.00278,0.00669,3,12224,0,6326,0.00000,0.00000,0.00000,0,0,nan,0,0,0,2632,187491,0,0,0.000,0.000,0.000,0,0.000,0.000,0.000,0,0,4,0,0
PPG,1,96096,3845391552,26,494,511,0.000,0.000,0.000,0,0,0,0,0.00,nan,4,3,1,nan,3,3,24,1,1,0,0,0,0,0,3846594497,0.03760,0.00122,0.94873,0.94948,-0.00558,-0.00028,-0.00167,0.00584,0.95262,0.00314,0.00622,3,12236,0,6326,0.00000,0.00000,0.00000,0,0,nan,0,0,0,4329,187491,0,0,0.000,0.000,0.000,0,0.000,0.000,0.000,0,0,4,0,0
PPG,1,96097,3845431552,24,498,497,0.000,0.000,0.000,0,0,0,0,0.00,nan,4,3,1,nan,3,3,24,1,1,1,1,0,0,0,3846637476,0.04102,0.00293,0.94727,0.94816,-0.00585,-0.00161,-0.00167,0.00630,0.95394,0.00680,0.00701,3,16359,0,6326,0.00000,0.00000,0.00000,0,0,nan,0,0,0,16299,187491,0,0,0.000,0.000,0.000,0,0.000,0.000,0.000,0,0,4,0,0
PPG,1,96098,3845471552,26,479,499,0.000,0.000,0.000,0,0,0,0,0.00,nan,4,3,1,nan,3,3,24,1,1,2,2,0,0,0,3846676415,0.03882,0.00684,0.95508,0.95589,-0.00638,-0.00028,-0.00221,0.00676,0.95597,0.00535,0.00676,3,12241,0,6326,0.00000,0.00000,0.00000,0,0,nan,0,0,0,4333,187491,0,0,0.000,0.000,0.000,0,0.000,0.000,0.000,0,0,4,0,0
PPG,1,96099,3845511552,26,487,505,0.000,0.000,0.000,0,0,0,0,0.00,nan,4,3,1,nan,3,3,24,1,1,3,3,0,0,0,3846715247,0.03882,0.00562,0.95679,0.95759,-0.00612,0.00025,-0.00114,0.00623,0.95759,0.00580,0.00668,3,12232,0,6326,0.00000,0.00000,0.00000,0,0,nan,0,0,0,4362,187491,0,0,0.000,0.000,0.000,0,0.000,0.000,0.000,0,0,4,0,0
PPG,1,96100,3845551552,26,490,505,0.000,0.000,0.000,0,0,0,0,0.00,nan,4,3,1,nan,3,3,24,1,1,4,4,0,0,0,3846754110,0.04126,0.00806,0.95142,0.95234,-0.00638,-0.00081,-0.00221,0.00680,0.95325,0.00939,0.00680,3,12237,0,6326,0.00000,0.00000,0.00000,0,0,nan,0,0,0,4339,187491,0,0,0.000,0.000,0.000,0,0.000,0.000,0.000,0,0,4,0,0
PPG,1,96101,3845591552,25,492,510,0.000,0.000,0.000,0,0,0,0,0.00,nan,4,3,1,nan,3,3,24,1,1,5,5,0,0,0,3846792938,0.03833,0.00732,0.95093,0.95173,-0.00638,-0.00001,-0.00221,0.00675,0.95173,0.00113,0.00675,3,12232,0,6326,0.00000,0.00000,0.00000,0,0,nan,0,0,0,2625,187491,0,0,0.000,0.000,0.000,0,0.000,0.000,0.000,0,0,4,0,0
PPG,1,96102,3845631552,25,491,510,0.000,0.000,0.000,0,0,0,0,0.00,nan,4,3,1,nan,3,3,24,1,1,6,6,0,0,0,3846834407,0.03857,0.00464,0.94849,0.94928,-0.00612,0.00025,-0.00141,0.00628,0.95895,0.00722,0.00652,3,12232,0,6326,0.00000,0.00000,0.00000,0,0,nan,0,0,0,4296,187491,0,0,0.000,0.000,0.000,0,0.000,0.000,0.000,0,0,4,0,0
PPG,1,96103,3845671552,25,495,506,0.000,0.000,0.000,0,0,0,0,0.00,nan,4,3,1,nan,3,3,24,1,1,7,7,0,0,0,3846873085,0.04102,0.00610,0.95166,0.95256,-0.00558,-0.00135,-0.00300,0.00648,0.95623,0.00695,0.00695,3,12219,0,6326,0.00000,0.00000,0.00000,0,0,nan,0,0,0,2599,187491,0,0,0.000,0.000,0.000,0,0.000,0.000,0.000,0,0,4,0,0
PPG,1,96104,3845711552,26,498,515,0.000,0.000,0.000,0,0,0,0,0.00,nan,4,3,1,nan,3,3,24,1,1,8,8,0,0,0,3846914251,0.04053,0.00806,0.94922,0.95012,-0.00638,-0.00135,-0.00221,0.00689,0.95806,0.00794,0.00689,3,12127,0,6326,0.00000,0.00000,0.00000,0,0,nan,0,0,0,4296,187491,0,0,0.000,0.000,0.000,0,0.000,0.000,0.000,0,0,4,0,0
PPG,1,96105,3845751552,25,490,504,0.000,0.000,0.000,0,0,0,0,0.00,nan,4,3,1,nan,3,3,24,1,1,9,9,0,0,0,3846952910,0.03516,0.00464,0.95264,0.95330,-0.00532,-0.00028,-0.00114,0.00545,0.95884,0.01045,0.00651,3,12173,0,6326,0.00000,0.00000,0.00000,0,0,nan,0,0,0,2610,187491,0,0,0.000,0.000,0.000,0,0.000,0.000,0.000,0,0,4,0,0
PPG,1,96106,3845791552,25,495,509,0.000,0.000,0.000,0,0,0,0,0.00,nan,4,3,1,nan,3,3,24,1,1,10,10,0,0,0,3846994032,0.04053,0.00806,0.95410,0.95500,-0.00612,-0.00028,-0.00247,0.00660,0.95500,0.00325,0.00660,3,12115,0,6326,0.00000,0.00000,0.00000,0,0,nan,0,0,0,2600,187491,0,0,0.000,0.000,0.000,0,0.000,0.000,0.000,0,0,4,0,0
PPG,1,96107,3845831552,25,495,508,0.000,0.000,0.000,0,0,0,0,0.00,nan,4,3,1,nan,3,3,24,1,1,11,11,0,0,0,3847035218,0.03979,0.00391,0.95313,0.95396,-0.00638,-0.00028,-0.00141,0.00654,0.95396,0.00755,0.00672,3,12196,0,6326,0.00000,0.00000,0.00000,0,0,nan,0,0,0,4299,187491,0,0,0.000,0.000,0.000,0,0.000,0.000,0.000,0,0,4,0,0
PPG,1,96108,3845871552,25,502,517,0.000,0.000,0.000,0,0,0,0,0.00,nan,4,3,1,nan,3,3,24,1,1,12,12,0,0,0,3847073745,0.04077,0.00171,0.94507,0.94595,-0.00532,-0.00081,-0.00087,0.00545,0.95324,0.00729,0.00637,3,12133,0,6326,0.00000,0.00000,0.00000,0,0,nan,0,0,0,2603,187491,0,0,0.000,0.000,0.000,0,0.000,0.000,0.000,0,0,4,0,0
PPG,1,96109,3845911552,25,492,504,0.000,0.000,0.000,0,0,0,0,0.00,nan,4,3,1,nan,3,3,24,1,1,13,13,0,0,0,3847114857,0.03760,0.00586,0.95215,0.95291,-0.00479,-0.00001,-0.00221,0.00527,0.95420,0.00477,0.00650,3,12116,0,6326,0.00000,0.00000,0.00000,0,0,nan,0,0,0,4301,187491,0,0,0.000,0.000,0.000,0,0.000,0.000,0.000,0,0,4,0,0
PPG,1,96110,3845951552,25,479,491,0.000,0.000,0.000,0,0,0,0,0.00,nan,4,3,1,nan,3,3,24,1,1,14,14,0,0,0,3847153426,0.03882,0.00537,0.94995,0.95076,-0.00585,-0.00001,-0.00247,0.00635,0.95609,0.00679,0.00635,3,12136,0,6326,0.00000,0.00000,0.00000,0,0,nan,0,0,0,2598,187491,0,0,0.000,0.000,0.000,0,0.000,0.000,0.000,0,0,4,0,0
PPG,1,96111,3845991552,25,487,508,0.000,0.000,0.000,0,0,0,0,0.00,nan,4,3,1,nan,3,3,24,1,1,15,15,0,0,0,3847194527,0.03979,0.00195,0.94507,0.94591,-0.00532,-0.00055,-0.00221,0.00578,0.95065,0.00284,0.00647,3,12104,0,6326,0.00000,0.00000,0.00000,0,0,nan,0,0,0,4294,187491,0,0,0.000,0.000,0.000,0,0.000,0.000,0.000,0,0,4,0,0
PPG,1,96112,3846031552,26,481,506,0.000,0.000,0.000,0,0,0,0,0.00,nan,4,3,1,nan,3,3,24,1,1,16,16,0,0,0,3847233052,0.03687,0.00586,0.95142,0.95215,-0.00558,-0.00055,-0.00247,0.00613,0.95450,0.01261,0.00648,3,12135,0,6326,0.00000,0.00000,0.00000,0,0,nan,0,0,0,2621,187491,0,0,0.000,0.000,0.000,0,0.000,0.000,0.000,0,0,4,0,0
PPG,1,96113,3846071552,26,485,517,0.000,0.000,0.000,0,0,0,0,0.00,nan,4,3,1,nan,3,3,24,1,1,17,17,0,0,0,3847274238,0.03955,0.00488,0.95117,0.95201,-0.00558,-0.00055,-0.00300,0.00637,0.95201,0.00365,0.00637,3,12122,0,6326,0.00000,0.00000,0.00000,0,0,nan,0,0,0,4294,187491,0,0,0.000,0.000,0.000,0,0.000,0.000,0.000,0,0,4,0,0
PPG,1,96114,3846111552,25,502,517,0.000,0.000,0.000,0,0,0,0,0.00,nan,4,3,1,nan,3,3,24,1,1,18,18,0,0,0,3847312745,0.03418,0.00830,0.95728,0.95792,-0.00665,-0.00001,-0.00087,0.00671,0.95792,0.00884,0.00671,3,12127,0,6326,0.00000,0.00000,0.00000,0,0,nan,0,0,0,2601,187491,0,0,0.000,0.000,0.000,0,0.000,0.000,0.000,0,0,4,0,0
PPG,1,96115,3846151552,25,487,512,0.000,0.000,0.000,0,0,0,0,0.00,nan,4,3,1,nan,3,3,24,1,1,19,19,0,0,0,3847353917,0.03857,0.00513,0.94751,0.94831,-0.00585,-0.00028,-0.00221,0.00626,0.95440,0.00862,0.00626,3,12126,0,6326,0.00000,0.00000,0.00000,0,0,nan,0,0,0,2595,187491,0,0,0.000,0.000,0.000,0,0.000,0.000,0.000,0,0,4,0,0
PPG,1,96116,3846191552,25,476,495,0.000,0.000,0.000,0,0,0,0,0.00,nan,4,3,1,nan,3,3,24,1,1,20,20,0,0,0,3847395060,0.04321,0.00684,0.95313,0.95413,-0.00532,-0.00001,-0.00221,0.00576,0.95413,0.00618,0.00611,3,12132,0,6326,0.00000,0.00000,0.00000,0,0,nan,0,0,0,4311,187491,0,0,0.000,0.000,0.000,0,0.000,0.000,0.000,0,0,4,0,0
PPG,1,96117,3846231552,25,494,503,0.000,0.000,0.000,0,0,0,0,0.00,nan,4,3,1,nan,3,3,24,1,1,21,21,0,0,0,3847433586,0.03491,0.00366,0.94946,0.95011,-0.00692,-0.00055,-0.00087,0.00699,0.95092,0.00321,0.00699,3,12133,0,6326,0.00000,0.00000,0.00000,0,0,nan,0,0,0,2604,187491,0,0,0.000,0.000,0.000,0,0.000,0.000,0.000,0,0,4,0,0
PPG,1,96118,3846271552,25,500,503,0.000,0.000,0.000,0,0,0,0,0.00,nan,4,3,1,nan,3,3,24,1,1,22,22,0,0,0,3847474743,0.03809,0.00854,0.95435,0.95514,-0.00558,-0.00108,-0.00167,0.00593,0.95514,0.00896,0.00647,3,12118,0,6326,0.00000,0.00000,0.00000,0,0,nan,0,0,0,4297,187491,0,0,0.000,0.000,0.000,0,0.000,0.000,0.000,0,0,4,0,0
PPG,1,96119,3846311552,25,501,516,0.000,0.000,0.000,0,0,0,0,0.00,nan,4,3,1,nan,3,3,24,1,1,23,23,0,0,0,3847513259,0.03418,0.00806,0.95239,0.95304,-0.00612,-0.00055,-0.00247,0.00662,0.95445,0.00097,0.00662,3,12123,0,6326,0.00000,0.00000,0.00000,0,0,nan,0,0,0,2597,187491,0,0,0.000,0.000,0.000,0,0.000,0.000,0.000,0,0,4,0,0
PPG,1,96120,3846351552,25,496,515,0.000,0.000,0.000,0,0,0,0,0.00,nan,4,3,1,nan,3,3,24,1,1,24,24,0,0,0,3847554409,0.03857,0.00244,0.95166,0.95244,-0.00479,0.00025,-0.00141,0.00499,0.95582,0.00955,0.00622,3,12125,0,6326,0.00000,0.00000,0.00000,0,0,nan,0,0,0,4297,187491,0,0,0.000,0.000,0.000,0,0.000,0.000,0.000,0,0,4,0,0
PPG,1,96121,3846391552,26,481,504,0.000,0.000,0.000,0,0,0,0,0.00,nan,4,3,1,nan,3,3,24,1,1,25,25,0,0,0,3847592933,0.03833,0.00513,0.94189,0.94269,-0.00612,-0.00001,-0.00221,0.00650,0.95460,0.00874,0.00650,3,12127,0,6326,0.00000,0.00000,0.00000,0,0,nan,0,0,0,2595,187491,0,0,0.000,0.000,0.000,0,0.000,0.000,0.000,0,0,4,0,0
PPG,1,96122,3846431552,24,483,500,0.000,0.000,0.000,0,0,0,0,0.00,nan,4,3,1,nan,3,3,24,1,1,26,26,0,0,0,3847638175,0.03931,0.00439,0.94507,0.94590,-0.00558,0.00025,-0.00167,0.00583,0.95093,0.00738,0.00617,3,16242,0,6326,0.00000,0.00000,0.00000,0,0,nan,0,0,0,16166,187491,0,0,0.000,0.000,0.000,0,0.000,0.000,0.000,0,0,4,0,0
PPG,1,96123,3846471552,23,493,503,0.000,0.000,0.000,0,0,0,0,0.00,nan,4,3,1,nan,3,3,24,1,1,27,27,0,0,0,3847677241,0.03882,0.00439,0.95142,0.95222,-0.00505,-0.00055,-0.00247,0.00565,0.95351,0.00759,0.00565,3,12256,0,6326,0.00000,0.00000,0.00000,0,0,nan,0,0,0,2589,187491,0,0,0.000,0.000,0.000,0,0.000,0.000,0.000,0,0,4,0,0
PPG,1,96124,3846511552,25,497,501,0.000,0.000,0.000,0,0,0,0,0.00,nan,4,3,1,nan,3,3,24,1,1,28,28,0,0,0,3847715785,0.04102,0.00732,0.94556,0.94647,-0.00612,-0.00055,-0.00141,0.00630,0.95685,0.01037,0.00634,3,12121,0,6326,0.00000,0.00000,0.00000,0,0,nan,0,0,0,4308,187491,0,0,0.000,0.000,0.000,0,0.000,0.000,0.000,0,0,4,0,0
PPG,1,96125,3846551552,26,488,507,0.000,0.000,0.000,0,0,0,0,0.00,nan,4,3,1,nan,3,3,24,1,1,29,29,0,0,0,3847754333,0.04053,0.00952,0.95264,0.95355,-0.00505,-0.00135,-0.00247,0.00578,0.95588,0.00892,0.00677,3,12133,0,6326,0.00000,0.00000,0.00000,0,0,nan,0,0,0,4324,187491,0,0,0.000,0.000,0.000,0,0.000,0.000,0.000,0,0,4,0,0
PPG,1,96126,3846591552,25,508,518,0.000,0.000,0.000,0,0,0,0,0.00,nan,4,3,1,nan,3,3,24,1,1,30,30,0,0,0,3847793042,0.04077,0.00708,0.95166,0.95256,-0.00638,-0.00028,-0.00274,0.00695,0.95372,0.00213,0.00695,3,12115,0,6326,0.00000,0.00000,0.00000,0,0,nan,0,0,0,2604,187491,0,0,0.000,0.000,0.000,0,0.000,0.000,0.000,0,0,4,0,0
PPG,1,96127,3846631552,26,489,500,0.000,0.000,0.000,0,0,0,0,0.00,nan,4,3,1,nan,3,3,24,1,1,31,31,0,0,0,3847834337,0.03589,0.00708,0.95508,0.95578,-0.00532,-0.00055,-0.00221,0.00578,0.95578,0.00442,0.00578,3,12129,0,6326,0.00000,0.00000,0.00000,0,0,nan,0,0,0,2603,187491,0,0,0.000,0.000,0.000,0,0.000,0.000,0.000,0,0,4,0,0
PPG,1,96128,3846671552,25,502,511,0.000,0.000,0.000,0,0,0,0,0.00,nan,4,3,1,nan,3,3,24,1,1,0,0,0,0,0,3847875844,0.03955,0.00659,0.95386,0.95470,-0.00425,0.00025,-0.00247,0.00492,0.96015,0.00813,0.00572,3,12226,0,6326,0.00000,0.00000,0.00000,0,0,nan,0,0,0,4346,187491,0,0,0.000,0.000,0.000,0,0.000,0.000,0.000,0,0,4,0,0
PPG,1,96129,3846711552,26,495,507,0.000,0.000,0.000,0,0,0,0,0.00,nan,4,3,1,nan,3,3,24,1,1,1,1,0,0,0,3847914741,0.03906,0.00610,0.94971,0.95053,-0.00665,-0.00055,-0.00167,0.00688,0.95053,0.01027,0.00688,3,12283,0,6326,0.00000,0.00000,0.00000,0,0,nan,0,0,0,4333,187491,0,0,0.000,0.000,0.000,0,0.000,0.000,0.000,0,0,4,0,0
PPG,1,96130,3846751552,25,484,507,0.000,0.000,0.000,0,0,0,0,0.00,nan,4,3,1,nan,3,3,24,1,1,2,2,0,0,0,3847953629,0.03760,0.00439,0.95020,0.95095,-0.00718,-0.00055,-0.00221,0.00753,0.95716,0.00663,0.00753,3,12267,0,6326,0.00000,0.00000,0.00000,0,0,nan,0,0,0,2628,187491,0,0,0.000,0.000,0.000,0,0.000,0.000,0.000,0,0,4,0,0
PPG,1,96131,3846791552,31,491,501,0.000,0.000,0.000,0,0,0,0,0.00,nan,4,3,1,nan,3,3,24,1,1,3,3,0,0,0,3847995151,0.03784,0.00391,0.95093,0.95169,-0.00558,-0.00028,-0.00141,0.00577,0.95418,0.00323,0.00577,3,12257,0,6326,0.00000,0.00000,0.00000,0,0,nan,0,0,0,4335,187491,0,0,0.000,0.000,0.000,0,0.000,0.000,0.000,0,0,4,0,0
PPG,1,96132,3846831552,25,487,511,0.000,0.000,0.000,0,0,0,0,0.00,nan,4,3,1,nan,3,3,24,1,1,4,4,0,0,0,3848033998,0.04028,0.00732,0.95117,0.95205,-0.00532,-0.00108,-0.00221,0.00586,0.95644,0.00475,0.00598,3,12209,0,6326,0.00000,0.00000,0.00000,0,0,nan,0,0,0,2634,187491,0,0,0.000,0.000,0.000,0,0.000,0.000,0.000,0,0,4,0,0
PPG,1,96133,3846871552,26,484,507,0.000,0.000,0.000,0,0,0,0,0.00,nan,4,3,1,nan,3,3,24,1,1,5,5,0,0,0,3848075579,0.03833,0.00659,0.94751,0.94831,-0.00532,0.00052,-0.00167,0.00560,0.95003,0.00304,0.00576,3,12272,0,6326,0.00000,0.00000,0.00000,0,0,nan,0,0,0,4341,187491,0,0,0.000,0.000,0.000,0,0.000,0.000,0.000,0,0,4,0,0
PPG,1,96134,3846911552,25,489,510,0.000,0.000,0.000,0,0,0,0,0.00,nan,4,3,1,nan,3,3,24,1,1,6,6,0,0,0,3848114434,0.03882,0.00806,0.95239,0.95322,-0.00665,-0.00028,-0.00141,0.00680,0.95374,0.00485,0.00708,3,12218,0,6326,0.00000,0.00000,0.00000,0,0,nan,0,0,0,4345,187491,0,0,0.000,0.000,0.000,0,0.000,0.000,0.000,0,0,4,0,0
PPG,1,96135,3846951552,27,492,513,0.000,0.000,0.000,0,0,0,0,0.00,nan,4,3,1,nan,3,3,24,1,1,7,7,0,0,0,3848153305,0.03882,0.00757,0.95239,0.95321,-0.00479,-0.00055,-0.00247,0.00541,0.95492,0.00484,0.00656,3,12257,0,6326,0.00000,0.00000,0.00000,0,0,nan,0,0,0,2647,187491,0,0,0.000,0.000,0.000,0,0.000,0.000,0.000,0,0,4,0,0
PPG,1,96136,3846991552,26,493,507,0.000,0.000,0.000,0,0,0,0,0.00,nan,4,3,1,nan,3,3,24,1,1,8,8,0,0,0,3848194842,0.03955,0.00830,0.95874,0.95959,-0.00718,-0.00001,-0.00194,0.00744,0.95959,0.01191,0.00744,3,12216,0,6326,0.00000,0.00000,0.00000,0,0,nan,0,0,0,4336,187491,0,0,0.000,0.000,0.000,0,0.000,0.000,0.000,0,0,4,0,0
PPG,1,96137,3847031552,25,492,507,0.000,0.000,0.000,0,0,0,0,0.00,nan,4,3,1,nan,3,3,24,1,1,9,9,0,0,0,3848233660,0.03711,0.00781,0.95166,0.95242,-0.00585,-0.00001,-0.00300,0.00658,0.95299,0.00660,0.00707,3,12232,0,6326,0.00000,0.00000,0.00000,0,0,nan,0,0,0,2646,187491,0,0,0.000,0.000,0.000,0,0.000,0.000,0.000,0,0,4,0,0
PPG,1,96138,3847071552,25,496,508,0.000,0.000,0.000,0,0,0,0,0.00,nan,4,3,1,nan,3,3,24,1,1,10,10,0,0,0,3848275173,0.03955,0.00708,0.94312,0.94397,-0.00612,-0.00001,-0.00087,0.00618,0.95500,0.01224,0.00627,3,12231,0,6326,0.00000,0.00000,0.00000,0,0,nan,0,0,0,4329,187491,0,0,0.000,0.000,0.000,0,0.000,0.000,0.000,0,0,4,0,0
PPG,1,96139,3847111552,25,494,508,0.000,0.000,0.000,0,0,0,0,0.00,nan,4,3,1,nan,3,3,24,1,1,11,11,0,0,0,3848314016,0.03564,0.00586,0.95410,0.95479,-0.00558,-0.00081,-0.00167,0.00589,0.95479,0.00968,0.00664,3,12258,0,6326,0.00000,0.00000,0.00000,0,0,nan,0,0,0,2630,187491,0,0,0.000,0.000,0.000,0,0.000,0.000,0.000,0,0,4,0,0
PPG,1,96140,3847151552,25,495,509,0.000,0.000,0.000,0,0,0,0,0.00,nan,4,3,1,nan,3,3,24,1,1,12,12,0,0,0,3848355488,0.03882,0.00732,0.95190,0.95272,-0.00532,-0.00028,-0.00167,0.00558,0.95272,0.01424,0.00578,3,12228,0,6326,0.00000,0.00000,0.00000,0,0,nan,0,0,0,4325,187491,0,0,0.000,0.000,0.000,0,0.000,0.000,0.000,0,0,4,0,0
PPG,1,96141,3847191552,27,497,505,0.000,0.000,0.000,0,0,0,0,0.00,nan,4,3,1,nan,3,3,24,1,1,13,13,0,0,0,3848394316,0.04102,0.00659,0.95508,0.95598,-0.00558,-0.00028,-0.00114,0.00571,0.95598,0.00232,0.00651,3,12234,0,6326,0.00000,0.00000,0.00000,0,0,nan,0,0,0,2634,187491,0,0,0.000,0.000,0.000,0,0.000,0.000,0.000,0,0,4,0,0
PPG,1,96142,3847231552,25,489,509,0.000,0.000,0.000,0,0,0,0,0.00,nan,4,3,1,nan,3,3,24,1,1,14,14,0,0,0,3848435804,0.03638,0.00854,0.95459,0.95532,-0.00558,-0.00081,-0.00167,0.00589,0.95532,0.00934,0.00678,3,12240,0,6326,0.00000,0.00000,0.00000,0,0,nan,0,0,0,4340,187491,0,0,0.000,0.000,0.000,0,0.000,0.000,0.000,0,0,4,0,0
PPG,1,96143,3847271552,25,495,511,0.000,0.000,0.000,0,0,0,0,0.00,nan,4,3,1,nan,3,3,24,1,1,15,15,0,0,0,3848474628,0.04126,0.00391,0.94800,0.94890,-0.00532,-0.00135,-0.00194,0.00582,0.95679,0.00788,0.00582,3,12214,0,6326,0.00000,0.00000,0.00000,0,0,nan,0,0,0,4307,187491,0,0,0.000,0.000,0.000,0,0.000,0.000,0.000,0,0,4,0,0
PPG,1,96144,3847311552,25,487,510,0.000,0.000,0.000,0,0,0,0,0.00,nan,4,3,1,nan,3,3,24,1,1,16,16,0,0,0,3848513359,0.03809,0.00464,0.95190,0.95268,-0.00558,-0.00108,-0.00141,0.00586,0.95806,0.00538,0.00611,3,12242,0,6326,0.00000,0.00000,0.00000,0,0,nan,0,0,0,2594,187491,0,0,0.000,0.000,0.000,0,0.000,0.000,0.000,0,0,4,0,0
PPG,1,96145,3847351552,26,496,502,0.000,0.000,0.000,0,0,0,0,0.00,nan,4,3,1,nan,3,3,24,1,1,17,17,0,0,0,3848554618,0.04053,0.00781,0.94995,0.95085,-0.00558,-0.00188,-0.00167,0.00612,0.95459,0.00234,0.00629,3,12187,0,6326,0.00000,0.00000,0.00000,0,0,nan,0,0,0,4295,187491,0,0,0.000,0.000,0.000,0,0.000,0.000,0.000,0,0,4,0,0
PPG,1,96146,3847391552,26,494,510,0.000,0.000,0.000,0,0,0,0,0.00,nan,4,3,1,nan,3,3,24,1,1,18,18,0,0,0,3848593116,0.04272,0.00464,0.95361,0.95458,-0.00532,-0.00055,-0.00167,0.00560,0.95579,0.00494,0.00673,3,12114,0,6326,0.00000,0.00000,0.00000,0,0,nan,0,0,0,2595,187491,0,0,0.000,0.000,0.000,0,0.000,0.000,0.000,0,0,4,0,0
PPG,1,96147,3847431552,24,488,507,0.000,0.000,0.000,0,0,0,0,0.00,nan,4,3,1,nan,3,3,24,1,1,19,19,0,0,0,3848638395,0.04297,0.00635,0.95264,0.95363,-0.00612,-0.00028,-0.00167,0.00635,0.95363,0.00432,0.00639,3,16223,0,6326,0.00000,0.00000,0.00000,0,0,nan,0,0,0,16163,187491,0,0,0.000,0.000,0.000,0,0.000,0.000,0.000,0,0,4,0,0
PPG,1,96148,3847471552,26,487,505,0.000,0.000,0.000,0,0,0,0,0.00,nan,4,3,1,nan,3,3,24,1,1,20,20,0,0,0,3848677053,0.03955,0.00562,0.95044,0.95128,-0.00612,0.00025,-0.00167,0.00635,0.95312,0.00287,0.00644,3,12150,0,6326,0.00000,0.00000,0.00000,0,0,nan,0,0,0,4307,187491,0,0,0.000,0.000,0.000,0,0.000,0.000,0.000,0,0,4,0,0
PPG,1,96149,3847511552,25,487,511,0.000,0.000,0.000,0,0,0,0,0.00,nan,4,3,1,nan,3,3,24,1,1,21,21,0,0,0,3848715575,0.03735,0.00562,0.95337,0.95412,-0.00585,-0.00001,-0.00061,0.00588,0.95412,0.00378,0.00694,3,12127,0,6326,0.00000,0.00000,0.00000,0,0,nan,0,0,0,4299,187491,0,0,0.000,0.000,0.000,0,0.000,0.000,0.000,0,0,4,0,0
PPG,1,96150,3847551552,25,507,509,0.000,0.000,0.000,0,0,0,0,0.00,nan,4,3,1,nan,3,3,24,1,1,22,22,0,0,0,3848754092,0.03931,0.00391,0.95068,0.95150,-0.00612,-0.00001,-0.00194,0.00642,0.95348,0.01282,0.00712,3,12124,0,6326,0.00000,0.00000,0.00000,0,0,nan,0,0,0,2600,187491,0,0,0.000,0.000,0.000,0,0.000,0.000,0.000,0,0,4,0,0
PPG,1,96151,3847591552,25,503,525,0.000,0.000,0.000,0,0,0,0,0.00,nan,4,3,1,nan,3,3,24,1,1,23,23,0,0,0,3848795226,0.03979,0.00781,0.95190,0.95277,-0.00532,-0.00055,-0.00167,0.00560,0.95659,0.00382,0.00647,3,12115,0,6326,0.00000,0.00000,0.00000,0,0,nan,0,0,0,4307,187491,0,0,0.000,0.000,0.000,0,0.000,0.000,0.000,0,0,4,0,0
PPG,1,96152,3847631552,25,488,513,0.000,0.000,0.000,0,0,0,0,0.00,nan,4,3,1,nan,3,3,24,1,1,24,24,0,0,0,3848833746,0.03931,0.00610,0.94897,0.94981,-0.00585,-0.00028,-0.00087,0.00592,0.95506,0.00525,0.00611,3,12121,0,6326,0.00000,0.00000,0.00000,0,0,nan,0,0,0,2601,187491,0,0,0.000,0.000,0.000,0,0.000,0.000,0.000,0,0,4,0,0
PPG,1,96153,3847671552,25,480,501,0.000,0.000,0.000,0,0,0,0,0.00,nan,4,3,1,nan,3,3,24,1,1,25,25,0,0,0,3848874905,0.03662,0.00586,0.95117,0.95189,-0.00558,-0.00001,-0.00167,0.00583,0.95189,0.00181,0.00583,3,12159,0,6326,0.00000,0.00000,0.00000,0,0,nan,0,0,0,4310,187491,0,0,0.000,0.000,0.000,0,0.000,0.000,0.000,0,0,4,0,0
PPG,1,96154,3847711552,25,488,503,0.000,0.000,0.000,0,0,0,0,0.00,nan,4,3,1,nan,3,3,24,1,1,26,26,0,0,0,3848913459,0.03979,0.00903,0.95313,0.95400,-0.00638,-0.00108,-0.00327,0.00725,0.95400,0.00741,0.00725,3,12123,0,6326,0.00000,0.00000,0.00000,0,0,nan,0,0,0,2601,187491,0,0,0.000,0.000,0.000,0,0.000,0.000,0.000,0,0,4,0,0
PPG,1,96155,3847751552,25,490,500,0.000,0.000,0.000,0,0,0,0,0.00,nan,4,3,1,nan,3,3,24,1,1,27,27,0,0,0,3848954593,0.03979,0.00366,0.95239,0.95323,-0.00558,-0.00028,-0.00194,0.00592,0.95380,0.00682,0.00660,3,12125,0,6326,0.00000,0.00000,0.00000,0,0,nan,0,0,0,2597,187491,0,0,0.000,0.000,0.000,0,0.000,0.000,0.000,0,0,4,0,0
PPG,1,96156,3847791552,29,496,511,0.000,0.000,0.000,0,0,0,0,0.00,nan,4,3,1,nan,3,3,24,1,1,28,28,0,0,0,3848996018,0.03760,0.00488,0.94775,0.94851,-0.00585,-0.00055,-0.00141,0.00604,0.94886,0.00445,0.00604,3,12258,0,6326,0.00000,0.00000,0.00000,0,0,nan,0,0,0,4336,187491,0,0,0.000,0.000,0.000,0,0.000,0.000,0.000,0,0,4,0,0
PPG,1,96157,3847831552,25,495,507,0.000,0.000,0.000,0,0,0,0,0.00,nan,4,3,1,nan,3,3,24,1,1,29,29,0,0,0,3849034666,0.03711,0.00635,0.95020,0.95094,-0.00585,-0.00055,-0.00167,0.00611,0.95281,0.00430,0.00691,3,12156,0,6326,0.00000,0.00000,0.00000,0,0,nan,0,0,0,2604,187491,0,0,0.000,0.000,0.000,0,0.000,0.000,0.000,0,0,4,0,0
PPG,1,96158,3847871552,25,500,507,0.000,0.000,0.000,0,0,0,0,0.00,nan,4,3,1,nan,3,3,24,1,1,30,30,0,0,0,3849075844,0.03809,0.00977,0.94995,0.95076,-0.00558,-0.00028,-0.00061,0.00562,0.95242,0.00148,0.00643,3,12179,0,6326,0.00000,0.00000,0.00000,0,0,nan,0,0,0,4348,187491,0,0,0.000,0.000,0.000,0,0.000,0.000,0.000,0,0,4,0,0
PPG,1,96159,3847911552,25,492,514,0.000,0.000,0.000,0,0,0,0,0.00,nan,4,3,1,nan,3,3,24,1,1,31,31,0,0,0,3849114489,0.03931,0.00610,0.95142,0.95225,-0.00692,-0.00028,-0.00141,0.00706,0.95225,0.00270,0.00706,3,12198,0,6326,0.00000,0.00000,0.00000,0,0,nan,0,0,0,2601,187491,0,0,0.000,0.000,0.000,0,0.000,0.000,0.000,0,0,4,0,0
PPG,1,96160,3847951552,25,498,512,0.000,0.000,0.000,0,0,0,0,0.00,nan,4,3,1,nan,3,3,24,1,1,0,0,0,0,0,3849155755,0.04077,0.00537,0.95410,0.95499,-0.00452,-0.00001,-0.00141,0.00473,0.95499,0.00673,0.00599,3,12145,0,6326,0.00000,0.00000,0.00000,0,0,nan,0,0,0,4306,187491,0,0,0.000,0.000,0.000,0,0.000,0.000,0.000,0,0,4,0,0
PPG,1,96161,3847991552,26,496,510,0.000,0.000,0.000,0,0,0,0,0.00,nan,4,3,1,nan,3,3,24,1,1,1,1,0,0,0,3849194590,0.04077,0.00391,0.95044,0.95132,-0.00505,0.00079,-0.00167,0.00538,0.95736,0.00604,0.00680,3,12274,0,6326,0.00000,0.00000,0.00000,0,0,nan,0,0,0,2649,187491,0,0,0.000,0.000,0.000,0,0.000,0.000,0.000,0,0,4,0,0
PPG,1,96162,3848031552,26,495,523,0.000,0.000,0.000,0,0,0,0,0.00,nan,4,3,1,nan,3,3,24,1,1,2,2,0,0,0,3849236151,0.03833,0.00562,0.94946,0.95025,-0.00692,-0.00081,-0.00167,0.00716,0.95400,0.00375,0.00716,3,12294,0,6326,0.00000,0.00000,0.00000,0,0,nan,0,0,0,4347,187491,0,0,0.000,0.000,0.000,0,0.000,0.000,0.000,0,0,4,0,0
PPG,1,96163,3848071552,25,493,505,0.000,0.000,0.000,0,0,0,0,0.00,nan,4,3,1,nan,3,3,24,1,1,3,3,0,0,0,3849275004,0.03613,0.00659,0.94873,0.94944,-0.00558,0.00025,-0.00034,0.00560,0.95486,0.00730,0.00602,3,12215,0,6326,0.00000,0.00000,0.00000,0,0,nan,0,0,0,4351,187491,0,0,0.000,0.000,0.000,0,0.000,0.000,0.000,0,0,4,0,0
PPG,1,96164,3848111552,28,491,503,0.000,0.000,0.000,0,0,0,0,0.00,nan,4,3,1,nan,3,3,24,1,1,4,4,0,0,0,3849313896,0.04028,0.00220,0.95410,0.95495,-0.00532,-0.00108,-0.00194,0.00576,0.95495,0.00636,0.00607,3,12257,0,6326,0.00000,0.00000,0.00000,0,0,nan,0,0,0,2636,187491,0,0,0.000,0.000,0.000,0,0.000,0.000,0.000,0,0,4,0,0
PPG,1,96165,3848151552,25,497,501,0.000,0.000,0.000,0,0,0,0,0.00,nan,4,3,1,nan,3,3,24,1,1,5,5,0,0,0,3849355408,0.03955,0.00830,0.95239,0.95325,-0.00585,0.00025,-0.00194,0.00617,0.95384,0.00862,0.00629,3,12229,0,6326,0.00000,0.00000,0.00000,0,0,nan,0,0,0,4315,187491,0,0,0.000,0.000,0.000,0,0.000,0.000,0.000,0,0,4,0,0
PPG,1,96166,3848191552,26,499,511,0.000,0.000,0.000,0,0,0,0,0.00,nan,4,3,1,nan,3,3,24,1,1,6,6,0,0,0,3849394325,0.03906,0.00464,0.95142,0.95223,-0.00612,-0.00055,-0.00274,0.00672,0.95223,0.00218,0.00688,3,12278,0,6326,0.00000,0.00000,0.00000,0,0,nan,0,0,0,2627,187491,0,0,0.000,0.000,0.000,0,0.000,0.000,0.000,0,0,4,0,0
PPG,1,96167,3848231552,28,495,508,0.000,0.000,0.000,0,0,0,0,0.00,nan,4,3,1,nan,3,3,24,1,1,7,7,0,0,0,3849435778,0.04126,0.00317,0.95435,0.95524,-0.00505,-0.00055,-0.00141,0.00527,0.95604,0.01100,0.00683,3,12207,0,6326,0.00000,0.00000,0.00000,0,0,nan,0,0,0,4353,187491,0,0,0.000,0.000,0.000,0,0.000,0.000,0.000,0,0,4,0,0
PPG,1,96168,3848271552,25,495,507,0.000,0.000,0.000,0,0,0,0,0.00,nan,4,3,1,nan,3,3,24,1,1,8,8,0,0,0,3849474694,0.03540,0.00610,0.95239,0.95307,-0.00692,-0.00081,-0.00167,0.00716,0.95597,0.00290,0.00716,3,12243,0,6326,0.00000,0.00000,0.00000,0,0,nan,0,0,0,2647,187491,0,0,0.000,0.000,0.000,0,0.000,0.000,0.000,0,0,4,0,0
PPG,1,96169,3848311552,26,476,503,0.000,0.000,0.000,0,0,0,0,0.00,nan,4,3,1,nan,3,3,24,1,1,9,9,0,0,0,3849516245,0.04004,0.00464,0.94824,0.94910,-0.00532,-0.00081,-0.00194,0.00572,0.94910,0.00685,0.00693,3,12235,0,6326,0.00000,0.00000,0.00000,0,0,nan,0,0,0,4322,187491,0,0,0.000,0.000,0.000,0,0.000,0.000,0.000,0,0,4,0,0
PPG,1,96170,3848351552,26,490,508,0.000,0.000,0.000,0,0,0,0,0.00,nan,4,3,1,nan,3,3,24,1,1,10,10,0,0,0,3849555039,0.03662,0.00415,0.95459,0.95530,-0.00558,-0.00081,-0.00141,0.00582,0.95530,0.00594,0.00655,3,12233,0,6326,0.00000,0.00000,0.00000,0,0,nan,0,0,0,4344,187491,0,0,0.000,0.000,0.000,0,0.000,0.000,0.000,0,0,4,0,0
PPG,1,96171,3848391552,25,485,511,0.000,0.000,0.000,0,0,0,0,0.00,nan,4,3,1,nan,3,3,24,1,1,11,11,0,0,0,3849593929,0.04272,0.00781,0.95361,0.95460,-0.00452,-0.00055,-0.00114,0.00469,0.95513,0.00068,0.00626,3,12305,0,6326,0.00000,0.00000,0.00000,0,0,nan,0,0,0,2623,187491,0,0,0.000,0.000,0.000,0,0.000,0.000,0.000,0,0,4,0,0
PPG,1,96172,3848431552,27,480,499,0.000,0.000,0.000,0,0,0,0,0.00,nan,4,3,1,nan,3,3,24,1,1,12,12,0,0,0,3849639529,0.03711,0.00757,0.95068,0.95144,-0.00612,-0.00135,-0.00327,0.00707,0.95391,0.00434,0.00707,3,16351,0,6326,0.00000,0.00000,0.00000,0,0,nan,0,0,0,16290,187491,0,0,0.000,0.000,0.000,0,0.000,0.000,0.000,0,0,4,0,0
PPG,1,96173,3848471552,24,480,508,0.000,0.000,0.000,0,0,0,0,0.00,nan,4,3,1,nan,3,3,24,1,1,13,13,0,0,0,3849678442,0.03979,0.00781,0.95313,0.95399,-0.00585,0.00052,-0.00247,0.00637,0.95399,0.00719,0.00673,3,12226,0,6326,0.00000,0.00000,0.00000,0,0,nan,0,0,0,2625,187491,0,0,0.000,0.000,0.000,0,0.000,0.000,0.000,0,0,4,0,0
PPG,1,96174,3848511552,25,491,502,0.000,0.000,0.000,0,0,0,0,0.00,nan,4,3,1,nan,3,3,24,1,1,14,14,0,0,0,3849717289,0.04077,0.00317,0.95386,0.95473,-0.00612,-0.00081,-0.00194,0.00647,0.95473,0.00845,0.00647,3,12238,0,6326,0.00000,0.00000,0.00000,0,0,nan,0,0,0,4335,187491,0,0,0.000,0.000,0.000,0,0.000,0.000,0.000,0,0,4,0,0
PPG,1,96175,3848551552,25,490,510,0.000,0.000,0.000,0,0,0,0,0.00,nan,4,3,1,nan,3,3,24,1,1,15,15,0,0,0,3849756110,0.03931,0.00586,0.95166,0.95249,-0.00638,-0.00028,-0.00141,0.00654,0.95249,0.00571,0.00654,3,12238,0,6326,0.00000,0.00000,0.00000,0,0,nan,0,0,0,4330,187491,0,0,0.000,0.000,0.000,0,0.000,0.000,0.000,0,0,4,0,0
PPG,1,96176,3848591552,25,493,505,0.000,0.000,0.000,0,0,0,0,0.00,nan,4,3,1,nan,3,3,24,1,1,16,16,0,0,0,3849794931,0.03955,0.00610,0.94995,0.95079,-0.00638,-0.00028,-0.00141,0.00654,0.95632,0.00383,0.00744,3,12242,0,6326,0.00000,0.00000,0.00000,0,0,nan,0,0,0,4318,187491,0,0,0.000,0.000,0.000,0,0.000,0.000,0.000,0,0,4,0,0
PPG,1,96177,3848631552,25,499,517,0.000,0.000,0.000,0,0,0,0,0.00,nan,4,3,1,nan,3,3,24,1,1,17,17,0,0,0,3849833660,0.03784,0.00732,0.94849,0.94927,-0.00532,-0.00055,-0.00087,0.00542,0.95317,0.00390,0.00680,3,12271,0,6326,0.00000,0.00000,0.00000,0,0,nan,0,0,0,2621,187491,0,0,0.000,0.000,0.000,0,0.000,0.000,0.000,0,0,4,0,0
PPG,1,96178,3848671552,25,491,502,0.000,0.000,0.000,0,0,0,0,0.00,nan,4,3,1,nan,3,3,24,1,1,18,18,0,0,0,3849874863,0.03882,0.00659,0.94678,0.94760,-0.00638,-0.00161,-0.00194,0.00686,0.95238,0.00374,0.00686,3,12122,0,6326,0.00000,0.00000,0.00000,0,0,nan,0,0,0,2595,187491,0,0,0.000,0.000,0.000,0,0.000,0.000,0.000,0,0,4,0,0
PPG,1,96179,3848711552,25,503,513,0.000,0.000,0.000,0,0,0,0,0.00,nan,4,3,1,nan,3,3,24,1,1,19,19,0,0,0,3849951434,0.03613,0.00122,0.94775,0.94844,-0.00612,-0.00028,-0.00221,0.00651,0.94879,0.00120,0.00664,2,59740,0,6330,0.00000,0.00000,0.00000,0,0,nan,0,0,0,59770,187491,0,0,0.000,0.000,0.000,0,0.000,0.000,0.000,0,0,4,0,0
PPG,1,96180,3848751552,25,488,505,0.000,0.000,0.000,0,0,0,0,0.00,nan,4,3,1,nan,3,3,24,1,1,20,20,0,0,0,3849951434,0.03613,0.00122,0.94775,0.94844,-0.00612,-0.00028,-0.00221,0.00651,0.00000,0.00000,0.00000,0,59740,0,6330,0.00000,0.00000,0.00000,0,0,nan,0,0,0,11671,187491,0,0,0.000,0.000,0.000,0,0.000,0.000,0.000,0,0,4,0,0
PPG,1,96181,3848791552,25,497,510,0.000,0.000,0.000,0,0,0,0,0.00,nan,4,3,1,nan,3,3,24,1,1,21,21,0,0,0,3849997392,0.03882,0.00635,0.95630,0.95711,-0.00505,-0.00001,-0.00141,0.00524,0.95711,0.00454,0.00584,3,12178,0,6331,0.00000,0.00000,0.00000,0,0,nan,0,0,0,4330,187491,0,0,0.000,0.000,0.000,0,0.000,0.000,0.000,0,0,4,0,0
PPG,1,96182,3848831552,26,482,508,0.000,0.000,0.000,0,0,0,0,0.00,nan,4,3,1,nan,3,3,24,1,1,22,22,0,0,0,3850035917,0.04004,0.00464,0.95020,0.95105,-0.00612,-0.00081,-0.00300,0.00686,0.95320,0.00693,0.00686,3,12117,0,6331,0.00000,0.00000,0.00000,0,0,nan,0,0,0,4305,187491,0,0,0.000,0.000,0.000,0,0.000,0.000,0.000,0,0,4,0,0
PPG,1,96183,3848871552,26,513,507,0.000,0.000,0.000,0,0,0,0,0.00,nan,4,3,1,nan,3,3,24,1,1,23,23,0,0,0,3850074433,0.03931,0.00952,0.95874,0.95959,-0.00612,-0.00055,-0.00167,0.00637,0.95959,0.00443,0.00715,3,12123,0,6331,0.00000,0.00000,0.00000,0,0,nan,0,0,0,2599,187491,0,0,0.000,0.000,0.000,0,0.000,0.000,0.000,0,0,4,0,0
PPG,1,96184,3848911552,25,496,512,0.000,0.000,0.000,0,0,0,0,0.00,nan,4,3,1,nan,3,3,24,1,1,24,24,0,0,0,3850115618,0.03491,0.00757,0.95654,0.95721,-0.00612,-0.00055,-0.00167,0.00637,0.95721,0.01043,0.00693,3,12119,0,6331,0.00000,0.00000,0.00000,0,0,nan,0,0,0,4296,187491,0,0,0.000,0.000,0.000,0,0.000,0.000,0.000,0,0,4,0,0
PPG,1,96185,3848951552,25,477,504,0.000,0.000,0.000,0,0,0,0,0.00,nan,4,3,1,nan,3,3,24,1,1,25,25,0,0,0,3850154116,0.03833,0.00439,0.94897,0.94976,-0.00558,-0.00161,-0.00194,0.00613,0.95221,0.01110,0.00613,3,12122,0,6331,0.00000,0.00000,0.00000,0,0,nan,0,0,0,2615,187491,0,0,0.000,0.000,0.000,0,0.000,0.000,0.000,0,0,4,0,0
PPG,1,96186,3848991552,26,481,487,0.000,0.000,0.000,0,0,0,0,0.00,nan,4,3,1,nan,3,3,24,1,1,26,26,0,0,0,3850195264,0.03662,0.00073,0.95020,0.95090,-0.00532,-0.00055,-0.00167,0.00560,0.95889,0.00913,0.00654,3,12125,0,6331,0.00000,0.00000,0.00000,0,0,nan,0,0,0,4326,187491,0,0,0.000,0.000,0.000,0,0.000,0.000,0.000,0,0,4,0,0
PPG,1,96187,3849031552,25,492,509,0.000,0.000,0.000,0,0,0,0,0.00,nan,4,3,1,nan,3,3,24,1,1,27,27,0,0,0,3850233846,0.03662,0.00049,0.95215,0.95285,-0.00612,-0.00001,-0.00221,0.00650,0.95497,0.00234,0.00650,3,12120,0,6331,0.00000,0.00000,0.00000,0,0,nan,0,0,0,2602,187491,0,0,0.000,0.000,0.000,0,0.000,0.000,0.000,0,0,4,0,0
PPG,1,96188,3849071552,25,509,506,0.000,0.000,0.000,0,0,0,0,0.00,nan,4,3,1,nan,3,3,24,1,1,28,28,0,0,0,3850274964,0.03516,0.00708,0.95142,0.95209,-0.00558,-0.00055,-0.00167,0.00586,0.95209,0.00710,0.00609,3,12125,0,6331,0.00000,0.00000,0.00000,0,0,nan,0,0,0,2599,187491,0,0,0.000,0.000,0.000,0,0.000,0.000,0.000,0,0,4,0,0
PPG,1,96189,3849111552,29,501,510,0.000,0.000,0.000,0,0,0,0,0.00,nan,4,3,1,nan,3,3,24,1,1,29,29,0,0,0,3850316136,0.03589,0.00732,0.95093,0.95163,-0.00532,-0.00108,-0.00167,0.00568,0.95870,0.00707,0.00664,3,12160,0,6331,0.00000,0.00000,0.00000,0,0,nan,0,0,0,4299,187491,0,0,0.000,0.000,0.000,0,0.000,0.000,0.000,0,0,4,0,0
PPG,1,96190,3849151552,25,495,510,0.000,0.000,0.000,0,0,0,0,0.00,nan,4,3,1,nan,3,3,24,1,1,30,30,0,0,0,3850354627,0.03809,0.00513,0.95313,0.95390,-0.00612,0.00025,-0.00114,0.00623,0.95390,0.00630,0.00623,3,12110,0,6331,0.00000,0.00000,0.00000,0,0,nan,0,0,0,2607,187491,0,0,0.000,0.000,0.000,0,0.000,0.000,0.000,0,0,4,0,0
PPG,1,96191,3849191552,25,487,502,0.000,0.000,0.000,0,0,0,0,0.00,nan,4,3,1,nan,3,3,24,1,1,31,31,0,0,0,3850395741,0.03906,0.00464,0.95532,0.95613,-0.00505,-0.00055,-0.00114,0.00521,0.96038,0.00424,0.00699,3,12123,0,6331,0.00000,0.00000,0.00000,0,0,nan,0,0,0,4306,187491,0,0,0.000,0.000,0.000,0,0.000,0.000,0.000,0,0,4,0,0
PPG,1,96192,3849231552,25,493,502,0.000,0.000,0.000,0,0,0,0,0.00,nan,4,3,1,nan,3,3,24,1,1,0,0,0,0,0,3850434321,0.03760,0.00903,0.95557,0.95635,-0.00558,-0.00055,-0.00194,0.00594,0.95797,0.00497,0.00619,3,12124,0,6331,0.00000,0.00000,0.00000,0,0,nan,0,0,0,2601,187491,0,0,0.000,0.000,0.000,0,0.000,0.000,0.000,0,0,4,0,0
PPG,1,96193,3849271552,25,490,506,0.000,0.000,0.000,0,0,0,0,0.00,nan,4,3,1,nan,3,3,24,1,1,1,1,0,0,0,3850475430,0.04175,0.00488,0.95239,0.95332,-0.00532,0.00025,-0.00221,0.00576,0.95560,0.00300,0.00576,3,12122,0,6331,0.00000,0.00000,0.00000,0,0,nan,0,0,0,4309,187491,0,0,0.000,0.000,0.000,0,0.000,0.000,0.000,0,0,4,0,0
PPG,1,96194,3849311552,25,505,498,0.000,0.000,0.000,0,0,0,0,0.00,nan,4,3,1,nan,3,3,24,1,1,2,2,0,0,0,3850514007,0.03735,0.00464,0.94629,0.94704,-0.00558,-0.00081,-0.00167,0.00589,0.95327,0.00412,0.00589,3,12168,0,6331,0.00000,0.00000,0.00000,0,0,nan,0,0,0,2601,187491,0,0,0.000,0.000,0.000,0,0.000,0.000,0.000,0,0,4,0,0
PPG,1,96195,3849351552,29,496,510,0.000,0.000,0.000,0,0,0,0,0.00,nan,4,3,1,nan,3,3,24,1,1,3,3,0,0,0,3850555116,0.04077,0.00488,0.94800,0.94889,-0.00638,-0.00055,-0.00167,0.00662,0.95287,0.00583,0.00708,3,12120,0,6331,0.00000,0.00000,0.00000,0,0,nan,0,0,0,4300,187491,0,0,0.000,0.000,0.000,0,0.000,0.000,0.000,0,0,4,0,0
PPG,1,96196,3849391552,25,495,512,0.000,0.000,0.000,0,0,0,0,0.00,nan,4,3,1,nan,3,3,24,1,1,4,4,0,0,0,3850593627,0.04224,0.00757,0.94800,0.94897,-0.00585,-0.00055,-0.00061,0.00591,0.95486,0.00597,0.00649,3,12119,0,6331,0.00000,0.00000,0.00000,0,0,nan,0,0,0,2602,187491,0,0,0.000,0.000,0.000,0,0.000,0.000,0.000,0,0,4,0,0
PPG,1,96197,3849431552,24,491,504,0.000,0.000,0.000,0,0,0,0,0.00,nan,4,3,1,nan,3,3,24,1,1,5,5,0,0,0,3850638866,0.03955,0.00391,0.94971,0.95054,-0.00585,-0.00081,-0.00194,0.00622,0.95125,0.00228,0.00685,3,16225,0,6331,0.00000,0.00000,0.00000,0,0,nan,0,0,0,16167,187491,0,0,0.000,0.000,0.000,0,0.000,0.000,0.000,0,0,4,0,0
PPG,1,96198,3849471552,25,486,507,0.000,0.000,0.000,0,0,0,0,0.00,nan,4,3,1,nan,3,3,24,1,1,6,6,0,0,0,3850677474,0.03857,0.00635,0.95508,0.95588,-0.00612,-0.00028,-0.00167,0.00635,0.95806,0.00855,0.00635,3,12130,0,6331,0.00000,0.00000,0.00000,0,0,nan,0,0,0,4297,187491,0,0,0.000,0.000,0.000,0,0.000,0.000,0.000,0,0,4,0,0
PPG,1,96199,3849511552,25,495,490,0.000,0.000,0.000,0,0,0,0,0.00,nan,4,3,1,nan,3,3,24,1,1,7,7,0,0,0,3850716011,0.03735,0.00586,0.95313,0.95387,-0.00612,-0.00081,-0.00087,0.00623,0.95387,0.00631,0.00660,3,12154,0,6331,0.00000,0.00000,0.00000,0,0,nan,0,0,0,4327,187491,0,0,0.000,0.000,0.000,0,0.000,0.000,0.000,0,0,4,0,0
PPG,1,96200,3849551552,26,495,512,0.000,0.000,0.000,0,0,0,0,0.00,nan,4,3,1,nan,3,3,24,1,1,8,8,0,0,0,3850754543,0.03638,0.00635,0.95630,0.95701,-0.00638,-0.00001,-0.00007,0.00638,0.95701,0.00671,0.00638,3,12114,0,6331,0.00000,0.00000,0.00000,0,0,nan,0,0,0,2598,187491,0,0,0.000,0.000,0.000,0,0.000,0.000,0.000,0,0,4,0,0
PPG,1,96201,3849591552,26,506,518,0.000,0.000,0.000,0,0,0,0,0.00,nan,4,3,1,nan,3,3,24,1,1,9,9,0,0,0,3850795628,0.04053,0.01074,0.94824,0.94917,-0.00665,-0.00135,-0.00167,0.00699,0.95480,0.00563,0.00699,3,12109,0,6331,0.00000,0.00000,0.00000,0,0,nan,0,0,0,4296,187491,0,0,0.000,0.000,0.000,0,0.000,0.000,0.000,0,0,4,0,0
PPG,1,96202,3849631552,25,509,513,0.000,0.000,0.000,0,0,0,0,0.00,nan,4,3,1,nan,3,3,24,1,1,10,10,0,0,0,3850834234,0.03687,0.00439,0.95337,0.95409,-0.00638,-0.00081,-0.00167,0.00665,0.95705,0.00907,0.00665,3,12137,0,6331,0.00000,0.00000,0.00000,0,0,nan,0,0,0,2607,187491,0,0,0.000,0.000,0.000,0,0.000,0.000,0.000,0,0,4,0,0
PPG,1,96203,3849671552,25,485,507,0.000,0.000,0.000,0,0,0,0,0.00,nan,4,3,1,nan,3,3,24,1,1,11,11,0,0,0,3850875368,0.03882,0.00977,0.95557,0.95640,-0.00558,-0.00028,-0.00274,0.00623,0.95640,0.00640,0.00693,3,12119,0,6331,0.00000,0.00000,0.00000,0,0,nan,0,0,0,4305,187491,0,0,0.000,0.000,0.000,0,0.000,0.000,0.000,0,0,4,0,0
PPG,1,96204,3849711552,25,478,492,0.000,0.000,0.000,0,0,0,0,0.00,nan,4,3,1,nan,3,3,24,1,1,12,12,0,0,0,3850913881,0.04028,0.00879,0.95044,0.95133,-0.00558,0.00025,-0.00007,0.00559,0.95264,0.00503,0.00602,3,12123,0,6331,0.00000,0.00000,0.00000,0,0,nan,0,0,0,2605,187491,0,0,0.000,0.000,0.000,0,0.000,0.000,0.000,0,0,4,0,0
PPG,1,96205,3849751552,26,488,494,0.000,0.000,0.000,0,0,0,0,0.00,nan,4,3,1,nan,3,3,24,1,1,13,13,0,0,0,3850955013,0.04028,0.00708,0.94824,0.94912,-0.00585,-0.00108,-0.00141,0.00611,0.95235,0.00183,0.00633,3,12111,0,6331,0.00000,0.00000,0.00000,0,0,nan,0,0,0,2596,187491,0,0,0.000,0.000,0.000,0,0.000,0.000,0.000,0,0,4,0,0
PPG,1,96206,3849791552,28,486,505,0.000,0.000,0.000,0,0,0,0,0.00,nan,4,3,1,nan,3,3,24,1,1,14,14,0,0,0,3850996116,0.03931,0.00073,0.95386,0.95467,-0.00585,-0.00028,-0.00141,0.00602,0.95467,0.00502,0.00602,3,12119,0,6331,0.00000,0.00000,0.00000,0,0,nan,0,0,0,4300,187491,0,0,0.000,0.000,0.000,0,0.000,0.000,0.000,0,0,4,0,0
PPG,1,96207,3849831552,30,503,508,0.000,0.000,0.000,0,0,0,0,0.00,nan,4,3,1,nan,3,3,24,1,1,15,15,0,0,0,3851034870,0.04199,0.00562,0.94995,0.95090,-0.00585,-0.00161,-0.00007,0.00607,0.95223,0.00330,0.00748,3,12351,0,6331,0.00000,0.00000,0.00000,0,0,nan,0,0,0,2633,187491,0,0,0.000,0.000,0.000,0,0.000,0.000,0.000,0,0,4,0,0
PPG,1,96208,3849871552,25,496,510,0.000,0.000,0.000,0,0,0,0,0.00,nan,4,3,1,nan,3,3,24,1,1,16,16,0,0,0,3851076289,0.04028,0.00732,0.95386,0.95474,-0.00692,-0.00001,-0.00114,0.00701,0.95474,0.00550,0.00714,3,12185,0,6331,0.00000,0.00000,0.00000,0,0,nan,0,0,0,4306,187491,0,0,0.000,0.000,0.000,0,0.000,0.000,0.000,0,0,4,0,0
PPG,1,96209,3849911552,25,503,515,0.000,0.000,0.000,0,0,0,0,0.00,nan,4,3,1,nan,3,3,24,1,1,17,17,0,0,0,3851114821,0.03638,0.00488,0.94727,0.94798,-0.00558,-0.00081,-0.00114,0.00576,0.95213,0.00415,0.00615,3,12115,0,6331,0.00000,0.00000,0.00000,0,0,nan,0,0,0,2612,187491,0,0,0.000,0.000,0.000,0,0.000,0.000,0.000,0,0,4,0,0
PPG,1,96210,3849951552,29,486,505,0.000,0.000,0.000,0,0,0,0,0.00,nan,4,3,1,nan,3,3,24,1,1,18,18,0,0,0,3851156116,0.03809,0.00610,0.94458,0.94537,-0.00638,0.00025,-0.00114,0.00649,0.95723,0.00925,0.00697,3,12252,0,6331,0.00000,0.00000,0.00000,0,0,nan,0,0,0,4300,187491,0,0,0.000,0.000,0.000,0,0.000,0.000,0.000,0,0,4,0,0
PPG,1,96211,3849991552,26,488,510,0.000,0.000,0.000,0,0,0,0,0.00,nan,4,3,1,nan,3,3,24,1,1,19,19,0,0,0,3851194767,0.03833,0.00659,0.95532,0.95611,-0.00452,-0.00028,-0.00087,0.00461,0.95611,0.01213,0.00550,3,12217,0,6331,0.00000,0.00000,0.00000,0,0,nan,0,0,0,2594,187491,0,0,0.000,0.000,0.000,0,0.000,0.000,0.000,0,0,4,0,0
PPG,1,96212,3850031552,26,504,513,0.000,0.000,0.000,0,0,0,0,0.00,nan,4,3,1,nan,3,3,24,1,1,20,20,0,0,0,3851236194,0.04199,0.00806,0.95215,0.95311,-0.00638,-0.00108,-0.00221,0.00684,0.95681,0.01059,0.00684,3,12259,0,6331,0.00000,0.00000,0.00000,0,0,nan,0,0,0,4320,187491,0,0,0.000,0.000,0.000,0,0.000,0.000,0.000,0,0,4,0,0
PPG,1,96213,3850071552,25,491,517,0.000,0.000,0.000,0,0,0,0,0.00,nan,4,3,1,nan,3,3,24,1,1,21,21,0,0,0,3851275066,0.03979,0.00879,0.95874,0.95961,-0.00638,-0.00108,-0.00274,0.00703,0.95961,0.00983,0.00703,3,12259,0,6331,0.00000,0.00000,0.00000,0,0,nan,0,0,0,2634,187491,0,0,0.000,0.000,0.000,0,0.000,0.000,0.000,0,0,4,0,0
PPG,1,96214,3850111552,25,493,515,0.000,0.000,0.000,0,0,0,0,0.00,nan,4,3,1,nan,3,3,24,1,1,22,22,0,0,0,3851316536,0.04028,0.00586,0.95557,0.95643,-0.00585,-0.00055,-0.00167,0.00611,0.95643,0.01355,0.00659,3,12206,0,6331,0.00000,0.00000,0.00000,0,0,nan,0,0,0,4352,187491,0,0,0.000,0.000,0.000,0,0.000,0.000,0.000,0,0,4,0,0
PPG,1,96215,3850151552,26,498,505,0.000,0.000,0.000,0,0,0,0,0.00,nan,4,3,1,nan,3,3,24,1,1,23,23,0,0,0,3851355472,0.03931,0.00854,0.94458,0.94544,-0.00532,-0.00108,-0.00141,0.00561,0.95164,0.00620,0.00655,3,12244,0,6331,0.00000,0.00000,0.00000,0,0,nan,0,0,0,4336,187491,0,0,0.000,0.000,0.000,0,0.000,0.000,0.000,0,0,4,0,0
PPG,1,96216,3850191552,26,497,504,0.000,0.000,0.000,0,0,0,0,0.00,nan,4,3,1,nan,3,3,24,1,1,24,24,0,0,0,3851394371,0.04346,0.00684,0.95581,0.95682,-0.00505,-0.00028,-0.00167,0.00533,0.95682,0.00690,0.00682,3,12256,0,6331,0.00000,0.00000,0.00000,0,0,nan,0,0,0,2610,187491,0,0,0.000,0.000,0.000,0,0.000,0.000,0.000,0,0,4,0,0
PPG,1,96217,3850231552,26,483,509,0.000,0.000,0.000,0,0,0,0,0.00,nan,4,3,1,nan,3,3,24,1,1,25,25,0,0,0,3851435903,0.03833,0.00488,0.95313,0.95391,-0.00612,-0.00081,-0.00247,0.00665,0.96041,0.00944,0.00679,3,12302,0,6331,0.00000,0.00000,0.00000,0,0,nan,0,0,0,4337,187491,0,0,0.000,0.000,0.000,0,0.000,0.000,0.000,0,0,4,0,0
PPG,1,96218,3850271552,28,487,513,0.000,0.000,0.000,0,0,0,0,0.00,nan,4,3,1,nan,3,3,24,1,1,26,26,0,0,0,3851474781,0.04126,0.00366,0.94897,0.94988,-0.00505,0.00052,-0.00167,0.00535,0.95481,0.00493,0.00647,3,12238,0,6331,0.00000,0.00000,0.00000,0,0,nan,0,0,0,2632,187491,0,0,0.000,0.000,0.000,0,0.000,0.000,0.000,0,0,4,0,0
PPG,1,96219,3850311552,27,485,510,0.000,0.000,0.000,0,0,0,0,0.00,nan,4,3,1,nan,3,3,24,1,1,27,27,0,0,0,3851516341,0.03711,0.00635,0.95361,0.95436,-0.00612,-0.00028,-0.00114,0.00623,0.95436,0.00284,0.00623,3,12232,0,6331,0.00000,0.00000,0.00000,0,0,nan,0,0,0,4349,187491,0,0,0.000,0.000,0.000,0,0.000,0.000,0.000,0,0,4,0,0
PPG,1,96220,3850351552,31,502,499,0.000,0.000,0.000,0,0,0,0,0.00,nan,4,3,1,nan,3,3,24,1,1,28,28,0,0,0,3851555307,0.03564,0.01099,0.95581,0.95654,-0.00558,-0.00001,-0.00194,0.00591,0.95654,0.00680,0.00644,3,12265,0,6331,0.00000,0.00000,0.00000,0,0,nan,0,0,0,2610,187491,0,0,0.000,0.000,0.000,0,0.000,0.000,0.000,0,0,4,0,0
PPG,1,96221,3850391552,26,495,500,0.000,0.000,0.000,0,0,0,0,0.00,nan,4,3,1,nan,3,3,24,1,1,29,29,0,0,0,3851596814,0.03931,0.00391,0.95264,0.95346,-0.00505,-0.00081,-0.00247,0.00568,0.95346,0.00604,0.00611,3,12226,0,6331,0.00000,0.00000,0.00000,0,0,nan,0,0,0,4341,187491,0,0,0.000,0.000,0.000,0,0.000,0.000,0.000,0,0,4,0,0
PPG,1,96222,3850431552,24,488,503,0.000,0.000,0.000,0,0,0,0,0.00,nan,4,3,1,nan,3,3,24,1,1,30,30,0,0,0,3851640049,0.03809,0.00317,0.95239,0.95316,-0.00505,-0.00108,-0.00194,0.00552,0.95316,0.00692,0.00611,3,16636,0,6331,0.00000,0.00000,0.00000,0,0,nan,0,0,0,16518,187491,0,0,0.000,0.000,0.000,0,0.000,0.000,0.000,0,0,4,0,0
PPG,1,96223,3850471552,24,493,509,0.000,0.000,0.000,0,0,0,0,0.00,nan,4,3,1,nan,3,3,24,1,1,31,31,0,0,0,3851678959,0.03857,0.00635,0.95288,0.95368,-0.00532,-0.00108,-0.00141,0.00561,0.95531,0.00593,0.00597,3,12231,0,6331,0.00000,0.00000,0.00000,0,0,nan,0,0,0,2623,187491,0,0,0.000,0.000,0.000,0,0.000,0.000,0.000,0,0,4,0,0
PPG,1,96224,3850511552,25,500,496,0.000,0.000,0.000,0,0,0,0,0.00,nan,4,3,1,nan,3,3,24,1,1,0,0,0,0,0,3851717772,0.03540,0.01025,0.94922,0.94993,-0.00665,-0.00055,-0.00141,0.00682,0.95113,0.00255,0.00682,3,12239,0,6331,0.00000,0.00000,0.00000,0,0,nan,0,0,0,4338,187491,0,0,0.000,0.000,0.000,0,0.000,0.000,0.000,0,0,4,0,0
PPG,1,96225,3850551552,25,488,507,0.000,0.000,0.000,0,0,0,0,0.00,nan,4,3,1,nan,3,3,24,1,1,1,1,0,0,0,3851756624,0.03979,0.00537,0.95142,0.95226,-0.00665,-0.00028,-0.00087,0.00671,0.95656,0.00681,0.00693,3,12232,0,6331,0.00000,0.00000,0.00000,0,0,nan,0,0,0,4336,187491,0,0,0.000,0.000,0.000,0,0.000,0.000,0.000,0,0,4,0,0
PPG,1,96226,3850591552,25,494,510,0.000,0.000,0.000,0,0,0,0,0.00,nan,4,3,1,nan,3,3,24,1,1,2,2,0,0,0,3851795448,0.04077,0.00342,0.94531,0.94620,-0.00665,-0.00081,-0.00167,0.00691,0.95794,0.01174,0.00691,3,12221,0,6331,0.00000,0.00000,0.00000,0,0,nan,0,0,0,4328,187491,0,0,0.000,0.000,0.000,0,0.000,0.000,0.000,0,0,4,0,0
PPG,1,96227,3850631552,25,502,509,0.000,0.000,0.000,0,0,0,0,0.00,nan,4,3,1,nan,3,3,24,1,1,3,3,0,0,0,3851834301,0.04028,0.00537,0.95435,0.95521,-0.00585,-0.00001,-0.00061,0.00588,0.95521,0.00712,0.00690,3,12285,0,6331,0.00000,0.00000,0.00000,0,0,nan,0,0,0,2602,187491,0,0,0.000,0.000,0.000,0,0.000,0.000,0.000,0,0,4,0,0
PPG,1,96228,3850671552,25,494,510,0.000,0.000,0.000,0,0,0,0,0.00,nan,4,3,1,nan,3,3,24,1,1,4,4,0,0,0,3851875653,0.03540,0.00781,0.94214,0.94284,-0.00638,-0.00055,-0.00061,0.00644,0.95687,0.01264,0.00644,3,12227,0,6331,0.00000,0.00000,0.00000,0,0,nan,0,0,0,4300,187491,0,0,0.000,0.000,0.000,0,0.000,0.000,0.000,0,0,4,0,0
PPG,1,96229,3850711552,25,493,511,0.000,0.000,0.000,0,0,0,0,0.00,nan,4,3,1,nan,3,3,24,1,1,5,5,0,0,0,3851914226,0.03833,0.00879,0.94995,0.95076,-0.00612,-0.00028,-0.00087,0.00619,0.95357,0.01073,0.00626,3,12157,0,6331,0.00000,0.00000,0.00000,0,0,nan,0,0,0,2605,187491,0,0,0.000,0.000,0.000,0,0.000,0.000,0.000,0,0,4,0,0
PPG,1,96230,3850751552,25,493,495,0.000,0.000,0.000,0,0,0,0,0.00,nan,4,3,1,nan,3,3,24,1,1,6,6,0,0,0,3851955453,0.04077,0.00586,0.95288,0.95377,-0.00585,-0.00108,-0.00194,0.00626,0.95711,0.00793,0.00639,3,12148,0,6331,0.00000,0.00000,0.00000,0,0,nan,0,0,0,2610,187491,0,0,0.000,0.000,0.000,0,0.000,0.000,0.000,0,0,4,0,0
PPG,1,96231,3850791552,25,501,504,0.000,0.000,0.000,0,0,0,0,0.00,nan,4,3,1,nan,3,3,24,1,1,7,7,0,0,0,3851996631,0.03711,0.00659,0.95605,0.95680,-0.00532,-0.00055,-0.00221,0.00578,0.95680,0.00704,0.00685,3,12109,0,6331,0.00000,0.00000,0.00000,0,0,nan,0,0,0,4296,187491,0,0,0.000,0.000,0.000,0,0.000,0.000,0.000,0,0,4,0,0
PPG,1,96232,3850831552,25,493,513,0.000,0.000,0.000,0,0,0,0,0.00,nan,4,3,1,nan,3,3,24,1,1,8,8,0,0,0,3852035140,0.03857,0.00269,0.94873,0.94952,-0.00452,-0.00001,-0.00141,0.00473,0.95169,0.00972,0.00628,3,12118,0,6331,0.00000,0.00000,0.00000,0,0,nan,0,0,0,2603,187491,0,0,0.000,0.000,0.000,0,0.000,0.000,0.000,0,0,4,0,0
PPG,1,96233,3850871552,25,488,513,0.000,0.000,0.000,0,0,0,0,0.00,nan,4,3,1,nan,3,3,24,1,1,9,9,0,0,0,3852076312,0.03760,0.00732,0.94971,0.95048,-0.00505,-0.00028,-0.00274,0.00575,0.95267,0.00290,0.00611,3,12136,0,6331,0.00000,0.00000,0.00000,0,0,nan,0,0,0,4306,187491,0,0,0.000,0.000,0.000,0,0.000,0.000,0.000,0,0,4,0,0
PPG,1,96234,3850911552,25,487,492,0.000,0.000,0.000,0,0,0,0,0.00,nan,4,3,1,nan,3,3,24,1,1,10,10,0,0,0,3852114828,0.03809,0.00659,0.94824,0.94903,-0.00612,-0.00055,-0.00061,0.00617,0.95202,0.00169,0.00648,3,12121,0,6331,0.00000,0.00000,0.00000,0,0,nan,0,0,0,2602,187491,0,0,0.000,0.000,0.000,0,0.000,0.000,0.000,0,0,4,0,0
PPG,1,96235,3850951552,25,492,502,0.000,0.000,0.000,0,0,0,0,0.00,nan,4,3,1,nan,3,3,24,1,1,11,11,0,0,0,3852156002,0.03760,0.00537,0.95410,0.95486,-0.00585,-0.00135,-0.00167,0.00623,0.95686,0.00783,0.00649,3,12155,0,6331,0.00000,0.00000,0.00000,0,0,nan,0,0,0,4294,187491,0,0,0.000,0.000,0.000,0,0.000,0.000,0.000,0,0,4,0,0
PPG,1,96236,3850991552,25,496,510,0.000,0.000,0.000,0,0,0,0,0.00,nan,4,3,1,nan,3,3,24,1,1,12,12,0,0,0,3852194512,0.03589,0.01172,0.95093,0.95168,-0.00665,-0.00028,-0.00141,0.00680,0.95333,0.00597,0.00680,3,12106,0,6331,0.00000,0.00000,0.00000,0,0,nan,0,0,0,2598,187491,0,0,0.000,0.000,0.000,0,0.000,0.000,0.000,0,0,4,0,0
PPG,1,96237,3851031552,25,510,514,0.000,0.000,0.000,0,0,0,0,0.00,nan,4,3,1,nan,3,3,24,1,1,13,13,0,0,0,3852235618,0.04028,0.00366,0.94897,0.94984,-0.00505,-0.00135,-0.00194,0.00558,0.95794,0.00810,0.00592,3,12120,0,6331,0.00000,0.00000,0.00000,0,0,nan,0,0,0,4295,187491,0,0,0.000,0.000,0.000,0,0.000,0.000,0.000,0,0,4,0,0
PPG,1,96238,3851071552,25,496,513,0.000,0.000,0.000,0,0,0,0,0.00,nan,4,3,1,nan,3,3,24,1,1,14,14,0,0,0,3852274175,0.03833,0.00415,0.94800,0.94878,-0.00505,-0.00108,-0.00221,0.00562,0.95655,0.00671,0.00562,3,12125,0,6331,0.00000,0.00000,0.00000,0,0,nan,0,0,0,2612,187491,0,0,0.000,0.000,0.000,0,0.000,0.000,0.000,0,0,4,0,0
PPG,1,96239,3851111552,25,484,515,0.000,0.000,0.000,0,0,0,0,0.00,nan,4,3,1,nan,3,3,24,1,1,15,15,0,0,0,3852315336,0.04053,0.00537,0.95459,0.95546,-0.00585,-0.00135,-0.00221,0.00640,0.95546,0.00437,0.00732,3,12117,0,6331,0.00000,0.00000,0.00000,0,0,nan,0,0,0,2602,187491,0,0,0.000,0.000,0.000,0,0.000,0.000,0.000,0,0,4,0,0
PPG,1,96240,3851151552,25,481,491,0.000,0.000,0.000,0,0,0,0,0.00,nan,4,3,1,nan,3,3,24,1,1,16,16,0,0,0,3852356527,0.03613,0.00513,0.95410,0.95480,-0.00505,-0.00108,-0.00247,0.00573,0.95480,0.00691,0.00679,3,12183,0,6331,0.00000,0.00000,0.00000,0,0,nan,0,0,0,4377,187491,0,0,0.000,0.000,0.000,0,0.000,0.000,0.000,0,0,4,0,0
PPG,1,96241,3851191552,26,496,508,0.000,0.000,0.000,0,0,0,0,0.00,nan,4,3,1,nan,3,3,24,1,1,17,17,0,0,0,3852395376,0.03833,0.00464,0.95532,0.95610,-0.00665,-0.00055,-0.00034,0.00668,0.95610,0.00435,0.00684,3,12117,0,6331,0.00000,0.00000,0.00000,0,0,nan,0,0,0,2595,187491,0,0,0.000,0.000,0.000,0,0.000,0.000,0.000,0,0,4,0,0
PPG,1,96242,3851231552,25,501,500,0.000,0.000,0.000,0,0,0,0,0.00,nan,4,3,1,nan,3,3,24,1,1,18,18,0,0,0,3852436475,0.04224,0.00684,0.94507,0.94604,-0.00612,-0.00135,-0.00141,0.00642,0.95594,0.00991,0.00642,3,12118,0,6331,0.00000,0.00000,0.00000,0,0,nan,0,0,0,4294,187491,0,0,0.000,0.000,0.000,0,0.000,0.000,0.000,0,0,4,0,0
PPG,1,96243,3851271552,25,491,517,0.000,0.000,0.000,0,0,0,0,0.00,nan,4,3,1,nan,3,3,24,1,1,19,19,0,0,0,3852475052,0.03955,0.00537,0.95190,0.95274,-0.00665,-0.00108,-0.00114,0.00683,0.95274,0.00334,0.00683,3,12123,0,6331,0.00000,0.00000,0.00000,0,0,nan,0,0,0,2659,187491,0,0,0.000,0.000,0.000,0,0.000,0.000,0.000,0,0,4,0,0
PPG,1,96244,3851311552,38,500,507,0.000,0.000,0.000,0,0,0,0,0.00,nan,4,3,1,nan,3,3,24,1,1,20,20,0,0,0,3852516287,0.04370,0.00293,0.94434,0.94535,-0.00532,-0.00161,-0.00061,0.00559,0.95789,0.01253,0.00607,3,12113,0,6331,0.00000,0.00000,0.00000,0,0,nan,0,0,0,4344,187491,0,0,0.000,0.000,0.000,0,0.000,0.000,0.000,0,0,4,0,0
PPG,1,96245,3851351552,25,492,514,0.000,0.000,0.000,0,0,0,0,0.00,nan,4,3,1,nan,3,3,24,1,1,21,21,0,0,0,3852555104,0.03735,0.01221,0.95288,0.95369,-0.00612,-0.00081,-0.00141,0.00633,0.95369,0.00644,0.00633,3,12163,0,6331,0.00000,0.00000,0.00000,0,0,nan,0,0,0,2621,187491,0,0,0.000,0.000,0.000,0,0.000,0.000,0.000,0,0,4,0,0
PPG,1,96246,3851391552,25,502,517,0.000,0.000,0.000,0,0,0,0,0.00,nan,4,3,1,nan,3,3,24,1,1,22,22,0,0,0,3852596490,0.03931,0.00464,0.95190,0.95273,-0.00479,-0.00161,-0.00167,0.00532,0.95675,0.00724,0.00648,3,12321,0,6331,0.00000,0.00000,0.00000,0,0,nan,0,0,0,4319,187491,0,0,0.000,0.000,0.000,0,0.000,0.000,0.000,0,0,4,0,0
PPG,1,96247,3851431552,24,491,512,0.000,0.000,0.000,0,0,0,0,0.00,nan,4,3,1,nan,3,3,24,1,1,23,23,0,0,0,3852642092,0.03833,0.00439,0.95239,0.95317,-0.00612,0.00052,-0.00194,0.00644,0.96151,0.00833,0.00667,3,19027,0,6331,0.00000,0.00000,0.00000,0,0,nan,0,0,0,14597,187491,0,0,0.000,0.000,0.000,0,0.000,0.000,0.000,0,0,4,0,0
PPG,1,96248,3851471552,24,495,516,0.000,0.000,0.000,0,0,0,0,0.00,nan,4,3,1,nan,3,3,24,1,1,24,24,0,0,0,3852681082,0.03857,0.00879,0.95605,0.95687,-0.00558,-0.00055,-0.00061,0.00564,0.95782,0.00465,0.00596,3,12230,0,6331,0.00000,0.00000,0.00000,0,0,nan,0,0,0,2600,187491,0,0,0.000,0.000,0.000,0,0.000,0.000,0.000,0,0,4,0,0
PPG,1,96249,3851511552,24,492,506,0.000,0.000,0.000,0,0,0,0,0.00,nan,4,3,1,nan,3,3,24,1,1,25,25,0,0,0,3852719879,0.03760,0.00317,0.95215,0.95290,-0.00612,-0.00081,-0.00221,0.00655,0.95710,0.00334,0.00655,3,12256,0,6331,0.00000,0.00000,0.00000,0,0,nan,0,0,0,2618,187491,0,0,0.000,0.000,0.000,0,0.000,0.000,0.000,0,0,4,0,0
PPG,1,96250,3851551552,23,483,493,0.000,0.000,0.000,0,0,0,0,0.00,nan,4,3,1,nan,3,3,24,1,1,26,26,0,0,0,3852758778,0.04395,0.00806,0.94897,0.95003,-0.00638,-0.00055,-0.00141,0.00656,0.95356,0.00192,0.00760,3,12276,0,6331,0.00000,0.00000,0.00000,0,0,nan,0,0,0,2622,187491,0,0,0.000,0.000,0.000,0,0.000,0.000,0.000,0,0,4,0,0
PPG,1,96251,3851591552,25,485,507,0.000,0.000,0.000,0,0,0,0,0.00,nan,4,3,1,nan,3,3,24,1,1,27,27,0,0,0,3852797630,0.04126,0.01025,0.95557,0.95651,-0.00585,-0.00081,-0.00141,0.00607,0.95651,0.00753,0.00619,3,12244,0,6331,0.00000,0.00000,0.00000,0,0,nan,0,0,0,4337,187491,0,0,0.000,0.000,0.000,0,0.000,0.000,0.000,0,0,4,0,0
PPG,1,96252,3851631552,26,481,498,0.000,0.000,0.000,0,0,0,0,0.00,nan,4,3,1,nan,3,3,24,1,1,28,28,0,0,0,3852836513,0.04175,0.00781,0.95483,0.95578,-0.00585,-0.00108,-0.00114,0.00606,0.95578,0.00474,0.00606,3,12251,0,6331,0.00000,0.00000,0.00000,0,0,nan,0,0,0,4321,187491,0,0,0.000,0.000,0.000,0,0.000,0.000,0.000,0,0,4,0,0
PPG,1,96253,3851671552,25,495,506,0.000,0.000,0.000,0,0,0,0,0.00,nan,4,3,1,nan,3,3,24,1,1,29,29,0,0,0,3852875373,0.03589,0.01025,0.95239,0.95312,-0.00532,0.00025,-0.00274,0.00599,0.95312,0.00811,0.00622,3,12314,0,6331,0.00000,0.00000,0.00000,0,0,nan,0,0,0,2624,187491,0,0,0.000,0.000,0.000,0,0.000,0.000,0.000,0,0,4,0,0
PPG,1,96254,3851711552,25,493,510,0.000,0.000,0.000,0,0,0,0,0.00,nan,4,3,1,nan,3,3,24,1,1,30,30,0,0,0,3852916915,0.03687,0.01001,0.94922,0.94999,-0.00638,-0.00081,-0.00194,0.00672,0.95055,0.00257,0.00773,3,12269,0,6331,0.00000,0.00000,0.00000,0,0,nan,0,0,0,4339,187491,0,0,0.000,0.000,0.000,0,0.000,0.000,0.000,0,0,4,0,0
PPG,1,96255,3851751552,25,484,514,0.000,0.000,0.000,0,0,0,0,0.00,nan,4,3,1,nan,3,3,24,1,1,31,31,0,0,0,3852955677,0.04004,0.00781,0.94849,0.94936,-0.00558,-0.00135,-0.00167,0.00598,0.95846,0.00847,0.00668,3,12231,0,6331,0.00000,0.00000,0.00000,0,0,nan,0,0,0,2636,187491,0,0,0.000,0.000,0.000,0,0.000,0.000,0.000,0,0,4,0,0
PPG,1,96256,3851791552,26,493,512,0.000,0.000,0.000,0,0,0,0,0.00,nan,4,3,1,nan,3,3,24,1,1,0,0,0,0,0,3852997152,0.03906,0.00586,0.95605,0.95687,-0.00612,-0.00081,-0.00141,0.00633,0.95687,0.00827,0.00633,3,12241,0,6331,0.00000,0.00000,0.00000,0,0,nan,0,0,0,4328,187491,0,0,0.000,0.000,0.000,0,0.000,0.000,0.000,0,0,4,0,0
PPG,1,96257,3851831552,26,499,505,0.000,0.000,0.000,0,0,0,0,0.00,nan,4,3,1,nan,3,3,24,1,1,1,1,0,0,0,3853035976,0.04272,0.00098,0.95264,0.95359,-0.00558,0.00079,-0.00141,0.00581,0.95754,0.00394,0.00634,3,12235,0,6331,0.00000,0.00000,0.00000,0,0,nan,0,0,0,4330,187491,0,0,0.000,0.000,0.000,0,0.000,0.000,0.000,0,0,4,0,0
PPG,1,96258,3851871552,25,495,508,0.000,0.000,0.000,0,0,0,0,0.00,nan,4,3,1,nan,3,3,24,1,1,2,2,0,0,0,3853074800,0.03931,0.00488,0.95386,0.95468,-0.00692,-0.00055,-0.00141,0.00708,0.95505,0.00420,0.00708,3,12262,0,6331,0.00000,0.00000,0.00000,0,0,nan,0,0,0,2629,187491,0,0,0.000,0.000,0.000,0,0.000,0.000,0.000,0,0,4,0,0
PPG,1,96259,3851911552,26,491,511,0.000,0.000,0.000,0,0,0,0,0.00,nan,4,3,1,nan,3,3,24,1,1,3,3,0,0,0,3853116261,0.03467,0.00586,0.94800,0.94865,-0.00532,-0.00055,-0.00221,0.00578,0.95960,0.00564,0.00858,3,12245,0,6331,0.00000,0.00000,0.00000,0,0,nan,0,0,0,4350,187491,0,0,0.000,0.000,0.000,0,0.000,0.000,0.000,0,0,4,0,0
PPG,1,96260,3851951552,26,499,502,0.000,0.000,0.000,0,0,0,0,0.00,nan,4,3,1,nan,3,3,24,1,1,4,4,0,0,0,3853155067,0.03540,0.00879,0.95361,0.95431,-0.00585,-0.00028,-0.00194,0.00617,0.95894,0.01120,0.00617,3,12228,0,6331,0.00000,0.00000,0.00000,0,0,nan,0,0,0,2629,187491,0,0,0.000,0.000,0.000,0,0.000,0.000,0.000,0,0,4,0,0
PPG,1,96261,3851991552,25,485,503,0.000,0.000,0.000,0,0,0,0,0.00,nan,4,3,1,nan,3,3,24,1,1,5,5,0,0,0,3853196549,0.03857,0.00684,0.95142,0.95222,-0.00692,-0.00055,-0.00087,0.00699,0.95222,0.00244,0.00699,3,12220,0,6331,0.00000,0.00000,0.00000,0,0,nan,0,0,0,4323,187491,0,0,0.000,0.000,0.000,0,0.000,0.000,0.000,0,0,4,0,0
PPG,1,96262,3852031552,25,497,504,0.000,0.000,0.000,0,0,0,0,0.00,nan,4,3,1,nan,3,3,24,1,1,6,6,0,0,0,3853235226,0.03369,0.00659,0.95313,0.95374,-0.00558,-0.00028,-0.00247,0.00611,0.95374,0.00589,0.00668,3,12143,0,6331,0.00000,0.00000,0.00000,0,0,nan,0,0,0,2663,187491,0,0,0.000,0.000,0.000,0,0.000,0.000,0.000,0,0,4,0,0
PPG,1,96263,3852071552,25,497,517,0.000,0.000,0.000,0,0,0,0,0.00,nan,4,3,1,nan,3,3,24,1,1,7,7,0,0,0,3853276546,0.03613,0.00781,0.95190,0.95262,-0.00612,-0.00001,-0.00194,0.00642,0.95529,0.00714,0.00642,3,12133,0,6331,0.00000,0.00000,0.00000,0,0,nan,0,0,0,4344,187491,0,0,0.000,0.000,0.000,0,0.000,0.000,0.000,0,0,4,0,0
PPG,1,96264,3852111552,25,483,502,0.000,0.000,0.000,0,0,0,0,0.00,nan,4,3,1,nan,3,3,24,1,1,8,8,0,0,0,3853315120,0.03540,0.00610,0.94995,0.95063,-0.00585,-0.00028,-0.00221,0.00626,0.95663,0.00681,0.00626,3,12136,0,6331,0.00000,0.00000,0.00000,0,0,nan,0,0,0,2599,187491,0,0,0.000,0.000,0.000,0,0.000,0.000,0.000,0,0,4,0,0
PPG,1,96265,3852151552,25,501,505,0.000,0.000,0.000,0,0,0,0,0.00,nan,4,3,1,nan,3,3,24,1,1,9,9,0,0,0,3853356280,0.04077,0.00391,0.95703,0.95791,-0.00692,-0.00108,-0.00221,0.00734,0.95791,0.00788,0.00734,3,12120,0,6331,0.00000,0.00000,0.00000,0,0,nan,0,0,0,4305,187491,0,0,0.000,0.000,0.000,0,0.000,0.000,0.000,0,0,4,0,0
PPG,1,96266,3852191552,25,500,518,0.000,0.000,0.000,0,0,0,0,0.00,nan,4,3,1,nan,3,3,24,1,1,10,10,0,0,0,3853394878,0.04053,0.00586,0.95459,0.95547,-0.00479,0.00025,-0.00221,0.00527,0.95825,0.00666,0.00695,3,12123,0,6331,0.00000,0.00000,0.00000,0,0,nan,0,0,0,2595,187491,0,0,0.000,0.000,0.000,0,0.000,0.000,0.000,0,0,4,0,0
PPG,1,96267,3852231552,26,504,510,0.000,0.000,0.000,0,0,0,0,0.00,nan,4,3,1,nan,3,3,24,1,1,11,11,0,0,0,3853435978,0.03760,0.00635,0.95190,0.95267,-0.00425,0.00079,-0.00221,0.00485,0.95604,0.00211,0.00589,3,12112,0,6331,0.00000,0.00000,0.00000,0,0,nan,0,0,0,4294,187491,0,0,0.000,0.000,0.000,0,0.000,0.000,0.000,0,0,4,0,0
PPG,1,96268,3852271552,25,495,517,0.000,0.000,0.000,0,0,0,0,0.00,nan,4,3,1,nan,3,3,24,1,1,12,12,0,0,0,3853474517,0.03833,0.00781,0.95630,0.95710,-0.00585,-0.00001,-0.00194,0.00616,0.95710,0.00580,0.00616,3,12110,0,6331,0.00000,0.00000,0.00000,0,0,nan,0,0,0,2597,187491,0,0,0.000,0.000,0.000,0,0.000,0.000,0.000,0,0,4,0,0
PPG,1,96269,3852311552,25,481,506,0.000,0.000,0.000,0,0,0,0,0.00,nan,4,3,1,nan,3,3,24,1,1,13,13,0,0,0,3853515673,0.03735,0.00659,0.95288,0.95364,-0.00612,0.00079,-0.00167,0.00639,0.95414,0.00561,0.00651,3,12114,0,6331,0.00000,0.00000,0.00000,0,0,nan,0,0,0,2606,187491,0,0,0.000,0.000,0.000,0,0.000,0.000,0.000,0,0,4,0,0
PPG,1,96270,3852351552,25,492,497,0.000,0.000,0.000,0,0,0,0,0.00,nan,4,3,1,nan,3,3,24,1,1,14,14,0,0,0,3853556792,0.03882,0.00391,0.95044,0.95124,-0.00585,0.00052,-0.00221,0.00627,0.95301,0.00240,0.00720,3,12114,0,6331,0.00000,0.00000,0.00000,0,0,nan,0,0,0,4308,187491,0,0,0.000,0.000,0.000,0,0.000,0.000,0.000,0,0,4,0,0
PPG,1,96271,3852391552,25,489,498,0.000,0.000,0.000,0,0,0,0,0.00,nan,4,3,1,nan,3,3,24,1,1,15,15,0,0,0,3853595405,0.04321,0.00195,0.94824,0.94923,-0.00505,-0.00081,-0.00141,0.00531,0.94923,0.00456,0.00637,3,12148,0,6331,0.00000,0.00000,0.00000,0,0,nan,0,0,0,2595,187491,0,0,0.000,0.000,0.000,0,0.000,0.000,0.000,0,0,4,0,0
PPG,1,96272,3852431552,24,506,515,0.000,0.000,0.000,0,0,0,0,0.00,nan,4,3,1,nan,3,3,24,1,1,16,16,0,0,0,3853643221,0.03760,0.00854,0.95142,0.95220,-0.00585,-0.00055,-0.00194,0.00619,0.95220,0.00198,0.00665,3,18814,0,6331,0.00000,0.00000,0.00000,0,0,nan,0,0,0,14455,187491,0,0,0.000,0.000,0.000,0,0.000,0.000,0.000,0,0,4,0,0
PPG,1,96273,3852471552,37,495,512,0.000,0.000,0.000,0,0,0,0,0.00,nan,4,3,1,nan,3,3,24,1,1,17,17,0,0,0,3853681885,0.03857,0.00830,0.95068,0.95150,-0.00585,-0.00188,-0.00167,0.00637,0.95466,0.00315,0.00678,3,12170,0,6331,0.00000,0.00000,0.00000,0,0,nan,0,0,0,2610,187491,0,0,0.000,0.000,0.000,0,0.000,0.000,0.000,0,0,4,0,0
PPG,1,96274,3852511552,23,498,506,0.000,0.000,0.000,0,0,0,0,0.00,nan,4,3,1,nan,3,3,24,1,1,18,18,0,0,0,3853720521,0.03540,0.00903,0.95361,0.95431,-0.00585,0.00052,-0.00194,0.00619,0.95431,0.00414,0.00688,3,12108,0,6331,0.00000,0.00000,0.00000,0,0,nan,0,0,0,2588,187491,0,0,0.000,0.000,0.000,0,0.000,0.000,0.000,0,0,4,0,0
PPG,1,96275,3852551552,24,491,503,0.000,0.000,0.000,0,0,0,0,0.00,nan,4,3,1,nan,3,3,24,1,1,19,19,0,0,0,3853759014,0.03833,0.00537,0.94775,0.94854,-0.00638,-0.00028,-0.00221,0.00676,0.95809,0.00954,0.00676,3,12107,0,6331,0.00000,0.00000,0.00000,0,0,nan,0,0,0,2586,187491,0,0,0.000,0.000,0.000,0,0.000,0.000,0.000,0,0,4,0,0
PPG,1,96276,3852591552,25,499,500,0.000,0.000,0.000,0,0,0,0,0.00,nan,4,3,1,nan,3,3,24,1,1,20,20,0,0,0,3853797543,0.04053,0.00391,0.95410,0.95497,-0.00585,-0.00081,-0.00167,0.00614,0.95497,0.00481,0.00669,3,12130,0,6331,0.00000,0.00000,0.00000,0,0,nan,0,0,0,4295,187491,0,0,0.000,0.000,0.000,0,0.000,0.000,0.000,0,0,4,0,0
PPG,1,96277,3852631552,37,499,504,0.000,0.000,0.000,0,0,0,0,0.00,nan,4,3,1,nan,3,3,24,1,1,21,21,0,0,0,3853836116,0.03857,0.00830,0.95459,0.95540,-0.00532,0.00079,-0.00221,0.00581,0.95555,0.00463,0.00719,3,12141,0,6331,0.00000,0.00000,0.00000,0,0,nan,0,0,0,4300,187491,0,0,0.000,0.000,0.000,0,0.000,0.000,0.000,0,0,4,0,0
PPG,1,96278,3852671552,26,485,513,0.000,0.000,0.000,0,0,0,0,0.00,nan,4,3,1,nan,3,3,24,1,1,22,22,0,0,0,3853874645,0.03735,0.00977,0.95605,0.95683,-0.00558,-0.00028,-0.00141,0.00577,0.95683,0.00652,0.00607,3,12124,0,6331,0.00000,0.00000,0.00000,0,0,nan,0,0,0,2599,187491,0,0,0.000,0.000,0.000,0,0.000,0.000,0.000,0,0,4,0,0
PPG,1,96279,3852711552,25,484,505,0.000,0.000,0.000,0,0,0,0,0.00,nan,4,3,1,nan,3,3,24,1,1,23,23,0,0,0,3853915792,0.04150,0.00317,0.95117,0.95208,-0.00532,-0.00028,-0.00167,0.00558,0.95208,0.00740,0.00680,3,12129,0,6331,0.00000,0.00000,0.00000,0,0,nan,0,0,0,2595,187491,0,0,0.000,0.000,0.000,0,0.000,0.000,0.000,0,0,4,0,0
PPG,1,96280,3852751552,25,495,498,0.000,0.000,0.000,0,0,0,0,0.00,nan,4,3,1,nan,3,3,24,1,1,24,24,0,0,0,3853956917,0.03906,0.00903,0.94897,0.94982,-0.00612,-0.00001,-0.00061,0.00615,0.95789,0.00581,0.00693,3,12113,0,6331,0.00000,0.00000,0.00000,0,0,nan,0,0,0,4297,187491,0,0,0.000,0.000,0.000,0,0.000,0.000,0.000,0,0,4,0,0
PPG,1,96281,3852791552,26,491,503,0.000,0.000,0.000,0,0,0,0,0.00,nan,4,3,1,nan,3,3,24,1,1,25,25,0,0,0,3853995470,0.03809,0.00659,0.94897,0.94976,-0.00452,-0.00135,-0.00034,0.00473,0.95174,0.00379,0.00653,3,12157,0,6331,0.00000,0.00000,0.00000,0,0,nan,0,0,0,2600,187491,0,0,0.000,0.000,0.000,0,0.000,0.000,0.000,0,0,4,0,0
PPG,1,96282,3852831552,25,496,510,0.000,0.000,0.000,0,0,0,0,0.00,nan,4,3,1,nan,3,3,24,1,1,26,26,0,0,0,3854036618,0.03955,0.00928,0.95630,0.95716,-0.00585,-0.00055,-0.00061,0.00591,0.95752,0.00600,0.00591,3,12138,0,6331,0.00000,0.00000,0.00000,0,0,nan,0,0,0,4296,187491,0,0,0.000,0.000,0.000,0,0.000,0.000,0.000,0,0,4,0,0
PPG,1,96283,3852871552,26,504,514,0.000,0.000,0.000,0,0,0,0,0.00,nan,4,3,1,nan,3,3,24,1,1,27,27,0,0,0,3854075147,0.04004,0.00635,0.95288,0.95374,-0.00585,-0.00055,-0.00141,0.00604,0.95520,0.00196,0.00648,3,12135,0,6331,0.00000,0.00000,0.00000,0,0,nan,0,0,0,2595,187491,0,0,0.000,0.000,0.000,0,0.000,0.000,0.000,0,0,4,0,0
PPG,1,96284,3852911552,25,488,511,0.000,0.000,0.000,0,0,0,0,0.00,nan,4,3,1,nan,3,3,24,1,1,28,28,0,0,0,3854116289,0.03906,0.00732,0.95386,0.95468,-0.00452,0.00025,-0.00141,0.00474,0.95468,0.00535,0.00669,3,12120,0,6331,0.00000,0.00000,0.00000,0,0,nan,0,0,0,4307,187491,0,0,0.000,0.000,0.000,0,0.000,0.000,0.000,0,0,4,0,0
PPG,1,96285,3852951552,25,487,489,0.000,0.000,0.000,0,0,0,0,0.00,nan,4,3,1,nan,3,3,24,1,1,29,29,0,0,0,3854154825,0.03540,0.00415,0.95654,0.95721,-0.00665,-0.00028,-0.00167,0.00686,0.95721,0.00317,0.00686,3,12120,0,6331,0.00000,0.00000,0.00000,0,0,nan,0,0,0,2599,187491,0,0,0.000,0.000,0.000,0,0.000,0.000,0.000,0,0,4,0,0
PPG,1,96286,3852991552,25,489,508,0.000,0.000,0.000,0,0,0,0,0.00,nan,4,3,1,nan,3,3,24,1,1,30,30,0,0,0,3854195984,0.04028,0.00781,0.95361,0.95450,-0.00532,-0.00028,-0.00114,0.00545,0.95450,0.00760,0.00633,3,12149,0,6331,0.00000,0.00000,0.00000,0,0,nan,0,0,0,2599,187491,0,0,0.000,0.000,0.000,0,0.000,0.000,0.000,0,0,4,0,0
PPG,1,96287,3853031552,28,498,509,0.000,0.000,0.000,0,0,0,0,0.00,nan,4,3,1,nan,3,3,24,1,1,31,31,0,0,0,3854237118,0.03589,0.01025,0.95361,0.95434,-0.00638,-0.00028,-0.00087,0.00645,0.95911,0.00817,0.00719,3,12122,0,6331,0.00000,0.00000,0.00000,0,0,nan,0,0,0,4298,187491,0,0,0.000,0.000,0.000,0,0.000,0.000,0.000,0,0,4,0,0
PPG,1,96288,3853071552,25,496,513,0.000,0.000,0.000,0,0,0,0,0.00,nan,4,3,1,nan,3,3,24,1,1,0,0,0,0,0,3854275638,0.04053,0.00488,0.95264,0.95351,-0.00665,0.00025,-0.00221,0.00701,0.95351,0.00615,0.00701,3,12122,0,6331,0.00000,0.00000,0.00000,0,0,nan,0,0,0,2595,187491,0,0,0.000,0.000,0.000,0,0.000,0.000,0.000,0,0,4,0,0
PPG,1,96289,3853111552,25,498,511,0.000,0.000,0.000,0,0,0,0,0.00,nan,4,3,1,nan,3,3,24,1,1,1,1,0,0,0,3854316950,0.03882,0.00439,0.95337,0.95417,-0.00532,-0.00001,-0.00167,0.00557,0.95417,0.00432,0.00635,3,12240,0,6331,0.00000,0.00000,0.00000,0,0,nan,0,0,0,4344,187491,0,0,0.000,0.000,0.000,0,0.000,0.000,0.000,0,0,4,0,0
PPG,1,96290,3853151552,39,483,507,0.000,0.000,0.000,0,0,0,0,0.00,nan,4,3,1,nan,3,3,24,1,1,2,2,0,0,0,3854355597,0.04028,0.00342,0.94971,0.95057,-0.00558,0.00025,-0.00194,0.00592,0.95133,0.00428,0.00593,3,12116,0,6331,0.00000,0.00000,0.00000,0,0,nan,0,0,0,2598,187491,0,0,0.000,0.000,0.000,0,0.000,0.000,0.000,0,0,4,0,0
PPG,1,96291,3853191552,25,511,515,0.000,0.000,0.000,0,0,0,0,0.00,nan,4,3,1,nan,3,3,24,1,1,3,3,0,0,0,3854396830,0.03735,0.00732,0.94385,0.94461,-0.00638,0.00025,-0.00141,0.00654,0.95384,0.00916,0.00684,3,12125,0,6331,0.00000,0.00000,0.00000,0,0,nan,0,0,0,4314,187491,0,0,0.000,0.000,0.000,0,0.000,0.000,0.000,0,0,4,0,0
PPG,1,96292,3853231552,25,479,508,0.000,0.000,0.000,0,0,0,0,0.00,nan,4,3,1,nan,3,3,24,1,1,4,4,0,0,0,3854435509,0.04028,0.00513,0.95142,0.95228,-0.00692,-0.00081,-0.00061,0.00699,0.95400,0.00583,0.00719,3,12234,0,6331,0.00000,0.00000,0.00000,0,0,nan,0,0,0,2599,187491,0,0,0.000,0.000,0.000,0,0.000,0.000,0.000,0,0,4,0,0
PPG,1,96293,3853271552,26,497,503,0.000,0.000,0.000,0,0,0,0,0.00,nan,4,3,1,nan,3,3,24,1,1,5,5,0,0,0,3854476689,0.03442,0.00635,0.94604,0.94669,-0.00612,0.00025,-0.00114,0.00623,0.95440,0.00771,0.00649,3,12195,0,6331,0.00000,0.00000,0.00000,0,0,nan,0,0,0,4309,187491,0,0,0.000,0.000,0.000,0,0.000,0.000,0.000,0,0,4,0,0
PPG,1,96294,3853311552,26,515,516,0.000,0.000,0.000,0,0,0,0,0.00,nan,4,3,1,nan,3,3,24,1,1,6,6,0,0,0,3854515524,0.03882,0.00342,0.95142,0.95221,-0.00585,0.00025,-0.00221,0.00626,0.95221,0.00321,0.00626,3,12324,0,6331,0.00000,0.00000,0.00000,0,0,nan,0,0,0,2622,187491,0,0,0.000,0.000,0.000,0,0.000,0.000,0.000,0,0,4,0,0
PPG,1,96295,3853351552,26,498,517,0.000,0.000,0.000,0,0,0,0,0.00,nan,4,3,1,nan,3,3,24,1,1,7,7,0,0,0,3854556983,0.03979,0.00684,0.95337,0.95422,-0.00532,-0.00081,-0.00061,0.00541,0.95633,0.00280,0.00616,3,12241,0,6331,0.00000,0.00000,0.00000,0,0,nan,0,0,0,4350,187491,0,0,0.000,0.000,0.000,0,0.000,0.000,0.000,0,0,4,0,0
PPG,1,96296,3853391552,27,493,502,0.000,0.000,0.000,0,0,0,0,0.00,nan,4,3,1,nan,3,3,24,1,1,8,8,0,0,0,3854595827,0.04175,0.00610,0.94971,0.95064,-0.00532,-0.00161,-0.00141,0.00573,0.95324,0.00167,0.00615,3,12207,0,6331,0.00000,0.00000,0.00000,0,0,nan,0,0,0,2637,187491,0,0,0.000,0.000,0.000,0,0.000,0.000,0.000,0,0,4,0,0
PPG,1,96297,3853431552,25,488,514,0.000,0.000,0.000,0,0,0,0,0.00,nan,4,3,1,nan,3,3,24,1,1,9,9,0,0,0,3854644331,0.03931,0.00879,0.95410,0.95495,-0.00585,0.00025,-0.00167,0.00609,0.95674,0.00610,0.00712,3,19174,0,6331,0.00000,0.00000,0.00000,0,0,nan,0,0,0,14781,187491,0,0,0.000,0.000,0.000,0,0.000,0.000,0.000,0,0,4,0,0
PPG,1,96298,3853471552,25,494,508,0.000,0.000,0.000,0,0,0,0,0.00,nan,4,3,1,nan,3,3,24,1,1,10,10,0,0,0,3854671114,0.03613,0.00610,0.95483,0.95554,-0.00612,-0.00001,-0.00194,0.00642,0.95762,0.00267,0.00642,2,12337,0,6331,0.00000,0.00000,0.00000,0,0,nan,0,0,0,2599,187491,0,0,0.000,0.000,0.000,0,0.000,0.000,0.000,0,0,4,0,0
PPG,1,96299,3853511552,26,500,518,0.000,0.000,0.000,0,0,0,0,0.00,nan,4,3,1,nan,3,3,24,1,1,11,11,0,0,0,3854715251,0.03809,0.00757,0.95020,0.95099,-0.00692,-0.00055,-0.00141,0.00708,0.95683,0.00584,0.00708,3,12301,0,6331,0.00000,0.00000,0.00000,0,0,nan,0,0,0,2635,187491,0,0,0.000,0.000,0.000,0,0.000,0.000,0.000,0,0,4,0,0
PPG,1,96300,3853551552,27,497,519,0.000,0.000,0.000,0,0,0,0,0.00,nan,4,3,1,nan,3,3,24,1,1,12,12,0,0,0,3854756719,0.03979,0.00293,0.95410,0.95494,-0.00585,-0.00081,-0.00221,0.00631,0.95494,0.00328,0.00647,3,12221,0,6331,0.00000,0.00000,0.00000,0,0,nan,0,0,0,4315,187491,0,0,0.000,0.000,0.000,0,0.000,0.000,0.000,0,0,4,0,0
PPG,1,96301,3853591552,25,506,504,0.000,0.000,0.000,0,0,0,0,0.00,nan,4,3,1,nan,3,3,24,1,1,13,13,0,0,0,3854795624,0.04248,0.00659,0.95313,0.95409,-0.00585,-0.00001,-0.00221,0.00625,0.95411,0.00632,0.00630,3,12263,0,6331,0.00000,0.00000,0.00000,0,0,nan,0,0,0,2642,187491,0,0,0.000,0.000,0.000,0,0.000,0.000,0.000,0,0,4,0,0
PPG,1,96302,3853631552,25,495,515,0.000,0.000,0.000,0,0,0,0,0.00,nan,4,3,1,nan,3,3,24,1,1,14,14,0,0,0,3854837178,0.04004,0.00806,0.94751,0.94839,-0.00665,-0.00055,-0.00141,0.00682,0.95371,0.00532,0.00682,3,12250,0,6331,0.00000,0.00000,0.00000,0,0,nan,0,0,0,4323,187491,0,0,0.000,0.000,0.000,0,0.000,0.000,0.000,0,0,4,0,0
PPG,1,96303,3853671552,25,499,498,0.000,0.000,0.000,0,0,0,0,0.00,nan,4,3,1,nan,3,3,24,1,1,15,15,0,0,0,3854875977,0.03906,0.00342,0.95044,0.95125,-0.00479,-0.00081,-0.00221,0.00533,0.95586,0.00735,0.00593,3,12232,0,6331,0.00000,0.00000,0.00000,0,0,nan,0,0,0,2620,187491,0,0,0.000,0.000,0.000,0,0.000,0.000,0.000,0,0,4,0,0
PPG,1,96304,3853711552,26,487,508,0.000,0.000,0.000,0,0,0,0,0.00,nan,4,3,1,nan,3,3,24,1,1,16,16,0,0,0,3854953258,0.03931,0.00562,0.94531,0.94615,-0.00638,-0.00081,-0.00194,0.00672,0.95407,0.00792,0.00672,2,60339,0,6336,0.00000,0.00000,0.00000,0,0,nan,0,0,0,60361,187491,0,0,0.000,0.000,0.000,0,0.000,0.000,0.000,0,0,4,0,0
PPG,1,96305,3853751552,24,490,506,0.000,0.000,0.000,0,0,0,0,0.00,nan,4,3,1,nan,3,3,24,1,1,17,17,0,0,0,3854965085,0.04004,0.00806,0.94751,0.94839,-0.00558,-0.00081,-0.00114,0.00576,0.94839,0.00224,0.00576,1,11827,0,6336,0.00000,0.00000,0.00000,0,0,nan,0,0,0,11758,187491,0,0,0.000,0.000,0.000,0,0.000,0.000,0.000,0,0,4,0,0
PPG,1,96306,3853791552,28,491,506,0.000,0.000,0.000,0,0,0,0,0.00,nan,4,3,1,nan,3,3,24,1,1,18,18,0,0,0,3854991689,0.03833,0.00342,0.95361,0.95439,-0.00585,-0.00028,-0.00247,0.00636,0.95439,0.00493,0.00636,2,12268,0,6336,0.00000,0.00000,0.00000,0,0,nan,0,0,0,2611,187491,0,0,0.000,0.000,0.000,0,0.000,0.000,0.000,0,0,4,0,0
PPG,1,96307,3853831552,26,501,510,0.000,0.000,0.000,0,0,0,0,0.00,nan,4,3,1,nan,3,3,24,1,1,19,19,0,0,0,3855035807,0.04004,0.00415,0.94800,0.94885,-0.00532,-0.00081,-0.00167,0.00563,0.95136,0.00548,0.00712,3,12218,0,6336,0.00000,0.00000,0.00000,0,0,nan,0,0,0,2627,187491,0,0,0.000,0.000,0.000,0,0.000,0.000,0.000,0,0,4,0,0
PPG,1,96308,3853871552,25,509,510,0.000,0.000,0.000,0,0,0,0,0.00,nan,4,3,1,nan,3,3,24,1,1,20,20,0,0,0,3855077256,0.03955,0.00366,0.94873,0.94956,-0.00638,-0.00028,-0.00114,0.00649,0.95883,0.00997,0.00649,3,12239,0,6336,0.00000,0.00000,0.00000,0,0,nan,0,0,0,4336,187491,0,0,0.000,0.000,0.000,0,0.000,0.000,0.000,0,0,4,0,0
PPG,1,96309,3853911552,25,489,499,0.000,0.000,0.000,0,0,0,0,0.00,nan,4,3,1,nan,3,3,24,1,1,21,21,0,0,0,3855116118,0.03638,0.00806,0.94922,0.94995,-0.00612,-0.00001,-0.00247,0.00660,0.95301,0.00544,0.00745,3,12328,0,6336,0.00000,0.00000,0.00000,0,0,nan,0,0,0,2628,187491,0,0,0.000,0.000,0.000,0,0.000,0.000,0.000,0,0,4,0,0
PPG,1,96310,3853951552,25,490,511,0.000,0.000,0.000,0,0,0,0,0.00,nan,4,3,1,nan,3,3,24,1,1,22,22,0,0,0,3855157496,0.04126,0.00879,0.94751,0.94845,-0.00585,-0.00135,-0.00141,0.00617,0.94895,0.00175,0.00617,3,12297,0,6336,0.00000,0.00000,0.00000,0,0,nan,0,0,0,4299,187491,0,0,0.000,0.000,0.000,0,0.000,0.000,0.000,0,0,4,0,0
PPG,1,96311,3853991552,25,497,509,0.000,0.000,0.000,0,0,0,0,0.00,nan,4,3,1,nan,3,3,24,1,1,23,23,0,0,0,3855196040,0.03857,0.00220,0.95435,0.95513,-0.00638,-0.00108,-0.00221,0.00684,0.95905,0.00593,0.00697,3,12153,0,6336,0.00000,0.00000,0.00000,0,0,nan,0,0,0,2601,187491,0,0,0.000,0.000,0.000,0,0.000,0.000,0.000,0,0,4,0,0
PPG,1,96312,3854031552,25,492,517,0.000,0.000,0.000,0,0,0,0,0.00,nan,4,3,1,nan,3,3,24,1,1,24,24,0,0,0,3855237211,0.03589,0.00342,0.95093,0.95161,-0.00612,-0.00108,-0.00221,0.00659,0.95838,0.00677,0.00667,3,12150,0,6336,0.00000,0.00000,0.00000,0,0,nan,0,0,0,4311,187491,0,0,0.000,0.000,0.000,0,0.000,0.000,0.000,0,0,4,0,0
PPG,1,96313,3854071552,25,485,500,0.000,0.000,0.000,0,0,0,0,0.00,nan,4,3,1,nan,3,3,24,1,1,25,25,0,0,0,3855275738,0.04150,0.00684,0.95044,0.95137,-0.00558,-0.00055,-0.00221,0.00603,0.95303,0.00312,0.00721,3,12125,0,6336,0.00000,0.00000,0.00000,0,0,nan,0,0,0,2602,187491,0,0,0.000,0.000,0.000,0,0.000,0.000,0.000,0,0,4,0,0
PPG,1,96314,3854111552,26,495,506,0.000,0.000,0.000,0,0,0,0,0.00,nan,4,3,1,nan,3,3,24,1,1,26,26,0,0,0,3855316862,0.03662,0.00464,0.94849,0.94920,-0.00638,0.00079,-0.00247,0.00689,0.95634,0.00574,0.00689,3,12123,0,6336,0.00000,0.00000,0.00000,0,0,nan,0,0,0,4319,187491,0,0,0.000,0.000,0.000,0,0.000,0.000,0.000,0,0,4,0,0
PPG,1,96315,3854151552,25,496,505,0.000,0.000,0.000,0,0,0,0,0.00,nan,4,3,1,nan,3,3,24,1,1,27,27,0,0,0,3855355403,0.03906,0.00513,0.94946,0.95028,-0.00585,-0.00055,-0.00167,0.00611,0.95278,0.00395,0.00623,3,12118,0,6336,0.00000,0.00000,0.00000,0,0,nan,0,0,0,2595,187491,0,0,0.000,0.000,0.000,0,0.000,0.000,0.000,0,0,4,0,0
PPG,1,96316,3854191552,25,502,510,0.000,0.000,0.000,0,0,0,0,0.00,nan,4,3,1,nan,3,3,24,1,1,28,28,0,0,0,3855396499,0.03979,0.00537,0.95532,0.95617,-0.00558,-0.00028,-0.00194,0.00592,0.95617,0.00602,0.00686,3,12113,0,6336,0.00000,0.00000,0.00000,0,0,nan,0,0,0,2599,187491,0,0,0.000,0.000,0.000,0,0.000,0.000,0.000,0,0,4,0,0
PPG,1,96317,3854231552,25,500,520,0.000,0.000,0.000,0,0,0,0,0.00,nan,4,3,1,nan,3,3,24,1,1,29,29,0,0,0,3855437646,0.03833,0.00708,0.95654,0.95734,-0.00612,0.00052,-0.00221,0.00652,0.95734,0.00421,0.00652,3,12148,0,6336,0.00000,0.00000,0.00000,0,0,nan,0,0,0,4304,187491,0,0,0.000,0.000,0.000,0,0.000,0.000,0.000,0,0,4,0,0
PPG,1,96318,3854271552,25,490,502,0.000,0.000,0.000,0,0,0,0,0.00,nan,4,3,1,nan,3,3,24,1,1,30,30,0,0,0,3855476157,0.03906,0.00781,0.95239,0.95323,-0.00558,-0.00108,-0.00141,0.00586,0.95323,0.00466,0.00615,3,12111,0,6336,0.00000,0.00000,0.00000,0,0,nan,0,0,0,2604,187491,0,0,0.000,0.000,0.000,0,0.000,0.000,0.000,0,0,4,0,0
PPG,1,96319,3854311552,25,477,499,0.000,0.000,0.000,0,0,0,0,0.00,nan,4,3,1,nan,3,3,24,1,1,31,31,0,0,0,3855517281,0.03394,0.00488,0.95752,0.95813,-0.00612,-0.00135,-0.00167,0.00648,0.95813,0.00592,0.00648,3,12128,0,6336,0.00000,0.00000,0.00000,0,0,nan,0,0,0,4319,187491,0,0,0.000,0.000,0.000,0,0.000,0.000,0.000,0,0,4,0,0
PPG,1,96320,3854351552,25,485,495,0.000,0.000,0.000,0,0,0,0,0.00,nan,4,3,1,nan,3,3,24,1,1,0,0,0,0,0,3855555846,0.03687,0.00610,0.95483,0.95556,-0.00585,-0.00001,-0.00087,0.00592,0.95756,0.00216,0.00633,3,12125,0,6336,0.00000,0.00000,0.00000,0,0,nan,0,0,0,2597,187491,0,0,0.000,0.000,0.000,0,0.000,0.000,0.000,0,0,4,0,0
PPG,1,96321,3854391552,25,489,507,0.000,0.000,0.000,0,0,0,0,0.00,nan,4,3,1,nan,3,3,24,1,1,1,1,0,0,0,3855596965,0.03564,0.00269,0.95410,0.95477,-0.00479,-0.00001,-0.00221,0.00527,0.95477,0.00939,0.00571,3,12119,0,6336,0.00000,0.00000,0.00000,0,0,nan,0,0,0,4302,187491,0,0,0.000,0.000,0.000,0,0.000,0.000,0.000,0,0,4,0,0
PPG,1,96322,3854431552,24,495,513,0.000,0.000,0.000,0,0,0,0,0.00,nan,4,3,1,nan,3,3,24,1,1,2,2,0,0,0,3855644883,0.04004,0.00928,0.94751,0.94840,-0.00585,-0.00028,-0.00247,0.00636,0.95370,0.00270,0.00636,3,21516,0,6337,0.00000,0.00000,0.00000,0,0,nan,0,0,0,14530,187491,0,0,0.000,0.000,0.000,0,0.000,0.000,0.000,0,0,4,0,0
PPG,1,96323,3854471552,23,505,508,0.000,0.000,0.000,0,0,0,0,0.00,nan,4,3,1,nan,3,3,24,1,1,3,3,0,0,0,3855683479,0.03662,0.00684,0.95215,0.95288,-0.00612,-0.00028,-0.00114,0.00623,0.95412,0.00796,0.00623,3,12111,0,6337,0.00000,0.00000,0.00000,0,0,nan,0,0,0,2588,187491,0,0,0.000,0.000,0.000,0,0.000,0.000,0.000,0,0,4,0,0
PPG,1,96324,3854511552,24,505,519,0.000,0.000,0.000,0,0,0,0,0.00,nan,4,3,1,nan,3,3,24,1,1,4,4,0,0,0,3855721979,0.04053,0.00464,0.94946,0.95034,-0.00558,0.00025,-0.00061,0.00562,0.95482,0.01112,0.00566,3,12114,0,6337,0.00000,0.00000,0.00000,0,0,nan,0,0,0,2589,187491,0,0,0.000,0.000,0.000,0,0.000,0.000,0.000,0,0,4,0,0
PPG,1,96325,3854551552,23,486,510,0.000,0.000,0.000,0,0,0,0,0.00,nan,4,3,1,nan,3,3,24,1,1,5,5,0,0,0,3855760487,0.03955,0.00903,0.95679,0.95765,-0.00638,-0.00055,-0.00141,0.00656,0.95765,0.00523,0.00660,3,12111,0,6337,0.00000,0.00000,0.00000,0,0,nan,0,0,0,2595,187491,0,0,0.000,0.000,0.000,0,0.000,0.000,0.000,0,0,4,0,0
PPG,1,96326,3854591552,26,480,505,0.000,0.000,0.000,0,0,0,0,0.00,nan,4,3,1,nan,3,3,24,1,1,6,6,0,0,0,3855799001,0.04004,0.00464,0.95410,0.95495,-0.00612,-0.00028,-0.00114,0.00623,0.95495,0.00453,0.00623,3,12125,0,6337,0.00000,0.00000,0.00000,0,0,nan,0,0,0,4302,187491,0,0,0.000,0.000,0.000,0,0.000,0.000,0.000,0,0,4,0,0
PPG,1,96327,3854631552,26,482,499,0.000,0.000,0.000,0,0,0,0,0.00,nan,4,3,1,nan,3,3,24,1,1,7,7,0,0,0,3855837526,0.03662,0.00610,0.94922,0.94994,-0.00612,0.00052,-0.00141,0.00630,0.95514,0.00520,0.00630,3,12141,0,6337,0.00000,0.00000,0.00000,0,0,nan,0,0,0,4300,187491,0,0,0.000,0.000,0.000,0,0.000,0.000,0.000,0,0,4,0,0
PPG,1,96328,3854671552,25,495,503,0.000,0.000,0.000,0,0,0,0,0.00,nan,4,3,1,nan,3,3,24,1,1,8,8,0,0,0,3855876023,0.03931,0.00024,0.95728,0.95808,-0.00638,0.00079,-0.00221,0.00680,0.95808,0.00400,0.00680,3,12111,0,6337,0.00000,0.00000,0.00000,0,0,nan,0,0,0,2597,187491,0,0,0.000,0.000,0.000,0,0.000,0.000,0.000,0,0,4,0,0
PPG,1,96329,3854711552,29,510,507,0.000,0.000,0.000,0,0,0,0,0.00,nan,4,3,1,nan,3,3,24,1,1,9,9,0,0,0,3855917120,0.03931,0.00220,0.94995,0.95077,-0.00532,-0.00055,-0.00141,0.00553,0.95527,0.00546,0.00591,3,12126,0,6337,0.00000,0.00000,0.00000,0,0,nan,0,0,0,4302,187491,0,0,0.000,0.000,0.000,0,0.000,0.000,0.000,0,0,4,0,0
PPG,1,96330,3854751552,25,497,512,0.000,0.000,0.000,0,0,0,0,0.00,nan,4,3,1,nan,3,3,24,1,1,10,10,0,0,0,3855955651,0.03979,0.00220,0.94971,0.95054,-0.00532,0.00052,-0.00087,0.00541,0.95175,0.00121,0.00541,3,12111,0,6337,0.00000,0.00000,0.00000,0,0,nan,0,0,0,2599,187491,0,0,0.000,0.000,0.000,0,0.000,0.000,0.000,0,0,4,0,0
PPG,1,96331,3854791552,25,493,518,0.000,0.000,0.000,0,0,0,0,0.00,nan,4,3,1,nan,3,3,24,1,1,11,11,0,0,0,3855996764,0.03833,0.00562,0.95630,0.95708,-0.00532,-0.00001,-0.00221,0.00576,0.95708,0.00385,0.00576,3,12123,0,6337,0.00000,0.00000,0.00000,0,0,nan,0,0,0,4314,187491,0,0,0.000,0.000,0.000,0,0.000,0.000,0.000,0,0,4,0,0
PPG,1,96332,3854831552,25,483,506,0.000,0.000,0.000,0,0,0,0,0.00,nan,4,3,1,nan,3,3,24,1,1,12,12,0,0,0,3856035321,0.04102,0.00830,0.94678,0.94770,-0.00452,-0.00001,-0.00221,0.00503,0.95271,0.00575,0.00616,3,12145,0,6337,0.00000,0.00000,0.00000,0,0,nan,0,0,0,2598,187491,0,0,0.000,0.000,0.000,0,0.000,0.000,0.000,0,0,4,0,0
PPG,1,96333,3854871552,25,482,506,0.000,0.000,0.000,0,0,0,0,0.00,nan,4,3,1,nan,3,3,24,1,1,13,13,0,0,0,3856076496,0.04126,0.00610,0.95239,0.95331,-0.00612,-0.00108,-0.00034,0.00622,0.95670,0.00900,0.00647,3,12119,0,6337,0.00000,0.00000,0.00000,0,0,nan,0,0,0,2599,187491,0,0,0.000,0.000,0.000,0,0.000,0.000,0.000,0,0,4,0,0
PPG,1,96334,3854911552,25,488,504,0.000,0.000,0.000,0,0,0,0,0.00,nan,4,3,1,nan,3,3,24,1,1,14,14,0,0,0,3856117601,0.03784,0.00659,0.95264,0.95341,-0.00612,-0.00108,-0.00087,0.00627,0.95378,0.00737,0.00632,3,12121,0,6337,0.00000,0.00000,0.00000,0,0,nan,0,0,0,4297,187491,0,0,0.000,0.000,0.000,0,0.000,0.000,0.000,0,0,4,0,0
PPG,1,96335,3854951552,25,491,503,0.000,0.000,0.000,0,0,0,0,0.00,nan,4,3,1,nan,3,3,24,1,1,15,15,0,0,0,3856156337,0.03833,0.00610,0.95386,0.95465,-0.00638,-0.00081,-0.00221,0.00680,0.95465,0.00404,0.00737,3,12312,0,6337,0.00000,0.00000,0.00000,0,0,nan,0,0,0,2633,187491,0,0,0.000,0.000,0.000,0,0.000,0.000,0.000,0,0,4,0,0
PPG,1,96336,3854991552,25,494,512,0.000,0.000,0.000,0,0,0,0,0.00,nan,4,3,1,nan,3,3,24,1,1,16,16,0,0,0,3856197700,0.04004,0.00537,0.95215,0.95301,-0.00558,-0.00028,-0.00087,0.00566,0.95532,0.00933,0.00611,3,12173,0,6337,0.00000,0.00000,0.00000,0,0,nan,0,0,0,4297,187491,0,0,0.000,0.000,0.000,0,0.000,0.000,0.000,0,0,4,0,0
PPG,1,96337,3855031552,25,495,509,0.000,0.000,0.000,0,0,0,0,0.00,nan,4,3,1,nan,3,3,24,1,1,17,17,0,0,0,3856236226,0.03589,0.00488,0.95654,0.95723,-0.00558,-0.00028,-0.00221,0.00601,0.95723,0.00508,0.00637,3,12123,0,6337,0.00000,0.00000,0.00000,0,0,nan,0,0,0,2617,187491,0,0,0.000,0.000,0.000,0,0.000,0.000,0.000,0,0,4,0,0
PPG,1,96338,3855071552,25,507,523,0.000,0.000,0.000,0,0,0,0,0.00,nan,4,3,1,nan,3,3,24,1,1,18,18,0,0,0,3856277508,0.04028,0.00732,0.95239,0.95327,-0.00558,0.00025,-0.00300,0.00635,0.95491,0.01018,0.00719,3,12200,0,6337,0.00000,0.00000,0.00000,0,0,nan,0,0,0,4298,187491,0,0,0.000,0.000,0.000,0,0.000,0.000,0.000,0,0,4,0,0
PPG,1,96339,3855111552,25,482,504,0.000,0.000,0.000,0,0,0,0,0.00,nan,4,3,1,nan,3,3,24,1,1,19,19,0,0,0,3856316184,0.03760,0.00830,0.95117,0.95195,-0.00665,-0.00028,-0.00167,0.00686,0.95474,0.00316,0.00686,3,12127,0,6337,0.00000,0.00000,0.00000,0,0,nan,0,0,0,2607,187491,0,0,0.000,0.000,0.000,0,0.000,0.000,0.000,0,0,4,0,0
PPG,1,96340,3855151552,26,502,507,0.000,0.000,0.000,0,0,0,0,0.00,nan,4,3,1,nan,3,3,24,1,1,20,20,0,0,0,3856357786,0.04346,0.00659,0.94873,0.94975,-0.00479,0.00025,-0.00167,0.00508,0.95438,0.00547,0.00524,3,12269,0,6337,0.00000,0.00000,0.00000,0,0,nan,0,0,0,4353,187491,0,0,0.000,0.000,0.000,0,0.000,0.000,0.000,0,0,4,0,0
PPG,1,96341,3855191552,26,500,511,0.000,0.000,0.000,0,0,0,0,0.00,nan,4,3,1,nan,3,3,24,1,1,21,21,0,0,0,3856396700,0.03979,0.00610,0.94409,0.94495,-0.00532,-0.00108,-0.00141,0.00561,0.95289,0.00748,0.00642,3,12267,0,6337,0.00000,0.00000,0.00000,0,0,nan,0,0,0,4349,187491,0,0,0.000,0.000,0.000,0,0.000,0.000,0.000,0,0,4,0,0
PPG,1,96342,3855231552,25,505,508,0.000,0.000,0.000,0,0,0,0,0.00,nan,4,3,1,nan,3,3,24,1,1,22,22,0,0,0,3856435569,0.03906,0.00635,0.95117,0.95199,-0.00558,-0.00028,-0.00034,0.00560,0.95735,0.00918,0.00568,3,12246,0,6337,0.00000,0.00000,0.00000,0,0,nan,0,0,0,2612,187491,0,0,0.000,0.000,0.000,0,0.000,0.000,0.000,0,0,4,0,0
PPG,1,96343,3855271552,28,493,503,0.000,0.000,0.000,0,0,0,0,0.00,nan,4,3,1,nan,3,3,24,1,1,23,23,0,0,0,3856477161,0.03833,0.00806,0.94800,0.94881,-0.00585,0.00025,-0.00247,0.00636,0.95221,0.00412,0.00710,3,12262,0,6337,0.00000,0.00000,0.00000,0,0,nan,0,0,0,4334,187491,0,0,0.000,0.000,0.000,0,0.000,0.000,0.000,0,0,4,0,0
PPG,1,96344,3855311552,26,491,510,0.000,0.000,0.000,0,0,0,0,0.00,nan,4,3,1,nan,3,3,24,1,1,24,24,0,0,0,3856516017,0.04077,0.00513,0.95190,0.95279,-0.00558,-0.00001,-0.00141,0.00576,0.95753,0.00830,0.00744,3,12216,0,6337,0.00000,0.00000,0.00000,0,0,nan,0,0,0,2631,187491,0,0,0.000,0.000,0.000,0,0.000,0.000,0.000,0,0,4,0,0
PPG,1,96345,3855351552,25,496,506,0.000,0.000,0.000,0,0,0,0,0.00,nan,4,3,1,nan,3,3,24,1,1,25,25,0,0,0,3856557602,0.03857,0.00415,0.95093,0.95172,-0.00585,-0.00108,-0.00327,0.00679,0.95427,0.00485,0.00687,3,12307,0,6337,0.00000,0.00000,0.00000,0,0,nan,0,0,0,4334,187491,0,0,0.000,0.000,0.000,0,0.000,0.000,0.000,0,0,4,0,0
PPG,1,96346,3855391552,25,489,505,0.000,0.000,0.000,0,0,0,0,0.00,nan,4,3,1,nan,3,3,24,1,1,26,26,0,0,0,3856596423,0.03760,0.00391,0.94922,0.94997,-0.00612,0.00079,-0.00194,0.00647,0.95267,0.00268,0.00647,3,12196,0,6337,0.00000,0.00000,0.00000,0,0,nan,0,0,0,2631,187491,0,0,0.000,0.000,0.000,0,0.000,0.000,0.000,0,0,4,0,0
PPG,1,96347,3855431552,26,496,512,0.000,0.000,0.000,0,0,0,0,0.00,nan,4,3,1,nan,3,3,24,1,1,27,27,0,0,0,3856647501,0.03857,0.00537,0.94458,0.94538,-0.00558,0.00052,-0.00141,0.00578,0.95588,0.01050,0.00624,3,21825,0,6338,0.00000,0.00000,0.00000,0,0,nan,0,0,0,14772,187491,0,0,0.000,0.000,0.000,0,0.000,0.000,0.000,0,0,4,0,0
PPG,1,96348,3855471552,26,492,514,0.000,0.000,0.000,0,0,0,0,0.00,nan,4,3,1,nan,3,3,24,1,1,28,28,0,0,0,3856671672,0.04102,0.00952,0.95337,0.95430,-0.00638,-0.00081,-0.00274,0.00699,0.95430,0.00611,0.00699,2,12305,0,6338,0.00000,0.00000,0.00000,0,0,nan,0,0,0,2610,187491,0,0,0.000,0.000,0.000,0,0.000,0.000,0.000,0,0,4,0,0
PPG,1,96349,3855511552,26,488,514,0.000,0.000,0.000,0,0,0,0,0.00,nan,4,3,1,nan,3,3,24,1,1,29,29,0,0,0,3856715768,0.03833,0.00586,0.94824,0.94903,-0.00612,-0.00081,-0.00167,0.00639,0.95417,0.00513,0.00694,3,12245,0,6338,0.00000,0.00000,0.00000,0,0,nan,0,0,0,2629,187491,0,0,0.000,0.000,0.000,0,0.000,0.000,0.000,0,0,4,0,0
PPG,1,96350,3855551552,25,489,508,0.000,0.000,0.000,0,0,0,0,0.00,nan,4,3,1,nan,3,3,24,1,1,30,30,0,0,0,3856757257,0.04126,0.00146,0.94458,0.94548,-0.00638,-0.00055,-0.00141,0.00656,0.96077,0.01529,0.00776,3,12265,0,6338,0.00000,0.00000,0.00000,0,0,nan,0,0,0,4361,187491,0,0,0.000,0.000,0.000,0,0.000,0.000,0.000,0,0,4,0,0
PPG,1,96351,3855591552,25,492,503,0.000,0.000,0.000,0,0,0,0,0.00,nan,4,3,1,nan,3,3,24,1,1,31,31,0,0,0,3856796117,0.03857,0.00488,0.95532,0.95611,-0.00612,-0.00028,-0.00087,0.00619,0.95611,0.00712,0.00687,3,12242,0,6338,0.00000,0.00000,0.00000,0,0,nan,0,0,0,2636,187491,0,0,0.000,0.000,0.000,0,0.000,0.000,0.000,0,0,4,0,0
PPG,1,96352,3855631552,25,488,508,0.000,0.000,0.000,0,0,0,0,0.00,nan,4,3,1,nan,3,3,24,1,1,0,0,0,0,0,3856837600,0.03955,0.00757,0.95264,0.95349,-0.00692,-0.00028,-0.00247,0.00735,0.95349,0.00468,0.00735,3,12234,0,6338,0.00000,0.00000,0.00000,0,0,nan,0,0,0,4328,187491,0,0,0.000,0.000,0.000,0,0.000,0.000,0.000,0,0,4,0,0
PPG,1,96353,3855671552,26,485,506,0.000,0.000,0.000,0,0,0,0,0.00,nan,4,3,1,nan,3,3,24,1,1,1,1,0,0,0,3856876472,0.04004,0.00342,0.95313,0.95397,-0.00638,0.00105,-0.00087,0.00653,0.95486,0.00410,0.00668,3,12225,0,6338,0.00000,0.00000,0.00000,0,0,nan,0,0,0,2631,187491,0,0,0.000,0.000,0.000,0,0.000,0.000,0.000,0,0,4,0,0
PPG,1,96354,3855711552,27,490,509,0.000,0.000,0.000,0,0,0,0,0.00,nan,4,3,1,nan,3,3,24,1,1,2,2,0,0,0,3856917931,0.03857,0.00171,0.95435,0.95513,-0.00692,-0.00081,-0.00221,0.00731,0.95767,0.00903,0.00731,3,12243,0,6338,0.00000,0.00000,0.00000,0,0,nan,0,0,0,4331,187491,0,0,0.000,0.000,0.000,0,0.000,0.000,0.000,0,0,4,0,0
PPG,1,96355,3855751552,25,497,512,0.000,0.000,0.000,0,0,0,0,0.00,nan,4,3,1,nan,3,3,24,1,1,3,3,0,0,0,3856956715,0.04102,0.00684,0.95117,0.95208,-0.00638,-0.00028,-0.00141,0.00654,0.95593,0.01014,0.00685,3,12240,0,6338,0.00000,0.00000,0.00000,0,0,nan,0,0,0,2601,187491,0,0,0.000,0.000,0.000,0,0.000,0.000,0.000,0,0,4,0,0
PPG,1,96356,3855791552,29,488,512,0.000,0.000,0.000,0,0,0,0,0.00,nan,4,3,1,nan,3,3,24,1,1,4,4,0,0,0,3856998087,0.03931,0.00635,0.95410,0.95493,-0.00585,-0.00055,-0.00087,0.00594,0.95493,0.00537,0.00703,3,12133,0,6338,0.00000,0.00000,0.00000,0,0,nan,0,0,0,4297,187491,0,0,0.000,0.000,0.000,0,0.000,0.000,0.000,0,0,4,0,0
PPG,1,96357,3855831552,25,489,500,0.000,0.000,0.000,0,0,0,0,0.00,nan,4,3,1,nan,3,3,24,1,1,5,5,0,0,0,3857036670,0.03638,0.00757,0.95703,0.95775,-0.00638,-0.00081,-0.00274,0.00699,0.95775,0.00742,0.00699,3,12119,0,6338,0.00000,0.00000,0.00000,0,0,nan,0,0,0,2604,187491,0,0,0.000,0.000,0.000,0,0.000,0.000,0.000,0,0,4,0,0
PPG,1,96358,3855871552,25,498,500,0.000,0.000,0.000,0,0,0,0,0.00,nan,4,3,1,nan,3,3,24,1,1,6,6,0,0,0,3857077860,0.03809,0.00488,0.95361,0.95439,-0.00479,-0.00108,-0.00141,0.00510,0.95637,0.00314,0.00613,3,12149,0,6338,0.00000,0.00000,0.00000,0,0,nan,0,0,0,4299,187491,0,0,0.000,0.000,0.000,0,0.000,0.000,0.000,0,0,4,0,0
PPG,1,96359,3855911552,25,498,517,0.000,0.000,0.000,0,0,0,0,0.00,nan,4,3,1,nan,3,3,24,1,1,7,7,0,0,0,3857116407,0.03882,0.00220,0.94897,0.94977,-0.00638,-0.00081,-0.00247,0.00689,0.95524,0.00547,0.00689,3,12126,0,6338,0.00000,0.00000,0.00000,0,0,nan,0,0,0,2595,187491,0,0,0.000,0.000,0.000,0,0.000,0.000,0.000,0,0,4,0,0
PPG,1,96360,3855951552,26,501,516,0.000,0.000,0.000,0,0,0,0,0.00,nan,4,3,1,nan,3,3,24,1,1,8,8,0,0,0,3857157512,0.03589,0.00928,0.94727,0.94799,-0.00665,-0.00108,-0.00087,0.00679,0.95315,0.00544,0.00679,3,12112,0,6338,0.00000,0.00000,0.00000,0,0,nan,0,0,0,4299,187491,0,0,0.000,0.000,0.000,0,0.000,0.000,0.000,0,0,4,0,0
PPG,1,96361,3855991552,25,481,520,0.000,0.000,0.000,0,0,0,0,0.00,nan,4,3,1,nan,3,3,24,1,1,9,9,0,0,0,3857196105,0.03760,0.00684,0.94971,0.95048,-0.00505,-0.00028,-0.00167,0.00533,0.95683,0.00652,0.00622,3,12140,0,6338,0.00000,0.00000,0.00000,0,0,nan,0,0,0,2596,187491,0,0,0.000,0.000,0.000,0,0.000,0.000,0.000,0,0,4,0,0
PPG,1,96362,3856031552,26,479,495,0.000,0.000,0.000,0,0,0,0,0.00,nan,4,3,1,nan,3,3,24,1,1,10,10,0,0,0,3857237230,0.03784,0.00464,0.95190,0.95267,-0.00665,0.00025,-0.00141,0.00680,0.95692,0.00645,0.00680,3,12122,0,6338,0.00000,0.00000,0.00000,0,0,nan,0,0,0,4295,187491,0,0,0.000,0.000,0.000,0,0.000,0.000,0.000,0,0,4,0,0
PPG,1,96363,3856071552,26,489,511,0.000,0.000,0.000,0,0,0,0,0.00,nan,4,3,1,nan,3,3,24,1,1,11,11,0,0,0,3857275792,0.04077,0.00488,0.95117,0.95206,-0.00585,-0.00081,-0.00087,0.00597,0.95727,0.00521,0.00627,3,12167,0,6338,0.00000,0.00000,0.00000,0,0,nan,0,0,0,2595,187491,0,0,0.000,0.000,0.000,0,0.000,0.000,0.000,0,0,4,0,0
PPG,1,96364,3856111552,26,492,506,0.000,0.000,0.000,0,0,0,0,0.00,nan,4,3,1,nan,3,3,24,1,1,12,12,0,0,0,3857316908,0.04126,0.00562,0.95288,0.95379,-0.00665,-0.00081,-0.00167,0.00691,0.95379,0.00108,0.00691,3,12114,0,6338,0.00000,0.00000,0.00000,0,0,nan,0,0,0,2594,187491,0,0,0.000,0.000,0.000,0,0.000,0.000,0.000,0,0,4,0,0
PPG,1,96365,3856151552,26,499,518,0.000,0.000,0.000,0,0,0,0,0.00,nan,4,3,1,nan,3,3,24,1,1,13,13,0,0,0,3857358013,0.03589,0.00659,0.96094,0.96163,-0.00692,-0.00081,-0.00114,0.00706,0.96163,0.01251,0.00706,3,12111,0,6338,0.00000,0.00000,0.00000,0,0,nan,0,0,0,4294,187491,0,0,0.000,0.000,0.000,0,0.000,0.000,0.000,0,0,4,0,0
PPG,1,96366,3856191552,25,497,516,0.000,0.000,0.000,0,0,0,0,0.00,nan,4,3,1,nan,3,3,24,1,1,14,14,0,0,0,3857396603,0.03735,0.00513,0.95361,0.95436,-0.00505,-0.00028,-0.00221,0.00552,0.95946,0.00481,0.00598,3,12134,0,6338,0.00000,0.00000,0.00000,0,0,nan,0,0,0,2599,187491,0,0,0.000,0.000,0.000,0,0.000,0.000,0.000,0,0,4,0,0
PPG,1,96367,3856231552,26,475,505,0.000,0.000,0.000,0,0,0,0,0.00,nan,4,3,1,nan,3,3,24,1,1,15,15,0,0,0,3857437723,0.03320,0.00488,0.95068,0.95128,-0.00532,-0.00028,-0.00274,0.00599,0.95343,0.00185,0.00640,3,12113,0,6338,0.00000,0.00000,0.00000,0,0,nan,0,0,0,4298,187491,0,0,0.000,0.000,0.000,0,0.000,0.000,0.000,0,0,4,0,0
PPG,1,96368,3856271552,39,494,496,0.000,0.000,0.000,0,0,0,0,0.00,nan,4,3,1,nan,3,3,24,1,1,16,16,0,0,0,3857476293,0.03882,0.00586,0.95215,0.95296,-0.00612,-0.00081,-0.00141,0.00633,0.95815,0.00564,0.00639,3,12156,0,6338,0.00000,0.00000,0.00000,0,0,nan,0,0,0,2647,187491,0,0,0.000,0.000,0.000,0,0.000,0.000,0.000,0,0,4,0,0
PPG,1,96369,3856311552,25,505,508,0.000,0.000,0.000,0,0,0,0,0.00,nan,4,3,1,nan,3,3,24,1,1,17,17,0,0,0,3857517837,0.04126,0.00708,0.95337,0.95429,-0.00505,-0.00108,-0.00167,0.00543,0.95772,0.00685,0.00611,3,12116,0,6338,0.00000,0.00000,0.00000,0,0,nan,0,0,0,4303,187491,0,0,0.000,0.000,0.000,0,0.000,0.000,0.000,0,0,4,0,0
PPG,1,96370,3856351552,25,485,504,0.000,0.000,0.000,0,0,0,0,0.00,nan,4,3,1,nan,3,3,24,1,1,18,18,0,0,0,3857556429,0.04077,0.00684,0.95142,0.95231,-0.00558,-0.00108,-0.00167,0.00593,0.95231,0.01021,0.00593,3,12123,0,6338,0.00000,0.00000,0.00000,0,0,nan,0,0,0,2595,187491,0,0,0.000,0.000,0.000,0,0.000,0.000,0.000,0,0,4,0,0
PPG,1,96371,3856391552,25,504,516,0.000,0.000,0.000,0,0,0,0,0.00,nan,4,3,1,nan,3,3,24,1,1,19,19,0,0,0,3857597605,0.04028,0.00586,0.94849,0.94936,-0.00612,-0.00135,-0.00247,0.00673,0.95876,0.01193,0.00673,3,12166,0,6338,0.00000,0.00000,0.00000,0,0,nan,0,0,0,4296,187491,0,0,0.000,0.000,0.000,0,0.000,0.000,0.000,0,0,4,0,0
PPG,1,96372,3856431552,24,496,518,0.000,0.000,0.000,0,0,0,0,0.00,nan,4,3,1,nan,3,3,24,1,1,20,20,0,0,0,3857647998,0.03735,0.00342,0.95435,0.95508,-0.00638,-0.00108,-0.00247,0.00693,0.95508,0.00534,0.00693,3,23999,0,6339,0.00000,0.00000,0.00000,0,0,nan,0,0,0,14435,187491,0,0,0.000,0.000,0.000,0,0.000,0.000,0.000,0,0,4,0,0
PPG,1,96373,3856471552,25,491,508,0.000,0.000,0.000,0,0,0,0,0.00,nan,4,3,1,nan,3,3,24,1,1,21,21,0,0,0,3857674475,0.04004,0.00830,0.95313,0.95400,-0.00505,0.00052,-0.00194,0.00544,0.95400,0.00198,0.00544,2,12145,0,6339,0.00000,0.00000,0.00000,0,0,nan,0,0,0,2618,187491,0,0,0.000,0.000,0.000,0,0.000,0.000,0.000,0,0,4,0,0
PPG,1,96374,3856511552,25,510,520,0.000,0.000,0.000,0,0,0,0,0.00,nan,4,3,1,nan,3,3,24,1,1,22,22,0,0,0,3857715624,0.03687,0.00635,0.95459,0.95532,-0.00612,-0.00135,-0.00141,0.00642,0.95532,0.00410,0.00663,3,12116,0,6339,0.00000,0.00000,0.00000,0,0,nan,0,0,0,2595,187491,0,0,0.000,0.000,0.000,0,0.000,0.000,0.000,0,0,4,0,0
PPG,1,96375,3856551552,25,478,507,0.000,0.000,0.000,0,0,0,0,0.00,nan,4,3,1,nan,3,3,24,1,1,23,23,0,0,0,3857756721,0.03345,0.00830,0.95288,0.95350,-0.00532,-0.00055,-0.00194,0.00569,0.95350,0.00821,0.00648,3,12115,0,6339,0.00000,0.00000,0.00000,0,0,nan,0,0,0,2603,187491,0,0,0.000,0.000,0.000,0,0.000,0.000,0.000,0,0,4,0,0
PPG,1,96376,3856591552,25,481,502,0.000,0.000,0.000,0,0,0,0,0.00,nan,4,3,1,nan,3,3,24,1,1,24,24,0,0,0,3857797880,0.03833,0.00537,0.95093,0.95172,-0.00585,0.00025,-0.00167,0.00609,0.95172,0.00746,0.00731,3,12112,0,6339,0.00000,0.00000,0.00000,0,0,nan,0,0,0,4298,187491,0,0,0.000,0.000,0.000,0,0.000,0.000,0.000,0,0,4,0,0
PPG,1,96377,3856631552,25,482,504,0.000,0.000,0.000,0,0,0,0,0.00,nan,4,3,1,nan,3,3,24,1,1,25,25,0,0,0,3857836382,0.03906,0.00708,0.95093,0.95176,-0.00532,0.00025,-0.00221,0.00576,0.95300,0.00482,0.00576,3,12113,0,6339,0.00000,0.00000,0.00000,0,0,nan,0,0,0,2594,187491,0,0,0.000,0.000,0.000,0,0.000,0.000,0.000,0,0,4,0,0
PPG,1,96378,3856671552,25,492,501,0.000,0.000,0.000,0,0,0,0,0.00,nan,4,3,1,nan,3,3,24,1,1,26,26,0,0,0,3857877475,0.04077,0.00488,0.94604,0.94694,-0.00532,-0.00081,-0.00141,0.00556,0.95550,0.00724,0.00583,3,12107,0,6339,0.00000,0.00000,0.00000,0,0,nan,0,0,0,4321,187491,0,0,0.000,0.000,0.000,0,0.000,0.000,0.000,0,0,4,0,0
PPG,1,96379,3856711552,25,493,498,0.000,0.000,0.000,0,0,0,0,0.00,nan,4,3,1,nan,3,3,24,1,1,27,27,0,0,0,3857916012,0.03979,0.00586,0.95044,0.95129,-0.00665,-0.00001,-0.00061,0.00668,0.95405,0.00875,0.00680,3,12104,0,6339,0.00000,0.00000,0.00000,0,0,nan,0,0,0,2595,187491,0,0,0.000,0.000,0.000,0,0.000,0.000,0.000,0,0,4,0,0
PPG,1,96380,3856751552,26,506,511,0.000,0.000,0.000,0,0,0,0,0.00,nan,4,3,1,nan,3,3,24,1,1,28,28,0,0,0,3857957143,0.03711,0.00903,0.95508,0.95584,-0.00665,-0.00028,-0.00087,0.00671,0.95584,0.00232,0.00695,3,12108,0,6339,0.00000,0.00000,0.00000,0,0,nan,0,0,0,4301,187491,0,0,0.000,0.000,0.000,0,0.000,0.000,0.000,0,0,4,0,0
PPG,1,96381,3856791552,26,500,518,0.000,0.000,0.000,0,0,0,0,0.00,nan,4,3,1,nan,3,3,24,1,1,29,29,0,0,0,3857995693,0.03540,0.00024,0.94580,0.94646,-0.00665,0.00052,-0.00141,0.00682,0.94955,0.00629,0.00682,3,12143,0,6339,0.00000,0.00000,0.00000,0,0,nan,0,0,0,2609,187491,0,0,0.000,0.000,0.000,0,0.000,0.000,0.000,0,0,4,0,0
PPG,1,96382,3856831552,25,493,507,0.000,0.000,0.000,0,0,0,0,0.00,nan,4,3,1,nan,3,3,24,1,1,30,30,0,0,0,3858036806,0.03857,0.00513,0.94458,0.94538,-0.00505,-0.00028,-0.00221,0.00552,0.95877,0.01231,0.00628,3,12113,0,6339,0.00000,0.00000,0.00000,0,0,nan,0,0,0,2597,187491,0,0,0.000,0.000,0.000,0,0.000,0.000,0.000,0,0,4,0,0
PPG,1,96383,3856871552,25,483,492,0.000,0.000,0.000,0,0,0,0,0.00,nan,4,3,1,nan,3,3,24,1,1,31,31,0,0,0,3858077917,0.03857,0.00415,0.95557,0.95635,-0.00585,-0.00028,-0.00194,0.00617,0.95635,0.00553,0.00626,3,12115,0,6339,0.00000,0.00000,0.00000,0,0,nan,0,0,0,4298,187491,0,0,0.000,0.000,0.000,0,0.000,0.000,0.000,0,0,4,0,0
PPG,1,96384,3856911552,25,488,496,0.000,0.000,0.000,0,0,0,0,0.00,nan,4,3,1,nan,3,3,24,1,1,0,0,0,0,0,3858116448,0.03638,0.00659,0.95386,0.95457,-0.00585,-0.00108,-0.00194,0.00626,0.95490,0.00690,0.00713,3,12108,0,6339,0.00000,0.00000,0.00000,0,0,nan,0,0,0,2599,187491,0,0,0.000,0.000,0.000,0,0.000,0.000,0.000,0,0,4,0,0
PPG,1,96385,3856951552,25,491,506,0.000,0.000,0.000,0,0,0,0,0.00,nan,4,3,1,nan,3,3,24,1,1,1,1,0,0,0,3858157549,0.03833,0.00513,0.95386,0.95464,-0.00718,-0.00028,-0.00221,0.00752,0.95464,0.00360,0.00752,3,12109,0,6339,0.00000,0.00000,0.00000,0,0,nan,0,0,0,4294,187491,0,0,0.000,0.000,0.000,0,0.000,0.000,0.000,0,0,4,0,0
PPG,1,96386,3856991552,25,502,505,0.000,0.000,0.000,0,0,0,0,0.00,nan,4,3,1,nan,3,3,24,1,1,2,2,0,0,0,3858196125,0.03687,0.00366,0.95654,0.95726,-0.00638,-0.00055,-0.00194,0.00669,0.95726,0.00858,0.00682,3,12184,0,6339,0.00000,0.00000,0.00000,0,0,nan,0,0,0,2597,187491,0,0,0.000,0.000,0.000,0,0.000,0.000,0.000,0,0,4,0,0
PPG,1,96387,3857031552,25,505,519,0.000,0.000,0.000,0,0,0,0,0.00,nan,4,3,1,nan,3,3,24,1,1,3,3,0,0,0,3858237226,0.03882,0.00488,0.95337,0.95417,-0.00558,-0.00028,-0.00194,0.00592,0.95755,0.01050,0.00701,3,12115,0,6339,0.00000,0.00000,0.00000,0,0,nan,0,0,0,4297,187491,0,0,0.000,0.000,0.000,0,0.000,0.000,0.000,0,0,4,0,0
PPG,1,96388,3857071552,25,492,512,0.000,0.000,0.000,0,0,0,0,0.00,nan,4,3,1,nan,3,3,24,1,1,4,4,0,0,0,3858275721,0.03613,0.00781,0.95410,0.95482,-0.00505,-0.00135,-0.00061,0.00526,0.95482,0.00161,0.00642,3,12116,0,6339,0.00000,0.00000,0.00000,0,0,nan,0,0,0,2603,187491,0,0,0.000,0.000,0.000,0,0.000,0.000,0.000,0,0,4,0,0
PPG,1,96389,3857111552,25,485,518,0.000,0.000,0.000,0,0,0,0,0.00,nan,4,3,1,nan,3,3,24,1,1,5,5,0,0,0,3858316837,0.04077,0.00537,0.94751,0.94840,-0.00585,0.00052,-0.00167,0.00611,0.95215,0.00825,0.00664,3,12117,0,6339,0.00000,0.00000,0.00000,0,0,nan,0,0,0,2600,187491,0,0,0.000,0.000,0.000,0,0.000,0.000,0.000,0,0,4,0,0
PPG,1,96390,3857151552,25,475,488,0.000,0.000,0.000,0,0,0,0,0.00,nan,4,3,1,nan,3,3,24,1,1,6,6,0,0,0,3858357941,0.03979,0.00732,0.95142,0.95228,-0.00665,-0.00055,-0.00114,0.00677,0.95312,0.00361,0.00677,3,12110,0,6339,0.00000,0.00000,0.00000,0,0,nan,0,0,0,4301,187491,0,0,0.000,0.000,0.000,0,0.000,0.000,0.000,0,0,4,0,0
PPG,1,96391,3857191552,25,497,495,0.000,0.000,0.000,0,0,0,0,0.00,nan,4,3,1,nan,3,3,24,1,1,7,7,0,0,0,3858396484,0.03809,0.00879,0.95020,0.95100,-0.00665,-0.00108,-0.00247,0.00718,0.95369,0.00255,0.00718,3,12150,0,6339,0.00000,0.00000,0.00000,0,0,nan,0,0,0,2599,187491,0,0,0.000,0.000,0.000,0,0.000,0.000,0.000,0,0,4,0,0
PPG,1,96392,3857231552,25,482,503,0.000,0.000,0.000,0,0,0,0,0.00,nan,4,3,1,nan,3,3,24,1,1,8,8,0,0,0,3858437592,0.04175,0.00171,0.94604,0.94697,-0.00585,0.00025,-0.00061,0.00589,0.95180,0.00483,0.00642,3,12116,0,6339,0.00000,0.00000,0.00000,0,0,nan,0,0,0,4299,187491,0,0,0.000,0.000,0.000,0,0.000,0.000,0.000,0,0,4,0,0
PPG,1,96393,3857271552,25,491,506,0.000,0.000,0.000,0,0,0,0,0.00,nan,4,3,1,nan,3,3,24,1,1,9,9,0,0,0,3858476097,0.03442,0.00366,0.95117,0.95180,-0.00452,-0.00161,-0.00114,0.00493,0.95390,0.00693,0.00617,3,12120,0,6339,0.00000,0.00000,0.00000,0,0,nan,0,0,0,2599,187491,0,0,0.000,0.000,0.000,0,0.000,0.000,0.000,0,0,4,0,0
PPG,1,96394,3857311552,25,510,512,0.000,0.000,0.000,0,0,0,0,0.00,nan,4,3,1,nan,3,3,24,1,1,10,10,0,0,0,3858517356,0.03662,0.00586,0.95166,0.95238,-0.00665,-0.00028,-0.00194,0.00693,0.95274,0.00094,0.00693,3,12125,0,6339,0.00000,0.00000,0.00000,0,0,nan,0,0,0,4302,187491,0,0,0.000,0.000,0.000,0,0.000,0.000,0.000,0,0,4,0,0
PPG,1,96395,3857351552,25,478,503,0.000,0.000,0.000,0,0,0,0,0.00,nan,4,3,1,nan,3,3,24,1,1,11,11,0,0,0,3858556004,0.04077,0.00317,0.95288,0.95376,-0.00532,-0.00028,-0.00247,0.00587,0.95428,0.00214,0.00657,3,12128,0,6339,0.00000,0.00000,0.00000,0,0,nan,0,0,0,2596,187491,0,0,0.000,0.000,0.000,0,0.000,0.000,0.000,0,0,4,0,0
PPG,1,96396,3857391552,25,498,507,0.000,0.000,0.000,0,0,0,0,0.00,nan,4,3,1,nan,3,3,24,1,1,12,12,0,0,0,3858597588,0.03296,0.00342,0.94385,0.94443,-0.00585,-0.00028,-0.00167,0.00609,0.94966,0.00410,0.00609,3,12256,0,6339,0.00000,0.00000,0.00000,0,0,nan,0,0,0,4339,187491,0,0,0.000,0.000,0.000,0,0.000,0.000,0.000,0,0,4,0,0
PPG,1,96397,3857431552,26,494,504,0.000,0.000,0.000,0,0,0,0,0.00,nan,4,3,1,nan,3,3,24,1,1,13,13,0,0,0,3858648535,0.03687,0.00610,0.95337,0.95410,-0.00612,-0.00055,-0.00247,0.00662,0.95620,0.01177,0.00662,3,24287,0,6340,0.00000,0.00000,0.00000,0,0,nan,0,0,0,14580,187491,0,0,0.000,0.000,0.000,0,0.000,0.000,0.000,0,0,4,0,0
PPG,1,96398,3857471552,25,493,509,0.000,0.000,0.000,0,0,0,0,0.00,nan,4,3,1,nan,3,3,24,1,1,14,14,0,0,0,3858675187,0.04004,0.00659,0.95703,0.95789,-0.00532,-0.00161,-0.00194,0.00589,0.95789,0.01023,0.00589,2,12228,0,6340,0.00000,0.00000,0.00000,0,0,nan,0,0,0,2626,187491,0,0,0.000,0.000,0.000,0,0.000,0.000,0.000,0,0,4,0,0
PPG,1,96399,3857511552,25,495,512,0.000,0.000,0.000,0,0,0,0,0.00,nan,4,3,1,nan,3,3,24,1,1,15,15,0,0,0,3858716692,0.03760,0.00781,0.94678,0.94756,-0.00532,0.00052,-0.00034,0.00535,0.95540,0.00866,0.00597,3,12246,0,6340,0.00000,0.00000,0.00000,0,0,nan,0,0,0,2643,187491,0,0,0.000,0.000,0.000,0,0.000,0.000,0.000,0,0,4,0,0
PPG,1,96400,3857551552,25,513,511,0.000,0.000,0.000,0,0,0,0,0.00,nan,4,3,1,nan,3,3,24,1,1,16,16,0,0,0,3858758161,0.03882,0.00806,0.95386,0.95468,-0.00638,-0.00108,-0.00141,0.00663,0.95468,0.00641,0.00714,3,12203,0,6340,0.00000,0.00000,0.00000,0,0,nan,0,0,0,4336,187491,0,0,0.000,0.000,0.000,0,0.000,0.000,0.000,0,0,4,0,0
PPG,1,96401,3857591552,29,484,498,0.000,0.000,0.000,0,0,0,0,0.00,nan,4,3,1,nan,3,3,24,1,1,17,17,0,0,0,3858797056,0.04126,0.00586,0.95386,0.95477,-0.00612,-0.00001,-0.00221,0.00650,0.95483,0.00232,0.00650,3,12262,0,6340,0.00000,0.00000,0.00000,0,0,nan,0,0,0,2647,187491,0,0,0.000,0.000,0.000,0,0.000,0.000,0.000,0,0,4,0,0
PPG,1,96402,3857631552,25,494,508,0.000,0.000,0.000,0,0,0,0,0.00,nan,4,3,1,nan,3,3,24,1,1,18,18,0,0,0,3858838687,0.04053,0.00610,0.94702,0.94791,-0.00532,-0.00081,-0.00087,0.00545,0.95119,0.00706,0.00685,3,12242,0,6340,0.00000,0.00000,0.00000,0,0,nan,0,0,0,4336,187491,0,0,0.000,0.000,0.000,0,0.000,0.000,0.000,0,0,4,0,0
PPG,1,96403,3857671552,25,489,507,0.000,0.000,0.000,0,0,0,0,0.00,nan,4,3,1,nan,3,3,24,1,1,19,19,0,0,0,3858877598,0.04004,0.00464,0.94971,0.95056,-0.00558,0.00025,-0.00114,0.00571,0.95056,0.00169,0.00597,3,12279,0,6340,0.00000,0.00000,0.00000,0,0,nan,0,0,0,4343,187491,0,0,0.000,0.000,0.000,0,0.000,0.000,0.000,0,0,4,0,0
PPG,1,96404,3857711552,26,496,505,0.000,0.000,0.000,0,0,0,0,0.00,nan,4,3,1,nan,3,3,24,1,1,20,20,0,0,0,3858916537,0.04272,0.00610,0.94751,0.94849,-0.00505,-0.00001,-0.00114,0.00518,0.95361,0.00324,0.00637,3,12226,0,6340,0.00000,0.00000,0.00000,0,0,nan,0,0,0,2617,187491,0,0,0.000,0.000,0.000,0,0.000,0.000,0.000,0,0,4,0,0
PPG,1,96405,3857751552,26,498,508,0.000,0.000,0.000,0,0,0,0,0.00,nan,4,3,1,nan,3,3,24,1,1,21,21,0,0,0,3858957961,0.04370,0.01074,0.94971,0.95077,-0.00585,-0.00055,-0.00194,0.00619,0.95660,0.00811,0.00619,3,12232,0,6340,0.00000,0.00000,0.00000,0,0,nan,0,0,0,4333,187491,0,0,0.000,0.000,0.000,0,0.000,0.000,0.000,0,0,4,0,0
PPG,1,96406,3857791552,25,485,512,0.000,0.000,0.000,0,0,0,0,0.00,nan,4,3,1,nan,3,3,24,1,1,22,22,0,0,0,3858996801,0.03857,0.00562,0.95068,0.95148,-0.00612,-0.00055,-0.00167,0.00637,0.95255,0.00157,0.00661,3,12246,0,6340,0.00000,0.00000,0.00000,0,0,nan,0,0,0,2623,187491,0,0,0.000,0.000,0.000,0,0.000,0.000,0.000,0,0,4,0,0
PPG,1,96407,3857831552,25,498,516,0.000,0.000,0.000,0,0,0,0,0.00,nan,4,3,1,nan,3,3,24,1,1,23,23,0,0,0,3859038284,0.04126,0.00684,0.95728,0.95819,-0.00558,-0.00028,-0.00221,0.00601,0.95819,0.00906,0.00616,3,12232,0,6340,0.00000,0.00000,0.00000,0,0,nan,0,0,0,4336,187491,0,0,0.000,0.000,0.000,0,0.000,0.000,0.000,0,0,4,0,0
PPG,1,96408,3857871552,25,496,505,0.000,0.000,0.000,0,0,0,0,0.00,nan,4,3,1,nan,3,3,24,1,1,24,24,0,0,0,3859077107,0.03589,0.00586,0.94946,0.95016,-0.00585,-0.00001,-0.00194,0.00616,0.95342,0.00477,0.00726,3,12234,0,6340,0.00000,0.00000,0.00000,0,0,nan,0,0,0,2623,187491,0,0,0.000,0.000,0.000,0,0.000,0.000,0.000,0,0,4,0,0
PPG,1,96409,3857911552,25,490,495,0.000,0.000,0.000,0,0,0,0,0.00,nan,4,3,1,nan,3,3,24,1,1,25,25,0,0,0,3859118631,0.03979,0.00684,0.95020,0.95105,-0.00638,-0.00028,-0.00141,0.00654,0.95470,0.00592,0.00654,3,12277,0,6340,0.00000,0.00000,0.00000,0,0,nan,0,0,0,4337,187491,0,0,0.000,0.000,0.000,0,0.000,0.000,0.000,0,0,4,0,0
PPG,1,96410,3857951552,26,493,510,0.000,0.000,0.000,0,0,0,0,0.00,nan,4,3,1,nan,3,3,24,1,1,26,26,0,0,0,3859157446,0.03931,0.00708,0.95264,0.95347,-0.00585,-0.00055,-0.00034,0.00589,0.95423,0.00489,0.00639,3,12214,0,6340,0.00000,0.00000,0.00000,0,0,nan,0,0,0,4328,187491,0,0,0.000,0.000,0.000,0,0.000,0.000,0.000,0,0,4,0,0
PPG,1,96411,3857991552,25,498,505,0.000,0.000,0.000,0,0,0,0,0.00,nan,4,3,1,nan,3,3,24,1,1,27,27,0,0,0,3859196272,0.03906,0.00586,0.94580,0.94663,-0.00505,-0.00001,-0.00167,0.00532,0.95734,0.00539,0.00614,3,12249,0,6340,0.00000,0.00000,0.00000,0,0,nan,0,0,0,2596,187491,0,0,0.000,0.000,0.000,0,0.000,0.000,0.000,0,0,4,0,0
PPG,1,96412,3858031552,25,501,515,0.000,0.000,0.000,0,0,0,0,0.00,nan,4,3,1,nan,3,3,24,1,1,28,28,0,0,0,3859237606,0.03638,0.00562,0.94824,0.94896,-0.00585,0.00052,-0.00061,0.00591,0.95497,0.00617,0.00591,3,12134,0,6340,0.00000,0.00000,0.00000,0,0,nan,0,0,0,4295,187491,0,0,0.000,0.000,0.000,0,0.000,0.000,0.000,0,0,4,0,0
PPG,1,96413,3858071552,25,499,499,0.000,0.000,0.000,0,0,0,0,0.00,nan,4,3,1,nan,3,3,24,1,1,29,29,0,0,0,3859276137,0.04199,0.00537,0.95313,0.95406,-0.00532,-0.00055,-0.00087,0.00542,0.95501,0.00495,0.00620,3,12114,0,6340,0.00000,0.00000,0.00000,0,0,nan,0,0,0,2594,187491,0,0,0.000,0.000,0.000,0,0.000,0.000,0.000,0,0,4,0,0
PPG,1,96414,3858111552,25,492,504,0.000,0.000,0.000,0,0,0,0,0.00,nan,4,3,1,nan,3,3,24,1,1,30,30,0,0,0,3859317335,0.03711,0.00537,0.95264,0.95337,-0.00585,0.00025,-0.00194,0.00617,0.95376,0.00057,0.00623,3,12170,0,6340,0.00000,0.00000,0.00000,0,0,nan,0,0,0,4334,187491,0,0,0.000,0.000,0.000,0,0.000,0.000,0.000,0,0,4,0,0
PPG,1,96415,3858151552,25,497,511,0.000,0.000,0.000,0,0,0,0,0.00,nan,4,3,1,nan,3,3,24,1,1,31,31,0,0,0,3859355886,0.04126,0.00342,0.94678,0.94768,-0.00612,-0.00028,-0.00061,0.00615,0.95242,0.00561,0.00642,3,12127,0,6340,0.00000,0.00000,0.00000,0,0,nan,0,0,0,2595,187491,0,0,0.000,0.000,0.000,0,0.000,0.000,0.000,0,0,4,0,0
PPG,1,96416,3858191552,25,495,507,0.000,0.000,0.000,0,0,0,0,0.00,nan,4,3,1,nan,3,3,24,1,1,0,0,0,0,0,3859397008,0.03979,0.00439,0.95313,0.95397,-0.00558,-0.00108,-0.00247,0.00620,0.95465,0.00963,0.00630,3,12128,0,6340,0.00000,0.00000,0.00000,0,0,nan,0,0,0,2595,187491,0,0,0.000,0.000,0.000,0,0.000,0.000,0.000,0,0,4,0,0
PPG,1,96417,3858231552,25,480,504,0.000,0.000,0.000,0,0,0,0,0.00,nan,4,3,1,nan,3,3,24,1,1,1,1,0,0,0,3859438160,0.04175,0.00659,0.95068,0.95162,-0.00745,-0.00081,-0.00221,0.00781,0.95624,0.01010,0.00781,3,12120,0,6340,0.00000,0.00000,0.00000,0,0,nan,0,0,0,4301,187491,0,0,0.000,0.000,0.000,0,0.000,0.000,0.000,0,0,4,0,0
PPG,1,96418,3858271552,25,488,494,0.000,0.000,0.000,0,0,0,0,0.00,nan,4,3,1,nan,3,3,24,1,1,2,2,0,0,0,3859476669,0.04199,0.00415,0.95166,0.95260,-0.00479,-0.00161,-0.00247,0.00562,0.95305,0.00540,0.00643,3,12113,0,6340,0.00000,0.00000,0.00000,0,0,nan,0,0,0,2604,187491,0,0,0.000,0.000,0.000,0,0.000,0.000,0.000,0,0,4,0,0
PPG,1,96419,3858311552,25,497,502,0.000,0.000,0.000,0,0,0,0,0.00,nan,4,3,1,nan,3,3,24,1,1,3,3,0,0,0,3859517786,0.03857,0.00806,0.95703,0.95784,-0.00612,-0.00055,-0.00034,0.00615,0.95994,0.00734,0.00625,3,12120,0,6340,0.00000,0.00000,0.00000,0,0,nan,0,0,0,4307,187491,0,0,0.000,0.000,0.000,0,0.000,0.000,0.000,0,0,4,0,0
PPG,1,96420,3858351552,25,501,515,0.000,0.000,0.000,0,0,0,0,0.00,nan,4,3,1,nan,3,3,24,1,1,4,4,0,0,0,3859556337,0.04053,0.00439,0.95776,0.95863,-0.00612,0.00052,-0.00114,0.00624,0.95863,0.01273,0.00634,3,12123,0,6340,0.00000,0.00000,0.00000,0,0,nan,0,0,0,2599,187491,0,0,0.000,0.000,0.000,0,0.000,0.000,0.000,0,0,4,0,0
PPG,1,96421,3858391552,25,498,508,0.000,0.000,0.000,0,0,0,0,0.00,nan,4,3,1,nan,3,3,24,1,1,5,5,0,0,0,3859597494,0.03687,0.00781,0.95142,0.95216,-0.00638,-0.00081,-0.00114,0.00654,0.95216,0.00672,0.00673,3,12113,0,6340,0.00000,0.00000,0.00000,0,0,nan,0,0,0,4294,187491,0,0,0.000,0.000,0.000,0,0.000,0.000,0.000,0,0,4,0,0
PPG,1,96422,3858431552,24,494,516,0.000,0.000,0.000,0,0,0,0,0.00,nan,4,3,1,nan,3,3,24,1,1,6,6,0,0,0,3859647951,0.04102,0.00854,0.95068,0.95161,-0.00452,-0.00055,-0.00141,0.00476,0.95200,0.00392,0.00630,3,24044,0,6341,0.00000,0.00000,0.00000,0,0,nan,0,0,0,14452,187491,0,0,0.000,0.000,0.000,0,0.000,0.000,0.000,0,0,4,0,0
PPG,1,96423,3858471552,25,484,495,0.000,0.000,0.000,0,0,0,0,0.00,nan,4,3,1,nan,3,3,24,1,1,7,7,0,0,0,3859674423,0.04028,0.00781,0.95703,0.95791,-0.00532,-0.00161,-0.00194,0.00589,0.95791,0.00803,0.00623,2,12151,0,6341,0.00000,0.00000,0.00000,0,0,nan,0,0,0,2587,187491,0,0,0.000,0.000,0.000,0,0.000,0.000,0.000,0,0,4,0,0
PPG,1,96424,3858511552,25,479,502,0.000,0.000,0.000,0,0,0,0,0.00,nan,4,3,1,nan,3,3,24,1,1,8,8,0,0,0,3859718134,0.03491,0.00806,0.95508,0.95575,-0.00612,-0.00001,-0.00141,0.00628,0.95801,0.00892,0.00628,3,12121,0,6341,0.00000,0.00000,0.00000,0,0,nan,0,0,0,4300,187491,0,0,0.000,0.000,0.000,0,0.000,0.000,0.000,0,0,4,0,0
PPG,1,96425,3858551552,25,480,505,0.000,0.000,0.000,0,0,0,0,0.00,nan,4,3,1,nan,3,3,24,1,1,9,9,0,0,0,3859757042,0.03857,0.00708,0.95020,0.95100,-0.00612,-0.00028,-0.00114,0.00623,0.95755,0.00655,0.00625,3,12226,0,6341,0.00000,0.00000,0.00000,0,0,nan,0,0,0,2605,187491,0,0,0.000,0.000,0.000,0,0.000,0.000,0.000,0,0,4,0,0
PPG,1,96426,3858591552,25,490,512,0.000,0.000,0.000,0,0,0,0,0.00,nan,4,3,1,nan,3,3,24,1,1,10,10,0,0,0,3859798200,0.03760,0.00903,0.95166,0.95245,-0.00612,0.00025,-0.00167,0.00635,0.95249,0.00612,0.00635,3,12116,0,6341,0.00000,0.00000,0.00000,0,0,nan,0,0,0,4298,187491,0,0,0.000,0.000,0.000,0,0.000,0.000,0.000,0,0,4,0,0
PPG,1,96427,3858631552,25,497,491,0.000,0.000,0.000,0,0,0,0,0.00,nan,4,3,1,nan,3,3,24,1,1,11,11,0,0,0,3859836768,0.03906,0.00610,0.95532,0.95614,-0.00665,-0.00135,-0.00141,0.00693,0.95614,0.00243,0.00693,3,12181,0,6341,0.00000,0.00000,0.00000,0,0,nan,0,0,0,2595,187491,0,0,0.000,0.000,0.000,0,0.000,0.000,0.000,0,0,4,0,0
PPG,1,96428,3858671552,25,494,510,0.000,0.000,0.000,0,0,0,0,0.00,nan,4,3,1,nan,3,3,24,1,1,12,12,0,0,0,3859878012,0.03711,0.00610,0.95313,0.95387,-0.00665,0.00052,-0.00221,0.00703,0.95482,0.00347,0.00703,3,12104,0,6341,0.00000,0.00000,0.00000,0,0,nan,0,0,0,4294,187491,0,0,0.000,0.000,0.000,0,0.000,0.000,0.000,0,0,4,0,0
PPG,1,96429,3858711552,25,498,514,0.000,0.000,0.000,0,0,0,0,0.00,nan,4,3,1,nan,3,3,24,1,1,13,13,0,0,0,3859955957,0.03760,0.00659,0.95508,0.95584,-0.00585,-0.00028,-0.00247,0.00636,0.96013,0.00626,0.00636,2,63639,0,6346,0.00000,0.00000,0.00000,0,0,nan,0,0,0,59161,187491,0,0,0.000,0.000,0.000,0,0.000,0.000,0.000,0,0,4,0,0
PPG,1,96430,3858751552,25,497,509,0.000,0.000,0.000,0,0,0,0,0.00,nan,4,3,1,nan,3,3,24,1,1,14,14,0,0,0,3859955957,0.03760,0.00659,0.95508,0.95584,-0.00585,-0.00028,-0.00247,0.00636,0.00000,0.00000,0.00000,0,63639,0,6346,0.00000,0.00000,0.00000,0,0,nan,0,0,0,11734,187491,0,0,0.000,0.000,0.000,0,0.000,0.000,0.000,0,0,4,0,0
PPG,1,96431,3858791552,24,490,511,0.000,0.000,0.000,0,0,0,0,0.00,nan,4,3,1,nan,3,3,24,1,1,15,15,0,0,0,3860002255,0.03784,0.00610,0.94482,0.94560,-0.00638,-0.00055,-0.00087,0.00647,0.95651,0.01091,0.00647,3,12270,0,6347,0.00000,0.00000,0.00000,0,0,nan,0,0,0,2618,187491,0,0,0.000,0.000,0.000,0,0.000,0.000,0.000,0,0,4,0,0
PPG,1,96432,3858831552,25,490,513,0.000,0.000,0.000,0,0,0,0,0.00,nan,4,3,1,nan,3,3,24,1,1,16,16,0,0,0,3860041078,0.03882,0.01050,0.95288,0.95373,-0.00532,0.00052,-0.00141,0.00553,0.95373,0.00431,0.00773,3,12256,0,6347,0.00000,0.00000,0.00000,0,0,nan,0,0,0,2600,187491,0,0,0.000,0.000,0.000,0,0.000,0.000,0.000,0,0,4,0,0
PPG,1,96433,3858871552,33,493,503,0.000,0.000,0.000,0,0,0,0,0.00,nan,4,3,1,nan,3,3,24,1,1,17,17,0,0,0,3860079958,0.03687,0.00488,0.94727,0.94800,-0.00612,-0.00055,-0.00274,0.00672,0.95481,0.00681,0.00672,3,12245,0,6347,0.00000,0.00000,0.00000,0,0,nan,0,0,0,4339,187491,0,0,0.000,0.000,0.000,0,0.000,0.000,0.000,0,0,4,0,0
PPG,1,96434,3858911552,26,486,504,0.000,0.000,0.000,0,0,0,0,0.00,nan,4,3,1,nan,3,3,24,1,1,18,18,0,0,0,3860118809,0.03882,0.00684,0.95776,0.95857,-0.00585,0.00052,-0.00167,0.00611,0.95857,0.00487,0.00735,3,12249,0,6347,0.00000,0.00000,0.00000,0,0,nan,0,0,0,4346,187491,0,0,0.000,0.000,0.000,0,0.000,0.000,0.000,0,0,4,0,0
PPG,1,96435,3858951552,25,493,511,0.000,0.000,0.000,0,0,0,0,0.00,nan,4,3,1,nan,3,3,24,1,1,19,19,0,0,0,3860157781,0.03662,0.00732,0.95483,0.95556,-0.00638,-0.00001,-0.00141,0.00654,0.95556,0.00698,0.00654,3,12256,0,6347,0.00000,0.00000,0.00000,0,0,nan,0,0,0,4363,187491,0,0,0.000,0.000,0.000,0,0.000,0.000,0.000,0,0,4,0,0
PPG,1,96436,3858991552,29,487,509,0.000,0.000,0.000,0,0,0,0,0.00,nan,4,3,1,nan,3,3,24,1,1,20,20,0,0,0,3860196670,0.03979,0.00415,0.95630,0.95714,-0.00638,-0.00135,-0.00034,0.00653,0.95714,0.01082,0.00653,3,12256,0,6347,0.00000,0.00000,0.00000,0,0,nan,0,0,0,2629,187491,0,0,0.000,0.000,0.000,0,0.000,0.000,0.000,0,0,4,0,0
PPG,1,96437,3859031552,27,494,512,0.000,0.000,0.000,0,0,0,0,0.00,nan,4,3,1,nan,3,3,24,1,1,21,21,0,0,0,3860238184,0.04077,0.00488,0.95068,0.95157,-0.00612,-0.00081,-0.00034,0.00618,0.95157,0.01005,0.00645,3,12255,0,6347,0.00000,0.00000,0.00000,0,0,nan,0,0,0,4343,187491,0,0,0.000,0.000,0.000,0,0.000,0.000,0.000,0,0,4,0,0
PPG,1,96438,3859071552,26,486,510,0.000,0.000,0.000,0,0,0,0,0.00,nan,4,3,1,nan,3,3,24,1,1,22,22,0,0,0,3860277038,0.04053,0.00635,0.95410,0.95498,-0.00612,-0.00028,-0.00167,0.00635,0.95498,0.00319,0.00669,3,12203,0,6347,0.00000,0.00000,0.00000,0,0,nan,0,0,0,2612,187491,0,0,0.000,0.000,0.000,0,0.000,0.000,0.000,0,0,4,0,0
PPG,1,96439,3859111552,25,497,508,0.000,0.000,0.000,0,0,0,0,0.00,nan,4,3,1,nan,3,3,24,1,1,23,23,0,0,0,3860318500,0.03613,0.00708,0.95386,0.95457,-0.00612,-0.00055,-0.00167,0.00637,0.95589,0.00878,0.00662,3,12234,0,6347,0.00000,0.00000,0.00000,0,0,nan,0,0,0,4331,187491,0,0,0.000,0.000,0.000,0,0.000,0.000,0.000,0,0,4,0,0
PPG,1,96440,3859151552,26,491,497,0.000,0.000,0.000,0,0,0,0,0.00,nan,4,3,1,nan,3,3,24,1,1,24,24,0,0,0,3860357343,0.03857,0.00879,0.95068,0.95151,-0.00479,-0.00028,-0.00194,0.00517,0.95503,0.00353,0.00646,3,12225,0,6347,0.00000,0.00000,0.00000,0,0,nan,0,0,0,2624,187491,0,0,0.000,0.000,0.000,0,0.000,0.000,0.000,0,0,4,0,0
PPG,1,96441,3859191552,25,491,504,0.000,0.000,0.000,0,0,0,0,0.00,nan,4,3,1,nan,3,3,24,1,1,25,25,0,0,0,3860398803,0.03833,0.00415,0.95166,0.95244,-0.00612,-0.00028,-0.00221,0.00651,0.95244,0.00134,0.00651,3,12248,0,6347,0.00000,0.00000,0.00000,0,0,nan,0,0,0,4335,187491,0,0,0.000,0.000,0.000,0,0.000,0.000,0.000,0,0,4,0,0
PPG,1,96442,3859231552,26,498,508,0.000,0.000,0.000,0,0,0,0,0.00,nan,4,3,1,nan,3,3,24,1,1,26,26,0,0,0,3860437670,0.03833,0.00610,0.95508,0.95587,-0.00505,-0.00028,-0.00221,0.00552,0.95826,0.00372,0.00642,3,12240,0,6347,0.00000,0.00000,0.00000,0,0,nan,0,0,0,4350,187491,0,0,0.000,0.000,0.000,0,0.000,0.000,0.000,0,0,4,0,0
PPG,1,96443,3859271552,25,493,509,0.000,0.000,0.000,0,0,0,0,0.00,nan,4,3,1,nan,3,3,24,1,1,27,27,0,0,0,3860476553,0.04077,0.00293,0.95459,0.95546,-0.00532,-0.00081,-0.00087,0.00545,0.95546,0.00268,0.00658,3,12244,0,6347,0.00000,0.00000,0.00000,0,0,nan,0,0,0,2630,187491,0,0,0.000,0.000,0.000,0,0.000,0.000,0.000,0,0,4,0,0
PPG,1,96444,3859311552,25,498,519,0.000,0.000,0.000,0,0,0,0,0.00,nan,4,3,1,nan,3,3,24,1,1,28,28,0,0,0,3860518012,0.03589,0.00488,0.95142,0.95211,-0.00612,-0.00055,-0.00141,0.00630,0.95824,0.00528,0.00630,3,12241,0,6347,0.00000,0.00000,0.00000,0,0,nan,0,0,0,4320,187491,0,0,0.000,0.000,0.000,0,0.000,0.000,0.000,0,0,4,0,0
PPG,1,96445,3859351552,25,485,504,0.000,0.000,0.000,0,0,0,0,0.00,nan,4,3,1,nan,3,3,24,1,1,29,29,0,0,0,3860556857,0.04053,0.00562,0.94751,0.94839,-0.00505,-0.00055,-0.00141,0.00527,0.95845,0.01006,0.00566,3,12177,0,6347,0.00000,0.00000,0.00000,0,0,nan,0,0,0,2600,187491,0,0,0.000,0.000,0.000,0,0.000,0.000,0.000,0,0,4,0,0
PPG,1,96446,3859391552,26,501,511,0.000,0.000,0.000,0,0,0,0,0.00,nan,4,3,1,nan,3,3,24,1,1,30,30,0,0,0,3860598110,0.03760,0.00781,0.95337,0.95414,-0.00612,-0.00055,-0.00114,0.00625,0.95414,0.00799,0.00625,3,12117,0,6347,0.00000,0.00000,0.00000,0,0,nan,0,0,0,4298,187491,0,0,0.000,0.000,0.000,0,0.000,0.000,0.000,0,0,4,0,0
PPG,1,96447,3859431552,23,500,516,0.000,0.000,0.000,0,0,0,0,0.00,nan,4,3,1,nan,3,3,24,1,1,31,31,0,0,0,3860648557,0.03687,0.00562,0.95264,0.95337,-0.00479,-0.00081,-0.00194,0.00523,0.95465,0.00148,0.00663,3,24061,0,6348,0.00000,0.00000,0.00000,0,0,nan,0,0,0,14498,187491,0,0,0.000,0.000,0.000,0,0.000,0.000,0.000,0,0,4,0,0
PPG,1,96448,3859471552,25,504,517,0.000,0.000,0.000,0,0,0,0,0.00,nan,4,3,1,nan,3,3,24,1,1,0,0,0,0,0,3860675157,0.03833,0.00659,0.95581,0.95660,-0.00558,-0.00028,-0.00167,0.00584,0.95971,0.00634,0.00625,2,12165,0,6348,0.00000,0.00000,0.00000,0,0,nan,0,0,0,2605,187491,0,0,0.000,0.000,0.000,0,0.000,0.000,0.000,0,0,4,0,0
PPG,1,96449,3859511552,25,504,514,0.000,0.000,0.000,0,0,0,0,0.00,nan,4,3,1,nan,3,3,24,1,1,1,1,0,0,0,3860716297,0.03687,0.00220,0.95459,0.95530,-0.00638,-0.00135,-0.00274,0.00708,0.95708,0.00216,0.00708,3,12130,0,6348,0.00000,0.00000,0.00000,0,0,nan,0,0,0,2601,187491,0,0,0.000,0.000,0.000,0,0.000,0.000,0.000,0,0,4,0,0
PPG,1,96450,3859551552,25,479,501,0.000,0.000,0.000,0,0,0,0,0.00,nan,4,3,1,nan,3,3,24,1,1,2,2,0,0,0,3860757501,0.03711,0.00635,0.95508,0.95582,-0.00505,-0.00081,-0.00087,0.00519,0.95980,0.01083,0.00591,3,12177,0,6348,0.00000,0.00000,0.00000,0,0,nan,0,0,0,2599,187491,0,0,0.000,0.000,0.000,0,0.000,0.000,0.000,0,0,4,0,0
PPG,1,96451,3859591552,25,490,499,0.000,0.000,0.000,0,0,0,0,0.00,nan,4,3,1,nan,3,3,24,1,1,3,3,0,0,0,3860798606,0.03833,0.00977,0.94995,0.95077,-0.00558,-0.00135,-0.00167,0.00598,0.95383,0.00321,0.00598,3,12119,0,6348,0.00000,0.00000,0.00000,0,0,nan,0,0,0,4295,187491,0,0,0.000,0.000,0.000,0,0.000,0.000,0.000,0,0,4,0,0
PPG,1,96452,3859631552,25,487,500,0.000,0.000,0.000,0,0,0,0,0.00,nan,4,3,1,nan,3,3,24,1,1,4,4,0,0,0,3860837116,0.03809,0.00439,0.95703,0.95780,-0.00612,-0.00028,-0.00167,0.00635,0.95853,0.00927,0.00647,3,12122,0,6348,0.00000,0.00000,0.00000,0,0,nan,0,0,0,2599,187491,0,0,0.000,0.000,0.000,0,0.000,0.000,0.000,0,0,4,0,0
PPG,1,96453,3859671552,25,501,512,0.000,0.000,0.000,0,0,0,0,0.00,nan,4,3,1,nan,3,3,24,1,1,5,5,0,0,0,3860878277,0.04248,0.00781,0.95117,0.95215,-0.00505,-0.00028,-0.00087,0.00513,0.95545,0.00330,0.00583,3,12119,0,6348,0.00000,0.00000,0.00000,0,0,nan,0,0,0,4304,187491,0,0,0.000,0.000,0.000,0,0.000,0.000,0.000,0,0,4,0,0
PPG,1,96454,3859711552,25,499,517,0.000,0.000,0.000,0,0,0,0,0.00,nan,4,3,1,nan,3,3,24,1,1,6,6,0,0,0,3860916829,0.04053,0.00610,0.95093,0.95181,-0.00585,-0.00028,-0.00141,0.00602,0.95181,0.00478,0.00602,3,12148,0,6348,0.00000,0.00000,0.00000,0,0,nan,0,0,0,2602,187491,0,0,0.000,0.000,0.000,0,0.000,0.000,0.000,0,0,4,0,0
PPG,1,96455,3859751552,25,482,507,0.000,0.000,0.000,0,0,0,0,0.00,nan,4,3,1,nan,3,3,24,1,1,7,7,0,0,0,3860957991,0.03809,0.00317,0.95728,0.95804,-0.00585,-0.00108,-0.00167,0.00618,0.95804,0.00617,0.00686,3,12145,0,6348,0.00000,0.00000,0.00000,0,0,nan,0,0,0,4301,187491,0,0,0.000,0.000,0.000,0,0.000,0.000,0.000,0,0,4,0,0
PPG,1,96456,3859791552,25,488,492,0.000,0.000,0.000,0,0,0,0,0.00,nan,4,3,1,nan,3,3,24,1,1,8,8,0,0,0,3860996496,0.03882,0.00610,0.95410,0.95491,-0.00532,-0.00081,-0.00167,0.00563,0.95491,0.00669,0.00647,3,12112,0,6348,0.00000,0.00000,0.00000,0,0,nan,0,0,0,2599,187491,0,0,0.000,0.000,0.000,0,0.000,0.000,0.000,0,0,4,0,0
PPG,1,96457,3859831552,25,493,517,0.000,0.000,0.000,0,0,0,0,0.00,nan,4,3,1,nan,3,3,24,1,1,9,9,0,0,0,3861037600,0.03784,0.00781,0.94800,0.94879,-0.00665,0.00079,-0.00354,0.00757,0.95170,0.00321,0.00757,3,12121,0,6348,0.00000,0.00000,0.00000,0,0,nan,0,0,0,2597,187491,0,0,0.000,0.000,0.000,0,0.000,0.000,0.000,0,0,4,0,0
PPG,1,96458,3859871552,25,492,506,0.000,0.000,0.000,0,0,0,0,0.00,nan,4,3,1,nan,3,3,24,1,1,10,10,0,0,0,3861078752,0.03687,0.00977,0.94531,0.94608,-0.00585,-0.00028,-0.00167,0.00609,0.95593,0.00715,0.00609,3,12129,0,6348,0.00000,0.00000,0.00000,0,0,nan,0,0,0,4297,187491,0,0,0.000,0.000,0.000,0,0.000,0.000,0.000,0,0,4,0,0
PPG,1,96459,3859911552,25,505,510,0.000,0.000,0.000,0,0,0,0,0.00,nan,4,3,1,nan,3,3,24,1,1,11,11,0,0,0,3861117264,0.03955,0.00146,0.94971,0.95053,-0.00558,0.00025,-0.00167,0.00583,0.95373,0.00765,0.00703,3,12125,0,6348,0.00000,0.00000,0.00000,0,0,nan,0,0,0,2596,187491,0,0,0.000,0.000,0.000,0,0.000,0.000,0.000,0,0,4,0,0
PPG,1,96460,3859951552,25,510,519,0.000,0.000,0.000,0,0,0,0,0.00,nan,4,3,1,nan,3,3,24,1,1,12,12,0,0,0,3861158413,0.03711,0.00684,0.95166,0.95241,-0.00558,-0.00055,-0.00221,0.00603,0.95543,0.00565,0.00604,3,12146,0,6348,0.00000,0.00000,0.00000,0,0,nan,0,0,0,4297,187491,0,0,0.000,0.000,0.000,0,0.000,0.000,0.000,0,0,4,0,0
PPG,1,96461,3859991552,25,488,517,0.000,0.000,0.000,0,0,0,0,0.00,nan,4,3,1,nan,3,3,24,1,1,13,13,0,0,0,3861196965,0.03857,0.00830,0.95117,0.95199,-0.00718,-0.00055,-0.00194,0.00746,0.95297,0.00812,0.00746,3,12119,0,6348,0.00000,0.00000,0.00000,0,0,nan,0,0,0,2599,187491,0,0,0.000,0.000,0.000,0,0.000,0.000,0.000,0,0,4,0,0
PPG,1,96462,3860031552,25,483,494,0.000,0.000,0.000,0,0,0,0,0.00,nan,4,3,1,nan,3,3,24,1,1,14,14,0,0,0,3861238092,0.03369,0.00684,0.95557,0.95618,-0.00612,-0.00001,-0.00194,0.00642,0.95618,0.00448,0.00685,3,12124,0,6348,0.00000,0.00000,0.00000,0,0,nan,0,0,0,4304,187491,0,0,0.000,0.000,0.000,0,0.000,0.000,0.000,0,0,4,0,0
PPG,1,96463,3860071552,25,493,496,0.000,0.000,0.000,0,0,0,0,0.00,nan,4,3,1,nan,3,3,24,1,1,15,15,0,0,0,3861276627,0.03662,0.00757,0.95850,0.95923,-0.00505,-0.00055,-0.00247,0.00565,0.95923,0.00527,0.00710,3,12116,0,6348,0.00000,0.00000,0.00000,0,0,nan,0,0,0,2595,187491,0,0,0.000,0.000,0.000,0,0.000,0.000,0.000,0,0,4,0,0
PPG,1,96464,3860111552,25,488,508,0.000,0.000,0.000,0,0,0,0,0.00,nan,4,3,1,nan,3,3,24,1,1,16,16,0,0,0,3861317721,0.04053,0.00928,0.94727,0.94818,-0.00532,-0.00001,-0.00247,0.00586,0.95047,0.01315,0.00661,3,12109,0,6348,0.00000,0.00000,0.00000,0,0,nan,0,0,0,2602,187491,0,0,0.000,0.000,0.000,0,0.000,0.000,0.000,0,0,4,0,0
PPG,1,96465,3860151552,25,494,501,0.000,0.000,0.000,0,0,0,0,0.00,nan,4,3,1,nan,3,3,24,1,1,17,17,0,0,0,3861358848,0.03491,0.00610,0.95410,0.95476,-0.00505,-0.00001,-0.00167,0.00532,0.95476,0.00542,0.00598,3,12127,0,6348,0.00000,0.00000,0.00000,0,0,nan,0,0,0,4319,187491,0,0,0.000,0.000,0.000,0,0.000,0.000,0.000,0,0,4,0,0
PPG,1,96466,3860191552,25,499,511,0.000,0.000,0.000,0,0,0,0,0.00,nan,4,3,1,nan,3,3,24,1,1,18,18,0,0,0,3861397406,0.03271,0.00732,0.95459,0.95518,-0.00558,-0.00001,-0.00221,0.00600,0.95518,0.01108,0.00637,3,12139,0,6348,0.00000,0.00000,0.00000,0,0,nan,0,0,0,2595,187491,0,0,0.000,0.000,0.000,0,0.000,0.000,0.000,0,0,4,0,0
PPG,1,96467,3860231552,26,491,513,0.000,0.000,0.000,0,0,0,0,0.00,nan,4,3,1,nan,3,3,24,1,1,19,19,0,0,0,3861438499,0.03979,0.00830,0.95117,0.95204,-0.00558,0.00052,-0.00247,0.00613,0.95204,0.00427,0.00613,3,12108,0,6348,0.00000,0.00000,0.00000,0,0,nan,0,0,0,4295,187491,0,0,0.000,0.000,0.000,0,0.000,0.000,0.000,0,0,4,0,0
PPG,1,96468,3860271552,25,480,510,0.000,0.000,0.000,0,0,0,0,0.00,nan,4,3,1,nan,3,3,24,1,1,20,20,0,0,0,3861477042,0.03784,0.00757,0.95288,0.95366,-0.00558,-0.00055,-0.00247,0.00613,0.95366,0.00679,0.00714,3,12147,0,6348,0.00000,0.00000,0.00000,0,0,nan,0,0,0,2601,187491,0,0,0.000,0.000,0.000,0,0.000,0.000,0.000,0,0,4,0,0
PPG,1,96469,3860311552,25,478,507,0.000,0.000,0.000,0,0,0,0,0.00,nan,4,3,1,nan,3,3,24,1,1,21,21,0,0,0,3861518156,0.03564,0.00830,0.95410,0.95480,-0.00612,-0.00055,-0.00141,0.00630,0.95480,0.00261,0.00653,3,12114,0,6348,0.00000,0.00000,0.00000,0,0,nan,0,0,0,4303,187491,0,0,0.000,0.000,0.000,0,0.000,0.000,0.000,0,0,4,0,0
PPG,1,96470,3860351552,25,495,499,0.000,0.000,0.000,0,0,0,0,0.00,nan,4,3,1,nan,3,3,24,1,1,22,22,0,0,0,3861556666,0.04053,0.00806,0.94678,0.94768,-0.00612,0.00025,-0.00194,0.00642,0.95670,0.00902,0.00642,3,12110,0,6348,0.00000,0.00000,0.00000,0,0,nan,0,0,0,2605,187491,0,0,0.000,0.000,0.000,0,0.000,0.000,0.000,0,0,4,0,0
PPG,1,96471,3860391552,25,493,511,0.000,0.000,0.000,0,0,0,0,0.00,nan,4,3,1,nan,3,3,24,1,1,23,23,0,0,0,3861597835,0.04028,0.00659,0.95020,0.95107,-0.00585,0.00025,-0.00114,0.00597,0.95534,0.00766,0.00680,3,12124,0,6348,0.00000,0.00000,0.00000,0,0,nan,0,0,0,2596,187491,0,0,0.000,0.000,0.000,0,0.000,0.000,0.000,0,0,4,0,0
PPG,1,96472,3860431552,24,491,511,0.000,0.000,0.000,0,0,0,0,0.00,nan,4,3,1,nan,3,3,24,1,1,24,24,0,0,0,3861648269,0.04004,0.00635,0.94946,0.95033,-0.00558,-0.00028,-0.00167,0.00584,0.95772,0.00896,0.00661,3,21423,0,6349,0.00000,0.00000,0.00000,0,0,nan,0,0,0,14447,187491,0,0,0.000,0.000,0.000,0,0.000,0.000,0.000,0,0,4,0,0
PPG,1,96473,3860471552,25,494,515,0.000,0.000,0.000,0,0,0,0,0.00,nan,4,3,1,nan,3,3,24,1,1,25,25,0,0,0,3861674809,0.03760,0.00684,0.95044,0.95121,-0.00612,-0.00081,-0.00167,0.00639,0.95611,0.00578,0.00639,2,12191,0,6349,0.00000,0.00000,0.00000,0,0,nan,0,0,0,2621,187491,0,0,0.000,0.000,0.000,0,0.000,0.000,0.000,0,0,4,0,0
PPG,1,96474,3860511552,26,488,515,0.000,0.000,0.000,0,0,0,0,0.00,nan,4,3,1,nan,3,3,24,1,1,26,26,0,0,0,3861718965,0.04053,0.00659,0.95117,0.95206,-0.00585,-0.00055,-0.00221,0.00628,0.95863,0.00657,0.00676,3,12110,0,6349,0.00000,0.00000,0.00000,0,0,nan,0,0,0,4298,187491,0,0,0.000,0.000,0.000,0,0.000,0.000,0.000,0,0,4,0,0
PPG,1,96475,3860551552,25,505,520,0.000,0.000,0.000,0,0,0,0,0.00,nan,4,3,1,nan,3,3,24,1,1,27,27,0,0,0,3861757455,0.03809,0.00635,0.94653,0.94732,-0.00585,-0.00055,-0.00221,0.00628,0.95374,0.00480,0.00791,3,12111,0,6349,0.00000,0.00000,0.00000,0,0,nan,0,0,0,2598,187491,0,0,0.000,0.000,0.000,0,0.000,0.000,0.000,0,0,4,0,0
PPG,1,96476,3860591552,25,504,512,0.000,0.000,0.000,0,0,0,0,0.00,nan,4,3,1,nan,3,3,24,1,1,28,28,0,0,0,3861798692,0.04004,0.00488,0.95215,0.95300,-0.00638,-0.00081,-0.00167,0.00665,0.95629,0.00897,0.00665,3,12197,0,6349,0.00000,0.00000,0.00000,0,0,nan,0,0,0,4323,187491,0,0,0.000,0.000,0.000,0,0.000,0.000,0.000,0,0,4,0,0
PPG,1,96477,3860631552,27,496,502,0.000,0.000,0.000,0,0,0,0,0.00,nan,4,3,1,nan,3,3,24,1,1,29,29,0,0,0,3861837389,0.04150,0.00342,0.94946,0.95038,-0.00612,-0.00081,-0.00167,0.00639,0.95194,0.00641,0.00639,3,12286,0,6349,0.00000,0.00000,0.00000,0,0,nan,0,0,0,2598,187491,0,0,0.000,0.000,0.000,0,0.000,0.000,0.000,0,0,4,0,0
PPG,1,96478,3860671552,29,497,506,0.000,0.000,0.000,0,0,0,0,0.00,nan,4,3,1,nan,3,3,24,1,1,30,30,0,0,0,3861878785,0.03955,0.00708,0.94775,0.94861,-0.00558,-0.00028,-0.00114,0.00571,0.95596,0.00787,0.00578,3,12312,0,6349,0.00000,0.00000,0.00000,0,0,nan,0,0,0,4332,187491,0,0,0.000,0.000,0.000,0,0.000,0.000,0.000,0,0,4,0,0
PPG,1,96479,3860711552,25,495,508,0.000,0.000,0.000,0,0,0,0,0.00,nan,4,3,1,nan,3,3,24,1,1,31,31,0,0,0,3861917721,0.03906,0.01196,0.94824,0.94912,-0.00558,-0.00028,-0.00274,0.00623,0.95644,0.00784,0.00651,3,12259,0,6349,0.00000,0.00000,0.00000,0,0,nan,0,0,0,2632,187491,0,0,0.000,0.000,0.000,0,0.000,0.000,0.000,0,0,4,0,0
PPG,1,96480,3860751552,25,492,502,0.000,0.000,0.000,0,0,0,0,0.00,nan,4,3,1,nan,3,3,24,1,1,0,0,0,0,0,3861959178,0.03784,0.00342,0.94653,0.94730,-0.00665,-0.00108,-0.00167,0.00694,0.95429,0.00517,0.00694,3,12203,0,6349,0.00000,0.00000,0.00000,0,0,nan,0,0,0,4320,187491,0,0,0.000,0.000,0.000,0,0.000,0.000,0.000,0,0,4,0,0
PPG,1,96481,3860791552,30,492,515,0.000,0.000,0.000,0,0,0,0,0.00,nan,4,3,1,nan,3,3,24,1,1,1,1,0,0,0,3861998093,0.03711,0.00732,0.95264,0.95339,-0.00585,-0.00108,-0.00221,0.00635,0.95339,0.00466,0.00637,3,12245,0,6349,0.00000,0.00000,0.00000,0,0,nan,0,0,0,4344,187491,0,0,0.000,0.000,0.000,0,0.000,0.000,0.000,0,0,4,0,0
PPG,1,96482,3860831552,25,490,513,0.000,0.000,0.000,0,0,0,0,0.00,nan,4,3,1,nan,3,3,24,1,1,2,2,0,0,0,3862036997,0.03589,0.00708,0.95874,0.95944,-0.00638,-0.00055,-0.00194,0.00669,0.95944,0.01012,0.00720,3,12252,0,6349,0.00000,0.00000,0.00000,0,0,nan,0,0,0,2612,187491,0,0,0.000,0.000,0.000,0,0.000,0.000,0.000,0,0,4,0,0
PPG,1,96483,3860871552,26,501,522,0.000,0.000,0.000,0,0,0,0,0.00,nan,4,3,1,nan,3,3,24,1,1,3,3,0,0,0,3862078450,0.04053,0.00513,0.95215,0.95302,-0.00585,-0.00028,-0.00274,0.00647,0.95689,0.00779,0.00669,3,12255,0,6349,0.00000,0.00000,0.00000,0,0,nan,0,0,0,4336,187491,0,0,0.000,0.000,0.000,0,0.000,0.000,0.000,0,0,4,0,0
PPG,1,96484,3860911552,30,489,504,0.000,0.000,0.000,0,0,0,0,0.00,nan,4,3,1,nan,3,3,24,1,1,4,4,0,0,0,3862117328,0.04150,0.00098,0.95313,0.95403,-0.00585,-0.00055,-0.00141,0.00604,0.95751,0.00448,0.00632,3,12220,0,6349,0.00000,0.00000,0.00000,0,0,nan,0,0,0,2618,187491,0,0,0.000,0.000,0.000,0,0.000,0.000,0.000,0,0,4,0,0
PPG,1,96485,3860951552,27,493,507,0.000,0.000,0.000,0,0,0,0,0.00,nan,4,3,1,nan,3,3,24,1,1,5,5,0,0,0,3862158851,0.04004,0.00317,0.95068,0.95153,-0.00585,-0.00028,-0.00221,0.00626,0.95669,0.00328,0.00659,3,12255,0,6349,0.00000,0.00000,0.00000,0,0,nan,0,0,0,4348,187491,0,0,0.000,0.000,0.000,0,0.000,0.000,0.000,0,0,4,0,0
PPG,1,96486,3860991552,26,489,506,0.000,0.000,0.000,0,0,0,0,0.00,nan,4,3,1,nan,3,3,24,1,1,6,6,0,0,0,3862197806,0.03662,0.00879,0.94531,0.94606,-0.00585,-0.00001,-0.00141,0.00602,0.95249,0.00643,0.00660,3,12258,0,6349,0.00000,0.00000,0.00000,0,0,nan,0,0,0,2619,187491,0,0,0.000,0.000,0.000,0,0.000,0.000,0.000,0,0,4,0,0
PPG,1,96487,3861031552,25,483,511,0.000,0.000,0.000,0,0,0,0,0.00,nan,4,3,1,nan,3,3,24,1,1,7,7,0,0,0,3862239207,0.03857,0.00391,0.95313,0.95391,-0.00558,-0.00001,-0.00034,0.00559,0.95391,0.00659,0.00559,3,12233,0,6349,0.00000,0.00000,0.00000,0,0,nan,0,0,0,4323,187491,0,0,0.000,0.000,0.000,0,0.000,0.000,0.000,0,0,4,0,0
PPG,1,96488,3861071552,25,501,518,0.000,0.000,0.000,0,0,0,0,0.00,nan,4,3,1,nan,3,3,24,1,1,8,8,0,0,0,3862278019,0.03784,0.00439,0.95679,0.95755,-0.00665,-0.00055,-0.00141,0.00682,0.95755,0.00313,0.00682,3,12246,0,6349,0.00000,0.00000,0.00000,0,0,nan,0,0,0,2640,187491,0,0,0.000,0.000,0.000,0,0.000,0.000,0.000,0,0,4,0,0
PPG,1,96489,3861111552,26,488,504,0.000,0.000,0.000,0,0,0,0,0.00,nan,4,3,1,nan,3,3,24,1,1,9,9,0,0,0,3862319560,0.03784,0.00903,0.94849,0.94928,-0.00665,-0.00028,-0.00194,0.00693,0.95513,0.00722,0.00712,3,12269,0,6349,0.00000,0.00000,0.00000,0,0,nan,0,0,0,4335,187491,0,0,0.000,0.000,0.000,0,0.000,0.000,0.000,0,0,4,0,0
PPG,1,96490,3861151552,25,493,504,0.000,0.000,0.000,0,0,0,0,0.00,nan,4,3,1,nan,3,3,24,1,1,10,10,0,0,0,3862358368,0.04346,0.00537,0.94873,0.94974,-0.00532,-0.00001,-0.00167,0.00557,0.95419,0.00445,0.00672,3,12249,0,6349,0.00000,0.00000,0.00000,0,0,nan,0,0,0,4334,187491,0,0,0.000,0.000,0.000,0,0.000,0.000,0.000,0,0,4,0,0
PPG,1,96491,3861191552,25,494,503,0.000,0.000,0.000,0,0,0,0,0.00,nan,4,3,1,nan,3,3,24,1,1,11,11,0,0,0,3862397186,0.03833,0.00513,0.95166,0.95245,-0.00638,-0.00108,-0.00087,0.00653,0.95749,0.00640,0.00653,3,12238,0,6349,0.00000,0.00000,0.00000,0,0,nan,0,0,0,2633,187491,0,0,0.000,0.000,0.000,0,0.000,0.000,0.000,0,0,4,0,0
PPG,1,96492,3861231552,25,483,508,0.000,0.000,0.000,0,0,0,0,0.00,nan,4,3,1,nan,3,3,24,1,1,12,12,0,0,0,3862438662,0.03735,0.00684,0.95483,0.95559,-0.00558,0.00025,-0.00034,0.00560,0.95559,0.00381,0.00580,3,12232,0,6349,0.00000,0.00000,0.00000,0,0,nan,0,0,0,4334,187491,0,0,0.000,0.000,0.000,0,0.000,0.000,0.000,0,0,4,0,0
PPG,1,96493,3861271552,25,497,513,0.000,0.000,0.000,0,0,0,0,0.00,nan,4,3,1,nan,3,3,24,1,1,13,13,0,0,0,3862477488,0.03882,0.00708,0.94824,0.94906,-0.00558,-0.00028,-0.00167,0.00584,0.95578,0.00672,0.00662,3,12228,0,6349,0.00000,0.00000,0.00000,0,0,nan,0,0,0,2614,187491,0,0,0.000,0.000,0.000,0,0.000,0.000,0.000,0,0,4,0,0
PPG,1,96494,3861311552,26,494,504,0.000,0.000,0.000,0,0,0,0,0.00,nan,4,3,1,nan,3,3,24,1,1,14,14,0,0,0,3862519003,0.04102,0.00635,0.94946,0.95037,-0.00638,-0.00028,-0.00087,0.00645,0.95037,0.00421,0.00654,3,12236,0,6349,0.00000,0.00000,0.00000,0,0,nan,0,0,0,4324,187491,0,0,0.000,0.000,0.000,0,0.000,0.000,0.000,0,0,4,0,0
PPG,1,96495,3861351552,25,484,513,0.000,0.000,0.000,0,0,0,0,0.00,nan,4,3,1,nan,3,3,24,1,1,15,15,0,0,0,3862557568,0.03735,0.00562,0.95190,0.95265,-0.00558,-0.00135,-0.00087,0.00581,0.95534,0.00497,0.00647,3,12161,0,6349,0.00000,0.00000,0.00000,0,0,nan,0,0,0,2600,187491,0,0,0.000,0.000,0.000,0,0.000,0.000,0.000,0,0,4,0,0
PPG,1,96496,3861391552,25,490,504,0.000,0.000,0.000,0,0,0,0,0.00,nan,4,3,1,nan,3,3,24,1,1,16,16,0,0,0,3862598749,0.03711,0.00244,0.95215,0.95287,-0.00585,-0.00081,-0.00087,0.00597,0.95394,0.00295,0.00690,3,12182,0,6349,0.00000,0.00000,0.00000,0,0,nan,0,0,0,4295,187491,0,0,0.000,0.000,0.000,0,0.000,0.000,0.000,0,0,4,0,0
PPG,1,96497,3861431552,24,506,513,0.000,0.000,0.000,0,0,0,0,0.00,nan,4,3,1,nan,3,3,24,1,1,17,17,0,0,0,3862649217,0.03662,0.00415,0.95142,0.95213,-0.00585,-0.00108,-0.00167,0.00618,0.95736,0.00523,0.00618,3,24021,0,6350,0.00000,0.00000,0.00000,0,0,nan,0,0,0,14443,187491,0,0,0.000,0.000,0.000,0,0.000,0.000,0.000,0,0,4,0,0
PPG,1,96498,3861471552,25,492,508,0.000,0.000,0.000,0,0,0,0,0.00,nan,4,3,1,nan,3,3,24,1,1,18,18,0,0,0,3862675711,0.03809,0.00757,0.94604,0.94684,-0.00532,-0.00028,-0.00114,0.00545,0.95967,0.01283,0.00613,2,12152,0,6350,0.00000,0.00000,0.00000,0,0,nan,0,0,0,2614,187491,0,0,0.000,0.000,0.000,0,0.000,0.000,0.000,0,0,4,0,0
PPG,1,96499,3861511552,25,498,528,0.000,0.000,0.000,0,0,0,0,0.00,nan,4,3,1,nan,3,3,24,1,1,19,19,0,0,0,3862716885,0.03979,0.00659,0.94238,0.94325,-0.00612,-0.00161,-0.00247,0.00679,0.95186,0.00727,0.00679,3,12120,0,6350,0.00000,0.00000,0.00000,0,0,nan,0,0,0,2594,187491,0,0,0.000,0.000,0.000,0,0.000,0.000,0.000,0,0,4,0,0
PPG,1,96500,3861551552,25,471,504,0.000,0.000,0.000,0,0,0,0,0.00,nan,4,3,1,nan,3,3,24,1,1,20,20,0,0,0,3862757984,0.03833,0.00488,0.94580,0.94659,-0.00558,-0.00028,-0.00061,0.00562,0.95320,0.00995,0.00609,3,12113,0,6350,0.00000,0.00000,0.00000,0,0,nan,0,0,0,2598,187491,0,0,0.000,0.000,0.000,0,0.000,0.000,0.000,0,0,4,0,0
PPG,1,96501,3861591552,25,481,499,0.000,0.000,0.000,0,0,0,0,0.00,nan,4,3,1,nan,3,3,24,1,1,21,21,0,0,0,3862799137,0.03955,0.00439,0.95264,0.95347,-0.00665,-0.00028,-0.00167,0.00686,0.95347,0.00673,0.00686,3,12158,0,6350,0.00000,0.00000,0.00000,0,0,nan,0,0,0,4320,187491,0,0,0.000,0.000,0.000,0,0.000,0.000,0.000,0,0,4,0,0
PPG,1,96502,3861631552,25,490,501,0.000,0.000,0.000,0,0,0,0,0.00,nan,4,3,1,nan,3,3,24,1,1,22,22,0,0,0,3862837666,0.03638,0.00317,0.95508,0.95578,-0.00479,-0.00028,-0.00221,0.00528,0.95578,0.00660,0.00592,3,12110,0,6350,0.00000,0.00000,0.00000,0,0,nan,0,0,0,2605,187491,0,0,0.000,0.000,0.000,0,0.000,0.000,0.000,0,0,4,0,0
PPG,1,96503,3861671552,25,497,503,0.000,0.000,0.000,0,0,0,0,0.00,nan,4,3,1,nan,3,3,24,1,1,23,23,0,0,0,3862878789,0.03931,0.00269,0.95313,0.95394,-0.00638,-0.00001,-0.00247,0.00685,0.95394,0.00698,0.00685,3,12123,0,6350,0.00000,0.00000,0.00000,0,0,nan,0,0,0,4308,187491,0,0,0.000,0.000,0.000,0,0.000,0.000,0.000,0,0,4,0,0
PPG,1,96504,3861711552,26,501,518,0.000,0.000,0.000,0,0,0,0,0.00,nan,4,3,1,nan,3,3,24,1,1,24,24,0,0,0,3862917391,0.04199,0.00659,0.94922,0.95017,-0.00558,-0.00055,-0.00167,0.00586,0.95173,0.00528,0.00651,3,12123,0,6350,0.00000,0.00000,0.00000,0,0,nan,0,0,0,2595,187491,0,0,0.000,0.000,0.000,0,0.000,0.000,0.000,0,0,4,0,0
PPG,1,96505,3861751552,25,495,513,0.000,0.000,0.000,0,0,0,0,0.00,nan,4,3,1,nan,3,3,24,1,1,25,25,0,0,0,3862958500,0.03784,0.00537,0.95313,0.95389,-0.00532,-0.00081,-0.00194,0.00572,0.95389,0.00583,0.00582,3,12115,0,6350,0.00000,0.00000,0.00000,0,0,nan,0,0,0,4297,187491,0,0,0.000,0.000,0.000,0,0.000,0.000,0.000,0,0,4,0,0
PPG,1,96506,3861791552,25,477,507,0.000,0.000,0.000,0,0,0,0,0.00,nan,4,3,1,nan,3,3,24,1,1,26,26,0,0,0,3862996994,0.03369,0.00488,0.95386,0.95446,-0.00532,-0.00081,-0.00221,0.00581,0.95675,0.00676,0.00589,3,12112,0,6350,0.00000,0.00000,0.00000,0,0,nan,0,0,0,2600,187491,0,0,0.000,0.000,0.000,0,0.000,0.000,0.000,0,0,4,0,0
PPG,1,96507,3861831552,25,485,500,0.000,0.000,0.000,0,0,0,0,0.00,nan,4,3,1,nan,3,3,24,1,1,27,27,0,0,0,3863038448,0.03735,0.00562,0.95605,0.95680,-0.00558,-0.00081,-0.00167,0.00589,0.95680,0.00421,0.00648,3,12132,0,6350,0.00000,0.00000,0.00000,0,0,nan,0,0,0,4301,187491,0,0,0.000,0.000,0.000,0,0.000,0.000,0.000,0,0,4,0,0
PPG,1,96508,3861871552,25,487,506,0.000,0.000,0.000,0,0,0,0,0.00,nan,4,3,1,nan,3,3,24,1,1,28,28,0,0,0,3863077015,0.03833,0.00073,0.95313,0.95390,-0.00532,-0.00055,-0.00141,0.00553,0.95390,0.00493,0.00609,3,12104,0,6350,0.00000,0.00000,0.00000,0,0,nan,0,0,0,2596,187491,0,0,0.000,0.000,0.000,0,0.000,0.000,0.000,0,0,4,0,0
PPG,1,96509,3861911552,35,487,504,0.000,0.000,0.000,0,0,0,0,0.00,nan,4,3,1,nan,3,3,24,1,1,29,29,0,0,0,3863118194,0.03809,0.00708,0.94751,0.94830,-0.00612,-0.00001,-0.00194,0.00642,0.95394,0.00564,0.00642,3,12182,0,6350,0.00000,0.00000,0.00000,0,0,nan,0,0,0,2606,187491,0,0,0.000,0.000,0.000,0,0.000,0.000,0.000,0,0,4,0,0
PPG,1,96510,3861951552,36,483,499,0.000,0.000,0.000,0,0,0,0,0.00,nan,4,3,1,nan,3,3,24,1,1,30,30,0,0,0,3863159376,0.04028,0.00293,0.94824,0.94910,-0.00532,-0.00108,-0.00114,0.00554,0.94910,0.00378,0.00712,3,12117,0,6350,0.00000,0.00000,0.00000,0,0,nan,0,0,0,4300,187491,0,0,0.000,0.000,0.000,0,0.000,0.000,0.000,0,0,4,0,0
PPG,1,96511,3861991552,39,503,510,0.000,0.000,0.000,0,0,0,0,0.00,nan,4,3,1,nan,3,3,24,1,1,31,31,0,0,0,3863198003,0.03906,0.00562,0.95239,0.95321,-0.00665,-0.00108,-0.00221,0.00709,0.95321,0.00481,0.00709,3,12120,0,6350,0.00000,0.00000,0.00000,0,0,nan,0,0,0,2654,187491,0,0,0.000,0.000,0.000,0,0.000,0.000,0.000,0,0,4,0,0
PPG,1,96512,3862031552,26,482,516,0.000,0.000,0.000,0,0,0,0,0.00,nan,4,3,1,nan,3,3,24,1,1,0,0,0,0,0,3863239677,0.03662,0.00806,0.95557,0.95630,-0.00585,-0.00081,-0.00274,0.00651,0.95734,0.00621,0.00701,3,12238,0,6350,0.00000,0.00000,0.00000,0,0,nan,0,0,0,4331,187491,0,0,0.000,0.000,0.000,0,0.000,0.000,0.000,0,0,4,0,0
PPG,1,96513,3862071552,25,497,506,0.000,0.000,0.000,0,0,0,0,0.00,nan,4,3,1,nan,3,3,24,1,1,1,1,0,0,0,3863278594,0.03638,0.01050,0.95532,0.95607,-0.00532,-0.00055,-0.00141,0.00553,0.95818,0.00765,0.00647,3,12251,0,6350,0.00000,0.00000,0.00000,0,0,nan,0,0,0,4336,187491,0,0,0.000,0.000,0.000,0,0.000,0.000,0.000,0,0,4,0,0
PPG,1,96514,3862111552,28,489,498,0.000,0.000,0.000,0,0,0,0,0.00,nan,4,3,1,nan,3,3,24,1,1,2,2,0,0,0,3863317430,0.04053,0.00317,0.95483,0.95570,-0.00558,-0.00108,-0.00221,0.00610,0.95570,0.00349,0.00686,3,12238,0,6350,0.00000,0.00000,0.00000,0,0,nan,0,0,0,2636,187491,0,0,0.000,0.000,0.000,0,0.000,0.000,0.000,0,0,4,0,0
PPG,1,96515,3862151552,26,491,508,0.000,0.000,0.000,0,0,0,0,0.00,nan,4,3,1,nan,3,3,24,1,1,3,3,0,0,0,3863358981,0.03979,0.00513,0.94775,0.94860,-0.00612,-0.00108,-0.00087,0.00627,0.95156,0.00482,0.00627,3,12262,0,6350,0.00000,0.00000,0.00000,0,0,nan,0,0,0,4330,187491,0,0,0.000,0.000,0.000,0,0.000,0.000,0.000,0,0,4,0,0
PPG,1,96516,3862191552,26,498,518,0.000,0.000,0.000,0,0,0,0,0.00,nan,4,3,1,nan,3,3,24,1,1,4,4,0,0,0,3863397816,0.03540,0.00586,0.95435,0.95502,-0.00612,-0.00081,-0.00141,0.00633,0.95920,0.01059,0.00688,3,12258,0,6350,0.00000,0.00000,0.00000,0,0,nan,0,0,0,2624,187491,0,0,0.000,0.000,0.000,0,0.000,0.000,0.000,0,0,4,0,0
PPG,1,96517,3862231552,26,500,511,0.000,0.000,0.000,0,0,0,0,0.00,nan,4,3,1,nan,3,3,24,1,1,5,5,0,0,0,3863439375,0.03662,0.00513,0.94897,0.94969,-0.00665,-0.00055,-0.00141,0.00682,0.95156,0.00346,0.00682,3,12261,0,6350,0.00000,0.00000,0.00000,0,0,nan,0,0,0,4341,187491,0,0,0.000,0.000,0.000,0,0.000,0.000,0.000,0,0,4,0,0
PPG,1,96518,3862271552,26,487,502,0.000,0.000,0.000,0,0,0,0,0.00,nan,4,3,1,nan,3,3,24,1,1,6,6,0,0,0,3863478167,0.03882,0.00977,0.94995,0.95079,-0.00558,-0.00108,-0.00061,0.00572,0.95799,0.00720,0.00732,3,12210,0,6350,0.00000,0.00000,0.00000,0,0,nan,0,0,0,2644,187491,0,0,0.000,0.000,0.000,0,0.000,0.000,0.000,0,0,4,0,0
PPG,1,96519,3862311552,26,493,511,0.000,0.000,0.000,0,0,0,0,0.00,nan,4,3,1,nan,3,3,24,1,1,7,7,0,0,0,3863519761,0.04126,0.00732,0.95068,0.95161,-0.00638,-0.00081,-0.00247,0.00689,0.95332,0.00575,0.00719,3,12293,0,6350,0.00000,0.00000,0.00000,0,0,nan,0,0,0,4348,187491,0,0,0.000,0.000,0.000,0,0.000,0.000,0.000,0,0,4,0,0
PPG,1,96520,3862351552,25,496,499,0.000,0.000,0.000,0,0,0,0,0.00,nan,4,3,1,nan,3,3,24,1,1,8,8,0,0,0,3863558563,0.03418,0.00513,0.94995,0.95058,-0.00692,-0.00028,-0.00141,0.00706,0.95165,0.00258,0.00706,3,12177,0,6350,0.00000,0.00000,0.00000,0,0,nan,0,0,0,4349,187491,0,0,0.000,0.000,0.000,0,0.000,0.000,0.000,0,0,4,0,0
PPG,1,96521,3862391552,25,500,507,0.000,0.000,0.000,0,0,0,0,0.00,nan,4,3,1,nan,3,3,24,1,1,9,9,0,0,0,3863597408,0.04004,0.00952,0.95459,0.95548,-0.00558,-0.00081,-0.00061,0.00568,0.95548,0.00440,0.00688,3,12237,0,6350,0.00000,0.00000,0.00000,0,0,nan,0,0,0,2621,187491,0,0,0.000,0.000,0.000,0,0.000,0.000,0.000,0,0,4,0,0
PPG,1,96522,3862431552,24,498,504,0.000,0.000,0.000,0,0,0,0,0.00,nan,4,3,1,nan,3,3,24,1,1,10,10,0,0,0,3863650915,0.03467,0.00317,0.94702,0.94766,-0.00612,-0.00028,-0.00221,0.00651,0.95658,0.00928,0.00651,3,24239,0,6351,0.00000,0.00000,0.00000,0,0,nan,0,0,0,14571,187491,0,0,0.000,0.000,0.000,0,0.000,0.000,0.000,0,0,4,0,0
PPG,1,96523,3862471552,26,492,502,0.000,0.000,0.000,0,0,0,0,0.00,nan,4,3,1,nan,3,3,24,1,1,11,11,0,0,0,3863677583,0.03833,0.00610,0.95190,0.95270,-0.00585,-0.00001,-0.00141,0.00602,0.95624,0.00858,0.00646,2,12252,0,6351,0.00000,0.00000,0.00000,0,0,nan,0,0,0,2617,187491,0,0,0.000,0.000,0.000,0,0.000,0.000,0.000,0,0,4,0,0
PPG,1,96524,3862511552,26,492,501,0.000,0.000,0.000,0,0,0,0,0.00,nan,4,3,1,nan,3,3,24,1,1,12,12,0,0,0,3863719064,0.03931,0.00659,0.95459,0.95542,-0.00612,-0.00055,-0.00061,0.00617,0.95542,0.00876,0.00617,3,12257,0,6351,0.00000,0.00000,0.00000,0,0,nan,0,0,0,4352,187491,0,0,0.000,0.000,0.000,0,0.000,0.000,0.000,0,0,4,0,0
PPG,1,96525,3862551552,25,501,514,0.000,0.000,0.000,0,0,0,0,0.00,nan,4,3,1,nan,3,3,24,1,1,13,13,0,0,0,3863757928,0.03857,0.00049,0.94971,0.95049,-0.00612,-0.00081,-0.00221,0.00655,0.95388,0.00442,0.00655,3,12234,0,6351,0.00000,0.00000,0.00000,0,0,nan,0,0,0,2628,187491,0,0,0.000,0.000,0.000,0,0.000,0.000,0.000,0,0,4,0,0
PPG,1,96526,3862591552,38,494,507,0.000,0.000,0.000,0,0,0,0,0.00,nan,4,3,1,nan,3,3,24,1,1,14,14,0,0,0,3863799420,0.04395,0.00854,0.94604,0.94710,-0.00638,-0.00108,-0.00114,0.00657,0.95403,0.00556,0.00714,3,12239,0,6351,0.00000,0.00000,0.00000,0,0,nan,0,0,0,4326,187491,0,0,0.000,0.000,0.000,0,0.000,0.000,0.000,0,0,4,0,0
PPG,1,96527,3862631552,25,493,502,0.000,0.000,0.000,0,0,0,0,0.00,nan,4,3,1,nan,3,3,24,1,1,15,15,0,0,0,3863838230,0.03784,0.00659,0.95361,0.95439,-0.00505,-0.00028,-0.00167,0.00533,0.95439,0.00387,0.00642,3,12133,0,6351,0.00000,0.00000,0.00000,0,0,nan,0,0,0,2599,187491,0,0,0.000,0.000,0.000,0,0.000,0.000,0.000,0,0,4,0,0
PPG,1,96528,3862671552,25,484,501,0.000,0.000,0.000,0,0,0,0,0.00,nan,4,3,1,nan,3,3,24,1,1,16,16,0,0,0,3863879618,0.03687,0.00073,0.95044,0.95115,-0.00638,-0.00055,-0.00141,0.00656,0.95320,0.00704,0.00656,3,12139,0,6351,0.00000,0.00000,0.00000,0,0,nan,0,0,0,4296,187491,0,0,0.000,0.000,0.000,0,0.000,0.000,0.000,0,0,4,0,0
PPG,1,96529,3862711552,25,508,513,0.000,0.000,0.000,0,0,0,0,0.00,nan,4,3,1,nan,3,3,24,1,1,17,17,0,0,0,3863918143,0.03931,0.00781,0.94849,0.94933,-0.00585,-0.00108,-0.00061,0.00598,0.95882,0.00785,0.00712,3,12129,0,6351,0.00000,0.00000,0.00000,0,0,nan,0,0,0,2599,187491,0,0,0.000,0.000,0.000,0,0.000,0.000,0.000,0,0,4,0,0
PPG,1,96530,3862751552,25,502,514,0.000,0.000,0.000,0,0,0,0,0.00,nan,4,3,1,nan,3,3,24,1,1,18,18,0,0,0,3863959377,0.03857,0.00342,0.96167,0.96245,-0.00558,-0.00055,-0.00247,0.00613,0.96245,0.01889,0.00670,3,12118,0,6351,0.00000,0.00000,0.00000,0,0,nan,0,0,0,4297,187491,0,0,0.000,0.000,0.000,0,0.000,0.000,0.000,0,0,4,0,0
PPG,1,96531,3862791552,25,491,494,0.000,0.000,0.000,0,0,0,0,0.00,nan,4,3,1,nan,3,3,24,1,1,19,19,0,0,0,3863997884,0.03687,0.00757,0.95337,0.95411,-0.00585,-0.00108,-0.00114,0.00606,0.95411,0.01287,0.00619,3,12124,0,6351,0.00000,0.00000,0.00000,0,0,nan,0,0,0,2595,187491,0,0,0.000,0.000,0.000,0,0.000,0.000,0.000,0,0,4,0,0
PPG,1,96532,3862831552,32,501,499,0.000,0.000,0.000,0,0,0,0,0.00,nan,4,3,1,nan,3,3,24,1,1,20,20,0,0,0,3864039044,0.03833,0.00488,0.94849,0.94927,-0.00612,-0.00001,-0.00274,0.00670,0.95145,0.00738,0.00670,3,12139,0,6351,0.00000,0.00000,0.00000,0,0,nan,0,0,0,4299,187491,0,0,0.000,0.000,0.000,0,0.000,0.000,0.000,0,0,4,0,0
PPG,1,96533,3862871552,25,494,514,0.000,0.000,0.000,0,0,0,0,0.00,nan,4,3,1,nan,3,3,24,1,1,21,21,0,0,0,3864077603,0.03906,0.00342,0.95166,0.95247,-0.00718,-0.00188,-0.00141,0.00756,0.95810,0.00883,0.00756,3,12135,0,6351,0.00000,0.00000,0.00000,0,0,nan,0,0,0,2598,187491,0,0,0.000,0.000,0.000,0,0.000,0.000,0.000,0,0,4,0,0
PPG,1,96534,3862911552,29,500,511,0.000,0.000,0.000,0,0,0,0,0.00,nan,4,3,1,nan,3,3,24,1,1,22,22,0,0,0,3864118723,0.03979,0.00854,0.95532,0.95619,-0.00665,-0.00028,-0.00167,0.00686,0.95619,0.00268,0.00714,3,12117,0,6351,0.00000,0.00000,0.00000,0,0,nan,0,0,0,4298,187491,0,0,0.000,0.000,0.000,0,0.000,0.000,0.000,0,0,4,0,0
PPG,1,96535,3862951552,26,496,521,0.000,0.000,0.000,0,0,0,0,0.00,nan,4,3,1,nan,3,3,24,1,1,23,23,0,0,0,3864157476,0.03516,0.00684,0.95313,0.95380,-0.00612,-0.00135,-0.00221,0.00664,0.95580,0.00700,0.00664,3,12136,0,6351,0.00000,0.00000,0.00000,0,0,nan,0,0,0,2603,187491,0,0,0.000,0.000,0.000,0,0.000,0.000,0.000,0,0,4,0,0
PPG,1,96536,3862991552,26,499,505,0.000,0.000,0.000,0,0,0,0,0.00,nan,4,3,1,nan,3,3,24,1,1,24,24,0,0,0,3864198609,0.03833,0.00684,0.95117,0.95197,-0.00532,-0.00028,-0.00167,0.00558,0.95294,0.00462,0.00613,3,12128,0,6351,0.00000,0.00000,0.00000,0,0,nan,0,0,0,2599,187491,0,0,0.000,0.000,0.000,0,0.000,0.000,0.000,0,0,4,0,0
PPG,1,96537,3863031552,26,497,513,0.000,0.000,0.000,0,0,0,0,0.00,nan,4,3,1,nan,3,3,24,1,1,25,25,0,0,0,3864239803,0.03833,0.00659,0.95605,0.95685,-0.00558,-0.00001,-0.00087,0.00565,0.95685,0.01008,0.00604,3,12169,0,6351,0.00000,0.00000,0.00000,0,0,nan,0,0,0,4306,187491,0,0,0.000,0.000,0.000,0,0.000,0.000,0.000,0,0,4,0,0
PPG,1,96538,3863071552,25,502,516,0.000,0.000,0.000,0,0,0,0,0.00,nan,4,3,1,nan,3,3,24,1,1,26,26,0,0,0,3864278337,0.04028,0.00757,0.95142,0.95230,-0.00585,-0.00081,-0.00141,0.00607,0.95313,0.00371,0.00644,3,12122,0,6351,0.00000,0.00000,0.00000,0,0,nan,0,0,0,2598,187491,0,0,0.000,0.000,0.000,0,0.000,0.000,0.000,0,0,4,0,0
PPG,1,96539,3863111552,25,484,498,0.000,0.000,0.000,0,0,0,0,0.00,nan,4,3,1,nan,3,3,24,1,1,27,27,0,0,0,3864319456,0.03955,0.00659,0.94531,0.94616,-0.00665,0.00025,-0.00247,0.00710,0.94842,0.00388,0.00710,3,12113,0,6351,0.00000,0.00000,0.00000,0,0,nan,0,0,0,4300,187491,0,0,0.000,0.000,0.000,0,0.000,0.000,0.000,0,0,4,0,0
PPG,1,96540,3863151552,25,478,496,0.000,0.000,0.000,0,0,0,0,0.00,nan,4,3,1,nan,3,3,24,1,1,28,28,0,0,0,3864357998,0.03662,0.00488,0.94873,0.94945,-0.00692,0.00025,-0.00087,0.00698,0.95637,0.01021,0.00698,3,12111,0,6351,0.00000,0.00000,0.00000,0,0,nan,0,0,0,2597,187491,0,0,0.000,0.000,0.000,0,0.000,0.000,0.000,0,0,4,0,0
PPG,1,96541,3863191552,29,495,499,0.000,0.000,0.000,0,0,0,0,0.00,nan,4,3,1,nan,3,3,24,1,1,29,29,0,0,0,3864399135,0.03882,0.00513,0.95264,0.95344,-0.00612,-0.00028,-0.00167,0.00635,0.95538,0.00593,0.00677,3,12126,0,6351,0.00000,0.00000,0.00000,0,0,nan,0,0,0,4301,187491,0,0,0.000,0.000,0.000,0,0.000,0.000,0.000,0,0,4,0,0
PPG,1,96542,3863231552,26,492,506,0.000,0.000,0.000,0,0,0,0,0.00,nan,4,3,1,nan,3,3,24,1,1,30,30,0,0,0,3864437692,0.03857,0.01099,0.95313,0.95397,-0.00558,-0.00055,-0.00087,0.00568,0.95557,0.00500,0.00568,3,12143,0,6351,0.00000,0.00000,0.00000,0,0,nan,0,0,0,2601,187491,0,0,0.000,0.000,0.000,0,0.000,0.000,0.000,0,0,4,0,0
PPG,1,96543,3863271552,26,502,513,0.000,0.000,0.000,0,0,0,0,0.00,nan,4,3,1,nan,3,3,24,1,1,31,31,0,0,0,3864478846,0.04126,0.00732,0.95044,0.95136,-0.00558,-0.00081,-0.00300,0.00639,0.95335,0.00351,0.00652,3,12123,0,6351,0.00000,0.00000,0.00000,0,0,nan,0,0,0,4299,187491,0,0,0.000,0.000,0.000,0,0.000,0.000,0.000,0,0,4,0,0
PPG,1,96544,3863311552,25,487,518,0.000,0.000,0.000,0,0,0,0,0.00,nan,4,3,1,nan,3,3,24,1,1,0,0,0,0,0,3864517393,0.03271,0.00757,0.95288,0.95347,-0.00585,-0.00028,-0.00247,0.00636,0.95347,0.00639,0.00731,3,12122,0,6351,0.00000,0.00000,0.00000,0,0,nan,0,0,0,2595,187491,0,0,0.000,0.000,0.000,0,0.000,0.000,0.000,0,0,4,0,0
PPG,1,96545,3863351552,25,476,508,0.000,0.000,0.000,0,0,0,0,0.00,nan,4,3,1,nan,3,3,24,1,1,1,1,0,0,0,3864558559,0.04053,0.00317,0.95264,0.95350,-0.00638,-0.00108,-0.00114,0.00657,0.95350,0.00598,0.00657,3,12123,0,6351,0.00000,0.00000,0.00000,0,0,nan,0,0,0,2600,187491,0,0,0.000,0.000,0.000,0,0.000,0.000,0.000,0,0,4,0,0
PPG,1,96546,3863391552,25,500,499,0.000,0.000,0.000,0,0,0,0,0.00,nan,4,3,1,nan,3,3,24,1,1,2,2,0,0,0,3864599718,0.04150,0.00415,0.95923,0.96013,-0.00558,-0.00081,-0.00221,0.00606,0.96013,0.00794,0.00649,3,12136,0,6351,0.00000,0.00000,0.00000,0,0,nan,0,0,0,4297,187491,0,0,0.000,0.000,0.000,0,0.000,0.000,0.000,0,0,4,0,0
PPG,1,96547,3863431552,24,500,503,0.000,0.000,0.000,0,0,0,0,0.00,nan,4,3,1,nan,3,3,24,1,1,3,3,0,0,0,3864654576,0.03906,0.00537,0.95142,0.95223,-0.00532,-0.00055,-0.00221,0.00578,0.95393,0.00749,0.00746,4,16336,0,6351,0.00000,0.00000,0.00000,0,0,nan,0,0,0,16277,187491,0,0,0.000,0.000,0.000,0,0.000,0.000,0.000,0,0,4,0,0
PPG,1,96548,3863471552,26,499,508,0.000,0.000,0.000,0,0,0,0,0.00,nan,4,3,1,nan,3,3,24,1,1,4,4,0,0,0,3864681069,0.04175,0.00781,0.95288,0.95383,-0.00558,-0.00055,-0.00221,0.00603,0.95383,0.00809,0.00603,2,12145,0,6351,0.00000,0.00000,0.00000,0,0,nan,0,0,0,4303,187491,0,0,0.000,0.000,0.000,0,0.000,0.000,0.000,0,0,4,0,0
PPG,1,96549,3863511552,25,486,488,0.000,0.000,0.000,0,0,0,0,0.00,nan,4,3,1,nan,3,3,24,1,1,5,5,0,0,0,3864719626,0.04053,0.00610,0.95190,0.95279,-0.00665,-0.00108,-0.00167,0.00694,0.95900,0.00621,0.00694,3,12139,0,6351,0.00000,0.00000,0.00000,0,0,nan,0,0,0,4296,187491,0,0,0.000,0.000,0.000,0,0.000,0.000,0.000,0,0,4,0,0
PPG,1,96550,3863551552,25,486,499,0.000,0.000,0.000,0,0,0,0,0.00,nan,4,3,1,nan,3,3,24,1,1,6,6,0,0,0,3864758186,0.03882,0.00513,0.95190,0.95271,-0.00612,-0.00028,-0.00221,0.00651,0.95319,0.00823,0.00651,3,12132,0,6351,0.00000,0.00000,0.00000,0,0,nan,0,0,0,2608,187491,0,0,0.000,0.000,0.000,0,0.000,0.000,0.000,0,0,4,0,0
PPG,1,96551,3863591552,26,490,508,0.000,0.000,0.000,0,0,0,0,0.00,nan,4,3,1,nan,3,3,24,1,1,7,7,0,0,0,3864799333,0.03857,0.00537,0.95483,0.95563,-0.00585,-0.00055,-0.00167,0.00611,0.95563,0.00520,0.00661,3,12121,0,6351,0.00000,0.00000,0.00000,0,0,nan,0,0,0,4305,187491,0,0,0.000,0.000,0.000,0,0.000,0.000,0.000,0,0,4,0,0
PPG,1,96552,3863631552,25,501,516,0.000,0.000,0.000,0,0,0,0,0.00,nan,4,3,1,nan,3,3,24,1,1,8,8,0,0,0,3864837857,0.03735,0.00952,0.95044,0.95122,-0.00532,-0.00028,-0.00221,0.00576,0.95617,0.00456,0.00586,3,12119,0,6351,0.00000,0.00000,0.00000,0,0,nan,0,0,0,2614,187491,0,0,0.000,0.000,0.000,0,0.000,0.000,0.000,0,0,4,0,0
PPG,1,96553,3863671552,26,492,517,0.000,0.000,0.000,0,0,0,0,0.00,nan,4,3,1,nan,3,3,24,1,1,9,9,0,0,0,3864878978,0.03906,0.00244,0.95630,0.95710,-0.00612,-0.00055,-0.00221,0.00653,0.95710,0.00872,0.00653,3,12121,0,6351,0.00000,0.00000,0.00000,0,0,nan,0,0,0,4295,187491,0,0,0.000,0.000,0.000,0,0.000,0.000,0.000,0,0,4,0,0
PPG,1,96554,3863711552,25,482,506,0.000,0.000,0.000,0,0,0,0,0.00,nan,4,3,1,nan,3,3,24,1,1,10,10,0,0,0,3864955922,0.03979,0.00464,0.95044,0.95128,-0.00585,-0.00108,-0.00194,0.00626,0.95279,0.00431,0.00671,2,62708,0,6356,0.00000,0.00000,0.00000,0,0,nan,0,0,0,58235,187491,0,0,0.000,0.000,0.000,0,0.000,0.000,0.000,0,0,4,0,0
PPG,1,96555,3863751552,27,491,510,0.000,0.000,0.000,0,0,0,0,0.00,nan,4,3,1,nan,3,3,24,1,1,11,11,0,0,0,3864967762,0.04053,0.00684,0.94971,0.95060,-0.00532,-0.00161,-0.00247,0.00608,0.95060,0.00069,0.00608,1,11840,0,6356,0.00000,0.00000,0.00000,0,0,nan,0,0,0,11809,187491,0,0,0.000,0.000,0.000,0,0.000,0.000,0.000,0,0,4,0,0
PPG,1,96556,3863791552,23,496,501,0.000,0.000,0.000,0,0,0,0,0.00,nan,4,3,1,nan,3,3,24,1,1,12,12,0,0,0,3865003892,0.04004,0.00806,0.95093,0.95180,-0.00585,-0.00055,0.00019,0.00588,0.95552,0.00492,0.00591,3,12125,0,6356,0.00000,0.00000,0.00000,0,0,nan,0,0,0,2590,187491,0,0,0.000,0.000,0.000,0,0.000,0.000,0.000,0,0,4,0,0
PPG,1,96557,3863831552,24,490,491,0.000,0.000,0.000,0,0,0,0,0.00,nan,4,3,1,nan,3,3,24,1,1,13,13,0,0,0,3865042428,0.03687,0.00537,0.95386,0.95458,-0.00638,-0.00028,-0.00087,0.00645,0.95485,0.00404,0.00645,3,12123,0,6356,0.00000,0.00000,0.00000,0,0,nan,0,0,0,2590,187491,0,0,0.000,0.000,0.000,0,0.000,0.000,0.000,0,0,4,0,0
PPG,1,96558,3863871552,26,504,500,0.000,0.000,0.000,0,0,0,0,0.00,nan,4,3,1,nan,3,3,24,1,1,14,14,0,0,0,3865080999,0.04126,0.00317,0.95142,0.95232,-0.00479,-0.00108,-0.00061,0.00494,0.95632,0.00597,0.00663,3,12168,0,6356,0.00000,0.00000,0.00000,0,0,nan,0,0,0,4339,187491,0,0,0.000,0.000,0.000,0,0.000,0.000,0.000,0,0,4,0,0
PPG,1,96559,3863911552,25,491,513,0.000,0.000,0.000,0,0,0,0,0.00,nan,4,3,1,nan,3,3,24,1,1,15,15,0,0,0,3865119646,0.04199,0.00830,0.95459,0.95555,-0.00585,-0.00161,-0.00221,0.00646,0.95555,0.00892,0.00659,3,12234,0,6356,0.00000,0.00000,0.00000,0,0,nan,0,0,0,4317,187491,0,0,0.000,0.000,0.000,0,0.000,0.000,0.000,0,0,4,0,0
PPG,1,96560,3863951552,33,492,509,0.000,0.000,0.000,0,0,0,0,0.00,nan,4,3,1,nan,3,3,24,1,1,16,16,0,0,0,3865158409,0.03882,0.00610,0.95288,0.95369,-0.00558,-0.00108,-0.00221,0.00610,0.95405,0.00225,0.00662,3,12343,0,6356,0.00000,0.00000,0.00000,0,0,nan,0,0,0,2644,187491,0,0,0.000,0.000,0.000,0,0.000,0.000,0.000,0,0,4,0,0
PPG,1,96561,3863991552,25,486,508,0.000,0.000,0.000,0,0,0,0,0.00,nan,4,3,1,nan,3,3,24,1,1,17,17,0,0,0,3865199946,0.03711,0.00293,0.95117,0.95190,-0.00585,-0.00001,-0.00167,0.00609,0.95190,0.00239,0.00609,3,12251,0,6356,0.00000,0.00000,0.00000,0,0,nan,0,0,0,4339,187491,0,0,0.000,0.000,0.000,0,0.000,0.000,0.000,0,0,4,0,0
PPG,1,96562,3864031552,25,496,511,0.000,0.000,0.000,0,0,0,0,0.00,nan,4,3,1,nan,3,3,24,1,1,18,18,0,0,0,3865238856,0.03711,0.00537,0.95654,0.95728,-0.00532,0.00079,-0.00167,0.00563,0.95728,0.00679,0.00563,3,12252,0,6356,0.00000,0.00000,0.00000,0,0,nan,0,0,0,2609,187491,0,0,0.000,0.000,0.000,0,0.000,0.000,0.000,0,0,4,0,0
PPG,1,96563,3864071552,25,480,507,0.000,0.000,0.000,0,0,0,0,0.00,nan,4,3,1,nan,3,3,24,1,1,19,19,0,0,0,3865280322,0.03809,0.00952,0.95020,0.95101,-0.00665,-0.00055,-0.00221,0.00703,0.95350,0.00378,0.00703,3,12267,0,6356,0.00000,0.00000,0.00000,0,0,nan,0,0,0,4348,187491,0,0,0.000,0.000,0.000,0,0.000,0.000,0.000,0,0,4,0,0
PPG,1,96564,3864111552,25,490,498,0.000,0.000,0.000,0,0,0,0,0.00,nan,4,3,1,nan,3,3,24,1,1,20,20,0,0,0,3865319191,0.03882,0.00610,0.94922,0.95003,-0.00665,-0.00161,-0.00247,0.00728,0.95393,0.00292,0.00728,3,12230,0,6356,0.00000,0.00000,0.00000,0,0,nan,0,0,0,4334,187491,0,0,0.000,0.000,0.000,0,0.000,0.000,0.000,0,0,4,0,0
PPG,1,96565,3864151552,26,490,509,0.000,0.000,0.000,0,0,0,0,0.00,nan,4,3,1,nan,3,3,24,1,1,21,21,0,0,0,3865358073,0.04248,0.00488,0.95532,0.95628,-0.00558,-0.00108,-0.00247,0.00620,0.95628,0.00326,0.00669,3,12280,0,6356,0.00000,0.00000,0.00000,0,0,nan,0,0,0,2634,187491,0,0,0.000,0.000,0.000,0,0.000,0.000,0.000,0,0,4,0,0
PPG,1,96566,3864191552,25,489,501,0.000,0.000,0.000,0,0,0,0,0.00,nan,4,3,1,nan,3,3,24,1,1,22,22,0,0,0,3865399598,0.04346,0.00684,0.95068,0.95170,-0.00558,-0.00055,-0.00221,0.00603,0.95592,0.00422,0.00631,3,12236,0,6356,0.00000,0.00000,0.00000,0,0,nan,0,0,0,4333,187491,0,0,0.000,0.000,0.000,0,0.000,0.000,0.000,0,0,4,0,0
PPG,1,96567,3864231552,34,498,509,0.000,0.000,0.000,0,0,0,0,0.00,nan,4,3,1,nan,3,3,24,1,1,23,23,0,0,0,3865438447,0.03784,0.00708,0.95142,0.95219,-0.00585,-0.00108,-0.00194,0.00626,0.95219,0.00467,0.00626,3,12268,0,6356,0.00000,0.00000,0.00000,0,0,nan,0,0,0,2626,187491,0,0,0.000,0.000,0.000,0,0.000,0.000,0.000,0,0,4,0,0
PPG,1,96568,3864271552,26,494,506,0.000,0.000,0.000,0,0,0,0,0.00,nan,4,3,1,nan,3,3,24,1,1,24,24,0,0,0,3865480010,0.03882,0.01050,0.94946,0.95031,-0.00585,-0.00001,-0.00221,0.00625,0.95299,0.00222,0.00625,3,12265,0,6356,0.00000,0.00000,0.00000,0,0,nan,0,0,0,4336,187491,0,0,0.000,0.000,0.000,0,0.000,0.000,0.000,0,0,4,0,0
PPG,1,96569,3864311552,26,484,500,0.000,0.000,0.000,0,0,0,0,0.00,nan,4,3,1,nan,3,3,24,1,1,25,25,0,0,0,3865518843,0.04004,0.00488,0.95166,0.95251,-0.00692,-0.00028,-0.00167,0.00712,0.95251,0.00233,0.00712,3,12260,0,6356,0.00000,0.00000,0.00000,0,0,nan,0,0,0,2620,187491,0,0,0.000,0.000,0.000,0,0.000,0.000,0.000,0,0,4,0,0
PPG,1,96570,3864351552,26,481,498,0.000,0.000,0.000,0,0,0,0,0.00,nan,4,3,1,nan,3,3,24,1,1,26,26,0,0,0,3865560310,0.03955,0.00757,0.95117,0.95202,-0.00558,-0.00001,-0.00087,0.00565,0.95315,0.00392,0.00597,3,12235,0,6356,0.00000,0.00000,0.00000,0,0,nan,0,0,0,4348,187491,0,0,0.000,0.000,0.000,0,0.000,0.000,0.000,0,0,4,0,0
PPG,1,96571,3864391552,25,492,512,0.000,0.000,0.000,0,0,0,0,0.00,nan,4,3,1,nan,3,3,24,1,1,27,27,0,0,0,3865599176,0.03687,0.00513,0.95508,0.95580,-0.00585,-0.00028,-0.00221,0.00626,0.95580,0.00833,0.00626,3,12218,0,6356,0.00000,0.00000,0.00000,0,0,nan,0,0,0,4335,187491,0,0,0.000,0.000,0.000,0,0.000,0.000,0.000,0,0,4,0,0
PPG,1,96572,3864431552,23,497,506,0.000,0.000,0.000,0,0,0,0,0.00,nan,4,3,1,nan,3,3,24,1,1,28,28,0,0,0,3865654324,0.03882,0.00806,0.95337,0.95419,-0.00585,-0.00001,-0.00194,0.00616,0.95647,0.00462,0.00639,4,16348,0,6356,0.00000,0.00000,0.00000,0,0,nan,0,0,0,16286,187491,0,0,0.000,0.000,0.000,0,0.000,0.000,0.000,0,0,4,0,0
PPG,1,96573,3864471552,33,484,502,0.000,0.000,0.000,0,0,0,0,0.00,nan,4,3,1,nan,3,3,24,1,1,29,29,0,0,0,3865681048,0.03540,0.00244,0.94873,0.94939,-0.00692,0.00105,-0.00221,0.00734,0.95152,0.00267,0.00734,2,12275,0,6356,0.00000,0.00000,0.00000,0,0,nan,0,0,0,4341,187491,0,0,0.000,0.000,0.000,0,0.000,0.000,0.000,0,0,4,0,0
PPG,1,96574,3864511552,29,485,502,0.000,0.000,0.000,0,0,0,0,0.00,nan,4,3,1,nan,3,3,24,1,1,30,30,0,0,0,3865719926,0.04346,0.00537,0.95532,0.95633,-0.00558,-0.00055,-0.00247,0.00613,0.95633,0.00237,0.00699,3,12264,0,6356,0.00000,0.00000,0.00000,0,0,nan,0,0,0,4337,187491,0,0,0.000,0.000,0.000,0,0.000,0.000,0.000,0,0,4,0,0
PPG,1,96575,3864551552,25,486,507,0.000,0.000,0.000,0,0,0,0,0.00,nan,4,3,1,nan,3,3,24,1,1,31,31,0,0,0,3865758723,0.03882,0.00342,0.95020,0.95099,-0.00532,-0.00055,-0.00247,0.00589,0.95099,0.00579,0.00762,3,12191,0,6356,0.00000,0.00000,0.00000,0,0,nan,0,0,0,2621,187491,0,0,0.000,0.000,0.000,0,0.000,0.000,0.000,0,0,4,0,0
PPG,1,96576,3864591552,25,489,508,0.000,0.000,0.000,0,0,0,0,0.00,nan,4,3,1,nan,3,3,24,1,1,0,0,0,0,0,3865800088,0.03809,0.00757,0.95410,0.95489,-0.00612,-0.00001,-0.00167,0.00634,0.95489,0.00239,0.00684,3,12176,0,6356,0.00000,0.00000,0.00000,0,0,nan,0,0,0,4349,187491,0,0,0.000,0.000,0.000,0,0.000,0.000,0.000,0,0,4,0,0
PPG,1,96577,3864631552,25,505,516,0.000,0.000,0.000,0,0,0,0,0.00,nan,4,3,1,nan,3,3,24,1,1,1,1,0,0,0,3865838739,0.04028,0.00684,0.95093,0.95181,-0.00638,-0.00001,-0.00141,0.00654,0.95181,0.00762,0.00682,3,12121,0,6356,0.00000,0.00000,0.00000,0,0,nan,0,0,0,2600,187491,0,0,0.000,0.000,0.000,0,0.000,0.000,0.000,0,0,4,0,0
PPG,1,96578,3864671552,25,493,523,0.000,0.000,0.000,0,0,0,0,0.00,nan,4,3,1,nan,3,3,24,1,1,2,2,0,0,0,3865879898,0.03931,0.01050,0.95020,0.95107,-0.00612,-0.00108,-0.00141,0.00637,0.95107,0.00093,0.00648,3,12154,0,6356,0.00000,0.00000,0.00000,0,0,nan,0,0,0,4296,187491,0,0,0.000,0.000,0.000,0,0.000,0.000,0.000,0,0,4,0,0
PPG,1,96579,3864711552,26,482,513,0.000,0.000,0.000,0,0,0,0,0.00,nan,4,3,1,nan,3,3,24,1,1,3,3,0,0,0,3865918405,0.04077,0.00537,0.95483,0.95572,-0.00665,-0.00108,-0.00167,0.00694,0.95572,0.00654,0.00694,3,12120,0,6356,0.00000,0.00000,0.00000,0,0,nan,0,0,0,2595,187491,0,0,0.000,0.000,0.000,0,0.000,0.000,0.000,0,0,4,0,0
PPG,1,96580,3864751552,25,482,485,0.000,0.000,0.000,0,0,0,0,0.00,nan,4,3,1,nan,3,3,24,1,1,4,4,0,0,0,3865959514,0.03589,0.01001,0.95776,0.95849,-0.00558,-0.00055,-0.00167,0.00586,0.95849,0.00788,0.00609,3,12112,0,6356,0.00000,0.00000,0.00000,0,0,nan,0,0,0,4297,187491,0,0,0.000,0.000,0.000,0,0.000,0.000,0.000,0,0,4,0,0
PPG,1,96581,3864791552,25,490,493,0.000,0.000,0.000,0,0,0,0,0.00,nan,4,3,1,nan,3,3,24,1,1,5,5,0,0,0,3865998052,0.03833,0.00732,0.95483,0.95563,-0.00612,-0.00028,-0.00274,0.00671,0.95563,0.00872,0.00685,3,12119,0,6356,0.00000,0.00000,0.00000,0,0,nan,0,0,0,2598,187491,0,0,0.000,0.000,0.000,0,0.000,0.000,0.000,0,0,4,0,0
PPG,1,96582,3864831552,26,492,514,0.000,0.000,0.000,0,0,0,0,0.00,nan,4,3,1,nan,3,3,24,1,1,6,6,0,0,0,3866039205,0.03687,0.00684,0.95679,0.95752,-0.00505,-0.00001,-0.00221,0.00551,0.95752,0.00315,0.00706,3,12121,0,6356,0.00000,0.00000,0.00000,0,0,nan,0,0,0,2600,187491,0,0,0.000,0.000,0.000,0,0.000,0.000,0.000,0,0,4,0,0
PPG,1,96583,3864871552,26,499,514,0.000,0.000,0.000,0,0,0,0,0.00,nan,4,3,1,nan,3,3,24,1,1,7,7,0,0,0,3866080403,0.03784,0.00977,0.95020,0.95100,-0.00558,-0.00001,-0.00141,0.00576,0.95311,0.00858,0.00660,3,12189,0,6356,0.00000,0.00000,0.00000,0,0,nan,0,0,0,4299,187491,0,0,0.000,0.000,0.000,0,0.000,0.000,0.000,0,0,4,0,0
PPG,1,96584,3864911552,25,499,519,0.000,0.000,0.000,0,0,0,0,0.00,nan,4,3,1,nan,3,3,24,1,1,8,8,0,0,0,3866118911,0.03760,0.00488,0.95093,0.95168,-0.00585,-0.00028,-0.00194,0.00617,0.95168,0.00093,0.00651,3,12118,0,6356,0.00000,0.00000,0.00000,0,0,nan,0,0,0,2595,187491,0,0,0.000,0.000,0.000,0,0.000,0.000,0.000,0,0,4,0,0
PPG,1,96585,3864951552,25,485,501,0.000,0.000,0.000,0,0,0,0,0.00,nan,4,3,1,nan,3,3,24,1,1,9,9,0,0,0,3866159997,0.04102,0.00781,0.95630,0.95721,-0.00505,-0.00135,-0.00167,0.00549,0.95721,0.00648,0.00549,3,12108,0,6356,0.00000,0.00000,0.00000,0,0,nan,0,0,0,4297,187491,0,0,0.000,0.000,0.000,0,0.000,0.000,0.000,0,0,4,0,0
PPG,1,96586,3864991552,30,475,503,0.000,0.000,0.000,0,0,0,0,0.00,nan,4,3,1,nan,3,3,24,1,1,10,10,0,0,0,3866198533,0.03711,0.00317,0.95532,0.95605,-0.00585,-0.00055,-0.00141,0.00604,0.95605,0.00878,0.00632,3,12112,0,6356,0.00000,0.00000,0.00000,0,0,nan,0,0,0,2598,187491,0,0,0.000,0.000,0.000,0,0.000,0.000,0.000,0,0,4,0,0
PPG,1,96587,3865031552,25,480,497,0.000,0.000,0.000,0,0,0,0,0.00,nan,4,3,1,nan,3,3,24,1,1,11,11,0,0,0,3866239661,0.04004,0.00708,0.95850,0.95936,-0.00638,-0.00108,-0.00247,0.00693,0.95936,0.01154,0.00693,3,12132,0,6356,0.00000,0.00000,0.00000,0,0,nan,0,0,0,4299,187491,0,0,0.000,0.000,0.000,0,0.000,0.000,0.000,0,0,4,0,0
PPG,1,96588,3865071552,25,490,501,0.000,0.000,0.000,0,0,0,0,0.00,nan,4,3,1,nan,3,3,24,1,1,12,12,0,0,0,3866278215,0.03809,0.00269,0.95215,0.95291,-0.00479,-0.00055,-0.00061,0.00485,0.95880,0.00478,0.00628,3,12143,0,6356,0.00000,0.00000,0.00000,0,0,nan,0,0,0,2625,187491,0,0,0.000,0.000,0.000,0,0.000,0.000,0.000,0,0,4,0,0
PPG,1,96589,3865111552,25,490,503,0.000,0.000,0.000,0,0,0,0,0.00,nan,4,3,1,nan,3,3,24,1,1,13,13,0,0,0,3866319377,0.03687,0.00952,0.95435,0.95510,-0.00612,-0.00028,-0.00167,0.00635,0.95510,0.00674,0.00635,3,12119,0,6356,0.00000,0.00000,0.00000,0,0,nan,0,0,0,2595,187491,0,0,0.000,0.000,0.000,0,0.000,0.000,0.000,0,0,4,0,0
PPG,1,96590,3865151552,25,503,515,0.000,0.000,0.000,0,0,0,0,0.00,nan,4,3,1,nan,3,3,24,1,1,14,14,0,0,0,3866360486,0.03906,0.00537,0.95215,0.95296,-0.00585,-0.00001,-0.00087,0.00592,0.95447,0.00744,0.00613,3,12114,0,6356,0.00000,0.00000,0.00000,0,0,nan,0,0,0,4294,187491,0,0,0.000,0.000,0.000,0,0.000,0.000,0.000,0,0,4,0,0
PPG,1,96591,3865191552,25,499,510,0.000,0.000,0.000,0,0,0,0,0.00,nan,4,3,1,nan,3,3,24,1,1,15,15,0,0,0,3866399116,0.04224,0.00708,0.94775,0.94872,-0.00532,-0.00081,-0.00194,0.00572,0.95109,0.00665,0.00682,3,12179,0,6356,0.00000,0.00000,0.00000,0,0,nan,0,0,0,2599,187491,0,0,0.000,0.000,0.000,0,0.000,0.000,0.000,0,0,4,0,0
PPG,1,96592,3865231552,25,484,512,0.000,0.000,0.000,0,0,0,0,0.00,nan,4,3,1,nan,3,3,24,1,1,16,16,0,0,0,3866440252,0.03711,0.00684,0.95361,0.95436,-0.00505,0.00025,-0.00167,0.00533,0.95436,0.00293,0.00611,3,12129,0,6356,0.00000,0.00000,0.00000,0,0,nan,0,0,0,4296,187491,0,0,0.000,0.000,0.000,0,0.000,0.000,0.000,0,0,4,0,0
PPG,1,96593,3865271552,25,491,499,0.000,0.000,0.000,0,0,0,0,0.00,nan,4,3,1,nan,3,3,24,1,1,17,17,0,0,0,3866478744,0.04028,0.00732,0.95508,0.95596,-0.00532,0.00025,-0.00061,0.00536,0.95596,0.00120,0.00699,3,12115,0,6356,0.00000,0.00000,0.00000,0,0,nan,0,0,0,2595,187491,0,0,0.000,0.000,0.000,0,0.000,0.000,0.000,0,0,4,0,0
PPG,1,96594,3865311552,25,497,500,0.000,0.000,0.000,0,0,0,0,0.00,nan,4,3,1,nan,3,3,24,1,1,18,18,0,0,0,3866519899,0.03687,0.00757,0.95020,0.95094,-0.00505,-0.00001,-0.00114,0.00518,0.95435,0.00341,0.00609,3,12121,0,6356,0.00000,0.00000,0.00000,0,0,nan,0,0,0,4296,187491,0,0,0.000,0.000,0.000,0,0.000,0.000,0.000,0,0,4,0,0
PPG,1,96595,3865351552,25,505,506,0.000,0.000,0.000,0,0,0,0,0.00,nan,4,3,1,nan,3,3,24,1,1,19,19,0,0,0,3866558412,0.03638,0.00830,0.95068,0.95142,-0.00585,-0.00108,-0.00114,0.00606,0.95918,0.01816,0.00694,3,12118,0,6356,0.00000,0.00000,0.00000,0,0,nan,0,0,0,2594,187491,0,0,0.000,0.000,0.000,0,0.000,0.000,0.000,0,0,4,0,0
PPG,1,96596,3865391552,25,501,512,0.000,0.000,0.000,0,0,0,0,0.00,nan,4,3,1,nan,3,3,24,1,1,20,20,0,0,0,3866599626,0.03784,0.00708,0.94849,0.94927,-0.00558,-0.00055,-0.00167,0.00586,0.95320,0.00422,0.00589,3,12149,0,6356,0.00000,0.00000,0.00000,0,0,nan,0,0,0,4297,187491,0,0,0.000,0.000,0.000,0,0.000,0.000,0.000,0,0,4,0,0
PPG,1,96597,3865431552,23,479,502,0.000,0.000,0.000,0,0,0,0,0.00,nan,4,3,1,nan,3,3,24,1,1,21,21,0,0,0,3866654360,0.03662,0.00049,0.95703,0.95773,-0.00558,-0.00028,-0.00167,0.00584,0.95773,0.00664,0.00638,4,16218,0,6356,0.00000,0.00000,0.00000,0,0,nan,0,0,0,16152,187491,0,0,0.000,0.000,0.000,0,0.000,0.000,0.000,0,0,4,0,0
PPG,1,96598,3865471552,25,484,497,0.000,0.000,0.000,0,0,0,0,0.00,nan,4,3,1,nan,3,3,24,1,1,22,22,0,0,0,3866680851,0.03906,0.00317,0.94849,0.94930,-0.00585,-0.00001,-0.00141,0.00602,0.95330,0.00443,0.00625,2,12150,0,6356,0.00000,0.00000,0.00000,0,0,nan,0,0,0,4296,187491,0,0,0.000,0.000,0.000,0,0.000,0.000,0.000,0,0,4,0,0
PPG,1,96599,3865511552,25,498,498,0.000,0.000,0.000,0,0,0,0,0.00,nan,4,3,1,nan,3,3,24,1,1,23,23,0,0,0,3866719392,0.03906,0.00415,0.94800,0.94881,-0.00532,-0.00108,-0.00034,0.00544,0.95535,0.00605,0.00568,3,12114,0,6356,0.00000,0.00000,0.00000,0,0,nan,0,0,0,2594,187491,0,0,0.000,0.000,0.000,0,0.000,0.000,0.000,0,0,4,0,0
PPG,1,96600,3865551552,26,500,505,0.000,0.000,0.000,0,0,0,0,0.00,nan,4,3,1,nan,3,3,24,1,1,24,24,0,0,0,3866760498,0.03760,0.00732,0.94971,0.95048,-0.00638,-0.00108,-0.00194,0.00676,0.95317,0.00449,0.00676,3,12108,0,6356,0.00000,0.00000,0.00000,0,0,nan,0,0,0,4295,187491,0,0,0.000,0.000,0.000,0,0.000,0.000,0.000,0,0,4,0,0
PPG,1,96601,3865591552,25,501,504,0.000,0.000,0.000,0,0,0,0,0.00,nan,4,3,1,nan,3,3,24,1,1,25,25,0,0,0,3866799041,0.03418,0.00513,0.94922,0.94985,-0.00692,-0.00001,-0.00114,0.00701,0.94985,0.00236,0.00701,3,12154,0,6356,0.00000,0.00000,0.00000,0,0,nan,0,0,0,2605,187491,0,0,0.000,0.000,0.000,0,0.000,0.000,0.000,0,0,4,0,0
PPG,1,96602,3865631552,25,503,517,0.000,0.000,0.000,0,0,0,0,0.00,nan,4,3,1,nan,3,3,24,1,1,26,26,0,0,0,3866840184,0.04028,0.00513,0.94922,0.95009,-0.00585,-0.00028,-0.00167,0.00609,0.96076,0.01661,0.00609,3,12125,0,6356,0.00000,0.00000,0.00000,0,0,nan,0,0,0,4297,187491,0,0,0.000,0.000,0.000,0,0.000,0.000,0.000,0,0,4,0,0
PPG,1,96603,3865671552,25,485,509,0.000,0.000,0.000,0,0,0,0,0.00,nan,4,3,1,nan,3,3,24,1,1,27,27,0,0,0,3866878713,0.03931,0.00513,0.95605,0.95688,-0.00505,-0.00161,-0.00007,0.00530,0.95688,0.00426,0.00582,3,12114,0,6356,0.00000,0.00000,0.00000,0,0,nan,0,0,0,2602,187491,0,0,0.000,0.000,0.000,0,0.000,0.000,0.000,0,0,4,0,0
PPG,1,96604,3865711552,25,481,489,0.000,0.000,0.000,0,0,0,0,0.00,nan,4,3,1,nan,3,3,24,1,1,28,28,0,0,0,3866920212,0.03687,0.00586,0.95483,0.95556,-0.00612,-0.00081,-0.00061,0.00620,0.95556,0.00841,0.00620,3,12291,0,6356,0.00000,0.00000,0.00000,0,0,nan,0,0,0,4329,187491,0,0,0.000,0.000,0.000,0,0.000,0.000,0.000,0,0,4,0,0
PPG,1,96605,3865751552,25,496,502,0.000,0.000,0.000,0,0,0,0,0.00,nan,4,3,1,nan,3,3,24,1,1,29,29,0,0,0,3866958795,0.03711,0.00610,0.95020,0.95094,-0.00638,-0.00001,-0.00167,0.00660,0.95094,0.00484,0.00728,3,12189,0,6356,0.00000,0.00000,0.00000,0,0,nan,0,0,0,2595,187491,0,0,0.000,0.000,0.000,0,0.000,0.000,0.000,0,0,4,0,0
PPG,1,96606,3865791552,25,486,503,0.000,0.000,0.000,0,0,0,0,0.00,nan,4,3,1,nan,3,3,24,1,1,30,30,0,0,0,3866999928,0.04175,0.00415,0.95190,0.95283,-0.00612,-0.00135,-0.00087,0.00632,0.95821,0.01204,0.00654,3,12139,0,6356,0.00000,0.00000,0.00000,0,0,nan,0,0,0,4309,187491,0,0,0.000,0.000,0.000,0,0.000,0.000,0.000,0,0,4,0,0
PPG,1,96607,3865831552,26,495,514,0.000,0.000,0.000,0,0,0,0,0.00,nan,4,3,1,nan,3,3,24,1,1,31,31,0,0,0,3867038587,0.03687,0.00195,0.94604,0.94676,-0.00479,-0.00028,-0.00221,0.00528,0.95243,0.00376,0.00646,3,12115,0,6356,0.00000,0.00000,0.00000,0,0,nan,0,0,0,2598,187491,0,0,0.000,0.000,0.000,0,0.000,0.000,0.000,0,0,4,0,0
PPG,1,96608,3865871552,25,494,513,0.000,0.000,0.000,0,0,0,0,0.00,nan,4,3,1,nan,3,3,24,1,1,0,0,0,0,0,3867079878,0.04272,0.01025,0.94873,0.94975,-0.00558,0.00025,-0.00221,0.00601,0.95390,0.00714,0.00620,3,12147,0,6356,0.00000,0.00000,0.00000,0,0,nan,0,0,0,4295,187491,0,0,0.000,0.000,0.000,0,0.000,0.000,0.000,0,0,4,0,0
PPG,1,96609,3865911552,25,494,503,0.000,0.000,0.000,0,0,0,0,0.00,nan,4,3,1,nan,3,3,24,1,1,1,1,0,0,0,3867118807,0.03760,0.00928,0.95020,0.95098,-0.00692,0.00052,-0.00141,0.00708,0.95443,0.00468,0.00708,3,12230,0,6356,0.00000,0.00000,0.00000,0,0,nan,0,0,0,2631,187491,0,0,0.000,0.000,0.000,0,0.000,0.000,0.000,0,0,4,0,0
PPG,1,96610,3865951552,25,500,508,0.000,0.000,0.000,0,0,0,0,0.00,nan,4,3,1,nan,3,3,24,1,1,2,2,0,0,0,3867160328,0.03906,0.00586,0.95288,0.95370,-0.00638,0.00079,-0.00247,0.00689,0.95593,0.00494,0.00689,3,12273,0,6356,0.00000,0.00000,0.00000,0,0,nan,0,0,0,4368,187491,0,0,0.000,0.000,0.000,0,0.000,0.000,0.000,0,0,4,0,0
PPG,1,96611,3865991552,26,493,520,0.000,0.000,0.000,0,0,0,0,0.00,nan,4,3,1,nan,3,3,24,1,1,3,3,0,0,0,3867199205,0.03442,0.00439,0.95679,0.95742,-0.00612,-0.00055,-0.00167,0.00637,0.95742,0.00347,0.00705,3,12261,0,6356,0.00000,0.00000,0.00000,0,0,nan,0,0,0,2661,187491,0,0,0.000,0.000,0.000,0,0.000,0.000,0.000,0,0,4,0,0
PPG,1,96612,3866031552,27,493,509,0.000,0.000,0.000,0,0,0,0,0.00,nan,4,3,1,nan,3,3,24,1,1,4,4,0,0,0,3867240714,0.04004,0.00464,0.95020,0.95105,-0.00612,-0.00055,-0.00167,0.00637,0.95365,0.00466,0.00703,3,12267,0,6356,0.00000,0.00000,0.00000,0,0,nan,0,0,0,4333,187491,0,0,0.000,0.000,0.000,0,0.000,0.000,0.000,0,0,4,0,0
PPG,1,96613,3866071552,25,498,510,0.000,0.000,0.000,0,0,0,0,0.00,nan,4,3,1,nan,3,3,24,1,1,5,5,0,0,0,3867279564,0.04077,0.00464,0.95288,0.95376,-0.00558,-0.00028,-0.00167,0.00584,0.95376,0.00580,0.00584,3,12180,0,6356,0.00000,0.00000,0.00000,0,0,nan,0,0,0,4336,187491,0,0,0.000,0.000,0.000,0,0.000,0.000,0.000,0,0,4,0,0
PPG,1,96614,3866111552,26,499,512,0.000,0.000,0.000,0,0,0,0,0.00,nan,4,3,1,nan,3,3,24,1,1,6,6,0,0,0,3867318483,0.03638,0.00366,0.95215,0.95285,-0.00612,-0.00028,-0.00061,0.00615,0.95603,0.00738,0.00651,3,12251,0,6356,0.00000,0.00000,0.00000,0,0,nan,0,0,0,2628,187491,0,0,0.000,0.000,0.000,0,0.000,0.000,0.000,0,0,4,0,0
PPG,1,96615,3866151552,26,492,506,0.000,0.000,0.000,0,0,0,0,0.00,nan,4,3,1,nan,3,3,24,1,1,7,7,0,0,0,3867359942,0.03955,0.01025,0.94775,0.94863,-0.00558,0.00052,-0.00221,0.00603,0.95259,0.00334,0.00603,3,12236,0,6356,0.00000,0.00000,0.00000,0,0,nan,0,0,0,4320,187491,0,0,0.000,0.000,0.000,0,0.000,0.000,0.000,0,0,4,0,0
PPG,1,96616,3866191552,26,488,503,0.000,0.000,0.000,0,0,0,0,0.00,nan,4,3,1,nan,3,3,24,1,1,8,8,0,0,0,3867398806,0.04028,0.00732,0.94897,0.94986,-0.00665,-0.00001,-0.00087,0.00671,0.95365,0.00380,0.00671,3,12263,0,6356,0.00000,0.00000,0.00000,0,0,nan,0,0,0,2644,187491,0,0,0.000,0.000,0.000,0,0.000,0.000,0.000,0,0,4,0,0
PPG,1,96617,3866231552,25,492,508,0.000,0.000,0.000,0,0,0,0,0.00,nan,4,3,1,nan,3,3,24,1,1,9,9,0,0,0,3867440410,0.03931,0.00415,0.94922,0.95004,-0.00532,-0.00028,-0.00221,0.00576,0.95004,0.00155,0.00703,3,12232,0,6356,0.00000,0.00000,0.00000,0,0,nan,0,0,0,4348,187491,0,0,0.000,0.000,0.000,0,0.000,0.000,0.000,0,0,4,0,0
PPG,1,96618,3866271552,25,497,511,0.000,0.000,0.000,0,0,0,0,0.00,nan,4,3,1,nan,3,3,24,1,1,10,10,0,0,0,3867479185,0.03540,0.00586,0.95313,0.95380,-0.00612,-0.00001,-0.00194,0.00642,0.95380,0.00368,0.00642,3,12216,0,6356,0.00000,0.00000,0.00000,0,0,nan,0,0,0,2641,187491,0,0,0.000,0.000,0.000,0,0.000,0.000,0.000,0,0,4,0,0
PPG,1,96619,3866311552,25,488,509,0.000,0.000,0.000,0,0,0,0,0.00,nan,4,3,1,nan,3,3,24,1,1,11,11,0,0,0,3867520729,0.03760,0.00635,0.95068,0.95145,-0.00585,-0.00028,-0.00167,0.00609,0.95145,0.00292,0.00635,3,12293,0,6356,0.00000,0.00000,0.00000,0,0,nan,0,0,0,4331,187491,0,0,0.000,0.000,0.000,0,0.000,0.000,0.000,0,0,4,0,0
PPG,1,96620,3866351552,25,493,509,0.000,0.000,0.000,0,0,0,0,0.00,nan,4,3,1,nan,3,3,24,1,1,12,12,0,0,0,3867559591,0.04102,0.00464,0.95264,0.95353,-0.00558,0.00025,-0.00167,0.00583,0.95377,0.00213,0.00635,3,12229,0,6356,0.00000,0.00000,0.00000,0,0,nan,0,0,0,4335,187491,0,0,0.000,0.000,0.000,0,0.000,0.000,0.000,0,0,4,0,0
PPG,1,96621,3866391552,30,493,515,0.000,0.000,0.000,0,0,0,0,0.00,nan,4,3,1,nan,3,3,24,1,1,13,13,0,0,0,3867598493,0.04053,0.00781,0.95313,0.95402,-0.00612,-0.00001,-0.00141,0.00628,0.95402,0.00488,0.00653,3,12240,0,6356,0.00000,0.00000,0.00000,0,0,nan,0,0,0,2634,187491,0,0,0.000,0.000,0.000,0,0.000,0.000,0.000,0,0,4,0,0
PPG,1,96622,3866431552,24,489,508,0.000,0.000,0.000,0,0,0,0,0.00,nan,4,3,1,nan,3,3,24,1,1,14,14,0,0,0,3867656410,0.03833,0.00342,0.95190,0.95268,-0.00612,-0.00001,-0.00194,0.00642,0.95268,0.00860,0.00703,4,16364,0,6356,0.00000,0.00000,0.00000,0,0,nan,0,0,0,16301,187491,0,0,0.000,0.000,0.000,0,0.000,0.000,0.000,0,0,4,0,0
PPG,1,96623,3866471552,25,499,511,0.000,0.000,0.000,0,0,0,0,0.00,nan,4,3,1,nan,3,3,24,1,1,15,15,0,0,0,3867683111,0.03735,0.00659,0.94531,0.94607,-0.00558,-0.00001,-0.00114,0.00570,0.94686,0.00582,0.00648,2,12276,0,6356,0.00000,0.00000,0.00000,0,0,nan,0,0,0,2632,187491,0,0,0.000,0.000,0.000,0,0.000,0.000,0.000,0,0,4,0,0
PPG,1,96624,3866511552,25,494,498,0.000,0.000,0.000,0,0,0,0,0.00,nan,4,3,1,nan,3,3,24,1,1,16,16,0,0,0,3867721923,0.03638,0.00415,0.95410,0.95480,-0.00558,-0.00135,-0.00167,0.00598,0.95480,0.00572,0.00620,3,12147,0,6356,0.00000,0.00000,0.00000,0,0,nan,0,0,0,4307,187491,0,0,0.000,0.000,0.000,0,0.000,0.000,0.000,0,0,4,0,0
PPG,1,96625,3866551552,25,494,502,0.000,0.000,0.000,0,0,0,0,0.00,nan,4,3,1,nan,3,3,24,1,1,17,17,0,0,0,3867760666,0.04126,0.00635,0.94897,0.94989,-0.00585,-0.00055,-0.00167,0.00611,0.95047,0.00434,0.00611,3,12131,0,6356,0.00000,0.00000,0.00000,0,0,nan,0,0,0,4302,187491,0,0,0.000,0.000,0.000,0,0.000,0.000,0.000,0,0,4,0,0
PPG,1,96626,3866591552,26,499,504,0.000,0.000,0.000,0,0,0,0,0.00,nan,4,3,1,nan,3,3,24,1,1,18,18,0,0,0,3867799253,0.03931,0.00171,0.94995,0.95077,-0.00585,-0.00081,-0.00007,0.00591,0.95521,0.00532,0.00591,3,12117,0,6356,0.00000,0.00000,0.00000,0,0,nan,0,0,0,2596,187491,0,0,0.000,0.000,0.000,0,0.000,0.000,0.000,0,0,4,0,0
PPG,1,96627,3866631552,25,484,503,0.000,0.000,0.000,0,0,0,0,0.00,nan,4,3,1,nan,3,3,24,1,1,19,19,0,0,0,3867840387,0.03809,0.00342,0.95313,0.95389,-0.00558,-0.00028,-0.00194,0.00592,0.95584,0.00508,0.00691,3,12123,0,6356,0.00000,0.00000,0.00000,0,0,nan,0,0,0,4315,187491,0,0,0.000,0.000,0.000,0,0.000,0.000,0.000,0,0,4,0,0
PPG,1,96628,3866671552,25,490,494,0.000,0.000,0.000,0,0,0,0,0.00,nan,4,3,1,nan,3,3,24,1,1,20,20,0,0,0,3867878908,0.03809,0.00781,0.94678,0.94758,-0.00479,-0.00135,-0.00221,0.00544,0.96077,0.00705,0.00669,3,12114,0,6356,0.00000,0.00000,0.00000,0,0,nan,0,0,0,2594,187491,0,0,0.000,0.000,0.000,0,0.000,0.000,0.000,0,0,4,0,0
PPG,1,96629,3866711552,33,493,499,0.000,0.000,0.000,0,0,0,0,0.00,nan,4,3,1,nan,3,3,24,1,1,21,21,0,0,0,3867920063,0.04004,0.00562,0.94946,0.95032,-0.00612,-0.00001,-0.00167,0.00634,0.95426,0.00668,0.00634,3,12160,0,6356,0.00000,0.00000,0.00000,0,0,nan,0,0,0,4335,187491,0,0,0.000,0.000,0.000,0,0.000,0.000,0.000,0,0,4,0,0
PPG,1,96630,3866751552,25,490,504,0.000,0.000,0.000,0,0,0,0,0.00,nan,4,3,1,nan,3,3,24,1,1,22,22,0,0,0,3867958634,0.03857,0.00781,0.95068,0.95150,-0.00558,0.00079,-0.00247,0.00616,0.95232,0.00385,0.00642,3,12121,0,6356,0.00000,0.00000,0.00000,0,0,nan,0,0,0,2594,187491,0,0,0.000,0.000,0.000,0,0.000,0.000,0.000,0,0,4,0,0
PPG,1,96631,3866791552,25,504,515,0.000,0.000,0.000,0,0,0,0,0.00,nan,4,3,1,nan,3,3,24,1,1,23,23,0,0,0,3867999744,0.03906,0.00610,0.94727,0.94809,-0.00692,0.00052,-0.00061,0.00696,0.95562,0.00596,0.00696,3,12117,0,6356,0.00000,0.00000,0.00000,0,0,nan,0,0,0,4294,187491,0,0,0.000,0.000,0.000,0,0.000,0.000,0.000,0,0,4,0,0
PPG,1,96632,3866831552,25,496,512,0.000,0.000,0.000,0,0,0,0,0.00,nan,4,3,1,nan,3,3,24,1,1,24,24,0,0,0,3868038360,0.03638,0.00439,0.95459,0.95529,-0.00612,0.00052,-0.00167,0.00636,0.95529,0.00502,0.00694,3,12137,0,6356,0.00000,0.00000,0.00000,0,0,nan,0,0,0,2600,187491,0,0,0.000,0.000,0.000,0,0.000,0.000,0.000,0,0,4,0,0
PPG,1,96633,3866871552,26,492,494,0.000,0.000,0.000,0,0,0,0,0.00,nan,4,3,1,nan,3,3,24,1,1,25,25,0,0,0,3868079480,0.03833,0.01123,0.95020,0.95103,-0.00558,-0.00055,-0.00114,0.00573,0.95653,0.00595,0.00583,3,12120,0,6356,0.00000,0.00000,0.00000,0,0,nan,0,0,0,2598,187491,0,0,0.000,0.000,0.000,0,0.000,0.000,0.000,0,0,4,0,0
PPG,1,96634,3866911552,25,492,503,0.000,0.000,0.000,0,0,0,0,0.00,nan,4,3,1,nan,3,3,24,1,1,26,26,0,0,0,3868120652,0.04224,0.00830,0.95679,0.95775,-0.00612,-0.00001,-0.00247,0.00660,0.95775,0.00323,0.00675,3,12166,0,6356,0.00000,0.00000,0.00000,0,0,nan,0,0,0,4309,187491,0,0,0.000,0.000,0.000,0,0.000,0.000,0.000,0,0,4,0,0
PPG,1,96635,3866951552,25,502,504,0.000,0.000,0.000,0,0,0,0,0.00,nan,4,3,1,nan,3,3,24,1,1,27,27,0,0,0,3868159202,0.03979,0.00415,0.95435,0.95518,-0.00612,-0.00161,-0.00114,0.00643,0.95518,0.00633,0.00677,3,12117,0,6356,0.00000,0.00000,0.00000,0,0,nan,0,0,0,2609,187491,0,0,0.000,0.000,0.000,0,0.000,0.000,0.000,0,0,4,0,0
PPG,1,96636,3866991552,25,500,516,0.000,0.000,0.000,0,0,0,0,0.00,nan,4,3,1,nan,3,3,24,1,1,28,28,0,0,0,3868200352,0.03833,0.00513,0.95410,0.95489,-0.00558,-0.00108,-0.00247,0.00620,0.95489,0.00748,0.00620,3,12117,0,6356,0.00000,0.00000,0.00000,0,0,nan,0,0,0,4303,187491,0,0,0.000,0.000,0.000,0,0.000,0.000,0.000,0,0,4,0,0
PPG,1,96637,3867031552,25,480,503,0.000,0.000,0.000,0,0,0,0,0.00,nan,4,3,1,nan,3,3,24,1,1,29,29,0,0,0,3868239070,0.04199,0.00806,0.95288,0.95384,-0.00638,-0.00055,-0.00167,0.00662,0.95384,0.00846,0.00709,3,12305,0,6356,0.00000,0.00000,0.00000,0,0,nan,0,0,0,2625,187491,0,0,0.000,0.000,0.000,0,0.000,0.000,0.000,0,0,4,0,0
PPG,1,96638,3867071552,26,493,505,0.000,0.000,0.000,0,0,0,0,0.00,nan,4,3,1,nan,3,3,24,1,1,30,30,0,0,0,3868280336,0.03882,0.00757,0.94336,0.94419,-0.00532,-0.00028,-0.00141,0.00551,0.95050,0.00370,0.00551,3,12110,0,6356,0.00000,0.00000,0.00000,0,0,nan,0,0,0,4355,187491,0,0,0.000,0.000,0.000,0,0.000,0.000,0.000,0,0,4,0,0
PPG,1,96639,3867111552,26,493,516,0.000,0.000,0.000,0,0,0,0,0.00,nan,4,3,1,nan,3,3,24,1,1,31,31,0,0,0,3868318937,0.04272,0.00781,0.94897,0.94997,-0.00665,-0.00055,-0.00061,0.00670,0.95493,0.00760,0.00670,3,12116,0,6356,0.00000,0.00000,0.00000,0,0,nan,0,0,0,2611,187491,0,0,0.000,0.000,0.000,0,0.000,0.000,0.000,0,0,4,0,0
PPG,1,96640,3867151552,29,497,506,0.000,0.000,0.000,0,0,0,0,0.00,nan,4,3,1,nan,3,3,24,1,1,0,0,0,0,0,3868360119,0.03491,0.00635,0.95459,0.95525,-0.00585,-0.00055,-0.00221,0.00628,0.95683,0.00686,0.00653,3,12108,0,6356,0.00000,0.00000,0.00000,0,0,nan,0,0,0,4297,187491,0,0,0.000,0.000,0.000,0,0.000,0.000,0.000,0,0,4,0,0
PPG,1,96641,3867191552,26,491,507,0.000,0.000,0.000,0,0,0,0,0.00,nan,4,3,1,nan,3,3,24,1,1,1,1,0,0,0,3868398614,0.03662,0.00513,0.95288,0.95360,-0.00558,-0.00135,-0.00221,0.00615,0.95360,0.00391,0.00644,3,12116,0,6356,0.00000,0.00000,0.00000,0,0,nan,0,0,0,2596,187491,0,0,0.000,0.000,0.000,0,0.000,0.000,0.000,0,0,4,0,0
PPG,1,96642,3867231552,25,498,507,0.000,0.000,0.000,0,0,0,0,0.00,nan,4,3,1,nan,3,3,24,1,1,2,2,0,0,0,3868439755,0.04224,0.00854,0.95068,0.95166,-0.00585,-0.00055,-0.00194,0.00619,0.95551,0.00911,0.00619,3,12153,0,6356,0.00000,0.00000,0.00000,0,0,nan,0,0,0,4320,187491,0,0,0.000,0.000,0.000,0,0.000,0.000,0.000,0,0,4,0,0
PPG,1,96643,3867271552,25,502,516,0.000,0.000,0.000,0,0,0,0,0.00,nan,4,3,1,nan,3,3,24,1,1,3,3,0,0,0,3868478306,0.03809,0.00464,0.94653,0.94731,-0.00665,-0.00055,-0.00061,0.00670,0.95371,0.00583,0.00670,3,12116,0,6356,0.00000,0.00000,0.00000,0,0,nan,0,0,0,2602,187491,0,0,0.000,0.000,0.000,0,0.000,0.000,0.000,0,0,4,0,0
PPG,1,96644,3867311552,25,475,506,0.000,0.000,0.000,0,0,0,0,0.00,nan,4,3,1,nan,3,3,24,1,1,4,4,0,0,0,3868519429,0.03955,0.00439,0.95020,0.95103,-0.00638,-0.00081,-0.00194,0.00672,0.95338,0.00540,0.00672,3,12123,0,6356,0.00000,0.00000,0.00000,0,0,nan,0,0,0,2595,187491,0,0,0.000,0.000,0.000,0,0.000,0.000,0.000,0,0,4,0,0
PPG,1,96645,3867351552,25,478,497,0.000,0.000,0.000,0,0,0,0,0.00,nan,4,3,1,nan,3,3,24,1,1,5,5,0,0,0,3868560598,0.04053,0.00684,0.95435,0.95523,-0.00585,0.00052,-0.00061,0.00591,0.95547,0.00841,0.00591,3,12117,0,6356,0.00000,0.00000,0.00000,0,0,nan,0,0,0,4298,187491,0,0,0.000,0.000,0.000,0,0.000,0.000,0.000,0,0,4,0,0
PPG,1,96646,3867391552,25,502,503,0.000,0.000,0.000,0,0,0,0,0.00,nan,4,3,1,nan,3,3,24,1,1,6,6,0,0,0,3868599107,0.03589,0.00488,0.95557,0.95625,-0.00612,-0.00001,-0.00221,0.00650,0.95911,0.01000,0.00650,3,12118,0,6356,0.00000,0.00000,0.00000,0,0,nan,0,0,0,2596,187491,0,0,0.000,0.000,0.000,0,0.000,0.000,0.000,0,0,4,0,0
PPG,1,96647,3867431552,24,495,507,0.000,0.000,0.000,0,0,0,0,0.00,nan,4,3,1,nan,3,3,24,1,1,7,7,0,0,0,3868656480,0.03784,0.00830,0.94897,0.94977,-0.00585,-0.00135,-0.00221,0.00640,0.95307,0.00526,0.00640,4,16212,0,6356,0.00000,0.00000,0.00000,0,0,nan,0,0,0,16149,187491,0,0,0.000,0.000,0.000,0,0.000,0.000,0.000,0,0,4,0,0
PPG,1,96648,3867471552,24,504,516,0.000,0.000,0.000,0,0,0,0,0.00,nan,4,3,1,nan,3,3,24,1,1,8,8,0,0,0,3868682942,0.04248,0.00830,0.95044,0.95142,-0.00612,-0.00108,-0.00221,0.00659,0.95392,0.00416,0.00718,2,12138,0,6356,0.00000,0.00000,0.00000,0,0,nan,0,0,0,2588,187491,0,0,0.000,0.000,0.000,0,0.000,0.000,0.000,0,0,4,0,0
PPG,1,96649,3867511552,25,493,507,0.000,0.000,0.000,0,0,0,0,0.00,nan,4,3,1,nan,3,3,24,1,1,9,9,0,0,0,3868721429,0.03906,0.00757,0.95020,0.95103,-0.00558,-0.00028,-0.00141,0.00577,0.95690,0.00615,0.00750,3,12119,0,6356,0.00000,0.00000,0.00000,0,0,nan,0,0,0,4301,187491,0,0,0.000,0.000,0.000,0,0.000,0.000,0.000,0,0,4,0,0
PPG,1,96650,3867551552,26,493,502,0.000,0.000,0.000,0,0,0,0,0.00,nan,4,3,1,nan,3,3,24,1,1,10,10,0,0,0,3868759964,0.03711,0.00854,0.95239,0.95315,-0.00692,-0.00001,-0.00141,0.00706,0.95460,0.00618,0.00706,3,12118,0,6356,0.00000,0.00000,0.00000,0,0,nan,0,0,0,4299,187491,0,0,0.000,0.000,0.000,0,0.000,0.000,0.000,0,0,4,0,0
PPG,1,96651,3867591552,26,477,502,0.000,0.000,0.000,0,0,0,0,0.00,nan,4,3,1,nan,3,3,24,1,1,11,11,0,0,0,3868798470,0.04126,0.00366,0.94873,0.94963,-0.00692,-0.00161,-0.00114,0.00719,0.94963,0.00600,0.00719,3,12116,0,6356,0.00000,0.00000,0.00000,0,0,nan,0,0,0,2601,187491,0,0,0.000,0.000,0.000,0,0.000,0.000,0.000,0,0,4,0,0
PPG,1,96652,3867631552,25,487,491,0.000,0.000,0.000,0,0,0,0,0.00,nan,4,3,1,nan,3,3,24,1,1,12,12,0,0,0,3868839606,0.03809,0.00488,0.95508,0.95585,-0.00585,-0.00001,-0.00114,0.00596,0.95585,0.00439,0.00686,3,12139,0,6356,0.00000,0.00000,0.00000,0,0,nan,0,0,0,2595,187491,0,0,0.000,0.000,0.000,0,0.000,0.000,0.000,0,0,4,0,0
PPG,1,96653,3867671552,25,487,493,0.000,0.000,0.000,0,0,0,0,0.00,nan,4,3,1,nan,3,3,24,1,1,13,13,0,0,0,3868880721,0.03638,0.00391,0.95337,0.95407,-0.00585,-0.00081,-0.00061,0.00594,0.95556,0.00280,0.00611,3,12115,0,6356,0.00000,0.00000,0.00000,0,0,nan,0,0,0,4299,187491,0,0,0.000,0.000,0.000,0,0.000,0.000,0.000,0,0,4,0,0
PPG,1,96654,3867711552,25,500,504,0.000,0.000,0.000,0,0,0,0,0.00,nan,4,3,1,nan,3,3,24,1,1,14,14,0,0,0,3868919251,0.03638,0.00513,0.95313,0.95383,-0.00558,-0.00135,-0.00087,0.00581,0.95981,0.00574,0.00581,3,12126,0,6356,0.00000,0.00000,0.00000,0,0,nan,0,0,0,2597,187491,0,0,0.000,0.000,0.000,0,0.000,0.000,0.000,0,0,4,0,0
PPG,1,96655,3867751552,25,501,506,0.000,0.000,0.000,0,0,0,0,0.00,nan,4,3,1,nan,3,3,24,1,1,15,15,0,0,0,3868960565,0.03687,0.00464,0.95142,0.95214,-0.00585,-0.00108,-0.00141,0.00611,0.95225,0.00159,0.00637,3,12252,0,6356,0.00000,0.00000,0.00000,0,0,nan,0,0,0,4298,187491,0,0,0.000,0.000,0.000,0,0.000,0.000,0.000,0,0,4,0,0
PPG,1,96656,3867791552,26,488,508,0.000,0.000,0.000,0,0,0,0,0.00,nan,4,3,1,nan,3,3,24,1,1,16,16,0,0,0,3868999264,0.03833,0.00806,0.95337,0.95417,-0.00585,-0.00001,-0.00194,0.00616,0.95417,0.00170,0.00616,3,12304,0,6356,0.00000,0.00000,0.00000,0,0,nan,0,0,0,2600,187491,0,0,0.000,0.000,0.000,0,0.000,0.000,0.000,0,0,4,0,0
PPG,1,96657,3867831552,39,487,503,0.000,0.000,0.000,0,0,0,0,0.00,nan,4,3,1,nan,3,3,24,1,1,17,17,0,0,0,3869040684,0.03809,0.00220,0.95288,0.95364,-0.00612,-0.00055,-0.00167,0.00637,0.95425,0.00405,0.00637,3,12261,0,6356,0.00000,0.00000,0.00000,0,0,nan,0,0,0,4353,187491,0,0,0.000,0.000,0.000,0,0.000,0.000,0.000,0,0,4,0,0
PPG,1,96658,3867871552,26,498,509,0.000,0.000,0.000,0,0,0,0,0.00,nan,4,3,1,nan,3,3,24,1,1,18,18,0,0,0,3869079716,0.03931,0.00781,0.95581,0.95665,-0.00558,-0.00081,-0.00167,0.00589,0.95893,0.00838,0.00628,3,12293,0,6356,0.00000,0.00000,0.00000,0,0,nan,0,0,0,2638,187491,0,0,0.000,0.000,0.000,0,0.000,0.000,0.000,0,0,4,0,0
PPG,1,96659,3867911552,25,489,505,0.000,0.000,0.000,0,0,0,0,0.00,nan,4,3,1,nan,3,3,24,1,1,19,19,0,0,0,3869121165,0.03735,0.00635,0.95508,0.95583,-0.00505,-0.00081,-0.00167,0.00538,0.95778,0.00814,0.00607,3,12206,0,6356,0.00000,0.00000,0.00000,0,0,nan,0,0,0,4343,187491,0,0,0.000,0.000,0.000,0,0.000,0.000,0.000,0,0,4,0,0
PPG,1,96660,3867951552,26,490,504,0.000,0.000,0.000,0,0,0,0,0.00,nan,4,3,1,nan,3,3,24,1,1,20,20,0,0,0,3869160108,0.03711,0.00513,0.95483,0.95557,-0.00505,-0.00028,-0.00167,0.00533,0.95596,0.00474,0.00628,3,12262,0,6356,0.00000,0.00000,0.00000,0,0,nan,0,0,0,4340,187491,0,0,0.000,0.000,0.000,0,0.000,0.000,0.000,0,0,4,0,0
PPG,1,96661,3867991552,25,497,514,0.000,0.000,0.000,0,0,0,0,0.00,nan,4,3,1,nan,3,3,24,1,1,21,21,0,0,0,3869199046,0.03540,0.01074,0.95215,0.95287,-0.00638,-0.00081,-0.00114,0.00654,0.95287,0.00282,0.00654,3,12268,0,6356,0.00000,0.00000,0.00000,0,0,nan,0,0,0,2620,187491,0,0,0.000,0.000,0.000,0,0.000,0.000,0.000,0,0,4,0,0
PPG,1,96662,3868031552,25,498,502,0.000,0.000,0.000,0,0,0,0,0.00,nan,4,3,1,nan,3,3,24,1,1,22,22,0,0,0,3869240582,0.04028,0.00562,0.95776,0.95863,-0.00612,-0.00028,-0.00194,0.00642,0.95863,0.01052,0.00642,3,12270,0,6356,0.00000,0.00000,0.00000,0,0,nan,0,0,0,4341,187491,0,0,0.000,0.000,0.000,0,0.000,0.000,0.000,0,0,4,0,0
PPG,1,96663,3868071552,30,494,501,0.000,0.000,0.000,0,0,0,0,0.00,nan,4,3,1,nan,3,3,24,1,1,23,23,0,0,0,3869279465,0.03931,0.00635,0.95239,0.95322,-0.00558,0.00025,-0.00141,0.00576,0.95339,0.00674,0.00709,3,12222,0,6356,0.00000,0.00000,0.00000,0,0,nan,0,0,0,2622,187491,0,0,0.000,0.000,0.000,0,0.000,0.000,0.000,0,0,4,0,0
PPG,1,96664,3868111552,30,494,514,0.000,0.000,0.000,0,0,0,0,0.00,nan,4,3,1,nan,3,3,24,1,1,24,24,0,0,0,3869320964,0.03857,0.00708,0.95386,0.95466,-0.00612,-0.00161,-0.00141,0.00648,0.95749,0.00370,0.00648,3,12250,0,6356,0.00000,0.00000,0.00000,0,0,nan,0,0,0,4335,187491,0,0,0.000,0.000,0.000,0,0.000,0.000,0.000,0,0,4,0,0
PPG,1,96665,3868151552,26,501,513,0.000,0.000,0.000,0,0,0,0,0.00,nan,4,3,1,nan,3,3,24,1,1,25,25,0,0,0,3869359895,0.03784,0.00610,0.95142,0.95219,-0.00612,-0.00001,-0.00141,0.00628,0.95683,0.00629,0.00681,3,12288,0,6356,0.00000,0.00000,0.00000,0,0,nan,0,0,0,2611,187491,0,0,0.000,0.000,0.000,0,0.000,0.000,0.000,0,0,4,0,0
PPG,1,96666,3868191552,26,498,509,0.000,0.000,0.000,0,0,0,0,0.00,nan,4,3,1,nan,3,3,24,1,1,26,26,0,0,0,3869401312,0.04053,0.00781,0.95142,0.95231,-0.00665,-0.00055,-0.00114,0.00677,0.95247,0.00056,0.00677,3,12224,0,6356,0.00000,0.00000,0.00000,0,0,nan,0,0,0,4343,187491,0,0,0.000,0.000,0.000,0,0.000,0.000,0.000,0,0,4,0,0
PPG,1,96667,3868231552,26,494,496,0.000,0.000,0.000,0,0,0,0,0.00,nan,4,3,1,nan,3,3,24,1,1,27,27,0,0,0,3869440179,0.03687,0.00928,0.94971,0.95047,-0.00585,-0.00081,-0.00247,0.00640,0.95709,0.00959,0.00702,3,12237,0,6356,0.00000,0.00000,0.00000,0,0,nan,0,0,0,4325,187491,0,0,0.000,0.000,0.000,0,0.000,0.000,0.000,0,0,4,0,0
PPG,1,96668,3868271552,25,497,504,0.000,0.000,0.000,0,0,0,0,0.00,nan,4,3,1,nan,3,3,24,1,1,28,28,0,0,0,3869479019,0.03931,0.00879,0.95068,0.95154,-0.00479,-0.00108,-0.00194,0.00527,0.95154,0.00054,0.00694,3,12247,0,6356,0.00000,0.00000,0.00000,0,0,nan,0,0,0,2627,187491,0,0,0.000,0.000,0.000,0,0.000,0.000,0.000,0,0,4,0,0
PPG,1,96669,3868311552,25,486,510,0.000,0.000,0.000,0,0,0,0,0.00,nan,4,3,1,nan,3,3,24,1,1,29,29,0,0,0,3869520518,0.03979,0.00806,0.95020,0.95106,-0.00612,-0.00055,-0.00274,0.00672,0.95862,0.00708,0.00672,3,12243,0,6356,0.00000,0.00000,0.00000,0,0,nan,0,0,0,4330,187491,0,0,0.000,0.000,0.000,0,0.000,0.000,0.000,0,0,4,0,0
PPG,1,96670,3868351552,25,500,512,0.000,0.000,0.000,0,0,0,0,0.00,nan,4,3,1,nan,3,3,24,1,1,30,30,0,0,0,3869559374,0.03735,0.00659,0.94751,0.94827,-0.00638,-0.00055,-0.00221,0.00678,0.95317,0.00491,0.00710,3,12263,0,6356,0.00000,0.00000,0.00000,0,0,nan,0,0,0,2626,187491,0,0,0.000,0.000,0.000,0,0.000,0.000,0.000,0,0,4,0,0
PPG,1,96671,3868391552,25,492,502,0.000,0.000,0.000,0,0,0,0,0.00,nan,4,3,1,nan,3,3,24,1,1,31,31,0,0,0,3869600798,0.04077,0.00195,0.94849,0.94936,-0.00612,-0.00001,-0.00194,0.00642,0.95223,0.00287,0.00642,3,12229,0,6356,0.00000,0.00000,0.00000,0,0,nan,0,0,0,4346,187491,0,0,0.000,0.000,0.000,0,0.000,0.000,0.000,0,0,4,0,0
PPG,1,96672,3868431552,24,488,506,0.000,0.000,0.000,0,0,0,0,0.00,nan,4,3,1,nan,3,3,24,1,1,0,0,0,0,0,3869655920,0.04272,0.00928,0.95654,0.95754,-0.00532,0.00052,-0.00167,0.00560,0.95754,0.00601,0.00624,4,16236,0,6356,0.00000,0.00000,0.00000,0,0,nan,0,0,0,16170,187491,0,0,0.000,0.000,0.000,0,0.000,0.000,0.000,0,0,4,0,0
PPG,1,96673,3868471552,25,487,509,0.000,0.000,0.000,0,0,0,0,0.00,nan,4,3,1,nan,3,3,24,1,1,1,1,0,0,0,3869680093,0.04175,0.00610,0.95142,0.95235,-0.00558,-0.00055,-0.00221,0.00603,0.95371,0.00383,0.00685,2,12295,0,6356,0.00000,0.00000,0.00000,0,0,nan,0,0,0,4308,187491,0,0,0.000,0.000,0.000,0,0.000,0.000,0.000,0,0,4,0,0
PPG,1,96674,3868511552,26,494,518,0.000,0.000,0.000,0,0,0,0,0.00,nan,4,3,1,nan,3,3,24,1,1,2,2,0,0,0,3869718641,0.03735,0.00952,0.95190,0.95268,-0.00585,-0.00081,-0.00167,0.00614,0.95340,0.00237,0.00614,3,12113,0,6356,0.00000,0.00000,0.00000,0,0,nan,0,0,0,2595,187491,0,0,0.000,0.000,0.000,0,0.000,0.000,0.000,0,0,4,0,0
PPG,1,96675,3868551552,25,485,500,0.000,0.000,0.000,0,0,0,0,0.00,nan,4,3,1,nan,3,3,24,1,1,3,3,0,0,0,3869759822,0.04004,0.00537,0.95630,0.95715,-0.00558,-0.00135,-0.00194,0.00606,0.95715,0.00386,0.00606,3,12181,0,6356,0.00000,0.00000,0.00000,0,0,nan,0,0,0,2638,187491,0,0,0.000,0.000,0.000,0,0.000,0.000,0.000,0,0,4,0,0
PPG,1,96676,3868591552,25,489,503,0.000,0.000,0.000,0,0,0,0,0.00,nan,4,3,1,nan,3,3,24,1,1,4,4,0,0,0,3869800980,0.03906,0.00635,0.94775,0.94858,-0.00612,-0.00055,-0.00061,0.00617,0.95533,0.00675,0.00628,3,12114,0,6356,0.00000,0.00000,0.00000,0,0,nan,0,0,0,4295,187491,0,0,0.000,0.000,0.000,0,0.000,0.000,0.000,0,0,4,0,0
PPG,1,96677,3868631552,25,495,504,0.000,0.000,0.000,0,0,0,0,0.00,nan,4,3,1,nan,3,3,24,1,1,5,5,0,0,0,3869839477,0.03906,0.00854,0.95508,0.95591,-0.00479,-0.00108,-0.00167,0.00518,0.95621,0.00387,0.00635,3,12108,0,6356,0.00000,0.00000,0.00000,0,0,nan,0,0,0,2598,187491,0,0,0.000,0.000,0.000,0,0.000,0.000,0.000,0,0,4,0,0
PPG,1,96678,3868671552,26,501,508,0.000,0.000,0.000,0,0,0,0,0.00,nan,4,3,1,nan,3,3,24,1,1,6,6,0,0,0,3869880641,0.03931,0.00513,0.94507,0.94590,-0.00532,-0.00161,-0.00247,0.00608,0.94784,0.00830,0.00608,3,12114,0,6356,0.00000,0.00000,0.00000,0,0,nan,0,0,0,4300,187491,0,0,0.000,0.000,0.000,0,0.000,0.000,0.000,0,0,4,0,0
PPG,1,96679,3868711552,25,502,524,0.000,0.000,0.000,0,0,0,0,0.00,nan,4,3,1,nan,3,3,24,1,1,7,7,0,0,0,3869957067,0.03418,0.00562,0.95190,0.95253,-0.00479,-0.00055,-0.00300,0.00568,0.95253,0.00354,0.00606,2,62187,0,6361,0.00000,0.00000,0.00000,0,0,nan,0,0,0,57763,187491,0,0,0.000,0.000,0.000,0,0.000,0.000,0.000,0,0,4,0,0
PPG,1,96680,3868751552,26,486,502,0.000,0.000,0.000,0,0,0,0,0.00,nan,4,3,1,nan,3,3,24,1,1,8,8,0,0,0,3869957067,0.03418,0.00562,0.95190,0.95253,-0.00479,-0.00055,-0.00300,0.00568,0.00000,0.00000,0.00000,0,62187,0,6361,0.00000,0.00000,0.00000,0,0,nan,0,0,0,11674,187491,0,0,0.000,0.000,0.000,0,0.000,0.000,0.000,0,0,4,0,0
PPG,1,96681,3868791552,24,489,497,0.000,0.000,0.000,0,0,0,0,0.00,nan,4,3,1,nan,3,3,24,1,1,9,9,0,0,0,3870002967,0.03613,0.00317,0.95239,0.95308,-0.00505,-0.00028,-0.00141,0.00525,0.95812,0.00714,0.00611,3,12121,0,6362,0.00000,0.00000,0.00000,0,0,nan,0,0,0,2594,187491,0,0,0.000,0.000,0.000,0,0.000,0.000,0.000,0,0,4,0,0
PPG,1,96682,3868831552,25,495,486,0.000,0.000,0.000,0,0,0,0,0.00,nan,4,3,1,nan,3,3,24,1,1,10,10,0,0,0,3870041475,0.03882,0.00781,0.95361,0.95444,-0.00585,-0.00055,-0.00194,0.00619,0.95444,0.00591,0.00619,3,12121,0,6362,0.00000,0.00000,0.00000,0,0,nan,0,0,0,4294,187491,0,0,0.000,0.000,0.000,0,0.000,0.000,0.000,0,0,4,0,0
PPG,1,96683,3868871552,25,492,504,0.000,0.000,0.000,0,0,0,0,0.00,nan,4,3,1,nan,3,3,24,1,1,11,11,0,0,0,3870080044,0.04370,0.00659,0.95264,0.95366,-0.00505,-0.00108,-0.00300,0.00598,0.95366,0.00441,0.00662,3,12161,0,6362,0.00000,0.00000,0.00000,0,0,nan,0,0,0,2602,187491,0,0,0.000,0.000,0.000,0,0.000,0.000,0.000,0,0,4,0,0
PPG,1,96684,3868911552,26,498,510,0.000,0.000,0.000,0,0,0,0,0.00,nan,4,3,1,nan,3,3,24,1,1,12,12,0,0,0,3870121156,0.03516,0.00586,0.94800,0.94867,-0.00558,-0.00108,-0.00114,0.00580,0.94867,0.00867,0.00604,3,12118,0,6362,0.00000,0.00000,0.00000,0,0,nan,0,0,0,4303,187491,0,0,0.000,0.000,0.000,0,0.000,0.000,0.000,0,0,4,0,0
PPG,1,96685,3868951552,25,503,511,0.000,0.000,0.000,0,0,0,0,0.00,nan,4,3,1,nan,3,3,24,1,1,13,13,0,0,0,3870159666,0.04102,0.00586,0.94897,0.94988,-0.00585,-0.00081,-0.00194,0.00622,0.95456,0.00490,0.00622,3,12117,0,6362,0.00000,0.00000,0.00000,0,0,nan,0,0,0,2608,187491,0,0,0.000,0.000,0.000,0,0.000,0.000,0.000,0,0,4,0,0
PPG,1,96686,3868991552,25,498,510,0.000,0.000,0.000,0,0,0,0,0.00,nan,4,3,1,nan,3,3,24,1,1,14,14,0,0,0,3870200849,0.03955,0.00562,0.94824,0.94908,-0.00585,-0.00028,-0.00061,0.00589,0.95786,0.00878,0.00589,3,12133,0,6362,0.00000,0.00000,0.00000,0,0,nan,0,0,0,4309,187491,0,0,0.000,0.000,0.000,0,0.000,0.000,0.000,0,0,4,0,0
PPG,1,96687,3869031552,25,476,495,0.000,0.000,0.000,0,0,0,0,0.00,nan,4,3,1,nan,3,3,24,1,1,15,15,0,0,0,3870239377,0.03540,0.00684,0.94678,0.94746,-0.00532,-0.00135,-0.00087,0.00555,0.95288,0.00541,0.00648,3,12118,0,6362,0.00000,0.00000,0.00000,0,0,nan,0,0,0,2595,187491,0,0,0.000,0.000,0.000,0,0.000,0.000,0.000,0,0,4,0,0
PPG,1,96688,3869071552,26,483,494,0.000,0.000,0.000,0,0,0,0,0.00,nan,4,3,1,nan,3,3,24,1,1,16,16,0,0,0,3870280522,0.03711,0.00317,0.95898,0.95971,-0.00612,0.00052,-0.00061,0.00617,0.95971,0.00553,0.00617,3,12153,0,6362,0.00000,0.00000,0.00000,0,0,nan,0,0,0,4298,187491,0,0,0.000,0.000,0.000,0,0.000,0.000,0.000,0,0,4,0,0
PPG,1,96689,3869111552,25,485,498,0.000,0.000,0.000,0,0,0,0,0.00,nan,4,3,1,nan,3,3,24,1,1,17,17,0,0,0,3870319023,0.03857,0.00610,0.94971,0.95051,-0.00558,-0.00055,-0.00194,0.00594,0.95788,0.00403,0.00697,3,12111,0,6362,0.00000,0.00000,0.00000,0,0,nan,0,0,0,2597,187491,0,0,0.000,0.000,0.000,0,0.000,0.000,0.000,0,0,4,0,0
PPG,1,96690,3869151552,25,494,500,0.000,0.000,0.000,0,0,0,0,0.00,nan,4,3,1,nan,3,3,24,1,1,18,18,0,0,0,3870360119,0.04053,0.00610,0.94702,0.94791,-0.00532,0.00025,-0.00007,0.00532,0.95576,0.00785,0.00586,3,12113,0,6362,0.00000,0.00000,0.00000,0,0,nan,0,0,0,2599,187491,0,0,0.000,0.000,0.000,0,0.000,0.000,0.000,0,0,4,0,0
PPG,1,96691,3869191552,26,502,513,0.000,0.000,0.000,0,0,0,0,0.00,nan,4,3,1,nan,3,3,24,1,1,19,19,0,0,0,3870401259,0.04004,0.00708,0.94922,0.95009,-0.00479,-0.00108,-0.00114,0.00504,0.95375,0.00471,0.00562,3,12123,0,6362,0.00000,0.00000,0.00000,0,0,nan,0,0,0,4312,187491,0,0,0.000,0.000,0.000,0,0.000,0.000,0.000,0,0,4,0,0
PPG,1,96692,3869231552,25,502,520,0.000,0.000,0.000,0,0,0,0,0.00,nan,4,3,1,nan,3,3,24,1,1,20,20,0,0,0,3870439774,0.04102,0.00635,0.95337,0.95427,-0.00479,0.00079,-0.00194,0.00522,0.95726,0.00717,0.00538,3,12125,0,6362,0.00000,0.00000,0.00000,0,0,nan,0,0,0,2595,187491,0,0,0.000,0.000,0.000,0,0.000,0.000,0.000,0,0,4,0,0
PPG,1,96693,3869271552,25,502,514,0.000,0.000,0.000,0,0,0,0,0.00,nan,4,3,1,nan,3,3,24,1,1,21,21,0,0,0,3870480920,0.03613,0.00464,0.94849,0.94919,-0.00585,-0.00081,-0.00114,0.00602,0.95489,0.00848,0.00630,3,12141,0,6362,0.00000,0.00000,0.00000,0,0,nan,0,0,0,4310,187491,0,0,0.000,0.000,0.000,0,0.000,0.000,0.000,0,0,4,0,0
PPG,1,96694,3869311552,25,474,500,0.000,0.000,0.000,0,0,0,0,0.00,nan,4,3,1,nan,3,3,24,1,1,22,22,0,0,0,3870519431,0.04004,0.00122,0.95483,0.95567,-0.00558,-0.00081,-0.00034,0.00565,0.95567,0.00559,0.00642,3,12115,0,6362,0.00000,0.00000,0.00000,0,0,nan,0,0,0,2595,187491,0,0,0.000,0.000,0.000,0,0.000,0.000,0.000,0,0,4,0,0
PPG,1,96695,3869351552,25,489,495,0.000,0.000,0.000,0,0,0,0,0.00,nan,4,3,1,nan,3,3,24,1,1,23,23,0,0,0,3870560566,0.03613,0.00488,0.94727,0.94797,-0.00558,-0.00108,-0.00087,0.00575,0.95032,0.00612,0.00596,3,12118,0,6362,0.00000,0.00000,0.00000,0,0,nan,0,0,0,4303,187491,0,0,0.000,0.000,0.000,0,0.000,0.000,0.000,0,0,4,0,0
PPG,1,96696,3869391552,26,491,493,0.000,0.000,0.000,0,0,0,0,0.00,nan,4,3,1,nan,3,3,24,1,1,24,24,0,0,0,3870599147,0.04150,0.00391,0.95532,0.95623,-0.00612,-0.00028,-0.00141,0.00628,0.95708,0.00911,0.00709,3,12118,0,6362,0.00000,0.00000,0.00000,0,0,nan,0,0,0,2595,187491,0,0,0.000,0.000,0.000,0,0.000,0.000,0.000,0,0,4,0,0
PPG,1,96697,3869431552,24,483,504,0.000,0.000,0.000,0,0,0,0,0.00,nan,4,3,1,nan,3,3,24,1,1,25,25,0,0,0,3870656500,0.03833,0.00903,0.94702,0.94784,-0.00479,-0.00028,-0.00114,0.00493,0.95501,0.00717,0.00630,4,16236,0,6362,0.00000,0.00000,0.00000,0,0,nan,0,0,0,16180,187491,0,0,0.000,0.000,0.000,0,0.000,0.000,0.000,0,0,4,0,0
PPG,1,96698,3869471552,24,499,516,0.000,0.000,0.000,0,0,0,0,0.00,nan,4,3,1,nan,3,3,24,1,1,26,26,0,0,0,3870683016,0.03809,0.00635,0.95874,0.95952,-0.00665,-0.00028,-0.00167,0.00686,0.95952,0.00591,0.00686,2,12182,0,6362,0.00000,0.00000,0.00000,0,0,nan,0,0,0,2618,187491,0,0,0.000,0.000,0.000,0,0.000,0.000,0.000,0,0,4,0,0
PPG,1,96699,3869511552,25,492,517,0.000,0.000,0.000,0,0,0,0,0.00,nan,4,3,1,nan,3,3,24,1,1,27,27,0,0,0,3870721549,0.03955,0.00439,0.95435,0.95518,-0.00638,-0.00055,-0.00167,0.00662,0.95523,0.00429,0.00688,3,12119,0,6362,0.00000,0.00000,0.00000,0,0,nan,0,0,0,4295,187491,0,0,0.000,0.000,0.000,0,0.000,0.000,0.000,0,0,4,0,0
PPG,1,96700,3869551552,25,484,501,0.000,0.000,0.000,0,0,0,0,0.00,nan,4,3,1,nan,3,3,24,1,1,28,28,0,0,0,3870760078,0.03613,0.00732,0.95020,0.95091,-0.00692,-0.00161,-0.00167,0.00730,0.95464,0.00885,0.00730,3,12123,0,6362,0.00000,0.00000,0.00000,0,0,nan,0,0,0,2597,187491,0,0,0.000,0.000,0.000,0,0.000,0.000,0.000,0,0,4,0,0
PPG,1,96701,3869591552,38,497,496,0.000,0.000,0.000,0,0,0,0,0.00,nan,4,3,1,nan,3,3,24,1,1,29,29,0,0,0,3870801500,0.03760,0.00928,0.94897,0.94976,-0.00585,-0.00001,-0.00061,0.00588,0.95334,0.00358,0.00663,3,12363,0,6362,0.00000,0.00000,0.00000,0,0,nan,0,0,0,4342,187491,0,0,0.000,0.000,0.000,0,0.000,0.000,0.000,0,0,4,0,0
PPG,1,96702,3869631552,25,489,513,0.000,0.000,0.000,0,0,0,0,0.00,nan,4,3,1,nan,3,3,24,1,1,30,30,0,0,0,3870840302,0.03857,0.00708,0.95483,0.95564,-0.00638,0.00025,-0.00167,0.00660,0.95564,0.00456,0.00660,3,12195,0,6362,0.00000,0.00000,0.00000,0,0,nan,0,0,0,2596,187491,0,0,0.000,0.000,0.000,0,0.000,0.000,0.000,0,0,4,0,0
PPG,1,96703,3869671552,34,495,501,0.000,0.000,0.000,0,0,0,0,0.00,nan,4,3,1,nan,3,3,24,1,1,31,31,0,0,0,3870881413,0.03906,0.00537,0.95142,0.95223,-0.00612,0.00025,-0.00141,0.00628,0.95259,0.00315,0.00628,3,12117,0,6362,0.00000,0.00000,0.00000,0,0,nan,0,0,0,4309,187491,0,0,0.000,0.000,0.000,0,0.000,0.000,0.000,0,0,4,0,0
PPG,1,96704,3869711552,25,505,514,0.000,0.000,0.000,0,0,0,0,0.00,nan,4,3,1,nan,3,3,24,1,1,0,0,0,0,0,3870920117,0.04004,0.00562,0.95337,0.95423,-0.00638,-0.00028,-0.00114,0.00649,0.95783,0.00560,0.00649,3,12266,0,6362,0.00000,0.00000,0.00000,0,0,nan,0,0,0,2598,187491,0,0,0.000,0.000,0.000,0,0.000,0.000,0.000,0,0,4,0,0
PPG,1,96705,3869751552,25,485,507,0.000,0.000,0.000,0,0,0,0,0.00,nan,4,3,1,nan,3,3,24,1,1,1,1,0,0,0,3870961343,0.04321,0.00830,0.95337,0.95438,-0.00452,-0.00055,-0.00141,0.00476,0.95478,0.00809,0.00594,3,12220,0,6362,0.00000,0.00000,0.00000,0,0,nan,0,0,0,4301,187491,0,0,0.000,0.000,0.000,0,0.000,0.000,0.000,0,0,4,0,0
PPG,1,96706,3869791552,25,498,508,0.000,0.000,0.000,0,0,0,0,0.00,nan,4,3,1,nan,3,3,24,1,1,2,2,0,0,0,3871000147,0.04126,0.00757,0.94751,0.94844,-0.00558,-0.00028,-0.00221,0.00601,0.95177,0.00333,0.00609,3,12271,0,6362,0.00000,0.00000,0.00000,0,0,nan,0,0,0,2665,187491,0,0,0.000,0.000,0.000,0,0.000,0.000,0.000,0,0,4,0,0
PPG,1,96707,3869831552,25,490,516,0.000,0.000,0.000,0,0,0,0,0.00,nan,4,3,1,nan,3,3,24,1,1,3,3,0,0,0,3871041709,0.03882,0.00244,0.95313,0.95392,-0.00638,0.00025,-0.00114,0.00649,0.95392,0.00271,0.00649,3,12284,0,6362,0.00000,0.00000,0.00000,0,0,nan,0,0,0,4334,187491,0,0,0.000,0.000,0.000,0,0.000,0.000,0.000,0,0,4,0,0
PPG,1,96708,3869871552,25,490,509,0.000,0.000,0.000,0,0,0,0,0.00,nan,4,3,1,nan,3,3,24,1,1,4,4,0,0,0,3871080536,0.04028,0.00659,0.95850,0.95936,-0.00585,-0.00001,-0.00194,0.00616,0.96174,0.01240,0.00616,3,12209,0,6362,0.00000,0.00000,0.00000,0,0,nan,0,0,0,4350,187491,0,0,0.000,0.000,0.000,0,0.000,0.000,0.000,0,0,4,0,0
PPG,1,96709,3869911552,25,486,509,0.000,0.000,0.000,0,0,0,0,0.00,nan,4,3,1,nan,3,3,24,1,1,5,5,0,0,0,3871119451,0.03784,0.00879,0.94678,0.94757,-0.00452,-0.00081,-0.00167,0.00489,0.95607,0.00850,0.00602,3,12226,0,6362,0.00000,0.00000,0.00000,0,0,nan,0,0,0,2633,187491,0,0,0.000,0.000,0.000,0,0.000,0.000,0.000,0,0,4,0,0
PPG,1,96710,3869951552,28,491,504,0.000,0.000,0.000,0,0,0,0,0.00,nan,4,3,1,nan,3,3,24,1,1,6,6,0,0,0,3871160943,0.03711,0.00586,0.95264,0.95338,-0.00479,0.00079,-0.00087,0.00493,0.95373,0.00615,0.00528,3,12233,0,6362,0.00000,0.00000,0.00000,0,0,nan,0,0,0,4327,187491,0,0,0.000,0.000,0.000,0,0.000,0.000,0.000,0,0,4,0,0
PPG,1,96711,3869991552,26,489,513,0.000,0.000,0.000,0,0,0,0,0.00,nan,4,3,1,nan,3,3,24,1,1,7,7,0,0,0,3871199874,0.03784,0.00635,0.95508,0.95585,-0.00612,-0.00135,-0.00141,0.00642,0.95932,0.00940,0.00642,3,12290,0,6362,0.00000,0.00000,0.00000,0,0,nan,0,0,0,2626,187491,0,0,0.000,0.000,0.000,0,0.000,0.000,0.000,0,0,4,0,0
PPG,1,96712,3870031552,26,489,494,0.000,0.000,0.000,0,0,0,0,0.00,nan,4,3,1,nan,3,3,24,1,1,8,8,0,0,0,3871241328,0.03833,0.00293,0.95239,0.95317,-0.00612,-0.00028,-0.00034,0.00613,0.95664,0.00336,0.00659,3,12214,0,6362,0.00000,0.00000,0.00000,0,0,nan,0,0,0,4332,187491,0,0,0.000,0.000,0.000,0,0.000,0.000,0.000,0,0,4,0,0
PPG,1,96713,3870071552,30,489,502,0.000,0.000,0.000,0,0,0,0,0.00,nan,4,3,1,nan,3,3,24,1,1,9,9,0,0,0,3871280217,0.03784,0.00464,0.94946,0.95023,-0.00585,-0.00055,-0.00034,0.00589,0.95292,0.00269,0.00633,3,12245,0,6362,0.00000,0.00000,0.00000,0,0,nan,0,0,0,2626,187491,0,0,0.000,0.000,0.000,0,0.000,0.000,0.000,0,0,4,0,0
PPG,1,96714,3870111552,31,483,502,0.000,0.000,0.000,0,0,0,0,0.00,nan,4,3,1,nan,3,3,24,1,1,10,10,0,0,0,3871321790,0.04004,0.00781,0.95459,0.95546,-0.00479,-0.00028,-0.00114,0.00493,0.95852,0.01325,0.00611,3,12234,0,6362,0.00000,0.00000,0.00000,0,0,nan,0,0,0,4330,187491,0,0,0.000,0.000,0.000,0,0.000,0.000,0.000,0,0,4,0,0
PPG,1,96715,3870151552,26,488,505,0.000,0.000,0.000,0,0,0,0,0.00,nan,4,3,1,nan,3,3,24,1,1,11,11,0,0,0,3871360661,0.03955,0.00781,0.94653,0.94739,-0.00532,0.00079,-0.00141,0.00556,0.95864,0.01445,0.00669,3,12245,0,6362,0.00000,0.00000,0.00000,0,0,nan,0,0,0,4332,187491,0,0,0.000,0.000,0.000,0,0.000,0.000,0.000,0,0,4,0,0
PPG,1,96716,3870191552,26,496,501,0.000,0.000,0.000,0,0,0,0,0.00,nan,4,3,1,nan,3,3,24,1,1,12,12,0,0,0,3871399541,0.03833,0.00708,0.95776,0.95856,-0.00532,0.00025,-0.00141,0.00551,0.95856,0.00945,0.00626,3,12257,0,6362,0.00000,0.00000,0.00000,0,0,nan,0,0,0,2643,187491,0,0,0.000,0.000,0.000,0,0.000,0.000,0.000,0,0,4,0,0
PPG,1,96717,3870231552,25,488,507,0.000,0.000,0.000,0,0,0,0,0.00,nan,4,3,1,nan,3,3,24,1,1,13,13,0,0,0,3871441042,0.03491,0.00854,0.95288,0.95356,-0.00532,-0.00135,-0.00300,0.00625,0.95443,0.00628,0.00625,3,12256,0,6362,0.00000,0.00000,0.00000,0,0,nan,0,0,0,4342,187491,0,0,0.000,0.000,0.000,0,0.000,0.000,0.000,0,0,4,0,0
PPG,1,96718,3870271552,25,505,522,0.000,0.000,0.000,0,0,0,0,0.00,nan,4,3,1,nan,3,3,24,1,1,14,14,0,0,0,3871479851,0.03711,0.00562,0.95679,0.95752,-0.00612,0.00025,-0.00194,0.00642,0.95752,0.00195,0.00642,3,12229,0,6362,0.00000,0.00000,0.00000,0,0,nan,0,0,0,2619,187491,0,0,0.000,0.000,0.000,0,0.000,0.000,0.000,0,0,4,0,0
PPG,1,96719,3870311552,25,484,509,0.000,0.000,0.000,0,0,0,0,0.00,nan,4,3,1,nan,3,3,24,1,1,15,15,0,0,0,3871521343,0.03516,0.00439,0.95508,0.95574,-0.00505,-0.00108,-0.00141,0.00535,0.95697,0.00658,0.00586,3,12228,0,6362,0.00000,0.00000,0.00000,0,0,nan,0,0,0,4335,187491,0,0,0.000,0.000,0.000,0,0.000,0.000,0.000,0,0,4,0,0
PPG,1,96720,3870351552,25,486,501,0.000,0.000,0.000,0,0,0,0,0.00,nan,4,3,1,nan,3,3,24,1,1,16,16,0,0,0,3871560165,0.04150,0.00366,0.95483,0.95574,-0.00532,-0.00081,-0.00141,0.00556,0.95574,0.00569,0.00605,3,12234,0,6362,0.00000,0.00000,0.00000,0,0,nan,0,0,0,2638,187491,0,0,0.000,0.000,0.000,0,0.000,0.000,0.000,0,0,4,0,0
PPG,1,96721,3870391552,25,486,501,0.000,0.000,0.000,0,0,0,0,0.00,nan,4,3,1,nan,3,3,24,1,1,17,17,0,0,0,3871601652,0.03955,0.00244,0.94360,0.94444,-0.00612,-0.00001,-0.00141,0.00628,0.95203,0.00779,0.00697,3,12244,0,6362,0.00000,0.00000,0.00000,0,0,nan,0,0,0,4305,187491,0,0,0.000,0.000,0.000,0,0.000,0.000,0.000,0,0,4,0,0
PPG,1,96722,3870431552,27,506,513,0.000,0.000,0.000,0,0,0,0,0.00,nan,4,3,1,nan,3,3,24,1,1,18,18,0,0,0,3871656627,0.03491,0.00781,0.95068,0.95136,-0.00638,-0.00001,-0.00274,0.00695,0.95394,0.00749,0.00695,4,16246,0,6362,0.00000,0.00000,0.00000,0,0,nan,0,0,0,16201,187491,0,0,0.000,0.000,0.000,0,0.000,0.000,0.000,0,0,4,0,0
PPG,1,96723,3870471552,25,481,505,0.000,0.000,0.000,0,0,0,0,0.00,nan,4,3,1,nan,3,3,24,1,1,19,19,0,0,0,3871683161,0.03467,0.00391,0.95068,0.95132,-0.00479,-0.00028,-0.00194,0.00517,0.95171,0.00039,0.00517,2,12137,0,6362,0.00000,0.00000,0.00000,0,0,nan,0,0,0,4300,187491,0,0,0.000,0.000,0.000,0,0.000,0.000,0.000,0,0,4,0,0
PPG,1,96724,3870511552,26,498,513,0.000,0.000,0.000,0,0,0,0,0.00,nan,4,3,1,nan,3,3,24,1,1,20,20,0,0,0,3871721747,0.03711,0.00708,0.94482,0.94558,-0.00505,-0.00055,-0.00141,0.00527,0.95731,0.01337,0.00622,3,12162,0,6362,0.00000,0.00000,0.00000,0,0,nan,0,0,0,4310,187491,0,0,0.000,0.000,0.000,0,0.000,0.000,0.000,0,0,4,0,0
PPG,1,96725,3870551552,26,492,516,0.000,0.000,0.000,0,0,0,0,0.00,nan,4,3,1,nan,3,3,24,1,1,21,21,0,0,0,3871760268,0.03760,0.00952,0.95483,0.95562,-0.00665,0.00025,-0.00194,0.00693,0.95562,0.00874,0.00693,3,12124,0,6362,0.00000,0.00000,0.00000,0,0,nan,0,0,0,2596,187491,0,0,0.000,0.000,0.000,0,0.000,0.000,0.000,0,0,4,0,0
PPG,1,96726,3870591552,25,483,497,0.000,0.000,0.000,0,0,0,0,0.00,nan,4,3,1,nan,3,3,24,1,1,22,22,0,0,0,3871801398,0.04541,0.01025,0.95142,0.95255,-0.00612,-0.00081,-0.00194,0.00647,0.95503,0.00742,0.00701,3,12130,0,6362,0.00000,0.00000,0.00000,0,0,nan,0,0,0,4299,187491,0,0,0.000,0.000,0.000,0,0.000,0.000,0.000,0,0,4,0,0
PPG,1,96727,3870631552,25,485,499,0.000,0.000,0.000,0,0,0,0,0.00,nan,4,3,1,nan,3,3,24,1,1,23,23,0,0,0,3871839921,0.03760,0.00928,0.95459,0.95538,-0.00692,-0.00055,-0.00194,0.00720,0.95538,0.00421,0.00734,3,12120,0,6362,0.00000,0.00000,0.00000,0,0,nan,0,0,0,2595,187491,0,0,0.000,0.000,0.000,0,0.000,0.000,0.000,0,0,4,0,0
PPG,1,96728,3870671552,25,491,504,0.000,0.000,0.000,0,0,0,0,0.00,nan,4,3,1,nan,3,3,24,1,1,24,24,0,0,0,3871881032,0.03589,0.00464,0.95630,0.95698,-0.00532,-0.00108,-0.00167,0.00568,0.95698,0.00287,0.00607,3,12115,0,6362,0.00000,0.00000,0.00000,0,0,nan,0,0,0,4298,187491,0,0,0.000,0.000,0.000,0,0.000,0.000,0.000,0,0,4,0,0
PPG,1,96729,3870711552,26,490,500,0.000,0.000,0.000,0,0,0,0,0.00,nan,4,3,1,nan,3,3,24,1,1,25,25,0,0,0,3871919604,0.04077,0.00879,0.94678,0.94770,-0.00612,-0.00055,-0.00114,0.00625,0.95581,0.00812,0.00625,3,12174,0,6362,0.00000,0.00000,0.00000,0,0,nan,0,0,0,2600,187491,0,0,0.000,0.000,0.000,0,0.000,0.000,0.000,0,0,4,0,0
PPG,1,96730,3870751552,25,499,507,0.000,0.000,0.000,0,0,0,0,0.00,nan,4,3,1,nan,3,3,24,1,1,26,26,0,0,0,3871960721,0.04297,0.00391,0.94580,0.94678,-0.00558,-0.00081,-0.00167,0.00589,0.95044,0.00275,0.00619,3,12116,0,6362,0.00000,0.00000,0.00000,0,0,nan,0,0,0,4298,187491,0,0,0.000,0.000,0.000,0,0.000,0.000,0.000,0,0,4,0,0
PPG,1,96731,3870791552,25,495,506,0.000,0.000,0.000,0,0,0,0,0.00,nan,4,3,1,nan,3,3,24,1,1,27,27,0,0,0,3871999249,0.03735,0.00342,0.95483,0.95557,-0.00585,0.00079,-0.00167,0.00614,0.95557,0.00745,0.00642,3,12132,0,6362,0.00000,0.00000,0.00000,0,0,nan,0,0,0,2597,187491,0,0,0.000,0.000,0.000,0,0.000,0.000,0.000,0,0,4,0,0
PPG,1,96732,3870831552,26,481,505,0.000,0.000,0.000,0,0,0,0,0.00,nan,4,3,1,nan,3,3,24,1,1,28,28,0,0,0,3872040452,0.03638,0.00513,0.94971,0.95042,-0.00612,0.00025,-0.00061,0.00615,0.95916,0.01118,0.00625,3,12136,0,6362,0.00000,0.00000,0.00000,0,0,nan,0,0,0,2600,187491,0,0,0.000,0.000,0.000,0,0.000,0.000,0.000,0,0,4,0,0
PPG,1,96733,3870871552,25,483,494,0.000,0.000,0.000,0,0,0,0,0.00,nan,4,3,1,nan,3,3,24,1,1,29,29,0,0,0,3872081577,0.03979,0.00952,0.95776,0.95864,-0.00452,0.00105,-0.00247,0.00526,0.95864,0.00387,0.00537,3,12128,0,6362,0.00000,0.00000,0.00000,0,0,nan,0,0,0,4298,187491,0,0,0.000,0.000,0.000,0,0.000,0.000,0.000,0,0,4,0,0
PPG,1,96734,3870911552,25,498,495,0.000,0.000,0.000,0,0,0,0,0.00,nan,4,3,1,nan,3,3,24,1,1,30,30,0,0,0,3872120139,0.03564,0.00684,0.95508,0.95577,-0.00532,-0.00055,-0.00087,0.00542,0.95667,0.00606,0.00610,3,12163,0,6362,0.00000,0.00000,0.00000,0,0,nan,0,0,0,2691,187491,0,0,0.000,0.000,0.000,0,0.000,0.000,0.000,0,0,4,0,0
PPG,1,96735,3870951552,25,498,509,0.000,0.000,0.000,0,0,0,0,0.00,nan,4,3,1,nan,3,3,24,1,1,31,31,0,0,0,3872161559,0.03491,0.00928,0.95337,0.95405,-0.00532,-0.00161,-0.00141,0.00573,0.95405,0.00627,0.00645,3,12111,0,6362,0.00000,0.00000,0.00000,0,0,nan,0,0,0,4302,187491,0,0,0.000,0.000,0.000,0,0.000,0.000,0.000,0,0,4,0,0
PPG,1,96736,3870991552,25,497,498,0.000,0.000,0.000,0,0,0,0,0.00,nan,4,3,1,nan,3,3,24,1,1,0,0,0,0,0,3872200104,0.03979,0.00879,0.95361,0.95448,-0.00532,-0.00028,-0.00221,0.00576,0.95448,0.00660,0.00576,3,12116,0,6362,0.00000,0.00000,0.00000,0,0,nan,0,0,0,2595,187491,0,0,0.000,0.000,0.000,0,0.000,0.000,0.000,0,0,4,0,0
PPG,1,96737,3871031552,39,501,517,0.000,0.000,0.000,0,0,0,0,0.00,nan,4,3,1,nan,3,3,24,1,1,1,1,0,0,0,3872241359,0.04053,0.00659,0.95166,0.95255,-0.00532,-0.00081,-0.00167,0.00563,0.95489,0.00244,0.00653,3,12111,0,6362,0.00000,0.00000,0.00000,0,0,nan,0,0,0,4302,187491,0,0,0.000,0.000,0.000,0,0.000,0.000,0.000,0,0,4,0,0
PPG,1,96738,3871071552,25,476,508,0.000,0.000,0.000,0,0,0,0,0.00,nan,4,3,1,nan,3,3,24,1,1,2,2,0,0,0,3872280002,0.04297,0.00439,0.95630,0.95727,-0.00505,-0.00108,-0.00114,0.00529,0.95727,0.00532,0.00535,3,12115,0,6362,0.00000,0.00000,0.00000,0,0,nan,0,0,0,2653,187491,0,0,0.000,0.000,0.000,0,0.000,0.000,0.000,0,0,4,0,0
PPG,1,96739,3871111552,25,502,511,0.000,0.000,0.000,0,0,0,0,0.00,nan,4,3,1,nan,3,3,24,1,1,3,3,0,0,0,3872321413,0.03613,0.00488,0.95581,0.95651,-0.00585,-0.00028,-0.00114,0.00597,0.95651,0.00418,0.00597,3,12276,0,6362,0.00000,0.00000,0.00000,0,0,nan,0,0,0,4377,187491,0,0,0.000,0.000,0.000,0,0.000,0.000,0.000,0,0,4,0,0
PPG,1,96740,3871151552,25,495,504,0.000,0.000,0.000,0,0,0,0,0.00,nan,4,3,1,nan,3,3,24,1,1,4,4,0,0,0,3872360370,0.04199,0.00635,0.95386,0.95480,-0.00479,-0.00108,-0.00087,0.00498,0.95825,0.00284,0.00602,3,12261,0,6362,0.00000,0.00000,0.00000,0,0,nan,0,0,0,2625,187491,0,0,0.000,0.000,0.000,0,0.000,0.000,0.000,0,0,4,0,0
PPG,1,96741,3871191552,25,494,509,0.000,0.000,0.000,0,0,0,0,0.00,nan,4,3,1,nan,3,3,24,1,1,5,5,0,0,0,3872401894,0.03833,0.00220,0.95264,0.95341,-0.00558,-0.00055,-0.00300,0.00637,0.95341,0.00495,0.00637,3,12263,0,6362,0.00000,0.00000,0.00000,0,0,nan,0,0,0,4344,187491,0,0,0.000,0.000,0.000,0,0.000,0.000,0.000,0,0,4,0,0
PPG,1,96742,3871231552,30,491,505,0.000,0.000,0.000,0,0,0,0,0.00,nan,4,3,1,nan,3,3,24,1,1,6,6,0,0,0,3872440811,0.03760,0.00195,0.95996,0.96070,-0.00612,0.00052,-0.00061,0.00617,0.96070,0.00591,0.00719,3,12258,0,6362,0.00000,0.00000,0.00000,0,0,nan,0,0,0,4357,187491,0,0,0.000,0.000,0.000,0,0.000,0.000,0.000,0,0,4,0,0
PPG,1,96743,3871271552,29,499,500,0.000,0.000,0.000,0,0,0,0,0.00,nan,4,3,1,nan,3,3,24,1,1,7,7,0,0,0,3872479712,0.04321,0.00024,0.95068,0.95167,-0.00479,-0.00055,-0.00194,0.00519,0.95167,0.01265,0.00607,3,12248,0,6362,0.00000,0.00000,0.00000,0,0,nan,0,0,0,2634,187491,0,0,0.000,0.000,0.000,0,0.000,0.000,0.000,0,0,4,0,0
PPG,1,96744,3871311552,25,496,514,0.000,0.000,0.000,0,0,0,0,0.00,nan,4,3,1,nan,3,3,24,1,1,8,8,0,0,0,3872521230,0.04028,0.00488,0.95361,0.95448,-0.00585,-0.00055,-0.00194,0.00619,0.95543,0.00201,0.00619,3,12270,0,6362,0.00000,0.00000,0.00000,0,0,nan,0,0,0,4372,187491,0,0,0.000,0.000,0.000,0,0.000,0.000,0.000,0,0,4,0,0
PPG,1,96745,3871351552,25,490,501,0.000,0.000,0.000,0,0,0,0,0.00,nan,4,3,1,nan,3,3,24,1,1,9,9,0,0,0,3872560117,0.03809,0.00464,0.95117,0.95195,-0.00612,-0.00055,-0.00141,0.00630,0.95684,0.00621,0.00630,3,12241,0,6362,0.00000,0.00000,0.00000,0,0,nan,0,0,0,2646,187491,0,0,0.000,0.000,0.000,0,0.000,0.000,0.000,0,0,4,0,0
PPG,1,96746,3871391552,26,497,514,0.000,0.000,0.000,0,0,0,0,0.00,nan,4,3,1,nan,3,3,24,1,1,10,10,0,0,0,3872601618,0.04150,0.00732,0.94995,0.95089,-0.00692,-0.00055,-0.00167,0.00714,0.95142,0.00367,0.00714,3,12247,0,6362,0.00000,0.00000,0.00000,0,0,nan,0,0,0,4333,187491,0,0,0.000,0.000,0.000,0,0.000,0.000,0.000,0,0,4,0,0
PPG,1,96747,3871431552,24,482,511,0.000,0.000,0.000,0,0,0,0,0.00,nan,4,3,1,nan,3,3,24,1,1,11,11,0,0,0,3872657122,0.04004,0.00488,0.95142,0.95227,-0.00585,-0.00028,-0.00061,0.00589,0.95375,0.00326,0.00713,4,16495,0,6362,0.00000,0.00000,0.00000,0,0,nan,0,0,0,16435,187491,0,0,0.000,0.000,0.000,0,0.000,0.000,0.000,0,0,4,0,0
PPG,1,96748,3871471552,24,495,498,0.000,0.000,0.000,0,0,0,0,0.00,nan,4,3,1,nan,3,3,24,1,1,12,12,0,0,0,3872683761,0.03906,0.00732,0.94556,0.94639,-0.00638,-0.00055,-0.00167,0.00662,0.94806,0.00421,0.00681,2,12266,0,6362,0.00000,0.00000,0.00000,0,0,nan,0,0,0,2614,187491,0,0,0.000,0.000,0.000,0,0.000,0.000,0.000,0,0,4,0,0
PPG,1,96749,3871511552,25,494,498,0.000,0.000,0.000,0,0,0,0,0.00,nan,4,3,1,nan,3,3,24,1,1,13,13,0,0,0,3872722599,0.03760,0.00391,0.95288,0.95363,-0.00638,-0.00055,-0.00141,0.00656,0.95363,0.00707,0.00719,3,12229,0,6362,0.00000,0.00000,0.00000,0,0,nan,0,0,0,4324,187491,0,0,0.000,0.000,0.000,0,0.000,0.000,0.000,0,0,4,0,0
PPG,1,96750,3871551552,26,486,503,0.000,0.000,0.000,0,0,0,0,0.00,nan,4,3,1,nan,3,3,24,1,1,14,14,0,0,0,3872761437,0.04004,0.00537,0.94946,0.95032,-0.00638,-0.00161,-0.00061,0.00661,0.95377,0.00344,0.00661,3,12220,0,6362,0.00000,0.00000,0.00000,0,0,nan,0,0,0,4328,187491,0,0,0.000,0.000,0.000,0,0.000,0.000,0.000,0,0,4,0,0
PPG,1,96751,3871591552,26,494,517,0.000,0.000,0.000,0,0,0,0,0.00,nan,4,3,1,nan,3,3,24,1,1,15,15,0,0,0,3872800260,0.03882,0.00610,0.95459,0.95540,-0.00505,-0.00055,-0.00141,0.00527,0.95666,0.00634,0.00661,3,12217,0,6362,0.00000,0.00000,0.00000,0,0,nan,0,0,0,2629,187491,0,0,0.000,0.000,0.000,0,0.000,0.000,0.000,0,0,4,0,0
PPG,1,96752,3871631552,25,489,511,0.000,0.000,0.000,0,0,0,0,0.00,nan,4,3,1,nan,3,3,24,1,1,16,16,0,0,0,3872841768,0.04150,0.00928,0.95337,0.95432,-0.00532,-0.00028,-0.00274,0.00599,0.95446,0.00328,0.00631,3,12270,0,6362,0.00000,0.00000,0.00000,0,0,nan,0,0,0,4337,187491,0,0,0.000,0.000,0.000,0,0.000,0.000,0.000,0,0,4,0,0
PPG,1,96753,3871671552,25,487,514,0.000,0.000,0.000,0,0,0,0,0.00,nan,4,3,1,nan,3,3,24,1,1,17,17,0,0,0,3872880595,0.03687,0.00635,0.95093,0.95166,-0.00532,-0.00001,-0.00274,0.00598,0.95333,0.00508,0.00699,3,12237,0,6362,0.00000,0.00000,0.00000,0,0,nan,0,0,0,2633,187491,0,0,0.000,0.000,0.000,0,0.000,0.000,0.000,0,0,4,0,0
PPG,1,96754,3871711552,25,491,503,0.000,0.000,0.000,0,0,0,0,0.00,nan,4,3,1,nan,3,3,24,1,1,18,18,0,0,0,3872922017,0.03931,0.00586,0.95215,0.95298,-0.00505,-0.00001,-0.00141,0.00524,0.95713,0.00441,0.00576,3,12205,0,6362,0.00000,0.00000,0.00000,0,0,nan,0,0,0,4311,187491,0,0,0.000,0.000,0.000,0,0.000,0.000,0.000,0,0,4,0,0
PPG,1,96755,3871751552,25,492,512,0.000,0.000,0.000,0,0,0,0,0.00,nan,4,3,1,nan,3,3,24,1,1,19,19,0,0,0,3872960677,0.03882,0.00562,0.95264,0.95344,-0.00638,-0.00055,-0.00194,0.00669,0.95344,0.00200,0.00669,3,12147,0,6362,0.00000,0.00000,0.00000,0,0,nan,0,0,0,2676,187491,0,0,0.000,0.000,0.000,0,0.000,0.000,0.000,0,0,4,0,0
PPG,1,96756,3871791552,39,498,511,0.000,0.000,0.000,0,0,0,0,0.00,nan,4,3,1,nan,3,3,24,1,1,20,20,0,0,0,3873002005,0.04004,0.00659,0.96094,0.96179,-0.00692,-0.00055,-0.00087,0.00699,0.96179,0.01103,0.00716,3,12148,0,6362,0.00000,0.00000,0.00000,0,0,nan,0,0,0,4295,187491,0,0,0.000,0.000,0.000,0,0.000,0.000,0.000,0,0,4,0,0
PPG,1,96757,3871831552,25,498,513,0.000,0.000,0.000,0,0,0,0,0.00,nan,4,3,1,nan,3,3,24,1,1,21,21,0,0,0,3873040597,0.03857,0.00781,0.95190,0.95272,-0.00558,-0.00055,-0.00167,0.00586,0.95272,0.01013,0.00693,3,12146,0,6362,0.00000,0.00000,0.00000,0,0,nan,0,0,0,2597,187491,0,0,0.000,0.000,0.000,0,0.000,0.000,0.000,0,0,4,0,0
PPG,1,96758,3871871552,25,497,499,0.000,0.000,0.000,0,0,0,0,0.00,nan,4,3,1,nan,3,3,24,1,1,22,22,0,0,0,3873081807,0.03955,0.00513,0.94775,0.94859,-0.00585,-0.00028,-0.00167,0.00609,0.96040,0.00768,0.00637,3,12116,0,6362,0.00000,0.00000,0.00000,0,0,nan,0,0,0,4303,187491,0,0,0.000,0.000,0.000,0,0.000,0.000,0.000,0,0,4,0,0
PPG,1,96759,3871911552,25,498,501,0.000,0.000,0.000,0,0,0,0,0.00,nan,4,3,1,nan,3,3,24,1,1,23,23,0,0,0,3873120352,0.03857,0.00879,0.95459,0.95541,-0.00612,-0.00161,-0.00194,0.00662,0.95628,0.00769,0.00688,3,12126,0,6362,0.00000,0.00000,0.00000,0,0,nan,0,0,0,2601,187491,0,0,0.000,0.000,0.000,0,0.000,0.000,0.000,0,0,4,0,0
PPG,1,96760,3871951552,25,506,519,0.000,0.000,0.000,0,0,0,0,0.00,nan,4,3,1,nan,3,3,24,1,1,24,24,0,0,0,3873161553,0.04028,0.01025,0.95020,0.95110,-0.00612,-0.00055,-0.00274,0.00672,0.95110,0.01166,0.00672,3,12120,0,6362,0.00000,0.00000,0.00000,0,0,nan,0,0,0,4299,187491,0,0,0.000,0.000,0.000,0,0.000,0.000,0.000,0,0,4,0,0
PPG,1,96761,3871991552,25,484,505,0.000,0.000,0.000,0,0,0,0,0.00,nan,4,3,1,nan,3,3,24,1,1,25,25,0,0,0,3873200111,0.03809,0.00391,0.94995,0.95072,-0.00638,-0.00028,-0.00141,0.00654,0.95072,0.00352,0.00691,3,12135,0,6362,0.00000,0.00000,0.00000,0,0,nan,0,0,0,2596,187491,0,0,0.000,0.000,0.000,0,0.000,0.000,0.000,0,0,4,0,0
PPG,1,96762,3872031552,25,495,501,0.000,0.000,0.000,0,0,0,0,0.00,nan,4,3,1,nan,3,3,24,1,1,26,26,0,0,0,3873241265,0.03979,0.00488,0.94971,0.95055,-0.00585,0.00025,-0.00114,0.00597,0.95253,0.00594,0.00678,3,12149,0,6362,0.00000,0.00000,0.00000,0,0,nan,0,0,0,4305,187491,0,0,0.000,0.000,0.000,0,0.000,0.000,0.000,0,0,4,0,0
PPG,1,96763,3872071552,25,492,510,0.000,0.000,0.000,0,0,0,0,0.00,nan,4,3,1,nan,3,3,24,1,1,27,27,0,0,0,3873279781,0.03809,0.00610,0.95264,0.95342,-0.00558,-0.00081,-0.00167,0.00589,0.95342,0.00633,0.00619,3,12118,0,6362,0.00000,0.00000,0.00000,0,0,nan,0,0,0,2595,187491,0,0,0.000,0.000,0.000,0,0.000,0.000,0.000,0,0,4,0,0
PPG,1,96764,3872111552,25,494,507,0.000,0.000,0.000,0,0,0,0,0.00,nan,4,3,1,nan,3,3,24,1,1,28,28,0,0,0,3873320888,0.03955,0.00708,0.95020,0.95104,-0.00638,-0.00161,-0.00141,0.00673,0.95378,0.00364,0.00673,3,12114,0,6362,0.00000,0.00000,0.00000,0,0,nan,0,0,0,2595,187491,0,0,0.000,0.000,0.000,0,0.000,0.000,0.000,0,0,4,0,0
PPG,1,96765,3872151552,30,497,520,0.000,0.000,0.000,0,0,0,0,0.00,nan,4,3,1,nan,3,3,24,1,1,29,29,0,0,0,3873362048,0.04028,0.00537,0.94580,0.94667,-0.00558,-0.00081,-0.00194,0.00597,0.95642,0.00957,0.00610,3,12124,0,6362,0.00000,0.00000,0.00000,0,0,nan,0,0,0,4299,187491,0,0,0.000,0.000,0.000,0,0.000,0.000,0.000,0,0,4,0,0
PPG,1,96766,3872191552,25,491,511,0.000,0.000,0.000,0,0,0,0,0.00,nan,4,3,1,nan,3,3,24,1,1,30,30,0,0,0,3873400602,0.04150,0.00366,0.95215,0.95306,-0.00638,-0.00135,-0.00274,0.00708,0.95515,0.00848,0.00708,3,12134,0,6362,0.00000,0.00000,0.00000,0,0,nan,0,0,0,2598,187491,0,0,0.000,0.000,0.000,0,0.000,0.000,0.000,0,0,4,0,0
PPG,1,96767,3872231552,26,477,496,0.000,0.000,0.000,0,0,0,0,0.00,nan,4,3,1,nan,3,3,24,1,1,31,31,0,0,0,3873441723,0.03735,0.00830,0.95190,0.95267,-0.00585,-0.00108,-0.00221,0.00635,0.95594,0.00497,0.00693,3,12111,0,6362,0.00000,0.00000,0.00000,0,0,nan,0,0,0,4316,187491,0,0,0.000,0.000,0.000,0,0.000,0.000,0.000,0,0,4,0,0
PPG,1,96768,3872271552,25,497,499,0.000,0.000,0.000,0,0,0,0,0.00,nan,4,3,1,nan,3,3,24,1,1,0,0,0,0,0,3873480300,0.03735,0.00708,0.95361,0.95437,-0.00638,-0.00081,-0.00061,0.00646,0.95437,0.00257,0.00646,3,12127,0,6362,0.00000,0.00000,0.00000,0,0,nan,0,0,0,2597,187491,0,0,0.000,0.000,0.000,0,0.000,0.000,0.000,0,0,4,0,0
PPG,1,96769,3872311552,25,491,503,0.000,0.000,0.000,0,0,0,0,0.00,nan,4,3,1,nan,3,3,24,1,1,1,1,0,0,0,3873521419,0.03955,0.00757,0.94995,0.95080,-0.00585,-0.00135,-0.00141,0.00617,0.95653,0.00573,0.00632,3,12119,0,6362,0.00000,0.00000,0.00000,0,0,nan,0,0,0,4300,187491,0,0,0.000,0.000,0.000,0,0.000,0.000,0.000,0,0,4,0,0
PPG,1,96770,3872351552,25,500,513,0.000,0.000,0.000,0,0,0,0,0.00,nan,4,3,1,nan,3,3,24,1,1,2,2,0,0,0,3873559989,0.04053,0.01001,0.95337,0.95428,-0.00638,-0.00108,-0.00167,0.00669,0.95428,0.01101,0.00693,3,12155,0,6362,0.00000,0.00000,0.00000,0,0,nan,0,0,0,2605,187491,0,0,0.000,0.000,0.000,0,0.000,0.000,0.000,0,0,4,0,0
PPG,1,96771,3872391552,28,491,515,0.000,0.000,0.000,0,0,0,0,0.00,nan,4,3,1,nan,3,3,24,1,1,3,3,0,0,0,3873601125,0.03979,0.00439,0.95361,0.95445,-0.00452,0.00079,-0.00141,0.00480,0.95445,0.00454,0.00611,3,12131,0,6362,0.00000,0.00000,0.00000,0,0,nan,0,0,0,4297,187491,0,0,0.000,0.000,0.000,0,0.000,0.000,0.000,0,0,4,0,0
PPG,1,96772,3872431552,34,482,504,0.000,0.000,0.000,0,0,0,0,0.00,nan,4,3,1,nan,3,3,24,1,1,4,4,0,0,0,3873658642,0.03906,0.00586,0.94873,0.94955,-0.00585,-0.00001,-0.00194,0.00616,0.95398,0.00668,0.00673,4,19016,0,6362,0.00000,0.00000,0.00000,0,0,nan,0,0,0,14656,187491,0,0,0.000,0.000,0.000,0,0.000,0.000,0.000,0,0,4,0,0
PPG,1,96773,3872471552,24,472,493,0.000,0.000,0.000,0,0,0,0,0.00,nan,4,3,1,nan,3,3,24,1,1,5,5,0,0,0,3873685153,0.03906,0.00122,0.94873,0.94954,-0.00505,-0.00001,-0.00221,0.00551,0.95759,0.00806,0.00602,2,12149,0,6362,0.00000,0.00000,0.00000,0,0,nan,0,0,0,2594,187491,0,0,0.000,0.000,0.000,0,0.000,0.000,0.000,0,0,4,0,0
PPG,1,96774,3872511552,24,492,513,0.000,0.000,0.000,0,0,0,0,0.00,nan,4,3,1,nan,3,3,24,1,1,6,6,0,0,0,3873723684,0.03442,0.00562,0.94800,0.94864,-0.00692,-0.00055,-0.00221,0.00728,0.95405,0.00487,0.00728,3,12131,0,6362,0.00000,0.00000,0.00000,0,0,nan,0,0,0,2586,187491,0,0,0.000,0.000,0.000,0,0.000,0.000,0.000,0,0,4,0,0
PPG,1,96775,3872551552,25,501,507,0.000,0.000,0.000,0,0,0,0,0.00,nan,4,3,1,nan,3,3,24,1,1,7,7,0,0,0,3873762264,0.04150,0.00732,0.95239,0.95332,-0.00638,0.00052,-0.00141,0.00656,0.95332,0.00318,0.00678,3,12190,0,6362,0.00000,0.00000,0.00000,0,0,nan,0,0,0,4301,187491,0,0,0.000,0.000,0.000,0,0.000,0.000,0.000,0,0,4,0,0
PPG,1,96776,3872591552,25,489,514,0.000,0.000,0.000,0,0,0,0,0.00,nan,4,3,1,nan,3,3,24,1,1,8,8,0,0,0,3873800770,0.03711,0.00098,0.95728,0.95799,-0.00612,-0.00108,-0.00167,0.00643,0.95799,0.00546,0.00643,3,12123,0,6362,0.00000,0.00000,0.00000,0,0,nan,0,0,0,2594,187491,0,0,0.000,0.000,0.000,0,0.000,0.000,0.000,0,0,4,0,0
PPG,1,96777,3872631552,25,479,497,0.000,0.000,0.000,0,0,0,0,0.00,nan,4,3,1,nan,3,3,24,1,1,9,9,0,0,0,3873841865,0.03564,0.00537,0.94995,0.95063,-0.00479,0.00052,-0.00141,0.00501,0.95904,0.00846,0.00627,3,12113,0,6362,0.00000,0.00000,0.00000,0,0,nan,0,0,0,4298,187491,0,0,0.000,0.000,0.000,0,0.000,0.000,0.000,0,0,4,0,0
PPG,1,96778,3872671552,25,494,495,0.000,0.000,0.000,0,0,0,0,0.00,nan,4,3,1,nan,3,3,24,1,1,10,10,0,0,0,3873880441,0.03906,0.00439,0.95532,0.95613,-0.00585,-0.00081,-0.00194,0.00622,0.95644,0.00334,0.00662,3,12137,0,6362,0.00000,0.00000,0.00000,0,0,nan,0,0,0,2594,187491,0,0,0.000,0.000,0.000,0,0.000,0.000,0.000,0,0,4,0,0
PPG,1,96779,3872711552,26,489,510,0.000,0.000,0.000,0,0,0,0,0.00,nan,4,3,1,nan,3,3,24,1,1,11,11,0,0,0,3873921609,0.03662,0.00708,0.94922,0.94995,-0.00505,-0.00161,-0.00087,0.00537,0.95468,0.00473,0.00695,3,12134,0,6362,0.00000,0.00000,0.00000,0,0,nan,0,0,0,4298,187491,0,0,0.000,0.000,0.000,0,0.000,0.000,0.000,0,0,4,0,0
PPG,1,96780,3872751552,26,495,508,0.000,0.000,0.000,0,0,0,0,0.00,nan,4,3,1,nan,3,3,24,1,1,12,12,0,0,0,3873960148,0.03735,0.00757,0.95630,0.95706,-0.00558,-0.00108,-0.00141,0.00586,0.95706,0.00846,0.00586,3,12144,0,6362,0.00000,0.00000,0.00000,0,0,nan,0,0,0,2605,187491,0,0,0.000,0.000,0.000,0,0.000,0.000,0.000,0,0,4,0,0
PPG,1,96781,3872791552,25,499,516,0.000,0.000,0.000,0,0,0,0,0.00,nan,4,3,1,nan,3,3,24,1,1,13,13,0,0,0,3874001281,0.04126,0.00635,0.95093,0.95184,-0.00558,-0.00055,-0.00194,0.00594,0.95643,0.00510,0.00648,3,12119,0,6362,0.00000,0.00000,0.00000,0,0,nan,0,0,0,4304,187491,0,0,0.000,0.000,0.000,0,0.000,0.000,0.000,0,0,4,0,0
PPG,1,96782,3872831552,25,487,515,0.000,0.000,0.000,0,0,0,0,0.00,nan,4,3,1,nan,3,3,24,1,1,14,14,0,0,0,3874039796,0.03613,0.00708,0.95337,0.95408,-0.00612,-0.00161,-0.00221,0.00670,0.95408,0.00400,0.00714,3,12122,0,6362,0.00000,0.00000,0.00000,0,0,nan,0,0,0,2595,187491,0,0,0.000,0.000,0.000,0,0.000,0.000,0.000,0,0,4,0,0
PPG,1,96783,3872871552,26,482,500,0.000,0.000,0.000,0,0,0,0,0.00,nan,4,3,1,nan,3,3,24,1,1,15,15,0,0,0,3874080983,0.03809,0.00537,0.94946,0.95024,-0.00505,-0.00055,-0.00087,0.00516,0.95516,0.00396,0.00632,3,12120,0,6362,0.00000,0.00000,0.00000,0,0,nan,0,0,0,2600,187491,0,0,0.000,0.000,0.000,0,0.000,0.000,0.000,0,0,4,0,0
PPG,1,96784,3872911552,37,488,498,0.000,0.000,0.000,0,0,0,0,0.00,nan,4,3,1,nan,3,3,24,1,1,16,16,0,0,0,3874122123,0.03687,0.00708,0.95337,0.95411,-0.00479,0.00025,-0.00167,0.00508,0.95517,0.00250,0.00592,3,12122,0,6362,0.00000,0.00000,0.00000,0,0,nan,0,0,0,4297,187491,0,0,0.000,0.000,0.000,0,0.000,0.000,0.000,0,0,4,0,0
PPG,1,96785,3872951552,25,497,499,0.000,0.000,0.000,0,0,0,0,0.00,nan,4,3,1,nan,3,3,24,1,1,17,17,0,0,0,3874160650,0.03931,0.00757,0.95117,0.95201,-0.00638,-0.00001,-0.00087,0.00644,0.95484,0.00534,0.00668,3,12126,0,6362,0.00000,0.00000,0.00000,0,0,nan,0,0,0,2603,187491,0,0,0.000,0.000,0.000,0,0.000,0.000,0.000,0,0,4,0,0
PPG,1,96786,3872991552,25,500,504,0.000,0.000,0.000,0,0,0,0,0.00,nan,4,3,1,nan,3,3,24,1,1,18,18,0,0,0,3874201835,0.04370,0.00879,0.95605,0.95709,-0.00612,-0.00055,-0.00194,0.00644,0.95709,0.00332,0.00659,3,12119,0,6362,0.00000,0.00000,0.00000,0,0,nan,0,0,0,4301,187491,0,0,0.000,0.000,0.000,0,0.000,0.000,0.000,0,0,4,0,0
PPG,1,96787,3873031552,25,493,515,0.000,0.000,0.000,0,0,0,0,0.00,nan,4,3,1,nan,3,3,24,1,1,19,19,0,0,0,3874240384,0.03809,0.00415,0.94580,0.94658,-0.00558,-0.00135,-0.00194,0.00606,0.95371,0.00713,0.00665,3,12131,0,6362,0.00000,0.00000,0.00000,0,0,nan,0,0,0,2595,187491,0,0,0.000,0.000,0.000,0,0.000,0.000,0.000,0,0,4,0,0
PPG,1,96788,3873071552,25,483,503,0.000,0.000,0.000,0,0,0,0,0.00,nan,4,3,1,nan,3,3,24,1,1,20,20,0,0,0,3874281706,0.04004,0.00342,0.94727,0.94812,-0.00532,-0.00001,-0.00114,0.00544,0.95357,0.00555,0.00611,3,12298,0,6362,0.00000,0.00000,0.00000,0,0,nan,0,0,0,4336,187491,0,0,0.000,0.000,0.000,0,0.000,0.000,0.000,0,0,4,0,0
PPG,1,96789,3873111552,25,494,503,0.000,0.000,0.000,0,0,0,0,0.00,nan,4,3,1,nan,3,3,24,1,1,21,21,0,0,0,3874320339,0.03931,0.00562,0.95239,0.95322,-0.00612,-0.00055,-0.00167,0.00637,0.95322,0.00351,0.00637,3,12109,0,6362,0.00000,0.00000,0.00000,0,0,nan,0,0,0,2666,187491,0,0,0.000,0.000,0.000,0,0.000,0.000,0.000,0,0,4,0,0
PPG,1,96790,3873151552,25,502,514,0.000,0.000,0.000,0,0,0,0,0.00,nan,4,3,1,nan,3,3,24,1,1,22,22,0,0,0,3874361496,0.03589,0.00635,0.95459,0.95529,-0.00585,-0.00081,-0.00141,0.00607,0.95529,0.00453,0.00642,3,12105,0,6362,0.00000,0.00000,0.00000,0,0,nan,0,0,0,4295,187491,0,0,0.000,0.000,0.000,0,0.000,0.000,0.000,0,0,4,0,0
PPG,1,96791,3873191552,25,480,499,0.000,0.000,0.000,0,0,0,0,0.00,nan,4,3,1,nan,3,3,24,1,1,23,23,0,0,0,3874400168,0.04004,0.00635,0.94531,0.94618,-0.00638,-0.00028,-0.00194,0.00668,0.95253,0.00635,0.00668,3,12203,0,6362,0.00000,0.00000,0.00000,0,0,nan,0,0,0,2608,187491,0,0,0.000,0.000,0.000,0,0.000,0.000,0.000,0,0,4,0,0
PPG,1,96792,3873231552,25,492,507,0.000,0.000,0.000,0,0,0,0,0.00,nan,4,3,1,nan,3,3,24,1,1,24,24,0,0,0,3874441458,0.03906,0.00293,0.95410,0.95491,-0.00612,0.00025,-0.00141,0.00628,0.95532,0.00476,0.00628,3,12286,0,6362,0.00000,0.00000,0.00000,0,0,nan,0,0,0,4302,187491,0,0,0.000,0.000,0.000,0,0.000,0.000,0.000,0,0,4,0,0
PPG,1,96793,3873271552,25,499,510,0.000,0.000,0.000,0,0,0,0,0.00,nan,4,3,1,nan,3,3,24,1,1,25,25,0,0,0,3874480219,0.03442,0.00708,0.95557,0.95621,-0.00638,0.00025,-0.00034,0.00640,0.95621,0.00990,0.00640,3,12358,0,6362,0.00000,0.00000,0.00000,0,0,nan,0,0,0,2619,187491,0,0,0.000,0.000,0.000,0,0.000,0.000,0.000,0,0,4,0,0
PPG,1,96794,3873311552,35,497,511,0.000,0.000,0.000,0,0,0,0,0.00,nan,4,3,1,nan,3,3,24,1,1,26,26,0,0,0,3874521695,0.04199,0.00513,0.95215,0.95309,-0.00479,-0.00135,-0.00221,0.00544,0.95309,0.00555,0.00669,3,12256,0,6362,0.00000,0.00000,0.00000,0,0,nan,0,0,0,4330,187491,0,0,0.000,0.000,0.000,0,0.000,0.000,0.000,0,0,4,0,0
PPG,1,96795,3873351552,30,486,505,0.000,0.000,0.000,0,0,0,0,0.00,nan,4,3,1,nan,3,3,24,1,1,27,27,0,0,0,3874560656,0.03809,0.00513,0.95313,0.95390,-0.00638,-0.00028,-0.00034,0.00640,0.95798,0.00482,0.00654,3,12263,0,6362,0.00000,0.00000,0.00000,0,0,nan,0,0,0,2631,187491,0,0,0.000,0.000,0.000,0,0.000,0.000,0.000,0,0,4,0,0
PPG,1,96796,3873391552,26,491,503,0.000,0.000,0.000,0,0,0,0,0.00,nan,4,3,1,nan,3,3,24,1,1,28,28,0,0,0,3874602152,0.04224,0.00830,0.94873,0.94971,-0.00612,-0.00081,-0.00167,0.00639,0.95686,0.00715,0.00639,3,12263,0,6362,0.00000,0.00000,0.00000,0,0,nan,0,0,0,4337,187491,0,0,0.000,0.000,0.000,0,0.000,0.000,0.000,0,0,4,0,0
PPG,1,96797,3873431552,24,497,507,0.000,0.000,0.000,0,0,0,0,0.00,nan,4,3,1,nan,3,3,24,1,1,29,29,0,0,0,3874660049,0.03760,0.00000,0.95728,0.95801,-0.00558,-0.00108,-0.00141,0.00586,0.95801,0.00831,0.00655,4,18987,0,6362,0.00000,0.00000,0.00000,0,0,nan,0,0,0,14580,187491,0,0,0.000,0.000,0.000,0,0.000,0.000,0.000,0,0,4,0,0
PPG,1,96798,3873471552,23,490,505,0.000,0.000,0.000,0,0,0,0,0.00,nan,4,3,1,nan,3,3,24,1,1,30,30,0,0,0,3874686778,0.03613,0.00488,0.95313,0.95382,-0.00612,-0.00028,-0.00141,0.00628,0.95569,0.00232,0.00628,2,12295,0,6362,0.00000,0.00000,0.00000,0,0,nan,0,0,0,2614,187491,0,0,0.000,0.000,0.000,0,0.000,0.000,0.000,0,0,4,0,0
PPG,1,96799,3873511552,24,497,506,0.000,0.000,0.000,0,0,0,0,0.00,nan,4,3,1,nan,3,3,24,1,1,31,31,0,0,0,3874725652,0.03955,0.00781,0.95068,0.95154,-0.00612,-0.00135,-0.00194,0.00656,0.95249,0.00179,0.00671,3,12236,0,6362,0.00000,0.00000,0.00000,0,0,nan,0,0,0,2624,187491,0,0,0.000,0.000,0.000,0,0.000,0.000,0.000,0,0,4,0,0
PPG,1,96800,3873551552,25,489,512,0.000,0.000,0.000,0,0,0,0,0.00,nan,4,3,1,nan,3,3,24,1,1,0,0,0,0,0,3874764474,0.04248,0.00537,0.95728,0.95823,-0.00585,-0.00055,-0.00167,0.00611,0.95823,0.01635,0.00640,3,12247,0,6362,0.00000,0.00000,0.00000,0,0,nan,0,0,0,2617,187491,0,0,0.000,0.000,0.000,0,0.000,0.000,0.000,0,0,4,0,0
PPG,1,96801,3873591552,25,484,503,0.000,0.000,0.000,0,0,0,0,0.00,nan,4,3,1,nan,3,3,24,1,1,1,1,0,0,0,3874803424,0.03760,0.00391,0.95630,0.95705,-0.00718,-0.00135,-0.00167,0.00750,0.95761,0.00481,0.00750,3,12264,0,6362,0.00000,0.00000,0.00000,0,0,nan,0,0,0,4326,187491,0,0,0.000,0.000,0.000,0,0.000,0.000,0.000,0,0,4,0,0
PPG,1,96802,3873631552,25,493,506,0.000,0.000,0.000,0,0,0,0,0.00,nan,4,3,1,nan,3,3,24,1,1,2,2,0,0,0,3874842182,0.03784,0.00610,0.94312,0.94389,-0.00532,-0.00081,-0.00221,0.00581,0.94987,0.00804,0.00607,3,12222,0,6362,0.00000,0.00000,0.00000,0,0,nan,0,0,0,4331,187491,0,0,0.000,0.000,0.000,0,0.000,0.000,0.000,0,0,4,0,0
PPG,1,96803,3873671552,25,481,505,0.000,0.000,0.000,0,0,0,0,0.00,nan,4,3,1,nan,3,3,24,1,1,3,3,0,0,0,3874881057,0.04150,0.00220,0.95483,0.95574,-0.00452,-0.00135,-0.00141,0.00492,0.95574,0.00767,0.00618,3,12291,0,6362,0.00000,0.00000,0.00000,0,0,nan,0,0,0,2652,187491,0,0,0.000,0.000,0.000,0,0.000,0.000,0.000,0,0,4,0,0
PPG,1,96804,3873711552,25,497,509,0.000,0.000,0.000,0,0,0,0,0.00,nan,4,3,1,nan,3,3,24,1,1,4,4,0,0,0,3874958093,0.04175,0.00684,0.95679,0.95772,-0.00558,-0.00081,-0.00221,0.00606,0.95772,0.00607,0.00611,2,60053,0,6367,0.00000,0.00000,0.00000,0,0,nan,0,0,0,60085,187491,0,0,0.000,0.000,0.000,0,0.000,0.000,0.000,0,0,4,0,0
PPG,1,96805,3873751552,26,490,508,0.000,0.000,0.000,0,0,0,0,0.00,nan,4,3,1,nan,3,3,24,1,1,5,5,0,0,0,3874958093,0.04175,0.00684,0.95679,0.95772,-0.00558,-0.00081,-0.00221,0.00606,0.00000,0.00000,0.00000,0,60053,0,6367,0.00000,0.00000,0.00000,0,0,nan,0,0,0,11729,187491,0,0,0.000,0.000,0.000,0,0.000,0.000,0.000,0,0,4,0,0
PPG,1,96806,3873791552,24,497,502,0.000,0.000,0.000,0,0,0,0,0.00,nan,4,3,1,nan,3,3,24,1,1,6,6,0,0,0,3875004332,0.03931,0.00439,0.95117,0.95199,-0.00558,-0.00001,-0.00114,0.00570,0.95225,0.00997,0.00647,3,12223,0,6368,0.00000,0.00000,0.00000,0,0,nan,0,0,0,2610,187491,0,0,0.000,0.000,0.000,0,0.000,0.000,0.000,0,0,4,0,0
PPG,1,96807,3873831552,26,495,505,0.000,0.000,0.000,0,0,0,0,0.00,nan,4,3,1,nan,3,3,24,1,1,7,7,0,0,0,3875043164,0.03857,0.00659,0.94897,0.94978,-0.00585,0.00025,-0.00114,0.00597,0.95139,0.00846,0.00628,3,12235,0,6368,0.00000,0.00000,0.00000,0,0,nan,0,0,0,4333,187491,0,0,0.000,0.000,0.000,0,0.000,0.000,0.000,0,0,4,0,0
PPG,1,96808,3873871552,39,503,505,0.000,0.000,0.000,0,0,0,0,0.00,nan,4,3,1,nan,3,3,24,1,1,8,8,0,0,0,3875082002,0.03906,0.00488,0.95508,0.95589,-0.00505,-0.00108,-0.00114,0.00529,0.95719,0.00586,0.00678,3,12280,0,6368,0.00000,0.00000,0.00000,0,0,nan,0,0,0,4365,187491,0,0,0.000,0.000,0.000,0,0.000,0.000,0.000,0,0,4,0,0
PPG,1,96809,3873911552,25,494,508,0.000,0.000,0.000,0,0,0,0,0.00,nan,4,3,1,nan,3,3,24,1,1,9,9,0,0,0,3875120888,0.03540,0.00757,0.95532,0.95601,-0.00692,-0.00081,-0.00061,0.00699,0.95601,0.00082,0.00699,3,12283,0,6368,0.00000,0.00000,0.00000,0,0,nan,0,0,0,2595,187491,0,0,0.000,0.000,0.000,0,0.000,0.000,0.000,0,0,4,0,0
PPG,1,96810,3873951552,25,491,503,0.000,0.000,0.000,0,0,0,0,0.00,nan,4,3,1,nan,3,3,24,1,1,10,10,0,0,0,3875162052,0.03979,0.00830,0.95703,0.95789,-0.00558,-0.00001,-0.00087,0.00565,0.95789,0.00898,0.00569,3,12140,0,6368,0.00000,0.00000,0.00000,0,0,nan,0,0,0,4308,187491,0,0,0.000,0.000,0.000,0,0.000,0.000,0.000,0,0,4,0,0
PPG,1,96811,3873991552,28,500,520,0.000,0.000,0.000,0,0,0,0,0.00,nan,4,3,1,nan,3,3,24,1,1,11,11,0,0,0,3875200639,0.03540,0.00732,0.94971,0.95039,-0.00558,-0.00001,-0.00167,0.00583,0.95478,0.00712,0.00583,3,12172,0,6368,0.00000,0.00000,0.00000,0,0,nan,0,0,0,2639,187491,0,0,0.000,0.000,0.000,0,0.000,0.000,0.000,0,0,4,0,0
PPG,1,96812,3874031552,25,493,514,0.000,0.000,0.000,0,0,0,0,0.00,nan,4,3,1,nan,3,3,24,1,1,12,12,0,0,0,3875241861,0.03906,0.00854,0.95288,0.95372,-0.00612,-0.00081,-0.00141,0.00633,0.95594,0.01016,0.00633,3,12123,0,6368,0.00000,0.00000,0.00000,0,0,nan,0,0,0,4298,187491,0,0,0.000,0.000,0.000,0,0.000,0.000,0.000,0,0,4,0,0
PPG,1,96813,3874071552,26,495,496,0.000,0.000,0.000,0,0,0,0,0.00,nan,4,3,1,nan,3,3,24,1,1,13,13,0,0,0,3875280382,0.04297,0.00781,0.95020,0.95120,-0.00612,-0.00081,-0.00247,0.00665,0.95611,0.00370,0.00665,3,12116,0,6368,0.00000,0.00000,0.00000,0,0,nan,0,0,0,2595,187491,0,0,0.000,0.000,0.000,0,0.000,0.000,0.000,0,0,4,0,0
PPG,1,96814,3874111552,25,490,514,0.000,0.000,0.000,0,0,0,0,0.00,nan,4,3,1,nan,3,3,24,1,1,14,14,0,0,0,3875321510,0.03735,0.00757,0.94995,0.95072,-0.00585,-0.00081,-0.00194,0.00622,0.95594,0.00479,0.00647,3,12118,0,6368,0.00000,0.00000,0.00000,0,0,nan,0,0,0,2598,187491,0,0,0.000,0.000,0.000,0,0.000,0.000,0.000,0,0,4,0,0
PPG,1,96815,3874151552,25,494,503,0.000,0.000,0.000,0,0,0,0,0.00,nan,4,3,1,nan,3,3,24,1,1,15,15,0,0,0,3875362613,0.03857,0.00928,0.96118,0.96200,-0.00505,-0.00055,-0.00167,0.00535,0.96200,0.00498,0.00587,3,12120,0,6368,0.00000,0.00000,0.00000,0,0,nan,0,0,0,4295,187491,0,0,0.000,0.000,0.000,0,0.000,0.000,0.000,0,0,4,0,0
PPG,1,96816,3874191552,25,506,502,0.000,0.000,0.000,0,0,0,0,0.00,nan,4,3,1,nan,3,3,24,1,1,16,16,0,0,0,3875401147,0.03516,0.00635,0.94897,0.94965,-0.00532,-0.00081,-0.00141,0.00556,0.95688,0.01068,0.00588,3,12154,0,6368,0.00000,0.00000,0.00000,0,0,nan,0,0,0,2595,187491,0,0,0.000,0.000,0.000,0,0.000,0.000,0.000,0,0,4,0,0
PPG,1,96817,3874231552,25,494,514,0.000,0.000,0.000,0,0,0,0,0.00,nan,4,3,1,nan,3,3,24,1,1,17,17,0,0,0,3875442257,0.04199,0.00073,0.95337,0.95429,-0.00505,-0.00001,-0.00167,0.00532,0.96098,0.00715,0.00562,3,12117,0,6368,0.00000,0.00000,0.00000,0,0,nan,0,0,0,4301,187491,0,0,0.000,0.000,0.000,0,0.000,0.000,0.000,0,0,4,0,0
PPG,1,96818,3874271552,25,491,513,0.000,0.000,0.000,0,0,0,0,0.00,nan,4,3,1,nan,3,3,24,1,1,18,18,0,0,0,3875480764,0.04004,0.00684,0.95093,0.95179,-0.00532,-0.00028,-0.00114,0.00545,0.95355,0.00763,0.00614,3,12123,0,6368,0.00000,0.00000,0.00000,0,0,nan,0,0,0,2594,187491,0,0,0.000,0.000,0.000,0,0.000,0.000,0.000,0,0,4,0,0
PPG,1,96819,3874311552,25,489,506,0.000,0.000,0.000,0,0,0,0,0.00,nan,4,3,1,nan,3,3,24,1,1,19,19,0,0,0,3875521917,0.04102,0.00415,0.95361,0.95450,-0.00532,-0.00108,-0.00167,0.00568,0.95450,0.00732,0.00594,3,12130,0,6368,0.00000,0.00000,0.00000,0,0,nan,0,0,0,4298,187491,0,0,0.000,0.000,0.000,0,0.000,0.000,0.000,0,0,4,0,0
PPG,1,96820,3874351552,25,483,489,0.000,0.000,0.000,0,0,0,0,0.00,nan,4,3,1,nan,3,3,24,1,1,20,20,0,0,0,3875560430,0.03735,0.00586,0.95239,0.95314,-0.00585,-0.00108,-0.00221,0.00635,0.95314,0.00230,0.00720,3,12117,0,6368,0.00000,0.00000,0.00000,0,0,nan,0,0,0,2600,187491,0,0,0.000,0.000,0.000,0,0.000,0.000,0.000,0,0,4,0,0
PPG,1,96821,3874391552,25,489,502,0.000,0.000,0.000,0,0,0,0,0.00,nan,4,3,1,nan,3,3,24,1,1,21,21,0,0,0,3875601594,0.03906,0.00854,0.94971,0.95055,-0.00665,0.00025,-0.00167,0.00686,0.95055,0.00331,0.00686,3,12164,0,6368,0.00000,0.00000,0.00000,0,0,nan,0,0,0,2597,187491,0,0,0.000,0.000,0.000,0,0.000,0.000,0.000,0,0,4,0,0
PPG,1,96822,3874431552,25,496,504,0.000,0.000,0.000,0,0,0,0,0.00,nan,4,3,1,nan,3,3,24,1,1,22,22,0,0,0,3875642716,0.03735,0.00830,0.94800,0.94877,-0.00558,-0.00135,-0.00194,0.00606,0.95295,0.00344,0.00642,3,12128,0,6368,0.00000,0.00000,0.00000,0,0,nan,0,0,0,4300,187491,0,0,0.000,0.000,0.000,0,0.000,0.000,0.000,0,0,4,0,0
PPG,1,96823,3874471552,25,502,500,0.000,0.000,0.000,0,0,0,0,0.00,nan,4,3,1,nan,3,3,24,1,1,23,23,0,0,0,3875681059,0.03857,0.00537,0.95215,0.95294,-0.00558,0.00052,-0.00061,0.00564,0.95435,0.00558,0.00668,2,12187,0,6369,0.00000,0.00000,0.00000,0,0,nan,0,0,0,2598,187491,0,0,0.000,0.000,0.000,0,0.000,0.000,0.000,0,0,4,0,0
PPG,1,96824,3874511552,25,491,504,0.000,0.000,0.000,0,0,0,0,0.00,nan,4,3,1,nan,3,3,24,1,1,24,24,0,0,0,3875722240,0.03955,0.00220,0.95020,0.95102,-0.00532,0.00079,-0.00221,0.00581,0.95410,0.00277,0.00665,3,12139,0,6369,0.00000,0.00000,0.00000,0,0,nan,0,0,0,4294,187491,0,0,0.000,0.000,0.000,0,0.000,0.000,0.000,0,0,4,0,0
PPG,1,96825,3874551552,26,496,515,0.000,0.000,0.000,0,0,0,0,0.00,nan,4,3,1,nan,3,3,24,1,1,25,25,0,0,0,3875760749,0.03979,0.00342,0.94971,0.95055,-0.00612,-0.00001,-0.00087,0.00618,0.95605,0.00551,0.00651,3,12125,0,6369,0.00000,0.00000,0.00000,0,0,nan,0,0,0,2600,187491,0,0,0.000,0.000,0.000,0,0.000,0.000,0.000,0,0,4,0,0
PPG,1,96826,3874591552,25,494,514,0.000,0.000,0.000,0,0,0,0,0.00,nan,4,3,1,nan,3,3,24,1,1,26,26,0,0,0,3875801888,0.03589,0.00488,0.95288,0.95357,-0.00505,-0.00055,-0.00194,0.00544,0.95394,0.00340,0.00642,3,12142,0,6369,0.00000,0.00000,0.00000,0,0,nan,0,0,0,4295,187491,0,0,0.000,0.000,0.000,0,0.000,0.000,0.000,0,0,4,0,0
PPG,1,96827,3874631552,25,499,511,0.000,0.000,0.000,0,0,0,0,0.00,nan,4,3,1,nan,3,3,24,1,1,27,27,0,0,0,3875840430,0.04175,-0.00073,0.95337,0.95428,-0.00585,0.00025,-0.00114,0.00597,0.95428,0.00171,0.00663,3,12116,0,6369,0.00000,0.00000,0.00000,0,0,nan,0,0,0,2595,187491,0,0,0.000,0.000,0.000,0,0.000,0.000,0.000,0,0,4,0,0
PPG,1,96828,3874671552,25,486,507,0.000,0.000,0.000,0,0,0,0,0.00,nan,4,3,1,nan,3,3,24,1,1,28,28,0,0,0,3875881549,0.03882,0.00488,0.95166,0.95246,-0.00505,-0.00055,-0.00087,0.00516,0.95296,0.00312,0.00661,3,12120,0,6369,0.00000,0.00000,0.00000,0,0,nan,0,0,0,2603,187491,0,0,0.000,0.000,0.000,0,0.000,0.000,0.000,0,0,4,0,0
PPG,1,96829,3874711552,25,480,496,0.000,0.000,0.000,0,0,0,0,0.00,nan,4,3,1,nan,3,3,24,1,1,29,29,0,0,0,3875922715,0.04004,0.00732,0.94873,0.94960,-0.00612,-0.00028,-0.00141,0.00628,0.94960,0.00611,0.00705,3,12127,0,6369,0.00000,0.00000,0.00000,0,0,nan,0,0,0,4300,187491,0,0,0.000,0.000,0.000,0,0.000,0.000,0.000,0,0,4,0,0
PPG,1,96830,3874751552,25,492,499,0.000,0.000,0.000,0,0,0,0,0.00,nan,4,3,1,nan,3,3,24,1,1,30,30,0,0,0,3875961241,0.03955,0.00610,0.95630,0.95714,-0.00638,-0.00108,-0.00194,0.00676,0.95714,0.00819,0.00724,3,12125,0,6369,0.00000,0.00000,0.00000,0,0,nan,0,0,0,2599,187491,0,0,0.000,0.000,0.000,0,0.000,0.000,0.000,0,0,4,0,0
PPG,1,96831,3874791552,25,492,504,0.000,0.000,0.000,0,0,0,0,0.00,nan,4,3,1,nan,3,3,24,1,1,31,31,0,0,0,3876002377,0.04053,0.00854,0.95020,0.95110,-0.00558,-0.00028,-0.00221,0.00601,0.95560,0.00543,0.00637,3,12125,0,6369,0.00000,0.00000,0.00000,0,0,nan,0,0,0,4316,187491,0,0,0.000,0.000,0.000,0,0.000,0.000,0.000,0,0,4,0,0
PPG,1,96832,3874831552,25,504,516,0.000,0.000,0.000,0,0,0,0,0.00,nan,4,3,1,nan,3,3,24,1,1,0,0,0,0,0,3876040907,0.03931,0.00635,0.95483,0.95566,-0.00585,-0.00135,-0.00247,0.00649,0.95566,0.00820,0.00701,3,12122,0,6369,0.00000,0.00000,0.00000,0,0,nan,0,0,0,2595,187491,0,0,0.000,0.000,0.000,0,0.000,0.000,0.000,0,0,4,0,0
PPG,1,96833,3874871552,25,496,510,0.000,0.000,0.000,0,0,0,0,0.00,nan,4,3,1,nan,3,3,24,1,1,1,1,0,0,0,3876082002,0.04004,0.00781,0.95337,0.95424,-0.00612,-0.00028,-0.00114,0.00623,0.95424,0.00268,0.00623,3,12110,0,6369,0.00000,0.00000,0.00000,0,0,nan,0,0,0,4294,187491,0,0,0.000,0.000,0.000,0,0.000,0.000,0.000,0,0,4,0,0
PPG,1,96834,3874911552,25,486,517,0.000,0.000,0.000,0,0,0,0,0.00,nan,4,3,1,nan,3,3,24,1,1,2,2,0,0,0,3876120540,0.04224,0.00684,0.95239,0.95335,-0.00612,-0.00108,-0.00274,0.00679,0.95418,0.00083,0.00679,3,12130,0,6369,0.00000,0.00000,0.00000,0,0,nan,0,0,0,2599,187491,0,0,0.000,0.000,0.000,0,0.000,0.000,0.000,0,0,4,0,0
PPG,1,96835,3874951552,25,477,516,0.000,0.000,0.000,0,0,0,0,0.00,nan,4,3,1,nan,3,3,24,1,1,3,3,0,0,0,3876161640,0.03979,0.00488,0.95435,0.95519,-0.00612,-0.00001,-0.00247,0.00660,0.95519,0.00613,0.00672,3,12118,0,6369,0.00000,0.00000,0.00000,0,0,nan,0,0,0,2594,187491,0,0,0.000,0.000,0.000,0,0.000,0.000,0.000,0,0,4,0,0
PPG,1,96836,3874991552,38,475,494,0.000,0.000,0.000,0,0,0,0,0.00,nan,4,3,1,nan,3,3,24,1,1,4,4,0,0,0,3876202743,0.03735,0.00903,0.94800,0.94878,-0.00505,-0.00108,-0.00114,0.00529,0.95626,0.00706,0.00695,3,12120,0,6369,0.00000,0.00000,0.00000,0,0,nan,0,0,0,4296,187491,0,0,0.000,0.000,0.000,0,0.000,0.000,0.000,0,0,4,0,0
PPG,1,96837,3875031552,25,488,500,0.000,0.000,0.000,0,0,0,0,0.00,nan,4,3,1,nan,3,3,24,1,1,5,5,0,0,0,3876241918,0.03589,0.00977,0.95142,0.95214,-0.00612,-0.00081,-0.00087,0.00623,0.95453,0.00575,0.00631,3,12287,0,6369,0.00000,0.00000,0.00000,0,0,nan,0,0,0,2595,187491,0,0,0.000,0.000,0.000,0,0.000,0.000,0.000,0,0,4,0,0
PPG,1,96838,3875071552,25,486,507,0.000,0.000,0.000,0,0,0,0,0.00,nan,4,3,1,nan,3,3,24,1,1,6,6,0,0,0,3876283071,0.04346,0.00562,0.95410,0.95511,-0.00612,-0.00081,-0.00141,0.00633,0.95511,0.00164,0.00633,3,12160,0,6369,0.00000,0.00000,0.00000,0,0,nan,0,0,0,4304,187491,0,0,0.000,0.000,0.000,0,0.000,0.000,0.000,0,0,4,0,0
PPG,1,96839,3875111552,25,500,519,0.000,0.000,0.000,0,0,0,0,0.00,nan,4,3,1,nan,3,3,24,1,1,7,7,0,0,0,3876321646,0.04150,0.00659,0.94873,0.94966,-0.00665,0.00025,-0.00114,0.00675,0.95427,0.00703,0.00675,3,12191,0,6369,0.00000,0.00000,0.00000,0,0,nan,0,0,0,2605,187491,0,0,0.000,0.000,0.000,0,0.000,0.000,0.000,0,0,4,0,0
PPG,1,96840,3875151552,25,492,512,0.000,0.000,0.000,0,0,0,0,0.00,nan,4,3,1,nan,3,3,24,1,1,8,8,0,0,0,3876362964,0.03589,0.00854,0.95044,0.95116,-0.00585,-0.00161,-0.00141,0.00623,0.95314,0.00348,0.00704,3,12113,0,6369,0.00000,0.00000,0.00000,0,0,nan,0,0,0,4299,187491,0,0,0.000,0.000,0.000,0,0.000,0.000,0.000,0,0,4,0,0
PPG,1,96841,3875191552,29,504,510,0.000,0.000,0.000,0,0,0,0,0.00,nan,4,3,1,nan,3,3,24,1,1,9,9,0,0,0,3876401527,0.03833,0.00757,0.94385,0.94466,-0.00558,-0.00028,-0.00247,0.00611,0.95374,0.01241,0.00613,3,12114,0,6369,0.00000,0.00000,0.00000,0,0,nan,0,0,0,2602,187491,0,0,0.000,0.000,0.000,0,0.000,0.000,0.000,0,0,4,0,0
PPG,1,96842,3875231552,25,497,528,0.000,0.000,0.000,0,0,0,0,0.00,nan,4,3,1,nan,3,3,24,1,1,10,10,0,0,0,3876442714,0.04004,0.00342,0.95020,0.95104,-0.00585,-0.00081,-0.00141,0.00607,0.95563,0.00837,0.00625,3,12160,0,6369,0.00000,0.00000,0.00000,0,0,nan,0,0,0,4304,187491,0,0,0.000,0.000,0.000,0,0.000,0.000,0.000,0,0,4,0,0
PPG,1,96843,3875271552,26,488,511,0.000,0.000,0.000,0,0,0,0,0.00,nan,4,3,1,nan,3,3,24,1,1,11,11,0,0,0,3876481265,0.03857,0.00513,0.95142,0.95221,-0.00638,-0.00001,-0.00114,0.00648,0.95499,0.00394,0.00648,3,12125,0,6369,0.00000,0.00000,0.00000,0,0,nan,0,0,0,2599,187491,0,0,0.000,0.000,0.000,0,0.000,0.000,0.000,0,0,4,0,0
PPG,1,96844,3875311552,34,484,497,0.000,0.000,0.000,0,0,0,0,0.00,nan,4,3,1,nan,3,3,24,1,1,12,12,0,0,0,3876522433,0.03882,0.00195,0.95459,0.95538,-0.00638,-0.00161,-0.00061,0.00661,0.95538,0.00616,0.00743,3,12143,0,6369,0.00000,0.00000,0.00000,0,0,nan,0,0,0,4303,187491,0,0,0.000,0.000,0.000,0,0.000,0.000,0.000,0,0,4,0,0
PPG,1,96845,3875351552,34,493,511,0.000,0.000,0.000,0,0,0,0,0.00,nan,4,3,1,nan,3,3,24,1,1,13,13,0,0,0,3876561421,0.03809,0.00781,0.95361,0.95441,-0.00532,-0.00055,-0.00247,0.00589,0.95677,0.00717,0.00626,3,12252,0,6369,0.00000,0.00000,0.00000,0,0,nan,0,0,0,2641,187491,0,0,0.000,0.000,0.000,0,0.000,0.000,0.000,0,0,4,0,0
PPG,1,96846,3875391552,26,503,498,0.000,0.000,0.000,0,0,0,0,0.00,nan,4,3,1,nan,3,3,24,1,1,14,14,0,0,0,3876602976,0.03931,0.00513,0.95557,0.95639,-0.00638,-0.00135,-0.00114,0.00662,0.95639,0.00718,0.00662,3,12241,0,6369,0.00000,0.00000,0.00000,0,0,nan,0,0,0,4334,187491,0,0,0.000,0.000,0.000,0,0.000,0.000,0.000,0,0,4,0,0
PPG,1,96847,3875431552,26,489,504,0.000,0.000,0.000,0,0,0,0,0.00,nan,4,3,1,nan,3,3,24,1,1,15,15,0,0,0,3876641809,0.03931,0.00854,0.95264,0.95349,-0.00452,-0.00055,-0.00114,0.00469,0.95349,0.00593,0.00580,3,12215,0,6369,0.00000,0.00000,0.00000,0,0,nan,0,0,0,2634,187491,0,0,0.000,0.000,0.000,0,0.000,0.000,0.000,0,0,4,0,0
PPG,1,96848,3875471552,28,489,495,0.000,0.000,0.000,0,0,0,0,0.00,nan,4,3,1,nan,3,3,24,1,1,16,16,0,0,0,3876683345,0.04199,0.00928,0.95532,0.95629,-0.00638,-0.00081,-0.00167,0.00665,0.95629,0.00575,0.00665,2,12314,0,6370,0.00000,0.00000,0.00000,0,0,nan,0,0,0,4350,187491,0,0,0.000,0.000,0.000,0,0.000,0.000,0.000,0,0,4,0,0
PPG,1,96849,3875511552,26,490,509,0.000,0.000,0.000,0,0,0,0,0.00,nan,4,3,1,nan,3,3,24,1,1,17,17,0,0,0,3876722218,0.03809,0.00439,0.95215,0.95292,-0.00612,-0.00028,-0.00141,0.00628,0.96000,0.00676,0.00628,3,12253,0,6370,0.00000,0.00000,0.00000,0,0,nan,0,0,0,4337,187491,0,0,0.000,0.000,0.000,0,0.000,0.000,0.000,0,0,4,0,0
PPG,1,96850,3875551552,25,498,514,0.000,0.000,0.000,0,0,0,0,0.00,nan,4,3,1,nan,3,3,24,1,1,18,18,0,0,0,3876761110,0.04126,0.00415,0.95264,0.95354,-0.00558,-0.00135,-0.00221,0.00615,0.95354,0.00384,0.00615,3,12260,0,6370,0.00000,0.00000,0.00000,0,0,nan,0,0,0,2642,187491,0,0,0.000,0.000,0.000,0,0.000,0.000,0.000,0,0,4,0,0
PPG,1,96851,3875591552,26,496,515,0.000,0.000,0.000,0,0,0,0,0.00,nan,4,3,1,nan,3,3,24,1,1,19,19,0,0,0,3876802537,0.03394,0.00659,0.95313,0.95375,-0.00638,-0.00108,-0.00141,0.00663,0.95375,0.00569,0.00663,3,12196,0,6370,0.00000,0.00000,0.00000,0,0,nan,0,0,0,4352,187491,0,0,0.000,0.000,0.000,0,0.000,0.000,0.000,0,0,4,0,0
PPG,1,96852,3875631552,26,495,502,0.000,0.000,0.000,0,0,0,0,0.00,nan,4,3,1,nan,3,3,24,1,1,20,20,0,0,0,3876841516,0.04004,0.00708,0.94995,0.95082,-0.00638,0.00025,-0.00221,0.00676,0.95551,0.00365,0.00680,3,12289,0,6370,0.00000,0.00000,0.00000,0,0,nan,0,0,0,2634,187491,0,0,0.000,0.000,0.000,0,0.000,0.000,0.000,0,0,4,0,0
PPG,1,96853,3875671552,26,497,506,0.000,0.000,0.000,0,0,0,0,0.00,nan,4,3,1,nan,3,3,24,1,1,21,21,0,0,0,3876882939,0.03809,0.00854,0.95264,0.95344,-0.00558,-0.00028,-0.00194,0.00592,0.95648,0.00781,0.00657,3,12190,0,6370,0.00000,0.00000,0.00000,0,0,nan,0,0,0,4344,187491,0,0,0.000,0.000,0.000,0,0.000,0.000,0.000,0,0,4,0,0
PPG,1,96854,3875711552,25,492,495,0.000,0.000,0.000,0,0,0,0,0.00,nan,4,3,1,nan,3,3,24,1,1,22,22,0,0,0,3876921802,0.03882,0.01050,0.94824,0.94909,-0.00479,-0.00108,-0.00167,0.00518,0.95869,0.00959,0.00642,3,12241,0,6370,0.00000,0.00000,0.00000,0,0,nan,0,0,0,2646,187491,0,0,0.000,0.000,0.000,0,0.000,0.000,0.000,0,0,4,0,0
PPG,1,96855,3875751552,25,490,507,0.000,0.000,0.000,0,0,0,0,0.00,nan,4,3,1,nan,3,3,24,1,1,23,23,0,0,0,3876963315,0.03589,0.00928,0.95361,0.95433,-0.00505,-0.00028,-0.00087,0.00513,0.95549,0.00633,0.00633,3,12242,0,6370,0.00000,0.00000,0.00000,0,0,nan,0,0,0,4337,187491,0,0,0.000,0.000,0.000,0,0.000,0.000,0.000,0,0,4,0,0
PPG,1,96856,3875791552,25,494,514,0.000,0.000,0.000,0,0,0,0,0.00,nan,4,3,1,nan,3,3,24,1,1,24,24,0,0,0,3877002152,0.03979,0.00391,0.95361,0.95445,-0.00585,0.00025,-0.00221,0.00626,0.96068,0.00623,0.00646,3,12230,0,6370,0.00000,0.00000,0.00000,0,0,nan,0,0,0,2628,187491,0,0,0.000,0.000,0.000,0,0.000,0.000,0.000,0,0,4,0,0
PPG,1,96857,3875831552,25,487,502,0.000,0.000,0.000,0,0,0,0,0.00,nan,4,3,1,nan,3,3,24,1,1,25,25,0,0,0,3877043665,0.03345,0.00732,0.95313,0.95374,-0.00505,-0.00028,-0.00221,0.00552,0.95493,0.00291,0.00641,3,12276,0,6370,0.00000,0.00000,0.00000,0,0,nan,0,0,0,4335,187491,0,0,0.000,0.000,0.000,0,0.000,0.000,0.000,0,0,4,0,0
PPG,1,96858,3875871552,25,493,507,0.000,0.000,0.000,0,0,0,0,0.00,nan,4,3,1,nan,3,3,24,1,1,26,26,0,0,0,3877082490,0.03906,0.00439,0.95313,0.95394,-0.00585,-0.00161,-0.00114,0.00618,0.95776,0.01043,0.00628,3,12230,0,6370,0.00000,0.00000,0.00000,0,0,nan,0,0,0,4328,187491,0,0,0.000,0.000,0.000,0,0.000,0.000,0.000,0,0,4,0,0
PPG,1,96859,3875911552,25,484,509,0.000,0.000,0.000,0,0,0,0,0.00,nan,4,3,1,nan,3,3,24,1,1,27,27,0,0,0,3877121310,0.03931,0.00366,0.95117,0.95199,-0.00585,-0.00028,-0.00087,0.00592,0.95320,0.00441,0.00658,3,12234,0,6370,0.00000,0.00000,0.00000,0,0,nan,0,0,0,2629,187491,0,0,0.000,0.000,0.000,0,0.000,0.000,0.000,0,0,4,0,0
PPG,1,96860,3875951552,25,491,513,0.000,0.000,0.000,0,0,0,0,0.00,nan,4,3,1,nan,3,3,24,1,1,28,28,0,0,0,3877162851,0.03687,0.00366,0.95215,0.95287,-0.00558,-0.00028,-0.00087,0.00566,0.95621,0.00422,0.00566,3,12124,0,6370,0.00000,0.00000,0.00000,0,0,nan,0,0,0,4299,187491,0,0,0.000,0.000,0.000,0,0.000,0.000,0.000,0,0,4,0,0
PPG,1,96861,3875991552,26,495,515,0.000,0.000,0.000,0,0,0,0,0.00,nan,4,3,1,nan,3,3,24,1,1,29,29,0,0,0,3877201615,0.03833,0.00586,0.95410,0.95489,-0.00585,-0.00081,-0.00114,0.00602,0.95526,0.00897,0.00602,3,12129,0,6370,0.00000,0.00000,0.00000,0,0,nan,0,0,0,2596,187491,0,0,0.000,0.000,0.000,0,0.000,0.000,0.000,0,0,4,0,0
PPG,1,96862,3876031552,25,495,498,0.000,0.000,0.000,0,0,0,0,0.00,nan,4,3,1,nan,3,3,24,1,1,30,30,0,0,0,3877242774,0.03955,0.00537,0.95068,0.95152,-0.00558,-0.00108,-0.00034,0.00570,0.95328,0.00320,0.00662,3,12154,0,6370,0.00000,0.00000,0.00000,0,0,nan,0,0,0,4304,187491,0,0,0.000,0.000,0.000,0,0.000,0.000,0.000,0,0,4,0,0
PPG,1,96863,3876071552,25,497,513,0.000,0.000,0.000,0,0,0,0,0.00,nan,4,3,1,nan,3,3,24,1,1,31,31,0,0,0,3877281318,0.04248,0.00635,0.95508,0.95604,-0.00612,-0.00108,-0.00221,0.00659,0.95636,0.00956,0.00659,3,12128,0,6370,0.00000,0.00000,0.00000,0,0,nan,0,0,0,2600,187491,0,0,0.000,0.000,0.000,0,0.000,0.000,0.000,0,0,4,0,0
PPG,1,96864,3876111552,26,501,518,0.000,0.000,0.000,0,0,0,0,0.00,nan,4,3,1,nan,3,3,24,1,1,0,0,0,0,0,3877322432,0.03979,0.00659,0.94775,0.94861,-0.00585,-0.00028,-0.00247,0.00636,0.95305,0.00403,0.00752,3,12119,0,6370,0.00000,0.00000,0.00000,0,0,nan,0,0,0,4301,187491,0,0,0.000,0.000,0.000,0,0.000,0.000,0.000,0,0,4,0,0
PPG,1,96865,3876151552,26,495,505,0.000,0.000,0.000,0,0,0,0,0.00,nan,4,3,1,nan,3,3,24,1,1,1,1,0,0,0,3877360985,0.03467,0.01074,0.95093,0.95162,-0.00612,-0.00055,-0.00141,0.00630,0.95162,0.00278,0.00655,3,12115,0,6370,0.00000,0.00000,0.00000,0,0,nan,0,0,0,2598,187491,0,0,0.000,0.000,0.000,0,0.000,0.000,0.000,0,0,4,0,0
PPG,1,96866,3876191552,25,487,485,0.000,0.000,0.000,0,0,0,0,0.00,nan,4,3,1,nan,3,3,24,1,1,2,2,0,0,0,3877402124,0.03809,0.00586,0.95898,0.95976,-0.00665,-0.00055,-0.00141,0.00682,0.95976,0.00619,0.00688,3,12123,0,6370,0.00000,0.00000,0.00000,0,0,nan,0,0,0,2596,187491,0,0,0.000,0.000,0.000,0,0.000,0.000,0.000,0,0,4,0,0
PPG,1,96867,3876231552,25,491,501,0.000,0.000,0.000,0,0,0,0,0.00,nan,4,3,1,nan,3,3,24,1,1,3,3,0,0,0,3877443273,0.03442,0.00562,0.94800,0.94864,-0.00585,-0.00135,-0.00141,0.00617,0.95165,0.00811,0.00719,3,12150,0,6370,0.00000,0.00000,0.00000,0,0,nan,0,0,0,4325,187491,0,0,0.000,0.000,0.000,0,0.000,0.000,0.000,0,0,4,0,0
PPG,1,96868,3876271552,26,504,510,0.000,0.000,0.000,0,0,0,0,0.00,nan,4,3,1,nan,3,3,24,1,1,4,4,0,0,0,3877481809,0.04004,0.00366,0.94922,0.95007,-0.00585,-0.00188,-0.00087,0.00621,0.95501,0.00494,0.00637,3,12115,0,6370,0.00000,0.00000,0.00000,0,0,nan,0,0,0,2596,187491,0,0,0.000,0.000,0.000,0,0.000,0.000,0.000,0,0,4,0,0
PPG,1,96869,3876311552,25,499,519,0.000,0.000,0.000,0,0,0,0,0.00,nan,4,3,1,nan,3,3,24,1,1,5,5,0,0,0,3877522948,0.03760,0.00439,0.94678,0.94753,-0.00692,-0.00028,-0.00114,0.00702,0.95154,0.00400,0.00702,3,12124,0,6370,0.00000,0.00000,0.00000,0,0,nan,0,0,0,4298,187491,0,0,0.000,0.000,0.000,0,0.000,0.000,0.000,0,0,4,0,0
PPG,1,96870,3876351552,28,487,513,0.000,0.000,0.000,0,0,0,0,0.00,nan,4,3,1,nan,3,3,24,1,1,6,6,0,0,0,3877561519,0.03857,0.00806,0.95117,0.95199,-0.00585,-0.00001,-0.00221,0.00625,0.95199,0.00185,0.00758,3,12115,0,6370,0.00000,0.00000,0.00000,0,0,nan,0,0,0,2607,187491,0,0,0.000,0.000,0.000,0,0.000,0.000,0.000,0,0,4,0,0
PPG,1,96871,3876391552,25,478,488,0.000,0.000,0.000,0,0,0,0,0.00,nan,4,3,1,nan,3,3,24,1,1,7,7,0,0,0,3877602651,0.03857,0.00684,0.94434,0.94515,-0.00612,-0.00028,-0.00061,0.00615,0.95777,0.00980,0.00626,3,12129,0,6370,0.00000,0.00000,0.00000,0,0,nan,0,0,0,4301,187491,0,0,0.000,0.000,0.000,0,0.000,0.000,0.000,0,0,4,0,0
PPG,1,96872,3876431552,25,484,490,0.000,0.000,0.000,0,0,0,0,0.00,nan,4,3,1,nan,3,3,24,1,1,8,8,0,0,0,3877641193,0.04175,0.00562,0.94727,0.94820,-0.00585,-0.00055,-0.00114,0.00599,0.95225,0.00710,0.00675,3,12122,0,6370,0.00000,0.00000,0.00000,0,0,nan,0,0,0,2601,187491,0,0,0.000,0.000,0.000,0,0.000,0.000,0.000,0,0,4,0,0
PPG,1,96873,3876471552,25,489,506,0.000,0.000,0.000,0,0,0,0,0.00,nan,4,3,1,nan,3,3,24,1,1,9,9,0,0,0,3877682214,0.03809,0.00537,0.94897,0.94975,-0.00612,-0.00055,-0.00061,0.00617,0.95822,0.01002,0.00627,2,12190,0,6371,0.00000,0.00000,0.00000,0,0,nan,0,0,0,2606,187491,0,0,0.000,0.000,0.000,0,0.000,0.000,0.000,0,0,4,0,0
PPG,1,96874,3876511552,25,492,509,0.000,0.000,0.000,0,0,0,0,0.00,nan,4,3,1,nan,3,3,24,1,1,10,10,0,0,0,3877723372,0.03784,0.00366,0.95190,0.95266,-0.00612,-0.00108,-0.00247,0.00669,0.95373,0.00299,0.00669,3,12121,0,6371,0.00000,0.00000,0.00000,0,0,nan,0,0,0,4305,187491,0,0,0.000,0.000,0.000,0,0.000,0.000,0.000,0,0,4,0,0
PPG,1,96875,3876551552,32,500,510,0.000,0.000,0.000,0,0,0,0,0.00,nan,4,3,1,nan,3,3,24,1,1,11,11,0,0,0,3877762150,0.03955,0.00562,0.94434,0.94518,-0.00665,-0.00055,-0.00141,0.00682,0.95618,0.00981,0.00732,3,12349,0,6371,0.00000,0.00000,0.00000,0,0,nan,0,0,0,2648,187491,0,0,0.000,0.000,0.000,0,0.000,0.000,0.000,0,0,4,0,0
PPG,1,96876,3876591552,25,491,502,0.000,0.000,0.000,0,0,0,0,0.00,nan,4,3,1,nan,3,3,24,1,1,12,12,0,0,0,3877803600,0.03711,0.00342,0.94946,0.95019,-0.00612,-0.00081,-0.00167,0.00639,0.95446,0.00711,0.00719,3,12134,0,6371,0.00000,0.00000,0.00000,0,0,nan,0,0,0,4336,187491,0,0,0.000,0.000,0.000,0,0.000,0.000,0.000,0,0,4,0,0
PPG,1,96877,3876631552,33,487,504,0.000,0.000,0.000,0,0,0,0,0.00,nan,4,3,1,nan,3,3,24,1,1,13,13,0,0,0,3877842308,0.03760,0.00635,0.95581,0.95657,-0.00612,-0.00081,-0.00221,0.00655,0.95657,0.00487,0.00706,3,12131,0,6371,0.00000,0.00000,0.00000,0,0,nan,0,0,0,4419,187491,0,0,0.000,0.000,0.000,0,0.000,0.000,0.000,0,0,4,0,0
PPG,1,96878,3876671552,33,507,515,0.000,0.000,0.000,0,0,0,0,0.00,nan,4,3,1,nan,3,3,24,1,1,14,14,0,0,0,3877881422,0.03955,0.00488,0.94800,0.94884,-0.00505,-0.00161,-0.00194,0.00565,0.95237,0.00420,0.00611,3,12258,0,6371,0.00000,0.00000,0.00000,0,0,nan,0,0,0,2634,187491,0,0,0.000,0.000,0.000,0,0.000,0.000,0.000,0,0,4,0,0
PPG,1,96879,3876711552,25,504,507,0.000,0.000,0.000,0,0,0,0,0.00,nan,4,3,1,nan,3,3,24,1,1,15,15,0,0,0,3877922953,0.03833,0.00439,0.94629,0.94708,-0.00505,-0.00081,-0.00167,0.00538,0.95255,0.00371,0.00547,3,12261,0,6371,0.00000,0.00000,0.00000,0,0,nan,0,0,0,4340,187491,0,0,0.000,0.000,0.000,0,0.000,0.000,0.000,0,0,4,0,0
PPG,1,96880,3876751552,27,490,510,0.000,0.000,0.000,0,0,0,0,0.00,nan,4,3,1,nan,3,3,24,1,1,16,16,0,0,0,3877961845,0.03760,0.00098,0.95483,0.95557,-0.00558,-0.00108,-0.00114,0.00580,0.95557,0.00490,0.00606,3,12251,0,6371,0.00000,0.00000,0.00000,0,0,nan,0,0,0,2622,187491,0,0,0.000,0.000,0.000,0,0.000,0.000,0.000,0,0,4,0,0
PPG,1,96881,3876791552,26,493,514,0.000,0.000,0.000,0,0,0,0,0.00,nan,4,3,1,nan,3,3,24,1,1,17,17,0,0,0,3878003393,0.04297,0.00635,0.95215,0.95314,-0.00505,-0.00055,-0.00114,0.00521,0.95314,0.00505,0.00597,3,12275,0,6371,0.00000,0.00000,0.00000,0,0,nan,0,0,0,4332,187491,0,0,0.000,0.000,0.000,0,0.000,0.000,0.000,0,0,4,0,0
PPG,1,96882,3876831552,25,482,507,0.000,0.000,0.000,0,0,0,0,0.00,nan,4,3,1,nan,3,3,24,1,1,18,18,0,0,0,3878042251,0.03809,0.00513,0.94824,0.94902,-0.00558,0.00079,-0.00167,0.00588,0.96026,0.00862,0.00588,3,12259,0,6371,0.00000,0.00000,0.00000,0,0,nan,0,0,0,2636,187491,0,0,0.000,0.000,0.000,0,0.000,0.000,0.000,0,0,4,0,0
PPG,1,96883,3876871552,26,491,498,0.000,0.000,0.000,0,0,0,0,0.00,nan,4,3,1,nan,3,3,24,1,1,19,19,0,0,0,3878083802,0.03857,0.00513,0.95288,0.95368,-0.00612,-0.00001,-0.00167,0.00634,0.95568,0.00666,0.00662,3,12258,0,6371,0.00000,0.00000,0.00000,0,0,nan,0,0,0,4342,187491,0,0,0.000,0.000,0.000,0,0.000,0.000,0.000,0,0,4,0,0
PPG,1,96884,3876911552,27,490,501,0.000,0.000,0.000,0,0,0,0,0.00,nan,4,3,1,nan,3,3,24,1,1,20,20,0,0,0,3878122637,0.03906,0.00610,0.94580,0.94663,-0.00558,-0.00081,-0.00327,0.00652,0.95977,0.01314,0.00652,3,12209,0,6371,0.00000,0.00000,0.00000,0,0,nan,0,0,0,4342,187491,0,0,0.000,0.000,0.000,0,0.000,0.000,0.000,0,0,4,0,0
PPG,1,96885,3876951552,26,494,504,0.000,0.000,0.000,0,0,0,0,0.00,nan,4,3,1,nan,3,3,24,1,1,21,21,0,0,0,3878161622,0.03857,0.00464,0.95215,0.95294,-0.00585,-0.00108,-0.00247,0.00644,0.95658,0.00995,0.00644,3,12312,0,6371,0.00000,0.00000,0.00000,0,0,nan,0,0,0,2644,187491,0,0,0.000,0.000,0.000,0,0.000,0.000,0.000,0,0,4,0,0
PPG,1,96886,3876991552,33,493,502,0.000,0.000,0.000,0,0,0,0,0.00,nan,4,3,1,nan,3,3,24,1,1,22,22,0,0,0,3878203063,0.03711,0.00269,0.95044,0.95117,-0.00532,-0.00055,-0.00141,0.00553,0.95542,0.00425,0.00563,3,12211,0,6371,0.00000,0.00000,0.00000,0,0,nan,0,0,0,4343,187491,0,0,0.000,0.000,0.000,0,0.000,0.000,0.000,0,0,4,0,0
PPG,1,96887,3877031552,26,499,508,0.000,0.000,0.000,0,0,0,0,0.00,nan,4,3,1,nan,3,3,24,1,1,23,23,0,0,0,3878241911,0.03540,0.00806,0.95142,0.95211,-0.00692,-0.00108,-0.00167,0.00720,0.95713,0.00754,0.00720,3,12240,0,6371,0.00000,0.00000,0.00000,0,0,nan,0,0,0,2626,187491,0,0,0.000,0.000,0.000,0,0.000,0.000,0.000,0,0,4,0,0
PPG,1,96888,3877071552,25,493,502,0.000,0.000,0.000,0,0,0,0,0.00,nan,4,3,1,nan,3,3,24,1,1,24,24,0,0,0,3878283476,0.04004,0.00244,0.95190,0.95275,-0.00532,-0.00108,-0.00141,0.00561,0.95275,0.00266,0.00628,3,12233,0,6371,0.00000,0.00000,0.00000,0,0,nan,0,0,0,4325,187491,0,0,0.000,0.000,0.000,0,0.000,0.000,0.000,0,0,4,0,0
PPG,1,96889,3877111552,26,497,503,0.000,0.000,0.000,0,0,0,0,0.00,nan,4,3,1,nan,3,3,24,1,1,25,25,0,0,0,3878322275,0.03906,0.00391,0.95386,0.95466,-0.00612,0.00079,-0.00221,0.00655,0.95466,0.00148,0.00655,3,12200,0,6371,0.00000,0.00000,0.00000,0,0,nan,0,0,0,2628,187491,0,0,0.000,0.000,0.000,0,0.000,0.000,0.000,0,0,4,0,0
PPG,1,96890,3877151552,25,493,507,0.000,0.000,0.000,0,0,0,0,0.00,nan,4,3,1,nan,3,3,24,1,1,26,26,0,0,0,3878363737,0.03760,0.00464,0.95020,0.95095,-0.00638,-0.00001,-0.00114,0.00648,0.95567,0.00627,0.00648,3,12250,0,6371,0.00000,0.00000,0.00000,0,0,nan,0,0,0,4331,187491,0,0,0.000,0.000,0.000,0,0.000,0.000,0.000,0,0,4,0,0
PPG,1,96891,3877191552,26,495,512,0.000,0.000,0.000,0,0,0,0,0.00,nan,4,3,1,nan,3,3,24,1,1,27,27,0,0,0,3878402587,0.04004,0.00195,0.95483,0.95568,-0.00558,-0.00081,-0.00221,0.00606,0.95568,0.00606,0.00695,3,12222,0,6371,0.00000,0.00000,0.00000,0,0,nan,0,0,0,4334,187491,0,0,0.000,0.000,0.000,0,0.000,0.000,0.000,0,0,4,0,0
PPG,1,96892,3877231552,26,497,509,0.000,0.000,0.000,0,0,0,0,0.00,nan,4,3,1,nan,3,3,24,1,1,28,28,0,0,0,3878441421,0.03760,0.00464,0.95508,0.95583,-0.00772,-0.00081,-0.00141,0.00789,0.95583,0.00491,0.00789,3,12240,0,6371,0.00000,0.00000,0.00000,0,0,nan,0,0,0,2618,187491,0,0,0.000,0.000,0.000,0,0.000,0.000,0.000,0,0,4,0,0
