type,session_id,sample_index,sample_time_us,processing_time_us,red_raw,ir_raw,ir_dc,ir_ac,ir_filtered,peak_custom,peak_sparkfun,peak_accepted,ibi_ms,bpm_instant,bpm_robust,hr_status,ppg_quality,ppg_quality_flags,spo2_result,spo2_status,spo2_quality,led_amplitude,sparkfun_check_count,sparkfun_available,hw_fifo_read_ptr,hw_fifo_write_ptr,hw_fifo_overflow,suspected_drops,missing_samples,mpu_time_us,ax_g,ay_g,az_g,acc_mag_g,gx_rad_s,gy_rad_s,gz_rad_s,gyro_mag_rad_s,mpu_window_peak_g,mpu_window_delta_g,mpu_window_gyro_rad_s,mpu_window_samples,mpu_dt_us,mpu_saturated,mpu_missed_deadlines,ppg_mod_ir_pct,ppg_mod_red_pct,ppg_ratio_r,spo2_maxim,spo2_maxim_valid,spo2_custom_candidate,maxim_hr,maxim_hr_valid,measurement_state,loop_last_us,loop_max_us,display_render_us,i2c_failures,red_prominence,red_threshold,red_snr,red_candidate,ir_prominence,ir_threshold,ir_snr,ir_candidate,peak_fused,detector_state,quarantine_remaining_ms,synchronized_count
PPG,3,102576,4104591552,125,76305,82024,82489.320,-465.320,-239.039,0,0,0,0,75.00,75.00,2,1,0,nan,4,1,24,1,1,16,16,0,0,0,4105857153,0.03760,0.01050,0.95117,0.95197,-0.00612,-0.00028,-0.00141,0.00628,0.95813,0.00663,0.00677,3,12124,0,6735,0.09639,0.10258,1.06420,99,1,83.395,125,1,3,2617,187491,0,0,0.000,5.509,16.050,0,0.000,8.740,21.063,0,0,1,0,4
PPG,3,102577,4104631552,183,76286,82020,82484.625,-464.625,-234.273,0,0,0,0,75.00,75.00,2,1,0,nan,4,1,24,1,1,17,17,0,0,0,4105898711,0.03833,0.00269,0.95361,0.95439,-0.00612,-0.00028,-0.00247,0.00660,0.95439,0.00525,0.00660,3,12122,0,6735,0.09639,0.10258,1.06420,99,1,83.395,125,1,3,4303,187491,0,0,0.000,5.509,16.050,0,0.000,8.740,21.063,0,0,1,0,4
PPG,3,102578,4104671552,125,76296,82019,82479.969,-460.969,-225.508,0,0,0,0,75.00,75.00,2,1,0,nan,4,1,24,1,1,18,18,0,0,0,4105937809,0.03857,0.00562,0.95215,0.95295,-0.00505,0.00025,-0.00087,0.00513,0.95454,0.00159,0.00688,3,12128,0,6735,0.09639,0.10258,1.06420,99,1,83.395,125,1,3,4314,187491,0,0,0.000,5.509,16.050,0,0.000,8.740,21.063,0,0,1,0,4
PPG,3,102579,4104711552,129,76297,82036,82475.531,-439.531,-210.406,0,0,0,0,75.00,75.00,2,1,0,nan,4,1,24,1,1,19,19,0,0,0,4105983527,0.04102,0.00781,0.94531,0.94623,-0.00532,-0.00108,-0.00034,0.00544,0.95298,0.00669,0.00640,3,12151,0,6735,0.09639,0.10258,1.06420,99,1,83.395,125,1,3,2597,187491,0,0,0.000,5.509,16.050,0,0.000,8.740,21.063,0,0,1,0,4
PPG,3,102580,4104751552,127,76299,82046,82471.234,-425.234,-187.039,0,0,0,0,75.00,75.00,2,1,0,nan,4,1,24,1,1,20,20,0,0,0,4106019954,0.03784,0.00293,0.94751,0.94827,-0.00665,-0.00055,-0.00167,0.00688,0.94921,0.00272,0.00688,3,12161,0,6735,0.09639,0.10258,1.06420,99,1,83.395,125,1,3,4309,187491,0,0,0.000,5.509,16.050,0,0.000,8.740,21.063,0,0,1,0,4
PPG,3,102581,4104791552,125,76302,82057,82467.094,-410.094,-159.109,0,0,0,0,75.00,75.00,2,1,0,nan,4,1,24,1,1,21,21,0,0,0,4106058892,0.04004,0.00928,0.95483,0.95572,-0.00718,0.00025,-0.00087,0.00724,0.95577,0.00489,0.00724,3,12117,0,6735,0.09639,0.10258,1.06420,99,1,83.395,125,1,3,4297,187491,0,0,0.000,5.509,16.050,0,0.000,8.740,21.063,0,0,1,0,4
PPG,3,102582,4104831552,125,76304,82038,82462.805,-424.805,-133.008,0,0,0,0,75.00,75.00,2,1,0,nan,4,1,24,1,1,22,22,0,0,0,4106097836,0.03638,0.00513,0.94775,0.94847,-0.00638,-0.00081,-0.00141,0.00659,0.95453,0.00313,0.00659,3,12131,0,6735,0.09639,0.10258,1.06420,99,1,83.395,125,1,3,4306,187491,0,0,0.000,5.509,16.050,0,0.000,8.740,21.063,0,0,1,0,4
PPG,3,102583,4104871552,125,76301,82045,82458.625,-413.625,-104.359,0,0,0,0,75.00,75.00,2,1,0,nan,4,1,24,1,1,23,23,0,0,0,4106136798,0.04126,0.00391,0.95410,0.95500,-0.00585,-0.00001,-0.00194,0.00616,0.96269,0.01385,0.00627,3,12117,0,6735,0.09639,0.10258,1.06420,99,1,83.395,125,1,3,2597,187491,0,0,0.000,5.509,16.050,0,0.000,8.740,21.063,0,0,1,0,4
PPG,3,102584,4104911552,126,76328,82065,82454.688,-389.688,-74.992,0,0,0,0,75.00,75.00,2,1,0,nan,4,1,24,1,1,24,24,0,0,0,4106178360,0.03784,0.00684,0.95630,0.95707,-0.00638,0.00052,-0.00114,0.00651,0.95707,0.00348,0.00651,3,12125,0,6735,0.09639,0.10258,1.06420,99,1,83.395,125,1,3,4305,187491,0,0,0.000,5.509,16.050,0,0.000,8.740,21.063,0,0,1,0,4
PPG,3,102585,4104951552,126,76325,82082,82450.961,-368.961,-47.938,0,0,0,0,75.00,75.00,2,1,0,nan,4,1,24,1,1,25,25,0,0,0,4106217407,0.04028,0.00537,0.94824,0.94911,-0.00612,-0.00081,-0.00167,0.00639,0.94911,0.01087,0.00639,3,12143,0,6735,0.09639,0.10258,1.06420,99,1,83.395,125,1,3,2598,187491,0,0,0.000,5.509,16.050,0,0.000,8.740,21.063,0,0,1,0,4
PPG,3,102586,4104991552,124,76333,82104,82447.492,-343.492,-25.523,0,0,0,0,75.00,75.00,2,1,0,nan,4,1,24,1,1,26,26,0,0,0,4106259002,0.03833,0.00610,0.94849,0.94928,-0.00585,-0.00001,-0.00221,0.00625,0.95827,0.00899,0.00703,3,12111,0,6735,0.09639,0.10258,1.06420,99,1,83.395,125,1,3,4297,187491,0,0,0.000,5.509,16.050,0,0.000,8.740,21.063,0,0,1,0,4
PPG,3,102587,4105031552,122,76316,82063,82443.648,-380.648,-11.891,0,0,0,0,75.00,75.00,2,1,0,nan,4,1,24,1,1,27,27,0,0,0,4106297948,0.04004,0.00781,0.94531,0.94619,-0.00692,0.00025,-0.00114,0.00701,0.95398,0.00778,0.00701,3,12120,0,6735,0.09639,0.10258,1.06420,99,1,83.395,125,1,3,4304,187491,0,0,0.000,5.509,16.050,0,0.000,8.740,21.063,0,0,1,0,4
PPG,3,102588,4105071552,123,76305,81984,82439.055,-455.055,-10.117,0,0,0,0,75.00,75.00,2,1,0,nan,4,1,24,1,1,28,28,0,0,0,4106336948,0.04053,0.00586,0.95117,0.95205,-0.00479,-0.00108,-0.00114,0.00504,0.95205,0.00282,0.00685,3,12119,0,6735,0.09639,0.10258,1.06420,99,1,83.395,125,1,3,2597,187491,0,0,0.000,5.509,16.050,0,0.000,8.740,21.063,0,0,1,0,4
PPG,3,102589,4105111552,138,76268,81949,82434.156,-485.156,-10.539,0,0,0,0,75.00,75.00,2,1,0,nan,4,1,24,1,1,29,29,0,0,0,4106378479,0.03687,0.00610,0.95483,0.95556,-0.00558,-0.00135,-0.00274,0.00636,0.95556,0.00456,0.00756,3,12111,0,6735,0.09639,0.10258,1.06420,99,1,83.395,125,1,3,4297,187491,0,0,0.000,5.509,16.050,0,0.000,8.740,21.063,0,0,1,0,4
PPG,3,102590,4105151552,141,76257,82011,82429.922,-418.922,-8.188,0,0,0,0,75.00,75.00,2,1,0,nan,4,1,24,1,1,30,30,0,0,0,4106417429,0.03882,0.00488,0.95361,0.95442,-0.00612,-0.00081,-0.00087,0.00623,0.95572,0.00467,0.00719,3,12127,0,6735,0.09639,0.10258,1.06420,99,1,83.395,125,1,3,2610,187491,0,0,0.000,5.509,16.050,0,0.000,8.740,21.063,0,0,1,0,4
PPG,3,102591,4105191552,142,76254,81988,82425.500,-437.500,-11.992,0,0,0,0,75.00,75.00,2,1,0,nan,4,1,24,1,1,31,31,0,0,0,4106459024,0.03760,0.00610,0.94971,0.95047,-0.00558,-0.00028,-0.00167,0.00584,0.95155,0.00361,0.00660,3,12112,0,6735,0.09639,0.10258,1.06420,99,1,83.395,125,1,3,4308,187491,0,0,0.000,5.509,16.050,0,0.000,8.687,21.336,0,0,1,0,4
PPG,3,102592,4105231552,124,76242,81975,82420.992,-445.992,-20.680,0,0,0,0,75.00,75.00,2,1,0,nan,4,1,24,1,1,0,0,0,0,0,4106497978,0.03760,0.00708,0.94971,0.95048,-0.00532,-0.00081,-0.00034,0.00539,0.95191,0.00270,0.00539,3,12114,0,6735,0.09639,0.10258,1.06420,99,1,83.395,125,1,3,4296,187491,0,0,0.000,5.509,16.050,0,0.000,8.687,21.336,0,0,1,0,4
PPG,3,102593,4105271552,123,76234,81974,82416.523,-442.523,-35.148,0,0,0,0,75.00,75.00,2,1,0,nan,4,1,24,1,1,1,1,0,0,0,4106536964,0.04053,0.00806,0.94751,0.94841,-0.00585,0.00025,-0.00300,0.00658,0.95497,0.00656,0.00658,3,12170,0,6735,0.09639,0.10258,1.06420,99,1,83.395,125,1,3,2601,187491,0,0,0.000,5.509,16.050,0,0.000,8.687,21.336,0,0,1,0,4
PPG,3,102594,4105311552,500,76218,81940,82411.758,-471.758,-48.070,0,0,0,0,75.00,75.00,2,1,0,nan,4,0,24,1,1,2,2,0,0,0,4106578486,0.04077,0.00439,0.95361,0.95449,-0.00505,0.00052,-0.00087,0.00515,0.95449,0.00413,0.00556,3,12109,0,6735,0.25306,0.17330,0.68483,99,1,92.879,107,1,3,4296,187491,0,0,0.000,5.509,16.050,0,0.000,8.687,21.336,0,0,1,0,4
PPG,3,102595,4105351552,171,76207,81921,82406.852,-485.852,-51.617,0,0,0,0,75.00,75.00,2,1,0,nan,4,0,24,1,1,3,3,0,0,0,4106617848,0.03955,0.00586,0.94849,0.94933,-0.00558,-0.00108,-0.00247,0.00620,0.95104,0.00451,0.00689,3,12129,0,6735,0.25306,0.17330,0.68483,99,1,92.879,107,1,3,4305,187491,0,0,0.000,5.509,16.050,0,0.000,8.687,21.336,0,0,1,0,4
PPG,3,102596,4105391552,124,76211,81919,82401.977,-482.977,-50.656,1,0,0,0,75.00,75.00,2,1,0,nan,4,0,24,1,1,4,4,0,0,0,4106656948,0.03857,0.00317,0.94995,0.95074,-0.00665,-0.00135,-0.00274,0.00732,0.95131,0.00198,0.00732,3,12114,0,6735,0.25306,0.17330,0.68483,99,1,92.879,107,1,3,2597,187491,0,0,0.000,5.509,16.050,0,228.922,8.687,21.336,1,0,1,0,4
PPG,3,102597,4105431552,160,76189,81885,82396.805,-511.805,-61.906,0,0,1,980,71.43,71.43,2,1,0,nan,4,0,24,1,1,5,5,0,0,0,4106698496,0.03955,0.00928,0.95288,0.95375,-0.00612,-0.00161,-0.00167,0.00654,0.95375,0.00126,0.00694,3,12112,0,6735,0.25306,0.17330,0.68483,99,1,92.879,107,1,3,4298,187491,0,0,120.453,5.509,16.050,1,0.000,8.687,21.336,0,1,1,0,5
PPG,3,102598,4105471552,124,76146,81849,82391.328,-542.328,-73.258,0,0,0,0,71.43,71.43,2,1,0,nan,4,0,24,1,1,6,6,0,0,0,4106737536,0.03735,0.00830,0.94873,0.94950,-0.00558,-0.00135,-0.00194,0.00606,0.95769,0.00967,0.00665,3,12139,0,6735,0.25306,0.17330,0.68483,99,1,92.879,107,1,3,2604,187491,0,0,0.000,5.947,18.833,0,0.000,9.544,25.312,0,0,1,0,5
PPG,3,102599,4105511552,128,76159,81882,82386.234,-504.234,-78.852,0,0,0,0,71.43,71.43,2,1,0,nan,4,0,24,1,1,7,7,0,0,0,4106779065,0.04004,0.01123,0.94702,0.94793,-0.00665,-0.00001,-0.00141,0.00680,0.95250,0.00438,0.00770,3,12117,0,6735,0.25306,0.17330,0.68483,99,1,92.879,107,1,3,4305,187491,0,0,0.000,5.947,18.833,0,0.000,9.544,25.312,0,0,1,0,5
PPG,3,102600,4105551552,124,76183,81901,82381.383,-480.383,-82.031,0,0,0,0,71.43,71.43,2,1,0,nan,4,0,24,1,1,8,8,0,0,0,4106817988,0.03784,0.01123,0.95410,0.95492,-0.00612,-0.00135,-0.00087,0.00632,0.95492,0.00585,0.00662,3,12111,0,6735,0.25306,0.17330,0.68483,99,1,92.879,107,1,3,4297,187491,0,0,0.000,5.947,18.833,0,0.000,9.544,25.312,0,0,1,0,5
PPG,3,102601,4105591552,123,76167,81893,82376.500,-483.500,-80.539,0,0,0,0,71.43,71.43,2,1,0,nan,4,0,24,1,1,9,9,0,0,0,4106857333,0.03613,0.00586,0.95142,0.95212,-0.00452,0.00079,-0.00194,0.00498,0.95212,0.00524,0.00509,3,12281,0,6735,0.25306,0.17330,0.68483,99,1,92.879,107,1,3,2598,187491,0,0,0.000,5.947,18.833,0,0.000,9.544,25.312,0,0,1,0,5
PPG,3,102602,4105631552,124,76152,81889,82371.625,-482.625,-77.664,0,0,0,0,71.43,71.43,2,1,0,nan,4,0,24,1,1,10,10,0,0,0,4106898899,0.03760,0.00610,0.95337,0.95413,-0.00638,0.00025,-0.00114,0.00649,0.95413,0.00203,0.00649,3,12118,0,6735,0.25306,0.17330,0.68483,99,1,92.879,107,1,3,4296,187491,0,0,0.000,5.947,18.833,0,0.000,9.544,25.312,0,0,1,0,5
PPG,3,102603,4105671552,123,76177,81920,82367.109,-447.109,-71.273,0,0,0,0,71.43,71.43,2,1,0,nan,4,0,24,1,1,11,11,0,0,0,4106937863,0.03833,0.00464,0.95142,0.95220,-0.00505,-0.00001,-0.00061,0.00509,0.96530,0.01345,0.00513,3,12164,0,6735,0.25306,0.17330,0.68483,99,1,92.879,107,1,3,4305,187491,0,0,0.000,5.947,18.833,0,0.000,9.544,25.312,0,0,1,0,5
PPG,3,102604,4105711552,194,76196,81940,82362.836,-422.836,-57.164,1,0,0,0,71.43,71.43,2,1,0,nan,4,0,24,1,1,12,12,0,0,0,4106983776,0.03589,0.00879,0.94995,0.95067,-0.00479,-0.00161,-0.00194,0.00541,0.95394,0.00327,0.00631,3,12152,0,6735,0.25306,0.17330,0.68483,99,1,92.879,107,1,3,2585,187491,0,0,0.000,5.947,18.833,0,11.250,9.544,25.312,1,0,1,0,5
PPG,3,102605,4105751552,125,76190,81945,82358.656,-413.656,-36.602,0,0,0,0,71.43,71.43,2,1,0,nan,4,0,24,1,1,13,13,0,0,0,4107020460,0.03809,0.00806,0.95215,0.95294,-0.00665,0.00025,-0.00114,0.00675,0.95466,0.00342,0.00675,3,12124,0,6735,0.25306,0.17330,0.68483,99,1,92.879,107,1,3,2593,187491,0,0,0.000,5.947,18.833,0,0.000,9.544,25.312,0,0,1,0,5
PPG,3,102606,4105791552,130,76192,81934,82354.406,-420.406,-20.672,0,0,0,0,71.43,71.43,2,1,0,nan,4,0,24,1,1,14,14,0,0,0,4107057197,0.03589,0.01147,0.95093,0.95167,-0.00585,-0.00055,-0.00194,0.00619,0.95285,0.00118,0.00647,3,12262,0,6735,0.25306,0.17330,0.68483,99,1,92.879,107,1,3,2629,187491,0,0,0.000,5.947,18.833,0,0.000,9.544,25.312,0,0,1,0,5
PPG,3,102607,4105831552,125,76202,81973,82350.594,-377.594,-5.891,0,0,0,0,71.43,71.43,2,1,0,nan,4,0,24,1,1,15,15,0,0,0,4107099181,0.04102,0.00610,0.95703,0.95793,-0.00612,-0.00108,-0.00114,0.00632,0.95793,0.00502,0.00642,3,12272,0,6735,0.25306,0.17330,0.68483,99,1,92.879,107,1,3,4338,187491,0,0,0.000,5.947,18.833,0,0.000,9.544,25.312,0,0,1,0,5
PPG,3,102608,4105871552,139,76208,81995,82347.039,-352.039,8.141,0,0,0,0,71.43,71.43,2,1,512,nan,4,0,24,1,1,16,16,0,0,0,4107138438,0.03638,0.00708,0.95288,0.95360,-0.00532,-0.00055,-0.00061,0.00538,0.95360,0.00516,0.00617,3,12273,0,6735,0.25306,0.17330,0.68483,99,1,92.879,107,1,3,4347,187491,0,0,0.000,5.947,18.833,0,0.000,9.544,25.312,0,0,1,0,5
PPG,3,102609,4105911552,143,76205,82013,82343.695,-330.695,22.648,0,0,0,0,71.43,71.43,2,1,512,nan,4,0,24,1,1,17,17,0,0,0,4107177828,0.04297,0.00513,0.95313,0.95411,-0.00505,-0.00108,-0.00114,0.00529,0.95461,0.00071,0.00617,3,12242,0,6735,0.25306,0.17330,0.68483,99,1,92.879,107,1,3,4353,187491,0,0,0.000,5.947,18.833,0,0.000,9.544,25.312,0,0,1,0,5
PPG,3,102610,4105951552,125,76202,81999,82340.250,-341.250,34.539,0,0,0,0,71.43,71.43,2,1,512,nan,4,0,24,1,1,18,18,0,0,0,4107217152,0.03955,0.00562,0.95557,0.95640,-0.00612,-0.00028,-0.00061,0.00615,0.95640,0.00603,0.00615,3,12227,0,6735,0.25306,0.17330,0.68483,99,1,92.879,107,1,3,2649,187491,0,0,0.000,5.947,18.833,0,0.000,9.544,25.312,0,0,1,0,5
PPG,3,102611,4105991552,124,76204,81950,82336.344,-386.344,37.859,0,0,0,0,71.43,71.43,2,1,512,nan,4,0,24,1,1,19,19,0,0,0,4107259120,0.03882,0.00562,0.95361,0.95442,-0.00585,-0.00001,-0.00141,0.00602,0.95442,0.00946,0.00639,3,12247,0,6735,0.25306,0.17330,0.68483,99,1,92.879,107,1,3,4338,187491,0,0,0.000,5.947,18.833,0,0.000,9.544,25.312,0,0,1,0,5
PPG,3,102612,4106031552,143,76204,81905,82332.031,-427.031,35.648,0,0,0,0,71.43,71.43,2,1,512,nan,4,0,24,1,1,20,20,0,0,0,4107298413,0.03735,0.00903,0.95044,0.95122,-0.00585,-0.00028,-0.00114,0.00597,0.95163,0.00756,0.00687,3,12273,0,6735,0.25306,0.17330,0.68483,99,1,92.879,107,1,3,4316,187491,0,0,0.000,5.947,18.833,0,0.000,9.544,25.312,0,0,1,0,5
PPG,3,102613,4106071552,181,76200,81899,82327.703,-428.703,34.398,0,0,0,0,71.43,71.43,2,1,512,nan,4,0,24,1,1,21,21,0,0,0,4107337735,0.03687,0.00732,0.95361,0.95435,-0.00638,-0.00028,-0.00167,0.00661,0.95563,0.00494,0.00694,3,12266,0,6735,0.25306,0.17330,0.68483,99,1,92.879,107,1,3,4373,187491,0,0,0.000,5.947,18.833,0,0.000,9.544,25.312,0,0,1,0,5
PPG,3,102614,4106111552,144,76183,81875,82323.180,-448.180,23.648,0,0,0,0,71.43,71.43,2,1,512,nan,4,0,24,1,1,22,22,0,0,0,4107377167,0.03638,0.00220,0.95068,0.95138,-0.00612,-0.00055,-0.00221,0.00653,0.95420,0.00281,0.00720,3,12180,0,6735,0.25306,0.17330,0.68483,99,1,92.879,107,1,3,2632,187491,0,0,0.000,5.947,18.833,0,0.000,9.544,25.312,0,0,1,0,5
PPG,3,102615,4106151552,133,76197,81887,82318.820,-431.820,9.922,0,0,0,0,71.43,71.43,2,1,512,nan,4,0,24,1,1,23,23,0,0,0,4107419047,0.04004,0.00610,0.94702,0.94789,-0.00532,-0.00108,-0.00221,0.00586,0.95736,0.00711,0.00606,3,12252,0,6735,0.25306,0.17330,0.68483,99,1,92.879,107,1,3,4343,187491,0,0,0.000,5.947,18.833,0,0.000,9.544,25.312,0,0,1,0,5
PPG,3,102616,4106191552,126,76199,81903,82314.664,-411.664,-4.992,0,0,0,0,71.43,71.43,2,1,512,nan,4,0,24,1,1,24,24,0,0,0,4107458323,0.04224,0.00464,0.94995,0.95090,-0.00638,-0.00055,-0.00194,0.00669,0.95654,0.00865,0.00669,3,12240,0,6735,0.25306,0.17330,0.68483,99,1,92.879,107,1,3,4339,187491,0,0,0.000,5.947,18.833,0,0.000,9.544,25.312,0,0,1,0,5
PPG,3,102617,4106231552,124,76206,81920,82310.719,-390.719,-18.031,0,0,0,0,71.43,71.43,2,1,512,nan,4,0,24,1,1,25,25,0,0,0,4107497569,0.03833,0.00610,0.94751,0.94830,-0.00692,-0.00028,-0.00114,0.00702,0.95247,0.00756,0.00702,3,12232,0,6735,0.25306,0.17330,0.68483,99,1,92.879,107,1,3,2612,187491,0,0,0.000,5.947,18.833,0,0.000,9.544,25.312,0,0,1,0,5
PPG,3,102618,4106271552,127,76190,81888,82306.492,-418.492,-28.836,0,0,0,0,71.43,71.43,2,1,512,nan,4,0,24,1,1,26,26,0,0,0,4107539423,0.03882,0.00659,0.95117,0.95199,-0.00558,-0.00028,-0.00221,0.00601,0.95351,0.00521,0.00684,3,12245,0,6735,0.25306,0.17330,0.68483,99,1,92.879,107,1,3,4333,187491,0,0,0.000,5.947,18.833,0,0.000,9.544,25.312,0,0,1,0,5
PPG,3,102619,4106311552,518,76200,81903,82302.461,-399.461,-30.172,1,0,0,0,71.43,71.43,2,1,512,nan,4,0,24,1,1,27,27,0,0,0,4107578769,0.03833,0.00952,0.95142,0.95224,-0.00585,-0.00108,-0.00247,0.00644,0.95509,0.00614,0.00644,3,12239,0,6735,0.32266,0.21757,0.67430,99,1,93.142,150,1,3,4336,187491,0,0,0.000,5.947,18.833,0,119.891,9.544,25.312,1,0,1,0,5
PPG,3,102620,4106351552,175,76202,81925,82298.688,-373.688,-27.656,0,0,0,0,71.43,71.43,2,1,512,nan,4,0,24,1,1,28,28,0,0,0,4107618483,0.03931,0.00708,0.95142,0.95225,-0.00532,-0.00028,-0.00114,0.00545,0.95225,0.00475,0.00644,3,12235,0,6735,0.32266,0.21757,0.67430,99,1,93.142,150,1,3,4329,187491,0,0,0.000,5.947,18.833,0,0.000,9.544,25.312,0,0,1,0,5
PPG,3,102621,4106391552,151,76189,81906,82294.758,-388.758,-23.883,0,0,1,940,71.43,71.43,2,1,0,nan,4,0,24,1,1,29,29,0,0,0,4107657881,0.04150,0.00317,0.94995,0.95086,-0.00505,-0.00055,-0.00167,0.00535,0.95708,0.00985,0.00618,3,12159,0,6735,0.32266,0.21757,0.67430,99,1,93.142,150,1,3,4297,187491,0,0,80.289,5.947,18.833,1,0.000,9.544,25.312,0,1,1,0,6
PPG,3,102622,4106431552,127,76191,81904,82290.852,-386.852,-22.203,0,0,0,0,71.43,71.43,2,1,0,nan,4,0,24,1,1,30,30,0,0,0,4107697107,0.03418,0.00464,0.94922,0.94985,-0.00585,-0.00081,-0.00194,0.00622,0.95007,0.00169,0.00655,3,12118,0,6735,0.32266,0.21757,0.67430,99,1,93.142,150,1,3,2596,187491,0,0,0.000,6.079,19.671,0,0.000,9.611,25.628,0,0,1,0,6
PPG,3,102623,4106471552,125,76205,81941,82287.352,-346.352,-17.820,0,0,0,0,71.43,71.43,2,1,0,nan,4,0,24,1,1,31,31,0,0,0,4107738715,0.03979,0.00635,0.95337,0.95422,-0.00638,-0.00081,-0.00141,0.00659,0.95422,0.00375,0.00737,3,12117,0,6735,0.32266,0.21757,0.67430,99,1,93.142,150,1,3,4296,187491,0,0,0.000,6.079,19.671,0,0.000,9.611,25.628,0,0,1,0,6
PPG,3,102624,4106511552,126,76237,81975,82284.227,-309.227,-11.711,0,0,0,0,71.43,71.43,2,1,0,nan,4,0,24,1,1,0,0,0,0,0,4107777718,0.03857,0.00195,0.94995,0.95074,-0.00612,-0.00028,-0.00221,0.00651,0.95227,0.00392,0.00651,3,12121,0,6735,0.32266,0.21757,0.67430,99,1,93.142,150,1,3,2605,187491,0,0,0.000,6.079,19.671,0,0.000,9.611,25.628,0,0,1,0,6
PPG,3,102625,4106551552,125,76241,82011,82281.492,-270.492,2.562,0,0,0,0,71.43,71.43,2,1,0,nan,4,0,24,1,1,1,1,0,0,0,4107819251,0.03784,0.00659,0.94995,0.95073,-0.00532,0.00025,-0.00034,0.00533,0.95073,0.00108,0.00644,3,12126,0,6735,0.32266,0.21757,0.67430,99,1,93.142,150,1,3,4296,187491,0,0,0.000,6.079,19.671,0,0.000,9.611,25.628,0,0,1,0,6
PPG,3,102626,4106591552,128,76244,82024,82278.914,-254.914,15.344,0,0,0,0,71.43,71.43,2,1,0,nan,4,0,24,1,1,2,2,0,0,0,4107858285,0.03662,0.00146,0.95337,0.95407,-0.00505,-0.00055,-0.00167,0.00535,0.95440,0.00368,0.00588,3,12175,0,6735,0.32266,0.21757,0.67430,99,1,93.142,150,1,3,4313,187491,0,0,0.000,6.079,19.671,0,0.000,9.611,25.628,0,0,1,0,6
PPG,3,102627,4106631552,126,76251,82033,82276.453,-243.453,27.773,0,0,0,0,71.43,71.43,2,1,0,nan,4,0,24,1,1,3,3,0,0,0,4107897238,0.03979,0.00781,0.94995,0.95082,-0.00479,-0.00055,-0.00114,0.00495,0.95482,0.00269,0.00677,3,12122,0,6735,0.32266,0.21757,0.67430,99,1,93.142,150,1,3,2600,187491,0,0,0.000,6.079,19.671,0,0.000,9.611,25.628,0,0,1,0,6
PPG,3,102628,4106671552,126,76258,82073,82274.422,-201.422,47.727,0,0,0,0,71.43,71.43,2,1,0,nan,4,0,24,1,1,4,4,0,0,0,4107938782,0.03931,0.00562,0.95288,0.95371,-0.00692,-0.00081,-0.00141,0.00710,0.95371,0.00682,0.00710,3,12119,0,6735,0.32266,0.21757,0.67430,99,1,93.142,150,1,3,4306,187491,0,0,0.000,6.079,19.671,0,0.000,9.611,25.628,0,0,1,0,6
PPG,3,102629,4106711552,131,76258,82075,82272.430,-197.430,69.062,0,0,0,0,71.43,71.43,2,1,0,nan,4,0,24,1,1,5,5,0,0,0,4107984479,0.03564,0.00586,0.94922,0.94991,-0.00558,-0.00161,-0.00274,0.00643,0.95439,0.00448,0.00704,3,12156,0,6735,0.32266,0.21757,0.67430,99,1,93.142,150,1,3,2588,187491,0,0,0.000,6.079,19.671,0,0.000,9.611,25.628,0,0,1,0,6
PPG,3,102630,4106751552,129,76243,82078,82270.484,-192.484,84.680,0,0,0,0,71.43,71.43,2,1,0,nan,4,0,24,1,1,6,6,0,0,0,4108020906,0.03589,0.01050,0.95361,0.95435,-0.00612,-0.00055,-0.00247,0.00662,0.95692,0.00562,0.00662,3,12120,0,6735,0.32266,0.21757,0.67430,99,1,93.142,150,1,3,2587,187491,0,0,0.000,6.079,19.671,0,0.000,9.611,25.628,0,0,1,0,6
PPG,3,102631,4106791552,133,76265,82125,82269.031,-144.031,97.359,0,0,0,0,71.43,71.43,2,1,0,nan,4,0,24,1,1,7,7,0,0,0,4108057264,0.03906,0.00537,0.94800,0.94882,-0.00638,-0.00028,-0.00141,0.00654,0.94916,0.00519,0.00654,3,12146,0,6735,0.32266,0.21757,0.67430,99,1,93.142,150,1,3,2621,187491,0,0,0.000,6.079,19.671,0,0.000,9.611,25.628,0,0,1,0,6
PPG,3,102632,4106831552,128,76290,82185,82268.188,-83.188,108.211,0,0,0,0,71.43,71.43,2,1,0,nan,4,0,24,1,1,8,8,0,0,0,4108098861,0.03687,0.00537,0.95728,0.95800,-0.00612,-0.00081,-0.00114,0.00628,0.95800,0.00371,0.00634,3,12112,0,6735,0.32266,0.21757,0.67430,99,1,93.142,150,1,3,4298,187491,0,0,0.000,6.079,19.671,0,0.000,9.611,25.628,0,0,1,0,6
PPG,3,102633,4106871552,125,76317,82227,82267.773,-40.773,120.812,0,0,0,0,71.43,71.43,2,1,0,nan,4,0,24,1,1,9,9,0,0,0,4108137871,0.03638,0.00659,0.95190,0.95262,-0.00612,-0.00028,-0.00194,0.00642,0.95303,0.00497,0.00649,3,12122,0,6735,0.32266,0.21757,0.67430,99,1,93.142,150,1,3,2595,187491,0,0,0.000,6.079,19.671,0,0.000,9.611,25.628,0,0,1,0,6
PPG,3,102634,4106911552,127,76321,82221,82267.305,-46.305,130.367,0,1,0,0,71.43,71.43,2,1,0,nan,4,0,24,1,1,10,10,0,0,0,4108179782,0.03857,0.00513,0.95044,0.95124,-0.00585,-0.00001,-0.00167,0.00609,0.95326,0.00208,0.00708,3,12350,0,6735,0.32266,0.21757,0.67430,99,1,93.142,150,1,3,4365,187491,0,0,0.000,6.079,19.671,0,0.000,9.611,25.628,0,0,1,0,6
PPG,3,102635,4106951552,154,76279,82111,82265.742,-154.742,124.602,0,0,0,0,71.43,71.43,2,1,0,nan,4,0,24,1,1,11,11,0,0,0,4108218945,0.03955,0.00244,0.95557,0.95639,-0.00585,-0.00135,-0.00221,0.00640,0.95639,0.00755,0.00735,3,12206,0,6735,0.32266,0.21757,0.67430,99,1,93.142,150,1,3,4299,187491,0,0,0.000,6.079,19.671,0,0.000,9.611,25.628,0,0,1,0,6
PPG,3,102636,4106991552,126,76274,82069,82263.773,-194.773,115.438,0,0,0,0,71.43,71.43,2,1,0,nan,4,0,24,1,1,12,12,0,0,0,4108257902,0.03809,0.00439,0.95190,0.95268,-0.00612,-0.00135,-0.00247,0.00673,0.95268,0.01069,0.00673,3,12118,0,6735,0.32266,0.21757,0.67430,99,1,93.142,150,1,3,2595,187491,0,0,0.000,6.079,19.671,0,0.000,9.611,25.628,0,0,1,0,6
PPG,3,102637,4107031552,125,76273,82086,82261.992,-175.992,108.289,0,0,0,0,71.43,71.43,2,1,0,nan,4,0,24,1,1,13,13,0,0,0,4108299711,0.04028,0.00635,0.94556,0.94644,-0.00638,-0.00081,-0.00167,0.00665,0.95628,0.00682,0.00665,3,12209,0,6735,0.32266,0.21757,0.67430,99,1,93.142,150,1,3,4296,187491,0,0,0.000,6.079,19.671,0,0.000,9.611,25.628,0,0,1,0,6
PPG,3,102638,4107071552,143,76269,82080,82260.172,-180.172,92.258,0,0,0,0,71.43,71.43,2,1,0,nan,4,0,24,1,1,14,14,0,0,0,4108338846,0.03955,0.00854,0.95044,0.95130,-0.00585,-0.00188,-0.00087,0.00621,0.95570,0.00926,0.00621,3,12133,0,6735,0.32266,0.21757,0.67430,99,1,93.142,150,1,3,4304,187491,0,0,0.000,6.101,19.523,0,0.000,9.611,25.628,0,0,1,0,6
PPG,3,102639,4107111552,124,76273,82077,82258.344,-181.344,68.133,0,0,0,0,71.43,71.43,2,1,0,nan,4,0,24,1,1,15,15,0,0,0,4108378226,0.03979,0.00757,0.95410,0.95496,-0.00638,-0.00081,-0.00167,0.00665,0.95496,0.00867,0.00665,3,12251,0,6735,0.32266,0.21757,0.67430,99,1,93.142,150,1,3,4335,187491,0,0,0.000,6.101,19.523,0,0.000,9.611,25.628,0,0,1,0,6
PPG,3,102640,4107151552,126,76253,82093,82256.688,-163.688,40.586,0,0,0,0,71.43,71.43,2,1,0,nan,4,0,24,1,1,16,16,0,0,0,4108417555,0.03857,0.00513,0.94946,0.95026,-0.00585,-0.00161,-0.00141,0.00623,0.95026,0.00512,0.00664,3,12282,0,6735,0.32266,0.21757,0.67430,99,1,93.142,150,1,3,2630,187491,0,0,0.000,6.101,19.523,0,0.000,9.611,25.628,0,0,1,0,6
PPG,3,102641,4107191552,127,76267,82102,82255.141,-153.141,13.789,0,0,0,0,71.43,71.43,2,1,0,nan,4,0,24,1,1,17,17,0,0,0,4108459566,0.03760,0.00659,0.95483,0.95560,-0.00585,-0.00055,-0.00087,0.00594,0.95560,0.00817,0.00614,3,12269,0,6735,0.32266,0.21757,0.67430,99,1,93.142,150,1,3,4327,187491,0,0,0.000,6.101,19.523,0,0.000,9.611,25.628,0,0,1,0,6
PPG,3,102642,4107231552,181,76258,82081,82253.398,-172.398,0.648,1,0,1,880,68.18,68.18,0,0,0,nan,4,0,24,1,1,18,18,0,0,0,4108498920,0.03662,0.00830,0.94946,0.95021,-0.00612,-0.00081,-0.00167,0.00639,0.95288,0.00272,0.00709,3,12254,0,6735,0.32266,0.21757,0.67430,99,1,93.142,150,1,3,4347,187491,0,0,44.336,6.101,19.523,1,160.539,9.611,25.628,1,1,2,0,7
PPG,3,102643,4107271552,125,76263,82088,82251.742,-163.742,-3.992,0,0,0,0,68.18,68.18,0,0,0,nan,4,0,24,1,1,19,19,0,0,0,4108538308,0.03906,0.00854,0.94653,0.94738,-0.00612,-0.00001,-0.00274,0.00670,0.95261,0.00653,0.00670,3,12195,0,6735,0.32266,0.21757,0.67430,99,1,93.142,150,1,3,4353,187491,0,0,0.000,5.992,18.832,0,0.000,9.925,27.083,0,0,2,0,7
PPG,3,102644,4107311552,523,76271,82097,82250.195,-153.195,-8.508,0,0,0,0,68.18,68.18,0,0,0,nan,4,0,24,1,1,20,20,0,0,0,4108577676,0.03760,0.00537,0.95190,0.95266,-0.00558,-0.00135,-0.00114,0.00586,0.95266,0.00522,0.00701,3,12301,0,6735,0.25636,0.16921,0.66003,100,1,93.499,136,1,3,2659,187491,0,0,0.000,5.992,18.832,0,0.000,9.925,27.083,0,0,2,0,7
PPG,3,102645,4107351552,185,76282,82140,82249.094,-109.094,-6.391,0,0,0,0,68.18,68.18,0,0,0,nan,4,0,24,1,1,21,21,0,0,0,4108620046,0.04102,0.00342,0.95313,0.95401,-0.00532,-0.00055,-0.00141,0.00553,0.95401,0.00330,0.00695,3,12247,0,6735,0.25636,0.16921,0.66003,100,1,93.499,136,1,3,4351,187491,0,0,0.000,5.992,18.832,0,0.000,9.925,27.083,0,0,2,0,7
PPG,3,102646,4107391552,131,76296,82162,82248.227,-86.227,-1.148,0,0,0,0,68.18,68.18,0,0,0,nan,4,0,24,1,1,22,22,0,0,0,4108659415,0.03955,0.00562,0.95313,0.95396,-0.00585,-0.00081,-0.00167,0.00614,0.95960,0.00825,0.00622,3,12266,0,6735,0.25636,0.16921,0.66003,100,1,93.499,136,1,3,4336,187491,0,0,0.000,5.992,18.832,0,0.000,9.925,27.083,0,0,2,0,7
PPG,3,102647,4107431552,127,76310,82182,82247.562,-65.562,4.109,0,0,0,0,68.18,68.18,0,0,0,nan,4,0,24,1,1,23,23,0,0,0,4108698685,0.03809,0.00439,0.95337,0.95414,-0.00585,0.00052,-0.00141,0.00604,0.95414,0.00705,0.00604,3,12214,0,6735,0.25636,0.16921,0.66003,100,1,93.499,136,1,3,4328,187491,0,0,0.000,5.992,18.832,0,0.000,9.925,27.083,0,0,2,0,7
PPG,3,102648,4107471552,129,76316,82204,82247.125,-43.125,12.141,0,0,0,0,68.18,68.18,0,0,0,nan,4,0,24,1,1,24,24,0,0,0,4108738108,0.03564,0.00415,0.95313,0.95380,-0.00505,-0.00055,-0.00247,0.00565,0.95512,0.00701,0.00565,3,12242,0,6735,0.25636,0.16921,0.66003,100,1,93.499,136,1,3,4334,187491,0,0,0.000,5.992,18.832,0,0.000,9.925,27.083,0,0,2,0,7
PPG,3,102649,4107511552,136,76318,82208,82246.734,-38.734,23.633,0,0,0,0,68.18,68.18,0,0,0,nan,4,0,24,1,1,25,25,0,0,0,4108777416,0.03857,0.00928,0.94653,0.94736,-0.00532,-0.00081,-0.00194,0.00572,0.94922,0.00458,0.00572,3,12272,0,6735,0.25636,0.16921,0.66003,100,1,93.499,136,1,3,2633,187491,0,0,0.000,5.992,18.832,0,0.000,9.925,27.083,0,0,2,0,7
PPG,3,102650,4107551552,128,76315,82223,82246.500,-23.500,35.664,0,0,0,0,68.18,68.18,0,0,0,nan,4,0,24,1,1,26,26,0,0,0,4108819305,0.03857,0.00928,0.95093,0.95176,-0.00558,-0.00028,-0.00114,0.00571,0.95630,0.00598,0.00571,3,12228,0,6735,0.25636,0.16921,0.66003,100,1,93.499,136,1,3,4347,187491,0,0,0.000,5.992,18.832,0,0.000,9.925,27.083,0,0,2,0,7
PPG,3,102651,4107591552,127,76316,82225,82246.281,-21.281,48.953,0,0,0,0,68.18,68.18,0,0,0,nan,4,0,24,1,1,27,27,0,0,0,4108858583,0.04077,0.00879,0.95166,0.95257,-0.00612,0.00025,-0.00114,0.00623,0.95392,0.00489,0.00623,3,12221,0,6735,0.25636,0.16921,0.66003,100,1,93.499,136,1,3,4337,187491,0,0,0.000,5.992,18.832,0,0.000,9.925,27.083,0,0,2,0,7
PPG,3,102652,4107631552,128,76332,82250,82246.320,3.680,61.414,0,0,0,0,68.18,68.18,0,0,0,nan,4,0,24,1,1,28,28,0,0,0,4108897923,0.03589,0.00806,0.95435,0.95505,-0.00692,-0.00055,-0.00194,0.00720,0.95505,0.00242,0.00720,3,12262,0,6735,0.25636,0.16921,0.66003,100,1,93.499,136,1,3,2622,187491,0,0,0.000,5.992,18.832,0,0.000,9.925,27.083,0,0,2,0,7
PPG,3,102653,4107671552,129,76332,82279,82246.648,32.352,75.531,0,0,0,0,68.18,68.18,0,0,0,nan,4,0,24,1,1,29,29,0,0,0,4108939792,0.03784,0.00562,0.95581,0.95658,-0.00558,-0.00108,-0.00167,0.00593,0.95658,0.00345,0.00653,3,12237,0,6735,0.25636,0.16921,0.66003,100,1,93.499,136,1,3,4346,187491,0,0,0.000,5.992,18.832,0,0.000,9.925,27.083,0,0,2,0,7
PPG,3,102654,4107711552,135,76336,82290,82247.078,42.922,87.508,0,0,0,0,68.18,68.18,0,0,0,nan,4,0,24,1,1,30,30,0,0,0,4108974178,0.04004,0.00562,0.94238,0.94325,-0.00612,-0.00055,-0.00141,0.00630,0.95464,0.01139,0.00685,2,19644,0,6735,0.25636,0.16921,0.66003,100,1,93.499,136,1,3,2585,187491,0,0,0.000,5.992,18.832,0,0.000,9.925,27.083,0,0,2,0,7
PPG,3,102655,4107751552,150,76333,82296,82247.570,48.430,91.398,0,0,0,0,68.18,68.18,0,0,0,nan,4,0,24,1,1,31,31,0,0,0,4109018711,0.04126,0.00854,0.95020,0.95113,-0.00505,-0.00188,-0.00167,0.00564,0.95113,0.00712,0.00710,3,12212,0,6736,0.25636,0.16921,0.66003,100,1,93.499,136,1,3,4302,187491,0,0,0.000,5.992,18.832,0,0.000,9.925,27.083,0,0,2,0,7
PPG,3,102656,4107791552,128,76340,82313,82248.227,64.773,94.203,0,0,0,0,68.18,68.18,0,0,0,nan,4,0,24,1,1,0,0,0,0,0,4109057749,0.03418,0.00586,0.95142,0.95205,-0.00532,-0.00028,-0.00194,0.00567,0.95205,0.00274,0.00670,3,12121,0,6736,0.25636,0.16921,0.66003,100,1,93.499,136,1,3,2600,187491,0,0,0.000,5.992,18.832,0,0.000,9.925,27.083,0,0,2,0,7
PPG,3,102657,4107831552,147,76325,82280,82248.547,31.453,92.641,0,0,0,0,68.18,68.18,0,0,0,nan,4,0,24,1,1,1,1,0,0,0,4109099380,0.04248,0.00488,0.94800,0.94896,-0.00612,0.00052,-0.00247,0.00662,0.95272,0.00376,0.00662,3,12155,0,6736,0.25636,0.16921,0.66003,100,1,93.499,136,1,3,4313,187491,0,0,0.000,5.992,18.832,0,0.000,9.925,27.083,0,0,2,0,7
PPG,3,102658,4107871552,128,76280,82205,82248.109,-43.109,83.539,0,0,0,0,68.18,68.18,0,0,0,nan,4,0,24,1,1,2,2,0,0,0,4109138356,0.03564,0.00708,0.95337,0.95406,-0.00558,-0.00001,-0.00247,0.00611,0.96035,0.00789,0.00611,3,12130,0,6736,0.25636,0.16921,0.66003,100,1,93.499,136,1,3,4311,187491,0,0,0.000,5.992,18.832,0,0.000,9.925,27.083,0,0,2,0,7
PPG,3,102659,4107911552,128,76249,82134,82246.969,-112.969,64.109,0,0,0,0,68.18,68.18,0,0,0,nan,4,0,24,1,1,3,3,0,0,0,4109177306,0.04053,0.00903,0.94556,0.94647,-0.00665,-0.00055,-0.00114,0.00677,0.95138,0.00281,0.00677,3,12130,0,6736,0.25636,0.16921,0.66003,100,1,93.499,136,1,3,2625,187491,0,0,0.000,5.992,18.832,0,0.000,9.925,27.083,0,0,2,0,7
PPG,3,102660,4107951552,128,76258,82131,82245.812,-114.812,41.070,0,0,0,0,68.18,68.18,0,0,0,nan,4,0,24,1,1,4,4,0,0,0,4109218891,0.03979,0.00635,0.94824,0.94910,-0.00612,-0.00028,-0.00194,0.00642,0.95224,0.00577,0.00678,3,12142,0,6736,0.25636,0.16921,0.66003,100,1,93.499,136,1,3,4301,187491,0,0,0.000,5.992,18.832,0,0.000,9.925,27.083,0,0,2,0,7
PPG,3,102661,4107991552,129,76248,82146,82244.812,-98.812,18.297,0,0,0,0,68.18,68.18,0,0,0,nan,4,0,24,1,1,5,5,0,0,0,4109257906,0.04004,0.00391,0.95410,0.95495,-0.00532,0.00025,-0.00274,0.00599,0.95495,0.00499,0.00599,3,12116,0,6736,0.25636,0.16921,0.66003,100,1,93.499,136,1,3,2595,187491,0,0,0.000,5.992,18.832,0,0.000,9.925,27.083,0,0,2,0,7
PPG,3,102662,4108031552,128,76265,82179,82244.156,-65.156,-3.312,0,0,0,0,68.18,68.18,0,0,0,nan,4,0,24,1,1,6,6,0,0,0,4109299563,0.03857,0.00562,0.94678,0.94758,-0.00558,-0.00108,-0.00061,0.00572,0.95345,0.00342,0.00660,3,12150,0,6736,0.25636,0.16921,0.66003,100,1,93.499,136,1,3,4301,187491,0,0,35.664,5.992,18.832,1,0.000,9.925,27.083,0,0,2,0,7
PPG,3,102663,4108071552,128,76297,82192,82243.633,-51.633,-25.797,0,0,0,0,68.18,68.18,0,0,0,nan,4,0,24,1,1,7,7,0,0,0,4109338555,0.03760,0.00952,0.94971,0.95050,-0.00505,-0.00108,-0.00167,0.00543,0.95477,0.00488,0.00563,3,12119,0,6736,0.25636,0.16921,0.66003,100,1,93.499,136,1,3,4297,187491,0,0,0.000,5.992,18.832,0,0.000,9.925,27.083,0,0,2,0,7
PPG,3,102664,4108111552,221,76294,82192,82243.117,-51.117,-43.117,1,0,1,840,71.43,71.43,0,0,0,nan,4,0,24,1,1,8,8,0,0,0,4109377487,0.03760,0.01196,0.95654,0.95736,-0.00612,-0.00055,-0.00141,0.00630,0.95736,0.01399,0.00630,3,12110,0,6736,0.25636,0.16921,0.66003,100,1,93.499,136,1,3,2601,187491,0,0,0.000,5.992,18.832,0,102.711,9.925,27.083,1,1,2,0,7
PPG,3,102665,4108151552,127,76287,82197,82242.656,-45.656,-47.109,0,0,0,0,71.43,71.43,0,0,0,nan,4,0,24,1,1,9,9,0,0,0,4109419241,0.03833,0.00562,0.95190,0.95269,-0.00718,-0.00001,-0.00141,0.00732,0.95550,0.00357,0.00732,3,12121,0,6736,0.25636,0.16921,0.66003,100,1,93.499,136,1,3,4302,187491,0,0,0.000,5.842,17.885,0,0.000,9.838,26.678,0,0,2,0,7
PPG,3,102666,4108191552,128,76312,82220,82242.430,-22.430,-37.727,0,0,0,0,71.43,71.43,0,0,0,nan,4,0,24,1,1,10,10,0,0,0,4109458155,0.03735,0.00879,0.95093,0.95170,-0.00585,-0.00081,-0.00061,0.00594,0.95170,0.00334,0.00662,3,12116,0,6736,0.25636,0.16921,0.66003,100,1,93.499,136,1,3,2604,187491,0,0,0.000,5.842,17.885,0,0.000,9.838,26.678,0,0,2,0,7
PPG,3,102667,4108231552,127,76298,82221,82242.219,-21.219,-26.820,0,0,0,0,71.43,71.43,0,0,0,nan,4,0,24,1,1,11,11,0,0,0,4109499755,0.04028,0.00122,0.94824,0.94910,-0.00665,-0.00161,-0.00141,0.00699,0.95297,0.00387,0.00724,3,12161,0,6736,0.25636,0.16921,0.66003,100,1,93.499,136,1,3,4295,187491,0,0,0.000,5.842,17.885,0,0.000,9.838,26.678,0,0,2,0,7
PPG,3,102668,4108271552,129,76277,82206,82241.859,-35.859,-18.352,0,0,0,0,71.43,71.43,0,0,0,nan,4,0,24,1,1,12,12,0,0,0,4109538705,0.03491,0.00293,0.95020,0.95084,-0.00558,0.00052,-0.00274,0.00624,0.95518,0.00608,0.00628,3,12128,0,6736,0.25636,0.16921,0.66003,100,1,93.499,136,1,3,4300,187491,0,0,0.000,5.842,17.885,0,0.000,9.838,26.678,0,0,2,0,7
PPG,3,102669,4108311552,515,76267,82227,82241.711,-14.711,-12.438,0,0,0,0,71.43,71.43,0,0,0,99.00,0,1,24,1,1,13,13,0,0,0,4109577629,0.04004,0.00366,0.95459,0.95544,-0.00585,0.00025,-0.00194,0.00617,0.95544,0.00721,0.00685,3,12109,0,6736,0.14580,0.06926,0.47503,99,1,98.124,150,1,3,2595,187491,0,0,0.000,5.842,17.885,0,0.000,9.838,26.678,0,0,2,0,7
PPG,3,102670,4108351552,177,76313,82281,82242.102,38.898,-2.633,0,0,0,0,71.43,71.43,0,0,0,99.00,0,1,24,1,1,14,14,0,0,0,4109619669,0.04028,0.01001,0.95752,0.95842,-0.00452,0.00025,-0.00327,0.00558,0.95842,0.00613,0.00628,3,12114,0,6736,0.14580,0.06926,0.47503,99,1,98.124,150,1,3,4300,187491,0,0,0.000,5.842,17.885,0,0.000,9.838,26.678,0,0,2,0,7
PPG,3,102671,4108391552,126,76315,82283,82242.508,40.492,7.469,0,0,0,0,71.43,71.43,0,0,0,99.00,0,1,24,1,1,15,15,0,0,0,4109658693,0.03979,0.00757,0.95630,0.95716,-0.00558,-0.00055,-0.00194,0.00594,0.95716,0.00826,0.00679,3,12128,0,6736,0.14580,0.06926,0.47503,99,1,98.124,150,1,3,4307,187491,0,0,0.000,5.842,17.885,0,0.000,9.838,26.678,0,0,2,0,7
PPG,3,102672,4108431552,127,76317,82296,82243.039,52.961,19.312,0,0,0,0,71.43,71.43,0,0,0,99.00,0,1,24,1,1,16,16,0,0,0,4109697648,0.03711,0.00781,0.94922,0.94998,-0.00612,-0.00108,-0.00141,0.00637,0.95061,0.00654,0.00637,3,12129,0,6736,0.14580,0.06926,0.47503,99,1,98.124,150,1,3,2605,187491,0,0,0.000,5.842,17.885,0,0.000,9.838,26.678,0,0,2,0,7
PPG,3,102673,4108471552,127,76325,82329,82243.898,85.102,32.391,0,0,0,0,71.43,71.43,0,0,0,99.00,0,1,24,1,1,17,17,0,0,0,4109739273,0.03857,0.00757,0.94556,0.94637,-0.00612,-0.00028,-0.00221,0.00651,0.95705,0.00708,0.00702,3,12126,0,6736,0.14580,0.06926,0.47503,99,1,98.124,150,1,3,4315,187491,0,0,0.000,5.842,17.885,0,0.000,9.838,26.678,0,0,2,0,7
PPG,3,102674,4108511552,127,76346,82358,82245.039,112.961,48.562,0,0,0,0,71.43,71.43,0,0,0,99.00,0,1,24,1,1,18,18,0,0,0,4109778249,0.03809,0.00757,0.95483,0.95562,-0.00585,-0.00055,-0.00194,0.00619,0.95562,0.00616,0.00731,3,12128,0,6736,0.14580,0.06926,0.47503,99,1,98.124,150,1,3,2597,187491,0,0,0.000,5.842,17.885,0,0.000,9.838,26.678,0,0,2,0,7
PPG,3,102675,4108551552,128,76349,82361,82246.195,114.805,67.453,0,0,0,0,71.43,71.43,0,0,0,99.00,0,1,24,1,1,19,19,0,0,0,4109819907,0.04028,0.00635,0.95654,0.95741,-0.00585,-0.00161,-0.00194,0.00637,0.95741,0.00717,0.00654,3,12124,0,6736,0.14580,0.06926,0.47503,99,1,98.124,150,1,3,4296,187491,0,0,0.000,5.842,17.885,0,0.000,9.838,26.678,0,0,2,0,7
PPG,3,102676,4108591552,127,76331,82335,82247.086,87.914,81.781,0,0,0,0,71.43,71.43,0,0,0,99.00,0,1,24,1,1,20,20,0,0,0,4109858875,0.03687,0.00684,0.95825,0.95899,-0.00558,-0.00028,-0.00141,0.00577,0.95899,0.00801,0.00656,3,12134,0,6736,0.14580,0.06926,0.47503,99,1,98.124,150,1,3,4301,187491,0,0,0.000,5.842,17.885,0,0.000,9.838,26.678,0,0,2,0,7
PPG,3,102677,4108631552,161,76268,82279,82247.406,31.594,81.539,0,0,0,0,71.43,71.43,0,0,0,99.00,0,1,24,1,1,21,21,0,0,0,4109897836,0.03882,0.00781,0.95508,0.95590,-0.00479,0.00079,-0.00194,0.00522,0.95590,0.00951,0.00675,3,12124,0,6736,0.14580,0.06926,0.47503,99,1,98.124,150,1,3,2595,187491,0,0,0.000,5.842,17.885,0,0.000,9.838,26.678,0,0,2,0,7
PPG,3,102678,4108671552,127,76250,82279,82247.719,31.281,77.273,0,0,0,0,71.43,71.43,0,0,0,99.00,0,1,24,1,1,22,22,0,0,0,4109939479,0.03979,0.00537,0.94922,0.95007,-0.00532,0.00052,-0.00194,0.00568,0.95758,0.00581,0.00609,3,12118,0,6736,0.14580,0.06926,0.47503,99,1,98.124,150,1,3,4297,187491,0,0,0.000,5.842,17.885,0,0.000,9.838,26.678,0,0,2,0,7
PPG,3,102679,4108711552,141,76289,82289,82248.133,40.867,68.523,0,0,0,0,71.43,71.43,0,0,0,99.00,0,1,24,2,2,24,24,0,0,0,4110031164,0.03882,0.00684,0.95703,0.95784,-0.00532,-0.00055,-0.00167,0.00560,0.95784,0.00831,0.00617,3,58104,0,6740,0.14580,0.06926,0.47503,99,1,98.124,150,1,3,58040,187491,0,0,0.000,5.842,17.885,0,0.000,9.838,26.678,0,0,2,0,7
PPG,3,102680,4108751552,38,76283,82228,82247.930,-19.930,49.242,0,0,0,0,71.43,71.43,0,0,0,99.00,0,1,24,2,2,24,24,0,0,0,4110031164,0.03882,0.00684,0.95703,0.95784,-0.00532,-0.00055,-0.00167,0.00560,0.00000,0.00000,0.00000,0,58104,0,6740,0.14580,0.06926,0.47503,99,1,98.124,150,1,3,58040,187491,0,0,0.000,5.842,17.885,0,0.000,9.838,26.678,0,0,2,0,7
PPG,3,102681,4108791552,129,76244,82145,82246.898,-101.898,18.859,0,0,0,0,71.43,71.43,0,0,0,99.00,0,1,24,1,1,25,25,0,0,0,4110057175,0.04272,0.00732,0.95410,0.95509,-0.00505,-0.00055,-0.00221,0.00554,0.95509,0.00351,0.00576,2,12562,0,6740,0.14580,0.06926,0.47503,99,1,98.124,150,1,3,2607,187491,0,0,0.000,5.842,17.885,0,0.000,9.838,26.678,0,0,2,0,7
PPG,3,102682,4108831552,128,76248,82117,82245.602,-128.602,-12.891,0,0,0,0,71.43,71.43,0,0,0,99.00,0,1,24,1,1,26,26,0,0,0,4110098749,0.04053,0.00537,0.94531,0.94620,-0.00558,-0.00108,-0.00167,0.00593,0.95425,0.00654,0.00706,3,12124,0,6740,0.14580,0.06926,0.47503,99,1,98.124,150,1,3,4303,187491,0,0,0.000,5.842,17.885,0,0.000,9.838,26.678,0,0,2,0,7
PPG,3,102683,4108871552,128,76247,82123,82244.375,-121.375,-39.727,0,0,0,0,71.43,71.43,0,0,0,99.00,0,1,24,1,1,27,27,0,0,0,4110138214,0.03760,0.00708,0.95874,0.95950,-0.00638,-0.00055,-0.00221,0.00678,0.95950,0.01237,0.00678,3,12310,0,6740,0.14580,0.06926,0.47503,99,1,98.124,150,1,3,2606,187491,0,0,0.000,5.842,17.885,0,0.000,9.838,26.678,0,0,2,0,7
PPG,3,102684,4108911552,150,76233,82120,82243.133,-123.133,-58.844,1,0,1,840,71.43,71.43,0,0,0,99.00,0,1,24,1,1,28,28,0,0,0,4110179851,0.04199,0.00415,0.95288,0.95381,-0.00585,-0.00001,-0.00061,0.00588,0.95465,0.00486,0.00645,3,12109,0,6740,0.14580,0.06926,0.47503,99,1,98.124,150,1,3,4297,187491,0,0,62.312,5.842,17.885,1,128.891,9.838,26.678,1,1,2,0,7
PPG,3,102685,4108951552,135,76249,82125,82241.953,-116.953,-77.242,0,0,0,0,71.43,71.43,0,0,0,99.00,0,1,24,1,1,29,29,0,0,0,4110218998,0.04053,0.00659,0.95068,0.95157,-0.00585,-0.00028,-0.00114,0.00597,0.95494,0.00464,0.00615,3,12205,0,6740,0.14580,0.06926,0.47503,99,1,98.124,150,1,3,4306,187491,0,0,0.000,5.877,18.109,0,0.000,9.925,27.084,0,0,2,0,7
PPG,3,102686,4108991552,150,76260,82152,82241.055,-89.055,-93.414,0,0,0,0,71.43,71.43,0,0,0,99.00,0,1,24,1,1,30,30,0,0,0,4110258081,0.04224,0.00073,0.94604,0.94699,-0.00585,0.00052,-0.00114,0.00598,0.95759,0.01060,0.00598,3,12117,0,6740,0.14580,0.06926,0.47503,99,1,98.124,150,1,3,2600,187491,0,0,0.000,5.743,18.952,0,0.000,9.925,27.084,0,0,2,0,7
PPG,3,102687,4109031552,208,76272,82163,82240.273,-77.273,-99.797,0,0,0,0,71.43,71.43,0,0,0,99.00,0,1,24,1,1,31,31,0,0,0,4110299860,0.04102,0.01001,0.95483,0.95577,-0.00585,-0.00081,-0.00194,0.00622,0.95577,0.00620,0.00622,3,12118,0,6740,0.14580,0.06926,0.47503,99,1,98.124,150,1,3,4298,187491,0,0,0.000,5.743,18.952,0,0.000,9.925,27.084,0,0,2,0,7
PPG,3,102688,4109071552,128,76257,82150,82239.367,-89.367,-96.289,0,0,0,0,71.43,71.43,0,0,0,99.00,0,1,24,1,1,0,0,0,0,0,4110339261,0.03809,0.00342,0.95288,0.95365,-0.00505,-0.00135,-0.00167,0.00549,0.95365,0.00885,0.00710,3,12245,0,6740,0.14580,0.06926,0.47503,99,1,98.124,150,1,3,4355,187491,0,0,0.000,5.743,18.952,0,0.000,9.925,27.084,0,0,2,0,7
PPG,3,102689,4109111552,130,76257,82159,82238.562,-79.562,-86.891,0,0,0,0,71.43,71.43,0,0,0,99.00,0,1,24,1,1,1,1,0,0,0,4110378628,0.03931,0.00586,0.94824,0.94907,-0.00638,-0.00001,-0.00221,0.00675,0.95432,0.00712,0.00675,3,12272,0,6740,0.14580,0.06926,0.47503,99,1,98.124,150,1,3,2644,187491,0,0,0.000,5.743,18.952,0,0.000,9.925,27.084,0,0,2,0,7
PPG,3,102690,4109151552,151,76269,82175,82237.930,-62.930,-74.156,0,0,0,0,71.43,71.43,0,0,0,99.00,0,1,24,1,1,2,2,0,0,0,4110420701,0.03784,0.00610,0.94629,0.94707,-0.00532,-0.00081,-0.00167,0.00563,0.96204,0.01497,0.00616,3,12293,0,6740,0.14580,0.06926,0.47503,99,1,98.124,150,1,3,4336,187491,0,0,0.000,5.743,18.952,0,0.000,9.925,27.084,0,0,2,0,7
PPG,3,102691,4109191552,130,76268,82189,82237.438,-48.438,-59.602,0,0,0,0,71.43,71.43,0,0,0,99.00,0,1,24,1,1,3,3,0,0,0,4110460085,0.04175,0.00439,0.95142,0.95234,-0.00558,-0.00161,-0.00087,0.00588,0.95234,0.00468,0.00680,3,12269,0,6740,0.14580,0.06926,0.47503,99,1,98.124,150,1,3,4339,187491,0,0,0.000,5.743,18.952,0,0.000,9.925,27.084,0,0,2,0,7
PPG,3,102692,4109231552,129,76284,82220,82237.266,-17.266,-42.227,0,0,0,0,71.43,71.43,0,0,0,99.00,0,1,24,1,1,4,4,0,0,0,4110499516,0.03809,0.00732,0.95239,0.95318,-0.00479,0.00025,-0.00221,0.00527,0.95318,0.00342,0.00668,3,12253,0,6740,0.14580,0.06926,0.47503,99,1,98.124,150,1,3,4342,187491,0,0,0.000,5.743,18.952,0,0.000,9.925,27.084,0,0,2,0,7
PPG,3,102693,4109271552,135,76297,82258,82237.477,20.523,-23.539,0,0,0,0,71.43,71.43,0,0,0,99.00,0,1,24,1,1,5,5,0,0,0,4110538840,0.04102,0.00513,0.94995,0.95085,-0.00558,-0.00028,-0.00247,0.00611,0.95467,0.00693,0.00611,3,12247,0,6740,0.14580,0.06926,0.47503,99,1,98.124,150,1,3,4336,187491,0,0,0.000,5.743,18.952,0,0.000,9.925,27.084,0,0,2,0,7
PPG,3,102694,4109311552,521,76334,82296,82238.062,57.938,-1.438,0,0,0,0,71.43,71.43,0,0,0,99.00,0,1,24,1,1,6,6,0,0,0,4110578104,0.03809,0.00806,0.95215,0.95294,-0.00638,-0.00028,-0.00327,0.00718,0.95526,0.00757,0.00734,3,12264,0,6740,0.17259,0.06629,0.38412,99,1,100.397,300,1,3,2621,187491,0,0,0.000,5.743,18.952,0,0.000,9.925,27.084,0,0,2,0,7
PPG,3,102695,4109351552,195,76353,82327,82238.953,88.047,25.547,0,0,0,0,71.43,71.43,0,0,0,99.00,0,1,24,1,1,7,7,0,0,0,4110620662,0.03784,0.00732,0.95557,0.95634,-0.00665,-0.00028,-0.00167,0.00686,0.95634,0.00925,0.00709,3,12285,0,6740,0.17259,0.06629,0.38412,99,1,100.397,300,1,3,4349,187491,0,0,0.000,5.743,18.952,0,0.000,9.925,27.084,0,0,2,0,7
PPG,3,102696,4109391552,136,76333,82329,82239.852,89.148,50.141,0,0,0,0,71.43,71.43,0,0,0,99.00,0,1,24,1,1,8,8,0,0,0,4110660017,0.03711,0.00830,0.95117,0.95193,-0.00638,-0.00028,-0.00327,0.00718,0.95344,0.00464,0.00718,3,12204,0,6740,0.17259,0.06629,0.38412,99,1,100.397,300,1,3,4320,187491,0,0,0.000,5.743,18.952,0,0.000,9.925,27.084,0,0,2,0,7
PPG,3,102697,4109431552,129,76336,82324,82240.695,83.305,69.172,0,0,0,0,71.43,71.43,0,0,0,99.00,0,1,24,1,1,9,9,0,0,0,4110699321,0.03516,0.00659,0.95459,0.95526,-0.00425,0.00025,-0.00167,0.00458,0.95785,0.00460,0.00662,3,12234,0,6740,0.17259,0.06629,0.38412,99,1,100.397,300,1,3,4340,187491,0,0,0.000,5.743,18.952,0,0.000,9.925,27.084,0,0,2,0,7
PPG,3,102698,4109471552,129,76351,82370,82241.992,128.008,90.477,0,0,0,0,71.43,71.43,0,0,0,99.00,0,1,24,1,1,10,10,0,0,0,4110738661,0.03882,0.00732,0.95288,0.95370,-0.00638,0.00105,-0.00141,0.00662,0.95853,0.00605,0.00662,3,12255,0,6740,0.17259,0.06629,0.38412,99,1,100.397,300,1,3,2649,187491,0,0,0.000,5.743,18.952,0,0.000,9.925,27.084,0,0,2,0,7
PPG,3,102699,4109511552,134,76375,82389,82243.461,145.539,109.617,0,0,0,0,71.43,71.43,0,0,0,99.00,0,1,24,1,1,11,11,0,0,0,4110780595,0.03711,0.00366,0.94775,0.94849,-0.00638,-0.00055,-0.00194,0.00669,0.95510,0.00661,0.00763,3,12225,0,6740,0.17259,0.06629,0.38412,99,1,100.397,300,1,3,4314,187491,0,0,0.000,5.743,18.952,0,0.000,9.925,27.084,0,0,2,0,7
PPG,3,102700,4109551552,211,76370,82418,82245.203,172.797,122.977,0,0,0,0,71.43,71.43,0,0,0,99.00,0,1,24,1,1,12,12,0,0,0,4110819855,0.03589,0.00757,0.95190,0.95261,-0.00505,-0.00081,-0.00221,0.00557,0.95571,0.00722,0.00598,3,12236,0,6740,0.17259,0.06629,0.38412,99,1,100.397,300,1,3,4353,187491,0,0,0.000,5.743,18.952,0,0.000,9.925,27.084,0,0,2,0,7
PPG,3,102701,4109591552,133,76387,82441,82247.164,193.836,128.891,0,1,0,0,71.43,71.43,0,0,0,99.00,0,1,24,1,1,13,13,0,0,0,4110859362,0.03662,0.00488,0.95142,0.95213,-0.00505,-0.00001,-0.00194,0.00541,0.95213,0.00442,0.00592,3,12247,0,6740,0.17259,0.06629,0.38412,99,1,100.397,300,1,3,4342,187491,0,0,0.000,5.743,18.952,0,0.000,9.925,27.084,0,0,2,0,7
PPG,3,102702,4109631552,166,76394,82425,82248.945,176.055,127.492,0,0,0,0,71.43,71.43,0,0,0,99.00,0,1,24,1,1,14,14,0,0,0,4110898665,0.03711,0.00488,0.95532,0.95606,-0.00558,0.00079,-0.00194,0.00596,0.95606,0.00554,0.00596,3,12241,0,6740,0.17259,0.06629,0.38412,99,1,100.397,300,1,3,2639,187491,0,0,0.000,5.743,18.952,0,0.000,9.925,27.084,0,0,2,0,7
PPG,3,102703,4109671552,130,76336,82307,82249.523,57.477,115.148,0,0,0,0,71.43,71.43,0,0,0,99.00,0,1,24,1,1,15,15,0,0,0,4110940570,0.03687,0.01050,0.95337,0.95414,-0.00585,-0.00028,-0.00194,0.00617,0.95414,0.00666,0.00693,3,12149,0,6740,0.17259,0.06629,0.38412,99,1,100.397,300,1,3,4327,187491,0,0,0.000,5.743,18.952,0,0.000,9.925,27.084,0,0,2,0,7
PPG,3,102704,4109711552,137,76315,82243,82249.461,-6.461,97.430,0,0,0,0,71.43,71.43,0,0,0,99.00,0,1,24,1,1,16,16,0,0,0,4110974335,0.03442,0.00562,0.95337,0.95401,-0.00585,-0.00108,-0.00141,0.00611,0.95488,0.00087,0.00611,2,18990,0,6740,0.17259,0.06629,0.38412,99,1,100.397,300,1,3,2593,187491,0,0,0.000,5.743,18.952,0,0.000,9.925,27.084,0,0,2,0,7
PPG,3,102705,4109751552,132,76303,82209,82249.055,-40.055,70.227,0,0,0,0,71.43,71.43,0,0,0,99.00,0,1,24,1,1,17,17,0,0,0,4111018575,0.03638,0.00439,0.94995,0.95066,-0.00558,-0.00135,-0.00087,0.00581,0.95085,0.00403,0.00676,3,12127,0,6740,0.17259,0.06629,0.38412,99,1,100.397,300,1,3,2598,187491,0,0,0.000,5.743,18.952,0,0.000,9.925,27.084,0,0,2,0,7
PPG,3,102706,4109791552,130,76289,82197,82248.531,-51.531,40.547,0,0,0,0,71.43,71.43,0,0,0,99.00,0,1,24,1,1,18,18,0,0,0,4111060193,0.03906,0.00806,0.95679,0.95762,-0.00638,-0.00055,-0.00167,0.00662,0.95762,0.00500,0.00705,3,12122,0,6740,0.17259,0.06629,0.38412,99,1,100.397,300,1,3,4298,187491,0,0,0.000,5.743,18.952,0,0.000,9.925,27.084,0,0,2,0,7
PPG,3,102707,4109831552,131,76284,82178,82247.828,-69.828,5.508,0,0,0,0,71.43,71.43,0,0,0,99.00,0,1,24,1,1,19,19,0,0,0,4111099161,0.03784,0.00854,0.94995,0.95074,-0.00638,-0.00081,-0.00141,0.00659,0.95784,0.00491,0.00679,3,12121,0,6740,0.17259,0.06629,0.38412,99,1,100.397,300,1,3,4300,187491,0,0,0.000,5.743,18.952,0,0.000,9.925,27.084,0,0,2,0,7
PPG,3,102708,4109871552,130,76288,82201,82247.359,-46.359,-31.320,0,0,0,0,71.43,71.43,0,0,0,99.00,0,1,24,1,1,20,20,0,0,0,4111138160,0.03809,0.00269,0.95093,0.95169,-0.00532,0.00025,-0.00141,0.00551,0.95404,0.00714,0.00667,3,12171,0,6740,0.17259,0.06629,0.38412,99,1,100.397,300,1,3,2604,187491,0,0,0.000,5.743,18.952,0,0.000,9.925,27.084,0,0,2,0,7
PPG,3,102709,4109911552,153,76287,82205,82246.938,-41.938,-65.047,1,0,1,1000,68.18,68.18,0,0,0,99.00,0,1,24,1,1,21,21,0,0,0,4111179744,0.03735,0.00635,0.94556,0.94632,-0.00479,-0.00055,-0.00087,0.00489,0.95686,0.01054,0.00676,3,12126,0,6740,0.17259,0.06629,0.38412,99,1,100.397,300,1,3,4294,187491,0,0,92.578,5.743,18.952,1,228.688,9.925,27.084,1,1,2,0,7
PPG,3,102710,4109951552,128,76294,82188,82246.352,-58.352,-82.703,0,0,0,0,68.18,68.18,0,0,0,99.00,0,1,24,1,1,22,22,0,0,0,4111218885,0.03491,0.00635,0.95483,0.95549,-0.00585,-0.00055,-0.00194,0.00619,0.95549,0.00513,0.00619,3,12136,0,6740,0.17259,0.06629,0.38412,99,1,100.397,300,1,3,2595,187491,0,0,0.000,5.964,20.407,0,0.000,10.625,30.335,0,0,2,0,7
PPG,3,102711,4109991552,129,76286,82207,82245.961,-38.961,-88.742,0,0,0,0,68.18,68.18,0,0,0,99.00,0,1,24,1,1,23,23,0,0,0,4111260448,0.03564,0.00342,0.95117,0.95185,-0.00585,-0.00055,-0.00114,0.00599,0.95295,0.00744,0.00706,3,12107,0,6740,0.17259,0.06629,0.38412,99,1,100.397,300,1,3,4301,187491,0,0,0.000,5.964,20.407,0,0.000,10.625,30.335,0,0,2,0,7
PPG,3,102712,4110031552,127,76297,82201,82245.508,-44.508,-88.938,0,0,0,0,68.18,68.18,0,0,0,99.00,0,1,24,1,1,24,24,0,0,0,4111299431,0.03760,0.00684,0.95801,0.95877,-0.00532,-0.00081,-0.00114,0.00550,0.95877,0.00739,0.00589,3,12125,0,6740,0.17259,0.06629,0.38412,99,1,100.397,300,1,3,4301,187491,0,0,0.000,5.964,20.407,0,0.000,10.625,30.335,0,0,2,0,7
PPG,3,102713,4110071552,166,76303,82223,82245.281,-22.281,-83.469,0,0,0,0,68.18,68.18,0,0,0,99.00,0,1,24,1,1,25,25,0,0,0,4111338505,0.03857,0.00659,0.94849,0.94929,-0.00532,-0.00028,-0.00221,0.00576,0.95523,0.00772,0.00576,3,12164,0,6740,0.17259,0.06629,0.38412,99,1,100.397,300,1,3,2598,187491,0,0,0.000,5.964,20.407,0,0.000,10.625,30.335,0,0,2,0,7
PPG,3,102714,4110111552,131,76301,82243,82245.258,-2.258,-71.539,0,0,0,0,68.18,68.18,0,0,0,99.00,0,1,24,1,1,26,26,0,0,0,4111380126,0.04004,0.00562,0.94922,0.95008,-0.00558,-0.00081,-0.00141,0.00582,0.95362,0.00557,0.00632,3,12129,0,6740,0.17259,0.06629,0.38412,99,1,100.397,300,1,3,4297,187491,0,0,0.000,5.964,20.407,0,0.000,10.625,30.335,0,0,2,0,7
PPG,3,102715,4110151552,132,76304,82256,82245.367,10.633,-60.133,0,0,0,0,68.18,68.18,0,0,0,99.00,0,1,24,1,1,27,27,0,0,0,4111419111,0.03833,0.00659,0.95166,0.95245,-0.00558,-0.00108,-0.00167,0.00593,0.95480,0.00731,0.00593,3,12135,0,6740,0.17259,0.06629,0.38412,99,1,100.397,300,1,3,4298,187491,0,0,0.000,5.964,20.407,0,0.000,10.625,30.335,0,0,2,0,7
PPG,3,102716,4110191552,127,76307,82264,82245.555,18.445,-48.453,0,0,0,0,68.18,68.18,0,0,0,99.00,0,1,24,1,1,28,28,0,0,0,4111458117,0.04126,0.00684,0.95459,0.95551,-0.00665,-0.00055,-0.00194,0.00695,0.95551,0.00616,0.00695,3,12129,0,6740,0.17259,0.06629,0.38412,99,1,100.397,300,1,3,2599,187491,0,0,0.000,5.964,20.407,0,0.000,10.625,30.335,0,0,2,0,7
PPG,3,102717,4110231552,129,76312,82305,82246.148,58.852,-30.789,0,0,0,0,68.18,68.18,0,0,0,99.00,0,1,24,1,1,29,29,0,0,0,4111499714,0.03906,0.01147,0.95313,0.95399,-0.00558,-0.00081,-0.00141,0.00582,0.95399,0.00653,0.00604,3,12121,0,6740,0.17259,0.06629,0.38412,99,1,100.397,300,1,3,4296,187491,0,0,0.000,5.964,20.407,0,0.000,10.625,30.335,0,0,2,0,7
PPG,3,102718,4110271552,127,76307,82312,82246.805,65.195,-12.891,0,0,0,0,68.18,68.18,0,0,0,99.00,0,1,24,1,1,30,30,0,0,0,4111538694,0.03662,0.00439,0.94409,0.94481,-0.00638,-0.00135,-0.00167,0.00674,0.94862,0.00538,0.00737,3,12145,0,6740,0.17259,0.06629,0.38412,99,1,100.397,300,1,3,2636,187491,0,0,0.000,5.964,20.407,0,0.000,10.625,30.335,0,0,2,0,7
PPG,3,102719,4110311552,512,76334,82344,82247.773,96.227,9.789,0,0,0,0,68.18,68.18,0,0,0,99.00,0,1,24,1,1,31,31,0,0,0,4111580287,0.03784,0.00635,0.95337,0.95414,-0.00505,-0.00028,-0.00141,0.00525,0.95871,0.00916,0.00677,3,12116,0,6740,0.13453,0.05233,0.38895,99,1,100.276,65,1,3,4307,187491,0,0,0.000,5.964,20.407,0,0.000,10.625,30.335,0,0,2,0,7
PPG,3,102720,4110351552,176,76352,82408,82249.375,158.625,36.719,0,0,0,0,68.18,68.18,0,0,0,99.00,0,1,24,1,1,0,0,0,0,0,4111619714,0.03979,0.01099,0.94800,0.94890,-0.00505,0.00025,-0.00167,0.00533,0.95478,0.00652,0.00537,3,12121,0,6740,0.13453,0.05233,0.38895,99,1,100.276,65,1,3,4296,187491,0,0,0.000,5.964,20.407,0,0.000,10.625,30.335,0,0,2,0,7
PPG,3,102721,4110391552,128,76386,82445,82251.328,193.672,65.383,0,0,0,0,68.18,68.18,0,0,0,99.00,0,1,24,1,1,1,1,0,0,0,4111658769,0.04077,0.00732,0.94775,0.94866,-0.00558,0.00025,-0.00167,0.00583,0.95491,0.00625,0.00583,3,12125,0,6740,0.13453,0.05233,0.38895,99,1,100.276,65,1,3,2594,187491,0,0,0.000,5.964,20.407,0,0.000,10.625,30.335,0,0,2,0,7
PPG,3,102722,4110431552,128,76363,82430,82253.117,176.883,89.992,0,0,0,0,68.18,68.18,0,0,0,99.00,0,1,24,1,1,2,2,0,0,0,4111700338,0.04028,0.00610,0.95068,0.95156,-0.00479,0.00025,-0.00114,0.00493,0.95156,0.00284,0.00642,3,12113,0,6740,0.13453,0.05233,0.38895,99,1,100.276,65,1,3,4302,187491,0,0,0.000,5.964,20.407,0,0.000,10.625,30.335,0,0,2,0,7
PPG,3,102723,4110471552,129,76375,82465,82255.234,209.766,110.797,0,0,0,0,68.18,68.18,0,0,0,99.00,0,1,24,1,1,3,3,0,0,0,4111739302,0.04028,0.00562,0.94531,0.94619,-0.00558,-0.00108,-0.00221,0.00610,0.95246,0.00565,0.00631,3,12127,0,6740,0.13453,0.05233,0.38895,99,1,100.276,65,1,3,4318,187491,0,0,0.000,5.964,20.407,0,0.000,10.625,30.335,0,0,2,0,7
PPG,3,102724,4110511552,138,76371,82490,82257.578,232.422,124.883,0,0,0,0,68.18,68.18,0,0,0,99.00,0,1,24,1,1,4,4,0,0,0,4111778306,0.03687,0.00488,0.95459,0.95531,-0.00532,-0.00055,-0.00114,0.00547,0.95531,0.00794,0.00677,3,12122,0,6740,0.13453,0.05233,0.38895,99,1,100.276,65,1,3,2602,187491,0,0,0.000,5.964,20.407,0,0.000,10.625,30.335,0,0,2,0,7
PPG,3,102725,4110551552,131,76378,82493,82259.930,233.070,136.539,0,1,0,0,68.18,68.18,0,0,0,99.00,0,1,24,1,1,5,5,0,0,0,4111819884,0.04053,0.00586,0.95190,0.95278,-0.00692,-0.00055,-0.00114,0.00703,0.95278,0.00375,0.00703,3,12123,0,6740,0.13453,0.05233,0.38895,99,1,100.276,65,1,3,4296,187491,0,0,0.000,5.964,20.407,0,0.000,10.625,30.335,0,0,2,0,7
PPG,3,102726,4110591552,168,76332,82380,82261.133,118.867,132.531,0,0,0,0,68.18,68.18,0,0,0,99.00,0,1,24,1,1,6,6,0,0,0,4111858878,0.03784,0.00708,0.95068,0.95146,-0.00585,-0.00081,-0.00221,0.00631,0.95457,0.00311,0.00631,3,12147,0,6740,0.13453,0.05233,0.38895,99,1,100.276,65,1,3,2595,187491,0,0,0.000,5.964,20.407,0,0.000,10.625,30.335,0,0,2,0,7
PPG,3,102727,4110631552,129,76297,82280,82261.320,18.680,109.141,0,0,0,0,68.18,68.18,0,0,0,99.00,0,1,24,1,1,7,7,0,0,0,4111900458,0.04248,0.01001,0.94995,0.95095,-0.00558,-0.00055,-0.00274,0.00624,0.95502,0.00407,0.00624,3,12114,0,6740,0.13453,0.05233,0.38895,99,1,100.276,65,1,3,4298,187491,0,0,0.000,5.964,20.407,0,0.000,10.625,30.335,0,0,2,0,7
PPG,3,102728,4110671552,128,76301,82248,82261.188,-13.188,78.648,0,0,0,0,68.18,68.18,0,0,0,99.00,0,1,24,1,1,8,8,0,0,0,4111939431,0.04028,0.00757,0.94849,0.94937,-0.00585,-0.00055,-0.00327,0.00673,0.95032,0.00494,0.00673,3,12119,0,6740,0.13453,0.05233,0.38895,99,1,100.276,65,1,3,4301,187491,0,0,0.000,5.964,20.407,0,0.000,10.625,30.335,0,0,2,0,7
PPG,3,102729,4110711552,140,76304,82252,82261.094,-9.094,50.867,0,0,0,0,68.18,68.18,0,0,0,99.00,0,1,24,1,1,9,9,0,0,0,4111976518,0.03979,0.00830,0.94824,0.94911,-0.00612,-0.00055,-0.00247,0.00662,0.95236,0.00325,0.00662,2,22176,0,6741,0.13453,0.05233,0.38895,99,1,100.276,65,1,3,2585,187491,0,0,0.000,5.964,20.407,0,0.000,10.625,30.335,0,0,2,0,7
PPG,3,102730,4110751552,131,76302,82273,82261.211,11.789,19.188,0,0,0,0,68.18,68.18,0,0,0,99.00,0,1,24,1,1,10,10,0,0,0,4112020805,0.03540,0.00415,0.95459,0.95526,-0.00585,-0.00028,-0.00194,0.00617,0.95526,0.00626,0.00682,3,12177,0,6741,0.13453,0.05233,0.38895,99,1,100.276,65,1,3,4312,187491,0,0,0.000,5.964,20.407,0,0.000,10.625,30.335,0,0,2,0,7
PPG,3,102731,4110791552,133,76306,82269,82261.289,7.711,-15.477,0,0,0,0,68.18,68.18,0,0,0,99.00,0,1,24,1,1,11,11,0,0,0,4112059849,0.04004,0.00488,0.95044,0.95129,-0.00585,-0.00001,-0.00114,0.00596,0.95537,0.00563,0.00604,3,12138,0,6741,0.13453,0.05233,0.38895,99,1,100.276,65,1,3,4296,187491,0,0,0.000,5.964,20.407,0,0.000,10.625,30.335,0,0,2,0,7
PPG,3,102732,4110831552,130,76311,82308,82261.758,46.242,-47.258,0,0,0,0,68.18,68.18,0,0,0,99.00,0,1,24,1,1,12,12,0,0,0,4112098962,0.03540,0.00708,0.94482,0.94551,-0.00665,-0.00108,-0.00114,0.00683,0.95312,0.00761,0.00683,3,12111,0,6741,0.13453,0.05233,0.38895,99,1,100.276,65,1,3,2598,187491,0,0,0.000,5.964,20.407,0,0.000,10.625,30.335,0,0,2,0,7
PPG,3,102733,4110871552,153,76293,82278,82261.922,16.078,-64.578,1,0,1,960,63.83,63.83,0,0,0,99.00,0,1,24,1,1,13,13,0,0,0,4112140625,0.03687,0.00757,0.95117,0.95192,-0.00585,-0.00055,-0.00167,0.00611,0.95384,0.00503,0.00611,3,12130,0,6741,0.13453,0.05233,0.38895,99,1,100.276,65,1,3,4297,187491,0,0,80.836,5.964,20.407,1,225.477,10.625,30.335,1,1,2,0,7
PPG,3,102734,4110911552,135,76291,82254,82261.844,-7.844,-68.844,0,0,0,0,63.83,63.83,0,0,0,99.00,0,1,24,1,1,14,14,0,0,0,4112180020,0.03613,0.00903,0.95166,0.95239,-0.00692,-0.00028,-0.00221,0.00727,0.95239,0.00507,0.00727,3,12268,0,6741,0.13453,0.05233,0.38895,99,1,100.276,65,1,3,4330,187491,0,0,0.000,6.083,21.194,0,0.000,11.218,33.086,0,0,2,0,7
PPG,3,102735,4110951552,132,76287,82254,82261.766,-7.766,-67.891,0,0,0,0,63.83,63.83,0,0,0,99.00,0,1,24,1,1,15,15,0,0,0,4112219369,0.03760,0.00562,0.94922,0.94998,-0.00399,-0.00055,-0.00247,0.00472,0.95824,0.01344,0.00648,3,12284,0,6741,0.13453,0.05233,0.38895,99,1,100.276,65,1,3,4342,187491,0,0,0.000,6.083,21.194,0,0.000,11.218,33.086,0,0,2,0,7
PPG,3,102736,4110991552,134,76282,82280,82261.945,18.055,-64.688,0,0,0,0,63.83,63.83,0,0,0,99.00,0,1,24,1,1,16,16,0,0,0,4112258715,0.03784,0.00537,0.94531,0.94608,-0.00612,-0.00001,-0.00167,0.00634,0.95178,0.00515,0.00635,3,12310,0,6741,0.13453,0.05233,0.38895,99,1,100.276,65,1,3,2624,187491,0,0,0.000,6.083,21.194,0,0.000,11.218,33.086,0,0,2,0,7
PPG,3,102737,4111031552,148,76283,82275,82262.078,12.922,-62.898,0,0,0,0,63.83,63.83,0,0,0,99.00,0,1,24,1,1,17,17,0,0,0,4112300779,0.03906,0.00610,0.95435,0.95516,-0.00585,-0.00028,-0.00167,0.00609,0.95640,0.01031,0.00639,3,12241,0,6741,0.13453,0.05233,0.38895,99,1,100.276,65,1,3,4360,187491,0,0,0.000,6.083,21.194,0,0.000,11.218,33.086,0,0,2,0,7
PPG,3,102738,4111071552,130,76285,82297,82262.430,34.570,-58.148,0,0,0,0,63.83,63.83,0,0,0,99.00,0,1,24,1,1,18,18,0,0,0,4112340163,0.04224,0.00610,0.95264,0.95359,-0.00558,-0.00055,-0.00194,0.00594,0.95443,0.00632,0.00619,3,12238,0,6741,0.13453,0.05233,0.38895,99,1,100.276,65,1,3,4333,187491,0,0,0.000,6.083,21.194,0,0.000,11.218,33.086,0,0,2,0,7
PPG,3,102739,4111111552,131,76303,82330,82263.102,66.898,-54.312,0,0,0,0,63.83,63.83,0,0,0,99.00,0,1,24,1,1,19,19,0,0,0,4112379536,0.03735,0.00854,0.95337,0.95414,-0.00585,-0.00135,-0.00274,0.00660,0.95608,0.00361,0.00735,3,12262,0,6741,0.13453,0.05233,0.38895,99,1,100.276,65,1,3,4335,187491,0,0,0.000,6.083,21.194,0,0.000,11.218,33.086,0,0,2,0,7
PPG,3,102740,4111151552,132,76304,82346,82263.930,82.070,-41.492,0,0,0,0,63.83,63.83,0,0,0,99.00,0,1,24,1,1,20,20,0,0,0,4112418898,0.03882,0.00757,0.94824,0.94907,-0.00479,-0.00028,-0.00007,0.00479,0.95529,0.00622,0.00653,3,12274,0,6741,0.13453,0.05233,0.38895,99,1,100.276,65,1,3,2609,187491,0,0,0.000,6.083,21.194,0,0.000,11.218,33.086,0,0,2,0,7
PPG,3,102741,4111191552,139,76312,82377,82265.062,111.938,-20.523,0,0,0,0,63.83,63.83,0,0,0,99.00,0,1,24,1,1,21,21,0,0,0,4112460888,0.03638,0.00244,0.95459,0.95529,-0.00585,-0.00028,-0.00194,0.00617,0.95529,0.00402,0.00658,3,12268,0,6741,0.13453,0.05233,0.38895,99,1,100.276,65,1,3,4333,187491,0,0,0.000,6.083,21.194,0,0.000,11.218,33.086,0,0,2,0,7
PPG,3,102742,4111231552,170,76311,82406,82266.469,139.531,2.391,0,0,0,0,63.83,63.83,0,0,0,99.00,0,1,24,1,1,22,22,0,0,0,4112500268,0.03687,0.00439,0.94897,0.94970,-0.00558,0.00052,-0.00167,0.00585,0.94970,0.01315,0.00622,3,12193,0,6741,0.13453,0.05233,0.38895,99,1,100.276,65,1,3,4331,187491,0,0,0.000,6.083,21.194,0,0.000,11.218,33.086,0,0,2,0,7
PPG,3,102743,4111271552,129,76317,82416,82267.961,148.039,24.273,0,0,0,0,63.83,63.83,0,0,0,99.00,0,1,24,1,1,23,23,0,0,0,4112539590,0.03638,0.00732,0.95874,0.95946,-0.00612,-0.00001,-0.00167,0.00634,0.95946,0.00966,0.00712,3,12220,0,6741,0.13453,0.05233,0.38895,99,1,100.276,65,1,3,4337,187491,0,0,0.000,6.083,21.194,0,0.000,11.218,33.086,0,0,2,0,7
PPG,3,102744,4111311552,512,76331,82445,82269.734,175.266,50.812,0,0,0,0,63.83,63.83,0,0,0,99.00,0,1,24,1,1,24,24,0,0,0,4112578931,0.03882,0.00610,0.95605,0.95686,-0.00558,-0.00028,-0.00141,0.00577,0.95686,0.00804,0.00654,3,12243,0,6741,0.11083,0.04622,0.41699,99,1,99.575,62,1,3,2621,187491,0,0,0.000,6.083,21.194,0,0.000,11.218,33.086,0,0,2,0,7
PPG,3,102745,4111351552,179,76343,82485,82271.891,213.109,78.062,0,0,0,0,63.83,63.83,0,0,0,99.00,0,1,24,1,1,25,25,0,0,0,4112621318,0.04053,0.00415,0.95068,0.95156,-0.00585,-0.00001,-0.00114,0.00596,0.95156,0.00578,0.00690,3,12231,0,6741,0.11083,0.04622,0.41699,99,1,99.575,62,1,3,4333,187491,0,0,0.000,6.083,21.194,0,0.000,11.218,33.086,0,0,2,0,7
PPG,3,102746,4111391552,128,76347,82503,82274.203,228.797,96.633,0,0,0,0,63.83,63.83,0,0,0,99.00,0,1,24,1,1,26,26,0,0,0,4112660694,0.03955,0.00781,0.95117,0.95203,-0.00638,-0.00028,-0.00247,0.00685,0.95203,0.00490,0.00693,3,12243,0,6741,0.11083,0.04622,0.41699,99,1,99.575,62,1,3,4332,187491,0,0,0.000,6.083,21.194,0,0.000,11.218,33.086,0,0,2,0,7
PPG,3,102747,4111431552,140,76371,82533,82276.789,256.211,110.688,0,1,0,0,63.83,63.83,0,0,0,99.00,0,1,24,1,1,27,27,0,0,0,4112700016,0.04199,0.00415,0.94727,0.94820,-0.00585,-0.00135,-0.00247,0.00649,0.95516,0.00695,0.00687,3,12238,0,6741,0.11083,0.04622,0.41699,99,1,99.575,62,1,3,4331,187491,0,0,0.000,6.083,21.194,0,0.000,11.218,33.086,0,0,2,0,7
PPG,3,102748,4111471552,137,76360,82561,82279.633,281.367,121.328,0,0,0,0,63.83,63.83,0,0,0,99.00,0,1,24,1,1,28,28,0,0,0,4112739373,0.03711,0.00439,0.95142,0.95215,-0.00585,-0.00055,-0.00141,0.00604,0.95380,0.00559,0.00604,3,12257,0,6741,0.11083,0.04622,0.41699,99,1,99.575,62,1,3,2617,187491,0,0,0.000,6.083,21.194,0,0.000,11.218,33.086,0,0,2,0,7
PPG,3,102749,4111511552,207,76328,82449,82281.328,167.672,117.617,0,0,0,0,63.83,63.83,0,0,0,99.00,0,1,24,1,1,29,29,0,0,0,4112781326,0.04028,0.00366,0.94629,0.94715,-0.00532,-0.00001,-0.00194,0.00566,0.95383,0.00450,0.00576,3,12185,0,6741,0.11083,0.04622,0.41699,99,1,99.575,62,1,3,4307,187491,0,0,0.000,6.083,21.194,0,0.000,11.218,33.086,0,0,2,0,7
PPG,3,102750,4111551552,152,76279,82348,82281.992,66.008,104.156,0,0,0,0,63.83,63.83,0,0,0,99.00,0,1,24,1,1,30,30,0,0,0,4112820624,0.03711,0.00708,0.95410,0.95485,-0.00585,0.00079,-0.00167,0.00614,0.95485,0.00311,0.00614,3,12128,0,6741,0.11083,0.04622,0.41699,99,1,99.575,62,1,3,4296,187491,0,0,0.000,6.083,21.194,0,0.000,11.218,33.086,0,0,2,0,7
PPG,3,102751,4111591552,129,76283,82325,82282.422,42.578,84.211,0,0,0,0,63.83,63.83,0,0,0,99.00,0,1,24,1,1,31,31,0,0,0,4112859627,0.03613,0.00806,0.95117,0.95189,-0.00665,0.00052,-0.00221,0.00703,0.95438,0.00601,0.00703,3,12118,0,6741,0.11083,0.04622,0.41699,99,1,99.575,62,1,3,4296,187491,0,0,0.000,6.083,21.194,0,0.000,11.218,33.086,0,0,2,0,7
PPG,3,102752,4111631552,128,76280,82318,82282.781,35.219,59.859,0,0,0,0,63.83,63.83,0,0,0,99.00,0,1,24,1,1,0,0,0,0,0,4112898664,0.03931,0.00659,0.94873,0.94957,-0.00558,-0.00028,-0.00114,0.00571,0.95173,0.00217,0.00615,3,12125,0,6741,0.11083,0.04622,0.41699,99,1,99.575,62,1,3,2604,187491,0,0,0.000,6.083,21.194,0,0.000,11.218,33.086,0,0,2,0,7
PPG,3,102753,4111671552,129,76252,82301,82282.961,18.039,29.852,0,0,0,0,63.83,63.83,0,0,0,99.00,0,1,24,1,1,1,1,0,0,0,4112940226,0.03735,0.00610,0.95776,0.95851,-0.00612,-0.00028,-0.00194,0.00642,0.95851,0.00821,0.00685,3,12119,0,6741,0.11083,0.04622,0.41699,99,1,99.575,62,1,3,4306,187491,0,0,0.000,6.083,21.194,0,0.000,11.218,33.086,0,0,2,0,7
PPG,3,102754,4111711552,136,76247,82304,82283.172,20.828,-5.359,0,0,0,0,63.83,63.83,0,0,0,99.00,0,1,24,1,1,2,2,0,0,0,4112976492,0.03784,0.00854,0.95020,0.95099,-0.00612,-0.00055,-0.00141,0.00630,0.95202,0.00649,0.00630,2,21602,0,6742,0.11083,0.04622,0.41699,99,1,99.575,62,1,3,2602,187491,0,0,0.000,6.083,21.194,0,0.000,11.218,33.086,0,0,2,0,7
PPG,3,102755,4111751552,131,76271,82347,82283.812,63.188,-40.586,0,0,0,0,63.83,63.83,0,0,0,99.00,0,1,24,1,1,3,3,0,0,0,4113020803,0.03564,0.00317,0.95557,0.95624,-0.00532,-0.00055,-0.00194,0.00569,0.95624,0.00410,0.00682,3,12123,0,6743,0.11083,0.04622,0.41699,99,1,99.575,62,1,3,4306,187491,0,0,0.000,6.083,21.194,0,0.000,11.218,33.086,0,0,2,0,7
PPG,3,102756,4111791552,131,76264,82321,82284.188,36.812,-60.922,1,0,0,0,63.83,63.83,0,0,0,99.00,0,1,24,1,1,4,4,0,0,0,4113059875,0.03955,0.00513,0.95313,0.95396,-0.00638,-0.00001,-0.00194,0.00667,0.95396,0.00464,0.00667,3,12136,0,6743,0.11083,0.04622,0.41699,99,1,99.575,62,1,3,4301,187491,0,0,0.000,6.083,21.194,0,190.172,11.218,33.086,1,0,2,0,7
PPG,3,102757,4111831552,150,76271,82299,82284.336,14.664,-69.117,0,0,1,940,63.83,63.83,0,0,0,99.00,0,1,24,1,1,5,5,0,0,0,4113098978,0.03613,0.00415,0.95459,0.95528,-0.00558,-0.00055,0.00019,0.00561,0.95743,0.01006,0.00630,3,12117,0,6743,0.11083,0.04622,0.41699,99,1,99.575,62,1,3,2602,187491,0,0,60.438,6.083,21.194,1,0.000,11.218,33.086,0,1,2,0,7
PPG,3,102758,4111871552,129,76275,82320,82284.695,35.305,-70.992,0,0,0,0,63.83,63.83,0,0,0,99.00,0,1,24,1,1,6,6,0,0,0,4113140629,0.04102,0.00439,0.94922,0.95011,-0.00452,-0.00055,-0.00167,0.00485,0.95510,0.00892,0.00744,3,12113,0,6743,0.11083,0.04622,0.41699,99,1,99.575,62,1,3,4296,187491,0,0,0.000,6.060,21.041,0,0.000,11.516,34.469,0,0,2,0,7
PPG,3,102759,4111911552,129,76284,82334,82285.188,48.812,-68.898,0,0,0,0,63.83,63.83,0,0,0,99.00,0,1,24,1,1,7,7,0,0,0,4113179626,0.04053,0.00610,0.95483,0.95571,-0.00558,-0.00108,-0.00194,0.00601,0.95635,0.00624,0.00670,3,12151,0,6743,0.11083,0.04622,0.41699,99,1,99.575,62,1,3,2595,187491,0,0,0.000,6.060,21.041,0,0.000,11.516,34.469,0,0,2,0,7
PPG,3,102760,4111951552,130,76291,82372,82286.055,85.945,-60.062,0,0,0,0,63.83,63.83,0,0,0,99.00,0,1,24,1,1,8,8,0,0,0,4113221277,0.03223,0.00610,0.95337,0.95393,-0.00665,-0.00001,-0.00167,0.00686,0.95590,0.00598,0.00686,3,12124,0,6743,0.11083,0.04622,0.41699,99,1,99.575,62,1,3,4304,187491,0,0,0.000,6.060,21.041,0,0.000,11.516,34.469,0,0,2,0,7
PPG,3,102761,4111991552,130,76295,82397,82287.164,109.836,-47.773,0,0,0,0,63.83,63.83,0,0,0,99.00,0,1,24,1,1,9,9,0,0,0,4113260291,0.03687,0.00342,0.95435,0.95506,-0.00612,0.00025,-0.00114,0.00623,0.95506,0.00288,0.00696,3,12124,0,6743,0.11083,0.04622,0.41699,99,1,99.575,62,1,3,4320,187491,0,0,0.000,6.060,21.041,0,0.000,11.516,34.469,0,0,2,0,7
PPG,3,102762,4112031552,128,76298,82425,82288.539,136.461,-37.578,0,0,0,0,63.83,63.83,0,0,0,99.00,0,1,24,1,1,10,10,0,0,0,4113299522,0.03882,0.00220,0.95703,0.95782,-0.00692,-0.00055,-0.00141,0.00708,0.95782,0.01385,0.00721,3,12305,0,6743,0.11083,0.04622,0.41699,99,1,99.575,62,1,3,2651,187491,0,0,0.000,6.060,21.041,0,0.000,11.516,34.469,0,0,2,0,7
PPG,3,102763,4112071552,130,76311,82444,82290.094,153.906,-21.406,0,0,0,0,63.83,63.83,0,0,0,99.00,0,1,24,1,1,11,11,0,0,0,4113341279,0.03516,0.00659,0.95557,0.95624,-0.00612,-0.00028,-0.00141,0.00628,0.95624,0.00347,0.00726,3,12201,0,6743,0.11083,0.04622,0.41699,99,1,99.575,62,1,3,4304,187491,0,0,0.000,6.060,21.041,0,0.000,11.516,34.469,0,0,2,0,7
PPG,3,102764,4112111552,208,76322,82458,82291.773,166.227,0.656,0,0,0,0,63.83,63.83,0,0,0,99.00,0,1,24,1,1,12,12,0,0,0,4113380251,0.03760,0.00513,0.95068,0.95144,-0.00665,-0.00055,-0.00114,0.00677,0.95144,0.00622,0.00677,3,12135,0,6743,0.11083,0.04622,0.41699,99,1,99.575,62,1,3,4325,187491,0,0,0.000,6.060,21.041,0,0.000,11.516,34.469,0,0,2,0,7
PPG,3,102765,4112151552,130,76326,82472,82293.578,178.422,23.023,0,0,0,0,63.83,63.83,0,0,0,99.00,0,1,24,1,1,13,13,0,0,0,4113419354,0.04248,0.00513,0.95215,0.95311,-0.00585,0.00052,-0.00114,0.00598,0.95311,0.00143,0.00720,3,12113,0,6743,0.11083,0.04622,0.41699,99,1,99.575,62,1,3,2601,187491,0,0,0.000,6.060,21.041,0,0.000,11.516,34.469,0,0,2,0,7
PPG,3,102766,4112191552,129,76302,82482,82295.461,186.539,45.211,0,0,0,0,63.83,63.83,0,0,0,99.00,0,1,24,1,1,14,14,0,0,0,4113460900,0.03784,0.00415,0.95117,0.95193,-0.00532,-0.00108,-0.00167,0.00568,0.95568,0.00515,0.00591,3,12121,0,6743,0.11083,0.04622,0.41699,99,1,99.575,62,1,3,4298,187491,0,0,0.000,6.060,21.041,0,0.000,11.516,34.469,0,0,2,0,7
PPG,3,102767,4112231552,130,76309,82509,82297.594,211.406,65.992,0,0,0,0,63.83,63.83,0,0,0,99.00,0,1,24,1,1,15,15,0,0,0,4113499880,0.04077,0.00488,0.94873,0.94962,-0.00612,-0.00108,-0.00141,0.00637,0.94962,0.00608,0.00694,3,12134,0,6743,0.11083,0.04622,0.41699,99,1,99.575,62,1,3,4299,187491,0,0,0.000,6.060,21.041,0,0.000,11.516,34.469,0,0,2,0,7
PPG,3,102768,4112271552,129,76322,82528,82299.898,228.102,86.352,0,0,0,0,63.83,63.83,0,0,0,99.00,0,1,24,1,1,16,16,0,0,0,4113538828,0.04248,0.00537,0.95361,0.95457,-0.00665,-0.00028,-0.00221,0.00701,0.95457,0.00715,0.00701,3,12117,0,6743,0.11083,0.04622,0.41699,99,1,99.575,62,1,3,2599,187491,0,0,0.000,6.060,21.041,0,0.000,11.516,34.469,0,0,2,0,7
PPG,3,102769,4112311552,520,76328,82557,82302.469,254.531,99.812,0,1,0,0,63.83,63.83,0,0,0,99.00,0,1,24,1,1,17,17,0,0,0,4113580387,0.03613,0.00635,0.95264,0.95334,-0.00638,-0.00028,-0.00114,0.00649,0.95537,0.00972,0.00649,3,12115,0,6743,0.13131,0.04741,0.36104,99,1,100.974,88,1,3,4297,187491,0,0,0.000,6.060,21.041,0,0.000,11.516,34.469,0,0,2,0,7
PPG,3,102770,4112351552,179,76340,82562,82305.062,256.938,105.961,0,0,0,0,63.83,63.83,0,0,0,99.00,0,1,24,1,1,18,18,0,0,0,4113619849,0.04150,0.00928,0.94727,0.94822,-0.00585,-0.00028,-0.00087,0.00592,0.95829,0.00820,0.00647,3,12111,0,6743,0.13131,0.04741,0.36104,99,1,100.974,88,1,3,4297,187491,0,0,0.000,6.060,21.041,0,0.000,11.516,34.469,0,0,2,0,7
PPG,3,102771,4112391552,155,76339,82562,82307.633,254.367,108.969,0,0,0,0,63.83,63.83,0,0,0,99.00,0,1,24,1,1,19,19,0,0,0,4113658940,0.04004,0.00854,0.95337,0.95425,-0.00532,-0.00135,-0.00061,0.00552,0.95494,0.00905,0.00619,3,12113,0,6743,0.13131,0.04741,0.36104,99,1,100.974,88,1,3,2595,187491,0,0,0.000,6.060,21.041,0,0.000,11.516,34.469,0,0,2,0,7
PPG,3,102772,4112431552,154,76289,82428,82308.836,119.164,97.188,0,0,0,0,63.83,63.83,0,0,0,99.00,0,1,24,1,1,20,20,0,0,0,4113700535,0.04004,0.00806,0.95117,0.95205,-0.00585,-0.00055,-0.00034,0.00589,0.95334,0.00090,0.00654,3,12134,0,6743,0.13131,0.04741,0.36104,99,1,100.974,88,1,3,4294,187491,0,0,0.000,6.060,21.041,0,0.000,11.516,34.469,0,0,2,0,7
PPG,3,102773,4112471552,131,76255,82355,82309.297,45.703,76.344,0,0,0,0,63.83,63.83,0,0,0,99.00,0,1,24,1,1,21,21,0,0,0,4113739560,0.03735,0.00342,0.95508,0.95581,-0.00532,-0.00028,-0.00061,0.00536,0.95581,0.00485,0.00550,3,12112,0,6743,0.13131,0.04741,0.36104,99,1,100.974,88,1,3,2600,187491,0,0,0.000,6.060,21.041,0,0.000,11.516,34.469,0,0,2,0,7
PPG,3,102774,4112511552,130,76251,82312,82309.320,2.680,47.797,0,0,0,0,63.83,63.83,0,0,0,99.00,0,1,24,1,1,22,22,0,0,0,4113781116,0.03516,0.00586,0.94946,0.95013,-0.00638,-0.00055,-0.00221,0.00678,0.95370,0.00501,0.00687,3,12119,0,6743,0.13131,0.04741,0.36104,99,1,100.974,88,1,3,4300,187491,0,0,0.000,6.060,21.041,0,0.000,11.516,34.469,0,0,2,0,7
PPG,3,102775,4112551552,133,76245,82316,82309.391,6.609,19.062,0,0,0,0,63.83,63.83,0,0,0,99.00,0,1,24,1,1,23,23,0,0,0,4113820097,0.03662,0.00659,0.95288,0.95361,-0.00612,-0.00001,-0.00194,0.00642,0.95361,0.00747,0.00642,3,12121,0,6743,0.13131,0.04741,0.36104,99,1,100.974,88,1,3,4298,187491,0,0,0.000,6.060,21.041,0,0.000,11.516,34.469,0,0,2,0,7
PPG,3,102776,4112591552,129,76248,82324,82309.539,14.461,-14.367,0,0,0,0,63.83,63.83,0,0,0,99.00,0,1,24,1,1,24,24,0,0,0,4113859097,0.04053,0.00415,0.94653,0.94741,-0.00558,-0.00108,-0.00221,0.00610,0.95360,0.00790,0.00622,3,12122,0,6743,0.13131,0.04741,0.36104,99,1,100.974,88,1,3,2598,187491,0,0,0.000,6.060,21.041,0,0.000,11.516,34.469,0,0,2,0,7
PPG,3,102777,4112631552,129,76260,82357,82310.016,46.984,-46.562,0,0,0,0,63.83,63.83,0,0,0,99.00,0,1,24,1,1,25,25,0,0,0,4113900685,0.03784,0.00415,0.95068,0.95145,-0.00532,-0.00135,-0.00247,0.00602,0.95735,0.00994,0.00656,3,12158,0,6743,0.13131,0.04741,0.36104,99,1,100.974,88,1,3,4307,187491,0,0,0.000,6.060,21.041,0,0.000,11.516,34.469,0,0,2,0,7
PPG,3,102778,4112671552,129,76275,82378,82310.695,67.305,-75.742,0,0,0,0,63.83,63.83,0,0,0,99.00,0,1,24,1,1,26,26,0,0,0,4113939714,0.03711,0.00562,0.95361,0.95435,-0.00638,-0.00081,-0.00087,0.00649,0.95435,0.00231,0.00649,3,12113,0,6743,0.13131,0.04741,0.36104,99,1,100.974,88,1,3,2601,187491,0,0,64.484,6.060,21.041,1,0.000,11.516,34.469,0,0,2,0,7
PPG,3,102779,4112711552,163,76254,82376,82311.352,64.648,-85.273,1,0,1,880,63.83,63.83,0,0,0,99.00,0,1,24,1,1,27,27,0,0,0,4113975865,0.03882,0.00781,0.95166,0.95248,-0.00532,-0.00108,-0.00247,0.00596,0.95391,0.00143,0.00728,2,18864,0,6743,0.13131,0.04741,0.36104,99,1,100.974,88,1,3,2588,187491,0,0,0.000,6.060,21.041,0,179.961,11.516,34.469,1,1,2,0,8
PPG,3,102780,4112751552,132,76262,82367,82311.906,55.094,-83.312,0,0,0,0,63.83,63.83,0,0,0,99.00,0,1,24,1,1,28,28,0,0,0,4114020333,0.03979,0.00513,0.94678,0.94763,-0.00612,-0.00055,-0.00034,0.00615,0.95791,0.00568,0.00646,3,12185,0,6744,0.13131,0.04741,0.36104,99,1,100.974,88,1,3,4305,187491,0,0,0.000,6.065,21.074,0,0.000,11.713,35.383,0,0,2,0,8
PPG,3,102781,4112791552,135,76286,82382,82312.609,69.391,-72.562,0,0,0,0,63.83,63.83,0,0,0,99.00,0,1,24,1,1,29,29,0,0,0,4114059509,0.03784,0.00464,0.94873,0.94950,-0.00612,-0.00108,-0.00167,0.00643,0.95462,0.00548,0.00643,3,12257,0,6744,0.13131,0.04741,0.36104,99,1,100.974,88,1,3,2599,187491,0,0,0.000,6.065,21.074,0,0.000,11.713,35.383,0,0,2,0,8
PPG,3,102782,4112831552,129,76284,82418,82313.664,104.336,-57.641,0,0,0,0,63.83,63.83,0,0,0,99.00,0,1,24,1,1,30,30,0,0,0,4114101431,0.03955,0.00586,0.94653,0.94738,-0.00505,-0.00001,-0.00141,0.00524,0.95423,0.00685,0.00611,3,12238,0,6744,0.13131,0.04741,0.36104,99,1,100.974,88,1,3,4362,187491,0,0,0.000,6.065,21.074,0,0.000,11.713,35.383,0,0,2,0,8
PPG,3,102783,4112871552,137,76292,82442,82314.945,127.055,-40.680,0,0,0,0,63.83,63.83,0,0,0,99.00,0,1,24,1,1,31,31,0,0,0,4114140810,0.03906,0.00732,0.94775,0.94859,-0.00665,-0.00028,-0.00141,0.00680,0.95200,0.00462,0.00680,3,12273,0,6744,0.13131,0.04741,0.36104,99,1,100.974,88,1,3,4362,187491,0,0,0.000,6.065,21.074,0,0.000,11.713,35.383,0,0,2,0,8
PPG,3,102784,4112911552,129,76296,82449,82316.289,132.711,-27.086,0,0,0,0,63.83,63.83,0,0,0,99.00,0,1,24,1,1,0,0,0,0,0,4114180148,0.03784,0.00024,0.95435,0.95510,-0.00612,0.00025,-0.00167,0.00635,0.95510,0.00429,0.00655,3,12221,0,6744,0.13131,0.04741,0.36104,99,1,100.974,88,1,3,4345,187491,0,0,0.000,6.065,21.074,0,0.000,11.713,35.383,0,0,2,0,8
PPG,3,102785,4112951552,135,76306,82479,82317.914,161.086,-13.008,0,0,0,0,63.83,63.83,0,0,0,99.00,0,1,24,1,1,1,1,0,0,0,4114219501,0.03906,0.00513,0.94922,0.95004,-0.00532,-0.00055,-0.00194,0.00569,0.95612,0.00609,0.00649,3,12252,0,6744,0.13131,0.04741,0.36104,99,1,100.974,88,1,3,2626,187491,0,0,0.000,6.065,21.074,0,0.000,11.713,35.383,0,0,2,0,8
PPG,3,102786,4112991552,129,76302,82490,82319.633,170.367,2.883,0,0,0,0,63.83,63.83,0,0,0,99.00,0,1,24,1,1,2,2,0,0,0,4114261464,0.03735,0.01196,0.95264,0.95344,-0.00612,-0.00081,-0.00007,0.00617,0.95613,0.00399,0.00666,3,12231,0,6744,0.13131,0.04741,0.36104,99,1,100.974,88,1,3,4315,187491,0,0,0.000,6.065,21.074,0,0.000,11.713,35.383,0,0,2,0,8
PPG,3,102787,4113031552,135,76320,82517,82321.609,195.391,23.906,0,0,0,0,63.83,63.83,0,0,0,99.00,0,1,24,1,1,3,3,0,0,0,4114300789,0.03906,0.00464,0.95142,0.95223,-0.00558,-0.00028,-0.00141,0.00577,0.95612,0.00390,0.00698,3,12272,0,6744,0.13131,0.04741,0.36104,99,1,100.974,88,1,3,4374,187491,0,0,0.000,6.065,21.074,0,0.000,11.713,35.383,0,0,2,0,8
PPG,3,102788,4113071552,136,76313,82518,82323.570,194.430,43.836,0,0,0,0,63.83,63.83,0,0,0,99.00,0,1,24,1,1,4,4,0,0,0,4114340162,0.03760,0.01050,0.95215,0.95295,-0.00585,-0.00081,-0.00274,0.00651,0.95692,0.00854,0.00675,3,12224,0,6744,0.13131,0.04741,0.36104,99,1,100.974,88,1,3,4321,187491,0,0,0.000,6.065,21.074,0,0.000,11.713,35.383,0,0,2,0,8
PPG,3,102789,4113111552,142,76317,82533,82325.664,207.336,61.461,0,0,0,0,63.83,63.83,0,0,0,99.00,0,1,24,1,1,5,5,0,0,0,4114379516,0.03784,0.00171,0.95874,0.95949,-0.00585,-0.00108,-0.00194,0.00626,0.95949,0.00488,0.00728,3,12267,0,6744,0.13131,0.04741,0.36104,99,1,100.974,88,1,3,2633,187491,0,0,0.000,6.065,21.074,0,0.000,11.713,35.383,0,0,2,0,8
PPG,3,102790,4113151552,129,76350,82554,82327.945,226.055,77.859,0,0,0,0,63.83,63.83,0,0,0,99.00,0,1,24,1,1,6,6,0,0,0,4114421524,0.03540,0.00903,0.94556,0.94626,-0.00532,-0.00055,-0.00114,0.00547,0.95123,0.00826,0.00702,3,12248,0,6744,0.13131,0.04741,0.36104,99,1,100.974,88,1,3,4313,187491,0,0,0.000,6.065,21.074,0,0.000,11.713,35.383,0,0,2,0,8
PPG,3,102791,4113191552,132,76330,82556,82330.227,225.773,93.453,0,0,0,0,63.83,63.83,0,0,0,99.00,0,1,24,1,1,7,7,0,0,0,4114460805,0.04224,0.00610,0.95435,0.95530,-0.00612,0.00052,-0.00221,0.00652,0.95868,0.01242,0.00668,3,12246,0,6744,0.13131,0.04741,0.36104,99,1,100.974,88,1,3,4342,187491,0,0,0.000,6.065,21.074,0,0.000,11.713,35.383,0,0,2,0,8
PPG,3,102792,4113231552,139,76330,82568,82332.602,235.398,99.164,0,1,0,0,63.83,63.83,0,0,0,99.00,0,1,24,1,1,8,8,0,0,0,4114500080,0.03711,0.00317,0.95215,0.95288,-0.00532,-0.00055,-0.00167,0.00560,0.95446,0.00130,0.00665,3,12233,0,6744,0.13131,0.04741,0.36104,99,1,100.974,88,1,3,4336,187491,0,0,0.000,6.065,21.074,0,0.000,11.713,35.383,0,0,2,0,8
PPG,3,102793,4113271552,183,76313,82517,82334.445,182.555,94.922,0,0,0,0,63.83,63.83,0,0,0,99.00,0,1,24,1,1,9,9,0,0,0,4114539562,0.03467,0.00757,0.95239,0.95305,-0.00558,-0.00055,-0.00061,0.00564,0.95305,0.00294,0.00603,3,12243,0,6744,0.13131,0.04741,0.36104,99,1,100.974,88,1,3,2638,187491,0,0,0.000,6.065,21.074,0,0.000,11.713,35.383,0,0,2,0,8
PPG,3,102794,4113311552,527,76281,82400,82335.102,64.898,73.812,0,0,0,0,63.83,63.83,0,0,0,99.00,0,1,24,1,1,10,10,0,0,0,4114581512,0.03564,0.00122,0.95459,0.95526,-0.00638,-0.00055,-0.00247,0.00687,0.95526,0.00496,0.00687,3,12245,0,6744,0.12691,0.04475,0.35264,100,1,101.184,115,1,3,4334,187491,0,0,0.000,6.065,21.074,0,0.000,11.713,35.383,0,0,2,0,8
PPG,3,102795,4113351552,182,76254,82353,82335.281,17.719,48.391,0,0,0,0,63.83,63.83,0,0,0,99.00,0,1,24,1,1,11,11,0,0,0,4114621333,0.04077,0.00732,0.95459,0.95549,-0.00665,-0.00055,-0.00247,0.00712,0.95549,0.00780,0.00712,3,12267,0,6744,0.12691,0.04475,0.35264,100,1,101.184,115,1,3,4334,187491,0,0,0.000,6.065,21.074,0,0.000,11.713,35.383,0,0,2,0,8
PPG,3,102796,4113391552,129,76268,82365,82335.578,29.422,22.336,0,0,0,0,63.83,63.83,0,0,0,99.00,0,1,24,1,1,12,12,0,0,0,4114660674,0.03638,0.00439,0.95093,0.95163,-0.00745,-0.00081,-0.00167,0.00768,0.95178,0.00458,0.00768,3,12248,0,6744,0.12691,0.04475,0.35264,100,1,101.184,115,1,3,4330,187491,0,0,0.000,6.065,21.074,0,0.000,11.713,35.383,0,0,2,0,8
PPG,3,102797,4113431552,130,76272,82391,82336.133,54.867,-2.648,0,0,0,0,63.83,63.83,0,0,0,99.00,0,1,24,1,1,13,13,0,0,0,4114699974,0.03809,0.00879,0.94336,0.94417,-0.00558,-0.00081,-0.00300,0.00639,0.95755,0.01339,0.00647,3,12293,0,6744,0.12691,0.04475,0.35264,100,1,101.184,115,1,3,2595,187491,0,0,0.000,6.065,21.074,0,0.000,11.713,35.383,0,0,2,0,8
PPG,3,102798,4113471552,129,76277,82409,82336.859,72.141,-25.203,0,0,0,0,63.83,63.83,0,0,0,99.00,0,1,24,1,1,14,14,0,0,0,4114741840,0.03516,0.00269,0.95190,0.95256,-0.00585,-0.00108,-0.00167,0.00618,0.95377,0.00960,0.00651,3,12300,0,6744,0.12691,0.04475,0.35264,100,1,101.184,115,1,3,4304,187491,0,0,0.000,6.065,21.074,0,0.000,11.713,35.383,0,0,2,0,8
PPG,3,102799,4113511552,130,76299,82439,82337.883,101.117,-46.781,0,0,0,0,63.83,63.83,0,0,0,99.00,0,1,24,1,1,15,15,0,0,0,4114780847,0.03638,0.00415,0.94849,0.94919,-0.00532,-0.00108,-0.00194,0.00576,0.96162,0.00969,0.00635,3,12125,0,6744,0.12691,0.04475,0.35264,100,1,101.184,115,1,3,4299,187491,0,0,0.000,6.065,21.074,0,0.000,11.713,35.383,0,0,2,0,8
PPG,3,102800,4113551552,148,76297,82427,82338.773,88.227,-62.641,1,0,1,860,68.18,68.18,0,0,0,99.00,0,1,24,1,1,16,16,0,0,0,4114819852,0.03955,0.00488,0.95020,0.95103,-0.00532,-0.00161,-0.00274,0.00620,0.95593,0.00674,0.00677,3,12160,0,6744,0.12691,0.04475,0.35264,100,1,101.184,115,1,3,2595,187491,0,0,71.914,6.065,21.074,1,184.438,11.713,35.383,1,1,2,0,8
PPG,3,102801,4113591552,131,76287,82420,82339.586,80.414,-61.680,0,0,0,0,68.18,68.18,0,0,0,99.00,0,1,24,1,1,17,17,0,0,0,4114861606,0.04053,0.00903,0.95483,0.95574,-0.00638,-0.00055,-0.00141,0.00656,0.95574,0.00793,0.00656,3,12131,0,6744,0.12691,0.04475,0.35264,100,1,101.184,115,1,3,4295,187491,0,0,0.000,6.115,21.410,0,0.000,11.913,36.312,0,0,2,0,8
PPG,3,102802,4113631552,128,76303,82444,82340.633,103.367,-49.977,0,0,0,0,68.18,68.18,0,0,0,99.00,0,1,24,1,1,18,18,0,0,0,4114900607,0.03564,0.00537,0.94800,0.94868,-0.00479,0.00025,-0.00114,0.00493,0.95017,0.00972,0.00643,3,12129,0,6744,0.12691,0.04475,0.35264,100,1,101.184,115,1,3,4293,187491,0,0,0.000,6.115,21.410,0,0.000,11.913,36.312,0,0,2,0,8
PPG,3,102803,4113671552,130,76330,82482,82342.047,139.953,-35.258,0,0,0,0,68.18,68.18,0,0,0,99.00,0,1,24,1,1,19,19,0,0,0,4114939629,0.03638,0.00195,0.94800,0.94870,-0.00558,-0.00028,-0.00114,0.00571,0.95168,0.00307,0.00661,3,12113,0,6744,0.12691,0.04475,0.35264,100,1,101.184,115,1,3,2594,187491,0,0,0.000,6.115,21.410,0,0.000,11.913,36.312,0,0,2,0,8
PPG,3,102804,4113711552,148,76337,82510,82343.727,166.273,-21.312,0,0,0,0,68.18,68.18,0,0,0,99.00,0,1,24,2,2,21,21,0,0,0,4115033891,0.03833,0.01245,0.95288,0.95373,-0.00612,-0.00001,-0.00061,0.00615,0.95787,0.00663,0.00637,3,58095,0,6748,0.12691,0.04475,0.35264,100,1,101.184,115,1,3,58042,187491,0,0,0.000,6.115,21.410,0,0.000,11.913,36.312,0,0,2,0,8
PPG,3,102805,4113751552,42,76327,82504,82345.328,158.672,-8.992,0,0,0,0,68.18,68.18,0,0,0,99.00,0,1,24,2,2,21,21,0,0,0,4115033891,0.03833,0.01245,0.95288,0.95373,-0.00612,-0.00001,-0.00061,0.00615,0.00000,0.00000,0.00000,0,58095,0,6748,0.12691,0.04475,0.35264,100,1,101.184,115,1,3,58042,187491,0,0,0.000,6.115,21.410,0,0.000,11.913,36.312,0,0,2,0,8
PPG,3,102806,4113791552,131,76330,82539,82347.266,191.734,2.844,0,0,0,0,68.18,68.18,0,0,0,99.00,0,1,24,1,1,22,22,0,0,0,4115060007,0.03442,0.00635,0.94824,0.94889,-0.00638,-0.00081,-0.00087,0.00649,0.95815,0.00926,0.00649,2,12575,0,6748,0.12691,0.04475,0.35264,100,1,101.184,115,1,3,2595,187491,0,0,0.000,6.115,21.410,0,0.000,11.913,36.312,0,0,2,0,8
PPG,3,102807,4113831552,127,76330,82555,82349.344,205.656,19.227,0,0,0,0,68.18,68.18,0,0,0,99.00,0,1,24,1,1,23,23,0,0,0,4115101604,0.04175,0.00610,0.95288,0.95381,-0.00558,-0.00135,-0.00087,0.00581,0.95381,0.00230,0.00659,3,12136,0,6748,0.12691,0.04475,0.35264,100,1,101.184,115,1,3,4297,187491,0,0,0.000,6.115,21.410,0,0.000,11.913,36.312,0,0,2,0,8
PPG,3,102808,4113871552,129,76344,82563,82351.477,211.523,37.406,0,0,0,0,68.18,68.18,0,0,0,99.00,0,1,24,1,1,24,24,0,0,0,4115140630,0.03564,0.00708,0.95068,0.95138,-0.00479,-0.00081,-0.00114,0.00499,0.95469,0.00331,0.00556,3,12128,0,6748,0.12691,0.04475,0.35264,100,1,101.184,115,1,3,4296,187491,0,0,0.000,6.115,21.410,0,0.000,11.913,36.312,0,0,2,0,8
PPG,3,102809,4113911552,127,76319,82563,82353.594,209.406,52.906,0,0,0,0,68.18,68.18,0,0,0,99.00,0,1,24,1,1,25,25,0,0,0,4115179599,0.03418,0.00488,0.94897,0.94960,-0.00585,-0.00028,-0.00167,0.00609,0.95398,0.00438,0.00653,3,12124,0,6748,0.12691,0.04475,0.35264,100,1,101.184,115,1,3,2597,187491,0,0,0.000,6.115,21.410,0,0.000,11.913,36.312,0,0,2,0,8
PPG,3,102810,4113951552,129,76346,82592,82355.977,236.023,66.719,0,0,0,0,68.18,68.18,0,0,0,99.00,0,1,24,1,1,26,26,0,0,0,4115221138,0.03833,0.00806,0.94775,0.94856,-0.00612,-0.00081,-0.00114,0.00628,0.96009,0.01244,0.00703,3,12122,0,6748,0.12691,0.04475,0.35264,100,1,101.184,115,1,3,4316,187491,0,0,0.000,6.115,21.410,0,0.000,11.913,36.312,0,0,2,0,8
PPG,3,102811,4113991552,127,76344,82588,82358.297,229.703,76.258,0,0,0,0,68.18,68.18,0,0,0,99.00,0,1,24,1,1,27,27,0,0,0,4115260161,0.03418,0.01001,0.94434,0.94501,-0.00558,-0.00055,-0.00114,0.00573,0.95054,0.00416,0.00642,3,12124,0,6748,0.12691,0.04475,0.35264,100,1,101.184,115,1,3,2605,187491,0,0,0.000,6.115,21.410,0,0.000,11.913,36.312,0,0,2,0,8
PPG,3,102812,4114031552,129,76340,82604,82360.750,243.250,88.750,0,0,0,0,68.18,68.18,0,0,0,99.00,0,1,24,1,1,28,28,0,0,0,4115301743,0.03955,0.00903,0.95264,0.95350,-0.00638,-0.00135,-0.00194,0.00681,0.95350,0.00743,0.00724,3,12119,0,6748,0.12691,0.04475,0.35264,100,1,101.184,115,1,3,4295,187491,0,0,0.000,6.115,21.410,0,0.000,11.913,36.312,0,0,2,0,8
PPG,3,102813,4114071552,128,76352,82620,82363.344,256.656,95.172,0,0,0,0,68.18,68.18,0,0,0,99.00,0,1,24,1,1,29,29,0,0,0,4115340771,0.03564,0.00830,0.95044,0.95114,-0.00505,-0.00081,-0.00194,0.00547,0.95192,0.00308,0.00550,3,12142,0,6748,0.12691,0.04475,0.35264,100,1,101.184,115,1,3,4304,187491,0,0,0.000,6.115,21.410,0,0.000,11.913,36.312,0,0,2,0,8
PPG,3,102814,4114111552,184,76331,82556,82365.273,190.727,87.508,0,0,0,0,68.18,68.18,0,0,0,99.00,0,1,24,1,1,30,30,0,0,0,4115379725,0.03833,0.00537,0.95410,0.95489,-0.00638,-0.00055,-0.00167,0.00662,0.95489,0.00383,0.00662,3,12119,0,6748,0.12691,0.04475,0.35264,100,1,101.184,115,1,3,2605,187491,0,0,0.000,6.115,21.410,0,0.000,11.913,36.312,0,0,2,0,8
PPG,3,102815,4114151552,128,76287,82440,82366.023,73.977,65.594,0,0,0,0,68.18,68.18,0,0,0,99.00,0,1,24,1,1,31,31,0,0,0,4115421343,0.03271,0.00757,0.95166,0.95225,-0.00638,-0.00188,-0.00247,0.00710,0.96092,0.01049,0.00710,3,12111,0,6748,0.12691,0.04475,0.35264,100,1,101.184,115,1,3,4301,187491,0,0,0.000,6.115,21.410,0,0.000,11.913,36.312,0,0,2,0,8
PPG,3,102816,4114191552,129,76277,82393,82366.297,26.703,39.906,0,0,0,0,68.18,68.18,0,0,0,99.00,0,1,24,1,1,0,0,0,0,0,4115460437,0.03540,0.00586,0.94995,0.95063,-0.00585,-0.00001,-0.00194,0.00616,0.95705,0.00642,0.00711,3,12130,0,6748,0.12691,0.04475,0.35264,100,1,101.184,115,1,3,4300,187491,0,0,0.000,6.115,21.410,0,0.000,11.913,36.312,0,0,2,0,8
PPG,3,102817,4114231552,151,76254,82395,82366.586,28.414,11.562,0,0,0,0,68.18,68.18,0,0,0,99.00,0,1,24,1,1,1,1,0,0,0,4115499412,0.03955,0.00586,0.95142,0.95226,-0.00638,-0.00028,-0.00194,0.00668,0.95541,0.00315,0.00668,3,12126,0,6748,0.12691,0.04475,0.35264,100,1,101.184,115,1,3,2595,187491,0,0,0.000,6.115,21.410,0,0.000,11.913,36.312,0,0,2,0,8
PPG,3,102818,4114271552,133,76251,82392,82366.844,25.156,-15.586,0,0,0,0,68.18,68.18,0,0,0,99.00,0,1,24,1,1,2,2,0,0,0,4115541097,0.03784,0.00684,0.95313,0.95390,-0.00612,-0.00081,-0.00141,0.00633,0.95390,0.00584,0.00673,3,12180,0,6748,0.12691,0.04475,0.35264,100,1,101.184,115,1,3,4298,187491,0,0,0.000,6.115,21.410,0,0.000,11.913,36.312,0,0,2,0,8
PPG,3,102819,4114311552,524,76273,82403,82367.203,35.797,-42.500,0,0,0,0,68.18,68.18,0,0,0,99.00,0,1,24,1,1,3,3,0,0,0,4115580084,0.03979,0.00562,0.94678,0.94763,-0.00558,-0.00081,-0.00061,0.00568,0.96037,0.00889,0.00611,3,12136,0,6748,0.11778,0.04365,0.37062,100,1,100.735,115,1,3,2601,187491,0,0,0.000,6.115,21.410,0,0.000,11.913,36.312,0,0,2,0,8
PPG,3,102820,4114351552,192,76269,82413,82367.664,45.336,-71.367,0,0,0,0,68.18,68.18,0,0,0,99.00,0,1,24,1,1,4,4,0,0,0,4115622116,0.04028,0.00586,0.94849,0.94936,-0.00638,-0.00055,-0.00087,0.00647,0.95130,0.00669,0.00647,3,12132,0,6748,0.11778,0.04365,0.37062,100,1,100.735,115,1,3,4300,187491,0,0,0.000,6.115,21.410,0,0.000,11.913,36.312,0,0,2,0,8
PPG,3,102821,4114391552,149,76240,82406,82368.047,37.953,-92.102,1,0,1,840,68.18,68.18,0,0,0,99.00,0,1,24,1,1,5,5,0,0,0,4115661201,0.03833,0.00635,0.94849,0.94928,-0.00665,-0.00081,-0.00221,0.00705,0.95498,0.00562,0.00705,3,12120,0,6748,0.11778,0.04365,0.37062,100,1,100.735,115,1,3,4296,187491,0,0,48.500,6.115,21.410,1,157.812,11.913,36.312,1,1,2,0,8
PPG,3,102822,4114431552,135,76274,82427,82368.633,58.367,-93.109,0,0,0,0,68.18,68.18,0,0,0,99.00,0,1,24,1,1,6,6,0,0,0,4115700278,0.03687,0.00366,0.95190,0.95262,-0.00612,-0.00081,-0.00167,0.00639,0.95262,0.00321,0.00706,3,12119,0,6748,0.11778,0.04365,0.37062,100,1,100.735,115,1,3,2595,187491,0,0,0.000,6.014,20.737,0,0.000,11.921,36.353,0,0,2,0,8
PPG,3,102823,4114471552,175,76277,82427,82369.219,57.781,-85.500,0,0,0,0,68.18,68.18,0,0,0,99.00,0,1,24,1,1,7,7,0,0,0,4115741946,0.03833,0.00879,0.95386,0.95467,-0.00532,-0.00028,-0.00167,0.00558,0.95811,0.01389,0.00591,3,12159,0,6748,0.11778,0.04365,0.37062,100,1,100.735,115,1,3,4323,187491,0,0,0.000,6.014,20.737,0,0.000,11.921,36.353,0,0,2,0,8
PPG,3,102824,4114511552,129,76273,82440,82369.930,70.070,-75.570,0,0,0,0,68.18,68.18,0,0,0,99.00,0,1,24,1,1,8,8,0,0,0,4115780990,0.03979,0.00684,0.95020,0.95105,-0.00532,-0.00108,-0.00167,0.00568,0.95509,0.00429,0.00568,3,12112,0,6748,0.11778,0.04365,0.37062,100,1,100.735,115,1,3,4294,187491,0,0,0.000,6.014,20.737,0,0.000,11.921,36.353,0,0,2,0,8
PPG,3,102825,4114551552,128,76282,82470,82370.930,99.070,-62.727,0,0,0,0,68.18,68.18,0,0,0,99.00,0,1,24,1,1,9,9,0,0,0,4115819976,0.03882,0.00684,0.95215,0.95296,-0.00532,-0.00108,-0.00114,0.00554,0.95369,0.00264,0.00651,3,12130,0,6748,0.11778,0.04365,0.37062,100,1,100.735,115,1,3,2600,187491,0,0,0.000,6.014,20.737,0,0.000,11.921,36.353,0,0,2,0,8
PPG,3,102826,4114591552,129,76284,82480,82372.023,107.977,-48.781,0,0,0,0,68.18,68.18,0,0,0,99.00,0,1,24,1,1,10,10,0,0,0,4115861885,0.03931,0.00708,0.95215,0.95299,-0.00638,-0.00055,-0.00167,0.00662,0.95771,0.00556,0.00662,3,12340,0,6748,0.11778,0.04365,0.37062,100,1,100.735,115,1,3,4362,187491,0,0,0.000,6.014,20.737,0,0.000,11.921,36.353,0,0,2,0,8
PPG,3,102827,4114631552,128,76285,82505,82373.352,131.648,-33.141,0,0,0,0,68.18,68.18,0,0,0,99.00,0,1,24,1,1,11,11,0,0,0,4115900964,0.04102,0.00537,0.94971,0.95061,-0.00638,0.00025,-0.00167,0.00660,0.96041,0.01532,0.00660,3,12177,0,6748,0.11778,0.04365,0.37062,100,1,100.735,115,1,3,4299,187491,0,0,0.000,6.014,20.737,0,0.000,11.921,36.353,0,0,2,0,8
PPG,3,102828,4114671552,131,76309,82540,82375.016,164.984,-12.844,0,0,0,0,68.18,68.18,0,0,0,99.00,0,1,24,1,1,12,12,0,0,0,4115939909,0.03906,0.00757,0.95117,0.95200,-0.00505,-0.00001,-0.00114,0.00518,0.95538,0.00478,0.00597,3,12115,0,6748,0.11778,0.04365,0.37062,100,1,100.735,115,1,3,2594,187491,0,0,0.000,6.014,20.737,0,0.000,11.921,36.353,0,0,2,0,8
PPG,3,102829,4114711552,140,76335,82564,82376.906,187.094,6.680,0,0,0,0,68.18,68.18,0,0,0,99.00,0,1,24,1,1,13,13,0,0,0,4115976793,0.03638,0.00610,0.94897,0.94969,-0.00692,-0.00135,-0.00221,0.00738,0.95231,0.00262,0.00738,2,19539,0,6748,0.11778,0.04365,0.37062,100,1,100.735,115,1,3,2585,187491,0,0,0.000,6.014,20.737,0,0.000,11.921,36.353,0,0,2,0,8
PPG,3,102830,4114751552,132,76333,82580,82378.938,201.062,29.141,0,0,0,0,68.18,68.18,0,0,0,99.00,0,1,24,1,1,14,14,0,0,0,4116021153,0.03418,0.00537,0.95630,0.95692,-0.00585,-0.00135,-0.00167,0.00623,0.95856,0.00887,0.00710,3,12165,0,6748,0.11778,0.04365,0.37062,100,1,100.735,115,1,3,4306,187491,0,0,0.000,6.014,20.737,0,0.000,11.921,36.353,0,0,2,0,8
PPG,3,102831,4114791552,130,76332,82590,82381.047,208.953,50.461,0,0,0,0,68.18,68.18,0,0,0,99.00,0,1,24,1,1,15,15,0,0,0,4116060492,0.04102,0.00635,0.96094,0.96183,-0.00612,-0.00028,-0.00194,0.00642,0.96183,0.01207,0.00642,3,12367,0,6748,0.11778,0.04365,0.37062,100,1,100.735,115,1,3,4331,187491,0,0,0.000,6.014,20.737,0,0.000,11.921,36.353,0,0,2,0,8
PPG,3,102832,4114831552,130,76340,82596,82383.195,212.805,68.859,0,0,0,0,68.18,68.18,0,0,0,99.00,0,1,24,1,1,16,16,0,0,0,4116099792,0.03564,0.00073,0.95337,0.95404,-0.00585,-0.00135,-0.00087,0.00607,0.95423,0.01046,0.00646,3,12256,0,6748,0.11778,0.04365,0.37062,100,1,100.735,115,1,3,2630,187491,0,0,0.000,6.014,20.737,0,0.000,11.921,36.353,0,0,2,0,8
PPG,3,102833,4114871552,129,76335,82621,82385.570,235.430,88.961,0,0,0,0,68.18,68.18,0,0,0,99.00,0,1,24,1,1,17,17,0,0,0,4116141783,0.03906,0.00854,0.95190,0.95274,-0.00692,-0.00188,-0.00141,0.00730,0.95547,0.00635,0.00730,3,12247,0,6748,0.11778,0.04365,0.37062,100,1,100.735,115,1,3,4331,187491,0,0,0.000,6.014,20.737,0,0.000,11.921,36.353,0,0,2,0,8
PPG,3,102834,4114911552,130,76340,82624,82387.953,236.047,102.562,0,0,0,0,68.18,68.18,0,0,0,99.00,0,1,24,1,1,18,18,0,0,0,4116181101,0.03784,0.00659,0.95752,0.95829,-0.00558,-0.00135,-0.00087,0.00581,0.95829,0.01184,0.00605,3,12293,0,6748,0.11778,0.04365,0.37062,100,1,100.735,115,1,3,4340,187491,0,0,0.000,6.014,20.737,0,0.000,11.921,36.353,0,0,2,0,8
PPG,3,102835,4114951552,131,76352,82644,82390.516,253.484,107.211,0,0,0,0,68.18,68.18,0,0,0,99.00,0,1,24,1,1,19,19,0,0,0,4116220511,0.03760,0.00708,0.94556,0.94633,-0.00638,-0.00028,-0.00167,0.00661,0.95398,0.01017,0.00661,3,12255,0,6748,0.11778,0.04365,0.37062,100,1,100.735,115,1,3,4345,187491,0,0,0.000,6.014,20.737,0,0.000,11.921,36.353,0,0,2,0,8
PPG,3,102836,4114991552,193,76349,82641,82393.023,247.977,105.812,0,1,0,0,68.18,68.18,0,0,0,99.00,0,1,24,1,1,20,20,0,0,0,4116259880,0.03857,0.00757,0.95044,0.95125,-0.00479,0.00025,-0.00167,0.00508,0.95791,0.00780,0.00627,3,12298,0,6748,0.11778,0.04365,0.37062,100,1,100.735,115,1,3,2622,187491,0,0,0.000,6.014,20.737,0,0.000,11.921,36.353,0,0,2,0,8
PPG,3,102837,4115031552,130,76302,82502,82394.109,107.891,89.320,0,0,0,0,68.18,68.18,0,0,0,99.00,0,1,24,1,1,21,21,0,0,0,4116301919,0.03882,0.00317,0.94897,0.94977,-0.00612,-0.00055,-0.00167,0.00637,0.95505,0.00527,0.00637,3,12242,0,6748,0.11778,0.04365,0.37062,100,1,100.735,115,1,3,4323,187491,0,0,0.000,6.014,20.737,0,0.000,11.921,36.353,0,0,2,0,8
PPG,3,102838,4115071552,146,76265,82404,82394.211,9.789,62.148,0,0,0,0,68.18,68.18,0,0,0,99.00,0,1,24,1,1,22,22,0,0,0,4116341184,0.03711,0.00269,0.94971,0.95044,-0.00585,-0.00161,-0.00114,0.00618,0.96032,0.00996,0.00643,3,12278,0,6748,0.11778,0.04365,0.37062,100,1,100.735,115,1,3,4334,187491,0,0,0.000,6.014,20.737,0,0.000,11.921,36.353,0,0,2,0,8
PPG,3,102839,4115111552,129,76252,82356,82393.828,-37.828,30.211,0,0,0,0,68.18,68.18,0,0,0,99.00,0,1,24,1,1,23,23,0,0,0,4116380594,0.03662,0.00879,0.94824,0.94899,-0.00558,0.00052,-0.00221,0.00603,0.95724,0.00680,0.00676,3,12249,0,6748,0.11778,0.04365,0.37062,100,1,100.735,115,1,3,4330,187491,0,0,0.000,6.014,20.737,0,0.000,11.921,36.353,0,0,2,0,8
PPG,3,102840,4115151552,131,76230,82340,82393.289,-53.289,-6.281,0,0,0,0,68.18,68.18,0,0,0,99.00,0,1,24,1,1,24,24,0,0,0,4116419871,0.04053,0.00049,0.95239,0.95325,-0.00505,-0.00028,-0.00194,0.00542,0.95770,0.00871,0.00583,3,12251,0,6748,0.11778,0.04365,0.37062,100,1,100.735,115,1,3,2618,187491,0,0,0.000,6.014,20.737,0,0.000,11.921,36.353,0,0,2,0,8
PPG,3,102841,4115191552,135,76238,82346,82392.812,-46.812,-42.992,0,0,0,0,68.18,68.18,0,0,0,99.00,0,1,24,1,1,25,25,0,0,0,4116461836,0.03760,0.00757,0.94775,0.94853,-0.00612,-0.00055,-0.00141,0.00630,0.95732,0.00879,0.00630,3,12301,0,6748,0.11778,0.04365,0.37062,100,1,100.735,115,1,3,4339,187491,0,0,0.000,6.014,20.737,0,0.000,11.921,36.353,0,0,2,0,8
PPG,3,102842,4115231552,130,76234,82357,82392.453,-35.453,-80.492,0,0,0,0,68.18,68.18,0,0,0,99.00,0,1,24,1,1,26,26,0,0,0,4116501175,0.03809,0.00830,0.94873,0.94953,-0.00558,-0.00001,-0.00141,0.00576,0.95866,0.00913,0.00703,3,12226,0,6748,0.11778,0.04365,0.37062,100,1,100.735,115,1,3,4326,187491,0,0,0.000,6.014,20.737,0,0.000,11.921,36.353,0,0,2,0,8
PPG,3,102843,4115271552,157,76243,82372,82392.250,-20.250,-116.172,1,0,1,880,68.18,68.18,0,0,0,99.00,0,1,24,1,1,27,27,0,0,0,4116540429,0.04150,0.00562,0.94751,0.94844,-0.00638,-0.00001,-0.00194,0.00667,0.95561,0.00717,0.00680,3,12234,0,6748,0.11778,0.04365,0.37062,100,1,100.735,115,1,3,2621,187491,0,0,87.570,6.014,20.737,1,200.320,11.921,36.353,1,1,2,0,8
PPG,3,102844,4115311552,526,76247,82373,82392.055,-19.055,-131.250,0,0,0,0,68.18,68.18,0,0,0,100.00,0,1,24,1,1,28,28,0,0,0,4116582422,0.03467,0.00220,0.95166,0.95229,-0.00585,-0.00001,-0.00167,0.00609,0.95497,0.00654,0.00609,3,12231,0,6748,0.11311,0.04560,0.40317,100,1,99.921,83,1,3,4335,187491,0,0,0.000,6.169,21.761,0,0.000,12.195,37.622,0,0,2,0,8
PPG,3,102845,4115351552,180,76249,82375,82391.883,-16.883,-130.641,0,0,0,0,68.18,68.18,0,0,0,100.00,0,1,24,1,1,29,29,0,0,0,4116622156,0.03760,0.00684,0.94434,0.94511,-0.00558,-0.00135,-0.00114,0.00586,0.95278,0.00432,0.00627,3,12244,0,6748,0.11311,0.04560,0.40317,100,1,99.921,83,1,3,4336,187491,0,0,0.000,6.169,21.761,0,0.000,12.195,37.622,0,0,2,0,8
PPG,3,102846,4115391552,205,76265,82401,82391.977,9.023,-120.258,0,0,0,0,68.18,68.18,0,0,0,100.00,0,1,24,1,1,30,30,0,0,0,4116661468,0.03955,0.00562,0.94556,0.94640,-0.00532,0.00025,-0.00167,0.00558,0.96237,0.01726,0.00669,3,12221,0,6748,0.11311,0.04560,0.40317,100,1,99.921,83,1,3,4354,187491,0,0,0.000,6.169,21.761,0,0.000,12.195,37.622,0,0,2,0,8
PPG,3,102847,4115431552,128,76251,82395,82392.008,2.992,-106.906,0,0,0,0,68.18,68.18,0,0,0,100.00,0,1,24,1,1,31,31,0,0,0,4116700713,0.03809,0.00391,0.95093,0.95170,-0.00505,-0.00028,-0.00167,0.00533,0.95418,0.00625,0.00599,3,12123,0,6748,0.11311,0.04560,0.40317,100,1,99.921,83,1,3,4303,187491,0,0,0.000,6.169,21.761,0,0.000,12.195,37.622,0,0,2,0,8
PPG,3,102848,4115471552,128,76276,82431,82392.398,38.602,-89.312,0,0,0,0,68.18,68.18,0,0,0,100.00,0,1,24,1,1,0,0,0,0,0,4116739839,0.04028,0.00464,0.95459,0.95545,-0.00612,-0.00108,-0.00194,0.00651,0.95545,0.00740,0.00651,3,12118,0,6748,0.11311,0.04560,0.40317,100,1,99.921,83,1,3,2601,187491,0,0,0.000,6.169,21.761,0,0.000,12.195,37.622,0,0,2,0,8
PPG,3,102849,4115511552,129,76285,82450,82392.977,57.023,-70.328,0,0,0,0,68.18,68.18,0,0,0,100.00,0,1,24,1,1,1,1,0,0,0,4116781514,0.03906,0.00952,0.94995,0.95080,-0.00505,-0.00055,-0.00167,0.00535,0.95103,0.00442,0.00655,3,12114,0,6748,0.11311,0.04560,0.40317,100,1,99.921,83,1,3,4297,187491,0,0,0.000,6.169,21.761,0,0.000,12.195,37.622,0,0,2,0,8
PPG,3,102850,4115551552,133,76296,82458,82393.625,64.375,-51.938,0,0,0,0,68.18,68.18,0,0,0,100.00,0,1,24,1,1,2,2,0,0,0,4116820522,0.03809,0.00708,0.94897,0.94976,-0.00612,-0.00081,-0.00141,0.00633,0.95405,0.00325,0.00633,3,12145,0,6748,0.11311,0.04560,0.40317,100,1,99.921,83,1,3,2597,187491,0,0,0.000,6.169,21.761,0,0.000,12.195,37.622,0,0,2,0,8
PPG,3,102851,4115591552,205,76296,82474,82394.430,79.570,-31.711,0,0,0,0,68.18,68.18,0,0,0,100.00,0,1,24,1,1,3,3,0,0,0,4116862138,0.04102,0.00732,0.94702,0.94794,-0.00612,-0.00108,-0.00141,0.00637,0.95489,0.00695,0.00688,3,12133,0,6748,0.11311,0.04560,0.40317,100,1,99.921,83,1,3,4337,187491,0,0,0.000,6.169,21.761,0,0.000,12.195,37.622,0,0,2,0,8
PPG,3,102852,4115631552,129,76297,82507,82395.555,111.445,-8.406,0,0,0,0,68.18,68.18,0,0,0,100.00,0,1,24,1,1,4,4,0,0,0,4116901257,0.03784,0.00562,0.95264,0.95340,-0.00585,-0.00028,-0.00141,0.00602,0.95376,0.00582,0.00623,3,12117,0,6748,0.11311,0.04560,0.40317,100,1,99.921,83,1,3,4301,187491,0,0,0.000,6.169,21.761,0,0.000,12.195,37.622,0,0,2,0,8
PPG,3,102853,4115671552,128,76289,82521,82396.812,124.188,13.742,0,0,0,0,68.18,68.18,0,0,0,100.00,0,1,24,1,1,5,5,0,0,0,4116940231,0.03809,0.00928,0.95239,0.95320,-0.00479,-0.00028,-0.00034,0.00481,0.95509,0.00440,0.00667,3,12127,0,6748,0.11311,0.04560,0.40317,100,1,99.921,83,1,3,2599,187491,0,0,0.000,6.169,21.761,0,0.000,12.195,37.622,0,0,2,0,8
PPG,3,102854,4115711552,139,76293,82513,82397.977,115.023,36.141,0,0,0,0,68.18,68.18,0,0,0,100.00,0,1,24,1,1,6,6,0,0,0,4116976704,0.04053,0.00488,0.95093,0.95180,-0.00558,-0.00081,-0.00141,0.00582,0.95180,0.00635,0.00610,2,19134,0,6748,0.11311,0.04560,0.40317,100,1,99.921,83,1,3,2591,187491,0,0,0.000,6.169,21.761,0,0.000,12.195,37.622,0,0,2,0,8
PPG,3,102855,4115751552,148,76297,82516,82399.156,116.844,54.688,0,0,0,0,68.18,68.18,0,0,0,100.00,0,1,24,1,1,7,7,0,0,0,4117020964,0.03540,0.00684,0.95288,0.95356,-0.00692,-0.00001,-0.00114,0.00701,0.95356,0.00506,0.00701,3,12116,0,6748,0.11311,0.04560,0.40317,100,1,99.921,83,1,3,4299,187491,0,0,0.000,6.169,21.761,0,0.000,12.195,37.622,0,0,2,0,8
PPG,3,102856,4115791552,132,76300,82531,82400.477,130.523,71.758,0,0,0,0,68.18,68.18,0,0,0,100.00,0,1,24,1,1,8,8,0,0,0,4117059996,0.03906,0.00317,0.94971,0.95052,-0.00532,-0.00108,-0.00221,0.00586,0.95448,0.00810,0.00648,3,12116,0,6748,0.11311,0.04560,0.40317,100,1,99.921,83,1,3,2597,187491,0,0,0.000,6.169,21.761,0,0.000,12.195,37.622,0,0,2,0,8
PPG,3,102857,4115831552,130,76316,82568,82402.148,165.852,84.172,0,0,0,0,68.18,68.18,0,0,0,100.00,0,1,24,1,1,9,9,0,0,0,4117101628,0.03833,0.00513,0.94702,0.94781,-0.00532,0.00105,-0.00194,0.00576,0.95488,0.00707,0.00662,3,12132,0,6748,0.11311,0.04560,0.40317,100,1,99.921,83,1,3,4297,187491,0,0,0.000,6.169,21.761,0,0.000,12.195,37.622,0,0,2,0,8
PPG,3,102858,4115871552,132,76334,82568,82403.805,164.195,89.398,0,0,0,0,68.18,68.18,0,0,0,100.00,0,1,24,1,1,10,10,0,0,0,4117140605,0.03931,0.00562,0.94702,0.94785,-0.00558,-0.00055,-0.00194,0.00594,0.95811,0.01030,0.00642,3,12130,0,6748,0.11311,0.04560,0.40317,100,1,99.921,83,1,3,2604,187491,0,0,0.000,6.169,21.761,0,0.000,12.195,37.622,0,0,2,0,8
PPG,3,102859,4115911552,194,76311,82570,82405.469,164.531,87.703,0,0,0,0,68.18,68.18,0,0,0,100.00,0,1,24,1,1,11,11,0,0,0,4117182208,0.03833,0.00537,0.94800,0.94879,-0.00558,-0.00028,-0.00034,0.00560,0.95374,0.00495,0.00563,3,12161,0,6748,0.11311,0.04560,0.40317,100,1,99.921,83,1,3,4297,187491,0,0,0.000,6.169,21.761,0,0.000,12.195,37.622,0,0,2,0,8
PPG,3,102860,4115951552,131,76291,82546,82406.875,139.125,80.969,0,0,0,0,68.18,68.18,0,0,0,100.00,0,1,24,1,1,12,12,0,0,0,4117221248,0.04150,0.00732,0.95435,0.95528,-0.00638,-0.00055,-0.00300,0.00708,0.95528,0.00547,0.00708,3,12121,0,6748,0.11311,0.04560,0.40317,100,1,99.921,83,1,3,4295,187491,0,0,0.000,6.169,21.761,0,0.000,12.195,37.622,0,0,2,0,8
PPG,3,102861,4115991552,130,76257,82435,82407.156,27.844,65.383,0,0,0,0,68.18,68.18,0,0,0,100.00,0,1,24,1,1,13,13,0,0,0,4117260201,0.03857,0.00781,0.95581,0.95662,-0.00665,-0.00001,-0.00141,0.00680,0.95662,0.00733,0.00694,3,12118,0,6748,0.11311,0.04560,0.40317,100,1,99.921,83,1,3,2605,187491,0,0,0.000,6.169,21.761,0,0.000,12.195,37.622,0,0,2,0,8
PPG,3,102862,4116031552,134,76222,82325,82406.336,-81.336,39.688,0,1,0,0,68.18,68.18,0,0,0,100.00,0,1,24,1,1,14,14,0,0,0,4117302130,0.03906,0.00439,0.95215,0.95296,-0.00585,-0.00135,-0.00141,0.00617,0.95296,0.00811,0.00668,3,12290,0,6748,0.11311,0.04560,0.40317,100,1,99.921,83,1,3,4376,187491,0,0,0.000,6.169,21.761,0,0.000,12.195,37.622,0,0,2,0,8
PPG,3,102863,4116071552,131,76195,82280,82405.070,-125.070,8.438,0,0,0,0,68.18,68.18,0,0,0,100.00,0,1,24,1,1,15,15,0,0,0,4117341211,0.03662,0.00586,0.95288,0.95360,-0.00692,-0.00081,-0.00114,0.00706,0.95374,0.00424,0.00706,3,12132,0,6748,0.11311,0.04560,0.40317,100,1,99.921,83,1,3,4359,187491,0,0,0.000,6.169,21.761,0,0.000,12.195,37.622,0,0,2,0,8
PPG,3,102864,4116111552,131,76204,82267,82403.688,-136.688,-29.258,0,0,0,0,68.18,68.18,0,0,0,100.00,0,1,24,1,1,16,16,0,0,0,4117380259,0.03809,0.00439,0.95605,0.95682,-0.00585,-0.00055,-0.00034,0.00589,0.95682,0.00890,0.00639,3,12134,0,6748,0.11311,0.04560,0.40317,100,1,99.921,83,1,3,2595,187491,0,0,0.000,6.169,21.761,0,0.000,12.195,37.622,0,0,2,0,8
PPG,3,102865,4116151552,133,76199,82279,82402.438,-123.438,-65.750,0,0,0,0,68.18,68.18,0,0,0,100.00,0,1,24,1,1,17,17,0,0,0,4117422040,0.03735,0.00830,0.95166,0.95243,-0.00558,-0.00055,-0.00087,0.00568,0.95243,0.00917,0.00576,3,12114,0,6748,0.11311,0.04560,0.40317,100,1,99.921,83,1,3,4298,187491,0,0,0.000,6.169,21.761,0,0.000,12.195,37.622,0,0,2,0,8
PPG,3,102866,4116191552,152,76211,82273,82401.141,-128.141,-101.781,1,0,1,920,65.22,65.22,0,0,0,100.00,0,1,24,1,1,18,18,0,0,0,4117461259,0.04028,0.00391,0.95264,0.95350,-0.00532,-0.00081,-0.00034,0.00539,0.95350,0.00616,0.00623,3,12140,0,6748,0.11311,0.04560,0.40317,100,1,99.921,83,1,3,4306,187491,0,0,80.156,6.169,21.761,1,220.648,12.195,37.622,1,1,2,0,8
PPG,3,102867,4116231552,127,76198,82276,82399.891,-123.891,-134.398,0,0,0,0,65.22,65.22,0,0,0,100.00,0,1,24,1,1,19,19,0,0,0,4117500695,0.04028,0.00903,0.95703,0.95792,-0.00532,-0.00001,-0.00167,0.00557,0.95792,0.00649,0.00582,3,12235,0,6748,0.11311,0.04560,0.40317,100,1,99.921,83,1,3,2633,187491,0,0,0.000,6.258,22.351,0,0.000,12.561,39.322,0,0,2,0,8
PPG,3,102868,4116271552,130,76172,82261,82398.500,-137.500,-150.758,0,0,0,0,65.22,65.22,0,0,0,100.00,0,1,24,1,1,20,20,0,0,0,4117542680,0.03687,0.00684,0.94775,0.94850,-0.00532,-0.00055,-0.00087,0.00542,0.95578,0.00672,0.00568,3,12264,0,6748,0.11311,0.04560,0.40317,100,1,99.921,83,1,3,4342,187491,0,0,0.000,6.258,22.351,0,0.000,12.561,39.322,0,0,2,0,8
PPG,3,102869,4116311552,527,76183,82254,82397.055,-143.055,-151.102,0,0,0,0,65.22,65.22,0,0,0,100.00,0,1,24,1,1,21,21,0,0,0,4117581981,0.03833,0.00366,0.95020,0.95098,-0.00612,-0.00028,-0.00114,0.00623,0.95102,0.00134,0.00654,3,12255,0,6748,0.11982,0.05459,0.45561,100,1,98.610,65,1,3,4313,187491,0,0,0.000,6.258,22.351,0,0.000,12.561,39.322,0,0,2,0,8
PPG,3,102870,4116351552,203,76172,82241,82395.492,-154.492,-145.820,0,0,0,0,65.22,65.22,0,0,0,100.00,0,1,24,1,1,22,22,0,0,0,4117621745,0.03784,0.00635,0.94775,0.94853,-0.00532,-0.00028,-0.00114,0.00545,0.95632,0.00693,0.00545,3,12254,0,6748,0.11982,0.05459,0.45561,100,1,98.610,65,1,3,4356,187491,0,0,0.000,6.258,22.351,0,0.000,12.561,39.322,0,0,2,0,8
PPG,3,102871,4116391552,166,76152,82224,82393.773,-169.773,-139.461,0,0,0,0,65.22,65.22,0,0,0,100.00,0,1,24,1,1,23,23,0,0,0,4117661157,0.04199,0.00293,0.94214,0.94308,-0.00505,-0.00001,0.00019,0.00506,0.95471,0.00760,0.00568,3,12209,0,6748,0.11982,0.05459,0.45561,100,1,98.610,65,1,3,4339,187491,0,0,0.000,6.247,22.435,0,0.000,12.561,39.322,0,0,2,0,8
PPG,3,102872,4116431552,130,76166,82265,82392.484,-127.484,-129.359,0,0,0,0,65.22,65.22,0,0,0,100.00,0,1,24,1,1,24,24,0,0,0,4117700566,0.03735,0.00317,0.95361,0.95435,-0.00479,-0.00081,-0.00114,0.00499,0.95435,0.00834,0.00635,3,12253,0,6748,0.11982,0.05459,0.45561,100,1,98.610,65,1,3,2630,187491,0,0,0.000,6.247,22.435,0,0.000,12.561,39.322,0,0,2,0,8
PPG,3,102873,4116471552,129,76176,82306,82391.617,-85.617,-113.898,0,0,0,0,65.22,65.22,0,0,0,100.00,0,1,24,1,1,25,25,0,0,0,4117742542,0.04004,0.00586,0.95264,0.95350,-0.00558,-0.00055,-0.00087,0.00568,0.95534,0.00148,0.00644,3,12269,0,6748,0.11982,0.05459,0.45561,100,1,98.610,65,1,3,4316,187491,0,0,0.000,6.247,22.435,0,0.000,12.561,39.322,0,0,2,0,8
PPG,3,102874,4116511552,138,76196,82309,82390.789,-81.789,-98.992,0,0,0,0,65.22,65.22,0,0,0,100.00,0,1,24,1,1,26,26,0,0,0,4117781839,0.04077,0.00244,0.94897,0.94985,-0.00452,-0.00001,-0.00141,0.00473,0.95148,0.00251,0.00616,3,12259,0,6748,0.11982,0.05459,0.45561,100,1,98.610,65,1,3,4366,187491,0,0,0.000,6.247,22.435,0,0.000,12.561,39.322,0,0,2,0,8
PPG,3,102875,4116551552,129,76199,82337,82390.250,-53.250,-79.180,0,0,0,0,65.22,65.22,0,0,0,100.00,0,1,24,1,1,27,27,0,0,0,4117821166,0.03833,0.00464,0.94751,0.94830,-0.00638,-0.00081,-0.00247,0.00689,0.95739,0.00909,0.00689,3,12193,0,6748,0.11982,0.05459,0.45561,100,1,98.610,65,1,3,4319,187491,0,0,0.000,6.247,22.435,0,0.000,12.561,39.322,0,0,2,0,8
PPG,3,102876,4116591552,139,76200,82355,82389.898,-34.898,-55.953,0,0,0,0,65.22,65.22,0,0,0,100.00,0,1,24,1,1,28,28,0,0,0,4117860438,0.03857,0.00488,0.94946,0.95026,-0.00532,0.00025,-0.00141,0.00551,0.95274,0.00445,0.00619,3,12247,0,6748,0.11982,0.05459,0.45561,100,1,98.610,65,1,3,2625,187491,0,0,0.000,6.247,22.435,0,0.000,12.561,39.322,0,0,2,0,8
PPG,3,102877,4116631552,129,76202,82371,82389.711,-18.711,-27.531,0,0,0,0,65.22,65.22,0,0,0,100.00,0,1,24,1,1,29,29,0,0,0,4117902415,0.03687,0.00854,0.95923,0.95997,-0.00479,-0.00081,-0.00114,0.00499,0.95997,0.00702,0.00609,3,12268,0,6748,0.11982,0.05459,0.45561,100,1,98.610,65,1,3,4337,187491,0,0,0.000,6.247,22.435,0,0.000,12.561,39.322,0,0,2,0,8
PPG,3,102878,4116671552,130,76204,82363,82389.445,-26.445,2.578,0,0,0,0,65.22,65.22,0,0,0,100.00,0,1,24,1,1,30,30,0,0,0,4117941668,0.03882,0.00708,0.94702,0.94784,-0.00558,-0.00028,-0.00087,0.00566,0.95418,0.00633,0.00606,3,12228,0,6748,0.11982,0.05459,0.45561,100,1,98.610,65,1,3,4333,187491,0,0,0.000,6.247,22.435,0,0.000,12.561,39.322,0,0,2,0,8
PPG,3,102879,4116711552,137,76208,82386,82389.414,-3.414,29.062,0,0,0,0,65.22,65.22,0,0,0,100.00,0,1,24,1,1,31,31,0,0,0,4117978083,0.03979,0.00757,0.95288,0.95374,-0.00718,-0.00081,-0.00167,0.00742,0.95374,0.00352,0.00742,2,21671,0,6749,0.11982,0.05459,0.45561,100,1,98.610,65,1,3,2610,187491,0,0,0.000,6.247,22.435,0,0.000,12.561,39.322,0,0,2,0,8
PPG,3,102880,4116751552,136,76207,82398,82389.500,8.500,49.609,0,0,0,0,65.22,65.22,0,0,0,100.00,0,1,24,1,1,0,0,0,0,0,4118022802,0.03784,0.00586,0.94824,0.94901,-0.00612,-0.00028,-0.00114,0.00623,0.94901,0.01267,0.00669,3,12250,0,6750,0.11982,0.05459,0.45561,100,1,98.610,65,1,3,4341,187491,0,0,0.000,6.247,22.435,0,0.000,12.561,39.322,0,0,2,0,8
PPG,3,102881,4116791552,139,76204,82430,82389.906,40.094,67.141,0,0,0,0,65.22,65.22,0,0,0,100.00,0,1,24,1,1,1,1,0,0,0,4118062060,0.03979,0.00684,0.94922,0.95008,-0.00692,-0.00081,-0.00221,0.00731,0.95730,0.00829,0.00731,3,12215,0,6750,0.11982,0.05459,0.45561,100,1,98.610,65,1,3,4343,187491,0,0,0.000,6.247,22.435,0,0.000,12.561,39.322,0,0,2,0,8
PPG,3,102882,4116831552,131,76221,82448,82390.484,57.516,76.852,0,0,0,0,65.22,65.22,0,0,0,100.00,0,1,24,1,1,2,2,0,0,0,4118101339,0.03491,0.00415,0.94653,0.94719,-0.00532,0.00025,-0.00194,0.00567,0.95419,0.00701,0.00714,3,12205,0,6750,0.11982,0.05459,0.45561,100,1,98.610,65,1,3,4302,187491,0,0,0.000,6.247,22.435,0,0.000,12.561,39.322,0,0,2,0,8
PPG,3,102883,4116871552,134,76221,82456,82391.141,64.859,82.477,0,0,0,0,65.22,65.22,0,0,0,100.00,0,1,24,1,1,3,3,0,0,0,4118140482,0.04175,0.00562,0.95557,0.95649,-0.00585,-0.00081,-0.00061,0.00594,0.95649,0.00596,0.00623,3,12111,0,6750,0.11982,0.05459,0.45561,100,1,98.610,65,1,3,2600,187491,0,0,0.000,6.247,22.435,0,0.000,12.561,39.322,0,0,2,0,8
PPG,3,102884,4116911552,173,76206,82401,82391.242,9.758,80.062,0,0,0,0,65.22,65.22,0,0,0,100.00,0,1,24,1,1,4,4,0,0,0,4118182014,0.03613,0.00464,0.95166,0.95236,-0.00532,-0.00081,-0.00247,0.00592,0.95915,0.01180,0.00620,3,12109,0,6750,0.11982,0.05459,0.45561,100,1,98.610,65,1,3,4295,187491,0,0,0.000,6.247,22.435,0,0.000,12.561,39.322,0,0,2,0,8
PPG,3,102885,4116951552,167,76158,82269,82390.023,-121.023,67.141,0,0,0,0,65.22,65.22,0,0,0,100.00,0,1,24,1,1,5,5,0,0,0,4118221201,0.03760,0.00610,0.95337,0.95413,-0.00665,-0.00028,-0.00061,0.00668,0.95413,0.00780,0.00668,3,12152,0,6750,0.11982,0.05459,0.45561,100,1,98.610,65,1,3,4296,187491,0,0,0.000,6.247,22.435,0,0.000,12.561,39.322,0,0,2,0,8
PPG,3,102886,4116991552,131,76108,82164,82387.766,-223.766,40.867,0,0,0,0,65.22,65.22,0,0,0,100.00,0,1,24,1,1,6,6,0,0,0,4118260231,0.03662,0.00757,0.95361,0.95435,-0.00612,-0.00001,-0.00194,0.00642,0.95541,0.00413,0.00685,3,12135,0,6750,0.11982,0.05459,0.45561,100,1,98.610,65,1,3,2604,187491,0,0,0.000,6.247,22.435,0,0.000,12.561,39.322,0,0,2,0,8
PPG,3,102887,4117031552,130,76084,82125,82385.141,-260.141,9.422,0,0,0,0,65.22,65.22,0,0,0,100.00,0,1,24,1,1,7,7,0,0,0,4118301826,0.03906,0.00488,0.96021,0.96101,-0.00638,-0.00108,-0.00141,0.00663,0.96101,0.00759,0.00663,3,12158,0,6750,0.11982,0.05459,0.45561,100,1,98.610,65,1,3,4332,187491,0,0,0.000,6.247,22.435,0,0.000,12.561,39.322,0,0,2,0,8
PPG,3,102888,4117071552,131,76076,82103,82382.320,-279.320,-29.391,0,0,0,0,65.22,65.22,0,0,0,100.00,0,1,24,1,1,8,8,0,0,0,4118340793,0.03906,0.01001,0.95410,0.95495,-0.00718,-0.00028,-0.00141,0.00732,0.95499,0.00602,0.00732,3,12116,0,6750,0.11982,0.05459,0.45561,100,1,98.610,65,1,3,2598,187491,0,0,0.000,6.247,22.435,0,0.000,12.561,39.322,0,0,2,0,8
PPG,3,102889,4117111552,130,76084,82103,82379.523,-276.523,-71.133,0,0,0,0,65.22,65.22,0,0,0,100.00,0,1,24,1,1,9,9,0,0,0,4118382370,0.03955,0.00610,0.95483,0.95567,-0.00558,-0.00081,-0.00141,0.00582,0.95667,0.00323,0.00665,3,12118,0,6750,0.11982,0.05459,0.45561,100,1,98.610,65,1,3,4301,187491,0,0,0.000,6.247,22.435,0,0.000,12.561,39.322,0,0,2,0,8
PPG,3,102890,4117151552,131,76093,82136,82377.086,-241.086,-111.594,0,0,0,0,65.22,65.22,0,0,0,100.00,0,1,24,1,1,10,10,0,0,0,4118421393,0.03809,0.00635,0.95239,0.95317,-0.00505,-0.00055,-0.00300,0.00590,0.95317,0.00321,0.00720,3,12115,0,6750,0.11982,0.05459,0.45561,100,1,98.610,65,1,3,4294,187491,0,0,0.000,6.247,22.435,0,0.000,12.561,39.322,0,0,2,0,8
PPG,3,102891,4117191552,131,76082,82141,82374.727,-233.727,-144.586,1,0,0,0,65.22,65.22,0,0,0,100.00,0,1,24,1,1,11,11,0,0,0,4118460384,0.03931,0.00342,0.95508,0.95589,-0.00612,-0.00135,-0.00141,0.00642,0.95589,0.00509,0.00650,3,12127,0,6750,0.11982,0.05459,0.45561,100,1,98.610,65,1,3,2596,187491,0,0,0.000,6.247,22.435,0,233.578,12.561,39.322,1,0,2,0,8
PPG,3,102892,4117231552,152,76086,82122,82372.203,-250.203,-158.438,0,0,1,1020,65.22,65.22,0,0,0,100.00,0,1,24,1,1,12,12,0,0,0,4118501952,0.03662,0.00830,0.94604,0.94679,-0.00479,-0.00055,-0.00061,0.00485,0.95179,0.00566,0.00604,3,12117,0,6750,0.11982,0.05459,0.45561,100,1,98.610,65,1,3,4299,187491,0,0,76.078,6.247,22.435,1,0.000,12.561,39.322,0,1,2,0,8
PPG,3,102893,4117271552,131,76092,82115,82369.633,-254.633,-155.891,0,0,0,0,65.22,65.22,0,0,0,100.00,0,1,24,1,1,13,13,0,0,0,4118541048,0.04004,0.00659,0.94946,0.95033,-0.00692,-0.00108,-0.00141,0.00714,0.95033,0.00541,0.00714,3,12112,0,6750,0.11982,0.05459,0.45561,100,1,98.610,65,1,3,2602,187491,0,0,0.000,6.300,22.784,0,0.000,12.962,41.186,0,0,2,0,8
PPG,3,102894,4117311552,523,76092,82143,82367.367,-224.367,-145.008,0,0,0,0,65.22,65.22,0,0,0,100.00,0,1,24,1,1,14,14,0,0,0,4118582614,0.03662,0.00391,0.95117,0.95188,-0.00479,-0.00055,-0.00114,0.00495,0.95188,0.00180,0.00530,3,12116,0,6750,0.16436,0.09546,0.58083,100,1,95.479,83,1,3,4295,187491,0,0,0.000,6.300,22.784,0,0.000,12.962,41.186,0,0,2,0,8
PPG,3,102895,4117351552,182,76113,82177,82365.461,-188.461,-126.438,0,0,0,0,65.22,65.22,0,0,0,100.00,0,1,24,1,1,15,15,0,0,0,4118622024,0.03320,0.00879,0.95630,0.95692,-0.00718,-0.00081,-0.00167,0.00742,0.95692,0.00368,0.00742,3,12112,0,6750,0.16436,0.09546,0.58083,100,1,95.479,83,1,3,4299,187491,0,0,0.000,6.300,22.784,0,0.000,12.962,41.186,0,0,2,0,8
PPG,3,102896,4117391552,133,76138,82205,82363.859,-158.859,-104.367,0,0,0,0,65.22,65.22,0,0,0,100.00,0,1,24,1,1,16,16,0,0,0,4118661104,0.03906,0.00415,0.95142,0.95223,-0.00425,-0.00188,-0.00167,0.00494,0.95910,0.00970,0.00667,3,12128,0,6750,0.16436,0.09546,0.58083,100,1,95.479,83,1,3,2603,187491,0,0,0.000,6.300,22.784,0,0.000,12.962,41.186,0,0,2,0,8
PPG,3,102897,4117431552,130,76134,82240,82362.617,-122.617,-82.961,0,0,0,0,65.22,65.22,0,0,0,100.00,0,1,24,1,1,17,17,0,0,0,4118702699,0.04077,0.00342,0.94995,0.95083,-0.00612,-0.00028,-0.00114,0.00623,0.95614,0.00427,0.00755,3,12127,0,6750,0.16436,0.09546,0.58083,100,1,95.479,83,1,3,4312,187491,0,0,0.000,6.300,22.784,0,0.000,12.962,41.186,0,0,2,0,8
PPG,3,102898,4117471552,131,76131,82233,82361.320,-128.320,-63.320,0,0,0,0,65.22,65.22,0,0,0,100.00,0,1,24,1,1,18,18,0,0,0,4118741746,0.03931,0.00195,0.94556,0.94638,-0.00585,-0.00108,-0.00221,0.00635,0.95256,0.00594,0.00719,3,12128,0,6750,0.16436,0.09546,0.58083,100,1,95.479,83,1,3,4295,187491,0,0,0.000,6.300,22.784,0,0.000,12.962,41.186,0,0,2,0,8
PPG,3,102899,4117511552,130,76132,82259,82360.297,-101.297,-37.398,0,0,0,0,65.22,65.22,0,0,0,100.00,0,1,24,1,1,19,19,0,0,0,4118780738,0.03540,0.00464,0.95264,0.95331,-0.00585,-0.00028,-0.00221,0.00626,0.95710,0.01073,0.00626,3,12133,0,6750,0.16436,0.09546,0.58083,100,1,95.479,83,1,3,2604,187491,0,0,0.000,6.300,22.784,0,0.000,12.962,41.186,0,0,2,0,8
PPG,3,102900,4117551552,131,76127,82253,82359.227,-106.227,-10.438,0,0,0,0,65.22,65.22,0,0,0,100.00,0,1,24,1,1,20,20,0,0,0,4118822353,0.03931,0.01343,0.95166,0.95257,-0.00479,-0.00055,-0.00247,0.00541,0.95319,0.00349,0.00642,3,12147,0,6750,0.16436,0.09546,0.58083,100,1,95.479,83,1,3,4301,187491,0,0,0.000,6.300,22.784,0,0.000,12.962,41.186,0,0,2,0,8
PPG,3,102901,4117591552,131,76117,82270,82358.336,-88.336,15.711,0,0,0,0,65.22,65.22,0,0,0,100.00,0,1,24,1,1,21,21,0,0,0,4118861399,0.03662,0.00586,0.95483,0.95555,-0.00612,0.00025,-0.00114,0.00623,0.95603,0.00540,0.00646,3,12119,0,6750,0.16436,0.09546,0.58083,100,1,95.479,83,1,3,4298,187491,0,0,0.000,6.300,22.784,0,0.000,12.962,41.186,0,0,2,0,8
PPG,3,102902,4117631552,132,76113,82251,82357.266,-106.266,36.133,0,0,0,0,65.22,65.22,0,0,0,100.00,0,1,24,1,1,22,22,0,0,0,4118900372,0.04053,0.00342,0.94995,0.95082,-0.00505,0.00025,-0.00194,0.00542,0.95661,0.01228,0.00609,3,12120,0,6750,0.16436,0.09546,0.58083,100,1,95.479,83,1,3,2599,187491,0,0,0.000,6.300,22.784,0,0.000,12.962,41.186,0,0,2,0,8
PPG,3,102903,4117671552,130,76109,82281,82356.500,-75.500,55.742,0,0,0,0,65.22,65.22,0,0,0,100.00,0,1,24,1,1,23,23,0,0,0,4118941965,0.03711,0.00513,0.94775,0.94849,-0.00479,-0.00055,-0.00194,0.00519,0.95336,0.00487,0.00535,3,12113,0,6750,0.16436,0.09546,0.58083,100,1,95.479,83,1,3,4298,187491,0,0,0.000,6.300,22.784,0,0.000,12.962,41.186,0,0,2,0,8
PPG,3,102904,4117711552,137,76128,82285,82355.781,-70.781,67.961,0,0,0,0,65.22,65.22,0,0,0,100.00,0,1,24,1,1,24,24,0,0,0,4118978123,0.03687,0.00781,0.95044,0.95119,-0.00585,-0.00028,-0.00194,0.00617,0.95465,0.00616,0.00697,2,21493,0,6751,0.16436,0.09546,0.58083,100,1,95.479,83,1,3,2589,187491,0,0,0.000,6.300,22.784,0,0.000,12.962,41.186,0,0,2,0,8
PPG,3,102905,4117751552,132,76136,82325,82355.477,-30.477,78.312,0,0,0,0,65.22,65.22,0,0,0,100.00,0,1,24,1,1,25,25,0,0,0,4119022470,0.03442,0.00562,0.95361,0.95425,-0.00558,-0.00081,-0.00114,0.00576,0.95425,0.00409,0.00613,3,12177,0,6752,0.16436,0.09546,0.58083,100,1,95.479,83,1,3,4295,187491,0,0,0.000,6.300,22.784,0,0.000,12.962,41.186,0,0,2,0,8
PPG,3,102906,4117791552,171,76132,82315,82355.070,-40.070,78.758,0,0,0,0,65.22,65.22,0,0,0,100.00,0,1,24,1,1,26,26,0,0,0,4119061486,0.03760,0.00537,0.95239,0.95315,-0.00585,-0.00135,-0.00167,0.00623,0.95526,0.00211,0.00714,3,12109,0,6752,0.16436,0.09546,0.58083,100,1,95.479,83,1,3,4294,187491,0,0,0.000,6.300,22.784,0,0.000,12.962,41.186,0,0,2,0,8
PPG,3,102907,4117831552,172,76108,82191,82353.430,-162.430,66.602,0,0,0,0,65.22,65.22,0,0,0,100.00,0,1,24,1,1,27,27,0,0,0,4119100488,0.03735,0.00635,0.95020,0.95095,-0.00532,-0.00081,-0.00194,0.00572,0.95214,0.00119,0.00678,3,12114,0,6752,0.16436,0.09546,0.58083,100,1,95.479,83,1,3,2598,187491,0,0,0.000,6.300,22.784,0,0.000,12.962,41.186,0,0,2,0,8
PPG,3,102908,4117871552,134,76073,82091,82350.805,-259.805,41.633,0,0,0,0,65.22,65.22,0,0,0,100.00,0,1,24,1,1,28,28,0,0,0,4119142111,0.03857,0.00464,0.95020,0.95099,-0.00585,-0.00081,-0.00114,0.00602,0.95144,0.00397,0.00679,3,12131,0,6752,0.16436,0.09546,0.58083,100,1,95.479,83,1,3,4298,187491,0,0,0.000,6.300,22.784,0,0.000,12.962,41.186,0,0,2,0,8
PPG,3,102909,4117911552,129,76047,82051,82347.805,-296.805,15.656,0,0,0,0,65.22,65.22,0,0,0,100.00,0,1,24,1,1,29,29,0,0,0,4119181087,0.03906,0.00684,0.94507,0.94590,-0.00532,-0.00055,-0.00194,0.00569,0.95496,0.00906,0.00651,3,12125,0,6752,0.16436,0.09546,0.58083,100,1,95.479,83,1,3,2606,187491,0,0,0.000,6.300,22.784,0,0.000,12.962,41.186,0,0,2,0,8
PPG,3,102910,4117951552,130,76048,82063,82344.953,-281.953,-11.836,0,0,0,0,65.22,65.22,0,0,0,100.00,0,1,24,1,1,30,30,0,0,0,4119222674,0.03833,0.00415,0.95825,0.95903,-0.00585,-0.00028,-0.00247,0.00636,0.95903,0.00660,0.00810,3,12147,0,6752,0.16436,0.09546,0.58083,100,1,95.479,83,1,3,4330,187491,0,0,0.000,6.300,22.784,0,0.000,12.962,41.186,0,0,2,0,8
PPG,3,102911,4117991552,129,76059,82073,82342.234,-269.234,-38.719,0,0,0,0,65.22,65.22,0,0,0,100.00,0,1,24,1,1,31,31,0,0,0,4119262138,0.03662,0.00806,0.95288,0.95362,-0.00558,-0.00081,-0.00194,0.00597,0.95662,0.01224,0.00669,3,12195,0,6752,0.16436,0.09546,0.58083,100,1,95.479,83,1,3,4300,187491,0,0,0.000,6.300,22.784,0,0.000,12.962,41.186,0,0,2,0,8
PPG,3,102912,4118031552,131,76076,82093,82339.742,-246.742,-70.414,0,0,0,0,65.22,65.22,0,0,0,100.00,0,1,24,1,1,0,0,0,0,0,4119301174,0.03882,0.00513,0.94775,0.94856,-0.00558,-0.00108,-0.00300,0.00643,0.95257,0.00439,0.00703,3,12115,0,6752,0.16436,0.09546,0.58083,100,1,95.479,83,1,3,2606,187491,0,0,0.000,6.300,22.784,0,0.000,12.962,41.186,0,0,2,0,8
PPG,3,102913,4118071552,129,76054,82078,82337.125,-259.125,-102.422,0,0,0,0,65.22,65.22,0,0,0,100.00,0,1,24,1,1,1,1,0,0,0,4119342782,0.03564,0.00269,0.95410,0.95477,-0.00532,-0.00081,-0.00061,0.00541,0.95477,0.00389,0.00667,3,12141,0,6752,0.16436,0.09546,0.58083,100,1,95.479,83,1,3,4310,187491,0,0,87.570,6.300,22.784,1,0.000,12.962,41.186,0,0,2,0,8
PPG,3,102914,4118111552,204,76060,82075,82334.500,-259.500,-115.594,1,0,1,880,68.18,68.18,0,0,0,100.00,0,1,24,1,1,2,2,0,0,0,4119381892,0.03491,0.00854,0.95093,0.95161,-0.00612,-0.00135,-0.00141,0.00642,0.95161,0.00489,0.00642,3,12113,0,6752,0.16436,0.09546,0.58083,100,1,95.479,83,1,3,4295,187491,0,0,0.000,6.300,22.784,0,237.195,12.962,41.186,1,1,2,0,8
PPG,3,102915,4118151552,128,76078,82067,82331.828,-264.828,-113.523,0,0,0,0,68.18,68.18,0,0,0,100.00,0,1,24,1,1,3,3,0,0,0,4119421145,0.03882,0.01050,0.94775,0.94861,-0.00558,0.00025,-0.00141,0.00576,0.95769,0.00821,0.00626,3,12120,0,6752,0.16436,0.09546,0.58083,100,1,95.479,83,1,3,2651,187491,0,0,0.000,6.418,23.566,0,0.000,13.336,42.921,0,0,2,0,8
PPG,3,102916,4118191552,130,76060,82062,82329.133,-267.133,-104.797,0,0,0,0,68.18,68.18,0,0,0,100.00,0,1,24,1,1,4,4,0,0,0,4119463113,0.03979,0.00513,0.94800,0.94885,-0.00505,-0.00055,-0.00061,0.00512,0.96267,0.01383,0.00512,3,12294,0,6752,0.16436,0.09546,0.58083,100,1,95.479,83,1,3,4328,187491,0,0,0.000,6.418,23.566,0,0.000,13.336,42.921,0,0,2,0,8
PPG,3,102917,4118231552,130,76072,82097,82326.812,-229.812,-92.789,0,0,0,0,68.18,68.18,0,0,0,100.00,0,1,24,1,1,5,5,0,0,0,4119502440,0.03735,0.00391,0.95215,0.95289,-0.00532,-0.00081,-0.00167,0.00563,0.95455,0.00570,0.00616,3,12248,0,6752,0.16436,0.09546,0.58083,100,1,95.479,83,1,3,4344,187491,0,0,0.000,6.418,23.566,0,0.000,13.336,42.921,0,0,2,0,8
PPG,3,102918,4118271552,135,76079,82132,82324.867,-192.867,-79.312,0,0,0,0,68.18,68.18,0,0,0,100.00,0,1,24,1,1,6,6,0,0,0,4119541807,0.03760,0.00830,0.94604,0.94683,-0.00558,-0.00001,-0.00274,0.00622,0.95344,0.00661,0.00622,3,12253,0,6752,0.16436,0.09546,0.58083,100,1,95.479,83,1,3,4327,187491,0,0,0.000,6.418,23.566,0,0.000,13.336,42.921,0,0,2,0,8
PPG,3,102919,4118311552,541,76079,82133,82322.945,-189.945,-67.297,0,0,0,0,68.18,68.18,0,0,0,100.00,0,0,24,1,1,7,7,0,0,0,4119581230,0.04175,0.00977,0.95947,0.96043,-0.00585,-0.00081,-0.00167,0.00614,0.96043,0.00940,0.00614,3,12248,0,6752,0.19623,0.11699,0.59617,98,1,95.096,93,1,3,2630,187491,0,0,0.000,6.418,23.566,0,0.000,13.336,42.921,0,0,2,0,8
PPG,3,102920,4118351552,181,76080,82163,82321.344,-158.344,-50.656,0,0,0,0,68.18,68.18,0,0,0,100.00,0,0,24,1,1,8,8,0,0,0,4119623686,0.03906,0.00562,0.95190,0.95272,-0.00638,-0.00055,-0.00247,0.00687,0.95388,0.01103,0.00687,3,12276,0,6752,0.19623,0.11699,0.59617,98,1,95.096,93,1,3,4341,187491,0,0,0.000,6.418,23.566,0,0.000,13.336,42.921,0,0,2,0,8
PPG,3,102921,4118391552,127,76107,82181,82319.938,-138.938,-31.062,0,0,0,0,68.18,68.18,0,0,0,100.00,0,0,24,1,1,9,9,0,0,0,4119663084,0.04028,0.00415,0.94580,0.94667,-0.00505,-0.00108,-0.00141,0.00535,0.95442,0.00726,0.00636,3,12239,0,6752,0.19623,0.11699,0.59617,98,1,95.096,93,1,3,4340,187491,0,0,0.000,6.418,23.566,0,0.000,13.336,42.921,0,0,2,0,8
PPG,3,102922,4118431552,147,76082,82178,82318.516,-140.516,-11.562,0,0,0,0,68.18,68.18,0,0,0,100.00,0,0,24,1,1,10,10,0,0,0,4119702410,0.03809,0.00586,0.95313,0.95390,-0.00612,-0.00081,-0.00114,0.00628,0.95420,0.00463,0.00676,3,12234,0,6752,0.19623,0.11699,0.59617,98,1,95.096,93,1,3,4315,187491,0,0,0.000,6.418,23.566,0,0.000,13.336,42.921,0,0,2,0,8
PPG,3,102923,4118471552,135,76082,82174,82317.070,-143.070,9.789,0,0,0,0,68.18,68.18,0,0,0,100.00,0,0,24,1,1,11,11,0,0,0,4119741889,0.03247,0.00537,0.94873,0.94930,-0.00638,-0.00081,-0.00167,0.00665,0.95452,0.00522,0.00665,3,12293,0,6752,0.19623,0.11699,0.59617,98,1,95.096,93,1,3,4332,187491,0,0,0.000,6.418,23.566,0,0.000,13.336,42.921,0,0,2,0,8
PPG,3,102924,4118511552,130,76082,82212,82316.023,-104.023,29.867,0,0,0,0,68.18,68.18,0,0,0,100.00,0,0,24,1,1,12,12,0,0,0,4119781150,0.04492,0.00415,0.96167,0.96273,-0.00638,-0.00081,-0.00274,0.00699,0.96273,0.01053,0.00702,3,12207,0,6752,0.19623,0.11699,0.59617,98,1,95.096,93,1,3,2640,187491,0,0,0.000,6.418,23.566,0,0.000,13.336,42.921,0,0,2,0,8
PPG,3,102925,4118551552,138,76098,82235,82315.211,-80.211,49.086,0,0,0,0,68.18,68.18,0,0,0,100.00,0,0,24,1,1,13,13,0,0,0,4119823051,0.03613,0.00391,0.95654,0.95723,-0.00479,-0.00135,-0.00167,0.00524,0.95723,0.01145,0.00617,3,12259,0,6752,0.19623,0.11699,0.59617,98,1,95.096,93,1,3,4339,187491,0,0,0.000,6.418,23.566,0,0.000,13.336,42.921,0,0,2,0,8
PPG,3,102926,4118591552,130,76121,82261,82314.672,-53.672,70.070,0,0,0,0,68.18,68.18,0,0,0,100.00,0,0,24,1,1,14,14,0,0,0,4119862362,0.03638,0.00830,0.95215,0.95288,-0.00558,-0.00055,-0.00141,0.00578,0.95512,0.00384,0.00626,3,12238,0,6752,0.19623,0.11699,0.59617,98,1,95.096,93,1,3,4333,187491,0,0,0.000,6.418,23.566,0,0.000,13.336,42.921,0,0,2,0,8
PPG,3,102927,4118631552,129,76079,82194,82313.469,-119.469,74.352,0,0,0,0,68.18,68.18,0,0,0,100.00,0,0,24,1,1,15,15,0,0,0,4119901625,0.03662,0.00488,0.95264,0.95335,-0.00585,-0.00081,-0.00167,0.00614,0.95335,0.00248,0.00633,3,12234,0,6752,0.19623,0.11699,0.59617,98,1,95.096,93,1,3,4318,187491,0,0,0.000,6.418,23.566,0,0.000,13.336,42.921,0,0,2,0,8
PPG,3,102928,4118671552,208,76044,82072,82311.055,-239.055,59.727,0,0,0,0,68.18,68.18,0,0,0,100.00,0,0,24,1,1,16,16,0,0,0,4119940924,0.04175,0.00781,0.95532,0.95627,-0.00479,-0.00028,-0.00194,0.00517,0.95627,0.00401,0.00660,3,12261,0,6752,0.19623,0.11699,0.59617,98,1,95.096,93,1,3,2625,187491,0,0,0.000,6.418,23.566,0,0.000,13.336,42.921,0,0,2,0,8
PPG,3,102929,4118711552,194,76007,81975,82307.695,-332.695,34.531,0,0,0,0,68.18,68.18,0,0,0,100.00,0,0,24,2,2,18,18,0,0,0,4120039802,0.03516,0.00684,0.95361,0.95429,-0.00665,-0.00028,-0.00167,0.00686,0.95429,0.00518,0.00686,3,59741,0,6757,0.19623,0.11699,0.59617,98,1,95.096,93,1,3,59643,187491,0,0,0.000,6.418,23.566,0,0.000,13.336,42.921,0,0,2,0,8
PPG,3,102930,4118751552,43,76006,81958,82304.195,-346.195,8.922,0,0,0,0,68.18,68.18,0,0,0,100.00,0,0,24,2,2,18,18,0,0,0,4120039802,0.03516,0.00684,0.95361,0.95429,-0.00665,-0.00028,-0.00167,0.00686,0.00000,0.00000,0.00000,0,59741,0,6757,0.19623,0.11699,0.59617,98,1,95.096,93,1,3,59643,187491,0,0,0.000,6.418,23.566,0,0.000,13.336,42.921,0,0,2,0,8
PPG,3,102931,4118791552,131,75997,81953,82300.680,-347.680,-22.078,0,0,0,0,68.18,68.18,0,0,0,100.00,0,0,24,1,1,19,19,0,0,0,4120066145,0.03735,0.00293,0.95068,0.95142,-0.00638,-0.00081,-0.00114,0.00654,0.95142,0.00303,0.00688,2,12567,0,6757,0.19623,0.11699,0.59617,98,1,95.096,93,1,3,2627,187491,0,0,0.000,6.418,23.566,0,0.000,13.336,42.921,0,0,2,0,8
PPG,3,102932,4118831552,130,75972,81944,82297.109,-353.109,-56.203,0,0,0,0,68.18,68.18,0,0,0,100.00,0,0,24,1,1,20,20,0,0,0,4120102751,0.03906,0.00562,0.95020,0.95101,-0.00585,-0.00001,-0.00061,0.00588,0.95101,0.00518,0.00630,3,12118,0,6757,0.19623,0.11699,0.59617,98,1,95.096,93,1,3,4297,187491,0,0,0.000,6.418,23.566,0,0.000,13.336,42.921,0,0,2,0,8
PPG,3,102933,4118871552,205,75980,81960,82293.742,-333.742,-93.297,0,0,0,0,68.18,68.18,0,0,0,100.00,0,0,24,1,1,21,21,0,0,0,4120141760,0.03760,0.00122,0.94580,0.94655,-0.00585,-0.00028,-0.00087,0.00592,0.95511,0.00856,0.00633,3,12129,0,6757,0.19623,0.11699,0.59617,98,1,95.096,93,1,3,4294,187491,0,0,0.000,6.418,23.566,0,0.000,13.336,42.921,0,0,2,0,8
PPG,3,102934,4118911552,130,75966,81943,82290.234,-347.234,-122.562,0,0,0,0,68.18,68.18,0,0,0,100.00,0,0,24,1,1,22,22,0,0,0,4120180977,0.03491,0.00073,0.95386,0.95450,-0.00612,-0.00055,-0.00167,0.00637,0.95450,0.00349,0.00637,3,12167,0,6757,0.19623,0.11699,0.59617,98,1,95.096,93,1,3,2601,187491,0,0,0.000,6.418,23.566,0,0.000,13.336,42.921,0,0,2,0,8
PPG,3,102935,4118951552,154,75979,81931,82286.641,-355.641,-135.898,1,0,1,860,68.18,68.18,0,0,0,100.00,0,0,24,1,1,23,23,0,0,0,4120222595,0.03613,0.00342,0.95166,0.95235,-0.00612,0.00025,-0.00221,0.00651,0.95235,0.00713,0.00688,3,12119,0,6757,0.19623,0.11699,0.59617,98,1,95.096,93,1,3,4298,187491,0,0,59.383,6.418,23.566,1,189.945,13.336,42.921,1,1,2,0,8
PPG,3,102936,4118991552,127,75982,81923,82283.008,-360.008,-136.383,0,0,0,0,68.18,68.18,0,0,0,100.00,0,0,24,1,1,24,24,0,0,0,4120261692,0.04297,0.00610,0.95166,0.95265,-0.00638,-0.00001,-0.00167,0.00660,0.95265,0.00265,0.00660,3,12130,0,6757,0.19623,0.11699,0.59617,98,1,95.096,93,1,3,4301,187491,0,0,0.000,6.345,23.082,0,0.000,13.368,43.068,0,0,2,0,8
PPG,3,102937,4119031552,131,75980,81935,82279.531,-344.531,-131.562,0,0,0,0,68.18,68.18,0,0,0,100.00,0,0,24,1,1,25,25,0,0,0,4120300640,0.03809,0.00415,0.94800,0.94877,-0.00505,-0.00055,-0.00221,0.00554,0.95310,0.00391,0.00602,3,12113,0,6757,0.19623,0.11699,0.59617,98,1,95.096,93,1,3,2595,187491,0,0,0.000,6.345,23.082,0,0.000,13.368,43.068,0,0,2,0,8
PPG,3,102938,4119071552,131,75985,81971,82276.445,-305.445,-120.938,0,0,0,0,68.18,68.18,0,0,0,100.00,0,0,24,1,1,26,26,0,0,0,4120342238,0.03955,0.00439,0.94897,0.94981,-0.00638,-0.00028,-0.00167,0.00661,0.95347,0.00447,0.00671,3,12119,0,6757,0.19623,0.11699,0.59617,98,1,95.096,93,1,3,4324,187491,0,0,0.000,6.345,23.082,0,0.000,13.368,43.068,0,0,2,0,8
PPG,3,102939,4119111552,132,75995,82006,82273.742,-267.742,-105.742,0,0,0,0,68.18,68.18,0,0,0,100.00,0,0,24,1,1,27,27,0,0,0,4120381281,0.03882,0.00513,0.95288,0.95368,-0.00558,-0.00055,-0.00247,0.00613,0.95368,0.00455,0.00706,3,12128,0,6757,0.19623,0.11699,0.59617,98,1,95.096,93,1,3,2595,187491,0,0,0.000,6.345,23.082,0,0.000,13.368,43.068,0,0,2,0,8
PPG,3,102940,4119151552,130,75997,82028,82271.281,-243.281,-89.273,0,0,0,0,68.18,68.18,0,0,0,100.00,0,0,24,1,1,28,28,0,0,0,4120422858,0.04150,0.00171,0.95752,0.95842,-0.00532,-0.00135,-0.00167,0.00574,0.95842,0.01115,0.00612,3,12117,0,6757,0.19623,0.11699,0.59617,98,1,95.096,93,1,3,4301,187491,0,0,0.000,6.345,23.082,0,0.000,13.368,43.068,0,0,2,0,8
PPG,3,102941,4119191552,131,76004,82043,82269.000,-226.000,-68.086,0,0,0,0,68.18,68.18,0,0,0,100.00,0,0,24,1,1,29,29,0,0,0,4120461854,0.03760,0.00391,0.95581,0.95656,-0.00665,-0.00055,-0.00167,0.00688,0.95656,0.00841,0.00706,3,12132,0,6757,0.19623,0.11699,0.59617,98,1,95.096,93,1,3,4297,187491,0,0,0.000,6.345,23.082,0,0.000,13.368,43.068,0,0,2,0,8
PPG,3,102942,4119231552,130,75994,82041,82266.719,-225.719,-45.523,0,0,0,0,68.18,68.18,0,0,0,100.00,0,0,24,1,1,30,30,0,0,0,4120500828,0.03662,0.00464,0.95093,0.95164,-0.00665,-0.00081,-0.00061,0.00673,0.95592,0.00428,0.00705,3,12137,0,6757,0.19623,0.11699,0.59617,98,1,95.096,93,1,3,2601,187491,0,0,0.000,6.345,23.082,0,0.000,13.368,43.068,0,0,2,0,8
PPG,3,102943,4119271552,131,76016,82073,82264.781,-191.781,-19.039,0,0,0,0,68.18,68.18,0,0,0,100.00,0,0,24,1,1,31,31,0,0,0,4120542429,0.03857,0.00952,0.95679,0.95761,-0.00612,-0.00161,-0.00114,0.00643,0.95761,0.00322,0.00643,3,12133,0,6757,0.19623,0.11699,0.59617,98,1,95.096,93,1,3,4301,187491,0,0,0.000,6.345,23.082,0,0.000,13.368,43.068,0,0,2,0,8
PPG,3,102944,4119311552,522,76014,82084,82262.977,-178.977,8.641,0,0,0,0,68.18,68.18,0,0,0,nan,4,0,24,1,1,0,0,0,0,0,4120581444,0.03711,0.00781,0.95337,0.95412,-0.00612,-0.00028,-0.00194,0.00642,0.95486,0.00275,0.00678,3,12131,0,6757,0.20800,0.12741,0.61256,91,1,94.686,115,1,3,2595,187491,0,0,0.000,6.345,23.082,0,0.000,13.368,43.068,0,0,2,0,8
PPG,3,102945,4119351552,181,76017,82097,82261.320,-164.320,33.539,0,0,0,0,68.18,68.18,0,0,0,nan,4,0,24,1,1,1,1,0,0,0,4120623429,0.03955,0.00122,0.95264,0.95346,-0.00532,-0.00108,-0.00221,0.00586,0.95346,0.00688,0.00586,3,12124,0,6757,0.20800,0.12741,0.61256,91,1,94.686,115,1,3,4300,187491,0,0,0.000,6.345,23.082,0,0.000,13.368,43.068,0,0,2,0,8
PPG,3,102946,4119391552,131,76019,82142,82260.125,-118.125,58.922,0,0,0,0,68.18,68.18,0,0,0,nan,4,0,24,1,1,2,2,0,0,0,4120662516,0.03979,0.00708,0.95020,0.95105,-0.00558,-0.00081,-0.00167,0.00589,0.95322,0.00454,0.00673,3,12182,0,6757,0.20800,0.12741,0.61256,91,1,94.686,115,1,3,4297,187491,0,0,0.000,6.345,23.082,0,0.000,13.368,43.068,0,0,2,0,8
PPG,3,102947,4119431552,172,76030,82156,82259.086,-103.086,79.109,0,0,0,0,68.18,68.18,0,0,0,nan,4,0,24,1,1,3,3,0,0,0,4120701458,0.03955,0.00488,0.94727,0.94810,-0.00585,-0.00001,-0.00061,0.00588,0.95910,0.01031,0.00628,3,12117,0,6757,0.20800,0.12741,0.61256,91,1,94.686,115,1,3,2598,187491,0,0,0.000,6.345,23.082,0,0.000,13.368,43.068,0,0,2,0,8
PPG,3,102948,4119471552,134,76031,82162,82258.117,-96.117,91.609,0,0,0,0,68.18,68.18,0,0,0,nan,4,0,24,1,1,4,4,0,0,0,4120743071,0.03809,0.00659,0.95801,0.95879,-0.00612,-0.00081,-0.00167,0.00639,0.95879,0.00605,0.00639,3,12131,0,6757,0.20800,0.12741,0.61256,91,1,94.686,115,1,3,4315,187491,0,0,0.000,6.345,23.082,0,0.000,13.368,43.068,0,0,2,0,8
PPG,3,102949,4119511552,181,76000,82031,82255.844,-224.844,87.383,0,0,0,0,68.18,68.18,0,0,0,nan,4,0,24,1,1,5,5,0,0,0,4120782032,0.03467,0.00586,0.94995,0.95060,-0.00532,0.00052,-0.00141,0.00553,0.95060,0.01004,0.00644,3,12115,0,6757,0.20800,0.12741,0.61256,91,1,94.686,115,1,3,4299,187491,0,0,0.000,6.345,23.082,0,0.000,13.368,43.068,0,0,2,0,8
PPG,3,102950,4119551552,174,75971,81889,82252.172,-363.172,64.539,0,0,0,0,68.18,68.18,0,0,0,nan,4,0,24,1,1,6,6,0,0,0,4120820992,0.03662,0.00830,0.95410,0.95484,-0.00558,-0.00081,-0.00141,0.00582,0.95484,0.00452,0.00677,3,12107,0,6757,0.20800,0.12741,0.61256,91,1,94.686,115,1,3,2597,187491,0,0,0.000,6.345,23.082,0,0.000,13.368,43.068,0,0,2,0,8
PPG,3,102951,4119591552,132,75928,81826,82247.914,-421.914,34.039,0,0,0,0,68.18,68.18,0,0,0,nan,4,0,24,1,1,7,7,0,0,0,4120862605,0.03735,0.00977,0.94629,0.94708,-0.00665,-0.00001,-0.00167,0.00686,0.95070,0.00414,0.00693,3,12157,0,6757,0.20800,0.12741,0.61256,91,1,94.686,115,1,3,4296,187491,0,0,0.000,6.345,23.082,0,0.000,13.368,43.068,0,0,2,0,8
PPG,3,102952,4119631552,131,75922,81797,82243.406,-446.406,-1.469,0,0,0,0,68.18,68.18,0,0,0,nan,4,0,24,1,1,8,8,0,0,0,4120901544,0.03955,0.00488,0.95679,0.95762,-0.00585,-0.00081,-0.00221,0.00631,0.95762,0.00469,0.00631,3,12111,0,6757,0.20800,0.12741,0.61256,91,1,94.686,115,1,3,2599,187491,0,0,0.000,6.345,23.082,0,0.000,13.368,43.068,0,0,2,0,8
PPG,3,102953,4119671552,135,75907,81795,82238.922,-443.922,-42.789,0,0,0,0,68.18,68.18,0,0,0,nan,4,0,24,1,1,9,9,0,0,0,4120943111,0.03613,0.00464,0.95190,0.95260,-0.00665,-0.00028,-0.00141,0.00680,0.95260,0.01364,0.00680,3,12136,0,6757,0.20800,0.12741,0.61256,91,1,94.686,115,1,3,4298,187491,0,0,0.000,6.345,23.082,0,0.000,13.368,43.068,0,0,2,0,8
PPG,3,102954,4119711552,137,75912,81797,82234.500,-437.500,-86.781,0,0,0,0,68.18,68.18,0,0,0,nan,4,0,24,1,1,10,10,0,0,0,4120981919,0.03882,0.00928,0.94873,0.94957,-0.00558,-0.00028,-0.00194,0.00592,0.95486,0.00529,0.00653,2,24157,0,6758,0.20800,0.12741,0.61256,91,1,94.686,115,1,3,4383,187491,0,0,0.000,6.345,23.082,0,0.000,13.368,43.068,0,0,2,0,8
PPG,3,102955,4119751552,133,75926,81833,82230.484,-397.484,-128.883,0,0,0,0,68.18,68.18,0,0,0,nan,4,0,24,1,1,11,11,0,0,0,4121020964,0.03638,0.00781,0.95117,0.95190,-0.00638,-0.00108,-0.00274,0.00703,0.95219,0.00238,0.00703,3,12118,0,6758,0.20800,0.12741,0.61256,91,1,94.686,115,1,3,2599,187491,0,0,0.000,6.345,23.082,0,0.000,13.368,43.068,0,0,2,0,8
PPG,3,102956,4119791552,130,75917,81835,82226.531,-391.531,-152.477,1,0,0,0,68.18,68.18,0,0,0,nan,4,0,24,1,1,12,12,0,0,0,4121062537,0.04028,0.00513,0.95581,0.95667,-0.00638,-0.00028,-0.00221,0.00676,0.95667,0.00503,0.00681,3,12134,0,6758,0.20800,0.12741,0.61256,91,1,94.686,115,1,3,4305,187491,0,0,0.000,6.345,23.082,0,227.992,13.368,43.068,1,0,2,0,8
PPG,3,102957,4119831552,156,75912,81826,82222.523,-396.523,-156.031,0,0,1,860,68.18,68.18,0,0,0,nan,4,0,24,1,1,13,13,0,0,0,4121101499,0.03760,0.00586,0.94995,0.95071,-0.00665,-0.00055,-0.00247,0.00712,0.95323,0.00344,0.00712,3,12109,0,6758,0.20800,0.12741,0.61256,91,1,94.686,115,1,3,2599,187491,0,0,81.828,6.345,23.082,1,0.000,13.368,43.068,0,1,2,0,8
PPG,3,102958,4119871552,133,75907,81825,82218.547,-393.547,-148.867,0,0,0,0,68.18,68.18,0,0,0,nan,4,0,24,1,1,14,14,0,0,0,4121143124,0.03784,0.00537,0.95142,0.95218,-0.00585,-0.00055,-0.00167,0.00611,0.95256,0.00185,0.00642,3,12131,0,6758,0.20800,0.12741,0.61256,91,1,94.686,115,1,3,4296,187491,0,0,0.000,6.421,23.589,0,0.000,13.633,44.301,0,0,2,0,8
PPG,3,102959,4119911552,132,75922,81837,82214.734,-377.734,-134.711,0,0,0,0,68.18,68.18,0,0,0,nan,4,0,24,1,1,15,15,0,0,0,4121182215,0.03857,0.00928,0.95361,0.95444,-0.00585,-0.00161,-0.00114,0.00618,0.95601,0.00383,0.00655,3,12227,0,6758,0.20800,0.12741,0.61256,91,1,94.686,115,1,3,4330,187491,0,0,0.000,6.421,23.589,0,0.000,13.633,44.301,0,0,2,0,8
PPG,3,102960,4119951552,133,75949,81875,82211.336,-336.336,-115.633,0,0,0,0,68.18,68.18,0,0,0,nan,4,0,24,1,1,16,16,0,0,0,4121221376,0.04150,0.00220,0.95361,0.95452,-0.00638,-0.00001,-0.00034,0.00639,0.95452,0.00755,0.00668,3,12124,0,6758,0.20800,0.12741,0.61256,91,1,94.686,115,1,3,2595,187491,0,0,0.000,6.421,23.589,0,0.000,13.633,44.301,0,0,2,0,8
PPG,3,102961,4119991552,131,75991,81926,82208.484,-282.484,-91.352,0,0,0,0,68.18,68.18,0,0,0,nan,4,0,24,1,1,17,17,0,0,0,4121262964,0.03662,0.00366,0.94995,0.95066,-0.00505,-0.00028,-0.00114,0.00519,0.95145,0.00382,0.00641,3,12118,0,6758,0.20800,0.12741,0.61256,91,1,94.686,115,1,3,4311,187491,0,0,0.000,6.421,23.589,0,0.000,13.633,44.301,0,0,2,0,8
PPG,3,102962,4120031552,133,75981,81960,82206.000,-246.000,-69.156,0,0,0,0,68.18,68.18,0,0,0,nan,4,0,24,1,1,18,18,0,0,0,4121302088,0.03516,0.00317,0.95190,0.95256,-0.00532,-0.00001,-0.00194,0.00566,0.95560,0.00413,0.00592,3,12232,0,6758,0.20800,0.12741,0.61256,91,1,94.686,115,1,3,4322,187491,0,0,0.000,6.421,23.589,0,0.000,13.633,44.301,0,0,2,0,8
PPG,3,102963,4120071552,131,75981,81963,82203.570,-240.570,-45.367,0,0,0,0,68.18,68.18,0,0,0,nan,4,0,24,1,1,19,19,0,0,0,4121341158,0.03760,0.00635,0.95117,0.95194,-0.00585,-0.00081,-0.00034,0.00592,0.95908,0.00715,0.00644,3,12260,0,6758,0.20800,0.12741,0.61256,91,1,94.686,115,1,3,2608,187491,0,0,0.000,6.421,23.589,0,0.000,13.633,44.301,0,0,2,0,8
PPG,3,102964,4120111552,141,75971,81977,82201.305,-224.305,-18.453,0,0,0,0,68.18,68.18,0,0,0,nan,4,0,24,1,1,20,20,0,0,0,4121383027,0.03857,0.00317,0.95117,0.95196,-0.00612,-0.00028,-0.00327,0.00694,0.95196,0.00444,0.00694,3,12327,0,6758,0.20800,0.12741,0.61256,91,1,94.686,115,1,3,4321,187491,0,0,0.000,6.421,23.589,0,0.000,13.633,44.301,0,0,2,0,8
PPG,3,102965,4120151552,132,75972,81981,82199.102,-218.102,9.641,0,0,0,0,68.18,68.18,0,0,0,nan,4,0,24,1,1,21,21,0,0,0,4121422373,0.03955,0.00342,0.95605,0.95688,-0.00612,0.00079,-0.00221,0.00655,0.95688,0.00805,0.00655,3,12261,0,6758,0.20800,0.12741,0.61256,91,1,94.686,115,1,3,4342,187491,0,0,0.000,6.421,23.589,0,0.000,13.633,44.301,0,0,2,0,8
PPG,3,102966,4120191552,193,75977,82006,82197.172,-191.172,40.578,0,0,0,0,68.18,68.18,0,0,0,nan,4,0,24,1,1,22,22,0,0,0,4121461693,0.03711,0.00903,0.95654,0.95731,-0.00505,-0.00001,-0.00141,0.00524,0.95731,0.00756,0.00662,3,12247,0,6758,0.20800,0.12741,0.61256,91,1,94.686,115,1,3,2638,187491,0,0,0.000,6.421,23.589,0,0.000,13.633,44.301,0,0,2,0,8
PPG,3,102967,4120231552,140,75978,82029,82195.492,-166.492,68.930,0,0,0,0,68.18,68.18,0,0,0,nan,4,0,24,1,1,23,23,0,0,0,4121503800,0.04224,0.00195,0.95508,0.95601,-0.00532,-0.00081,-0.00114,0.00550,0.95601,0.00958,0.00591,3,12253,0,6758,0.20800,0.12741,0.61256,91,1,94.686,115,1,3,4348,187491,0,0,0.000,6.421,23.589,0,0.000,13.633,44.301,0,0,2,0,8
PPG,3,102968,4120271552,130,75984,82055,82194.086,-139.086,92.711,0,0,0,0,68.18,68.18,0,0,0,nan,4,0,24,1,1,24,24,0,0,0,4121543158,0.03857,0.00635,0.95361,0.95441,-0.00505,-0.00028,-0.00194,0.00542,0.95441,0.00440,0.00626,3,12263,0,6758,0.20800,0.12741,0.61256,91,1,94.686,115,1,3,4320,187491,0,0,0.000,6.421,23.589,0,0.000,13.633,44.301,0,0,2,0,8
PPG,3,102969,4120311552,522,76020,82087,82193.016,-106.016,108.047,0,0,0,0,68.18,68.18,0,0,0,nan,4,0,24,1,1,25,25,0,0,0,4121582474,0.03711,0.00854,0.94409,0.94486,-0.00558,-0.00001,-0.00167,0.00583,0.95151,0.01431,0.00636,3,12297,0,6758,0.19895,0.11085,0.55718,99,1,96.070,107,1,3,4335,187491,0,0,0.000,6.421,23.589,0,0.000,13.633,44.301,0,0,2,0,8
PPG,3,102970,4120351552,195,76034,82132,82192.406,-60.406,120.039,0,0,0,0,68.18,68.18,0,0,0,nan,4,0,24,1,1,26,26,0,0,0,4121622194,0.03735,0.00464,0.95435,0.95509,-0.00558,-0.00001,-0.00167,0.00583,0.95509,0.00741,0.00592,3,12238,0,6758,0.19895,0.11085,0.55718,99,1,96.070,107,1,3,4317,187491,0,0,0.000,6.421,23.589,0,0.000,13.633,44.301,0,0,2,0,8
PPG,3,102971,4120391552,133,76062,82180,82192.281,-12.281,131.344,0,0,0,0,68.18,68.18,0,0,0,nan,4,0,24,1,1,27,27,0,0,0,4121661533,0.04053,0.00732,0.95093,0.95182,-0.00585,-0.00028,-0.00221,0.00626,0.95355,0.00179,0.00650,3,12252,0,6758,0.19895,0.11085,0.55718,99,1,96.070,107,1,3,2634,187491,0,0,0.000,6.421,23.589,0,0.000,13.633,44.301,0,0,2,0,8
PPG,3,102972,4120431552,130,76055,82150,82191.859,-41.859,137.836,0,0,0,0,68.18,68.18,0,0,0,nan,4,0,24,1,1,28,28,0,0,0,4121703571,0.03857,0.00464,0.94995,0.95075,-0.00665,-0.00108,-0.00194,0.00701,0.95125,0.00087,0.00701,3,12277,0,6758,0.19895,0.11085,0.55718,99,1,96.070,107,1,3,4324,187491,0,0,0.000,6.421,23.589,0,0.000,13.633,44.301,0,0,2,0,8
PPG,3,102973,4120471552,222,75976,81958,82189.523,-231.523,122.828,0,0,0,0,68.18,68.18,0,0,0,nan,4,0,24,1,1,29,29,0,0,0,4121742799,0.03760,0.00293,0.95435,0.95509,-0.00532,-0.00108,-0.00114,0.00554,0.95535,0.00460,0.00611,3,12219,0,6758,0.19895,0.11085,0.55718,99,1,96.070,107,1,3,4338,187491,0,0,0.000,6.421,23.589,0,0.000,13.633,44.301,0,0,2,0,8
PPG,3,102974,4120511552,130,75919,81834,82185.969,-351.969,93.117,0,0,0,0,68.18,68.18,0,0,0,nan,4,0,24,1,1,30,30,0,0,0,4121782208,0.03955,0.00977,0.95313,0.95400,-0.00585,-0.00081,-0.00087,0.00597,0.95405,0.00121,0.00708,3,12265,0,6758,0.19895,0.11085,0.55718,99,1,96.070,107,1,3,4345,187491,0,0,0.000,6.421,23.589,0,0.000,13.633,44.301,0,0,2,0,8
PPG,3,102975,4120551552,134,75907,81776,82181.867,-405.867,56.109,0,1,0,0,68.18,68.18,0,0,0,nan,4,0,24,1,1,31,31,0,0,0,4121821482,0.04053,0.00732,0.94824,0.94914,-0.00558,-0.00081,-0.00141,0.00582,0.95208,0.00277,0.00582,3,12230,0,6758,0.19895,0.11085,0.55718,99,1,96.070,107,1,3,2633,187491,0,0,0.000,6.421,23.589,0,0.000,13.633,44.301,0,0,2,0,8
PPG,3,102976,4120591552,131,75891,81752,82177.570,-425.570,12.406,0,0,0,0,68.18,68.18,0,0,0,nan,4,0,24,1,1,0,0,0,0,0,4121863327,0.03564,0.00757,0.95728,0.95797,-0.00585,-0.00108,-0.00221,0.00635,0.95797,0.00799,0.00672,3,12230,0,6758,0.19895,0.11085,0.55718,99,1,96.070,107,1,3,4339,187491,0,0,0.000,6.421,23.589,0,0.000,13.633,44.301,0,0,2,0,8
PPG,3,102977,4120631552,131,75881,81736,82173.156,-437.156,-39.664,0,0,0,0,68.18,68.18,0,0,0,nan,4,0,24,1,1,1,1,0,0,0,4121902662,0.03857,0.00659,0.94995,0.95076,-0.00558,-0.00028,-0.00141,0.00577,0.95291,0.00521,0.00651,3,12240,0,6758,0.19895,0.11085,0.55718,99,1,96.070,107,1,3,4329,187491,0,0,0.000,6.421,23.589,0,0.000,13.633,44.301,0,0,2,0,8
PPG,3,102978,4120671552,130,75880,81719,82168.617,-449.617,-100.219,0,0,0,0,68.18,68.18,0,0,0,nan,4,0,24,1,1,2,2,0,0,0,4121941918,0.03857,0.00708,0.94531,0.94613,-0.00638,-0.00055,-0.00167,0.00662,0.95847,0.00873,0.00695,3,12227,0,6758,0.19895,0.11085,0.55718,99,1,96.070,107,1,3,2628,187491,0,0,0.000,6.421,23.589,0,0.000,13.633,44.301,0,0,2,0,8
PPG,3,102979,4120711552,142,75863,81744,82164.367,-420.367,-153.570,0,0,0,0,68.18,68.18,0,0,0,nan,4,0,24,1,1,3,3,0,0,0,4121983924,0.03638,0.00513,0.95239,0.95310,-0.00665,-0.00108,-0.00194,0.00701,0.95787,0.01174,0.00701,2,24652,0,6759,0.19895,0.11085,0.55718,99,1,96.070,107,1,3,4448,187491,0,0,0.000,6.421,23.589,0,0.000,13.633,44.301,0,0,2,0,8
PPG,3,102980,4120751552,152,75866,81729,82160.016,-431.016,-178.992,1,0,1,940,68.18,68.18,0,0,0,nan,4,0,24,1,1,4,4,0,0,0,4122023268,0.03882,0.00488,0.95410,0.95490,-0.00665,-0.00055,-0.00114,0.00677,0.96046,0.01421,0.00682,3,12160,0,6759,0.19895,0.11085,0.55718,99,1,96.070,107,1,3,4349,187491,0,0,104.953,6.421,23.589,1,293.867,13.633,44.301,1,1,2,0,8
PPG,3,102981,4120791552,129,75871,81723,82155.648,-432.648,-184.688,0,0,0,0,68.18,68.18,0,0,0,nan,4,0,24,1,1,5,5,0,0,0,4122062398,0.03638,0.00537,0.95264,0.95335,-0.00558,-0.00055,-0.00141,0.00578,0.95603,0.00462,0.00578,3,12118,0,6759,0.19895,0.11085,0.55718,99,1,96.070,107,1,3,4298,187491,0,0,0.000,6.633,24.991,0,0.000,14.277,47.291,0,0,2,0,8
PPG,3,102982,4120831552,136,75836,81699,82151.078,-452.078,-182.641,0,0,0,0,68.18,68.18,0,0,0,nan,4,0,24,1,1,6,6,0,0,0,4122101479,0.04248,0.00708,0.94824,0.94922,-0.00479,-0.00161,-0.00061,0.00509,0.95681,0.00678,0.00553,3,12134,0,6759,0.19895,0.11085,0.55718,99,1,96.070,107,1,3,2598,187491,0,0,0.000,6.633,24.991,0,0.000,14.277,47.291,0,0,2,0,8
PPG,3,102983,4120871552,136,75864,81714,82146.711,-432.711,-175.617,0,0,0,0,68.18,68.18,0,0,0,nan,4,0,24,1,1,7,7,0,0,0,4122143054,0.03955,0.00562,0.94507,0.94591,-0.00692,-0.00135,-0.00114,0.00714,0.94865,0.00178,0.00714,3,12114,0,6759,0.19895,0.11085,0.55718,99,1,96.070,107,1,3,4298,187491,0,0,0.000,6.633,24.991,0,0.000,14.277,47.291,0,0,2,0,8
PPG,3,102984,4120911552,131,75880,81728,82142.523,-414.523,-164.312,0,0,0,0,68.18,68.18,0,0,0,nan,4,0,24,1,1,8,8,0,0,0,4122181992,0.03955,0.00659,0.94751,0.94836,-0.00665,-0.00108,-0.00221,0.00709,0.95335,0.00528,0.00709,3,12114,0,6759,0.19895,0.11085,0.55718,99,1,96.070,107,1,3,2614,187491,0,0,0.000,6.633,24.991,0,0.000,14.277,47.291,0,0,2,0,8
PPG,3,102985,4120951552,134,75869,81751,82138.609,-387.609,-148.242,0,0,0,0,68.18,68.18,0,0,0,nan,4,0,24,1,1,9,9,0,0,0,4122223626,0.03857,0.00684,0.95654,0.95734,-0.00585,-0.00055,-0.00167,0.00611,0.95734,0.00971,0.00669,3,12118,0,6759,0.19895,0.11085,0.55718,99,1,96.070,107,1,3,4297,187491,0,0,0.000,6.633,24.991,0,0.000,14.277,47.291,0,0,2,0,8
PPG,3,102986,4120991552,131,75880,81779,82135.016,-356.016,-131.891,0,0,0,0,68.18,68.18,0,0,0,nan,4,0,24,1,1,10,10,0,0,0,4122262594,0.04199,0.00952,0.94897,0.94995,-0.00638,-0.00001,-0.00247,0.00685,0.95098,0.00995,0.00685,3,12124,0,6759,0.19895,0.11085,0.55718,99,1,96.070,107,1,3,4298,187491,0,0,0.000,6.633,24.991,0,0.000,14.277,47.291,0,0,2,0,8
PPG,3,102987,4121031552,133,75879,81771,82131.375,-360.375,-112.992,0,0,0,0,68.18,68.18,0,0,0,nan,4,0,24,1,1,11,11,0,0,0,4122301647,0.03735,0.00659,0.95532,0.95607,-0.00505,-0.00055,-0.00167,0.00535,0.95607,0.00479,0.00604,3,12186,0,6759,0.19895,0.11085,0.55718,99,1,96.070,107,1,3,2599,187491,0,0,0.000,6.633,24.991,0,0.000,14.277,47.291,0,0,2,0,8
PPG,3,102988,4121071552,132,75876,81789,82127.953,-338.953,-90.258,0,0,0,0,68.18,68.18,0,0,0,nan,4,0,24,1,1,12,12,0,0,0,4122343248,0.03857,-0.00024,0.94897,0.94976,-0.00505,-0.00081,-0.00167,0.00538,0.95050,0.00558,0.00675,3,12132,0,6759,0.19895,0.11085,0.55718,99,1,96.070,107,1,3,4295,187491,0,0,0.000,6.633,24.991,0,0.000,14.277,47.291,0,0,2,0,8
PPG,3,102989,4121111552,133,75886,81822,82124.891,-302.891,-59.438,0,0,0,0,68.18,68.18,0,0,0,nan,4,0,24,1,1,13,13,0,0,0,4122382190,0.03979,0.00537,0.94946,0.95031,-0.00558,-0.00081,-0.00247,0.00616,0.95276,0.00245,0.00616,3,12126,0,6759,0.19895,0.11085,0.55718,99,1,96.070,107,1,3,2617,187491,0,0,0.000,6.633,24.991,0,0.000,14.277,47.291,0,0,2,0,8
PPG,3,102990,4121151552,132,75897,81835,82121.992,-286.992,-27.312,0,0,0,0,68.18,68.18,0,0,0,nan,4,0,24,1,1,14,14,0,0,0,4122423945,0.03882,0.01074,0.95020,0.95105,-0.00558,-0.00028,-0.00114,0.00571,0.96005,0.00974,0.00669,3,12120,0,6759,0.19895,0.11085,0.55718,99,1,96.070,107,1,3,4299,187491,0,0,0.000,6.633,24.991,0,0.000,14.277,47.291,0,0,2,0,8
PPG,3,102991,4121191552,132,75918,81897,82119.742,-222.742,10.992,0,0,0,0,68.18,68.18,0,0,0,nan,4,0,24,1,1,15,15,0,0,0,4122462952,0.03955,0.00513,0.94873,0.94957,-0.00479,-0.00081,-0.00061,0.00489,0.95226,0.00191,0.00559,3,12121,0,6759,0.19895,0.11085,0.55718,99,1,96.070,107,1,3,4296,187491,0,0,0.000,6.633,24.991,0,0.000,14.277,47.291,0,0,2,0,8
PPG,3,102992,4121231552,131,75921,81921,82117.758,-196.758,46.719,0,0,0,0,68.18,68.18,0,0,0,nan,4,0,24,1,1,16,16,0,0,0,4122501931,0.03857,0.01050,0.94385,0.94469,-0.00558,-0.00055,-0.00034,0.00562,0.95974,0.01505,0.00615,3,12153,0,6759,0.19895,0.11085,0.55718,99,1,96.070,107,1,3,2595,187491,0,0,0.000,6.633,24.991,0,0.000,14.277,47.291,0,0,2,0,8
PPG,3,102993,4121271552,132,75924,81945,82116.031,-171.031,71.086,0,0,0,0,68.18,68.18,0,0,0,nan,4,0,24,1,1,17,17,0,0,0,4122543476,0.03613,0.00732,0.94971,0.95042,-0.00505,-0.00081,-0.00194,0.00547,0.95263,0.00794,0.00647,3,12113,0,6759,0.19895,0.11085,0.55718,99,1,96.070,107,1,3,4295,187491,0,0,0.000,6.633,24.991,0,0.000,14.277,47.291,0,0,2,0,8
PPG,3,102994,4121311552,522,75931,81953,82114.398,-161.398,91.141,0,0,0,0,68.18,68.18,0,0,0,nan,4,0,24,1,1,18,18,0,0,0,4122582433,0.04004,0.00366,0.95068,0.95153,-0.00532,-0.00028,-0.00221,0.00576,0.95635,0.00512,0.00682,3,12119,0,6759,0.20631,0.10923,0.52946,99,1,96.763,78,1,3,2599,187491,0,0,0.000,6.633,24.991,0,0.000,14.277,47.291,0,0,2,0,8
PPG,3,102995,4121351552,180,75955,81998,82113.234,-115.234,109.891,0,0,0,0,68.18,68.18,0,0,0,nan,4,0,24,1,1,19,19,0,0,0,4122624781,0.04126,0.00317,0.95923,0.96012,-0.00558,-0.00108,-0.00141,0.00586,0.96012,0.00796,0.00637,3,12299,0,6759,0.20631,0.10923,0.52946,99,1,96.763,78,1,3,4311,187491,0,0,0.000,6.633,24.991,0,0.000,14.277,47.291,0,0,2,0,8
PPG,3,102996,4121391552,131,75961,82005,82112.148,-107.148,123.391,0,0,0,0,68.18,68.18,0,0,0,nan,4,0,24,1,1,20,20,0,0,0,4122663837,0.03955,0.00439,0.94727,0.94810,-0.00558,0.00025,-0.00141,0.00576,0.95177,0.00835,0.00668,3,12164,0,6759,0.20631,0.10923,0.52946,99,1,96.763,78,1,3,4303,187491,0,0,0.000,6.633,24.991,0,0.000,14.277,47.291,0,0,2,0,8
PPG,3,102997,4121431552,226,75886,81853,82109.555,-256.555,120.109,0,0,0,0,68.18,68.18,0,0,0,nan,4,0,24,1,1,21,21,0,0,0,4122702773,0.03784,-0.00049,0.94678,0.94753,-0.00558,-0.00028,-0.00114,0.00571,0.95218,0.00464,0.00628,3,12119,0,6759,0.20631,0.10923,0.52946,99,1,96.763,78,1,3,4324,187491,0,0,0.000,6.633,24.991,0,0.000,14.277,47.291,0,0,2,0,8
PPG,3,102998,4121471552,132,75828,81677,82105.227,-428.227,90.781,0,0,0,0,68.18,68.18,0,0,0,nan,4,0,24,1,1,22,22,0,0,0,4122741880,0.03369,0.00293,0.95850,0.95909,-0.00505,-0.00108,-0.00114,0.00529,0.95909,0.01057,0.00607,3,12112,0,6759,0.20631,0.10923,0.52946,99,1,96.763,78,1,3,2595,187491,0,0,0.000,6.633,24.991,0,0.000,14.277,47.291,0,0,2,0,8
PPG,3,102999,4121511552,133,75799,81615,82100.328,-485.328,53.508,0,0,0,0,68.18,68.18,0,0,0,nan,4,0,24,1,1,23,23,0,0,0,4122783413,0.04077,0.00488,0.95483,0.95572,-0.00558,-0.00108,-0.00141,0.00586,0.95601,0.00502,0.00597,3,12119,0,6759,0.20631,0.10923,0.52946,99,1,96.763,78,1,3,4297,187491,0,0,0.000,6.633,24.991,0,0.000,14.277,47.291,0,0,2,0,8
PPG,3,103000,4121551552,135,75793,81598,82095.305,-497.305,10.492,0,0,0,0,68.18,68.18,0,0,0,nan,4,0,24,1,1,24,24,0,0,0,4122822410,0.04028,0.00391,0.94287,0.94374,-0.00612,-0.00135,-0.00167,0.00648,0.95566,0.01192,0.00648,3,12118,0,6759,0.20631,0.10923,0.52946,99,1,96.763,78,1,3,2595,187491,0,0,0.000,6.633,24.991,0,0.000,14.277,47.291,0,0,2,0,8
PPG,3,103001,4121591552,132,75798,81593,82090.281,-497.281,-34.438,0,0,0,0,68.18,68.18,0,0,0,nan,4,0,24,1,1,25,25,0,0,0,4122863938,0.03979,0.00854,0.95093,0.95180,-0.00505,0.00052,-0.00141,0.00527,0.95180,0.00433,0.00638,3,12116,0,6759,0.20631,0.10923,0.52946,99,1,96.763,78,1,3,4301,187491,0,0,0.000,6.633,24.991,0,0.000,14.277,47.291,0,0,2,0,8
PPG,3,103002,4121631552,133,75802,81597,82085.352,-488.352,-86.617,0,0,0,0,68.18,68.18,0,0,0,nan,4,0,24,1,1,26,26,0,0,0,4122902937,0.03760,0.00757,0.95605,0.95682,-0.00532,-0.00055,-0.00247,0.00589,0.95682,0.00507,0.00589,3,12116,0,6759,0.20631,0.10923,0.52946,99,1,96.763,78,1,3,4327,187491,0,0,0.000,6.633,24.991,0,0.000,14.277,47.291,0,0,2,0,8
PPG,3,103003,4121671552,132,75799,81616,82080.656,-464.656,-137.289,0,0,0,0,68.18,68.18,0,0,0,nan,4,0,24,1,1,27,27,0,0,0,4122941954,0.03882,0.00806,0.94995,0.95078,-0.00585,0.00052,-0.00247,0.00637,0.95833,0.00755,0.00637,3,12117,0,6759,0.20631,0.10923,0.52946,99,1,96.763,78,1,3,2599,187491,0,0,0.000,6.633,24.991,0,0.000,14.277,47.291,0,0,2,0,8
PPG,3,103004,4121711552,158,75802,81621,82076.062,-455.062,-165.086,1,0,1,960,65.22,65.22,0,0,0,nan,4,0,24,1,1,28,28,0,0,0,4122983304,0.03564,0.00879,0.94849,0.94920,-0.00505,-0.00028,-0.00221,0.00552,0.95343,0.00424,0.00565,2,24077,0,6760,0.20631,0.10923,0.52946,99,1,96.763,78,1,3,4386,187491,0,0,114.164,6.633,24.991,1,308.078,14.277,47.291,1,1,2,0,8
PPG,3,103005,4121751552,136,75787,81602,82071.320,-469.320,-168.352,0,0,0,0,65.22,65.22,0,0,0,nan,4,0,24,1,1,29,29,0,0,0,4123022516,0.03784,0.00684,0.95068,0.95146,-0.00452,-0.00161,-0.00194,0.00517,0.95146,0.00368,0.00622,3,12125,0,6760,0.20631,0.10923,0.52946,99,1,96.763,78,1,3,2599,187491,0,0,0.000,6.875,26.600,0,0.000,14.929,50.320,0,0,2,0,8
PPG,3,103006,4121791552,133,75784,81605,82066.656,-461.656,-161.078,0,0,0,0,65.22,65.22,0,0,0,nan,4,0,24,1,1,30,30,0,0,0,4123064054,0.04150,0.00439,0.95605,0.95697,-0.00532,0.00025,-0.00114,0.00544,0.95697,0.00398,0.00631,3,12113,0,6760,0.20631,0.10923,0.52946,99,1,96.763,78,1,3,4308,187491,0,0,0.000,6.875,26.600,0,0.000,14.929,50.320,0,0,2,0,8
PPG,3,103007,4121831552,134,75794,81628,82062.273,-434.273,-149.641,0,0,0,0,65.22,65.22,0,0,0,nan,4,0,24,1,1,31,31,0,0,0,4123102984,0.03833,0.00342,0.95117,0.95195,-0.00612,0.00025,-0.00141,0.00628,0.95641,0.00889,0.00628,3,12107,0,6760,0.20631,0.10923,0.52946,99,1,96.763,78,1,3,4295,187491,0,0,0.000,6.875,26.600,0,0.000,14.929,50.320,0,0,2,0,8
PPG,3,103008,4121871552,129,75813,81644,82058.094,-414.094,-135.109,0,0,0,0,65.22,65.22,0,0,0,nan,4,0,24,1,1,0,0,0,0,0,4123141964,0.03882,0.00513,0.95142,0.95222,-0.00479,-0.00135,-0.00141,0.00517,0.95222,0.00314,0.00628,3,12118,0,6760,0.20631,0.10923,0.52946,99,1,96.763,78,1,3,2599,187491,0,0,0.000,6.875,26.600,0,0.000,14.929,50.320,0,0,2,0,8
PPG,3,103009,4121911552,130,75826,81688,82054.391,-366.391,-115.406,0,0,0,0,65.22,65.22,0,0,0,nan,4,0,24,1,1,1,1,0,0,0,4123183481,0.03882,0.00610,0.95483,0.95564,-0.00612,-0.00135,-0.00167,0.00648,0.95564,0.00609,0.00648,3,12104,0,6760,0.20631,0.10923,0.52946,99,1,96.763,78,1,3,4295,187491,0,0,0.000,6.875,26.600,0,0.000,14.929,50.320,0,0,2,0,8
PPG,3,103010,4121951552,133,75829,81704,82050.891,-346.891,-96.289,0,0,0,0,65.22,65.22,0,0,0,nan,4,0,24,1,1,2,2,0,0,0,4123222475,0.03613,0.00903,0.95020,0.95092,-0.00585,0.00025,-0.00141,0.00602,0.95132,0.00432,0.00670,3,12168,0,6760,0.20631,0.10923,0.52946,99,1,96.763,78,1,3,2600,187491,0,0,0.000,6.875,26.600,0,0.000,14.929,50.320,0,0,2,0,8
PPG,3,103011,4121991552,130,75823,81722,82047.602,-325.602,-73.109,0,0,0,0,65.22,65.22,0,0,0,nan,4,0,24,1,1,3,3,0,0,0,4123263988,0.03540,0.00488,0.95532,0.95599,-0.00558,-0.00081,-0.00194,0.00597,0.95599,0.00566,0.00754,3,12108,0,6760,0.20631,0.10923,0.52946,99,1,96.763,78,1,3,4294,187491,0,0,0.000,6.875,26.600,0,0.000,14.929,50.320,0,0,2,0,8
PPG,3,103012,4122031552,129,75824,81751,82044.633,-293.633,-43.320,0,0,0,0,65.22,65.22,0,0,0,nan,4,0,24,1,1,4,4,0,0,0,4123302912,0.03882,0.00537,0.94165,0.94247,-0.00745,-0.00108,-0.00247,0.00792,0.95181,0.00725,0.00792,3,12111,0,6760,0.20631,0.10923,0.52946,99,1,96.763,78,1,3,4297,187491,0,0,0.000,6.875,26.600,0,0.000,14.929,50.320,0,0,2,0,8
PPG,3,103013,4122071552,130,75849,81789,82042.078,-253.078,-9.242,0,0,0,0,65.22,65.22,0,0,0,nan,4,0,24,1,1,5,5,0,0,0,4123341848,0.03857,0.00537,0.95972,0.96051,-0.00505,-0.00001,-0.00141,0.00524,0.96051,0.01009,0.00611,3,12107,0,6760,0.20631,0.10923,0.52946,99,1,96.763,78,1,3,2599,187491,0,0,0.000,6.875,26.600,0,0.000,14.929,50.320,0,0,2,0,8
PPG,3,103014,4122111552,129,75868,81816,82039.820,-223.820,24.469,0,0,0,0,65.22,65.22,0,0,0,nan,4,0,24,1,1,6,6,0,0,0,4123383377,0.03613,0.00708,0.94873,0.94944,-0.00532,-0.00081,-0.00141,0.00556,0.95695,0.01270,0.00556,3,12109,0,6760,0.20631,0.10923,0.52946,99,1,96.763,78,1,3,4295,187491,0,0,0.000,6.875,26.600,0,0.000,14.929,50.320,0,0,2,0,8
PPG,3,103015,4122151552,130,75871,81818,82037.602,-219.602,58.328,0,0,0,0,65.22,65.22,0,0,0,nan,4,0,24,1,1,7,7,0,0,0,4123422354,0.03833,0.00928,0.94971,0.95053,-0.00532,-0.00055,-0.00247,0.00589,0.95980,0.01163,0.00693,3,12164,0,6760,0.20631,0.10923,0.52946,99,1,96.763,78,1,3,2600,187491,0,0,0.000,6.875,26.600,0,0.000,14.929,50.320,0,0,2,0,8
PPG,3,103016,4122191552,128,75889,81851,82035.734,-184.734,89.312,0,0,0,0,65.22,65.22,0,0,0,nan,4,0,24,1,1,8,8,0,0,0,4123463885,0.03687,0.00757,0.95288,0.95362,-0.00558,-0.00028,0.00046,0.00561,0.96115,0.01062,0.00718,3,12117,0,6760,0.20631,0.10923,0.52946,99,1,96.763,78,1,3,4296,187491,0,0,0.000,6.875,26.600,0,0.000,14.929,50.320,0,0,2,0,8
PPG,3,103017,4122231552,131,75903,81885,82034.227,-149.227,113.570,0,0,0,0,65.22,65.22,0,0,0,nan,4,0,24,1,1,9,9,0,0,0,4123502849,0.03833,0.00586,0.94849,0.94928,-0.00612,-0.00108,-0.00167,0.00643,0.95982,0.00959,0.00650,3,12108,0,6760,0.20631,0.10923,0.52946,99,1,96.763,78,1,3,2601,187491,0,0,0.000,6.875,26.600,0,0.000,14.929,50.320,0,0,2,0,8
PPG,3,103018,4122271552,128,75899,81905,82032.938,-127.938,128.312,0,0,0,0,65.22,65.22,0,0,0,nan,4,0,24,1,1,10,10,0,0,0,4123544493,0.04004,0.00586,0.95386,0.95472,-0.00692,-0.00135,-0.00061,0.00707,0.95472,0.00259,0.00753,3,12108,0,6760,0.20631,0.10923,0.52946,99,1,96.763,78,1,3,4295,187491,0,0,0.000,6.875,26.600,0,0.000,14.929,50.320,0,0,2,0,8
PPG,3,103019,4122311552,520,75900,81915,82031.758,-116.758,136.742,0,0,0,0,65.22,65.22,0,0,0,nan,4,0,24,1,1,11,11,0,0,0,4123583516,0.03711,0.00488,0.95093,0.95166,-0.00505,0.00025,-0.00141,0.00525,0.95511,0.00344,0.00630,3,12103,0,6760,0.21057,0.11063,0.52536,99,1,96.866,71,1,3,4297,187491,0,0,0.000,6.875,26.600,0,0.000,14.929,50.320,0,0,2,0,8
PPG,3,103020,4122351552,304,75843,81783,82029.273,-246.273,126.641,0,0,0,0,65.22,65.22,0,0,0,nan,4,0,24,1,1,12,12,0,0,0,4123622922,0.03882,0.00757,0.94946,0.95029,-0.00505,-0.00081,-0.00061,0.00515,0.95453,0.00425,0.00587,3,12143,0,6760,0.21057,0.11063,0.52536,99,1,96.866,71,1,3,4347,187491,0,0,0.000,6.875,26.600,0,0.000,14.929,50.320,0,0,2,0,8
PPG,3,103021,4122391552,133,75803,81638,82025.359,-387.359,98.961,0,0,0,0,65.22,65.22,0,0,0,nan,4,0,24,1,1,13,13,0,0,0,4123662278,0.04224,0.00391,0.94897,0.94992,-0.00558,-0.00081,-0.00221,0.00606,0.95123,0.00962,0.00618,3,12232,0,6760,0.21057,0.11063,0.52536,99,1,96.866,71,1,3,2595,187491,0,0,0.000,6.875,26.600,0,0.000,14.929,50.320,0,0,2,0,8
PPG,3,103022,4122431552,131,75761,81570,82020.805,-450.805,64.883,0,0,0,0,65.22,65.22,0,0,0,nan,4,0,24,1,1,14,14,0,0,0,4123704152,0.03833,0.00781,0.94531,0.94612,-0.00585,-0.00108,-0.00167,0.00618,0.95017,0.00434,0.00631,3,12399,0,6760,0.21057,0.11063,0.52536,99,1,96.866,71,1,3,4314,187491,0,0,0.000,6.875,26.600,0,0.000,14.929,50.320,0,0,2,0,8
PPG,3,103023,4122471552,131,75759,81576,82016.359,-440.359,27.594,0,0,0,0,65.22,65.22,0,0,0,nan,4,0,24,1,1,15,15,0,0,0,4123743447,0.03589,0.00317,0.94946,0.95015,-0.00532,-0.00055,-0.00221,0.00578,0.95388,0.00776,0.00586,3,12241,0,6760,0.21057,0.11063,0.52536,99,1,96.866,71,1,3,4335,187491,0,0,0.000,6.875,26.600,0,0.000,14.929,50.320,0,0,2,0,8
PPG,3,103024,4122511552,136,75761,81580,82011.992,-431.992,-13.930,0,1,0,0,65.22,65.22,0,0,0,nan,4,0,24,1,1,16,16,0,0,0,4123782789,0.03931,0.00952,0.95654,0.95740,-0.00505,-0.00135,-0.00114,0.00535,0.95740,0.00451,0.00618,3,12270,0,6760,0.21057,0.11063,0.52536,99,1,96.866,71,1,3,2613,187491,0,0,0.000,6.875,26.600,0,0.000,14.929,50.320,0,0,2,0,8
PPG,3,103025,4122551552,148,75766,81615,82008.023,-393.023,-56.008,0,0,0,0,65.22,65.22,0,0,0,nan,4,0,24,1,1,17,17,0,0,0,4123824674,0.04126,0.00220,0.95190,0.95280,-0.00558,0.00052,-0.00061,0.00564,0.95341,0.00666,0.00589,3,12235,0,6760,0.21057,0.11063,0.52536,99,1,96.866,71,1,3,4348,187491,0,0,0.000,6.875,26.600,0,0.000,14.929,50.320,0,0,2,0,8
PPG,3,103026,4122591552,130,75792,81644,82004.383,-360.383,-96.672,0,0,0,0,65.22,65.22,0,0,0,nan,4,0,24,1,1,18,18,0,0,0,4123864148,0.04053,0.00366,0.95679,0.95765,-0.00585,-0.00055,-0.00167,0.00611,0.95793,0.00825,0.00644,3,12258,0,6760,0.21057,0.11063,0.52536,99,1,96.866,71,1,3,4331,187491,0,0,0.000,6.875,26.600,0,0.000,14.929,50.320,0,0,2,0,8
PPG,3,103027,4122631552,151,75797,81631,82000.648,-369.648,-118.539,1,0,1,920,65.22,65.22,0,0,0,nan,4,0,24,1,1,19,19,0,0,0,4123903448,0.03784,0.00146,0.94507,0.94583,-0.00452,0.00025,-0.00167,0.00482,0.95220,0.00637,0.00685,3,12269,0,6760,0.21057,0.11063,0.52536,99,1,96.866,71,1,3,4337,187491,0,0,119.023,6.875,26.600,1,305.094,14.929,50.320,1,1,2,0,8
PPG,3,103028,4122671552,127,75780,81615,81996.789,-381.789,-120.367,0,0,0,0,65.22,65.22,0,0,0,nan,4,0,24,1,1,20,20,0,0,0,4123942874,0.03760,0.00293,0.94922,0.94997,-0.00558,-0.00108,-0.00194,0.00601,0.95307,0.00414,0.00601,3,12274,0,6760,0.21057,0.11063,0.52536,99,1,96.866,71,1,3,2609,187491,0,0,0.000,7.118,28.209,0,0.000,15.482,52.884,0,0,2,0,8
PPG,3,103029,4122711552,139,75777,81616,81992.984,-376.984,-110.203,0,0,0,0,65.22,65.22,0,0,0,nan,4,0,24,1,1,21,21,0,0,0,4123984663,0.03882,0.00439,0.96021,0.96100,-0.00585,-0.00081,-0.00167,0.00614,0.96100,0.01294,0.00703,2,24462,0,6761,0.21057,0.11063,0.52536,99,1,96.866,71,1,3,4437,187491,0,0,0.000,7.118,28.209,0,0.000,15.482,52.884,0,0,2,0,8
PPG,3,103030,4122751552,185,75781,81634,81989.398,-355.398,-98.414,0,0,0,0,65.22,65.22,0,0,0,nan,4,0,24,1,1,22,22,0,0,0,4124024145,0.03589,0.00488,0.95288,0.95357,-0.00532,-0.00081,-0.00167,0.00563,0.95901,0.01172,0.00563,3,12288,0,6761,0.21057,0.11063,0.52536,99,1,96.866,71,1,3,4337,187491,0,0,0.000,7.118,28.209,0,0.000,15.482,52.884,0,0,2,0,8
PPG,3,103031,4122791552,132,75780,81654,81986.047,-332.047,-84.438,0,0,0,0,65.22,65.22,0,0,0,nan,4,0,24,1,1,23,23,0,0,0,4124063553,0.03589,0.00439,0.95337,0.95405,-0.00585,-0.00001,-0.00247,0.00635,0.95405,0.00301,0.00637,3,12235,0,6761,0.21057,0.11063,0.52536,99,1,96.866,71,1,3,4342,187491,0,0,0.000,7.118,28.209,0,0.000,15.482,52.884,0,0,2,0,8
PPG,3,103032,4122831552,132,75810,81687,81983.055,-296.055,-70.961,0,0,0,0,65.22,65.22,0,0,0,nan,4,0,24,1,1,24,24,0,0,0,4124102923,0.03833,0.00952,0.95459,0.95541,-0.00558,-0.00081,-0.00274,0.00627,0.95541,0.00921,0.00680,3,12252,0,6761,0.21057,0.11063,0.52536,99,1,96.866,71,1,3,2634,187491,0,0,0.000,7.118,28.209,0,0.000,15.482,52.884,0,0,2,0,8
PPG,3,103033,4122871552,136,75804,81696,81980.188,-284.188,-58.883,0,0,0,0,65.22,65.22,0,0,0,nan,4,0,24,1,1,25,25,0,0,0,4124144839,0.03882,0.00732,0.95068,0.95150,-0.00558,0.00052,-0.00221,0.00603,0.95727,0.01177,0.00603,3,12274,0,6761,0.21057,0.11063,0.52536,99,1,96.866,71,1,3,4332,187491,0,0,0.000,7.118,28.209,0,0.000,15.482,52.884,0,0,2,0,8
PPG,3,103034,4122911552,130,75812,81737,81977.758,-240.758,-39.789,0,0,0,0,65.22,65.22,0,0,0,nan,4,0,24,1,1,26,26,0,0,0,4124184170,0.04150,0.00513,0.95068,0.95160,-0.00585,-0.00108,-0.00167,0.00618,0.96155,0.01279,0.00618,3,12254,0,6761,0.21057,0.11063,0.52536,99,1,96.866,71,1,3,4332,187491,0,0,0.000,7.118,28.209,0,0.000,15.482,52.884,0,0,2,0,8
PPG,3,103035,4122951552,131,75834,81754,81975.523,-221.523,-16.727,0,0,0,0,65.22,65.22,0,0,0,nan,4,0,24,1,1,27,27,0,0,0,4124223442,0.03809,0.00439,0.95142,0.95219,-0.00505,-0.00081,-0.00221,0.00557,0.95387,0.00227,0.00616,3,12220,0,6761,0.21057,0.11063,0.52536,99,1,96.866,71,1,3,4336,187491,0,0,0.000,7.118,28.209,0,0.000,15.482,52.884,0,0,2,0,8
PPG,3,103036,4122991552,129,75840,81787,81973.641,-186.641,10.898,0,0,0,0,65.22,65.22,0,0,0,nan,4,0,24,1,1,28,28,0,0,0,4124262704,0.04102,0.00488,0.94946,0.95036,-0.00505,-0.00001,-0.00247,0.00562,0.95375,0.00248,0.00603,3,12223,0,6761,0.21057,0.11063,0.52536,99,1,96.866,71,1,3,2632,187491,0,0,0.000,7.118,28.209,0,0.000,15.482,52.884,0,0,2,0,8
PPG,3,103037,4123031552,209,75861,81828,81972.188,-144.188,41.461,0,0,0,0,65.22,65.22,0,0,0,nan,4,0,24,1,1,29,29,0,0,0,4124304533,0.03809,0.00610,0.95898,0.95976,-0.00558,-0.00081,-0.00141,0.00582,0.95976,0.01192,0.00630,3,12193,0,6761,0.21057,0.11063,0.52536,99,1,96.866,71,1,3,4364,187491,0,0,0.000,7.118,28.209,0,0.000,15.482,52.884,0,0,2,0,8
PPG,3,103038,4123071552,131,75870,81854,81971.008,-117.008,72.586,0,0,0,0,65.22,65.22,0,0,0,nan,4,0,24,1,1,30,30,0,0,0,4124344096,0.03906,0.00586,0.95605,0.95687,-0.00505,-0.00161,-0.00167,0.00556,0.95687,0.00858,0.00556,3,12303,0,6761,0.21057,0.11063,0.52536,99,1,96.866,71,1,3,4370,187491,0,0,0.000,7.118,28.209,0,0.000,15.482,52.884,0,0,2,0,8
PPG,3,103039,4123111552,132,75889,81902,81970.320,-68.320,103.953,0,0,0,0,65.22,65.22,0,0,0,nan,4,0,24,1,1,31,31,0,0,0,4124383119,0.03589,0.00562,0.95044,0.95113,-0.00532,-0.00108,-0.00194,0.00576,0.95121,0.01027,0.00576,3,12143,0,6761,0.21057,0.11063,0.52536,99,1,96.866,71,1,3,2601,187491,0,0,0.000,7.118,28.209,0,0.000,15.482,52.884,0,0,2,0,8
PPG,3,103040,4123151552,136,75907,81934,81969.961,-35.961,130.398,0,0,0,0,65.22,65.22,0,0,0,nan,4,0,24,1,1,0,0,0,0,0,4124424641,0.03735,0.00635,0.95044,0.95119,-0.00558,0.00025,-0.00087,0.00566,0.95697,0.00601,0.00577,3,12112,0,6761,0.21057,0.11063,0.52536,99,1,96.866,71,1,3,4320,187491,0,0,0.000,7.118,28.209,0,0.000,15.482,52.884,0,0,2,0,8
PPG,3,103041,4123191552,131,75856,81817,81968.430,-151.430,132.883,0,0,0,0,65.22,65.22,0,0,0,nan,4,0,24,1,1,1,1,0,0,0,4124463661,0.03882,0.00195,0.95264,0.95343,-0.00399,-0.00028,-0.00221,0.00456,0.95343,0.00359,0.00642,3,12126,0,6761,0.21057,0.11063,0.52536,99,1,96.866,71,1,3,4300,187491,0,0,0.000,7.118,28.209,0,0.000,15.482,52.884,0,0,2,0,8
PPG,3,103042,4123231552,223,75821,81697,81965.719,-268.719,118.391,0,0,0,0,65.22,65.22,0,0,0,nan,4,0,24,1,1,2,2,0,0,0,4124502605,0.03906,0.00806,0.94849,0.94932,-0.00558,-0.00081,-0.00007,0.00564,0.95285,0.00268,0.00614,3,12118,0,6761,0.21057,0.11063,0.52536,99,1,96.866,71,1,3,2604,187491,0,0,0.000,7.118,28.209,0,0.000,15.482,52.884,0,0,2,0,8
PPG,3,103043,4123271552,132,75799,81627,81962.328,-335.328,92.977,0,0,0,0,65.22,65.22,0,0,0,nan,4,0,24,1,1,3,3,0,0,0,4124544267,0.03613,0.00342,0.94897,0.94967,-0.00638,-0.00028,-0.00221,0.00676,0.95328,0.00707,0.00676,3,12151,0,6761,0.21057,0.11063,0.52536,99,1,96.866,71,1,3,4327,187491,0,0,0.000,7.118,28.209,0,0.000,15.482,52.884,0,0,2,0,8
PPG,3,103044,4123311552,531,75809,81638,81959.086,-321.086,62.938,0,1,0,0,65.22,65.22,0,0,0,nan,4,0,24,1,1,4,4,0,0,0,4124583264,0.03711,0.00562,0.95117,0.95191,-0.00532,-0.00001,-0.00221,0.00576,0.95234,0.00720,0.00619,3,12129,0,6761,0.19185,0.10076,0.52521,100,1,96.870,100,1,3,2595,187491,0,0,0.000,7.118,28.209,0,0.000,15.482,52.884,0,0,2,0,8
PPG,3,103045,4123351552,182,75809,81658,81956.078,-298.078,32.789,0,0,0,0,65.22,65.22,0,0,0,nan,4,0,24,1,1,5,5,0,0,0,4124625333,0.03613,0.00977,0.94775,0.94849,-0.00558,0.00025,-0.00194,0.00592,0.95351,0.00501,0.00611,3,12126,0,6761,0.19185,0.10076,0.52521,100,1,96.870,100,1,3,4305,187491,0,0,0.000,7.118,28.209,0,0.000,15.482,52.884,0,0,2,0,8
PPG,3,103046,4123391552,130,75804,81668,81953.195,-285.195,-1.844,0,0,0,0,65.22,65.22,0,0,0,nan,4,0,24,1,1,6,6,0,0,0,4124664406,0.03979,0.00293,0.94824,0.94908,-0.00612,-0.00135,-0.00141,0.00642,0.95194,0.00328,0.00660,3,12135,0,6761,0.19185,0.10076,0.52521,100,1,96.870,100,1,3,4311,187491,0,0,0.000,7.118,28.209,0,0.000,15.482,52.884,0,0,2,0,8
PPG,3,103047,4123431552,131,75806,81692,81950.586,-258.586,-39.461,0,0,0,0,65.22,65.22,0,0,0,nan,4,0,24,1,1,7,7,0,0,0,4124703354,0.03784,0.00659,0.95557,0.95634,-0.00638,-0.00055,-0.00274,0.00697,0.95634,0.00654,0.00697,3,12118,0,6761,0.19185,0.10076,0.52521,100,1,96.870,100,1,3,4311,187491,0,0,0.000,7.118,28.209,0,0.000,15.482,52.884,0,0,2,0,8
PPG,3,103048,4123471552,130,75796,81694,81948.023,-254.023,-60.992,0,0,0,0,65.22,65.22,0,0,0,nan,4,0,24,1,1,8,8,0,0,0,4124742322,0.04077,0.00342,0.95239,0.95327,-0.00638,-0.00055,-0.00274,0.00697,0.95422,0.00212,0.00744,3,12121,0,6761,0.19185,0.10076,0.52521,100,1,96.870,100,1,3,2615,187491,0,0,0.000,7.118,28.209,0,0.000,15.482,52.884,0,0,2,0,8
PPG,3,103049,4123511552,154,75792,81672,81945.266,-273.266,-67.359,1,0,1,880,65.22,65.22,0,0,0,nan,4,0,24,1,1,9,9,0,0,0,4124783928,0.03467,0.00659,0.94897,0.94963,-0.00558,0.00025,-0.00247,0.00611,0.95515,0.00746,0.00706,3,12124,0,6761,0.19185,0.10076,0.52521,100,1,96.870,100,1,3,4301,187491,0,0,106.875,7.118,28.209,1,253.250,15.482,52.884,1,1,2,0,8
PPG,3,103050,4123551552,127,75790,81668,81942.492,-274.492,-63.203,0,0,0,0,65.22,65.22,0,0,0,nan,4,0,24,1,1,10,10,0,0,0,4124822942,0.03906,0.00562,0.95117,0.95199,-0.00585,-0.00081,-0.00221,0.00631,0.95199,0.00501,0.00641,3,12114,0,6761,0.19185,0.10076,0.52521,100,1,96.870,100,1,3,2594,187491,0,0,0.000,7.254,29.113,0,0.000,15.641,53.622,0,0,2,0,8
PPG,3,103051,4123591552,137,75796,81680,81939.867,-259.867,-58.500,0,0,0,0,65.22,65.22,0,0,0,nan,4,0,24,1,1,11,11,0,0,0,4124864644,0.03906,0.00439,0.95190,0.95272,-0.00612,-0.00001,-0.00114,0.00622,0.95583,0.00444,0.00689,3,12246,0,6761,0.19185,0.10076,0.52521,100,1,96.870,100,1,3,4337,187491,0,0,0.000,7.254,29.113,0,0.000,15.641,53.622,0,0,2,0,8
PPG,3,103052,4123631552,130,75785,81699,81937.461,-238.461,-53.242,0,0,0,0,65.22,65.22,0,0,0,nan,4,0,24,1,1,12,12,0,0,0,4124903865,0.04126,0.00537,0.94824,0.94915,-0.00638,-0.00001,-0.00061,0.00641,0.95487,0.00572,0.00641,3,12109,0,6761,0.19185,0.10076,0.52521,100,1,96.870,100,1,3,4299,187491,0,0,0.000,7.254,29.113,0,0.000,15.641,53.622,0,0,2,0,8
PPG,3,103053,4123671552,131,75791,81705,81935.133,-230.133,-48.406,0,0,0,0,65.22,65.22,0,0,0,nan,4,0,24,1,1,13,13,0,0,0,4124942857,0.04370,0.00659,0.94922,0.95025,-0.00505,-0.00108,-0.00114,0.00529,0.96032,0.01007,0.00654,3,12108,0,6761,0.19185,0.10076,0.52521,100,1,96.870,100,1,3,2596,187491,0,0,0.000,7.254,29.113,0,0.000,15.641,53.622,0,0,2,0,8
PPG,3,103054,4123711552,143,75799,81742,81933.203,-191.203,-41.508,0,0,0,0,65.22,65.22,0,0,0,nan,4,0,24,2,2,15,15,0,0,0,4125042399,0.03833,0.00513,0.94458,0.94537,-0.00585,-0.00055,-0.00141,0.00604,0.95222,0.00685,0.00777,3,57625,0,6766,0.19185,0.10076,0.52521,100,1,96.870,100,1,3,57614,187491,0,0,0.000,7.254,29.113,0,0.000,15.641,53.622,0,0,2,0,8
PPG,3,103055,4123751552,39,75810,81766,81931.531,-165.531,-31.828,0,0,0,0,65.22,65.22,0,0,0,nan,4,0,24,2,2,15,15,0,0,0,4125042399,0.03833,0.00513,0.94458,0.94537,-0.00585,-0.00055,-0.00141,0.00604,0.00000,0.00000,0.00000,0,57625,0,6766,0.19185,0.10076,0.52521,100,1,96.870,100,1,3,57614,187491,0,0,0.000,7.254,29.113,0,0.000,15.641,53.622,0,0,2,0,8
PPG,3,103056,4123791552,132,75805,81774,81929.953,-155.953,-16.609,0,0,0,0,65.22,65.22,0,0,0,nan,4,0,24,1,1,16,16,0,0,0,4125068406,0.03809,0.00854,0.95142,0.95222,-0.00505,-0.00081,-0.00221,0.00557,0.95317,0.00780,0.00567,2,12559,0,6766,0.19185,0.10076,0.52521,100,1,96.870,100,1,3,2610,187491,0,0,0.000,7.254,29.113,0,0.000,15.641,53.622,0,0,2,0,8
PPG,3,103057,4123831552,131,75808,81801,81928.664,-127.664,3.742,0,0,0,0,65.22,65.22,0,0,0,nan,4,0,24,1,1,17,17,0,0,0,4125104792,0.04297,0.00610,0.95483,0.95582,-0.00505,-0.00055,-0.00167,0.00535,0.95655,0.00433,0.00673,3,12132,0,6766,0.19185,0.10076,0.52521,100,1,96.870,100,1,3,4309,187491,0,0,0.000,7.254,29.113,0,0.000,15.641,53.622,0,0,2,0,8
PPG,3,103058,4123871552,132,75816,81787,81927.250,-140.250,22.383,0,0,0,0,65.22,65.22,0,0,0,nan,4,0,24,1,1,18,18,0,0,0,4125143760,0.03906,0.00464,0.95313,0.95394,-0.00612,-0.00188,-0.00114,0.00650,0.95415,0.00236,0.00650,3,12128,0,6766,0.19185,0.10076,0.52521,100,1,96.870,100,1,3,4296,187491,0,0,0.000,7.254,29.113,0,0.000,15.641,53.622,0,0,2,0,8
PPG,3,103059,4123911552,131,75799,81773,81925.711,-152.711,39.398,0,0,0,0,65.22,65.22,0,0,0,nan,4,0,24,1,1,19,19,0,0,0,4125183072,0.03687,0.00928,0.95044,0.95120,-0.00532,-0.00028,-0.00167,0.00558,0.95120,0.00489,0.00683,3,12236,0,6766,0.19185,0.10076,0.52521,100,1,96.870,100,1,3,2647,187491,0,0,0.000,7.254,29.113,0,0.000,15.641,53.622,0,0,2,0,8
PPG,3,103060,4123951552,141,75803,81777,81924.227,-147.227,57.539,0,0,0,0,65.22,65.22,0,0,0,nan,4,0,24,1,1,20,20,0,0,0,4125225063,0.03955,0.00342,0.95093,0.95176,-0.00532,-0.00028,-0.00247,0.00587,0.95234,0.00336,0.00587,3,12284,0,6766,0.19185,0.10076,0.52521,100,1,96.870,100,1,3,4341,187491,0,0,0.000,7.254,29.113,0,0.000,15.641,53.622,0,0,2,0,8
PPG,3,103061,4123991552,235,75756,81692,81921.906,-229.906,56.641,0,0,0,0,65.22,65.22,0,0,0,nan,4,0,24,1,1,21,21,0,0,0,4125264332,0.03833,0.00342,0.95264,0.95341,-0.00585,-0.00055,-0.00221,0.00628,0.95646,0.00471,0.00641,3,12222,0,6766,0.19185,0.10076,0.52521,100,1,96.870,100,1,3,4381,187491,0,0,0.000,7.254,29.113,0,0.000,15.641,53.622,0,0,2,0,8
PPG,3,103062,4124031552,146,75694,81494,81917.625,-423.625,27.938,0,0,0,0,65.22,65.22,0,0,0,nan,4,0,24,1,1,22,22,0,0,0,4125303844,0.03882,0.00903,0.94507,0.94591,-0.00585,0.00052,-0.00221,0.00627,0.95230,0.00604,0.00627,3,12245,0,6766,0.19185,0.10076,0.52521,100,1,96.870,100,1,3,4339,187491,0,0,0.000,7.254,29.113,0,0.000,15.641,53.622,0,0,2,0,8
PPG,3,103063,4124071552,138,75622,81315,81911.602,-596.602,-22.039,0,0,0,0,65.22,65.22,0,0,0,nan,4,0,24,1,1,23,23,0,0,0,4125343201,0.04126,0.00464,0.95581,0.95671,-0.00638,-0.00081,-0.00141,0.00659,0.95671,0.00871,0.00675,3,12228,0,6766,0.19185,0.10076,0.52521,100,1,96.870,100,1,3,2632,187491,0,0,0.000,7.254,29.113,0,0.000,15.641,53.622,0,0,2,0,8
PPG,3,103064,4124111552,133,75568,81209,81904.578,-695.578,-85.156,0,0,0,0,65.22,65.22,0,0,0,nan,4,0,24,1,1,24,24,0,0,0,4125385179,0.03540,0.00854,0.95215,0.95284,-0.00585,-0.00081,-0.00141,0.00607,0.95284,0.00730,0.00740,3,12251,0,6766,0.19185,0.10076,0.52521,100,1,96.870,100,1,3,4334,187491,0,0,0.000,7.254,29.113,0,0.000,15.641,53.622,0,0,2,0,8
PPG,3,103065,4124151552,132,75547,81153,81897.062,-744.062,-150.477,0,0,0,0,65.22,65.22,0,0,0,nan,4,0,24,1,1,25,25,0,0,0,4125424421,0.03882,0.00562,0.95068,0.95149,-0.00585,-0.00081,-0.00167,0.00614,0.95228,0.01214,0.00630,3,12195,0,6766,0.19185,0.10076,0.52521,100,1,96.870,100,1,3,4343,187491,0,0,0.000,7.254,29.113,0,0.000,15.641,53.622,0,0,2,0,8
PPG,3,103066,4124191552,213,75501,81074,81888.828,-814.828,-220.641,0,0,0,0,65.22,65.22,0,0,0,nan,4,0,24,1,1,26,26,0,0,0,4125463859,0.03711,0.01270,0.94653,0.94735,-0.00532,-0.00055,-0.00167,0.00560,0.95885,0.00846,0.00703,3,12256,0,6766,0.19185,0.10076,0.52521,100,1,96.870,100,1,3,4346,187491,0,0,0.000,7.254,29.113,0,0.000,15.641,53.622,0,0,2,0,8
PPG,3,103067,4124231552,138,75500,81078,81880.719,-802.719,-289.789,0,0,0,0,65.22,65.22,0,0,0,nan,4,0,24,1,1,27,27,0,0,0,4125503433,0.03882,0.00732,0.95166,0.95248,-0.00612,-0.00055,-0.00194,0.00644,0.95248,0.00421,0.00644,3,12253,0,6766,0.19185,0.10076,0.52521,100,1,96.870,100,1,3,2618,187491,0,0,0.000,7.254,29.113,0,0.000,15.641,53.622,0,0,2,0,8
PPG,3,103068,4124271552,152,75527,81145,81873.359,-728.359,-340.492,1,0,1,760,68.18,68.18,0,0,0,nan,4,0,24,1,1,28,28,0,0,0,4125545298,0.04102,0.00464,0.95386,0.95475,-0.00638,-0.00081,-0.00114,0.00654,0.95495,0.00767,0.00654,3,12237,0,6766,0.19185,0.10076,0.52521,100,1,96.870,100,1,3,4354,187491,0,0,31.000,7.254,29.113,1,124.898,15.641,53.622,1,1,2,0,8
PPG,3,103069,4124311552,526,75526,81156,81866.188,-710.188,-362.969,0,0,0,0,68.18,68.18,0,0,0,99.00,0,0,24,1,1,29,29,0,0,0,4125584704,0.03931,0.00195,0.95215,0.95296,-0.00612,-0.00028,-0.00114,0.00623,0.95591,0.00369,0.00669,3,12240,0,6766,0.24074,0.13139,0.54576,100,1,96.356,93,1,3,4329,187491,0,0,0.000,6.899,26.759,0,0.000,14.978,50.544,0,0,2,0,8
PPG,3,103070,4124351552,182,75542,81181,81859.336,-678.336,-357.758,0,0,0,0,68.18,68.18,0,0,0,99.00,0,0,24,1,1,30,30,0,0,0,4125624531,0.03857,0.00732,0.95166,0.95247,-0.00612,0.00025,-0.00141,0.00628,0.95538,0.00949,0.00628,3,12241,0,6766,0.24074,0.13139,0.54576,100,1,96.356,93,1,3,4330,187491,0,0,0.000,6.899,26.759,0,0.000,14.978,50.544,0,0,2,0,8
PPG,3,103071,4124391552,133,75560,81251,81853.250,-602.250,-330.312,0,0,0,0,68.18,68.18,0,0,0,99.00,0,0,24,1,1,31,31,0,0,0,4125663873,0.04224,0.00439,0.95508,0.95602,-0.00612,-0.00001,-0.00194,0.00642,0.95602,0.00907,0.00642,3,12245,0,6766,0.24074,0.13139,0.54576,100,1,96.356,93,1,3,4327,187491,0,0,0.000,6.899,26.759,0,0.000,14.978,50.544,0,0,2,0,8
PPG,3,103072,4124431552,134,75576,81312,81847.836,-535.836,-288.250,0,0,0,0,68.18,68.18,0,0,0,99.00,0,0,24,1,1,0,0,0,0,0,4125703193,0.03638,0.00488,0.95874,0.95944,-0.00558,-0.00028,-0.00087,0.00566,0.95944,0.00468,0.00633,3,12213,0,6766,0.24074,0.13139,0.54576,100,1,96.356,93,1,3,2628,187491,0,0,0.000,6.899,26.759,0,0.000,14.978,50.544,0,0,2,0,8
PPG,3,103073,4124471552,129,75644,81442,81843.781,-401.781,-222.531,0,0,0,0,68.18,68.18,0,0,0,99.00,0,0,24,1,1,1,1,0,0,0,4125745110,0.04272,0.00586,0.95386,0.95483,-0.00692,-0.00001,-0.00221,0.00726,0.95483,0.00866,0.00726,3,12232,0,6766,0.24074,0.13139,0.54576,100,1,96.356,93,1,3,4334,187491,0,0,0.000,6.899,26.759,0,0.000,14.978,50.544,0,0,2,0,8
PPG,3,103074,4124511552,130,75689,81537,81840.711,-303.711,-146.711,0,0,0,0,68.18,68.18,0,0,0,99.00,0,0,24,1,1,2,2,0,0,0,4125784398,0.03833,0.00439,0.95239,0.95317,-0.00665,-0.00108,-0.00087,0.00679,0.95317,0.00475,0.00706,3,12280,0,6766,0.24074,0.13139,0.54576,100,1,96.356,93,1,3,4302,187491,0,0,0.000,6.899,26.759,0,0.000,14.978,50.544,0,0,2,0,8
PPG,3,103075,4124551552,129,75737,81629,81838.594,-209.594,-70.711,0,0,0,0,68.18,68.18,0,0,0,99.00,0,0,24,1,1,3,3,0,0,0,4125823571,0.03638,0.00659,0.95166,0.95238,-0.00612,-0.00135,-0.00167,0.00648,0.95238,0.00474,0.00662,3,12307,0,6766,0.24074,0.13139,0.54576,100,1,96.356,93,1,3,2603,187491,0,0,0.000,6.899,26.759,0,0.000,14.978,50.544,0,0,2,0,8
PPG,3,103076,4124591552,130,75745,81659,81836.797,-177.797,6.891,0,0,0,0,68.18,68.18,0,0,0,99.00,0,0,24,1,1,4,4,0,0,0,4125865152,0.04175,0.00928,0.95044,0.95140,-0.00612,-0.00108,-0.00141,0.00637,0.95204,0.00665,0.00697,3,12120,0,6766,0.24074,0.13139,0.54576,100,1,96.356,93,1,3,4304,187491,0,0,0.000,6.899,26.759,0,0.000,14.978,50.544,0,0,2,0,8
PPG,3,103077,4124631552,128,75756,81690,81835.328,-145.328,85.156,0,0,0,0,68.18,68.18,0,0,0,99.00,0,0,24,1,1,5,5,0,0,0,4125904255,0.04028,0.00562,0.94824,0.94911,-0.00638,0.00025,-0.00194,0.00668,0.95200,0.00288,0.00668,3,12171,0,6766,0.24074,0.13139,0.54576,100,1,96.356,93,1,3,4318,187491,0,0,0.000,6.899,26.759,0,0.000,14.978,50.544,0,0,2,0,8
PPG,3,103078,4124671552,130,75798,81752,81834.492,-82.492,158.477,0,0,0,0,68.18,68.18,0,0,0,99.00,0,0,24,1,1,6,6,0,0,0,4125943251,0.03979,0.00488,0.95508,0.95592,-0.00585,-0.00161,-0.00247,0.00655,0.95592,0.00375,0.00706,3,12131,0,6766,0.24074,0.13139,0.54576,100,1,96.356,93,1,3,2600,187491,0,0,0.000,6.899,26.759,0,0.000,14.978,50.544,0,0,2,0,8
PPG,3,103079,4124711552,137,75822,81799,81834.141,-35.141,226.750,0,0,0,0,68.18,68.18,0,0,0,99.00,0,0,24,1,1,7,7,0,0,0,4125984908,0.04053,0.00708,0.94922,0.95011,-0.00612,-0.00028,-0.00194,0.00642,0.95518,0.00507,0.00660,2,24386,0,6767,0.24074,0.13139,0.54576,100,1,96.356,93,1,3,4384,187491,0,0,0.000,6.899,26.759,0,0.000,14.978,50.544,0,0,2,0,8
PPG,3,103080,4124751552,132,75826,81820,81834.000,-14.000,278.602,0,0,0,0,68.18,68.18,0,0,0,99.00,0,0,24,1,1,8,8,0,0,0,4126023946,0.03687,0.00439,0.95728,0.95800,-0.00532,-0.00028,-0.00167,0.00558,0.95800,0.00734,0.00558,3,12112,0,6767,0.24074,0.13139,0.54576,100,1,96.356,93,1,3,4299,187491,0,0,0.000,6.899,26.759,0,0.000,14.978,50.544,0,0,2,0,8
PPG,3,103081,4124791552,129,75818,81828,81833.938,-5.938,313.367,0,0,0,0,68.18,68.18,0,0,0,99.00,0,0,24,1,1,9,9,0,0,0,4126062906,0.03662,0.00610,0.94604,0.94677,-0.00612,-0.00135,-0.00167,0.00648,0.95791,0.01114,0.00648,3,12120,0,6767,0.24074,0.13139,0.54576,100,1,96.356,93,1,3,2595,187491,0,0,0.000,6.899,26.759,0,0.000,14.978,50.544,0,0,2,0,8
PPG,3,103082,4124831552,130,75776,81799,81833.586,-34.586,322.406,0,0,0,0,68.18,68.18,0,0,0,99.00,0,0,24,1,1,10,10,0,0,0,4126104654,0.03784,0.00708,0.94849,0.94927,-0.00665,-0.00028,-0.00061,0.00668,0.95073,0.00380,0.00750,3,12120,0,6767,0.24074,0.13139,0.54576,100,1,96.356,93,1,3,4300,187491,0,0,0.000,6.899,26.759,0,0.000,14.978,50.544,0,0,2,0,8
PPG,3,103083,4124871552,220,75744,81722,81832.469,-110.469,311.062,0,0,0,0,68.18,68.18,0,0,0,99.00,0,0,24,1,1,11,11,0,0,0,4126143633,0.03442,0.00562,0.95361,0.95425,-0.00558,-0.00001,-0.00167,0.00583,0.95425,0.00381,0.00583,3,12115,0,6767,0.24074,0.13139,0.54576,100,1,96.356,93,1,3,2605,187491,0,0,0.000,6.899,26.759,0,0.000,14.978,50.544,0,0,2,0,8
PPG,3,103084,4124911552,130,75670,81524,81829.383,-305.383,271.594,0,0,0,0,68.18,68.18,0,0,0,99.00,0,0,24,1,1,12,12,0,0,0,4126185399,0.04175,0.00269,0.95142,0.95234,-0.00558,-0.00108,-0.00061,0.00572,0.95681,0.00448,0.00654,3,12163,0,6767,0.24074,0.13139,0.54576,100,1,96.356,93,1,3,4317,187491,0,0,0.000,6.899,26.759,0,0.000,14.978,50.544,0,0,2,0,8
PPG,3,103085,4124951552,128,75657,81435,81825.438,-390.438,212.211,0,0,0,0,68.18,68.18,0,0,0,99.00,0,0,24,1,1,13,13,0,0,0,4126224420,0.03955,0.00342,0.94946,0.95029,-0.00585,0.00025,-0.00034,0.00587,0.95029,0.00658,0.00637,3,12117,0,6767,0.24074,0.13139,0.54576,100,1,96.356,93,1,3,4297,187491,0,0,0.000,6.899,26.759,0,0.000,14.978,50.544,0,0,2,0,8
PPG,3,103086,4124991552,137,75643,81396,81821.141,-425.141,138.539,0,1,0,0,68.18,68.18,0,0,0,99.00,0,0,24,1,1,14,14,0,0,0,4126263481,0.03857,0.00269,0.95215,0.95293,-0.00532,-0.00055,-0.00194,0.00569,0.95731,0.01309,0.00602,3,12123,0,6767,0.24074,0.13139,0.54576,100,1,96.356,93,1,3,2599,187491,0,0,0.000,6.899,26.759,0,0.000,14.978,50.544,0,0,2,0,8
PPG,3,103087,4125031552,132,75615,81380,81816.727,-436.727,60.578,0,0,0,0,68.18,68.18,0,0,0,99.00,0,0,24,1,1,15,15,0,0,0,4126305126,0.03564,0.00610,0.95215,0.95283,-0.00692,-0.00028,-0.00141,0.00706,0.95561,0.01003,0.00706,3,12127,0,6767,0.24074,0.13139,0.54576,100,1,96.356,93,1,3,4296,187491,0,0,0.000,6.899,26.759,0,0.000,14.978,50.544,0,0,2,0,8
PPG,3,103088,4125071552,135,75641,81379,81812.352,-433.352,-15.258,0,0,0,0,68.18,68.18,0,0,0,99.00,0,0,24,1,1,16,16,0,0,0,4126344104,0.04053,0.00757,0.95605,0.95694,-0.00612,-0.00055,-0.00141,0.00630,0.95694,0.00551,0.00630,3,12128,0,6767,0.24074,0.13139,0.54576,100,1,96.356,93,1,3,4299,187491,0,0,0.000,6.899,26.759,0,0.000,14.978,50.544,0,0,2,0,8
PPG,3,103089,4125111552,209,75650,81412,81808.352,-396.352,-83.352,0,0,0,0,68.18,68.18,0,0,0,99.00,0,0,24,1,1,17,17,0,0,0,4126383051,0.03857,0.00342,0.94897,0.94976,-0.00505,-0.00108,-0.00167,0.00543,0.95373,0.00590,0.00607,3,12115,0,6767,0.24074,0.13139,0.54576,100,1,96.356,93,1,3,2630,187491,0,0,0.000,6.899,26.759,0,0.000,14.978,50.544,0,0,2,0,8
PPG,3,103090,4125151552,151,75647,81454,81804.805,-350.805,-135.289,1,0,1,880,68.18,68.18,0,0,0,99.00,0,0,24,1,1,18,18,0,0,0,4126424838,0.03589,0.00610,0.94751,0.94821,-0.00612,-0.00081,-0.00141,0.00633,0.95516,0.00802,0.00639,3,12119,0,6767,0.24074,0.13139,0.54576,100,1,96.356,93,1,3,4307,187491,0,0,298.148,6.899,26.759,1,685.375,14.978,50.544,1,1,2,0,8
PPG,3,103091,4125191552,126,75677,81471,81801.469,-330.469,-153.859,0,0,0,0,68.18,68.18,0,0,0,99.00,0,0,24,1,1,19,19,0,0,0,4126463887,0.03882,0.01025,0.94873,0.94958,-0.00585,-0.00081,-0.00221,0.00631,0.95517,0.00559,0.00631,3,12125,0,6767,0.24074,0.13139,0.54576,100,1,96.356,93,1,3,2597,187491,0,0,0.000,8.258,35.773,0,0.000,17.901,64.115,0,0,2,0,8
PPG,3,103092,4125231552,130,75665,81458,81798.031,-340.031,-157.867,0,0,0,0,68.18,68.18,0,0,0,99.00,0,0,24,1,1,20,20,0,0,0,4126505475,0.03809,0.00562,0.95264,0.95341,-0.00558,-0.00028,-0.00114,0.00571,0.95341,0.00175,0.00656,3,12143,0,6767,0.24074,0.13139,0.54576,100,1,96.356,93,1,3,4294,187491,0,0,0.000,8.258,35.773,0,0.000,17.901,64.115,0,0,2,0,8
PPG,3,103093,4125271552,128,75670,81471,81794.758,-323.758,-148.609,0,0,0,0,68.18,68.18,0,0,0,99.00,0,0,24,1,1,21,21,0,0,0,4126544453,0.03540,0.00659,0.94751,0.94819,-0.00638,-0.00161,-0.00141,0.00673,0.95074,0.00334,0.00673,3,12113,0,6767,0.24074,0.13139,0.54576,100,1,96.356,93,1,3,4301,187491,0,0,0.000,8.258,35.773,0,0.000,17.901,64.115,0,0,2,0,8
PPG,3,103094,4125311552,528,75715,81557,81792.383,-235.383,-124.320,0,0,0,0,68.18,68.18,0,0,0,99.00,0,0,24,1,1,22,22,0,0,0,4126583448,0.04053,0.00415,0.95264,0.95351,-0.00558,-0.00028,-0.00141,0.00577,0.95465,0.01097,0.00680,3,12122,0,6767,0.24307,0.13143,0.54071,99,1,96.482,65,1,3,2608,187491,0,0,0.000,8.258,35.773,0,0.000,17.901,64.115,0,0,2,0,8
PPG,3,103095,4125351552,177,75749,81651,81790.969,-139.969,-86.562,0,0,0,0,68.18,68.18,0,0,0,99.00,0,0,24,1,1,23,23,0,0,0,4126625486,0.04126,0.00684,0.95459,0.95551,-0.00718,-0.00108,-0.00034,0.00727,0.95875,0.00973,0.00736,3,12111,0,6767,0.24307,0.13143,0.54071,99,1,96.482,65,1,3,4294,187491,0,0,0.000,8.258,35.773,0,0.000,17.901,64.115,0,0,2,0,8
PPG,3,103096,4125391552,131,75768,81695,81790.008,-95.008,-47.938,0,0,0,0,68.18,68.18,0,0,0,99.00,0,0,24,1,1,24,24,0,0,0,4126664560,0.03906,0.00122,0.95557,0.95637,-0.00505,-0.00028,-0.00114,0.00519,0.95637,0.00555,0.00661,3,12112,0,6767,0.24307,0.13143,0.54071,99,1,96.482,65,1,3,4294,187491,0,0,0.000,8.258,35.773,0,0.000,17.901,64.115,0,0,2,0,8
PPG,3,103097,4125431552,129,75779,81746,81789.570,-43.570,-9.023,0,0,0,0,68.18,68.18,0,0,0,99.00,0,0,24,1,1,25,25,0,0,0,4126703633,0.04199,0.00586,0.95190,0.95285,-0.00638,-0.00108,-0.00247,0.00693,0.95631,0.00239,0.00693,3,12185,0,6767,0.24307,0.13143,0.54071,99,1,96.482,65,1,3,2601,187491,0,0,0.000,8.258,35.773,0,0.000,17.901,64.115,0,0,2,0,8
PPG,3,103098,4125471552,130,75795,81815,81789.828,25.172,36.969,0,0,0,0,68.18,68.18,0,0,0,99.00,0,0,24,1,1,26,26,0,0,0,4126745196,0.04248,0.00684,0.95288,0.95385,-0.00692,0.00025,-0.00141,0.00706,0.96087,0.01403,0.00706,3,12132,0,6767,0.24307,0.13143,0.54071,99,1,96.482,65,1,3,4299,187491,0,0,0.000,8.258,35.773,0,0.000,17.901,64.115,0,0,2,0,8
PPG,3,103099,4125511552,129,75802,81869,81790.617,78.383,92.188,0,0,0,0,68.18,68.18,0,0,0,99.00,0,0,24,1,1,27,27,0,0,0,4126784174,0.03979,0.00635,0.95337,0.95422,-0.00558,0.00025,-0.00114,0.00571,0.95422,0.00328,0.00701,3,12126,0,6767,0.24307,0.13143,0.54071,99,1,96.482,65,1,3,4299,187491,0,0,0.000,8.258,35.773,0,0.000,17.901,64.115,0,0,2,0,8
PPG,3,103100,4125551552,131,75812,81885,81791.562,93.438,148.078,0,0,0,0,68.18,68.18,0,0,0,99.00,0,0,24,1,1,28,28,0,0,0,4126823252,0.04907,0.00317,0.94531,0.94659,-0.00479,0.00052,-0.00141,0.00501,0.95012,0.04967,0.00637,3,12135,0,6767,0.24307,0.13143,0.54071,99,1,96.482,65,1,3,2600,187491,0,0,0.000,8.258,35.773,0,0.000,17.901,64.115,0,0,2,0,8
PPG,3,103101,4125591552,127,75823,81889,81792.539,96.461,192.461,0,0,0,0,68.18,68.18,0,0,0,99.00,0,0,24,1,1,29,29,0,0,0,4126864892,0.03833,0.00269,0.95288,0.95366,-0.00585,0.00025,-0.00221,0.00626,0.95366,0.00555,0.00626,3,12118,0,6767,0.24307,0.13143,0.54071,99,1,96.482,65,1,3,4295,187491,0,0,0.000,8.258,35.773,0,0.000,17.901,64.115,0,0,2,0,8
PPG,3,103102,4125631552,128,75825,81898,81793.594,104.406,222.789,0,0,0,0,68.18,68.18,0,0,0,99.00,0,0,24,1,1,30,30,0,0,0,4126903877,0.03784,0.00659,0.95532,0.95609,-0.00612,-0.00135,-0.00034,0.00627,0.95609,0.01172,0.00627,3,12154,0,6767,0.24307,0.13143,0.54071,99,1,96.482,65,1,3,2599,187491,0,0,0.000,8.258,35.773,0,0.000,17.901,64.115,0,0,2,0,8
PPG,3,103103,4125671552,130,75797,81876,81794.414,81.586,240.953,0,1,0,0,68.18,68.18,0,0,0,99.00,0,0,24,1,1,31,31,0,0,0,4126945456,0.04053,0.00610,0.95239,0.95327,-0.00372,-0.00081,-0.00141,0.00406,0.95518,0.00530,0.00781,3,12116,0,6767,0.24307,0.13143,0.54071,99,1,96.482,65,1,3,4300,187491,0,0,0.000,8.258,35.773,0,0.000,17.901,64.115,0,0,2,0,8
PPG,3,103104,4125711552,230,75786,81863,81795.102,67.898,240.711,0,0,0,0,68.18,68.18,0,0,0,99.00,0,0,24,1,1,0,0,0,0,0,4126984249,0.03564,0.00854,0.94604,0.94675,-0.00638,-0.00188,-0.00194,0.00693,0.95489,0.00814,0.00693,2,24098,0,6768,0.24307,0.13143,0.54071,99,1,96.482,65,1,3,4390,187491,0,0,0.000,8.258,35.773,0,0.000,17.901,64.115,0,0,2,0,8
PPG,3,103105,4125751552,135,75789,81889,81796.039,92.961,228.586,0,0,0,0,68.18,68.18,0,0,0,99.00,0,0,24,1,1,1,1,0,0,0,4127023453,0.03662,0.00879,0.94702,0.94777,-0.00585,-0.00135,-0.00274,0.00660,0.95533,0.00756,0.00709,3,12122,0,6768,0.24307,0.13143,0.54071,99,1,96.482,65,1,3,2608,187491,0,0,0.000,8.258,35.773,0,0.000,17.901,64.115,0,0,2,0,8
PPG,3,103106,4125791552,133,75804,81936,81797.438,138.562,211.156,0,0,0,0,68.18,68.18,0,0,0,99.00,0,0,24,1,1,2,2,0,0,0,4127065016,0.03906,0.00537,0.95435,0.95516,-0.00479,-0.00108,-0.00141,0.00510,0.95526,0.00749,0.00668,3,12113,0,6768,0.24307,0.13143,0.54071,99,1,96.482,65,1,3,4294,187491,0,0,0.000,8.258,35.773,0,0.000,17.901,64.115,0,0,2,0,8
PPG,3,103107,4125831552,130,75774,81853,81797.992,55.008,182.938,0,0,0,0,68.18,68.18,0,0,0,99.00,0,0,24,1,1,3,3,0,0,0,4127104056,0.04175,0.00635,0.95313,0.95406,-0.00585,-0.00108,-0.00141,0.00611,0.95733,0.00292,0.00611,3,12118,0,6768,0.24307,0.13143,0.54071,99,1,96.482,65,1,3,2602,187491,0,0,0.000,8.258,35.773,0,0.000,17.901,64.115,0,0,2,0,8
PPG,3,103108,4125871552,130,75682,81600,81796.016,-196.016,130.602,0,0,0,0,68.18,68.18,0,0,0,99.00,0,0,24,1,1,4,4,0,0,0,4127145718,0.03662,0.00659,0.94800,0.94873,-0.00612,-0.00001,-0.00141,0.00628,0.95242,0.00703,0.00628,3,12123,0,6768,0.24307,0.13143,0.54071,99,1,96.482,65,1,3,4302,187491,0,0,0.000,8.258,35.773,0,0.000,17.901,64.115,0,0,2,0,8
PPG,3,103109,4125911552,128,75607,81425,81792.305,-367.305,62.383,0,0,0,0,68.18,68.18,0,0,0,99.00,0,0,24,1,1,5,5,0,0,0,4127184716,0.04053,0.00781,0.95117,0.95207,-0.00532,-0.00001,-0.00141,0.00550,0.95856,0.00848,0.00654,3,12125,0,6768,0.24307,0.13143,0.54071,99,1,96.482,65,1,3,4296,187491,0,0,0.000,8.258,35.773,0,0.000,17.901,64.115,0,0,2,0,8
PPG,3,103110,4125951552,195,75563,81365,81788.031,-423.031,-6.172,0,0,0,0,68.18,68.18,0,0,0,99.00,0,0,24,1,1,6,6,0,0,0,4127223915,0.04102,0.00488,0.95435,0.95524,-0.00558,-0.00081,-0.00114,0.00576,0.95592,0.00846,0.00609,3,12290,0,6768,0.24307,0.13143,0.54071,99,1,96.482,65,1,3,2640,187491,0,0,0.000,8.258,35.773,0,0.000,17.901,64.115,0,0,2,0,8
PPG,3,103111,4125991552,150,75551,81334,81783.492,-449.492,-74.891,1,0,1,840,68.18,68.18,0,0,0,99.00,0,0,24,1,1,7,7,0,0,0,4127265768,0.04028,0.00610,0.94751,0.94839,-0.00452,-0.00001,-0.00221,0.00503,0.95558,0.00521,0.00655,3,12143,0,6768,0.24307,0.13143,0.54071,99,1,96.482,65,1,3,4329,187491,0,0,147.422,8.258,35.773,1,398.820,17.901,64.115,1,1,2,0,8
PPG,3,103112,4126031552,128,75529,81323,81778.891,-455.891,-149.000,0,0,0,0,68.18,68.18,0,0,0,99.00,0,0,24,1,1,8,8,0,0,0,4127304794,0.04175,0.00659,0.95264,0.95357,-0.00532,-0.00108,-0.00221,0.00586,0.95764,0.00504,0.00598,3,12114,0,6768,0.24307,0.13143,0.54071,99,1,96.482,65,1,3,4321,187491,0,0,0.000,8.505,37.413,0,0.000,18.667,67.675,0,0,2,0,8
PPG,3,103113,4126071552,129,75536,81335,81774.453,-439.453,-228.062,0,0,0,0,68.18,68.18,0,0,0,99.00,0,0,24,1,1,9,9,0,0,0,4127343925,0.04102,0.00439,0.95068,0.95158,-0.00532,-0.00081,-0.00300,0.00616,0.95182,0.00223,0.00616,3,12233,0,6768,0.24307,0.13143,0.54071,99,1,96.482,65,1,3,2594,187491,0,0,0.000,8.505,37.413,0,0.000,18.667,67.675,0,0,2,0,8
PPG,3,103114,4126111552,131,75533,81335,81770.062,-435.062,-290.961,0,0,0,0,68.18,68.18,0,0,0,99.00,0,0,24,1,1,10,10,0,0,0,4127385652,0.03882,0.00952,0.95801,0.95884,-0.00612,-0.00055,-0.00167,0.00637,0.95884,0.00547,0.00637,3,12130,0,6768,0.24307,0.13143,0.54071,99,1,96.482,65,1,3,4306,187491,0,0,0.000,8.505,37.413,0,0.000,18.667,67.675,0,0,2,0,8
PPG,3,103115,4126151552,136,75528,81287,81765.234,-478.234,-317.469,0,0,0,0,68.18,68.18,0,0,0,99.00,0,0,24,1,1,11,11,0,0,0,4127424981,0.03906,0.00537,0.94775,0.94857,-0.00612,-0.00081,-0.00061,0.00620,0.95328,0.00556,0.00726,3,12334,0,6768,0.24307,0.13143,0.54071,99,1,96.482,65,1,3,4347,187491,0,0,0.000,8.505,37.413,0,0.000,18.667,67.675,0,0,2,0,8
PPG,3,103116,4126191552,129,75480,81247,81760.055,-513.055,-320.500,0,0,0,0,68.18,68.18,0,0,0,99.00,0,0,24,1,1,12,12,0,0,0,4127464324,0.04321,0.00684,0.95532,0.95632,-0.00532,0.00025,-0.00141,0.00551,0.95632,0.00803,0.00646,3,12281,0,6768,0.24307,0.13143,0.54071,99,1,96.482,65,1,3,4341,187491,0,0,0.000,8.505,37.413,0,0.000,18.667,67.675,0,0,2,0,8
PPG,3,103117,4126231552,190,75451,81234,81754.797,-520.797,-313.609,0,0,0,0,68.18,68.18,0,0,0,99.00,0,0,24,1,1,13,13,0,0,0,4127503696,0.04004,0.00806,0.95630,0.95717,-0.00479,0.00105,-0.00061,0.00494,0.95740,0.00108,0.00637,3,12250,0,6768,0.24307,0.13143,0.54071,99,1,96.482,65,1,3,2624,187491,0,0,0.000,8.505,37.413,0,0.000,18.667,67.675,0,0,2,0,8
PPG,3,103118,4126271552,153,75468,81278,81750.031,-472.031,-294.758,0,0,0,0,68.18,68.18,0,0,0,99.00,0,0,24,1,1,14,14,0,0,0,4127545675,0.03784,0.00098,0.95532,0.95607,-0.00585,-0.00028,-0.00194,0.00617,0.95790,0.00903,0.00685,3,12267,0,6768,0.24307,0.13143,0.54071,99,1,96.482,65,1,3,4330,187491,0,0,0.000,8.505,37.413,0,0.000,18.667,67.675,0,0,2,0,8
PPG,3,103119,4126311552,512,75459,81251,81745.039,-494.039,-274.148,0,0,0,0,68.18,68.18,0,0,0,99.00,0,0,24,1,1,15,15,0,0,0,4127585086,0.04028,0.00684,0.94971,0.95059,-0.00638,-0.00108,-0.00167,0.00669,0.95572,0.00513,0.00669,3,12257,0,6768,0.27098,0.15140,0.55871,99,1,96.032,57,1,3,4352,187491,0,0,0.000,8.505,37.413,0,0.000,18.667,67.675,0,0,2,0,8
PPG,3,103120,4126351552,194,75440,81253,81740.117,-487.117,-254.258,0,0,0,0,68.18,68.18,0,0,0,99.00,0,0,24,1,1,16,16,0,0,0,4127624915,0.03857,0.00635,0.95166,0.95246,-0.00638,-0.00081,-0.00167,0.00665,0.95616,0.00909,0.00665,3,12326,0,6768,0.27098,0.15140,0.55871,99,1,96.032,57,1,3,4342,187491,0,0,0.000,8.505,37.413,0,0.000,18.667,67.675,0,0,2,0,8
PPG,3,103121,4126391552,127,75456,81298,81735.695,-437.695,-230.000,0,0,0,0,68.18,68.18,0,0,0,99.00,0,0,24,1,1,17,17,0,0,0,4127664308,0.04077,0.00366,0.94775,0.94864,-0.00505,-0.00028,-0.00114,0.00519,0.95636,0.01084,0.00677,3,12265,0,6768,0.27098,0.15140,0.55871,99,1,96.032,57,1,3,4350,187491,0,0,0.000,8.505,37.413,0,0.000,18.667,67.675,0,0,2,0,8
PPG,3,103122,4126431552,133,75454,81352,81731.859,-379.859,-193.414,0,0,0,0,68.18,68.18,0,0,0,99.00,0,0,24,1,1,18,18,0,0,0,4127703663,0.04150,0.00513,0.94971,0.95063,-0.00585,0.00025,-0.00034,0.00587,0.95112,0.00248,0.00729,3,12279,0,6768,0.27098,0.15140,0.55871,99,1,96.032,57,1,3,2647,187491,0,0,0.000,8.505,37.413,0,0.000,18.667,67.675,0,0,2,0,8
PPG,3,103123,4126471552,132,75477,81394,81728.484,-334.484,-148.312,0,0,0,0,68.18,68.18,0,0,0,99.00,0,0,24,1,1,19,19,0,0,0,4127745708,0.03784,0.00537,0.94922,0.94999,-0.00532,-0.00028,-0.00141,0.00551,0.95440,0.00848,0.00611,3,12266,0,6768,0.27098,0.15140,0.55871,99,1,96.032,57,1,3,4332,187491,0,0,0.000,8.505,37.413,0,0.000,18.667,67.675,0,0,2,0,8
PPG,3,103124,4126511552,130,75510,81448,81725.680,-277.680,-96.992,0,0,0,0,68.18,68.18,0,0,0,99.00,0,0,24,1,1,20,20,0,0,0,4127785076,0.03491,0.00488,0.95313,0.95378,-0.00532,-0.00028,-0.00194,0.00567,0.95561,0.00613,0.00642,3,12265,0,6768,0.27098,0.15140,0.55871,99,1,96.032,57,1,3,4343,187491,0,0,0.000,8.505,37.413,0,0.000,18.667,67.675,0,0,2,0,8
PPG,3,103125,4126551552,128,75504,81483,81723.250,-240.250,-47.406,0,0,0,0,68.18,68.18,0,0,0,99.00,0,0,24,1,1,21,21,0,0,0,4127824423,0.03882,0.00659,0.95459,0.95540,-0.00585,0.00052,-0.00194,0.00619,0.95550,0.00576,0.00619,3,12254,0,6768,0.27098,0.15140,0.55871,99,1,96.032,57,1,3,4362,187491,0,0,0.000,8.505,37.413,0,0.000,18.667,67.675,0,0,2,0,8
PPG,3,103126,4126591552,129,75514,81508,81721.094,-213.094,10.711,0,0,0,0,68.18,68.18,0,0,0,99.00,0,0,24,1,1,22,22,0,0,0,4127863757,0.04004,0.00635,0.95264,0.95350,-0.00585,-0.00055,-0.00141,0.00604,0.95478,0.00164,0.00604,3,12244,0,6768,0.27098,0.15140,0.55871,99,1,96.032,57,1,3,2624,187491,0,0,0.000,8.505,37.413,0,0.000,18.667,67.675,0,0,2,0,8
PPG,3,103127,4126631552,128,75518,81542,81719.305,-177.305,67.539,0,0,0,0,68.18,68.18,0,0,0,99.00,0,0,24,1,1,23,23,0,0,0,4127905631,0.03955,0.00342,0.95654,0.95737,-0.00532,0.00025,-0.00141,0.00551,0.95737,0.00418,0.00591,3,12219,0,6768,0.27098,0.15140,0.55871,99,1,96.032,57,1,3,4331,187491,0,0,0.000,8.505,37.413,0,0.000,18.667,67.675,0,0,2,0,8
PPG,3,103128,4126671552,138,75547,81579,81717.898,-138.898,108.742,0,0,0,0,68.18,68.18,0,0,0,99.00,0,0,24,1,1,24,24,0,0,0,4127944959,0.04053,0.00488,0.95581,0.95668,-0.00452,0.00025,-0.00167,0.00482,0.95668,0.00415,0.00607,3,12229,0,6768,0.27098,0.15140,0.55871,99,1,96.032,57,1,3,4329,187491,0,0,0.000,8.505,37.413,0,0.000,18.667,67.675,0,0,2,0,8
PPG,3,103129,4126711552,136,75550,81618,81716.898,-98.898,137.086,0,0,0,0,68.18,68.18,0,0,0,99.00,0,0,24,1,1,25,25,0,0,0,4127984002,0.03833,0.00415,0.95337,0.95415,-0.00585,-0.00055,-0.00194,0.00619,0.95415,0.00931,0.00619,2,24298,0,6769,0.27098,0.15140,0.55871,99,1,96.032,57,1,3,2628,187491,0,0,0.000,8.505,37.413,0,0.000,18.667,67.675,0,0,2,0,8
PPG,3,103130,4126751552,142,75545,81643,81716.156,-73.156,158.758,0,0,0,0,68.18,68.18,0,0,0,99.00,0,0,24,1,1,26,26,0,0,0,4128025999,0.04053,0.00684,0.95239,0.95328,-0.00558,-0.00028,-0.00247,0.00611,0.95328,0.00601,0.00695,3,12211,0,6769,0.27098,0.15140,0.55871,99,1,96.032,57,1,3,4352,187491,0,0,0.000,8.505,37.413,0,0.000,18.667,67.675,0,0,2,0,8
PPG,3,103131,4126791552,159,75570,81677,81715.766,-38.766,174.320,0,0,0,0,68.18,68.18,0,0,0,99.00,0,0,24,1,1,27,27,0,0,0,4128065305,0.03516,0.00317,0.95117,0.95183,-0.00505,-0.00135,-0.00061,0.00526,0.95348,0.00165,0.00619,3,12187,0,6769,0.27098,0.15140,0.55871,99,1,96.032,57,1,3,4357,187491,0,0,0.000,8.505,37.413,0,0.000,18.667,67.675,0,0,2,0,8
PPG,3,103132,4126831552,130,75541,81593,81714.539,-121.539,176.539,0,0,0,0,68.18,68.18,0,0,0,99.00,0,0,24,1,1,28,28,0,0,0,4128104475,0.03906,0.00537,0.94971,0.95053,-0.00638,-0.00135,-0.00221,0.00689,0.95198,0.00146,0.00689,3,12140,0,6769,0.27098,0.15140,0.55871,99,1,96.032,57,1,3,4304,187491,0,0,0.000,8.505,37.413,0,0.000,18.667,67.675,0,0,2,0,8
PPG,3,103133,4126871552,225,75467,81410,81711.492,-301.492,158.789,0,0,0,0,68.18,68.18,0,0,0,99.00,0,0,24,1,1,29,29,0,0,0,4128143499,0.03589,0.00635,0.95190,0.95260,-0.00638,-0.00188,-0.00167,0.00686,0.95260,0.00129,0.00750,3,12141,0,6769,0.27098,0.15140,0.55871,99,1,96.032,57,1,3,2599,187491,0,0,0.000,8.505,37.413,0,0.000,18.667,67.675,0,0,2,0,8
PPG,3,103134,4126911552,130,75427,81308,81707.461,-399.461,126.711,0,0,0,0,68.18,68.18,0,0,0,99.00,0,0,24,1,1,30,30,0,0,0,4128185240,0.03857,0.00488,0.94897,0.94977,-0.00558,-0.00108,-0.00194,0.00601,0.95301,0.00321,0.00620,3,12121,0,6769,0.27098,0.15140,0.55871,99,1,96.032,57,1,3,4295,187491,0,0,0.000,8.505,37.413,0,0.000,18.667,67.675,0,0,2,0,8
PPG,3,103135,4126951552,128,75412,81292,81703.305,-411.305,85.461,0,0,0,0,68.18,68.18,0,0,0,99.00,0,0,24,1,1,31,31,0,0,0,4128224201,0.03687,0.00781,0.94751,0.94826,-0.00638,-0.00081,-0.00194,0.00672,0.95531,0.00705,0.00672,3,12124,0,6769,0.27098,0.15140,0.55871,99,1,96.032,57,1,3,2622,187491,0,0,0.000,8.505,37.413,0,0.000,18.667,67.675,0,0,2,0,8
PPG,3,103136,4126991552,130,75413,81307,81699.344,-392.344,38.031,0,0,0,0,68.18,68.18,0,0,0,99.00,0,0,24,1,1,0,0,0,0,0,4128265806,0.04248,0.00464,0.95679,0.95774,-0.00558,-0.00028,-0.00141,0.00577,0.95774,0.00693,0.00641,3,12121,0,6769,0.27098,0.15140,0.55871,99,1,96.032,57,1,3,4303,187491,0,0,0.000,8.505,37.413,0,0.000,18.667,67.675,0,0,2,0,8
PPG,3,103137,4127031552,129,75426,81329,81695.641,-366.641,-11.578,0,0,0,0,68.18,68.18,0,0,0,99.00,0,0,24,1,1,1,1,0,0,0,4128304769,0.04004,0.00781,0.95361,0.95449,-0.00612,-0.00108,-0.00247,0.00669,0.95449,0.00582,0.00669,3,12122,0,6769,0.27098,0.15140,0.55871,99,1,96.032,57,1,3,4300,187491,0,0,0.000,8.505,37.413,0,0.000,18.667,67.675,0,0,2,0,8
PPG,3,103138,4127071552,132,75448,81371,81692.391,-321.391,-59.938,0,1,0,0,68.18,68.18,0,0,0,99.00,0,0,24,1,1,2,2,0,0,0,4128343788,0.04126,0.00269,0.95117,0.95207,-0.00558,-0.00055,-0.00194,0.00594,0.95552,0.00204,0.00628,3,12153,0,6769,0.27098,0.15140,0.55871,99,1,96.032,57,1,3,2594,187491,0,0,0.000,8.505,37.413,0,0.000,18.667,67.675,0,0,2,0,8
PPG,3,103139,4127111552,130,75456,81404,81689.508,-285.508,-94.594,0,0,0,0,68.18,68.18,0,0,0,99.00,0,0,24,1,1,3,3,0,0,0,4128385419,0.03418,0.00317,0.95093,0.95155,-0.00585,0.00025,-0.00167,0.00609,0.95227,0.00215,0.00609,3,12127,0,6769,0.27098,0.15140,0.55871,99,1,96.032,57,1,3,4298,187491,0,0,0.000,8.505,37.413,0,0.000,18.667,67.675,0,0,2,0,8
PPG,3,103140,4127151552,150,75434,81383,81686.445,-303.445,-104.953,1,0,1,1160,65.22,65.22,2,1,16,99.00,0,0,24,1,1,4,4,0,0,0,4128424390,0.04297,0.00391,0.94702,0.94800,-0.00452,-0.00108,-0.00087,0.00473,0.95085,0.00285,0.00572,3,12121,0,6769,0.27098,0.15140,0.55871,99,1,96.032,57,1,3,2595,187491,0,0,194.984,8.505,37.413,1,497.039,18.667,67.675,1,1,1,0,8
PPG,3,103141,4127191552,125,75429,81393,81683.508,-290.508,-97.562,0,0,0,0,65.22,65.22,2,1,16,99.00,0,0,24,1,1,5,5,0,0,0,4128466239,0.04126,0.00513,0.95532,0.95623,-0.00718,-0.00055,-0.00194,0.00746,0.95888,0.01088,0.00746,3,12143,0,6769,0.27098,0.15140,0.55871,99,1,96.032,57,1,3,4294,187491,0,0,0.000,9.019,40.819,0,0.000,19.952,73.639,0,0,1,0,8
PPG,3,103142,4127231552,130,75462,81423,81680.906,-257.906,-82.391,0,0,0,0,65.22,65.22,2,1,16,99.00,0,0,24,1,1,6,6,0,0,0,4128505251,0.03638,0.00293,0.95483,0.95553,-0.00558,-0.00135,-0.00167,0.00598,0.95562,0.00543,0.00672,3,12121,0,6769,0.27098,0.15140,0.55871,99,1,96.032,57,1,3,4296,187491,0,0,0.000,9.019,40.819,0,0.000,19.952,73.639,0,0,1,0,8
PPG,3,103143,4127271552,199,75460,81459,81678.688,-219.688,-63.930,0,0,0,0,65.22,65.22,2,1,16,99.00,0,0,24,1,1,7,7,0,0,0,4128544273,0.04028,0.00830,0.94604,0.94694,-0.00718,-0.00028,-0.00247,0.00760,0.95149,0.00436,0.00760,3,12169,0,6769,0.27098,0.15140,0.55871,99,1,96.032,57,1,3,2602,187491,0,0,0.000,9.019,40.819,0,0.000,19.952,73.639,0,0,1,0,8
PPG,3,103144,4127311552,523,75480,81506,81676.961,-170.961,-41.539,0,0,0,0,65.22,65.22,2,1,16,99.00,0,0,24,1,1,8,8,0,0,0,4128586334,0.03442,0.00586,0.95361,0.95425,-0.00585,-0.00055,-0.00167,0.00611,0.95425,0.00938,0.00719,3,12120,0,6769,0.27106,0.18408,0.67909,99,1,93.023,78,1,3,4305,187491,0,0,0.000,9.019,40.819,0,0.000,19.952,73.639,0,0,1,0,8
PPG,3,103145,4127351552,176,75501,81543,81675.625,-132.625,-19.969,0,0,0,0,65.22,65.22,2,1,16,99.00,0,0,24,1,1,9,9,0,0,0,4128625740,0.03760,0.00537,0.94629,0.94705,-0.00585,-0.00028,-0.00061,0.00589,0.95277,0.00572,0.00672,3,12112,0,6769,0.27106,0.18408,0.67909,99,1,93.023,78,1,3,4294,187491,0,0,0.000,9.019,40.819,0,0.000,19.952,73.639,0,0,1,0,8
PPG,3,103146,4127391552,211,75506,81582,81674.688,-92.688,1.758,0,0,0,0,65.22,65.22,2,1,16,99.00,0,0,24,1,1,10,10,0,0,0,4128664912,0.03760,0.00488,0.94971,0.95046,-0.00612,-0.00081,-0.00141,0.00633,0.95046,0.00327,0.00684,3,12166,0,6769,0.27106,0.18408,0.67909,99,1,93.023,78,1,3,4303,187491,0,0,0.000,9.019,40.819,0,0.000,19.952,73.639,0,0,1,0,8
PPG,3,103147,4127431552,156,75522,81563,81673.570,-110.570,26.422,0,0,0,0,65.22,65.22,2,1,16,99.00,0,0,24,1,1,11,11,0,0,0,4128704124,0.03833,0.00586,0.95239,0.95318,-0.00585,-0.00135,-0.00087,0.00607,0.95716,0.00552,0.00607,3,12110,0,6769,0.27106,0.18408,0.67909,99,1,93.023,78,1,3,2708,187491,0,0,0.000,9.019,40.819,0,0.000,19.952,73.639,0,0,1,0,8
PPG,3,103148,4127471552,132,75505,81595,81672.781,-77.781,54.477,0,0,0,0,65.22,65.22,2,1,16,99.00,0,0,24,1,1,12,12,0,0,0,4128745960,0.04004,0.00635,0.95142,0.95228,-0.00638,-0.00081,-0.00141,0.00659,0.95757,0.01089,0.00707,3,12127,0,6769,0.27106,0.18408,0.67909,99,1,93.023,78,1,3,4330,187491,0,0,0.000,9.019,40.819,0,0.000,19.952,73.639,0,0,1,0,8
PPG,3,103149,4127511552,126,75474,81575,81671.805,-96.805,78.344,0,0,0,0,65.22,65.22,2,1,16,99.00,0,0,24,1,1,13,13,0,0,0,4128785185,0.04126,0.00610,0.94824,0.94916,-0.00638,-0.00161,-0.00087,0.00664,0.95228,0.00214,0.00711,3,12298,0,6769,0.27106,0.18408,0.67909,99,1,93.023,78,1,3,4317,187491,0,0,0.000,9.019,40.819,0,0.000,19.952,73.639,0,0,1,0,8
PPG,3,103150,4127551552,192,75447,81554,81670.625,-116.625,96.359,0,0,0,0,65.22,65.22,2,1,16,99.00,0,0,24,1,1,14,14,0,0,0,4128824477,0.03687,0.00732,0.94629,0.94704,-0.00692,-0.00268,-0.00141,0.00755,0.95524,0.00742,0.00785,3,12248,0,6769,0.27106,0.18408,0.67909,99,1,93.023,78,1,3,2649,187491,0,0,0.000,9.019,40.819,0,0.000,19.952,73.639,0,0,1,0,8
PPG,3,103151,4127591552,179,75398,81531,81669.227,-138.227,107.242,0,0,0,0,65.22,65.22,2,1,16,99.00,0,0,24,1,1,15,15,0,0,0,4128866565,0.04126,0.00732,0.95483,0.95575,-0.00612,-0.00001,-0.00141,0.00628,0.95575,0.00626,0.00665,3,12208,0,6769,0.27106,0.18408,0.67909,99,1,93.023,78,1,3,4321,187491,0,0,0.000,9.019,40.819,0,0.000,19.952,73.639,0,0,1,0,8
PPG,3,103152,4127631552,138,75407,81563,81668.164,-105.164,111.594,0,0,0,0,65.22,65.22,2,1,16,99.00,0,0,24,1,1,16,16,0,0,0,4128905944,0.03662,0.00391,0.94946,0.95018,-0.00612,0.00105,-0.00194,0.00650,0.95310,0.00265,0.00650,3,12281,0,6769,0.27106,0.18408,0.67909,99,1,93.023,78,1,3,4340,187491,0,0,0.000,9.019,40.819,0,0.000,19.952,73.639,0,0,1,0,8
PPG,3,103153,4127671552,225,75469,81647,81667.953,-20.953,109.031,0,0,0,0,65.22,65.22,2,1,16,99.00,0,0,24,1,1,17,17,0,0,0,4128945319,0.03809,0.00513,0.94946,0.95024,-0.00585,-0.00108,-0.00141,0.00611,0.95167,0.00332,0.00686,3,12255,0,6769,0.27106,0.18408,0.67909,99,1,93.023,78,1,3,4367,187491,0,0,0.000,9.019,40.819,0,0.000,19.952,73.639,0,0,1,0,8
PPG,3,103154,4127711552,139,75482,81700,81668.273,31.727,109.000,0,1,0,0,65.22,65.22,2,1,16,99.00,0,0,24,1,1,18,18,0,0,0,4128984647,0.04224,0.00757,0.95508,0.95604,-0.00585,-0.00135,-0.00034,0.00601,0.95604,0.00421,0.00601,2,24338,0,6770,0.27106,0.18408,0.67909,99,1,93.023,78,1,3,2644,187491,0,0,0.000,9.019,40.819,0,0.000,19.952,73.639,0,0,1,0,8
PPG,3,103155,4127751552,134,75501,81710,81668.688,41.312,104.531,0,0,0,0,65.22,65.22,2,1,16,99.00,0,0,24,1,1,19,19,0,0,0,4129026752,0.04077,0.00806,0.94800,0.94891,-0.00558,-0.00055,-0.00167,0.00586,0.94986,0.00618,0.00695,3,12239,0,6770,0.27106,0.18408,0.67909,99,1,93.023,78,1,3,4311,187491,0,0,0.000,9.019,40.819,0,0.000,19.952,73.639,0,0,1,0,8
PPG,3,103156,4127791552,130,75489,81718,81669.180,48.820,104.406,0,0,0,0,65.22,65.22,2,1,16,99.00,0,0,24,1,1,20,20,0,0,0,4129066191,0.04199,0.00317,0.95459,0.95552,-0.00505,-0.00028,-0.00114,0.00519,0.95785,0.00895,0.00602,3,12271,0,6770,0.27106,0.18408,0.67909,99,1,93.023,78,1,3,4334,187491,0,0,0.000,9.019,40.819,0,0.000,19.952,73.639,0,0,1,0,8
PPG,3,103157,4127831552,128,75469,81571,81668.195,-97.195,94.742,0,0,0,0,65.22,65.22,2,1,16,99.00,0,0,24,1,1,21,21,0,0,0,4129105561,0.04102,0.00269,0.95093,0.95182,-0.00585,-0.00028,-0.00114,0.00597,0.95531,0.00392,0.00597,3,12275,0,6770,0.27106,0.18408,0.67909,99,1,93.023,78,1,3,4333,187491,0,0,0.000,9.019,40.819,0,0.000,19.952,73.639,0,0,1,0,8
PPG,3,103158,4127871552,194,75382,81363,81665.141,-302.141,71.141,0,0,0,0,65.22,65.22,2,1,16,99.00,0,0,24,1,1,22,22,0,0,0,4129144801,0.04297,0.00806,0.95459,0.95559,-0.00505,0.00025,-0.00167,0.00533,0.95559,0.00475,0.00743,3,12232,0,6770,0.27106,0.18408,0.67909,99,1,93.023,78,1,3,4345,187491,0,0,74.305,9.019,40.819,1,0.000,19.952,73.639,0,0,1,0,8
PPG,3,103159,4127911552,179,75359,81304,81661.531,-357.531,39.141,0,0,0,0,65.22,65.22,2,1,16,99.00,0,0,24,1,1,23,23,0,0,0,4129184251,0.04102,0.00293,0.95215,0.95304,-0.00612,-0.00028,-0.00141,0.00628,0.95621,0.00786,0.00628,3,12223,0,6770,0.27106,0.18408,0.67909,99,1,93.023,78,1,3,2619,187491,0,0,0.000,8.923,42.230,0,0.000,19.952,73.639,0,0,1,0,8
PPG,3,103160,4127951552,151,75381,81336,81658.273,-322.273,-2.938,1,0,1,760,68.18,68.18,2,1,16,99.00,0,0,24,1,1,24,24,0,0,0,4129226179,0.03882,0.00562,0.95557,0.95637,-0.00532,-0.00055,-0.00141,0.00553,0.95637,0.00517,0.00684,3,12221,0,6770,0.27106,0.18408,0.67909,99,1,93.023,78,1,3,4333,187491,0,0,0.000,8.923,42.230,0,216.547,19.952,73.639,1,1,1,0,8
PPG,3,103161,4127991552,128,75388,81338,81655.070,-317.070,-51.906,0,0,0,0,68.18,68.18,2,1,16,99.00,0,0,24,1,1,25,25,0,0,0,4129265596,0.04028,0.00806,0.95093,0.95181,-0.00585,-0.00108,-0.00167,0.00618,0.95344,0.00293,0.00665,3,12284,0,6770,0.27106,0.18408,0.67909,99,1,93.023,78,1,3,4329,187491,0,0,0.000,8.618,40.138,0,0.000,19.323,70.718,0,0,1,0,8
PPG,3,103162,4128031552,136,75373,81340,81651.922,-311.922,-100.609,0,0,0,0,68.18,68.18,2,1,16,99.00,0,0,24,1,1,26,26,0,0,0,4129304922,0.03979,0.00854,0.94897,0.94985,-0.00505,-0.00081,-0.00114,0.00524,0.95278,0.00265,0.00625,3,12255,0,6770,0.27106,0.18408,0.67909,99,1,93.023,78,1,3,4342,187491,0,0,0.000,8.618,40.138,0,0.000,19.323,70.718,0,0,1,0,8
PPG,3,103163,4128071552,128,75399,81392,81649.320,-257.320,-143.836,0,0,0,0,68.18,68.18,2,1,16,99.00,0,0,24,1,1,27,27,0,0,0,4129344176,0.03857,0.00854,0.94824,0.94906,-0.00612,-0.00108,-0.00114,0.00632,0.95797,0.00812,0.00632,3,12220,0,6770,0.27106,0.18408,0.67909,99,1,93.023,78,1,3,2634,187491,0,0,0.000,8.618,40.138,0,0.000,19.323,70.718,0,0,1,0,8
PPG,3,103164,4128111552,198,75389,81392,81646.750,-254.750,-163.711,0,0,0,0,68.18,68.18,2,1,16,99.00,0,0,24,1,1,28,28,0,0,0,4129386117,0.03833,0.00684,0.94263,0.94343,-0.00558,-0.00028,-0.00167,0.00584,0.95587,0.00747,0.00693,3,12210,0,6770,0.27106,0.18408,0.67909,99,1,93.023,78,1,3,4351,187491,0,0,0.000,8.618,40.138,0,0.000,19.323,70.718,0,0,1,0,8
PPG,3,103165,4128151552,128,75378,81380,81644.086,-264.086,-153.133,0,0,0,0,68.18,68.18,2,1,16,99.00,0,0,24,1,1,29,29,0,0,0,4129425489,0.03906,0.00464,0.94873,0.94955,-0.00558,-0.00001,-0.00194,0.00591,0.95936,0.00981,0.00628,3,12219,0,6770,0.27106,0.18408,0.67909,99,1,93.023,78,1,3,4358,187491,0,0,0.000,8.618,40.138,0,0.000,19.323,70.718,0,0,1,0,8
PPG,3,103166,4128191552,129,75384,81397,81641.617,-244.617,-130.594,0,0,0,0,68.18,68.18,2,1,16,99.00,0,0,24,1,1,30,30,0,0,0,4129464618,0.03564,0.00879,0.95508,0.95578,-0.00479,-0.00081,-0.00141,0.00505,0.95578,0.00477,0.00510,3,12132,0,6770,0.27106,0.18408,0.67909,99,1,93.023,78,1,3,2595,187491,0,0,0.000,8.618,40.138,0,0.000,19.323,70.718,0,0,1,0,8
PPG,3,103167,4128231552,127,75352,81397,81639.172,-242.172,-113.578,0,0,0,0,68.18,68.18,2,1,16,99.00,0,0,24,1,1,31,31,0,0,0,4129506231,0.03882,0.00854,0.95630,0.95712,-0.00638,-0.00055,-0.00061,0.00644,0.95712,0.00685,0.00661,3,12135,0,6770,0.27106,0.18408,0.67909,99,1,93.023,78,1,3,4295,187491,0,0,0.000,8.618,40.138,0,0.000,19.323,70.718,0,0,1,0,8
PPG,3,103168,4128271552,129,75379,81434,81637.117,-203.117,-91.812,0,0,0,0,68.18,68.18,2,1,16,99.00,0,0,24,1,1,0,0,0,0,0,4129545231,0.03809,0.00830,0.94824,0.94904,-0.00665,-0.00081,-0.00141,0.00685,0.95417,0.00859,0.00685,3,12117,0,6770,0.27106,0.18408,0.67909,99,1,93.023,78,1,3,4295,187491,0,0,0.000,8.618,40.138,0,0.000,19.323,70.718,0,0,1,0,8
PPG,3,103169,4128311552,528,75395,81462,81635.367,-173.367,-68.742,0,0,0,0,68.18,68.18,2,1,16,99.00,0,0,24,1,1,1,1,0,0,0,4129584288,0.03809,0.00439,0.94946,0.95024,-0.00612,-0.00001,-0.00141,0.00628,0.95093,0.00133,0.00628,3,12116,0,6770,0.23403,0.19062,0.81452,99,1,89.637,75,1,3,2595,187491,0,0,0.000,8.618,40.138,0,0.000,19.323,70.718,0,0,1,0,8
PPG,3,103170,4128351552,177,75409,81522,81634.234,-112.234,-48.562,0,0,0,0,68.18,68.18,2,1,16,99.00,0,0,24,1,1,2,2,0,0,0,4129626298,0.03589,0.00439,0.95410,0.95479,-0.00558,-0.00028,-0.00087,0.00566,0.95598,0.00880,0.00566,3,12121,0,6770,0.23403,0.19062,0.81452,99,1,89.637,75,1,3,4307,187491,0,0,0.000,8.618,40.138,0,0.000,19.323,70.718,0,0,1,0,8
PPG,3,103171,4128391552,128,75433,81550,81633.391,-83.391,-26.938,0,0,0,0,68.18,68.18,2,1,16,99.00,0,0,24,1,1,3,3,0,0,0,4129665413,0.03979,0.01050,0.94946,0.95035,-0.00585,-0.00028,-0.00221,0.00626,0.95168,0.00311,0.00626,3,12147,0,6770,0.23403,0.19062,0.81452,99,1,89.637,75,1,3,4295,187491,0,0,0.000,8.618,40.138,0,0.000,19.323,70.718,0,0,1,0,8
PPG,3,103172,4128431552,131,75438,81588,81632.938,-44.938,1.523,0,0,0,0,68.18,68.18,2,1,16,99.00,0,0,24,1,1,4,4,0,0,0,4129704480,0.03882,0.00659,0.94800,0.94882,-0.00558,-0.00055,-0.00167,0.00586,0.95388,0.00536,0.00637,3,12123,0,6770,0.23403,0.19062,0.81452,99,1,89.637,75,1,3,2598,187491,0,0,0.000,8.618,40.138,0,0.000,19.323,70.718,0,0,1,0,8
PPG,3,103173,4128471552,128,75454,81608,81632.688,-24.688,33.609,0,0,0,0,68.18,68.18,2,1,16,99.00,0,0,24,1,1,5,5,0,0,0,4129746125,0.03882,0.00806,0.95337,0.95419,-0.00692,-0.00001,-0.00167,0.00712,0.95419,0.00180,0.00712,3,12120,0,6770,0.23403,0.19062,0.81452,99,1,89.637,75,1,3,4296,187491,0,0,0.000,8.618,40.138,0,0.000,19.323,70.718,0,0,1,0,8
PPG,3,103174,4128511552,129,75434,81618,81632.539,-14.539,69.289,0,0,0,0,68.18,68.18,2,1,16,99.00,0,0,24,1,1,6,6,0,0,0,4129785241,0.03735,0.00610,0.95435,0.95510,-0.00505,-0.00055,-0.00194,0.00544,0.95551,0.00299,0.00689,3,12118,0,6770,0.23403,0.19062,0.81452,99,1,89.637,75,1,3,4294,187491,0,0,0.000,8.618,40.138,0,0.000,19.323,70.718,0,0,1,0,8
PPG,3,103175,4128551552,127,75437,81626,81632.477,-6.477,100.914,0,0,0,0,68.18,68.18,2,1,16,99.00,0,0,24,1,1,7,7,0,0,0,4129824202,0.03467,0.00684,0.94946,0.95012,-0.00532,-0.00081,-0.00221,0.00581,0.95150,0.00477,0.00584,3,12117,0,6770,0.23403,0.19062,0.81452,99,1,89.637,75,1,3,2604,187491,0,0,0.000,8.618,40.138,0,0.000,19.323,70.718,0,0,1,0,8
PPG,3,103176,4128591552,129,75447,81657,81632.719,24.281,131.820,0,0,0,0,68.18,68.18,2,1,16,99.00,0,0,24,1,1,8,8,0,0,0,4129865768,0.04224,0.00659,0.94995,0.95091,-0.00612,-0.00108,-0.00274,0.00679,0.95299,0.00475,0.00679,3,12122,0,6770,0.23403,0.19062,0.81452,99,1,89.637,75,1,3,4322,187491,0,0,0.000,8.618,40.138,0,0.000,19.323,70.718,0,0,1,0,8
PPG,3,103177,4128631552,127,75453,81665,81633.039,31.961,147.547,0,0,0,0,68.18,68.18,2,1,16,99.00,0,0,24,1,1,9,9,0,0,0,4129904742,0.03882,0.00610,0.95728,0.95808,-0.00638,-0.00135,-0.00114,0.00662,0.95808,0.00665,0.00685,3,12114,0,6770,0.23403,0.19062,0.81452,99,1,89.637,75,1,3,2604,187491,0,0,0.000,8.618,40.138,0,0.000,19.323,70.718,0,0,1,0,8
PPG,3,103178,4128671552,221,75412,81647,81633.180,13.820,147.211,0,0,0,0,68.18,68.18,2,1,16,99.00,0,0,24,1,1,10,10,0,0,0,4129946309,0.03906,0.00562,0.95093,0.95175,-0.00558,-0.00081,-0.00167,0.00589,0.95661,0.00973,0.00681,3,12116,0,6770,0.23403,0.19062,0.81452,99,1,89.637,75,1,3,4308,187491,0,0,0.000,8.618,40.138,0,0.000,19.323,70.718,0,0,1,0,8
PPG,3,103179,4128711552,141,75427,81658,81633.430,24.570,139.508,0,0,0,0,68.18,68.18,2,1,16,99.00,0,0,24,2,2,12,12,0,0,0,4130046636,0.03564,0.00244,0.95020,0.95087,-0.00585,-0.00055,-0.00114,0.00599,0.95129,0.00195,0.00644,3,61262,0,6776,0.23403,0.19062,0.81452,99,1,89.637,75,1,3,61216,187491,0,0,0.000,8.618,40.138,0,0.000,19.323,70.718,0,0,1,0,8
PPG,3,103180,4128751552,41,75439,81689,81633.984,55.016,133.430,0,1,0,0,68.18,68.18,2,1,16,99.00,0,0,24,2,2,12,12,0,0,0,4130046636,0.03564,0.00244,0.95020,0.95087,-0.00585,-0.00055,-0.00114,0.00599,0.00000,0.00000,0.00000,0,61262,0,6776,0.23403,0.19062,0.81452,99,1,89.637,75,1,3,61216,187491,0,0,0.000,8.618,40.138,0,0.000,19.323,70.718,0,0,1,0,8
PPG,3,103181,4128791552,131,75430,81669,81634.336,34.664,124.164,0,0,0,0,68.18,68.18,2,1,16,99.00,0,0,24,1,1,13,13,0,0,0,4130060139,0.03638,0.00806,0.95654,0.95727,-0.00558,-0.00108,-0.00167,0.00593,0.95727,0.00640,0.00593,1,13503,0,6776,0.23403,0.19062,0.81452,99,1,89.637,75,1,3,10064,187491,0,0,0.000,8.618,40.138,0,0.000,19.323,70.718,0,0,1,0,8
PPG,3,103182,4128831552,129,75370,81482,81632.812,-150.812,96.492,0,0,0,0,68.18,68.18,2,1,16,99.00,0,0,24,1,1,14,14,0,0,0,4130104888,0.03882,0.00439,0.94775,0.94856,-0.00558,0.00025,-0.00114,0.00571,0.94856,0.01145,0.00637,3,12116,0,6777,0.23403,0.19062,0.81452,99,1,89.637,75,1,3,2595,187491,0,0,0.000,8.618,40.138,0,0.000,19.323,70.718,0,0,1,0,8
PPG,3,103183,4128871552,129,75290,81276,81629.242,-353.242,47.859,0,0,0,0,68.18,68.18,2,1,16,99.00,0,0,24,1,1,15,15,0,0,0,4130146516,0.03906,0.00513,0.94702,0.94784,-0.00532,-0.00108,-0.00114,0.00554,0.95160,0.00376,0.00554,3,12106,0,6777,0.23403,0.19062,0.81452,99,1,89.637,75,1,3,4297,187491,0,0,0.000,8.618,40.138,0,0.000,19.323,70.718,0,0,1,0,8
PPG,3,103184,4128911552,126,75268,81246,81625.406,-379.406,-4.688,0,0,0,0,68.18,68.18,2,1,16,99.00,0,0,24,1,1,16,16,0,0,0,4130185568,0.04028,0.00269,0.95044,0.95130,-0.00585,-0.00055,-0.00087,0.00594,0.95399,0.00462,0.00594,3,12179,0,6777,0.23403,0.19062,0.81452,99,1,89.637,75,1,3,4299,187491,0,0,0.000,8.618,40.138,0,0.000,19.323,70.718,0,0,1,0,8
PPG,3,103185,4128951552,150,75280,81266,81621.812,-355.812,-53.422,1,0,1,1040,68.18,68.18,2,1,16,99.00,0,0,24,1,1,17,17,0,0,0,4130224604,0.03857,0.00732,0.95386,0.95467,-0.00665,-0.00135,-0.00061,0.00681,0.95668,0.00672,0.00681,3,12146,0,6777,0.23403,0.19062,0.81452,99,1,89.637,75,1,3,2598,187491,0,0,99.562,8.618,40.138,1,311.258,19.323,70.718,1,1,1,0,8
PPG,3,103186,4128991552,127,75294,81291,81618.508,-327.508,-100.547,0,0,0,0,68.18,68.18,2,1,16,99.00,0,0,24,1,1,18,18,0,0,0,4130266345,0.04126,0.00195,0.95410,0.95500,-0.00612,-0.00055,-0.00087,0.00620,0.95500,0.00784,0.00620,3,12118,0,6777,0.23403,0.19062,0.81452,99,1,89.637,75,1,3,4300,187491,0,0,0.000,8.509,39.391,0,0.000,19.364,70.911,0,0,1,0,8
PPG,3,103187,4129031552,129,75291,81326,81615.586,-289.586,-148.859,0,0,0,0,68.18,68.18,2,1,16,99.00,0,0,24,1,1,19,19,0,0,0,4130305344,0.04150,0.00684,0.95337,0.95430,-0.00558,-0.00001,-0.00194,0.00591,0.95430,0.00263,0.00709,3,12115,0,6777,0.23403,0.19062,0.81452,99,1,89.637,75,1,3,4300,187491,0,0,0.000,8.509,39.391,0,0.000,19.364,70.911,0,0,1,0,8
PPG,3,103188,4129071552,127,75303,81360,81613.031,-253.031,-189.297,0,0,0,0,68.18,68.18,2,1,16,99.00,0,0,24,1,1,20,20,0,0,0,4130344313,0.03979,0.00562,0.94678,0.94763,-0.00479,-0.00001,-0.00114,0.00492,0.95447,0.00675,0.00647,3,12114,0,6777,0.23403,0.19062,0.81452,99,1,89.637,75,1,3,2600,187491,0,0,0.000,8.509,39.391,0,0.000,19.364,70.911,0,0,1,0,8
PPG,3,103189,4129111552,128,75302,81365,81610.555,-245.555,-201.164,0,0,0,0,68.18,68.18,2,1,16,99.00,0,0,24,1,1,21,21,0,0,0,4130385912,0.03882,0.00659,0.95361,0.95443,-0.00638,-0.00028,-0.00141,0.00654,0.95443,0.00591,0.00706,3,12152,0,6777,0.23403,0.19062,0.81452,99,1,89.637,75,1,3,4296,187491,0,0,0.000,8.509,39.391,0,0.000,19.364,70.911,0,0,1,0,8
PPG,3,103190,4129151552,127,75306,81365,81608.102,-243.102,-180.602,0,0,0,0,68.18,68.18,2,1,16,99.00,0,0,24,1,1,22,22,0,0,0,4130424917,0.03906,0.00586,0.95142,0.95224,-0.00585,-0.00055,-0.00087,0.00594,0.95224,0.00267,0.00654,3,12118,0,6777,0.23403,0.19062,0.81452,99,1,89.637,75,1,3,2595,187491,0,0,0.000,8.509,39.391,0,0.000,19.364,70.911,0,0,1,0,8
PPG,3,103191,4129191552,128,75313,81377,81605.789,-228.789,-153.242,0,0,0,0,68.18,68.18,2,1,16,99.00,0,0,24,1,1,23,23,0,0,0,4130466490,0.03711,0.00537,0.95215,0.95289,-0.00585,-0.00081,-0.00167,0.00614,0.95499,0.00275,0.00614,3,12140,0,6777,0.23403,0.19062,0.81452,99,1,89.637,75,1,3,4294,187491,0,0,0.000,8.509,39.391,0,0.000,19.364,70.911,0,0,1,0,8
PPG,3,103192,4129231552,127,75326,81425,81603.984,-178.984,-122.367,0,0,0,0,68.18,68.18,2,1,16,99.00,0,0,24,1,1,24,24,0,0,0,4130505498,0.03955,0.00684,0.95068,0.95153,-0.00612,0.00025,-0.00114,0.00623,0.96118,0.01145,0.00623,3,12114,0,6777,0.23403,0.19062,0.81452,99,1,89.637,75,1,3,4295,187491,0,0,0.000,8.509,39.391,0,0.000,19.364,70.911,0,0,1,0,8
PPG,3,103193,4129271552,133,75344,81453,81602.477,-149.477,-91.477,0,0,0,0,68.18,68.18,2,1,16,99.00,0,0,24,1,1,25,25,0,0,0,4130544477,0.03882,0.00513,0.94751,0.94832,-0.00585,-0.00135,-0.00247,0.00649,0.95505,0.00662,0.00649,3,12120,0,6777,0.23403,0.19062,0.81452,99,1,89.637,75,1,3,2600,187491,0,0,0.000,8.509,39.391,0,0.000,19.364,70.911,0,0,1,0,8
PPG,3,103194,4129311552,550,75343,81474,81601.195,-127.195,-63.141,0,0,0,0,68.18,68.18,2,1,16,99.00,0,0,24,1,1,26,26,0,0,0,4130586076,0.04175,0.00439,0.95068,0.95161,-0.00612,-0.00161,-0.00221,0.00670,0.95563,0.00537,0.00696,3,12140,0,6777,0.22478,0.18545,0.82501,100,1,89.375,83,1,3,4311,187491,0,0,0.000,8.509,39.391,0,0.000,19.364,70.911,0,0,1,0,8
PPG,3,103195,4129351552,182,75341,81472,81599.906,-127.906,-39.438,0,0,0,0,68.18,68.18,2,1,16,99.00,0,0,24,1,1,27,27,0,0,0,4130625978,0.03784,0.00879,0.95947,0.96026,-0.00665,-0.00188,-0.00221,0.00725,0.96026,0.00605,0.00725,3,12249,0,6777,0.22478,0.18545,0.82501,100,1,89.375,83,1,3,4294,187491,0,0,0.000,8.509,39.391,0,0.000,19.364,70.911,0,0,1,0,8
PPG,3,103196,4129391552,129,75355,81517,81599.078,-82.078,-10.719,0,0,0,0,68.18,68.18,2,1,16,99.00,0,0,24,1,1,28,28,0,0,0,4130665104,0.03394,0.00098,0.95459,0.95519,-0.00665,-0.00108,-0.00167,0.00694,0.95793,0.00232,0.00694,3,12116,0,6777,0.22478,0.18545,0.82501,100,1,89.375,83,1,3,2596,187491,0,0,0.000,8.509,39.391,0,0.000,19.364,70.911,0,0,1,0,8
PPG,3,103197,4129431552,129,75379,81582,81598.906,-16.906,24.430,0,0,0,0,68.18,68.18,2,1,16,99.00,0,0,24,1,1,29,29,0,0,0,4130706742,0.03979,0.00781,0.95190,0.95277,-0.00505,-0.00081,-0.00114,0.00524,0.95597,0.00468,0.00568,3,12149,0,6777,0.22478,0.18545,0.82501,100,1,89.375,83,1,3,4294,187491,0,0,0.000,8.509,39.391,0,0.000,19.364,70.911,0,0,1,0,8
PPG,3,103198,4129471552,127,75425,81655,81599.469,55.531,63.742,0,0,0,0,68.18,68.18,2,1,16,99.00,0,0,24,1,1,30,30,0,0,0,4130745829,0.04004,0.00586,0.95581,0.95667,-0.00558,-0.00188,-0.00114,0.00600,0.95667,0.00324,0.00670,3,12115,0,6777,0.22478,0.18545,0.82501,100,1,89.375,83,1,3,4306,187491,0,0,0.000,8.509,39.391,0,0.000,19.364,70.911,0,0,1,0,8
PPG,3,103199,4129511552,129,75432,81694,81600.414,93.586,100.367,0,0,0,0,68.18,68.18,2,1,16,99.00,0,0,24,1,1,31,31,0,0,0,4130784876,0.04297,0.00415,0.95361,0.95459,-0.00718,-0.00295,-0.00247,0.00815,0.95459,0.00463,0.00815,3,12127,0,6777,0.22478,0.18545,0.82501,100,1,89.375,83,1,3,2603,187491,0,0,0.000,8.509,39.391,0,0.000,19.364,70.911,0,0,1,0,8
PPG,3,103200,4129551552,133,75385,81650,81600.906,49.094,130.461,0,0,0,0,68.18,68.18,2,1,16,99.00,0,0,24,1,1,0,0,0,0,0,4130826900,0.03711,0.00415,0.94824,0.94898,-0.00585,-0.00161,-0.00141,0.00623,0.94984,0.00475,0.00760,3,12275,0,6777,0.22478,0.18545,0.82501,100,1,89.375,83,1,3,4339,187491,0,0,0.000,8.509,39.391,0,0.000,19.364,70.911,0,0,1,0,8
PPG,3,103201,4129591552,129,75317,81579,81600.688,-21.688,149.961,0,0,0,0,68.18,68.18,2,1,16,99.00,0,0,24,1,1,1,1,0,0,0,4130866222,0.03760,0.00562,0.95508,0.95583,-0.00585,-0.00028,-0.00034,0.00587,0.95790,0.00916,0.00587,3,12251,0,6777,0.22478,0.18545,0.82501,100,1,89.375,83,1,3,4333,187491,0,0,0.000,8.509,39.391,0,0.000,19.364,70.911,0,0,1,0,8
PPG,3,103202,4129631552,130,75375,81683,81601.508,81.492,170.062,0,0,0,0,68.18,68.18,2,1,16,99.00,0,0,24,1,1,2,2,0,0,0,4130905655,0.03857,0.00854,0.95142,0.95224,-0.00612,-0.00215,-0.00194,0.00677,0.95224,0.00393,0.00689,3,12285,0,6777,0.22478,0.18545,0.82501,100,1,89.375,83,1,3,4319,187491,0,0,0.000,8.509,39.391,0,0.000,19.364,70.911,0,0,1,0,8
PPG,3,103203,4129671552,134,75422,81747,81602.961,144.039,179.359,0,0,0,0,68.18,68.18,2,1,16,99.00,0,0,24,1,1,3,3,0,0,0,4130945059,0.04248,0.00562,0.95215,0.95311,-0.00612,-0.00108,-0.00141,0.00637,0.95553,0.00687,0.00703,3,12278,0,6777,0.22478,0.18545,0.82501,100,1,89.375,83,1,3,2621,187491,0,0,0.000,8.509,39.391,0,0.000,19.364,70.911,0,0,1,0,8
PPG,3,103204,4129711552,228,75425,81757,81604.500,152.500,178.812,0,0,0,0,68.18,68.18,2,1,16,99.00,0,0,24,1,1,4,4,0,0,0,4130986773,0.04077,0.00708,0.95410,0.95500,-0.00479,-0.00161,-0.00221,0.00551,0.95500,0.00504,0.00573,2,24282,0,6778,0.22478,0.18545,0.82501,100,1,89.375,83,1,3,4422,187491,0,0,0.000,8.509,39.391,0,0.000,19.364,70.911,0,0,1,0,8
PPG,3,103205,4129751552,134,75444,81816,81606.617,209.383,174.312,0,1,0,0,68.18,68.18,2,1,16,99.00,0,0,24,1,1,5,5,0,0,0,4131026473,0.03931,0.00610,0.95386,0.95469,-0.00532,-0.00161,-0.00167,0.00580,0.95469,0.00414,0.00616,3,12246,0,6778,0.22478,0.18545,0.82501,100,1,89.375,83,1,3,4333,187491,0,0,0.000,8.509,39.391,0,0.000,19.364,70.911,0,0,1,0,8
PPG,3,103206,4129791552,132,75483,81858,81609.133,248.867,169.391,0,0,0,0,68.18,68.18,2,1,16,99.00,0,0,24,1,1,6,6,0,0,0,4131065811,0.03955,0.00537,0.95093,0.95177,-0.00558,-0.00268,-0.00167,0.00642,0.95678,0.00406,0.00642,3,12250,0,6778,0.22478,0.18545,0.82501,100,1,89.375,83,1,3,4334,187491,0,0,0.000,8.509,39.391,0,0.000,19.364,70.911,0,0,1,0,8
PPG,3,103207,4129831552,132,75462,81776,81610.805,165.195,164.891,0,0,0,0,68.18,68.18,2,1,16,99.00,0,0,24,1,1,7,7,0,0,0,4131105224,0.04028,0.00879,0.95386,0.95475,-0.00718,-0.00321,-0.00114,0.00795,0.95761,0.00980,0.00799,3,12297,0,6778,0.22478,0.18545,0.82501,100,1,89.375,83,1,3,2634,187491,0,0,0.000,8.509,39.391,0,0.000,19.364,70.911,0,0,1,0,8
PPG,3,103208,4129871552,134,75424,81751,81612.203,138.797,169.914,0,0,0,0,68.18,68.18,2,1,16,99.00,0,0,24,1,1,8,8,0,0,0,4131147148,0.03784,0.00537,0.95313,0.95389,-0.00558,-0.00135,-0.00141,0.00591,0.95389,0.00454,0.00609,3,12204,0,6778,0.22478,0.18545,0.82501,100,1,89.375,83,1,3,4316,187491,0,0,0.000,8.509,39.391,0,0.000,19.364,70.911,0,0,1,0,8
PPG,3,103209,4129911552,129,75515,81907,81615.148,291.852,174.812,0,0,0,0,68.18,68.18,2,1,16,99.00,0,0,24,1,1,9,9,0,0,0,4131186430,0.04468,0.00806,0.95044,0.95152,-0.00612,-0.00268,-0.00194,0.00695,0.95345,0.00753,0.00695,3,12240,0,6778,0.22478,0.18545,0.82501,100,1,89.375,83,1,3,4333,187491,0,0,0.000,8.509,39.391,0,0.000,19.364,70.911,0,0,1,0,8
PPG,3,103210,4129951552,182,75522,81899,81617.984,281.016,169.828,0,0,0,0,68.18,68.18,2,1,16,99.00,0,0,24,1,1,10,10,0,0,0,4131225841,0.03735,0.00537,0.94800,0.94875,-0.00612,-0.00241,-0.00114,0.00667,0.95578,0.00648,0.00757,3,12216,0,6778,0.22478,0.18545,0.82501,100,1,89.375,83,1,3,4339,187491,0,0,0.000,8.509,39.391,0,0.000,19.898,62.734,0,0,1,0,8
PPG,3,103211,4129991552,198,75354,81709,81618.891,90.109,146.367,1,0,1,1040,68.18,68.18,2,1,16,99.00,0,0,24,1,1,11,11,0,0,0,4131265179,0.04126,0.00928,0.95190,0.95284,-0.00558,-0.00001,-0.00034,0.00559,0.95284,0.00295,0.00639,3,12240,0,6778,0.22478,0.18545,0.82501,100,1,89.375,83,1,3,2622,187491,0,0,141.500,8.509,39.391,1,380.523,19.898,62.734,1,1,1,0,8
PPG,3,103212,4130031552,125,75222,81569,81618.391,-49.391,103.891,0,0,0,0,68.18,68.18,2,1,16,99.00,0,0,24,1,1,12,12,0,0,0,4131307185,0.03931,0.00415,0.95459,0.95541,-0.00638,-0.00055,-0.00114,0.00651,0.95541,0.00292,0.00651,3,12258,0,6778,0.22478,0.18545,0.82501,100,1,89.375,83,1,3,4354,187491,0,0,0.000,8.676,40.535,0,0.000,20.367,64.662,0,0,1,0,8
PPG,3,103213,4130071552,129,74888,81162,81613.828,-451.828,19.008,0,0,0,0,68.18,68.18,2,1,16,99.00,0,0,24,1,1,13,13,0,0,0,4131346443,0.04126,0.00708,0.95020,0.95112,-0.00558,0.00185,-0.00141,0.00605,0.95397,0.00283,0.00688,3,12218,0,6778,0.22478,0.18545,0.82501,100,1,89.375,83,1,3,4333,187491,0,0,0.000,8.676,40.535,0,0.000,20.367,64.662,0,0,1,0,8
PPG,3,103214,4130111552,127,74444,80672,81604.406,-932.406,-98.609,0,0,0,0,68.18,68.18,2,1,16,99.00,0,0,24,1,1,14,14,0,0,0,4131385715,0.03711,0.00562,0.94873,0.94947,-0.00505,0.00611,-0.00247,0.00831,0.95581,0.00469,0.00831,3,12235,0,6778,0.22478,0.18545,0.82501,100,1,89.375,83,1,3,4323,187491,0,0,0.000,8.676,40.535,0,0.000,20.367,64.662,0,0,1,0,8
PPG,3,103215,4130151552,128,74260,80441,81592.773,-1151.773,-234.203,0,0,0,0,68.18,68.18,2,1,16,99.00,0,0,24,1,1,15,15,0,0,0,4131424989,0.03687,0.00659,0.94873,0.94947,-0.00479,0.00318,-0.00087,0.00581,0.95066,0.00126,0.00752,3,12152,0,6778,0.22478,0.18545,0.82501,100,1,89.375,83,1,3,2598,187491,0,0,0.000,8.676,40.535,0,0.000,20.367,64.662,0,0,1,0,8
PPG,3,103216,4130191552,127,74535,80631,81583.156,-952.156,-372.188,0,0,0,0,68.18,68.18,2,1,16,99.00,0,0,24,1,1,16,16,0,0,0,4131466710,0.03320,0.00391,0.95850,0.95908,-0.00425,-0.00108,-0.00114,0.00453,0.95908,0.00889,0.00661,3,12136,0,6778,0.22478,0.18545,0.82501,100,1,89.375,83,1,3,4310,187491,0,0,0.000,8.676,40.535,0,0.000,20.367,64.662,0,0,1,0,8
PPG,3,103217,4130231552,210,74840,80971,81577.031,-606.031,-474.211,0,0,0,0,68.18,68.18,2,1,16,99.00,0,0,24,1,1,17,17,0,0,0,4131505854,0.03833,0.00415,0.95142,0.95220,-0.00585,-0.00135,-0.00194,0.00631,0.95469,0.00744,0.00631,3,12111,0,6778,0.22478,0.18545,0.82501,100,1,89.375,83,1,3,4307,187491,0,0,0.000,8.676,40.535,0,0.000,20.367,64.662,0,0,1,0,8
PPG,3,103218,4130271552,128,75058,81288,81574.141,-286.141,-516.000,0,0,0,0,68.18,68.18,2,1,16,99.00,0,0,24,1,1,18,18,0,0,0,4131545096,0.03906,0.00513,0.95410,0.95491,-0.00585,-0.00108,-0.00114,0.00606,0.95710,0.00520,0.00632,3,12132,0,6778,0.22478,0.18545,0.82501,100,1,89.375,83,1,3,2599,187491,0,0,24.516,8.676,40.535,1,0.000,20.367,64.662,0,0,1,0,8
PPG,3,103219,4130311552,524,75256,81528,81573.680,-45.680,-513.562,0,0,0,0,68.18,68.18,2,1,16,99.00,0,0,24,1,1,19,19,0,0,0,4131586774,0.03467,0.00464,0.95679,0.95743,-0.00638,0.00025,-0.00247,0.00685,0.95743,0.00412,0.00705,3,12116,0,6778,0.28314,0.26981,0.95290,98,1,86.177,55,1,3,4304,187491,0,0,0.000,8.676,40.535,0,0.000,20.367,64.662,0,0,1,0,8
PPG,3,103220,4130351552,177,75377,81704,81574.984,129.016,-438.828,0,0,0,0,68.18,68.18,2,1,16,99.00,0,0,24,1,1,20,20,0,0,0,4131626284,0.03784,0.00659,0.95264,0.95341,-0.00558,-0.00108,-0.00114,0.00580,0.95341,0.00798,0.00642,3,12136,0,6778,0.28314,0.26981,0.95290,98,1,86.177,55,1,3,4305,187491,0,0,0.000,8.676,40.535,0,0.000,20.367,64.662,0,0,1,0,8
PPG,3,103221,4130391552,129,75328,81635,81575.586,59.414,-304.062,0,0,0,0,68.18,68.18,2,1,16,99.00,0,0,24,1,1,21,21,0,0,0,4131665338,0.04175,0.00562,0.94849,0.94942,-0.00479,-0.00161,-0.00114,0.00518,0.95938,0.00996,0.00637,3,12113,0,6778,0.28314,0.26981,0.95290,98,1,86.177,55,1,3,2598,187491,0,0,0.000,8.676,40.535,0,0.000,20.367,64.662,0,0,1,0,8
PPG,3,103222,4130431552,196,75135,81430,81574.133,-144.133,-150.117,0,0,0,0,68.18,68.18,2,1,16,99.00,0,0,24,1,1,22,22,0,0,0,4131706976,0.04028,0.00659,0.95142,0.95229,-0.00612,0.00132,-0.00167,0.00648,0.95338,0.00396,0.00648,3,12137,0,6778,0.28314,0.26981,0.95290,98,1,86.177,55,1,3,4296,187491,0,0,0.000,8.676,40.535,0,0.000,20.367,64.662,0,0,1,0,7
PPG,3,103223,4130471552,153,75090,81387,81572.258,-185.258,-24.117,0,0,0,0,68.18,68.18,2,1,16,99.00,0,0,24,1,1,23,23,0,0,0,4131746046,0.03662,0.00659,0.94751,0.94824,-0.00558,0.00238,-0.00141,0.00623,0.95537,0.00713,0.00632,3,12123,0,6778,0.28314,0.26981,0.95290,98,1,86.177,55,1,3,4298,187491,0,0,0.000,8.676,40.535,0,0.000,20.367,64.662,0,0,1,0,7
PPG,3,103224,4130511552,127,75087,81386,81570.398,-184.398,53.711,0,0,0,0,68.18,68.18,2,1,16,99.00,0,0,24,1,1,24,24,0,0,0,4131785031,0.04028,0.00732,0.95166,0.95254,-0.00585,-0.00081,-0.00167,0.00614,0.95254,0.00436,0.00654,3,12114,0,6778,0.28314,0.26981,0.95290,98,1,86.177,55,1,3,2601,187491,0,0,0.000,8.676,40.535,0,0.000,20.367,64.662,0,0,1,0,7
PPG,3,103225,4130551552,128,75074,81365,81568.344,-203.344,87.258,0,0,0,0,68.18,68.18,2,1,16,99.00,0,0,24,1,1,25,25,0,0,0,4131826668,0.04175,0.00513,0.95215,0.95308,-0.00638,-0.00321,-0.00221,0.00748,0.95602,0.00959,0.00748,3,12156,0,6778,0.28314,0.26981,0.95290,98,1,86.177,55,1,3,4300,187491,0,0,0.000,8.676,40.535,0,0.000,20.367,64.662,0,0,1,0,7
PPG,3,103226,4130591552,191,75129,81442,81567.078,-125.078,95.781,0,0,0,0,68.18,nan,3,2,272,99.00,0,0,24,1,1,26,26,0,0,0,4131865644,0.03613,0.00708,0.95190,0.95262,-0.00585,-0.00055,-0.00114,0.00599,0.95262,0.00071,0.00670,3,12122,0,6778,0.28314,0.26981,0.95290,98,1,86.177,55,1,3,2595,187491,0,0,0.000,8.676,40.535,0,0.000,20.367,64.662,0,0,3,4000,7
PPG,3,103227,4130631552,96,75218,81593,81567.336,25.664,0.000,0,0,0,0,0.00,nan,3,2,272,99.00,0,0,24,1,1,27,27,0,0,0,4131907259,0.03833,0.00708,0.95898,0.95978,-0.00558,0.00052,-0.00247,0.00613,0.95978,0.00676,0.00613,3,12117,0,6778,0.28314,0.26981,0.95290,98,1,86.177,55,1,3,4302,187491,0,0,0.000,0.750,3.000,0,0.000,0.750,3.000,0,0,3,3960,0
PPG,3,103228,4130671552,97,75304,81676,81568.422,107.578,0.000,0,0,0,0,0.00,nan,3,2,272,99.00,0,0,24,1,1,28,28,0,0,0,4131946178,0.03955,0.00537,0.95215,0.95298,-0.00638,-0.00081,-0.00247,0.00689,0.95298,0.01144,0.00689,3,12119,0,6778,0.28314,0.26981,0.95290,98,1,86.177,55,1,3,4303,187491,0,0,0.000,0.750,3.000,0,0.000,0.750,3.000,0,0,3,3920,0
PPG,3,103229,4130711552,99,75346,81738,81570.117,167.883,0.000,0,0,0,0,0.00,nan,3,2,272,99.00,0,0,24,1,1,29,29,0,0,0,4131989181,0.04126,0.00757,0.94653,0.94746,-0.00612,-0.00135,-0.00061,0.00629,0.95873,0.01127,0.00650,3,16242,0,6778,0.28314,0.26981,0.95290,98,1,86.177,55,1,3,16178,187491,0,0,0.000,0.750,3.000,0,0.000,0.750,3.000,0,0,3,3880,0
PPG,3,103230,4130751552,96,75305,81680,81571.219,108.781,0.000,0,0,0,0,0.00,nan,3,2,272,99.00,0,0,24,1,1,30,30,0,0,0,4132025615,0.04199,0.00781,0.95190,0.95286,-0.00612,0.00052,-0.00114,0.00624,0.95613,0.00867,0.00688,3,12184,0,6778,0.28314,0.26981,0.95290,98,1,86.177,55,1,3,2596,187491,0,0,0.000,0.750,3.000,0,0.000,0.750,3.000,0,0,3,3840,0
PPG,3,103231,4130791552,99,75278,81574,81571.250,2.750,0.000,0,0,0,0,0.00,nan,3,2,272,99.00,0,0,24,1,1,31,31,0,0,0,4132067064,0.03760,0.00684,0.94849,0.94926,-0.00585,-0.00028,-0.00087,0.00592,0.95435,0.00510,0.00686,3,12128,0,6778,0.28314,0.26981,0.95290,98,1,86.177,55,1,3,4302,187491,0,0,0.000,0.750,3.000,0,0.000,0.750,3.000,0,0,3,3800,0
PPG,3,103232,4130831552,95,75300,81557,81571.109,-14.109,0.000,0,0,0,0,0.00,nan,3,2,272,99.00,0,0,24,1,1,0,0,0,0,0,4132105912,0.03955,0.00513,0.95166,0.95250,-0.00532,-0.00028,-0.00141,0.00551,0.95506,0.00648,0.00651,3,12125,0,6778,0.28314,0.26981,0.95290,98,1,86.177,55,1,3,2595,187491,0,0,0.000,0.750,3.000,0,0.000,0.750,3.000,0,0,3,3760,0
PPG,3,103233,4130871552,95,75300,81548,81570.875,-22.875,0.000,0,0,0,0,0.00,nan,3,2,272,99.00,0,0,24,1,1,1,1,0,0,0,4132147377,0.03809,0.00342,0.95215,0.95292,-0.00532,-0.00081,-0.00221,0.00581,0.95292,0.00482,0.00581,3,12112,0,6778,0.28314,0.26981,0.95290,98,1,86.177,55,1,3,4294,187491,0,0,0.000,0.750,3.000,0,0.000,0.750,3.000,0,0,3,3720,0
PPG,3,103234,4130911552,95,75280,81548,81570.648,-22.648,0.000,0,0,0,0,0.00,nan,3,2,272,99.00,0,0,24,1,1,2,2,0,0,0,4132186239,0.03687,0.00269,0.94946,0.95018,-0.00612,0.00079,-0.00087,0.00623,0.95516,0.00448,0.00632,3,12120,0,6778,0.28314,0.26981,0.95290,98,1,86.177,55,1,3,4295,187491,0,0,0.000,0.750,3.000,0,0.000,0.750,3.000,0,0,3,3680,0
PPG,3,103235,4130951552,98,75259,81519,81570.133,-51.133,0.000,0,1,0,0,0.00,nan,3,2,272,99.00,0,0,24,1,1,3,3,0,0,0,4132225133,0.04004,0.00610,0.94971,0.95057,-0.00638,0.00025,-0.00114,0.00649,0.95463,0.00598,0.00719,3,12169,0,6778,0.28314,0.26981,0.95290,98,1,86.177,55,1,3,2637,187491,0,0,0.000,0.750,3.000,0,0.000,0.750,3.000,0,0,3,3640,0
PPG,3,103236,4130991552,95,75264,81551,81569.945,-18.945,0.000,0,0,0,0,0.00,nan,3,2,272,99.00,0,0,24,1,1,4,4,0,0,0,4132266647,0.03784,0.00391,0.95508,0.95584,-0.00585,0.00079,-0.00167,0.00614,0.95713,0.00656,0.00682,3,12129,0,6778,0.28314,0.26981,0.95290,98,1,86.177,55,1,3,4303,187491,0,0,0.000,0.750,3.000,0,0.000,0.750,3.000,0,0,3,3600,0
PPG,3,103237,4131031552,100,75285,81578,81570.023,7.977,0.000,0,0,0,0,0.00,nan,3,2,272,99.00,0,0,24,1,1,5,5,0,0,0,4132305522,0.03711,0.00586,0.94971,0.95045,-0.00612,-0.00028,-0.00087,0.00619,0.95755,0.00455,0.00619,3,12112,0,6778,0.28314,0.26981,0.95290,98,1,86.177,55,1,3,2597,187491,0,0,0.000,0.750,3.000,0,0.000,0.750,3.000,0,0,3,3560,0
PPG,3,103238,4131071552,95,75289,81580,81570.125,9.875,0.000,0,0,0,0,0.00,nan,3,2,272,99.00,0,0,24,1,1,6,6,0,0,0,4132347013,0.03906,0.00562,0.94897,0.94979,-0.00612,-0.00055,-0.00167,0.00637,0.95570,0.00592,0.00651,3,12107,0,6778,0.28314,0.26981,0.95290,98,1,86.177,55,1,3,4295,187491,0,0,0.000,0.750,3.000,0,0.000,0.750,3.000,0,0,3,3520,0
PPG,3,103239,4131111552,96,75284,81548,81569.906,-21.906,0.000,0,0,0,0,0.00,nan,3,2,272,99.00,0,0,24,1,1,7,7,0,0,0,4132385850,0.04004,0.01050,0.95044,0.95134,-0.00558,-0.00055,-0.00087,0.00568,0.95920,0.00786,0.00667,3,12110,0,6778,0.28314,0.26981,0.95290,98,1,86.177,55,1,3,2599,187491,0,0,0.000,0.750,3.000,0,0.000,0.750,3.000,0,0,3,3480,0
PPG,3,103240,4131151552,136,75280,81532,81569.523,-37.523,0.000,0,0,0,0,0.00,nan,3,2,272,99.00,0,0,24,1,1,8,8,0,0,0,4132427288,0.03955,0.00928,0.95386,0.95472,-0.00638,-0.00001,-0.00194,0.00667,0.95580,0.00754,0.00667,3,12115,0,6778,0.28314,0.26981,0.95290,98,1,86.177,55,1,3,4328,187491,0,0,0.000,0.750,3.000,0,0.000,0.750,3.000,0,0,3,3440,0
PPG,3,103241,4131191552,96,75250,81537,81569.195,-32.195,0.000,0,0,0,0,0.00,nan,3,2,272,99.00,0,0,24,1,1,9,9,0,0,0,4132466372,0.03979,0.00366,0.95508,0.95591,-0.00585,-0.00081,-0.00247,0.00640,0.95887,0.00875,0.00676,3,12129,0,6778,0.28314,0.26981,0.95290,98,1,86.177,55,1,3,4302,187491,0,0,0.000,0.750,3.000,0,0.000,0.750,3.000,0,0,3,3400,0
PPG,3,103242,4131231552,95,75248,81535,81568.852,-33.852,0.000,0,0,0,0,0.00,nan,3,2,272,99.00,0,0,24,1,1,10,10,0,0,0,4132505230,0.04053,0.00586,0.95508,0.95596,-0.00558,-0.00055,-0.00087,0.00568,0.95596,0.00412,0.00635,3,12123,0,6778,0.28314,0.26981,0.95290,98,1,86.177,55,1,3,2604,187491,0,0,0.000,0.750,3.000,0,0.000,0.750,3.000,0,0,3,3360,0
PPG,3,103243,4131271552,96,75251,81595,81569.109,25.891,0.000,0,0,0,0,0.00,nan,3,2,272,99.00,0,0,24,1,1,11,11,0,0,0,4132546764,0.04028,0.00391,0.95068,0.95154,-0.00585,-0.00081,-0.00087,0.00597,0.95659,0.00545,0.00653,3,12147,0,6778,0.28314,0.26981,0.95290,98,1,86.177,55,1,3,4299,187491,0,0,0.000,0.750,3.000,0,0.000,0.750,3.000,0,0,3,3320,0
PPG,3,103244,4131311552,485,75263,81632,81569.734,62.266,0.000,0,0,0,0,0.00,nan,3,2,272,nan,4,1,24,1,1,12,12,0,0,0,4132585630,0.03784,0.00342,0.95361,0.95437,-0.00505,-0.00188,-0.00194,0.00573,0.95808,0.00875,0.00573,3,12134,0,6778,0.28056,0.26710,0.95203,85,1,86.199,71,1,4,2595,187491,0,0,0.000,0.750,3.000,0,0.000,0.750,3.000,0,0,3,3280,0
PPG,3,103245,4131351552,142,75280,81641,81570.445,70.555,0.000,0,0,0,0,0.00,nan,3,2,272,nan,4,1,24,1,1,13,13,0,0,0,4132627481,0.04053,0.00342,0.95190,0.95277,-0.00558,-0.00001,-0.00167,0.00583,0.95354,0.00280,0.00600,3,12118,0,6778,0.28056,0.26710,0.95203,85,1,86.199,71,1,4,4295,187491,0,0,0.000,0.750,3.000,0,0.000,0.750,3.000,0,0,3,3240,0
PPG,3,103246,4131391552,117,75260,81660,81571.344,88.656,-0.812,0,0,0,0,0.00,nan,3,2,272,nan,4,1,24,1,1,14,14,0,0,0,4132666749,0.04175,0.00317,0.95410,0.95502,-0.00612,-0.00081,-0.00167,0.00639,0.95502,0.00451,0.00639,3,12221,0,6778,0.28056,0.26710,0.95203,85,1,86.199,71,1,4,4295,187491,0,0,0.000,0.750,3.000,0,0.000,0.750,3.000,0,0,3,3200,0
PPG,3,103247,4131431552,118,75312,81707,81572.703,134.297,18.492,0,0,0,0,0.00,nan,3,2,272,nan,4,1,24,1,1,15,15,0,0,0,4132705721,0.03955,0.00415,0.95459,0.95542,-0.00638,-0.00081,-0.00194,0.00672,0.95542,0.00575,0.00672,3,12111,0,6778,0.28056,0.26710,0.95203,85,1,86.199,71,1,4,2604,187491,0,0,0.000,0.750,3.000,0,0.000,0.750,3.000,0,0,3,3160,0
PPG,3,103248,4131471552,117,75340,81765,81574.625,190.375,46.609,0,0,0,0,0.00,nan,3,2,272,nan,4,1,24,1,1,16,16,0,0,0,4132747255,0.03906,0.00586,0.95361,0.95443,-0.00505,0.00052,-0.00141,0.00527,0.95443,0.00469,0.00648,3,12171,0,6778,0.28056,0.26710,0.95203,85,1,86.199,71,1,4,4317,187491,0,0,0.000,0.750,3.000,0,0.000,0.750,3.000,0,0,3,3120,0
PPG,3,103249,4131511552,117,75347,81793,81576.812,216.188,80.711,0,0,0,0,0.00,nan,3,2,272,nan,4,1,24,1,1,17,17,0,0,0,4132786275,0.04004,0.00513,0.94580,0.94666,-0.00638,-0.00081,-0.00061,0.00646,0.95923,0.01257,0.00671,3,12123,0,6778,0.28056,0.26710,0.95203,85,1,86.199,71,1,4,4303,187491,0,0,0.000,0.750,3.000,0,0.000,0.750,3.000,0,0,3,3080,0
PPG,3,103250,4131551552,166,75366,81831,81579.352,251.648,106.883,0,0,0,0,0.00,nan,3,2,272,nan,4,1,24,1,1,18,18,0,0,0,4132825339,0.03467,0.00439,0.95679,0.95743,-0.00612,-0.00135,-0.00194,0.00656,0.95743,0.00690,0.00656,3,12126,0,6778,0.28056,0.26710,0.95203,85,1,86.199,71,1,4,2644,187491,0,0,0.000,0.750,3.000,0,0.000,0.750,3.000,0,0,3,3040,0
PPG,3,103251,4131591552,118,75368,81850,81582.055,267.945,124.219,0,0,0,0,0.00,nan,3,2,272,nan,4,1,24,1,1,19,19,0,0,0,4132867428,0.03955,0.00757,0.94849,0.94934,-0.00612,0.00025,-0.00114,0.00623,0.95305,0.00437,0.00657,3,12252,0,6778,0.28056,0.26710,0.95203,85,1,86.199,71,1,4,4332,187491,0,0,0.000,0.750,3.000,0,0.000,0.750,3.000,0,0,3,3000,0
PPG,3,103252,4131631552,119,75389,81883,81585.062,297.938,142.492,0,0,0,0,0.00,nan,3,2,272,nan,4,1,24,1,1,20,20,0,0,0,4132906700,0.03979,0.00732,0.95117,0.95203,-0.00558,-0.00055,-0.00114,0.00573,0.95311,0.00469,0.00636,3,12249,0,6778,0.28056,0.26710,0.95203,85,1,86.199,71,1,4,4333,187491,0,0,0.000,0.750,3.000,0,0.000,0.750,3.000,0,0,3,2960,0
PPG,3,103253,4131671552,120,75398,81906,81588.273,317.727,159.742,0,0,0,0,0.00,nan,3,2,272,nan,4,1,24,1,1,21,21,0,0,0,4132945990,0.03687,0.00806,0.95313,0.95387,-0.00479,-0.00001,-0.00167,0.00507,0.95387,0.00708,0.00679,3,12227,0,6778,0.28056,0.26710,0.95203,85,1,86.199,71,1,4,2637,187491,0,0,0.000,0.750,3.000,0,0.000,0.750,3.000,0,0,3,2920,0
PPG,3,103254,4131711552,123,75380,81870,81591.094,278.906,166.922,0,0,0,0,0.00,nan,3,2,272,nan,4,1,24,1,1,22,22,0,0,0,4132992216,0.04175,0.00781,0.95483,0.95578,-0.00532,-0.00001,-0.00114,0.00544,0.95578,0.00902,0.00644,3,16534,0,6778,0.28056,0.26710,0.95203,85,1,86.199,71,1,4,16465,187491,0,0,0.000,0.750,3.000,0,0.000,0.750,3.000,0,0,3,2880,0
PPG,3,103255,4131751552,127,75334,81709,81592.273,116.727,149.422,0,0,0,0,0.00,nan,3,2,272,nan,4,1,24,1,1,23,23,0,0,0,4133028914,0.03760,0.00537,0.94971,0.95047,-0.00585,0.00052,-0.00141,0.00604,0.95141,0.00437,0.00660,3,12248,0,6778,0.28056,0.26710,0.95203,85,1,86.199,71,1,4,4340,187491,0,0,0.000,0.750,3.000,0,0.000,0.750,3.000,0,0,3,2840,0
PPG,3,103256,4131791552,120,75285,81601,81592.359,8.641,119.492,0,0,0,0,0.00,nan,3,2,272,nan,4,1,24,1,1,24,24,0,0,0,4133068194,0.03931,0.00732,0.95288,0.95372,-0.00532,0.00025,-0.00194,0.00567,0.95372,0.00206,0.00618,3,12252,0,6778,0.28056,0.26710,0.95203,85,1,86.199,71,1,4,4338,187491,0,0,0.000,0.750,3.000,0,0.000,0.750,3.000,0,0,3,2800,0
PPG,3,103257,4131831552,117,75293,81620,81592.633,27.367,87.250,0,0,0,0,0.00,nan,3,2,272,nan,4,1,24,1,1,25,25,0,0,0,4133107314,0.04150,0.00537,0.94800,0.94892,-0.00532,-0.00108,-0.00194,0.00576,0.95567,0.00577,0.00576,3,12193,0,6778,0.28056,0.26710,0.95203,85,1,86.199,71,1,4,4358,187491,0,0,0.000,0.750,3.000,0,0.000,0.750,3.000,0,0,3,2760,0
PPG,3,103258,4131871552,124,75313,81651,81593.219,57.781,55.273,0,0,0,0,0.00,nan,3,2,272,nan,4,1,24,1,1,26,26,0,0,0,4133146609,0.03857,0.00635,0.94849,0.94929,-0.00665,-0.00055,-0.00007,0.00667,0.95644,0.01007,0.00689,3,12289,0,6778,0.28056,0.26710,0.95203,85,1,86.199,71,1,4,4332,187491,0,0,0.000,0.750,3.000,0,0.000,0.750,3.000,0,0,3,2720,0
PPG,3,103259,4131911552,118,75328,81695,81594.234,100.766,21.062,0,0,0,0,0.00,nan,3,2,272,nan,4,1,24,1,1,27,27,0,0,0,4133185814,0.03931,0.00244,0.95288,0.95369,-0.00558,-0.00055,-0.00167,0.00586,0.95803,0.00874,0.00586,3,12193,0,6778,0.28056,0.26710,0.95203,85,1,86.199,71,1,4,2628,187491,0,0,0.000,0.750,3.000,0,0.000,0.750,3.000,0,0,3,2680,0
PPG,3,103260,4131951552,121,75338,81739,81595.680,143.320,-13.141,0,0,0,0,0.00,nan,3,2,272,nan,4,1,24,1,1,28,28,0,0,0,4133227708,0.03687,0.00513,0.95093,0.95166,-0.00532,-0.00081,-0.00114,0.00550,0.95166,0.00523,0.00628,3,12229,0,6778,0.28056,0.26710,0.95203,85,1,86.199,71,1,4,4325,187491,0,0,0.000,0.750,3.000,0,0.000,0.750,3.000,0,0,3,2640,0
PPG,3,103261,4131991552,117,75343,81759,81597.312,161.688,-40.102,0,0,0,0,0.00,nan,3,2,272,nan,4,1,24,1,1,29,29,0,0,0,4133266944,0.03906,0.00806,0.94604,0.94689,-0.00558,-0.00108,-0.00167,0.00593,0.95107,0.00272,0.00706,3,12230,0,6778,0.28056,0.26710,0.95203,85,1,86.199,71,1,4,4333,187491,0,0,0.000,0.750,3.000,0,0.000,0.750,3.000,0,0,3,2600,0
PPG,3,103262,4132031552,121,75337,81762,81598.961,163.039,-43.883,0,0,0,0,0.00,nan,3,2,272,nan,4,1,24,1,1,30,30,0,0,0,4133306165,0.03711,0.00610,0.95190,0.95265,-0.00585,0.00079,-0.00194,0.00621,0.95360,0.00442,0.00630,3,12188,0,6778,0.28056,0.26710,0.95203,85,1,86.199,71,1,4,2645,187491,0,0,0.000,0.750,3.000,0,0.000,0.750,3.000,0,0,3,2560,0
PPG,3,103263,4132071552,125,75361,81795,81600.922,194.078,-26.164,0,0,0,0,0.00,nan,3,2,272,nan,4,1,24,1,1,31,31,0,0,0,4133348006,0.03979,0.00708,0.95508,0.95593,-0.00505,0.00079,-0.00167,0.00538,0.95593,0.00394,0.00576,3,12236,0,6778,0.28056,0.26710,0.95203,85,1,86.199,71,1,4,4348,187491,0,0,0.000,0.750,3.000,0,0.000,0.750,3.000,0,0,3,2520,0
PPG,3,103264,4132111552,120,75386,81835,81603.266,231.734,-5.602,0,0,0,0,0.00,nan,3,2,272,nan,4,1,24,1,1,0,0,0,0,0,4133387215,0.04053,0.00659,0.94800,0.94889,-0.00612,-0.00081,-0.00141,0.00633,0.95272,0.00948,0.00633,3,12239,0,6778,0.28056,0.26710,0.95203,85,1,86.199,71,1,4,4333,187491,0,0,0.000,0.750,3.000,0,0.000,0.750,3.000,0,0,3,2480,0
PPG,3,103265,4132151552,145,75400,81857,81605.805,251.195,13.031,0,0,0,0,0.00,nan,3,2,272,nan,4,1,24,1,1,1,1,0,0,0,4133426414,0.04028,0.00903,0.94995,0.95085,-0.00479,-0.00028,-0.00194,0.00517,0.95654,0.00765,0.00657,3,12248,0,6778,0.28056,0.26710,0.95203,85,1,86.199,71,1,4,2610,187491,0,0,0.000,0.750,3.000,0,0.000,0.750,3.000,0,0,3,2440,0
PPG,3,103266,4132191552,120,75439,81930,81609.047,320.953,33.102,0,0,0,0,0.00,nan,3,2,272,nan,4,1,24,1,1,2,2,0,0,0,4133468237,0.04053,0.00610,0.95190,0.95279,-0.00612,-0.00161,-0.00167,0.00654,0.95279,0.00366,0.00654,3,12170,0,6778,0.28056,0.26710,0.95203,85,1,86.199,71,1,4,4335,187491,0,0,0.000,0.750,3.000,0,0.000,0.750,3.000,0,0,3,2400,0
PPG,3,103267,4132231552,118,75488,82009,81613.047,395.953,56.570,0,0,0,0,0.00,nan,3,2,272,nan,4,1,24,1,1,3,3,0,0,0,4133507299,0.03833,0.00586,0.95288,0.95367,-0.00585,-0.00215,-0.00194,0.00653,0.95426,0.00583,0.00653,3,12124,0,6778,0.28056,0.26710,0.95203,85,1,86.199,71,1,4,4305,187491,0,0,0.000,0.750,3.000,0,0.000,0.750,3.000,0,0,3,2360,0
PPG,3,103268,4132271552,120,75486,82017,81617.086,399.914,80.828,0,0,0,0,0.00,nan,3,2,272,nan,4,1,24,1,1,4,4,0,0,0,4133546158,0.04028,0.00732,0.95532,0.95620,-0.00505,-0.00108,-0.00141,0.00535,0.95858,0.00491,0.00609,3,12112,0,6778,0.28056,0.26710,0.95203,85,1,86.199,71,1,4,2600,187491,0,0,0.000,0.750,3.000,0,0.000,0.750,3.000,0,0,3,2320,0
PPG,3,103269,4132311552,505,75495,82054,81621.453,432.547,109.492,0,0,0,0,0.00,nan,3,2,272,nan,4,1,24,1,1,5,5,0,0,0,4133587744,0.03809,0.00610,0.94995,0.95073,-0.00585,-0.00081,-0.00194,0.00622,0.95643,0.00522,0.00649,3,12128,0,6778,0.31822,0.25820,0.81139,85,1,89.715,107,1,4,4294,187491,0,0,0.000,0.750,3.000,0,0.000,0.750,3.000,0,0,3,2280,0
PPG,3,103270,4132351552,168,75515,82084,81626.078,457.922,138.133,0,0,0,0,0.00,nan,3,2,272,nan,4,1,24,1,1,6,6,0,0,0,4133627072,0.03833,0.00415,0.94849,0.94927,-0.00638,-0.00028,-0.00141,0.00654,0.95577,0.00683,0.00686,3,12132,0,6778,0.31822,0.25820,0.81139,85,1,89.715,107,1,4,4315,187491,0,0,0.000,0.750,3.000,0,0.000,0.750,3.000,0,0,3,2240,0
PPG,3,103271,4132391552,118,75547,82119,81631.008,487.992,165.250,0,0,0,0,0.00,nan,3,2,272,nan,4,1,24,1,1,7,7,0,0,0,4133666059,0.04004,0.00659,0.95239,0.95326,-0.00585,-0.00108,-0.00300,0.00667,0.95641,0.00714,0.00669,3,12183,0,6778,0.31822,0.25820,0.81139,85,1,89.715,107,1,4,2601,187491,0,0,0.000,0.750,3.000,0,0.000,0.750,3.000,0,0,3,2200,0
PPG,3,103272,4132431552,119,75538,82124,81635.938,488.062,191.344,0,0,0,0,0.00,nan,3,2,272,nan,4,1,24,1,1,8,8,0,0,0,4133707558,0.03564,0.00635,0.95410,0.95479,-0.00638,-0.00081,-0.00221,0.00680,0.95538,0.00754,0.00680,3,12114,0,6778,0.31822,0.25820,0.81139,85,1,89.715,107,1,4,4294,187491,0,0,0.000,0.750,3.000,0,0.000,0.750,3.000,0,0,3,2160,0
PPG,3,103273,4132471552,130,75514,82105,81640.625,464.375,206.391,0,0,0,0,0.00,nan,3,2,272,nan,4,1,24,1,1,9,9,0,0,0,4133746516,0.04053,0.00903,0.94922,0.95013,-0.00585,-0.00108,-0.00141,0.00611,0.95214,0.00501,0.00626,3,12107,0,6778,0.31822,0.25820,0.81139,85,1,89.715,107,1,4,2599,187491,0,0,0.000,0.750,3.000,0,0.000,0.750,3.000,0,0,3,2120,0
PPG,3,103274,4132511552,123,75520,82120,81645.422,474.578,209.750,0,0,0,0,0.00,nan,3,2,272,nan,4,1,24,1,1,10,10,0,0,0,4133788022,0.03931,0.00244,0.95581,0.95662,-0.00665,-0.00081,-0.00087,0.00676,0.95662,0.00771,0.00676,3,12116,0,6778,0.31822,0.25820,0.81139,85,1,89.715,107,1,4,4299,187491,0,0,0.000,0.750,3.000,0,0.000,0.750,3.000,0,0,3,2080,0
PPG,3,103275,4132551552,117,75524,82145,81650.414,494.586,206.242,0,0,0,0,0.00,nan,3,2,272,nan,4,1,24,1,1,11,11,0,0,0,4133826916,0.04028,0.00562,0.95410,0.95497,-0.00505,-0.00055,-0.00114,0.00521,0.95551,0.00605,0.00685,3,12131,0,6778,0.31822,0.25820,0.81139,85,1,89.715,107,1,4,4302,187491,0,0,0.000,0.750,3.000,0,0.000,0.750,3.000,0,0,3,2040,0
PPG,3,103276,4132591552,118,75526,82150,81655.406,494.594,192.500,0,0,0,0,0.00,nan,3,2,272,nan,4,1,24,1,1,12,12,0,0,0,4133865823,0.03979,0.00903,0.95166,0.95253,-0.00638,-0.00028,-0.00221,0.00676,0.95491,0.00647,0.00676,3,12160,0,6778,0.31822,0.25820,0.81139,85,1,89.715,107,1,4,2599,187491,0,0,0.000,0.750,3.000,0,0.000,0.750,3.000,0,0,3,2000,0
PPG,3,103277,4132631552,116,75498,82112,81659.969,452.031,171.898,0,0,0,0,0.00,nan,3,2,272,nan,4,1,24,1,1,13,13,0,0,0,4133907345,0.03540,0.00854,0.95068,0.95138,-0.00532,0.00052,-0.00141,0.00553,0.96129,0.01073,0.00553,3,12119,0,6778,0.31822,0.25820,0.81139,85,1,89.715,107,1,4,4300,187491,0,0,0.000,0.750,3.000,0,0.000,0.750,3.000,0,0,3,1960,0
PPG,3,103278,4132671552,118,75458,81973,81663.102,309.898,134.938,0,0,0,0,0.00,nan,3,2,272,nan,4,1,24,1,1,14,14,0,0,0,4133946238,0.03979,0.00464,0.95190,0.95275,-0.00612,-0.00055,-0.00061,0.00617,0.95401,0.00658,0.00617,3,12122,0,6778,0.31822,0.25820,0.81139,85,1,89.715,107,1,4,2600,187491,0,0,0.000,0.750,3.000,0,0.000,0.750,3.000,0,0,3,1920,0
PPG,3,103279,4132711552,122,75457,81934,81665.812,268.188,95.852,0,0,0,0,0.00,nan,3,2,272,nan,4,1,24,1,1,15,15,0,0,0,4133991929,0.04541,0.00977,0.94946,0.95060,-0.00665,-0.00135,-0.00034,0.00679,0.95198,0.00643,0.00679,3,16225,0,6778,0.31822,0.25820,0.81139,85,1,89.715,107,1,4,16167,187491,0,0,0.000,0.750,3.000,0,0.000,0.750,3.000,0,0,3,1880,0
PPG,3,103280,4132751552,122,75476,81965,81668.805,296.195,64.547,0,0,0,0,0.00,nan,3,2,272,nan,4,1,24,1,1,16,16,0,0,0,4134028411,0.03784,0.00488,0.95166,0.95242,-0.00585,-0.00135,-0.00061,0.00603,0.95590,0.00833,0.00683,3,12118,0,6778,0.31822,0.25820,0.81139,85,1,89.715,107,1,4,4296,187491,0,0,0.000,0.750,3.000,0,0.000,0.750,3.000,0,0,3,1840,0
PPG,3,103281,4132791552,119,75474,81992,81672.039,319.961,34.609,0,0,0,0,0.00,nan,3,2,272,nan,4,1,24,1,1,17,17,0,0,0,4134067305,0.04102,0.00391,0.95386,0.95475,-0.00612,-0.00081,-0.00087,0.00623,0.95475,0.00454,0.00662,3,12129,0,6778,0.31822,0.25820,0.81139,85,1,89.715,107,1,4,4309,187491,0,0,0.000,0.750,3.000,0,0.000,0.750,3.000,0,0,3,1800,0
PPG,3,103282,4132831552,118,75499,82024,81675.562,348.438,4.227,0,0,0,0,0.00,nan,3,2,272,nan,4,1,24,1,1,18,18,0,0,0,4134106226,0.03979,0.00562,0.94971,0.95056,-0.00692,0.00025,-0.00194,0.00719,0.95169,0.00357,0.00719,3,12119,0,6778,0.31822,0.25820,0.81139,85,1,89.715,107,1,4,2601,187491,0,0,0.000,0.750,3.000,0,0.000,0.750,3.000,0,0,3,1760,0
PPG,3,103283,4132871552,119,75521,82084,81679.648,404.352,-19.648,0,0,0,0,0.00,nan,3,2,272,nan,4,1,24,1,1,19,19,0,0,0,4134147786,0.03882,0.00928,0.95215,0.95298,-0.00692,-0.00081,-0.00167,0.00716,0.95521,0.00465,0.00716,3,12117,0,6778,0.31822,0.25820,0.81139,85,1,89.715,107,1,4,4308,187491,0,0,0.000,0.750,3.000,0,0.000,0.750,3.000,0,0,3,1720,0
PPG,3,103284,4132911552,118,75520,82103,81683.883,419.117,-34.336,0,0,0,0,0.00,nan,3,2,272,nan,4,1,24,1,1,20,20,0,0,0,4134186725,0.03613,0.00415,0.95508,0.95577,-0.00585,-0.00001,-0.00087,0.00592,0.95868,0.00697,0.00698,3,12139,0,6778,0.31822,0.25820,0.81139,85,1,89.715,107,1,4,2605,187491,0,0,0.000,0.750,3.000,0,0.000,0.750,3.000,0,0,3,1680,0
PPG,3,103285,4132951552,117,75503,82081,81687.852,393.148,-30.109,0,0,0,0,0.00,nan,3,2,272,nan,4,1,24,1,1,21,21,0,0,0,4134228218,0.03857,0.00342,0.94995,0.95074,-0.00558,0.00052,-0.00221,0.00603,0.95276,0.00655,0.00614,3,12120,0,6778,0.31822,0.25820,0.81139,85,1,89.715,107,1,4,4299,187491,0,0,0.000,0.750,3.000,0,0.000,0.750,3.000,0,0,3,1640,0
PPG,3,103286,4132991552,120,75501,82063,81691.602,371.398,-18.328,0,0,0,0,0.00,nan,3,2,272,nan,4,1,24,1,1,22,22,0,0,0,4134267117,0.03906,0.00684,0.95190,0.95273,-0.00612,-0.00028,-0.00114,0.00623,0.95273,0.00539,0.00623,3,12136,0,6778,0.31822,0.25820,0.81139,85,1,89.715,107,1,4,4299,187491,0,0,0.000,0.750,3.000,0,0.000,0.750,3.000,0,0,3,1600,0
PPG,3,103287,4133031552,117,75503,82084,81695.523,388.477,-5.078,0,0,0,0,0.00,nan,3,2,272,nan,4,1,24,1,1,23,23,0,0,0,4134305994,0.04199,0.00879,0.95801,0.95897,-0.00585,-0.00001,-0.00167,0.00609,0.95897,0.00520,0.00609,3,12109,0,6778,0.31822,0.25820,0.81139,85,1,89.715,107,1,4,2597,187491,0,0,0.000,0.750,3.000,0,0.000,0.750,3.000,0,0,3,1560,0
PPG,3,103288,4133071552,117,75484,82083,81699.398,383.602,4.617,0,0,0,0,0.00,nan,3,2,272,nan,4,1,24,1,1,24,24,0,0,0,4134347479,0.03589,0.00391,0.95898,0.95966,-0.00585,-0.00055,-0.00167,0.00611,0.95966,0.01113,0.00611,3,12117,0,6778,0.31822,0.25820,0.81139,85,1,89.715,107,1,4,4294,187491,0,0,0.000,0.750,3.000,0,0.000,0.750,3.000,0,0,3,1520,0
PPG,3,103289,4133111552,139,75495,82108,81703.484,404.516,13.922,0,0,0,0,0.00,nan,3,2,272,nan,4,1,24,1,1,25,25,0,0,0,4134386390,0.03931,0.00635,0.95483,0.95566,-0.00505,-0.00028,-0.00114,0.00519,0.96330,0.01143,0.00576,3,12155,0,6778,0.31822,0.25820,0.81139,85,1,89.715,107,1,4,2595,187491,0,0,0.000,0.750,3.000,0,0.000,0.750,3.000,0,0,3,1480,0
PPG,3,103290,4133151552,117,75522,82149,81707.938,441.062,19.961,0,0,0,0,0.00,nan,3,2,272,nan,4,1,24,1,1,26,26,0,0,0,4134427884,0.04004,0.00562,0.95508,0.95593,-0.00585,0.00052,-0.00194,0.00619,0.95593,0.00435,0.00660,3,12126,0,6778,0.31822,0.25820,0.81139,85,1,89.715,107,1,4,4296,187491,0,0,0.000,0.750,3.000,0,0.000,0.750,3.000,0,0,3,1440,0
PPG,3,103291,4133191552,168,75532,82169,81712.547,456.453,26.891,0,0,0,0,0.00,nan,3,2,272,nan,4,1,24,1,1,27,27,0,0,0,4134466851,0.03931,0.00537,0.95068,0.95151,-0.00612,0.00025,-0.00061,0.00615,0.95238,0.00356,0.00642,3,12140,0,6778,0.31822,0.25820,0.81139,85,1,89.715,107,1,4,2598,187491,0,0,0.000,0.750,3.000,0,0.000,0.750,3.000,0,0,3,1400,0
PPG,3,103292,4133231552,119,75521,82176,81717.180,458.820,37.859,0,0,0,0,0.00,nan,3,2,272,nan,4,1,24,1,1,28,28,0,0,0,4134508480,0.03638,0.00098,0.94775,0.94845,-0.00612,0.00052,-0.00141,0.00630,0.95362,0.00326,0.00723,3,12116,0,6778,0.31822,0.25820,0.81139,85,1,89.715,107,1,4,4295,187491,0,0,0.000,0.750,3.000,0,0.000,0.750,3.000,0,0,3,1360,0
PPG,3,103293,4133271552,118,75518,82173,81721.734,451.266,50.172,0,0,0,0,0.00,nan,3,2,272,nan,4,1,24,1,1,29,29,0,0,0,4134547364,0.04053,0.01050,0.95239,0.95331,-0.00585,-0.00028,-0.00114,0.00597,0.95404,0.00307,0.00597,3,12121,0,6778,0.31822,0.25820,0.81139,85,1,89.715,107,1,4,4302,187491,0,0,0.000,0.750,3.000,0,0.000,0.750,3.000,0,0,3,1320,0
PPG,3,103294,4133311552,584,75516,82176,81726.273,449.727,60.508,0,0,0,0,0.00,nan,3,2,272,nan,4,1,24,1,1,30,30,0,0,0,4134586277,0.03882,0.00439,0.94897,0.94978,-0.00612,-0.00055,-0.00167,0.00637,0.95408,0.00529,0.00647,3,12155,0,6778,0.39224,0.28197,0.71887,99,1,92.028,150,1,4,2655,187491,0,0,0.000,0.750,3.000,0,0.000,0.750,3.000,0,0,3,1280,0
PPG,3,103295,4133351552,162,75500,82170,81730.711,439.289,71.688,0,0,0,0,0.00,nan,3,2,272,nan,4,1,24,1,1,31,31,0,0,0,4134628699,0.04053,0.00732,0.95435,0.95523,-0.00532,-0.00135,-0.00221,0.00591,0.95746,0.00649,0.00781,3,12120,0,6778,0.39224,0.28197,0.71887,99,1,92.028,150,1,4,4297,187491,0,0,0.000,0.750,3.000,0,0.000,0.750,3.000,0,0,3,1240,0
PPG,3,103296,4133391552,133,75463,82149,81734.891,414.109,77.602,0,0,0,0,0.00,nan,3,2,272,nan,4,1,24,1,1,0,0,0,0,0,4134667788,0.04004,0.00659,0.94800,0.94887,-0.00612,-0.00161,-0.00061,0.00636,0.95656,0.00433,0.00662,3,12114,0,6778,0.39224,0.28197,0.71887,99,1,92.028,150,1,4,4307,187491,0,0,0.000,12.630,8.754,0,0.000,0.750,3.000,0,0,3,1200,0
PPG,3,103297,4133431552,123,75486,82163,81739.172,423.828,77.047,0,0,0,0,0.00,nan,3,2,272,nan,4,1,24,1,1,1,1,0,0,0,4134706840,0.04248,0.00757,0.94849,0.94947,-0.00479,-0.00055,-0.00114,0.00495,0.95573,0.00626,0.00627,3,12148,0,6778,0.39224,0.28197,0.71887,99,1,92.028,150,1,4,2634,187491,0,0,0.000,12.630,8.754,0,0.000,0.750,3.000,0,0,3,1160,0
PPG,3,103298,4133471552,122,75494,82131,81743.094,387.906,63.719,0,0,0,0,0.00,nan,3,2,272,nan,4,1,24,1,1,2,2,0,0,0,4134748463,0.03418,0.00488,0.95117,0.95180,-0.00532,-0.00055,-0.00194,0.00569,0.95894,0.00947,0.00607,3,12127,0,6778,0.39224,0.28197,0.71887,99,1,92.028,150,1,4,4387,187491,0,0,0.000,12.630,8.754,0,0.000,0.750,3.000,0,0,3,1120,0
PPG,3,103299,4133511552,122,75451,81990,81745.562,244.438,34.352,0,0,0,0,0.00,nan,3,2,272,nan,4,1,24,1,1,3,3,0,0,0,4134787517,0.03613,0.00879,0.95483,0.95556,-0.00452,-0.00055,-0.00167,0.00485,0.96024,0.00902,0.00611,3,12146,0,6778,0.39224,0.28197,0.71887,99,1,92.028,150,1,4,4321,187491,0,0,0.000,12.630,8.754,0,0.000,0.750,3.000,0,0,3,1080,0
PPG,3,103300,4133551552,122,75434,81965,81747.758,217.242,4.641,0,0,0,0,0.00,nan,3,2,272,nan,4,1,24,1,1,4,4,0,0,0,4134826842,0.03979,0.00342,0.95166,0.95250,-0.00558,-0.00055,-0.00167,0.00586,0.95250,0.00602,0.00597,3,12271,0,6778,0.39224,0.28197,0.71887,99,1,92.028,150,1,4,2629,187491,0,0,0.000,12.630,8.754,0,0.000,0.750,3.000,0,0,3,1040,0
PPG,3,103301,4133591552,121,75444,81987,81750.148,236.852,-22.109,0,0,0,0,0.00,nan,3,2,272,nan,4,1,24,1,1,5,5,0,0,0,4134868740,0.03809,0.00586,0.95947,0.96025,-0.00532,-0.00108,-0.00141,0.00561,0.96025,0.01222,0.00561,3,12252,0,6778,0.39224,0.28197,0.71887,99,1,92.028,150,1,4,4333,187491,0,0,0.000,12.630,8.754,0,0.000,0.750,3.000,0,0,3,1000,0
PPG,3,103302,4133631552,142,75467,82021,81752.859,268.141,-43.250,0,0,0,0,0.00,nan,3,2,272,nan,4,1,24,1,1,6,6,0,0,0,4134907938,0.03906,0.00610,0.94800,0.94882,-0.00558,-0.00028,-0.00221,0.00601,0.95368,0.00679,0.00642,3,12217,0,6778,0.39224,0.28197,0.71887,99,1,92.028,150,1,4,4331,187491,0,0,0.000,12.630,8.754,0,0.000,0.750,3.000,0,0,3,960,0
PPG,3,103303,4133671552,127,75458,82047,81755.797,291.203,-55.969,0,0,0,0,0.00,nan,3,2,272,nan,4,1,24,1,1,7,7,0,0,0,4134947226,0.03955,0.00513,0.95630,0.95713,-0.00612,0.00025,-0.00247,0.00660,0.95713,0.00821,0.00660,3,12238,0,6778,0.39224,0.28197,0.71887,99,1,92.028,150,1,4,4333,187491,0,0,0.000,12.630,8.754,0,0.000,0.750,3.000,0,0,3,920,0
PPG,3,103304,4133711552,127,75481,82088,81759.117,328.883,-65.938,0,0,0,0,0.00,nan,3,2,272,nan,4,1,24,1,1,8,8,0,0,0,4134993339,0.04102,0.00513,0.95044,0.95134,-0.00585,0.00158,-0.00167,0.00629,0.95337,0.00376,0.00633,3,19099,0,6778,0.39224,0.28197,0.71887,99,1,92.028,150,1,4,14723,187491,0,0,0.000,12.630,8.754,0,0.000,0.750,3.000,0,0,3,880,0
PPG,3,103305,4133751552,137,75465,82074,81762.266,311.734,-73.727,0,0,0,0,0.00,nan,3,2,272,nan,4,1,24,1,1,9,9,0,0,0,4135063760,0.03687,0.00439,0.94604,0.94677,-0.00585,-0.00081,-0.00167,0.00614,0.94677,0.00456,0.00614,1,70421,0,6784,0.39224,0.28197,0.71887,99,1,92.028,150,1,4,70281,187491,0,0,0.000,12.115,9.308,0,0.000,0.750,3.000,0,0,3,840,0
PPG,3,103306,4133791552,129,75446,82040,81765.039,274.961,-65.438,0,0,0,0,0.00,nan,3,2,272,nan,4,1,24,1,1,10,10,0,0,0,4135075938,0.03857,0.00732,0.94629,0.94710,-0.00532,-0.00055,-0.00221,0.00578,0.94710,0.00033,0.00578,1,12178,0,6784,0.39224,0.28197,0.71887,99,1,92.028,150,1,4,12182,187491,0,0,0.000,12.115,9.308,0,0.000,0.750,3.000,0,0,3,800,0
PPG,3,103307,4133831552,121,75442,82030,81767.688,262.312,-53.453,0,0,0,0,0.00,nan,3,2,272,nan,4,1,24,1,1,11,11,0,0,0,4135112795,0.03882,0.00537,0.95264,0.95344,-0.00638,-0.00001,-0.00247,0.00685,0.95391,0.00681,0.00695,3,12275,0,6784,0.39224,0.28197,0.71887,99,1,92.028,150,1,4,2627,187491,0,0,0.000,12.115,9.308,0,0.000,0.750,3.000,0,0,3,760,0
PPG,3,103308,4133871552,122,75436,82045,81770.461,274.539,-43.258,0,0,0,0,0.00,nan,3,2,272,nan,4,1,24,1,1,12,12,0,0,0,4135149435,0.03198,0.00342,0.95166,0.95220,-0.00558,-0.00028,-0.00194,0.00592,0.95553,0.00437,0.00635,3,12197,0,6784,0.39224,0.28197,0.71887,99,1,92.028,150,1,4,4332,187491,0,0,0.000,12.115,9.308,0,0.000,0.750,3.000,0,0,3,720,0
PPG,3,103309,4133911552,127,75444,82071,81773.469,297.531,-34.273,0,0,0,0,0.00,nan,3,2,272,nan,4,1,24,1,1,13,13,0,0,0,4135188668,0.04175,0.00757,0.95337,0.95431,-0.00558,0.00025,-0.00247,0.00611,0.95431,0.00276,0.00682,3,12248,0,6784,0.39224,0.28197,0.71887,99,1,92.028,150,1,4,4334,187491,0,0,0.000,12.014,9.426,0,0.000,0.750,3.000,0,0,3,680,0
PPG,3,103310,4133951552,130,75464,82088,81776.617,311.383,-25.359,0,0,0,0,0.00,nan,3,2,272,nan,4,1,24,1,1,14,14,0,0,0,4135227968,0.03857,0.00757,0.95093,0.95174,-0.00558,-0.00055,-0.00194,0.00594,0.95429,0.00719,0.00596,3,12229,0,6784,0.39224,0.28197,0.71887,99,1,92.028,150,1,4,4321,187491,0,0,0.000,12.014,9.426,0,0.000,0.750,3.000,0,0,3,640,0
PPG,3,103311,4133991552,127,75442,82100,81779.852,320.148,-20.203,0,0,0,0,0.00,nan,3,2,272,nan,4,1,24,1,1,15,15,0,0,0,4135267194,0.03784,0.00464,0.94653,0.94730,-0.00532,-0.00001,-0.00114,0.00544,0.95891,0.00789,0.00682,3,12258,0,6784,0.39224,0.28197,0.71887,99,1,92.028,150,1,4,4325,187491,0,0,0.000,11.568,9.980,0,0.000,0.750,3.000,0,0,3,600,0
PPG,3,103312,4134031552,131,75449,82111,81783.164,327.836,-11.664,0,0,0,0,0.00,nan,3,2,272,nan,4,1,24,1,1,16,16,0,0,0,4135306424,0.03857,0.00439,0.94946,0.95026,-0.00532,-0.00081,-0.00167,0.00563,0.95399,0.00669,0.00607,3,12279,0,6784,0.39224,0.28197,0.71887,99,1,92.028,150,1,4,2628,187491,0,0,0.000,11.568,9.980,0,0.000,0.750,3.000,0,0,3,560,0
PPG,3,103313,4134071552,122,75459,82119,81786.523,332.477,2.320,0,0,0,0,0.00,nan,3,2,272,nan,4,1,24,1,1,17,17,0,0,0,4135348219,0.03809,0.00879,0.94922,0.95002,-0.00612,-0.00108,-0.00167,0.00643,0.95855,0.00829,0.00689,3,12233,0,6784,0.39224,0.28197,0.71887,99,1,92.028,150,1,4,4332,187491,0,0,0.000,11.568,9.980,0,0.000,0.750,3.000,0,0,3,520,0
PPG,3,103314,4134111552,122,75480,82154,81790.195,363.805,21.141,0,0,0,0,0.00,nan,3,2,272,nan,4,1,24,1,1,18,18,0,0,0,4135387409,0.03613,0.00171,0.95630,0.95698,-0.00638,-0.00108,-0.00114,0.00657,0.95698,0.00276,0.00664,3,12254,0,6784,0.39224,0.28197,0.71887,99,1,92.028,150,1,4,4331,187491,0,0,0.000,11.568,9.980,0,0.000,0.750,3.000,0,0,3,480,0
PPG,3,103315,4134151552,121,75480,82163,81793.922,369.078,38.344,0,0,0,0,0.00,nan,3,2,272,nan,4,1,24,1,1,19,19,0,0,0,4135426568,0.03711,0.00122,0.95166,0.95238,-0.00532,-0.00001,-0.00247,0.00586,0.95327,0.00371,0.00653,3,12159,0,6784,0.39224,0.28197,0.71887,99,1,92.028,150,1,4,2610,187491,0,0,0.000,11.568,9.980,0,0.000,0.750,3.000,0,0,3,440,0
PPG,3,103316,4134191552,122,75481,82178,81797.766,380.234,52.180,0,0,0,0,0.00,nan,3,2,272,nan,4,1,24,1,1,20,20,0,0,0,4135468291,0.03467,0.00659,0.94995,0.95061,-0.00558,-0.00081,-0.00141,0.00582,0.95213,0.00385,0.00688,3,12125,0,6784,0.39224,0.28197,0.71887,99,1,92.028,150,1,4,4307,187491,0,0,0.000,11.568,9.980,0,0.000,0.750,3.000,0,0,3,400,0
PPG,3,103317,4134231552,122,75493,82169,81801.477,367.523,63.453,0,0,0,0,0.00,nan,3,2,272,nan,4,1,24,1,1,21,21,0,0,0,4135507257,0.03833,0.00732,0.95264,0.95344,-0.00532,-0.00001,-0.00114,0.00544,0.95437,0.00304,0.00544,3,12134,0,6784,0.39224,0.28197,0.71887,99,1,92.028,150,1,4,2599,187491,0,0,0.000,11.568,9.980,0,0.000,0.750,3.000,0,0,3,360,0
PPG,3,103318,4134271552,135,75446,82031,81803.773,227.227,58.594,0,0,0,0,0.00,nan,3,2,272,nan,4,1,24,1,1,22,22,0,0,0,4135548806,0.03979,0.00830,0.95532,0.95619,-0.00532,-0.00055,-0.00061,0.00538,0.95619,0.00606,0.00581,3,12138,0,6784,0.39224,0.28197,0.71887,99,1,92.028,150,1,4,4303,187491,0,0,0.000,11.568,9.980,0,0.000,114.727,1.498,0,0,3,320,0
PPG,3,103319,4134311552,508,75408,81944,81805.172,138.828,37.039,0,0,0,0,0.00,nan,3,2,272,nan,4,1,24,1,1,23,23,0,0,0,4135587746,0.03589,0.00879,0.95654,0.95726,-0.00558,-0.00001,-0.00061,0.00562,0.95726,0.00579,0.00680,3,12126,0,6784,0.29358,0.14914,0.50800,100,1,97.300,136,1,4,4295,187491,0,0,0.000,11.568,9.980,0,0.000,114.727,1.498,0,0,3,280,0
PPG,3,103320,4134351552,166,75420,81947,81806.594,140.406,13.359,0,0,0,0,0.00,nan,3,2,272,nan,4,1,24,1,1,24,24,0,0,0,4135627153,0.04077,0.00342,0.95532,0.95620,-0.00505,-0.00055,-0.00061,0.00512,0.95620,0.00688,0.00577,3,12119,0,6784,0.29358,0.14914,0.50800,100,1,97.300,136,1,4,2600,187491,0,0,0.000,11.568,9.980,0,0.000,114.727,1.498,0,0,3,240,0
PPG,3,103321,4134391552,121,75426,81984,81808.367,175.633,-10.773,0,0,0,0,0.00,nan,3,2,272,nan,4,1,24,1,1,25,25,0,0,0,4135668738,0.03882,0.00879,0.95435,0.95518,-0.00585,-0.00028,-0.00114,0.00597,0.95518,0.00856,0.00597,3,12132,0,6784,0.29358,0.14914,0.50800,100,1,97.300,136,1,4,4295,187491,0,0,0.000,11.568,9.980,0,0.000,114.727,1.498,0,0,3,200,0
PPG,3,103322,4134431552,121,75424,81974,81810.023,163.977,-35.422,0,0,0,0,0.00,nan,3,2,272,nan,4,1,24,1,1,26,26,0,0,0,4135707678,0.04077,0.00513,0.94849,0.94938,-0.00532,-0.00081,-0.00114,0.00550,0.95611,0.00370,0.00660,3,12146,0,6784,0.29358,0.14914,0.50800,100,1,97.300,136,1,4,4299,187491,0,0,0.000,11.568,9.980,0,0.000,114.727,1.498,0,0,3,160,0
PPG,3,103323,4134471552,120,75425,82009,81812.016,196.984,-57.664,0,0,0,0,0.00,nan,3,2,272,nan,4,1,24,1,1,27,27,0,0,0,4135746618,0.03857,0.01025,0.95410,0.95494,-0.00665,-0.00108,-0.00247,0.00718,0.95527,0.00589,0.00718,3,12128,0,6784,0.29358,0.14914,0.50800,100,1,97.300,136,1,4,2596,187491,0,0,0.000,11.568,9.980,0,0.000,114.727,1.498,0,0,3,120,0
PPG,3,103324,4134511552,125,75444,82038,81814.273,223.727,-73.883,0,0,0,0,0.00,nan,3,2,272,nan,4,1,24,1,1,28,28,0,0,0,4135788118,0.03564,0.00366,0.95410,0.95477,-0.00505,-0.00081,-0.00034,0.00513,0.95602,0.00234,0.00695,3,12122,0,6784,0.29358,0.14914,0.50800,100,1,97.300,136,1,4,4298,187491,0,0,0.000,11.568,9.980,0,0.000,114.727,1.498,0,0,3,80,0
PPG,3,103325,4134551552,120,75431,82024,81816.367,207.633,-72.383,0,0,0,0,0.00,nan,3,2,272,nan,4,1,24,1,1,29,29,0,0,0,4135827104,0.03882,0.01123,0.95532,0.95618,-0.00479,-0.00161,-0.00221,0.00551,0.95618,0.00851,0.00676,3,12136,0,6784,0.29358,0.14914,0.50800,100,1,97.300,136,1,4,2595,187491,0,0,0.000,11.568,9.980,0,0.000,114.727,1.498,0,0,3,40,0
PPG,3,103326,4134591552,127,75426,82005,81818.250,186.750,-61.914,0,0,0,0,0.00,nan,1,2,1024,nan,4,1,24,1,1,30,30,0,0,0,4135868626,0.03809,0.00366,0.95239,0.95316,-0.00532,-0.00028,-0.00087,0.00540,0.95565,0.00249,0.00540,3,12118,0,6784,0.29358,0.14914,0.50800,100,1,97.300,136,1,2,4297,187491,0,0,31.781,11.568,9.980,1,0.000,114.727,1.498,0,0,0,0,0
PPG,3,103327,4134631552,93,75428,82037,81820.438,216.562,0.000,0,0,0,0,0.00,nan,1,2,1024,nan,4,1,24,1,1,31,31,0,0,0,4135907577,0.04272,0.00610,0.95337,0.95435,-0.00692,-0.00001,-0.00167,0.00712,0.95435,0.00544,0.00712,3,12125,0,6784,0.29358,0.14914,0.50800,100,1,97.300,136,1,2,4321,187491,0,0,0.000,0.750,3.000,0,0.000,0.750,3.000,0,0,0,0,0
PPG,3,103328,4134671552,94,75433,82078,81823.016,254.984,0.000,0,0,0,0,0.00,nan,1,2,1024,nan,4,1,24,1,1,0,0,0,0,0,4135946508,0.03857,0.00806,0.95239,0.95321,-0.00638,0.00132,-0.00194,0.00680,0.95321,0.00537,0.00686,3,12121,0,6784,0.29358,0.14914,0.50800,100,1,97.300,136,1,2,2599,187491,0,0,0.000,0.750,3.000,0,0.000,0.750,3.000,0,0,0,0,0
PPG,3,103329,4134711552,98,75432,82111,81825.898,285.102,0.000,0,0,0,0,0.00,nan,1,2,1024,nan,4,1,24,1,1,1,1,0,0,0,4135994628,0.03735,0.00928,0.94800,0.94878,-0.00638,-0.00028,-0.00061,0.00642,0.94994,0.00326,0.00642,3,18841,0,6784,0.29358,0.14914,0.50800,100,1,97.300,136,1,2,14472,187491,0,0,0.000,0.750,3.000,0,0.000,0.750,3.000,0,0,0,0,0
PPG,3,103330,4134751552,90,75447,82123,81828.867,294.133,0.000,0,0,0,0,0.00,nan,1,2,1024,nan,4,1,24,1,1,2,2,0,0,0,4136030965,0.03979,0.00317,0.95630,0.95713,-0.00612,0.00052,-0.00194,0.00644,0.95713,0.00955,0.00676,3,12119,0,6784,0.29358,0.14914,0.50800,100,1,97.300,136,1,2,2589,187491,0,0,0.000,0.750,3.000,0,0.000,0.750,3.000,0,0,0,0,0
PPG,3,103331,4134791552,92,75463,82142,81832.000,310.000,0.000,0,0,0,0,0.00,nan,1,2,1024,nan,4,1,24,1,1,3,3,0,0,0,4136067186,0.03638,0.00903,0.94751,0.94825,-0.00505,0.00025,-0.00141,0.00525,0.95500,0.00674,0.00532,3,12128,0,6784,0.29358,0.14914,0.50800,100,1,97.300,136,1,2,2607,187491,0,0,0.000,0.750,3.000,0,0.000,0.750,3.000,0,0,0,0,0
PPG,3,103332,4134831552,90,75461,82158,81835.258,322.742,0.000,0,0,0,0,0.00,nan,1,2,1024,nan,4,1,24,1,1,4,4,0,0,0,4136108605,0.04102,0.00854,0.94775,0.94868,-0.00558,-0.00001,-0.00141,0.00576,0.95922,0.01097,0.00597,3,12125,0,6784,0.29358,0.14914,0.50800,100,1,97.300,136,1,2,4296,187491,0,0,0.000,0.750,3.000,0,0.000,0.750,3.000,0,0,0,0,0
PPG,3,103333,4134871552,96,75443,82167,81838.578,328.422,0.000,0,0,0,0,0.00,nan,1,2,1024,nan,4,1,24,1,1,5,5,0,0,0,4136147468,0.04102,0.00269,0.95190,0.95279,-0.00585,-0.00081,-0.00087,0.00597,0.95336,0.00468,0.00646,3,12116,0,6784,0.29358,0.14914,0.50800,100,1,97.300,136,1,2,2601,187491,0,0,0.000,0.750,3.000,0,0.000,0.750,3.000,0,0,0,0,0
PPG,3,103334,4134911552,90,75473,82179,81841.984,337.016,0.000,0,0,0,0,0.00,nan,1,2,1024,nan,4,1,24,1,1,6,6,0,0,0,4136188879,0.04150,0.00732,0.95264,0.95357,-0.00505,-0.00028,-0.00114,0.00519,0.95588,0.00231,0.00578,3,12118,0,6784,0.29358,0.14914,0.50800,100,1,97.300,136,1,2,4299,187491,0,0,0.000,0.750,3.000,0,0.000,0.750,3.000,0,0,0,0,0
PPG,3,103335,4134951552,92,75451,82174,81845.305,328.695,0.000,0,0,0,0,0.00,nan,1,2,1024,nan,4,1,24,1,1,7,7,0,0,0,4136227774,0.03784,0.00610,0.94751,0.94828,-0.00479,-0.00001,-0.00007,0.00479,0.95923,0.01136,0.00515,3,12185,0,6784,0.29358,0.14914,0.50800,100,1,97.300,136,1,2,4304,187491,0,0,0.000,0.750,3.000,0,0.000,0.750,3.000,0,0,0,0,0
PPG,3,103336,4134991552,91,75411,82079,81847.641,231.359,0.000,0,0,0,0,0.00,nan,1,2,1024,nan,4,1,24,1,1,8,8,0,0,0,4136266604,0.03711,0.00513,0.95386,0.95459,-0.00585,0.00025,-0.00167,0.00609,0.95459,0.00616,0.00662,3,12134,0,6784,0.29358,0.14914,0.50800,100,1,97.300,136,1,2,2597,187491,0,0,0.000,0.750,3.000,0,0.000,0.750,3.000,0,0,0,0,0
PPG,3,103337,4135031552,93,75351,81924,81848.406,75.594,0.000,0,0,0,0,0.00,nan,1,2,1024,nan,4,1,24,1,1,9,9,0,0,0,4136307997,0.03979,0.00806,0.94751,0.94838,-0.00532,-0.00108,-0.00141,0.00561,0.95829,0.00991,0.00680,3,12110,0,6784,0.29358,0.14914,0.50800,100,1,97.300,136,1,2,4294,187491,0,0,0.000,0.750,3.000,0,0.000,0.750,3.000,0,0,0,0,0
PPG,3,103338,4135071552,93,75354,81874,81848.664,25.336,0.000,0,1,0,0,0.00,nan,1,2,1024,nan,4,1,24,1,1,10,10,0,0,0,4136346850,0.03760,0.00952,0.95630,0.95708,-0.00585,0.00025,-0.00034,0.00587,0.95708,0.00609,0.00587,3,12111,0,6784,0.29358,0.14914,0.50800,100,1,97.300,136,1,2,2599,187491,0,0,0.000,0.750,3.000,0,0.000,0.750,3.000,0,0,0,0,0
PPG,3,103339,4135111552,92,75363,81890,81849.078,40.922,0.000,0,0,0,0,0.00,nan,1,2,1024,nan,4,1,24,1,1,11,11,0,0,0,4136388268,0.03833,0.00854,0.95654,0.95735,-0.00505,0.00052,-0.00141,0.00527,0.95735,0.00764,0.00617,3,12125,0,6784,0.29358,0.14914,0.50800,100,1,97.300,136,1,2,4299,187491,0,0,0.000,0.750,3.000,0,0.000,0.750,3.000,0,0,0,0,0
PPG,3,103340,4135151552,91,75356,81892,81849.508,42.492,0.000,0,0,0,0,0.00,nan,1,2,1024,nan,4,1,24,1,1,12,12,0,0,0,4136427125,0.03735,0.00684,0.94556,0.94632,-0.00585,-0.00028,-0.00221,0.00626,0.95123,0.00730,0.00661,3,12140,0,6784,0.29358,0.14914,0.50800,100,1,97.300,136,1,2,2595,187491,0,0,0.000,0.750,3.000,0,0.000,0.750,3.000,0,0,0,0,0
PPG,3,103341,4135191552,92,75375,81940,81850.414,89.586,0.000,0,0,0,0,0.00,nan,1,2,1024,nan,4,1,24,1,1,13,13,0,0,0,4136468572,0.04077,0.00659,0.95044,0.95134,-0.00532,-0.00081,-0.00114,0.00550,0.95546,0.00627,0.00729,3,12132,0,6784,0.29358,0.14914,0.50800,100,1,97.300,136,1,2,4299,187491,0,0,0.000,0.750,3.000,0,0.000,0.750,3.000,0,0,0,0,0
PPG,3,103342,4135231552,91,75385,81981,81851.719,129.281,0.000,0,0,0,0,0.00,nan,1,2,1024,nan,4,1,24,1,1,14,14,0,0,0,4136507391,0.04224,0.00732,0.95239,0.95336,-0.00558,-0.00081,-0.00194,0.00597,0.95336,0.00377,0.00627,3,12115,0,6784,0.29358,0.14914,0.50800,100,1,97.300,136,1,2,2594,187491,0,0,0.000,0.750,3.000,0,0.000,0.750,3.000,0,0,0,0,0
PPG,3,103343,4135271552,92,75363,81966,81852.859,113.141,0.000,0,0,0,0,0.00,nan,1,2,1024,nan,4,1,24,1,1,15,15,0,0,0,4136549127,0.03638,0.00781,0.95386,0.95458,-0.00665,0.00052,-0.00087,0.00673,0.95458,0.00331,0.00673,3,12296,0,6784,0.29358,0.14914,0.50800,100,1,97.300,136,1,2,4386,187491,0,0,0.000,0.750,3.000,0,0.000,0.750,3.000,0,0,0,0,0
PPG,3,103344,4135311552,479,75369,81958,81853.914,104.086,0.000,0,0,0,0,0.00,nan,1,2,1024,nan,4,1,24,1,1,16,16,0,0,0,4136588308,0.03906,0.00928,0.94971,0.95056,-0.00505,-0.00081,-0.00167,0.00538,0.95580,0.00739,0.00633,3,12332,0,6784,0.18250,0.08835,0.48413,99,1,97.897,55,1,2,4310,187491,0,0,0.000,0.750,3.000,0,0.000,0.750,3.000,0,0,0,0,0
PPG,3,103345,4135351552,186,75381,81958,81854.953,103.047,0.000,0,0,0,0,0.00,nan,1,2,1024,nan,4,1,24,1,1,17,17,0,0,0,4136627695,0.04004,0.00806,0.94751,0.94839,-0.00505,-0.00135,-0.00087,0.00530,0.95278,0.00431,0.00668,3,12218,0,6784,0.18250,0.08835,0.48413,99,1,97.897,55,1,2,4380,187491,0,0,0.000,0.750,3.000,0,0.000,0.750,3.000,0,0,0,0,0
PPG,3,103346,4135391552,112,75395,81983,81856.234,126.766,-76.703,0,0,0,0,0.00,nan,1,2,1024,nan,4,1,24,1,1,18,18,0,0,0,4136667115,0.03979,0.00977,0.94971,0.95059,-0.00585,-0.00135,-0.00300,0.00671,0.95080,0.00184,0.00699,3,12245,0,6784,0.18250,0.08835,0.48413,99,1,97.897,55,1,2,2639,187491,0,0,0.000,0.750,3.000,0,0.000,0.750,3.000,0,0,0,0,0
PPG,3,103347,4135431552,119,75403,82020,81857.875,162.125,-57.562,0,0,0,0,0.00,nan,1,2,1024,nan,4,1,24,1,1,19,19,0,0,0,4136708984,0.04028,0.00391,0.95215,0.95301,-0.00558,-0.00055,-0.00300,0.00637,0.95525,0.00466,0.00670,3,12242,0,6784,0.18250,0.08835,0.48413,99,1,97.897,55,1,2,4333,187491,0,0,0.000,0.750,3.000,0,0.000,0.750,3.000,0,0,0,0,0
PPG,3,103348,4135471552,116,75410,82026,81859.555,166.445,-42.680,0,0,0,0,0.00,nan,1,2,1024,nan,4,1,24,1,1,20,20,0,0,0,4136748253,0.03784,0.00513,0.95117,0.95194,-0.00692,-0.00055,-0.00274,0.00746,0.95432,0.00183,0.00746,3,12242,0,6784,0.18250,0.08835,0.48413,99,1,97.897,55,1,2,4342,187491,0,0,0.000,0.750,3.000,0,0.000,0.750,3.000,0,0,0,0,0
PPG,3,103349,4135511552,118,75411,82058,81861.539,196.461,-29.031,0,0,0,0,0.00,nan,1,2,1024,nan,4,1,24,1,1,21,21,0,0,0,4136787533,0.04126,0.00830,0.95337,0.95430,-0.00585,0.00025,-0.00247,0.00636,0.95928,0.00846,0.00650,3,12276,0,6784,0.18250,0.08835,0.48413,99,1,97.897,55,1,2,2628,187491,0,0,0.000,0.750,3.000,0,0.000,0.750,3.000,0,0,0,0,0
PPG,3,103350,4135551552,113,75399,82085,81863.773,221.227,-10.133,0,0,0,0,0.00,nan,1,2,1024,nan,4,1,24,1,1,22,22,0,0,0,4136829422,0.04004,0.00195,0.95410,0.95494,-0.00558,0.00025,-0.00221,0.00601,0.95539,0.00349,0.00779,3,12275,0,6784,0.18250,0.08835,0.48413,99,1,97.897,55,1,2,4354,187491,0,0,0.000,0.750,3.000,0,0.000,0.750,3.000,0,0,0,0,0
PPG,3,103351,4135591552,143,75426,82100,81866.133,233.867,12.258,0,0,0,0,0.00,nan,1,2,1024,nan,4,1,24,1,1,23,23,0,0,0,4136868679,0.04102,0.00635,0.94873,0.94964,-0.00585,-0.00028,-0.00300,0.00658,0.95230,0.00656,0.00658,3,12256,0,6784,0.18250,0.08835,0.48413,99,1,97.897,55,1,2,4339,187491,0,0,0.000,0.750,3.000,0,0.000,0.750,3.000,0,0,0,0,0
PPG,3,103352,4135631552,121,75436,82112,81868.594,243.406,36.562,0,0,0,0,0.00,nan,1,2,1024,nan,4,1,24,1,1,24,24,0,0,0,4136907959,0.04077,0.00879,0.94751,0.94843,-0.00665,-0.00108,-0.00221,0.00709,0.95565,0.00874,0.00709,3,12277,0,6784,0.18250,0.08835,0.48413,99,1,97.897,55,1,2,4332,187491,0,0,0.000,0.750,3.000,0,0.000,0.750,3.000,0,0,0,0,0
PPG,3,103353,4135671552,124,75420,82128,81871.188,256.812,59.219,0,0,0,0,0.00,nan,1,2,1024,nan,4,1,24,1,1,25,25,0,0,0,4136947248,0.03882,0.00513,0.95337,0.95417,-0.00638,0.00052,-0.00247,0.00687,0.96001,0.01031,0.00687,3,12252,0,6784,0.18250,0.08835,0.48413,99,1,97.897,55,1,2,2622,187491,0,0,0.000,0.750,3.000,0,0.000,0.750,3.000,0,0,0,0,0
PPG,3,103354,4135711552,117,75428,82162,81874.094,287.906,80.359,0,0,0,0,0.00,nan,1,2,1024,nan,4,1,24,1,1,26,26,0,0,0,4136995936,0.03784,0.00708,0.95581,0.95659,-0.00532,-0.00108,-0.00141,0.00561,0.95767,0.00655,0.00670,3,19012,0,6784,0.18250,0.08835,0.48413,99,1,97.897,55,1,2,14631,187491,0,0,0.000,0.750,3.000,0,0.000,0.750,3.000,0,0,0,0,0
PPG,3,103355,4135751552,174,75419,82149,81876.844,272.156,99.180,0,0,0,0,0.00,nan,1,2,1024,nan,4,1,24,1,1,27,27,0,0,0,4137032583,0.03955,0.00806,0.95190,0.95276,-0.00612,-0.00028,-0.00167,0.00635,0.95276,0.00433,0.00646,3,12226,0,6784,0.18250,0.08835,0.48413,99,1,97.897,55,1,2,2624,187491,0,0,0.000,0.750,3.000,0,0.000,0.750,3.000,0,0,0,0,0
PPG,3,103356,4135791552,115,75434,82166,81879.734,286.266,110.258,0,0,0,0,0.00,nan,1,2,1024,nan,4,1,24,1,1,28,28,0,0,0,4137069302,0.04004,0.00439,0.95532,0.95617,-0.00638,0.00025,-0.00034,0.00640,0.95617,0.00632,0.00686,3,12242,0,6784,0.18250,0.08835,0.48413,99,1,97.897,55,1,2,4348,187491,0,0,0.000,0.750,3.000,0,0.000,0.750,3.000,0,0,0,0,0
PPG,3,103357,4135831552,114,75373,82017,81881.109,135.891,95.891,0,0,0,0,0.00,nan,1,2,1024,nan,4,1,24,1,1,29,29,0,0,0,4137108454,0.03735,0.01001,0.95239,0.95318,-0.00585,0.00052,-0.00114,0.00598,0.95650,0.00178,0.00660,3,12207,0,6784,0.18250,0.08835,0.48413,99,1,97.897,55,1,2,4326,187491,0,0,0.000,0.750,3.000,0,0.000,0.750,3.000,0,0,0,0,0
PPG,3,103358,4135871552,114,75304,81847,81880.766,-33.766,61.102,0,0,0,0,0.00,nan,1,2,1024,nan,4,1,24,1,1,30,30,0,0,0,4137147676,0.04004,0.00537,0.94897,0.94983,-0.00692,-0.00161,-0.00061,0.00713,0.95627,0.00644,0.00713,3,12285,0,6784,0.18250,0.08835,0.48413,99,1,97.897,55,1,2,2641,187491,0,0,0.000,0.750,3.000,0,0.000,0.750,3.000,0,0,0,0,0
PPG,3,103359,4135911552,114,75295,81813,81880.086,-67.086,22.242,0,1,0,0,0.00,nan,1,2,1024,nan,4,1,24,1,1,31,31,0,0,0,4137189454,0.04053,0.00171,0.94482,0.94569,-0.00612,-0.00161,-0.00167,0.00654,0.95214,0.00645,0.00676,3,12224,0,6784,0.18250,0.08835,0.48413,99,1,97.897,55,1,2,4327,187491,0,0,0.000,0.750,3.000,0,0.000,0.750,3.000,0,0,0,0,0
PPG,3,103360,4135951552,173,75313,81838,81879.664,-41.664,-16.492,0,0,0,0,0.00,nan,1,2,1024,nan,4,1,24,1,1,0,0,0,0,0,4137228638,0.03638,0.00732,0.94775,0.94848,-0.00532,-0.00028,-0.00194,0.00567,0.95153,0.00776,0.00631,3,12217,0,6784,0.18250,0.08835,0.48413,99,1,97.897,55,1,2,4317,187491,0,0,0.000,0.750,3.000,0,0.000,0.750,3.000,0,0,0,0,0
PPG,3,103361,4135991552,140,75312,81830,81879.164,-49.164,-58.422,0,0,0,0,0.00,nan,1,2,1024,nan,4,1,24,1,1,1,1,0,0,0,4137267916,0.03906,0.00244,0.95117,0.95198,-0.00718,-0.00028,-0.00221,0.00752,0.95945,0.01097,0.00752,3,12151,0,6784,0.18250,0.08835,0.48413,99,1,97.897,55,1,2,4302,187491,0,0,0.000,0.750,3.000,0,0.000,0.750,3.000,0,0,0,0,0
PPG,3,103362,4136031552,114,75312,81848,81878.852,-30.852,-94.773,0,0,0,0,0.00,nan,1,2,1024,nan,4,1,24,1,1,2,2,0,0,0,4137306948,0.03735,0.00464,0.94604,0.94679,-0.00638,-0.00081,-0.00300,0.00710,0.94997,0.00320,0.00710,3,12114,0,6784,0.18250,0.08835,0.48413,99,1,97.897,55,1,2,2635,187491,0,0,0.000,0.750,3.000,0,0.000,0.750,3.000,0,0,0,0,0
PPG,3,103363,4136071552,112,75316,81887,81878.930,8.070,-130.680,0,0,0,0,0.00,nan,1,2,1024,nan,4,1,24,1,1,3,3,0,0,0,4137348475,0.04028,0.00684,0.95508,0.95595,-0.00585,-0.00001,-0.00087,0.00592,0.95595,0.00843,0.00702,3,12137,0,6784,0.18250,0.08835,0.48413,99,1,97.897,55,1,2,4325,187491,0,0,0.000,0.750,3.000,0,0.000,0.750,3.000,0,0,0,0,0
PPG,3,103364,4136111552,114,75335,81926,81879.398,46.602,-142.078,0,0,0,0,0.00,nan,1,2,1024,nan,4,1,24,1,1,4,4,0,0,0,4137387376,0.04077,0.00610,0.94800,0.94889,-0.00638,-0.00055,-0.00141,0.00656,0.95318,0.00534,0.00656,3,12117,0,6784,0.18250,0.08835,0.48413,99,1,97.897,55,1,2,2602,187491,0,0,0.000,0.750,3.000,0,0.000,0.750,3.000,0,0,0,0,0
PPG,3,103365,4136151552,111,75344,81926,81879.867,46.133,-129.188,0,0,0,0,0.00,nan,1,2,1024,nan,4,1,24,1,1,5,5,0,0,0,4137428846,0.03809,0.00415,0.94434,0.94511,-0.00558,-0.00028,-0.00114,0.00571,0.95242,0.00731,0.00594,3,12130,0,6784,0.18250,0.08835,0.48413,99,1,97.897,55,1,2,4307,187491,0,0,0.000,0.750,3.000,0,0.000,0.750,3.000,0,0,0,0,0
PPG,3,103366,4136191552,116,75344,81929,81880.359,48.641,-109.922,0,0,0,0,0.00,nan,1,2,1024,nan,4,1,24,1,1,6,6,0,0,0,4137467852,0.04102,0.00708,0.95044,0.95135,-0.00558,-0.00055,-0.00167,0.00586,0.95987,0.01475,0.00622,3,12130,0,6784,0.18250,0.08835,0.48413,99,1,97.897,55,1,2,2599,187491,0,0,0.000,0.750,3.000,0,0.000,0.750,3.000,0,0,0,0,0
PPG,3,103367,4136231552,112,75351,81955,81881.109,73.891,-89.961,0,0,0,0,0.00,nan,1,2,1024,nan,4,1,24,1,1,7,7,0,0,0,4137509344,0.04028,0.00708,0.95190,0.95278,-0.00558,-0.00001,-0.00141,0.00576,0.95543,0.00363,0.00609,3,12117,0,6784,0.18250,0.08835,0.48413,99,1,97.897,55,1,2,4314,187491,0,0,0.000,0.750,3.000,0,0.000,0.750,3.000,0,0,0,0,0
PPG,3,103368,4136271552,114,75333,81964,81881.938,82.062,-67.711,0,0,0,0,0.00,nan,1,2,1024,nan,4,1,24,1,1,8,8,0,0,0,4137548236,0.03638,0.00122,0.94800,0.94870,-0.00558,-0.00001,-0.00141,0.00576,0.95426,0.00414,0.00689,3,12139,0,6784,0.18250,0.08835,0.48413,99,1,97.897,55,1,2,4324,187491,0,0,0.000,0.750,3.000,0,0.000,0.750,3.000,0,0,0,0,0
PPG,3,103369,4136311552,509,75336,81979,81882.906,96.094,-45.047,0,0,0,0,0.00,nan,1,2,1024,nan,4,1,24,1,1,9,9,0,0,0,4137587255,0.03589,0.00684,0.95093,0.95163,-0.00479,0.00025,-0.00194,0.00517,0.95425,0.00469,0.00604,3,12139,0,6784,0.11661,0.08159,0.69966,100,1,92.508,88,1,2,2610,187491,0,0,0.000,0.750,3.000,0,0.000,0.750,3.000,0,0,0,0,0
PPG,3,103370,4136351552,157,75353,81996,81884.039,111.961,-25.031,0,0,0,0,0.00,nan,1,2,1024,nan,4,1,24,1,1,10,10,0,0,0,4137629141,0.03662,0.00366,0.94897,0.94969,-0.00558,-0.00135,-0.00061,0.00578,0.95573,0.00604,0.00578,3,12109,0,6784,0.11661,0.08159,0.69966,100,1,92.508,88,1,2,4298,187491,0,0,0.000,0.750,3.000,0,0.000,0.750,3.000,0,0,0,0,0
PPG,3,103371,4136391552,112,75348,82023,81885.430,137.570,-7.320,0,0,0,0,0.00,nan,1,2,1024,nan,4,1,24,1,1,11,11,0,0,0,4137668111,0.03540,0.00366,0.95410,0.95477,-0.00638,-0.00081,-0.00247,0.00689,0.95885,0.00771,0.00689,3,12142,0,6784,0.11661,0.08159,0.69966,100,1,92.508,88,1,2,4298,187491,0,0,0.000,0.750,3.000,0,0.000,0.750,3.000,0,0,0,0,0
PPG,3,103372,4136431552,112,75360,82053,81887.102,165.898,13.773,0,0,0,0,0.00,nan,1,2,1024,nan,4,1,24,1,1,12,12,0,0,0,4137706964,0.03784,0.00830,0.95776,0.95855,-0.00585,-0.00135,-0.00194,0.00631,0.96121,0.00362,0.00633,3,12124,0,6784,0.11661,0.08159,0.69966,100,1,92.508,88,1,2,2602,187491,0,0,0.000,0.750,3.000,0,0.000,0.750,3.000,0,0,0,0,0
PPG,3,103373,4136471552,109,75368,82081,81889.039,191.961,37.836,0,0,0,0,0.00,nan,1,2,1024,nan,4,1,24,1,1,13,13,0,0,0,4137748430,0.03735,0.01196,0.94995,0.95076,-0.00558,0.00052,-0.00087,0.00568,0.95692,0.00428,0.00637,3,12119,0,6784,0.11661,0.08159,0.69966,100,1,92.508,88,1,2,4309,187491,0,0,0.000,0.750,3.000,0,0.000,0.750,3.000,0,0,0,0,0
PPG,3,103374,4136511552,112,75373,82081,81890.961,190.039,59.891,0,0,0,0,0.00,nan,1,2,1024,nan,4,1,24,1,1,14,14,0,0,0,4137787337,0.03833,0.00464,0.94678,0.94756,-0.00638,0.00052,-0.00167,0.00662,0.95191,0.00296,0.00662,3,12115,0,6784,0.11661,0.08159,0.69966,100,1,92.508,88,1,2,2597,187491,0,0,0.000,0.750,3.000,0,0.000,0.750,3.000,0,0,0,0,0
PPG,3,103375,4136551552,110,75366,82083,81892.883,190.117,80.188,0,0,0,0,0.00,nan,1,2,1024,nan,4,1,24,1,1,15,15,0,0,0,4137828828,0.04248,0.00903,0.94922,0.95021,-0.00505,0.00052,-0.00141,0.00527,0.95472,0.00499,0.00642,3,12143,0,6784,0.11661,0.08159,0.69966,100,1,92.508,88,1,2,4319,187491,0,0,0.000,0.750,3.000,0,0.000,0.750,3.000,0,0,0,0,0
PPG,3,103376,4136591552,113,75361,82098,81894.938,203.062,100.586,0,0,0,0,0.00,nan,1,2,1024,nan,4,1,24,1,1,16,16,0,0,0,4137867821,0.03882,0.00488,0.95093,0.95173,-0.00638,-0.00108,-0.00061,0.00650,0.95351,0.00196,0.00674,3,12164,0,6784,0.11661,0.08159,0.69966,100,1,92.508,88,1,2,2608,187491,0,0,0.000,0.750,3.000,0,0.000,0.750,3.000,0,0,0,0,0
PPG,3,103377,4136631552,111,75390,82131,81897.297,233.703,114.172,0,0,0,0,0.00,nan,1,2,1024,nan,4,1,24,1,1,17,17,0,0,0,4137909403,0.04126,0.00562,0.95581,0.95672,-0.00718,-0.00108,-0.00114,0.00735,0.95672,0.00645,0.00735,3,12118,0,6784,0.11661,0.08159,0.69966,100,1,92.508,88,1,2,4301,187491,0,0,0.000,0.750,3.000,0,0.000,0.750,3.000,0,0,0,0,0
PPG,3,103378,4136671552,113,75419,82178,81900.102,277.898,119.758,0,0,0,0,0.00,nan,1,2,1024,nan,4,1,24,1,1,18,18,0,0,0,4137948264,0.03809,0.00464,0.94385,0.94463,-0.00479,-0.00135,-0.00247,0.00555,0.95562,0.01099,0.00619,3,12124,0,6784,0.11661,0.08159,0.69966,100,1,92.508,88,1,2,4314,187491,0,0,0.000,0.750,3.000,0,0.000,0.750,3.000,0,0,0,0,0
PPG,3,103379,4136711552,115,75429,82201,81903.109,297.891,121.508,0,0,0,0,0.00,nan,1,2,1024,nan,4,1,24,1,1,19,19,0,0,0,4137997065,0.04028,0.00659,0.95190,0.95278,-0.00585,-0.00028,-0.00087,0.00592,0.95670,0.01108,0.00676,3,21784,0,6785,0.11661,0.08159,0.69966,100,1,92.508,88,1,2,14737,187491,0,0,0.000,0.750,3.000,0,0.000,0.750,3.000,0,0,0,0,0
PPG,3,103380,4136751552,114,75439,82236,81906.438,329.562,123.750,0,1,0,0,0.00,nan,1,2,1024,nan,4,1,24,1,1,20,20,0,0,0,4138033509,0.04199,0.00610,0.95190,0.95285,-0.00558,-0.00081,-0.00167,0.00589,0.95858,0.00580,0.00654,3,12107,0,6785,0.11661,0.08159,0.69966,100,1,92.508,88,1,2,2589,187491,0,0,0.000,0.750,3.000,0,0.000,0.750,3.000,0,0,0,0,0
PPG,3,103381,4136791552,113,75427,82197,81909.344,287.656,121.969,0,0,0,0,0.00,nan,1,2,1024,nan,4,1,24,1,1,21,21,0,0,0,4138069910,0.03931,0.00659,0.95190,0.95274,-0.00585,-0.00055,-0.00167,0.00611,0.95351,0.00187,0.00652,3,12179,0,6785,0.11661,0.08159,0.69966,100,1,92.508,88,1,2,4305,187491,0,0,0.000,0.750,3.000,0,0.000,0.750,3.000,0,0,0,0,0
PPG,3,103382,4136831552,112,75339,81996,81910.211,85.789,102.141,0,0,0,0,0.00,nan,1,2,1024,nan,4,1,24,1,1,22,22,0,0,0,4138108941,0.03516,0.00977,0.95264,0.95334,-0.00479,0.00052,-0.00007,0.00481,0.95674,0.00913,0.00660,3,12109,0,6785,0.11661,0.08159,0.69966,100,1,92.508,88,1,2,4301,187491,0,0,0.000,0.750,3.000,0,0.000,0.750,3.000,0,0,0,0,0
PPG,3,103383,4136871552,110,75302,81861,81909.719,-48.719,69.586,0,0,0,0,0.00,nan,1,2,1024,nan,4,1,24,1,1,23,23,0,0,0,4138147947,0.04004,0.00415,0.95044,0.95129,-0.00612,-0.00055,-0.00114,0.00625,0.95129,0.00234,0.00625,3,12122,0,6785,0.11661,0.08159,0.69966,100,1,92.508,88,1,2,2595,187491,0,0,0.000,0.750,3.000,0,0.000,0.750,3.000,0,0,0,0,0
PPG,3,103384,4136911552,111,75279,81814,81908.758,-94.758,29.898,0,0,0,0,0.00,nan,1,2,1024,nan,4,1,24,1,1,24,24,0,0,0,4138189759,0.03833,0.00635,0.94971,0.95050,-0.00558,-0.00028,-0.00087,0.00566,0.95519,0.00389,0.00648,3,12202,0,6785,0.11661,0.08159,0.69966,100,1,92.508,88,1,2,4357,187491,0,0,0.000,0.750,3.000,0,0.000,0.750,3.000,0,0,0,0,0
PPG,3,103385,4136951552,119,75277,81807,81907.742,-100.742,-17.148,0,0,0,0,0.00,nan,1,2,1024,nan,4,1,24,1,1,25,25,0,0,0,4138229004,0.03882,0.00391,0.95361,0.95441,-0.00452,-0.00108,-0.00141,0.00485,0.95441,0.00280,0.00570,3,12261,0,6785,0.11661,0.08159,0.69966,100,1,92.508,88,1,2,4339,187491,0,0,0.000,0.750,3.000,0,0.000,0.750,3.000,0,0,0,0,0
PPG,3,103386,4136991552,111,75243,81742,81906.086,-164.086,-73.367,0,0,0,0,0.00,nan,1,2,1024,nan,4,1,24,1,1,26,26,0,0,0,4138268197,0.03784,0.00610,0.95264,0.95341,-0.00638,-0.00081,-0.00141,0.00659,0.95424,0.00221,0.00659,3,12213,0,6785,0.11661,0.08159,0.69966,100,1,92.508,88,1,2,4358,187491,0,0,0.000,0.750,3.000,0,0.000,0.750,3.000,0,0,0,0,0
PPG,3,103387,4137031552,114,75230,81737,81904.398,-167.398,-133.758,0,0,0,0,0.00,nan,1,2,1024,nan,4,1,24,1,1,27,27,0,0,0,4138307471,0.03540,0.00415,0.95386,0.95452,-0.00532,-0.00081,-0.00007,0.00538,0.95452,0.00154,0.00623,3,12252,0,6785,0.11661,0.08159,0.69966,100,1,92.508,88,1,2,2641,187491,0,0,0.000,0.750,3.000,0,0.000,0.750,3.000,0,0,0,0,0
PPG,3,103388,4137071552,111,75226,81746,81902.812,-156.812,-187.289,0,0,0,0,0.00,nan,1,2,1024,nan,4,1,24,1,1,28,28,0,0,0,4138349337,0.04321,0.01025,0.94971,0.95074,-0.00638,-0.00161,-0.00141,0.00673,0.95347,0.00215,0.00673,3,12225,0,6785,0.11661,0.08159,0.69966,100,1,92.508,88,1,2,4330,187491,0,0,0.000,0.750,3.000,0,0.000,0.750,3.000,0,0,0,0,0
PPG,3,103389,4137111552,113,75239,81779,81901.578,-122.578,-208.289,0,0,0,0,0.00,nan,1,2,1024,nan,4,1,24,1,1,29,29,0,0,0,4138388723,0.04053,0.00708,0.94873,0.94962,-0.00718,-0.00028,-0.00194,0.00745,0.95408,0.00445,0.00745,3,12254,0,6785,0.11661,0.08159,0.69966,100,1,92.508,88,1,2,4335,187491,0,0,0.000,0.750,3.000,0,0.000,0.750,3.000,0,0,0,0,0
PPG,3,103390,4137151552,111,75244,81789,81900.453,-111.453,-208.219,0,0,0,0,0.00,nan,1,2,1024,nan,4,1,24,1,1,30,30,0,0,0,4138427922,0.04297,0.00928,0.95508,0.95609,-0.00505,-0.00055,-0.00167,0.00535,0.95811,0.00849,0.00669,3,12214,0,6785,0.11661,0.08159,0.69966,100,1,92.508,88,1,2,2636,187491,0,0,0.000,0.750,3.000,0,0.000,0.750,3.000,0,0,0,0,0
PPG,3,103391,4137191552,175,75249,81821,81899.656,-78.656,-197.117,0,0,0,0,0.00,nan,1,2,1024,nan,4,1,24,1,1,31,31,0,0,0,4138469819,0.04126,0.00391,0.94995,0.95085,-0.00638,-0.00108,-0.00114,0.00657,0.95165,0.00444,0.00690,3,12263,0,6785,0.11661,0.08159,0.69966,100,1,92.508,88,1,2,4352,187491,0,0,0.000,0.750,3.000,0,0.000,0.750,3.000,0,0,0,0,0
PPG,3,103392,4137231552,112,75257,81846,81899.117,-53.117,-181.203,0,0,0,0,0.00,nan,1,2,1024,nan,4,1,24,1,1,0,0,0,0,0,4138509162,0.03809,0.01025,0.94604,0.94687,-0.00585,-0.00028,-0.00141,0.00602,0.95367,0.00680,0.00668,3,12234,0,6785,0.11661,0.08159,0.69966,100,1,92.508,88,1,2,4315,187491,0,0,0.000,0.750,3.000,0,0.000,0.750,3.000,0,0,0,0,0
PPG,3,103393,4137271552,112,75237,81853,81898.656,-45.656,-153.938,0,0,0,0,0.00,nan,1,2,1024,nan,4,1,24,1,1,1,1,0,0,0,4138548327,0.04150,0.00781,0.95581,0.95674,-0.00532,-0.00108,-0.00221,0.00586,0.96087,0.01548,0.00639,3,12238,0,6785,0.11661,0.08159,0.69966,100,1,92.508,88,1,2,4340,187491,0,0,0.000,0.750,3.000,0,0.000,0.750,3.000,0,0,0,0,0
PPG,3,103394,4137311552,501,75267,81890,81898.570,-8.570,-122.539,0,0,0,0,0.00,nan,1,2,1024,99.00,0,1,24,1,1,2,2,0,0,0,4138587670,0.03784,0.00586,0.95264,0.95341,-0.00558,-0.00108,-0.00167,0.00593,0.95726,0.00852,0.00709,3,12283,0,6785,0.14853,0.09308,0.62664,99,1,94.334,83,1,3,2638,187491,0,0,0.000,0.750,3.000,0,0.000,0.750,3.000,0,0,0,0,0
PPG,3,103395,4137351552,173,75257,81909,81898.672,10.328,-90.547,0,0,0,0,0.00,nan,1,2,1024,99.00,0,1,24,1,1,3,3,0,0,0,4138629935,0.03931,0.00562,0.95605,0.95688,-0.00505,-0.00028,-0.00141,0.00525,0.95688,0.00858,0.00679,3,12234,0,6785,0.14853,0.09308,0.62664,99,1,94.334,83,1,3,4331,187491,0,0,0.000,0.750,3.000,0,0.000,0.750,3.000,0,0,0,0,0
PPG,3,103396,4137391552,110,75264,81929,81898.977,30.023,-60.672,0,0,0,0,0.00,nan,1,2,1024,99.00,0,1,24,1,1,4,4,0,0,0,4138669173,0.04077,0.00415,0.94604,0.94693,-0.00558,-0.00081,-0.00087,0.00571,0.95684,0.00991,0.00602,3,12240,0,6785,0.14853,0.09308,0.62664,99,1,94.334,83,1,3,4335,187491,0,0,0.000,0.750,3.000,0,0.000,0.750,3.000,0,0,0,0,0
PPG,3,103397,4137431552,111,75249,81932,81899.305,32.695,-30.289,0,0,0,0,0.00,nan,1,2,1024,99.00,0,1,24,1,1,5,5,0,0,0,4138708414,0.03955,0.00488,0.94897,0.94981,-0.00558,-0.00028,-0.00114,0.00571,0.95660,0.00912,0.00591,3,12241,0,6785,0.14853,0.09308,0.62664,99,1,94.334,83,1,3,4332,187491,0,0,0.000,0.750,3.000,0,0.000,0.750,3.000,0,0,0,0,0
PPG,3,103398,4137471552,110,75253,81939,81899.703,39.297,-1.492,0,0,0,0,0.00,nan,1,2,1024,99.00,0,1,24,1,1,6,6,0,0,0,4138747604,0.04272,0.00781,0.95215,0.95314,-0.00612,-0.00081,-0.00114,0.00628,0.95314,0.00315,0.00665,3,12218,0,6785,0.14853,0.09308,0.62664,99,1,94.334,83,1,3,2631,187491,0,0,0.000,0.750,3.000,0,0.000,0.750,3.000,0,0,0,0,0
PPG,3,103399,4137511552,110,75248,81961,81900.312,60.688,26.938,0,0,0,0,0.00,nan,1,2,1024,99.00,0,1,24,1,1,7,7,0,0,0,4138789443,0.03955,0.00610,0.94678,0.94762,-0.00692,-0.00135,-0.00061,0.00707,0.95180,0.00329,0.00707,3,12235,0,6785,0.14853,0.09308,0.62664,99,1,94.334,83,1,3,4302,187491,0,0,0.000,0.750,3.000,0,0.000,0.750,3.000,0,0,0,0,0
PPG,3,103400,4137551552,111,75262,82002,81901.328,100.672,59.930,0,0,0,0,0.00,nan,1,2,1024,99.00,0,1,24,1,1,8,8,0,0,0,4138828684,0.03955,0.00879,0.95190,0.95277,-0.00558,-0.00241,-0.00114,0.00619,0.95563,0.00801,0.00688,3,12315,0,6785,0.14853,0.09308,0.62664,99,1,94.334,83,1,3,4306,187491,0,0,0.000,0.750,3.000,0,0.000,0.750,3.000,0,0,0,0,0
PPG,3,103401,4137591552,109,75274,82025,81902.562,122.438,87.812,0,0,0,0,0.00,nan,1,2,1024,99.00,0,1,24,1,1,9,9,0,0,0,4138867654,0.03711,0.00562,0.94727,0.94801,-0.00665,-0.00028,-0.00087,0.00671,0.94979,0.00297,0.00693,3,12127,0,6785,0.14853,0.09308,0.62664,99,1,94.334,83,1,3,2599,187491,0,0,0.000,0.750,3.000,0,0.000,0.750,3.000,0,0,0,0,0
PPG,3,103402,4137631552,111,75289,82036,81903.898,132.102,103.961,0,0,0,0,0.00,nan,1,2,1024,99.00,0,1,24,1,1,10,10,0,0,0,4138909381,0.03784,0.00610,0.95459,0.95536,-0.00638,-0.00135,-0.00114,0.00662,0.95536,0.00579,0.00662,3,12167,0,6785,0.14853,0.09308,0.62664,99,1,94.334,83,1,3,4317,187491,0,0,0.000,0.750,3.000,0,0.000,0.750,3.000,0,0,0,0,0
PPG,3,103403,4137671552,110,75306,82076,81905.617,170.383,114.211,0,0,0,0,0.00,nan,1,2,1024,99.00,0,1,24,1,1,11,11,0,0,0,4138948279,0.03784,0.00830,0.94849,0.94928,-0.00585,0.00025,-0.00141,0.00602,0.95546,0.00532,0.00602,3,12119,0,6785,0.14853,0.09308,0.62664,99,1,94.334,83,1,3,2596,187491,0,0,0.000,0.750,3.000,0,0.000,0.750,3.000,0,0,0,0,0
PPG,3,103404,4137711552,115,75306,82085,81907.414,177.586,122.508,0,0,0,0,0.00,nan,1,2,1024,99.00,0,1,24,1,1,12,12,0,0,0,4138999271,0.03906,0.00610,0.94946,0.95029,-0.00558,-0.00055,-0.00034,0.00562,0.95354,0.00349,0.00576,3,21621,0,6786,0.14853,0.09308,0.62664,99,1,94.334,83,1,3,14630,187491,0,0,0.000,0.750,3.000,0,0.000,0.750,3.000,0,0,0,0,0
PPG,3,103405,4137751552,114,75313,82102,81909.359,192.641,131.047,0,0,0,0,0.00,nan,1,2,1024,99.00,0,1,24,1,1,13,13,0,0,0,4139023597,0.04126,0.00903,0.95020,0.95113,-0.00532,-0.00055,-0.00141,0.00553,0.95128,0.00099,0.00553,2,12175,0,6786,0.14853,0.09308,0.62664,99,1,94.334,83,1,3,2596,187491,0,0,0.000,0.750,3.000,0,0.000,0.750,3.000,0,0,0,0,0
PPG,3,103406,4137791552,113,75319,82092,81911.188,180.812,132.258,0,0,0,0,0.00,nan,1,2,1024,99.00,0,1,24,1,1,14,14,0,0,0,4139067725,0.03833,0.00293,0.95410,0.95488,-0.00585,0.00079,-0.00114,0.00601,0.95488,0.00184,0.00614,3,12135,0,6786,0.14853,0.09308,0.62664,99,1,94.334,83,1,3,2605,187491,0,0,0.000,0.750,3.000,0,0.000,0.750,3.000,0,0,0,0,0
PPG,3,103407,4137831552,111,75270,81967,81911.742,55.258,115.758,0,0,0,0,0.00,nan,1,2,1024,99.00,0,1,24,1,1,15,15,0,0,0,4139109385,0.03906,0.00757,0.94995,0.95078,-0.00585,-0.00081,-0.00247,0.00640,0.95216,0.00271,0.00640,3,12126,0,6786,0.14853,0.09308,0.62664,99,1,94.334,83,1,3,4297,187491,0,0,0.000,0.750,3.000,0,0.000,0.750,3.000,0,0,0,0,0
PPG,3,103408,4137871552,113,75235,81800,81910.625,-110.625,80.922,0,1,0,0,0.00,nan,1,2,1024,99.00,0,1,24,1,1,16,16,0,0,0,4139148279,0.03906,0.00488,0.95313,0.95394,-0.00532,0.00052,-0.00141,0.00553,0.95821,0.00743,0.00623,3,12119,0,6786,0.14853,0.09308,0.62664,99,1,94.334,83,1,3,2597,187491,0,0,0.000,0.750,3.000,0,0.000,0.750,3.000,0,0,0,0,0
PPG,3,103409,4137911552,108,75197,81724,81908.758,-184.758,39.102,0,0,0,0,0.00,nan,1,2,1024,99.00,0,1,24,1,1,17,17,0,0,0,4139189796,0.03882,0.00464,0.94995,0.95076,-0.00612,-0.00188,-0.00247,0.00686,0.95939,0.00835,0.00686,3,12147,0,6786,0.14853,0.09308,0.62664,99,1,94.334,83,1,3,4318,187491,0,0,0.000,0.750,3.000,0,0.000,0.750,3.000,0,0,0,0,0
PPG,3,103410,4137951552,110,75172,81710,81906.773,-196.773,-9.242,0,0,0,0,0.00,nan,1,2,1024,99.00,0,1,24,1,1,18,18,0,0,0,4139228739,0.03540,0.00854,0.95508,0.95577,-0.00558,-0.00001,-0.00114,0.00570,0.95577,0.00228,0.00714,3,12131,0,6786,0.14853,0.09308,0.62664,99,1,94.334,83,1,3,4294,187491,0,0,0.000,0.750,3.000,0,0.000,0.750,3.000,0,0,0,0,0
PPG,3,103411,4137991552,108,75188,81722,81904.922,-182.922,-56.141,0,0,0,0,0.00,nan,1,2,1024,99.00,0,1,24,1,1,19,19,0,0,0,4139267641,0.04370,0.00513,0.94946,0.95048,-0.00665,-0.00161,-0.00167,0.00704,0.95423,0.00264,0.00704,3,12127,0,6786,0.14853,0.09308,0.62664,99,1,94.334,83,1,3,2595,187491,0,0,0.000,0.750,3.000,0,0.000,0.750,3.000,0,0,0,0,0
PPG,3,103412,4138031552,110,75204,81754,81903.414,-149.414,-101.258,0,0,0,0,0.00,nan,1,2,1024,99.00,0,1,24,1,1,20,20,0,0,0,4139309190,0.04053,0.00732,0.94775,0.94865,-0.00612,-0.00055,-0.00061,0.00617,0.95388,0.00340,0.00618,3,12128,0,6786,0.14853,0.09308,0.62664,99,1,94.334,83,1,3,4297,187491,0,0,0.000,0.750,3.000,0,0.000,0.750,3.000,0,0,0,0,0
PPG,3,103413,4138071552,108,75218,81814,81902.523,-88.523,-139.023,0,0,0,0,0.00,nan,1,2,1024,99.00,0,1,24,1,1,21,21,0,0,0,4139348087,0.03882,0.00366,0.95239,0.95319,-0.00558,-0.00028,-0.00167,0.00584,0.95319,0.00354,0.00609,3,12124,0,6786,0.14853,0.09308,0.62664,99,1,94.334,83,1,3,2602,187491,0,0,0.000,0.750,3.000,0,0.000,0.750,3.000,0,0,0,0,0
PPG,3,103414,4138111552,110,75231,81829,81901.789,-72.789,-155.688,0,0,0,0,0.00,nan,1,2,1024,99.00,0,1,24,1,1,22,22,0,0,0,4139389605,0.04077,0.00415,0.95532,0.95620,-0.00612,0.00025,-0.00167,0.00635,0.95620,0.00451,0.00674,3,12130,0,6786,0.14853,0.09308,0.62664,99,1,94.334,83,1,3,4334,187491,0,0,0.000,0.750,3.000,0,0.000,0.750,3.000,0,0,0,0,0
PPG,3,103415,4138151552,109,75233,81812,81900.891,-88.891,-149.117,0,0,0,0,0.00,nan,1,2,1024,99.00,0,1,24,1,1,23,23,0,0,0,4139428940,0.03882,0.00317,0.94507,0.94587,-0.00585,-0.00108,-0.00141,0.00611,0.95109,0.00511,0.00617,3,12180,0,6786,0.14853,0.09308,0.62664,99,1,94.334,83,1,3,4301,187491,0,0,0.000,0.750,3.000,0,0.000,0.750,3.000,0,0,0,0,0
PPG,3,103416,4138191552,110,75220,81802,81899.898,-97.898,-131.633,0,0,0,0,0.00,nan,1,2,1024,99.00,0,1,24,1,1,24,24,0,0,0,4139467895,0.04053,0.00684,0.95190,0.95279,-0.00532,-0.00215,-0.00061,0.00577,0.95622,0.00822,0.00657,3,12122,0,6786,0.14853,0.09308,0.62664,99,1,94.334,83,1,3,2594,187491,0,0,0.000,0.750,3.000,0,0.000,0.750,3.000,0,0,0,0,0
PPG,3,103417,4138231552,108,75225,81811,81899.008,-88.008,-111.148,0,0,0,0,0.00,nan,1,2,1024,99.00,0,1,24,1,1,25,25,0,0,0,4139509447,0.03857,0.00269,0.95410,0.95488,-0.00532,-0.00081,-0.00087,0.00545,0.95556,0.00457,0.00628,3,12192,0,6786,0.14853,0.09308,0.62664,99,1,94.334,83,1,3,4300,187491,0,0,0.000,0.750,3.000,0,0.000,0.750,3.000,0,0,0,0,0
PPG,3,103418,4138271552,176,75226,81847,81898.484,-51.484,-88.688,0,0,0,0,0.00,nan,1,2,1024,99.00,0,1,24,1,1,26,26,0,0,0,4139548475,0.03687,0.00073,0.95215,0.95286,-0.00638,-0.00108,-0.00087,0.00653,0.95471,0.00612,0.00653,3,12114,0,6786,0.14853,0.09308,0.62664,99,1,94.334,83,1,3,2620,187491,0,0,0.000,0.750,3.000,0,0.000,0.750,3.000,0,0,0,0,0
PPG,3,103419,4138311552,573,75238,81878,81898.281,-20.281,-66.828,0,0,0,0,0.00,nan,1,2,1024,99.00,0,1,24,1,1,27,27,0,0,0,4139590462,0.03979,0.00488,0.94873,0.94958,-0.00585,-0.00081,-0.00061,0.00594,0.95472,0.00796,0.00656,3,12118,0,6786,0.16091,0.10518,0.65364,99,1,93.659,78,1,3,4366,187491,0,0,0.000,0.750,3.000,0,0.000,0.750,3.000,0,0,0,0,0
PPG,3,103420,4138351552,158,75249,81904,81898.336,5.664,-49.070,0,0,0,0,0.00,nan,1,2,1024,99.00,0,1,24,1,1,28,28,0,0,0,4139630434,0.04028,0.00488,0.94702,0.94789,-0.00558,-0.00108,-0.00087,0.00575,0.95641,0.00902,0.00575,3,12258,0,6786,0.16091,0.10518,0.65364,99,1,93.659,78,1,3,4331,187491,0,0,0.000,0.750,3.000,0,0.000,0.750,3.000,0,0,0,0,0
PPG,3,103421,4138391552,108,75253,81937,81898.719,38.281,-29.242,0,0,0,0,0.00,nan,1,2,1024,99.00,0,1,24,1,1,29,29,0,0,0,4139669781,0.03979,0.00659,0.95605,0.95691,-0.00505,-0.00161,-0.00247,0.00585,0.95691,0.00553,0.00679,3,12268,0,6786,0.16091,0.10518,0.65364,99,1,93.659,78,1,3,4356,187491,0,0,0.000,0.750,3.000,0,0.000,0.750,3.000,0,0,0,0,0
PPG,3,103422,4138431552,122,75264,81953,81899.258,53.742,-4.953,0,0,0,0,0.00,nan,1,2,1024,99.00,0,1,24,1,1,30,30,0,0,0,4139709062,0.04199,0.00513,0.95166,0.95260,-0.00505,-0.00108,-0.00061,0.00520,0.95260,0.00672,0.00611,3,12262,0,6786,0.16091,0.10518,0.65364,99,1,93.659,78,1,3,4365,187491,0,0,0.000,0.750,3.000,0,0.000,0.750,3.000,0,0,0,0,0
PPG,3,103423,4138471552,117,75263,81980,81900.062,79.938,25.281,0,0,0,0,0.00,nan,1,2,1024,99.00,0,1,24,1,1,31,31,0,0,0,4139748377,0.04004,0.00464,0.95288,0.95373,-0.00585,0.00025,-0.00114,0.00597,0.95373,0.00673,0.00597,3,12263,0,6786,0.16091,0.10518,0.65364,99,1,93.659,78,1,3,2628,187491,0,0,0.000,0.750,3.000,0,0.000,0.750,3.000,0,0,0,0,0
PPG,3,103424,4138511552,113,75272,82005,81901.109,103.891,56.992,0,0,0,0,0.00,nan,1,2,1024,99.00,0,1,24,1,1,0,0,0,0,0,4139790313,0.04126,0.00586,0.95630,0.95721,-0.00452,-0.00081,-0.00194,0.00498,0.95721,0.00357,0.00578,3,12254,0,6786,0.16091,0.10518,0.65364,99,1,93.659,78,1,3,4343,187491,0,0,0.000,0.750,3.000,0,0.000,0.750,3.000,0,0,0,0,0
PPG,3,103425,4138551552,109,75279,82037,81902.469,134.531,87.391,0,0,0,0,0.00,nan,1,2,1024,99.00,0,1,24,1,1,1,1,0,0,0,4139829591,0.03613,0.00635,0.95020,0.95090,-0.00585,-0.00028,-0.00167,0.00609,0.95835,0.00744,0.00609,3,12263,0,6786,0.16091,0.10518,0.65364,99,1,93.659,78,1,3,4345,187491,0,0,0.000,0.750,3.000,0,0.000,0.750,3.000,0,0,0,0,0
PPG,3,103426,4138591552,130,75301,82055,81903.992,151.008,114.523,0,0,0,0,0.00,nan,1,2,1024,99.00,0,1,24,1,1,2,2,0,0,0,4139868789,0.03784,0.00586,0.95581,0.95658,-0.00638,-0.00028,-0.00194,0.00668,0.95658,0.00251,0.00668,3,12214,0,6786,0.16091,0.10518,0.65364,99,1,93.659,78,1,3,4355,187491,0,0,0.000,0.750,3.000,0,0.000,0.750,3.000,0,0,0,0,0
PPG,3,103427,4138631552,109,75317,82097,81905.922,191.078,135.594,0,0,0,0,0.00,nan,1,2,1024,99.00,0,1,24,1,1,3,3,0,0,0,4139908136,0.03809,0.00562,0.95142,0.95219,-0.00638,-0.00108,-0.00221,0.00684,0.95254,0.00730,0.00697,3,12291,0,6786,0.16091,0.10518,0.65364,99,1,93.659,78,1,3,2648,187491,0,0,0.000,0.750,3.000,0,0.000,0.750,3.000,0,0,0,0,0
PPG,3,103428,4138671552,121,75341,82130,81908.164,221.836,146.664,0,0,0,0,0.00,nan,1,2,1024,99.00,0,1,24,1,1,4,4,0,0,0,4139949959,0.03809,0.00659,0.94922,0.95001,-0.00612,-0.00161,-0.00141,0.00648,0.95051,0.00439,0.00714,3,12193,0,6786,0.16091,0.10518,0.65364,99,1,93.659,78,1,3,4337,187491,0,0,0.000,0.750,3.000,0,0.000,0.750,3.000,0,0,0,0,0
PPG,3,103429,4138711552,114,75342,82146,81910.539,235.461,153.141,0,0,0,0,0.00,nan,1,2,1024,99.00,0,1,24,1,1,5,5,0,0,0,4140001190,0.04224,0.00317,0.94897,0.94992,-0.00612,0.00185,-0.00141,0.00654,0.94992,0.00262,0.00711,3,24257,0,6787,0.16091,0.10518,0.65364,99,1,93.659,78,1,3,14607,187491,0,0,0.000,0.750,3.000,0,0.000,0.750,3.000,0,0,0,0,0
PPG,3,103430,4138751552,119,75349,82173,81913.164,259.836,157.562,0,0,0,0,0.00,nan,1,2,1024,99.00,0,1,24,1,1,6,7,0,0,0,4140070686,0.03955,0.00122,0.95142,0.95224,-0.00505,0.00105,-0.00194,0.00551,0.95224,0.00232,0.00551,1,69496,0,6792,0.16091,0.10518,0.65364,99,1,93.659,78,1,3,69355,187491,0,0,0.000,0.750,3.000,0,0.000,0.750,3.000,0,0,0,0,0
PPG,3,103431,4138791552,111,75365,82168,81915.711,252.289,158.539,0,1,0,0,0.00,nan,1,2,1024,99.00,0,1,24,1,1,7,7,0,0,0,4140082901,0.03589,0.00781,0.95117,0.95188,-0.00558,0.00105,-0.00221,0.00610,0.95188,0.00036,0.00610,1,12215,0,6792,0.16091,0.10518,0.65364,99,1,93.659,78,1,3,12224,187491,0,0,0.000,0.750,3.000,0,0.000,0.750,3.000,0,0,0,0,0
PPG,3,103432,4138831552,144,75318,82019,81916.742,102.258,142.719,0,0,0,0,0.00,nan,1,2,0,99.00,0,1,24,1,1,8,8,0,0,0,4140107292,0.03979,0.00879,0.95142,0.95229,-0.00558,-0.00001,-0.00167,0.00583,0.95475,0.00287,0.00583,2,12293,0,6792,0.16091,0.10518,0.65364,99,1,93.659,78,1,3,2623,187491,0,0,0.000,63.258,1.711,0,0.000,193.324,1.681,0,0,1,0,0
PPG,3,103433,4138871552,116,75302,81916,81916.734,-0.734,117.758,0,0,0,0,0.00,nan,1,2,0,99.00,0,1,24,1,1,9,9,0,0,0,4140149183,0.04272,0.00244,0.94971,0.95067,-0.00638,-0.00161,-0.00114,0.00668,0.95619,0.00810,0.00701,3,12225,0,6792,0.16091,0.10518,0.65364,99,1,93.659,78,1,3,4334,187491,0,0,0.000,63.258,1.711,0,0.000,193.324,1.681,0,0,1,0,0
PPG,3,103434,4138911552,198,75296,81901,81916.578,-15.578,86.164,0,0,0,0,0.00,nan,1,2,0,99.00,0,1,24,1,1,10,10,0,0,0,4140188390,0.03931,0.00781,0.95166,0.95250,-0.00585,-0.00081,-0.00247,0.00640,0.95250,0.00180,0.00658,3,12230,0,6792,0.16091,0.10518,0.65364,99,1,93.659,78,1,3,2610,187491,0,0,0.000,63.258,1.711,0,0.000,193.324,1.681,0,0,1,0,0
PPG,3,103435,4138951552,115,75311,81918,81916.594,1.406,50.578,0,0,0,0,0.00,nan,1,2,0,99.00,0,1,24,1,1,11,11,0,0,0,4140230384,0.03955,0.00879,0.94824,0.94911,-0.00612,-0.00188,-0.00141,0.00655,0.95546,0.00635,0.00704,3,12155,0,6792,0.16091,0.10518,0.65364,99,1,93.659,78,1,3,4297,187491,0,0,0.000,63.258,1.711,0,0.000,193.324,1.681,0,0,1,0,0
PPG,3,103436,4138991552,117,75307,81951,81916.938,34.062,15.273,0,0,0,0,0.00,nan,1,2,0,99.00,0,1,24,1,1,12,12,0,0,0,4140269435,0.03564,0.00562,0.94775,0.94844,-0.00665,-0.00161,-0.00167,0.00704,0.95351,0.00507,0.00704,3,12122,0,6792,0.16091,0.10518,0.65364,99,1,93.659,78,1,3,4301,187491,0,0,0.000,63.258,1.711,0,0.000,193.324,1.681,0,0,1,0,0
PPG,3,103437,4139031552,119,75319,81990,81917.672,72.328,-19.820,0,0,0,0,0.00,nan,1,2,0,99.00,0,1,24,1,1,13,13,0,0,0,4140308432,0.03979,0.00098,0.95435,0.95518,-0.00585,-0.00161,-0.00194,0.00637,0.95570,0.00726,0.00680,3,12119,0,6792,0.16091,0.10518,0.65364,99,1,93.659,78,1,3,2625,187491,0,0,0.000,63.258,1.711,0,0.000,193.324,1.681,0,0,1,0,0
PPG,3,103438,4139071552,116,75307,82024,81918.734,105.266,-49.242,0,0,0,0,0.00,nan,1,2,0,99.00,0,1,24,1,1,14,14,0,0,0,4140350007,0.03564,0.00659,0.94727,0.94796,-0.00585,-0.00241,-0.00061,0.00636,0.94862,0.00764,0.00656,3,12115,0,6792,0.16091,0.10518,0.65364,99,1,93.659,78,1,3,4295,187491,0,0,0.000,63.258,1.711,0,0.000,193.324,1.681,0,0,1,0,0
PPG,3,103439,4139111552,114,75291,81987,81919.414,67.586,-59.258,0,0,0,0,0.00,nan,1,2,0,99.00,0,1,24,1,1,15,15,0,0,0,4140388905,0.03906,0.00293,0.95459,0.95539,-0.00638,0.00079,-0.00114,0.00653,0.95539,0.00605,0.00653,3,12118,0,6792,0.16091,0.10518,0.65364,99,1,93.659,78,1,3,4297,187491,0,0,0.000,63.258,1.711,0,0.000,193.324,1.681,0,0,1,0,0
PPG,3,103440,4139151552,117,75243,81872,81918.938,-46.938,-63.953,0,0,0,0,0.00,nan,1,2,0,99.00,0,1,24,1,1,16,16,0,0,0,4140427853,0.03784,0.00488,0.95020,0.95096,-0.00532,-0.00081,-0.00167,0.00563,0.95631,0.00618,0.00630,3,12161,0,6792,0.16091,0.10518,0.65364,99,1,93.659,78,1,3,2598,187491,0,0,0.000,63.258,1.711,0,0.000,193.324,1.681,0,0,1,0,0
PPG,3,103441,4139191552,117,75214,81861,81918.359,-57.359,-65.859,0,0,0,0,0.00,nan,1,2,0,99.00,0,1,24,1,1,17,17,0,0,0,4140469479,0.04053,0.00928,0.94531,0.94623,-0.00479,-0.00028,-0.00061,0.00483,0.95169,0.00546,0.00568,3,12142,0,6792,0.16091,0.10518,0.65364,99,1,93.659,78,1,3,4295,187491,0,0,0.000,63.258,1.711,0,0.000,193.324,1.681,0,0,1,0,0
PPG,3,103442,4139231552,118,75204,81868,81917.859,-49.859,-68.758,0,0,0,0,0.00,nan,1,2,0,99.00,0,1,24,1,1,18,18,0,0,0,4140508384,0.04224,0.00317,0.94702,0.94797,-0.00505,-0.00001,-0.00114,0.00518,0.95011,0.00226,0.00586,3,12116,0,6792,0.16091,0.10518,0.65364,99,1,93.659,78,1,3,2597,187491,0,0,0.000,63.258,1.711,0,0.000,193.324,1.681,0,0,1,0,0
PPG,3,103443,4139271552,118,75194,81845,81917.133,-72.133,-77.148,0,0,0,0,0.00,nan,1,2,0,99.00,0,1,24,1,1,19,19,0,0,0,4140550039,0.04248,0.00830,0.95166,0.95264,-0.00452,-0.00081,-0.00034,0.00460,0.95264,0.00405,0.00648,3,12117,0,6792,0.16091,0.10518,0.65364,99,1,93.659,78,1,3,4298,187491,0,0,0.000,63.258,1.711,0,0.000,193.324,1.681,0,0,1,0,0
PPG,3,103444,4139311552,513,75151,81829,81916.250,-87.250,-91.352,0,0,0,0,0.00,nan,1,2,0,99.00,0,1,24,1,1,20,20,0,0,0,4140588925,0.03784,0.00439,0.94971,0.95047,-0.00585,-0.00028,-0.00167,0.00609,0.95451,0.00654,0.00609,3,12114,0,6792,0.15845,0.09229,0.58243,100,1,95.439,93,1,3,2597,187491,0,0,0.000,63.258,1.711,0,0.000,193.324,1.681,0,0,1,0,0
PPG,3,103445,4139351552,164,75169,81850,81915.586,-65.586,-106.859,0,0,0,0,0.00,nan,1,2,0,99.00,0,1,24,1,1,21,21,0,0,0,4140630925,0.04028,0.00879,0.94922,0.95011,-0.00532,-0.00001,-0.00167,0.00557,0.95011,0.00495,0.00597,3,12176,0,6792,0.15845,0.09229,0.58243,100,1,95.439,93,1,3,4305,187491,0,0,0.000,63.258,1.711,0,0.000,193.324,1.681,0,0,1,0,0
PPG,3,103446,4139391552,117,75146,81841,81914.844,-73.844,-117.008,0,0,0,0,0.00,nan,1,2,0,99.00,0,1,24,1,1,22,22,0,0,0,4140669882,0.03735,0.00513,0.95703,0.95777,-0.00665,-0.00081,-0.00087,0.00676,0.95777,0.00612,0.00676,3,12118,0,6792,0.15845,0.09229,0.58243,100,1,95.439,93,1,3,4296,187491,0,0,0.000,63.258,1.711,0,0.000,193.324,1.681,0,0,1,0,0
PPG,3,103447,4139431552,115,75165,81850,81914.195,-64.195,-107.812,0,0,0,0,0.00,nan,1,2,0,99.00,0,1,24,1,1,23,23,0,0,0,4140708778,0.03906,0.00659,0.95337,0.95419,-0.00532,0.00105,-0.00274,0.00607,0.96329,0.01145,0.00702,3,12118,0,6792,0.15845,0.09229,0.58243,100,1,95.439,93,1,3,2596,187491,0,0,0.000,63.258,1.711,0,0.000,193.324,1.681,0,0,1,0,0
PPG,3,103448,4139471552,119,75168,81892,81913.977,-21.977,-91.477,0,0,0,0,0.00,nan,1,2,0,99.00,0,1,24,1,1,24,24,0,0,0,4140750403,0.03906,0.00781,0.95117,0.95201,-0.00612,-0.00055,-0.00141,0.00630,0.95469,0.00222,0.00712,3,12118,0,6792,0.15845,0.09229,0.58243,100,1,95.439,93,1,3,4299,187491,0,0,0.000,63.258,1.711,0,0.000,193.324,1.681,0,0,1,0,0
PPG,3,103449,4139511552,115,75160,81900,81913.836,-13.836,-74.609,0,0,0,0,0.00,nan,1,2,0,99.00,0,1,24,1,1,25,25,0,0,0,4140789340,0.03882,0.00464,0.94946,0.95027,-0.00665,0.00052,-0.00167,0.00688,0.95597,0.00691,0.00688,3,12114,0,6792,0.15845,0.09229,0.58243,100,1,95.439,93,1,3,4301,187491,0,0,0.000,63.258,1.711,0,0.000,193.324,1.681,0,0,1,0,0
PPG,3,103450,4139551552,117,75158,81918,81913.875,4.125,-51.430,0,0,0,0,0.00,nan,1,2,0,99.00,0,1,24,1,1,26,26,0,0,0,4140828272,0.04102,0.00684,0.94995,0.95086,-0.00505,-0.00028,-0.00061,0.00510,0.95212,0.00377,0.00589,3,12139,0,6792,0.15845,0.09229,0.58243,100,1,95.439,93,1,3,2648,187491,0,0,0.000,63.258,1.711,0,0.000,193.324,1.681,0,0,1,0,0
PPG,3,103451,4139591552,116,75174,81954,81914.273,39.727,-22.867,0,0,0,0,0.00,nan,1,2,0,99.00,0,1,24,1,1,27,27,0,0,0,4140869828,0.04175,0.00464,0.95190,0.95283,-0.00505,-0.00081,-0.00007,0.00512,0.95283,0.00151,0.00627,3,12124,0,6792,0.15845,0.09229,0.58243,100,1,95.439,93,1,3,4307,187491,0,0,0.000,63.258,1.711,0,0.000,193.324,1.681,0,0,1,0,0
PPG,3,103452,4139631552,118,75192,81994,81915.070,78.930,-1.047,0,0,0,0,0.00,nan,1,2,0,99.00,0,1,24,1,1,28,28,0,0,0,4140908745,0.04004,0.00122,0.94678,0.94762,-0.00532,0.00025,-0.00141,0.00551,0.95913,0.01151,0.00556,3,12127,0,6792,0.15845,0.09229,0.58243,100,1,95.439,93,1,3,2609,187491,0,0,0.000,63.258,1.711,0,0.000,193.324,1.681,0,0,1,0,0
PPG,3,103453,4139671552,116,75216,82052,81916.438,135.562,22.289,0,0,0,0,0.00,nan,1,2,0,99.00,0,1,24,1,1,29,29,0,0,0,4140950296,0.03955,0.00537,0.95117,0.95201,-0.00558,-0.00055,-0.00114,0.00573,0.95781,0.00923,0.00670,3,12124,0,6792,0.15845,0.09229,0.58243,100,1,95.439,93,1,3,4306,187491,0,0,0.000,63.258,1.711,0,0.000,193.324,1.681,0,0,1,0,0
PPG,3,103454,4139711552,124,75245,82089,81918.164,170.836,47.039,0,0,0,0,0.00,nan,1,2,0,99.00,0,1,24,1,1,30,30,0,0,0,4141001229,0.04346,0.01196,0.94946,0.95053,-0.00558,-0.00001,-0.00167,0.00583,0.95294,0.00258,0.00686,3,24022,0,6793,0.15845,0.09229,0.58243,100,1,95.439,93,1,3,14455,187491,0,0,0.000,63.258,1.711,0,0.000,193.324,1.681,0,0,1,0,0
PPG,3,103455,4139751552,116,75252,82094,81919.922,174.078,67.094,0,0,0,0,0.00,nan,1,2,0,99.00,0,1,24,1,1,31,31,0,0,0,4141025536,0.03760,0.00195,0.95117,0.95192,-0.00585,-0.00001,-0.00167,0.00609,0.95192,0.00417,0.00609,2,12161,0,6793,0.15845,0.09229,0.58243,100,1,95.439,93,1,3,2608,187491,0,0,0.000,63.258,1.711,0,0.000,193.324,1.681,0,0,1,0,0
PPG,3,103456,4139791552,118,75270,82068,81921.406,146.594,85.242,0,0,0,0,0.00,nan,1,2,0,99.00,0,1,24,1,1,0,0,0,0,0,4141069749,0.04199,0.00879,0.95142,0.95238,-0.00665,-0.00055,-0.00167,0.00688,0.95570,0.00332,0.00688,3,12131,0,6793,0.15845,0.09229,0.58243,100,1,95.439,93,1,3,4295,187491,0,0,0.000,63.258,1.711,0,0.000,193.324,1.681,0,0,1,0,0
PPG,3,103457,4139831552,115,75215,81883,81921.023,-38.023,85.594,0,0,0,0,0.00,nan,1,2,0,99.00,0,1,24,1,1,1,1,0,0,0,4141108648,0.04053,0.00415,0.94995,0.95082,-0.00558,0.00025,-0.00061,0.00562,0.95228,0.00086,0.00672,3,12121,0,6793,0.15845,0.09229,0.58243,100,1,95.439,93,1,3,2614,187491,0,0,0.000,63.258,1.711,0,0.000,193.324,1.681,0,0,1,0,0
PPG,3,103458,4139871552,123,75213,81823,81920.047,-97.047,76.930,0,0,0,0,0.00,nan,1,2,0,99.00,0,1,24,1,1,2,2,0,0,0,4141150231,0.03491,0.00708,0.95483,0.95550,-0.00558,-0.00028,-0.00087,0.00566,0.95550,0.00781,0.00591,3,12165,0,6793,0.15845,0.09229,0.58243,100,1,95.439,93,1,3,4295,187491,0,0,0.000,63.258,1.711,0,0.000,193.324,1.681,0,0,1,0,0
PPG,3,103459,4139911552,116,75238,81886,81919.703,-33.703,66.547,0,0,0,0,0.00,nan,1,2,0,99.00,0,1,24,1,1,3,3,0,0,0,4141189136,0.04053,0.00659,0.95166,0.95255,-0.00585,0.00025,-0.00194,0.00617,0.95307,0.00243,0.00693,3,12123,0,6793,0.15845,0.09229,0.58243,100,1,95.439,93,1,3,2604,187491,0,0,0.000,63.258,1.711,0,0.000,193.324,1.681,0,0,1,0,0
PPG,3,103460,4139951552,118,75234,81922,81919.727,2.273,45.477,0,0,0,0,0.00,nan,1,2,0,99.00,0,1,24,1,1,4,4,0,0,0,4141230628,0.03784,0.01099,0.95117,0.95199,-0.00692,-0.00055,-0.00167,0.00714,0.95199,0.00069,0.00714,3,12110,0,6793,0.15845,0.09229,0.58243,100,1,95.439,93,1,3,4296,187491,0,0,0.000,63.258,1.711,0,0.000,193.324,1.681,0,0,1,0,0
PPG,3,103461,4139991552,123,75253,81945,81919.977,25.023,20.711,0,1,0,0,0.00,nan,1,2,0,99.00,0,1,24,1,1,5,5,0,0,0,4141269559,0.04297,0.00732,0.95361,0.95461,-0.00532,-0.00001,-0.00167,0.00557,0.95461,0.00316,0.00617,3,12111,0,6793,0.15845,0.09229,0.58243,100,1,95.439,93,1,3,4294,187491,0,0,0.000,63.258,1.711,0,0.000,193.324,1.681,0,0,1,0,0
PPG,3,103462,4140031552,121,75264,82000,81920.773,79.227,0.680,0,0,0,0,0.00,nan,1,2,0,99.00,0,1,24,1,1,6,6,0,0,0,4141308476,0.03931,0.00415,0.95874,0.95955,-0.00585,-0.00081,-0.00061,0.00594,0.95955,0.00753,0.00654,3,12130,0,6793,0.15845,0.09229,0.58243,100,1,95.439,93,1,3,2603,187491,0,0,0.000,63.258,1.711,0,0.000,193.324,1.681,0,0,1,0,0
PPG,3,103463,4140071552,116,75302,82037,81921.938,115.062,-13.352,0,0,0,0,0.00,nan,1,2,0,99.00,0,1,24,1,1,7,7,0,0,0,4141350090,0.04126,0.00220,0.95166,0.95256,-0.00585,0.00105,-0.00247,0.00644,0.95256,0.01121,0.00683,3,12250,0,6793,0.15845,0.09229,0.58243,100,1,95.439,93,1,3,4299,187491,0,0,0.000,63.258,1.711,0,0.000,193.324,1.681,0,0,1,0,0
PPG,3,103464,4140111552,119,75282,82028,81923.000,105.000,-2.586,0,0,0,0,0.00,nan,1,2,0,99.00,0,1,24,1,1,8,8,0,0,0,4141389240,0.03613,0.00537,0.95410,0.95480,-0.00558,0.00052,-0.00221,0.00603,0.95480,0.00388,0.00609,3,12119,0,6793,0.15845,0.09229,0.58243,100,1,95.439,93,1,3,2649,187491,0,0,0.000,63.258,1.711,0,0.000,193.324,1.681,0,0,1,0,0
PPG,3,103465,4140151552,116,75332,82066,81924.430,141.570,21.328,1,0,0,0,0.00,nan,1,2,0,99.00,0,1,24,1,1,9,9,0,0,0,4141430784,0.03784,0.00708,0.94604,0.94683,-0.00532,-0.00001,-0.00194,0.00566,0.95341,0.00658,0.00656,3,12115,0,6793,0.15845,0.09229,0.58243,100,1,95.439,93,1,3,4308,187491,0,0,0.000,63.258,1.711,0,202.602,193.324,1.681,1,0,1,0,0
PPG,3,103466,4140191552,118,75347,82115,81926.336,188.664,40.344,0,0,0,0,0.00,nan,1,2,0,99.00,0,1,24,1,1,10,10,0,0,0,4141469804,0.03784,0.00781,0.94995,0.95074,-0.00585,-0.00081,-0.00114,0.00602,0.95285,0.00643,0.00646,3,12136,0,6793,0.15845,0.09229,0.58243,100,1,95.439,93,1,3,4382,187491,0,0,0.000,63.258,1.711,0,0.000,193.324,1.681,0,0,1,0,0
PPG,3,103467,4140231552,116,75367,82177,81928.844,248.156,60.422,0,0,0,0,0.00,nan,1,2,0,99.00,0,1,24,1,1,11,11,0,0,0,4141508846,0.03516,0.00684,0.95337,0.95404,-0.00505,-0.00135,-0.00114,0.00535,0.95464,0.00235,0.00637,3,12172,0,6793,0.15845,0.09229,0.58243,100,1,95.439,93,1,3,2635,187491,0,0,0.000,63.258,1.711,0,0.000,193.324,1.681,0,0,1,0,0
PPG,3,103468,4140271552,160,75357,82177,81931.328,245.672,79.312,0,0,1,0,0.00,nan,1,2,0,99.00,0,1,24,1,1,12,12,0,0,0,4141550520,0.03784,0.00244,0.94751,0.94827,-0.00558,0.00052,-0.00167,0.00585,0.95248,0.00921,0.00633,3,12197,0,6793,0.15845,0.09229,0.58243,100,1,95.439,93,1,3,4390,187491,0,0,128.375,63.258,1.711,1,0.000,193.324,1.681,0,1,1,0,1
PPG,3,103469,4140311552,511,75348,82201,81934.023,266.977,92.977,0,0,0,0,0.00,nan,1,2,0,100.00,0,1,24,1,1,13,13,0,0,0,4141590119,0.03809,0.00415,0.95337,0.95414,-0.00585,-0.00028,-0.00194,0.00617,0.95526,0.00699,0.00617,3,12264,0,6793,0.15945,0.08792,0.55140,100,1,96.215,107,1,3,4335,187491,0,0,0.000,63.407,1.760,0,0.000,192.627,1.606,0,0,1,0,1
PPG,3,103470,4140351552,190,75365,82215,81936.836,278.164,103.562,0,0,0,0,0.00,nan,1,2,0,100.00,0,1,24,1,1,14,14,0,0,0,4141629927,0.03857,0.00757,0.94678,0.94759,-0.00612,-0.00135,-0.00141,0.00642,0.95293,0.00487,0.00642,3,12260,0,6793,0.15945,0.08792,0.55140,100,1,96.215,107,1,3,4336,187491,0,0,0.000,60.862,1.841,0,0.000,192.627,1.606,0,0,1,0,1
PPG,3,103471,4140391552,133,75347,82214,81939.609,274.391,117.133,0,0,0,0,0.00,nan,1,2,0,100.00,0,1,24,1,1,15,15,0,0,0,4141669418,0.03931,0.00317,0.94727,0.94809,-0.00558,0.00079,-0.00221,0.00606,0.95433,0.00625,0.00701,3,12294,0,6793,0.15945,0.08792,0.55140,100,1,96.215,107,1,3,4344,187491,0,0,0.000,60.862,1.841,0,0.000,192.627,1.606,0,0,1,0,1
PPG,3,103472,4140431552,139,75353,82234,81942.555,291.445,129.133,0,0,0,0,0.00,nan,1,2,0,100.00,0,1,24,1,1,16,16,0,0,0,4141708702,0.03857,0.00415,0.95557,0.95635,-0.00612,0.00052,-0.00167,0.00636,0.95635,0.00531,0.00676,3,12236,0,6793,0.15945,0.08792,0.55140,100,1,96.215,107,1,3,2658,187491,0,0,0.000,55.793,2.026,0,0.000,192.627,1.606,0,0,1,0,1
PPG,3,103473,4140471552,116,75395,82303,81946.156,356.844,143.438,0,0,0,0,0.00,nan,1,2,0,100.00,0,1,24,1,1,17,17,0,0,0,4141750695,0.03857,0.00562,0.94946,0.95026,-0.00532,0.00079,-0.00141,0.00556,0.95339,0.00800,0.00602,3,12272,0,6793,0.15945,0.08792,0.55140,100,1,96.215,107,1,3,4342,187491,0,0,0.000,55.793,2.026,0,0.000,192.627,1.606,0,0,1,0,1
PPG,3,103474,4140511552,126,75383,82260,81949.297,310.703,146.742,0,0,0,0,0.00,nan,1,2,0,100.00,0,1,24,1,1,18,18,0,0,0,4141790052,0.04150,0.00635,0.95044,0.95137,-0.00612,-0.00055,-0.00247,0.00662,0.95137,0.00287,0.00662,3,12261,0,6793,0.15945,0.08792,0.55140,100,1,96.215,107,1,3,4342,187491,0,0,0.000,55.793,2.026,0,0.000,192.627,1.606,0,0,1,0,1
PPG,3,103475,4140551552,125,75356,82246,81952.266,293.734,149.000,0,0,0,0,0.00,nan,1,2,0,100.00,0,1,24,1,1,19,19,0,0,0,4141829243,0.04028,0.00977,0.95605,0.95695,-0.00505,0.00025,-0.00114,0.00518,0.95695,0.00582,0.00584,3,12204,0,6793,0.15945,0.08792,0.55140,100,1,96.215,107,1,3,2631,187491,0,0,0.000,55.793,2.026,0,0.000,192.627,1.606,0,0,1,0,1
PPG,3,103476,4140591552,135,75315,82207,81954.812,252.188,142.906,0,0,0,0,0.00,nan,1,2,0,100.00,0,1,24,1,1,20,20,0,0,0,4141871229,0.03809,0.00317,0.94409,0.94487,-0.00532,0.00132,-0.00194,0.00581,0.95815,0.01335,0.00581,3,12248,0,6793,0.15945,0.08792,0.55140,100,1,96.215,107,1,3,4327,187491,0,0,0.000,55.793,2.026,0,0.000,190.289,1.627,0,0,1,0,1
PPG,3,103477,4140631552,115,75295,82174,81957.008,216.992,122.500,0,0,0,0,0.00,nan,1,2,0,100.00,0,1,24,1,1,21,21,0,0,0,4141910547,0.03613,0.00708,0.95142,0.95213,-0.00479,0.00265,-0.00141,0.00565,0.95341,0.00554,0.00565,3,12192,0,6793,0.15945,0.08792,0.55140,100,1,96.215,107,1,3,4344,187491,0,0,0.000,55.793,2.026,0,0.000,190.289,1.627,0,0,1,0,1
PPG,3,103478,4140671552,119,75300,82164,81959.078,204.922,98.312,0,0,0,0,0.00,nan,1,2,0,100.00,0,1,24,1,1,22,22,0,0,0,4141949803,0.03760,0.00439,0.95337,0.95412,-0.00372,0.00292,-0.00221,0.00522,0.95434,0.00681,0.00628,3,12246,0,6793,0.15945,0.08792,0.55140,100,1,96.215,107,1,3,4356,187491,0,0,0.000,55.793,2.026,0,0.000,190.289,1.627,0,0,1,0,1
PPG,3,103479,4140711552,123,75252,82065,81960.141,104.859,65.211,0,0,0,0,0.00,nan,1,2,0,100.00,0,1,24,1,1,23,23,0,0,0,4142001111,0.03564,0.00562,0.94971,0.95039,-0.00425,0.00372,-0.00247,0.00616,0.95812,0.01017,0.00616,3,24236,0,6794,0.15945,0.08792,0.55140,100,1,96.215,107,1,3,14588,187491,0,0,0.000,55.793,2.026,0,0.000,190.289,1.627,0,0,1,0,1
PPG,3,103480,4140751552,119,75210,81902,81959.562,-57.562,8.930,0,0,0,0,0.00,nan,1,2,0,100.00,0,1,24,1,1,24,24,0,0,0,4142025563,0.03638,0.00879,0.95630,0.95703,-0.00532,0.00238,-0.00034,0.00584,0.95703,0.00486,0.00584,2,12287,0,6794,0.15945,0.08792,0.55140,100,1,96.215,107,1,3,2616,187491,0,0,0.000,55.793,2.026,0,0.000,190.289,1.627,0,0,1,0,1
PPG,3,103481,4140791552,118,75135,81780,81957.766,-177.766,-51.391,0,0,0,0,0.00,nan,1,2,0,100.00,0,1,24,1,1,25,25,0,0,0,4142070155,0.04199,0.00830,0.94922,0.95018,-0.00585,-0.00135,-0.00141,0.00617,0.95743,0.00724,0.00617,3,12255,0,6795,0.15945,0.08792,0.55140,100,1,96.215,107,1,3,4333,187491,0,0,0.000,55.793,2.026,0,0.000,190.289,1.627,0,0,1,0,1
PPG,3,103482,4140831552,125,75113,81773,81955.922,-182.922,-107.609,0,0,0,0,0.00,nan,1,2,0,100.00,0,1,24,1,1,26,26,0,0,0,4142109392,0.03833,0.00879,0.95825,0.95906,-0.00585,-0.00108,-0.00247,0.00644,0.95906,0.00683,0.00672,3,12240,0,6795,0.15945,0.08792,0.55140,100,1,96.215,107,1,3,2623,187491,0,0,0.000,55.793,2.026,0,0.000,190.289,1.627,0,0,1,0,1
PPG,3,103483,4140871552,116,75082,81757,81953.930,-196.930,-157.898,0,0,0,0,0.00,nan,1,2,0,100.00,0,1,24,1,1,27,27,0,0,0,4142151185,0.03857,0.00708,0.95215,0.95296,-0.00665,-0.00081,-0.00221,0.00705,0.95296,0.00652,0.00730,3,12215,0,6795,0.15945,0.08792,0.55140,100,1,96.215,107,1,3,4316,187491,0,0,0.000,55.793,2.026,0,0.000,190.289,1.627,0,0,1,0,1
PPG,3,103484,4140911552,153,75045,81730,81951.688,-221.688,-206.430,0,0,0,0,0.00,nan,1,2,0,100.00,0,1,24,1,1,28,28,0,0,0,4142190314,0.03589,0.00806,0.95337,0.95408,-0.00612,0.00025,-0.00114,0.00623,0.95462,0.00687,0.00631,3,12138,0,6795,0.15945,0.08792,0.55140,100,1,96.215,107,1,3,4342,187491,0,0,0.000,55.793,2.026,0,0.000,190.289,1.627,0,0,1,0,1
PPG,3,103485,4140951552,117,75028,81726,81949.430,-223.430,-252.000,0,0,0,0,0.00,nan,1,2,0,100.00,0,1,24,1,1,29,29,0,0,0,4142229544,0.03662,0.00488,0.95288,0.95360,-0.00638,-0.00028,-0.00274,0.00695,0.95360,0.00829,0.00726,3,12111,0,6795,0.15945,0.08792,0.55140,100,1,96.215,107,1,3,2603,187491,0,0,0.000,55.793,2.026,0,0.000,190.289,1.627,0,0,1,0,1
PPG,3,103486,4140991552,119,75043,81729,81947.227,-218.227,-280.703,0,0,0,0,0.00,nan,1,2,0,100.00,0,1,24,1,1,30,30,0,0,0,4142271107,0.03882,0.00464,0.95459,0.95539,-0.00638,-0.00055,-0.00061,0.00644,0.95691,0.00183,0.00644,3,12143,0,6795,0.15945,0.08792,0.55140,100,1,96.215,107,1,3,4300,187491,0,0,0.000,55.793,2.026,0,0.000,190.289,1.627,0,0,1,0,1
PPG,3,103487,4141031552,115,75005,81679,81944.547,-265.547,-287.656,0,0,0,0,0.00,nan,1,2,0,100.00,0,1,24,1,1,31,31,0,0,0,4142309997,0.03833,0.00806,0.95850,0.95930,-0.00612,0.00105,-0.00194,0.00650,0.95930,0.00920,0.00650,3,12110,0,6795,0.15945,0.08792,0.55140,100,1,96.215,107,1,3,4298,187491,0,0,0.000,55.793,2.026,0,0.000,190.289,1.627,0,0,1,0,1
PPG,3,103488,4141071552,115,74969,81641,81941.508,-300.508,-280.711,0,0,0,0,0.00,nan,1,2,0,100.00,0,1,24,1,1,0,0,0,0,0,4142348902,0.03687,0.00806,0.95215,0.95290,-0.00612,-0.00161,-0.00274,0.00689,0.95290,0.00806,0.00689,3,12121,0,6795,0.15945,0.08792,0.55140,100,1,96.215,107,1,3,2597,187491,0,0,0.000,55.793,2.026,0,0.000,190.289,1.627,0,0,1,0,1
PPG,3,103489,4141111552,115,74980,81665,81938.742,-273.742,-269.344,0,0,0,0,0.00,nan,1,2,0,100.00,0,1,24,1,1,1,1,0,0,0,4142390423,0.03735,0.00562,0.95117,0.95192,-0.00612,-0.00081,-0.00114,0.00628,0.95476,0.00284,0.00628,3,12121,0,6795,0.15945,0.08792,0.55140,100,1,96.215,107,1,3,4299,187491,0,0,0.000,55.793,2.026,0,0.000,190.289,1.627,0,0,1,0,1
PPG,3,103490,4141151552,115,74977,81683,81936.188,-253.188,-253.312,0,0,0,0,0.00,nan,1,2,0,100.00,0,1,24,1,1,2,2,0,0,0,4142429344,0.03882,0.00684,0.94287,0.94369,-0.00585,-0.00028,-0.00221,0.00626,0.94623,0.00571,0.00626,3,12113,0,6795,0.15945,0.08792,0.55140,100,1,96.215,107,1,3,2609,187491,0,0,0.000,55.793,2.026,0,0.000,190.289,1.627,0,0,1,0,1
PPG,3,103491,4141191552,118,74966,81658,81933.406,-275.406,-235.797,0,0,0,0,0.00,nan,1,2,0,100.00,0,1,24,1,1,3,3,0,0,0,4142471004,0.03833,0.00830,0.95459,0.95540,-0.00532,-0.00081,-0.00194,0.00572,0.95540,0.01002,0.00583,3,12176,0,6795,0.15945,0.08792,0.55140,100,1,96.215,107,1,3,4302,187491,0,0,0.000,55.793,2.026,0,0.000,190.289,1.627,0,0,1,0,1
PPG,3,103492,4141231552,117,74963,81666,81930.734,-264.734,-215.969,0,0,0,0,0.00,nan,1,2,0,100.00,0,1,24,1,1,4,4,0,0,0,4142509905,0.03735,0.01025,0.95117,0.95196,-0.00558,0.00132,-0.00114,0.00585,0.95196,0.00449,0.00673,3,12117,0,6795,0.15945,0.08792,0.55140,100,1,96.215,107,1,3,4299,187491,0,0,0.000,55.793,2.026,0,0.000,190.289,1.627,0,0,1,0,1
PPG,3,103493,4141271552,117,74995,81704,81928.469,-224.469,-189.594,0,0,0,0,0.00,nan,1,2,0,100.00,0,1,24,1,1,5,5,0,0,0,4142548808,0.03564,0.00659,0.94922,0.94991,-0.00558,-0.00001,-0.00114,0.00570,0.95130,0.00618,0.00621,3,12119,0,6795,0.15945,0.08792,0.55140,100,1,96.215,107,1,3,2597,187491,0,0,0.000,55.793,2.026,0,0.000,190.289,1.627,0,0,1,0,1
PPG,3,103494,4141311552,511,75043,81818,81927.367,-109.367,-147.641,0,0,0,0,0.00,nan,1,2,0,100.00,0,1,24,1,1,6,6,0,0,0,4142590423,0.03247,0.00586,0.94873,0.94930,-0.00638,-0.00081,-0.00167,0.00665,0.95501,0.00719,0.00688,3,12123,0,6795,0.19584,0.13674,0.69825,100,1,92.544,75,1,3,4299,187491,0,0,0.000,55.793,2.026,0,0.000,190.289,1.627,0,0,1,0,1
PPG,3,103495,4141351552,167,75062,81866,81926.750,-60.750,-96.492,0,0,0,0,0.00,nan,1,2,0,100.00,0,1,24,1,1,7,7,0,0,0,4142629776,0.03931,0.01147,0.94775,0.94864,-0.00558,0.00025,-0.00167,0.00583,0.95348,0.00567,0.00647,3,12128,0,6795,0.19584,0.13674,0.69825,100,1,92.544,75,1,3,4317,187491,0,0,0.000,55.793,2.026,0,0.000,190.289,1.627,0,0,1,0,1
PPG,3,103496,4141391552,167,75074,81856,81926.039,-70.039,-51.656,0,0,0,0,0.00,nan,1,2,0,100.00,0,1,24,1,1,8,8,0,0,0,4142668778,0.03687,0.00513,0.95117,0.95190,-0.00505,0.00025,-0.00167,0.00533,0.95371,0.00507,0.00654,3,12131,0,6795,0.19584,0.13674,0.69825,100,1,92.544,75,1,3,2598,187491,0,0,0.000,55.793,2.026,0,0.000,190.289,1.627,0,0,1,0,1
PPG,3,103497,4141431552,117,75060,81844,81925.219,-81.219,-12.156,0,0,0,0,0.00,nan,1,2,0,100.00,0,1,24,1,1,9,9,0,0,0,4142710793,0.03564,0.00635,0.95020,0.95088,-0.00585,-0.00081,-0.00141,0.00607,0.95212,0.00765,0.00619,3,12111,0,6795,0.19584,0.13674,0.69825,100,1,92.544,75,1,3,4308,187491,0,0,0.000,55.793,2.026,0,0.000,190.289,1.627,0,0,1,0,1
PPG,3,103498,4141471552,117,75056,81852,81924.484,-72.484,31.156,0,0,0,0,0.00,nan,1,2,0,100.00,0,1,24,1,1,10,10,0,0,0,4142749827,0.04126,0.00562,0.95288,0.95379,-0.00692,0.00025,-0.00061,0.00695,0.95384,0.00184,0.00695,3,12116,0,6795,0.19584,0.13674,0.69825,100,1,92.544,75,1,3,4307,187491,0,0,0.000,55.793,2.026,0,0.000,190.289,1.627,0,0,1,0,1
PPG,3,103499,4141511552,150,75089,81901,81924.250,-23.250,72.930,0,0,0,0,0.00,nan,1,2,0,100.00,0,1,24,1,1,11,11,0,0,0,4142788800,0.03394,0.00439,0.95093,0.95154,-0.00505,-0.00028,-0.00194,0.00542,0.95853,0.00619,0.00745,3,12169,0,6795,0.19584,0.13674,0.69825,100,1,92.544,75,1,3,2595,187491,0,0,0.000,55.793,2.026,0,0.000,190.289,1.627,0,0,1,0,1
PPG,3,103500,4141551552,116,75081,81838,81923.391,-85.391,95.273,0,0,0,0,0.00,nan,1,2,0,100.00,0,1,24,1,1,12,12,0,0,0,4142830414,0.03369,0.00415,0.95435,0.95495,-0.00638,-0.00135,-0.00141,0.00667,0.95495,0.00740,0.00667,3,12135,0,6795,0.19584,0.13674,0.69825,100,1,92.544,75,1,3,4365,187491,0,0,0.000,55.793,2.026,0,0.000,190.289,1.627,0,0,1,0,1
PPG,3,103501,4141591552,122,74977,81597,81920.125,-323.125,72.852,0,0,0,0,0.00,nan,1,2,0,100.00,0,1,24,1,1,13,13,0,0,0,4142869543,0.04126,0.00684,0.95898,0.95990,-0.00532,-0.00081,-0.00114,0.00550,0.95990,0.00846,0.00623,3,12209,0,6795,0.19584,0.13674,0.69825,100,1,92.544,75,1,3,2665,187491,0,0,0.000,55.793,2.026,0,0.000,190.289,1.627,0,0,1,0,1
PPG,3,103502,4141631552,117,74869,81375,81914.672,-539.672,22.609,0,0,0,0,0.00,nan,1,2,0,100.00,0,1,24,1,1,14,14,0,0,0,4142911664,0.03540,0.00562,0.95166,0.95233,-0.00612,-0.00108,-0.00194,0.00651,0.95351,0.00638,0.00724,3,12264,0,6795,0.19584,0.13674,0.69825,100,1,92.544,75,1,3,4334,187491,0,0,0.000,55.793,2.026,0,0.000,190.289,1.627,0,0,1,0,1
PPG,3,103503,4141671552,117,74817,81288,81908.406,-620.406,-35.086,0,0,0,0,0.00,nan,1,2,0,100.00,0,1,24,1,1,15,15,0,0,0,4142950948,0.03613,0.00488,0.95020,0.95089,-0.00532,-0.00028,-0.00167,0.00558,0.95614,0.00552,0.00654,3,12248,0,6795,0.19584,0.13674,0.69825,100,1,92.544,75,1,3,4332,187491,0,0,0.000,55.793,2.026,0,0.000,190.289,1.627,0,0,1,0,1
PPG,3,103504,4141711552,125,74828,81266,81901.984,-635.984,-94.461,0,0,0,0,0.00,nan,1,2,0,100.00,0,1,24,1,1,16,16,0,0,0,4143002381,0.03540,0.00537,0.95776,0.95843,-0.00505,0.00025,-0.00087,0.00513,0.95843,0.00622,0.00592,3,24441,0,6796,0.19584,0.13674,0.69825,100,1,92.544,75,1,3,14768,187491,0,0,0.000,55.793,2.026,0,0.000,190.289,1.627,0,0,1,0,1
PPG,3,103505,4141751552,122,74827,81265,81895.617,-630.617,-155.258,0,0,0,0,0.00,nan,1,2,0,100.00,0,1,24,1,1,17,17,0,0,0,4143026911,0.04028,0.00464,0.95166,0.95252,-0.00558,-0.00135,-0.00141,0.00591,0.95252,0.00916,0.00591,2,12320,0,6796,0.19584,0.13674,0.69825,100,1,92.544,75,1,3,2623,187491,0,0,0.000,55.793,2.026,0,0.000,190.289,1.627,0,0,1,0,1
PPG,3,103506,4141791552,171,74862,81352,81890.180,-538.180,-214.844,0,0,0,0,0.00,nan,1,2,0,100.00,0,1,24,1,1,18,18,0,0,0,4143071472,0.03467,0.01001,0.95386,0.95454,-0.00532,-0.00108,-0.00087,0.00550,0.95459,0.00458,0.00639,3,12243,0,6797,0.19584,0.13674,0.69825,100,1,92.544,75,1,3,4333,187491,0,0,0.000,55.793,2.026,0,0.000,190.289,1.627,0,0,1,0,1
PPG,3,103507,4141831552,123,74928,81472,81886.000,-414.000,-256.781,0,0,0,0,0.00,nan,1,2,0,100.00,0,1,24,1,1,19,19,0,0,0,4143110926,0.03418,0.01147,0.94727,0.94795,-0.00612,-0.00001,-0.00167,0.00634,0.95499,0.00498,0.00739,3,12258,0,6797,0.19584,0.13674,0.69825,100,1,92.544,75,1,3,4345,187491,0,0,0.000,55.793,2.026,0,0.000,190.289,1.627,0,0,1,0,1
PPG,3,103508,4141871552,142,74956,81541,81882.547,-341.547,-259.781,1,0,1,0,0.00,nan,1,2,0,100.00,0,1,24,1,1,20,20,0,0,0,4143150198,0.03833,0.00464,0.95313,0.95391,-0.00585,-0.00081,-0.00114,0.00602,0.95391,0.00305,0.00620,3,12227,0,6797,0.19584,0.13674,0.69825,100,1,92.544,75,1,3,4330,187491,0,0,204.969,55.793,2.026,1,382.930,190.289,1.627,1,1,1,0,1
PPG,3,103509,4141911552,128,74955,81546,81879.180,-333.180,-229.398,0,0,0,0,0.00,nan,1,2,0,100.00,0,1,24,1,1,21,21,0,0,0,4143189608,0.03638,0.00562,0.95142,0.95213,-0.00585,-0.00055,-0.00087,0.00594,0.95568,0.00543,0.00594,3,12299,0,6797,0.19584,0.13674,0.69825,100,1,92.544,75,1,3,2634,187491,0,0,0.000,56.402,2.255,0,0.000,190.805,1.683,0,0,1,0,1
PPG,3,103510,4141951552,119,74920,81522,81875.609,-353.609,-187.922,0,0,0,0,0.00,nan,1,2,0,100.00,0,1,24,1,1,22,22,0,0,0,4143231471,0.03784,0.00317,0.95581,0.95656,-0.00612,-0.00081,-0.00247,0.00665,0.95656,0.00705,0.00676,3,12231,0,6797,0.19584,0.13674,0.69825,100,1,92.544,75,1,3,4326,187491,0,0,0.000,56.402,2.255,0,0.000,190.805,1.683,0,0,1,0,1
PPG,3,103511,4141991552,117,74949,81568,81872.531,-304.531,-140.281,0,0,0,0,0.00,nan,1,2,0,100.00,0,1,24,1,1,23,23,0,0,0,4143270696,0.03735,0.00244,0.95630,0.95703,-0.00638,0.00025,-0.00141,0.00654,0.95703,0.00483,0.00678,3,12234,0,6797,0.19584,0.13674,0.69825,100,1,92.544,75,1,3,4326,187491,0,0,0.000,56.402,2.255,0,0.000,190.805,1.683,0,0,1,0,1
PPG,3,103512,4142031552,119,74960,81625,81870.055,-245.055,-86.797,0,0,0,0,0.00,nan,1,2,0,100.00,0,1,24,1,1,24,24,0,0,0,4143309927,0.03589,0.00903,0.95605,0.95677,-0.00558,0.00079,-0.00221,0.00606,0.95677,0.01014,0.00617,3,12232,0,6797,0.19584,0.13674,0.69825,100,1,92.544,75,1,3,2629,187491,0,0,0.000,56.402,2.255,0,0.000,190.805,1.683,0,0,1,0,1
PPG,3,103513,4142071552,117,74998,81683,81868.188,-185.188,-38.461,0,0,0,0,0.00,nan,1,2,0,100.00,0,1,24,1,1,25,25,0,0,0,4143351740,0.03662,0.00537,0.95361,0.95433,-0.00532,0.00079,-0.00221,0.00581,0.95433,0.00908,0.00581,3,12209,0,6797,0.19584,0.13674,0.69825,100,1,92.544,75,1,3,4328,187491,0,0,0.000,56.402,2.255,0,0.000,190.805,1.683,0,0,1,0,1
PPG,3,103514,4142111552,119,75027,81743,81866.938,-123.938,4.000,0,0,0,0,0.00,nan,1,2,0,100.00,0,1,24,1,1,26,26,0,0,0,4143391076,0.03906,0.00757,0.95215,0.95298,-0.00479,-0.00055,-0.00194,0.00519,0.95434,0.00217,0.00560,3,12274,0,6797,0.19584,0.13674,0.69825,100,1,92.544,75,1,3,4354,187491,0,0,0.000,56.402,2.255,0,0.000,190.805,1.683,0,0,1,0,1
PPG,3,103515,4142151552,115,75081,81807,81866.336,-59.336,44.953,0,0,0,0,0.00,nan,1,2,0,100.00,0,1,24,1,1,27,27,0,0,0,4143430416,0.03516,0.00903,0.95337,0.95406,-0.00585,0.00079,-0.00141,0.00607,0.95406,0.00210,0.00756,3,12247,0,6797,0.19584,0.13674,0.69825,100,1,92.544,75,1,3,4332,187491,0,0,0.000,56.402,2.255,0,0.000,190.805,1.683,0,0,1,0,1
PPG,3,103516,4142191552,118,75105,81855,81866.219,-11.219,89.141,0,0,0,0,0.00,nan,1,2,0,100.00,0,1,24,1,1,28,28,0,0,0,4143469597,0.03662,0.00537,0.95410,0.95482,-0.00558,-0.00135,-0.00194,0.00606,0.95494,0.00295,0.00606,3,12206,0,6797,0.19584,0.13674,0.69825,100,1,92.544,75,1,3,2613,187491,0,0,0.000,56.402,2.255,0,0.000,190.805,1.683,0,0,1,0,1
PPG,3,103517,4142231552,116,75118,81894,81866.500,27.500,139.789,0,0,0,0,0.00,nan,1,2,0,100.00,0,1,24,1,1,29,29,0,0,0,4143511345,0.03931,0.00366,0.95508,0.95589,-0.00425,-0.00028,-0.00034,0.00427,0.95602,0.00487,0.00632,3,12183,0,6797,0.19584,0.13674,0.69825,100,1,92.544,75,1,3,4361,187491,0,0,0.000,56.402,2.255,0,0.000,190.805,1.683,0,0,1,0,1
PPG,3,103518,4142271552,118,75115,81903,81866.867,36.133,185.094,0,0,0,0,0.00,nan,1,2,0,100.00,0,1,24,1,1,30,30,0,0,0,4143550407,0.03638,0.00391,0.94751,0.94822,-0.00612,-0.00108,-0.00274,0.00679,0.95249,0.00490,0.00679,3,12150,0,6797,0.19584,0.13674,0.69825,100,1,92.544,75,1,3,4296,187491,0,0,0.000,56.402,2.255,0,0.000,190.805,1.683,0,0,1,0,1
PPG,3,103519,4142311552,513,75094,81892,81867.117,24.883,223.688,0,0,0,0,0.00,nan,1,2,0,100.00,0,1,24,1,1,31,31,0,0,0,4143589313,0.04004,0.00684,0.95044,0.95131,-0.00558,-0.00001,-0.00194,0.00591,0.95819,0.00998,0.00602,3,12112,0,6797,0.27671,0.20088,0.72595,96,1,91.851,62,1,3,2626,187491,0,0,0.000,56.402,2.255,0,0.000,190.805,1.683,0,0,1,0,1
PPG,3,103520,4142351552,167,75105,81903,81867.477,35.523,251.859,0,0,0,0,0.00,nan,1,2,0,100.00,0,1,24,1,1,0,0,0,0,0,4143631376,0.03418,0.00830,0.95288,0.95353,-0.00638,-0.00081,-0.00061,0.00646,0.95353,0.00526,0.00669,3,12119,0,6797,0.27671,0.20088,0.72595,96,1,91.851,62,1,3,4297,187491,0,0,0.000,56.402,2.255,0,0.000,190.805,1.683,0,0,1,0,1
PPG,3,103521,4142391552,115,75080,81865,81867.453,-2.453,255.891,0,0,0,0,0.00,nan,1,2,0,100.00,0,1,24,1,1,1,1,0,0,0,4143670372,0.03857,0.00464,0.94995,0.95075,-0.00585,-0.00108,-0.00274,0.00655,0.95390,0.00599,0.00688,3,12124,0,6797,0.27671,0.20088,0.72595,96,1,91.851,62,1,3,4303,187491,0,0,0.000,56.402,2.255,0,0.000,190.805,1.683,0,0,1,0,1
PPG,3,103522,4142431552,123,74992,81642,81865.195,-223.195,218.969,0,0,0,0,0.00,nan,1,2,0,100.00,0,1,24,1,1,2,2,0,0,0,4143709329,0.03882,0.00562,0.94849,0.94930,-0.00585,-0.00108,-0.00327,0.00679,0.95268,0.00338,0.00679,3,12145,0,6797,0.27671,0.20088,0.72595,96,1,91.851,62,1,3,2607,187491,0,0,0.000,56.402,2.255,0,0.000,190.805,1.683,0,0,1,0,1
PPG,3,103523,4142471552,116,74936,81469,81861.234,-392.234,154.781,0,0,0,0,0.00,nan,1,2,0,100.00,0,1,24,1,1,3,3,0,0,0,4143750871,0.03931,0.00928,0.95386,0.95471,-0.00612,-0.00001,-0.00221,0.00650,0.95471,0.00286,0.00650,3,12125,0,6797,0.27671,0.20088,0.72595,96,1,91.851,62,1,3,4298,187491,0,0,0.000,56.402,2.255,0,0.000,190.805,1.683,0,0,1,0,1
PPG,3,103524,4142511552,118,74926,81438,81857.000,-419.000,81.039,0,0,0,0,0.00,nan,1,2,0,100.00,0,1,24,1,1,4,4,0,0,0,4143789768,0.03467,0.00488,0.95313,0.95377,-0.00612,-0.00081,-0.00114,0.00628,0.95377,0.00688,0.00628,3,12121,0,6797,0.27671,0.20088,0.72595,96,1,91.851,62,1,3,2613,187491,0,0,0.000,56.402,2.255,0,0.000,190.805,1.683,0,0,1,0,1
PPG,3,103525,4142551552,118,74942,81435,81852.781,-417.781,5.680,0,1,0,0,0.00,nan,1,2,0,100.00,0,1,24,1,1,5,5,0,0,0,4143831306,0.04175,0.00562,0.95142,0.95235,-0.00718,-0.00081,-0.00167,0.00742,0.95235,0.00629,0.00742,3,12122,0,6797,0.27671,0.20088,0.72595,96,1,91.851,62,1,3,4308,187491,0,0,0.000,56.402,2.255,0,0.000,190.805,1.683,0,0,1,0,1
PPG,3,103526,4142591552,118,74937,81432,81848.570,-416.570,-64.039,0,0,0,0,0.00,nan,1,2,0,100.00,0,1,24,1,1,6,6,0,0,0,4143870249,0.03809,0.00464,0.95410,0.95487,-0.00612,-0.00108,-0.00141,0.00637,0.95487,0.00233,0.00637,3,12133,0,6797,0.27671,0.20088,0.72595,96,1,91.851,62,1,3,2601,187491,0,0,0.000,56.402,2.255,0,0.000,190.805,1.683,0,0,1,0,1
PPG,3,103527,4142631552,116,74960,81464,81844.727,-380.727,-126.352,0,0,0,0,0.00,nan,1,2,0,100.00,0,1,24,1,1,7,7,0,0,0,4143911805,0.03760,0.00977,0.95435,0.95514,-0.00505,0.00025,-0.00247,0.00563,0.95514,0.00527,0.00635,3,12157,0,6797,0.27671,0.20088,0.72595,96,1,91.851,62,1,3,4314,187491,0,0,0.000,56.402,2.255,0,0.000,190.805,1.683,0,0,1,0,1
PPG,3,103528,4142671552,118,74980,81492,81841.203,-349.203,-177.188,0,0,0,0,0.00,nan,1,2,0,100.00,0,1,24,1,1,8,8,0,0,0,4143950746,0.03906,0.00342,0.95435,0.95515,-0.00585,-0.00081,-0.00221,0.00631,0.95788,0.00793,0.00660,3,12131,0,6797,0.27671,0.20088,0.72595,96,1,91.851,62,1,3,4295,187491,0,0,0.000,56.402,2.255,0,0.000,190.805,1.683,0,0,1,0,1
PPG,3,103529,4142711552,211,74951,81458,81837.375,-379.375,-199.070,1,0,1,840,71.43,71.43,2,1,0,100.00,0,1,24,1,1,9,9,0,0,0,4144001755,0.03613,0.00391,0.95044,0.95113,-0.00638,-0.00135,-0.00034,0.00653,0.95597,0.00590,0.00654,3,24147,0,6798,0.27671,0.20088,0.72595,96,1,91.851,62,1,3,14544,187491,0,0,220.938,56.402,2.255,1,515.672,190.805,1.683,1,1,1,0,2
PPG,3,103530,4142751552,124,74938,81414,81833.141,-419.141,-201.531,0,0,0,0,71.43,71.43,2,1,0,100.00,0,1,24,1,1,10,10,0,0,0,4144026508,0.03711,0.00610,0.95215,0.95289,-0.00505,0.00025,-0.00114,0.00518,0.95289,0.00209,0.00521,2,12201,0,6798,0.27671,0.20088,0.72595,96,1,91.851,62,1,3,2592,187491,0,0,0.000,57.035,2.494,0,0.000,192.087,1.822,0,0,1,0,2
PPG,3,103531,4142791552,119,74929,81400,81828.812,-428.812,-198.562,0,0,0,0,71.43,71.43,2,1,0,100.00,0,1,24,1,1,11,11,0,0,0,4144070681,0.03394,0.00684,0.95264,0.95327,-0.00638,0.00025,-0.00087,0.00645,0.95422,0.00267,0.00645,3,12133,0,6798,0.27671,0.20088,0.72595,96,1,91.851,62,1,3,4301,187491,0,0,0.000,57.035,2.494,0,0.000,192.087,1.822,0,0,1,0,2
PPG,3,103532,4142831552,125,74924,81418,81824.703,-406.703,-190.641,0,0,0,0,71.43,71.43,2,1,0,100.00,0,1,24,1,1,12,12,0,0,0,4144109802,0.03491,0.00415,0.95459,0.95524,-0.00638,0.00052,-0.00114,0.00651,0.95524,0.00242,0.00655,3,12175,0,6798,0.27671,0.20088,0.72595,96,1,91.851,62,1,3,2598,187491,0,0,0.000,52.129,2.763,0,0.000,192.087,1.822,0,0,1,0,2
PPG,3,103533,4142871552,117,74956,81478,81821.234,-343.234,-173.812,0,0,0,0,71.43,71.43,2,1,0,100.00,0,1,24,1,1,13,13,0,0,0,4144151370,0.03589,0.00659,0.95313,0.95382,-0.00612,-0.00028,-0.00087,0.00619,0.95382,0.00368,0.00619,3,12117,0,6798,0.27671,0.20088,0.72595,96,1,91.851,62,1,3,4300,187491,0,0,0.000,52.129,2.763,0,0.000,192.087,1.822,0,0,1,0,2
PPG,3,103534,4142911552,120,75003,81551,81818.531,-267.531,-151.789,0,0,0,0,71.43,71.43,2,1,0,100.00,0,1,24,1,1,14,14,0,0,0,4144190390,0.04053,0.00586,0.94824,0.94913,-0.00505,-0.00161,-0.00141,0.00549,0.95241,0.00338,0.00611,3,12118,0,6798,0.27671,0.20088,0.72595,96,1,91.851,62,1,3,2597,187491,0,0,0.000,52.129,2.763,0,0.000,192.087,1.822,0,0,1,0,2
PPG,3,103535,4142951552,117,75012,81594,81816.289,-222.289,-126.562,0,0,0,0,71.43,71.43,2,1,0,100.00,0,1,24,1,1,15,15,0,0,0,4144231965,0.04126,0.00610,0.95288,0.95379,-0.00479,-0.00028,-0.00167,0.00508,0.96094,0.00715,0.00576,3,12125,0,6798,0.27671,0.20088,0.72595,96,1,91.851,62,1,3,4300,187491,0,0,0.000,52.129,2.763,0,0.000,192.087,1.822,0,0,1,0,2
PPG,3,103536,4142991552,120,75004,81586,81813.984,-227.984,-94.828,0,0,0,0,71.43,71.43,2,1,0,100.00,0,1,24,1,1,16,16,0,0,0,4144270961,0.03906,0.00610,0.95630,0.95712,-0.00452,-0.00001,-0.00194,0.00492,0.95712,0.00619,0.00562,3,12124,0,6798,0.27671,0.20088,0.72595,96,1,91.851,62,1,3,4301,187491,0,0,0.000,52.129,2.763,0,0.000,192.087,1.822,0,0,1,0,2
PPG,3,103537,4143031552,118,74987,81584,81811.688,-227.688,-55.039,0,0,0,0,71.43,71.43,2,1,0,100.00,0,1,24,1,1,17,17,0,0,0,4144309945,0.03833,0.00610,0.95068,0.95148,-0.00532,-0.00081,-0.00141,0.00556,0.95148,0.00749,0.00556,3,12158,0,6798,0.27671,0.20088,0.72595,96,1,91.851,62,1,3,2631,187491,0,0,0.000,52.129,2.763,0,0.000,192.087,1.822,0,0,1,0,2
PPG,3,103538,4143071552,121,74989,81597,81809.539,-212.539,-11.602,0,0,0,0,71.43,71.43,2,1,0,100.00,0,1,24,1,1,18,18,0,0,0,4144351613,0.03711,0.00464,0.95093,0.95166,-0.00532,-0.00001,-0.00194,0.00566,0.95166,0.00254,0.00670,3,12117,0,6798,0.27671,0.20088,0.72595,96,1,91.851,62,1,3,4295,187491,0,0,0.000,52.129,2.763,0,0.000,192.087,1.822,0,0,1,0,2
PPG,3,103539,4143111552,119,74992,81625,81807.695,-182.695,31.320,0,0,0,0,71.43,71.43,2,1,0,100.00,0,1,24,1,1,19,19,0,0,0,4144390543,0.03979,0.00415,0.95435,0.95518,-0.00558,-0.00028,-0.00194,0.00592,0.95518,0.00189,0.00661,3,12110,0,6798,0.27671,0.20088,0.72595,96,1,91.851,62,1,3,4295,187491,0,0,0.000,52.129,2.763,0,0.000,192.087,1.822,0,0,1,0,2
PPG,3,103540,4143151552,123,75006,81663,81806.250,-143.250,69.750,0,0,0,0,71.43,71.43,2,1,0,100.00,0,1,24,1,1,20,20,0,0,0,4144429516,0.03418,0.00757,0.95166,0.95230,-0.00585,-0.00081,-0.00114,0.00602,0.95562,0.01369,0.00602,3,12111,0,6798,0.27671,0.20088,0.72595,96,1,91.851,62,1,3,2599,187491,0,0,0.000,52.129,2.763,0,0.000,192.087,1.822,0,0,1,0,2
PPG,3,103541,4143191552,121,75011,81688,81805.070,-117.070,98.172,0,0,0,0,71.43,71.43,2,1,0,100.00,0,1,24,1,1,21,21,0,0,0,4144471053,0.03589,0.00488,0.95313,0.95381,-0.00638,-0.00081,-0.00114,0.00654,0.95532,0.00619,0.00654,3,12136,0,6798,0.27671,0.20088,0.72595,96,1,91.851,62,1,3,4298,187491,0,0,0.000,52.129,2.763,0,0.000,192.087,1.822,0,0,1,0,2
PPG,3,103542,4143231552,125,75007,81702,81804.039,-102.039,110.602,0,0,0,0,71.43,71.43,2,1,0,100.00,0,1,24,1,1,22,22,0,0,0,4144509977,0.03638,0.00488,0.95020,0.95090,-0.00532,-0.00108,-0.00300,0.00620,0.95400,0.00310,0.00620,3,12118,0,6798,0.27671,0.20088,0.72595,96,1,91.851,62,1,3,2600,187491,0,0,0.000,52.129,2.763,0,0.000,192.087,1.822,0,0,1,0,2
PPG,3,103543,4143271552,123,74999,81611,81802.109,-191.109,107.070,0,0,0,0,71.43,71.43,2,1,0,100.00,0,1,24,1,1,23,23,0,0,0,4144551827,0.03564,0.00928,0.95215,0.95286,-0.00638,-0.00055,-0.00194,0.00669,0.95663,0.00650,0.00669,3,12157,0,6798,0.27671,0.20088,0.72595,96,1,91.851,62,1,3,4306,187491,0,0,0.000,52.129,2.763,0,0.000,192.087,1.822,0,0,1,0,2
PPG,3,103544,4143311552,514,74940,81441,81798.500,-357.500,86.492,0,0,0,0,71.43,71.43,2,1,0,100.00,0,1,24,1,1,24,24,0,0,0,4144590851,0.03809,0.00171,0.95313,0.95389,-0.00479,-0.00108,-0.00221,0.00538,0.95389,0.00107,0.00642,3,12110,0,6798,0.31578,0.20009,0.63363,99,1,94.159,115,1,3,4296,187491,0,0,0.000,52.129,2.763,0,0.000,192.087,1.822,0,0,1,0,2
PPG,3,103545,4143351552,167,74938,81385,81794.367,-409.367,58.711,0,0,0,0,71.43,71.43,2,1,0,100.00,0,1,24,1,1,25,25,0,0,0,4144630338,0.04102,0.00244,0.95361,0.95450,-0.00585,-0.00055,-0.00167,0.00611,0.95450,0.00522,0.00625,3,12214,0,6798,0.31578,0.20009,0.63363,99,1,94.159,115,1,3,2598,187491,0,0,0.000,52.129,2.763,0,0.000,192.087,1.822,0,0,1,0,2
PPG,3,103546,4143391552,184,74934,81392,81790.344,-398.344,27.422,0,0,0,0,71.43,71.43,2,1,0,100.00,0,1,24,1,1,26,26,0,0,0,4144671964,0.03613,0.00586,0.95142,0.95212,-0.00585,-0.00028,-0.00247,0.00636,0.95212,0.00962,0.00695,3,12118,0,6798,0.31578,0.20009,0.63363,99,1,94.159,115,1,3,4344,187491,0,0,0.000,52.129,2.763,0,0.000,192.087,1.822,0,0,1,0,2
PPG,3,103547,4143431552,119,74956,81423,81786.672,-363.672,-4.812,0,0,0,0,71.43,71.43,2,1,0,100.00,0,1,24,1,1,27,27,0,0,0,4144711414,0.04272,0.00171,0.94873,0.94969,-0.00585,-0.00081,-0.00167,0.00614,0.95151,0.00599,0.00614,3,12258,0,6798,0.31578,0.20009,0.63363,99,1,94.159,115,1,3,4412,187491,0,0,0.000,52.129,2.763,0,0.000,192.087,1.822,0,0,1,0,2
PPG,3,103548,4143471552,127,75003,81495,81783.758,-288.758,-32.539,0,0,0,0,71.43,71.43,2,1,0,100.00,0,1,24,1,1,28,28,0,0,0,4144750845,0.03320,0.00732,0.94946,0.95007,-0.00585,-0.00028,-0.00141,0.00602,0.95442,0.00435,0.00602,3,12248,0,6798,0.31578,0.20009,0.63363,99,1,94.159,115,1,3,4336,187491,0,0,0.000,52.129,2.763,0,0.000,192.087,1.822,0,0,1,0,2
PPG,3,103549,4143511552,120,75020,81567,81781.594,-214.594,-57.273,0,0,0,0,71.43,71.43,2,1,0,100.00,0,1,24,1,1,29,29,0,0,0,4144790177,0.04077,0.00562,0.95215,0.95304,-0.00505,-0.00081,-0.00141,0.00531,0.95416,0.00409,0.00628,3,12265,0,6798,0.31578,0.20009,0.63363,99,1,94.159,115,1,3,2642,187491,0,0,92.719,52.129,2.763,1,0.000,192.087,1.822,0,0,1,0,2
PPG,3,103550,4143551552,147,75022,81580,81779.578,-199.578,-70.000,1,0,1,820,71.43,71.43,2,1,0,100.00,0,1,24,1,1,30,30,0,0,0,4144832150,0.03955,0.00830,0.95337,0.95423,-0.00692,-0.00108,-0.00061,0.00703,0.95423,0.00375,0.00707,3,12310,0,6798,0.31578,0.20009,0.63363,99,1,94.159,115,1,3,4336,187491,0,0,0.000,52.129,2.763,0,312.133,192.087,1.822,1,1,1,0,3
PPG,3,103551,4143591552,134,75002,81550,81777.281,-227.281,-61.930,0,0,0,0,71.43,71.43,2,1,0,100.00,0,1,24,1,1,31,31,0,0,0,4144871569,0.03711,0.00659,0.94897,0.94972,-0.00612,-0.00081,-0.00194,0.00647,0.95459,0.00487,0.00647,3,12251,0,6798,0.31578,0.20009,0.63363,99,1,94.159,115,1,3,4340,187491,0,0,0.000,51.881,2.659,0,0.000,191.936,1.806,0,0,1,0,3
PPG,3,103552,4143631552,127,74993,81535,81774.859,-239.859,-46.352,0,0,0,0,71.43,71.43,2,1,0,100.00,0,1,24,1,1,0,0,0,0,0,4144910894,0.03784,0.00684,0.95679,0.95756,-0.00585,-0.00001,-0.00114,0.00596,0.95756,0.00623,0.00596,3,12260,0,6798,0.31578,0.20009,0.63363,99,1,94.159,115,1,3,4328,187491,0,0,0.000,51.881,2.659,0,0.000,191.936,1.806,0,0,1,0,3
PPG,3,103553,4143671552,123,74984,81567,81772.781,-205.781,-25.797,0,0,0,0,71.43,71.43,2,1,0,100.00,0,1,24,1,1,1,1,0,0,0,4144950203,0.03662,0.00513,0.95093,0.95165,-0.00665,-0.00028,-0.00274,0.00720,0.95165,0.00732,0.00720,3,12245,0,6798,0.31578,0.20009,0.63363,99,1,94.159,115,1,3,2629,187491,0,0,0.000,51.881,2.659,0,0.000,191.936,1.806,0,0,1,0,3
PPG,3,103554,4143711552,136,75005,81619,81771.242,-152.242,-1.203,0,0,0,0,71.43,71.43,2,1,0,100.00,0,1,24,1,1,2,2,0,0,0,4145004329,0.03662,0.00342,0.95557,0.95627,-0.00532,-0.00081,-0.00274,0.00604,0.95627,0.00347,0.00607,3,24473,0,6799,0.31578,0.20009,0.63363,99,1,94.159,115,1,3,14796,187491,0,0,0.000,51.881,2.659,0,0.000,191.936,1.806,0,0,1,0,3
PPG,3,103555,4143751552,132,75003,81627,81769.797,-142.797,16.008,0,0,0,0,71.43,71.43,2,1,0,100.00,0,1,24,2,2,4,4,0,0,0,4145075607,0.03906,0.00635,0.94580,0.94663,-0.00585,-0.00028,-0.00167,0.00609,0.94663,0.00965,0.00609,1,71278,0,6805,0.31578,0.20009,0.63363,99,1,94.159,115,1,3,71145,187491,0,0,0.000,51.881,2.659,0,0.000,191.936,1.806,0,0,1,0,3
PPG,3,103556,4143791552,44,75018,81637,81768.469,-131.469,23.461,0,0,0,0,71.43,71.43,2,1,0,100.00,0,1,24,2,2,4,4,0,0,0,4145075607,0.03906,0.00635,0.94580,0.94663,-0.00585,-0.00028,-0.00167,0.00609,0.00000,0.00000,0.00000,0,71278,0,6805,0.31578,0.20009,0.63363,99,1,94.159,115,1,3,71145,187491,0,0,0.000,49.487,2.807,0,0.000,191.936,1.806,0,0,1,0,3
PPG,3,103557,4143831552,122,75025,81668,81767.461,-99.461,31.828,0,0,0,0,71.43,71.43,2,1,0,100.00,0,1,24,1,1,5,5,0,0,0,4145113969,0.03320,0.00464,0.94849,0.94908,-0.00692,-0.00108,-0.00114,0.00709,0.95400,0.00738,0.00709,3,12234,0,6805,0.31578,0.20009,0.63363,99,1,94.159,115,1,3,2622,187491,0,0,0.000,49.487,2.807,0,0.000,191.936,1.806,0,0,1,0,3
PPG,3,103558,4143871552,122,75034,81721,81767.000,-46.000,50.062,0,0,0,0,71.43,71.43,2,1,0,100.00,0,1,24,1,1,6,6,0,0,0,4145150665,0.03955,0.00708,0.95166,0.95251,-0.00532,-0.00135,-0.00114,0.00560,0.95794,0.00971,0.00711,3,12240,0,6805,0.31578,0.20009,0.63363,99,1,94.159,115,1,3,4335,187491,0,0,0.000,49.487,2.807,0,0.000,191.936,1.806,0,0,1,0,3
PPG,3,103559,4143911552,124,75051,81727,81766.602,-39.602,72.391,0,0,0,0,71.43,71.43,2,1,0,100.00,0,1,24,1,1,7,7,0,0,0,4145189964,0.03564,0.00757,0.95093,0.95163,-0.00585,-0.00215,-0.00221,0.00661,0.95461,0.00718,0.00709,3,12191,0,6805,0.31578,0.20009,0.63363,99,1,94.159,115,1,3,2624,187491,0,0,0.000,49.487,2.807,0,0.000,191.936,1.806,0,0,1,0,3
PPG,3,103560,4143951552,129,75037,81736,81766.297,-30.297,92.883,0,0,0,0,71.43,71.43,2,1,0,100.00,0,1,24,1,1,8,8,0,0,0,4145231927,0.03442,0.00928,0.95801,0.95867,-0.00479,-0.00081,-0.00087,0.00493,0.95867,0.00628,0.00614,3,12257,0,6805,0.31578,0.20009,0.63363,99,1,94.159,115,1,3,4346,187491,0,0,0.000,49.487,2.807,0,0.000,191.936,1.806,0,0,1,0,3
PPG,3,103561,4143991552,123,75069,81812,81766.750,45.250,114.250,0,0,0,0,71.43,71.43,2,1,0,100.00,0,1,24,1,1,9,9,0,0,0,4145271186,0.03540,0.01099,0.95435,0.95507,-0.00665,-0.00028,-0.00141,0.00680,0.95507,0.00931,0.00680,3,12221,0,6805,0.31578,0.20009,0.63363,99,1,94.159,115,1,3,4323,187491,0,0,0.000,49.487,2.807,0,0.000,191.936,1.806,0,0,1,0,3
PPG,3,103562,4144031552,129,75104,81882,81767.906,114.094,141.680,0,0,0,0,71.43,71.43,2,1,0,100.00,0,1,24,1,1,10,10,0,0,0,4145310420,0.03516,0.00806,0.95386,0.95454,-0.00532,-0.00108,-0.00141,0.00561,0.95454,0.00569,0.00622,3,12237,0,6805,0.31578,0.20009,0.63363,99,1,94.159,115,1,3,2617,187491,0,0,0.000,49.487,2.807,0,0.000,191.936,1.806,0,0,1,0,3
PPG,3,103563,4144071552,130,75125,81926,81769.484,156.516,167.211,0,1,0,0,71.43,71.43,2,1,0,100.00,0,1,24,1,1,11,11,0,0,0,4145352227,0.03662,0.00439,0.95630,0.95701,-0.00558,-0.00028,-0.00327,0.00648,0.95701,0.00450,0.00680,3,12146,0,6805,0.31578,0.20009,0.63363,99,1,94.159,115,1,3,4341,187491,0,0,0.000,49.487,2.807,0,0.000,191.936,1.806,0,0,1,0,3
PPG,3,103564,4144111552,122,75144,81951,81771.297,179.703,182.141,0,0,0,0,71.43,71.43,2,1,0,100.00,0,1,24,1,1,12,12,0,0,0,4145391483,0.03369,0.00391,0.94580,0.94641,-0.00532,-0.00081,-0.00221,0.00581,0.95758,0.01117,0.00620,3,12142,0,6805,0.31578,0.20009,0.63363,99,1,94.159,115,1,3,4307,187491,0,0,0.000,49.487,2.807,0,0.000,191.936,1.806,0,0,1,0,3
PPG,3,103565,4144151552,215,75093,81817,81771.750,45.250,174.258,0,0,0,0,71.43,71.43,2,1,0,100.00,0,1,24,1,1,13,13,0,0,0,4145430429,0.03735,0.00342,0.95605,0.95679,-0.00638,-0.00161,-0.00167,0.00679,0.95679,0.00664,0.00679,3,12121,0,6805,0.31578,0.20009,0.63363,99,1,94.159,115,1,3,2619,187491,0,0,0.000,49.487,2.807,0,0.000,191.936,1.806,0,0,1,0,3
PPG,3,103566,4144191552,128,75070,81691,81770.945,-79.945,154.164,0,0,0,0,71.43,71.43,2,1,0,100.00,0,1,24,1,1,14,14,0,0,0,4145472255,0.04126,0.00439,0.94556,0.94647,-0.00558,-0.00268,-0.00194,0.00649,0.95532,0.00990,0.00649,3,12118,0,6805,0.31578,0.20009,0.63363,99,1,94.159,115,1,3,4297,187491,0,0,0.000,49.542,2.803,0,0.000,191.936,1.806,0,0,1,0,3
PPG,3,103567,4144231552,123,75106,81715,81770.383,-55.383,136.562,0,0,0,0,71.43,71.43,2,1,0,100.00,0,1,24,1,1,15,15,0,0,0,4145511214,0.03833,0.00854,0.95264,0.95345,-0.00638,-0.00055,-0.00167,0.00662,0.95486,0.00788,0.00662,3,12123,0,6805,0.31578,0.20009,0.63363,99,1,94.159,115,1,3,4307,187491,0,0,0.000,49.542,2.803,0,0.000,191.936,1.806,0,0,1,0,3
PPG,3,103568,4144271552,130,75102,81723,81769.906,-46.906,112.453,0,0,0,0,71.43,71.43,2,1,0,100.00,0,1,24,1,1,16,16,0,0,0,4145550285,0.04077,0.00659,0.95020,0.95109,-0.00558,0.00052,-0.00221,0.00603,0.95561,0.00452,0.00667,3,12148,0,6805,0.31578,0.20009,0.63363,99,1,94.159,115,1,3,2597,187491,0,0,0.000,45.448,3.097,0,0.000,191.936,1.806,0,0,1,0,3
PPG,3,103569,4144311552,516,75057,81631,81768.516,-137.516,73.391,0,0,0,0,71.43,71.43,2,1,0,99.00,0,1,24,1,1,17,17,0,0,0,4145591875,0.03662,0.00757,0.95386,0.95459,-0.00612,-0.00161,-0.00141,0.00648,0.95459,0.00258,0.00648,3,12136,0,6805,0.28721,0.16168,0.56293,99,1,95.927,107,1,3,4301,187491,0,0,0.000,45.448,3.097,0,0.000,191.936,1.806,0,0,1,0,3
PPG,3,103570,4144351552,170,75005,81568,81766.508,-198.508,22.852,0,0,0,0,71.43,71.43,2,1,0,99.00,0,1,24,1,1,18,18,0,0,0,4145631264,0.04126,0.00220,0.95313,0.95402,-0.00479,-0.00055,-0.00221,0.00530,0.95402,0.00260,0.00530,3,12124,0,6805,0.28721,0.16168,0.56293,99,1,95.927,107,1,3,4320,187491,0,0,0.000,45.448,3.097,0,0.000,191.936,1.806,0,0,1,0,3
PPG,3,103571,4144391552,127,75011,81614,81764.984,-150.984,-28.492,0,0,0,0,71.43,71.43,2,1,0,99.00,0,1,24,1,1,19,19,0,0,0,4145670467,0.03760,0.01025,0.95898,0.95978,-0.00585,0.00052,-0.00167,0.00611,0.95978,0.01346,0.00611,3,12127,0,6805,0.28721,0.16168,0.56293,99,1,95.927,107,1,3,2603,187491,0,0,0.000,45.448,3.097,0,0.000,191.936,1.806,0,0,1,0,3
PPG,3,103572,4144431552,122,75014,81623,81763.562,-140.562,-60.609,1,0,0,0,71.43,71.43,2,1,0,99.00,0,1,24,1,1,20,20,0,0,0,4145711999,0.04199,0.00806,0.94946,0.95043,-0.00585,0.00079,-0.00141,0.00607,0.95043,0.01226,0.00633,3,12108,0,6805,0.28721,0.16168,0.56293,99,1,95.927,107,1,3,4297,187491,0,0,0.000,45.448,3.097,0,252.141,191.936,1.806,1,0,1,0,3
PPG,3,103573,4144471552,126,75022,81628,81762.203,-134.203,-72.656,0,0,0,0,71.43,71.43,2,1,0,99.00,0,1,24,1,1,21,21,0,0,0,4145751090,0.03516,0.00269,0.94507,0.94573,-0.00558,0.00079,-0.00194,0.00596,0.95246,0.00673,0.00596,3,12173,0,6805,0.28721,0.16168,0.56293,99,1,95.927,107,1,3,4304,187491,0,0,0.000,45.448,3.097,0,0.000,191.936,1.806,0,0,1,0,3
PPG,3,103574,4144511552,120,75027,81639,81760.969,-121.969,-84.508,0,0,0,0,71.43,71.43,2,1,0,99.00,0,1,24,1,1,22,22,0,0,0,4145790034,0.03735,0.00708,0.95435,0.95510,-0.00532,-0.00135,-0.00114,0.00560,0.95510,0.00487,0.00619,3,12114,0,6805,0.28721,0.16168,0.56293,99,1,95.927,107,1,3,2603,187491,0,0,0.000,45.448,3.097,0,0.000,191.936,1.806,0,0,1,0,3
PPG,3,103575,4144551552,121,75046,81684,81760.195,-76.195,-92.938,0,0,0,0,71.43,71.43,2,1,0,99.00,0,1,24,1,1,23,23,0,0,0,4145831592,0.03955,0.00659,0.94556,0.94641,-0.00612,-0.00348,-0.00167,0.00723,0.95455,0.00700,0.00723,3,12125,0,6805,0.28721,0.16168,0.56293,99,1,95.927,107,1,3,4307,187491,0,0,0.000,45.448,3.097,0,0.000,191.936,1.806,0,0,1,0,3
PPG,3,103576,4144591552,124,75080,81770,81760.297,9.703,-79.727,0,0,0,0,71.43,71.43,2,1,0,99.00,0,1,24,1,1,24,24,0,0,0,4145870641,0.03735,0.00415,0.95361,0.95435,-0.00638,-0.00055,-0.00167,0.00662,0.95435,0.00684,0.00662,3,12113,0,6805,0.28721,0.16168,0.56293,99,1,95.927,107,1,3,2595,187491,0,0,0.000,45.448,3.097,0,0.000,191.936,1.806,0,0,1,0,3
PPG,3,103577,4144631552,121,75114,81831,81761.000,70.000,-50.312,0,0,0,0,71.43,71.43,2,1,0,99.00,0,1,24,1,1,25,25,0,0,0,4145912190,0.04077,0.00806,0.95825,0.95915,-0.00612,0.00025,-0.00247,0.00660,0.95915,0.00886,0.00660,3,12126,0,6805,0.28721,0.16168,0.56293,99,1,95.927,107,1,3,4302,187491,0,0,0.000,45.448,3.097,0,0.000,191.936,1.806,0,0,1,0,3
PPG,3,103578,4144671552,122,75110,81835,81761.742,73.258,-24.438,0,0,0,0,71.43,71.43,2,1,0,99.00,0,1,24,1,1,26,26,0,0,0,4145951230,0.03809,0.00513,0.94873,0.94951,-0.00665,0.00025,-0.00247,0.00710,0.95896,0.00538,0.00710,3,12159,0,6805,0.28721,0.16168,0.56293,99,1,95.927,107,1,3,4337,187491,0,0,0.000,45.448,3.097,0,0.000,191.936,1.806,0,0,1,0,3
PPG,3,103579,4144711552,128,75125,81838,81762.508,75.492,0.727,0,0,0,0,71.43,71.43,2,1,0,99.00,0,1,24,1,1,27,27,0,0,0,4146006501,0.03638,0.00708,0.94897,0.94970,-0.00479,0.00105,-0.00221,0.00537,0.95273,0.00199,0.00720,4,16237,0,6805,0.28721,0.16168,0.56293,99,1,95.927,107,1,3,16180,187491,0,0,0.000,45.448,3.097,0,0.000,191.936,1.806,0,0,1,0,3
PPG,3,103580,4144751552,123,75163,81887,81763.750,123.250,30.180,0,0,0,0,71.43,71.43,2,1,0,99.00,0,1,24,1,1,28,28,0,0,0,4146030832,0.04199,0.00757,0.95044,0.95140,-0.00505,-0.00001,-0.00114,0.00518,0.95140,0.00661,0.00527,2,12190,0,6805,0.28721,0.16168,0.56293,99,1,95.927,107,1,3,2602,187491,0,0,0.000,45.448,3.097,0,0.000,191.936,1.806,0,0,1,0,3
PPG,3,103581,4144791552,123,75187,81919,81765.305,153.695,64.828,0,0,0,0,71.43,71.43,2,1,0,99.00,0,1,24,1,1,29,29,0,0,0,4146072462,0.03320,0.00977,0.95361,0.95424,-0.00585,-0.00001,-0.00194,0.00616,0.95784,0.00903,0.00651,3,12128,0,6805,0.28721,0.16168,0.56293,99,1,95.927,107,1,3,4300,187491,0,0,0.000,45.448,3.097,0,0.000,191.936,1.806,0,0,1,0,3
PPG,3,103582,4144831552,121,75208,81949,81767.141,181.859,99.336,0,0,0,0,71.43,71.43,2,1,0,99.00,0,1,24,1,1,30,30,0,0,0,4146111413,0.03589,0.00854,0.95239,0.95311,-0.00585,-0.00055,-0.00194,0.00619,0.95423,0.00121,0.00684,3,12117,0,6805,0.28721,0.16168,0.56293,99,1,95.927,107,1,3,4296,187491,0,0,0.000,45.448,3.097,0,0.000,191.936,1.806,0,0,1,0,3
PPG,3,103583,4144871552,123,75204,81941,81768.883,172.117,123.008,0,0,0,0,71.43,71.43,2,1,0,99.00,0,1,24,1,1,31,31,0,0,0,4146150380,0.04272,0.00610,0.95068,0.95166,-0.00532,-0.00108,-0.00247,0.00596,0.95166,0.00385,0.00596,3,12132,0,6805,0.28721,0.16168,0.56293,99,1,95.927,107,1,3,2594,187491,0,0,0.000,45.448,3.097,0,0.000,191.936,1.806,0,0,1,0,3
PPG,3,103584,4144911552,121,75184,81925,81770.445,154.555,137.742,0,0,0,0,71.43,71.43,2,1,0,99.00,0,1,24,1,1,0,0,0,0,0,4146191964,0.04028,0.00708,0.94849,0.94937,-0.00532,-0.00001,-0.00194,0.00566,0.95816,0.00945,0.00611,3,12118,0,6805,0.28721,0.16168,0.56293,99,1,95.927,107,1,3,4303,187491,0,0,0.000,45.448,3.097,0,0.000,191.936,1.806,0,0,1,0,3
PPG,3,103585,4144951552,123,75159,81877,81771.508,105.492,140.742,0,0,0,0,71.43,71.43,2,1,0,99.00,0,1,24,1,1,1,1,0,0,0,4146230912,0.03442,0.00806,0.95068,0.95134,-0.00585,0.00052,-0.00141,0.00604,0.95218,0.00278,0.00604,3,12127,0,6805,0.28721,0.16168,0.56293,99,1,95.927,107,1,3,2595,187491,0,0,0.000,45.448,3.097,0,0.000,191.936,1.806,0,0,1,0,3
PPG,3,103586,4144991552,131,75137,81895,81772.742,122.258,138.688,0,0,0,0,71.43,71.43,2,1,0,99.00,0,1,24,1,1,2,2,0,0,0,4146272521,0.03540,0.00391,0.95557,0.95623,-0.00612,-0.00081,-0.00167,0.00639,0.95870,0.00781,0.00670,3,12119,0,6805,0.28721,0.16168,0.56293,99,1,95.927,107,1,3,4302,187491,0,0,0.000,45.448,3.097,0,0.000,191.936,1.806,0,0,1,0,3
PPG,3,103587,4145031552,124,75174,81937,81774.383,162.617,134.727,0,0,0,0,71.43,71.43,2,1,0,99.00,0,1,24,1,1,3,3,0,0,0,4146311516,0.03564,0.00415,0.95044,0.95112,-0.00479,0.00052,-0.00167,0.00510,0.95659,0.00326,0.00551,3,12105,0,6805,0.28721,0.16168,0.56293,99,1,95.927,107,1,3,4300,187491,0,0,0.000,45.448,3.097,0,0.000,191.936,1.806,0,0,1,0,3
PPG,3,103588,4145071552,125,75183,81884,81775.477,108.523,121.680,0,0,0,0,71.43,71.43,2,1,0,99.00,0,1,24,1,1,4,4,0,0,0,4146350468,0.03540,0.00513,0.94629,0.94696,-0.00585,-0.00135,-0.00167,0.00623,0.96330,0.01860,0.00623,3,12124,0,6805,0.28721,0.16168,0.56293,99,1,95.927,107,1,3,2615,187491,0,0,0.000,45.448,3.097,0,0.000,191.936,1.806,0,0,1,0,3
PPG,3,103589,4145111552,123,75122,81713,81774.852,-61.852,83.859,0,0,0,0,71.43,71.43,2,1,0,99.00,0,1,24,1,1,5,5,0,0,0,4146392006,0.03784,0.00903,0.95020,0.95099,-0.00452,-0.00001,-0.00141,0.00473,0.95099,0.00636,0.00489,3,12107,0,6805,0.28721,0.16168,0.56293,99,1,95.927,107,1,3,4297,187491,0,0,0.000,45.448,3.097,0,0.000,191.936,1.806,0,0,1,0,3
PPG,3,103590,4145151552,121,75081,81612,81773.227,-161.227,34.664,0,0,0,0,71.43,71.43,2,1,0,99.00,0,1,24,1,1,6,6,0,0,0,4146430942,0.03638,0.00513,0.95166,0.95237,-0.00612,-0.00135,-0.00274,0.00684,0.95889,0.00654,0.00684,3,12113,0,6805,0.28721,0.16168,0.56293,99,1,95.927,107,1,3,2595,187491,0,0,0.000,45.448,3.097,0,0.000,191.936,1.806,0,0,1,0,3
PPG,3,103591,4145191552,123,75040,81553,81771.023,-218.023,-15.430,0,0,0,0,71.43,71.43,2,1,0,99.00,0,1,24,1,1,7,7,0,0,0,4146472698,0.03223,0.00562,0.95068,0.95125,-0.00479,-0.00188,-0.00061,0.00518,0.95125,0.00490,0.00647,3,12311,0,6805,0.28721,0.16168,0.56293,99,1,95.927,107,1,3,4330,187491,0,0,0.000,45.448,3.097,0,0.000,191.936,1.806,0,0,1,0,3
PPG,3,103592,4145231552,193,74998,81537,81768.680,-231.680,-59.703,0,0,0,0,71.43,71.43,2,1,0,99.00,0,1,24,1,1,8,8,0,0,0,4146511892,0.03857,0.00708,0.95361,0.95442,-0.00638,-0.00161,-0.00114,0.00668,0.95442,0.00749,0.00668,3,12113,0,6805,0.28721,0.16168,0.56293,99,1,95.927,107,1,3,4295,187491,0,0,0.000,45.448,3.097,0,0.000,191.936,1.806,0,0,1,0,3
PPG,3,103593,4145271552,139,75017,81587,81766.859,-179.859,-101.648,1,0,1,0,0.00,nan,1,2,0,99.00,0,1,24,1,1,9,9,0,0,0,4146550964,0.03296,0.00952,0.94873,0.94935,-0.00585,-0.00135,-0.00167,0.00623,0.94966,0.00476,0.00694,3,12113,0,6805,0.28721,0.16168,0.56293,99,1,95.927,107,1,3,2599,187491,0,0,108.008,45.448,3.097,1,233.680,191.936,1.806,1,1,1,0,1
PPG,3,103594,4145311552,514,75058,81686,81766.055,-80.055,-139.859,0,0,0,0,0.00,nan,1,2,0,99.00,0,1,24,1,1,10,10,0,0,0,4146592687,0.04443,0.00586,0.95386,0.95491,-0.00532,-0.00081,-0.00167,0.00563,0.95491,0.00712,0.00653,3,12228,0,6805,0.21889,0.11117,0.50789,99,1,97.303,88,1,3,4308,187491,0,0,0.000,45.327,3.038,0,0.000,191.314,1.739,0,0,1,0,1
PPG,3,103595,4145351552,165,75077,81716,81765.555,-49.555,-165.461,0,0,0,0,0.00,nan,1,2,0,99.00,0,1,24,1,1,11,11,0,0,0,4146632190,0.04199,0.00928,0.95776,0.95873,-0.00558,-0.00001,-0.00087,0.00565,0.95873,0.01294,0.00573,3,12238,0,6805,0.21889,0.11117,0.50789,99,1,97.303,88,1,3,4306,187491,0,0,0.000,45.327,3.038,0,0.000,191.314,1.739,0,0,1,0,1
PPG,3,103596,4145391552,115,75097,81734,81765.242,-31.242,-160.656,0,0,0,0,0.00,nan,1,2,0,99.00,0,1,24,1,1,12,12,0,0,0,4146671476,0.03857,0.00610,0.95239,0.95319,-0.00558,-0.00188,-0.00087,0.00596,0.96169,0.00670,0.00639,3,12408,0,6805,0.21889,0.11117,0.50789,99,1,97.303,88,1,3,4315,187491,0,0,0.000,45.327,3.038,0,0.000,191.314,1.739,0,0,1,0,1
PPG,3,103597,4145431552,117,75129,81789,81765.477,23.523,-133.273,0,0,0,0,0.00,nan,1,2,0,99.00,0,1,24,1,1,13,13,0,0,0,4146710710,0.04272,0.00342,0.96045,0.96141,-0.00638,-0.00161,-0.00167,0.00679,0.96183,0.01148,0.00679,3,12251,0,6805,0.21889,0.11117,0.50789,99,1,97.303,88,1,3,2648,187491,0,0,0.000,45.327,3.038,0,0.000,191.314,1.739,0,0,1,0,1
PPG,3,103598,4145471552,119,75139,81832,81766.141,65.859,-93.258,0,0,0,0,0.00,nan,1,2,0,99.00,0,1,24,1,1,14,14,0,0,0,4146752660,0.04321,0.00830,0.95825,0.95926,-0.00558,-0.00161,-0.00141,0.00598,0.95926,0.00972,0.00598,3,12247,0,6805,0.21889,0.11117,0.50789,99,1,97.303,88,1,3,4319,187491,0,0,0.000,45.327,3.038,0,0.000,191.314,1.739,0,0,1,0,1
PPG,3,103599,4145511552,131,75164,81895,81767.430,127.570,-44.969,0,0,0,0,0.00,nan,1,2,0,99.00,0,1,24,1,1,15,15,0,0,0,4146791940,0.03931,0.00854,0.94922,0.95007,-0.00612,-0.00108,-0.00221,0.00659,0.95235,0.00899,0.00659,3,12255,0,6805,0.21889,0.11117,0.50789,99,1,97.303,88,1,3,4338,187491,0,0,0.000,45.327,3.038,0,0.000,191.314,1.739,0,0,1,0,1
PPG,3,103600,4145551552,119,75246,82030,81770.055,259.945,11.164,0,0,0,0,0.00,nan,1,2,0,99.00,0,1,24,1,1,16,16,0,0,0,4146831226,0.04028,0.00537,0.95581,0.95667,-0.00612,-0.00108,-0.00141,0.00637,0.95667,0.00550,0.00670,3,12240,0,6805,0.21889,0.11117,0.50789,99,1,97.303,88,1,3,2618,187491,0,0,0.000,45.327,3.038,0,0.000,191.314,1.739,0,0,1,0,1
PPG,3,103601,4145591552,117,75318,82114,81773.492,340.508,62.562,0,0,0,0,0.00,nan,1,2,0,99.00,0,1,24,1,1,17,17,0,0,0,4146873119,0.03979,0.00781,0.95459,0.95545,-0.00532,-0.00348,-0.00167,0.00657,0.95545,0.00139,0.00752,3,12301,0,6805,0.21889,0.11117,0.50789,99,1,97.303,88,1,3,4363,187491,0,0,0.000,45.327,3.038,0,0.000,191.314,1.739,0,0,1,0,1
PPG,3,103602,4145631552,117,75314,82146,81777.219,368.781,114.141,0,0,0,0,0.00,nan,1,2,0,99.00,0,1,24,1,1,18,18,0,0,0,4146912459,0.03955,0.00269,0.94775,0.94858,-0.00638,-0.00188,-0.00114,0.00675,0.95333,0.00584,0.00682,3,12240,0,6805,0.21889,0.11117,0.50789,99,1,97.303,88,1,3,4314,187491,0,0,0.000,45.327,3.038,0,0.000,191.314,1.739,0,0,1,0,1
PPG,3,103603,4145671552,121,75299,82136,81780.805,355.195,161.812,0,0,0,0,0.00,nan,1,2,0,99.00,0,1,24,1,1,19,19,0,0,0,4146951663,0.03418,0.00439,0.95337,0.95399,-0.00558,0.00079,-0.00114,0.00575,0.95933,0.01074,0.00639,3,12253,0,6805,0.21889,0.11117,0.50789,99,1,97.303,88,1,3,4334,187491,0,0,0.000,45.327,3.038,0,0.000,191.314,1.739,0,0,1,0,1
PPG,3,103604,4145711552,123,75243,82083,81783.828,299.172,195.914,0,0,0,0,0.00,nan,1,2,0,99.00,0,1,24,1,1,20,20,0,0,0,4147007442,0.04248,0.00952,0.95093,0.95192,-0.00558,-0.00001,-0.00114,0.00570,0.95614,0.00593,0.00696,4,16351,0,6805,0.21889,0.11117,0.50789,99,1,97.303,88,1,3,16284,187491,0,0,0.000,45.327,3.038,0,0.000,191.314,1.739,0,0,1,0,1
PPG,3,103605,4145751552,122,75213,82039,81786.383,252.617,217.391,0,0,0,0,0.00,nan,1,2,0,99.00,0,1,24,1,1,21,21,0,0,0,4147031880,0.03711,0.00317,0.95117,0.95190,-0.00612,0.00079,-0.00221,0.00655,0.95190,0.00005,0.00655,2,12285,0,6805,0.21889,0.11117,0.50789,99,1,97.303,88,1,3,4331,187491,0,0,0.000,45.327,3.038,0,0.000,191.314,1.739,0,0,1,0,1
PPG,3,103606,4145791552,118,75233,82059,81789.109,269.891,232.609,0,1,0,0,0.00,nan,1,2,0,99.00,0,1,24,1,1,22,22,0,0,0,4147071110,0.03662,0.00513,0.94873,0.94945,-0.00692,-0.00055,-0.00141,0.00708,0.94945,0.00497,0.00717,3,12237,0,6805,0.21889,0.11117,0.50789,99,1,97.303,88,1,3,2633,187491,0,0,0.000,45.327,3.038,0,0.000,191.314,1.739,0,0,1,0,1
PPG,3,103607,4145831552,134,75247,82075,81791.969,283.031,232.141,0,0,0,0,0.00,nan,1,2,0,99.00,0,1,24,1,1,23,23,0,0,0,4147113042,0.03687,0.00708,0.95166,0.95240,-0.00612,0.00105,-0.00141,0.00636,0.96148,0.01203,0.00651,3,12254,0,6805,0.21889,0.11117,0.50789,99,1,97.303,88,1,3,4344,187491,0,0,0.000,45.327,3.038,0,0.000,191.314,1.739,0,0,1,0,1
PPG,3,103608,4145871552,115,75253,82096,81795.008,300.992,218.969,0,0,0,0,0.00,nan,1,2,0,99.00,0,1,24,1,1,24,24,0,0,0,4147152261,0.03784,0.00537,0.95679,0.95755,-0.00612,0.00105,-0.00247,0.00668,0.95755,0.00491,0.00668,3,12246,0,6805,0.21889,0.11117,0.50789,99,1,97.303,88,1,3,4332,187491,0,0,0.000,45.327,3.038,0,0.000,191.314,1.739,0,0,1,0,1
PPG,3,103609,4145911552,116,75259,82117,81798.227,318.773,194.633,0,0,0,0,0.00,nan,1,2,0,99.00,0,1,24,1,1,25,25,0,0,0,4147191533,0.04004,0.00781,0.95264,0.95351,-0.00558,-0.00028,-0.00194,0.00592,0.95837,0.01482,0.00664,3,12284,0,6805,0.21889,0.11117,0.50789,99,1,97.303,88,1,3,4328,187491,0,0,0.000,45.327,3.038,0,0.000,191.314,1.739,0,0,1,0,1
PPG,3,103610,4145951552,116,75270,82140,81801.641,338.359,168.797,0,0,0,0,0.00,nan,1,2,0,99.00,0,1,24,1,1,26,26,0,0,0,4147230755,0.03784,0.00439,0.95361,0.95437,-0.00558,-0.00055,-0.00167,0.00586,0.95437,0.00534,0.00668,3,12231,0,6805,0.21889,0.11117,0.50789,99,1,97.303,88,1,3,2640,187491,0,0,0.000,45.327,3.038,0,0.000,191.314,1.739,0,0,1,0,1
PPG,3,103611,4145991552,116,75262,82101,81804.633,296.367,143.969,0,0,0,0,0.00,nan,1,2,0,99.00,0,1,24,1,1,27,27,0,0,0,4147272626,0.04321,0.00513,0.95508,0.95607,-0.00479,0.00052,-0.00247,0.00541,0.95607,0.00528,0.00614,3,12218,0,6805,0.21889,0.11117,0.50789,99,1,97.303,88,1,3,4347,187491,0,0,0.000,45.327,3.038,0,0.000,191.314,1.739,0,0,1,0,1
PPG,3,103612,4146031552,116,75237,81985,81806.438,178.562,113.859,0,0,0,0,0.00,nan,1,2,0,99.00,0,1,24,1,1,28,28,0,0,0,4147311831,0.03540,0.00903,0.94360,0.94431,-0.00585,-0.00081,-0.00114,0.00602,0.95733,0.01302,0.00602,3,12272,0,6805,0.21889,0.11117,0.50789,99,1,97.303,88,1,3,4377,187491,0,0,0.000,45.327,3.038,0,0.000,191.314,1.739,0,0,1,0,1
PPG,3,103613,4146071552,118,75185,81877,81807.141,69.859,73.359,0,0,0,0,0.00,nan,1,2,0,99.00,0,1,24,1,1,29,29,0,0,0,4147350917,0.03638,0.00342,0.95068,0.95139,-0.00585,-0.00055,-0.00141,0.00604,0.95139,0.00396,0.00630,3,12156,0,6805,0.21889,0.11117,0.50789,99,1,97.303,88,1,3,2594,187491,0,0,0.000,45.327,3.038,0,0.000,191.314,1.739,0,0,1,0,1
PPG,3,103614,4146111552,142,75199,81882,81807.891,74.109,35.992,1,0,1,840,71.43,71.43,2,1,0,99.00,0,1,24,1,1,30,30,0,0,0,4147392454,0.04028,0.00513,0.95068,0.95155,-0.00558,-0.00108,-0.00167,0.00593,0.95841,0.00686,0.00611,3,12132,0,6805,0.21889,0.11117,0.50789,99,1,97.303,88,1,3,4328,187491,0,0,178.648,45.327,3.038,1,398.070,191.314,1.739,1,1,1,0,2
PPG,3,103615,4146151552,121,75245,81946,81809.273,136.727,3.062,0,0,0,0,71.43,71.43,2,1,0,99.00,0,1,24,1,1,31,31,0,0,0,4147431493,0.03320,0.00366,0.94751,0.94810,-0.00745,-0.00028,-0.00167,0.00764,0.95752,0.00597,0.00764,3,12110,0,6805,0.21889,0.11117,0.50789,99,1,97.303,88,1,3,2599,187491,0,0,0.000,45.663,3.201,0,0.000,191.797,1.791,0,0,1,0,2
PPG,3,103616,4146191552,123,75262,82000,81811.180,188.820,-26.961,0,0,0,0,71.43,71.43,2,1,0,99.00,0,1,24,1,1,0,0,0,0,0,4147473087,0.03955,0.00586,0.95410,0.95494,-0.00745,0.00052,-0.00034,0.00748,0.95494,0.00324,0.00748,3,12132,0,6805,0.21889,0.11117,0.50789,99,1,97.303,88,1,3,4308,187491,0,0,0.000,45.663,3.201,0,0.000,191.797,1.791,0,0,1,0,2
PPG,3,103617,4146231552,124,75274,82018,81813.250,204.750,-55.836,0,0,0,0,71.43,71.43,2,1,0,99.00,0,1,24,1,1,1,1,0,0,0,4147512086,0.03467,0.00293,0.94971,0.95034,-0.00558,-0.00108,-0.00194,0.00601,0.95034,0.00505,0.00774,3,12121,0,6805,0.21889,0.11117,0.50789,99,1,97.303,88,1,3,4300,187491,0,0,0.000,45.663,3.201,0,0.000,191.797,1.791,0,0,1,0,2
PPG,3,103618,4146271552,118,75297,82040,81815.516,224.484,-74.953,0,0,0,0,71.43,71.43,2,1,0,99.00,0,1,24,1,1,2,2,0,0,0,4147550996,0.03394,0.00195,0.95630,0.95690,-0.00638,-0.00188,-0.00167,0.00686,0.95690,0.01141,0.00686,3,12109,0,6805,0.21889,0.11117,0.50789,99,1,97.303,88,1,3,2596,187491,0,0,0.000,45.663,3.201,0,0.000,191.797,1.791,0,0,1,0,2
PPG,3,103619,4146311552,511,75270,82031,81817.672,213.328,-75.180,0,0,0,0,71.43,71.43,2,1,0,99.00,0,1,24,1,1,3,3,0,0,0,4147592571,0.03516,0.00732,0.95898,0.95966,-0.00532,-0.00135,-0.00114,0.00560,0.95966,0.01278,0.00614,3,12158,0,6805,0.26067,0.14639,0.56160,99,1,95.960,93,1,3,4306,187491,0,0,0.000,45.663,3.201,0,0.000,191.797,1.791,0,0,1,0,2
PPG,3,103620,4146351552,167,75268,82006,81819.555,186.445,-55.547,0,0,0,0,71.43,71.43,2,1,0,99.00,0,1,24,1,1,4,4,0,0,0,4147631964,0.03857,0.00879,0.95361,0.95443,-0.00612,0.00025,-0.00141,0.00628,0.95769,0.00272,0.00637,3,12127,0,6805,0.26067,0.14639,0.56160,99,1,95.960,93,1,3,4304,187491,0,0,0.000,45.663,3.201,0,0.000,191.797,1.791,0,0,1,0,2
PPG,3,103621,4146391552,120,75278,82009,81821.445,187.555,-32.156,0,0,0,0,71.43,71.43,2,1,0,99.00,0,1,24,1,1,5,5,0,0,0,4147670946,0.03564,0.00635,0.95410,0.95479,-0.00612,-0.00188,-0.00167,0.00661,0.95479,0.00952,0.00675,3,12113,0,6805,0.26067,0.14639,0.56160,99,1,95.960,93,1,3,2595,187491,0,0,0.000,45.663,3.201,0,0.000,191.797,1.791,0,0,1,0,2
PPG,3,103622,4146431552,119,75269,82041,81823.641,217.359,-13.336,0,0,0,0,71.43,71.43,2,1,0,99.00,0,1,24,1,1,6,6,0,0,0,4147712595,0.04199,0.00586,0.95947,0.96041,-0.00558,-0.00001,-0.00221,0.00600,0.96041,0.01020,0.00736,3,12120,0,6805,0.26067,0.14639,0.56160,99,1,95.960,93,1,3,4301,187491,0,0,0.000,45.663,3.201,0,0.000,191.797,1.791,0,0,1,0,2
PPG,3,103623,4146471552,120,75283,82067,81826.070,240.930,-0.312,0,0,0,0,71.43,71.43,2,1,0,99.00,0,1,24,1,1,7,7,0,0,0,4147751549,0.03931,0.00928,0.95264,0.95349,-0.00665,0.00132,-0.00194,0.00705,0.97652,0.01611,0.00705,3,12115,0,6805,0.26067,0.14639,0.56160,99,1,95.960,93,1,3,2600,187491,0,0,0.000,45.663,3.201,0,0.000,191.797,1.791,0,0,1,0,2
PPG,3,103624,4146511552,178,75283,82067,81828.477,238.523,7.492,0,0,0,0,71.43,71.43,2,1,0,99.00,0,1,24,1,1,8,8,0,0,0,4147793159,0.04224,0.00537,0.95020,0.95115,-0.00558,-0.00028,-0.00194,0.00592,0.95827,0.00767,0.00662,3,12147,0,6805,0.26067,0.14639,0.56160,99,1,95.960,93,1,3,4332,187491,0,0,0.000,44.939,3.262,0,0.000,191.797,1.791,0,0,1,0,2
PPG,3,103625,4146551552,120,75304,82101,81831.203,269.797,13.102,0,0,0,0,71.43,71.43,2,1,0,99.00,0,1,24,1,1,9,9,0,0,0,4147832475,0.03809,0.00537,0.95020,0.95097,-0.00479,-0.00108,-0.00167,0.00518,0.95289,0.00313,0.00635,3,12108,0,6805,0.26067,0.14639,0.56160,99,1,95.960,93,1,3,4294,187491,0,0,0.000,44.939,3.262,0,0.000,191.797,1.791,0,0,1,0,2
PPG,3,103626,4146591552,123,75296,82134,81834.234,299.766,24.062,0,0,0,0,71.43,71.43,2,1,0,99.00,0,1,24,1,1,10,10,0,0,0,4147871481,0.03979,0.00684,0.95020,0.95105,-0.00558,-0.00055,-0.00141,0.00578,0.95271,0.00181,0.00625,3,12105,0,6805,0.26067,0.14639,0.56160,99,1,95.960,93,1,3,2599,187491,0,0,0.000,44.939,3.262,0,0.000,191.797,1.791,0,0,1,0,2
PPG,3,103627,4146631552,134,75276,82098,81836.875,261.125,36.062,0,0,0,0,71.43,71.43,2,1,0,99.00,0,1,24,1,1,11,11,0,0,0,4147913116,0.03809,0.00586,0.95239,0.95317,-0.00532,0.00052,-0.00194,0.00568,0.95317,0.00211,0.00631,3,12131,0,6805,0.26067,0.14639,0.56160,99,1,95.960,93,1,3,4300,187491,0,0,0.000,41.157,3.618,0,0.000,191.797,1.791,0,0,1,0,2
PPG,3,103628,4146671552,123,75270,82078,81839.289,238.711,46.812,0,0,0,0,71.43,71.43,2,1,0,99.00,0,1,24,1,1,12,12,0,0,0,4147952116,0.03589,0.00146,0.95020,0.95087,-0.00558,-0.00081,-0.00087,0.00571,0.95750,0.00663,0.00578,3,12114,0,6805,0.26067,0.14639,0.56160,99,1,95.960,93,1,3,4300,187491,0,0,0.000,41.157,3.618,0,0.000,191.797,1.791,0,0,1,0,2
PPG,3,103629,4146711552,128,75256,82062,81841.516,220.484,52.562,0,0,0,0,71.43,71.43,2,1,0,99.00,0,1,24,1,1,13,13,0,0,0,4148007569,0.04199,0.00952,0.95679,0.95776,-0.00558,-0.00108,-0.00061,0.00572,0.95776,0.00513,0.00582,4,16465,0,6805,0.26067,0.14639,0.56160,99,1,95.960,93,1,3,16401,187491,0,0,0.000,41.157,3.618,0,0.000,191.797,1.791,0,0,1,0,2
PPG,3,103630,4146751552,121,75279,82077,81843.867,233.133,57.141,0,0,0,0,71.43,71.43,2,1,0,99.00,0,1,24,1,1,14,14,0,0,0,4148031938,0.03784,0.00562,0.94922,0.94999,-0.00638,-0.00161,-0.00141,0.00673,0.95283,0.00493,0.00673,2,12167,0,6805,0.26067,0.14639,0.56160,99,1,95.960,93,1,3,4301,187491,0,0,0.000,41.157,3.618,0,0.000,191.797,1.791,0,0,1,0,2
PPG,3,103631,4146791552,121,75270,82108,81846.508,261.492,62.648,0,0,0,0,71.43,71.43,2,1,0,99.00,0,1,24,1,1,15,15,0,0,0,4148070874,0.03638,0.00439,0.94849,0.94919,-0.00558,-0.00108,-0.00194,0.00601,0.95477,0.00478,0.00639,3,12118,0,6805,0.26067,0.14639,0.56160,99,1,95.960,93,1,3,2595,187491,0,0,0.000,41.157,3.618,0,0.000,191.797,1.791,0,0,1,0,2
PPG,3,103632,4146831552,127,75284,82128,81849.320,278.680,59.359,0,0,0,0,71.43,71.43,2,1,0,99.00,0,1,24,1,1,16,16,0,0,0,4148112455,0.04004,0.00732,0.95264,0.95351,-0.00505,0.00052,-0.00194,0.00544,0.95351,0.00384,0.00615,3,12129,0,6805,0.26067,0.14639,0.56160,99,1,95.960,93,1,3,4300,187491,0,0,0.000,41.157,3.618,0,0.000,187.363,1.838,0,0,1,0,2
PPG,3,103633,4146871552,121,75296,82153,81852.359,300.641,48.273,0,0,0,0,71.43,71.43,2,1,0,99.00,0,1,24,1,1,17,17,0,0,0,4148151390,0.03882,0.00635,0.95093,0.95174,-0.00718,0.00025,-0.00087,0.00724,0.95771,0.00880,0.00724,3,12113,0,6805,0.26067,0.14639,0.56160,99,1,95.960,93,1,3,2595,187491,0,0,0.000,41.157,3.618,0,0.000,187.363,1.838,0,0,1,0,2
PPG,3,103634,4146911552,120,75274,82058,81854.414,203.586,33.758,0,0,0,0,71.43,71.43,2,1,0,99.00,0,1,24,1,1,18,18,0,0,0,4148192912,0.03271,0.00439,0.96143,0.96199,-0.00612,-0.00108,-0.00194,0.00651,0.96199,0.01483,0.00688,3,12116,0,6805,0.26067,0.14639,0.56160,99,1,95.960,93,1,3,4297,187491,0,0,0.000,41.157,3.618,0,0.000,187.363,1.838,0,0,1,0,2
PPG,3,103635,4146951552,121,75250,81941,81855.281,85.719,14.438,0,0,0,0,71.43,71.43,2,1,0,99.00,0,1,24,1,1,19,19,0,0,0,4148231861,0.03906,0.00684,0.94751,0.94834,-0.00505,-0.00055,-0.00167,0.00535,0.95030,0.01245,0.00737,3,12111,0,6805,0.26067,0.14639,0.56160,99,1,95.960,93,1,3,2596,187491,0,0,0.000,41.157,3.618,0,0.000,187.363,1.838,0,0,1,0,2
PPG,3,103636,4146991552,121,75239,81935,81856.078,78.922,-0.461,0,0,0,0,71.43,71.43,2,1,0,99.00,0,1,24,1,1,20,20,0,0,0,4148273448,0.03784,0.00854,0.95288,0.95367,-0.00558,-0.00055,-0.00114,0.00573,0.95767,0.00933,0.00642,3,12115,0,6805,0.26067,0.14639,0.56160,99,1,95.960,93,1,3,4301,187491,0,0,0.000,41.157,3.618,0,0.000,187.363,1.838,0,0,1,0,2
PPG,3,103637,4147031552,121,75230,81963,81857.148,105.852,-13.992,0,0,0,0,71.43,71.43,2,1,0,99.00,0,1,24,1,1,21,21,0,0,0,4148312419,0.03638,0.01074,0.94458,0.94534,-0.00612,-0.00135,-0.00274,0.00684,0.95569,0.00976,0.00684,3,12152,0,6805,0.26067,0.14639,0.56160,99,1,95.960,93,1,3,4298,187491,0,0,0.000,41.157,3.618,0,0.000,187.363,1.838,0,0,1,0,2
PPG,3,103638,4147071552,120,75250,81984,81858.414,125.586,-28.906,0,0,0,0,71.43,71.43,2,1,0,99.00,0,1,24,1,1,22,22,0,0,0,4148351344,0.03784,0.00659,0.95044,0.95122,-0.00638,-0.00081,-0.00141,0.00659,0.95122,0.00397,0.00659,3,12104,0,6805,0.26067,0.14639,0.56160,99,1,95.960,93,1,3,2599,187491,0,0,0.000,41.157,3.618,0,0.000,187.363,1.838,0,0,1,0,2
PPG,3,103639,4147111552,121,75264,82024,81860.070,163.930,-43.414,0,0,0,0,71.43,71.43,2,1,0,99.00,0,1,24,1,1,23,23,0,0,0,4148392857,0.03687,0.00757,0.94409,0.94484,-0.00612,-0.00001,-0.00221,0.00650,0.95134,0.00650,0.00671,3,12108,0,6805,0.26067,0.14639,0.56160,99,1,95.960,93,1,3,4301,187491,0,0,0.000,41.157,3.618,0,0.000,187.363,1.838,0,0,1,0,2
PPG,3,103640,4147151552,119,75272,82055,81862.023,192.977,-59.859,0,0,0,0,71.43,71.43,2,1,0,99.00,0,1,24,1,1,24,24,0,0,0,4148431822,0.03125,0.00830,0.95020,0.95075,-0.00638,0.00025,-0.00087,0.00645,0.95661,0.01177,0.00659,3,12120,0,6805,0.26067,0.14639,0.56160,99,1,95.960,93,1,3,2600,187491,0,0,0.000,41.157,3.618,0,0.000,187.363,1.838,0,0,1,0,2
PPG,3,103641,4147191552,121,75266,82033,81863.734,169.266,-64.641,0,0,0,0,71.43,71.43,2,1,0,99.00,0,1,24,1,1,25,25,0,0,0,4148473372,0.03979,0.01001,0.95068,0.95157,-0.00638,-0.00028,-0.00141,0.00654,0.95314,0.00190,0.00682,3,12120,0,6805,0.26067,0.14639,0.56160,99,1,95.960,93,1,3,4304,187491,0,0,0.000,41.157,3.618,0,0.000,187.363,1.838,0,0,1,0,2
PPG,3,103642,4147231552,119,75268,82024,81865.336,158.664,-51.930,0,0,0,0,71.43,71.43,2,1,0,99.00,0,1,24,1,1,26,26,0,0,0,4148512334,0.03857,0.00464,0.95337,0.95416,-0.00612,-0.00081,-0.00114,0.00628,0.95561,0.00504,0.00630,3,12144,0,6805,0.26067,0.14639,0.56160,99,1,95.960,93,1,3,4304,187491,0,0,0.000,41.157,3.618,0,0.000,187.363,1.838,0,0,1,0,2
PPG,3,103643,4147271552,121,75288,82057,81867.250,189.750,-34.000,0,0,0,0,71.43,71.43,2,1,0,99.00,0,1,24,1,1,27,27,0,0,0,4148551255,0.03906,0.00952,0.95093,0.95178,-0.00558,-0.00108,-0.00087,0.00575,0.95340,0.00413,0.00622,3,12116,0,6805,0.26067,0.14639,0.56160,99,1,95.960,93,1,3,2598,187491,0,0,0.000,41.157,3.618,0,0.000,187.363,1.838,0,0,1,0,2
PPG,3,103644,4147311552,503,75294,82091,81869.484,221.516,-16.914,0,0,0,0,71.43,71.43,2,1,0,99.00,0,1,24,1,1,28,28,0,0,0,4148592779,0.03882,0.00684,0.95068,0.95150,-0.00665,-0.00028,-0.00114,0.00675,0.95185,0.00223,0.00675,3,12116,0,6805,0.25091,0.14699,0.58580,99,1,95.355,71,1,3,4305,187491,0,0,0.000,41.157,3.618,0,0.000,187.363,1.838,0,0,1,0,2
PPG,3,103645,4147351552,169,75289,82104,81871.828,232.172,0.078,0,0,0,0,71.43,71.43,2,1,0,99.00,0,1,24,1,1,29,29,0,0,0,4148632158,0.03589,0.00610,0.95288,0.95358,-0.00585,-0.00108,-0.00061,0.00598,0.95358,0.00295,0.00668,3,12108,0,6805,0.25091,0.14699,0.58580,99,1,95.355,71,1,3,4300,187491,0,0,0.000,41.157,3.618,0,0.000,187.363,1.838,0,0,1,0,2
PPG,3,103646,4147391552,120,75296,82107,81874.180,232.820,13.289,0,0,0,0,71.43,71.43,2,1,0,99.00,0,1,24,1,1,30,30,0,0,0,4148671120,0.03760,0.00439,0.95020,0.95095,-0.00505,-0.00161,-0.00194,0.00565,0.95324,0.00184,0.00573,3,12107,0,6805,0.25091,0.14699,0.58580,99,1,95.355,71,1,3,2599,187491,0,0,0.000,41.157,3.618,0,0.000,187.363,1.838,0,0,1,0,2
PPG,3,103647,4147431552,121,75274,82088,81876.320,211.680,18.500,0,0,0,0,71.43,71.43,2,1,0,99.00,0,1,24,1,1,31,31,0,0,0,4148712658,0.03613,0.00610,0.94995,0.95066,-0.00425,0.00079,-0.00141,0.00455,0.95666,0.00914,0.00538,3,12131,0,6805,0.25091,0.14699,0.58580,99,1,95.355,71,1,3,4298,187491,0,0,0.000,41.157,3.618,0,0.000,187.363,1.838,0,0,1,0,2
PPG,3,103648,4147471552,128,75250,82066,81878.219,187.781,23.812,0,0,0,0,71.43,71.43,2,1,0,99.00,0,1,24,1,1,0,0,0,0,0,4148751628,0.03638,0.01001,0.95239,0.95314,-0.00532,-0.00001,-0.00167,0.00557,0.95693,0.00831,0.00601,3,12112,0,6805,0.25091,0.14699,0.58580,99,1,95.355,71,1,3,2594,187491,0,0,0.000,40.477,3.691,0,0.000,187.363,1.838,0,0,1,0,2
PPG,3,103649,4147511552,122,75250,82076,81880.195,195.805,30.539,0,0,0,0,71.43,71.43,2,1,0,99.00,0,1,24,1,1,1,1,0,0,0,4148793226,0.03809,0.01001,0.95044,0.95125,-0.00585,-0.00108,-0.00167,0.00618,0.95451,0.00325,0.00618,3,12122,0,6805,0.25091,0.14699,0.58580,99,1,95.355,71,1,3,4298,187491,0,0,0.000,40.477,3.691,0,0.000,187.363,1.838,0,0,1,0,2
PPG,3,103650,4147551552,119,75259,82090,81882.297,207.703,34.609,0,0,0,0,71.43,71.43,2,1,0,99.00,0,1,24,1,1,2,2,0,0,0,4148832308,0.04053,0.00977,0.95044,0.95135,-0.00532,-0.00135,-0.00114,0.00560,0.95494,0.00461,0.00591,3,12219,0,6805,0.25091,0.14699,0.58580,99,1,95.355,71,1,3,4309,187491,0,0,0.000,40.477,3.691,0,0.000,187.363,1.838,0,0,1,0,2
PPG,3,103651,4147591552,124,75249,82094,81884.414,209.586,35.742,0,0,0,0,71.43,71.43,2,1,0,99.00,0,1,24,1,1,3,3,0,0,0,4148871343,0.03271,0.00928,0.94360,0.94422,-0.00558,-0.00001,-0.00221,0.00600,0.95660,0.01238,0.00651,3,12150,0,6805,0.25091,0.14699,0.58580,99,1,95.355,71,1,3,2602,187491,0,0,0.000,40.477,3.691,0,0.000,187.363,1.838,0,0,1,0,2
PPG,3,103652,4147631552,132,75240,82093,81886.500,206.500,35.914,0,0,0,0,71.43,71.43,2,1,0,99.00,0,1,24,1,1,4,4,0,0,0,4148913102,0.04150,0.00439,0.95313,0.95404,-0.00638,-0.00055,-0.00247,0.00687,0.95404,0.00580,0.00687,3,12282,0,6805,0.25091,0.14699,0.58580,99,1,95.355,71,1,3,4338,187491,0,0,0.000,40.477,3.691,0,0.000,187.363,1.838,0,0,1,0,2
PPG,3,103653,4147671552,123,75263,82125,81888.883,236.117,39.891,0,0,0,0,71.43,71.43,2,1,0,99.00,0,1,24,1,1,5,5,0,0,0,4148952441,0.03638,0.00317,0.94580,0.94651,-0.00585,-0.00055,-0.00194,0.00619,0.95292,0.00641,0.00709,3,12265,0,6805,0.25091,0.14699,0.58580,99,1,95.355,71,1,3,4362,187491,0,0,0.000,40.477,3.691,0,0.000,187.363,1.838,0,0,1,0,2
PPG,3,103654,4147711552,128,75271,82123,81891.227,231.773,41.641,0,0,0,0,71.43,71.43,2,1,0,99.00,0,1,24,1,1,6,6,0,0,0,4149008242,0.03760,0.00854,0.95337,0.95415,-0.00585,-0.00108,-0.00194,0.00626,0.95598,0.00636,0.00626,4,16461,0,6805,0.25091,0.14699,0.58580,99,1,95.355,71,1,3,16397,187491,0,0,0.000,40.477,3.691,0,0.000,187.363,1.838,0,0,1,0,2
PPG,3,103655,4147751552,140,75232,81998,81892.297,105.703,29.070,0,0,0,0,71.43,71.43,2,1,0,99.00,0,1,24,1,1,7,7,0,0,0,4149032803,0.03735,0.00635,0.95630,0.95705,-0.00505,0.00079,-0.00194,0.00547,0.95705,0.00373,0.00547,2,12307,0,6805,0.25091,0.14699,0.58580,99,1,95.355,71,1,3,4353,187491,0,0,0.000,40.477,3.691,0,0.000,180.376,1.916,0,0,1,0,2
PPG,3,103656,4147791552,141,75171,81859,81891.961,-32.961,1.867,0,0,0,0,71.43,71.43,2,1,0,99.00,0,1,24,1,1,8,8,0,0,0,4149072175,0.03662,0.00732,0.95337,0.95410,-0.00585,-0.00001,-0.00194,0.00616,0.95546,0.00223,0.00616,3,12254,0,6805,0.25091,0.14699,0.58580,99,1,95.355,71,1,3,2622,187491,0,0,0.000,40.477,3.691,0,0.000,180.376,1.916,0,0,1,0,2
PPG,3,103657,4147831552,142,75143,81810,81891.141,-81.141,-30.477,0,0,0,0,71.43,71.43,2,1,0,99.00,0,1,24,1,1,9,9,0,0,0,4149114082,0.03931,0.00732,0.94849,0.94933,-0.00585,-0.00001,-0.00194,0.00616,0.95349,0.00416,0.00706,3,12265,0,6805,0.25091,0.14699,0.58580,99,1,95.355,71,1,3,4338,187491,0,0,0.000,40.477,3.691,0,0.000,180.376,1.916,0,0,1,0,2
PPG,3,103658,4147871552,133,75157,81830,81890.531,-60.531,-60.492,0,0,0,0,71.43,71.43,2,1,0,99.00,0,1,24,1,1,10,10,0,0,0,4149153411,0.04175,0.00586,0.94971,0.95064,-0.00612,-0.00108,-0.00247,0.00669,0.95093,0.00365,0.00682,3,12224,0,6805,0.25091,0.14699,0.58580,99,1,95.355,71,1,3,4316,187491,0,0,0.000,40.477,3.691,0,0.000,180.376,1.916,0,0,1,0,2
PPG,3,103659,4147911552,121,75172,81868,81890.305,-22.305,-84.836,0,0,0,0,71.43,71.43,2,1,0,99.00,0,1,24,1,1,11,11,0,0,0,4149192711,0.03931,0.00806,0.95483,0.95568,-0.00532,-0.00108,-0.00034,0.00544,0.95936,0.00872,0.00637,3,12248,0,6805,0.25091,0.14699,0.58580,99,1,95.355,71,1,3,4335,187491,0,0,0.000,40.477,3.691,0,0.000,180.376,1.916,0,0,1,0,2
PPG,3,103660,4147951552,118,75181,81883,81890.234,-7.234,-110.812,0,0,0,0,71.43,71.43,2,1,0,99.00,0,1,24,1,1,12,12,0,0,0,4149232112,0.03711,0.00610,0.95605,0.95679,-0.00612,-0.00081,-0.00247,0.00665,0.95679,0.00269,0.00711,3,12337,0,6805,0.25091,0.14699,0.58580,99,1,95.355,71,1,3,2643,187491,0,0,0.000,40.477,3.691,0,0.000,180.376,1.916,0,0,1,0,2
PPG,3,103661,4147991552,129,75179,81910,81890.430,19.570,-135.086,0,0,0,0,71.43,71.43,2,1,0,99.00,0,1,24,1,1,13,13,0,0,0,4149274046,0.03931,0.00073,0.95483,0.95564,-0.00665,-0.00108,-0.00247,0.00718,0.95564,0.00479,0.00718,3,12245,0,6805,0.25091,0.14699,0.58580,99,1,95.355,71,1,3,4344,187491,0,0,0.000,40.477,3.691,0,0.000,180.376,1.916,0,0,1,0,2
PPG,3,103662,4148031552,119,75148,81861,81890.133,-29.133,-146.508,0,0,0,0,71.43,71.43,2,1,0,99.00,0,1,24,1,1,14,14,0,0,0,4149313318,0.03564,0.00562,0.95264,0.95332,-0.00612,-0.00108,-0.00167,0.00643,0.95332,0.00820,0.00695,3,12225,0,6805,0.25091,0.14699,0.58580,99,1,95.355,71,1,3,4342,187491,0,0,0.000,40.477,3.691,0,0.000,180.376,1.916,0,0,1,0,2
PPG,3,103663,4148071552,120,75116,81825,81889.484,-64.484,-139.758,0,0,0,0,71.43,71.43,2,1,0,99.00,0,1,24,1,1,15,15,0,0,0,4149352662,0.03735,0.00464,0.94995,0.95070,-0.00638,0.00025,-0.00087,0.00645,0.95095,0.00296,0.00645,3,12241,0,6805,0.25091,0.14699,0.58580,99,1,95.355,71,1,3,4338,187491,0,0,0.000,40.477,3.691,0,0.000,180.376,1.916,0,0,1,0,2
PPG,3,103664,4148111552,119,75141,81837,81888.961,-51.961,-123.211,0,0,0,0,71.43,71.43,2,1,0,99.00,0,1,24,1,1,16,16,0,0,0,4149391928,0.04028,0.00977,0.94873,0.94964,-0.00532,-0.00135,-0.00114,0.00560,0.95275,0.00312,0.00565,3,12247,0,6805,0.25091,0.14699,0.58580,99,1,95.355,71,1,3,2624,187491,0,0,0.000,40.477,3.691,0,0.000,180.376,1.916,0,0,1,0,2
PPG,3,103665,4148151552,121,75143,81873,81888.805,-15.805,-105.508,0,0,0,0,71.43,71.43,2,1,0,99.00,0,1,24,1,1,17,17,0,0,0,4149433796,0.03638,0.00317,0.95142,0.95212,-0.00638,-0.00001,-0.00247,0.00685,0.95684,0.00868,0.00686,3,12238,0,6805,0.25091,0.14699,0.58580,99,1,95.355,71,1,3,4348,187491,0,0,0.000,40.477,3.691,0,0.000,180.376,1.916,0,0,1,0,2
PPG,3,103666,4148191552,119,75151,81909,81889.008,19.992,-89.758,0,0,0,0,71.43,71.43,2,1,0,99.00,0,1,24,1,1,18,18,0,0,0,4149473087,0.04028,0.00854,0.95483,0.95572,-0.00692,-0.00055,-0.00167,0.00714,0.95572,0.00585,0.00714,3,12243,0,6805,0.25091,0.14699,0.58580,99,1,95.355,71,1,3,4334,187491,0,0,0.000,40.477,3.691,0,0.000,180.376,1.916,0,0,1,0,2
PPG,3,103667,4148231552,122,75139,81900,81889.117,10.883,-77.930,0,0,0,0,71.43,71.43,2,1,0,99.00,0,1,24,1,1,19,19,0,0,0,4149512329,0.03857,0.00635,0.94482,0.94563,-0.00612,-0.00135,-0.00141,0.00642,0.95551,0.00987,0.00713,3,12223,0,6805,0.25091,0.14699,0.58580,99,1,95.355,71,1,3,2599,187491,0,0,0.000,40.477,3.691,0,0.000,180.376,1.916,0,0,1,0,2
PPG,3,103668,4148271552,127,75134,81929,81889.516,39.484,-68.359,0,0,0,0,71.43,71.43,2,1,0,99.00,0,1,24,1,1,20,20,0,0,0,4149554150,0.03833,0.01001,0.95581,0.95663,-0.00612,0.00052,-0.00221,0.00652,0.95663,0.00803,0.00652,3,12289,0,6805,0.25091,0.14699,0.58580,99,1,95.355,71,1,3,4306,187491,0,0,0.000,38.836,3.879,0,0.000,180.376,1.916,0,0,1,0,2
PPG,3,103669,4148311552,510,75188,82019,81890.812,128.188,-42.938,0,0,0,0,71.43,71.43,2,1,0,nan,4,1,24,1,1,21,21,0,0,0,4149593138,0.03662,0.00317,0.95093,0.95164,-0.00505,-0.00028,-0.00247,0.00563,0.95478,0.00611,0.00570,3,12160,0,6805,0.19423,0.11269,0.58021,94,1,95.495,60,1,3,4300,187491,0,0,0.000,38.836,3.879,0,0.000,180.376,1.916,0,0,1,0,2
PPG,3,103670,4148351552,168,75213,82078,81892.688,185.312,-6.203,0,0,0,0,71.43,71.43,2,1,0,nan,4,1,24,1,1,22,22,0,0,0,4149632594,0.03613,0.01245,0.95679,0.95755,-0.00479,0.00025,-0.00194,0.00517,0.95802,0.01222,0.00563,3,12119,0,6805,0.19423,0.11269,0.58021,94,1,95.495,60,1,3,4308,187491,0,0,0.000,38.836,3.879,0,0.000,180.376,1.916,0,0,1,0,2
PPG,3,103671,4148391552,121,75244,82127,81895.031,231.969,33.578,0,0,0,0,71.43,71.43,2,1,0,nan,4,1,24,1,1,23,23,0,0,0,4149671738,0.03784,0.00513,0.95386,0.95462,-0.00585,0.00105,-0.00167,0.00618,0.95462,0.00760,0.00618,3,12133,0,6805,0.19423,0.11269,0.58021,94,1,95.495,60,1,3,2601,187491,0,0,0.000,38.836,3.879,0,0.000,180.376,1.916,0,0,1,0,2
PPG,3,103672,4148431552,120,75361,82248,81898.562,349.438,79.398,0,0,0,0,71.43,71.43,2,1,0,nan,4,1,24,1,1,24,24,0,0,0,4149713281,0.03931,0.00757,0.94946,0.95031,-0.00558,-0.00001,-0.00194,0.00591,0.95045,0.00425,0.00617,3,12128,0,6805,0.19423,0.11269,0.58021,94,1,95.495,60,1,3,4319,187491,0,0,0.000,38.836,3.879,0,0.000,180.376,1.916,0,0,1,0,2
PPG,3,103673,4148471552,121,75449,82361,81903.188,457.812,132.172,0,0,0,0,71.43,71.43,2,1,0,nan,4,1,24,1,1,25,25,0,0,0,4149752368,0.03394,0.00659,0.95630,0.95692,-0.00532,-0.00055,-0.00141,0.00553,0.95786,0.00618,0.00662,3,12136,0,6805,0.19423,0.11269,0.58021,94,1,95.495,60,1,3,2594,187491,0,0,0.000,38.836,3.879,0,0.000,180.376,1.916,0,0,1,0,2
PPG,3,103674,4148511552,120,75496,82418,81908.336,509.664,191.422,0,0,0,0,71.43,71.43,2,1,0,nan,4,1,24,1,1,26,26,0,0,0,4149793965,0.03882,0.00684,0.95410,0.95492,-0.00505,-0.00028,-0.00194,0.00542,0.95571,0.00627,0.00549,3,12117,0,6805,0.19423,0.11269,0.58021,94,1,95.495,60,1,3,4298,187491,0,0,0.000,38.836,3.879,0,0.000,180.376,1.916,0,0,1,0,2
PPG,3,103675,4148551552,121,75527,82477,81914.023,562.977,245.758,0,0,0,0,71.43,71.43,2,1,0,nan,4,1,24,1,1,27,27,0,0,0,4149832899,0.04199,0.00879,0.94971,0.95068,-0.00532,-0.00001,-0.00061,0.00535,0.95437,0.00692,0.00571,3,12131,0,6805,0.19423,0.11269,0.58021,94,1,95.495,60,1,3,4299,187491,0,0,0.000,38.836,3.879,0,0.000,180.376,1.916,0,0,1,0,2
PPG,3,103676,4148591552,120,75577,82529,81920.172,608.828,285.109,0,0,0,0,71.43,71.43,2,1,0,nan,4,1,24,1,1,28,28,0,0,0,4149871863,0.02881,0.00781,0.95459,0.95506,-0.00612,-0.00081,-0.00114,0.00628,0.95506,0.00781,0.00628,3,12121,0,6805,0.19423,0.11269,0.58021,94,1,95.495,60,1,3,2595,187491,0,0,0.000,38.836,3.879,0,0.000,180.376,1.916,0,0,1,0,2
PPG,3,103677,4148631552,121,75595,82518,81926.148,591.852,312.570,0,0,0,0,71.43,71.43,2,1,0,nan,4,1,24,1,1,29,29,0,0,0,4149913413,0.04272,0.00635,0.94849,0.94947,-0.00558,0.00105,-0.00221,0.00610,0.95244,0.01182,0.00635,3,12136,0,6805,0.19423,0.11269,0.58021,94,1,95.495,60,1,3,4302,187491,0,0,0.000,38.836,3.879,0,0.000,180.376,1.916,0,0,1,0,2
PPG,3,103678,4148671552,123,75506,82343,81930.320,412.680,317.781,0,1,0,0,71.43,71.43,2,1,0,nan,4,1,24,1,1,30,30,0,0,0,4149952390,0.03662,0.00708,0.95532,0.95605,-0.00612,0.00105,-0.00061,0.00624,0.95605,0.00562,0.00668,3,12154,0,6805,0.19423,0.11269,0.58021,94,1,95.495,60,1,3,2595,187491,0,0,0.000,38.836,3.879,0,0.000,180.376,1.916,0,0,1,0,2
PPG,3,103679,4148711552,138,75399,82156,81932.578,223.422,290.242,0,0,0,0,71.43,71.43,2,1,0,nan,4,1,24,1,1,31,31,0,0,0,4150010178,0.03687,0.00684,0.95410,0.95484,-0.00505,0.00185,-0.00167,0.00563,0.95674,0.00627,0.00605,4,16244,0,6805,0.19423,0.11269,0.58021,94,1,95.495,60,1,3,16182,187491,0,0,0.000,38.836,3.879,0,0.000,180.376,1.916,0,0,1,0,2
PPG,3,103680,4148751552,129,75327,82085,81934.102,150.898,240.711,0,0,0,0,71.43,71.43,2,1,0,nan,4,1,24,2,2,1,1,0,0,0,4150079937,0.03296,0.00659,0.95264,0.95323,-0.00665,-0.00135,-0.00087,0.00684,0.95323,0.00161,0.00684,1,69759,0,6810,0.19423,0.11269,0.58021,94,1,95.495,60,1,3,69631,187491,0,0,0.000,38.836,3.879,0,0.000,180.376,1.916,0,0,1,0,2
PPG,3,103681,4148791552,33,75404,82155,81936.312,218.688,190.891,0,0,0,0,71.43,71.43,2,1,0,nan,4,1,24,2,2,1,1,0,0,0,4150079937,0.03296,0.00659,0.95264,0.95323,-0.00665,-0.00135,-0.00087,0.00684,0.00000,0.00000,0.00000,0,69759,0,6810,0.19423,0.11269,0.58021,94,1,95.495,60,1,3,69631,187491,0,0,0.000,38.836,3.879,0,0.000,180.376,1.916,0,0,1,0,2
PPG,3,103682,4148831552,121,75364,82117,81938.117,178.883,126.656,0,0,0,0,71.43,71.43,2,1,0,nan,4,1,24,1,1,2,2,0,0,0,4150118152,0.03931,0.00903,0.94849,0.94934,-0.00505,-0.00188,-0.00167,0.00564,0.95392,0.00339,0.00618,3,12112,0,6810,0.19423,0.11269,0.58021,94,1,95.495,60,1,3,2594,187491,0,0,0.000,38.836,3.879,0,0.000,180.376,1.916,0,0,1,0,2
PPG,3,103683,4148871552,120,75309,82050,81939.234,110.766,46.977,0,0,0,0,71.43,71.43,2,1,0,nan,4,1,24,1,1,3,3,0,0,0,4150154520,0.03760,0.00513,0.94922,0.94998,-0.00612,0.00105,-0.00087,0.00627,0.95509,0.00587,0.00627,3,12160,0,6810,0.19423,0.11269,0.58021,94,1,95.495,60,1,3,4326,187491,0,0,0.000,38.836,3.879,0,0.000,180.376,1.916,0,0,1,0,2
PPG,3,103684,4148911552,122,75232,81993,81939.773,53.227,-35.820,0,0,0,0,71.43,71.43,2,1,0,nan,4,1,24,1,1,4,4,0,0,0,4150193592,0.02856,0.00488,0.94995,0.95039,-0.00532,0.00079,-0.00194,0.00571,0.95329,0.00290,0.00693,3,12117,0,6810,0.19423,0.11269,0.58021,94,1,95.495,60,1,3,4298,187491,0,0,0.000,38.836,3.879,0,0.000,180.376,1.916,0,0,1,0,2
PPG,3,103685,4148951552,120,75207,81968,81940.055,27.945,-94.141,0,0,0,0,71.43,71.43,2,1,0,nan,4,1,24,1,1,5,5,0,0,0,4150232649,0.05542,0.01294,0.95288,0.95458,-0.00638,-0.00001,-0.00194,0.00667,0.95458,0.00349,0.00710,3,12142,0,6810,0.19423,0.11269,0.58021,94,1,95.495,60,1,3,2602,187491,0,0,0.000,38.836,3.879,0,0.000,180.376,1.916,0,0,1,0,2
PPG,3,103686,4148991552,137,74966,81693,81937.586,-244.586,-149.492,1,0,1,0,0.00,nan,1,2,0,nan,4,1,24,1,1,6,6,0,0,0,4150274488,0.02710,0.00073,0.95435,0.95473,-0.00479,0.00292,-0.00194,0.00593,0.95473,0.00466,0.00593,3,12337,0,6810,0.19423,0.11269,0.58021,94,1,95.495,60,1,6,4312,187491,0,0,266.664,38.836,3.879,1,464.289,180.376,1.916,1,1,1,0,1
PPG,3,103687,4149031552,119,74641,81391,81932.117,-541.117,-223.180,0,0,0,0,0.00,nan,1,2,0,nan,4,1,24,1,1,7,7,0,0,0,4150313775,0.03491,0.00366,0.94995,0.95060,-0.00692,-0.00055,-0.00114,0.00703,0.96159,0.01099,0.00703,3,12253,0,6810,0.19423,0.11269,0.58021,94,1,95.495,60,1,6,4345,187491,0,0,0.000,39.680,4.376,0,0.000,181.212,2.013,0,0,1,0,1
PPG,3,103688,4149071552,120,74742,81519,81927.984,-408.984,-293.539,0,0,0,0,0.00,nan,1,2,0,nan,4,1,24,1,1,8,8,0,0,0,4150353094,0.05200,0.00928,0.94824,0.94971,-0.00612,-0.00028,-0.00300,0.00682,0.95373,0.00715,0.00682,3,12302,0,6810,0.19423,0.11269,0.58021,94,1,95.495,60,1,6,4341,187491,0,0,0.000,39.680,4.376,0,0.000,181.212,2.013,0,0,1,0,1
PPG,3,103689,4149111552,130,74883,81743,81926.133,-183.133,-333.164,0,0,0,0,0.00,nan,1,2,0,nan,4,1,24,1,1,9,9,0,0,0,4150392311,0.02246,0.00073,0.95288,0.95315,-0.00585,-0.00188,-0.00087,0.00621,0.95315,0.00251,0.00673,3,12269,0,6810,0.19423,0.11269,0.58021,94,1,95.495,60,1,6,2639,187491,0,0,0.000,39.680,4.376,0,0.000,181.212,2.013,0,0,1,0,1
PPG,3,103690,4149151552,119,74988,81856,81925.430,-69.430,-349.781,0,0,0,0,0.00,nan,1,2,0,nan,4,1,24,1,1,10,10,0,0,0,4150434218,0.05127,0.01562,0.95654,0.95804,-0.00612,-0.00534,-0.00194,0.00835,0.95804,0.01327,0.00835,3,12235,0,6810,0.19423,0.11269,0.58021,94,1,95.495,60,1,6,4325,187491,0,0,0.000,39.680,4.376,0,0.000,181.212,2.013,0,0,1,0,1
PPG,3,103691,4149191552,119,75023,81873,81924.906,-51.906,-354.219,0,0,0,0,0.00,nan,1,2,0,nan,4,1,24,1,1,11,11,0,0,0,4150473605,0.02905,0.00171,0.95459,0.95503,-0.00479,0.00185,-0.00194,0.00548,0.95768,0.00664,0.00638,3,12268,0,6810,0.19423,0.11269,0.58021,94,1,95.495,60,1,6,4333,187491,0,0,0.000,39.680,4.376,0,0.000,181.212,2.013,0,0,1,0,1
PPG,3,103692,4149231552,121,75007,81833,81923.984,-90.984,-352.758,0,0,0,0,0.00,nan,1,2,0,nan,4,1,24,1,1,12,12,0,0,0,4150512870,0.04468,0.00488,0.94678,0.94784,-0.00585,0.00079,-0.00194,0.00621,0.95213,0.00290,0.00737,3,12249,0,6810,0.19423,0.11269,0.58021,94,1,95.495,60,1,6,4316,187491,0,0,0.000,39.680,4.376,0,0.000,181.212,2.013,0,0,1,0,1
PPG,3,103693,4149271552,134,75081,81925,81923.992,1.008,-297.812,0,0,0,0,0.00,nan,1,2,0,nan,4,1,24,1,1,13,13,0,0,0,4150552061,0.03857,0.00537,0.95044,0.95124,-0.00479,0.00265,-0.00194,0.00580,0.95446,0.00661,0.00644,3,12286,0,6810,0.19423,0.11269,0.58021,94,1,95.495,60,1,6,2630,187491,0,0,0.000,39.680,4.376,0,0.000,181.212,2.013,0,0,1,0,1
PPG,3,103694,4149311552,523,75145,81967,81924.422,42.578,-192.977,0,0,0,0,0.00,nan,1,2,0,nan,4,1,24,1,1,14,14,0,0,0,4150594067,0.03247,0.00977,0.95093,0.95153,-0.00558,0.00238,-0.00114,0.00618,0.95674,0.00521,0.00618,3,12262,0,6810,0.21224,0.18107,0.85313,100,1,88.672,93,1,6,4345,187491,0,0,0.000,39.680,4.376,0,0.000,181.212,2.013,0,0,1,0,1
PPG,3,103695,4149351552,169,75159,81953,81924.711,28.289,-104.781,0,0,0,0,0.00,nan,1,2,0,nan,4,1,24,1,1,15,15,0,0,0,4150633700,0.04614,0.00684,0.94922,0.95036,-0.00585,0.00025,-0.00247,0.00636,0.95864,0.01215,0.00697,3,12228,0,6810,0.21224,0.18107,0.85313,100,1,88.672,93,1,6,4332,187491,0,0,0.000,39.680,4.376,0,0.000,181.212,2.013,0,0,1,0,1
PPG,3,103696,4149391552,129,75137,81911,81924.570,-13.570,-49.883,0,0,0,0,0.00,nan,1,2,0,nan,4,1,24,1,1,16,16,0,0,0,4150673030,0.03223,0.00244,0.95288,0.95343,-0.00612,0.00345,-0.00141,0.00716,0.95630,0.00545,0.00727,3,12276,0,6810,0.21224,0.18107,0.85313,100,1,88.672,93,1,6,4336,187491,0,0,0.000,39.680,4.376,0,0.000,181.212,2.013,0,0,1,0,1
PPG,3,103697,4149431552,121,74814,81525,81920.578,-395.578,-47.508,0,0,0,0,0.00,nan,1,2,0,nan,4,1,24,1,1,17,17,0,0,0,4150712203,0.04541,0.00586,0.95288,0.95398,-0.00638,-0.00188,-0.00167,0.00686,0.95443,0.00504,0.00700,3,12221,0,6810,0.21224,0.18107,0.85313,100,1,88.672,93,1,6,2630,187491,0,0,0.000,39.680,4.376,0,0.000,181.212,2.013,0,0,1,0,1
PPG,3,103698,4149471552,140,74469,81243,81913.805,-670.805,-82.508,0,0,0,0,0.00,nan,1,2,0,nan,4,1,24,1,1,18,18,0,0,0,4150754013,0.03027,0.00635,0.95898,0.95948,-0.00585,-0.00161,-0.00141,0.00623,0.95948,0.00924,0.00686,3,12237,0,6810,0.21224,0.18107,0.85313,100,1,88.672,93,1,6,4326,187491,0,0,0.000,39.680,4.376,0,0.000,181.212,2.013,0,0,1,0,1
PPG,3,103699,4149511552,117,74542,81446,81909.125,-463.125,-102.297,0,0,0,0,0.00,nan,1,2,0,nan,4,1,24,1,1,19,19,0,0,0,4150793245,0.03857,0.00830,0.95117,0.95199,-0.00692,-0.00001,-0.00194,0.00718,0.95483,0.00658,0.00718,3,12238,0,6810,0.21224,0.18107,0.85313,100,1,88.672,93,1,6,4332,187491,0,0,0.000,39.680,4.376,0,0.000,181.212,2.013,0,0,1,0,1
PPG,3,103700,4149551552,127,74582,81547,81905.500,-358.500,-129.398,0,0,0,0,0.00,nan,1,2,0,nan,4,1,24,1,1,20,20,0,0,0,4150832435,0.03833,0.00269,0.94189,0.94268,-0.00585,-0.00028,-0.00167,0.00609,0.94923,0.00440,0.00669,3,12231,0,6810,0.21224,0.18107,0.85313,100,1,88.672,93,1,6,2628,187491,0,0,0.000,39.680,4.376,0,0.000,181.212,2.013,0,0,1,0,1
PPG,3,103701,4149591552,117,74547,81402,81900.469,-498.469,-172.461,0,0,0,0,0.00,nan,1,2,0,nan,4,1,24,1,1,21,21,0,0,0,4150874263,0.03906,0.00220,0.95166,0.95246,-0.00558,-0.00081,-0.00141,0.00582,0.95774,0.01506,0.00582,3,12254,0,6810,0.21224,0.18107,0.85313,100,1,88.672,93,1,6,4349,187491,0,0,0.000,39.680,4.376,0,0.000,181.212,2.013,0,0,1,0,1
PPG,3,103702,4149631552,160,74481,81416,81895.625,-479.625,-214.133,0,0,0,0,0.00,nan,1,2,0,nan,4,1,24,1,1,22,22,0,0,0,4150913303,0.04102,0.00610,0.94922,0.95012,-0.00479,0.00345,-0.00167,0.00613,0.95140,0.00394,0.00678,3,12166,0,6810,0.21224,0.18107,0.85313,100,1,88.672,93,1,6,4364,187491,0,0,0.000,39.680,4.376,0,0.000,181.212,2.013,0,0,1,0,1
PPG,3,103703,4149671552,120,74294,81430,81890.969,-460.969,-251.844,0,0,0,0,0.00,nan,1,2,0,nan,4,1,24,1,1,23,23,0,0,0,4150952399,0.03394,0.00464,0.95313,0.95374,-0.00479,-0.00055,-0.00114,0.00495,0.95385,0.00373,0.00581,3,12120,0,6810,0.21224,0.18107,0.85313,100,1,88.672,93,1,6,2640,187491,0,0,0.000,39.680,4.376,0,0.000,181.212,2.013,0,0,1,0,1
PPG,3,103704,4149711552,126,74587,81877,81890.828,-13.828,-195.758,0,0,0,0,0.00,nan,1,2,0,nan,4,1,24,1,1,24,24,0,0,0,4151010322,0.03662,0.00830,0.94653,0.94728,-0.00665,-0.00561,-0.00087,0.00874,0.95185,0.00653,0.00874,4,16346,0,6810,0.21224,0.18107,0.85313,100,1,88.672,93,1,6,16276,187491,0,0,0.000,39.680,4.376,0,0.000,181.212,2.013,0,0,1,0,1
PPG,3,103705,4149751552,144,74673,82221,81894.133,326.867,-68.688,1,0,1,760,78.95,78.95,2,1,0,nan,4,1,24,1,1,25,25,0,0,0,4151034626,0.03247,0.00513,0.94946,0.95003,-0.00692,-0.00534,-0.00274,0.00916,0.95594,0.00866,0.00950,2,12191,0,6810,0.21224,0.18107,0.85313,100,1,88.672,93,1,3,4296,187491,0,0,274.828,39.680,4.376,1,306.711,181.212,2.013,1,1,1,0,2
PPG,3,103706,4149791552,124,74717,82474,81899.930,574.070,39.109,0,0,0,0,78.95,78.95,2,1,0,nan,4,1,24,1,1,26,26,0,0,0,4151073781,0.03687,0.00488,0.95190,0.95263,-0.00718,-0.00827,-0.00141,0.01105,0.97483,0.02480,0.01178,3,12189,0,6810,0.21224,0.18107,0.85313,100,1,88.672,93,1,3,4309,187491,0,0,0.000,40.469,4.841,0,0.000,180.960,1.984,0,0,1,0,2
PPG,3,103707,4149831552,122,74809,82602,81906.953,695.047,129.281,0,0,0,0,78.95,78.95,2,1,0,nan,4,1,24,1,1,27,27,0,0,0,4151112786,0.04053,0.00537,0.95020,0.95107,-0.00665,-0.00321,-0.00141,0.00752,0.95146,0.00697,0.00799,3,12120,0,6810,0.21224,0.18107,0.85313,100,1,88.672,93,1,3,2595,187491,0,0,0.000,40.469,4.841,0,0.000,180.960,1.984,0,0,1,0,2
PPG,3,103708,4149871552,122,74858,82719,81915.070,803.930,257.422,0,0,0,0,78.95,78.95,2,1,0,nan,4,1,24,1,1,28,28,0,0,0,4151154309,0.03857,0.00879,0.95020,0.95102,-0.00585,-0.00081,-0.00221,0.00631,0.95542,0.00435,0.00646,3,12118,0,6810,0.21224,0.18107,0.85313,100,1,88.672,93,1,3,4308,187491,0,0,0.000,40.469,4.841,0,0.000,180.960,1.984,0,0,1,0,2
PPG,3,103709,4149911552,121,74854,82735,81923.273,811.727,396.250,0,0,0,0,78.95,78.95,2,1,0,nan,4,1,24,1,1,29,29,0,0,0,4151193280,0.04126,0.00635,0.95337,0.95428,-0.00585,-0.00135,-0.00114,0.00611,0.95428,0.00518,0.00611,3,12127,0,6810,0.21224,0.18107,0.85313,100,1,88.672,93,1,3,4304,187491,0,0,0.000,40.469,4.841,0,0.000,180.960,1.984,0,0,1,0,2
PPG,3,103710,4149951552,122,74850,82774,81931.781,842.219,542.352,0,0,0,0,78.95,78.95,2,1,0,nan,4,1,24,1,1,30,30,0,0,0,4151232242,0.04126,0.00317,0.94604,0.94695,-0.00585,-0.00188,-0.00141,0.00630,0.95380,0.00370,0.00656,3,12138,0,6810,0.21224,0.18107,0.85313,100,1,88.672,93,1,3,2601,187491,0,0,0.000,40.469,4.841,0,0.000,180.960,1.984,0,0,1,0,2
PPG,3,103711,4149991552,121,75055,83042,81942.883,1099.117,650.328,0,0,0,0,78.95,78.95,2,1,0,nan,4,1,24,1,1,31,31,0,0,0,4151273794,0.03882,0.00391,0.95337,0.95417,-0.00638,-0.00081,-0.00141,0.00659,0.95417,0.00500,0.00659,3,12153,0,6810,0.21224,0.18107,0.85313,100,1,88.672,93,1,3,4326,187491,0,0,0.000,40.469,4.841,0,0.000,180.960,1.984,0,0,1,0,2
PPG,3,103712,4150031552,123,75129,83171,81955.164,1215.836,719.141,0,0,0,0,78.95,78.95,2,1,0,nan,4,1,24,1,1,0,0,0,0,0,4151312839,0.03540,0.00635,0.95215,0.95283,-0.00638,0.00025,-0.00221,0.00676,0.95724,0.00461,0.00714,3,12119,0,6810,0.21224,0.18107,0.85313,100,1,88.672,93,1,3,2601,187491,0,0,0.000,40.469,4.841,0,0.000,180.960,1.984,0,0,1,0,2
PPG,3,103713,4150071552,122,75004,83016,81965.773,1050.227,742.023,0,0,0,0,78.95,78.95,2,1,0,nan,4,1,24,1,1,1,1,0,0,0,4151354377,0.03467,0.00586,0.96362,0.96426,-0.00558,0.00212,-0.00061,0.00600,0.96426,0.01074,0.00600,3,12113,0,6810,0.21224,0.18107,0.85313,100,1,88.672,93,1,3,4296,187491,0,0,0.000,40.469,4.841,0,0.000,180.960,1.984,0,0,1,0,2
PPG,3,103714,4150111552,135,74930,82939,81975.508,963.492,741.562,0,1,0,0,78.95,78.95,2,1,0,nan,4,1,24,1,1,2,2,0,0,0,4151393313,0.03979,0.00854,0.95483,0.95570,-0.00638,-0.00241,-0.00114,0.00692,0.95570,0.01714,0.00692,3,12111,0,6810,0.21224,0.18107,0.85313,100,1,88.672,93,1,3,4306,187491,0,0,0.000,40.469,4.841,0,0.000,180.960,1.984,0,0,1,0,2
PPG,3,103715,4150151552,123,74954,82990,81985.656,1004.344,728.430,0,0,0,0,78.95,78.95,2,1,0,nan,4,1,24,1,1,3,3,0,0,0,4151432338,0.03882,0.00830,0.95288,0.95371,-0.00505,0.00079,-0.00141,0.00530,0.95985,0.01249,0.00631,3,12121,0,6810,0.21224,0.18107,0.85313,100,1,88.672,93,1,3,2599,187491,0,0,0.000,40.469,4.841,0,0.000,180.960,1.984,0,0,1,0,2
PPG,3,103716,4150191552,132,74922,82932,81995.117,936.883,705.523,0,0,0,0,78.95,78.95,2,1,0,nan,4,1,24,1,1,4,4,0,0,0,4151473877,0.03418,0.00610,0.95435,0.95498,-0.00558,0.00212,-0.00087,0.00604,0.95567,0.01102,0.00744,3,12124,0,6810,0.21224,0.18107,0.85313,100,1,88.672,93,1,3,4314,187491,0,0,0.000,40.469,4.841,0,0.000,180.960,1.984,0,0,1,0,2
PPG,3,103717,4150231552,121,74931,82964,82004.805,959.195,660.711,0,0,0,0,78.95,78.95,2,1,0,nan,4,1,24,1,1,5,5,0,0,0,4151512902,0.03687,0.00488,0.95190,0.95263,-0.00505,0.00105,-0.00114,0.00528,0.95263,0.00922,0.00528,3,12117,0,6810,0.21224,0.18107,0.85313,100,1,88.672,93,1,3,2595,187491,0,0,0.000,40.469,4.841,0,0.000,180.960,1.984,0,0,1,0,2
PPG,3,103718,4150271552,132,74927,82952,82014.273,937.727,562.406,0,0,0,0,78.95,78.95,2,1,0,nan,4,1,24,1,1,6,6,0,0,0,4151554419,0.04053,0.00513,0.95483,0.95571,-0.00612,-0.00241,-0.00061,0.00660,0.95866,0.01110,0.00672,3,12126,0,6810,0.21224,0.18107,0.85313,100,1,88.672,93,1,3,4297,187491,0,0,0.000,40.469,4.841,0,0.000,180.960,1.984,0,0,1,0,2
PPG,3,103719,4150311552,512,74865,82863,82022.758,840.242,447.562,0,0,0,0,78.95,78.95,2,1,0,nan,4,1,24,1,1,7,7,0,0,0,4151593435,0.03638,0.00732,0.95874,0.95946,-0.00558,0.00079,-0.00167,0.00588,0.95946,0.00596,0.00641,3,12158,0,6810,0.47323,0.33926,0.71692,83,1,92.077,100,1,3,4302,187491,0,0,0.000,40.469,4.841,0,0.000,180.960,1.984,0,0,1,0,2
PPG,3,103720,4150351552,174,74807,82809,82030.617,778.383,354.891,0,0,0,0,78.95,78.95,2,1,0,nan,4,1,24,1,1,8,8,0,0,0,4151632861,0.04028,0.00854,0.95239,0.95328,-0.00558,-0.00135,-0.00141,0.00591,0.95413,0.00565,0.00721,3,12112,0,6810,0.47323,0.33926,0.71692,83,1,92.077,100,1,3,2596,187491,0,0,0.000,40.469,4.841,0,0.000,180.960,1.984,0,0,1,0,2
PPG,3,103721,4150391552,122,74922,82935,82039.664,895.336,277.664,1,0,0,0,78.95,78.95,2,1,0,nan,4,1,24,1,1,9,9,0,0,0,4151674448,0.03662,0.00757,0.95190,0.95264,-0.00665,-0.00135,-0.00114,0.00688,0.95950,0.00622,0.00710,3,12110,0,6810,0.47323,0.33926,0.71692,83,1,92.077,100,1,3,4301,187491,0,0,0.000,40.469,4.841,0,993.867,180.960,1.984,1,0,1,0,2
PPG,3,103722,4150431552,123,74960,82936,82048.625,887.375,193.953,0,0,0,0,78.95,78.95,2,1,0,nan,4,1,24,1,1,10,10,0,0,0,4151713413,0.03931,0.00928,0.95532,0.95618,-0.00638,-0.00028,-0.00194,0.00668,0.95618,0.00595,0.00668,3,12116,0,6810,0.47323,0.33926,0.71692,83,1,92.077,100,1,3,4294,187491,0,0,0.000,40.469,4.841,0,0.000,180.960,1.984,0,0,1,0,2
PPG,3,103723,4150471552,121,74962,82796,82056.102,739.898,106.219,0,0,0,0,78.95,78.95,2,1,0,nan,4,1,24,1,1,11,11,0,0,0,4151752360,0.03564,0.00903,0.95508,0.95579,-0.00612,-0.00081,-0.00167,0.00639,0.95579,0.00552,0.00639,3,12124,0,6810,0.47323,0.33926,0.71692,83,1,92.077,100,1,3,2600,187491,0,0,0.000,40.469,4.841,0,0.000,180.960,1.984,0,0,1,0,2
PPG,3,103724,4150511552,131,74965,82732,82062.859,669.141,30.328,0,0,0,0,78.95,78.95,2,1,0,nan,4,1,24,1,1,12,12,0,0,0,4151793920,0.03833,0.00439,0.95508,0.95586,-0.00532,-0.00215,-0.00167,0.00597,0.95586,0.00681,0.00597,3,12168,0,6810,0.47323,0.33926,0.71692,83,1,92.077,100,1,3,4301,187491,0,0,0.000,40.469,4.841,0,0.000,180.960,1.984,0,0,1,0,2
PPG,3,103725,4150551552,125,75071,82841,82070.641,770.359,-16.531,0,0,0,0,78.95,78.95,2,1,0,nan,4,1,24,1,1,13,13,0,0,0,4151832852,0.03833,0.00513,0.95532,0.95610,-0.00665,-0.00135,-0.00221,0.00713,0.95655,0.00144,0.00713,3,12113,0,6810,0.47323,0.33926,0.71692,83,1,92.077,100,1,3,2598,187491,0,0,544.352,40.469,4.841,1,0.000,180.960,1.984,0,0,1,0,2
PPG,3,103726,4150591552,123,75066,82907,82079.008,827.992,-31.891,0,0,0,0,78.95,78.95,2,1,0,nan,4,1,24,1,1,14,14,0,0,0,4151874397,0.03735,0.00537,0.95239,0.95314,-0.00638,-0.00135,-0.00087,0.00658,0.95387,0.00249,0.00658,3,12119,0,6810,0.47323,0.33926,0.71692,83,1,92.077,100,1,3,4299,187491,0,0,0.000,40.469,4.841,0,0.000,180.960,1.984,0,0,1,0,2
PPG,3,103727,4150631552,121,75012,82834,82086.555,747.445,-39.922,0,0,0,0,78.95,78.95,2,1,0,nan,4,1,24,1,1,15,15,0,0,0,4151913337,0.03979,0.00806,0.95361,0.95448,-0.00558,-0.00108,-0.00141,0.00586,0.95448,0.00544,0.00688,3,12122,0,6810,0.47323,0.33926,0.71692,83,1,92.077,100,1,3,2598,187491,0,0,0.000,40.469,4.841,0,0.000,180.960,1.984,0,0,1,0,2
PPG,3,103728,4150671552,122,74973,82734,82093.031,640.969,-69.391,0,0,0,0,78.95,78.95,2,1,0,nan,4,1,24,1,1,16,16,0,0,0,4151954861,0.03809,0.00562,0.94824,0.94902,-0.00558,-0.00135,-0.00194,0.00606,0.95152,0.00296,0.00630,3,12112,0,6810,0.47323,0.33926,0.71692,83,1,92.077,100,1,3,4299,187491,0,0,0.000,40.469,4.841,0,0.000,180.960,1.984,0,0,1,0,2
PPG,3,103729,4150711552,216,74949,82694,82099.039,594.961,-101.906,0,0,0,0,78.95,78.95,2,1,0,nan,4,1,24,1,1,17,17,0,0,0,4152010491,0.03906,0.00415,0.95581,0.95662,-0.00638,-0.00028,-0.00087,0.00645,0.95662,0.00889,0.00691,4,16678,0,6810,0.47323,0.33926,0.71692,83,1,92.077,100,1,3,16618,187491,0,0,0.000,40.342,4.860,0,0.000,180.960,1.984,0,0,1,0,2
PPG,3,103730,4150751552,123,74951,82711,82105.156,605.844,-110.898,0,0,0,0,78.95,78.95,2,1,0,nan,4,1,24,1,1,18,18,0,0,0,4152035138,0.04004,0.00708,0.94702,0.94789,-0.00558,0.00052,-0.00141,0.00578,0.95246,0.00457,0.00578,2,12243,0,6810,0.47323,0.33926,0.71692,83,1,92.077,100,1,3,4297,187491,0,0,0.000,40.342,4.860,0,0.000,180.960,1.984,0,0,1,0,2
PPG,3,103731,4150791552,124,74961,82733,82111.438,621.562,-95.312,0,0,0,0,78.95,78.95,2,1,0,nan,4,1,24,1,1,19,19,0,0,0,4152074120,0.03735,0.00732,0.95044,0.95120,-0.00532,0.00025,-0.00087,0.00540,0.95130,0.00340,0.00592,3,12108,0,6810,0.47323,0.33926,0.71692,83,1,92.077,100,1,3,4296,187491,0,0,0.000,40.342,4.860,0,0.000,180.960,1.984,0,0,1,0,2
PPG,3,103732,4150831552,131,74951,82741,82117.734,623.266,-88.094,0,0,0,0,78.95,78.95,2,1,0,nan,4,1,24,1,1,20,20,0,0,0,4152113185,0.03784,0.00537,0.95239,0.95316,-0.00585,-0.00001,-0.00167,0.00609,0.95563,0.00686,0.00619,3,12143,0,6810,0.47323,0.33926,0.71692,83,1,92.077,100,1,3,2660,187491,0,0,0.000,37.912,5.257,0,0.000,180.960,1.984,0,0,1,0,2
PPG,3,103733,4150871552,131,75001,82780,82124.359,655.641,-94.438,0,0,0,0,78.95,78.95,2,1,0,nan,4,1,24,1,1,21,21,0,0,0,4152154919,0.03735,0.00781,0.95313,0.95389,-0.00425,0.00398,-0.00274,0.00644,0.95484,0.00175,0.00648,3,12188,0,6810,0.47323,0.33926,0.71692,83,1,92.077,100,1,3,4368,187491,0,0,0.000,37.912,5.257,0,0.000,166.741,2.172,0,0,1,0,2
PPG,3,103734,4150911552,122,75014,82795,82131.062,663.938,-92.812,0,0,0,0,78.95,78.95,2,1,0,nan,4,1,24,1,1,22,22,0,0,0,4152194197,0.03662,0.00830,0.95605,0.95679,-0.00532,0.00425,-0.00274,0.00734,0.95679,0.00829,0.00812,3,12337,0,6810,0.47323,0.33926,0.71692,83,1,92.077,100,1,3,4332,187491,0,0,0.000,37.912,5.257,0,0.000,166.741,2.172,0,0,1,0,2
PPG,3,103735,4150951552,128,75004,82762,82137.375,624.625,-77.406,0,0,0,0,78.95,78.95,2,1,0,nan,4,1,24,1,1,23,23,0,0,0,4152233602,0.03711,0.00439,0.95190,0.95264,-0.00585,0.00158,-0.00327,0.00689,0.95264,0.00885,0.00754,3,12265,0,6810,0.47323,0.33926,0.71692,83,1,92.077,100,1,3,4335,187491,0,0,0.000,37.912,5.257,0,0.000,166.741,2.172,0,0,1,0,2
PPG,3,103736,4150991552,122,74984,82765,82143.648,621.352,-58.914,0,0,0,0,78.95,78.95,2,1,0,nan,4,1,24,1,1,24,24,0,0,0,4152273044,0.03711,0.00781,0.95166,0.95242,-0.00558,0.00052,-0.00167,0.00585,0.95242,0.00120,0.00585,3,12267,0,6810,0.47323,0.33926,0.71692,83,1,92.077,100,1,3,2613,187491,0,0,0.000,37.912,5.257,0,0.000,166.741,2.172,0,0,1,0,2
PPG,3,103737,4151031552,161,74941,82738,82149.594,588.406,-43.758,0,0,0,0,78.95,78.95,2,1,0,nan,4,1,24,1,1,25,25,0,0,0,4152314941,0.03564,0.00513,0.95288,0.95356,-0.00585,-0.00001,-0.00087,0.00592,0.95385,0.00682,0.00623,3,12254,0,6810,0.47323,0.33926,0.71692,83,1,92.077,100,1,3,4327,187491,0,0,0.000,35.307,5.763,0,0.000,166.741,2.172,0,0,1,0,2
PPG,3,103738,4151071552,121,74917,82667,82154.766,512.234,-38.938,0,0,0,0,78.95,78.95,2,1,0,nan,4,1,24,1,1,26,26,0,0,0,4152354324,0.03638,0.00562,0.95239,0.95310,-0.00612,0.00079,-0.00167,0.00639,0.95461,0.00358,0.00639,3,12257,0,6810,0.47323,0.33926,0.71692,83,1,92.077,100,1,3,4344,187491,0,0,0.000,35.307,5.763,0,0.000,166.741,2.172,0,0,1,0,2
PPG,3,103739,4151111552,121,74952,82682,82160.039,521.961,-38.312,0,0,0,0,78.95,78.95,2,1,0,nan,4,1,24,1,1,27,27,0,0,0,4152393708,0.03491,0.00708,0.94751,0.94818,-0.00558,0.00105,-0.00221,0.00610,0.95117,0.00362,0.00631,3,12267,0,6810,0.47323,0.33926,0.71692,83,1,92.077,100,1,3,4334,187491,0,0,0.000,35.307,5.763,0,0.000,166.741,2.172,0,0,1,0,2
PPG,3,103740,4151151552,131,74990,82727,82165.711,561.289,-41.789,0,0,0,0,78.95,78.95,2,1,0,nan,4,1,24,1,1,28,28,0,0,0,4152433064,0.03735,0.00732,0.94971,0.95047,-0.00532,-0.00028,-0.00274,0.00599,0.95063,0.00274,0.00634,3,12261,0,6810,0.47323,0.33926,0.71692,83,1,92.077,100,1,3,2620,187491,0,0,0.000,35.307,5.763,0,0.000,157.109,2.321,0,0,1,0,2
PPG,3,103741,4151191552,128,75006,82753,82171.586,581.414,-38.688,0,0,0,0,78.95,78.95,2,1,0,nan,4,1,24,1,1,29,29,0,0,0,4152474961,0.03442,0.00562,0.95190,0.95254,-0.00638,-0.00135,-0.00194,0.00681,0.95621,0.00538,0.00693,3,12264,0,6810,0.47323,0.33926,0.71692,83,1,92.077,100,1,3,4335,187491,0,0,0.000,35.307,5.763,0,0.000,157.109,2.321,0,0,1,0,2
PPG,3,103742,4151231552,126,74954,82689,82176.758,512.242,-36.758,0,0,0,0,78.95,78.95,2,1,0,nan,4,1,24,1,1,30,30,0,0,0,4152514342,0.03613,0.00732,0.94751,0.94823,-0.00612,-0.00108,-0.00247,0.00669,0.95007,0.00302,0.00669,3,12260,0,6810,0.47323,0.33926,0.71692,83,1,92.077,100,1,3,4346,187491,0,0,0.000,35.307,5.763,0,0.000,157.109,2.321,0,0,1,0,2
PPG,3,103743,4151271552,129,74878,82551,82180.500,370.500,-55.086,0,0,0,0,78.95,78.95,2,1,0,nan,4,1,24,1,1,31,31,0,0,0,4152553635,0.04761,0.00537,0.98975,0.99090,-0.00585,-0.02080,0.00019,0.02161,0.99090,0.02978,0.02336,3,12250,0,6810,0.47323,0.33926,0.71692,83,1,92.077,100,1,3,4332,187491,0,0,0.000,35.307,5.763,0,0.000,144.850,2.544,0,0,1,0,2
PPG,3,103744,4151311552,604,74818,82383,82182.523,200.477,-88.352,0,0,0,0,78.95,78.95,2,1,0,nan,4,1,24,1,1,0,0,0,0,0,4152592908,0.03296,0.00928,0.94214,0.94276,-0.00452,0.00345,-0.00167,0.00593,0.96301,0.05196,0.01540,3,12233,0,6810,0.57892,0.32978,0.56964,74,1,95.759,107,1,3,2618,187491,0,0,0.000,35.307,5.763,0,0.000,144.850,2.544,0,0,1,0,2
PPG,3,103745,4151351552,173,74833,82307,82183.766,123.234,-113.078,0,0,0,0,78.95,78.95,2,1,0,nan,4,1,24,1,1,1,1,0,0,0,4152635315,0.03467,0.00488,0.94385,0.94450,-0.00638,-0.00268,-0.00141,0.00706,0.95762,0.01312,0.00755,3,12234,0,6810,0.57892,0.32978,0.56964,74,1,95.759,107,1,3,4338,187491,0,0,0.000,35.307,5.763,0,0.000,144.850,2.544,0,0,1,0,2
PPG,3,103746,4151391552,122,74941,82332,82185.250,146.750,-134.328,0,0,0,0,78.95,78.95,2,1,0,nan,4,1,24,1,1,2,2,0,0,0,4152674600,0.04150,0.01001,0.95190,0.95286,-0.00612,-0.00374,-0.00141,0.00731,0.95591,0.01047,0.00731,3,12214,0,6810,0.57892,0.32978,0.56964,74,1,95.759,107,1,3,4327,187491,0,0,0.000,35.307,5.763,0,0.000,144.850,2.544,0,0,1,0,2
PPG,3,103747,4151431552,134,74891,82296,82186.359,109.641,-169.000,0,0,0,0,78.95,78.95,2,1,0,nan,4,1,24,1,1,3,3,0,0,0,4152713924,0.04102,0.00879,0.95264,0.95356,-0.00585,-0.00295,-0.00114,0.00665,0.96118,0.01270,0.00697,3,12308,0,6810,0.57892,0.32978,0.56964,74,1,95.759,107,1,3,4339,187491,0,0,0.000,33.367,6.208,0,0.000,144.850,2.544,0,0,1,0,2
PPG,3,103748,4151471552,123,74859,82282,82187.312,94.688,-213.688,0,0,0,0,78.95,78.95,2,1,0,nan,4,1,24,1,1,4,4,0,0,0,4152753177,0.03369,0.00146,0.95215,0.95275,-0.00585,-0.00295,-0.00194,0.00683,0.96363,0.01089,0.00737,3,12244,0,6810,0.57892,0.32978,0.56964,74,1,95.759,107,1,3,2646,187491,0,0,0.000,33.367,6.208,0,0.000,144.850,2.544,0,0,1,0,2
PPG,3,103749,4151511552,175,74862,82342,82188.859,153.141,-245.656,0,0,0,0,78.95,78.95,2,1,0,nan,4,1,24,1,1,5,5,0,0,0,4152795107,0.04395,0.00781,0.95508,0.95612,-0.00638,0.00079,-0.00327,0.00722,0.95612,0.00627,0.00722,3,12196,0,6810,0.57892,0.32978,0.56964,74,1,95.759,107,1,3,4361,187491,0,0,0.000,33.367,6.208,0,0.000,144.850,2.544,0,0,1,0,2
PPG,3,103750,4151551552,180,74949,82549,82192.461,356.539,-237.844,0,0,0,0,78.95,78.95,2,1,0,nan,4,1,24,1,1,6,6,0,0,0,4152834456,0.03516,0.00806,0.94897,0.94966,-0.00612,-0.00001,-0.00141,0.00628,0.95523,0.00377,0.00628,3,12152,0,6810,0.57892,0.32978,0.56964,74,1,95.759,107,1,3,4324,187491,0,0,0.000,33.367,6.208,0,0.000,144.850,2.544,0,0,1,0,2
PPG,3,103751,4151591552,119,74950,82596,82196.500,399.500,-200.562,0,0,0,0,78.95,78.95,2,1,0,nan,4,1,24,1,1,7,7,0,0,0,4152873711,0.03613,0.00684,0.94971,0.95042,-0.00638,-0.00295,0.00019,0.00703,0.95304,0.00576,0.00703,3,12119,0,6810,0.57892,0.32978,0.56964,74,1,95.759,107,1,3,2635,187491,0,0,0.000,33.367,6.208,0,0.000,144.850,2.544,0,0,1,0,2
PPG,3,103752,4151631552,122,74899,82484,82199.375,284.625,-162.430,0,0,0,0,78.95,78.95,2,1,0,nan,4,1,24,1,1,8,8,0,0,0,4152915382,0.03833,0.00708,0.95386,0.95465,-0.00532,-0.00028,-0.00141,0.00551,0.95465,0.00527,0.00575,3,12166,0,6810,0.57892,0.32978,0.56964,74,1,95.759,107,1,3,4303,187491,0,0,0.000,33.367,6.208,0,0.000,144.850,2.544,0,0,1,0,2
PPG,3,103753,4151671552,128,74844,82464,82202.023,261.977,-127.773,0,0,0,0,78.95,78.95,2,1,0,nan,4,1,24,1,1,9,9,0,0,0,4152954448,0.03516,0.00464,0.95142,0.95208,-0.00585,-0.00161,-0.00141,0.00623,0.95881,0.00674,0.00651,3,12132,0,6810,0.57892,0.32978,0.56964,74,1,95.759,107,1,3,4300,187491,0,0,0.000,33.367,6.208,0,0.000,144.850,2.544,0,0,1,0,2
PPG,3,103754,4151711552,126,74798,82463,82204.633,258.367,-87.312,0,0,0,0,78.95,78.95,2,1,0,nan,4,1,24,1,1,10,10,0,0,0,4153012234,0.03613,0.00806,0.95093,0.95165,-0.00585,0.00025,-0.00114,0.00597,0.95267,0.00362,0.00597,4,18821,0,6810,0.57892,0.32978,0.56964,74,1,95.759,107,1,3,14466,187491,0,0,0.000,33.367,6.208,0,0.000,144.850,2.544,0,0,1,0,2
PPG,3,103755,4151751552,125,74758,82448,82207.070,240.930,-47.898,0,0,0,0,78.95,78.95,2,1,0,nan,4,1,24,1,1,11,11,0,0,0,4153036643,0.03711,0.00610,0.94995,0.95070,-0.00558,0.00025,-0.00087,0.00566,0.95677,0.00607,0.00566,2,12186,0,6810,0.57892,0.32978,0.56964,74,1,95.759,107,1,3,2619,187491,0,0,0.000,33.367,6.208,0,0.000,144.850,2.544,0,0,1,0,2
PPG,3,103756,4151791552,121,74734,82400,82209.000,191.000,-21.359,0,0,0,0,78.95,78.95,2,1,0,nan,4,1,24,1,1,12,12,0,0,0,4153072976,0.03857,0.00562,0.95068,0.95148,-0.00665,0.00025,-0.00061,0.00668,0.95157,0.00190,0.00668,3,12127,0,6810,0.57892,0.32978,0.56964,74,1,95.759,107,1,3,2602,187491,0,0,0.000,33.367,6.208,0,0.000,144.850,2.544,0,0,1,0,2
PPG,3,103757,4151831552,130,74689,82354,82210.453,143.547,-30.023,0,0,0,0,78.95,78.95,2,1,0,nan,4,1,24,1,1,13,13,0,0,0,4153114496,0.03906,0.00171,0.94824,0.94905,-0.00558,0.00079,-0.00034,0.00565,0.95431,0.00352,0.00660,3,12112,0,6810,0.57892,0.32978,0.56964,74,1,95.759,107,1,3,4295,187491,0,0,0.000,33.367,6.208,0,0.000,144.850,2.544,0,0,1,0,2
PPG,3,103758,4151871552,125,74693,82388,82212.227,175.773,-45.789,0,0,0,0,78.95,78.95,2,1,0,nan,4,1,24,1,1,14,14,0,0,0,4153153458,0.03638,0.00903,0.95435,0.95508,-0.00558,0.00025,-0.00194,0.00592,0.95616,0.00711,0.00592,3,12117,0,6810,0.57892,0.32978,0.56964,74,1,95.759,107,1,3,2598,187491,0,0,0.000,33.367,6.208,0,0.000,144.850,2.544,0,0,1,0,2
PPG,3,103759,4151911552,120,74703,82438,82214.484,223.516,-40.156,0,0,0,0,78.95,78.95,2,1,0,nan,4,1,24,1,1,15,15,0,0,0,4153195011,0.03711,0.00879,0.95435,0.95511,-0.00692,-0.00001,-0.00194,0.00718,0.95511,0.00269,0.00718,3,12126,0,6810,0.57892,0.32978,0.56964,74,1,95.759,107,1,3,4301,187491,0,0,0.000,33.367,6.208,0,0.000,144.850,2.544,0,0,1,0,2
PPG,3,103760,4151951552,122,74764,82522,82217.562,304.438,-21.617,0,0,0,0,78.95,78.95,2,1,0,nan,4,1,24,1,1,16,16,0,0,0,4153234011,0.03687,0.00781,0.94800,0.94875,-0.00558,-0.00081,-0.00034,0.00565,0.94959,0.00552,0.00669,3,12146,0,6810,0.57892,0.32978,0.56964,74,1,95.759,107,1,3,4294,187491,0,0,41.680,33.367,6.208,1,0.000,144.850,2.544,0,0,1,0,2
PPG,3,103761,4151991552,121,74767,82556,82220.945,335.055,1.508,0,0,0,0,78.95,78.95,2,1,0,nan,4,1,24,1,1,17,17,0,0,0,4153273014,0.03955,0.00488,0.94556,0.94640,-0.00532,-0.00135,-0.00221,0.00591,0.95654,0.01014,0.00713,3,12106,0,6810,0.57892,0.32978,0.56964,74,1,95.759,107,1,3,2597,187491,0,0,0.000,33.367,6.208,0,0.000,144.850,2.544,0,0,1,0,2
PPG,3,103762,4152031552,122,74732,82540,82224.133,315.867,22.109,0,0,0,0,78.95,78.95,2,1,0,nan,4,1,24,1,1,18,18,0,0,0,4153314516,0.03589,0.00562,0.94678,0.94747,-0.00585,0.00025,-0.00167,0.00609,0.95123,0.00375,0.00609,3,12106,0,6810,0.57892,0.32978,0.56964,74,1,95.759,107,1,3,4297,187491,0,0,0.000,33.367,6.208,0,0.000,144.850,2.544,0,0,1,0,2
PPG,3,103763,4152071552,121,74731,82557,82227.461,329.539,44.242,0,0,0,0,78.95,78.95,2,1,0,nan,4,1,24,1,1,19,19,0,0,0,4153353912,0.03931,0.00122,0.94995,0.95076,-0.00532,-0.00001,-0.00221,0.00576,0.95603,0.00526,0.00647,3,12301,0,6810,0.57892,0.32978,0.56964,74,1,95.759,107,1,3,2594,187491,0,0,0.000,33.367,6.208,0,0.000,144.850,2.544,0,0,1,0,2
PPG,3,103764,4152111552,124,74743,82567,82230.859,336.141,65.461,1,0,0,0,78.95,78.95,2,1,0,nan,4,1,24,1,1,20,20,0,0,0,4153395473,0.03833,0.00635,0.95532,0.95611,-0.00532,-0.00081,-0.00194,0.00572,0.95611,0.00780,0.00635,3,12142,0,6810,0.57892,0.32978,0.56964,74,1,95.759,107,1,3,4294,187491,0,0,0.000,33.367,6.208,0,224.297,144.850,2.544,1,0,1,0,2
PPG,3,103765,4152151552,121,74759,82616,82234.711,381.289,82.586,0,0,0,0,78.95,78.95,2,1,0,nan,4,1,24,1,1,21,21,0,0,0,4153434439,0.03613,0.00415,0.95020,0.95089,-0.00479,-0.00081,-0.00087,0.00493,0.95089,0.00581,0.00669,3,12142,0,6810,0.57892,0.32978,0.56964,74,1,95.759,107,1,3,4330,187491,0,0,0.000,33.367,6.208,0,0.000,144.850,2.544,0,0,1,0,2
PPG,3,103766,4152191552,134,74730,82489,82237.250,251.750,82.023,0,0,0,0,78.95,78.95,2,1,0,nan,4,1,24,1,1,22,22,0,0,0,4153473491,0.03906,0.00537,0.94897,0.94979,-0.00665,-0.00001,-0.00221,0.00701,0.95346,0.00555,0.00701,3,12106,0,6810,0.57892,0.32978,0.56964,74,1,95.759,107,1,3,2600,187491,0,0,0.000,33.367,6.208,0,0.000,144.271,2.556,0,0,1,0,2
PPG,3,103767,4152231552,129,74653,82245,82237.328,7.672,45.000,0,0,0,0,78.95,78.95,2,1,0,nan,4,1,24,1,1,23,23,0,0,0,4153515139,0.04175,0.00659,0.94775,0.94870,-0.00505,-0.00108,-0.00221,0.00562,0.95598,0.00749,0.00650,3,12116,0,6810,0.57892,0.32978,0.56964,74,1,95.759,107,1,3,4299,187491,0,0,0.000,33.367,6.208,0,0.000,144.271,2.556,0,0,1,0,2
PPG,3,103768,4152271552,124,74579,82126,82236.219,-110.219,-8.633,0,0,0,0,78.95,78.95,2,1,512,nan,4,1,24,1,1,24,24,0,0,0,4153554429,0.03979,0.00415,0.95435,0.95518,-0.00532,-0.00081,-0.00247,0.00592,0.95518,0.00644,0.00660,3,12211,0,6810,0.57892,0.32978,0.56964,74,1,95.759,107,1,3,4336,187491,0,0,0.000,33.367,6.208,0,0.000,144.271,2.556,0,0,1,0,2
PPG,3,103769,4152311552,507,74586,82112,82234.977,-122.977,-58.273,0,0,0,0,78.95,78.95,2,1,512,nan,4,1,24,1,1,25,25,0,0,0,4153593762,0.03833,0.00122,0.95459,0.95536,-0.00532,-0.00108,-0.00034,0.00544,0.95687,0.00346,0.00562,3,12296,0,6810,0.53982,0.33816,0.62642,74,1,94.339,51,1,3,2635,187491,0,0,0.000,33.367,6.208,0,0.000,144.271,2.556,0,0,1,0,2
PPG,3,103770,4152351552,173,74585,82111,82233.734,-122.734,-100.086,0,0,0,0,78.95,78.95,2,1,512,nan,4,1,24,1,1,26,26,0,0,0,4153636162,0.03906,0.00513,0.94727,0.94808,-0.00558,-0.00028,-0.00167,0.00584,0.95493,0.00684,0.00684,3,12305,0,6810,0.53982,0.33816,0.62642,74,1,94.339,51,1,3,4317,187491,0,0,0.000,33.367,6.208,0,0.000,144.271,2.556,0,0,1,0,2
PPG,3,103771,4152391552,138,74595,82140,82232.797,-92.797,-138.289,0,0,0,0,78.95,78.95,2,1,512,nan,4,1,24,1,1,27,27,0,0,0,4153675501,0.04102,0.00928,0.94849,0.94942,-0.00532,-0.00108,-0.00167,0.00568,0.95242,0.00359,0.00713,3,12249,0,6810,0.53982,0.33816,0.62642,74,1,94.339,51,1,3,4336,187491,0,0,0.000,33.367,6.208,0,0.000,144.271,2.556,0,0,1,0,2
PPG,3,103772,4152431552,127,74598,82173,82232.195,-59.195,-186.023,0,0,0,0,78.95,78.95,2,1,512,nan,4,1,24,1,1,28,28,0,0,0,4153714786,0.04248,0.01025,0.95361,0.95461,-0.00558,-0.00028,-0.00194,0.00592,0.95461,0.00474,0.00617,3,12195,0,6810,0.53982,0.33816,0.62642,74,1,94.339,51,1,3,4354,187491,0,0,0.000,33.367,6.208,0,0.000,144.271,2.556,0,0,1,0,2
PPG,3,103773,4152471552,120,74599,82194,82231.812,-37.812,-214.664,0,0,0,0,78.95,78.95,2,1,512,nan,4,1,24,1,1,29,29,0,0,0,4153754147,0.03418,0.00537,0.94824,0.94887,-0.00558,-0.00055,-0.00141,0.00578,0.95735,0.00936,0.00685,3,12263,0,6810,0.53982,0.33816,0.62642,74,1,94.339,51,1,3,4339,187491,0,0,0.000,33.367,6.208,0,0.000,144.271,2.556,0,0,1,0,2
PPG,3,103774,4152511552,122,74593,82174,82231.234,-57.234,-210.359,0,0,0,0,78.95,78.95,2,1,512,nan,4,1,24,1,1,30,30,0,0,0,4153793485,0.03564,0.00513,0.95532,0.95600,-0.00585,-0.00081,-0.00114,0.00602,0.95600,0.00684,0.00634,3,12200,0,6810,0.53982,0.33816,0.62642,74,1,94.339,51,1,3,2615,187491,0,0,60.828,33.367,6.208,1,0.000,144.271,2.556,0,0,1,0,2
PPG,3,103775,4152551552,124,74599,82174,82230.664,-56.664,-189.797,0,0,0,0,78.95,78.95,2,1,512,nan,4,1,24,1,1,31,31,0,0,0,4153835450,0.03979,0.00903,0.95483,0.95571,-0.00558,-0.00055,-0.00247,0.00613,0.95923,0.00323,0.00663,3,12287,0,6810,0.53982,0.33816,0.62642,74,1,94.339,51,1,3,4347,187491,0,0,0.000,33.367,6.208,0,0.000,144.271,2.556,0,0,1,0,2
PPG,3,103776,4152591552,120,74591,82209,82230.445,-21.445,-166.391,0,0,0,0,78.95,78.95,2,1,512,nan,4,1,24,1,1,0,0,0,0,0,4153874774,0.03662,0.00806,0.94922,0.94996,-0.00638,-0.00108,-0.00221,0.00684,0.95606,0.01086,0.00684,3,12222,0,6810,0.53982,0.33816,0.62642,74,1,94.339,51,1,3,4337,187491,0,0,0.000,33.367,6.208,0,0.000,144.271,2.556,0,0,1,0,2
PPG,3,103777,4152631552,120,74597,82244,82230.578,13.422,-141.891,0,0,0,0,78.95,78.95,2,1,512,nan,4,1,24,1,1,1,1,0,0,0,4153914045,0.03467,0.00537,0.95166,0.95231,-0.00665,-0.00028,-0.00167,0.00686,0.95231,0.00642,0.00686,3,12264,0,6810,0.53982,0.33816,0.62642,74,1,94.339,51,1,3,2627,187491,0,0,0.000,33.367,6.208,0,0.000,144.271,2.556,0,0,1,0,2
PPG,3,103778,4152671552,131,74603,82273,82231.000,42.000,-117.141,0,0,0,0,78.95,78.95,2,1,512,nan,4,1,24,1,1,2,2,0,0,0,4153956004,0.03833,0.01025,0.95288,0.95371,-0.00558,0.00052,-0.00114,0.00572,0.95371,0.00239,0.00626,3,12245,0,6810,0.53982,0.33816,0.62642,74,1,94.339,51,1,3,4329,187491,0,0,0.000,33.367,6.208,0,0.000,144.271,2.556,0,0,1,0,2
PPG,3,103779,4152711552,119,74604,82313,82231.820,81.180,-90.891,0,0,0,0,78.95,78.95,2,1,512,nan,4,1,24,1,1,3,3,0,0,0,4153995251,0.03809,0.00513,0.94775,0.94853,-0.00585,0.00158,-0.00167,0.00629,0.95414,0.00544,0.00629,3,12239,0,6810,0.53982,0.33816,0.62642,74,1,94.339,51,1,3,4334,187491,0,0,0.000,33.367,6.208,0,0.000,144.271,2.556,0,0,1,0,2
PPG,3,103780,4152751552,128,74695,82461,82234.109,226.891,-49.703,0,0,0,0,78.95,78.95,2,1,512,nan,4,1,24,1,1,4,4,0,0,0,4154034314,0.03906,0.00659,0.94629,0.94712,-0.00612,0.00025,-0.00087,0.00618,0.95021,0.00309,0.00627,2,12327,0,6811,0.53982,0.33816,0.62642,74,1,94.339,51,1,3,4348,187491,0,0,0.000,33.367,6.208,0,0.000,144.271,2.556,0,0,1,0,2
PPG,3,103781,4152791552,122,74738,82565,82237.422,327.578,5.711,0,0,0,0,78.95,78.95,2,1,512,nan,4,1,24,1,1,5,5,0,0,0,4154073696,0.03516,0.00317,0.94653,0.94719,-0.00612,0.00105,-0.00221,0.00659,0.95504,0.00785,0.00659,3,12238,0,6811,0.53982,0.33816,0.62642,74,1,94.339,51,1,3,2629,187491,0,0,0.000,33.367,6.208,0,0.000,144.271,2.556,0,0,1,0,2
PPG,3,103782,4152831552,121,74727,82559,82240.641,318.359,59.758,0,0,0,0,78.95,78.95,2,1,512,nan,4,1,24,1,1,6,6,0,0,0,4154115550,0.04102,0.00562,0.95044,0.95134,-0.00479,-0.00135,-0.00221,0.00544,0.95859,0.00875,0.00584,3,12237,0,6811,0.53982,0.33816,0.62642,74,1,94.339,51,1,3,4333,187491,0,0,0.000,33.367,6.208,0,0.000,144.271,2.556,0,0,1,0,2
PPG,3,103783,4152871552,119,74724,82553,82243.766,309.234,109.102,0,0,0,0,78.95,78.95,2,1,512,nan,4,1,24,1,1,7,7,0,0,0,4154154800,0.03857,0.00635,0.94971,0.95051,-0.00612,-0.00081,-0.00114,0.00628,0.95494,0.00360,0.00628,3,12176,0,6811,0.53982,0.33816,0.62642,74,1,94.339,51,1,3,4307,187491,0,0,0.000,33.367,6.208,0,0.000,144.271,2.556,0,0,1,0,2
PPG,3,103784,4152911552,118,74774,82629,82247.617,381.383,161.000,0,0,0,0,78.95,78.95,2,1,512,nan,4,1,24,1,1,8,8,0,0,0,4154193892,0.03442,0.00635,0.95166,0.95230,-0.00692,-0.00081,-0.00061,0.00699,0.95514,0.00465,0.00699,3,12187,0,6811,0.53982,0.33816,0.62642,74,1,94.339,51,1,3,2594,187491,0,0,0.000,33.367,6.208,0,0.000,144.271,2.556,0,0,1,0,2
PPG,3,103785,4152951552,120,74788,82702,82252.164,449.836,217.992,0,0,0,0,78.95,78.95,2,1,512,nan,4,1,24,1,1,9,9,0,0,0,4154235469,0.04346,0.00732,0.94897,0.95000,-0.00665,-0.00135,-0.00061,0.00681,0.95134,0.00159,0.00681,3,12166,0,6811,0.53982,0.33816,0.62642,74,1,94.339,51,1,3,4295,187491,0,0,0.000,33.367,6.208,0,0.000,144.271,2.556,0,0,1,0,2
PPG,3,103786,4152991552,118,74819,82747,82257.109,489.891,267.086,0,0,0,0,78.95,78.95,2,1,512,nan,4,1,24,1,1,10,10,0,0,0,4154274458,0.03564,0.00684,0.95190,0.95260,-0.00558,0.00052,-0.00061,0.00564,0.95452,0.00226,0.00725,3,12153,0,6811,0.53982,0.33816,0.62642,74,1,94.339,51,1,3,4312,187491,0,0,0.000,33.367,6.208,0,0.000,144.271,2.556,0,0,1,0,2
PPG,3,103787,4153031552,122,74836,82816,82262.695,553.305,289.250,0,0,0,0,78.95,78.95,2,1,512,nan,4,1,24,1,1,11,11,0,0,0,4154313424,0.04077,0.01099,0.95190,0.95284,-0.00585,-0.00028,-0.00194,0.00617,0.95780,0.00520,0.00648,3,12136,0,6811,0.53982,0.33816,0.62642,74,1,94.339,51,1,3,2595,187491,0,0,0.000,33.367,6.208,0,0.000,144.271,2.556,0,0,1,0,2
PPG,3,103788,4153071552,131,74825,82738,82267.445,470.555,283.359,0,0,0,0,78.95,78.95,2,1,512,nan,4,1,24,1,1,12,12,0,0,0,4154355031,0.03735,0.00439,0.95117,0.95192,-0.00638,-0.00135,-0.00221,0.00689,0.95859,0.00667,0.00736,3,12172,0,6811,0.53982,0.33816,0.62642,74,1,94.339,51,1,3,4308,187491,0,0,0.000,33.367,6.208,0,0.000,144.271,2.556,0,0,1,0,2
PPG,3,103789,4153111552,128,74703,82460,82269.367,190.633,251.820,0,0,0,0,78.95,78.95,2,1,512,nan,4,1,24,1,1,13,13,0,0,0,4154393965,0.03613,0.00757,0.94971,0.95042,-0.00505,0.00025,-0.00141,0.00525,0.95603,0.00654,0.00586,3,12117,0,6811,0.53982,0.33816,0.62642,74,1,94.339,51,1,3,2599,187491,0,0,0.000,33.367,6.208,0,0.000,144.271,2.556,0,0,1,0,2
PPG,3,103790,4153151552,124,74685,82388,82270.555,117.445,214.398,0,0,0,0,78.95,78.95,2,1,512,nan,4,1,24,1,1,14,14,0,0,0,4154435522,0.03784,0.00488,0.95215,0.95291,-0.00638,-0.00001,-0.00274,0.00695,0.95509,0.00512,0.00695,3,12110,0,6811,0.53982,0.33816,0.62642,74,1,94.339,51,1,3,4295,187491,0,0,0.000,33.367,6.208,0,0.000,144.271,2.556,0,0,1,0,2
PPG,3,103791,4153191552,117,74710,82473,82272.578,200.422,175.461,0,0,0,0,78.95,78.95,2,1,512,nan,4,1,24,1,1,15,15,0,0,0,4154474487,0.03711,0.00806,0.94922,0.94998,-0.00612,-0.00081,-0.00114,0.00628,0.95060,0.00451,0.00758,3,12115,0,6811,0.53982,0.33816,0.62642,74,1,94.339,51,1,3,4294,187491,0,0,0.000,33.367,6.208,0,0.000,144.271,2.556,0,0,1,0,2
PPG,3,103792,4153231552,124,74718,82521,82275.062,245.938,132.211,0,0,0,0,78.95,78.95,2,1,512,nan,4,1,24,1,1,16,16,0,0,0,4154513426,0.03491,0.00439,0.94922,0.94987,-0.00638,-0.00001,-0.00141,0.00654,0.94987,0.00394,0.00654,3,12135,0,6811,0.53982,0.33816,0.62642,74,1,94.339,51,1,3,2595,187491,0,0,0.000,33.367,6.208,0,0.000,144.271,2.556,0,0,1,0,2
PPG,3,103793,4153271552,123,74746,82568,82277.992,290.008,87.938,0,0,0,0,78.95,78.95,2,1,512,nan,4,1,24,1,1,17,17,0,0,0,4154555103,0.03906,0.00708,0.95264,0.95346,-0.00558,0.00079,-0.00141,0.00581,0.95539,0.00291,0.00693,3,12169,0,6811,0.53982,0.33816,0.62642,74,1,94.339,51,1,3,4306,187491,0,0,0.000,33.367,6.208,0,0.000,144.271,2.556,0,0,1,0,2
PPG,3,103794,4153311552,525,74777,82650,82281.711,368.289,40.422,0,0,0,0,78.95,78.95,2,1,512,nan,4,1,24,1,1,18,18,0,0,0,4154594091,0.03735,0.00513,0.94800,0.94875,-0.00532,-0.00108,-0.00247,0.00596,0.95584,0.00594,0.00623,3,12125,0,6811,0.47359,0.22192,0.46859,100,1,98.285,68,1,3,2597,187491,0,0,0.000,33.367,6.208,0,0.000,144.271,2.556,0,0,1,0,2
PPG,3,103795,4153351552,174,74809,82692,82285.812,406.188,7.953,1,0,0,0,78.95,78.95,2,1,512,nan,4,1,24,1,1,19,19,0,0,0,4154636106,0.03687,0.00830,0.95801,0.95875,-0.00612,-0.00055,-0.00221,0.00653,0.95875,0.00413,0.00653,3,12130,0,6811,0.47359,0.22192,0.46859,100,1,98.285,68,1,3,4299,187491,0,0,0.000,33.367,6.208,0,503.914,144.271,2.556,1,0,1,0,2
PPG,3,103796,4153391552,137,74805,82687,82289.828,397.172,16.477,0,0,1,0,0.00,nan,1,2,0,nan,4,1,24,1,1,20,20,0,0,0,4154675244,0.03589,0.00757,0.94946,0.95017,-0.00532,-0.00081,-0.00167,0.00563,0.95352,0.00524,0.00667,3,12123,0,6811,0.47359,0.22192,0.46859,100,1,98.285,68,1,6,4294,187491,0,0,201.422,33.367,6.208,1,0.000,144.271,2.556,0,1,1,0,1
PPG,3,103797,4153431552,114,74825,82718,82294.109,423.891,39.922,0,0,0,0,0.00,nan,1,2,0,nan,4,1,24,1,1,21,21,0,0,0,4154714173,0.03491,0.00562,0.95679,0.95744,-0.00558,-0.00135,-0.00061,0.00578,0.95744,0.01548,0.00636,3,12121,0,6811,0.47359,0.22192,0.46859,100,1,98.285,68,1,6,2619,187491,0,0,0.000,33.599,6.383,0,0.000,145.282,2.707,0,0,1,0,1
PPG,3,103798,4153471552,118,74834,82751,82298.680,452.320,55.742,0,0,0,0,0.00,nan,1,2,0,nan,4,1,24,1,1,22,22,0,0,0,4154755747,0.03369,0.01172,0.95581,0.95648,-0.00532,-0.00081,-0.00141,0.00556,0.95648,0.00580,0.00738,3,12154,0,6811,0.47359,0.22192,0.46859,100,1,98.285,68,1,6,4309,187491,0,0,0.000,33.599,6.383,0,0.000,145.282,2.707,0,0,1,0,1
PPG,3,103799,4153511552,113,74850,82782,82303.516,478.484,69.570,0,0,0,0,0.00,nan,1,2,0,nan,4,1,24,1,1,23,23,0,0,0,4154794647,0.03662,0.00244,0.95215,0.95286,-0.00558,-0.00215,-0.00194,0.00629,0.95286,0.00964,0.00659,3,12115,0,6811,0.47359,0.22192,0.46859,100,1,98.285,68,1,6,4304,187491,0,0,0.000,33.599,6.383,0,0.000,145.282,2.707,0,0,1,0,1
PPG,3,103800,4153551552,121,74862,82853,82309.008,543.992,90.688,0,0,0,0,0.00,nan,1,2,0,nan,4,1,24,1,1,24,24,0,0,0,4154833530,0.03687,0.00830,0.95239,0.95314,-0.00532,-0.00161,-0.00167,0.00580,0.95417,0.00290,0.00605,3,12111,0,6811,0.47359,0.22192,0.46859,100,1,98.285,68,1,6,2601,187491,0,0,0.000,33.599,6.383,0,0.000,145.282,2.707,0,0,1,0,1
PPG,3,103801,4153591552,118,74904,82957,82315.484,641.516,114.938,0,0,0,0,0.00,nan,1,2,0,nan,4,1,24,1,1,25,25,0,0,0,4154875127,0.03540,0.00684,0.95020,0.95088,-0.00612,-0.00161,-0.00167,0.00654,0.95414,0.00326,0.00730,3,12125,0,6811,0.47359,0.22192,0.46859,100,1,98.285,68,1,6,4297,187491,0,0,0.000,33.599,6.383,0,0.000,145.282,2.707,0,0,1,0,1
PPG,3,103802,4153631552,118,74938,83038,82322.711,715.289,140.422,0,0,0,0,0.00,nan,1,2,0,nan,4,1,24,1,1,26,26,0,0,0,4154914054,0.03931,0.00562,0.94897,0.94980,-0.00585,-0.00081,-0.00300,0.00663,0.95325,0.00283,0.00663,3,12114,0,6811,0.47359,0.22192,0.46859,100,1,98.285,68,1,6,2598,187491,0,0,0.000,33.599,6.383,0,0.000,145.282,2.707,0,0,1,0,1
PPG,3,103803,4153671552,116,74983,83075,82330.234,744.766,169.750,0,0,0,0,0.00,nan,1,2,0,nan,4,1,24,1,1,27,27,0,0,0,4154955589,0.03760,0.00513,0.95166,0.95242,-0.00558,0.00025,-0.00087,0.00566,0.95505,0.00452,0.00628,3,12136,0,6811,0.47359,0.22192,0.46859,100,1,98.285,68,1,6,4316,187491,0,0,0.000,33.599,6.383,0,0.000,145.282,2.707,0,0,1,0,1
PPG,3,103804,4153711552,137,74982,83073,82337.664,735.336,198.258,0,0,0,0,0.00,nan,1,2,0,nan,4,1,24,1,1,28,28,0,0,0,4154994498,0.03833,0.01221,0.95605,0.95690,-0.00585,-0.00135,-0.00300,0.00671,0.95690,0.00555,0.00671,3,12108,0,6811,0.47359,0.22192,0.46859,100,1,98.285,68,1,6,2599,187491,0,0,0.000,33.599,6.383,0,0.000,145.282,2.707,0,0,1,0,1
PPG,3,103805,4153751552,130,74972,83065,82344.938,720.062,224.969,0,0,0,0,0.00,nan,1,2,0,nan,4,1,24,2,2,30,30,0,0,0,4155088578,0.04199,0.00732,0.94922,0.95018,-0.00505,-0.00108,-0.00114,0.00529,0.95492,0.00474,0.00630,2,64957,0,6817,0.47359,0.22192,0.46859,100,1,98.285,68,1,6,65019,187491,0,0,0.000,33.599,6.383,0,0.000,145.282,2.707,0,0,1,0,1
PPG,3,103806,4153791552,32,74941,83025,82351.734,673.266,245.789,0,0,0,0,0.00,nan,1,2,0,nan,4,1,24,2,2,30,30,0,0,0,4155088578,0.04199,0.00732,0.94922,0.95018,-0.00505,-0.00108,-0.00114,0.00529,0.00000,0.00000,0.00000,0,64957,0,6817,0.47359,0.22192,0.46859,100,1,98.285,68,1,6,65019,187491,0,0,0.000,33.599,6.383,0,0.000,145.282,2.707,0,0,1,0,1
PPG,3,103807,4153831552,122,74925,83015,82358.367,656.633,258.977,0,0,0,0,0.00,nan,1,2,0,nan,4,1,24,1,1,31,31,0,0,0,4155114591,0.03979,0.01025,0.95142,0.95230,-0.00612,-0.00001,-0.00087,0.00618,0.95230,0.00198,0.00618,2,12567,0,6817,0.47359,0.22192,0.46859,100,1,98.285,68,1,6,4302,187491,0,0,0.000,33.599,6.383,0,0.000,145.282,2.707,0,0,1,0,1
PPG,3,103808,4153871552,129,74953,83058,82365.367,692.633,257.406,0,0,0,0,0.00,nan,1,2,0,nan,4,1,24,1,1,0,0,0,0,0,4155153485,0.03662,0.00391,0.95703,0.95774,-0.00585,0.00025,-0.00274,0.00646,0.95774,0.00656,0.00646,3,12117,0,6817,0.47359,0.22192,0.46859,100,1,98.285,68,1,6,2597,187491,0,0,0.000,33.599,6.383,0,0.000,145.282,2.707,0,0,1,0,1
PPG,3,103809,4153911552,132,74967,83054,82372.250,681.750,229.992,0,0,0,0,0.00,nan,1,2,0,nan,4,1,24,1,1,1,1,0,0,0,4155195035,0.04004,0.01050,0.95508,0.95597,-0.00532,0.00079,-0.00167,0.00563,0.95597,0.00924,0.00598,3,12133,0,6817,0.47359,0.22192,0.46859,100,1,98.285,68,1,6,4310,187491,0,0,0.000,33.599,6.383,0,0.000,145.282,2.707,0,0,1,0,1
PPG,3,103810,4153951552,115,74873,82800,82376.531,423.469,170.109,0,0,0,0,0.00,nan,1,2,0,nan,4,1,24,1,1,2,2,0,0,0,4155233937,0.03931,0.00781,0.95410,0.95494,-0.00585,-0.00028,0.00019,0.00586,0.95719,0.00251,0.00706,3,12127,0,6817,0.47359,0.22192,0.46859,100,1,98.285,68,1,6,2595,187491,0,0,0.000,33.599,6.383,0,0.000,145.282,2.707,0,0,1,0,1
PPG,3,103811,4153991552,120,74795,82614,82378.906,235.094,97.492,0,0,0,0,0.00,nan,1,2,0,nan,4,1,24,1,1,3,3,0,0,0,4155275543,0.03638,0.00684,0.95264,0.95336,-0.00532,-0.00001,-0.00194,0.00566,0.95336,0.00457,0.00566,3,12236,0,6817,0.47359,0.22192,0.46859,100,1,98.285,68,1,6,4371,187491,0,0,0.000,33.599,6.383,0,0.000,145.282,2.707,0,0,1,0,1
PPG,3,103812,4154031552,117,74808,82640,82381.516,258.484,30.820,0,0,0,0,0.00,nan,1,2,0,nan,4,1,24,1,1,4,4,0,0,0,4155314693,0.04004,0.00903,0.94971,0.95059,-0.00585,-0.00001,-0.00087,0.00592,0.95338,0.00141,0.00712,3,12117,0,6817,0.47359,0.22192,0.46859,100,1,98.285,68,1,6,4297,187491,0,0,0.000,33.599,6.383,0,0.000,145.282,2.707,0,0,1,0,1
PPG,3,103813,4154071552,117,74833,82695,82384.648,310.352,-22.672,0,0,0,0,0.00,nan,1,2,0,nan,4,1,24,1,1,5,5,0,0,0,4155353641,0.03906,0.00610,0.95386,0.95468,-0.00505,-0.00081,-0.00087,0.00519,0.95468,0.00501,0.00586,3,12114,0,6817,0.47359,0.22192,0.46859,100,1,98.285,68,1,6,2595,187491,0,0,0.000,33.599,6.383,0,0.000,145.282,2.707,0,0,1,0,1
PPG,3,103814,4154111552,117,74867,82762,82388.422,373.578,-64.414,0,0,0,0,0.00,nan,1,2,0,nan,4,1,24,1,1,6,6,0,0,0,4155395143,0.03882,0.00439,0.95190,0.95271,-0.00532,-0.00001,-0.00141,0.00550,0.95352,0.00695,0.00685,3,12107,0,6817,0.47359,0.22192,0.46859,100,1,98.285,68,1,6,4335,187491,0,0,0.000,33.599,6.383,0,0.000,145.282,2.707,0,0,1,0,1
PPG,3,103815,4154151552,117,74879,82821,82392.750,428.250,-104.719,1,0,0,0,0.00,nan,1,2,0,nan,4,1,24,1,1,7,7,0,0,0,4155434163,0.03711,0.00708,0.95264,0.95339,-0.00479,-0.00161,-0.00087,0.00512,0.95339,0.00281,0.00553,3,12152,0,6817,0.47359,0.22192,0.46859,100,1,98.285,68,1,6,2635,187491,0,0,0.000,33.599,6.383,0,251.023,145.282,2.707,1,0,1,0,1
PPG,3,103816,4154191552,151,74879,82816,82396.984,419.016,-145.172,0,0,1,800,75.00,75.00,2,1,0,nan,4,1,24,1,1,8,8,0,0,0,4155475978,0.03857,0.00635,0.94849,0.94929,-0.00558,-0.00001,-0.00114,0.00570,0.95012,0.00534,0.00586,3,12334,0,6817,0.47359,0.22192,0.46859,100,1,98.285,68,1,3,4370,187491,0,0,98.211,33.599,6.383,1,0.000,145.282,2.707,0,1,1,0,2
PPG,3,103817,4154231552,122,74855,82773,82400.742,372.258,-151.781,0,0,0,0,75.00,75.00,2,1,0,nan,4,1,24,1,1,9,9,0,0,0,4155515376,0.03760,0.00610,0.95166,0.95242,-0.00612,-0.00135,-0.00194,0.00656,0.95667,0.00458,0.00656,3,12266,0,6817,0.47359,0.22192,0.46859,100,1,98.285,68,1,3,4345,187491,0,0,0.000,33.157,6.049,0,0.000,144.587,2.603,0,0,1,0,2
PPG,3,103818,4154271552,120,74856,82768,82404.414,363.586,-130.633,0,0,0,0,75.00,75.00,2,1,0,nan,4,1,24,1,1,10,10,0,0,0,4155554777,0.03589,0.00610,0.95142,0.95211,-0.00558,-0.00001,-0.00221,0.00600,0.95211,0.00280,0.00701,3,12251,0,6817,0.47359,0.22192,0.46859,100,1,98.285,68,1,3,4363,187491,0,0,0.000,33.157,6.049,0,0.000,144.587,2.603,0,0,1,0,2
PPG,3,103819,4154311552,533,74860,82807,82408.438,398.562,-108.023,0,0,0,0,75.00,75.00,2,1,0,nan,4,1,24,1,1,11,11,0,0,0,4155594147,0.03491,0.00366,0.95117,0.95182,-0.00692,-0.00161,-0.00141,0.00724,0.95321,0.00183,0.00724,3,12264,0,6817,0.30003,0.17260,0.57528,100,1,95.618,107,1,3,2644,187491,0,0,0.000,33.157,6.049,0,0.000,144.587,2.603,0,0,1,0,2
PPG,3,103820,4154351552,183,74880,82884,82413.195,470.805,-82.570,0,0,0,0,75.00,75.00,2,1,0,nan,4,1,24,1,1,12,12,0,0,0,4155636693,0.03784,0.00610,0.94800,0.94877,-0.00585,-0.00028,-0.00247,0.00636,0.95014,0.00252,0.00719,3,12264,0,6817,0.30003,0.17260,0.57528,100,1,95.618,107,1,3,4329,187491,0,0,0.000,33.157,6.049,0,0.000,144.587,2.603,0,0,1,0,2
PPG,3,103821,4154391552,120,74911,82965,82418.711,546.289,-53.969,0,0,0,0,75.00,75.00,2,1,0,nan,4,1,24,1,1,13,13,0,0,0,4155676075,0.04199,0.00732,0.95142,0.95237,-0.00452,-0.00108,-0.00141,0.00485,0.95237,0.00360,0.00614,3,12281,0,6817,0.30003,0.17260,0.57528,100,1,95.618,107,1,3,4349,187491,0,0,0.000,33.157,6.049,0,0.000,144.587,2.603,0,0,1,0,2
PPG,3,103822,4154431552,119,74940,83020,82424.727,595.273,-24.641,0,0,0,0,75.00,75.00,2,1,0,nan,4,1,24,1,1,14,14,0,0,0,4155715421,0.03784,0.00488,0.95215,0.95291,-0.00585,-0.00001,-0.00167,0.00609,0.95544,0.00513,0.00615,3,12276,0,6817,0.30003,0.17260,0.57528,100,1,95.618,107,1,3,4335,187491,0,0,0.000,33.157,6.049,0,0.000,144.587,2.603,0,0,1,0,2
PPG,3,103823,4154471552,121,74932,83028,82430.758,597.242,7.992,0,0,0,0,75.00,75.00,2,1,0,nan,4,1,24,1,1,15,15,0,0,0,4155754704,0.03784,0.00586,0.94995,0.95072,-0.00585,-0.00055,-0.00007,0.00588,0.95072,0.00347,0.00724,3,12254,0,6817,0.30003,0.17260,0.57528,100,1,95.618,107,1,3,2641,187491,0,0,0.000,33.157,6.049,0,0.000,144.587,2.603,0,0,1,0,2
PPG,3,103824,4154511552,125,74942,83050,82436.953,613.047,48.711,0,0,0,0,75.00,75.00,2,1,0,nan,4,1,24,1,1,16,16,0,0,0,4155796733,0.03784,0.00781,0.95166,0.95244,-0.00532,-0.00028,-0.00247,0.00587,0.95906,0.01069,0.00645,3,12276,0,6817,0.30003,0.17260,0.57528,100,1,95.618,107,1,3,4326,187491,0,0,0.000,33.157,6.049,0,0.000,144.587,2.603,0,0,1,0,2
PPG,3,103825,4154551552,130,74936,83064,82443.227,620.773,91.047,0,0,0,0,75.00,75.00,2,1,0,nan,4,1,24,1,1,17,17,0,0,0,4155835989,0.03857,0.01001,0.94727,0.94810,-0.00558,-0.00055,-0.00087,0.00568,0.95501,0.00691,0.00596,3,12252,0,6817,0.30003,0.17260,0.57528,100,1,95.618,107,1,3,4329,187491,0,0,0.000,33.157,6.049,0,0.000,144.587,2.603,0,0,1,0,2
PPG,3,103826,4154591552,119,74929,83066,82449.453,616.547,126.000,0,0,0,0,75.00,75.00,2,1,0,nan,4,1,24,1,1,18,18,0,0,0,4155875199,0.03638,0.00342,0.94727,0.94797,-0.00665,-0.00055,-0.00141,0.00682,0.95039,0.00274,0.00682,3,12226,0,6817,0.30003,0.17260,0.57528,100,1,95.618,107,1,3,4337,187491,0,0,0.000,33.157,6.049,0,0.000,144.587,2.603,0,0,1,0,2
PPG,3,103827,4154631552,127,74957,83114,82456.102,657.898,153.906,0,0,0,0,75.00,75.00,2,1,0,nan,4,1,24,1,1,19,19,0,0,0,4155914460,0.03809,0.00635,0.95117,0.95196,-0.00505,-0.00001,-0.00114,0.00518,0.95719,0.00828,0.00639,3,12232,0,6817,0.30003,0.17260,0.57528,100,1,95.618,107,1,3,2622,187491,0,0,0.000,33.157,6.049,0,0.000,144.587,2.603,0,0,1,0,2
PPG,3,103828,4154671552,116,74957,83141,82462.953,678.047,174.898,0,0,0,0,75.00,75.00,2,1,0,nan,4,1,24,1,1,20,20,0,0,0,4155956290,0.03345,0.00586,0.94995,0.95056,-0.00479,-0.00081,-0.00194,0.00523,0.96013,0.00957,0.00682,3,12233,0,6817,0.30003,0.17260,0.57528,100,1,95.618,107,1,3,4338,187491,0,0,0.000,33.157,6.049,0,0.000,144.587,2.603,0,0,1,0,2
PPG,3,103829,4154711552,120,74936,83061,82468.930,592.070,180.406,0,0,0,0,75.00,75.00,2,1,0,nan,4,1,24,1,1,21,21,0,0,0,4155995599,0.03809,0.00586,0.94946,0.95024,-0.00638,-0.00135,-0.00034,0.00653,0.95024,0.00202,0.00653,3,12255,0,6817,0.30003,0.17260,0.57528,100,1,95.618,107,1,3,4334,187491,0,0,0.000,33.157,6.049,0,0.000,144.587,2.603,0,0,1,0,2
PPG,3,103830,4154751552,141,74821,82767,82471.914,295.086,144.773,0,0,0,0,75.00,75.00,2,1,0,nan,4,1,24,1,1,22,22,0,0,0,4156039017,0.04028,0.00757,0.94604,0.94693,-0.00585,-0.00001,-0.00114,0.00596,0.95246,0.00407,0.00651,3,12282,0,6817,0.30003,0.17260,0.57528,100,1,95.618,107,1,3,2621,187491,0,0,0.000,33.157,6.049,0,0.000,144.587,2.603,0,0,1,0,2
PPG,3,103831,4154791552,123,74753,82614,82473.336,140.664,82.492,0,0,0,0,75.00,75.00,2,1,0,nan,4,1,24,1,1,23,23,0,0,0,4156075684,0.03857,0.00659,0.94824,0.94905,-0.00585,0.00079,-0.00167,0.00614,0.95560,0.00867,0.00736,3,12215,0,6817,0.30003,0.17260,0.57528,100,1,95.618,107,1,3,4319,187491,0,0,0.000,33.157,6.049,0,0.000,144.587,2.603,0,0,1,0,2
PPG,3,103832,4154831552,120,74765,82614,82474.742,139.258,19.500,0,0,0,0,75.00,75.00,2,1,0,nan,4,1,24,1,1,24,24,0,0,0,4156114781,0.03735,0.00659,0.95239,0.95315,-0.00612,-0.00135,-0.00114,0.00637,0.95460,0.00394,0.00637,3,12149,0,6817,0.30003,0.17260,0.57528,100,1,95.618,107,1,3,2595,187491,0,0,0.000,33.157,6.049,0,0.000,144.587,2.603,0,0,1,0,2
PPG,3,103833,4154871552,121,74767,82630,82476.297,153.703,-39.539,0,0,0,0,75.00,75.00,2,1,0,nan,4,1,24,1,1,25,25,0,0,0,4156156456,0.03955,0.00684,0.95264,0.95348,-0.00532,-0.00081,-0.00114,0.00550,0.95731,0.00556,0.00623,3,12115,0,6817,0.30003,0.17260,0.57528,100,1,95.618,107,1,3,4300,187491,0,0,0.000,33.157,6.049,0,0.000,144.587,2.603,0,0,1,0,2
PPG,3,103834,4154911552,120,74745,82607,82477.602,129.398,-104.211,0,0,0,0,75.00,75.00,2,1,0,nan,4,1,24,1,1,26,26,0,0,0,4156195536,0.04004,0.00513,0.95215,0.95300,-0.00665,-0.00028,-0.00114,0.00675,0.95300,0.00504,0.00675,3,12150,0,6817,0.30003,0.17260,0.57528,100,1,95.618,107,1,3,4294,187491,0,0,0.000,33.157,6.049,0,0.000,144.587,2.603,0,0,1,0,2
PPG,3,103835,4154951552,125,74669,82564,82478.469,85.531,-173.789,0,0,0,0,75.00,75.00,2,1,0,nan,4,1,24,1,1,27,27,0,0,0,4156234512,0.03857,0.01099,0.95166,0.95250,-0.00638,-0.00001,-0.00034,0.00639,0.95370,0.00762,0.00651,3,12139,0,6817,0.30003,0.17260,0.57528,100,1,95.618,107,1,3,2598,187491,0,0,0.000,33.157,6.049,0,0.000,144.587,2.603,0,0,1,0,2
PPG,3,103836,4154991552,120,74669,82552,82479.203,72.797,-233.312,0,0,0,0,75.00,75.00,2,1,0,nan,4,1,24,1,1,28,28,0,0,0,4156276008,0.03613,0.00464,0.95020,0.95089,-0.00532,0.00025,-0.00167,0.00558,0.95638,0.00549,0.00618,3,12106,0,6817,0.30003,0.17260,0.57528,100,1,95.618,107,1,3,4294,187491,0,0,0.000,33.157,6.049,0,0.000,144.587,2.603,0,0,1,0,2
PPG,3,103837,4155031552,175,74696,82582,82480.234,101.766,-250.188,1,0,1,860,69.77,69.77,2,1,0,nan,4,1,24,1,1,29,29,0,0,0,4156315007,0.03882,0.00659,0.94897,0.94979,-0.00665,0.00025,-0.00141,0.00680,0.95090,0.00102,0.00680,3,12113,0,6817,0.30003,0.17260,0.57528,100,1,95.618,107,1,3,4295,187491,0,0,99.898,33.157,6.049,1,332.188,144.587,2.603,1,1,1,0,3
PPG,3,103838,4155071552,122,74708,82593,82481.359,111.641,-244.438,0,0,0,0,69.77,69.77,2,1,0,nan,4,1,24,1,1,30,30,0,0,0,4156354120,0.03931,0.00684,0.95068,0.95152,-0.00532,-0.00081,-0.00114,0.00550,0.95152,0.00089,0.00625,3,12132,0,6817,0.30003,0.17260,0.57528,100,1,95.618,107,1,3,2599,187491,0,0,0.000,32.780,5.764,0,0.000,144.485,2.588,0,0,1,0,3
PPG,3,103839,4155111552,137,74677,82566,82482.203,83.797,-239.242,0,0,0,0,69.77,69.77,2,1,0,nan,4,1,24,1,1,31,31,0,0,0,4156395764,0.03906,0.00562,0.94775,0.94858,-0.00585,0.00079,-0.00167,0.00614,0.95347,0.00490,0.00631,3,12145,0,6817,0.30003,0.17260,0.57528,100,1,95.618,107,1,3,4329,187491,0,0,0.000,30.590,6.314,0,0.000,144.485,2.588,0,0,1,0,3
PPG,3,103840,4155151552,123,74722,82614,82483.523,130.477,-228.031,0,0,0,0,69.77,69.77,2,1,0,nan,4,1,24,1,1,0,0,0,0,0,4156434745,0.03735,0.00879,0.95435,0.95512,-0.00558,0.00079,-0.00167,0.00588,0.95512,0.00333,0.00642,3,12116,0,6817,0.30003,0.17260,0.57528,100,1,95.618,107,1,3,2603,187491,0,0,0.000,30.590,6.314,0,0.000,144.485,2.588,0,0,1,0,3
PPG,3,103841,4155191552,125,74753,82706,82485.750,220.250,-200.938,0,0,0,0,69.77,69.77,2,1,0,nan,4,1,24,1,1,1,1,0,0,0,4156476279,0.03979,0.00635,0.94531,0.94617,-0.00532,0.00052,-0.00274,0.00600,0.95181,0.00673,0.00604,3,12117,0,6817,0.30003,0.17260,0.57528,100,1,95.618,107,1,3,4304,187491,0,0,0.000,30.590,6.314,0,0.000,144.485,2.588,0,0,1,0,3
PPG,3,103842,4155231552,124,74784,82764,82488.531,275.469,-159.562,0,0,0,0,69.77,69.77,2,1,0,nan,4,1,24,1,1,2,2,0,0,0,4156515316,0.03882,0.00562,0.95557,0.95637,-0.00665,-0.00215,-0.00167,0.00719,0.95637,0.00910,0.00719,3,12110,0,6817,0.30003,0.17260,0.57528,100,1,95.618,107,1,3,4302,187491,0,0,0.000,30.590,6.314,0,0.000,144.485,2.588,0,0,1,0,3
PPG,3,103843,4155271552,124,74776,82748,82491.125,256.875,-117.562,0,0,0,0,69.77,69.77,2,1,0,nan,4,1,24,1,1,3,3,0,0,0,4156554308,0.03906,0.00439,0.95508,0.95589,-0.00532,-0.00055,-0.00141,0.00553,0.95589,0.00719,0.00680,3,12115,0,6817,0.30003,0.17260,0.57528,100,1,95.618,107,1,3,2603,187491,0,0,0.000,30.590,6.314,0,0.000,144.485,2.588,0,0,1,0,3
PPG,3,103844,4155311552,532,74730,82694,82493.156,200.844,-83.758,0,0,0,0,69.77,69.77,2,1,0,nan,4,1,24,1,1,4,4,0,0,0,4156595910,0.03906,0.00488,0.95557,0.95638,-0.00585,-0.00108,-0.00221,0.00635,0.95638,0.01014,0.00637,3,12123,0,6817,0.32728,0.15071,0.46049,100,1,98.488,57,1,3,4301,187491,0,0,0.000,30.590,6.314,0,0.000,144.485,2.588,0,0,1,0,3
PPG,3,103845,4155351552,173,74726,82647,82494.695,152.305,-55.203,0,0,0,0,69.77,69.77,2,1,0,nan,4,1,24,1,1,5,5,0,0,0,4156635328,0.03931,0.00024,0.95020,0.95101,-0.00638,-0.00028,-0.00034,0.00640,0.95162,0.00849,0.00656,3,12117,0,6817,0.32728,0.15071,0.46049,100,1,98.488,57,1,3,4304,187491,0,0,0.000,30.590,6.314,0,0.000,144.485,2.588,0,0,1,0,3
PPG,3,103846,4155391552,123,74692,82619,82495.938,123.062,-25.281,0,0,0,0,69.77,69.77,2,1,0,nan,4,1,24,1,1,6,6,0,0,0,4156674330,0.04102,0.00830,0.94995,0.95087,-0.00585,-0.00108,-0.00167,0.00618,0.95635,0.00679,0.00639,3,12119,0,6817,0.32728,0.15071,0.46049,100,1,98.488,57,1,3,2601,187491,0,0,0.000,30.590,6.314,0,0.000,144.485,2.588,0,0,1,0,3
PPG,3,103847,4155431552,126,74683,82619,82497.172,121.828,0.188,0,0,0,0,69.77,69.77,2,1,0,nan,4,1,24,1,1,7,7,0,0,0,4156716000,0.03784,0.00903,0.94849,0.94928,-0.00585,0.00079,-0.00141,0.00607,0.95486,0.00821,0.00658,3,12138,0,6817,0.32728,0.15071,0.46049,100,1,98.488,57,1,3,4295,187491,0,0,0.000,30.590,6.314,0,0.000,144.485,2.588,0,0,1,0,3
PPG,3,103848,4155471552,123,74703,82621,82498.406,122.594,14.039,0,0,0,0,69.77,69.77,2,1,0,nan,4,1,24,1,1,8,8,0,0,0,4156754978,0.03589,0.00586,0.95068,0.95138,-0.00612,-0.00055,-0.00114,0.00625,0.95686,0.00548,0.00639,3,12115,0,6817,0.32728,0.15071,0.46049,100,1,98.488,57,1,3,2601,187491,0,0,0.000,30.590,6.314,0,0.000,144.485,2.588,0,0,1,0,3
PPG,3,103849,4155511552,124,74714,82660,82500.023,159.977,19.242,0,0,0,0,69.77,69.77,2,1,0,nan,4,1,24,1,1,9,9,0,0,0,4156796498,0.03735,0.00635,0.95190,0.95266,-0.00585,-0.00055,-0.00194,0.00619,0.95650,0.01751,0.00654,3,12106,0,6817,0.32728,0.15071,0.46049,100,1,98.488,57,1,3,4295,187491,0,0,0.000,30.590,6.314,0,0.000,144.485,2.588,0,0,1,0,3
PPG,3,103850,4155551552,140,74714,82665,82501.672,163.328,12.477,0,0,0,0,69.77,69.77,2,1,0,nan,4,1,24,1,1,10,10,0,0,0,4156835475,0.04004,0.00781,0.95313,0.95400,-0.00638,-0.00028,-0.00087,0.00645,0.95873,0.00608,0.00645,3,12115,0,6817,0.32728,0.15071,0.46049,100,1,98.488,57,1,3,4295,187491,0,0,0.000,30.590,6.314,0,0.000,144.485,2.588,0,0,1,0,3
PPG,3,103851,4155591552,129,74663,82472,82501.375,-29.375,-12.141,0,0,0,0,69.77,69.77,2,1,0,nan,4,1,24,1,1,11,11,0,0,0,4156874429,0.03345,0.01221,0.95239,0.95306,-0.00665,0.00052,-0.00221,0.00703,0.95449,0.00372,0.00703,3,12123,0,6817,0.32728,0.15071,0.46049,100,1,98.488,57,1,3,2595,187491,0,0,0.000,30.590,6.314,0,0.000,144.485,2.588,0,0,1,0,3
PPG,3,103852,4155631552,123,74586,82255,82498.914,-243.914,-50.188,0,0,0,0,69.77,69.77,2,1,0,nan,4,1,24,1,1,12,12,0,0,0,4156915993,0.03784,0.01025,0.95557,0.95637,-0.00638,-0.00001,-0.00114,0.00648,0.95781,0.00476,0.00648,3,12160,0,6817,0.32728,0.15071,0.46049,100,1,98.488,57,1,3,4295,187491,0,0,0.000,30.590,6.314,0,0.000,144.485,2.588,0,0,1,0,3
PPG,3,103853,4155671552,126,74551,82180,82495.727,-315.727,-90.398,0,0,0,0,69.77,69.77,2,1,0,nan,4,1,24,1,1,13,13,0,0,0,4156954976,0.04004,0.00903,0.95337,0.95425,-0.00479,-0.00161,-0.00274,0.00574,0.95428,0.00209,0.00656,3,12118,0,6817,0.32728,0.15071,0.46049,100,1,98.488,57,1,3,2600,187491,0,0,0.000,30.590,6.314,0,0.000,144.485,2.588,0,0,1,0,3
PPG,3,103854,4155711552,123,74534,82143,82492.203,-349.203,-135.203,0,0,0,0,69.77,69.77,2,1,0,nan,4,1,24,1,1,14,14,0,0,0,4156996508,0.03711,0.00684,0.95728,0.95802,-0.00585,-0.00055,-0.00141,0.00604,0.95802,0.00650,0.00668,3,12109,0,6817,0.32728,0.15071,0.46049,100,1,98.488,57,1,3,4298,187491,0,0,0.000,30.590,6.314,0,0.000,144.485,2.588,0,0,1,0,3
PPG,3,103855,4155751552,134,74524,82142,82488.703,-346.703,-182.531,0,0,0,0,69.77,69.77,2,1,0,nan,4,1,24,1,1,15,15,0,0,0,4157039640,0.03735,0.00488,0.95361,0.95436,-0.00558,0.00025,-0.00221,0.00601,0.95716,0.00148,0.00628,3,12152,0,6817,0.32728,0.15071,0.46049,100,1,98.488,57,1,3,2596,187491,0,0,0.000,30.590,6.314,0,0.000,144.485,2.588,0,0,1,0,3
PPG,3,103856,4155791552,126,74509,82152,82485.336,-333.336,-235.102,0,0,0,0,69.77,69.77,2,1,0,nan,4,1,24,1,1,16,16,0,0,0,4157076008,0.03613,0.00586,0.94995,0.95066,-0.00612,-0.00081,-0.00274,0.00675,0.95263,0.00851,0.00675,3,12110,0,6817,0.32728,0.15071,0.46049,100,1,98.488,57,1,3,4294,187491,0,0,0.000,30.590,6.314,0,0.000,144.485,2.588,0,0,1,0,3
PPG,3,103857,4155831552,148,74513,82178,82482.266,-304.266,-284.469,1,0,1,800,75.00,75.00,2,1,0,nan,4,1,24,1,1,17,17,0,0,0,4157114995,0.04126,0.00854,0.95264,0.95357,-0.00638,-0.00215,-0.00114,0.00683,0.95357,0.00580,0.00701,3,12158,0,6817,0.32728,0.15071,0.46049,100,1,98.488,57,1,3,2597,187491,0,0,115.133,30.590,6.314,1,269.430,144.485,2.588,1,1,1,0,4
PPG,3,103858,4155871552,122,74516,82168,82479.125,-311.125,-306.648,0,0,0,0,75.00,75.00,2,1,0,nan,4,1,24,1,1,18,18,0,0,0,4157156605,0.04102,0.00537,0.94824,0.94914,-0.00585,-0.00108,-0.00194,0.00626,0.95520,0.00408,0.00626,3,12125,0,6817,0.32728,0.15071,0.46049,100,1,98.488,57,1,3,4296,187491,0,0,0.000,30.356,6.120,0,0.000,144.004,2.516,0,0,1,0,4
PPG,3,103859,4155911552,126,74538,82224,82476.570,-252.570,-293.977,0,0,0,0,75.00,75.00,2,1,0,nan,4,1,24,1,1,19,19,0,0,0,4157195574,0.03784,0.00488,0.94824,0.94901,-0.00505,-0.00108,-0.00141,0.00535,0.95507,0.00593,0.00673,3,12127,0,6817,0.32728,0.15071,0.46049,100,1,98.488,57,1,3,4298,187491,0,0,0.000,30.356,6.120,0,0.000,144.004,2.516,0,0,1,0,4
PPG,3,103860,4155951552,124,74605,82327,82475.078,-148.078,-258.633,0,0,0,0,75.00,75.00,2,1,0,nan,4,1,24,1,1,20,20,0,0,0,4157234875,0.03955,0.00903,0.95654,0.95740,-0.00612,-0.00055,-0.00061,0.00617,0.95740,0.00439,0.00617,3,12306,0,6817,0.32728,0.15071,0.46049,100,1,98.488,57,1,3,2625,187491,0,0,0.000,30.356,6.120,0,0.000,144.004,2.516,0,0,1,0,4
PPG,3,103861,4155991552,126,74651,82445,82474.781,-29.781,-202.438,0,0,0,0,75.00,75.00,2,1,0,nan,4,1,24,1,1,21,21,0,0,0,4157276527,0.03613,0.00635,0.94873,0.94944,-0.00532,-0.00215,-0.00194,0.00605,0.95513,0.00569,0.00712,3,12183,0,6817,0.32728,0.15071,0.46049,100,1,98.488,57,1,3,4297,187491,0,0,0.000,30.356,6.120,0,0.000,144.004,2.516,0,0,1,0,4
PPG,3,103862,4156031552,188,74748,82615,82476.180,138.820,-127.414,0,0,0,0,75.00,75.00,2,1,0,nan,4,1,24,1,1,22,22,0,0,0,4157315515,0.03369,0.00977,0.94946,0.95011,-0.00532,-0.00161,-0.00087,0.00563,0.95390,0.00379,0.00705,3,12125,0,6817,0.32728,0.15071,0.46049,100,1,98.488,57,1,3,4305,187491,0,0,0.000,30.356,6.120,0,0.000,144.004,2.516,0,0,1,0,4
PPG,3,103863,4156071552,126,74872,82815,82479.570,335.430,-36.047,0,0,0,0,75.00,75.00,2,1,0,nan,4,1,24,1,1,23,23,0,0,0,4157354768,0.03711,0.00854,0.94971,0.95047,-0.00638,-0.00028,-0.00114,0.00649,0.95250,0.00355,0.00649,3,12119,0,6817,0.32728,0.15071,0.46049,100,1,98.488,57,1,3,2594,187491,0,0,0.000,30.356,6.120,0,0.000,144.004,2.516,0,0,1,0,4
PPG,3,103864,4156111552,125,74957,82956,82484.336,471.664,61.992,0,0,0,0,75.00,75.00,2,1,0,nan,4,1,24,1,1,24,24,0,0,0,4157396453,0.03735,0.00879,0.95020,0.95097,-0.00612,-0.00135,-0.00167,0.00648,0.95206,0.00297,0.00648,3,12126,0,6817,0.32728,0.15071,0.46049,100,1,98.488,57,1,3,4303,187491,0,0,0.000,30.356,6.120,0,0.000,144.004,2.516,0,0,1,0,4
PPG,3,103865,4156151552,128,75056,83089,82490.383,598.617,171.461,0,0,0,0,75.00,75.00,2,1,0,nan,4,1,24,1,1,25,25,0,0,0,4157435803,0.03564,0.00732,0.95020,0.95089,-0.00532,-0.00055,-0.00114,0.00547,0.95089,0.00271,0.00651,3,12217,0,6817,0.32728,0.15071,0.46049,100,1,98.488,57,1,3,4345,187491,0,0,0.000,30.356,6.120,0,0.000,144.004,2.516,0,0,1,0,4
PPG,3,103866,4156191552,126,75173,83266,82498.141,767.859,287.969,0,0,0,0,75.00,75.00,2,1,0,nan,4,1,24,1,1,26,26,0,0,0,4157475161,0.03638,0.00537,0.95361,0.95432,-0.00665,-0.00081,-0.00167,0.00691,0.95432,0.00171,0.00691,3,12311,0,6817,0.32728,0.15071,0.46049,100,1,98.488,57,1,3,2638,187491,0,0,0.000,30.356,6.120,0,0.000,144.004,2.516,0,0,1,0,4
PPG,3,103867,4156231552,126,75230,83396,82507.117,888.883,401.836,0,0,0,0,75.00,75.00,2,1,0,nan,4,1,24,1,1,27,27,0,0,0,4157517074,0.03931,0.00293,0.94531,0.94613,-0.00612,-0.00081,-0.00167,0.00639,0.94977,0.00721,0.00639,3,12267,0,6817,0.32728,0.15071,0.46049,100,1,98.488,57,1,3,4385,187491,0,0,0.000,30.356,6.120,0,0.000,144.004,2.516,0,0,1,0,4
PPG,3,103868,4156271552,126,75228,83434,82516.383,917.617,502.469,0,0,0,0,75.00,75.00,2,1,0,nan,4,1,24,1,1,28,28,0,0,0,4157556413,0.03687,0.00366,0.95020,0.95092,-0.00638,-0.00108,-0.00034,0.00648,0.95772,0.00709,0.00714,3,12263,0,6817,0.32728,0.15071,0.46049,100,1,98.488,57,1,3,4340,187491,0,0,0.000,30.356,6.120,0,0.000,144.004,2.516,0,0,1,0,4
PPG,3,103869,4156311552,521,75160,83347,82524.688,822.312,572.688,0,0,0,0,75.00,75.00,2,1,0,nan,4,0,24,1,1,29,29,0,0,0,4157595670,0.04126,0.00562,0.94580,0.94672,-0.00585,0.00025,-0.00194,0.00617,0.95273,0.00601,0.00663,3,12198,0,6817,0.37886,0.20826,0.54970,97,1,96.257,71,1,3,4346,187491,0,0,0.000,30.356,6.120,0,0.000,144.004,2.516,0,0,1,0,4
PPG,3,103870,4156351552,183,75077,83270,82532.141,737.859,607.438,0,0,0,0,75.00,75.00,2,1,0,nan,4,0,24,1,1,30,30,0,0,0,4157635600,0.04102,0.01050,0.95215,0.95309,-0.00665,0.00025,-0.00141,0.00680,0.95309,0.00289,0.00680,3,12313,0,6817,0.37886,0.20826,0.54970,97,1,96.257,71,1,3,4334,187491,0,0,0.000,30.356,6.120,0,0.000,144.004,2.516,0,0,1,0,4
PPG,3,103871,4156391552,143,74992,83159,82538.406,620.594,602.094,0,0,0,0,75.00,75.00,2,1,0,nan,4,0,24,1,1,31,31,0,0,0,4157674952,0.03833,0.00952,0.95313,0.95394,-0.00505,0.00052,-0.00221,0.00554,0.95394,0.00372,0.00580,3,12191,0,6817,0.37886,0.20826,0.54970,97,1,96.257,71,1,3,2651,187491,0,0,0.000,30.356,6.120,0,0.000,144.004,2.516,0,0,1,0,4
PPG,3,103872,4156431552,135,74923,83070,82543.719,526.281,558.633,0,1,0,0,75.00,75.00,2,1,0,nan,4,0,24,1,1,0,0,0,0,0,4157716964,0.04199,0.01025,0.95044,0.95142,-0.00612,0.00052,-0.00114,0.00624,0.95240,0.00529,0.00624,3,12246,0,6817,0.37886,0.20826,0.54970,97,1,96.257,71,1,3,4339,187491,0,0,0.000,30.356,6.120,0,0.000,144.004,2.516,0,0,1,0,4
PPG,3,103873,4156471552,124,74833,82822,82546.500,275.500,463.102,0,0,0,0,75.00,75.00,2,1,0,nan,4,0,24,1,1,1,1,0,0,0,4157756292,0.03760,0.00708,0.94775,0.94853,-0.00585,-0.00028,-0.00167,0.00609,0.95147,0.00183,0.00706,3,12228,0,6817,0.37886,0.20826,0.54970,97,1,96.257,71,1,3,4332,187491,0,0,0.000,30.356,6.120,0,0.000,144.004,2.516,0,0,1,0,4
PPG,3,103874,4156511552,122,74716,82482,82545.852,-63.852,315.578,0,0,0,0,75.00,75.00,2,1,0,nan,4,0,24,1,1,2,2,0,0,0,4157795556,0.03784,0.00610,0.95752,0.95829,-0.00585,-0.00001,-0.00247,0.00635,0.95829,0.00999,0.00635,3,12231,0,6817,0.37886,0.20826,0.54970,97,1,96.257,71,1,3,4339,187491,0,0,0.000,30.356,6.120,0,0.000,144.004,2.516,0,0,1,0,4
PPG,3,103875,4156551552,124,74669,82368,82544.070,-176.070,151.992,0,0,0,0,75.00,75.00,2,1,0,nan,4,0,24,1,1,3,3,0,0,0,4157834832,0.03955,0.00537,0.94922,0.95006,-0.00558,-0.00055,-0.00194,0.00594,0.95171,0.00894,0.00653,3,12275,0,6817,0.37886,0.20826,0.54970,97,1,96.257,71,1,3,2623,187491,0,0,0.000,30.356,6.120,0,0.000,144.004,2.516,0,0,1,0,4
PPG,3,103876,4156591552,122,74649,82330,82541.930,-211.930,-2.188,0,0,0,0,75.00,75.00,2,1,0,nan,4,0,24,1,1,4,4,0,0,0,4157876694,0.03516,0.00537,0.95557,0.95623,-0.00585,-0.00001,-0.00167,0.00609,0.95623,0.00828,0.00609,3,12228,0,6817,0.37886,0.20826,0.54970,97,1,96.257,71,1,3,4331,187491,0,0,0.000,30.356,6.120,0,0.000,144.004,2.516,0,0,1,0,4
PPG,3,103877,4156631552,134,74618,82314,82539.648,-225.648,-145.562,0,0,0,0,75.00,75.00,2,1,0,nan,4,0,24,1,1,5,5,0,0,0,4157915954,0.03857,0.00830,0.95654,0.95736,-0.00532,0.00052,-0.00087,0.00541,0.95860,0.00685,0.00739,3,12228,0,6817,0.37886,0.20826,0.54970,97,1,96.257,71,1,3,4330,187491,0,0,0.000,30.356,6.120,0,0.000,144.004,2.516,0,0,1,0,4
PPG,3,103878,4156671552,148,74628,82318,82537.430,-219.430,-273.211,1,0,1,840,71.43,71.43,2,1,0,nan,4,0,24,1,1,6,6,0,0,0,4157955254,0.03589,0.00757,0.95190,0.95261,-0.00612,-0.00161,-0.00194,0.00662,0.95960,0.00938,0.00662,3,12241,0,6817,0.37886,0.20826,0.54970,97,1,96.257,71,1,3,2637,187491,0,0,461.523,30.356,6.120,1,914.086,144.004,2.516,1,1,1,0,5
PPG,3,103879,4156711552,122,74638,82359,82535.648,-176.648,-381.531,0,0,0,0,71.43,71.43,2,1,0,nan,4,0,24,1,1,7,7,0,0,0,4157997187,0.03467,0.00366,0.94873,0.94937,-0.00425,-0.00028,-0.00354,0.00554,0.95249,0.00870,0.00635,3,12231,0,6817,0.37886,0.20826,0.54970,97,1,96.257,71,1,3,4331,187491,0,0,0.000,32.316,7.742,0,0.000,147.612,3.055,0,0,1,0,5
PPG,3,103880,4156751552,129,74600,82318,82533.469,-215.469,-453.078,0,0,0,0,71.43,71.43,2,1,0,nan,4,0,24,1,1,8,8,0,0,0,4158040921,0.03979,0.00879,0.95435,0.95522,-0.00558,-0.00081,-0.00300,0.00639,0.95659,0.00745,0.00639,3,12309,0,6817,0.37886,0.20826,0.54970,97,1,96.257,71,1,3,2592,187491,0,0,0.000,32.316,7.742,0,0.000,147.612,3.055,0,0,1,0,5
PPG,3,103881,4156791552,126,74581,82234,82530.477,-296.477,-477.961,0,0,0,0,71.43,71.43,2,1,0,nan,4,0,24,1,1,9,9,0,0,0,4158077536,0.03809,0.00366,0.94287,0.94365,-0.00479,-0.00055,-0.00141,0.00502,0.95405,0.01053,0.00578,3,12299,0,6817,0.37886,0.20826,0.54970,97,1,96.257,71,1,3,4326,187491,0,0,0.000,32.316,7.742,0,0.000,147.612,3.055,0,0,1,0,5
PPG,3,103882,4156831552,124,74569,82222,82527.391,-305.391,-479.164,0,0,0,0,71.43,71.43,2,1,0,nan,4,0,24,1,1,10,10,0,0,0,4158116493,0.04199,0.00806,0.94849,0.94945,-0.00505,-0.00135,-0.00087,0.00530,0.95544,0.01180,0.00547,3,12117,0,6817,0.37886,0.20826,0.54970,97,1,96.257,71,1,3,4298,187491,0,0,0.000,32.316,7.742,0,0.000,147.612,3.055,0,0,1,0,5
PPG,3,103883,4156871552,126,74556,82215,82524.266,-309.266,-465.594,0,0,0,0,71.43,71.43,2,1,0,nan,4,0,24,1,1,11,11,0,0,0,4158155471,0.03735,0.00488,0.94824,0.94899,-0.00638,-0.00001,-0.00141,0.00654,0.95542,0.00924,0.00662,3,12130,0,6817,0.37886,0.20826,0.54970,97,1,96.257,71,1,3,4296,187491,0,0,0.000,32.316,7.742,0,0.000,147.612,3.055,0,0,1,0,5
PPG,3,103884,4156911552,127,74538,82243,82521.453,-278.453,-440.086,0,0,0,0,71.43,71.43,2,1,0,nan,4,0,24,1,1,12,12,0,0,0,4158194430,0.03833,0.00244,0.94238,0.94317,-0.00558,-0.00081,-0.00061,0.00568,0.95220,0.00904,0.00635,3,12122,0,6817,0.37886,0.20826,0.54970,97,1,96.257,71,1,3,2595,187491,0,0,0.000,32.316,7.742,0,0.000,147.612,3.055,0,0,1,0,5
PPG,3,103885,4156951552,129,74555,82301,82519.250,-218.250,-403.109,0,0,0,0,71.43,71.43,2,1,0,nan,4,0,24,1,1,13,13,0,0,0,4158235988,0.04102,0.00562,0.95435,0.95524,-0.00638,-0.00135,-0.00114,0.00662,0.95524,0.01132,0.00662,3,12139,0,6817,0.37886,0.20826,0.54970,97,1,96.257,71,1,3,4299,187491,0,0,0.000,32.316,7.742,0,0.000,147.612,3.055,0,0,1,0,5
PPG,3,103886,4156991552,124,74550,82369,82517.750,-148.750,-356.836,0,0,0,0,71.43,71.43,2,1,0,nan,4,0,24,1,1,14,14,0,0,0,4158274964,0.03735,0.00732,0.95190,0.95267,-0.00452,0.00025,-0.00141,0.00474,0.95267,0.00628,0.00665,3,12118,0,6817,0.37886,0.20826,0.54970,97,1,96.257,71,1,3,2599,187491,0,0,0.000,32.316,7.742,0,0.000,147.612,3.055,0,0,1,0,5
PPG,3,103887,4157031552,125,74584,82473,82517.305,-44.305,-288.539,0,0,0,0,71.43,71.43,2,1,0,nan,4,0,24,1,1,15,15,0,0,0,4158316493,0.03979,0.00659,0.94360,0.94447,-0.00558,0.00052,-0.00141,0.00578,0.95222,0.00775,0.00578,3,12117,0,6817,0.37886,0.20826,0.54970,97,1,96.257,71,1,3,4294,187491,0,0,0.000,32.316,7.742,0,0.000,147.612,3.055,0,0,1,0,5
PPG,3,103888,4157071552,128,74609,82520,82517.328,2.672,-201.992,0,0,0,0,71.43,71.43,2,1,0,nan,4,0,24,1,1,16,16,0,0,0,4158355497,0.03979,0.00244,0.95386,0.95469,-0.00558,0.00158,-0.00114,0.00592,0.95469,0.00983,0.00592,3,12125,0,6817,0.37886,0.20826,0.54970,97,1,96.257,71,1,3,2599,187491,0,0,0.000,32.316,7.742,0,0.000,147.612,3.055,0,0,1,0,5
PPG,3,103889,4157111552,128,74640,82539,82517.547,21.453,-116.297,0,0,0,0,71.43,71.43,2,1,0,nan,4,0,24,1,1,17,17,0,0,0,4158397035,0.04175,0.01099,0.94897,0.94996,-0.00638,-0.00081,-0.00141,0.00659,0.95132,0.00718,0.00685,3,12129,0,6817,0.37886,0.20826,0.54970,97,1,96.257,71,1,3,4310,187491,0,0,0.000,32.316,7.742,0,0.000,147.612,3.055,0,0,1,0,5
PPG,3,103890,4157151552,128,74659,82570,82518.070,51.930,-30.586,0,0,0,0,71.43,71.43,2,1,0,nan,4,0,24,1,1,18,18,0,0,0,4158435965,0.03955,0.00684,0.95093,0.95177,-0.00558,0.00052,-0.00061,0.00564,0.95177,0.00414,0.00592,3,12117,0,6817,0.37886,0.20826,0.54970,97,1,96.257,71,1,3,4298,187491,0,0,0.000,32.316,7.742,0,0.000,147.612,3.055,0,0,1,0,5
PPG,3,103891,4157191552,125,74682,82600,82518.891,81.109,48.359,0,0,0,0,71.43,71.43,2,1,0,nan,4,0,24,1,1,19,19,0,0,0,4158474964,0.03784,0.00708,0.95044,0.95122,-0.00558,-0.00001,-0.00194,0.00591,0.95374,0.00212,0.00596,3,12125,0,6817,0.37886,0.20826,0.54970,97,1,96.257,71,1,3,2598,187491,0,0,0.000,32.316,7.742,0,0.000,147.612,3.055,0,0,1,0,5
PPG,3,103892,4157231552,124,74694,82618,82519.883,98.117,116.250,0,0,0,0,71.43,71.43,2,1,0,nan,4,0,24,1,1,20,20,0,0,0,4158516493,0.03564,0.00610,0.95190,0.95259,-0.00558,-0.00081,-0.00167,0.00589,0.95399,0.00829,0.00651,3,12117,0,6817,0.37886,0.20826,0.54970,97,1,96.257,71,1,3,4295,187491,0,0,0.000,32.316,7.742,0,0.000,147.612,3.055,0,0,1,0,5
PPG,3,103893,4157271552,128,74681,82605,82520.734,84.266,160.812,0,0,0,0,71.43,71.43,2,1,0,nan,4,0,24,1,1,21,21,0,0,0,4158555583,0.03955,0.00610,0.95532,0.95616,-0.00558,-0.00055,-0.00087,0.00568,0.95616,0.00702,0.00610,3,12245,0,6817,0.37886,0.20826,0.54970,97,1,96.257,71,1,3,4342,187491,0,0,0.000,32.316,7.742,0,0.000,147.612,3.055,0,0,1,0,5
PPG,3,103894,4157311552,533,74635,82560,82521.125,38.875,169.344,0,0,0,0,71.43,71.43,2,1,0,100.00,0,0,24,1,1,22,22,0,0,0,4158594880,0.03711,0.00684,0.94531,0.94607,-0.00558,-0.00001,-0.00141,0.00576,0.95243,0.00929,0.00582,3,12112,0,6817,0.37875,0.22304,0.58888,97,1,95.278,100,1,3,2595,187491,0,0,0.000,32.316,7.742,0,0.000,147.612,3.055,0,0,1,0,5
PPG,3,103895,4157351552,186,74577,82418,82520.094,-102.094,152.273,0,0,0,0,71.43,71.43,2,1,0,100.00,0,0,24,1,1,23,23,0,0,0,4158636938,0.03931,0.00537,0.95068,0.95151,-0.00638,-0.00108,-0.00167,0.00669,0.95151,0.00315,0.00669,3,12116,0,6817,0.37875,0.22304,0.58888,97,1,95.278,100,1,3,4301,187491,0,0,0.000,32.316,7.742,0,0.000,147.612,3.055,0,0,1,0,5
PPG,3,103896,4157391552,136,74477,82097,82515.859,-418.859,100.781,0,0,0,0,71.43,71.43,2,1,0,100.00,0,0,24,1,1,24,24,0,0,0,4158676140,0.03760,0.00513,0.95117,0.95193,-0.00585,-0.00135,-0.00167,0.00623,0.95405,0.00573,0.00623,3,12111,0,6817,0.37875,0.22304,0.58888,97,1,95.278,100,1,3,4299,187491,0,0,0.000,32.316,7.742,0,0.000,147.612,3.055,0,0,1,0,5
PPG,3,103897,4157431552,124,74410,81927,82509.969,-582.969,28.273,0,0,0,0,71.43,71.43,2,1,0,100.00,0,0,24,1,1,25,25,0,0,0,4158715106,0.03955,0.00220,0.94434,0.94517,-0.00665,-0.00081,-0.00247,0.00714,0.95745,0.01116,0.00714,3,12117,0,6817,0.37875,0.22304,0.58888,97,1,95.278,100,1,3,2603,187491,0,0,0.000,32.316,7.742,0,0.000,147.612,3.055,0,0,1,0,5
PPG,3,103898,4157471552,123,74383,81859,82503.461,-644.461,-54.641,0,0,0,0,71.43,71.43,2,1,0,100.00,0,0,24,1,1,26,26,0,0,0,4158756708,0.03906,0.00464,0.95410,0.95491,-0.00585,-0.00081,-0.00194,0.00622,0.95491,0.00421,0.00719,3,12180,0,6817,0.37875,0.22304,0.58888,97,1,95.278,100,1,3,4296,187491,0,0,0.000,32.316,7.742,0,0.000,147.612,3.055,0,0,1,0,5
PPG,3,103899,4157511552,124,74359,81842,82496.844,-654.844,-139.641,0,0,0,0,71.43,71.43,2,1,0,100.00,0,0,24,1,1,27,27,0,0,0,4158795641,0.03687,0.00586,0.95435,0.95508,-0.00585,-0.00161,-0.00167,0.00630,0.95508,0.00498,0.00630,3,12113,0,6817,0.37875,0.22304,0.58888,97,1,95.278,100,1,3,2595,187491,0,0,0.000,32.316,7.742,0,0.000,147.612,3.055,0,0,1,0,5
PPG,3,103900,4157551552,123,74324,81815,82490.023,-675.023,-227.352,0,0,0,0,71.43,71.43,2,1,0,100.00,0,0,24,1,1,28,28,0,0,0,4158837159,0.03760,0.00537,0.95532,0.95608,-0.00532,-0.00108,-0.00034,0.00544,0.95608,0.00505,0.00661,3,12107,0,6817,0.37875,0.22304,0.58888,97,1,95.278,100,1,3,4299,187491,0,0,0.000,32.316,7.742,0,0.000,147.612,3.055,0,0,1,0,5
PPG,3,103901,4157591552,124,74299,81784,82482.961,-698.961,-315.711,0,0,0,0,71.43,71.43,2,1,0,100.00,0,0,24,1,1,29,29,0,0,0,4158876147,0.03882,0.00952,0.95410,0.95494,-0.00638,-0.00188,-0.00194,0.00693,0.95494,0.01246,0.00693,3,12112,0,6817,0.37875,0.22304,0.58888,97,1,95.278,100,1,3,4299,187491,0,0,0.000,32.316,7.742,0,0.000,147.612,3.055,0,0,1,0,5
PPG,3,103902,4157631552,124,74282,81780,82475.930,-695.930,-384.750,1,0,0,0,71.43,71.43,2,1,0,100.00,0,0,24,1,1,30,30,0,0,0,4158915097,0.03955,0.00659,0.94702,0.94787,-0.00532,-0.00081,-0.00087,0.00545,0.95469,0.00442,0.00632,3,12122,0,6817,0.37875,0.22304,0.58888,97,1,95.278,100,1,3,2599,187491,0,0,0.000,32.316,7.742,0,648.508,147.612,3.055,1,0,1,0,5
PPG,3,103903,4157671552,146,74325,81815,82469.320,-654.320,-405.039,0,0,1,980,71.43,71.43,2,1,0,100.00,0,0,24,1,1,31,31,0,0,0,4158956674,0.03589,0.00537,0.95679,0.95748,-0.00558,0.00025,-0.00194,0.00592,0.95748,0.00703,0.00623,3,12138,0,6817,0.37875,0.22304,0.58888,97,1,95.278,100,1,3,4326,187491,0,0,287.016,32.316,7.742,1,0.000,147.612,3.055,0,1,1,0,6
PPG,3,103904,4157711552,124,74355,81843,82463.055,-620.055,-397.039,0,0,0,0,71.43,71.43,2,1,0,100.00,0,0,24,1,1,0,0,0,0,0,4158995711,0.03589,0.00806,0.94849,0.94920,-0.00612,-0.00028,-0.00194,0.00642,0.95350,0.00644,0.00642,3,12117,0,6817,0.37875,0.22304,0.58888,97,1,95.278,100,1,3,2603,187491,0,0,0.000,32.940,8.259,0,0.000,149.110,3.279,0,0,1,0,6
PPG,3,103905,4157751552,129,74384,81914,82457.562,-543.562,-369.828,0,0,0,0,71.43,71.43,2,1,0,100.00,0,0,24,1,1,1,1,0,0,0,4159041399,0.03296,0.00635,0.94995,0.95054,-0.00585,0.00025,-0.00141,0.00602,0.95220,0.00165,0.00676,3,12167,0,6817,0.37875,0.22304,0.58888,97,1,95.278,100,1,3,2588,187491,0,0,0.000,32.940,8.259,0,0.000,149.110,3.279,0,0,1,0,6
PPG,3,103906,4157791552,132,74402,81966,82452.648,-486.648,-331.961,0,0,0,0,71.43,71.43,2,1,0,100.00,0,0,24,1,1,2,2,0,0,0,4159078039,0.03564,0.00635,0.95435,0.95503,-0.00558,-0.00161,-0.00087,0.00588,0.95503,0.00403,0.00597,3,12243,0,6817,0.37875,0.22304,0.58888,97,1,95.278,100,1,3,4298,187491,0,0,0.000,32.940,8.259,0,0.000,149.110,3.279,0,0,1,0,6
PPG,3,103907,4157831552,125,74437,82049,82448.609,-399.609,-277.336,0,0,0,0,71.43,71.43,2,1,0,100.00,0,0,24,1,1,3,3,0,0,0,4159117139,0.03857,0.00684,0.95093,0.95173,-0.00612,-0.00081,-0.00141,0.00633,0.95173,0.00913,0.00633,3,12275,0,6817,0.37875,0.22304,0.58888,97,1,95.278,100,1,3,4303,187491,0,0,0.000,32.940,8.259,0,0.000,149.110,3.279,0,0,1,0,6
PPG,3,103908,4157871552,124,74451,82108,82445.203,-337.203,-210.453,0,0,0,0,71.43,71.43,2,1,0,100.00,0,0,24,1,1,4,4,0,0,0,4159156291,0.03687,0.00806,0.94946,0.95021,-0.00585,-0.00055,-0.00087,0.00594,0.95861,0.00839,0.00624,3,12309,0,6817,0.37875,0.22304,0.58888,97,1,95.278,100,1,3,4370,187491,0,0,0.000,32.940,8.259,0,0.000,149.110,3.279,0,0,1,0,6
PPG,3,103909,4157911552,135,74464,82157,82442.320,-285.320,-137.492,0,0,0,0,71.43,71.43,2,1,0,100.00,0,0,24,1,1,5,5,0,0,0,4159195678,0.03638,0.00464,0.94800,0.94871,-0.00505,-0.00081,-0.00167,0.00538,0.95816,0.00795,0.00543,3,12256,0,6817,0.37875,0.22304,0.58888,97,1,95.278,100,1,3,2641,187491,0,0,0.000,32.940,8.259,0,0.000,149.110,3.279,0,0,1,0,6
PPG,3,103910,4157951552,124,74449,82154,82439.438,-285.438,-68.258,0,0,0,0,71.43,71.43,2,1,0,100.00,0,0,24,1,1,6,6,0,0,0,4159237690,0.03833,0.00513,0.95386,0.95464,-0.00585,-0.00135,-0.00114,0.00611,0.95464,0.00332,0.00705,3,12262,0,6817,0.37875,0.22304,0.58888,97,1,95.278,100,1,3,4320,187491,0,0,0.000,32.940,8.259,0,0.000,149.110,3.279,0,0,1,0,6
PPG,3,103911,4157991552,137,74443,82152,82436.562,-284.562,-1.719,0,0,0,0,71.43,71.43,2,1,0,100.00,0,0,24,1,1,7,7,0,0,0,4159277155,0.03833,0.00488,0.95557,0.95635,-0.00585,-0.00081,-0.00247,0.00640,0.95635,0.00885,0.00640,3,12365,0,6817,0.37875,0.22304,0.58888,97,1,95.278,100,1,3,4339,187491,0,0,0.000,32.940,8.259,0,0.000,149.110,3.279,0,0,1,0,6
PPG,3,103912,4158031552,125,74470,82182,82434.016,-252.016,58.359,0,0,0,0,71.43,71.43,2,1,0,100.00,0,0,24,1,1,8,8,0,0,0,4159316583,0.03589,0.00806,0.95166,0.95237,-0.00532,-0.00028,-0.00114,0.00545,0.95872,0.00753,0.00628,3,12260,0,6817,0.37875,0.22304,0.58888,97,1,95.278,100,1,3,4362,187491,0,0,0.000,32.940,8.259,0,0.000,149.110,3.279,0,0,1,0,6
PPG,3,103913,4158071552,134,74482,82236,82432.039,-196.039,115.391,0,0,0,0,71.43,71.43,2,1,0,100.00,0,0,24,1,1,9,9,0,0,0,4159355956,0.03931,0.00732,0.95166,0.95250,-0.00558,-0.00161,-0.00034,0.00582,0.95442,0.00205,0.00582,3,12262,0,6817,0.37875,0.22304,0.58888,97,1,95.278,100,1,3,4341,187491,0,0,0.000,32.940,8.259,0,0.000,149.110,3.279,0,0,1,0,6
PPG,3,103914,4158111552,131,74518,82313,82430.852,-117.852,165.453,0,0,0,0,71.43,71.43,2,1,0,100.00,0,0,24,1,1,10,10,0,0,0,4159395301,0.03931,0.00171,0.94971,0.95052,-0.00585,-0.00081,-0.00141,0.00607,0.95802,0.00750,0.00720,3,12265,0,6817,0.37875,0.22304,0.58888,97,1,95.278,100,1,3,2638,187491,0,0,0.000,32.940,8.259,0,0.000,149.110,3.279,0,0,1,0,6
PPG,3,103915,4158151552,125,74549,82388,82430.422,-42.422,206.953,0,0,0,0,71.43,71.43,2,1,0,100.00,0,0,24,1,1,11,11,0,0,0,4159437255,0.04077,0.00635,0.95239,0.95329,-0.00612,-0.00081,-0.00167,0.00639,0.95403,0.00350,0.00671,3,12253,0,6817,0.37875,0.22304,0.58888,97,1,95.278,100,1,3,4340,187491,0,0,0.000,32.940,8.259,0,0.000,149.110,3.279,0,0,1,0,6
PPG,3,103916,4158191552,126,74553,82400,82430.117,-30.117,226.508,0,0,0,0,71.43,71.43,2,1,0,100.00,0,0,24,1,1,12,12,0,0,0,4159476626,0.03906,0.00586,0.95190,0.95272,-0.00532,-0.00028,-0.00114,0.00545,0.95782,0.01077,0.00576,3,12288,0,6817,0.37875,0.22304,0.58888,97,1,95.278,100,1,3,4337,187491,0,0,0.000,32.940,8.259,0,0.000,149.110,3.279,0,0,1,0,6
PPG,3,103917,4158231552,142,74500,82210,82427.914,-217.914,220.359,0,0,0,0,71.43,71.43,2,1,0,100.00,0,0,24,1,1,13,13,0,0,0,4159515900,0.03320,0.00659,0.95361,0.95421,-0.00505,-0.00055,-0.00141,0.00527,0.95441,0.00612,0.00527,3,12243,0,6817,0.37875,0.22304,0.58888,97,1,95.278,100,1,3,4333,187491,0,0,0.000,32.940,8.259,0,0.000,149.110,3.279,0,0,1,0,6
PPG,3,103918,4158271552,153,74428,81994,82423.578,-429.578,191.039,0,0,0,0,71.43,71.43,2,1,0,100.00,0,0,24,1,1,14,14,0,0,0,4159555185,0.03687,0.00708,0.95117,0.95191,-0.00638,-0.00028,-0.00167,0.00661,0.95311,0.00390,0.00661,3,12229,0,6817,0.37875,0.22304,0.58888,97,1,95.278,100,1,3,2641,187491,0,0,0.000,32.940,8.259,0,0.000,149.110,3.279,0,0,1,0,6
PPG,3,103919,4158311552,515,74390,81952,82418.859,-466.859,152.688,0,0,0,0,71.43,71.43,2,1,0,97.00,0,0,24,1,1,15,15,0,0,0,4159597187,0.03760,0.00659,0.95435,0.95511,-0.00665,-0.00135,-0.00141,0.00693,0.95511,0.00312,0.00722,3,12227,0,6817,0.48389,0.28155,0.58186,97,1,95.454,75,1,3,4329,187491,0,0,0.000,32.940,8.259,0,0.000,149.110,3.279,0,0,1,0,6
PPG,3,103920,4158351552,188,74399,82005,82414.719,-409.719,110.188,0,0,0,0,71.43,71.43,2,1,0,97.00,0,0,24,1,1,16,16,0,0,0,4159636914,0.03711,0.00586,0.95386,0.95460,-0.00585,0.00025,-0.00247,0.00636,0.95460,0.00364,0.00684,3,12218,0,6817,0.48389,0.28155,0.58186,97,1,95.454,75,1,3,4333,187491,0,0,0.000,32.940,8.259,0,0.000,149.110,3.279,0,0,1,0,6
PPG,3,103921,4158391552,125,74415,82071,82411.281,-340.281,61.258,0,0,0,0,71.43,71.43,2,1,0,97.00,0,0,24,1,1,17,17,0,0,0,4159676335,0.04150,0.00171,0.94800,0.94891,-0.00505,-0.00081,-0.00114,0.00524,0.95511,0.00728,0.00617,3,12290,0,6817,0.48389,0.28155,0.58186,97,1,95.454,75,1,3,4337,187491,0,0,0.000,32.940,8.259,0,0.000,149.110,3.279,0,0,1,0,6
PPG,3,103922,4158431552,124,74435,82114,82408.305,-294.305,5.422,0,0,0,0,71.43,71.43,2,1,0,97.00,0,0,24,1,1,18,18,0,0,0,4159715622,0.03613,0.00220,0.95337,0.95406,-0.00638,-0.00055,-0.00194,0.00669,0.95590,0.00699,0.00669,3,12230,0,6817,0.48389,0.28155,0.58186,97,1,95.454,75,1,3,2635,187491,0,0,0.000,32.940,8.259,0,0.000,149.110,3.279,0,0,1,0,6
PPG,3,103923,4158471552,127,74450,82120,82405.422,-285.422,-49.828,0,0,0,0,71.43,71.43,2,1,0,97.00,0,0,24,1,1,19,19,0,0,0,4159757493,0.03784,0.00464,0.95044,0.95120,-0.00612,-0.00135,-0.00114,0.00637,0.95120,0.00301,0.00637,3,12209,0,6817,0.48389,0.28155,0.58186,97,1,95.454,75,1,3,4312,187491,0,0,0.000,32.940,8.259,0,0.000,149.110,3.279,0,0,1,0,6
PPG,3,103924,4158511552,162,74416,82058,82401.945,-343.945,-82.289,1,0,0,0,71.43,71.43,2,1,0,97.00,0,0,24,1,1,20,20,0,0,0,4159796570,0.03613,0.00854,0.95313,0.95385,-0.00665,-0.00215,-0.00221,0.00733,0.95763,0.00822,0.00733,3,12127,0,6817,0.48389,0.28155,0.58186,97,1,95.454,75,1,3,4300,187491,0,0,0.000,32.940,8.259,0,631.547,149.110,3.279,1,0,1,0,6
PPG,3,103925,4158551552,149,74407,82033,82398.258,-365.258,-82.672,0,0,1,880,69.77,69.77,0,0,0,97.00,0,0,24,1,1,21,21,0,0,0,4159835711,0.03662,0.00928,0.94922,0.94997,-0.00505,-0.00108,-0.00141,0.00535,0.95756,0.00980,0.00577,3,12123,0,6817,0.48389,0.28155,0.58186,97,1,95.454,75,1,3,2647,187491,0,0,253.547,32.940,8.259,1,0.000,149.110,3.279,0,1,2,0,7
PPG,3,103926,4158591552,126,74455,82103,82395.305,-292.305,-67.953,0,0,0,0,69.77,69.77,0,0,0,97.00,0,0,24,1,1,22,22,0,0,0,4159877415,0.03857,0.00952,0.95679,0.95761,-0.00532,-0.00001,-0.00087,0.00539,0.95761,0.01327,0.00701,3,12151,0,6817,0.48389,0.28155,0.58186,97,1,95.454,75,1,3,4341,187491,0,0,0.000,33.278,8.538,0,0.000,150.314,3.459,0,0,2,0,7
PPG,3,103927,4158631552,127,74505,82214,82393.492,-179.492,-46.344,0,0,0,0,69.77,69.77,0,0,0,97.00,0,0,24,1,1,23,23,0,0,0,4159916489,0.03882,0.00732,0.95508,0.95589,-0.00585,-0.00028,-0.00114,0.00597,0.95663,0.00636,0.00597,3,12117,0,6817,0.48389,0.28155,0.58186,97,1,95.454,75,1,3,4298,187491,0,0,0.000,33.278,8.538,0,0.000,150.314,3.459,0,0,2,0,7
PPG,3,103928,4158671552,130,74542,82318,82392.734,-74.734,-21.562,0,0,0,0,69.77,69.77,0,0,0,97.00,0,0,24,1,1,24,24,0,0,0,4159955430,0.03516,0.00488,0.95508,0.95574,-0.00638,0.00052,-0.00141,0.00656,0.95574,0.00654,0.00656,3,12119,0,6817,0.48389,0.28155,0.58186,97,1,95.454,75,1,3,2595,187491,0,0,0.000,33.278,8.538,0,0.000,150.314,3.459,0,0,2,0,7
PPG,3,103929,4158711552,132,74581,82405,82392.859,12.141,7.609,0,0,0,0,69.77,69.77,0,0,0,97.00,0,0,24,1,1,25,25,0,0,0,4159997101,0.03857,0.00684,0.95044,0.95125,-0.00532,-0.00028,-0.00300,0.00611,0.95201,0.00727,0.00634,3,12124,0,6817,0.48389,0.28155,0.58186,97,1,95.454,75,1,3,4304,187491,0,0,0.000,33.278,8.538,0,0.000,150.314,3.459,0,0,2,0,7
PPG,3,103930,4158751552,141,74547,82401,82392.938,8.062,35.406,0,0,0,0,69.77,69.77,0,0,0,97.00,0,0,24,2,2,27,27,0,0,0,4160092202,0.03857,0.00513,0.95410,0.95489,-0.00505,-0.00108,-0.00087,0.00524,0.95515,0.00244,0.00685,3,61559,0,6822,0.48389,0.28155,0.58186,97,1,95.454,75,1,3,61508,187491,0,0,0.000,33.278,8.538,0,0.000,150.314,3.459,0,0,2,0,7
PPG,3,103931,4158791552,37,74470,82324,82392.250,-68.250,64.812,0,0,0,0,69.77,69.77,0,0,0,97.00,0,0,24,2,2,27,27,0,0,0,4160092202,0.03857,0.00513,0.95410,0.95489,-0.00505,-0.00108,-0.00087,0.00524,0.00000,0.00000,0.00000,0,61559,0,6822,0.48389,0.28155,0.58186,97,1,95.454,75,1,3,61508,187491,0,0,0.000,33.278,8.538,0,0.000,150.314,3.459,0,0,2,0,7
PPG,3,103932,4158831552,128,74417,82234,82390.664,-156.664,90.922,0,0,0,0,69.77,69.77,0,0,0,97.00,0,0,24,1,1,28,28,0,0,0,4160118319,0.03857,0.00439,0.95044,0.95123,-0.00532,-0.00055,-0.00194,0.00569,0.95734,0.00611,0.00569,2,12574,0,6822,0.48389,0.28155,0.58186,97,1,95.454,75,1,3,4304,187491,0,0,0.000,33.278,8.538,0,0.000,150.314,3.459,0,0,2,0,7
PPG,3,103933,4158871552,141,74315,82135,82388.109,-253.109,100.539,0,0,0,0,69.77,69.77,0,0,0,97.00,0,0,24,1,1,29,29,0,0,0,4160157272,0.03857,0.00562,0.95239,0.95319,-0.00585,0.00052,-0.00034,0.00588,0.95358,0.00734,0.00588,3,12125,0,6822,0.48389,0.28155,0.58186,97,1,95.454,75,1,3,4315,187491,0,0,0.000,33.278,8.538,0,0.000,150.314,3.459,0,0,2,0,7
PPG,3,103934,4158911552,141,74224,82085,82385.078,-300.078,93.508,0,0,0,0,69.77,69.77,0,0,0,97.00,0,0,24,1,1,30,30,0,0,0,4160196294,0.03735,0.00562,0.95215,0.95290,-0.00585,0.00052,-0.00061,0.00591,0.95290,0.00342,0.00591,3,12141,0,6822,0.48389,0.28155,0.58186,97,1,95.454,75,1,3,4321,187491,0,0,0.000,33.278,8.538,0,0.000,150.314,3.459,0,0,2,0,7
PPG,3,103935,4158951552,125,74178,82065,82381.875,-316.875,73.523,0,0,0,0,69.77,69.77,0,0,0,97.00,0,0,24,1,1,31,31,0,0,0,4160235288,0.03833,0.00537,0.95337,0.95415,-0.00665,0.00025,-0.00274,0.00720,0.95587,0.00297,0.00720,3,12126,0,6822,0.48389,0.28155,0.58186,97,1,95.454,75,1,3,2596,187491,0,0,0.000,33.278,8.538,0,0.000,150.314,3.459,0,0,2,0,7
PPG,3,103936,4158991552,126,74103,81999,82378.047,-379.047,35.570,0,0,0,0,69.77,69.77,0,0,0,97.00,0,0,24,1,1,0,0,0,0,0,4160276862,0.04004,0.00464,0.94971,0.95056,-0.00585,-0.00028,-0.00247,0.00636,0.95110,0.00305,0.00636,3,12130,0,6822,0.48389,0.28155,0.58186,97,1,95.454,75,1,3,4308,187491,0,0,0.000,33.278,8.538,0,0.000,150.314,3.459,0,0,2,0,7
PPG,3,103937,4159031552,128,73995,81731,82371.578,-640.578,-36.188,0,1,0,0,69.77,69.77,0,0,0,97.00,0,0,24,1,1,1,1,0,0,0,4160315838,0.03540,0.00293,0.95435,0.95501,-0.00532,-0.00188,-0.00327,0.00652,0.95501,0.00523,0.00738,3,12124,0,6822,0.48389,0.28155,0.58186,97,1,95.454,75,1,3,2598,187491,0,0,0.000,33.278,8.538,0,0.000,150.314,3.459,0,0,2,0,7
PPG,3,103938,4159071552,128,73892,81444,82362.305,-918.305,-134.406,0,0,0,0,69.77,69.77,0,0,0,97.00,0,0,24,1,1,2,2,0,0,0,4160357453,0.04004,0.00903,0.94800,0.94889,-0.00745,-0.00215,-0.00194,0.00799,0.95349,0.00373,0.00799,3,12121,0,6822,0.48389,0.28155,0.58186,97,1,95.454,75,1,3,4306,187491,0,0,0.000,33.278,8.538,0,0.000,150.314,3.459,0,0,2,0,7
PPG,3,103939,4159111552,125,73870,81379,82352.469,-973.469,-227.898,0,0,0,0,69.77,69.77,0,0,0,97.00,0,0,24,1,1,3,3,0,0,0,4160396477,0.04028,0.00415,0.95093,0.95179,-0.00479,-0.00108,-0.00194,0.00527,0.95813,0.01170,0.00734,3,12167,0,6822,0.48389,0.28155,0.58186,97,1,95.454,75,1,3,4298,187491,0,0,0.000,33.278,8.538,0,0.000,150.314,3.459,0,0,2,0,7
PPG,3,103940,4159151552,130,73863,81373,82342.672,-969.672,-305.156,0,0,0,0,69.77,69.77,0,0,0,97.00,0,0,24,1,1,4,4,0,0,0,4160435419,0.03906,0.00513,0.94678,0.94760,-0.00585,-0.00028,-0.00114,0.00597,0.95963,0.00784,0.00609,3,12122,0,6822,0.48389,0.28155,0.58186,97,1,95.454,75,1,3,2595,187491,0,0,66.375,33.278,8.538,1,0.000,150.314,3.459,0,0,2,0,7
PPG,3,103941,4159191552,155,73859,81376,82333.008,-957.008,-371.688,1,0,1,640,71.43,71.43,2,1,16,97.00,0,0,24,1,1,5,5,0,0,0,4160476988,0.03809,0.00806,0.95483,0.95563,-0.00638,-0.00161,-0.00221,0.00694,0.96028,0.01269,0.00765,3,12115,0,6822,0.48389,0.28155,0.58186,97,1,95.454,75,1,3,4299,187491,0,0,0.000,33.278,8.538,0,183.211,150.314,3.459,1,1,1,0,8
PPG,3,103942,4159231552,128,73846,81395,82323.625,-928.625,-431.461,0,0,0,0,71.43,71.43,2,1,16,97.00,0,0,24,1,1,6,6,0,0,0,4160516087,0.03687,0.00439,0.94971,0.95043,-0.00452,-0.00081,-0.00141,0.00480,0.95395,0.00877,0.00669,3,12122,0,6822,0.48389,0.28155,0.58186,97,1,95.454,75,1,3,2598,187491,0,0,0.000,32.403,7.814,0,0.000,148.565,3.197,0,0,1,0,8
PPG,3,103943,4159271552,124,73825,81423,82314.617,-891.617,-478.891,0,0,0,0,71.43,71.43,2,1,16,97.00,0,0,24,1,1,7,7,0,0,0,4160557641,0.03784,0.00537,0.95020,0.95096,-0.00585,-0.00081,-0.00167,0.00614,0.95124,0.00108,0.00631,3,12111,0,6822,0.48389,0.28155,0.58186,97,1,95.454,75,1,3,4300,187491,0,0,0.000,32.403,7.814,0,0.000,148.565,3.197,0,0,1,0,8
PPG,3,103944,4159311552,528,73826,81478,82306.250,-828.250,-486.039,0,0,0,0,71.43,71.43,2,1,16,97.00,0,0,24,1,1,8,8,0,0,0,4160596657,0.04028,0.00537,0.95410,0.95497,-0.00558,0.00025,-0.00141,0.00576,0.95526,0.00594,0.00647,3,12161,0,6822,0.52892,0.38100,0.72034,100,1,91.991,88,1,3,4310,187491,0,0,0.000,32.403,7.814,0,0.000,148.565,3.197,0,0,1,0,8
PPG,3,103945,4159351552,174,73833,81483,82298.016,-815.016,-452.961,0,0,0,0,71.43,71.43,2,1,16,97.00,0,0,24,1,1,9,9,0,0,0,4160636064,0.03711,0.01050,0.95557,0.95634,-0.00505,-0.00028,-0.00061,0.00510,0.95634,0.01061,0.00623,3,12116,0,6822,0.52892,0.38100,0.72034,100,1,91.991,88,1,3,2601,187491,0,0,0.000,32.403,7.814,0,0.000,148.565,3.197,0,0,1,0,8
PPG,3,103946,4159391552,127,73889,81567,82290.703,-723.703,-399.312,0,0,0,0,71.43,71.43,2,1,16,97.00,0,0,24,1,1,10,10,0,0,0,4160677699,0.04102,0.00879,0.95581,0.95673,-0.00558,-0.00108,-0.00087,0.00575,0.95673,0.00702,0.00716,3,12123,0,6822,0.52892,0.38100,0.72034,100,1,91.991,88,1,3,4297,187491,0,0,0.000,32.403,7.814,0,0.000,148.565,3.197,0,0,1,0,8
PPG,3,103947,4159431552,126,73971,81726,82285.055,-559.055,-324.477,0,0,0,0,71.43,71.43,2,1,16,97.00,0,0,24,1,1,11,11,0,0,0,4160716779,0.03955,0.00537,0.94995,0.95079,-0.00665,-0.00108,-0.00167,0.00694,0.95678,0.00599,0.00694,3,12133,0,6822,0.52892,0.38100,0.72034,100,1,91.991,88,1,3,4322,187491,0,0,0.000,32.403,7.814,0,0.000,148.565,3.197,0,0,1,0,8
PPG,3,103948,4159471552,126,74056,81903,82281.234,-378.234,-228.438,0,0,0,0,71.43,71.43,2,1,16,97.00,0,0,24,1,1,12,12,0,0,0,4160755774,0.03784,0.00464,0.95386,0.95462,-0.00585,-0.00081,-0.00194,0.00622,0.95462,0.00659,0.00649,3,12124,0,6822,0.52892,0.38100,0.72034,100,1,91.991,88,1,3,2595,187491,0,0,0.000,32.403,7.814,0,0.000,148.565,3.197,0,0,1,0,8
PPG,3,103949,4159511552,126,74126,82044,82278.859,-234.859,-117.680,0,0,0,0,71.43,71.43,2,1,16,97.00,0,0,24,1,1,13,13,0,0,0,4160797440,0.03833,0.00635,0.95215,0.95294,-0.00532,-0.00188,-0.00141,0.00581,0.95743,0.00453,0.00581,3,12154,0,6822,0.52892,0.38100,0.72034,100,1,91.991,88,1,3,4313,187491,0,0,0.000,32.403,7.814,0,0.000,148.565,3.197,0,0,1,0,8
PPG,3,103950,4159551552,126,74165,82138,82277.453,-139.453,-2.391,0,0,0,0,71.43,71.43,2,1,16,97.00,0,0,24,1,1,14,14,0,0,0,4160836448,0.03711,0.00830,0.94971,0.95047,-0.00638,-0.00028,-0.00114,0.00649,0.95675,0.00719,0.00680,3,12111,0,6822,0.52892,0.38100,0.72034,100,1,91.991,88,1,3,4308,187491,0,0,0.000,32.403,7.814,0,0.000,148.565,3.197,0,0,1,0,8
PPG,3,103951,4159591552,125,74186,82186,82276.539,-90.539,105.656,0,0,0,0,71.43,71.43,2,1,16,97.00,0,0,24,1,1,15,15,0,0,0,4160875413,0.03735,0.00269,0.95532,0.95606,-0.00585,0.00025,-0.00247,0.00636,0.95606,0.00918,0.00636,3,12119,0,6822,0.52892,0.38100,0.72034,100,1,91.991,88,1,3,2595,187491,0,0,0.000,32.403,7.814,0,0.000,148.565,3.197,0,0,1,0,8
PPG,3,103952,4159631552,180,74213,82259,82276.367,-17.367,215.258,0,0,0,0,71.43,71.43,2,1,16,97.00,0,0,24,1,1,16,16,0,0,0,4160917262,0.03564,0.00635,0.94263,0.94332,-0.00558,-0.00081,-0.00141,0.00582,0.95074,0.00658,0.00582,3,12351,0,6822,0.52892,0.38100,0.72034,100,1,91.991,88,1,3,4356,187491,0,0,0.000,32.403,7.814,0,0.000,148.565,3.197,0,0,1,0,8
PPG,3,103953,4159671552,124,74253,82305,82276.656,28.344,312.188,0,0,0,0,71.43,71.43,2,1,16,97.00,0,0,24,1,1,17,17,0,0,0,4160956399,0.03784,0.00781,0.94849,0.94927,-0.00585,-0.00055,-0.00167,0.00611,0.95293,0.00961,0.00611,3,12115,0,6822,0.52892,0.38100,0.72034,100,1,91.991,88,1,3,4368,187491,0,0,0.000,32.403,7.814,0,0.000,148.565,3.197,0,0,1,0,8
PPG,3,103954,4159711552,131,74276,82337,82277.258,59.742,386.883,0,0,0,0,71.43,71.43,2,1,16,97.00,0,0,24,1,1,18,18,0,0,0,4160995481,0.03931,0.00854,0.95190,0.95275,-0.00532,-0.00055,-0.00087,0.00542,0.95275,0.00289,0.00542,3,12105,0,6822,0.52892,0.38100,0.72034,100,1,91.991,88,1,3,2600,187491,0,0,0.000,32.403,7.814,0,0.000,148.565,3.197,0,0,1,0,8
PPG,3,103955,4159751552,133,74286,82352,82278.008,73.992,436.672,0,0,0,0,71.43,71.43,2,1,16,97.00,0,0,24,1,1,19,19,0,0,0,4161032378,0.03687,0.00732,0.95117,0.95191,-0.00558,-0.00028,-0.00087,0.00566,0.95430,0.00238,0.00615,2,19520,0,6822,0.52892,0.38100,0.72034,100,1,91.991,88,1,3,2586,187491,0,0,0.000,32.403,7.814,0,0.000,148.565,3.197,0,0,1,0,8
PPG,3,103956,4159791552,129,74326,82393,82279.156,113.844,466.828,0,0,0,0,71.43,71.43,2,1,16,97.00,0,0,24,1,1,20,20,0,0,0,4161076744,0.03906,0.00562,0.95288,0.95370,-0.00612,-0.00161,-0.00141,0.00648,0.95370,0.00269,0.00648,3,12123,0,6822,0.52892,0.38100,0.72034,100,1,91.991,88,1,3,4303,187491,0,0,0.000,32.403,7.814,0,0.000,148.565,3.197,0,0,1,0,8
PPG,3,103957,4159831552,126,74331,82431,82280.672,150.328,473.688,0,0,0,0,71.43,71.43,2,1,16,97.00,0,0,24,1,1,21,21,0,0,0,4161116058,0.04028,0.00366,0.95557,0.95642,-0.00558,-0.00108,-0.00167,0.00593,0.95973,0.00911,0.00630,3,12220,0,6822,0.52892,0.38100,0.72034,100,1,91.991,88,1,3,2632,187491,0,0,0.000,32.403,7.814,0,0.000,148.565,3.197,0,0,1,0,8
PPG,3,103958,4159871552,158,74322,82381,82281.672,99.328,454.688,0,0,0,0,71.43,71.43,2,1,16,97.00,0,0,24,1,1,22,22,0,0,0,4161158132,0.03687,0.01025,0.95337,0.95414,-0.00612,0.00025,-0.00194,0.00642,0.95419,0.00584,0.00642,3,12297,0,6822,0.52892,0.38100,0.72034,100,1,91.991,88,1,3,4347,187491,0,0,0.000,32.403,7.814,0,0.000,148.565,3.197,0,0,1,0,8
PPG,3,103959,4159911552,206,74240,82140,82280.258,-140.258,399.641,0,0,0,0,71.43,71.43,2,1,16,97.00,0,0,24,1,1,23,23,0,0,0,4161197535,0.03955,0.00513,0.94971,0.95054,-0.00718,-0.00081,-0.00194,0.00748,0.96157,0.01344,0.00748,3,12218,0,6822,0.52892,0.38100,0.72034,100,1,91.991,88,1,3,4357,187491,0,0,0.000,32.403,7.814,0,0.000,148.565,3.197,0,0,1,0,8
PPG,3,103960,4159951552,130,74211,82029,82277.742,-248.742,327.414,0,1,0,0,71.43,71.43,2,1,16,97.00,0,0,24,1,1,24,24,0,0,0,4161237063,0.03784,0.00928,0.95020,0.95099,-0.00558,-0.00161,-0.00247,0.00632,0.95659,0.00560,0.00667,3,12258,0,6822,0.52892,0.38100,0.72034,100,1,91.991,88,1,3,4353,187491,0,0,0.000,32.403,7.814,0,0.000,148.565,3.197,0,0,1,0,8
PPG,3,103961,4159991552,127,74228,82070,82275.664,-205.664,254.570,0,0,0,0,71.43,71.43,2,1,16,97.00,0,0,24,1,1,25,25,0,0,0,4161276408,0.03784,0.00366,0.95215,0.95291,-0.00532,-0.00081,-0.00167,0.00563,0.95291,0.00934,0.00568,3,12214,0,6822,0.52892,0.38100,0.72034,100,1,91.991,88,1,3,4316,187491,0,0,0.000,32.403,7.814,0,0.000,148.565,3.197,0,0,1,0,8
PPG,3,103962,4160031552,128,74251,82172,82274.625,-102.625,190.008,0,0,0,0,71.43,71.43,2,1,16,97.00,0,0,24,1,1,26,26,0,0,0,4161315766,0.03882,0.00879,0.94751,0.94835,-0.00558,-0.00081,-0.00114,0.00576,0.95325,0.00490,0.00594,3,12309,0,6822,0.52892,0.38100,0.72034,100,1,91.991,88,1,3,2636,187491,0,0,0.000,32.403,7.814,0,0.000,148.565,3.197,0,0,1,0,8
PPG,3,103963,4160071552,126,74307,82286,82274.742,11.258,131.570,0,0,0,0,71.43,71.43,2,1,16,97.00,0,0,24,1,1,27,27,0,0,0,4161357672,0.04175,0.00977,0.94922,0.95019,-0.00558,-0.00135,-0.00167,0.00598,0.95559,0.00649,0.00723,3,12200,0,6822,0.52892,0.38100,0.72034,100,1,91.991,88,1,3,4343,187491,0,0,0.000,32.403,7.814,0,0.000,148.565,3.197,0,0,1,0,8
PPG,3,103964,4160111552,135,74353,82413,82276.125,136.875,82.250,0,0,0,0,71.43,71.43,2,1,16,97.00,0,0,24,1,1,28,28,0,0,0,4161397038,0.03784,0.00684,0.95361,0.95439,-0.00585,-0.00081,-0.00274,0.00651,0.95439,0.00464,0.00651,3,12275,0,6822,0.52892,0.38100,0.72034,100,1,91.991,88,1,3,4348,187491,0,0,0.000,32.403,7.814,0,0.000,148.565,3.197,0,0,1,0,8
PPG,3,103965,4160151552,157,74371,82466,82278.023,187.977,45.242,1,0,1,980,69.77,69.77,2,1,16,97.00,0,0,24,1,1,29,29,0,0,0,4161436408,0.03687,0.00293,0.95215,0.95287,-0.00665,-0.00108,-0.00221,0.00709,0.95287,0.01105,0.00766,3,12244,0,6822,0.52892,0.38100,0.72034,100,1,91.991,88,1,3,2616,187491,0,0,559.617,32.403,7.814,1,959.727,148.565,3.197,1,1,1,0,8
PPG,3,103966,4160191552,126,74362,82445,82279.695,165.305,44.914,0,0,0,0,69.77,69.77,2,1,16,97.00,0,0,24,1,1,30,30,0,0,0,4161478417,0.03638,0.00684,0.95874,0.95945,-0.00505,0.00025,-0.00194,0.00542,0.95945,0.01320,0.00648,3,12253,0,6822,0.52892,0.38100,0.72034,100,1,91.991,88,1,3,4336,187491,0,0,0.000,34.720,9.732,0,0.000,151.889,3.694,0,0,1,0,8
PPG,3,103967,4160231552,127,74356,82443,82281.328,161.672,68.211,0,0,0,0,69.77,69.77,2,1,16,97.00,0,0,24,1,1,31,31,0,0,0,4161517700,0.03687,0.00732,0.95581,0.95655,-0.00532,0.00052,-0.00247,0.00589,0.95709,0.00285,0.00710,3,12255,0,6822,0.52892,0.38100,0.72034,100,1,91.991,88,1,3,4326,187491,0,0,0.000,34.720,9.732,0,0.000,151.889,3.694,0,0,1,0,8
PPG,3,103968,4160271552,137,74373,82463,82283.148,179.852,96.352,0,0,0,0,69.77,69.77,2,1,16,97.00,0,0,24,1,1,0,0,0,0,0,4161556957,0.03979,0.01001,0.94800,0.94889,-0.00585,0.00052,-0.00167,0.00611,0.95704,0.00815,0.00617,3,12235,0,6822,0.52892,0.38100,0.72034,100,1,91.991,88,1,3,4342,187491,0,0,0.000,34.720,9.732,0,0.000,151.889,3.694,0,0,1,0,8
PPG,3,103969,4160311552,529,74376,82485,82285.164,199.836,119.008,0,0,0,0,69.77,69.77,2,1,16,97.00,0,0,24,1,1,1,1,0,0,0,4161596218,0.03735,0.01050,0.94580,0.94660,-0.00612,-0.00001,-0.00167,0.00634,0.95546,0.00710,0.00634,3,12236,0,6822,0.43448,0.33830,0.77863,100,1,90.534,107,1,3,2625,187491,0,0,0.000,34.720,9.732,0,0.000,151.889,3.694,0,0,1,0,8
PPG,3,103970,4160351552,200,74369,82523,82287.539,235.461,133.617,0,0,0,0,69.77,69.77,2,1,16,97.00,0,0,24,1,1,2,2,0,0,0,4161638584,0.03687,0.00928,0.95557,0.95632,-0.00585,-0.00001,-0.00034,0.00586,0.95632,0.00523,0.00651,3,12221,0,6822,0.43448,0.33830,0.77863,100,1,90.534,107,1,3,4338,187491,0,0,0.000,33.535,10.261,0,0.000,151.889,3.694,0,0,1,0,8
PPG,3,103971,4160391552,135,74379,82549,82290.156,258.844,134.898,0,0,0,0,69.77,69.77,2,1,16,97.00,0,0,24,1,1,3,3,0,0,0,4161677952,0.03931,0.00244,0.95703,0.95784,-0.00452,-0.00001,-0.00247,0.00515,0.95784,0.00471,0.00630,3,12245,0,6822,0.43448,0.33830,0.77863,100,1,90.534,107,1,3,4340,187491,0,0,0.000,33.535,10.261,0,0.000,151.889,3.694,0,0,1,0,8
PPG,3,103972,4160431552,147,74377,82558,82292.836,265.164,133.094,0,0,0,0,69.77,69.77,2,1,16,97.00,0,0,24,1,1,4,4,0,0,0,4161717206,0.03809,0.00903,0.94922,0.95003,-0.00505,0.00052,-0.00114,0.00520,0.95490,0.00875,0.00616,3,12227,0,6822,0.43448,0.33830,0.77863,100,1,90.534,107,1,3,4308,187491,0,0,0.000,33.535,10.261,0,0.000,147.720,3.819,0,0,1,0,8
PPG,3,103973,4160471552,131,74397,82577,82295.680,281.320,138.352,0,0,0,0,69.77,69.77,2,1,16,97.00,0,0,24,1,1,5,5,0,0,0,4161756439,0.03784,0.00732,0.94775,0.94854,-0.00585,0.00052,-0.00247,0.00637,0.95277,0.00423,0.00637,3,12226,0,6822,0.43448,0.33830,0.77863,100,1,90.534,107,1,3,2595,187491,0,0,0.000,33.535,10.261,0,0.000,147.720,3.819,0,0,1,0,8
PPG,3,103974,4160511552,132,74430,82606,82298.781,307.219,148.188,0,0,0,0,69.77,69.77,2,1,16,97.00,0,0,24,1,1,6,6,0,0,0,4161798038,0.03931,0.00830,0.94946,0.95031,-0.00532,-0.00108,-0.00114,0.00554,0.95345,0.00314,0.00679,3,12121,0,6822,0.43448,0.33830,0.77863,100,1,90.534,107,1,3,4302,187491,0,0,0.000,33.535,10.261,0,0.000,147.720,3.819,0,0,1,0,8
PPG,3,103975,4160551552,129,74438,82647,82302.266,344.734,159.719,0,0,0,0,69.77,69.77,2,1,16,97.00,0,0,24,1,1,7,7,0,0,0,4161837152,0.03638,0.00439,0.94946,0.95017,-0.00612,-0.00108,-0.00141,0.00637,0.95308,0.00741,0.00637,3,12168,0,6822,0.43448,0.33830,0.77863,100,1,90.534,107,1,3,4317,187491,0,0,0.000,33.535,10.261,0,0.000,147.720,3.819,0,0,1,0,8
PPG,3,103976,4160591552,128,74450,82680,82306.039,373.961,173.227,0,0,0,0,69.77,69.77,2,1,16,97.00,0,0,24,1,1,8,8,0,0,0,4161876119,0.03491,0.00757,0.95044,0.95111,-0.00585,-0.00001,-0.00114,0.00596,0.95582,0.00723,0.00596,3,12113,0,6822,0.43448,0.33830,0.77863,100,1,90.534,107,1,3,2599,187491,0,0,0.000,33.535,10.261,0,0.000,147.720,3.819,0,0,1,0,8
PPG,3,103977,4160631552,127,74471,82717,82310.148,406.852,186.641,0,0,0,0,69.77,69.77,2,1,16,97.00,0,0,24,1,1,9,9,0,0,0,4161917706,0.04419,0.00635,0.95239,0.95344,-0.00558,-0.00135,-0.00141,0.00591,0.95344,0.00217,0.00591,3,12129,0,6822,0.43448,0.33830,0.77863,100,1,90.534,107,1,3,4300,187491,0,0,0.000,33.535,10.261,0,0.000,147.720,3.819,0,0,1,0,8
PPG,3,103978,4160671552,129,74474,82733,82314.375,418.625,195.328,0,0,0,0,69.77,69.77,2,1,16,97.00,0,0,24,1,1,10,10,0,0,0,4161956699,0.03809,0.00854,0.94971,0.95051,-0.00585,-0.00055,-0.00114,0.00599,0.95051,0.00740,0.00599,3,12124,0,6822,0.43448,0.33830,0.77863,100,1,90.534,107,1,3,4307,187491,0,0,0.000,33.535,10.261,0,0.000,147.720,3.819,0,0,1,0,8
PPG,3,103979,4160711552,146,74454,82714,82318.375,395.625,188.914,0,0,0,0,69.77,69.77,2,1,16,97.00,0,0,24,1,1,11,11,0,0,0,4161995680,0.03589,0.00708,0.94751,0.94822,-0.00505,-0.00001,-0.00141,0.00524,0.95390,0.00569,0.00680,3,12122,0,6822,0.43448,0.33830,0.77863,100,1,90.534,107,1,3,2622,187491,0,0,0.000,33.535,10.261,0,0.000,141.333,4.028,0,0,1,0,8
PPG,3,103980,4160751552,152,74472,82720,82322.391,397.609,174.789,0,0,0,0,69.77,69.77,2,1,16,97.00,0,0,24,1,1,12,12,0,0,0,4162032180,0.03955,0.00879,0.95093,0.95179,-0.00558,-0.00055,-0.00167,0.00586,0.95179,0.00399,0.00622,2,19169,0,6822,0.43448,0.33830,0.77863,100,1,90.534,107,1,3,2597,187491,0,0,0.000,33.520,10.268,0,0.000,141.333,4.028,0,0,1,0,8
PPG,3,103981,4160791552,131,74414,82564,82324.805,239.195,144.094,0,0,0,0,69.77,69.77,2,1,16,97.00,0,0,24,1,1,13,13,0,0,0,4162076487,0.03638,0.00830,0.94775,0.94849,-0.00532,-0.00028,-0.00034,0.00534,0.95619,0.00770,0.00658,3,12110,0,6823,0.43448,0.33830,0.77863,100,1,90.534,107,1,3,2602,187491,0,0,0.000,33.520,10.268,0,0.000,141.333,4.028,0,0,1,0,8
PPG,3,103982,4160831552,131,74336,82314,82324.695,-10.695,89.422,0,0,0,0,69.77,69.77,2,1,16,97.00,0,0,24,1,1,14,14,0,0,0,4162118054,0.03711,0.00537,0.95337,0.95411,-0.00505,-0.00001,-0.00194,0.00541,0.95750,0.00681,0.00686,3,12118,0,6823,0.43448,0.33830,0.77863,100,1,90.534,107,1,3,4304,187491,0,0,0.000,33.520,10.268,0,0.000,141.333,4.028,0,0,1,0,8
PPG,3,103983,4160871552,129,74306,82245,82323.898,-78.898,29.328,0,0,0,0,69.77,69.77,2,1,16,97.00,0,0,24,1,1,15,15,0,0,0,4162157087,0.04150,0.00269,0.95093,0.95184,-0.00638,-0.00108,-0.00247,0.00693,0.95184,0.01243,0.00693,3,12123,0,6823,0.43448,0.33830,0.77863,100,1,90.534,107,1,3,4301,187491,0,0,0.000,33.520,10.268,0,0.000,141.333,4.028,0,0,1,0,8
PPG,3,103984,4160911552,127,74328,82315,82323.812,-8.812,-23.203,0,0,0,0,69.77,69.77,2,1,16,97.00,0,0,24,1,1,16,16,0,0,0,4162196054,0.04224,0.00781,0.95264,0.95360,-0.00585,-0.00028,-0.00167,0.00609,0.95411,0.00536,0.00670,3,12118,0,6823,0.43448,0.33830,0.77863,100,1,90.534,107,1,3,2598,187491,0,0,0.000,33.520,10.268,0,0.000,141.333,4.028,0,0,1,0,8
PPG,3,103985,4160951552,129,74350,82369,82324.266,44.734,-70.352,0,0,0,0,69.77,69.77,2,1,16,97.00,0,0,24,1,1,17,17,0,0,0,4162237785,0.03833,0.00464,0.95483,0.95561,-0.00585,-0.00001,-0.00167,0.00609,0.95738,0.01128,0.00609,3,12180,0,6823,0.43448,0.33830,0.77863,100,1,90.534,107,1,3,4322,187491,0,0,0.000,33.520,10.268,0,0.000,141.333,4.028,0,0,1,0,8
PPG,3,103986,4160991552,128,74335,82396,82324.984,71.016,-113.328,0,0,0,0,69.77,69.77,2,1,16,97.00,0,0,24,1,1,18,18,0,0,0,4162276788,0.04053,0.00439,0.94556,0.94643,-0.00558,-0.00081,-0.00167,0.00589,0.95341,0.00379,0.00634,3,12128,0,6823,0.43448,0.33830,0.77863,100,1,90.534,107,1,3,4322,187491,0,0,0.000,33.520,10.268,0,0.000,141.333,4.028,0,0,1,0,8
PPG,3,103987,4161031552,127,74342,82435,82326.086,108.914,-153.641,0,0,0,0,69.77,69.77,2,1,16,97.00,0,0,24,1,1,19,19,0,0,0,4162315775,0.03955,0.00708,0.95435,0.95519,-0.00612,0.00079,-0.00247,0.00664,0.95519,0.00850,0.00664,3,12127,0,6823,0.43448,0.33830,0.77863,100,1,90.534,107,1,3,2595,187491,0,0,0.000,33.520,10.268,0,0.000,141.333,4.028,0,0,1,0,8
PPG,3,103988,4161071552,155,74359,82421,82327.031,93.969,-171.969,0,0,0,0,69.77,69.77,2,1,16,97.00,0,0,24,1,1,20,20,0,0,0,4162357694,0.03711,0.00562,0.95435,0.95508,-0.00479,-0.00001,-0.00141,0.00499,0.95671,0.00520,0.00625,3,12241,0,6823,0.43448,0.33830,0.77863,100,1,90.534,107,1,3,4345,187491,0,0,0.000,33.520,10.268,0,0.000,141.333,4.028,0,0,1,0,8
PPG,3,103989,4161111552,127,74354,82407,82327.828,79.172,-154.789,0,0,0,0,69.77,69.77,2,1,16,97.00,0,0,24,1,1,21,21,0,0,0,4162396852,0.03784,0.00928,0.94873,0.94953,-0.00532,-0.00108,-0.00141,0.00561,0.95252,0.00398,0.00630,3,12160,0,6823,0.43448,0.33830,0.77863,100,1,90.534,107,1,3,4304,187491,0,0,0.000,33.520,10.268,0,0.000,141.333,4.028,0,0,1,0,8
PPG,3,103990,4161151552,128,74345,82403,82328.578,74.422,-126.211,0,0,0,0,69.77,69.77,2,1,16,97.00,0,0,24,1,1,22,22,0,0,0,4162435835,0.04199,0.00732,0.94775,0.94871,-0.00558,-0.00081,-0.00167,0.00589,0.94871,0.00238,0.00654,3,12133,0,6823,0.43448,0.33830,0.77863,100,1,90.534,107,1,3,2634,187491,0,0,0.000,33.520,10.268,0,0.000,141.333,4.028,0,0,1,0,8
PPG,3,103991,4161191552,127,74362,82419,82329.484,89.516,-104.859,0,0,0,0,69.77,69.77,2,1,16,97.00,0,0,24,1,1,23,23,0,0,0,4162477560,0.03857,0.00879,0.94775,0.94858,-0.00505,-0.00081,-0.00194,0.00547,0.95314,0.00456,0.00573,3,12190,0,6823,0.43448,0.33830,0.77863,100,1,90.534,107,1,3,4295,187491,0,0,0.000,33.520,10.268,0,0.000,141.333,4.028,0,0,1,0,8
PPG,3,103992,4161231552,128,74390,82476,82330.953,145.047,-85.469,0,0,0,0,69.77,69.77,2,1,16,97.00,0,0,24,1,1,24,24,0,0,0,4162516760,0.03784,0.00732,0.95459,0.95537,-0.00532,-0.00055,-0.00114,0.00547,0.95537,0.00465,0.00620,3,12127,0,6823,0.43448,0.33830,0.77863,100,1,90.534,107,1,3,4295,187491,0,0,0.000,33.520,10.268,0,0.000,141.333,4.028,0,0,1,0,8
PPG,3,103993,4161271552,128,74432,82527,82332.914,194.086,-64.258,0,0,0,0,69.77,69.77,2,1,16,97.00,0,0,24,1,1,25,25,0,0,0,4162556111,0.03735,0.00488,0.95361,0.95436,-0.00665,0.00052,-0.00141,0.00682,0.95436,0.00332,0.00682,3,12262,0,6823,0.43448,0.33830,0.77863,100,1,90.534,107,1,3,2642,187491,0,0,0.000,33.520,10.268,0,0.000,141.333,4.028,0,0,1,0,8
PPG,3,103994,4161311552,519,74452,82561,82335.195,225.805,-44.008,0,0,0,0,69.77,69.77,2,1,16,100.00,0,0,24,1,1,26,26,0,0,0,4162598178,0.04126,0.00879,0.95215,0.95308,-0.00665,-0.00081,-0.00167,0.00691,0.95468,0.00275,0.00719,3,12270,0,6823,0.40731,0.24875,0.61070,100,1,94.732,107,1,3,4337,187491,0,0,0.000,33.520,10.268,0,0.000,141.333,4.028,0,0,1,0,8
PPG,3,103995,4161351552,218,74471,82609,82337.930,271.070,-15.250,0,0,0,0,69.77,69.77,2,1,16,100.00,0,0,24,1,1,27,27,0,0,0,4162637937,0.03857,0.00488,0.95532,0.95611,-0.00665,-0.00001,-0.00167,0.00686,0.95611,0.00619,0.00686,3,12282,0,6823,0.40731,0.24875,0.61070,100,1,94.732,107,1,3,4326,187491,0,0,0.000,33.520,10.268,0,0.000,141.333,4.028,0,0,1,0,8
PPG,3,103996,4161391552,132,74485,82624,82340.789,283.211,18.547,0,0,0,0,69.77,69.77,2,1,16,100.00,0,0,24,1,1,28,28,0,0,0,4162677422,0.03638,0.00537,0.94922,0.94993,-0.00585,-0.00028,-0.00141,0.00602,0.94993,0.00660,0.00610,3,12270,0,6823,0.40731,0.24875,0.61070,100,1,94.732,107,1,3,4338,187491,0,0,0.000,33.520,10.268,0,0.000,141.333,4.028,0,0,1,0,8
PPG,3,103997,4161431552,128,74485,82637,82343.750,293.250,55.977,0,0,0,0,69.77,69.77,2,1,16,100.00,0,0,24,1,1,29,29,0,0,0,4162716746,0.03955,0.00610,0.94897,0.94982,-0.00585,-0.00055,-0.00141,0.00604,0.95433,0.00440,0.00695,3,12216,0,6823,0.40731,0.24875,0.61070,100,1,94.732,107,1,3,4327,187491,0,0,0.000,33.520,10.268,0,0.000,141.333,4.028,0,0,1,0,8
PPG,3,103998,4161471552,129,74502,82669,82347.000,322.000,94.891,0,0,0,0,69.77,69.77,2,1,16,100.00,0,0,24,1,1,30,30,0,0,0,4162756090,0.03564,0.00732,0.95605,0.95675,-0.00612,0.00025,-0.00114,0.00623,0.95675,0.00636,0.00676,3,12256,0,6823,0.40731,0.24875,0.61070,100,1,94.732,107,1,3,2627,187491,0,0,0.000,33.520,10.268,0,0.000,141.333,4.028,0,0,1,0,8
PPG,3,103999,4161511552,136,74512,82692,82350.453,341.547,126.852,0,0,0,0,69.77,69.77,2,1,16,100.00,0,0,24,1,1,31,31,0,0,0,4162798054,0.03809,0.00684,0.95117,0.95196,-0.00479,-0.00028,-0.00167,0.00508,0.95196,0.00620,0.00589,3,12264,0,6823,0.40731,0.24875,0.61070,100,1,94.732,107,1,3,4329,187491,0,0,0.000,33.520,10.268,0,0.000,141.333,4.028,0,0,1,0,8
PPG,3,104000,4161551552,145,74534,82706,82354.008,351.992,153.117,0,0,0,0,69.77,69.77,2,1,16,100.00,0,0,24,1,1,0,0,0,0,0,4162837373,0.03809,0.00684,0.95044,0.95123,-0.00558,-0.00108,-0.00061,0.00572,0.95711,0.00589,0.00603,3,12246,0,6823,0.40731,0.24875,0.61070,100,1,94.732,107,1,3,4338,187491,0,0,0.000,33.520,10.268,0,0.000,141.333,4.028,0,0,1,0,8
PPG,3,104001,4161591552,194,74537,82736,82357.828,378.172,169.523,0,0,0,0,69.77,69.77,2,1,16,100.00,0,0,24,1,1,1,1,0,0,0,4162876730,0.04102,0.00708,0.95093,0.95184,-0.00585,0.00025,-0.00114,0.00597,0.95184,0.00149,0.00597,3,12191,0,6823,0.40731,0.24875,0.61070,100,1,94.732,107,1,3,2619,187491,0,0,0.000,33.520,10.268,0,0.000,141.333,4.028,0,0,1,0,8
PPG,3,104002,4161631552,131,74557,82794,82362.188,431.812,171.953,0,0,0,0,69.77,69.77,2,1,16,100.00,0,0,24,1,1,2,2,0,0,0,4162918785,0.03711,0.00562,0.94824,0.94898,-0.00532,-0.00028,-0.00247,0.00587,0.95446,0.00547,0.00649,3,12252,0,6823,0.40731,0.24875,0.61070,100,1,94.732,107,1,3,4356,187491,0,0,0.000,33.520,10.268,0,0.000,141.333,4.028,0,0,1,0,8
PPG,3,104003,4161671552,160,74550,82769,82366.258,402.742,166.461,0,0,0,0,69.77,69.77,2,1,16,100.00,0,0,24,1,1,3,3,0,0,0,4162958213,0.03491,0.00610,0.95020,0.95086,-0.00532,-0.00055,-0.00034,0.00536,0.95201,0.00213,0.00687,3,12263,0,6823,0.40731,0.24875,0.61070,100,1,94.732,107,1,3,4336,187491,0,0,0.000,33.520,10.268,0,0.000,141.333,4.028,0,0,1,0,8
PPG,3,104004,4161711552,128,74484,82536,82367.953,168.047,140.992,0,0,0,0,69.77,69.77,2,1,16,100.00,0,0,24,1,1,4,4,0,0,0,4162997533,0.03906,0.00708,0.95288,0.95371,-0.00638,-0.00108,-0.00300,0.00714,0.96072,0.00701,0.00714,3,12248,0,6823,0.40731,0.24875,0.61070,100,1,94.732,107,1,3,4325,187491,0,0,0.000,33.520,10.268,0,0.000,141.333,4.028,0,0,1,0,8
PPG,3,104005,4161751552,135,74419,82303,82367.305,-64.305,92.000,0,0,0,0,69.77,69.77,2,1,16,100.00,0,0,24,1,1,5,5,0,0,0,4163033954,0.03931,0.00537,0.94385,0.94468,-0.00532,-0.00108,-0.00007,0.00543,0.94951,0.00483,0.00648,2,21683,0,6824,0.40731,0.24875,0.61070,100,1,94.732,107,1,3,2623,187491,0,0,0.000,33.520,10.268,0,0.000,141.333,4.028,0,0,1,0,8
PPG,3,104006,4161791552,131,74391,82255,82366.180,-111.180,36.617,0,0,0,0,69.77,69.77,2,1,16,100.00,0,0,24,1,1,6,6,0,0,0,4163078592,0.04663,0.00562,0.94897,0.95014,-0.00532,-0.00108,-0.00194,0.00576,0.95417,0.00948,0.00651,3,12227,0,6825,0.40731,0.24875,0.61070,100,1,94.732,107,1,3,4333,187491,0,0,0.000,33.520,10.268,0,0.000,141.333,4.028,0,0,1,0,8
PPG,3,104007,4161831552,130,74399,82299,82365.508,-66.508,-14.719,0,0,0,0,69.77,69.77,2,1,16,100.00,0,0,24,1,1,7,7,0,0,0,4163117920,0.03882,0.01147,0.95215,0.95301,-0.00505,-0.00135,-0.00247,0.00578,0.95504,0.01326,0.00578,3,12243,0,6825,0.40731,0.24875,0.61070,100,1,94.732,107,1,3,4332,187491,0,0,0.000,33.520,10.268,0,0.000,141.333,4.028,0,0,1,0,8
PPG,3,104008,4161871552,129,74422,82349,82365.344,-16.344,-66.406,0,0,0,0,69.77,69.77,2,1,16,100.00,0,0,24,1,1,8,8,0,0,0,4163157232,0.03833,0.00562,0.95605,0.95684,-0.00558,-0.00108,-0.00087,0.00575,0.95688,0.00513,0.00575,3,12168,0,6825,0.40731,0.24875,0.61070,100,1,94.732,107,1,3,4315,187491,0,0,0.000,33.520,10.268,0,0.000,141.333,4.028,0,0,1,0,8
PPG,3,104009,4161911552,128,74434,82399,82365.680,33.320,-122.438,0,0,0,0,69.77,69.77,2,1,16,100.00,0,0,24,1,1,9,9,0,0,0,4163196390,0.03711,0.00415,0.94824,0.94898,-0.00479,-0.00161,-0.00194,0.00541,0.95811,0.00610,0.00623,3,12113,0,6825,0.40731,0.24875,0.61070,100,1,94.732,107,1,3,2599,187491,0,0,0.000,33.520,10.268,0,0.000,141.333,4.028,0,0,1,0,8
PPG,3,104010,4161951552,136,74457,82488,82366.906,121.094,-166.828,1,0,1,0,0.00,nan,1,2,0,100.00,0,0,24,1,1,10,10,0,0,0,4163237999,0.03320,0.00464,0.95459,0.95518,-0.00612,0.00052,-0.00167,0.00636,0.95828,0.00930,0.00669,3,12114,0,6825,0.40731,0.24875,0.61070,100,1,94.732,107,1,3,4297,187491,0,0,150.383,33.520,10.268,1,343.922,141.333,4.028,1,1,1,0,1
PPG,3,104011,4161991552,118,74453,82484,82368.078,115.922,-177.508,0,0,0,0,0.00,nan,1,2,0,100.00,0,0,24,1,1,11,11,0,0,0,4163277064,0.03809,0.00439,0.94824,0.94902,-0.00612,-0.00135,-0.00167,0.00648,0.95293,0.00391,0.00655,3,12147,0,6825,0.40731,0.24875,0.61070,100,1,94.732,107,1,3,4310,187491,0,0,0.000,32.990,9.805,0,0.000,140.392,3.875,0,0,1,0,1
PPG,3,104012,4162031552,117,74422,82446,82368.859,77.141,-155.578,0,0,0,0,0.00,nan,1,2,0,100.00,0,0,24,1,1,12,12,0,0,0,4163315968,0.04248,0.01025,0.95190,0.95291,-0.00532,-0.00108,-0.00194,0.00576,0.95635,0.00489,0.00576,3,12114,0,6825,0.40731,0.24875,0.61070,100,1,94.732,107,1,3,2603,187491,0,0,0.000,32.990,9.805,0,0.000,140.392,3.875,0,0,1,0,1
PPG,3,104013,4162071552,115,74427,82456,82369.734,86.266,-123.312,0,0,0,0,0.00,nan,1,2,0,100.00,0,0,24,1,1,13,13,0,0,0,4163357514,0.04102,0.00513,0.95093,0.95183,-0.00638,-0.00108,-0.00194,0.00676,0.95469,0.00519,0.00676,3,12147,0,6825,0.40731,0.24875,0.61070,100,1,94.732,107,1,3,4298,187491,0,0,0.000,32.990,9.805,0,0.000,140.392,3.875,0,0,1,0,1
PPG,3,104014,4162111552,123,74459,82501,82371.047,129.953,-91.461,0,0,0,0,0.00,nan,1,2,0,100.00,0,0,24,1,1,14,14,0,0,0,4163396499,0.03369,0.00513,0.94946,0.95007,-0.00532,-0.00055,-0.00114,0.00547,0.95771,0.00764,0.00686,3,12109,0,6825,0.40731,0.24875,0.61070,100,1,94.732,107,1,3,2608,187491,0,0,0.000,32.990,9.805,0,0.000,140.392,3.875,0,0,1,0,1
PPG,3,104015,4162151552,115,74467,82549,82372.828,176.172,-59.891,0,0,0,0,0.00,nan,1,2,0,100.00,0,0,24,1,1,15,15,0,0,0,4163437999,0.03760,0.00854,0.95020,0.95098,-0.00558,-0.00055,-0.00087,0.00568,0.95533,0.00526,0.00613,3,12112,0,6825,0.40731,0.24875,0.61070,100,1,94.732,107,1,3,4297,187491,0,0,0.000,32.990,9.805,0,0.000,140.392,3.875,0,0,1,0,1
PPG,3,104016,4162191552,118,74468,82581,82374.906,206.094,-31.742,0,0,0,0,0.00,nan,1,2,0,100.00,0,0,24,1,1,16,16,0,0,0,4163476961,0.04004,0.00488,0.95044,0.95129,-0.00558,-0.00055,-0.00114,0.00573,0.96031,0.00936,0.00573,3,12138,0,6825,0.40731,0.24875,0.61070,100,1,94.732,107,1,3,2598,187491,0,0,0.000,32.990,9.805,0,0.000,140.392,3.875,0,0,1,0,1
PPG,3,104017,4162231552,115,74478,82593,82377.086,215.914,-14.539,0,0,0,0,0.00,nan,1,2,0,100.00,0,0,24,1,1,17,17,0,0,0,4163518475,0.03784,0.00635,0.95142,0.95219,-0.00612,-0.00055,-0.00141,0.00630,0.95219,0.00262,0.00630,3,12117,0,6825,0.40731,0.24875,0.61070,100,1,94.732,107,1,3,4300,187491,0,0,0.000,32.990,9.805,0,0.000,140.392,3.875,0,0,1,0,1
PPG,3,104018,4162271552,118,74479,82611,82379.422,231.578,6.508,0,0,0,0,0.00,nan,1,2,0,100.00,0,0,24,1,1,18,18,0,0,0,4163557386,0.03833,0.00830,0.94312,0.94393,-0.00638,-0.00001,-0.00141,0.00654,0.95676,0.00739,0.00654,3,12116,0,6825,0.40731,0.24875,0.61070,100,1,94.732,107,1,3,4328,187491,0,0,0.000,32.990,9.805,0,0.000,140.392,3.875,0,0,1,0,1
PPG,3,104019,4162311552,499,74487,82643,82382.055,260.945,37.102,0,0,0,0,0.00,nan,1,2,0,100.00,0,1,24,1,1,19,19,0,0,0,4163596341,0.03589,0.00464,0.95459,0.95528,-0.00585,-0.00055,-0.00114,0.00599,0.95528,0.00792,0.00638,3,12123,0,6825,0.42743,0.25456,0.59556,100,1,95.111,75,1,3,2602,187491,0,0,0.000,32.990,9.805,0,0.000,140.392,3.875,0,0,1,0,1
PPG,3,104020,4162351552,168,74499,82654,82384.773,269.227,67.992,0,0,0,0,0.00,nan,1,2,0,100.00,0,1,24,1,1,20,20,0,0,0,4163638285,0.04004,0.00391,0.95093,0.95178,-0.00665,-0.00135,-0.00221,0.00713,0.95608,0.00430,0.00713,3,12129,0,6825,0.42743,0.25456,0.59556,100,1,95.111,75,1,3,4317,187491,0,0,0.000,32.990,9.805,0,0.000,140.392,3.875,0,0,1,0,1
PPG,3,104021,4162391552,115,74489,82658,82387.508,270.492,94.312,0,0,0,0,0.00,nan,1,2,0,100.00,0,1,24,1,1,21,21,0,0,0,4163677326,0.03687,0.00659,0.95190,0.95264,-0.00532,0.00025,-0.00274,0.00599,0.95396,0.00219,0.00644,3,12159,0,6825,0.42743,0.25456,0.59556,100,1,95.111,75,1,3,4315,187491,0,0,0.000,32.990,9.805,0,0.000,140.392,3.875,0,0,1,0,1
PPG,3,104022,4162431552,119,74494,82688,82390.516,297.484,119.469,0,0,0,0,0.00,nan,1,2,0,100.00,0,1,24,1,1,22,22,0,0,0,4163716306,0.03955,0.00293,0.95728,0.95810,-0.00692,-0.00028,-0.00247,0.00735,0.95810,0.01074,0.00735,3,12122,0,6825,0.42743,0.25456,0.59556,100,1,95.111,75,1,3,2605,187491,0,0,0.000,32.990,9.805,0,0.000,140.392,3.875,0,0,1,0,1
PPG,3,104023,4162471552,175,74514,82716,82393.773,322.227,141.406,0,0,0,0,0.00,nan,1,2,0,100.00,0,1,24,1,1,23,23,0,0,0,4163757846,0.03931,0.00244,0.94238,0.94321,-0.00638,-0.00001,-0.00194,0.00667,0.95292,0.00971,0.00667,3,12130,0,6825,0.42743,0.25456,0.59556,100,1,95.111,75,1,3,4307,187491,0,0,0.000,32.990,9.805,0,0.000,140.392,3.875,0,0,1,0,1
PPG,3,104024,4162511552,121,74530,82728,82397.117,330.883,151.094,0,1,0,0,0.00,nan,1,2,0,100.00,0,1,24,1,1,24,24,0,0,0,4163796848,0.03809,0.00586,0.95532,0.95610,-0.00479,-0.00028,-0.00247,0.00539,0.95610,0.00870,0.00553,3,12111,0,6825,0.42743,0.25456,0.59556,100,1,95.111,75,1,3,2599,187491,0,0,0.000,32.990,9.805,0,0.000,140.392,3.875,0,0,1,0,1
PPG,3,104025,4162551552,136,74534,82772,82400.867,371.133,150.641,0,0,0,0,0.00,nan,1,2,0,100.00,0,1,24,1,1,25,25,0,0,0,4163838385,0.03735,0.00464,0.94873,0.94948,-0.00479,-0.00001,-0.00087,0.00486,0.95472,0.00310,0.00509,3,12118,0,6825,0.42743,0.25456,0.59556,100,1,95.111,75,1,3,4300,187491,0,0,0.000,32.990,9.805,0,0.000,140.392,3.875,0,0,1,0,1
PPG,3,104026,4162591552,138,74509,82702,82403.875,298.125,136.719,0,0,0,0,0.00,nan,1,2,0,100.00,0,1,24,1,1,26,26,0,0,0,4163877372,0.03857,0.00317,0.94800,0.94879,-0.00612,-0.00055,-0.00167,0.00637,0.95185,0.00604,0.00637,3,12179,0,6825,0.42743,0.25456,0.59556,100,1,95.111,75,1,3,4311,187491,0,0,0.000,32.990,9.805,0,0.000,140.392,3.875,0,0,1,0,1
PPG,3,104027,4162631552,116,74414,82427,82404.109,22.891,97.891,0,0,0,0,0.00,nan,1,2,0,100.00,0,1,24,1,1,27,27,0,0,0,4163916306,0.03687,0.00610,0.94946,0.95020,-0.00585,0.00025,-0.00247,0.00636,0.95396,0.00726,0.00675,3,12122,0,6825,0.42743,0.25456,0.59556,100,1,95.111,75,1,3,2604,187491,0,0,0.000,32.990,9.805,0,0.000,140.392,3.875,0,0,1,0,1
PPG,3,104028,4162671552,118,74357,82243,82402.500,-159.500,43.906,0,0,0,0,0.00,nan,1,2,0,100.00,0,1,24,1,1,28,28,0,0,0,4163957836,0.04004,0.00879,0.95093,0.95181,-0.00558,-0.00081,-0.00194,0.00597,0.95485,0.00753,0.00597,3,12125,0,6825,0.42743,0.25456,0.59556,100,1,95.111,75,1,3,4314,187491,0,0,0.000,32.990,9.805,0,0.000,140.392,3.875,0,0,1,0,1
PPG,3,104029,4162711552,116,74343,82240,82400.875,-160.875,-12.141,0,0,0,0,0.00,nan,1,2,0,100.00,0,1,24,1,1,29,29,0,0,0,4163996820,0.03809,0.00659,0.95435,0.95513,-0.00532,-0.00055,-0.00061,0.00538,0.95513,0.00261,0.00589,3,12136,0,6825,0.42743,0.25456,0.59556,100,1,95.111,75,1,3,2600,187491,0,0,0.000,32.990,9.805,0,0.000,140.392,3.875,0,0,1,0,1
PPG,3,104030,4162751552,123,74359,82296,82399.828,-103.828,-62.539,0,0,0,0,0.00,nan,1,2,0,100.00,0,1,24,1,1,30,30,0,0,0,4164035554,0.03882,0.00952,0.95874,0.95957,-0.00612,0.00052,-0.00141,0.00630,0.95957,0.01336,0.00630,2,21495,0,6826,0.42743,0.25456,0.59556,100,1,95.111,75,1,3,2609,187491,0,0,0.000,32.990,9.805,0,0.000,140.392,3.875,0,0,1,0,1
PPG,3,104031,4162791552,118,74397,82363,82399.461,-36.461,-108.641,0,0,0,0,0.00,nan,1,2,0,100.00,0,1,24,1,1,31,31,0,0,0,4164077234,0.03809,0.00586,0.95508,0.95586,-0.00558,-0.00081,-0.00167,0.00589,0.95586,0.01105,0.00601,3,12154,0,6826,0.42743,0.25456,0.59556,100,1,95.111,75,1,3,4322,187491,0,0,0.000,32.990,9.805,0,0.000,140.392,3.875,0,0,1,0,1
PPG,3,104032,4162831552,118,74411,82429,82399.758,29.242,-156.789,1,0,0,0,0.00,nan,1,2,0,100.00,0,1,24,1,1,0,0,0,0,0,4164116135,0.03711,0.00903,0.94556,0.94633,-0.00479,-0.00081,-0.00087,0.00493,0.95214,0.00693,0.00643,3,12122,0,6826,0.42743,0.25456,0.59556,100,1,95.111,75,1,3,2603,187491,0,0,0.000,32.990,9.805,0,328.602,140.392,3.875,1,0,1,0,1
PPG,3,104033,4162871552,140,74419,82454,82400.297,53.703,-192.109,0,0,1,900,66.67,66.67,2,1,0,100.00,0,1,24,1,1,1,1,0,0,0,4164157641,0.03613,0.00586,0.95874,0.95944,-0.00585,-0.00001,-0.00167,0.00609,0.95944,0.01487,0.00615,3,12113,0,6826,0.42743,0.25456,0.59556,100,1,95.111,75,1,3,4301,187491,0,0,86.031,32.990,9.805,1,0.000,140.392,3.875,0,1,1,0,2
PPG,3,104034,4162911552,118,74408,82442,82400.711,41.289,-187.023,0,0,0,0,66.67,66.67,2,1,0,100.00,0,1,24,1,1,2,2,0,0,0,4164196713,0.03564,0.01099,0.94751,0.94824,-0.00665,-0.00081,-0.00141,0.00685,0.95627,0.00803,0.00685,3,12122,0,6826,0.42743,0.25456,0.59556,100,1,95.111,75,1,3,2613,187491,0,0,0.000,32.124,9.049,0,0.000,139.473,3.725,0,0,1,0,2
PPG,3,104035,4162951552,118,74409,82433,82401.031,31.969,-154.078,0,0,0,0,66.67,66.67,2,1,0,100.00,0,1,24,1,1,3,3,0,0,0,4164238279,0.03882,0.00684,0.95264,0.95345,-0.00505,-0.00081,-0.00141,0.00531,0.95633,0.00809,0.00657,3,12126,0,6826,0.42743,0.25456,0.59556,100,1,95.111,75,1,3,4317,187491,0,0,0.000,32.124,9.049,0,0.000,139.473,3.725,0,0,1,0,2
PPG,3,104036,4162991552,119,74419,82470,82401.719,68.281,-115.672,0,0,0,0,66.67,66.67,2,1,0,100.00,0,1,24,1,1,4,4,0,0,0,4164277254,0.03613,0.00244,0.95044,0.95113,-0.00532,-0.00081,-0.00167,0.00563,0.95113,0.00551,0.00563,3,12133,0,6826,0.42743,0.25456,0.59556,100,1,95.111,75,1,3,4316,187491,0,0,0.000,32.124,9.049,0,0.000,139.473,3.725,0,0,1,0,2
PPG,3,104037,4163031552,117,74438,82516,82402.859,113.141,-80.391,0,0,0,0,66.67,66.67,2,1,0,100.00,0,1,24,1,1,5,5,0,0,0,4164316674,0.03833,0.00635,0.94873,0.94953,-0.00665,0.00079,-0.00007,0.00670,0.95360,0.00408,0.00670,3,12214,0,6826,0.42743,0.25456,0.59556,100,1,95.111,75,1,3,2605,187491,0,0,0.000,32.124,9.049,0,0.000,139.473,3.725,0,0,1,0,2
PPG,3,104038,4163071552,119,74438,82557,82404.398,152.602,-49.977,0,0,0,0,66.67,66.67,2,1,0,100.00,0,1,24,1,1,6,6,0,0,0,4164358275,0.03638,0.00708,0.95117,0.95189,-0.00665,-0.00001,-0.00141,0.00680,0.95900,0.00948,0.00746,3,12123,0,6826,0.42743,0.25456,0.59556,100,1,95.111,75,1,3,4303,187491,0,0,0.000,32.124,9.049,0,0.000,139.473,3.725,0,0,1,0,2
PPG,3,104039,4163111552,118,74476,82609,82406.445,202.555,-22.562,0,0,0,0,66.67,66.67,2,1,0,100.00,0,1,24,1,1,7,7,0,0,0,4164397279,0.04175,0.00488,0.95313,0.95405,-0.00532,-0.00161,-0.00114,0.00567,0.95413,0.00540,0.00677,3,12135,0,6826,0.42743,0.25456,0.59556,100,1,95.111,75,1,3,2595,187491,0,0,0.000,32.124,9.049,0,0.000,139.473,3.725,0,0,1,0,2
PPG,3,104040,4163151552,146,74478,82643,82408.812,234.188,4.992,0,0,0,0,66.67,66.67,2,1,0,100.00,0,1,24,1,1,8,8,0,0,0,4164438964,0.03784,0.00098,0.95313,0.95388,-0.00585,-0.00028,-0.00141,0.00602,0.95388,0.00174,0.00675,3,12118,0,6826,0.42743,0.25456,0.59556,100,1,95.111,75,1,3,4299,187491,0,0,0.000,32.124,9.049,0,0.000,139.473,3.725,0,0,1,0,2
PPG,3,104041,4163191552,119,74479,82664,82411.367,252.633,36.398,0,0,0,0,66.67,66.67,2,1,0,100.00,0,1,24,1,1,9,9,0,0,0,4164478380,0.04126,0.00317,0.95361,0.95451,-0.00558,-0.00135,-0.00221,0.00615,0.95451,0.00634,0.00679,3,12276,0,6826,0.42743,0.25456,0.59556,100,1,95.111,75,1,3,4379,187491,0,0,0.000,32.124,9.049,0,0.000,139.473,3.725,0,0,1,0,2
PPG,3,104042,4163231552,120,74492,82689,82414.141,274.859,72.922,0,0,0,0,66.67,66.67,2,1,0,100.00,0,1,24,1,1,10,10,0,0,0,4164517712,0.03955,0.00586,0.94409,0.94494,-0.00532,-0.00055,-0.00194,0.00569,0.96011,0.00817,0.00608,3,12238,0,6826,0.42743,0.25456,0.59556,100,1,95.111,75,1,3,4332,187491,0,0,0.000,32.124,9.049,0,0.000,139.473,3.725,0,0,1,0,2
PPG,3,104043,4163271552,119,74497,82700,82417.000,283.000,106.578,0,0,0,0,66.67,66.67,2,1,0,100.00,0,1,24,1,1,11,11,0,0,0,4164557054,0.04004,0.00708,0.95361,0.95448,-0.00585,0.00025,-0.00114,0.00597,0.95448,0.00466,0.00597,3,12262,0,6826,0.42743,0.25456,0.59556,100,1,95.111,75,1,3,2630,187491,0,0,0.000,32.124,9.049,0,0.000,139.473,3.725,0,0,1,0,2
PPG,3,104044,4163311552,529,74493,82716,82419.992,296.008,135.750,0,0,0,0,66.67,66.67,2,1,0,100.00,0,1,24,1,1,12,12,0,0,0,4164599053,0.03638,0.00537,0.95044,0.95115,-0.00638,-0.00055,-0.00141,0.00656,0.95294,0.00154,0.00701,3,12287,0,6826,0.29046,0.17288,0.59521,100,1,95.120,88,1,3,4352,187491,0,0,0.000,32.124,9.049,0,0.000,139.473,3.725,0,0,1,0,2
PPG,3,104045,4163351552,194,74513,82745,82423.242,321.758,163.961,0,0,0,0,66.67,66.67,2,1,0,100.00,0,1,24,1,1,13,13,0,0,0,4164638851,0.03931,0.00732,0.95850,0.95933,-0.00585,-0.00108,-0.00141,0.00611,0.95933,0.01555,0.00778,3,12237,0,6826,0.29046,0.17288,0.59521,100,1,95.120,88,1,3,4335,187491,0,0,0.000,32.124,9.049,0,0.000,139.473,3.725,0,0,1,0,2
PPG,3,104046,4163391552,120,74518,82762,82426.633,335.367,182.812,0,0,0,0,66.67,66.67,2,1,0,100.00,0,1,24,1,1,14,14,0,0,0,4164678221,0.03735,0.00317,0.94800,0.94874,-0.00558,-0.00055,-0.00167,0.00586,0.96153,0.01279,0.00718,3,12254,0,6826,0.29046,0.17288,0.59521,100,1,95.120,88,1,3,4337,187491,0,0,0.000,32.124,9.049,0,0.000,139.473,3.725,0,0,1,0,2
PPG,3,104047,4163431552,142,74510,82761,82429.977,331.023,182.969,0,0,0,0,66.67,66.67,2,1,0,100.00,0,1,24,1,1,15,15,0,0,0,4164717712,0.04150,0.00684,0.95459,0.95552,-0.00532,0.00079,-0.00141,0.00556,0.95552,0.00435,0.00567,3,12247,0,6826,0.29046,0.17288,0.59521,100,1,95.120,88,1,3,4340,187491,0,0,0.000,32.124,9.049,0,0.000,139.473,3.725,0,0,1,0,2
PPG,3,104048,4163471552,145,74450,82553,82431.203,121.797,151.609,0,1,0,0,66.67,66.67,2,1,0,100.00,0,1,24,1,1,16,16,0,0,0,4164757055,0.04126,0.00659,0.95654,0.95746,-0.00505,0.00052,-0.00034,0.00509,0.95746,0.00710,0.00660,3,12258,0,6826,0.29046,0.17288,0.59521,100,1,95.120,88,1,3,2628,187491,0,0,0.000,32.124,9.049,0,0.000,139.473,3.725,0,0,1,0,2
PPG,3,104049,4163511552,121,74371,82311,82430.000,-119.000,94.062,0,0,0,0,66.67,66.67,2,1,0,100.00,0,1,24,1,1,17,17,0,0,0,4164799112,0.03662,0.00732,0.95020,0.95093,-0.00585,-0.00028,-0.00221,0.00626,0.95242,0.00503,0.00626,3,12321,0,6826,0.29046,0.17288,0.59521,100,1,95.120,88,1,3,4339,187491,0,0,0.000,32.124,9.049,0,0.000,139.473,3.725,0,0,1,0,2
PPG,3,104050,4163551552,122,74348,82251,82428.211,-177.211,32.172,0,0,0,0,66.67,66.67,2,1,0,100.00,0,1,24,1,1,18,18,0,0,0,4164838424,0.04443,0.00610,0.95044,0.95150,-0.00612,-0.00081,-0.00194,0.00647,0.95150,0.00362,0.00648,3,12259,0,6826,0.29046,0.17288,0.59521,100,1,95.120,88,1,3,4334,187491,0,0,0.000,32.124,9.049,0,0.000,139.473,3.725,0,0,1,0,2
PPG,3,104051,4163591552,120,74346,82247,82426.398,-179.398,-29.031,0,0,0,0,66.67,66.67,2,1,0,100.00,0,1,24,1,1,19,19,0,0,0,4164877691,0.03979,0.01025,0.94922,0.95011,-0.00612,-0.00001,-0.00167,0.00634,0.95011,0.00215,0.00634,3,12236,0,6826,0.29046,0.17288,0.59521,100,1,95.120,88,1,3,4333,187491,0,0,0.000,32.124,9.049,0,0.000,139.473,3.725,0,0,1,0,2
PPG,3,104052,4163631552,120,74352,82302,82425.156,-123.156,-85.961,0,0,0,0,66.67,66.67,2,1,0,100.00,0,1,24,1,1,20,20,0,0,0,4164917054,0.04297,0.00562,0.95801,0.95899,-0.00638,0.00079,-0.00194,0.00672,0.95899,0.01068,0.00675,3,12241,0,6826,0.29046,0.17288,0.59521,100,1,95.120,88,1,3,2622,187491,0,0,0.000,32.124,9.049,0,0.000,139.473,3.725,0,0,1,0,2
PPG,3,104053,4163671552,126,74373,82361,82424.516,-63.516,-138.602,0,0,0,0,66.67,66.67,2,1,0,100.00,0,1,24,1,1,21,21,0,0,0,4164958905,0.03760,0.00854,0.95068,0.95147,-0.00638,-0.00135,-0.00114,0.00662,0.95197,0.00817,0.00662,3,12195,0,6826,0.29046,0.17288,0.59521,100,1,95.120,88,1,3,4338,187491,0,0,0.000,32.124,9.049,0,0.000,139.473,3.725,0,0,1,0,2
PPG,3,104054,4163711552,121,74374,82404,82424.312,-20.312,-187.703,0,0,0,0,66.67,66.67,2,1,0,100.00,0,1,24,1,1,22,22,0,0,0,4164998151,0.03735,0.00366,0.95166,0.95240,-0.00612,-0.00081,-0.00167,0.00639,0.96126,0.00886,0.00639,3,12242,0,6826,0.29046,0.17288,0.59521,100,1,95.120,88,1,3,4344,187491,0,0,127.453,32.124,9.049,1,0.000,139.473,3.725,0,0,1,0,2
PPG,3,104055,4163751552,162,74320,82347,82423.539,-76.539,-212.828,1,0,1,880,66.67,66.67,2,1,0,100.00,0,1,24,2,2,24,24,0,0,0,4165101072,0.03760,0.00928,0.94897,0.94976,-0.00745,-0.00055,-0.00194,0.00772,0.95369,0.00742,0.00772,3,63770,0,6832,0.29046,0.17288,0.59521,100,1,95.120,88,1,3,63706,187491,0,0,0.000,32.124,9.049,0,375.078,139.473,3.725,1,1,1,0,3
PPG,3,104056,4163791552,33,74285,82297,82422.273,-125.273,-206.180,0,0,0,0,66.67,66.67,2,1,0,100.00,0,1,24,2,2,24,24,0,0,0,4165101072,0.03760,0.00928,0.94897,0.94976,-0.00745,-0.00055,-0.00194,0.00772,0.00000,0.00000,0.00000,0,63770,0,6832,0.29046,0.17288,0.59521,100,1,95.120,88,1,3,63706,187491,0,0,0.000,31.625,8.613,0,0.000,138.959,3.642,0,0,1,0,3
PPG,3,104057,4163831552,157,74292,82287,82420.922,-133.922,-189.586,0,0,0,0,66.67,66.67,2,1,0,100.00,0,1,24,1,1,25,25,0,0,0,4165114630,0.03735,0.00073,0.95117,0.95191,-0.00638,-0.00161,-0.00114,0.00668,0.95191,0.00214,0.00668,1,13558,0,6832,0.29046,0.17288,0.59521,100,1,95.120,88,1,3,10088,187491,0,0,0.000,31.625,8.613,0,0.000,138.959,3.642,0,0,1,0,3
PPG,3,104058,4163871552,122,74306,82331,82420.023,-89.023,-166.289,0,0,0,0,66.67,66.67,2,1,0,100.00,0,1,24,1,1,26,26,0,0,0,4165159421,0.03735,0.00293,0.95117,0.95191,-0.00612,-0.00055,-0.00247,0.00662,0.95191,0.00104,0.00662,3,12147,0,6833,0.29046,0.17288,0.59521,100,1,95.120,88,1,3,4296,187491,0,0,0.000,31.625,8.613,0,0.000,138.959,3.642,0,0,1,0,3
PPG,3,104059,4163911552,154,74314,82333,82419.156,-86.156,-148.062,0,0,0,0,66.67,66.67,2,1,0,100.00,0,1,24,1,1,27,27,0,0,0,4165198377,0.03735,0.00708,0.95117,0.95193,-0.00585,0.00079,-0.00167,0.00614,0.95850,0.00659,0.00616,3,12123,0,6833,0.29046,0.17288,0.59521,100,1,95.120,88,1,3,4295,187491,0,0,0.000,31.625,8.613,0,0.000,138.959,3.642,0,0,1,0,3
PPG,3,104060,4163951552,142,74344,82412,82419.086,-7.086,-129.219,0,0,0,0,66.67,66.67,2,1,0,100.00,0,1,24,1,1,28,28,0,0,0,4165237490,0.03931,0.00830,0.95337,0.95422,-0.00585,0.00025,-0.00221,0.00626,0.95903,0.00620,0.00626,3,12118,0,6833,0.29046,0.17288,0.59521,100,1,95.120,88,1,3,2602,187491,0,0,0.000,31.625,8.613,0,0.000,138.959,3.642,0,0,1,0,3
PPG,3,104061,4163991552,126,74412,82476,82419.656,56.344,-109.539,0,0,0,0,66.67,66.67,2,1,0,100.00,0,1,24,1,1,29,29,0,0,0,4165279064,0.04126,0.00732,0.95703,0.95795,-0.00585,-0.00055,-0.00247,0.00638,0.95795,0.00506,0.00638,3,12127,0,6833,0.29046,0.17288,0.59521,100,1,95.120,88,1,3,4303,187491,0,0,0.000,31.625,8.613,0,0.000,138.959,3.642,0,0,1,0,3
PPG,3,104062,4164031552,126,74426,82521,82420.672,100.328,-76.281,0,0,0,0,66.67,66.67,2,1,0,100.00,0,1,24,1,1,30,30,0,0,0,4165318083,0.03784,0.00684,0.95264,0.95341,-0.00532,-0.00081,-0.00221,0.00581,0.95602,0.00693,0.00631,3,12152,0,6833,0.29046,0.17288,0.59521,100,1,95.120,88,1,3,4312,187491,0,0,0.000,31.625,8.613,0,0.000,138.959,3.642,0,0,1,0,3
PPG,3,104063,4164071552,122,74423,82524,82421.703,102.297,-35.047,0,0,0,0,66.67,66.67,2,1,0,100.00,0,1,24,1,1,31,31,0,0,0,4165357004,0.03906,0.00781,0.94800,0.94883,-0.00558,-0.00028,-0.00221,0.00601,0.95556,0.00524,0.00662,3,12105,0,6833,0.29046,0.17288,0.59521,100,1,95.120,88,1,3,2598,187491,0,0,0.000,31.625,8.613,0,0.000,138.959,3.642,0,0,1,0,3
PPG,3,104064,4164111552,122,74430,82518,82422.664,95.336,7.852,0,0,0,0,66.67,66.67,2,1,0,100.00,0,1,24,1,1,0,0,0,0,0,4165398577,0.03394,0.00635,0.94995,0.95058,-0.00585,-0.00081,-0.00141,0.00607,0.95582,0.00524,0.00624,3,12129,0,6833,0.29046,0.17288,0.59521,100,1,95.120,88,1,3,4299,187491,0,0,0.000,31.625,8.613,0,0.000,138.959,3.642,0,0,1,0,3
PPG,3,104065,4164151552,126,74436,82518,82423.617,94.383,45.914,0,0,0,0,66.67,66.67,2,1,0,100.00,0,1,24,1,1,1,1,0,0,0,4165437541,0.03809,0.00488,0.94946,0.95024,-0.00532,-0.00161,-0.00141,0.00573,0.95024,0.00582,0.00578,3,12112,0,6833,0.29046,0.17288,0.59521,100,1,95.120,88,1,3,2600,187491,0,0,0.000,31.625,8.613,0,0.000,138.959,3.642,0,0,1,0,3
PPG,3,104066,4164191552,126,74443,82568,82425.062,142.938,89.188,0,0,0,0,66.67,66.67,2,1,0,100.00,0,1,24,1,1,2,2,0,0,0,4165479117,0.03784,0.00806,0.95654,0.95733,-0.00505,-0.00081,-0.00141,0.00531,0.95733,0.00655,0.00682,3,12133,0,6833,0.29046,0.17288,0.59521,100,1,95.120,88,1,3,4299,187491,0,0,0.000,31.625,8.613,0,0.000,138.959,3.642,0,0,1,0,3
PPG,3,104067,4164231552,124,74424,82549,82426.305,122.695,119.359,0,0,0,0,66.67,66.67,2,1,0,100.00,0,1,24,1,1,3,3,0,0,0,4165518193,0.04150,0.00562,0.95239,0.95331,-0.00452,0.00052,-0.00114,0.00469,0.95459,0.00274,0.00519,3,12145,0,6833,0.29046,0.17288,0.59521,100,1,95.120,88,1,3,4297,187491,0,0,0.000,31.625,8.613,0,0.000,138.959,3.642,0,0,1,0,3
PPG,3,104068,4164271552,122,74424,82548,82427.523,120.477,129.891,0,0,0,0,66.67,66.67,2,1,0,100.00,0,1,24,1,1,4,4,0,0,0,4165557126,0.03931,0.00415,0.94995,0.95077,-0.00585,-0.00055,-0.00300,0.00660,0.95077,0.00388,0.00660,3,12113,0,6833,0.29046,0.17288,0.59521,100,1,95.120,88,1,3,2596,187491,0,0,0.000,31.625,8.613,0,0.000,138.959,3.642,0,0,1,0,3
PPG,3,104069,4164311552,564,74368,82385,82427.102,-42.102,106.758,0,0,0,0,66.67,66.67,2,1,0,100.00,0,1,24,1,1,5,5,0,0,0,4165598716,0.04126,0.00586,0.95264,0.95355,-0.00505,-0.00081,-0.00141,0.00531,0.95699,0.00622,0.00626,3,12118,0,6833,0.18667,0.08708,0.46649,100,1,98.338,107,1,3,4296,187491,0,0,0.000,31.625,8.613,0,0.000,138.959,3.642,0,0,1,0,3
PPG,3,104070,4164351552,171,74264,82084,82423.672,-339.672,52.258,0,0,0,0,66.67,66.67,2,1,0,100.00,0,1,24,1,1,6,6,0,0,0,4165638165,0.04077,0.00659,0.95239,0.95329,-0.00585,-0.00215,-0.00141,0.00639,0.95977,0.01461,0.00639,3,12121,0,6833,0.18667,0.08708,0.46649,100,1,98.338,107,1,3,4300,187491,0,0,0.000,31.625,8.613,0,0.000,138.959,3.642,0,0,1,0,3
PPG,3,104071,4164391552,123,74199,81900,82418.438,-518.438,-18.680,0,0,0,0,66.67,66.67,2,1,0,100.00,0,1,24,1,1,7,7,0,0,0,4165677158,0.03564,0.00122,0.94775,0.94842,-0.00638,-0.00001,-0.00221,0.00675,0.95235,0.00393,0.00675,3,12112,0,6833,0.18667,0.08708,0.46649,100,1,98.338,107,1,3,2599,187491,0,0,0.000,31.625,8.613,0,0.000,138.959,3.642,0,0,1,0,3
PPG,3,104072,4164431552,122,74201,81872,82412.977,-540.977,-89.461,0,0,0,0,66.67,66.67,2,1,0,100.00,0,1,24,1,1,8,8,0,0,0,4165718877,0.03711,0.00757,0.94971,0.95046,-0.00612,-0.00081,-0.00141,0.00633,0.96144,0.01691,0.00714,3,12164,0,6833,0.18667,0.08708,0.46649,100,1,98.338,107,1,3,4299,187491,0,0,0.000,31.625,8.613,0,0.000,138.959,3.642,0,0,1,0,3
PPG,3,104073,4164471552,122,74223,81909,82407.938,-498.938,-161.008,0,0,0,0,66.67,66.67,2,1,0,100.00,0,1,24,1,1,9,9,0,0,0,4165757832,0.04102,0.00952,0.95117,0.95210,-0.00585,-0.00081,-0.00327,0.00675,0.95494,0.00626,0.00675,3,12127,0,6833,0.18667,0.08708,0.46649,100,1,98.338,107,1,3,4312,187491,0,0,0.000,31.625,8.613,0,0.000,138.959,3.642,0,0,1,0,3
PPG,3,104074,4164511552,123,74230,81952,82403.375,-451.375,-223.688,0,0,0,0,66.67,66.67,2,1,0,100.00,0,1,24,1,1,10,10,0,0,0,4165796863,0.03784,0.00562,0.94604,0.94682,-0.00558,-0.00135,-0.00167,0.00598,0.95433,0.00751,0.00662,3,12122,0,6833,0.18667,0.08708,0.46649,100,1,98.338,107,1,3,2595,187491,0,0,0.000,31.625,8.613,0,0.000,138.959,3.642,0,0,1,0,3
PPG,3,104075,4164551552,122,74242,82019,82399.531,-380.531,-282.859,0,0,0,0,66.67,66.67,2,1,0,100.00,0,1,24,1,1,11,11,0,0,0,4165838528,0.03857,0.00879,0.95264,0.95346,-0.00612,-0.00081,-0.00167,0.00639,0.95655,0.00974,0.00639,3,12116,0,6833,0.18667,0.08708,0.46649,100,1,98.338,107,1,3,4294,187491,0,0,0.000,31.625,8.613,0,0.000,138.959,3.642,0,0,1,0,3
PPG,3,104076,4164591552,162,74252,82021,82395.742,-374.742,-321.062,1,0,1,860,68.18,68.18,2,1,0,100.00,0,1,24,1,1,12,12,0,0,0,4165877481,0.04102,0.00610,0.94702,0.94793,-0.00612,-0.00108,-0.00167,0.00643,0.95523,0.00422,0.00706,3,12113,0,6833,0.18667,0.08708,0.46649,100,1,98.338,107,1,3,2598,187491,0,0,142.961,31.625,8.613,1,342.719,138.959,3.642,1,1,1,0,4
PPG,3,104077,4164631552,124,74222,81999,82391.773,-392.773,-318.812,0,0,0,0,68.18,68.18,2,1,0,100.00,0,1,24,1,1,13,13,0,0,0,4165919190,0.04150,0.00732,0.95410,0.95503,-0.00558,-0.00001,-0.00034,0.00559,0.95503,0.00521,0.00701,3,12144,0,6833,0.18667,0.08708,0.46649,100,1,98.338,107,1,3,4332,187491,0,0,0.000,31.286,8.317,0,0.000,138.308,3.535,0,0,1,0,4
PPG,3,104078,4164671552,122,74218,81963,82387.484,-424.484,-291.406,0,0,0,0,68.18,68.18,2,1,0,100.00,0,1,24,1,1,14,14,0,0,0,4165958259,0.03784,0.00635,0.94604,0.94682,-0.00585,-0.00055,-0.00167,0.00611,0.95531,0.00848,0.00611,3,12123,0,6833,0.18667,0.08708,0.46649,100,1,98.338,107,1,3,4301,187491,0,0,0.000,31.286,8.317,0,0.000,138.308,3.535,0,0,1,0,4
PPG,3,104079,4164711552,123,74202,81938,82382.992,-444.992,-262.227,0,0,0,0,68.18,68.18,2,1,0,100.00,0,1,24,1,1,15,15,0,0,0,4165997201,0.04102,0.00586,0.95728,0.95817,-0.00479,-0.00001,-0.00141,0.00499,0.95817,0.00793,0.00685,3,12116,0,6833,0.18667,0.08708,0.46649,100,1,98.338,107,1,3,2605,187491,0,0,0.000,31.286,8.317,0,0.000,138.308,3.535,0,0,1,0,4
PPG,3,104080,4164751552,130,74196,81946,82378.625,-432.625,-233.641,0,0,0,0,68.18,68.18,2,1,0,100.00,0,1,24,1,1,16,16,0,0,0,4166038638,0.03638,0.00610,0.94653,0.94725,-0.00532,0.00025,-0.00061,0.00536,0.95102,0.00715,0.00596,2,24155,0,6834,0.18667,0.08708,0.46649,100,1,98.338,107,1,3,4378,187491,0,0,0.000,31.286,8.317,0,0.000,138.308,3.535,0,0,1,0,4
PPG,3,104081,4164791552,126,74198,81953,82374.367,-421.367,-207.352,0,0,0,0,68.18,68.18,2,1,0,100.00,0,1,24,1,1,17,17,0,0,0,4166077669,0.04028,0.00732,0.94824,0.94913,-0.00665,-0.00135,-0.00194,0.00706,0.95377,0.00697,0.00706,3,12113,0,6834,0.18667,0.08708,0.46649,100,1,98.338,107,1,3,2605,187491,0,0,0.000,31.286,8.317,0,0.000,138.308,3.535,0,0,1,0,4
PPG,3,104082,4164831552,148,74200,81990,82370.523,-380.523,-184.938,0,0,0,0,68.18,68.18,2,1,0,100.00,0,1,24,1,1,18,18,0,0,0,4166119253,0.03467,0.00781,0.95215,0.95281,-0.00558,-0.00081,-0.00247,0.00616,0.95353,0.00440,0.00811,3,12137,0,6834,0.18667,0.08708,0.46649,100,1,98.338,107,1,3,4328,187491,0,0,0.000,31.286,8.317,0,0.000,138.308,3.535,0,0,1,0,4
PPG,3,104083,4164871552,125,74229,82036,82367.180,-331.180,-158.398,0,0,0,0,68.18,68.18,2,1,0,100.00,0,1,24,1,1,19,19,0,0,0,4166158372,0.03564,0.01099,0.95020,0.95093,-0.00558,-0.00081,-0.00087,0.00571,0.95627,0.00534,0.00648,3,12131,0,6834,0.18667,0.08708,0.46649,100,1,98.338,107,1,3,4302,187491,0,0,0.000,31.286,8.317,0,0.000,138.308,3.535,0,0,1,0,4
PPG,3,104084,4164911552,140,74245,82087,82364.375,-277.375,-124.281,0,0,0,0,68.18,68.18,2,1,0,100.00,0,1,24,1,1,20,20,0,0,0,4166197335,0.04150,0.00464,0.95435,0.95526,-0.00532,-0.00028,-0.00194,0.00567,0.95526,0.00433,0.00567,3,12123,0,6834,0.18667,0.08708,0.46649,100,1,98.338,107,1,3,2599,187491,0,0,0.000,31.286,8.317,0,0.000,138.308,3.535,0,0,1,0,4
PPG,3,104085,4164951552,125,74231,82091,82361.641,-270.641,-84.641,0,0,0,0,68.18,68.18,2,1,0,100.00,0,1,24,1,1,21,21,0,0,0,4166238978,0.03638,0.00562,0.95752,0.95823,-0.00532,-0.00028,-0.00221,0.00576,0.95823,0.00821,0.00638,3,12145,0,6834,0.18667,0.08708,0.46649,100,1,98.338,107,1,3,4294,187491,0,0,0.000,31.286,8.317,0,0.000,138.308,3.535,0,0,1,0,4
PPG,3,104086,4164991552,123,74227,82112,82359.141,-247.141,-36.992,0,0,0,0,68.18,68.18,2,1,0,100.00,0,1,24,1,1,22,22,0,0,0,4166277973,0.03760,0.00342,0.95044,0.95119,-0.00558,-0.00108,-0.00087,0.00575,0.95119,0.01115,0.00627,3,12151,0,6834,0.18667,0.08708,0.46649,100,1,98.338,107,1,3,4300,187491,0,0,0.000,31.286,8.317,0,0.000,138.308,3.535,0,0,1,0,4
PPG,3,104087,4165031552,125,74231,82139,82356.938,-217.938,11.086,0,0,0,0,68.18,68.18,2,1,0,100.00,0,1,24,1,1,23,23,0,0,0,4166316921,0.04150,0.00708,0.95483,0.95576,-0.00638,-0.00055,-0.00274,0.00697,0.95576,0.00627,0.00697,3,12126,0,6834,0.18667,0.08708,0.46649,100,1,98.338,107,1,3,2594,187491,0,0,0.000,31.286,8.317,0,0.000,138.308,3.535,0,0,1,0,4
PPG,3,104088,4165071552,122,74239,82152,82354.891,-202.891,59.312,0,0,0,0,68.18,68.18,2,1,0,100.00,0,1,24,1,1,24,24,0,0,0,4166358945,0.03687,0.00879,0.95044,0.95119,-0.00585,-0.00028,-0.00114,0.00597,0.95391,0.00531,0.00611,3,12225,0,6834,0.18667,0.08708,0.46649,100,1,98.338,107,1,3,4299,187491,0,0,0.000,31.286,8.317,0,0.000,138.308,3.535,0,0,1,0,4
PPG,3,104089,4165111552,122,74254,82183,82353.172,-170.172,96.992,0,0,0,0,68.18,68.18,2,1,0,100.00,0,1,24,1,1,25,25,0,0,0,4166397999,0.03955,0.01099,0.95410,0.95498,-0.00612,-0.00028,-0.00247,0.00660,0.95498,0.00617,0.00660,3,12107,0,6834,0.18667,0.08708,0.46649,100,1,98.338,107,1,3,2597,187491,0,0,0.000,31.286,8.317,0,0.000,138.308,3.535,0,0,1,0,4
PPG,3,104090,4165151552,121,74292,82262,82352.258,-90.258,120.367,0,0,0,0,68.18,68.18,2,1,0,100.00,0,1,24,1,1,26,26,0,0,0,4166439623,0.03882,0.00488,0.95117,0.95198,-0.00558,0.00052,-0.00087,0.00568,0.95504,0.00307,0.00635,3,12194,0,6834,0.18667,0.08708,0.46649,100,1,98.338,107,1,3,4299,187491,0,0,0.000,31.286,8.317,0,0.000,138.308,3.535,0,0,1,0,4
PPG,3,104091,4165191552,158,74294,82236,82351.094,-115.094,124.859,0,0,0,0,68.18,68.18,2,1,0,100.00,0,1,24,1,1,27,27,0,0,0,4166478695,0.03833,0.00708,0.95386,0.95465,-0.00638,-0.00081,-0.00221,0.00680,0.95465,0.00236,0.00680,3,12129,0,6834,0.18667,0.08708,0.46649,100,1,98.338,107,1,3,4298,187491,0,0,0.000,31.286,8.317,0,0.000,138.308,3.535,0,0,1,0,4
PPG,3,104092,4165231552,192,74195,81952,82347.102,-395.102,101.000,0,0,0,0,68.18,68.18,2,1,0,100.00,0,1,24,1,1,28,28,0,0,0,4166517876,0.03491,0.00562,0.95532,0.95598,-0.00612,-0.00135,-0.00274,0.00684,0.95598,0.00355,0.00734,3,12127,0,6834,0.18667,0.08708,0.46649,100,1,98.338,107,1,3,2685,187491,0,0,0.000,31.286,8.317,0,0.000,138.308,3.535,0,0,1,0,4
PPG,3,104093,4165271552,122,74115,81732,82340.953,-608.953,55.562,0,0,0,0,68.18,68.18,2,1,0,100.00,0,1,24,1,1,29,29,0,0,0,4166560068,0.03979,0.00415,0.94629,0.94713,-0.00558,-0.00001,-0.00194,0.00591,0.94807,0.00849,0.00635,3,12259,0,6834,0.18667,0.08708,0.46649,100,1,98.338,107,1,3,4347,187491,0,0,0.000,31.286,8.317,0,0.000,138.308,3.535,0,0,1,0,4
PPG,3,104094,4165311552,525,74092,81653,82334.070,-681.070,1.086,0,0,0,0,68.18,68.18,2,1,0,100.00,0,0,24,1,1,30,30,0,0,0,4166599447,0.03735,0.00415,0.94971,0.95045,-0.00718,-0.00028,-0.00194,0.00745,0.95193,0.00371,0.00753,3,12255,0,6834,0.32723,0.15094,0.46128,100,1,98.468,107,1,3,4332,187491,0,0,0.000,31.286,8.317,0,0.000,138.308,3.535,0,0,1,0,4
PPG,3,104095,4165351552,175,74112,81684,82327.570,-643.570,-49.023,0,0,0,0,68.18,68.18,2,1,0,100.00,0,0,24,1,1,31,31,0,0,0,4166639217,0.03955,0.00757,0.95215,0.95300,-0.00558,-0.00108,-0.00221,0.00610,0.95316,0.00175,0.00655,3,12274,0,6834,0.32723,0.15094,0.46128,100,1,98.468,107,1,3,4351,187491,0,0,0.000,31.286,8.317,0,0.000,138.308,3.535,0,0,1,0,4
PPG,3,104096,4165391552,124,74129,81724,82321.531,-597.531,-99.742,0,0,0,0,68.18,68.18,2,1,0,100.00,0,0,24,1,1,0,0,0,0,0,4166678629,0.03735,0.00732,0.94873,0.94949,-0.00452,0.00132,-0.00087,0.00479,0.95397,0.00283,0.00601,3,12254,0,6834,0.32723,0.15094,0.46128,100,1,98.468,107,1,3,4335,187491,0,0,0.000,31.286,8.317,0,0.000,138.308,3.535,0,0,1,0,4
PPG,3,104097,4165431552,123,74173,81799,82316.305,-517.305,-155.891,0,0,0,0,68.18,68.18,2,1,0,100.00,0,0,24,1,1,1,1,0,0,0,4166717927,0.03979,0.00488,0.95679,0.95763,-0.00665,-0.00028,-0.00141,0.00680,0.95763,0.00560,0.00680,3,12257,0,6834,0.32723,0.15094,0.46128,100,1,98.468,107,1,3,2641,187491,0,0,0.000,31.286,8.317,0,0.000,138.308,3.535,0,0,1,0,4
PPG,3,104098,4165471552,130,74196,81851,82311.648,-460.648,-205.289,0,0,0,0,68.18,68.18,2,1,0,100.00,0,0,24,1,1,2,2,0,0,0,4166759958,0.04199,0.00854,0.95068,0.95165,-0.00558,-0.00055,-0.00167,0.00586,0.95734,0.00880,0.00628,3,12244,0,6834,0.32723,0.15094,0.46128,100,1,98.468,107,1,3,4343,187491,0,0,0.000,31.286,8.317,0,0.000,138.308,3.535,0,0,1,0,4
PPG,3,104099,4165511552,165,74192,81846,82306.992,-460.992,-215.828,1,0,1,920,66.67,66.67,2,1,0,100.00,0,0,24,1,1,3,3,0,0,0,4166799186,0.04224,0.00732,0.95801,0.95897,-0.00532,-0.00108,-0.00221,0.00586,0.95897,0.00949,0.00606,3,12213,0,6834,0.32723,0.15094,0.46128,100,1,98.468,107,1,3,4335,187491,0,0,126.281,31.286,8.317,1,445.922,138.308,3.535,1,1,1,0,5
PPG,3,104100,4165551552,120,74187,81842,82302.344,-460.344,-194.914,0,0,0,0,66.67,66.67,2,1,0,100.00,0,0,24,1,1,4,4,0,0,0,4166838701,0.04004,0.00513,0.94727,0.94813,-0.00612,0.00052,-0.00167,0.00636,0.95920,0.01108,0.00736,3,12289,0,6834,0.32723,0.15094,0.46128,100,1,98.468,107,1,3,4332,187491,0,0,0.000,30.884,7.966,0,0.000,138.383,3.548,0,0,1,0,5
PPG,3,104101,4165591552,123,74215,81872,82298.039,-426.039,-159.578,0,0,0,0,66.67,66.67,2,1,0,100.00,0,0,24,1,1,5,5,0,0,0,4166877951,0.03540,0.00537,0.94409,0.94477,-0.00612,0.00025,-0.00221,0.00651,0.95095,0.00618,0.00671,3,12199,0,6834,0.32723,0.15094,0.46128,100,1,98.468,107,1,3,2625,187491,0,0,0.000,30.884,7.966,0,0.000,138.383,3.548,0,0,1,0,5
PPG,3,104102,4165631552,127,74228,81936,82294.422,-358.422,-120.883,0,0,0,0,66.67,66.67,2,1,0,100.00,0,0,24,1,1,6,6,0,0,0,4166919851,0.03760,0.00708,0.95288,0.95365,-0.00532,-0.00055,-0.00114,0.00547,0.95365,0.00748,0.00592,3,12232,0,6834,0.32723,0.15094,0.46128,100,1,98.468,107,1,3,4332,187491,0,0,0.000,30.884,7.966,0,0.000,138.383,3.548,0,0,1,0,5
PPG,3,104103,4165671552,123,74253,82026,82291.734,-265.734,-77.242,0,0,0,0,66.67,66.67,2,1,0,100.00,0,0,24,1,1,7,7,0,0,0,4166959154,0.03882,0.00952,0.94922,0.95006,-0.00505,0.00079,-0.00167,0.00538,0.95496,0.00668,0.00626,3,12230,0,6834,0.32723,0.15094,0.46128,100,1,98.468,107,1,3,4334,187491,0,0,0.000,30.884,7.966,0,0.000,138.383,3.548,0,0,1,0,5
PPG,3,104104,4165711552,122,74288,82092,82289.734,-197.734,-35.633,0,0,0,0,66.67,66.67,2,1,0,100.00,0,0,24,1,1,8,8,0,0,0,4166998405,0.03882,0.00610,0.95410,0.95491,-0.00479,-0.00055,-0.00247,0.00541,0.95491,0.00287,0.00615,3,12228,0,6834,0.32723,0.15094,0.46128,100,1,98.468,107,1,3,4322,187491,0,0,0.000,30.884,7.966,0,0.000,138.383,3.548,0,0,1,0,5
PPG,3,104105,4165751552,130,74309,82146,82288.297,-142.297,3.758,0,0,0,0,66.67,66.67,2,1,0,100.00,0,0,24,1,1,9,9,0,0,0,4167041781,0.03564,0.00928,0.95142,0.95213,-0.00612,-0.00055,-0.00194,0.00644,0.95499,0.00525,0.00665,3,16350,0,6834,0.32723,0.15094,0.46128,100,1,98.468,107,1,3,16292,187491,0,0,0.000,30.884,7.966,0,0.000,138.383,3.548,0,0,1,0,5
PPG,3,104106,4165791552,124,74317,82194,82287.352,-93.352,49.383,0,0,0,0,66.67,66.67,2,1,0,100.00,0,0,24,1,1,10,10,0,0,0,4167078527,0.03735,0.00513,0.95630,0.95704,-0.00558,-0.00161,-0.00221,0.00622,0.95704,0.00496,0.00622,3,12240,0,6834,0.32723,0.15094,0.46128,100,1,98.468,107,1,3,4331,187491,0,0,0.000,30.884,7.966,0,0.000,138.383,3.548,0,0,1,0,5
PPG,3,104107,4165831552,124,74329,82239,82286.867,-47.867,101.094,0,0,0,0,66.67,66.67,2,1,0,100.00,0,0,24,1,1,11,11,0,0,0,4167117795,0.03760,0.00806,0.95459,0.95536,-0.00638,-0.00081,-0.00221,0.00680,0.95536,0.00678,0.00680,3,12247,0,6834,0.32723,0.15094,0.46128,100,1,98.468,107,1,3,2619,187491,0,0,0.000,30.884,7.966,0,0.000,138.383,3.548,0,0,1,0,5
PPG,3,104108,4165871552,123,74357,82302,82287.016,14.984,155.023,0,0,0,0,66.67,66.67,2,1,0,100.00,0,0,24,1,1,12,12,0,0,0,4167159688,0.03809,0.00684,0.95483,0.95562,-0.00532,-0.00081,-0.00141,0.00556,0.95778,0.00360,0.00644,3,12157,0,6834,0.32723,0.15094,0.46128,100,1,98.468,107,1,3,4339,187491,0,0,0.000,30.884,7.966,0,0.000,138.383,3.548,0,0,1,0,5
PPG,3,104109,4165911552,124,74378,82331,82287.453,43.547,204.047,0,0,0,0,66.67,66.67,2,1,0,100.00,0,0,24,1,1,13,13,0,0,0,4167198831,0.04150,0.00562,0.95313,0.95404,-0.00558,-0.00055,0.00019,0.00561,0.95564,0.00160,0.00582,3,12120,0,6834,0.32723,0.15094,0.46128,100,1,98.468,107,1,3,4303,187491,0,0,0.000,30.884,7.966,0,0.000,138.383,3.548,0,0,1,0,5
PPG,3,104110,4165951552,122,74405,82387,82288.445,98.555,249.367,0,0,0,0,66.67,66.67,2,1,0,100.00,0,0,24,1,1,14,14,0,0,0,4167237771,0.03540,0.00586,0.95288,0.95356,-0.00585,-0.00108,-0.00167,0.00618,0.95483,0.00627,0.00632,3,12118,0,6834,0.32723,0.15094,0.46128,100,1,98.468,107,1,3,2595,187491,0,0,0.000,30.884,7.966,0,0.000,138.383,3.548,0,0,1,0,5
PPG,3,104111,4165991552,124,74432,82427,82289.828,137.172,287.680,0,0,0,0,66.67,66.67,2,1,0,100.00,0,0,24,1,1,15,15,0,0,0,4167279372,0.03711,0.00537,0.95166,0.95240,-0.00612,-0.00028,-0.00114,0.00623,0.95561,0.00549,0.00636,3,12118,0,6834,0.32723,0.15094,0.46128,100,1,98.468,107,1,3,4303,187491,0,0,0.000,30.884,7.966,0,0.000,138.383,3.548,0,0,1,0,5
PPG,3,104112,4166031552,123,74446,82479,82291.719,187.281,308.898,0,0,0,0,66.67,66.67,2,1,0,100.00,0,0,24,1,1,16,16,0,0,0,4167318339,0.03809,0.00854,0.95483,0.95563,-0.00612,-0.00001,-0.00194,0.00642,0.95571,0.00452,0.00680,3,12122,0,6834,0.32723,0.15094,0.46128,100,1,98.468,107,1,3,2599,187491,0,0,0.000,30.884,7.966,0,0.000,138.383,3.548,0,0,1,0,5
PPG,3,104113,4166071552,140,74459,82534,82294.141,239.859,317.367,0,0,0,0,66.67,66.67,2,1,0,100.00,0,0,24,1,1,17,17,0,0,0,4167359935,0.03979,0.00439,0.94897,0.94982,-0.00638,0.00025,-0.00167,0.00660,0.95263,0.00300,0.00710,3,12163,0,6834,0.32723,0.15094,0.46128,100,1,98.468,107,1,3,4303,187491,0,0,0.000,30.884,7.966,0,0.000,138.383,3.548,0,0,1,0,5
PPG,3,104114,4166111552,174,74431,82431,82295.508,135.492,305.898,0,1,0,0,66.67,66.67,2,1,0,100.00,0,0,24,1,1,18,18,0,0,0,4167398908,0.03760,0.00610,0.95435,0.95511,-0.00638,-0.00028,-0.00141,0.00654,0.95927,0.00945,0.00654,3,12114,0,6834,0.32723,0.15094,0.46128,100,1,98.468,107,1,3,4296,187491,0,0,0.000,30.884,7.966,0,0.000,138.383,3.548,0,0,1,0,5
PPG,3,104115,4166151552,124,74318,82088,82293.430,-205.430,255.133,0,0,0,0,66.67,66.67,2,1,0,100.00,0,0,24,1,1,19,19,0,0,0,4167437923,0.03906,0.01074,0.95459,0.95545,-0.00585,-0.00055,-0.00167,0.00611,0.95545,0.00151,0.00623,3,12133,0,6834,0.32723,0.15094,0.46128,100,1,98.468,107,1,3,2595,187491,0,0,0.000,30.884,7.966,0,0.000,138.383,3.548,0,0,1,0,5
PPG,3,104116,4166191552,123,74247,81908,82289.578,-381.578,185.500,0,0,0,0,66.67,66.67,2,1,0,100.00,0,0,24,1,1,20,20,0,0,0,4167479509,0.03418,0.00513,0.95166,0.95229,-0.00585,-0.00081,-0.00167,0.00614,0.95380,0.00350,0.00614,3,12119,0,6834,0.32723,0.15094,0.46128,100,1,98.468,107,1,3,4298,187491,0,0,0.000,30.884,7.966,0,0.000,138.383,3.548,0,0,1,0,5
PPG,3,104117,4166231552,124,74235,81917,82285.852,-368.852,112.461,0,0,0,0,66.67,66.67,2,1,0,100.00,0,0,24,1,1,21,21,0,0,0,4167518480,0.04053,0.00537,0.95020,0.95107,-0.00612,-0.00108,-0.00194,0.00651,0.95321,0.00140,0.00651,3,12119,0,6834,0.32723,0.15094,0.46128,100,1,98.468,107,1,3,4294,187491,0,0,0.000,30.884,7.966,0,0.000,138.383,3.548,0,0,1,0,5
PPG,3,104118,4166271552,163,74230,81950,82282.492,-332.492,39.359,0,0,0,0,66.67,66.67,2,1,0,100.00,0,0,24,1,1,22,22,0,0,0,4167557475,0.04150,0.00708,0.94922,0.95015,-0.00532,-0.00135,-0.00034,0.00550,0.95633,0.00618,0.00639,3,12165,0,6834,0.32723,0.15094,0.46128,100,1,98.468,107,1,3,2599,187491,0,0,0.000,30.884,7.966,0,0.000,138.383,3.548,0,0,1,0,5
PPG,3,104119,4166311552,512,74203,81999,82279.656,-280.656,-36.859,0,0,0,0,66.67,66.67,2,1,0,100.00,0,0,24,1,1,23,23,0,0,0,4167599105,0.03857,0.00610,0.95190,0.95271,-0.00665,-0.00055,-0.00194,0.00695,0.95563,0.00547,0.00695,3,12129,0,6834,0.35772,0.15345,0.42896,100,1,99.276,100,1,3,4298,187491,0,0,0.000,30.884,7.966,0,0.000,138.383,3.548,0,0,1,0,5
PPG,3,104120,4166351552,171,74192,82072,82277.578,-205.578,-114.359,0,0,0,0,66.67,66.67,2,1,0,100.00,0,0,24,1,1,24,24,0,0,0,4167638511,0.03735,0.00293,0.95630,0.95703,-0.00745,-0.00055,-0.00327,0.00815,0.95703,0.00910,0.00815,3,12115,0,6834,0.35772,0.15345,0.42896,100,1,99.276,100,1,3,4297,187491,0,0,0.000,30.884,7.966,0,0.000,138.383,3.548,0,0,1,0,5
PPG,3,104121,4166391552,145,74195,82078,82275.586,-197.586,-175.086,1,0,1,880,68.18,68.18,2,1,0,100.00,0,0,24,1,1,25,25,0,0,0,4167677770,0.04004,0.00903,0.95557,0.95645,-0.00585,0.00052,-0.00087,0.00594,0.95645,0.00905,0.00662,3,12288,0,6834,0.35772,0.15345,0.42896,100,1,99.276,100,1,3,2652,187491,0,0,183.938,30.884,7.966,1,533.195,138.383,3.548,1,1,1,0,6
PPG,3,104122,4166431552,125,74177,82030,82273.133,-243.133,-188.070,0,0,0,0,68.18,68.18,2,1,0,100.00,0,0,24,1,1,26,26,0,0,0,4167719641,0.03516,0.00684,0.95410,0.95477,-0.00638,-0.00028,-0.00141,0.00654,0.95477,0.00773,0.00654,3,12193,0,6834,0.35772,0.15345,0.42896,100,1,99.276,100,1,3,4299,187491,0,0,0.000,30.893,7.974,0,0.000,138.993,3.647,0,0,1,0,6
PPG,3,104123,4166471552,125,74177,82003,82270.430,-267.430,-173.352,0,0,0,0,68.18,68.18,2,1,0,100.00,0,0,24,1,1,27,27,0,0,0,4167758597,0.03662,0.00635,0.94360,0.94434,-0.00585,-0.00081,-0.00087,0.00597,0.95151,0.00724,0.00622,3,12116,0,6834,0.35772,0.15345,0.42896,100,1,99.276,100,1,3,4298,187491,0,0,0.000,30.893,7.974,0,0.000,138.993,3.647,0,0,1,0,6
PPG,3,104124,4166511552,123,74176,82034,82268.062,-234.062,-153.742,0,0,0,0,68.18,68.18,2,1,0,100.00,0,0,24,1,1,28,28,0,0,0,4167797588,0.04126,0.00781,0.95044,0.95137,-0.00638,-0.00028,-0.00114,0.00649,0.95240,0.00806,0.00649,3,12118,0,6834,0.35772,0.15345,0.42896,100,1,99.276,100,1,3,2598,187491,0,0,0.000,30.893,7.974,0,0.000,138.993,3.647,0,0,1,0,6
PPG,3,104125,4166551552,126,74184,82061,82265.992,-204.992,-133.633,0,0,0,0,68.18,68.18,2,1,0,100.00,0,0,24,1,1,29,29,0,0,0,4167839226,0.04175,0.00317,0.94556,0.94648,-0.00558,0.00052,-0.00167,0.00585,0.95174,0.00526,0.00701,3,12118,0,6834,0.35772,0.15345,0.42896,100,1,99.276,100,1,3,4299,187491,0,0,0.000,30.893,7.974,0,0.000,138.993,3.647,0,0,1,0,6
PPG,3,104126,4166591552,123,74184,82081,82264.141,-183.141,-116.258,0,0,0,0,68.18,68.18,2,1,0,100.00,0,0,24,1,1,30,30,0,0,0,4167878226,0.03955,0.00244,0.95166,0.95248,-0.00585,-0.00055,-0.00087,0.00594,0.95543,0.00468,0.00619,3,12131,0,6834,0.35772,0.15345,0.42896,100,1,99.276,100,1,3,2601,187491,0,0,0.000,30.893,7.974,0,0.000,138.993,3.647,0,0,1,0,6
PPG,3,104127,4166631552,124,74204,82109,82262.586,-153.586,-104.477,0,0,0,0,68.18,68.18,2,1,0,100.00,0,0,24,1,1,31,31,0,0,0,4167919749,0.03589,0.00684,0.95068,0.95139,-0.00558,-0.00081,-0.00061,0.00568,0.95428,0.00397,0.00643,3,12108,0,6834,0.35772,0.15345,0.42896,100,1,99.276,100,1,3,4295,187491,0,0,0.000,30.893,7.974,0,0.000,138.993,3.647,0,0,1,0,6
PPG,3,104128,4166671552,123,74232,82132,82261.281,-129.281,-88.258,0,0,0,0,68.18,68.18,2,1,0,100.00,0,0,24,1,1,0,0,0,0,0,4167958697,0.03589,0.00903,0.95386,0.95458,-0.00612,-0.00108,-0.00167,0.00643,0.95458,0.00590,0.00643,3,12118,0,6834,0.35772,0.15345,0.42896,100,1,99.276,100,1,3,4297,187491,0,0,0.000,30.893,7.974,0,0.000,138.993,3.647,0,0,1,0,6
PPG,3,104129,4166711552,125,74253,82158,82260.250,-102.250,-61.328,0,0,0,0,68.18,68.18,2,1,0,100.00,0,0,24,1,1,1,1,0,0,0,4167997683,0.03735,0.00928,0.95190,0.95268,-0.00665,-0.00135,-0.00141,0.00693,0.95268,0.00598,0.00693,3,12117,0,6834,0.35772,0.15345,0.42896,100,1,99.276,100,1,3,2603,187491,0,0,0.000,30.893,7.974,0,0.000,138.993,3.647,0,0,1,0,6
PPG,3,104130,4166751552,131,74248,82155,82259.195,-104.195,-28.008,0,0,0,0,68.18,68.18,2,1,0,100.00,0,0,24,1,1,2,2,0,0,0,4168043338,0.03638,0.00488,0.94238,0.94310,-0.00532,-0.00081,-0.00114,0.00550,0.95616,0.00793,0.00678,3,16222,0,6834,0.35772,0.15345,0.42896,100,1,99.276,100,1,3,16160,187491,0,0,0.000,30.893,7.974,0,0.000,138.993,3.647,0,0,1,0,6
PPG,3,104131,4166791552,127,74250,82176,82258.367,-82.367,4.820,0,0,0,0,68.18,68.18,2,1,0,100.00,0,0,24,1,1,3,3,0,0,0,4168079797,0.03784,0.00757,0.95508,0.95586,-0.00558,-0.00161,-0.00061,0.00584,0.96022,0.01218,0.00584,3,12132,0,6834,0.35772,0.15345,0.42896,100,1,99.276,100,1,3,4338,187491,0,0,0.000,30.893,7.974,0,0.000,138.993,3.647,0,0,1,0,6
PPG,3,104132,4166831552,125,74245,82190,82257.680,-67.680,37.703,0,0,0,0,68.18,68.18,2,1,0,100.00,0,0,24,1,1,4,4,0,0,0,4168118971,0.03906,0.00708,0.95068,0.95151,-0.00665,-0.00081,-0.00087,0.00676,0.95523,0.00304,0.00676,3,12232,0,6834,0.35772,0.15345,0.42896,100,1,99.276,100,1,3,4314,187491,0,0,0.000,30.893,7.974,0,0.000,138.993,3.647,0,0,1,0,6
PPG,3,104133,4166871552,153,74246,82213,82257.234,-44.234,72.609,0,0,0,0,68.18,68.18,2,1,0,100.00,0,0,24,1,1,5,5,0,0,0,4168158130,0.03394,0.00879,0.95190,0.95255,-0.00532,-0.00055,-0.00194,0.00569,0.95255,0.00699,0.00665,3,12312,0,6834,0.35772,0.15345,0.42896,100,1,99.276,100,1,3,2620,187491,0,0,0.000,30.893,7.974,0,0.000,138.993,3.647,0,0,1,0,6
PPG,3,104134,4166911552,125,74291,82285,82257.516,27.484,105.047,0,0,0,0,68.18,68.18,2,1,0,100.00,0,0,24,1,1,6,6,0,0,0,4168200206,0.04053,0.00513,0.95508,0.95595,-0.00585,-0.00028,-0.00194,0.00617,0.95595,0.00301,0.00617,3,12258,0,6834,0.35772,0.15345,0.42896,100,1,99.276,100,1,3,4338,187491,0,0,0.000,30.893,7.974,0,0.000,138.993,3.647,0,0,1,0,6
PPG,3,104135,4166951552,126,74314,82330,82258.242,71.758,121.242,0,0,0,0,68.18,68.18,2,1,0,100.00,0,0,24,1,1,7,7,0,0,0,4168239579,0.03784,0.00415,0.94995,0.95071,-0.00665,-0.00108,-0.00087,0.00679,0.95687,0.00658,0.00728,3,12256,0,6834,0.35772,0.15345,0.42896,100,1,99.276,100,1,3,4322,187491,0,0,0.000,30.893,7.974,0,0.000,138.993,3.647,0,0,1,0,6
PPG,3,104136,4166991552,145,74330,82382,82259.477,122.523,129.539,0,0,0,0,68.18,68.18,2,1,0,100.00,0,0,24,1,1,8,8,0,0,0,4168278883,0.04028,0.00708,0.95386,0.95473,-0.00585,-0.00028,-0.00221,0.00626,0.95473,0.00885,0.00649,3,12321,0,6834,0.35772,0.15345,0.42896,100,1,99.276,100,1,3,4355,187491,0,0,0.000,30.893,7.974,0,0.000,138.993,3.647,0,0,1,0,6
PPG,3,104137,4167031552,126,74330,82405,82260.930,144.070,140.852,0,0,0,0,68.18,68.18,2,1,0,100.00,0,0,24,1,1,9,9,0,0,0,4168318262,0.03906,0.00903,0.95093,0.95177,-0.00585,-0.00135,-0.00274,0.00660,0.95790,0.00672,0.00660,3,12251,0,6834,0.35772,0.15345,0.42896,100,1,99.276,100,1,3,2639,187491,0,0,0.000,30.893,7.974,0,0.000,138.993,3.647,0,0,1,0,6
PPG,3,104138,4167071552,180,74245,82156,82259.883,-103.883,127.688,0,1,0,0,68.18,68.18,2,1,0,100.00,0,0,24,1,1,10,10,0,0,0,4168360198,0.03955,0.00879,0.95581,0.95667,-0.00612,0.00052,-0.00194,0.00644,0.95667,0.00624,0.00644,3,12248,0,6834,0.35772,0.15345,0.42896,100,1,99.276,100,1,3,4332,187491,0,0,0.000,30.893,7.974,0,0.000,138.993,3.647,0,0,1,0,6
PPG,3,104139,4167111552,128,74168,81876,82256.047,-380.047,88.992,0,0,0,0,68.18,68.18,2,1,0,100.00,0,0,24,1,1,11,11,0,0,0,4168399666,0.03613,0.00537,0.94922,0.94992,-0.00558,-0.00001,-0.00274,0.00622,0.95865,0.00896,0.00622,3,12268,0,6834,0.35772,0.15345,0.42896,100,1,99.276,100,1,3,4335,187491,0,0,0.000,30.893,7.974,0,0.000,138.993,3.647,0,0,1,0,6
PPG,3,104140,4167151552,135,74157,81814,82251.625,-437.625,44.891,0,0,0,0,68.18,68.18,2,1,0,100.00,0,0,24,1,1,12,12,0,0,0,4168438957,0.04077,0.00562,0.95337,0.95426,-0.00665,-0.00001,-0.00221,0.00701,0.95444,0.00452,0.00701,3,12273,0,6834,0.35772,0.15345,0.42896,100,1,99.276,100,1,3,4334,187491,0,0,0.000,30.893,7.974,0,0.000,138.993,3.647,0,0,1,0,6
PPG,3,104141,4167191552,151,74173,81869,82247.797,-378.797,-4.094,0,0,0,0,68.18,68.18,2,1,0,100.00,0,0,24,1,1,13,13,0,0,0,4168478285,0.03833,0.00513,0.95215,0.95293,-0.00718,-0.00028,-0.00114,0.00728,0.95293,0.00824,0.00804,3,12271,0,6834,0.35772,0.15345,0.42896,100,1,99.276,100,1,3,2641,187491,0,0,0.000,30.893,7.974,0,0.000,138.993,3.647,0,0,1,0,6
PPG,3,104142,4167231552,126,74184,81925,82244.570,-319.570,-56.703,0,0,0,0,68.18,68.18,2,1,0,100.00,0,0,24,1,1,14,14,0,0,0,4168520217,0.04004,0.00513,0.95337,0.95422,-0.00532,-0.00108,-0.00167,0.00568,0.95455,0.00109,0.00610,3,12242,0,6834,0.35772,0.15345,0.42896,100,1,99.276,100,1,3,4340,187491,0,0,0.000,30.893,7.974,0,0.000,138.993,3.647,0,0,1,0,6
PPG,3,104143,4167271552,127,74190,81965,82241.773,-276.773,-114.367,0,0,0,0,68.18,68.18,2,1,0,100.00,0,0,24,1,1,15,15,0,0,0,4168559492,0.03784,0.00659,0.95093,0.95170,-0.00612,-0.00001,-0.00194,0.00642,0.96218,0.01048,0.00693,3,12232,0,6834,0.35772,0.15345,0.42896,100,1,99.276,100,1,3,4329,187491,0,0,0.000,30.893,7.974,0,0.000,138.993,3.647,0,0,1,0,6
PPG,3,104144,4167311552,534,74208,82079,82240.148,-161.148,-163.188,0,0,0,0,68.18,68.18,2,1,0,100.00,0,0,24,1,1,16,16,0,0,0,4168598840,0.03467,0.00684,0.95654,0.95720,-0.00532,-0.00055,-0.00141,0.00553,0.95720,0.00769,0.00703,3,12220,0,6834,0.30051,0.13164,0.43806,100,1,99.049,107,1,3,4340,187491,0,0,0.000,30.893,7.974,0,0.000,138.993,3.647,0,0,1,0,6
PPG,3,104145,4167351552,204,74228,82104,82238.789,-134.789,-172.773,1,0,1,960,66.67,66.67,0,0,0,100.00,0,0,24,1,1,17,17,0,0,0,4168638622,0.04297,0.00464,0.95142,0.95240,-0.00505,-0.00081,-0.00221,0.00557,0.95727,0.01261,0.00557,3,12209,0,6834,0.30051,0.13164,0.43806,100,1,99.049,107,1,3,2633,187491,0,0,161.633,30.893,7.974,1,328.922,138.993,3.647,1,1,2,0,7
PPG,3,104146,4167391552,125,74213,82092,82237.320,-145.320,-142.461,0,0,0,0,66.67,66.67,0,0,0,100.00,0,0,24,1,1,18,18,0,0,0,4168680661,0.03906,0.00366,0.94653,0.94735,-0.00665,0.00052,-0.00114,0.00677,0.95800,0.00679,0.00677,3,12245,0,6834,0.30051,0.13164,0.43806,100,1,99.049,107,1,3,4334,187491,0,0,0.000,30.762,7.860,0,0.000,138.251,3.526,0,0,2,0,7
PPG,3,104147,4167431552,139,74211,82130,82236.250,-106.250,-98.367,0,0,0,0,66.67,66.67,0,0,0,100.00,0,0,24,1,1,19,19,0,0,0,4168719945,0.04077,0.00830,0.94678,0.94769,-0.00585,-0.00055,-0.00247,0.00638,0.95387,0.00652,0.00638,3,12216,0,6834,0.30051,0.13164,0.43806,100,1,99.049,107,1,3,4330,187491,0,0,0.000,30.762,7.860,0,0.000,138.251,3.526,0,0,2,0,7
PPG,3,104148,4167471552,127,74253,82237,82236.258,0.742,-51.047,0,0,0,0,66.67,66.67,0,0,0,100.00,0,0,24,1,1,20,20,0,0,0,4168759162,0.03516,0.00171,0.95288,0.95353,-0.00532,0.00025,-0.00087,0.00540,0.95585,0.00437,0.00654,3,12218,0,6834,0.30051,0.13164,0.43806,100,1,99.049,107,1,3,4317,187491,0,0,0.000,30.762,7.860,0,0.000,138.251,3.526,0,0,2,0,7
PPG,3,104149,4167511552,132,74281,82320,82237.094,82.906,-2.719,0,0,0,0,66.67,66.67,0,0,0,100.00,0,0,24,1,1,21,21,0,0,0,4168798313,0.03931,0.00610,0.95361,0.95444,-0.00612,-0.00108,-0.00167,0.00643,0.95444,0.00529,0.00652,3,12193,0,6834,0.30051,0.13164,0.43806,100,1,99.049,107,1,3,2657,187491,0,0,0.000,30.762,7.860,0,0.000,138.251,3.526,0,0,2,0,7
PPG,3,104150,4167551552,131,74314,82395,82238.672,156.328,46.711,0,0,0,0,66.67,66.67,0,0,0,100.00,0,0,24,1,1,22,22,0,0,0,4168840024,0.03833,0.00586,0.95264,0.95343,-0.00665,-0.00135,-0.00194,0.00706,0.95633,0.00598,0.00706,3,12137,0,6834,0.30051,0.13164,0.43806,100,1,99.049,107,1,3,4299,187491,0,0,0.000,30.762,7.860,0,0.000,138.251,3.526,0,0,2,0,7
PPG,3,104151,4167591552,203,74325,82420,82240.484,179.516,83.219,0,0,0,0,66.67,66.67,0,0,0,100.00,0,0,24,1,1,23,23,0,0,0,4168878964,0.03613,0.00562,0.95557,0.95627,-0.00558,-0.00161,-0.00194,0.00613,0.95627,0.00441,0.00613,3,12115,0,6834,0.30051,0.13164,0.43806,100,1,99.049,107,1,3,4299,187491,0,0,0.000,30.762,7.860,0,0.000,138.251,3.526,0,0,2,0,7
PPG,3,104152,4167631552,127,74324,82424,82242.320,181.680,117.242,0,0,0,0,66.67,66.67,0,0,0,100.00,0,0,24,1,1,24,24,0,0,0,4168918028,0.03662,0.00781,0.95361,0.95435,-0.00718,-0.00055,-0.00194,0.00746,0.96177,0.00743,0.00746,3,12116,0,6834,0.30051,0.13164,0.43806,100,1,99.049,107,1,3,2597,187491,0,0,0.000,30.762,7.860,0,0.000,138.251,3.526,0,0,2,0,7
PPG,3,104153,4167671552,128,74324,82435,82244.250,190.750,155.141,0,0,0,0,66.67,66.67,0,0,0,100.00,0,0,24,1,1,25,25,0,0,0,4168959626,0.03906,0.01001,0.94922,0.95007,-0.00612,0.00052,-0.00061,0.00617,0.95929,0.01148,0.00647,3,12140,0,6834,0.30051,0.13164,0.43806,100,1,99.049,107,1,3,4296,187491,0,0,0.000,30.762,7.860,0,0.000,138.251,3.526,0,0,2,0,7
PPG,3,104154,4167711552,127,74305,82423,82246.039,176.961,190.094,0,0,0,0,66.67,66.67,0,0,0,100.00,0,0,24,1,1,26,26,0,0,0,4168998652,0.04053,0.01147,0.94971,0.95064,-0.00479,0.00025,-0.00114,0.00493,0.95397,0.00389,0.00654,3,12167,0,6834,0.30051,0.13164,0.43806,100,1,99.049,107,1,3,2599,187491,0,0,0.000,30.762,7.860,0,0.000,138.251,3.526,0,0,2,0,7
PPG,3,104155,4167751552,134,74293,82418,82247.758,170.242,211.547,0,0,0,0,66.67,66.67,0,0,0,100.00,0,0,24,1,1,27,27,0,0,0,4169044328,0.03662,0.00708,0.95239,0.95312,-0.00638,0.00052,-0.00194,0.00669,0.95312,0.00620,0.00669,3,16232,0,6834,0.30051,0.13164,0.43806,100,1,99.049,107,1,3,16169,187491,0,0,0.000,30.762,7.860,0,0.000,138.251,3.526,0,0,2,0,7
PPG,3,104156,4167791552,132,74318,82439,82249.672,189.328,225.703,0,1,0,0,66.67,66.67,0,0,0,100.00,0,0,24,1,1,28,28,0,0,0,4169080805,0.04053,0.00928,0.95630,0.95720,-0.00638,0.00052,-0.00274,0.00697,0.95720,0.00353,0.00697,3,12114,0,6834,0.30051,0.13164,0.43806,100,1,99.049,107,1,3,4305,187491,0,0,0.000,30.762,7.860,0,0.000,138.251,3.526,0,0,2,0,7
PPG,3,104157,4167831552,128,74306,82438,82251.555,186.445,230.188,0,0,0,0,66.67,66.67,0,0,0,100.00,0,0,24,1,1,29,29,0,0,0,4169119790,0.03516,0.00659,0.94897,0.94965,-0.00558,0.00052,-0.00221,0.00603,0.95295,0.00745,0.00603,3,12116,0,6834,0.30051,0.13164,0.43806,100,1,99.049,107,1,3,4308,187491,0,0,0.000,30.762,7.860,0,0.000,138.251,3.526,0,0,2,0,7
PPG,3,104158,4167871552,183,74341,82474,82253.781,220.219,222.008,0,0,0,0,66.67,66.67,0,0,0,100.00,0,0,24,1,1,30,30,0,0,0,4169158825,0.03931,0.00391,0.95093,0.95175,-0.00558,-0.00001,-0.00114,0.00570,0.95632,0.00558,0.00688,3,12116,0,6834,0.30051,0.13164,0.43806,100,1,99.049,107,1,3,2599,187491,0,0,0.000,30.762,7.860,0,0.000,138.251,3.526,0,0,2,0,7
PPG,3,104159,4167911552,128,74362,82517,82256.414,260.586,203.242,0,0,0,0,66.67,66.67,0,0,0,100.00,0,0,24,1,1,31,31,0,0,0,4169200522,0.03589,0.00586,0.94873,0.94943,-0.00585,-0.00081,-0.00141,0.00607,0.95463,0.00521,0.00607,3,12185,0,6834,0.30051,0.13164,0.43806,100,1,99.049,107,1,3,4296,187491,0,0,0.000,30.762,7.860,0,0.000,138.251,3.526,0,0,2,0,7
PPG,3,104160,4167951552,126,74373,82536,82259.211,276.789,181.570,0,0,0,0,66.67,66.67,0,0,0,100.00,0,0,24,1,1,0,0,0,0,0,4169239488,0.03687,0.00708,0.95776,0.95850,-0.00638,-0.00108,-0.00194,0.00676,0.95850,0.00940,0.00676,3,12111,0,6834,0.30051,0.13164,0.43806,100,1,99.049,107,1,3,4295,187491,0,0,0.000,30.762,7.860,0,0.000,138.251,3.526,0,0,2,0,7
PPG,3,104161,4167991552,132,74301,82316,82259.781,56.219,143.938,0,0,0,0,66.67,66.67,0,0,0,100.00,0,0,24,1,1,1,1,0,0,0,4169278430,0.03906,0.00708,0.94922,0.95005,-0.00505,-0.00135,-0.00141,0.00541,0.95166,0.00746,0.00647,3,12115,0,6834,0.30051,0.13164,0.43806,100,1,99.049,107,1,3,2595,187491,0,0,0.000,30.762,7.860,0,0.000,138.251,3.526,0,0,2,0,7
PPG,3,104162,4168031552,127,74185,82033,82257.516,-224.516,83.539,0,0,0,0,66.67,66.67,0,0,0,100.00,0,0,24,1,1,2,2,0,0,0,4169320177,0.04028,0.00293,0.95264,0.95349,-0.00612,-0.00108,-0.00194,0.00651,0.95422,0.00498,0.00651,3,12125,0,6834,0.30051,0.13164,0.43806,100,1,99.049,107,1,3,4304,187491,0,0,0.000,30.762,7.860,0,0.000,138.251,3.526,0,0,2,0,7
PPG,3,104163,4168071552,130,74175,81969,82254.633,-285.633,16.188,0,0,0,0,66.67,66.67,0,0,0,100.00,0,0,24,1,1,3,3,0,0,0,4169359153,0.04199,0.00757,0.95313,0.95408,-0.00585,-0.00135,-0.00167,0.00623,0.95816,0.00847,0.00628,3,12118,0,6834,0.30051,0.13164,0.43806,100,1,99.049,107,1,3,4304,187491,0,0,0.000,30.762,7.860,0,0.000,138.251,3.526,0,0,2,0,7
PPG,3,104164,4168111552,128,74187,82007,82252.156,-245.156,-41.781,0,0,0,0,66.67,66.67,0,0,0,100.00,0,0,24,1,1,4,4,0,0,0,4169398193,0.03906,0.00684,0.94873,0.94956,-0.00638,-0.00108,-0.00141,0.00663,0.94956,0.00583,0.00676,3,12147,0,6834,0.30051,0.13164,0.43806,100,1,99.049,107,1,3,2625,187491,0,0,0.000,30.762,7.860,0,0.000,138.251,3.526,0,0,2,0,7
PPG,3,104165,4168151552,150,74188,82055,82250.188,-195.188,-99.188,1,0,1,800,68.18,68.18,0,0,0,100.00,0,0,24,1,1,5,5,0,0,0,4169439768,0.03735,0.00415,0.95337,0.95411,-0.00585,-0.00081,-0.00141,0.00607,0.95411,0.00491,0.00662,3,12118,0,6834,0.30051,0.13164,0.43806,100,1,99.049,107,1,3,4300,187491,0,0,109.711,30.762,7.860,1,402.961,138.251,3.526,1,1,2,0,8
PPG,3,104166,4168191552,127,74205,82114,82248.828,-134.828,-157.859,0,0,0,0,68.18,68.18,0,0,0,100.00,0,0,24,1,1,6,6,0,0,0,4169478882,0.03662,0.00562,0.94922,0.94994,-0.00558,-0.00108,-0.00194,0.00601,0.95446,0.00334,0.00660,3,12125,0,6834,0.30051,0.13164,0.43806,100,1,99.049,107,1,3,2595,187491,0,0,0.000,30.322,7.476,0,0.000,138.065,3.496,0,0,2,0,8
PPG,3,104167,4168231552,128,74230,82173,82248.070,-75.070,-211.859,0,0,0,0,68.18,68.18,0,0,0,100.00,0,0,24,1,1,7,7,0,0,0,4169520707,0.03882,0.00952,0.95117,0.95201,-0.00665,-0.00135,-0.00141,0.00693,0.95201,0.00153,0.00693,3,12282,0,6834,0.30051,0.13164,0.43806,100,1,99.049,107,1,3,4335,187491,0,0,0.000,30.322,7.476,0,0.000,138.065,3.496,0,0,2,0,8
PPG,3,104168,4168271552,124,74248,82190,82247.492,-57.492,-227.508,0,0,0,0,68.18,68.18,0,0,0,100.00,0,0,24,1,1,8,8,0,0,0,4169562604,0.03711,0.00488,0.95044,0.95118,-0.00638,-0.00028,-0.00194,0.00668,0.95454,0.00512,0.00732,3,12138,0,6834,0.30051,0.13164,0.43806,100,1,99.049,107,1,3,2598,187491,0,0,0.000,30.322,7.476,0,0.000,138.065,3.496,0,0,2,0,8
PPG,3,104169,4168311552,529,74235,82161,82246.625,-85.625,-201.281,0,0,0,0,68.18,68.18,0,0,0,100.00,0,1,24,1,1,9,9,0,0,0,4169598945,0.03931,0.00513,0.95264,0.95346,-0.00692,-0.00188,-0.00141,0.00730,0.95451,0.00476,0.00731,3,12124,0,6834,0.25172,0.09755,0.38752,100,1,100.312,93,1,3,2596,187491,0,0,0.000,30.322,7.476,0,0.000,138.065,3.496,0,0,2,0,8
PPG,3,104170,4168351552,180,74242,82181,82245.969,-64.969,-160.289,0,0,0,0,68.18,68.18,0,0,0,100.00,0,1,24,1,1,10,10,0,0,0,4169641070,0.03369,0.00415,0.95801,0.95861,-0.00585,-0.00055,-0.00221,0.00628,0.95861,0.00503,0.00634,3,12185,0,6834,0.25172,0.09755,0.38752,100,1,100.312,93,1,3,4319,187491,0,0,0.000,30.322,7.476,0,0.000,138.065,3.496,0,0,2,0,8
PPG,3,104171,4168391552,127,74261,82254,82246.047,7.953,-116.711,0,0,0,0,68.18,68.18,0,0,0,100.00,0,1,24,1,1,11,11,0,0,0,4169680240,0.03979,0.00781,0.95288,0.95374,-0.00532,0.00025,-0.00167,0.00558,0.95533,0.00360,0.00693,3,12278,0,6834,0.25172,0.09755,0.38752,100,1,100.312,93,1,3,4301,187491,0,0,0.000,30.322,7.476,0,0.000,138.065,3.496,0,0,2,0,8
PPG,3,104172,4168431552,126,74306,82322,82246.805,75.195,-73.461,0,0,0,0,68.18,68.18,0,0,0,100.00,0,1,24,1,1,12,12,0,0,0,4169719259,0.03589,0.00513,0.95190,0.95259,-0.00532,-0.00081,-0.00087,0.00545,0.95480,0.00722,0.00738,3,12172,0,6834,0.25172,0.09755,0.38752,100,1,100.312,93,1,3,4317,187491,0,0,0.000,30.322,7.476,0,0.000,138.065,3.496,0,0,2,0,8
PPG,3,104173,4168471552,128,74318,82383,82248.164,134.836,-32.438,0,0,0,0,68.18,68.18,0,0,0,100.00,0,1,24,1,1,13,13,0,0,0,4169758580,0.03857,0.00781,0.95361,0.95443,-0.00532,-0.00081,-0.00194,0.00572,0.95443,0.00373,0.00572,3,12266,0,6834,0.25172,0.09755,0.38752,100,1,100.312,93,1,3,2629,187491,0,0,0.000,30.322,7.476,0,0.000,138.065,3.496,0,0,2,0,8
PPG,3,104174,4168511552,128,74322,82399,82249.672,149.328,1.047,0,0,0,0,68.18,68.18,0,0,0,100.00,0,1,24,1,1,14,14,0,0,0,4169800632,0.04028,0.00659,0.95239,0.95327,-0.00532,-0.00055,-0.00167,0.00560,0.95327,0.00572,0.00665,3,12277,0,6834,0.25172,0.09755,0.38752,100,1,100.312,93,1,3,4339,187491,0,0,0.000,30.322,7.476,0,0.000,138.065,3.496,0,0,2,0,8
PPG,3,104175,4168551552,147,74336,82444,82251.617,192.383,36.039,0,0,0,0,68.18,68.18,0,0,0,100.00,0,1,24,1,1,15,15,0,0,0,4169839910,0.03760,0.00879,0.95557,0.95635,-0.00585,-0.00081,-0.00274,0.00651,0.95635,0.00497,0.00662,3,12245,0,6834,0.25172,0.09755,0.38752,100,1,100.312,93,1,3,4328,187491,0,0,0.000,30.322,7.476,0,0.000,138.065,3.496,0,0,2,0,8
PPG,3,104176,4168591552,127,74348,82473,82253.828,219.172,78.906,0,0,0,0,68.18,68.18,0,0,0,100.00,0,1,24,1,1,16,16,0,0,0,4169879299,0.03833,0.00659,0.94946,0.95026,-0.00399,-0.00028,-0.00114,0.00415,0.95026,0.00628,0.00607,3,12263,0,6834,0.25172,0.09755,0.38752,100,1,100.312,93,1,3,4358,187491,0,0,0.000,30.322,7.476,0,0.000,138.065,3.496,0,0,2,0,8
PPG,3,104177,4168631552,128,74347,82483,82256.117,226.883,119.797,0,0,0,0,68.18,68.18,0,0,0,100.00,0,1,24,1,1,17,17,0,0,0,4169918695,0.03784,0.00293,0.95605,0.95681,-0.00532,-0.00161,-0.00087,0.00563,0.95681,0.00475,0.00605,3,12290,0,6834,0.25172,0.09755,0.38752,100,1,100.312,93,1,3,2641,187491,0,0,0.000,30.322,7.476,0,0.000,138.065,3.496,0,0,2,0,8
PPG,3,104178,4168671552,126,74345,82485,82258.406,226.594,152.250,0,0,0,0,68.18,68.18,0,0,0,100.00,0,1,24,1,1,18,18,0,0,0,4169960681,0.03931,0.00708,0.95532,0.95616,-0.00665,-0.00161,-0.00167,0.00704,0.95703,0.00213,0.00704,3,12269,0,6834,0.25172,0.09755,0.38752,100,1,100.312,93,1,3,4337,187491,0,0,0.000,30.322,7.476,0,0.000,138.065,3.496,0,0,2,0,8
PPG,3,104179,4168711552,133,74356,82510,82260.922,249.078,179.461,0,0,0,0,68.18,68.18,0,0,0,100.00,0,1,24,1,1,19,19,0,0,0,4169999922,0.03955,0.00171,0.95703,0.95785,-0.00612,-0.00081,-0.00221,0.00655,0.96067,0.01129,0.00678,3,12238,0,6834,0.25172,0.09755,0.38752,100,1,100.312,93,1,3,4321,187491,0,0,0.000,30.322,7.476,0,0.000,138.065,3.496,0,0,2,0,8
PPG,3,104180,4168751552,154,74369,82565,82263.961,301.039,204.008,0,0,0,0,68.18,68.18,0,0,0,100.00,0,1,24,1,1,20,20,0,0,0,4170046151,0.03955,0.00684,0.94971,0.95055,-0.00665,-0.00055,-0.00087,0.00673,0.95462,0.01114,0.00673,3,19130,0,6834,0.25172,0.09755,0.38752,100,1,100.312,93,1,3,14739,187491,0,0,0.000,30.322,7.476,0,0.000,138.065,3.496,0,0,2,0,8
PPG,3,104181,4168791552,146,74398,82610,82267.422,342.578,219.453,0,1,0,0,68.18,68.18,0,0,0,100.00,0,1,24,1,1,21,21,0,0,0,4170113413,0.03784,0.00317,0.94775,0.94851,-0.00745,-0.00081,-0.00194,0.00774,0.94851,0.00204,0.00774,1,67262,0,6839,0.25172,0.09755,0.38752,100,1,100.312,93,1,3,67103,187491,0,0,0.000,30.322,7.476,0,0.000,138.065,3.496,0,0,2,0,8
PPG,3,104182,4168831552,185,74377,82566,82270.406,295.594,210.227,0,0,0,0,68.18,68.18,0,0,0,100.00,0,1,24,1,1,22,22,0,0,0,4170125688,0.03882,0.00415,0.95068,0.95148,-0.00665,-0.00081,-0.00167,0.00691,0.95148,0.00297,0.00691,1,12275,0,6839,0.25172,0.09755,0.38752,100,1,100.312,93,1,3,12305,187491,0,0,0.000,30.322,7.476,0,0.000,138.065,3.496,0,0,2,0,8
PPG,3,104183,4168871552,130,74291,82289,82270.594,18.406,167.938,0,0,0,0,68.18,68.18,0,0,0,100.00,0,1,24,1,1,23,23,0,0,0,4170162443,0.03809,0.00439,0.94922,0.94999,-0.00585,-0.00081,-0.00141,0.00607,0.95402,0.00254,0.00699,3,12227,0,6839,0.25172,0.09755,0.38752,100,1,100.312,93,1,3,2622,187491,0,0,0.000,30.322,7.476,0,0.000,138.065,3.496,0,0,2,0,8
PPG,3,104184,4168911552,128,74207,82053,82268.414,-215.414,104.211,0,0,0,0,68.18,68.18,0,0,0,100.00,0,1,24,1,1,24,24,0,0,0,4170199168,0.03687,0.00757,0.95361,0.95436,-0.00505,-0.00081,-0.00087,0.00519,0.95436,0.00444,0.00597,3,12244,0,6839,0.25172,0.09755,0.38752,100,1,100.312,93,1,3,2626,187491,0,0,0.000,30.322,7.476,0,0.000,138.065,3.496,0,0,2,0,8
PPG,3,104185,4168951552,128,74195,82051,82266.242,-215.242,42.414,0,0,0,0,68.18,68.18,0,0,0,100.00,0,1,24,1,1,25,25,0,0,0,4170241106,0.03833,0.00659,0.94702,0.94782,-0.00638,-0.00055,-0.00167,0.00662,0.94782,0.00825,0.00662,3,12239,0,6839,0.25172,0.09755,0.38752,100,1,100.312,93,1,3,4334,187491,0,0,0.000,30.322,7.476,0,0.000,138.065,3.496,0,0,2,0,8
PPG,3,104186,4168991552,126,74205,82098,82264.562,-166.562,-15.641,0,0,0,0,68.18,68.18,0,0,0,100.00,0,1,24,1,1,26,26,0,0,0,4170280391,0.03296,0.00562,0.95117,0.95176,-0.00638,-0.00028,-0.00087,0.00645,0.95701,0.00919,0.00648,3,12246,0,6839,0.25172,0.09755,0.38752,100,1,100.312,93,1,3,4325,187491,0,0,0.000,30.322,7.476,0,0.000,138.065,3.496,0,0,2,0,8
PPG,3,104187,4169031552,130,74221,82134,82263.258,-129.258,-75.258,0,0,0,0,68.18,68.18,0,0,0,100.00,0,1,24,1,1,27,27,0,0,0,4170319774,0.03955,0.00830,0.95410,0.95496,-0.00585,-0.00135,-0.00061,0.00603,0.95496,0.00557,0.00603,3,12251,0,6839,0.25172,0.09755,0.38752,100,1,100.312,93,1,3,4335,187491,0,0,0.000,30.322,7.476,0,0.000,138.065,3.496,0,0,2,0,8
PPG,3,104188,4169071552,128,74240,82197,82262.594,-65.594,-134.609,0,0,0,0,68.18,68.18,0,0,0,100.00,0,1,24,1,1,28,28,0,0,0,4170359027,0.03735,0.00439,0.95044,0.95118,-0.00638,-0.00028,-0.00221,0.00676,0.95351,0.00575,0.00676,3,12114,0,6839,0.25172,0.09755,0.38752,100,1,100.312,93,1,3,2597,187491,0,0,0.000,30.322,7.476,0,0.000,138.065,3.496,0,0,2,0,8
PPG,3,104189,4169111552,152,74278,82263,82262.602,0.398,-183.000,1,0,1,960,66.67,66.67,0,0,0,100.00,0,1,24,1,1,29,29,0,0,0,4170400821,0.03491,0.00903,0.95605,0.95673,-0.00425,-0.00108,-0.00167,0.00470,0.95673,0.00482,0.00812,3,12128,0,6839,0.25172,0.09755,0.38752,100,1,100.312,93,1,3,4319,187491,0,0,153.633,30.322,7.476,1,446.961,138.065,3.496,1,1,2,0,8
PPG,3,104190,4169151552,127,74258,82237,82262.344,-25.344,-193.227,0,0,0,0,66.67,66.67,0,0,0,100.00,0,1,24,1,1,30,30,0,0,0,4170439946,0.03906,0.00049,0.94922,0.95002,-0.00532,-0.00108,-0.00167,0.00568,0.95532,0.00296,0.00568,3,12127,0,6839,0.25172,0.09755,0.38752,100,1,100.312,93,1,3,4299,187491,0,0,0.000,30.212,7.380,0,0.000,138.176,3.514,0,0,2,0,8
PPG,3,104191,4169191552,130,74270,82221,82261.930,-40.930,-167.578,0,0,0,0,66.67,66.67,0,0,0,100.00,0,1,24,1,1,31,31,0,0,0,4170478976,0.04199,0.00391,0.95288,0.95381,-0.00505,-0.00055,-0.00061,0.00512,0.95381,0.00717,0.00686,3,12207,0,6839,0.25172,0.09755,0.38752,100,1,100.312,93,1,3,2603,187491,0,0,0.000,30.212,7.380,0,0.000,138.176,3.514,0,0,2,0,8
PPG,3,104192,4169231552,129,74276,82239,82261.703,-22.703,-136.570,0,0,0,0,66.67,66.67,0,0,0,100.00,0,1,24,1,1,0,0,0,0,0,4170520516,0.03833,0.00122,0.95386,0.95463,-0.00558,-0.00081,-0.00034,0.00565,0.95463,0.01262,0.00565,3,12109,0,6839,0.25172,0.09755,0.38752,100,1,100.312,93,1,3,4325,187491,0,0,0.000,30.212,7.380,0,0.000,138.176,3.514,0,0,2,0,8
PPG,3,104193,4169271552,133,74297,82303,82262.117,40.883,-103.289,0,0,0,0,66.67,66.67,0,0,0,100.00,0,1,24,1,1,1,1,0,0,0,4170559509,0.03711,0.00635,0.94995,0.95070,-0.00585,-0.00135,-0.00167,0.00623,0.95070,0.00397,0.00662,3,12112,0,6839,0.25172,0.09755,0.38752,100,1,100.312,93,1,3,2604,187491,0,0,0.000,30.212,7.380,0,0.000,138.176,3.514,0,0,2,0,8
PPG,3,104194,4169311552,525,74333,82350,82262.992,87.008,-69.977,0,0,0,0,66.67,66.67,0,0,0,100.00,0,0,24,1,1,2,2,0,0,0,4170601054,0.04053,0.00562,0.94849,0.94937,-0.00612,0.00052,-0.00247,0.00662,0.94937,0.00266,0.00662,3,12115,0,6839,0.26083,0.10045,0.38514,100,1,100.372,88,1,3,4310,187491,0,0,0.000,30.212,7.380,0,0.000,138.176,3.514,0,0,2,0,8
PPG,3,104195,4169351552,179,74344,82404,82264.398,139.602,-38.406,0,0,0,0,66.67,66.67,0,0,0,100.00,0,0,24,1,1,3,3,0,0,0,4170640516,0.03955,0.01001,0.95068,0.95156,-0.00558,-0.00055,-0.00087,0.00568,0.95440,0.00503,0.00677,3,12148,0,6839,0.26083,0.10045,0.38514,100,1,100.372,88,1,3,4297,187491,0,0,0.000,30.212,7.380,0,0.000,138.176,3.514,0,0,2,0,8
PPG,3,104196,4169391552,132,74353,82434,82266.094,167.906,-12.031,0,0,0,0,66.67,66.67,0,0,0,100.00,0,0,24,1,1,4,4,0,0,0,4170679527,0.03955,0.00781,0.94702,0.94788,-0.00612,-0.00055,-0.00087,0.00620,0.95524,0.00450,0.00647,3,12108,0,6839,0.26083,0.10045,0.38514,100,1,100.372,88,1,3,2597,187491,0,0,0.000,30.212,7.380,0,0.000,138.176,3.514,0,0,2,0,8
PPG,3,104197,4169431552,191,74359,82467,82268.102,198.898,21.633,0,0,0,0,66.67,66.67,0,0,0,100.00,0,0,24,1,1,5,5,0,0,0,4170721059,0.04077,0.00708,0.95386,0.95475,-0.00558,-0.00055,-0.00221,0.00603,0.95475,0.00581,0.00671,3,12119,0,6839,0.26083,0.10045,0.38514,100,1,100.372,88,1,3,4313,187491,0,0,0.000,30.212,7.380,0,0.000,138.176,3.514,0,0,2,0,8
PPG,3,104198,4169471552,129,74370,82500,82270.422,229.578,60.742,0,0,0,0,66.67,66.67,0,0,0,100.00,0,0,24,1,1,6,6,0,0,0,4170760190,0.03857,0.01050,0.95581,0.95665,-0.00505,-0.00028,-0.00221,0.00552,0.95665,0.00861,0.00724,3,12129,0,6839,0.26083,0.10045,0.38514,100,1,100.372,88,1,3,4297,187491,0,0,0.000,30.212,7.380,0,0.000,138.176,3.514,0,0,2,0,8
PPG,3,104199,4169511552,130,74384,82538,82273.094,264.906,102.047,0,0,0,0,66.67,66.67,0,0,0,100.00,0,0,24,1,1,7,7,0,0,0,4170799153,0.03711,0.00781,0.94287,0.94363,-0.00665,-0.00055,-0.00194,0.00695,0.95482,0.00881,0.00695,3,12122,0,6839,0.26083,0.10045,0.38514,100,1,100.372,88,1,3,2622,187491,0,0,0.000,30.212,7.380,0,0.000,138.176,3.514,0,0,2,0,8
PPG,3,104200,4169551552,129,74382,82538,82275.742,262.258,136.969,0,0,0,0,66.67,66.67,0,0,0,100.00,0,0,24,1,1,8,8,0,0,0,4170840797,0.03882,0.00879,0.95630,0.95713,-0.00532,-0.00028,-0.00167,0.00558,0.95713,0.00726,0.00573,3,12187,0,6839,0.26083,0.10045,0.38514,100,1,100.372,88,1,3,4327,187491,0,0,0.000,30.212,7.380,0,0.000,138.176,3.514,0,0,2,0,8
PPG,3,104201,4169591552,130,74368,82548,82278.461,269.539,168.359,0,0,0,0,66.67,66.67,0,0,0,100.00,0,0,24,1,1,9,9,0,0,0,4170879776,0.03735,0.00586,0.95044,0.95119,-0.00532,-0.00081,-0.00194,0.00572,0.95245,0.00477,0.00616,3,12122,0,6839,0.26083,0.10045,0.38514,100,1,100.372,88,1,3,4305,187491,0,0,0.000,30.212,7.380,0,0.000,138.176,3.514,0,0,2,0,8
PPG,3,104202,4169631552,129,74372,82566,82281.336,284.664,191.500,0,0,0,0,66.67,66.67,0,0,0,100.00,0,0,24,1,1,10,10,0,0,0,4170918742,0.03711,0.00415,0.95117,0.95190,-0.00638,-0.00028,-0.00114,0.00649,0.95300,0.00204,0.00649,3,12124,0,6839,0.26083,0.10045,0.38514,100,1,100.372,88,1,3,2608,187491,0,0,0.000,30.212,7.380,0,0.000,138.176,3.514,0,0,2,0,8
PPG,3,104203,4169671552,132,74387,82589,82284.414,304.586,198.641,0,1,0,0,66.67,66.67,0,0,0,100.00,0,0,24,1,1,11,11,0,0,0,4170960341,0.03955,0.00879,0.95264,0.95350,-0.00612,-0.00028,-0.00167,0.00635,0.95410,0.00228,0.00635,3,12123,0,6839,0.26083,0.10045,0.38514,100,1,100.372,88,1,3,4300,187491,0,0,0.000,30.212,7.380,0,0.000,138.176,3.514,0,0,2,0,8
PPG,3,104204,4169711552,196,74372,82567,82287.242,279.758,187.227,0,0,0,0,66.67,66.67,0,0,0,100.00,0,0,24,1,1,12,12,0,0,0,4170999340,0.04224,0.00781,0.96045,0.96141,-0.00558,-0.00028,-0.00141,0.00577,0.96141,0.00632,0.00577,3,12114,0,6839,0.26083,0.10045,0.38514,100,1,100.372,88,1,3,2607,187491,0,0,0.000,30.212,7.380,0,0.000,138.176,3.514,0,0,2,0,8
PPG,3,104205,4169751552,137,74271,82266,82287.031,-21.031,143.047,0,0,0,0,66.67,66.67,0,0,0,100.00,0,0,24,1,1,13,13,0,0,0,4171047853,0.03662,0.00806,0.94434,0.94508,-0.00585,-0.00001,-0.00167,0.00609,0.95916,0.00718,0.00609,3,19007,0,6839,0.26083,0.10045,0.38514,100,1,100.372,88,1,3,14648,187491,0,0,0.000,30.212,7.380,0,0.000,138.176,3.514,0,0,2,0,8
PPG,3,104206,4169791552,130,74184,81997,82284.133,-287.133,70.812,0,0,0,0,66.67,66.67,0,0,0,100.00,0,0,24,1,1,14,14,0,0,0,4171084306,0.04077,0.00537,0.94873,0.94962,-0.00532,-0.00135,-0.00141,0.00566,0.95480,0.00618,0.00618,3,12122,0,6839,0.26083,0.10045,0.38514,100,1,100.372,88,1,3,2586,187491,0,0,0.000,30.212,7.380,0,0.000,138.176,3.514,0,0,2,0,8
PPG,3,104207,4169831552,132,74189,81962,82280.914,-318.914,-2.867,0,0,0,0,66.67,66.67,0,0,0,100.00,0,0,24,1,1,15,15,0,0,0,4171120741,0.03784,0.00342,0.95020,0.95095,-0.00505,-0.00055,-0.00034,0.00509,0.95893,0.00931,0.00654,3,12123,0,6839,0.26083,0.10045,0.38514,100,1,100.372,88,1,3,4301,187491,0,0,0.000,30.212,7.380,0,0.000,138.176,3.514,0,0,2,0,8
PPG,3,104208,4169871552,130,74190,81981,82277.914,-296.914,-73.070,0,0,0,0,66.67,66.67,0,0,0,100.00,0,0,24,1,1,16,16,0,0,0,4171159782,0.03613,0.00684,0.95239,0.95310,-0.00638,-0.00135,-0.00194,0.00681,0.95310,0.00235,0.00681,3,12119,0,6839,0.26083,0.10045,0.38514,100,1,100.372,88,1,3,4306,187491,0,0,0.000,30.212,7.380,0,0.000,138.176,3.514,0,0,2,0,8
PPG,3,104209,4169911552,132,74206,82030,82275.438,-245.438,-137.992,0,0,0,0,66.67,66.67,0,0,0,100.00,0,0,24,1,1,17,17,0,0,0,4171198761,0.03979,0.00732,0.94629,0.94715,-0.00585,-0.00055,-0.00167,0.00611,0.95299,0.00609,0.00673,3,12123,0,6839,0.26083,0.10045,0.38514,100,1,100.372,88,1,3,2601,187491,0,0,0.000,30.212,7.380,0,0.000,138.176,3.514,0,0,2,0,8
PPG,3,104210,4169951552,129,74237,82113,82273.812,-160.812,-199.789,0,0,0,0,66.67,66.67,0,0,0,100.00,0,0,24,1,1,18,18,0,0,0,4171240413,0.03687,0.00513,0.94824,0.94897,-0.00452,-0.00055,-0.00167,0.00485,0.95302,0.00587,0.00606,3,12120,0,6839,0.26083,0.10045,0.38514,100,1,100.372,88,1,3,4296,187491,0,0,0.000,30.212,7.380,0,0.000,138.176,3.514,0,0,2,0,8
PPG,3,104211,4169991552,156,74251,82177,82272.844,-95.844,-253.312,1,0,1,880,68.18,68.18,0,0,0,100.00,0,0,24,1,1,19,19,0,0,0,4171279509,0.03784,0.00391,0.95435,0.95510,-0.00505,0.00025,-0.00221,0.00552,0.95510,0.00765,0.00552,3,12119,0,6839,0.26083,0.10045,0.38514,100,1,100.372,88,1,3,2598,187491,0,0,139.375,30.212,7.380,1,391.867,138.176,3.514,1,1,2,0,8
PPG,3,104212,4170031552,130,74242,82171,82271.828,-100.828,-263.477,0,0,0,0,68.18,68.18,0,0,0,100.00,0,0,24,1,1,20,20,0,0,0,4171321184,0.03711,0.00684,0.95654,0.95729,-0.00612,0.00052,-0.00141,0.00630,0.95737,0.00691,0.00695,3,12125,0,6839,0.26083,0.10045,0.38514,100,1,100.372,88,1,3,4304,187491,0,0,0.000,30.027,7.218,0,0.000,137.930,3.474,0,0,2,0,8
PPG,3,104213,4170071552,130,74273,82177,82270.883,-93.883,-231.461,0,0,0,0,68.18,68.18,0,0,0,100.00,0,0,24,1,1,21,21,0,0,0,4171360193,0.03931,0.00537,0.94800,0.94883,-0.00558,0.00079,-0.00167,0.00588,0.95650,0.00805,0.00665,3,12141,0,6839,0.26083,0.10045,0.38514,100,1,100.372,88,1,3,4297,187491,0,0,0.000,30.027,7.218,0,0.000,137.930,3.474,0,0,2,0,8
PPG,3,104214,4170111552,128,74267,82199,82270.164,-71.164,-190.062,0,0,0,0,68.18,68.18,0,0,0,100.00,0,0,24,1,1,22,22,0,0,0,4171399159,0.03906,0.00659,0.95361,0.95444,-0.00665,-0.00055,-0.00167,0.00688,0.95663,0.00510,0.00688,3,12122,0,6839,0.26083,0.10045,0.38514,100,1,100.372,88,1,3,2620,187491,0,0,0.000,30.027,7.218,0,0.000,137.930,3.474,0,0,2,0,8
PPG,3,104215,4170151552,131,74296,82245,82269.914,-24.914,-144.391,0,0,0,0,68.18,68.18,0,0,0,100.00,0,0,24,1,1,23,23,0,0,0,4171440794,0.03833,0.00977,0.94482,0.94565,-0.00558,-0.00001,-0.00167,0.00583,0.95271,0.00706,0.00633,3,12131,0,6839,0.26083,0.10045,0.38514,100,1,100.372,88,1,3,4317,187491,0,0,0.000,30.027,7.218,0,0.000,137.930,3.474,0,0,2,0,8
PPG,3,104216,4170191552,129,74321,82310,82270.312,39.688,-98.188,0,0,0,0,68.18,68.18,0,0,0,100.00,0,0,24,1,1,24,24,0,0,0,4171480140,0.03882,0.00659,0.94995,0.95077,-0.00479,-0.00028,-0.00061,0.00483,0.95265,0.00699,0.00695,3,12182,0,6839,0.26083,0.10045,0.38514,100,1,100.372,88,1,3,4299,187491,0,0,0.000,30.027,7.218,0,0.000,137.930,3.474,0,0,2,0,8
PPG,3,104217,4170231552,130,74348,82370,82271.312,98.688,-56.633,0,0,0,0,68.18,68.18,0,0,0,100.00,0,0,24,1,1,25,25,0,0,0,4171519376,0.03784,0.00879,0.95044,0.95123,-0.00585,0.00052,-0.00007,0.00587,0.95829,0.00905,0.00648,3,12112,0,6839,0.26083,0.10045,0.38514,100,1,100.372,88,1,3,2595,187491,0,0,0.000,30.027,7.218,0,0.000,137.930,3.474,0,0,2,0,8
PPG,3,104218,4170271552,133,74371,82428,82272.883,155.117,-17.172,0,0,0,0,68.18,68.18,0,0,0,100.00,0,0,24,1,1,26,26,0,0,0,4171561006,0.03931,0.00586,0.94678,0.94761,-0.00585,-0.00028,-0.00034,0.00587,0.95308,0.00459,0.00617,3,12122,0,6839,0.26083,0.10045,0.38514,100,1,100.372,88,1,3,4295,187491,0,0,0.000,30.027,7.218,0,0.000,137.930,3.474,0,0,2,0,8
PPG,3,104219,4170311552,566,74390,82443,82274.586,168.414,26.438,0,0,0,0,68.18,68.18,0,0,0,100.00,0,1,24,1,1,27,27,0,0,0,4171599964,0.04028,0.00757,0.95093,0.95181,-0.00612,-0.00135,-0.00194,0.00656,0.95196,0.00572,0.00656,3,12118,0,6839,0.23613,0.09175,0.38858,100,1,100.286,68,1,3,4299,187491,0,0,0.000,30.027,7.218,0,0.000,137.930,3.474,0,0,2,0,8
PPG,3,104220,4170351552,232,74403,82460,82276.438,183.562,70.758,0,0,0,0,68.18,68.18,0,0,0,100.00,0,1,24,1,1,28,28,0,0,0,4171639629,0.03467,0.00244,0.94849,0.94912,-0.00558,-0.00108,-0.00141,0.00586,0.95340,0.00283,0.00688,3,12133,0,6839,0.23613,0.09175,0.38858,100,1,100.286,68,1,3,2642,187491,0,0,0.000,30.027,7.218,0,0.000,137.930,3.474,0,0,2,0,8
PPG,3,104221,4170391552,137,74368,82457,82278.242,178.758,112.172,0,0,0,0,68.18,68.18,0,0,0,100.00,0,1,24,1,1,29,29,0,0,0,4171681985,0.03784,0.00684,0.95117,0.95195,-0.00585,-0.00108,-0.00141,0.00611,0.95195,0.00648,0.00628,3,12251,0,6839,0.23613,0.09175,0.38858,100,1,100.286,68,1,3,4334,187491,0,0,0.000,30.027,7.218,0,0.000,137.930,3.474,0,0,2,0,8
PPG,3,104222,4170431552,127,74371,82458,82280.039,177.961,148.000,0,0,0,0,68.18,68.18,0,0,0,100.00,0,1,24,1,1,30,30,0,0,0,4171721323,0.03979,-0.00024,0.94629,0.94713,-0.00585,0.00052,-0.00114,0.00598,0.95272,0.00560,0.00627,3,12257,0,6839,0.23613,0.09175,0.38858,100,1,100.286,68,1,3,4344,187491,0,0,0.000,30.027,7.218,0,0.000,137.930,3.474,0,0,2,0,8
PPG,3,104223,4170471552,129,74383,82474,82281.977,192.023,177.180,0,0,0,0,68.18,68.18,0,0,0,100.00,0,1,24,1,1,31,31,0,0,0,4171760582,0.03833,0.00732,0.95386,0.95466,-0.00638,-0.00028,-0.00194,0.00668,0.95883,0.01171,0.00668,3,12261,0,6839,0.23613,0.09175,0.38858,100,1,100.286,68,1,3,4326,187491,0,0,0.000,30.027,7.218,0,0.000,137.930,3.474,0,0,2,0,8
PPG,3,104224,4170511552,129,74414,82513,82284.289,228.711,200.312,0,0,0,0,68.18,68.18,0,0,0,100.00,0,1,24,1,1,0,0,0,0,0,4171799958,0.03979,0.00562,0.94702,0.94787,-0.00612,-0.00135,-0.00167,0.00648,0.95286,0.00499,0.00718,3,12263,0,6839,0.23613,0.09175,0.38858,100,1,100.286,68,1,3,2637,187491,0,0,0.000,30.027,7.218,0,0.000,137.930,3.474,0,0,2,0,8
PPG,3,104225,4170551552,176,74416,82528,82286.727,241.273,201.492,0,0,0,0,68.18,68.18,0,0,0,100.00,0,1,24,1,1,1,1,0,0,0,4171841944,0.03931,0.00610,0.95239,0.95322,-0.00612,-0.00108,-0.00167,0.00643,0.95777,0.00655,0.00656,3,12256,0,6839,0.23613,0.09175,0.38858,100,1,100.286,68,1,3,4334,187491,0,0,0.000,30.027,7.218,0,0.000,137.930,3.474,0,0,2,0,8
PPG,3,104226,4170591552,164,74397,82535,82289.211,245.789,187.742,0,0,0,0,68.18,68.18,0,0,0,100.00,0,1,24,1,1,2,2,0,0,0,4171881325,0.03564,0.00708,0.94971,0.95040,-0.00532,-0.00135,-0.00141,0.00566,0.95040,0.00345,0.00662,3,12244,0,6839,0.23613,0.09175,0.38858,100,1,100.286,68,1,3,4341,187491,0,0,0.000,30.027,7.218,0,0.000,137.930,3.474,0,0,2,0,8
PPG,3,104227,4170631552,131,74368,82349,82289.812,59.188,152.531,0,1,0,0,68.18,68.18,0,0,0,100.00,0,1,24,1,1,3,3,0,0,0,4171920619,0.03955,0.00708,0.94678,0.94763,-0.00532,-0.00055,-0.00087,0.00542,0.95353,0.00313,0.00563,3,12242,0,6839,0.23613,0.09175,0.38858,100,1,100.286,68,1,3,4326,187491,0,0,0.000,30.027,7.218,0,0.000,137.930,3.474,0,0,2,0,8
PPG,3,104228,4170671552,146,74272,82046,82287.375,-241.375,90.562,0,0,0,0,68.18,68.18,0,0,0,100.00,0,1,24,1,1,4,4,0,0,0,4171960083,0.03589,0.00464,0.95459,0.95528,-0.00479,0.00052,-0.00221,0.00529,0.95766,0.00828,0.00621,3,12276,0,6839,0.23613,0.09175,0.38858,100,1,100.286,68,1,3,4366,187491,0,0,0.000,30.027,7.218,0,0.000,137.930,3.474,0,0,2,0,8
PPG,3,104229,4170711552,130,74229,81870,82283.203,-413.203,14.562,0,0,0,0,68.18,68.18,0,0,0,100.00,0,1,24,1,1,5,5,0,0,0,4171999474,0.03809,0.00586,0.95166,0.95244,-0.00665,-0.00028,-0.00141,0.00680,0.95426,0.00580,0.00680,3,12207,0,6839,0.23613,0.09175,0.38858,100,1,100.286,68,1,3,2654,187491,0,0,0.000,30.027,7.218,0,0.000,137.930,3.474,0,0,2,0,8
PPG,3,104230,4170751552,137,74184,81787,82278.242,-491.242,-67.281,0,0,0,0,68.18,68.18,0,0,0,100.00,0,1,24,1,1,6,6,0,0,0,4172048195,0.03711,0.00684,0.95044,0.95119,-0.00558,0.00025,-0.00141,0.00576,0.95119,0.00542,0.00689,3,18978,0,6839,0.23613,0.09175,0.38858,100,1,100.286,68,1,3,14587,187491,0,0,0.000,30.027,7.218,0,0.000,137.930,3.474,0,0,2,0,8
PPG,3,104231,4170791552,131,74170,81777,82273.227,-496.227,-152.422,0,0,0,0,68.18,68.18,0,0,0,100.00,0,1,24,1,1,7,7,0,0,0,4172085064,0.03638,0.00757,0.95630,0.95702,-0.00532,0.00025,-0.00114,0.00544,0.95702,0.00557,0.00670,3,12228,0,6839,0.23613,0.09175,0.38858,100,1,100.286,68,1,3,2616,187491,0,0,0.000,30.027,7.218,0,0.000,137.930,3.474,0,0,2,0,8
PPG,3,104232,4170831552,134,74184,81775,82268.242,-493.242,-240.188,0,0,0,0,68.18,68.18,0,0,0,100.00,0,1,24,1,1,8,8,0,0,0,4172121693,0.03711,0.00684,0.94800,0.94875,-0.00505,0.00025,-0.00274,0.00575,0.95630,0.00412,0.00575,3,12230,0,6839,0.23613,0.09175,0.38858,100,1,100.286,68,1,3,4315,187491,0,0,177.367,30.027,7.218,1,0.000,137.930,3.474,0,0,2,0,8
PPG,3,104233,4170871552,251,74180,81762,82263.180,-501.180,-329.867,1,0,1,860,68.18,68.18,0,0,0,100.00,0,1,24,1,1,9,9,0,0,0,4172161051,0.03979,0.00488,0.95215,0.95299,-0.00558,-0.00028,-0.00087,0.00566,0.95582,0.00875,0.00578,3,12250,0,6839,0.23613,0.09175,0.38858,100,1,100.286,68,1,3,4374,187491,0,0,0.000,30.027,7.218,0,464.969,137.930,3.474,1,1,2,0,8
PPG,3,104234,4170911552,129,74159,81734,82257.891,-523.891,-394.477,0,0,0,0,68.18,68.18,0,0,0,100.00,0,1,24,1,1,10,10,0,0,0,4172200600,0.03711,0.00806,0.95581,0.95656,-0.00558,-0.00081,-0.00167,0.00589,0.95656,0.00582,0.00594,3,12229,0,6839,0.23613,0.09175,0.38858,100,1,100.286,68,1,3,4327,187491,0,0,0.000,30.102,7.284,0,0.000,138.171,3.513,0,0,2,0,8
PPG,3,104235,4170951552,131,74129,81684,82252.148,-568.148,-418.141,0,0,0,0,68.18,68.18,0,0,0,100.00,0,1,24,1,1,11,11,0,0,0,4172239911,0.03833,0.00781,0.95337,0.95417,-0.00558,-0.00108,-0.00141,0.00586,0.95417,0.00566,0.00609,3,12247,0,6839,0.23613,0.09175,0.38858,100,1,100.286,68,1,3,2618,187491,0,0,0.000,30.102,7.284,0,0.000,138.171,3.513,0,0,2,0,8
PPG,3,104236,4170991552,129,74099,81623,82245.859,-622.859,-419.078,0,0,0,0,68.18,68.18,0,0,0,100.00,0,1,24,1,1,12,12,0,0,0,4172281777,0.04102,0.00317,0.95215,0.95304,-0.00558,0.00025,-0.00087,0.00566,0.95859,0.00654,0.00630,3,12142,0,6839,0.23613,0.09175,0.38858,100,1,100.286,68,1,3,4305,187491,0,0,0.000,30.102,7.284,0,0.000,138.171,3.513,0,0,2,0,8
PPG,3,104237,4171031552,131,74052,81552,82238.922,-686.922,-411.750,0,0,0,0,68.18,68.18,0,0,0,100.00,0,1,24,1,1,13,13,0,0,0,4172320908,0.03687,0.00781,0.95190,0.95265,-0.00505,-0.00028,-0.00194,0.00542,0.95474,0.00724,0.00644,3,12116,0,6839,0.23613,0.09175,0.38858,100,1,100.286,68,1,3,4297,187491,0,0,0.000,30.102,7.284,0,0.000,138.171,3.513,0,0,2,0,8
PPG,3,104238,4171071552,129,74041,81577,82232.305,-655.305,-397.773,0,0,0,0,68.18,68.18,0,0,0,100.00,0,1,24,1,1,14,14,0,0,0,4172359878,0.03833,0.00366,0.95386,0.95463,-0.00612,-0.00135,-0.00141,0.00642,0.95666,0.00362,0.00642,3,12117,0,6839,0.23613,0.09175,0.38858,100,1,100.286,68,1,3,2595,187491,0,0,0.000,30.102,7.284,0,0.000,138.171,3.513,0,0,2,0,8
PPG,3,104239,4171111552,131,74061,81609,82226.070,-617.070,-379.789,0,0,0,0,68.18,68.18,0,0,0,100.00,0,1,24,1,1,15,15,0,0,0,4172401532,0.03467,0.00635,0.94482,0.94548,-0.00479,-0.00108,-0.00061,0.00494,0.95516,0.00968,0.00613,3,12106,0,6839,0.23613,0.09175,0.38858,100,1,100.286,68,1,3,4295,187491,0,0,0.000,30.102,7.284,0,0.000,138.171,3.513,0,0,2,0,8
PPG,3,104240,4171151552,130,74054,81620,82220.008,-600.008,-358.070,0,0,0,0,68.18,68.18,0,0,0,100.00,0,1,24,1,1,16,16,0,0,0,4172440481,0.03613,0.00903,0.95215,0.95288,-0.00585,-0.00161,-0.00167,0.00630,0.95288,0.00565,0.00630,3,12121,0,6839,0.23613,0.09175,0.38858,100,1,100.286,68,1,3,4295,187491,0,0,0.000,30.102,7.284,0,0.000,138.171,3.513,0,0,2,0,8
PPG,3,104241,4171191552,136,74068,81656,82214.367,-558.367,-329.164,0,0,0,0,68.18,68.18,0,0,0,100.00,0,1,24,1,1,17,17,0,0,0,4172479488,0.03687,0.00659,0.94946,0.95020,-0.00399,-0.00028,-0.00087,0.00409,0.95940,0.00942,0.00662,3,12168,0,6839,0.23613,0.09175,0.38858,100,1,100.286,68,1,3,2598,187491,0,0,0.000,30.102,7.284,0,0.000,138.171,3.513,0,0,2,0,8
PPG,3,104242,4171231552,133,74060,81672,82208.945,-536.945,-291.578,0,0,0,0,68.18,68.18,0,0,0,100.00,0,1,24,1,1,18,18,0,0,0,4172521035,0.03564,0.00854,0.94482,0.94553,-0.00585,-0.00055,-0.00141,0.00604,0.94927,0.00373,0.00604,3,12113,0,6839,0.23613,0.09175,0.38858,100,1,100.286,68,1,3,4299,187491,0,0,0.000,30.102,7.284,0,0.000,138.171,3.513,0,0,2,0,8
PPG,3,104243,4171271552,131,74055,81675,82203.609,-528.609,-244.203,0,0,0,0,68.18,68.18,0,0,0,100.00,0,1,24,1,1,19,19,0,0,0,4172559984,0.03467,0.00977,0.94922,0.94990,-0.00638,-0.00028,-0.00087,0.00645,0.95211,0.00657,0.00737,3,12123,0,6839,0.23613,0.09175,0.38858,100,1,100.286,68,1,3,2609,187491,0,0,0.000,30.102,7.284,0,0.000,138.171,3.513,0,0,2,0,8
PPG,3,104244,4171311552,522,74057,81683,82198.406,-515.406,-183.992,0,0,0,0,68.18,68.18,0,0,0,100.00,0,0,24,1,1,20,20,0,0,0,4172601560,0.03857,0.00586,0.94824,0.94904,-0.00692,-0.00001,-0.00274,0.00744,0.95314,0.00410,0.00777,3,12112,0,6839,0.34732,0.12954,0.37298,100,1,100.676,60,1,3,4294,187491,0,0,0.000,30.102,7.284,0,0.000,138.171,3.513,0,0,2,0,8
PPG,3,104245,4171351552,184,74077,81710,82193.523,-483.523,-124.086,0,0,0,0,68.18,68.18,0,0,0,100.00,0,0,24,1,1,21,21,0,0,0,4172640960,0.03906,0.00806,0.94653,0.94737,-0.00452,-0.00028,-0.00194,0.00493,0.95263,0.00526,0.00744,3,12124,0,6839,0.34732,0.12954,0.37298,100,1,100.676,60,1,3,4302,187491,0,0,0.000,30.102,7.284,0,0.000,138.171,3.513,0,0,2,0,8
PPG,3,104246,4171391552,130,74094,81741,82189.000,-448.000,-65.531,0,0,0,0,68.18,68.18,0,0,0,100.00,0,0,24,1,1,22,22,0,0,0,4172679999,0.03979,0.00635,0.94897,0.94983,-0.00532,-0.00001,-0.00007,0.00532,0.95531,0.00734,0.00570,3,12153,0,6839,0.34732,0.12954,0.37298,100,1,100.676,60,1,3,2597,187491,0,0,0.000,30.102,7.284,0,0.000,138.171,3.513,0,0,2,0,8
PPG,3,104247,4171431552,131,74083,81757,82184.680,-427.680,-16.359,0,0,0,0,68.18,68.18,0,0,0,100.00,0,0,24,1,1,23,23,0,0,0,4172721543,0.04077,0.01123,0.94995,0.95089,-0.00585,0.00052,-0.00221,0.00627,0.95327,0.00238,0.00648,3,12110,0,6839,0.34732,0.12954,0.37298,100,1,100.676,60,1,3,4294,187491,0,0,0.000,30.102,7.284,0,0.000,138.171,3.513,0,0,2,0,8
PPG,3,104248,4171471552,130,74105,81789,82180.727,-391.727,15.492,0,0,0,0,68.18,68.18,0,0,0,100.00,0,0,24,1,1,24,24,0,0,0,4172760487,0.03564,0.00684,0.95508,0.95577,-0.00558,-0.00055,-0.00247,0.00613,0.95577,0.00665,0.00613,3,12112,0,6839,0.34732,0.12954,0.37298,100,1,100.676,60,1,3,4294,187491,0,0,0.000,30.102,7.284,0,0.000,138.171,3.513,0,0,2,0,8
PPG,3,104249,4171511552,130,74107,81752,82176.438,-424.438,32.820,0,0,0,0,68.18,68.18,0,0,0,100.00,0,0,24,1,1,25,25,0,0,0,4172799740,0.04004,0.00635,0.95898,0.95984,-0.00638,-0.00028,-0.00061,0.00642,0.95984,0.00756,0.00642,3,12289,0,6839,0.34732,0.12954,0.37298,100,1,100.676,60,1,3,2620,187491,0,0,0.000,30.102,7.284,0,0.000,138.171,3.513,0,0,2,0,8
PPG,3,104250,4171551552,168,73990,81455,82169.227,-714.227,17.992,0,0,0,0,68.18,68.18,0,0,0,100.00,0,0,24,1,1,26,26,0,0,0,4172841547,0.03564,0.00879,0.95435,0.95505,-0.00532,0.00025,-0.00141,0.00551,0.95514,0.00834,0.00710,3,12180,0,6839,0.34732,0.12954,0.37298,100,1,100.676,60,1,3,4299,187491,0,0,0.000,30.102,7.284,0,0.000,138.171,3.513,0,0,2,0,8
PPG,3,104251,4171591552,167,73887,81199,82159.523,-960.523,-22.250,0,0,0,0,68.18,68.18,0,0,0,100.00,0,0,24,1,1,27,27,0,0,0,4172880536,0.03271,0.00562,0.94873,0.94931,-0.00612,0.00025,-0.00194,0.00642,0.95629,0.00698,0.00642,3,12114,0,6839,0.34732,0.12954,0.37298,100,1,100.676,60,1,3,4295,187491,0,0,0.000,30.102,7.284,0,0.000,138.171,3.513,0,0,2,0,8
PPG,3,104252,4171631552,127,73838,81082,82148.750,-1066.750,-77.312,0,0,0,0,68.18,68.18,0,0,0,100.00,0,0,24,1,1,28,28,0,0,0,4172919640,0.04102,0.01172,0.94922,0.95018,-0.00665,-0.00055,-0.00114,0.00677,0.95569,0.00787,0.00735,3,12137,0,6839,0.34732,0.12954,0.37298,100,1,100.676,60,1,3,2594,187491,0,0,0.000,30.102,7.284,0,0.000,138.171,3.513,0,0,2,0,8
PPG,3,104253,4171671552,130,73784,81008,82137.344,-1129.344,-144.328,0,0,0,0,68.18,68.18,0,0,0,100.00,0,0,24,1,1,29,29,0,0,0,4172961410,0.04004,0.00586,0.95068,0.95154,-0.00612,-0.00001,-0.00167,0.00634,0.95230,0.00423,0.00646,3,12122,0,6839,0.34732,0.12954,0.37298,100,1,100.676,60,1,3,4299,187491,0,0,0.000,30.102,7.284,0,0.000,138.171,3.513,0,0,2,0,8
PPG,3,104254,4171711552,130,73784,80963,82125.602,-1162.602,-219.211,0,0,0,0,68.18,68.18,0,0,0,100.00,0,0,24,1,1,30,30,0,0,0,4173000798,0.03516,0.00781,0.95435,0.95502,-0.00505,-0.00081,-0.00300,0.00593,0.95704,0.00304,0.00593,3,12230,0,6839,0.34732,0.12954,0.37298,100,1,100.676,60,1,3,4343,187491,0,0,0.000,30.102,7.284,0,0.000,138.171,3.513,0,0,2,0,8
PPG,3,104255,4171751552,142,73778,80985,82114.195,-1129.195,-299.109,0,0,0,0,68.18,68.18,0,0,0,100.00,0,0,24,1,1,31,31,0,0,0,4173049527,0.04053,0.00586,0.95044,0.95132,-0.00638,-0.00081,-0.00194,0.00672,0.95279,0.00376,0.00672,3,21674,0,6840,0.34732,0.12954,0.37298,100,1,100.676,60,1,3,14604,187491,0,0,0.000,30.102,7.284,0,0.000,138.171,3.513,0,0,2,0,8
PPG,3,104256,4171791552,128,73791,81001,82103.062,-1102.062,-375.297,0,0,0,0,68.18,68.18,0,0,0,100.00,0,0,24,1,1,0,0,0,0,0,4173086260,0.03638,0.00781,0.94995,0.95068,-0.00612,-0.00001,-0.00247,0.00660,0.95916,0.00784,0.00709,3,12266,0,6840,0.34732,0.12954,0.37298,100,1,100.676,60,1,3,2631,187491,0,0,0.000,30.102,7.284,0,0.000,138.171,3.513,0,0,2,0,8
PPG,3,104257,4171831552,158,73743,80925,82091.281,-1166.281,-419.664,1,0,0,0,68.18,68.18,0,0,0,100.00,0,0,24,1,1,1,1,0,0,0,4173123090,0.04053,0.00757,0.95313,0.95402,-0.00585,-0.00055,-0.00194,0.00619,0.95402,0.00300,0.00698,3,12275,0,6840,0.34732,0.12954,0.37298,100,1,100.676,60,1,3,4344,187491,0,0,0.000,30.102,7.284,0,451.898,138.171,3.513,1,0,2,0,8
PPG,3,104258,4171871552,151,73711,80829,82078.656,-1249.656,-435.117,0,0,1,1000,65.22,65.22,0,0,0,100.00,0,0,24,1,1,2,2,0,0,0,4173162463,0.03857,0.01001,0.94678,0.94762,-0.00558,-0.00001,-0.00141,0.00576,0.95539,0.00777,0.00651,3,12206,0,6840,0.34732,0.12954,0.37298,100,1,100.676,60,1,3,4334,187491,0,0,123.586,30.102,7.284,1,0.000,138.171,3.513,0,1,2,0,8
PPG,3,104259,4171911552,133,73687,80777,82065.641,-1288.641,-437.094,0,0,0,0,65.22,65.22,0,0,0,100.00,0,0,24,1,1,3,3,0,0,0,4173201883,0.03613,0.00610,0.94360,0.94431,-0.00558,0.00025,-0.00114,0.00571,0.95874,0.01443,0.00665,3,12255,0,6840,0.34732,0.12954,0.37298,100,1,100.676,60,1,3,4336,187491,0,0,0.000,29.832,7.048,0,0.000,138.300,3.534,0,0,2,0,8
PPG,3,104260,4171951552,129,73680,80783,82052.812,-1269.812,-427.391,0,0,0,0,65.22,65.22,0,0,0,100.00,0,0,24,1,1,4,4,0,0,0,4173241187,0.03857,0.00610,0.95239,0.95319,-0.00479,-0.00001,-0.00167,0.00507,0.95319,0.00859,0.00576,3,12242,0,6840,0.34732,0.12954,0.37298,100,1,100.676,60,1,3,4324,187491,0,0,0.000,29.832,7.048,0,0.000,138.300,3.534,0,0,2,0,8
PPG,3,104261,4171991552,138,73702,80821,82040.492,-1219.492,-405.922,0,0,0,0,65.22,65.22,0,0,0,100.00,0,0,24,1,1,5,5,0,0,0,4173280570,0.03906,0.00659,0.95386,0.95468,-0.00505,-0.00108,-0.00247,0.00573,0.95468,0.00593,0.00598,3,12240,0,6840,0.34732,0.12954,0.37298,100,1,100.676,60,1,3,2634,187491,0,0,0.000,29.832,7.048,0,0.000,138.300,3.534,0,0,2,0,8
PPG,3,104262,4172031552,128,73726,80846,82028.547,-1182.547,-384.477,0,0,0,0,65.22,65.22,0,0,0,100.00,0,0,24,1,1,6,6,0,0,0,4173322532,0.04053,0.01025,0.94751,0.94843,-0.00585,-0.00001,-0.00114,0.00596,0.95612,0.00769,0.00597,3,12207,0,6840,0.34732,0.12954,0.37298,100,1,100.676,60,1,3,4315,187491,0,0,0.000,29.832,7.048,0,0.000,138.300,3.534,0,0,2,0,8
PPG,3,104263,4172071552,130,73724,80857,82016.828,-1159.828,-364.148,0,0,0,0,65.22,65.22,0,0,0,100.00,0,0,24,1,1,7,7,0,0,0,4173361770,0.04004,0.00732,0.95508,0.95595,-0.00638,-0.00108,-0.00221,0.00684,0.95595,0.00633,0.00706,3,12219,0,6840,0.34732,0.12954,0.37298,100,1,100.676,60,1,3,4339,187491,0,0,0.000,29.832,7.048,0,0.000,138.300,3.534,0,0,2,0,8
PPG,3,104264,4172111552,128,73745,80895,82005.609,-1110.609,-329.039,0,0,0,0,65.22,65.22,0,0,0,100.00,0,0,24,1,1,8,8,0,0,0,4173401085,0.03931,0.00415,0.95264,0.95346,-0.00505,-0.00108,-0.00167,0.00543,0.95346,0.00290,0.00664,3,12279,0,6840,0.34732,0.12954,0.37298,100,1,100.676,60,1,3,4343,187491,0,0,0.000,29.832,7.048,0,0.000,138.300,3.534,0,0,2,0,8
PPG,3,104265,4172151552,136,73739,80912,81994.672,-1082.672,-277.281,0,0,0,0,65.22,65.22,0,0,0,100.00,0,0,24,1,1,9,9,0,0,0,4173440373,0.03687,0.00659,0.95337,0.95410,-0.00558,-0.00001,-0.00221,0.00600,0.95410,0.00178,0.00600,3,12239,0,6840,0.34732,0.12954,0.37298,100,1,100.676,60,1,3,2621,187491,0,0,0.000,29.832,7.048,0,0.000,138.300,3.534,0,0,2,0,8
PPG,3,104266,4172191552,128,73748,80956,81984.289,-1028.289,-212.461,0,0,0,0,65.22,65.22,0,0,0,100.00,0,0,24,1,1,10,10,0,0,0,4173482286,0.03931,0.01196,0.95117,0.95206,-0.00665,-0.00028,-0.00087,0.00671,0.95345,0.00228,0.00671,3,12255,0,6840,0.34732,0.12954,0.37298,100,1,100.676,60,1,3,4335,187491,0,0,0.000,29.832,7.048,0,0.000,138.300,3.534,0,0,2,0,8
PPG,3,104267,4172231552,129,73768,81023,81974.680,-951.680,-141.469,0,0,0,0,65.22,65.22,0,0,0,100.00,0,0,24,1,1,11,11,0,0,0,4173521566,0.03540,0.00586,0.95142,0.95209,-0.00665,-0.00028,-0.00034,0.00666,0.95591,0.00401,0.00676,3,12231,0,6840,0.34732,0.12954,0.37298,100,1,100.676,60,1,3,4332,187491,0,0,0.000,29.832,7.048,0,0.000,138.300,3.534,0,0,2,0,8
PPG,3,104268,4172271552,135,73787,81081,81965.742,-884.742,-68.930,0,0,0,0,65.22,65.22,0,0,0,100.00,0,0,24,1,1,12,12,0,0,0,4173560839,0.03760,0.00781,0.95142,0.95219,-0.00558,0.00052,-0.00247,0.00613,0.95457,0.00385,0.00639,3,12223,0,6840,0.34732,0.12954,0.37298,100,1,100.676,60,1,3,4327,187491,0,0,0.000,29.832,7.048,0,0.000,138.300,3.534,0,0,2,0,8
PPG,3,104269,4172311552,514,73805,81134,81957.422,-823.422,3.109,0,0,0,0,65.22,65.22,0,0,0,100.00,0,0,24,1,1,13,13,0,0,0,4173600068,0.03711,0.00635,0.94873,0.94948,-0.00558,-0.00028,-0.00087,0.00566,0.95414,0.00717,0.00566,3,12174,0,6840,0.68615,0.29868,0.43530,99,1,99.118,107,1,3,2603,187491,0,0,0.000,29.832,7.048,0,0.000,138.300,3.534,0,0,2,0,8
PPG,3,104270,4172351552,176,73823,81166,81949.508,-783.508,61.711,0,0,0,0,65.22,65.22,0,0,0,100.00,0,0,24,1,1,14,14,0,0,0,4173642279,0.03564,0.00684,0.94727,0.94796,-0.00558,-0.00055,-0.00221,0.00603,0.95798,0.00948,0.00617,3,12119,0,6840,0.68615,0.29868,0.43530,99,1,99.118,107,1,3,4305,187491,0,0,0.000,29.832,7.048,0,0.000,138.300,3.534,0,0,2,0,8
PPG,3,104271,4172391552,129,73812,81118,81941.195,-823.195,97.609,0,0,0,0,65.22,65.22,0,0,0,100.00,0,0,24,1,1,15,15,0,0,0,4173681337,0.03931,0.00928,0.95386,0.95471,-0.00505,-0.00028,-0.00114,0.00519,0.95471,0.00605,0.00654,3,12118,0,6840,0.68615,0.29868,0.43530,99,1,99.118,107,1,3,4303,187491,0,0,0.000,29.832,7.048,0,0.000,138.300,3.534,0,0,2,0,8
PPG,3,104272,4172431552,127,73706,80838,81930.164,-1092.164,99.242,0,0,0,0,65.22,65.22,0,0,0,100.00,0,0,24,1,1,16,16,0,0,0,4173720385,0.04077,0.00659,0.94727,0.94817,-0.00692,0.00025,-0.00194,0.00719,0.95151,0.00320,0.00719,3,12153,0,6840,0.68615,0.29868,0.43530,99,1,99.118,107,1,3,2595,187491,0,0,0.000,29.832,7.048,0,0.000,138.300,3.534,0,0,2,0,8
PPG,3,104273,4172471552,207,73614,80600,81916.859,-1316.859,68.789,0,0,0,0,65.22,65.22,0,0,0,100.00,0,0,24,1,1,17,17,0,0,0,4173761917,0.03809,0.00562,0.95093,0.95171,-0.00665,0.00052,-0.00167,0.00688,0.95306,0.00374,0.00688,3,12111,0,6840,0.68615,0.29868,0.43530,99,1,99.118,107,1,3,4297,187491,0,0,0.000,29.832,7.048,0,0.000,138.300,3.534,0,0,2,0,8
PPG,3,104274,4172511552,193,73556,80499,81902.680,-1403.680,17.133,0,0,0,0,65.22,65.22,0,0,0,100.00,0,0,24,1,1,18,18,0,0,0,4173800958,0.03906,0.00684,0.94678,0.94761,-0.00558,-0.00081,-0.00141,0.00582,0.96002,0.00832,0.00749,3,12122,0,6840,0.68615,0.29868,0.43530,99,1,99.118,107,1,3,4304,187491,0,0,0.000,29.832,7.048,0,0.000,138.300,3.534,0,0,2,0,8
PPG,3,104275,4172551552,129,73542,80469,81888.344,-1419.344,-44.500,0,0,0,0,65.22,65.22,0,0,0,100.00,0,0,24,1,1,19,19,0,0,0,4173840031,0.03589,0.00195,0.95557,0.95624,-0.00638,-0.00055,-0.00274,0.00697,0.95624,0.00546,0.00714,3,12114,0,6840,0.68615,0.29868,0.43530,99,1,99.118,107,1,3,2601,187491,0,0,0.000,29.832,7.048,0,0.000,138.300,3.534,0,0,2,0,8
PPG,3,104276,4172591552,128,73540,80444,81873.898,-1429.898,-115.219,0,0,0,0,65.22,65.22,0,0,0,100.00,0,0,24,1,1,20,20,0,0,0,4173881639,0.03662,0.00732,0.95557,0.95630,-0.00532,-0.00081,-0.00087,0.00545,0.95630,0.00897,0.00601,3,12130,0,6840,0.68615,0.29868,0.43530,99,1,99.118,107,1,3,4300,187491,0,0,0.000,29.832,7.048,0,0.000,138.300,3.534,0,0,2,0,8
PPG,3,104277,4172631552,129,73563,80488,81860.039,-1372.039,-190.227,0,0,0,0,65.22,65.22,0,0,0,100.00,0,0,24,1,1,21,21,0,0,0,4173920672,0.03784,0.00171,0.94922,0.94997,-0.00532,-0.00108,-0.00221,0.00586,0.94997,0.01066,0.00695,3,12161,0,6840,0.68615,0.29868,0.43530,99,1,99.118,107,1,3,2604,187491,0,0,0.000,29.832,7.048,0,0.000,138.300,3.534,0,0,2,0,8
PPG,3,104278,4172671552,128,73553,80497,81846.406,-1349.406,-262.344,0,0,0,0,65.22,65.22,0,0,0,100.00,0,0,24,1,1,22,22,0,0,0,4173962251,0.03760,0.00684,0.95410,0.95487,-0.00585,-0.00108,-0.00007,0.00595,0.95549,0.00331,0.00637,3,12125,0,6840,0.68615,0.29868,0.43530,99,1,99.118,107,1,3,4296,187491,0,0,0.000,29.832,7.048,0,0.000,138.300,3.534,0,0,2,0,8
PPG,3,104279,4172711552,129,73535,80459,81832.531,-1373.531,-300.586,0,0,0,0,65.22,65.22,0,0,0,100.00,0,0,24,1,1,23,23,0,0,0,4174001215,0.03906,0.00610,0.95239,0.95321,-0.00585,-0.00055,-0.00167,0.00611,0.95321,0.00541,0.00611,3,12124,0,6840,0.68615,0.29868,0.43530,99,1,99.118,107,1,3,4300,187491,0,0,0.000,29.832,7.048,0,0.000,138.300,3.534,0,0,2,0,8
PPG,3,104280,4172751552,156,73500,80419,81818.398,-1399.398,-308.242,1,0,1,900,66.67,66.67,0,0,0,100.00,0,0,24,1,1,24,24,0,0,0,4174049543,0.03955,0.00317,0.95166,0.95249,-0.00585,-0.00055,-0.00221,0.00628,0.95249,0.00173,0.00628,3,21446,0,6841,0.68615,0.29868,0.43530,99,1,99.118,107,1,3,14480,187491,0,0,209.930,29.832,7.048,1,536.336,138.300,3.534,1,1,2,0,8
PPG,3,104281,4172791552,130,73518,80425,81804.461,-1379.461,-299.008,0,0,0,0,66.67,66.67,0,0,0,100.00,0,0,24,1,1,25,25,0,0,0,4174086087,0.03394,0.00830,0.94922,0.94986,-0.00612,-0.00108,-0.00407,0.00743,0.95297,0.00311,0.00743,3,12122,0,6841,0.68615,0.29868,0.43530,99,1,99.118,107,1,3,2595,187491,0,0,0.000,30.135,7.312,0,0.000,138.941,3.639,0,0,2,0,8
PPG,3,104282,4172831552,129,73532,80455,81790.969,-1335.969,-281.461,0,0,0,0,66.67,66.67,0,0,0,100.00,0,0,24,1,1,26,26,0,0,0,4174122508,0.03491,0.00415,0.94385,0.94450,-0.00505,-0.00028,-0.00194,0.00542,0.95343,0.00893,0.00624,3,12175,0,6841,0.68615,0.29868,0.43530,99,1,99.118,107,1,3,4299,187491,0,0,0.000,30.135,7.312,0,0.000,138.941,3.639,0,0,2,0,8
PPG,3,104283,4172871552,130,73557,80533,81778.391,-1245.391,-252.547,0,0,0,0,66.67,66.67,0,0,0,100.00,0,0,24,1,1,27,27,0,0,0,4174161468,0.03857,0.00317,0.95190,0.95269,-0.00612,-0.00081,-0.00141,0.00633,0.95269,0.00537,0.00633,3,12116,0,6841,0.68615,0.29868,0.43530,99,1,99.118,107,1,3,4296,187491,0,0,0.000,30.135,7.312,0,0.000,138.941,3.639,0,0,2,0,8
PPG,3,104284,4172911552,196,73583,80588,81766.484,-1178.484,-222.914,0,0,0,0,66.67,66.67,0,0,0,100.00,0,0,24,1,1,28,28,0,0,0,4174200429,0.03687,0.00269,0.95190,0.95262,-0.00452,-0.00001,-0.00247,0.00515,0.95262,0.00252,0.00606,3,12123,0,6841,0.68615,0.29868,0.43530,99,1,99.118,107,1,3,2595,187491,0,0,0.000,30.135,7.312,0,0.000,138.941,3.639,0,0,2,0,8
PPG,3,104285,4172951552,130,73605,80623,81755.047,-1132.047,-190.461,0,0,0,0,66.67,66.67,0,0,0,100.00,0,0,24,1,1,29,29,0,0,0,4174242118,0.03735,0.00610,0.95044,0.95119,-0.00479,-0.00161,-0.00114,0.00518,0.95700,0.00581,0.00679,3,12125,0,6841,0.68615,0.29868,0.43530,99,1,99.118,107,1,3,4298,187491,0,0,0.000,30.135,7.312,0,0.000,138.941,3.639,0,0,2,0,8
PPG,3,104286,4172991552,140,73608,80662,81744.117,-1082.117,-146.758,0,0,0,0,66.67,66.67,0,0,0,100.00,0,0,24,1,1,30,30,0,0,0,4174281116,0.03882,0.00806,0.95117,0.95200,-0.00638,-0.00055,-0.00061,0.00644,0.95780,0.01016,0.00644,3,12131,0,6841,0.68615,0.29868,0.43530,99,1,99.118,107,1,3,4300,187491,0,0,0.000,30.135,7.312,0,0.000,138.941,3.639,0,0,2,0,8
PPG,3,104287,4173031552,130,73622,80706,81733.734,-1027.734,-89.914,0,0,0,0,66.67,66.67,0,0,0,100.00,0,0,24,1,1,31,31,0,0,0,4174320141,0.03882,0.00732,0.94995,0.95077,-0.00505,-0.00108,-0.00221,0.00562,0.95708,0.00866,0.00651,3,12165,0,6841,0.68615,0.29868,0.43530,99,1,99.118,107,1,3,2595,187491,0,0,0.000,30.135,7.312,0,0.000,138.941,3.639,0,0,2,0,8
PPG,3,104288,4173071552,129,73626,80753,81723.930,-970.930,-26.656,0,0,0,0,66.67,66.67,0,0,0,100.00,0,0,24,1,1,0,0,0,0,0,4174361696,0.04004,0.01050,0.94849,0.94939,-0.00558,-0.00055,-0.00247,0.00613,0.95300,0.00427,0.00613,3,12120,0,6841,0.68615,0.29868,0.43530,99,1,99.118,107,1,3,4296,187491,0,0,0.000,30.135,7.312,0,0.000,138.941,3.639,0,0,2,0,8
PPG,3,104289,4173111552,130,73649,80784,81714.531,-930.531,37.844,0,0,0,0,66.67,66.67,0,0,0,100.00,0,0,24,1,1,1,1,0,0,0,4174400654,0.03662,0.01123,0.95435,0.95511,-0.00505,-0.00001,-0.00141,0.00524,0.95511,0.00790,0.00592,3,12111,0,6841,0.68615,0.29868,0.43530,99,1,99.118,107,1,3,2600,187491,0,0,0.000,30.135,7.312,0,0.000,138.941,3.639,0,0,2,0,8
PPG,3,104290,4173151552,129,73677,80831,81705.695,-874.695,97.164,0,0,0,0,66.67,66.67,0,0,0,100.00,0,0,24,1,1,2,2,0,0,0,4174442248,0.03711,0.00464,0.95068,0.95142,-0.00532,-0.00161,-0.00221,0.00598,0.95142,0.00719,0.00598,3,12121,0,6841,0.68615,0.29868,0.43530,99,1,99.118,107,1,3,4295,187491,0,0,0.000,30.135,7.312,0,0.000,138.941,3.639,0,0,2,0,8
PPG,3,104291,4173191552,130,73702,80927,81697.906,-770.906,155.141,0,0,0,0,66.67,66.67,0,0,0,100.00,0,0,24,1,1,3,3,0,0,0,4174481201,0.03589,0.00928,0.95142,0.95214,-0.00692,-0.00001,-0.00061,0.00694,0.95663,0.00521,0.00694,3,12120,0,6841,0.68615,0.29868,0.43530,99,1,99.118,107,1,3,4297,187491,0,0,0.000,30.135,7.312,0,0.000,138.941,3.639,0,0,2,0,8
PPG,3,104292,4173231552,128,73734,81029,81691.219,-662.219,203.594,0,0,0,0,66.67,66.67,0,0,0,100.00,0,0,24,1,1,4,4,0,0,0,4174520206,0.04297,0.00464,0.95288,0.95386,-0.00532,-0.00081,-0.00167,0.00563,0.95420,0.00160,0.00642,3,12153,0,6841,0.68615,0.29868,0.43530,99,1,99.118,107,1,3,2600,187491,0,0,0.000,30.135,7.312,0,0.000,138.941,3.639,0,0,2,0,8
PPG,3,104293,4173271552,130,73740,81005,81684.359,-679.359,232.344,0,0,0,0,66.67,66.67,0,0,0,100.00,0,0,24,1,1,5,5,0,0,0,4174561824,0.03687,0.00269,0.95679,0.95750,-0.00638,-0.00081,-0.00034,0.00644,0.95750,0.00815,0.00644,3,12123,0,6841,0.68615,0.29868,0.43530,99,1,99.118,107,1,3,4324,187491,0,0,0.000,30.135,7.312,0,0.000,138.941,3.639,0,0,2,0,8
PPG,3,104294,4173311552,596,73634,80701,81674.523,-973.523,221.531,0,0,0,0,66.67,66.67,0,0,0,100.00,0,0,24,1,1,6,6,0,0,0,4174600833,0.03589,0.00757,0.95483,0.95554,-0.00532,-0.00028,-0.00114,0.00545,0.95554,0.00838,0.00576,3,12120,0,6841,0.87345,0.40616,0.46501,100,1,98.375,93,1,3,2598,187491,0,0,0.000,30.135,7.312,0,0.000,138.941,3.639,0,0,2,0,8
PPG,3,104295,4173351552,183,73552,80468,81662.461,-1194.461,180.859,0,0,0,0,66.67,66.67,0,0,0,100.00,0,0,24,1,1,7,7,0,0,0,4174643006,0.03809,0.00342,0.95093,0.95170,-0.00665,-0.00108,-0.00114,0.00683,0.95394,0.00381,0.00683,3,12122,0,6841,0.87345,0.40616,0.46501,100,1,98.375,93,1,3,4295,187491,0,0,0.000,30.135,7.312,0,0.000,138.941,3.639,0,0,2,0,8
PPG,3,104296,4173391552,154,73508,80416,81650.000,-1234.000,129.688,0,0,0,0,66.67,66.67,0,0,0,100.00,0,0,24,1,1,8,8,0,0,0,4174682007,0.03857,0.00537,0.95020,0.95099,-0.00638,-0.00028,-0.00167,0.00661,0.95544,0.00374,0.00682,3,12113,0,6841,0.87345,0.40616,0.46501,100,1,98.375,93,1,3,4295,187491,0,0,0.000,30.135,7.312,0,0.000,138.941,3.639,0,0,2,0,8
PPG,3,104297,4173431552,131,73528,80438,81637.883,-1199.883,76.047,0,0,0,0,66.67,66.67,0,0,0,100.00,0,0,24,1,1,9,9,0,0,0,4174721066,0.04053,0.00586,0.95581,0.95669,-0.00452,-0.00081,-0.00114,0.00473,0.95724,0.00508,0.00524,3,12129,0,6841,0.87345,0.40616,0.46501,100,1,98.375,93,1,3,2596,187491,0,0,0.000,30.135,7.312,0,0.000,138.941,3.639,0,0,2,0,8
PPG,3,104298,4173471552,129,73542,80456,81626.062,-1170.062,10.812,0,0,0,0,66.67,66.67,0,0,0,100.00,0,0,24,1,1,10,10,0,0,0,4174762742,0.03760,0.00708,0.94678,0.94755,-0.00665,-0.00055,-0.00194,0.00695,0.95297,0.00528,0.00695,3,12132,0,6841,0.87345,0.40616,0.46501,100,1,98.375,93,1,3,4294,187491,0,0,0.000,30.135,7.312,0,0.000,138.941,3.639,0,0,2,0,8
PPG,3,104299,4173511552,131,73546,80524,81615.039,-1091.039,-64.578,0,0,0,0,66.67,66.67,0,0,0,100.00,0,0,24,1,1,11,11,0,0,0,4174801789,0.03638,0.00562,0.94653,0.94725,-0.00692,0.00052,-0.00087,0.00699,0.95490,0.00765,0.00699,3,12126,0,6841,0.87345,0.40616,0.46501,100,1,98.375,93,1,3,4306,187491,0,0,0.000,30.135,7.312,0,0.000,138.941,3.639,0,0,2,0,8
PPG,3,104300,4173551552,129,73564,80574,81604.625,-1030.625,-133.898,0,0,0,0,66.67,66.67,0,0,0,100.00,0,0,24,1,1,12,12,0,0,0,4174841081,0.03711,0.00586,0.95313,0.95387,-0.00505,-0.00028,-0.00087,0.00513,0.95387,0.00699,0.00571,3,12407,0,6841,0.87345,0.40616,0.46501,100,1,98.375,93,1,3,2630,187491,0,0,0.000,30.135,7.312,0,0.000,138.941,3.639,0,0,2,0,8
PPG,3,104301,4173591552,151,73563,80551,81594.086,-1043.086,-161.633,1,0,1,840,66.67,66.67,0,0,0,100.00,0,0,24,1,1,13,13,0,0,0,4174885625,0.03687,0.00610,0.95508,0.95581,-0.00585,0.00025,-0.00114,0.00597,0.95581,0.00813,0.00628,3,12150,0,6842,0.87345,0.40616,0.46501,100,1,98.375,93,1,3,2607,187491,0,0,214.578,30.135,7.312,1,540.586,138.941,3.639,1,1,2,0,8
PPG,3,104302,4173631552,130,73556,80492,81583.062,-1091.062,-160.047,0,0,0,0,66.67,66.67,0,0,0,100.00,0,0,24,1,1,14,14,0,0,0,4174922016,0.03955,0.00513,0.95068,0.95152,-0.00452,0.00052,-0.00167,0.00485,0.95152,0.00439,0.00547,3,12104,0,6842,0.87345,0.40616,0.46501,100,1,98.375,93,1,3,4294,187491,0,0,0.000,30.429,7.569,0,0.000,139.528,3.734,0,0,2,0,8
PPG,3,104303,4173671552,130,73563,80519,81572.422,-1053.422,-144.641,0,0,0,0,66.67,66.67,0,0,0,100.00,0,0,24,1,1,15,15,0,0,0,4174961107,0.03613,0.00806,0.94653,0.94726,-0.00585,-0.00028,-0.00141,0.00602,0.95364,0.00639,0.00602,3,12137,0,6842,0.87345,0.40616,0.46501,100,1,98.375,93,1,3,2624,187491,0,0,0.000,30.429,7.569,0,0.000,139.528,3.734,0,0,2,0,8
PPG,3,104304,4173711552,130,73578,80583,81562.531,-979.531,-123.672,0,0,0,0,66.67,66.67,0,0,0,100.00,0,0,24,1,1,16,16,0,0,0,4175002970,0.04004,0.01025,0.95459,0.95548,-0.00585,-0.00028,-0.00194,0.00617,0.95583,0.00857,0.00617,3,12307,0,6842,0.87345,0.40616,0.46501,100,1,98.375,93,1,3,4309,187491,0,0,0.000,30.429,7.569,0,0.000,139.528,3.734,0,0,2,0,8
PPG,3,104305,4173751552,136,73612,80664,81553.547,-889.547,-96.008,0,0,0,0,66.67,66.67,0,0,0,100.00,0,0,24,1,1,17,17,0,0,0,4175049884,0.03394,0.00366,0.95703,0.95764,-0.00638,0.00025,-0.00087,0.00645,0.95962,0.00808,0.00645,3,20055,0,6843,0.87345,0.40616,0.46501,100,1,98.375,93,1,3,15648,187491,0,0,0.000,30.429,7.569,0,0.000,139.528,3.734,0,0,2,0,8
PPG,3,104306,4173791552,138,73624,80703,81545.039,-842.039,-72.492,0,0,0,0,66.67,66.67,0,0,0,100.00,0,0,24,1,1,18,18,0,0,0,4175117189,0.04053,0.00293,0.95728,0.95814,-0.00532,-0.00055,-0.00034,0.00536,0.95814,0.00050,0.00536,1,67305,0,6848,0.87345,0.40616,0.46501,100,1,98.375,93,1,3,67152,187491,0,0,0.000,30.429,7.569,0,0.000,139.528,3.734,0,0,2,0,8
PPG,3,104307,4173831552,128,73641,80729,81536.875,-807.875,-51.492,0,0,0,0,66.67,66.67,0,0,0,100.00,0,0,24,1,1,19,19,0,0,0,4175129422,0.04224,0.00732,0.95264,0.95360,-0.00585,-0.00028,-0.00141,0.00602,0.95360,0.00454,0.00602,1,12233,0,6848,0.87345,0.40616,0.46501,100,1,98.375,93,1,3,12260,187491,0,0,0.000,30.429,7.569,0,0.000,139.528,3.734,0,0,2,0,8
PPG,3,104308,4173871552,139,73652,80767,81529.180,-762.180,-21.336,0,0,0,0,66.67,66.67,0,0,0,100.00,0,0,24,1,1,20,20,0,0,0,4175166112,0.03687,0.00586,0.95850,0.95922,-0.00558,-0.00028,-0.00167,0.00584,0.95922,0.00599,0.00716,3,12270,0,6848,0.87345,0.40616,0.46501,100,1,98.375,93,1,3,2636,187491,0,0,0.000,30.429,7.569,0,0.000,139.528,3.734,0,0,2,0,8
PPG,3,104309,4173911552,136,73657,80797,81521.859,-724.859,21.586,0,0,0,0,66.67,66.67,0,0,0,100.00,0,0,24,1,1,21,21,0,0,0,4175202847,0.03809,0.00684,0.95117,0.95196,-0.00585,-0.00081,-0.00194,0.00622,0.95196,0.00871,0.00679,3,12256,0,6848,0.87345,0.40616,0.46501,100,1,98.375,93,1,3,4338,187491,0,0,0.000,30.429,7.569,0,0.000,139.528,3.734,0,0,2,0,8
PPG,3,104310,4173951552,128,73667,80804,81514.680,-710.680,63.648,0,0,0,0,66.67,66.67,0,0,0,100.00,0,0,24,1,1,22,22,0,0,0,4175242232,0.04053,0.00513,0.95581,0.95668,-0.00558,-0.00028,-0.00221,0.00601,0.95668,0.00485,0.00617,3,12290,0,6848,0.87345,0.40616,0.46501,100,1,98.375,93,1,3,4343,187491,0,0,0.000,30.429,7.569,0,0.000,139.528,3.734,0,0,2,0,8
PPG,3,104311,4173991552,129,73676,80846,81507.992,-661.992,105.273,0,0,0,0,66.67,66.67,0,0,0,100.00,0,0,24,1,1,23,23,0,0,0,4175281564,0.03662,0.00879,0.94678,0.94753,-0.00612,-0.00055,-0.00167,0.00637,0.95510,0.00909,0.00637,3,12272,0,6848,0.87345,0.40616,0.46501,100,1,98.375,93,1,3,4336,187491,0,0,0.000,30.429,7.569,0,0.000,139.528,3.734,0,0,2,0,8
PPG,3,104312,4174031552,144,73699,80897,81501.883,-604.883,145.156,0,0,0,0,66.67,66.67,0,0,0,100.00,0,0,24,1,1,24,24,0,0,0,4175320912,0.03394,0.00537,0.95313,0.95374,-0.00612,-0.00081,-0.00061,0.00620,0.95374,0.00708,0.00658,3,12258,0,6848,0.87345,0.40616,0.46501,100,1,98.375,93,1,3,2636,187491,0,0,0.000,30.429,7.569,0,0.000,139.528,3.734,0,0,2,0,8
PPG,3,104313,4174071552,137,73721,80955,81496.414,-541.414,183.656,0,0,0,0,66.67,66.67,0,0,0,100.00,0,0,24,1,1,25,25,0,0,0,4175362977,0.03613,0.00806,0.95093,0.95165,-0.00558,-0.00081,-0.00114,0.00576,0.95165,0.00870,0.00691,3,12266,0,6848,0.87345,0.40616,0.46501,100,1,98.375,93,1,3,4336,187491,0,0,0.000,30.429,7.569,0,0.000,139.528,3.734,0,0,2,0,8
PPG,3,104314,4174111552,128,73728,80999,81491.438,-492.438,207.328,0,0,0,0,66.67,66.67,0,0,0,100.00,0,0,24,1,1,26,26,0,0,0,4175402221,0.03662,0.00928,0.94824,0.94899,-0.00558,-0.00055,-0.00114,0.00573,0.95790,0.01280,0.00645,3,12218,0,6848,0.87345,0.40616,0.46501,100,1,98.375,93,1,3,4333,187491,0,0,0.000,30.429,7.569,0,0.000,139.528,3.734,0,0,2,0,8
PPG,3,104315,4174151552,220,73672,80855,81485.070,-630.070,200.547,0,0,0,0,66.67,66.67,0,0,0,100.00,0,0,24,1,1,27,27,0,0,0,4175441626,0.03833,0.00928,0.95557,0.95638,-0.00532,-0.00028,-0.00194,0.00567,0.95638,0.00697,0.00567,3,12263,0,6848,0.87345,0.40616,0.46501,100,1,98.375,93,1,3,4333,187491,0,0,0.000,30.429,7.569,0,0.000,139.528,3.734,0,0,2,0,8
PPG,3,104316,4174191552,129,73580,80601,81476.227,-875.227,163.297,0,0,0,0,66.67,66.67,0,0,0,100.00,0,0,24,1,1,28,28,0,0,0,4175481029,0.03662,0.00415,0.95093,0.95164,-0.00638,-0.00081,-0.00221,0.00680,0.95585,0.00300,0.00731,3,12244,0,6848,0.87345,0.40616,0.46501,100,1,98.375,93,1,3,2631,187491,0,0,0.000,30.429,7.569,0,0.000,139.528,3.734,0,0,2,0,8
PPG,3,104317,4174231552,135,73515,80446,81465.922,-1019.922,111.758,0,0,0,0,66.67,66.67,0,0,0,100.00,0,0,24,1,1,29,29,0,0,0,4175522922,0.03735,0.00757,0.95776,0.95852,-0.00558,-0.00081,-0.00221,0.00606,0.95859,0.00857,0.00606,3,12228,0,6848,0.87345,0.40616,0.46501,100,1,98.375,93,1,3,4336,187491,0,0,0.000,30.429,7.569,0,0.000,139.528,3.734,0,0,2,0,8
PPG,3,104318,4174271552,132,73500,80436,81455.625,-1019.625,54.188,0,1,0,0,66.67,66.67,0,0,0,100.00,0,0,24,1,1,30,30,0,0,0,4175562245,0.03833,0.00586,0.95068,0.95147,-0.00479,-0.00001,-0.00167,0.00507,0.95736,0.00627,0.00635,3,12229,0,6848,0.87345,0.40616,0.46501,100,1,98.375,93,1,3,4347,187491,0,0,0.000,30.429,7.569,0,0.000,139.528,3.734,0,0,2,0,8
PPG,3,104319,4174311552,534,73524,80496,81446.031,-950.031,-1.703,0,0,0,0,66.67,66.67,0,0,0,100.00,0,0,24,1,1,31,31,0,0,0,4175601584,0.04028,0.00635,0.94824,0.94912,-0.00532,-0.00108,-0.00141,0.00561,0.95206,0.00294,0.00602,3,12214,0,6848,0.74291,0.36518,0.49156,100,1,97.711,100,1,3,4334,187491,0,0,0.000,30.429,7.569,0,0.000,139.528,3.734,0,0,2,0,8
PPG,3,104320,4174351552,234,73574,80581,81437.383,-856.383,-55.477,0,0,0,0,66.67,66.67,0,0,0,100.00,0,0,24,1,1,0,0,0,0,0,4175641296,0.03809,0.00464,0.95142,0.95219,-0.00505,-0.00081,-0.00141,0.00531,0.95695,0.00784,0.00640,3,12212,0,6848,0.74291,0.36518,0.49156,100,1,97.711,100,1,3,2644,187491,0,0,0.000,30.429,7.569,0,0.000,139.528,3.734,0,0,2,0,8
PPG,3,104321,4174391552,180,73612,80657,81429.578,-772.578,-109.641,0,0,0,0,66.67,66.67,0,0,0,100.00,0,0,24,1,1,1,1,0,0,0,4175683314,0.04150,0.01025,0.94971,0.95067,-0.00505,-0.00055,-0.00114,0.00521,0.95609,0.00598,0.00588,3,12173,0,6848,0.74291,0.36518,0.49156,100,1,97.711,100,1,3,4355,187491,0,0,0.000,30.429,7.569,0,0.000,139.528,3.734,0,0,2,0,8
PPG,3,104322,4174431552,150,73622,80672,81422.000,-750.000,-144.781,1,0,1,840,68.18,68.18,0,0,0,100.00,0,0,24,1,1,2,2,0,0,0,4175722495,0.03784,0.01074,0.94922,0.95003,-0.00612,-0.00135,-0.00141,0.00642,0.95021,0.00273,0.00642,3,12119,0,6848,0.74291,0.36518,0.49156,100,1,97.711,100,1,3,4295,187491,0,0,137.797,30.429,7.569,1,368.961,139.528,3.734,1,1,2,0,8
PPG,3,104323,4174471552,128,73616,80648,81414.258,-766.258,-144.508,0,0,0,0,68.18,68.18,0,0,0,100.00,0,0,24,1,1,3,3,0,0,0,4175761605,0.03882,0.00757,0.94678,0.94760,-0.00612,-0.00081,-0.00141,0.00633,0.95568,0.00808,0.00633,3,12149,0,6848,0.74291,0.36518,0.49156,100,1,97.711,100,1,3,2604,187491,0,0,0.000,30.207,7.375,0,0.000,138.969,3.643,0,0,2,0,8
PPG,3,104324,4174511552,129,73630,80661,81406.727,-745.727,-117.703,0,0,0,0,68.18,68.18,0,0,0,100.00,0,0,24,1,1,4,4,0,0,0,4175803214,0.03442,0.00903,0.94922,0.94989,-0.00585,-0.00081,-0.00167,0.00614,0.95467,0.00621,0.00614,3,12123,0,6848,0.74291,0.36518,0.49156,100,1,97.711,100,1,3,4301,187491,0,0,0.000,30.207,7.375,0,0.000,138.969,3.643,0,0,2,0,8
PPG,3,104325,4174551552,130,73642,80706,81399.719,-693.719,-81.227,0,0,0,0,68.18,68.18,0,0,0,100.00,0,0,24,1,1,5,5,0,0,0,4175842160,0.03613,0.00195,0.95337,0.95406,-0.00612,-0.00108,-0.00141,0.00637,0.95818,0.00829,0.00656,3,12113,0,6848,0.74291,0.36518,0.49156,100,1,97.711,100,1,3,4300,187491,0,0,0.000,30.207,7.375,0,0.000,138.969,3.643,0,0,2,0,8
PPG,3,104326,4174591552,129,73666,80770,81393.422,-623.422,-45.438,0,0,0,0,68.18,68.18,0,0,0,100.00,0,0,24,1,1,6,6,0,0,0,4175881161,0.03711,0.00317,0.95068,0.95141,-0.00612,-0.00108,-0.00114,0.00632,0.95929,0.00524,0.00644,3,12122,0,6848,0.74291,0.36518,0.49156,100,1,97.711,100,1,3,2605,187491,0,0,0.000,30.207,7.375,0,0.000,138.969,3.643,0,0,2,0,8
PPG,3,104327,4174631552,132,73684,80795,81387.438,-592.438,-18.164,0,0,0,0,68.18,68.18,0,0,0,100.00,0,0,24,1,1,7,7,0,0,0,4175922770,0.03906,0.00781,0.95386,0.95469,-0.00612,-0.00055,-0.00061,0.00617,0.95469,0.00189,0.00710,3,12123,0,6848,0.74291,0.36518,0.49156,100,1,97.711,100,1,3,4299,187491,0,0,0.000,30.207,7.375,0,0.000,138.969,3.643,0,0,2,0,8
PPG,3,104328,4174671552,127,73689,80842,81381.984,-539.984,4.508,0,0,0,0,68.18,68.18,0,0,0,100.00,0,0,24,1,1,8,8,0,0,0,4175961880,0.03857,0.00732,0.94995,0.95076,-0.00665,-0.00028,-0.00247,0.00710,0.95274,0.00324,0.00710,3,12167,0,6848,0.74291,0.36518,0.49156,100,1,97.711,100,1,3,4298,187491,0,0,0.000,30.207,7.375,0,0.000,138.969,3.643,0,0,2,0,8
PPG,3,104329,4174711552,129,73685,80868,81376.844,-508.844,28.961,0,0,0,0,68.18,68.18,0,0,0,100.00,0,0,24,1,1,9,9,0,0,0,4176000837,0.03906,0.00073,0.95654,0.95734,-0.00585,-0.00055,-0.00061,0.00591,0.95777,0.00379,0.00637,3,12126,0,6848,0.74291,0.36518,0.49156,100,1,97.711,100,1,3,2600,187491,0,0,0.000,30.207,7.375,0,0.000,138.969,3.643,0,0,2,0,8
PPG,3,104330,4174751552,189,73701,80897,81372.047,-475.047,59.891,0,0,0,0,68.18,68.18,0,0,0,100.00,0,0,24,1,1,10,10,0,0,0,4176049108,0.03931,0.00366,0.94971,0.95053,-0.00505,0.00052,-0.00141,0.00527,0.95547,0.00346,0.00545,3,18831,0,6848,0.74291,0.36518,0.49156,100,1,97.711,100,1,3,14465,187491,0,0,0.000,30.207,7.375,0,0.000,138.969,3.643,0,0,2,0,8
PPG,3,104331,4174791552,157,73719,80955,81367.875,-412.875,96.438,0,0,0,0,68.18,68.18,0,0,0,100.00,0,0,24,1,1,11,11,0,0,0,4176085629,0.03662,0.00488,0.95215,0.95287,-0.00558,-0.00108,-0.00194,0.00601,0.95346,0.00667,0.00688,3,12120,0,6848,0.74291,0.36518,0.49156,100,1,97.711,100,1,3,2594,187491,0,0,0.000,30.207,7.375,0,0.000,138.969,3.643,0,0,2,0,8
PPG,3,104332,4174831552,133,73718,80981,81364.008,-383.008,131.523,0,0,0,0,68.18,68.18,0,0,0,100.00,0,0,24,1,1,12,12,0,0,0,4176122097,0.03760,0.00586,0.95020,0.95096,-0.00532,0.00079,-0.00087,0.00545,0.95368,0.00393,0.00585,3,12135,0,6848,0.74291,0.36518,0.49156,100,1,97.711,100,1,3,4299,187491,0,0,0.000,30.207,7.375,0,0.000,138.969,3.643,0,0,2,0,8
PPG,3,104333,4174871552,130,73743,81018,81360.547,-342.547,163.797,0,0,0,0,68.18,68.18,0,0,0,100.00,0,0,24,1,1,13,13,0,0,0,4176161097,0.03638,0.00757,0.95190,0.95263,-0.00612,-0.00081,-0.00274,0.00675,0.95367,0.00346,0.00675,3,12159,0,6848,0.74291,0.36518,0.49156,100,1,97.711,100,1,3,2597,187491,0,0,0.000,30.207,7.375,0,0.000,138.969,3.643,0,0,2,0,8
PPG,3,104334,4174911552,129,73757,81073,81357.672,-284.672,199.812,0,0,0,0,68.18,68.18,0,0,0,100.00,0,0,24,1,1,14,14,0,0,0,4176202673,0.03809,0.00781,0.94946,0.95026,-0.00585,-0.00108,-0.00194,0.00626,0.95237,0.00213,0.00711,3,12124,0,6848,0.74291,0.36518,0.49156,100,1,97.711,100,1,3,4302,187491,0,0,0.000,30.207,7.375,0,0.000,138.969,3.643,0,0,2,0,8
PPG,3,104335,4174951552,134,73784,81114,81355.234,-241.234,225.719,0,1,0,0,68.18,68.18,0,0,0,100.00,0,0,24,1,1,15,15,0,0,0,4176241725,0.03638,0.00195,0.95215,0.95285,-0.00638,-0.00081,-0.00247,0.00689,0.95660,0.00585,0.00689,3,12119,0,6848,0.74291,0.36518,0.49156,100,1,97.711,100,1,3,2606,187491,0,0,0.000,30.207,7.375,0,0.000,138.969,3.643,0,0,2,0,8
PPG,3,104336,4174991552,129,73778,81099,81352.672,-253.672,233.820,0,0,0,0,68.18,68.18,0,0,0,100.00,0,0,24,1,1,16,16,0,0,0,4176283419,0.03760,0.00513,0.95874,0.95949,-0.00585,-0.00055,-0.00194,0.00619,0.95949,0.00459,0.00619,3,12128,0,6848,0.74291,0.36518,0.49156,100,1,97.711,100,1,3,4299,187491,0,0,0.000,30.207,7.375,0,0.000,138.969,3.643,0,0,2,0,8
PPG,3,104337,4175031552,223,73701,80871,81347.852,-476.852,208.859,0,0,0,0,68.18,68.18,0,0,0,100.00,0,0,24,1,1,17,17,0,0,0,4176322387,0.03882,0.00684,0.95093,0.95174,-0.00558,-0.00135,-0.00194,0.00606,0.95174,0.01224,0.00655,3,12120,0,6848,0.74291,0.36518,0.49156,100,1,97.711,100,1,3,4297,187491,0,0,0.000,30.207,7.375,0,0.000,138.969,3.643,0,0,2,0,8
PPG,3,104338,4175071552,133,73585,80662,81340.992,-678.992,155.703,0,0,0,0,68.18,68.18,0,0,0,100.00,0,0,24,1,1,18,18,0,0,0,4176361508,0.04028,0.00537,0.95605,0.95692,-0.00452,-0.00055,-0.00221,0.00506,0.95692,0.00858,0.00589,3,12169,0,6848,0.74291,0.36518,0.49156,100,1,97.711,100,1,3,2618,187491,0,0,0.000,30.207,7.375,0,0.000,138.969,3.643,0,0,2,0,8
PPG,3,104339,4175111552,141,73551,80558,81333.164,-775.164,92.172,0,0,0,0,68.18,68.18,0,0,0,100.00,0,0,24,1,1,19,19,0,0,0,4176403116,0.03979,0.00659,0.94531,0.94617,-0.00585,-0.00081,-0.00167,0.00614,0.95291,0.00674,0.00614,3,12131,0,6848,0.74291,0.36518,0.49156,100,1,97.711,100,1,3,4300,187491,0,0,0.000,30.207,7.375,0,0.000,138.969,3.643,0,0,2,0,8
PPG,3,104340,4175151552,133,73559,80544,81325.273,-781.273,26.312,0,0,0,0,68.18,68.18,0,0,0,100.00,0,0,24,1,1,20,20,0,0,0,4176442106,0.03760,0.00366,0.95483,0.95558,-0.00692,-0.00028,-0.00114,0.00702,0.95558,0.00646,0.00754,3,12130,0,6848,0.74291,0.36518,0.49156,100,1,97.711,100,1,3,4299,187491,0,0,0.000,30.207,7.375,0,0.000,138.969,3.643,0,0,2,0,8
PPG,3,104341,4175191552,131,73541,80544,81317.461,-773.461,-43.609,0,0,0,0,68.18,68.18,0,0,0,100.00,0,0,24,1,1,21,21,0,0,0,4176481168,0.03662,0.00928,0.94995,0.95070,-0.00505,-0.00055,-0.00061,0.00512,0.95481,0.00443,0.00662,3,12126,0,6848,0.74291,0.36518,0.49156,100,1,97.711,100,1,3,2605,187491,0,0,0.000,30.207,7.375,0,0.000,138.969,3.643,0,0,2,0,8
PPG,3,104342,4175231552,129,73573,80560,81309.883,-749.883,-117.156,0,0,0,0,68.18,68.18,0,0,0,100.00,0,0,24,1,1,22,22,0,0,0,4176522723,0.03833,0.00684,0.94922,0.95002,-0.00505,-0.00081,-0.00114,0.00524,0.95136,0.00191,0.00654,3,12111,0,6848,0.74291,0.36518,0.49156,100,1,97.711,100,1,3,4299,187491,0,0,0.000,30.207,7.375,0,0.000,138.969,3.643,0,0,2,0,8
PPG,3,104343,4175271552,212,73580,80589,81302.672,-713.672,-187.062,0,0,0,0,68.18,68.18,0,0,0,100.00,0,0,24,1,1,23,23,0,0,0,4176561716,0.03711,0.00513,0.95508,0.95581,-0.00505,-0.00001,-0.00167,0.00532,0.95755,0.00459,0.00628,3,12119,0,6848,0.74291,0.36518,0.49156,100,1,97.711,100,1,3,2636,187491,0,0,0.000,30.207,7.375,0,0.000,138.969,3.643,0,0,2,0,8
PPG,3,104344,4175311552,548,73596,80597,81295.617,-698.617,-223.008,1,0,1,880,68.18,68.18,0,0,0,100.00,0,0,24,1,1,24,24,0,0,0,4176603641,0.04150,0.00659,0.94971,0.95064,-0.00612,-0.00028,-0.00221,0.00651,0.95195,0.00386,0.00654,3,12130,0,6848,0.38225,0.18357,0.48024,100,1,97.994,100,1,3,4300,187491,0,0,144.758,30.207,7.375,1,378.602,138.969,3.643,1,1,2,0,8
PPG,3,104345,4175351552,176,73572,80569,81288.352,-719.352,-229.438,0,0,0,0,68.18,68.18,0,0,0,100.00,0,0,24,1,1,25,25,0,0,0,4176643154,0.04053,0.00708,0.95288,0.95377,-0.00505,0.00025,-0.00221,0.00552,0.95377,0.00482,0.00552,3,12124,0,6848,0.38225,0.18357,0.48024,100,1,97.994,100,1,3,4303,187491,0,0,0.000,30.056,7.243,0,0.000,138.541,3.573,0,0,2,0,8
PPG,3,104346,4175391552,130,73604,80602,81281.484,-679.484,-214.758,0,0,0,0,68.18,68.18,0,0,0,100.00,0,0,24,1,1,26,26,0,0,0,4176682343,0.03931,0.00635,0.95508,0.95591,-0.00505,-0.00081,-0.00247,0.00568,0.95603,0.00666,0.00584,3,12191,0,6848,0.38225,0.18357,0.48024,100,1,97.994,100,1,3,4304,187491,0,0,0.000,30.056,7.243,0,0.000,138.541,3.573,0,0,2,0,8
PPG,3,104347,4175431552,130,73638,80679,81275.461,-596.461,-189.672,0,0,0,0,68.18,68.18,0,0,0,100.00,0,0,24,1,1,27,27,0,0,0,4176721320,0.03931,0.00342,0.94482,0.94565,-0.00692,-0.00081,-0.00167,0.00716,0.95968,0.01458,0.00716,3,12121,0,6848,0.38225,0.18357,0.48024,100,1,97.994,100,1,3,2599,187491,0,0,0.000,30.056,7.243,0,0.000,138.541,3.573,0,0,2,0,8
PPG,3,104348,4175471552,130,73676,80747,81270.180,-523.180,-155.922,0,0,0,0,68.18,68.18,0,0,0,100.00,0,0,24,1,1,28,28,0,0,0,4176762859,0.03467,0.00610,0.94800,0.94865,-0.00612,-0.00028,-0.00167,0.00635,0.95490,0.00873,0.00651,3,12112,0,6848,0.38225,0.18357,0.48024,100,1,97.994,100,1,3,4299,187491,0,0,0.000,30.056,7.243,0,0.000,138.541,3.573,0,0,2,0,8
PPG,3,104349,4175511552,130,73695,80797,81265.445,-468.445,-118.508,0,0,0,0,68.18,68.18,0,0,0,100.00,0,0,24,1,1,29,29,0,0,0,4176802448,0.03882,0.00732,0.95557,0.95638,-0.00505,-0.00001,-0.00167,0.00532,0.95638,0.00490,0.00661,3,12278,0,6848,0.38225,0.18357,0.48024,100,1,97.994,100,1,3,4300,187491,0,0,0.000,30.056,7.243,0,0.000,138.541,3.573,0,0,2,0,8
PPG,3,104350,4175551552,132,73711,80839,81261.180,-422.180,-79.898,0,0,0,0,68.18,68.18,0,0,0,100.00,0,0,24,1,1,30,30,0,0,0,4176841445,0.03662,0.00830,0.95313,0.95386,-0.00612,0.00025,-0.00194,0.00642,0.95539,0.00175,0.00642,3,12120,0,6848,0.38225,0.18357,0.48024,100,1,97.994,100,1,3,2594,187491,0,0,0.000,30.056,7.243,0,0.000,138.541,3.573,0,0,2,0,8
PPG,3,104351,4175591552,134,73722,80876,81257.328,-381.328,-36.094,0,0,0,0,68.18,68.18,0,0,0,100.00,0,0,24,1,1,31,31,0,0,0,4176883046,0.03687,0.00781,0.95459,0.95533,-0.00612,-0.00108,-0.00141,0.00637,0.95611,0.00274,0.00637,3,12189,0,6848,0.38225,0.18357,0.48024,100,1,97.994,100,1,3,4311,187491,0,0,0.000,30.056,7.243,0,0.000,138.541,3.573,0,0,2,0,8
PPG,3,104352,4175631552,133,73728,80881,81253.562,-372.562,13.477,0,0,0,0,68.18,68.18,0,0,0,100.00,0,0,24,1,1,0,0,0,0,0,4176922122,0.03906,0.00781,0.95142,0.95225,-0.00665,0.00025,-0.00141,0.00680,0.95804,0.00579,0.00680,3,12109,0,6848,0.38225,0.18357,0.48024,100,1,97.994,100,1,3,4296,187491,0,0,0.000,30.056,7.243,0,0.000,138.541,3.573,0,0,2,0,8
PPG,3,104353,4175671552,164,73726,80913,81250.156,-337.156,63.156,0,0,0,0,68.18,68.18,0,0,0,100.00,0,0,24,1,1,1,1,0,0,0,4176961292,0.03979,0.00928,0.95874,0.95961,-0.00665,-0.00055,-0.00114,0.00677,0.95961,0.00522,0.00677,3,12133,0,6848,0.38225,0.18357,0.48024,100,1,97.994,100,1,3,2689,187491,0,0,0.000,30.056,7.243,0,0.000,138.541,3.573,0,0,2,0,8
PPG,3,104354,4175711552,129,73762,80966,81247.312,-281.312,109.508,0,0,0,0,68.18,68.18,0,0,0,100.00,0,0,24,1,1,2,2,0,0,0,4177003471,0.04102,0.00317,0.95654,0.95743,-0.00558,-0.00081,-0.00167,0.00589,0.95743,0.00497,0.00656,3,12243,0,6848,0.38225,0.18357,0.48024,100,1,97.994,100,1,3,4329,187491,0,0,0.000,30.056,7.243,0,0.000,138.541,3.573,0,0,2,0,8
PPG,3,104355,4175751552,144,73764,81012,81244.961,-232.961,152.461,0,0,0,0,68.18,68.18,0,0,0,100.00,0,0,24,1,1,3,3,0,0,0,4177049625,0.03320,0.01001,0.95093,0.95156,-0.00479,-0.00188,-0.00114,0.00527,0.95329,0.00551,0.00599,3,18996,0,6848,0.38225,0.18357,0.48024,100,1,97.994,100,1,3,14592,187491,0,0,0.000,30.056,7.243,0,0.000,138.541,3.573,0,0,2,0,8
PPG,3,104356,4175791552,131,73778,81034,81242.852,-208.852,189.570,0,0,0,0,68.18,68.18,0,0,0,100.00,0,0,24,1,1,4,4,0,0,0,4177086470,0.03540,0.00488,0.95264,0.95331,-0.00612,-0.00001,-0.00087,0.00618,0.95491,0.00930,0.00654,3,12327,0,6848,0.38225,0.18357,0.48024,100,1,97.994,100,1,3,2646,187491,0,0,0.000,30.056,7.243,0,0.000,138.541,3.573,0,0,2,0,8
PPG,3,104357,4175831552,135,73796,81075,81241.172,-166.172,213.086,0,0,0,0,68.18,68.18,0,0,0,100.00,0,0,24,1,1,5,5,0,0,0,4177123175,0.03442,0.00610,0.94580,0.94645,-0.00638,-0.00055,-0.00114,0.00651,0.95798,0.01154,0.00651,3,12264,0,6848,0.38225,0.18357,0.48024,100,1,97.994,100,1,3,4330,187491,0,0,0.000,30.056,7.243,0,0.000,138.541,3.573,0,0,2,0,8
PPG,3,104358,4175871552,129,73812,81102,81239.781,-137.781,223.367,0,0,0,0,68.18,68.18,0,0,0,100.00,0,0,24,1,1,6,6,0,0,0,4177162445,0.04053,0.00415,0.95947,0.96034,-0.00585,-0.00028,-0.00247,0.00636,0.96034,0.00813,0.00670,3,12248,0,6848,0.38225,0.18357,0.48024,100,1,97.994,100,1,3,4335,187491,0,0,0.000,30.056,7.243,0,0.000,138.541,3.573,0,0,2,0,8
PPG,3,104359,4175911552,226,73763,80993,81237.312,-244.312,217.617,0,1,0,0,68.18,68.18,0,0,0,100.00,0,0,24,1,1,7,7,0,0,0,4177201808,0.03931,0.00610,0.95459,0.95542,-0.00585,-0.00001,-0.00034,0.00586,0.95542,0.01106,0.00586,3,12242,0,6848,0.38225,0.18357,0.48024,100,1,97.994,100,1,3,2624,187491,0,0,0.000,30.056,7.243,0,0.000,138.541,3.573,0,0,2,0,8
PPG,3,104360,4175951552,139,73683,80735,81232.289,-497.289,182.641,0,0,0,0,68.18,68.18,0,0,0,100.00,0,0,24,1,1,8,8,0,0,0,4177243946,0.03760,0.00171,0.94922,0.94996,-0.00425,-0.00055,-0.00087,0.00438,0.95424,0.00415,0.00513,3,12241,0,6848,0.38225,0.18357,0.48024,100,1,97.994,100,1,3,4333,187491,0,0,0.000,30.056,7.243,0,0.000,138.541,3.573,0,0,2,0,8
PPG,3,104361,4175991552,133,73614,80582,81225.789,-643.789,125.891,0,0,0,0,68.18,68.18,0,0,0,100.00,0,0,24,1,1,9,9,0,0,0,4177283289,0.04004,0.00195,0.95410,0.95494,-0.00532,-0.00028,-0.00247,0.00587,0.95494,0.00430,0.00587,3,12269,0,6848,0.38225,0.18357,0.48024,100,1,97.994,100,1,3,4363,187491,0,0,0.000,30.056,7.243,0,0.000,138.541,3.573,0,0,2,0,8
PPG,3,104362,4176031552,129,73599,80544,81218.969,-674.969,59.828,0,0,0,0,68.18,68.18,0,0,0,100.00,0,0,24,1,1,10,10,0,0,0,4177322564,0.03711,0.00659,0.94922,0.94997,-0.00532,-0.00028,-0.00114,0.00545,0.95414,0.00354,0.00607,3,12193,0,6848,0.38225,0.18357,0.48024,100,1,97.994,100,1,3,4332,187491,0,0,0.000,30.056,7.243,0,0.000,138.541,3.573,0,0,2,0,8
PPG,3,104363,4176071552,130,73579,80521,81211.992,-690.992,-10.062,0,0,0,0,68.18,68.18,0,0,0,100.00,0,0,24,1,1,11,11,0,0,0,4177361842,0.04004,0.00781,0.95215,0.95302,-0.00612,0.00052,-0.00194,0.00644,0.95302,0.00440,0.00728,3,12240,0,6848,0.38225,0.18357,0.48024,100,1,97.994,100,1,3,2622,187491,0,0,0.000,30.056,7.243,0,0.000,138.541,3.573,0,0,2,0,8
PPG,3,104364,4176111552,135,73579,80511,81204.984,-693.984,-86.328,0,0,0,0,68.18,68.18,0,0,0,100.00,0,0,24,1,1,12,12,0,0,0,4177403844,0.03711,0.01099,0.94849,0.94928,-0.00505,-0.00055,-0.00141,0.00527,0.95788,0.00861,0.00554,3,12238,0,6848,0.38225,0.18357,0.48024,100,1,97.994,100,1,3,4348,187491,0,0,0.000,30.056,7.243,0,0.000,138.541,3.573,0,0,2,0,8
PPG,3,104365,4176151552,130,73598,80541,81198.344,-657.344,-165.070,0,0,0,0,68.18,68.18,0,0,0,100.00,0,0,24,1,1,13,13,0,0,0,4177443072,0.03564,0.00464,0.95264,0.95331,-0.00612,-0.00001,-0.00167,0.00634,0.95331,0.00292,0.00634,3,12190,0,6848,0.38225,0.18357,0.48024,100,1,97.994,100,1,3,4345,187491,0,0,0.000,30.056,7.243,0,0.000,138.541,3.573,0,0,2,0,8
PPG,3,104366,4176191552,151,73626,80588,81192.242,-604.242,-222.227,1,0,1,880,68.18,68.18,0,0,0,100.00,0,0,24,1,1,14,14,0,0,0,4177482389,0.03540,0.00806,0.94629,0.94699,-0.00638,-0.00055,-0.00114,0.00651,0.95549,0.00731,0.00651,3,12246,0,6848,0.38225,0.18357,0.48024,100,1,97.994,100,1,3,4323,187491,0,0,190.680,30.056,7.243,1,452.805,138.541,3.573,1,1,2,0,8
PPG,3,104367,4176231552,128,73603,80553,81185.852,-632.852,-241.930,0,0,0,0,68.18,68.18,0,0,0,100.00,0,0,24,1,1,15,15,0,0,0,4177521774,0.03906,0.00610,0.94604,0.94687,-0.00532,-0.00055,-0.00221,0.00578,0.95268,0.00581,0.00604,3,12242,0,6848,0.38225,0.18357,0.48024,100,1,97.994,100,1,3,2628,187491,0,0,0.000,30.211,7.378,0,0.000,138.629,3.588,0,0,2,0,8
PPG,3,104368,4176271552,129,73608,80544,81179.430,-635.430,-237.211,0,0,0,0,68.18,68.18,0,0,0,100.00,0,0,24,1,1,16,16,0,0,0,4177563656,0.03613,0.00537,0.94873,0.94943,-0.00505,-0.00081,-0.00141,0.00531,0.95107,0.00419,0.00673,3,12228,0,6848,0.38225,0.18357,0.48024,100,1,97.994,100,1,3,4319,187491,0,0,0.000,30.211,7.378,0,0.000,138.629,3.588,0,0,2,0,8
PPG,3,104369,4176311552,533,73623,80565,81173.289,-608.289,-222.609,0,0,0,0,68.18,68.18,0,0,0,100.00,0,0,24,1,1,17,17,0,0,0,4177602848,0.04077,0.00562,0.94702,0.94792,-0.00585,-0.00001,-0.00247,0.00635,0.94816,0.00585,0.00642,3,12157,0,6848,0.25244,0.11089,0.43929,100,1,99.018,107,1,3,4328,187491,0,0,0.000,30.211,7.378,0,0.000,138.629,3.588,0,0,2,0,8
PPG,3,104370,4176351552,178,73626,80609,81167.648,-558.648,-198.539,0,0,0,0,68.18,68.18,0,0,0,100.00,0,0,24,1,1,18,18,0,0,0,4177642448,0.04077,0.00586,0.95215,0.95304,-0.00558,-0.00108,-0.00114,0.00580,0.95532,0.00615,0.00580,3,12120,0,6848,0.25244,0.11089,0.43929,100,1,99.018,107,1,3,4301,187491,0,0,0.000,30.211,7.378,0,0.000,138.629,3.588,0,0,2,0,8
PPG,3,104371,4176391552,133,73661,80674,81162.711,-488.711,-165.148,0,0,0,0,68.18,68.18,0,0,0,100.00,0,0,24,1,1,19,19,0,0,0,4177681509,0.03979,0.00854,0.94727,0.94814,-0.00558,-0.00001,-0.00141,0.00576,0.95761,0.00947,0.00582,3,12122,0,6848,0.25244,0.11089,0.43929,100,1,99.018,107,1,3,2598,187491,0,0,0.000,30.211,7.378,0,0.000,138.629,3.588,0,0,2,0,8
PPG,3,104372,4176431552,129,73676,80713,81158.211,-445.211,-132.180,0,0,0,0,68.18,68.18,0,0,0,100.00,0,0,24,1,1,20,20,0,0,0,4177723262,0.04126,0.00879,0.94971,0.95064,-0.00612,-0.00108,-0.00194,0.00651,0.95434,0.00729,0.00688,3,12142,0,6848,0.25244,0.11089,0.43929,100,1,99.018,107,1,3,4303,187491,0,0,0.000,30.211,7.378,0,0.000,138.629,3.588,0,0,2,0,8
PPG,3,104373,4176471552,130,73703,80760,81154.227,-394.227,-99.961,0,0,0,0,68.18,68.18,0,0,0,100.00,0,0,24,1,1,21,21,0,0,0,4177762230,0.03540,0.00317,0.94946,0.95013,-0.00692,-0.00108,-0.00247,0.00742,0.95730,0.00666,0.00742,3,12119,0,6848,0.25244,0.11089,0.43929,100,1,99.018,107,1,3,4295,187491,0,0,0.000,30.211,7.378,0,0.000,138.629,3.588,0,0,2,0,8
PPG,3,104374,4176511552,129,73718,80788,81150.562,-362.562,-57.492,0,0,0,0,68.18,68.18,0,0,0,100.00,0,0,24,1,1,22,22,0,0,0,4177801242,0.03931,0.00342,0.95386,0.95467,-0.00665,-0.00001,-0.00247,0.00709,0.95467,0.00742,0.00709,3,12183,0,6848,0.25244,0.11089,0.43929,100,1,99.018,107,1,3,2601,187491,0,0,0.000,30.211,7.378,0,0.000,138.629,3.588,0,0,2,0,8
PPG,3,104375,4176551552,130,73709,80826,81147.320,-321.320,-7.898,0,0,0,0,68.18,68.18,0,0,0,100.00,0,0,24,1,1,23,23,0,0,0,4177842880,0.03662,0.00659,0.95215,0.95288,-0.00452,-0.00001,-0.00141,0.00473,0.95288,0.00892,0.00552,3,12116,0,6848,0.25244,0.11089,0.43929,100,1,99.018,107,1,3,4298,187491,0,0,0.000,30.211,7.378,0,0.000,138.629,3.588,0,0,2,0,8
PPG,3,104376,4176591552,127,73719,80839,81144.234,-305.234,40.992,0,0,0,0,68.18,68.18,0,0,0,100.00,0,0,24,1,1,24,24,0,0,0,4177881835,0.03589,0.00732,0.94946,0.95017,-0.00479,0.00052,-0.00247,0.00541,0.95370,0.00353,0.00609,3,12120,0,6848,0.25244,0.11089,0.43929,100,1,99.018,107,1,3,2596,187491,0,0,0.000,30.211,7.378,0,0.000,138.629,3.588,0,0,2,0,8
PPG,3,104377,4176631552,129,73731,80882,81141.609,-259.609,89.641,0,0,0,0,68.18,68.18,0,0,0,100.00,0,0,24,1,1,25,25,0,0,0,4177923456,0.03882,0.00537,0.94458,0.94539,-0.00612,-0.00028,-0.00194,0.00642,0.95441,0.00961,0.00642,3,12117,0,6848,0.25244,0.11089,0.43929,100,1,99.018,107,1,3,4300,187491,0,0,0.000,30.211,7.378,0,0.000,138.629,3.588,0,0,2,0,8
PPG,3,104378,4176671552,128,73749,80907,81139.266,-232.266,132.680,0,0,0,0,68.18,68.18,0,0,0,100.00,0,0,24,1,1,26,26,0,0,0,4177962420,0.03833,0.00366,0.95508,0.95585,-0.00558,-0.00028,-0.00221,0.00601,0.95585,0.01030,0.00601,3,12125,0,6848,0.25244,0.11089,0.43929,100,1,99.018,107,1,3,4296,187491,0,0,0.000,30.211,7.378,0,0.000,138.629,3.588,0,0,2,0,8
PPG,3,104379,4176711552,133,73761,80949,81137.359,-188.359,168.594,0,0,0,0,68.18,68.18,0,0,0,100.00,0,0,24,1,1,27,27,0,0,0,4178001413,0.03809,0.00464,0.95288,0.95365,-0.00612,0.00025,-0.00141,0.00628,0.95365,0.00390,0.00628,3,12149,0,6848,0.25244,0.11089,0.43929,100,1,99.018,107,1,3,2633,187491,0,0,0.000,30.211,7.378,0,0.000,138.629,3.588,0,0,2,0,8
PPG,3,104380,4176751552,135,73790,81011,81136.094,-125.094,190.648,0,0,0,0,68.18,68.18,0,0,0,100.00,0,0,24,1,1,28,28,0,0,0,4178049709,0.04199,0.00854,0.95313,0.95409,-0.00692,-0.00108,-0.00141,0.00714,0.95667,0.00879,0.00714,3,18822,0,6848,0.25244,0.11089,0.43929,100,1,99.018,107,1,3,14465,187491,0,0,0.000,30.211,7.378,0,0.000,138.629,3.588,0,0,2,0,8
PPG,3,104381,4176791552,129,73804,81035,81135.086,-100.086,203.289,0,0,0,0,68.18,68.18,0,0,0,100.00,0,0,24,1,1,29,29,0,0,0,4178086136,0.03906,0.00562,0.95508,0.95589,-0.00558,-0.00135,-0.00114,0.00586,0.95644,0.00482,0.00586,3,12113,0,6848,0.25244,0.11089,0.43929,100,1,99.018,107,1,3,2599,187491,0,0,0.000,30.211,7.378,0,0.000,138.629,3.588,0,0,2,0,8
PPG,3,104382,4176831552,180,73770,80960,81133.336,-173.336,201.633,0,0,0,0,68.18,68.18,0,0,0,100.00,0,0,24,1,1,30,30,0,0,0,4178122734,0.04077,0.00659,0.95776,0.95865,-0.00505,-0.00108,-0.00194,0.00552,0.95865,0.00250,0.00602,3,12252,0,6848,0.25244,0.11089,0.43929,100,1,99.018,107,1,3,4339,187491,0,0,0.000,30.211,7.378,0,0.000,138.629,3.588,0,0,2,0,8
PPG,3,104383,4176871552,178,73713,80734,81129.344,-395.344,175.977,0,0,0,0,68.18,68.18,0,0,0,100.00,0,0,24,1,1,31,31,0,0,0,4178161840,0.03809,0.01099,0.95068,0.95151,-0.00612,-0.00135,-0.00114,0.00637,0.95385,0.00480,0.00676,3,12129,0,6848,0.25244,0.11089,0.43929,100,1,99.018,107,1,3,2594,187491,0,0,0.000,30.211,7.378,0,0.000,138.629,3.588,0,0,2,0,8
PPG,3,104384,4176911552,131,73644,80583,81123.883,-540.883,129.664,0,1,0,0,68.18,68.18,0,0,0,100.00,0,0,24,1,1,0,0,0,0,0,4178203473,0.03857,0.00732,0.95776,0.95857,-0.00612,0.00025,-0.00114,0.00623,0.95857,0.00803,0.00623,3,12117,0,6848,0.25244,0.11089,0.43929,100,1,99.018,107,1,3,4294,187491,0,0,0.000,30.211,7.378,0,0.000,138.629,3.588,0,0,2,0,8
PPG,3,104385,4176951552,130,73607,80531,81117.953,-586.953,76.453,0,0,0,0,68.18,68.18,0,0,0,100.00,0,0,24,1,1,1,1,0,0,0,4178242449,0.03687,0.00366,0.95435,0.95506,-0.00638,-0.00028,-0.00114,0.00649,0.95506,0.00973,0.00649,3,12109,0,6848,0.25244,0.11089,0.43929,100,1,99.018,107,1,3,4300,187491,0,0,0.000,30.211,7.378,0,0.000,138.629,3.588,0,0,2,0,8
PPG,3,104386,4176991552,128,73598,80526,81112.031,-586.031,19.117,0,0,0,0,68.18,68.18,0,0,0,100.00,0,0,24,1,1,2,2,0,0,0,4178281401,0.04126,0.00562,0.95532,0.95623,-0.00532,-0.00108,-0.00167,0.00568,0.95623,0.00572,0.00607,3,12114,0,6848,0.25244,0.11089,0.43929,100,1,99.018,107,1,3,2595,187491,0,0,0.000,30.211,7.378,0,0.000,138.629,3.588,0,0,2,0,8
PPG,3,104387,4177031552,130,73627,80542,81106.328,-564.328,-47.328,0,0,0,0,68.18,68.18,0,0,0,100.00,0,0,24,1,1,3,3,0,0,0,4178322978,0.03687,0.00488,0.94946,0.95019,-0.00532,0.00025,-0.00221,0.00576,0.95275,0.00535,0.00626,3,12140,0,6848,0.25244,0.11089,0.43929,100,1,99.018,107,1,3,4294,187491,0,0,0.000,30.211,7.378,0,0.000,138.629,3.588,0,0,2,0,8
PPG,3,104388,4177071552,129,73631,80574,81101.008,-527.008,-114.688,0,0,0,0,68.18,68.18,0,0,0,100.00,0,0,24,1,1,4,4,0,0,0,4178361912,0.03833,0.00488,0.95483,0.95562,-0.00638,-0.00135,-0.00087,0.00658,0.95603,0.00368,0.00658,3,12111,0,6848,0.25244,0.11089,0.43929,100,1,99.018,107,1,3,2595,187491,0,0,0.000,30.211,7.378,0,0.000,138.629,3.588,0,0,2,0,8
PPG,3,104389,4177111552,132,73645,80585,81095.852,-510.852,-169.258,1,0,0,0,68.18,68.18,0,0,0,100.00,0,0,24,1,1,5,5,0,0,0,4178403496,0.03931,0.00586,0.95093,0.95176,-0.00558,-0.00001,-0.00141,0.00576,0.95306,0.00719,0.00636,3,12106,0,6848,0.25244,0.11089,0.43929,100,1,99.018,107,1,3,4295,187491,0,0,0.000,30.211,7.378,0,445.219,138.629,3.588,1,0,2,0,8
PPG,3,104390,4177151552,150,73629,80578,81090.672,-512.672,-189.992,0,0,1,940,68.18,68.18,0,0,0,100.00,0,0,24,1,1,6,6,0,0,0,4178442475,0.03906,0.00513,0.95264,0.95345,-0.00558,-0.00028,-0.00167,0.00584,0.95345,0.00309,0.00584,3,12115,0,6848,0.25244,0.11089,0.43929,100,1,99.018,107,1,3,4294,187491,0,0,169.914,30.211,7.378,1,0.000,138.629,3.588,0,1,2,0,8
PPG,3,104391,4177191552,134,73636,80567,81085.438,-518.438,-186.930,0,0,0,0,68.18,68.18,0,0,0,100.00,0,0,24,1,1,7,7,0,0,0,4178481475,0.03809,0.00342,0.95288,0.95365,-0.00612,-0.00081,-0.00114,0.00628,0.95365,0.00347,0.00675,3,12114,0,6848,0.25244,0.11089,0.43929,100,1,99.018,107,1,3,2601,187491,0,0,0.000,30.216,7.383,0,0.000,138.659,3.593,0,0,2,0,8
PPG,3,104392,4177231552,130,73650,80586,81080.445,-494.445,-172.719,0,0,0,0,68.18,68.18,0,0,0,100.00,0,0,24,1,1,8,8,0,0,0,4178523139,0.03857,0.00659,0.94995,0.95076,-0.00665,-0.00081,-0.00141,0.00685,0.95262,0.00284,0.00685,3,12151,0,6848,0.25244,0.11089,0.43929,100,1,99.018,107,1,3,4300,187491,0,0,0.000,30.216,7.383,0,0.000,138.659,3.593,0,0,2,0,8
PPG,3,104393,4177271552,130,73659,80621,81075.852,-454.852,-152.203,0,0,0,0,68.18,68.18,0,0,0,100.00,0,0,24,1,1,9,9,0,0,0,4178562097,0.03418,0.00537,0.94678,0.94741,-0.00505,-0.00028,-0.00221,0.00552,0.95256,0.00310,0.00662,3,12122,0,6848,0.25244,0.11089,0.43929,100,1,99.018,107,1,3,2595,187491,0,0,0.000,30.216,7.383,0,0.000,138.659,3.593,0,0,2,0,8
PPG,3,104394,4177311552,531,73676,80685,81071.945,-386.945,-126.617,0,0,0,0,68.18,68.18,0,0,0,100.00,0,0,24,1,1,10,10,0,0,0,4178603641,0.03687,0.00854,0.94971,0.95046,-0.00638,-0.00028,-0.00194,0.00668,0.95216,0.00458,0.00680,3,12113,0,6848,0.23180,0.10375,0.44756,100,1,98.811,83,1,3,4300,187491,0,0,0.000,30.216,7.383,0,0.000,138.659,3.593,0,0,2,0,8
PPG,3,104395,4177351552,183,73689,80734,81068.562,-334.562,-99.164,0,0,0,0,68.18,68.18,0,0,0,100.00,0,0,24,1,1,11,11,0,0,0,4178643085,0.03564,0.00708,0.95288,0.95357,-0.00532,-0.00001,-0.00141,0.00550,0.95357,0.00416,0.00567,3,12121,0,6848,0.23180,0.10375,0.44756,100,1,98.811,83,1,3,4298,187491,0,0,0.000,30.216,7.383,0,0.000,138.659,3.593,0,0,2,0,8
PPG,3,104396,4177391552,128,73723,80777,81065.648,-288.648,-68.641,0,0,0,0,68.18,68.18,0,0,0,100.00,0,0,24,1,1,12,12,0,0,0,4178682175,0.03662,0.00488,0.95239,0.95311,-0.00612,-0.00108,-0.00167,0.00643,0.95311,0.00613,0.00673,3,12117,0,6848,0.23180,0.10375,0.44756,100,1,98.811,83,1,3,2608,187491,0,0,0.000,30.216,7.383,0,0.000,138.659,3.593,0,0,2,0,8
PPG,3,104397,4177431552,129,73720,80786,81062.852,-276.852,-34.117,0,0,0,0,68.18,68.18,0,0,0,100.00,0,0,24,1,1,13,13,0,0,0,4178723788,0.04004,0.00513,0.94531,0.94617,-0.00612,-0.00081,-0.00221,0.00655,0.95712,0.01094,0.00655,3,12165,0,6848,0.23180,0.10375,0.44756,100,1,98.811,83,1,3,4307,187491,0,0,0.000,30.216,7.383,0,0.000,138.659,3.593,0,0,2,0,8
PPG,3,104398,4177471552,127,73735,80825,81060.477,-235.477,6.836,0,0,0,0,68.18,68.18,0,0,0,100.00,0,0,24,1,1,14,14,0,0,0,4178762741,0.03247,0.00464,0.95410,0.95467,-0.00585,0.00025,-0.00247,0.00636,0.95467,0.00630,0.00651,3,12115,0,6848,0.23180,0.10375,0.44756,100,1,98.811,83,1,3,4295,187491,0,0,0.000,30.216,7.383,0,0.000,138.659,3.593,0,0,2,0,8
PPG,3,104399,4177511552,129,73768,80851,81058.383,-207.383,49.594,0,0,0,0,68.18,68.18,0,0,0,100.00,0,0,24,1,1,15,15,0,0,0,4178801692,0.03564,0.00830,0.95239,0.95310,-0.00638,-0.00001,-0.00087,0.00644,0.95310,0.00706,0.00671,3,12124,0,6848,0.23180,0.10375,0.44756,100,1,98.811,83,1,3,2606,187491,0,0,0.000,30.216,7.383,0,0.000,138.659,3.593,0,0,2,0,8
PPG,3,104400,4177551552,128,73767,80883,81056.633,-173.633,93.422,0,0,0,0,68.18,68.18,0,0,0,100.00,0,0,24,1,1,16,16,0,0,0,4178843277,0.04224,0.00610,0.95459,0.95554,-0.00532,-0.00081,-0.00061,0.00541,0.95554,0.00901,0.00611,3,12121,0,6848,0.23180,0.10375,0.44756,100,1,98.811,83,1,3,4304,187491,0,0,0.000,30.216,7.383,0,0.000,138.659,3.593,0,0,2,0,8
PPG,3,104401,4177591552,129,73779,80895,81055.016,-160.016,130.422,0,0,0,0,68.18,68.18,0,0,0,100.00,0,0,24,1,1,17,17,0,0,0,4178882235,0.03760,0.00806,0.95044,0.95122,-0.00585,-0.00001,-0.00167,0.00609,0.95122,0.00663,0.00667,3,12119,0,6848,0.23180,0.10375,0.44756,100,1,98.811,83,1,3,2603,187491,0,0,0.000,30.216,7.383,0,0.000,138.659,3.593,0,0,2,0,8
PPG,3,104402,4177631552,128,73788,80938,81053.844,-115.844,160.664,0,0,0,0,68.18,68.18,0,0,0,100.00,0,0,24,1,1,18,18,0,0,0,4178923787,0.03906,0.00610,0.94727,0.94809,-0.00665,-0.00055,-0.00274,0.00721,0.95564,0.00755,0.00721,3,12136,0,6848,0.23180,0.10375,0.44756,100,1,98.811,83,1,3,4328,187491,0,0,0.000,30.216,7.383,0,0.000,138.659,3.593,0,0,2,0,8
PPG,3,104403,4177671552,129,73801,80979,81053.094,-74.094,177.273,0,0,0,0,68.18,68.18,0,0,0,100.00,0,0,24,1,1,19,19,0,0,0,4178962749,0.04272,0.00488,0.94775,0.94873,-0.00612,-0.00161,-0.00167,0.00654,0.95631,0.01027,0.00654,3,12108,0,6848,0.23180,0.10375,0.44756,100,1,98.811,83,1,3,4295,187491,0,0,0.000,30.216,7.383,0,0.000,138.659,3.593,0,0,2,0,8
PPG,3,104404,4177711552,128,73803,81008,81052.641,-44.641,187.742,0,0,0,0,68.18,68.18,0,0,0,100.00,0,0,24,1,1,20,20,0,0,0,4179001711,0.03687,0.00537,0.95630,0.95702,-0.00532,-0.00001,-0.00167,0.00557,0.95702,0.00405,0.00687,3,12117,0,6848,0.23180,0.10375,0.44756,100,1,98.811,83,1,3,2602,187491,0,0,0.000,30.216,7.383,0,0.000,138.659,3.593,0,0,2,0,8
PPG,3,104405,4177751552,229,73782,80973,81051.844,-78.844,186.781,0,0,0,0,68.18,68.18,0,0,0,100.00,0,0,24,1,1,21,21,0,0,0,4179050005,0.03784,0.00391,0.94897,0.94974,-0.00692,-0.00081,-0.00087,0.00702,0.95956,0.00876,0.00702,3,18828,0,6848,0.23180,0.10375,0.44756,100,1,98.811,83,1,3,14458,187491,0,0,0.000,30.216,7.383,0,0.000,138.659,3.593,0,0,2,0,8
PPG,3,104406,4177791552,133,73710,80751,81048.836,-297.836,161.242,0,1,0,0,68.18,68.18,0,0,0,100.00,0,0,24,1,1,22,22,0,0,0,4179086559,0.03638,0.01001,0.95264,0.95338,-0.00665,-0.00081,-0.00141,0.00685,0.95348,0.00374,0.00688,3,12111,0,6848,0.23180,0.10375,0.44756,100,1,98.811,83,1,3,2585,187491,0,0,0.000,30.216,7.383,0,0.000,138.659,3.593,0,0,2,0,8
PPG,3,104407,4177831552,130,73630,80569,81044.039,-475.039,115.039,0,0,0,0,68.18,68.18,0,0,0,100.00,0,0,24,1,1,23,23,0,0,0,4179122908,0.03979,0.00806,0.95264,0.95350,-0.00612,-0.00081,-0.00141,0.00633,0.95666,0.00684,0.00633,3,12114,0,6848,0.23180,0.10375,0.44756,100,1,98.811,83,1,3,4322,187491,0,0,0.000,30.216,7.383,0,0.000,138.659,3.593,0,0,2,0,8
PPG,3,104408,4177871552,129,73623,80512,81038.719,-526.719,63.422,0,0,0,0,68.18,68.18,0,0,0,100.00,0,0,24,1,1,24,24,0,0,0,4179161990,0.03442,0.00513,0.94849,0.94912,-0.00558,0.00025,-0.00167,0.00583,0.95340,0.00428,0.00684,3,12105,0,6848,0.23180,0.10375,0.44756,100,1,98.811,83,1,3,2687,187491,0,0,0.000,30.216,7.383,0,0.000,138.659,3.593,0,0,2,0,8
PPG,3,104409,4177911552,130,73638,80525,81033.578,-508.578,7.422,0,0,0,0,68.18,68.18,0,0,0,100.00,0,0,24,1,1,25,25,0,0,0,4179203774,0.03809,0.00659,0.94849,0.94927,-0.00585,0.00052,-0.00034,0.00588,0.96123,0.01195,0.00660,3,12169,0,6848,0.23180,0.10375,0.44756,100,1,98.811,83,1,3,4310,187491,0,0,0.000,30.216,7.383,0,0.000,138.659,3.593,0,0,2,0,8
PPG,3,104410,4177951552,129,73637,80532,81028.562,-496.562,-54.141,0,0,0,0,68.18,68.18,0,0,0,100.00,0,0,24,1,1,26,26,0,0,0,4179243129,0.03857,0.00537,0.95215,0.95294,-0.00532,-0.00055,-0.00194,0.00569,0.95695,0.00768,0.00628,3,12330,0,6848,0.23180,0.10375,0.44756,100,1,98.811,83,1,3,4331,187491,0,0,0.000,30.216,7.383,0,0.000,138.659,3.593,0,0,2,0,8
PPG,3,104411,4177991552,132,73657,80553,81023.805,-470.805,-118.438,0,0,0,0,68.18,68.18,0,0,0,100.00,0,0,24,1,1,27,27,0,0,0,4179282567,0.03735,0.01025,0.95557,0.95635,-0.00558,-0.00268,-0.00194,0.00649,0.95755,0.00560,0.00708,3,12252,0,6848,0.23180,0.10375,0.44756,100,1,98.811,83,1,3,2630,187491,0,0,0.000,30.216,7.383,0,0.000,138.659,3.593,0,0,2,0,8
PPG,3,104412,4178031552,156,73662,80597,81019.539,-422.539,-172.703,1,0,1,900,66.67,66.67,0,0,0,100.00,0,0,24,1,1,28,28,0,0,0,4179324468,0.03613,0.01343,0.95337,0.95415,-0.00558,-0.00081,-0.00087,0.00571,0.96056,0.00877,0.00635,3,12203,0,6848,0.23180,0.10375,0.44756,100,1,98.811,83,1,3,4347,187491,0,0,149.133,30.216,7.383,1,377.734,138.659,3.593,1,1,2,0,8
PPG,3,104413,4178071552,153,73656,80604,81015.383,-411.383,-192.852,0,0,0,0,66.67,66.67,0,0,0,100.00,0,0,24,1,1,29,29,0,0,0,4179363928,0.03955,0.00562,0.95142,0.95225,-0.00638,-0.00001,-0.00141,0.00654,0.95581,0.00886,0.00654,3,12265,0,6848,0.23180,0.10375,0.44756,100,1,98.811,83,1,3,4333,187491,0,0,0.000,30.091,7.274,0,0.000,138.264,3.528,0,0,2,0,8
PPG,3,104414,4178111552,129,73671,80598,81011.211,-413.211,-184.359,0,0,0,0,66.67,66.67,0,0,0,100.00,0,0,24,1,1,30,30,0,0,0,4179403253,0.03735,0.00928,0.95020,0.95097,-0.00612,-0.00108,-0.00007,0.00621,0.95606,0.01210,0.00654,3,12255,0,6848,0.23180,0.10375,0.44756,100,1,98.811,83,1,3,4342,187491,0,0,0.000,30.091,7.274,0,0.000,138.264,3.528,0,0,2,0,8
PPG,3,104415,4178151552,130,73690,80638,81007.477,-369.477,-161.562,0,0,0,0,66.67,66.67,0,0,0,100.00,0,0,24,1,1,31,31,0,0,0,4179442620,0.03809,0.00757,0.95483,0.95562,-0.00692,-0.00135,-0.00141,0.00719,0.95580,0.00646,0.00719,3,12307,0,6848,0.23180,0.10375,0.44756,100,1,98.811,83,1,3,2633,187491,0,0,0.000,30.091,7.274,0,0.000,138.264,3.528,0,0,2,0,8
PPG,3,104416,4178191552,130,73707,80713,81004.531,-291.531,-131.500,0,0,0,0,66.67,66.67,0,0,0,100.00,0,0,24,1,1,0,0,0,0,0,4179484556,0.03735,0.00464,0.95239,0.95314,-0.00585,-0.00081,-0.00087,0.00597,0.95846,0.00647,0.00671,3,12213,0,6848,0.23180,0.10375,0.44756,100,1,98.811,83,1,3,4333,187491,0,0,0.000,30.091,7.274,0,0.000,138.264,3.528,0,0,2,0,8
PPG,3,104417,4178231552,137,73717,80757,81002.055,-245.055,-97.906,0,0,0,0,66.67,66.67,0,0,0,100.00,0,0,24,1,1,1,1,0,0,0,4179523881,0.03882,0.00513,0.94531,0.94612,-0.00505,-0.00028,-0.00194,0.00542,0.95121,0.00304,0.00708,3,12251,0,6848,0.23180,0.10375,0.44756,100,1,98.811,83,1,3,4332,187491,0,0,0.000,30.091,7.274,0,0.000,138.264,3.528,0,0,2,0,8
PPG,3,104418,4178271552,129,73736,80788,80999.914,-211.914,-62.492,0,0,0,0,66.67,66.67,0,0,0,100.00,0,0,24,1,1,2,2,0,0,0,4179563145,0.03857,0.00220,0.95630,0.95708,-0.00585,-0.00135,-0.00114,0.00611,0.95708,0.00747,0.00611,3,12205,0,6848,0.23180,0.10375,0.44756,100,1,98.811,83,1,3,4321,187491,0,0,0.000,30.091,7.274,0,0.000,138.264,3.528,0,0,2,0,8
PPG,3,104419,4178311552,536,73751,80825,80998.164,-173.164,-28.609,0,0,0,0,66.67,66.67,0,0,0,100.00,0,1,24,1,1,3,3,0,0,0,4179602421,0.03638,0.00635,0.95068,0.95140,-0.00665,-0.00081,-0.00167,0.00691,0.95670,0.01082,0.00691,3,12241,0,6848,0.21722,0.09426,0.43392,100,1,99.152,78,1,3,2633,187491,0,0,0.000,30.091,7.274,0,0.000,138.264,3.528,0,0,2,0,8
PPG,3,104420,4178351552,186,73753,80849,80996.672,-147.672,8.086,0,0,0,0,66.67,66.67,0,0,0,100.00,0,1,24,1,1,4,4,0,0,0,4179644842,0.03467,0.00513,0.95020,0.95084,-0.00612,-0.00081,-0.00061,0.00620,0.95464,0.00380,0.00651,3,12298,0,6848,0.21722,0.09426,0.43392,100,1,99.152,78,1,3,4333,187491,0,0,0.000,30.091,7.274,0,0.000,138.264,3.528,0,0,2,0,8
PPG,3,104421,4178391552,158,73762,80882,80995.523,-113.523,49.312,0,0,0,0,66.67,66.67,0,0,0,100.00,0,1,24,1,1,5,5,0,0,0,4179684152,0.03613,0.00464,0.94922,0.94992,-0.00665,0.00105,-0.00114,0.00683,0.94992,0.00106,0.00736,3,12226,0,6848,0.21722,0.09426,0.43392,100,1,99.152,78,1,3,4315,187491,0,0,0.000,30.091,7.274,0,0.000,138.264,3.528,0,0,2,0,8
PPG,3,104422,4178431552,130,73772,80896,80994.531,-98.531,88.258,0,0,0,0,66.67,66.67,0,0,0,100.00,0,1,24,1,1,6,6,0,0,0,4179723567,0.03540,0.00806,0.95410,0.95479,-0.00665,0.00025,-0.00194,0.00693,0.95479,0.01015,0.00693,3,12259,0,6848,0.21722,0.09426,0.43392,100,1,99.152,78,1,3,4325,187491,0,0,0.000,30.091,7.274,0,0.000,138.264,3.528,0,0,2,0,8
PPG,3,104423,4178471552,135,73786,80931,80993.898,-62.898,121.812,0,0,0,0,66.67,66.67,0,0,0,100.00,0,1,24,1,1,7,7,0,0,0,4179762866,0.03711,0.00439,0.95654,0.95727,-0.00638,-0.00001,-0.00141,0.00654,0.95727,0.00535,0.00685,3,12237,0,6848,0.21722,0.09426,0.43392,100,1,99.152,78,1,3,4334,187491,0,0,0.000,30.091,7.274,0,0.000,138.264,3.528,0,0,2,0,8
PPG,3,104424,4178511552,130,73816,80988,80993.836,-5.836,155.812,0,0,0,0,66.67,66.67,0,0,0,100.00,0,1,24,1,1,8,8,0,0,0,4179802177,0.03638,0.00317,0.94946,0.95016,-0.00665,-0.00028,-0.00141,0.00680,0.95272,0.00784,0.00680,3,12237,0,6848,0.21722,0.09426,0.43392,100,1,99.152,78,1,3,2642,187491,0,0,0.000,30.091,7.274,0,0.000,138.264,3.528,0,0,2,0,8
PPG,3,104425,4178551552,134,73830,81012,80994.016,17.984,185.859,0,0,0,0,66.67,66.67,0,0,0,100.00,0,1,24,1,1,9,9,0,0,0,4179843982,0.03857,0.00488,0.95190,0.95270,-0.00505,-0.00055,-0.00141,0.00527,0.95351,0.00296,0.00720,3,12129,0,6848,0.21722,0.09426,0.43392,100,1,99.152,78,1,3,4297,187491,0,0,0.000,30.091,7.274,0,0.000,138.264,3.528,0,0,2,0,8
PPG,3,104426,4178591552,145,73828,81030,80994.375,35.625,201.188,0,0,0,0,66.67,66.67,0,0,0,100.00,0,1,24,1,1,10,10,0,0,0,4179883123,0.04077,0.00586,0.95557,0.95645,-0.00612,-0.00081,-0.00167,0.00639,0.95645,0.00660,0.00639,3,12123,0,6848,0.21722,0.09426,0.43392,100,1,99.152,78,1,3,4297,187491,0,0,0.000,30.091,7.274,0,0.000,138.264,3.528,0,0,2,0,8
PPG,3,104427,4178631552,224,73806,80986,80994.289,-8.289,199.914,0,0,0,0,66.67,66.67,0,0,0,100.00,0,1,24,1,1,11,11,0,0,0,4179922201,0.03833,0.00635,0.94946,0.95026,-0.00479,-0.00055,-0.00167,0.00510,0.95417,0.00391,0.00566,3,12116,0,6848,0.21722,0.09426,0.43392,100,1,99.152,78,1,3,2603,187491,0,0,0.000,30.091,7.274,0,0.000,138.264,3.528,0,0,2,0,8
PPG,3,104428,4178671552,171,73738,80755,80991.898,-236.898,169.617,0,1,0,0,66.67,66.67,0,0,0,100.00,0,1,24,1,1,12,12,0,0,0,4179963925,0.03516,0.00439,0.95239,0.95305,-0.00585,-0.00028,-0.00087,0.00592,0.95305,0.00691,0.00624,3,12114,0,6848,0.21722,0.09426,0.43392,100,1,99.152,78,1,3,4301,187491,0,0,0.000,30.091,7.274,0,0.000,138.264,3.528,0,0,2,0,8
PPG,3,104429,4178711552,146,73667,80582,80987.797,-405.797,121.914,0,0,0,0,66.67,66.67,0,0,0,100.00,0,1,24,1,1,13,13,0,0,0,4180002941,0.03662,0.00586,0.95508,0.95580,-0.00505,0.00025,-0.00221,0.00552,0.95580,0.00382,0.00660,3,12111,0,6848,0.21722,0.09426,0.43392,100,1,99.152,78,1,3,4301,187491,0,0,0.000,30.091,7.274,0,0.000,138.264,3.528,0,0,2,0,8
PPG,3,104430,4178751552,136,73631,80535,80983.266,-448.266,65.188,0,0,0,0,66.67,66.67,0,0,0,100.00,0,1,24,1,1,14,14,0,0,0,4180051388,0.03784,0.00415,0.94409,0.94486,-0.00692,-0.00028,-0.00167,0.00712,0.94930,0.00788,0.00712,3,21582,0,6849,0.21722,0.09426,0.43392,100,1,99.152,78,1,3,14613,187491,0,0,0.000,30.091,7.274,0,0.000,138.264,3.528,0,0,2,0,8
PPG,3,104431,4178791552,142,73649,80564,80979.070,-415.070,4.070,0,0,0,0,66.67,66.67,0,0,0,100.00,0,1,24,1,1,15,15,0,0,0,4180118060,0.03931,0.00635,0.95459,0.95542,-0.00585,-0.00028,-0.00221,0.00626,0.95542,0.01056,0.00626,1,66672,0,6854,0.21722,0.09426,0.43392,100,1,99.152,78,1,3,66525,187491,0,0,0.000,30.091,7.274,0,0.000,138.264,3.528,0,0,2,0,8
PPG,3,104432,4178831552,128,73654,80598,80975.258,-377.258,-55.117,0,0,0,0,66.67,66.67,0,0,0,100.00,0,1,24,1,1,16,16,0,0,0,4180130232,0.03613,0.00488,0.95093,0.95163,-0.00558,-0.00081,-0.00247,0.00616,0.95163,0.00379,0.00616,1,12172,0,6854,0.21722,0.09426,0.43392,100,1,99.152,78,1,3,12195,187491,0,0,0.000,30.091,7.274,0,0.000,138.264,3.528,0,0,2,0,8
PPG,3,104433,4178871552,133,73688,80660,80972.102,-312.102,-110.781,0,0,0,0,66.67,66.67,0,0,0,100.00,0,1,24,1,1,17,17,0,0,0,4180166691,0.03296,0.00537,0.95020,0.95078,-0.00638,-0.00028,0.00019,0.00639,0.95322,0.00159,0.00639,3,12152,0,6854,0.21722,0.09426,0.43392,100,1,99.152,78,1,3,2586,187491,0,0,0.000,30.091,7.274,0,0.000,138.264,3.528,0,0,2,0,8
PPG,3,104434,4178911552,167,73708,80701,80969.391,-268.391,-156.641,1,0,1,880,68.18,68.18,0,0,0,100.00,0,1,24,1,1,18,18,0,0,0,4180203063,0.03589,0.00757,0.95239,0.95310,-0.00612,-0.00001,-0.00114,0.00622,0.95422,0.00370,0.00647,3,12123,0,6854,0.21722,0.09426,0.43392,100,1,99.152,78,1,3,4303,187491,0,0,145.242,30.091,7.274,1,394.039,138.264,3.528,1,1,2,0,8
PPG,3,104435,4178951552,175,73683,80670,80966.398,-296.398,-170.391,0,0,0,0,68.18,68.18,0,0,0,100.00,0,1,24,1,1,19,19,0,0,0,4180242120,0.03979,0.00488,0.94946,0.95031,-0.00638,-0.00081,-0.00114,0.00654,0.95685,0.00654,0.00654,3,12132,0,6854,0.21722,0.09426,0.43392,100,1,99.152,78,1,3,2599,187491,0,0,0.000,29.958,7.158,0,0.000,138.020,3.489,0,0,2,0,8
PPG,3,104436,4178991552,129,73697,80649,80963.227,-314.227,-157.609,0,0,0,0,68.18,68.18,0,0,0,100.00,0,1,24,1,1,20,20,0,0,0,4180283942,0.03882,0.00342,0.94727,0.94807,-0.00638,-0.00028,-0.00167,0.00661,0.94807,0.00304,0.00714,3,12117,0,6854,0.21722,0.09426,0.43392,100,1,99.152,78,1,3,4302,187491,0,0,0.000,29.958,7.158,0,0.000,138.020,3.489,0,0,2,0,8
PPG,3,104437,4179031552,130,73741,80723,80960.828,-237.828,-129.062,0,0,0,0,68.18,68.18,0,0,0,100.00,0,1,24,1,1,21,21,0,0,0,4180322888,0.03638,0.00562,0.94775,0.94847,-0.00612,-0.00055,-0.00247,0.00662,0.95704,0.00857,0.00662,3,12116,0,6854,0.21722,0.09426,0.43392,100,1,99.152,78,1,3,2595,187491,0,0,0.000,29.958,7.158,0,0.000,138.020,3.489,0,0,2,0,8
PPG,3,104438,4179071552,130,73745,80780,80959.023,-179.023,-97.797,0,0,0,0,68.18,68.18,0,0,0,100.00,0,1,24,1,1,22,22,0,0,0,4180364536,0.03857,0.00708,0.95215,0.95296,-0.00638,0.00025,-0.00221,0.00676,0.95311,0.00465,0.00676,3,12164,0,6854,0.21722,0.09426,0.43392,100,1,99.152,78,1,3,4294,187491,0,0,0.000,29.958,7.158,0,0.000,138.020,3.489,0,0,2,0,8
PPG,3,104439,4179111552,130,73762,80807,80957.500,-150.500,-67.039,0,0,0,0,68.18,68.18,0,0,0,100.00,0,1,24,1,1,23,23,0,0,0,4180403498,0.03809,0.00684,0.95264,0.95342,-0.00558,-0.00001,-0.00194,0.00591,0.95342,0.00444,0.00609,3,12114,0,6854,0.21722,0.09426,0.43392,100,1,99.152,78,1,3,4295,187491,0,0,0.000,29.958,7.158,0,0.000,138.020,3.489,0,0,2,0,8
PPG,3,104440,4179151552,131,73766,80841,80956.336,-115.336,-40.789,0,0,0,0,68.18,68.18,0,0,0,100.00,0,1,24,1,1,24,24,0,0,0,4180442449,0.03491,0.00928,0.94873,0.94942,-0.00638,-0.00055,-0.00167,0.00662,0.95144,0.00344,0.00662,3,12114,0,6854,0.21722,0.09426,0.43392,100,1,99.152,78,1,3,2599,187491,0,0,0.000,29.958,7.158,0,0.000,138.020,3.489,0,0,2,0,8
PPG,3,104441,4179191552,133,73795,80878,80955.555,-77.555,-15.297,0,0,0,0,68.18,68.18,0,0,0,100.00,0,1,24,1,1,25,25,0,0,0,4180484016,0.04102,0.00391,0.95313,0.95402,-0.00585,-0.00081,-0.00141,0.00607,0.95572,0.00586,0.00627,3,12104,0,6854,0.21722,0.09426,0.43392,100,1,99.152,78,1,3,4295,187491,0,0,0.000,29.958,7.158,0,0.000,138.020,3.489,0,0,2,0,8
PPG,3,104442,4179231552,128,73814,80912,80955.117,-43.117,18.469,0,0,0,0,68.18,68.18,0,0,0,100.00,0,1,24,1,1,26,26,0,0,0,4180522964,0.03271,0.00854,0.94800,0.94860,-0.00479,-0.00081,-0.00114,0.00499,0.95028,0.00487,0.00591,3,12116,0,6854,0.21722,0.09426,0.43392,100,1,99.152,78,1,3,2599,187491,0,0,0.000,29.958,7.158,0,0.000,138.020,3.489,0,0,2,0,8
PPG,3,104443,4179271552,129,73808,80922,80954.789,-32.789,57.922,0,0,0,0,68.18,68.18,0,0,0,100.00,0,1,24,1,1,27,27,0,0,0,4180564534,0.04468,0.00415,0.95532,0.95638,-0.00558,-0.00081,-0.00194,0.00597,0.95638,0.00698,0.00597,3,12142,0,6854,0.21722,0.09426,0.43392,100,1,99.152,78,1,3,4333,187491,0,0,0.000,29.958,7.158,0,0.000,138.020,3.489,0,0,2,0,8
PPG,3,104444,4179311552,519,73811,80955,80954.789,0.211,92.711,0,0,0,0,68.18,68.18,0,0,0,100.00,0,1,24,1,1,28,28,0,0,0,4180603539,0.03564,0.00635,0.95020,0.95088,-0.00505,-0.00081,-0.00114,0.00524,0.95692,0.00524,0.00659,3,12116,0,6854,0.20854,0.09342,0.44795,100,1,98.801,68,1,3,4295,187491,0,0,0.000,29.958,7.158,0,0.000,138.020,3.489,0,0,2,0,8
PPG,3,104445,4179351552,179,73845,81018,80955.422,62.578,126.414,0,0,0,0,68.18,68.18,0,0,0,100.00,0,1,24,1,1,29,29,0,0,0,4180642912,0.03540,0.00513,0.95166,0.95233,-0.00585,-0.00081,-0.00167,0.00614,0.95233,0.00230,0.00644,3,12121,0,6854,0.20854,0.09342,0.44795,100,1,98.801,68,1,3,2594,187491,0,0,0.000,29.958,7.158,0,0.000,138.020,3.489,0,0,2,0,8
PPG,3,104446,4179391552,128,73869,81075,80956.617,118.383,162.453,0,0,0,0,68.18,68.18,0,0,0,100.00,0,1,24,1,1,30,30,0,0,0,4180684554,0.03906,0.00781,0.95093,0.95176,-0.00558,-0.00028,-0.00167,0.00584,0.95739,0.00563,0.00685,3,12113,0,6854,0.20854,0.09342,0.44795,100,1,98.801,68,1,3,4294,187491,0,0,0.000,29.958,7.158,0,0.000,138.020,3.489,0,0,2,0,8
PPG,3,104447,4179431552,130,73904,81129,80958.344,170.656,196.438,0,0,0,0,68.18,68.18,0,0,0,100.00,0,1,24,1,1,31,31,0,0,0,4180723536,0.03833,0.00732,0.95435,0.95514,-0.00585,0.00025,-0.00167,0.00609,0.95819,0.00327,0.00721,3,12123,0,6854,0.20854,0.09342,0.44795,100,1,98.801,68,1,3,4294,187491,0,0,0.000,29.958,7.158,0,0.000,138.020,3.489,0,0,2,0,8
PPG,3,104448,4179471552,132,73902,81105,80959.812,145.188,211.367,0,1,0,0,68.18,68.18,0,0,0,100.00,0,1,24,1,1,0,0,0,0,0,4180762552,0.03662,0.00635,0.95142,0.95214,-0.00558,-0.00081,-0.00194,0.00597,0.95214,0.00394,0.00639,3,12119,0,6854,0.20854,0.09342,0.44795,100,1,98.801,68,1,3,2602,187491,0,0,0.000,29.958,7.158,0,0.000,138.020,3.489,0,0,2,0,8
PPG,3,104449,4179511552,221,73816,80898,80959.195,-61.195,193.570,0,0,0,0,68.18,68.18,0,0,0,100.00,0,1,24,1,1,1,1,0,0,0,4180804251,0.03687,0.00415,0.95068,0.95141,-0.00558,-0.00108,-0.00221,0.00610,0.95632,0.00418,0.00617,3,12125,0,6854,0.20854,0.09342,0.44795,100,1,98.801,68,1,3,4296,187491,0,0,0.000,29.958,7.158,0,0.000,138.020,3.489,0,0,2,0,8
PPG,3,104450,4179551552,127,73748,80723,80956.836,-233.836,155.742,0,0,0,0,68.18,68.18,0,0,0,100.00,0,1,24,1,1,2,2,0,0,0,4180843297,0.03613,0.00708,0.95093,0.95164,-0.00585,-0.00028,-0.00114,0.00597,0.95164,0.00550,0.00669,3,12122,0,6854,0.20854,0.09342,0.44795,100,1,98.801,68,1,3,4307,187491,0,0,0.000,29.958,7.158,0,0.000,138.020,3.489,0,0,2,0,8
PPG,3,104451,4179591552,129,73712,80673,80954.000,-281.000,110.008,0,0,0,0,68.18,68.18,0,0,0,100.00,0,1,24,1,1,3,3,0,0,0,4180882310,0.03638,0.00684,0.95679,0.95750,-0.00532,-0.00028,-0.00114,0.00545,0.95778,0.00736,0.00654,3,12141,0,6854,0.20854,0.09342,0.44795,100,1,98.801,68,1,3,2602,187491,0,0,0.000,29.958,7.158,0,0.000,138.020,3.489,0,0,2,0,8
PPG,3,104452,4179631552,128,73721,80677,80951.227,-274.227,57.344,0,0,0,0,68.18,68.18,0,0,0,100.00,0,1,24,1,1,4,4,0,0,0,4180923865,0.04150,0.00586,0.94873,0.94966,-0.00585,-0.00028,-0.00087,0.00592,0.95364,0.01129,0.00592,3,12116,0,6854,0.20854,0.09342,0.44795,100,1,98.801,68,1,3,4299,187491,0,0,0.000,29.958,7.158,0,0.000,138.020,3.489,0,0,2,0,8
PPG,3,104453,4179671552,129,73713,80694,80948.656,-254.656,1.211,0,0,0,0,68.18,68.18,0,0,0,100.00,0,1,24,1,1,5,5,0,0,0,4180962806,0.03931,0.00513,0.95459,0.95541,-0.00558,-0.00028,-0.00034,0.00560,0.95541,0.00368,0.00628,3,12115,0,6854,0.20854,0.09342,0.44795,100,1,98.801,68,1,3,2612,187491,0,0,0.000,29.958,7.158,0,0.000,138.020,3.489,0,0,2,0,8
PPG,3,104454,4179711552,128,73728,80720,80946.367,-226.367,-58.164,0,0,0,0,68.18,68.18,0,0,0,100.00,0,1,24,1,1,6,6,0,0,0,4181004794,0.03809,0.00366,0.95483,0.95560,-0.00585,-0.00055,-0.00007,0.00588,0.95560,0.00484,0.00588,3,12194,0,6854,0.20854,0.09342,0.44795,100,1,98.801,68,1,3,4307,187491,0,0,0.000,29.958,7.158,0,0.000,138.020,3.489,0,0,2,0,8
PPG,3,104455,4179751552,136,73750,80771,80944.617,-173.617,-110.930,0,0,0,0,68.18,68.18,0,0,0,100.00,0,1,24,1,1,7,7,0,0,0,4181053110,0.03760,0.00562,0.95190,0.95266,-0.00532,-0.00001,-0.00221,0.00576,0.95740,0.00474,0.00641,3,21425,0,6855,0.20854,0.09342,0.44795,100,1,98.801,68,1,3,14438,187491,0,0,0.000,29.958,7.158,0,0.000,138.020,3.489,0,0,2,0,8
PPG,3,104456,4179791552,154,73762,80777,80942.938,-165.938,-134.609,1,0,1,880,68.18,68.18,0,0,0,100.00,0,1,24,1,1,8,8,0,0,0,4181089605,0.03979,0.00708,0.95337,0.95423,-0.00558,-0.00028,-0.00061,0.00562,0.95423,0.00279,0.00571,3,12147,0,6855,0.20854,0.09342,0.44795,100,1,98.801,68,1,3,2597,187491,0,0,159.008,29.958,7.158,1,381.758,138.020,3.489,1,1,2,0,8
PPG,3,104457,4179831552,129,73757,80762,80941.125,-179.125,-130.992,0,0,0,0,68.18,68.18,0,0,0,100.00,0,1,24,1,1,9,9,0,0,0,4181126104,0.03613,0.00781,0.95703,0.95775,-0.00585,-0.00055,-0.00114,0.00599,0.95881,0.01065,0.00677,3,12116,0,6855,0.20854,0.09342,0.44795,100,1,98.801,68,1,3,2597,187491,0,0,0.000,29.927,7.131,0,0.000,137.730,3.441,0,0,2,0,8
PPG,3,104458,4179871552,128,73754,80759,80939.305,-180.305,-117.656,0,0,0,0,68.18,68.18,0,0,0,100.00,0,1,24,1,1,10,10,0,0,0,4181162639,0.03638,0.00562,0.95020,0.95091,-0.00505,-0.00081,-0.00221,0.00557,0.95091,0.00781,0.00626,3,12123,0,6855,0.20854,0.09342,0.44795,100,1,98.801,68,1,3,2601,187491,0,0,0.000,29.927,7.131,0,0.000,137.730,3.441,0,0,2,0,8
PPG,3,104459,4179911552,131,73791,80852,80938.430,-86.430,-94.906,0,0,0,0,68.18,68.18,0,0,0,100.00,0,1,24,1,1,11,11,0,0,0,4181204584,0.03931,0.00854,0.94971,0.95056,-0.00585,-0.00081,-0.00114,0.00602,0.95150,0.00458,0.00680,3,12199,0,6855,0.20854,0.09342,0.44795,100,1,98.801,68,1,3,4340,187491,0,0,0.000,29.927,7.131,0,0.000,137.730,3.441,0,0,2,0,8
PPG,3,104460,4179951552,137,73799,80891,80937.953,-46.953,-69.258,0,0,0,0,68.18,68.18,0,0,0,100.00,0,1,24,1,1,12,12,0,0,0,4181243957,0.03540,0.00464,0.94775,0.94843,-0.00665,0.00025,-0.00007,0.00666,0.95782,0.00910,0.00666,3,12278,0,6855,0.20854,0.09342,0.44795,100,1,98.801,68,1,3,4341,187491,0,0,0.000,29.927,7.131,0,0.000,137.730,3.441,0,0,2,0,8
PPG,3,104461,4179991552,130,73812,80929,80937.867,-8.867,-41.961,0,0,0,0,68.18,68.18,0,0,0,100.00,0,1,24,1,1,13,13,0,0,0,4181283271,0.04053,0.00952,0.95264,0.95355,-0.00638,-0.00135,-0.00141,0.00667,0.95657,0.00815,0.00676,3,12241,0,6855,0.20854,0.09342,0.44795,100,1,98.801,68,1,3,4362,187491,0,0,0.000,29.927,7.131,0,0.000,137.730,3.441,0,0,2,0,8
PPG,3,104462,4180031552,141,73853,80965,80938.141,26.859,-16.891,0,0,0,0,68.18,68.18,0,0,0,100.00,0,1,24,1,1,14,14,0,0,0,4181322593,0.04175,0.00317,0.95752,0.95843,-0.00612,-0.00055,-0.00141,0.00630,0.95843,0.00739,0.00630,3,12257,0,6855,0.20854,0.09342,0.44795,100,1,98.801,68,1,3,2635,187491,0,0,0.000,29.927,7.131,0,0.000,137.730,3.441,0,0,2,0,8
PPG,3,104463,4180071552,130,73850,81007,80938.828,68.172,11.711,0,0,0,0,68.18,68.18,0,0,0,100.00,0,1,24,1,1,15,15,0,0,0,4181364535,0.04004,0.00684,0.95020,0.95106,-0.00772,0.00052,-0.00194,0.00797,0.95950,0.00518,0.00797,3,12203,0,6855,0.20854,0.09342,0.44795,100,1,98.801,68,1,3,4353,187491,0,0,0.000,29.927,7.131,0,0.000,137.730,3.441,0,0,2,0,8
PPG,3,104464,4180111552,138,73869,81035,80939.789,95.211,46.711,0,0,0,0,68.18,68.18,0,0,0,100.00,0,1,24,1,1,16,16,0,0,0,4181403976,0.03979,0.00659,0.94897,0.94983,-0.00532,-0.00081,-0.00247,0.00592,0.95452,0.00375,0.00752,3,12235,0,6855,0.20854,0.09342,0.44795,100,1,98.801,68,1,3,4328,187491,0,0,0.000,29.927,7.131,0,0.000,137.730,3.441,0,0,2,0,8
PPG,3,104465,4180151552,130,73887,81108,80941.469,166.531,92.070,0,0,0,0,68.18,68.18,0,0,0,100.00,0,1,24,1,1,17,17,0,0,0,4181443217,0.03564,0.00781,0.95264,0.95334,-0.00558,-0.00028,-0.00114,0.00571,0.95499,0.01018,0.00675,3,12195,0,6855,0.20854,0.09342,0.44795,100,1,98.801,68,1,3,2638,187491,0,0,0.000,29.927,7.131,0,0.000,137.730,3.441,0,0,2,0,8
PPG,3,104466,4180191552,131,73914,81157,80943.625,213.375,131.539,0,0,0,0,68.18,68.18,0,0,0,100.00,0,1,24,1,1,18,18,0,0,0,4181485194,0.03784,0.00854,0.95508,0.95587,-0.00585,-0.00081,-0.00087,0.00597,0.95588,0.00353,0.00613,3,12250,0,6855,0.20854,0.09342,0.44795,100,1,98.801,68,1,3,4364,187491,0,0,0.000,29.927,7.131,0,0.000,137.730,3.441,0,0,2,0,8
PPG,3,104467,4180231552,130,73928,81205,80946.242,258.758,172.602,0,0,0,0,68.18,68.18,0,0,0,100.00,0,1,24,1,1,19,19,0,0,0,4181524535,0.03687,0.00415,0.95288,0.95360,-0.00505,-0.00135,-0.00247,0.00578,0.95360,0.00605,0.00674,3,12222,0,6855,0.20854,0.09342,0.44795,100,1,98.801,68,1,3,4315,187491,0,0,0.000,29.927,7.131,0,0.000,137.730,3.441,0,0,2,0,8
PPG,3,104468,4180271552,137,73933,81230,80949.078,280.922,209.352,0,1,0,0,68.18,68.18,0,0,0,100.00,0,1,24,1,1,20,20,0,0,0,4181563812,0.03979,0.00586,0.95044,0.95129,-0.00638,-0.00028,-0.00167,0.00661,0.95880,0.00985,0.00661,3,12225,0,6855,0.20854,0.09342,0.44795,100,1,98.801,68,1,3,4354,187491,0,0,0.000,29.927,7.131,0,0.000,137.730,3.441,0,0,2,0,8
PPG,3,104469,4180311552,531,73924,81238,80951.969,286.031,231.352,0,0,0,0,68.18,68.18,0,0,0,100.00,0,0,24,1,1,21,21,0,0,0,4181603174,0.03711,0.00415,0.94922,0.94995,-0.00612,-0.00055,-0.00167,0.00637,0.95491,0.00614,0.00669,3,12251,0,6855,0.22491,0.10883,0.48388,100,1,97.903,68,1,3,2631,187491,0,0,0.000,29.927,7.131,0,0.000,137.730,3.441,0,0,2,0,8
PPG,3,104470,4180351552,273,73869,81064,80953.086,110.914,222.438,0,0,0,0,68.18,68.18,0,0,0,100.00,0,0,24,1,1,22,22,0,0,0,4181645537,0.04077,0.00415,0.94580,0.94669,-0.00612,-0.00081,-0.00327,0.00698,0.95529,0.00860,0.00716,3,12253,0,6855,0.22491,0.10883,0.48388,100,1,97.903,68,1,3,4326,187491,0,0,0.000,29.927,7.131,0,0.000,137.730,3.441,0,0,2,0,8
PPG,3,104471,4180391552,163,73785,80832,80951.875,-119.875,185.492,0,0,0,0,68.18,68.18,0,0,0,100.00,0,0,24,1,1,23,23,0,0,0,4181685054,0.04321,0.00513,0.94702,0.94802,-0.00532,0.00052,-0.00194,0.00568,0.95278,0.00476,0.00568,3,12260,0,6855,0.22491,0.10883,0.48388,100,1,97.903,68,1,3,4354,187491,0,0,0.000,29.927,7.131,0,0.000,137.730,3.441,0,0,2,0,8
PPG,3,104472,4180431552,129,73763,80770,80950.055,-180.055,132.562,0,0,0,0,68.18,68.18,0,0,0,100.00,0,0,24,1,1,24,24,0,0,0,4181724414,0.03931,0.00879,0.94727,0.94812,-0.00665,0.00132,-0.00087,0.00684,0.94921,0.00319,0.00756,3,12243,0,6855,0.22491,0.10883,0.48388,100,1,97.903,68,1,3,4340,187491,0,0,0.000,29.927,7.131,0,0.000,137.730,3.441,0,0,2,0,8
PPG,3,104473,4180471552,131,73771,80791,80948.461,-157.461,75.422,0,0,0,0,68.18,68.18,0,0,0,100.00,0,0,24,1,1,25,25,0,0,0,4181763772,0.04004,0.00464,0.95239,0.95325,-0.00505,-0.00028,-0.00141,0.00525,0.95325,0.00980,0.00644,3,12239,0,6855,0.22491,0.10883,0.48388,100,1,97.903,68,1,3,4345,187491,0,0,0.000,29.927,7.131,0,0.000,137.730,3.441,0,0,2,0,8
PPG,3,104474,4180511552,129,73790,80826,80947.234,-121.234,15.977,0,0,0,0,68.18,68.18,0,0,0,100.00,0,0,24,1,1,26,26,0,0,0,4181803105,0.03882,0.00366,0.95264,0.95343,-0.00745,-0.00108,-0.00114,0.00761,0.95343,0.00211,0.00761,3,12307,0,6855,0.22491,0.10883,0.48388,100,1,97.903,68,1,3,2605,187491,0,0,0.000,29.927,7.131,0,0.000,137.730,3.441,0,0,2,0,8
PPG,3,104475,4180551552,130,73792,80856,80946.320,-90.320,-41.703,0,0,0,0,68.18,68.18,0,0,0,100.00,0,0,24,1,1,27,27,0,0,0,4181844848,0.03491,0.00830,0.94727,0.94795,-0.00638,-0.00028,-0.00114,0.00649,0.94827,0.00516,0.00758,3,12196,0,6855,0.22491,0.10883,0.48388,100,1,97.903,68,1,3,4300,187491,0,0,0.000,29.927,7.131,0,0.000,137.730,3.441,0,0,2,0,8
PPG,3,104476,4180591552,129,73822,80895,80945.805,-50.805,-96.602,0,0,0,0,68.18,68.18,0,0,0,100.00,0,0,24,1,1,28,28,0,0,0,4181883862,0.03906,0.00562,0.94702,0.94784,-0.00585,-0.00001,-0.00167,0.00609,0.94784,0.00086,0.00654,3,12178,0,6855,0.22491,0.10883,0.48388,100,1,97.903,68,1,3,4304,187491,0,0,0.000,29.927,7.131,0,0.000,137.730,3.441,0,0,2,0,8
PPG,3,104477,4180631552,149,73828,80908,80945.430,-37.430,-126.188,1,0,1,840,68.18,68.18,0,0,0,100.00,0,0,24,1,1,29,29,0,0,0,4181922834,0.03931,0.00830,0.95825,0.95909,-0.00612,-0.00081,-0.00007,0.00617,0.95909,0.00852,0.00654,3,12123,0,6855,0.22491,0.10883,0.48388,100,1,97.903,68,1,3,2595,187491,0,0,142.633,29.927,7.131,1,365.961,137.730,3.441,1,1,2,0,8
PPG,3,104478,4180671552,130,73826,80899,80944.969,-45.969,-123.609,0,0,0,0,68.18,68.18,0,0,0,100.00,0,0,24,1,1,30,30,0,0,0,4181964555,0.03687,0.00610,0.94775,0.94849,-0.00479,-0.00028,-0.00114,0.00493,0.95559,0.00435,0.00519,3,12125,0,6855,0.22491,0.10883,0.48388,100,1,97.903,68,1,3,4295,187491,0,0,0.000,29.798,7.018,0,0.000,137.377,3.384,0,0,2,0,8
PPG,3,104479,4180711552,130,73841,80917,80944.688,-27.688,-105.859,0,0,0,0,68.18,68.18,0,0,0,100.00,0,0,24,1,1,31,31,0,0,0,4182003557,0.03589,0.00098,0.94971,0.95039,-0.00505,-0.00055,-0.00194,0.00544,0.95215,0.00366,0.00712,3,12154,0,6855,0.22491,0.10883,0.48388,100,1,97.903,68,1,3,2597,187491,0,0,0.000,29.798,7.018,0,0.000,137.377,3.384,0,0,2,0,8
PPG,3,104480,4180751552,136,73860,80952,80944.758,7.242,-85.914,0,0,0,0,68.18,68.18,0,0,0,100.00,0,0,24,1,1,0,0,0,0,0,4182054521,0.03833,0.00366,0.94775,0.94854,-0.00585,-0.00081,-0.00087,0.00597,0.95125,0.00617,0.00710,3,21440,0,6856,0.22491,0.10883,0.48388,100,1,97.903,68,1,3,14462,187491,0,0,0.000,29.798,7.018,0,0.000,137.377,3.384,0,0,2,0,8
PPG,3,104481,4180791552,135,73873,81015,80945.461,69.539,-63.211,0,0,0,0,68.18,68.18,0,0,0,100.00,0,0,24,1,1,1,1,0,0,0,4182078838,0.03735,0.00659,0.94995,0.95071,-0.00585,-0.00028,-0.00061,0.00589,0.95071,0.00136,0.00589,2,12173,0,6856,0.22491,0.10883,0.48388,100,1,97.903,68,1,3,2591,187491,0,0,0.000,29.798,7.018,0,0.000,137.377,3.384,0,0,2,0,8
PPG,3,104482,4180831552,129,73886,81043,80946.438,96.562,-40.398,0,0,0,0,68.18,68.18,0,0,0,100.00,0,0,24,1,1,2,2,0,0,0,4182123002,0.03735,0.00635,0.95435,0.95510,-0.00505,-0.00081,-0.00114,0.00524,0.95510,0.00636,0.00576,3,12110,0,6856,0.22491,0.10883,0.48388,100,1,97.903,68,1,3,2598,187491,0,0,0.000,29.798,7.018,0,0.000,137.377,3.384,0,0,2,0,8
PPG,3,104483,4180871552,131,73898,81070,80947.672,122.328,-18.547,0,0,0,0,68.18,68.18,0,0,0,100.00,0,0,24,1,1,3,3,0,0,0,4182164623,0.03882,0.00513,0.95435,0.95515,-0.00558,-0.00108,-0.00194,0.00601,0.95515,0.00398,0.00601,3,12123,0,6856,0.22491,0.10883,0.48388,100,1,97.903,68,1,3,4296,187491,0,0,0.000,29.798,7.018,0,0.000,137.377,3.384,0,0,2,0,8
PPG,3,104484,4180911552,129,73909,81121,80949.406,171.594,7.578,0,0,0,0,68.18,68.18,0,0,0,100.00,0,0,24,1,1,4,4,0,0,0,4182203627,0.03516,0.00659,0.94360,0.94428,-0.00585,-0.00055,-0.00167,0.00611,0.95432,0.01004,0.00644,3,12167,0,6856,0.22491,0.10883,0.48388,100,1,97.903,68,1,3,2595,187491,0,0,0.000,29.798,7.018,0,0.000,137.377,3.384,0,0,2,0,8
PPG,3,104485,4180951552,130,73925,81154,80951.453,202.547,41.711,0,0,0,0,68.18,68.18,0,0,0,100.00,0,0,24,1,1,5,5,0,0,0,4182245144,0.03687,0.00684,0.95703,0.95777,-0.00558,-0.00108,-0.00114,0.00580,0.95777,0.01008,0.00647,3,12112,0,6856,0.22491,0.10883,0.48388,100,1,97.903,68,1,3,4300,187491,0,0,0.000,29.798,7.018,0,0.000,137.377,3.384,0,0,2,0,8
PPG,3,104486,4180991552,133,73932,81186,80953.797,232.203,78.688,0,0,0,0,68.18,68.18,0,0,0,100.00,0,0,24,1,1,6,6,0,0,0,4182284101,0.03857,0.00757,0.95166,0.95247,-0.00532,-0.00055,-0.00087,0.00542,0.95921,0.00719,0.00574,3,12124,0,6856,0.22491,0.10883,0.48388,100,1,97.903,68,1,3,4304,187491,0,0,0.000,29.798,7.018,0,0.000,137.377,3.384,0,0,2,0,8
PPG,3,104487,4181031552,135,73950,81211,80956.367,254.633,115.391,0,0,0,0,68.18,68.18,0,0,0,100.00,0,0,24,1,1,7,7,0,0,0,4182323391,0.03809,0.00830,0.95435,0.95514,-0.00532,-0.00028,-0.00034,0.00534,0.95531,0.00481,0.00619,3,12277,0,6856,0.22491,0.10883,0.48388,100,1,97.903,68,1,3,2651,187491,0,0,0.000,29.798,7.018,0,0.000,137.377,3.384,0,0,2,0,8
PPG,3,104488,4181071552,133,73956,81260,80959.406,300.594,148.891,0,0,0,0,68.18,68.18,0,0,0,100.00,0,0,24,1,1,8,8,0,0,0,4182365119,0.04272,0.00220,0.94702,0.94799,-0.00505,-0.00081,-0.00167,0.00538,0.95328,0.00519,0.00576,3,12182,0,6856,0.22491,0.10883,0.48388,100,1,97.903,68,1,3,4297,187491,0,0,0.000,29.798,7.018,0,0.000,137.377,3.384,0,0,2,0,8
PPG,3,104489,4181111552,134,73959,81289,80962.703,326.297,181.477,0,0,0,0,68.18,68.18,0,0,0,100.00,0,0,24,1,1,9,9,0,0,0,4182404058,0.04297,0.00171,0.95361,0.95458,-0.00665,-0.00055,-0.00247,0.00712,0.95512,0.00713,0.00712,3,12121,0,6856,0.22491,0.10883,0.48388,100,1,97.903,68,1,3,4303,187491,0,0,0.000,29.798,7.018,0,0.000,137.377,3.384,0,0,2,0,8
PPG,3,104490,4181151552,129,73981,81338,80966.453,371.547,206.062,0,0,0,0,68.18,68.18,0,0,0,100.00,0,0,24,1,1,10,10,0,0,0,4182443136,0.03662,0.00781,0.95117,0.95191,-0.00532,-0.00081,-0.00221,0.00581,0.95609,0.01010,0.00625,3,12217,0,6856,0.22491,0.10883,0.48388,100,1,97.903,68,1,3,2594,187491,0,0,0.000,29.798,7.018,0,0.000,137.377,3.384,0,0,2,0,8
PPG,3,104491,4181191552,180,73963,81283,80969.617,313.383,206.656,0,0,0,0,68.18,68.18,0,0,0,100.00,0,0,24,1,1,11,11,0,0,0,4182484939,0.03906,0.01050,0.95313,0.95398,-0.00585,0.00025,-0.00141,0.00602,0.95398,0.00398,0.00643,3,12148,0,6856,0.22491,0.10883,0.48388,100,1,97.903,68,1,3,4301,187491,0,0,0.000,29.798,7.018,0,0.000,137.377,3.384,0,0,2,0,8
PPG,3,104492,4181231552,201,73869,81037,80970.289,66.711,176.594,0,0,0,0,68.18,68.18,0,0,0,100.00,0,0,24,1,1,12,12,0,0,0,4182524313,0.04077,0.00659,0.95361,0.95451,-0.00558,0.00052,-0.00247,0.00613,0.95451,0.00556,0.00710,3,12380,0,6856,0.22491,0.10883,0.48388,100,1,97.903,68,1,3,4332,187491,0,0,0.000,29.798,7.018,0,0.000,137.377,3.384,0,0,2,0,8
PPG,3,104493,4181271552,130,73819,80885,80969.438,-84.438,128.891,0,0,0,0,68.18,68.18,0,0,0,100.00,0,0,24,1,1,13,13,0,0,0,4182563696,0.03662,0.00806,0.95361,0.95435,-0.00532,-0.00108,-0.00114,0.00554,0.95882,0.00528,0.00571,3,12257,0,6856,0.22491,0.10883,0.48388,100,1,97.903,68,1,3,4341,187491,0,0,0.000,29.798,7.018,0,0.000,137.377,3.384,0,0,2,0,8
PPG,3,104494,4181311552,579,73806,80856,80968.305,-112.305,76.680,0,0,0,0,68.18,68.18,0,0,0,100.00,0,0,24,1,1,14,14,0,0,0,4182603111,0.03931,0.00537,0.95166,0.95249,-0.00612,-0.00081,-0.00114,0.00628,0.95249,0.00510,0.00684,3,12230,0,6856,0.24261,0.11883,0.48980,100,1,97.755,71,1,3,2648,187491,0,0,0.000,29.798,7.018,0,0.000,137.377,3.384,0,0,2,0,8
PPG,3,104495,4181351552,180,73816,80891,80967.531,-76.531,22.211,0,0,0,0,68.18,68.18,0,0,0,100.00,0,0,24,1,1,15,15,0,0,0,4182645715,0.03442,0.01099,0.95190,0.95259,-0.00692,-0.00028,-0.00061,0.00695,0.95324,0.00711,0.00695,3,12251,0,6856,0.24261,0.11883,0.48980,100,1,97.755,71,1,3,4334,187491,0,0,0.000,29.798,7.018,0,0.000,137.377,3.384,0,0,2,0,8
PPG,3,104496,4181391552,127,73833,80934,80967.195,-33.195,-30.453,0,0,0,0,68.18,68.18,0,0,0,100.00,0,0,24,1,1,16,16,0,0,0,4182685113,0.03809,0.00415,0.94897,0.94975,-0.00585,-0.00001,-0.00194,0.00616,0.95295,0.00381,0.00701,3,12268,0,6856,0.24261,0.11883,0.48980,100,1,97.755,71,1,3,4317,187491,0,0,0.000,29.798,7.018,0,0.000,137.377,3.384,0,0,2,0,8
PPG,3,104497,4181431552,129,73836,80975,80967.273,7.727,-85.656,0,0,0,0,68.18,68.18,0,0,0,100.00,0,0,24,1,1,17,17,0,0,0,4182724451,0.04077,0.00488,0.95386,0.95474,-0.00638,0.00025,-0.00194,0.00668,0.95550,0.00575,0.00668,3,12299,0,6856,0.24261,0.11883,0.48980,100,1,97.755,71,1,3,4328,187491,0,0,0.000,29.798,7.018,0,0.000,137.377,3.384,0,0,2,0,8
PPG,3,104498,4181471552,145,73853,81005,80967.648,37.352,-130.672,0,0,0,0,68.18,68.18,0,0,0,100.00,0,0,24,1,1,18,18,0,0,0,4182763770,0.03662,0.00513,0.95581,0.95653,-0.00665,-0.00108,-0.00087,0.00679,0.95653,0.00623,0.00679,3,12257,0,6856,0.24261,0.11883,0.48980,100,1,97.755,71,1,3,2611,187491,0,0,120.922,29.798,7.018,1,0.000,137.377,3.384,0,0,2,0,8
PPG,3,104499,4181511552,168,73855,80989,80967.859,21.141,-141.133,1,0,1,860,68.18,68.18,0,0,0,100.00,0,0,24,1,1,19,19,0,0,0,4182805733,0.03857,0.00342,0.95264,0.95342,-0.00532,-0.00028,-0.00167,0.00558,0.95342,0.00869,0.00606,3,12261,0,6856,0.24261,0.11883,0.48980,100,1,97.755,71,1,3,4334,187491,0,0,0.000,29.798,7.018,0,332.844,137.377,3.384,1,1,2,0,8
PPG,3,104500,4181551552,128,73846,80978,80967.961,10.039,-129.141,0,0,0,0,68.18,68.18,0,0,0,100.00,0,0,24,1,1,20,20,0,0,0,4182845175,0.03931,0.00854,0.95361,0.95446,-0.00558,-0.00055,-0.00141,0.00578,0.95607,0.00160,0.00688,3,12257,0,6856,0.24261,0.11883,0.48980,100,1,97.755,71,1,3,4329,187491,0,0,0.000,29.549,6.800,0,0.000,136.861,3.300,0,0,2,0,8
PPG,3,104501,4181591552,129,73865,81019,80968.469,50.531,-106.062,0,0,0,0,68.18,68.18,0,0,0,100.00,0,0,24,1,1,21,21,0,0,0,4182884416,0.03711,0.00659,0.95190,0.95265,-0.00532,-0.00081,-0.00087,0.00545,0.95511,0.01501,0.00636,3,12239,0,6856,0.24261,0.11883,0.48980,100,1,97.755,71,1,3,4333,187491,0,0,0.000,29.549,6.800,0,0.000,136.861,3.300,0,0,2,0,8
PPG,3,104502,4181631552,129,73872,81068,80969.461,98.539,-82.023,0,0,0,0,68.18,68.18,0,0,0,100.00,0,0,24,1,1,22,22,0,0,0,4182923838,0.03540,0.00415,0.95142,0.95208,-0.00558,-0.00001,-0.00034,0.00559,0.95208,0.00395,0.00685,3,12312,0,6856,0.24261,0.11883,0.48980,100,1,97.755,71,1,3,2622,187491,0,0,0.000,29.549,6.800,0,0.000,136.861,3.300,0,0,2,0,8
PPG,3,104503,4181671552,129,73892,81089,80970.656,118.344,-60.828,0,0,0,0,68.18,68.18,0,0,0,100.00,0,0,24,1,1,23,23,0,0,0,4182965735,0.03320,0.00122,0.95239,0.95297,-0.00558,-0.00028,-0.00087,0.00566,0.95297,0.00403,0.00619,3,12241,0,6856,0.24261,0.11883,0.48980,100,1,97.755,71,1,3,4335,187491,0,0,0.000,29.549,6.800,0,0.000,136.861,3.300,0,0,2,0,8
PPG,3,104504,4181711552,139,73893,81129,80972.242,156.758,-39.227,0,0,0,0,68.18,68.18,0,0,0,100.00,0,0,24,1,1,24,24,0,0,0,4183004973,0.03516,0.00366,0.95630,0.95695,-0.00718,-0.00108,-0.00167,0.00745,0.95695,0.00479,0.00745,3,12220,0,6856,0.24261,0.11883,0.48980,100,1,97.755,71,1,3,4329,187491,0,0,0.000,29.549,6.800,0,0.000,136.861,3.300,0,0,2,0,8
PPG,3,104505,4181751552,135,73936,81171,80974.227,196.773,-16.359,0,0,0,0,68.18,68.18,0,0,0,100.00,0,0,24,1,1,25,25,0,0,0,4183056288,0.03833,0.00244,0.95142,0.95219,-0.00532,0.00025,-0.00087,0.00540,0.95494,0.00712,0.00630,3,24242,0,6857,0.24261,0.11883,0.48980,100,1,97.755,71,1,3,14574,187491,0,0,0.000,29.549,6.800,0,0.000,136.861,3.300,0,0,2,0,8
PPG,3,104506,4181791552,138,73918,81181,80976.297,204.703,11.312,0,0,0,0,68.18,68.18,0,0,0,100.00,0,0,24,1,1,26,26,0,0,0,4183080763,0.03564,0.01123,0.95068,0.95142,-0.00558,-0.00081,-0.00221,0.00606,0.95144,0.00075,0.00651,2,12265,0,6857,0.24261,0.11883,0.48980,100,1,97.755,71,1,3,2620,187491,0,0,0.000,29.549,6.800,0,0.000,136.861,3.300,0,0,2,0,8
PPG,3,104507,4181831552,131,73921,81195,80978.484,216.516,43.109,0,0,0,0,68.18,68.18,0,0,0,100.00,0,0,24,1,1,27,27,0,0,0,4183125413,0.03491,0.00732,0.95410,0.95477,-0.00638,-0.00108,-0.00141,0.00663,0.95696,0.00555,0.00663,3,12285,0,6858,0.24261,0.11883,0.48980,100,1,97.755,71,1,3,4382,187491,0,0,0.000,29.549,6.800,0,0.000,136.861,3.300,0,0,2,0,8
PPG,3,104508,4181871552,128,73920,81212,80980.820,231.180,73.086,0,0,0,0,68.18,68.18,0,0,0,100.00,0,0,24,1,1,28,28,0,0,0,4183164691,0.04102,0.00317,0.94897,0.94987,-0.00612,-0.00108,-0.00141,0.00637,0.95292,0.00277,0.00690,3,12317,0,6858,0.24261,0.11883,0.48980,100,1,97.755,71,1,3,4315,187491,0,0,0.000,29.549,6.800,0,0.000,136.861,3.300,0,0,2,0,8
PPG,3,104509,4181911552,130,73939,81242,80983.430,258.570,100.289,0,0,0,0,68.18,68.18,0,0,0,100.00,0,0,24,1,1,29,29,0,0,0,4183203687,0.03540,0.01050,0.95532,0.95604,-0.00692,-0.00081,-0.00274,0.00748,0.95604,0.00523,0.00748,3,12159,0,6858,0.24261,0.11883,0.48980,100,1,97.755,71,1,3,2606,187491,0,0,0.000,29.549,6.800,0,0.000,136.861,3.300,0,0,2,0,8
PPG,3,104510,4181951552,129,73947,81256,80986.156,269.844,128.250,0,0,0,0,68.18,68.18,0,0,0,100.00,0,0,24,1,1,30,30,0,0,0,4183245309,0.04028,0.00366,0.94995,0.95081,-0.00665,-0.00055,-0.00247,0.00712,0.95378,0.00394,0.00712,3,12119,0,6858,0.24261,0.11883,0.48980,100,1,97.755,71,1,3,4338,187491,0,0,0.000,29.549,6.800,0,0.000,136.861,3.300,0,0,2,0,8
PPG,3,104511,4181991552,133,73948,81282,80989.117,292.883,150.156,0,1,0,0,68.18,68.18,0,0,0,100.00,0,0,24,1,1,31,31,0,0,0,4183284312,0.03760,0.00342,0.95264,0.95338,-0.00558,-0.00028,-0.00167,0.00584,0.95338,0.00710,0.00599,3,12128,0,6858,0.24261,0.11883,0.48980,100,1,97.755,71,1,3,4316,187491,0,0,0.000,29.549,6.800,0,0.000,136.861,3.300,0,0,2,0,8
PPG,3,104512,4182031552,225,73912,81204,80991.266,212.734,146.523,0,0,0,0,68.18,68.18,0,0,0,100.00,0,0,24,1,1,0,0,0,0,0,4183323298,0.03809,0.00928,0.94946,0.95027,-0.00718,-0.00001,-0.00141,0.00732,0.95485,0.00286,0.00732,3,12142,0,6858,0.24261,0.11883,0.48980,100,1,97.755,71,1,3,2598,187491,0,0,0.000,29.549,6.800,0,0.000,136.861,3.300,0,0,2,0,8
PPG,3,104513,4182071552,130,73862,80989,80991.242,-2.242,113.891,0,0,0,0,68.18,68.18,0,0,0,100.00,0,0,24,1,1,1,1,0,0,0,4183364992,0.03931,0.00537,0.95361,0.95444,-0.00612,-0.00081,-0.00114,0.00628,0.95444,0.00722,0.00639,3,12112,0,6858,0.24261,0.11883,0.48980,100,1,97.755,71,1,3,4294,187491,0,0,0.000,29.549,6.800,0,0.000,136.861,3.300,0,0,2,0,8
PPG,3,104514,4182111552,129,73833,80895,80990.281,-95.281,69.086,0,0,0,0,68.18,68.18,0,0,0,100.00,0,0,24,1,1,2,2,0,0,0,4183403949,0.03516,0.00879,0.95190,0.95259,-0.00558,-0.00108,-0.00061,0.00572,0.95458,0.00850,0.00649,3,12131,0,6858,0.24261,0.11883,0.48980,100,1,97.755,71,1,3,2595,187491,0,0,0.000,29.549,6.800,0,0.000,136.861,3.300,0,0,2,0,8
PPG,3,104515,4182151552,130,73815,80902,80989.398,-87.398,24.250,0,0,0,0,68.18,68.18,0,0,0,100.00,0,0,24,1,1,3,3,0,0,0,4183445535,0.03394,0.00879,0.94604,0.94669,-0.00665,-0.00081,-0.00141,0.00685,0.95443,0.00738,0.00685,3,12116,0,6858,0.24261,0.11883,0.48980,100,1,97.755,71,1,3,4294,187491,0,0,0.000,29.549,6.800,0,0.000,136.861,3.300,0,0,2,0,8
PPG,3,104516,4182191552,128,73833,80940,80988.906,-48.906,-19.188,0,0,0,0,68.18,68.18,0,0,0,100.00,0,0,24,1,1,4,4,0,0,0,4183484484,0.03906,0.00195,0.95044,0.95124,-0.00532,-0.00055,-0.00061,0.00538,0.95170,0.00304,0.00601,3,12114,0,6858,0.24261,0.11883,0.48980,100,1,97.755,71,1,3,4298,187491,0,0,0.000,29.549,6.800,0,0.000,136.861,3.300,0,0,2,0,8
PPG,3,104517,4182231552,136,73843,80976,80988.773,-12.773,-59.242,0,0,0,0,68.18,68.18,0,0,0,100.00,0,0,24,1,1,5,5,0,0,0,4183523477,0.03711,0.00635,0.95313,0.95387,-0.00772,-0.00028,-0.00167,0.00790,0.95513,0.00531,0.00790,3,12107,0,6858,0.24261,0.11883,0.48980,100,1,97.755,71,1,3,2615,187491,0,0,0.000,29.549,6.800,0,0.000,136.861,3.300,0,0,2,0,8
PPG,3,104518,4182271552,132,73863,81020,80989.086,30.914,-97.422,0,0,0,0,68.18,68.18,0,0,0,100.00,0,0,24,1,1,6,6,0,0,0,4183565032,0.03467,0.00781,0.95679,0.95745,-0.00612,-0.00055,-0.00087,0.00620,0.95745,0.00367,0.00624,3,12115,0,6858,0.24261,0.11883,0.48980,100,1,97.755,71,1,3,4299,187491,0,0,0.000,29.549,6.800,0,0.000,136.861,3.300,0,0,2,0,8
PPG,3,104519,4182311552,542,73868,81024,80989.438,34.562,-124.891,1,0,1,820,68.18,68.18,0,0,0,100.00,0,0,24,1,1,7,7,0,0,0,4183603965,0.04321,0.00537,0.95483,0.95583,-0.00558,-0.00161,-0.00221,0.00622,0.95583,0.00874,0.00644,3,12117,0,6858,0.22941,0.10749,0.46857,100,1,98.286,71,1,3,2599,187491,0,0,111.320,29.549,6.800,1,291.289,136.861,3.300,1,1,2,0,8
PPG,3,104520,4182351552,179,73860,80990,80989.445,0.555,-125.344,0,0,0,0,68.18,68.18,0,0,0,100.00,0,0,24,1,1,8,8,0,0,0,4183646202,0.03540,0.00806,0.94800,0.94869,-0.00532,-0.00108,-0.00167,0.00568,0.95783,0.00933,0.00628,3,12178,0,6858,0.22941,0.10749,0.46857,100,1,98.286,71,1,3,4296,187491,0,0,0.000,29.271,6.558,0,0.000,136.150,3.184,0,0,2,0,8
PPG,3,104521,4182391552,129,73863,81013,80989.680,23.320,-108.188,0,0,0,0,68.18,68.18,0,0,0,100.00,0,0,24,1,1,9,9,0,0,0,4183685228,0.03564,0.00610,0.95508,0.95576,-0.00479,-0.00055,-0.00141,0.00502,0.95830,0.00960,0.00593,3,12127,0,6858,0.22941,0.10749,0.46857,100,1,98.286,71,1,3,4300,187491,0,0,0.000,29.271,6.558,0,0.000,136.150,3.184,0,0,2,0,8
PPG,3,104522,4182431552,130,73881,81054,80990.320,63.680,-85.773,0,0,0,0,68.18,68.18,0,0,0,100.00,0,0,24,1,1,10,10,0,0,0,4183724244,0.03955,0.00854,0.94507,0.94593,-0.00479,-0.00055,-0.00274,0.00554,0.95173,0.00403,0.00670,3,12128,0,6858,0.22941,0.10749,0.46857,100,1,98.286,71,1,3,4305,187491,0,0,0.000,29.271,6.558,0,0.000,136.150,3.184,0,0,2,0,8
PPG,3,104523,4182471552,130,73892,81116,80991.578,124.422,-61.977,0,0,0,0,68.18,68.18,0,0,0,100.00,0,0,24,1,1,11,11,0,0,0,4183763264,0.04077,0.00830,0.94971,0.95062,-0.00505,-0.00001,-0.00087,0.00513,0.95062,0.00173,0.00556,3,12124,0,6858,0.22941,0.10749,0.46857,100,1,98.286,71,1,3,2594,187491,0,0,0.000,29.271,6.558,0,0.000,136.150,3.184,0,0,2,0,8
PPG,3,104524,4182511552,129,73902,81141,80993.070,147.930,-39.008,0,0,0,0,68.18,68.18,0,0,0,100.00,0,0,24,1,1,12,12,0,0,0,4183804836,0.03784,0.00903,0.94556,0.94636,-0.00532,0.00025,-0.00141,0.00551,0.95267,0.00582,0.00551,3,12125,0,6858,0.22941,0.10749,0.46857,100,1,98.286,71,1,3,4304,187491,0,0,0.000,29.271,6.558,0,0.000,136.150,3.184,0,0,2,0,8
PPG,3,104525,4182551552,130,73922,81158,80994.719,163.281,-18.641,0,0,0,0,68.18,68.18,0,0,0,100.00,0,0,24,1,1,13,13,0,0,0,4183843862,0.03760,0.00781,0.94971,0.95048,-0.00558,-0.00081,-0.00274,0.00627,0.95686,0.01051,0.00627,3,12181,0,6858,0.22941,0.10749,0.46857,100,1,98.286,71,1,3,2594,187491,0,0,0.000,29.271,6.558,0,0.000,136.150,3.184,0,0,2,0,8
PPG,3,104526,4182591552,129,73929,81183,80996.602,186.398,3.969,0,0,0,0,68.18,68.18,0,0,0,100.00,0,0,24,1,1,14,14,0,0,0,4183885444,0.03687,0.00781,0.94946,0.95021,-0.00665,-0.00135,-0.00061,0.00681,0.95321,0.00539,0.00748,3,12133,0,6858,0.22941,0.10749,0.46857,100,1,98.286,71,1,3,4296,187491,0,0,0.000,29.271,6.558,0,0.000,136.150,3.184,0,0,2,0,8
PPG,3,104527,4182631552,130,73922,81196,80998.594,197.406,33.352,0,0,0,0,68.18,68.18,0,0,0,100.00,0,0,24,1,1,15,15,0,0,0,4183924412,0.03809,0.00024,0.95190,0.95267,-0.00612,0.00052,-0.00194,0.00644,0.95821,0.00844,0.00669,3,12133,0,6858,0.22941,0.10749,0.46857,100,1,98.286,71,1,3,4302,187491,0,0,0.000,29.271,6.558,0,0.000,136.150,3.184,0,0,2,0,8
PPG,3,104528,4182671552,130,73943,81224,81000.852,223.148,62.891,0,0,0,0,68.18,68.18,0,0,0,100.00,0,0,24,1,1,16,16,0,0,0,4183963392,0.03394,0.00513,0.95142,0.95203,-0.00585,-0.00081,-0.00300,0.00663,0.95216,0.00409,0.00663,3,12117,0,6858,0.22941,0.10749,0.46857,100,1,98.286,71,1,3,2595,187491,0,0,0.000,29.271,6.558,0,0.000,136.150,3.184,0,0,2,0,8
PPG,3,104529,4182711552,130,73945,81269,81003.531,265.469,92.258,0,0,0,0,68.18,68.18,0,0,0,100.00,0,0,24,1,1,17,17,0,0,0,4184004962,0.03687,0.00562,0.95166,0.95239,-0.00585,-0.00028,-0.00194,0.00617,0.95553,0.00408,0.00643,3,12131,0,6858,0.22941,0.10749,0.46857,100,1,98.286,71,1,3,4302,187491,0,0,0.000,29.271,6.558,0,0.000,136.150,3.184,0,0,2,0,8
PPG,3,104530,4182751552,136,73967,81297,81006.469,290.531,116.062,0,0,0,0,68.18,68.18,0,0,0,100.00,0,0,24,1,1,18,18,0,0,0,4184056049,0.03491,0.00708,0.95166,0.95233,-0.00505,-0.00108,-0.00061,0.00520,0.95444,0.00212,0.00618,3,24251,0,6859,0.22941,0.10749,0.46857,100,1,98.286,71,1,3,14645,187491,0,0,0.000,29.271,6.558,0,0.000,136.150,3.184,0,0,2,0,8
PPG,3,104531,4182791552,135,73946,81247,81008.875,238.125,132.961,0,0,0,0,68.18,68.18,0,0,0,100.00,0,0,24,1,1,19,19,0,0,0,4184080448,0.03760,0.00732,0.95630,0.95707,-0.00638,0.00052,-0.00221,0.00677,0.95707,0.00335,0.00677,2,12168,0,6859,0.22941,0.10749,0.46857,100,1,98.286,71,1,3,2589,187491,0,0,0.000,29.271,6.558,0,0.000,136.150,3.184,0,0,2,0,8
PPG,3,104532,4182831552,226,73873,81028,81009.062,18.938,123.188,0,1,0,0,68.18,68.18,0,0,0,100.00,0,0,24,1,1,20,20,0,0,0,4184124624,0.03857,0.00513,0.95044,0.95124,-0.00532,0.00025,-0.00141,0.00551,0.95720,0.00596,0.00616,3,12126,0,6859,0.22941,0.10749,0.46857,100,1,98.286,71,1,3,4296,187491,0,0,0.000,29.271,6.558,0,0.000,136.150,3.184,0,0,2,0,8
PPG,3,104533,4182871552,130,73842,80895,81007.922,-112.922,86.742,0,0,0,0,68.18,68.18,0,0,0,100.00,0,0,24,1,1,21,21,0,0,0,4184164075,0.03931,0.00781,0.95190,0.95275,-0.00479,-0.00055,-0.00141,0.00502,0.95590,0.00632,0.00582,3,12363,0,6859,0.22941,0.10749,0.46857,100,1,98.286,71,1,3,2675,187491,0,0,0.000,29.271,6.558,0,0.000,136.150,3.184,0,0,2,0,8
PPG,3,104534,4182911552,128,73833,80904,81006.883,-102.883,44.578,0,0,0,0,68.18,68.18,0,0,0,100.00,0,0,24,1,1,22,22,0,0,0,4184205859,0.03833,0.00269,0.94873,0.94951,-0.00585,-0.00028,-0.00087,0.00592,0.95454,0.00277,0.00592,3,12190,0,6859,0.22941,0.10749,0.46857,100,1,98.286,71,1,3,4299,187491,0,0,0.000,29.271,6.558,0,0.000,136.150,3.184,0,0,2,0,8
PPG,3,104535,4182951552,207,73851,80927,81006.086,-79.086,0.898,0,0,0,0,68.18,68.18,0,0,0,100.00,0,0,24,1,1,23,23,0,0,0,4184244793,0.03638,0.00562,0.95313,0.95384,-0.00558,-0.00001,-0.00087,0.00565,0.95423,0.00472,0.00663,3,12119,0,6859,0.22941,0.10749,0.46857,100,1,98.286,71,1,3,4320,187491,0,0,0.000,29.271,6.558,0,0.000,136.150,3.184,0,0,2,0,8
PPG,3,104536,4182991552,128,73843,80939,81005.414,-66.414,-46.188,0,0,0,0,68.18,68.18,0,0,0,100.00,0,0,24,1,1,24,24,0,0,0,4184284078,0.03564,0.00806,0.95703,0.95773,-0.00479,-0.00001,-0.00167,0.00507,0.95773,0.00946,0.00531,3,12230,0,6859,0.22941,0.10749,0.46857,100,1,98.286,71,1,3,2600,187491,0,0,0.000,29.271,6.558,0,0.000,136.150,3.184,0,0,2,0,8
PPG,3,104537,4183031552,130,73835,80970,81005.062,-35.062,-92.609,0,0,0,0,68.18,68.18,0,0,0,100.00,0,0,24,1,1,25,25,0,0,0,4184325835,0.03760,0.00366,0.95410,0.95485,-0.00425,-0.00055,-0.00194,0.00471,0.95485,0.00644,0.00599,3,12132,0,6859,0.22941,0.10749,0.46857,100,1,98.286,71,1,3,4310,187491,0,0,0.000,29.271,6.558,0,0.000,136.150,3.184,0,0,2,0,8
PPG,3,104538,4183071552,129,73865,81002,81005.031,-3.031,-126.711,0,0,0,0,68.18,68.18,0,0,0,100.00,0,0,24,1,1,26,26,0,0,0,4184365317,0.04004,0.00366,0.94727,0.94812,-0.00479,-0.00001,-0.00221,0.00527,0.95316,0.00305,0.00569,3,12272,0,6859,0.22941,0.10749,0.46857,100,1,98.286,71,1,3,4343,187491,0,0,0.000,29.271,6.558,0,0.000,136.150,3.184,0,0,2,0,8
PPG,3,104539,4183111552,152,73853,80970,81004.680,-34.680,-132.289,1,0,1,800,68.18,68.18,0,0,0,100.00,0,0,24,1,1,27,27,0,0,0,4184404630,0.03784,0.00830,0.95020,0.95098,-0.00532,-0.00001,-0.00087,0.00539,0.95717,0.00905,0.00571,3,12252,0,6859,0.22941,0.10749,0.46857,100,1,98.286,71,1,3,4336,187491,0,0,91.094,29.271,6.558,1,258.305,136.150,3.184,1,1,2,0,8
PPG,3,104540,4183151552,126,73871,80963,81004.266,-41.266,-121.227,0,0,0,0,68.18,68.18,0,0,0,100.00,0,0,24,1,1,28,28,0,0,0,4184443993,0.03833,0.00757,0.95142,0.95222,-0.00532,-0.00055,-0.00167,0.00560,0.95222,0.00122,0.00633,3,12239,0,6859,0.22941,0.10749,0.46857,100,1,98.286,71,1,3,2610,187491,0,0,0.000,28.901,6.235,0,0.000,135.322,3.049,0,0,2,0,8
PPG,3,104541,4183191552,145,73878,81018,81004.406,13.594,-105.188,0,0,0,0,68.18,68.18,0,0,0,100.00,0,0,24,1,1,29,29,0,0,0,4184486004,0.03735,0.00928,0.95093,0.95171,-0.00585,-0.00108,-0.00221,0.00635,0.95383,0.00213,0.00668,3,12265,0,6859,0.22941,0.10749,0.46857,100,1,98.286,71,1,3,4328,187491,0,0,0.000,28.901,6.235,0,0.000,135.322,3.049,0,0,2,0,8
PPG,3,104542,4183231552,130,73899,81086,81005.219,80.781,-84.078,0,0,0,0,68.18,68.18,0,0,0,100.00,0,0,24,1,1,30,30,0,0,0,4184525406,0.03809,0.00562,0.95020,0.95097,-0.00558,0.00025,-0.00167,0.00583,0.95374,0.00541,0.00583,3,12229,0,6859,0.22941,0.10749,0.46857,100,1,98.286,71,1,3,4354,187491,0,0,0.000,28.901,6.235,0,0.000,135.322,3.049,0,0,2,0,8
PPG,3,104543,4183271552,130,73927,81134,81006.508,127.492,-57.117,0,0,0,0,68.18,68.18,0,0,0,100.00,0,0,24,1,1,31,31,0,0,0,4184564774,0.04248,0.00635,0.95630,0.95726,-0.00585,-0.00055,-0.00167,0.00611,0.95726,0.00900,0.00640,3,12275,0,6859,0.22941,0.10749,0.46857,100,1,98.286,71,1,3,4335,187491,0,0,0.000,28.901,6.235,0,0.000,135.322,3.049,0,0,2,0,8
PPG,3,104544,4183311552,533,73934,81183,81008.273,174.727,-28.789,0,0,0,0,68.18,68.18,0,0,0,100.00,0,1,24,1,1,0,0,0,0,0,4184604053,0.04077,0.00684,0.95972,0.96061,-0.00612,-0.00001,-0.00114,0.00622,0.96061,0.00898,0.00676,3,12243,0,6859,0.19827,0.08457,0.42656,100,1,99.336,75,1,3,2610,187491,0,0,0.000,28.901,6.235,0,0.000,135.322,3.049,0,0,2,0,8
PPG,3,104545,4183351552,183,73957,81227,81010.461,216.539,-0.102,0,0,0,0,68.18,68.18,0,0,0,100.00,0,1,24,1,1,1,1,0,0,0,4184646447,0.03491,0.00806,0.95264,0.95331,-0.00612,-0.00081,-0.00194,0.00647,0.95475,0.01146,0.00647,3,12266,0,6859,0.19827,0.08457,0.42656,100,1,99.336,75,1,3,4336,187491,0,0,0.000,28.901,6.235,0,0.000,135.322,3.049,0,0,2,0,8
PPG,3,104546,4183391552,129,73973,81248,81012.836,235.164,36.359,0,0,0,0,68.18,68.18,0,0,0,100.00,0,1,24,1,1,2,2,0,0,0,4184685783,0.04126,0.00708,0.95435,0.95526,-0.00558,-0.00161,-0.00114,0.00592,0.95559,0.00228,0.00633,3,12182,0,6859,0.19827,0.08457,0.42656,100,1,99.336,75,1,3,4333,187491,0,0,0.000,28.901,6.235,0,0.000,135.322,3.049,0,0,2,0,8
PPG,3,104547,4183431552,138,73967,81274,81015.445,258.555,76.891,0,0,0,0,68.18,68.18,0,0,0,100.00,0,1,24,1,1,3,3,0,0,0,4184725053,0.04102,0.00928,0.95044,0.95137,-0.00399,-0.00028,-0.00167,0.00433,0.95539,0.00324,0.00609,3,12248,0,6859,0.19827,0.08457,0.42656,100,1,99.336,75,1,3,4338,187491,0,0,0.000,28.901,6.235,0,0.000,135.322,3.049,0,0,2,0,8
PPG,3,104548,4183471552,141,73979,81305,81018.344,286.656,113.844,0,0,0,0,68.18,68.18,0,0,0,100.00,0,1,24,1,1,4,4,0,0,0,4184764337,0.03979,0.00928,0.94849,0.94937,-0.00532,-0.00108,-0.00221,0.00586,0.95643,0.00557,0.00586,3,12258,0,6859,0.19827,0.08457,0.42656,100,1,99.336,75,1,3,2622,187491,0,0,0.000,28.901,6.235,0,0.000,135.322,3.049,0,0,2,0,8
PPG,3,104549,4183511552,130,73984,81332,81021.477,310.523,145.836,0,0,0,0,68.18,68.18,0,0,0,100.00,0,1,24,1,1,5,5,0,0,0,4184806260,0.04053,0.00708,0.95654,0.95743,-0.00612,-0.00055,-0.00194,0.00644,0.95743,0.00706,0.00644,3,12247,0,6859,0.19827,0.08457,0.42656,100,1,99.336,75,1,3,4338,187491,0,0,0.000,28.901,6.235,0,0.000,135.322,3.049,0,0,2,0,8
PPG,3,104550,4183551552,130,73998,81382,81025.078,356.922,177.008,0,0,0,0,68.18,68.18,0,0,0,100.00,0,1,24,1,1,6,6,0,0,0,4184845565,0.04077,0.00244,0.95264,0.95351,-0.00585,-0.00055,-0.00194,0.00619,0.95511,0.00768,0.00672,3,12237,0,6859,0.19827,0.08457,0.42656,100,1,99.336,75,1,3,4327,187491,0,0,0.000,28.901,6.235,0,0.000,135.322,3.049,0,0,2,0,8
PPG,3,104551,4183591552,134,73973,81279,81027.617,251.383,189.133,0,0,0,0,68.18,68.18,0,0,0,100.00,0,1,24,1,1,7,7,0,0,0,4184884872,0.04077,0.00220,0.94995,0.95083,-0.00558,-0.00055,-0.00087,0.00568,0.95465,0.00382,0.00640,3,12237,0,6859,0.19827,0.08457,0.42656,100,1,99.336,75,1,3,4325,187491,0,0,0.000,28.901,6.235,0,0.000,135.322,3.049,0,0,2,0,8
PPG,3,104552,4183631552,226,73879,81005,81027.391,-22.391,158.562,0,1,0,0,68.18,68.18,0,0,0,100.00,0,1,24,1,1,8,8,0,0,0,4184924148,0.03711,0.00757,0.95459,0.95534,-0.00638,-0.00055,-0.00194,0.00669,0.95534,0.00279,0.00669,3,12248,0,6859,0.19827,0.08457,0.42656,100,1,99.336,75,1,3,2649,187491,0,0,0.000,28.901,6.235,0,0.000,135.322,3.049,0,0,2,0,8
PPG,3,104553,4183671552,132,73844,80904,81026.156,-122.156,108.969,0,0,0,0,68.18,68.18,0,0,0,100.00,0,1,24,1,1,9,9,0,0,0,4184966181,0.04077,0.00415,0.94995,0.95083,-0.00558,0.00052,-0.00221,0.00603,0.95633,0.00710,0.00676,3,12137,0,6859,0.19827,0.08457,0.42656,100,1,99.336,75,1,3,4332,187491,0,0,0.000,28.901,6.235,0,0.000,135.322,3.049,0,0,2,0,8
PPG,3,104554,4183711552,129,73834,80895,81024.844,-129.844,55.281,0,0,0,0,68.18,68.18,0,0,0,100.00,0,1,24,1,1,10,10,0,0,0,4185005377,0.04126,0.00806,0.95557,0.95649,-0.00638,-0.00055,-0.00034,0.00642,0.95649,0.00295,0.00642,3,12118,0,6859,0.19827,0.08457,0.42656,100,1,99.336,75,1,3,4294,187491,0,0,0.000,28.901,6.235,0,0.000,135.322,3.049,0,0,2,0,8
PPG,3,104555,4183751552,137,73829,80894,81023.539,-129.539,-1.789,0,0,0,0,68.18,68.18,0,0,0,100.00,0,1,24,1,1,11,11,0,0,0,4185056262,0.03979,0.00269,0.95142,0.95225,-0.00612,-0.00055,-0.00167,0.00637,0.95675,0.01015,0.00673,3,24051,0,6860,0.19827,0.08457,0.42656,100,1,99.336,75,1,3,14463,187491,0,0,0.000,28.901,6.235,0,0.000,135.322,3.049,0,0,2,0,8
PPG,3,104556,4183791552,140,73850,80931,81022.617,-91.617,-58.672,0,0,0,0,68.18,68.18,0,0,0,100.00,0,1,24,1,1,12,12,0,0,0,4185123148,0.03955,0.00684,0.95459,0.95543,-0.00532,-0.00081,-0.00141,0.00556,0.95543,0.00318,0.00556,1,66886,0,6865,0.19827,0.08457,0.42656,100,1,99.336,75,1,3,66749,187491,0,0,0.000,28.901,6.235,0,0.000,135.322,3.049,0,0,2,0,8
PPG,3,104557,4183831552,129,73867,80985,81022.242,-37.242,-116.141,0,0,0,0,68.18,68.18,0,0,0,100.00,0,1,24,1,1,13,13,0,0,0,4185135313,0.03467,0.00732,0.95166,0.95232,-0.00612,-0.00081,-0.00114,0.00628,0.95232,0.00311,0.00628,1,12165,0,6865,0.19827,0.08457,0.42656,100,1,99.336,75,1,3,12184,187491,0,0,0.000,28.901,6.235,0,0.000,135.322,3.049,0,0,2,0,8
PPG,3,104558,4183871552,129,73876,80996,81021.977,-25.977,-156.258,0,0,0,0,68.18,68.18,0,0,0,100.00,0,1,24,1,1,14,14,0,0,0,4185159613,0.03442,0.00806,0.95239,0.95305,-0.00585,-0.00055,-0.00114,0.00599,0.95305,0.00289,0.00604,2,12168,0,6865,0.19827,0.08457,0.42656,100,1,99.336,75,1,3,2612,187491,0,0,0.000,28.901,6.235,0,0.000,135.322,3.049,0,0,2,0,8
PPG,3,104559,4183911552,152,73863,80953,81021.289,-68.289,-162.844,1,0,1,800,69.77,69.77,0,0,0,100.00,0,1,24,1,1,15,15,0,0,0,4185203768,0.03711,0.00464,0.95581,0.95654,-0.00585,-0.00001,-0.00114,0.00596,0.95654,0.00535,0.00606,3,12118,0,6865,0.19827,0.08457,0.42656,100,1,99.336,75,1,3,2595,187491,0,0,111.461,28.901,6.235,1,321.422,135.322,3.049,1,1,2,0,8
PPG,3,104560,4183951552,126,73859,80975,81020.828,-45.828,-153.297,0,0,0,0,69.77,69.77,0,0,0,100.00,0,1,24,1,1,16,16,0,0,0,4185245431,0.03564,0.00659,0.95239,0.95308,-0.00558,0.00052,-0.00114,0.00572,0.95691,0.00565,0.00572,3,12126,0,6865,0.19827,0.08457,0.42656,100,1,99.336,75,1,3,4301,187491,0,0,0.000,28.705,6.064,0,0.000,134.992,2.995,0,0,2,0,8
PPG,3,104561,4183991552,134,73896,81032,81020.938,11.062,-134.430,0,0,0,0,69.77,69.77,0,0,0,100.00,0,1,24,1,1,17,17,0,0,0,4185284467,0.04053,0.00488,0.94922,0.95010,-0.00558,-0.00055,-0.00141,0.00578,0.95317,0.00307,0.00625,3,12156,0,6865,0.19827,0.08457,0.42656,100,1,99.336,75,1,3,2606,187491,0,0,0.000,28.705,6.064,0,0.000,134.992,2.995,0,0,2,0,8
PPG,3,104562,4184031552,133,73909,81078,81021.508,56.492,-107.742,0,0,0,0,69.77,69.77,0,0,0,100.00,0,1,24,1,1,18,18,0,0,0,4185326116,0.03760,0.00269,0.94897,0.94972,-0.00612,-0.00081,-0.00274,0.00675,0.95788,0.00778,0.00675,3,12124,0,6865,0.19827,0.08457,0.42656,100,1,99.336,75,1,3,4300,187491,0,0,0.000,28.705,6.064,0,0.000,134.992,2.995,0,0,2,0,8
PPG,3,104563,4184071552,189,73936,81135,81022.641,112.359,-78.648,0,0,0,0,69.77,69.77,0,0,0,100.00,0,1,24,1,1,19,19,0,0,0,4185365103,0.03857,0.00635,0.94507,0.94588,-0.00479,-0.00081,-0.00221,0.00533,0.95657,0.01069,0.00687,3,12127,0,6865,0.19827,0.08457,0.42656,100,1,99.336,75,1,3,4298,187491,0,0,0.000,28.705,6.064,0,0.000,134.992,2.995,0,0,2,0,8
PPG,3,104564,4184111552,127,73942,81168,81024.094,143.906,-51.758,0,0,0,0,69.77,69.77,0,0,0,100.00,0,1,24,1,1,20,20,0,0,0,4185404251,0.03516,0.00146,0.94751,0.94816,-0.00665,-0.00055,-0.00194,0.00695,0.96032,0.01215,0.00695,3,12133,0,6865,0.19827,0.08457,0.42656,100,1,99.336,75,1,3,2600,187491,0,0,0.000,28.705,6.064,0,0.000,134.992,2.995,0,0,2,0,8
PPG,3,104565,4184151552,129,73939,81209,81025.945,183.055,-20.430,0,0,0,0,69.77,69.77,0,0,0,100.00,0,1,24,1,1,21,21,0,0,0,4185445808,0.03809,0.00513,0.95435,0.95512,-0.00638,-0.00055,-0.00194,0.00669,0.95512,0.00686,0.00670,3,12119,0,6865,0.19827,0.08457,0.42656,100,1,99.336,75,1,3,4301,187491,0,0,0.000,28.705,6.064,0,0.000,134.992,2.995,0,0,2,0,8
PPG,3,104566,4184191552,127,73939,81226,81027.945,198.055,19.672,0,0,0,0,69.77,69.77,0,0,0,100.00,0,1,24,1,1,22,22,0,0,0,4185484835,0.04102,0.00488,0.95874,0.95963,-0.00532,-0.00081,-0.00167,0.00563,0.95963,0.00689,0.00611,3,12190,0,6865,0.19827,0.08457,0.42656,100,1,99.336,75,1,3,4301,187491,0,0,0.000,28.705,6.064,0,0.000,134.992,2.995,0,0,2,0,8
PPG,3,104567,4184231552,129,73935,81238,81030.047,207.953,59.039,0,0,0,0,69.77,69.77,0,0,0,100.00,0,1,24,1,1,23,23,0,0,0,4185523792,0.03613,0.00513,0.94849,0.94919,-0.00585,-0.00001,-0.00007,0.00585,0.95521,0.00860,0.00598,3,12114,0,6865,0.19827,0.08457,0.42656,100,1,99.336,75,1,3,2595,187491,0,0,0.000,28.705,6.064,0,0.000,134.992,2.995,0,0,2,0,8
PPG,3,104568,4184271552,128,73948,81252,81032.266,219.734,93.117,0,0,0,0,69.77,69.77,0,0,0,100.00,0,1,24,1,1,24,24,0,0,0,4185565390,0.03613,0.00171,0.94775,0.94844,-0.00585,0.00025,-0.00247,0.00636,0.95557,0.00638,0.00636,3,12118,0,6865,0.19827,0.08457,0.42656,100,1,99.336,75,1,3,4294,187491,0,0,0.000,28.705,6.064,0,0.000,134.992,2.995,0,0,2,0,8
PPG,3,104569,4184311552,522,73963,81298,81034.922,263.078,126.250,0,0,0,0,69.77,69.77,0,0,0,100.00,0,1,24,1,1,25,25,0,0,0,4185604342,0.03467,0.00830,0.95020,0.95086,-0.00638,-0.00028,-0.00221,0.00676,0.95274,0.00532,0.00676,3,12112,0,6865,0.18233,0.07319,0.40140,100,1,99.965,75,1,3,2603,187491,0,0,0.000,28.705,6.064,0,0.000,134.992,2.995,0,0,2,0,8
PPG,3,104570,4184351552,176,73965,81337,81037.945,299.055,157.359,0,0,0,0,69.77,69.77,0,0,0,100.00,0,1,24,1,1,26,26,0,0,0,4185646360,0.03857,0.00830,0.94849,0.94931,-0.00612,-0.00055,-0.00167,0.00637,0.95106,0.00175,0.00669,3,12124,0,6865,0.18233,0.07319,0.40140,100,1,99.965,75,1,3,4301,187491,0,0,0.000,28.705,6.064,0,0.000,134.992,2.995,0,0,2,0,8
PPG,3,104571,4184391552,128,73993,81350,81041.062,308.938,179.812,0,0,0,0,69.77,69.77,0,0,0,100.00,0,1,24,1,1,27,27,0,0,0,4185685413,0.04175,0.00464,0.95459,0.95551,-0.00612,-0.00055,-0.00274,0.00672,0.95551,0.00509,0.00672,3,12133,0,6865,0.18233,0.07319,0.40140,100,1,99.965,75,1,3,4296,187491,0,0,0.000,28.705,6.064,0,0.000,134.992,2.995,0,0,2,0,8
PPG,3,104572,4184431552,227,73909,81149,81042.141,106.859,164.039,0,0,0,0,69.77,69.77,0,0,0,100.00,0,1,24,1,1,28,28,0,0,0,4185724476,0.03955,0.00562,0.95142,0.95225,-0.00638,-0.00161,-0.00141,0.00673,0.95346,0.00211,0.00673,3,12126,0,6865,0.18233,0.07319,0.40140,100,1,99.965,75,1,3,2605,187491,0,0,0.000,28.705,6.064,0,0.000,134.992,2.995,0,0,2,0,8
PPG,3,104573,4184471552,135,73830,80907,81040.789,-133.789,118.312,0,1,0,0,69.77,69.77,0,0,0,100.00,0,1,24,1,1,29,29,0,0,0,4185766125,0.03979,0.00684,0.94775,0.94861,-0.00558,-0.00135,-0.00034,0.00575,0.95552,0.00691,0.00575,3,12121,0,6865,0.18233,0.07319,0.40140,100,1,99.965,75,1,3,4296,187491,0,0,0.000,28.705,6.064,0,0.000,134.992,2.995,0,0,2,0,8
PPG,3,104574,4184511552,130,73804,80847,81038.852,-191.852,64.859,0,0,0,0,69.77,69.77,0,0,0,100.00,0,1,24,1,1,30,30,0,0,0,4185805240,0.04077,0.00488,0.94727,0.94816,-0.00612,-0.00028,-0.00114,0.00623,0.95846,0.00984,0.00656,3,12133,0,6865,0.18233,0.07319,0.40140,100,1,99.965,75,1,3,4295,187491,0,0,0.000,28.705,6.064,0,0.000,134.992,2.995,0,0,2,0,8
PPG,3,104575,4184551552,130,73815,80865,81037.109,-172.109,11.023,0,0,0,0,69.77,69.77,0,0,0,100.00,0,1,24,1,1,31,31,0,0,0,4185844226,0.04053,0.00684,0.95190,0.95279,-0.00665,-0.00001,-0.00141,0.00680,0.95445,0.00630,0.00680,3,12136,0,6865,0.18233,0.07319,0.40140,100,1,99.965,75,1,3,2605,187491,0,0,0.000,28.705,6.064,0,0.000,134.992,2.995,0,0,2,0,8
PPG,3,104576,4184591552,129,73813,80879,81035.531,-156.531,-46.242,0,0,0,0,69.77,69.77,0,0,0,100.00,0,1,24,1,1,0,0,0,0,0,4185885803,0.03931,0.00146,0.94556,0.94637,-0.00532,-0.00001,-0.00114,0.00544,0.95376,0.00579,0.00544,3,12142,0,6865,0.18233,0.07319,0.40140,100,1,99.965,75,1,3,4306,187491,0,0,0.000,28.705,6.064,0,0.000,134.992,2.995,0,0,2,0,8
PPG,3,104577,4184631552,131,73835,80910,81034.273,-124.273,-103.492,0,0,0,0,69.77,69.77,0,0,0,100.00,0,1,24,1,1,1,1,0,0,0,4185924788,0.04199,0.00562,0.95361,0.95455,-0.00558,-0.00108,-0.00141,0.00586,0.95455,0.00775,0.00586,3,12121,0,6865,0.18233,0.07319,0.40140,100,1,99.965,75,1,3,2596,187491,0,0,0.000,28.705,6.064,0,0.000,134.992,2.995,0,0,2,0,8
PPG,3,104578,4184671552,129,73843,80977,81033.703,-56.703,-155.820,0,0,0,0,69.77,69.77,0,0,0,100.00,0,1,24,1,1,2,2,0,0,0,4185966358,0.03735,0.00439,0.95386,0.95460,-0.00612,-0.00055,-0.00141,0.00630,0.95460,0.00580,0.00688,3,12121,0,6865,0.18233,0.07319,0.40140,100,1,99.965,75,1,3,4304,187491,0,0,0.000,28.705,6.064,0,0.000,134.992,2.995,0,0,2,0,8
PPG,3,104579,4184711552,149,73845,80978,81033.148,-55.148,-181.500,1,0,1,800,71.43,71.43,0,0,0,100.00,0,1,24,1,1,3,3,0,0,0,4186005390,0.04199,0.00562,0.95093,0.95187,-0.00558,0.00025,-0.00087,0.00566,0.95611,0.00447,0.00635,3,12114,0,6865,0.18233,0.07319,0.40140,100,1,99.965,75,1,3,4295,187491,0,0,108.516,28.705,6.064,1,342.656,134.992,2.995,1,1,2,0,8
PPG,3,104580,4184751552,133,73853,80959,81032.406,-73.406,-173.273,0,0,0,0,71.43,71.43,0,0,0,100.00,0,1,24,1,1,4,4,0,0,0,4186056324,0.03857,0.00415,0.95532,0.95611,-0.00612,-0.00081,-0.00247,0.00665,0.95611,0.00807,0.00665,3,24035,0,6866,0.18233,0.07319,0.40140,100,1,99.965,75,1,3,14464,187491,0,0,0.000,28.516,5.898,0,0.000,134.836,2.970,0,0,2,0,8
PPG,3,104581,4184791552,132,73856,80983,81031.914,-48.914,-151.391,0,0,0,0,71.43,71.43,0,0,0,100.00,0,1,24,1,1,5,5,0,0,0,4186080631,0.04346,0.00879,0.95508,0.95611,-0.00558,-0.00001,-0.00114,0.00570,0.95940,0.00330,0.00570,2,12161,0,6866,0.18233,0.07319,0.40140,100,1,99.965,75,1,3,2614,187491,0,0,0.000,28.516,5.898,0,0.000,134.836,2.970,0,0,2,0,8
PPG,3,104582,4184831552,130,73873,81021,81031.805,-10.805,-126.258,0,0,0,0,71.43,71.43,0,0,0,100.00,0,1,24,1,1,6,6,0,0,0,4186124805,0.03809,0.00562,0.95630,0.95707,-0.00505,-0.00001,-0.00221,0.00551,0.95707,0.00748,0.00609,3,12114,0,6866,0.18233,0.07319,0.40140,100,1,99.965,75,1,3,2599,187491,0,0,0.000,28.516,5.898,0,0.000,134.836,2.970,0,0,2,0,8
PPG,3,104583,4184871552,131,73895,81080,81032.289,47.711,-94.789,0,0,0,0,71.43,71.43,0,0,0,100.00,0,1,24,1,1,7,7,0,0,0,4186166370,0.03296,0.00952,0.95044,0.95106,-0.00692,-0.00135,-0.00114,0.00714,0.95757,0.00700,0.00714,3,12116,0,6866,0.18233,0.07319,0.40140,100,1,99.965,75,1,3,4301,187491,0,0,0.000,28.516,5.898,0,0.000,134.836,2.970,0,0,2,0,8
PPG,3,104584,4184911552,130,73913,81132,81033.289,98.711,-61.281,0,0,0,0,71.43,71.43,0,0,0,100.00,0,1,24,1,1,8,8,0,0,0,4186205570,0.03613,0.00781,0.95313,0.95384,-0.00558,-0.00081,-0.00221,0.00606,0.95384,0.00940,0.00659,3,12317,0,6866,0.18233,0.07319,0.40140,100,1,99.965,75,1,3,4341,187491,0,0,0.000,28.516,5.898,0,0.000,134.836,2.970,0,0,2,0,8
PPG,3,104585,4184951552,131,73919,81168,81034.633,133.367,-31.938,0,0,0,0,71.43,71.43,0,0,0,100.00,0,1,24,1,1,9,9,0,0,0,4186244779,0.04004,0.01025,0.95850,0.95939,-0.00585,-0.00135,-0.00061,0.00603,0.95939,0.00643,0.00693,3,12116,0,6866,0.18233,0.07319,0.40140,100,1,99.965,75,1,3,2662,187491,0,0,0.000,28.516,5.898,0,0.000,134.836,2.970,0,0,2,0,8
PPG,3,104586,4184991552,131,73934,81213,81036.414,176.586,2.281,0,0,0,0,71.43,71.43,0,0,0,100.00,0,1,24,1,1,10,10,0,0,0,4186286448,0.03687,0.00684,0.95947,0.96020,-0.00479,-0.00055,-0.00221,0.00530,0.96020,0.01452,0.00591,3,12115,0,6866,0.18233,0.07319,0.40140,100,1,99.965,75,1,3,4301,187491,0,0,0.000,28.516,5.898,0,0.000,134.836,2.970,0,0,2,0,8
PPG,3,104587,4185031552,131,73944,81264,81038.688,225.312,44.547,0,0,0,0,71.43,71.43,0,0,0,100.00,0,1,24,1,1,11,11,0,0,0,4186325700,0.04053,0.00732,0.95264,0.95353,-0.00479,-0.00028,-0.00194,0.00517,0.95563,0.00650,0.00606,3,12204,0,6866,0.18233,0.07319,0.40140,100,1,99.965,75,1,3,4303,187491,0,0,0.000,28.516,5.898,0,0.000,134.836,2.970,0,0,2,0,8
PPG,3,104588,4185071552,129,73952,81274,81041.039,232.961,85.023,0,0,0,0,71.43,71.43,0,0,0,100.00,0,1,24,1,1,12,12,0,0,0,4186364899,0.03833,0.00635,0.95044,0.95123,-0.00505,-0.00001,-0.00087,0.00513,0.95123,0.00631,0.00570,3,12281,0,6866,0.18233,0.07319,0.40140,100,1,99.965,75,1,3,2601,187491,0,0,0.000,28.516,5.898,0,0.000,134.836,2.970,0,0,2,0,8
PPG,3,104589,4185111552,129,73962,81301,81043.641,257.359,124.867,0,0,0,0,71.43,71.43,0,0,0,100.00,0,1,24,1,1,13,13,0,0,0,4186406733,0.03833,0.00317,0.95264,0.95341,-0.00452,0.00025,-0.00114,0.00467,0.95341,0.00545,0.00628,3,12261,0,6866,0.18233,0.07319,0.40140,100,1,99.965,75,1,3,4315,187491,0,0,0.000,28.516,5.898,0,0.000,134.836,2.970,0,0,2,0,8
PPG,3,104590,4185151552,128,73974,81329,81046.492,282.508,160.844,0,0,0,0,71.43,71.43,0,0,0,100.00,0,1,24,1,1,14,14,0,0,0,4186446093,0.03955,0.00806,0.95337,0.95422,-0.00558,-0.00001,-0.00114,0.00570,0.95422,0.00150,0.00570,3,12300,0,6866,0.18233,0.07319,0.40140,100,1,99.965,75,1,3,4343,187491,0,0,0.000,28.516,5.898,0,0.000,134.836,2.970,0,0,2,0,8
PPG,3,104591,4185191552,148,73991,81355,81049.578,305.422,192.453,0,0,0,0,71.43,71.43,0,0,0,100.00,0,1,24,1,1,15,15,0,0,0,4186485408,0.03687,0.00342,0.94873,0.94945,-0.00532,-0.00028,-0.00114,0.00545,0.95522,0.00696,0.00613,3,12213,0,6866,0.18233,0.07319,0.40140,100,1,99.965,75,1,3,4323,187491,0,0,0.000,28.516,5.898,0,0.000,134.836,2.970,0,0,2,0,8
PPG,3,104592,4185231552,134,73995,81400,81053.086,346.914,213.039,0,0,0,0,71.43,71.43,0,0,0,100.00,0,1,24,1,1,16,16,0,0,0,4186524813,0.03931,0.00879,0.95068,0.95154,-0.00532,-0.00028,-0.00247,0.00587,0.95694,0.00748,0.00587,3,12255,0,6866,0.18233,0.07319,0.40140,100,1,99.965,75,1,3,2628,187491,0,0,0.000,28.516,5.898,0,0.000,134.836,2.970,0,0,2,0,8
PPG,3,104593,4185271552,149,73991,81394,81056.492,337.508,214.547,0,0,0,0,71.43,71.43,0,0,0,100.00,0,1,24,1,1,17,17,0,0,0,4186566800,0.03735,0.00537,0.95654,0.95729,-0.00558,-0.00028,-0.00194,0.00592,0.95729,0.00871,0.00599,3,12241,0,6866,0.18233,0.07319,0.40140,100,1,99.965,75,1,3,4332,187491,0,0,0.000,28.516,5.898,0,0.000,134.836,2.970,0,0,2,0,8
PPG,3,104594,4185311552,615,73931,81174,81057.664,116.336,185.344,0,1,0,0,71.43,71.43,0,0,0,100.00,0,1,24,1,1,18,18,0,0,0,4186606182,0.04053,0.00342,0.95264,0.95350,-0.00558,-0.00108,-0.00114,0.00580,0.95812,0.00556,0.00601,3,12299,0,6866,0.18420,0.07054,0.38295,100,1,100.426,78,1,3,4358,187491,0,0,0.000,28.516,5.898,0,0.000,134.836,2.970,0,0,2,0,8
PPG,3,104595,4185351552,207,73866,81002,81057.109,-55.109,139.641,0,0,0,0,71.43,71.43,0,0,0,100.00,0,1,24,1,1,19,19,0,0,0,4186646028,0.03955,0.00562,0.94897,0.94982,-0.00532,0.00025,-0.00194,0.00567,0.95636,0.00654,0.00706,3,12238,0,6866,0.18420,0.07054,0.38295,100,1,100.426,78,1,3,4320,187491,0,0,0.000,28.516,5.898,0,0.000,134.836,2.970,0,0,2,0,8
PPG,3,104596,4185391552,132,73838,80962,81056.156,-94.156,87.062,0,0,0,0,71.43,71.43,0,0,0,100.00,0,1,24,1,1,20,20,0,0,0,4186685430,0.03931,0.00513,0.94287,0.94370,-0.00505,-0.00001,-0.00221,0.00551,0.95208,0.00838,0.00625,3,12266,0,6866,0.18420,0.07054,0.38295,100,1,100.426,78,1,3,4331,187491,0,0,0.000,28.516,5.898,0,0.000,134.836,2.970,0,0,2,0,8
PPG,3,104597,4185431552,130,73862,81001,81055.602,-54.602,35.648,0,0,0,0,71.43,71.43,0,0,0,100.00,0,1,24,1,1,21,21,0,0,0,4186724883,0.03955,0.00879,0.95313,0.95399,-0.00638,-0.00001,-0.00167,0.00660,0.95399,0.00825,0.00660,3,12251,0,6866,0.18420,0.07054,0.38295,100,1,100.426,78,1,3,2609,187491,0,0,0.000,28.516,5.898,0,0.000,134.836,2.970,0,0,2,0,8
PPG,3,104598,4185471552,128,73851,81008,81055.125,-47.125,-15.469,0,0,0,0,71.43,71.43,0,0,0,100.00,0,1,24,1,1,22,22,0,0,0,4186766759,0.03979,0.00854,0.94336,0.94424,-0.00532,-0.00108,-0.00141,0.00561,0.95799,0.00753,0.00706,3,12242,0,6866,0.18420,0.07054,0.38295,100,1,100.426,78,1,3,4345,187491,0,0,0.000,28.516,5.898,0,0.000,134.836,2.970,0,0,2,0,8
PPG,3,104599,4185511552,129,73873,81042,81054.992,-12.992,-69.812,0,0,0,0,71.43,71.43,0,0,0,100.00,0,1,24,1,1,23,23,0,0,0,4186806058,0.03711,0.00830,0.94604,0.94681,-0.00638,-0.00001,-0.00167,0.00660,0.95620,0.01196,0.00660,3,12257,0,6866,0.18420,0.07054,0.38295,100,1,100.426,78,1,3,4345,187491,0,0,0.000,28.516,5.898,0,0.000,134.836,2.970,0,0,2,0,8
PPG,3,104600,4185551552,129,73870,81078,81055.219,22.781,-120.906,0,0,0,0,71.43,71.43,0,0,0,100.00,0,1,24,1,1,24,24,0,0,0,4186845421,0.04370,0.00098,0.95557,0.95657,-0.00665,-0.00055,-0.00274,0.00721,0.96199,0.01518,0.00721,3,12243,0,6866,0.18420,0.07054,0.38295,100,1,100.426,78,1,3,4329,187491,0,0,0.000,28.516,5.898,0,0.000,134.836,2.970,0,0,2,0,8
PPG,3,104601,4185591552,150,73883,81081,81055.477,25.523,-139.094,1,0,1,880,71.43,71.43,0,0,0,100.00,0,1,24,1,1,25,25,0,0,0,4186884660,0.03687,0.01147,0.95166,0.95244,-0.00612,-0.00055,-0.00141,0.00630,0.95633,0.00796,0.00640,3,12244,0,6866,0.18420,0.07054,0.38295,100,1,100.426,78,1,3,2648,187491,0,0,141.828,28.516,5.898,1,396.047,134.836,2.970,1,1,2,0,8
PPG,3,104602,4185631552,125,73886,81078,81055.703,22.297,-131.086,0,0,0,0,71.43,71.43,0,0,0,100.00,0,1,24,1,1,26,26,0,0,0,4186926685,0.03735,0.00635,0.94409,0.94485,-0.00585,-0.00055,-0.00221,0.00628,0.95068,0.00360,0.00628,3,12233,0,6866,0.18420,0.07054,0.38295,100,1,100.426,78,1,3,4337,187491,0,0,0.000,28.558,5.935,0,0.000,135.033,3.002,0,0,2,0,8
PPG,3,104603,4185671552,142,73888,81103,81056.180,46.820,-112.094,0,0,0,0,71.43,71.43,0,0,0,100.00,0,1,24,1,1,27,27,0,0,0,4186965937,0.04004,0.00610,0.95020,0.95106,-0.00638,-0.00135,-0.00247,0.00698,0.95873,0.00817,0.00698,3,12242,0,6866,0.18420,0.07054,0.38295,100,1,100.426,78,1,3,4334,187491,0,0,0.000,28.558,5.935,0,0.000,135.033,3.002,0,0,2,0,8
PPG,3,104604,4185711552,128,73907,81153,81057.148,95.852,-91.430,0,0,0,0,71.43,71.43,0,0,0,100.00,0,1,24,1,1,28,28,0,0,0,4187005267,0.03564,0.00635,0.95215,0.95284,-0.00638,-0.00055,-0.00167,0.00662,0.95834,0.00551,0.00662,3,12332,0,6866,0.18420,0.07054,0.38295,100,1,100.426,78,1,3,4303,187491,0,0,0.000,28.558,5.935,0,0.000,135.033,3.002,0,0,2,0,8
PPG,3,104605,4185751552,135,73921,81206,81058.641,147.359,-65.039,0,0,0,0,71.43,71.43,0,0,0,100.00,0,1,24,1,1,29,29,0,0,0,4187056334,0.03760,0.00488,0.95288,0.95363,-0.00558,-0.00055,-0.00247,0.00613,0.95363,0.00315,0.00680,3,24173,0,6867,0.18420,0.07054,0.38295,100,1,100.426,78,1,3,14461,187491,0,0,0.000,28.558,5.935,0,0.000,135.033,3.002,0,0,2,0,8
PPG,3,104606,4185791552,129,73921,81232,81060.375,171.625,-38.852,0,0,0,0,71.43,71.43,0,0,0,100.00,0,1,24,1,1,30,30,0,0,0,4187080782,0.03906,0.00708,0.95068,0.95151,-0.00532,-0.00108,-0.00221,0.00586,0.95151,0.00394,0.00678,2,12166,0,6867,0.18420,0.07054,0.38295,100,1,100.426,78,1,3,2590,187491,0,0,0.000,28.558,5.935,0,0.000,135.033,3.002,0,0,2,0,8
PPG,3,104607,4185831552,130,73939,81273,81062.500,210.500,-11.438,0,0,0,0,71.43,71.43,0,0,0,100.00,0,1,24,1,1,31,31,0,0,0,4187125014,0.03809,0.00830,0.95020,0.95099,-0.00612,-0.00108,-0.00034,0.00622,0.95198,0.00167,0.00694,3,12181,0,6867,0.18420,0.07054,0.38295,100,1,100.426,78,1,3,2600,187491,0,0,0.000,28.558,5.935,0,0.000,135.033,3.002,0,0,2,0,8
PPG,3,104608,4185871552,129,73934,81279,81064.664,214.336,16.594,0,0,0,0,71.43,71.43,0,0,0,100.00,0,1,24,1,1,0,0,0,0,0,4187166625,0.03833,0.00635,0.95044,0.95123,-0.00612,-0.00055,-0.00194,0.00644,0.95434,0.00779,0.00673,3,12117,0,6867,0.18420,0.07054,0.38295,100,1,100.426,78,1,3,4296,187491,0,0,0.000,28.558,5.935,0,0.000,135.033,3.002,0,0,2,0,8
PPG,3,104609,4185911552,130,73947,81304,81067.055,236.945,48.727,0,0,0,0,71.43,71.43,0,0,0,100.00,0,1,24,1,1,1,1,0,0,0,4187205592,0.03589,0.00146,0.95630,0.95697,-0.00665,0.00025,-0.00221,0.00701,0.95697,0.00431,0.00701,3,12125,0,6867,0.18420,0.07054,0.38295,100,1,100.426,78,1,3,4298,187491,0,0,0.000,28.558,5.935,0,0.000,135.033,3.002,0,0,2,0,8
PPG,3,104610,4185951552,129,73961,81348,81069.867,278.133,82.781,0,0,0,0,71.43,71.43,0,0,0,100.00,0,1,24,1,1,2,2,0,0,0,4187244595,0.04126,0.00513,0.95190,0.95281,-0.00505,-0.00001,-0.00114,0.00518,0.95703,0.01246,0.00720,3,12123,0,6867,0.18420,0.07054,0.38295,100,1,100.426,78,1,3,2610,187491,0,0,0.000,28.558,5.935,0,0.000,135.033,3.002,0,0,2,0,8
PPG,3,104611,4185991552,129,73964,81385,81073.016,311.984,114.422,0,0,0,0,71.43,71.43,0,0,0,100.00,0,1,24,1,1,3,3,0,0,0,4187286136,0.03418,0.00439,0.94922,0.94984,-0.00558,-0.00081,-0.00194,0.00597,0.95145,0.00250,0.00597,3,12113,0,6867,0.18420,0.07054,0.38295,100,1,100.426,78,1,3,4301,187491,0,0,0.000,28.558,5.935,0,0.000,135.033,3.002,0,0,2,0,8
PPG,3,104612,4186031552,129,73980,81434,81076.625,357.375,145.289,0,0,0,0,71.43,71.43,0,0,0,100.00,0,1,24,1,1,4,4,0,0,0,4187325158,0.03442,0.01050,0.94604,0.94673,-0.00505,-0.00055,-0.00087,0.00516,0.95786,0.00816,0.00562,3,12181,0,6867,0.18420,0.07054,0.38295,100,1,100.426,78,1,3,2610,187491,0,0,0.000,28.558,5.935,0,0.000,135.033,3.002,0,0,2,0,8
PPG,3,104613,4186071552,132,74008,81465,81080.508,384.492,175.031,0,1,0,0,71.43,71.43,0,0,0,100.00,0,1,24,1,1,5,5,0,0,0,4187366720,0.04028,0.00806,0.95410,0.95499,-0.00505,0.00025,-0.00167,0.00533,0.95499,0.00740,0.00635,3,12119,0,6867,0.18420,0.07054,0.38295,100,1,100.426,78,1,3,4306,187491,0,0,0.000,28.558,5.935,0,0.000,135.033,3.002,0,0,2,0,8
PPG,3,104614,4186111552,129,74017,81499,81084.695,414.305,191.062,0,0,0,0,71.43,71.43,0,0,0,100.00,0,1,24,1,1,6,6,0,0,0,4187405693,0.03882,0.00732,0.95483,0.95565,-0.00505,-0.00055,-0.00034,0.00509,0.95611,0.00289,0.00635,3,12126,0,6867,0.18420,0.07054,0.38295,100,1,100.426,78,1,3,4303,187491,0,0,0.000,28.558,5.935,0,0.000,135.033,3.002,0,0,2,0,8
PPG,3,104615,4186151552,181,73997,81421,81088.055,332.945,190.398,0,0,0,0,71.43,71.43,0,0,0,100.00,0,1,24,1,1,7,7,0,0,0,4187444797,0.03760,0.00171,0.95386,0.95460,-0.00532,-0.00161,-0.00114,0.00567,0.95535,0.00743,0.00609,3,12114,0,6867,0.18420,0.07054,0.38295,100,1,100.426,78,1,3,2597,187491,0,0,0.000,28.558,5.935,0,0.000,135.033,3.002,0,0,2,0,8
PPG,3,104616,4186191552,176,73930,81216,81089.336,126.664,165.133,0,0,0,0,71.43,71.43,0,0,0,100.00,0,1,24,1,1,8,8,0,0,0,4187486456,0.03687,0.00537,0.95923,0.95995,-0.00532,-0.00161,0.00046,0.00558,0.95995,0.01092,0.00562,3,12154,0,6867,0.18420,0.07054,0.38295,100,1,100.426,78,1,3,4308,187491,0,0,0.000,28.558,5.935,0,0.000,135.033,3.002,0,0,2,0,8
PPG,3,104617,4186231552,184,73897,81147,81089.914,57.086,129.109,0,0,0,0,71.43,71.43,0,0,0,100.00,0,1,24,1,1,9,9,0,0,0,4187525480,0.03882,0.00684,0.95239,0.95321,-0.00505,-0.00001,-0.00114,0.00518,0.95803,0.00408,0.00535,3,12138,0,6867,0.18420,0.07054,0.38295,100,1,100.426,78,1,3,4307,187491,0,0,0.000,28.558,5.935,0,0.000,135.033,3.002,0,0,2,0,8
PPG,3,104618,4186271552,128,73893,81171,81090.727,80.273,90.391,0,0,0,0,71.43,71.43,0,0,0,100.00,0,1,24,1,1,10,10,0,0,0,4187565039,0.04297,0.00830,0.95288,0.95389,-0.00532,-0.00001,-0.00141,0.00550,0.95389,0.00324,0.00639,3,12142,0,6867,0.18420,0.07054,0.38295,100,1,100.426,78,1,3,2600,187491,0,0,0.000,28.558,5.935,0,0.000,135.033,3.002,0,0,2,0,8
PPG,3,104619,4186311552,525,73910,81205,81091.867,113.133,49.531,0,0,0,0,71.43,71.43,0,0,0,100.00,0,1,24,1,1,11,11,0,0,0,4187606665,0.04053,0.00537,0.95435,0.95522,-0.00505,-0.00028,-0.00221,0.00552,0.95522,0.00498,0.00630,3,12111,0,6867,0.19796,0.07110,0.35914,100,1,101.022,75,1,3,4303,187491,0,0,0.000,28.558,5.935,0,0.000,135.033,3.002,0,0,2,0,8
PPG,3,104620,4186351552,178,73932,81250,81093.445,156.555,10.211,0,0,0,0,71.43,71.43,0,0,0,100.00,0,1,24,1,1,12,12,0,0,0,4187646139,0.03833,0.00635,0.94702,0.94782,-0.00558,-0.00135,-0.00194,0.00606,0.95272,0.00490,0.00620,3,12148,0,6867,0.19796,0.07110,0.35914,100,1,101.022,75,1,3,4300,187491,0,0,0.000,28.558,5.935,0,0.000,135.033,3.002,0,0,2,0,8
PPG,3,104621,4186391552,130,73946,81288,81095.391,192.609,-30.281,0,0,0,0,71.43,71.43,0,0,0,100.00,0,1,24,1,1,13,13,0,0,0,4187685153,0.03442,0.00928,0.95068,0.95135,-0.00532,0.00025,-0.00114,0.00544,0.96086,0.01304,0.00617,3,12113,0,6867,0.19796,0.07110,0.35914,100,1,101.022,75,1,3,2600,187491,0,0,0.000,28.558,5.935,0,0.000,135.033,3.002,0,0,2,0,8
PPG,3,104622,4186431552,205,73944,81284,81097.273,186.727,-60.148,1,0,0,0,71.43,71.43,0,0,0,100.00,0,1,24,1,1,14,14,0,0,0,4187726741,0.03833,0.00586,0.95361,0.95440,-0.00585,0.00052,-0.00141,0.00604,0.95440,0.00399,0.00649,3,12149,0,6867,0.19796,0.07110,0.35914,100,1,101.022,75,1,3,4325,187491,0,0,0.000,28.558,5.935,0,330.156,135.033,3.002,1,0,2,0,8
PPG,3,104623,4186471552,151,73915,81280,81099.102,180.898,-59.859,0,0,1,860,71.43,71.43,0,0,0,100.00,0,1,24,1,1,15,15,0,0,0,4187765846,0.04102,0.00977,0.95117,0.95211,-0.00532,-0.00001,-0.00167,0.00557,0.95261,0.00282,0.00577,3,12115,0,6867,0.19796,0.07110,0.35914,100,1,101.022,75,1,3,4300,187491,0,0,112.211,28.558,5.935,1,0.000,135.033,3.002,0,1,2,0,8
PPG,3,104624,4186511552,129,73926,81289,81101.000,188.000,-46.367,0,0,0,0,71.43,71.43,0,0,0,100.00,0,1,24,1,1,16,16,0,0,0,4187804848,0.03711,0.00513,0.94727,0.94801,-0.00558,-0.00135,-0.00141,0.00591,0.95540,0.00740,0.00591,3,12109,0,6867,0.19796,0.07110,0.35914,100,1,101.022,75,1,3,2599,187491,0,0,0.000,28.409,5.805,0,0.000,134.794,2.963,0,0,2,0,8
PPG,3,104625,4186551552,129,73950,81321,81103.203,217.797,-30.688,0,0,0,0,71.43,71.43,0,0,0,100.00,0,1,24,1,1,17,17,0,0,0,4187846431,0.03760,0.00317,0.94287,0.94363,-0.00585,-0.00081,-0.00061,0.00594,0.95228,0.00585,0.00628,3,12139,0,6867,0.19796,0.07110,0.35914,100,1,101.022,75,1,3,4300,187491,0,0,0.000,28.409,5.805,0,0.000,134.794,2.963,0,0,2,0,8
PPG,3,104626,4186591552,130,73974,81353,81105.703,247.297,-15.602,0,0,0,0,71.43,71.43,0,0,0,100.00,0,1,24,1,1,18,18,0,0,0,4187885448,0.04175,0.00415,0.95581,0.95673,-0.00665,0.00025,-0.00034,0.00666,0.95673,0.01069,0.00666,3,12115,0,6867,0.19796,0.07110,0.35914,100,1,101.022,75,1,3,4300,187491,0,0,0.000,28.409,5.805,0,0.000,134.794,2.963,0,0,2,0,8
PPG,3,104627,4186631552,134,73980,81410,81108.742,301.258,0.406,0,0,0,0,71.43,71.43,0,0,0,100.00,0,1,24,1,1,19,19,0,0,0,4187924401,0.04126,0.00391,0.94946,0.95037,-0.00585,-0.00055,-0.00087,0.00594,0.95344,0.01039,0.00708,3,12114,0,6867,0.19796,0.07110,0.35914,100,1,101.022,75,1,3,2595,187491,0,0,0.000,28.409,5.805,0,0.000,134.794,2.963,0,0,2,0,8
PPG,3,104628,4186671552,129,73980,81431,81111.961,319.039,13.242,0,0,0,0,71.43,71.43,0,0,0,100.00,0,1,24,1,1,20,20,0,0,0,4187965964,0.03760,0.00562,0.95044,0.95120,-0.00558,-0.00055,-0.00167,0.00586,0.95500,0.00380,0.00631,3,12118,0,6867,0.19796,0.07110,0.35914,100,1,101.022,75,1,3,4299,187491,0,0,0.000,28.409,5.805,0,0.000,134.794,2.963,0,0,2,0,8
PPG,3,104629,4186711552,130,73995,81466,81115.500,350.500,31.141,0,0,0,0,71.43,71.43,0,0,0,100.00,0,1,24,1,1,21,21,0,0,0,4188004902,0.03540,0.00537,0.95068,0.95136,-0.00638,-0.00001,-0.00167,0.00660,0.95626,0.00605,0.00680,3,12117,0,6867,0.19796,0.07110,0.35914,100,1,101.022,75,1,3,2595,187491,0,0,0.000,28.409,5.805,0,0.000,134.794,2.963,0,0,2,0,8
PPG,3,104630,4186751552,133,73996,81481,81119.156,361.844,53.203,0,0,0,0,71.43,71.43,0,0,0,100.00,0,1,24,1,1,22,22,0,0,0,4188055793,0.03516,0.00708,0.94922,0.94990,-0.00505,-0.00055,-0.00194,0.00544,0.94990,0.00330,0.00702,3,21439,0,6868,0.19796,0.07110,0.35914,100,1,101.022,75,1,3,14465,187491,0,0,0.000,28.409,5.805,0,0.000,134.794,2.963,0,0,2,0,8
PPG,3,104631,4186791552,128,74000,81505,81123.016,381.984,78.062,0,0,0,0,71.43,71.43,0,0,0,100.00,0,1,24,1,1,23,23,0,0,0,4188092226,0.03931,0.00342,0.95190,0.95272,-0.00425,-0.00028,-0.00194,0.00468,0.95429,0.00350,0.00597,3,12115,0,6868,0.19796,0.07110,0.35914,100,1,101.022,75,1,3,2587,187491,0,0,0.000,28.409,5.805,0,0.000,134.794,2.963,0,0,2,0,8
PPG,3,104632,4186831552,129,74010,81547,81127.258,419.742,104.688,0,0,0,0,71.43,71.43,0,0,0,100.00,0,1,24,1,1,24,24,0,0,0,4188128615,0.03613,0.00708,0.95068,0.95140,-0.00612,-0.00108,-0.00141,0.00637,0.95322,0.00673,0.00637,3,12117,0,6868,0.19796,0.07110,0.35914,100,1,101.022,75,1,3,2597,187491,0,0,0.000,28.409,5.805,0,0.000,134.794,2.963,0,0,2,0,8
PPG,3,104633,4186871552,128,74042,81587,81131.852,455.148,132.023,0,0,0,0,71.43,71.43,0,0,0,100.00,0,1,24,1,1,25,25,0,0,0,4188165016,0.03613,0.00342,0.95044,0.95113,-0.00532,-0.00001,-0.00114,0.00544,0.95113,0.00476,0.00697,3,12104,0,6868,0.19796,0.07110,0.35914,100,1,101.022,75,1,3,2596,187491,0,0,0.000,28.409,5.805,0,0.000,134.794,2.963,0,0,2,0,8
PPG,3,104634,4186911552,127,74058,81638,81136.914,501.086,157.641,0,0,0,0,71.43,71.43,0,0,0,100.00,0,1,24,1,1,26,26,0,0,0,4188206560,0.04077,0.00610,0.94971,0.95060,-0.00585,-0.00135,-0.00141,0.00617,0.95070,0.00265,0.00654,3,12112,0,6868,0.19796,0.07110,0.35914,100,1,101.022,75,1,3,4294,187491,0,0,0.000,28.409,5.805,0,0.000,134.794,2.963,0,0,2,0,8
PPG,3,104635,4186951552,129,74060,81650,81142.047,507.953,177.477,0,0,0,0,71.43,71.43,0,0,0,100.00,0,1,24,1,1,27,27,0,0,0,4188245604,0.03589,0.00684,0.95044,0.95114,-0.00505,-0.00028,-0.00061,0.00510,0.95374,0.00314,0.00593,3,12160,0,6868,0.19796,0.07110,0.35914,100,1,101.022,75,1,3,4297,187491,0,0,0.000,28.409,5.805,0,0.000,134.794,2.963,0,0,2,0,8
PPG,3,104636,4186991552,223,74008,81481,81145.438,335.562,166.367,0,0,0,0,71.43,71.43,0,0,0,100.00,0,1,24,1,1,28,28,0,0,0,4188284536,0.04077,0.00562,0.95337,0.95426,-0.00665,-0.00028,-0.00114,0.00675,0.95426,0.00173,0.00675,3,12106,0,6868,0.19796,0.07110,0.35914,100,1,101.022,75,1,3,2598,187491,0,0,0.000,28.409,5.805,0,0.000,134.794,2.963,0,0,2,0,8
PPG,3,104637,4187031552,131,73954,81337,81147.352,189.648,136.297,0,0,0,0,71.43,71.43,0,0,0,100.00,0,1,24,1,1,29,29,0,0,0,4188326251,0.03467,0.00342,0.95117,0.95181,-0.00612,0.00025,-0.00141,0.00628,0.95181,0.00356,0.00676,3,12115,0,6868,0.19796,0.07110,0.35914,100,1,101.022,75,1,3,4295,187491,0,0,0.000,28.409,5.805,0,0.000,134.794,2.963,0,0,2,0,8
PPG,3,104638,4187071552,129,73943,81307,81148.945,158.055,101.211,0,0,0,0,71.43,71.43,0,0,0,100.00,0,1,24,1,1,30,30,0,0,0,4188365240,0.03467,0.00659,0.94800,0.94865,-0.00558,0.00025,-0.00167,0.00583,0.95296,0.00430,0.00644,3,12114,0,6868,0.19796,0.07110,0.35914,100,1,101.022,75,1,3,2598,187491,0,0,0.000,28.409,5.805,0,0.000,134.794,2.963,0,0,2,0,8
PPG,3,104639,4187111552,130,73947,81352,81150.977,201.023,66.008,0,0,0,0,71.43,71.43,0,0,0,100.00,0,1,24,1,1,31,31,0,0,0,4188406767,0.03369,0.00464,0.94971,0.95032,-0.00558,0.00025,-0.00114,0.00571,0.95032,0.00153,0.00686,3,12116,0,6868,0.19796,0.07110,0.35914,100,1,101.022,75,1,3,4299,187491,0,0,0.000,28.409,5.805,0,0.000,134.794,2.963,0,0,2,0,8
PPG,3,104640,4187151552,129,73957,81374,81153.203,220.797,29.383,0,0,0,0,71.43,71.43,0,0,0,100.00,0,1,24,1,1,0,0,0,0,0,4188445734,0.04028,0.00806,0.94922,0.95011,-0.00638,-0.00028,-0.00167,0.00661,0.96080,0.01242,0.00661,3,12138,0,6868,0.19796,0.07110,0.35914,100,1,101.022,75,1,3,4294,187491,0,0,0.000,28.409,5.805,0,0.000,134.794,2.963,0,0,2,0,8
PPG,3,104641,4187191552,129,73979,81447,81156.141,290.859,-5.859,0,0,0,0,71.43,71.43,0,0,0,100.00,0,1,24,1,1,1,1,0,0,0,4188484711,0.03760,0.00293,0.95483,0.95558,-0.00532,-0.00028,-0.00034,0.00534,0.95558,0.00390,0.00695,3,12123,0,6868,0.19796,0.07110,0.35914,100,1,101.022,75,1,3,2603,187491,0,0,0.000,28.409,5.805,0,0.000,134.794,2.963,0,0,2,0,8
PPG,3,104642,4187231552,128,73982,81442,81159.000,283.000,-43.469,0,0,0,0,71.43,71.43,0,0,0,100.00,0,1,24,1,1,2,2,0,0,0,4188526238,0.03711,0.00830,0.95020,0.95096,-0.00585,-0.00055,-0.00167,0.00611,0.95378,0.00283,0.00696,3,12119,0,6868,0.19796,0.07110,0.35914,100,1,101.022,75,1,3,4294,187491,0,0,0.000,28.409,5.805,0,0.000,134.794,2.963,0,0,2,0,8
PPG,3,104643,4187271552,151,73974,81465,81162.062,302.938,-55.008,1,0,1,820,73.17,73.17,0,0,0,100.00,0,1,24,1,1,3,3,0,0,0,4188565200,0.03735,0.00464,0.94409,0.94484,-0.00505,-0.00081,-0.00167,0.00538,0.95543,0.00763,0.00575,3,12119,0,6868,0.19796,0.07110,0.35914,100,1,101.022,75,1,3,2605,187491,0,0,79.680,28.409,5.805,1,237.625,134.794,2.963,1,1,2,0,8
PPG,3,104644,4187311552,524,73989,81462,81165.062,296.938,-45.797,0,0,0,0,73.17,73.17,0,0,0,100.00,0,1,24,1,1,4,4,0,0,0,4188606903,0.04053,0.00879,0.95532,0.95622,-0.00558,-0.00028,-0.00141,0.00577,0.95622,0.00718,0.00626,3,12118,0,6868,0.23769,0.07889,0.33191,100,1,nan,71,1,3,4297,187491,0,0,0.000,28.076,5.515,0,0.000,134.006,2.834,0,0,2,0,8
PPG,3,104645,4187351552,181,74017,81511,81168.523,342.477,-26.156,0,0,0,0,73.17,73.17,0,0,0,100.00,0,1,24,1,1,5,5,0,0,0,4188646344,0.04028,0.00659,0.95117,0.95205,-0.00585,-0.00028,-0.00194,0.00617,0.95753,0.00548,0.00647,3,12104,0,6868,0.23769,0.07889,0.33191,100,1,nan,71,1,3,4322,187491,0,0,0.000,28.076,5.515,0,0.000,134.006,2.834,0,0,2,0,8
PPG,3,104646,4187391552,195,74032,81540,81172.234,367.766,-8.648,0,0,0,0,73.17,73.17,0,0,0,100.00,0,1,24,1,1,6,6,0,0,0,4188685382,0.03662,0.00488,0.95264,0.95335,-0.00585,-0.00001,-0.00087,0.00592,0.95335,0.00449,0.00653,3,12112,0,6868,0.23769,0.07889,0.33191,100,1,nan,71,1,3,2650,187491,0,0,0.000,28.076,5.515,0,0.000,134.006,2.834,0,0,2,0,8
PPG,3,104647,4187431552,131,74058,81605,81176.562,428.438,14.602,0,0,0,0,73.17,73.17,0,0,0,100.00,0,1,24,1,1,7,7,0,0,0,4188727259,0.03906,0.00708,0.95093,0.95176,-0.00612,0.00025,-0.00194,0.00642,0.95176,0.00253,0.00642,3,12155,0,6868,0.23769,0.07889,0.33191,100,1,nan,71,1,3,4304,187491,0,0,0.000,28.076,5.515,0,0.000,134.006,2.834,0,0,2,0,8
PPG,3,104648,4187471552,130,74067,81651,81181.305,469.695,32.742,0,0,0,0,73.17,73.17,0,0,0,100.00,0,1,24,1,1,8,8,0,0,0,4188766678,0.03760,0.00366,0.94238,0.94314,-0.00558,-0.00108,-0.00247,0.00620,0.95016,0.00561,0.00722,3,12299,0,6868,0.23769,0.07889,0.33191,100,1,nan,71,1,3,4333,187491,0,0,0.000,28.076,5.515,0,0.000,134.006,2.834,0,0,2,0,8
PPG,3,104649,4187511552,138,74089,81682,81186.312,495.688,56.227,0,0,0,0,73.17,73.17,0,0,0,100.00,0,1,24,1,1,9,9,0,0,0,4188805984,0.04028,0.00244,0.95483,0.95569,-0.00665,-0.00055,-0.00087,0.00673,0.95629,0.01315,0.00673,3,12256,0,6868,0.23769,0.07889,0.33191,100,1,nan,71,1,3,4334,187491,0,0,0.000,28.076,5.515,0,0.000,134.006,2.834,0,0,2,0,8
PPG,3,104650,4187551552,142,74087,81704,81191.492,512.508,79.219,0,0,0,0,73.17,73.17,0,0,0,100.00,0,1,24,1,1,10,10,0,0,0,4188845274,0.03540,0.00635,0.95239,0.95307,-0.00665,-0.00001,-0.00274,0.00719,0.95486,0.00831,0.00719,3,12225,0,6868,0.23769,0.07889,0.33191,100,1,nan,71,1,3,2645,187491,0,0,0.000,28.076,5.515,0,0.000,134.006,2.834,0,0,2,0,8
PPG,3,104651,4187591552,136,74081,81722,81196.797,525.203,105.508,0,0,0,0,73.17,73.17,0,0,0,100.00,0,1,24,1,1,11,11,0,0,0,4188887332,0.03589,0.00513,0.95068,0.95137,-0.00558,-0.00108,-0.00167,0.00593,0.95137,0.00460,0.00656,3,12264,0,6868,0.23769,0.07889,0.33191,100,1,nan,71,1,3,4345,187491,0,0,0.000,28.076,5.515,0,0.000,134.006,2.834,0,0,2,0,8
PPG,3,104652,4187631552,130,74090,81749,81202.320,546.680,129.414,0,0,0,0,73.17,73.17,0,0,0,100.00,0,1,24,1,1,12,12,0,0,0,4188926627,0.03833,0.00366,0.94971,0.95049,-0.00558,-0.00055,-0.00167,0.00586,0.95445,0.00397,0.00602,3,12251,0,6868,0.23769,0.07889,0.33191,100,1,nan,71,1,3,4338,187491,0,0,0.000,28.076,5.515,0,0.000,134.006,2.834,0,0,2,0,8
PPG,3,104653,4187671552,141,74115,81771,81208.008,562.992,153.211,0,0,0,0,73.17,73.17,0,0,0,100.00,0,1,24,1,1,13,13,0,0,0,4188965977,0.03931,0.00171,0.94897,0.94979,-0.00558,0.00079,-0.00087,0.00571,0.95572,0.00523,0.00637,3,12300,0,6868,0.23769,0.07889,0.33191,100,1,nan,71,1,3,4328,187491,0,0,0.000,28.076,5.515,0,0.000,134.006,2.834,0,0,2,0,8
PPG,3,104654,4187711552,147,74115,81829,81214.219,614.781,175.664,0,0,0,0,73.17,73.17,0,0,0,100.00,0,1,24,1,1,14,14,0,0,0,4189005195,0.03687,0.00854,0.95020,0.95095,-0.00638,-0.00028,-0.00114,0.00649,0.95307,0.00328,0.00649,3,12259,0,6868,0.23769,0.07889,0.33191,100,1,nan,71,1,3,2631,187491,0,0,0.000,28.076,5.515,0,0.000,134.006,2.834,0,0,2,0,8
PPG,3,104655,4187751552,139,74108,81805,81220.125,584.875,189.914,0,0,0,0,73.17,73.17,0,0,0,100.00,0,1,24,1,1,15,15,0,0,0,4189056759,0.03467,0.00684,0.95508,0.95573,-0.00692,-0.00055,-0.00221,0.00728,0.95799,0.00704,0.00728,3,21825,0,6869,0.23769,0.07889,0.33191,100,1,nan,71,1,3,14768,187491,0,0,0.000,28.076,5.515,0,0.000,134.006,2.834,0,0,2,0,8
PPG,3,104656,4187791552,228,74046,81587,81223.797,363.203,171.039,0,0,0,0,73.17,73.17,0,0,0,100.00,0,1,24,1,1,16,16,0,0,0,4189081290,0.03906,0.00513,0.95410,0.95491,-0.00665,-0.00055,-0.00114,0.00677,0.95491,0.00545,0.00677,2,12263,0,6869,0.23769,0.07889,0.33191,100,1,nan,71,1,3,2601,187491,0,0,0.000,28.076,5.515,0,0.000,134.006,2.834,0,0,2,0,8
PPG,3,104657,4187831552,139,73991,81449,81226.047,222.953,129.008,0,0,0,0,73.17,73.17,0,0,0,100.00,0,1,24,1,1,17,17,0,0,0,4189125927,0.03857,0.00708,0.94800,0.94881,-0.00558,0.00052,-0.00114,0.00572,0.95486,0.00606,0.00572,3,12265,0,6870,0.23769,0.07889,0.33191,100,1,nan,71,1,3,4343,187491,0,0,0.000,28.076,5.515,0,0.000,134.006,2.834,0,0,2,0,8
PPG,3,104658,4187871552,137,73981,81447,81228.258,218.742,82.727,0,0,0,0,73.17,73.17,0,0,0,100.00,0,1,24,1,1,18,18,0,0,0,4189165216,0.03540,0.00854,0.95386,0.95455,-0.00558,-0.00081,-0.00247,0.00616,0.95762,0.00926,0.00616,3,12280,0,6870,0.23769,0.07889,0.33191,100,1,nan,71,1,3,2623,187491,0,0,0.000,28.076,5.515,0,0.000,134.006,2.834,0,0,2,0,8
PPG,3,104659,4187911552,136,73996,81464,81230.617,233.383,36.414,0,0,0,0,73.17,73.17,0,0,0,100.00,0,1,24,1,1,19,19,0,0,0,4189207099,0.03833,0.00488,0.95508,0.95586,-0.00532,-0.00001,-0.00194,0.00566,0.95586,0.00398,0.00638,3,12227,0,6870,0.23769,0.07889,0.33191,100,1,nan,71,1,3,4322,187491,0,0,0.000,28.076,5.515,0,0.000,134.006,2.834,0,0,2,0,8
PPG,3,104660,4187951552,131,73994,81484,81233.148,250.852,-10.086,0,0,0,0,73.17,73.17,0,0,0,100.00,0,1,24,1,1,20,20,0,0,0,4189246390,0.03467,0.00879,0.95166,0.95233,-0.00505,0.00079,-0.00221,0.00557,0.95233,0.00767,0.00663,3,12241,0,6870,0.23769,0.07889,0.33191,100,1,nan,71,1,3,4326,187491,0,0,0.000,28.076,5.515,0,0.000,134.006,2.834,0,0,2,0,8
PPG,3,104661,4187991552,132,74024,81533,81236.148,296.852,-56.672,0,0,0,0,73.17,73.17,0,0,0,100.00,0,1,24,1,1,21,21,0,0,0,4189285696,0.03857,0.00952,0.94824,0.94907,-0.00532,-0.00055,-0.00247,0.00589,0.95185,0.00692,0.00648,3,12239,0,6870,0.23769,0.07889,0.33191,100,1,nan,71,1,3,2635,187491,0,0,0.000,28.076,5.515,0,0.000,134.006,2.834,0,0,2,0,8
PPG,3,104662,4188031552,131,74021,81571,81239.500,331.500,-96.547,0,0,0,0,73.17,73.17,0,0,0,100.00,0,1,24,1,1,22,22,0,0,0,4189327584,0.03906,0.00195,0.95264,0.95344,-0.00585,0.00052,-0.00114,0.00598,0.95811,0.00903,0.00619,3,12223,0,6870,0.23769,0.07889,0.33191,100,1,nan,71,1,3,4333,187491,0,0,0.000,28.076,5.515,0,0.000,134.006,2.834,0,0,2,0,8
PPG,3,104663,4188071552,154,74023,81581,81242.914,338.086,-103.211,1,0,1,800,73.17,73.17,0,0,0,100.00,0,1,24,1,1,23,23,0,0,0,4189366759,0.03735,0.00439,0.95117,0.95192,-0.00505,-0.00001,-0.00167,0.00532,0.95800,0.00456,0.00576,3,12133,0,6870,0.23769,0.07889,0.33191,100,1,nan,71,1,3,4306,187491,0,0,91.719,28.076,5.515,1,244.922,134.006,2.834,1,1,2,0,8
PPG,3,104664,4188111552,145,74039,81575,81246.234,328.766,-90.859,0,0,0,0,73.17,73.17,0,0,0,100.00,0,1,24,1,1,24,24,0,0,0,4189405962,0.03516,0.00610,0.94800,0.94867,-0.00505,-0.00081,-0.00141,0.00531,0.95151,0.00284,0.00577,3,12119,0,6870,0.23769,0.07889,0.33191,100,1,nan,71,1,3,4301,187491,0,0,0.000,27.860,5.326,0,0.000,133.362,2.730,0,0,2,0,8
PPG,3,104665,4188151552,132,74043,81624,81250.016,373.984,-71.219,0,0,0,0,73.17,73.17,0,0,0,100.00,0,1,24,1,1,25,25,0,0,0,4189444937,0.03638,0.00537,0.95703,0.95774,-0.00665,-0.00028,-0.00061,0.00668,0.95774,0.01088,0.00668,3,12115,0,6870,0.23769,0.07889,0.33191,100,1,nan,71,1,3,2594,187491,0,0,0.000,27.860,5.326,0,0.000,133.362,2.730,0,0,2,0,8
PPG,3,104666,4188191552,131,74053,81652,81254.039,397.961,-49.961,0,0,0,0,73.17,73.17,0,0,0,100.00,0,1,24,1,1,26,26,0,0,0,4189486545,0.03931,0.00732,0.95483,0.95567,-0.00692,-0.00108,-0.00194,0.00726,0.95567,0.01069,0.00726,3,12146,0,6870,0.23769,0.07889,0.33191,100,1,nan,71,1,3,4295,187491,0,0,0.000,27.860,5.326,0,0.000,133.362,2.730,0,0,2,0,8
PPG,3,104667,4188231552,136,74082,81711,81258.609,452.391,-22.836,0,0,0,0,73.17,73.17,0,0,0,100.00,0,1,24,1,1,27,27,0,0,0,4189525480,0.03931,0.00635,0.95337,0.95420,-0.00479,-0.00108,-0.00194,0.00527,0.95802,0.00958,0.00591,3,12113,0,6870,0.23769,0.07889,0.33191,100,1,nan,71,1,3,2599,187491,0,0,0.000,27.860,5.326,0,0.000,133.362,2.730,0,0,2,0,8
PPG,3,104668,4188271552,134,74073,81741,81263.430,477.570,2.383,0,0,0,0,73.17,73.17,0,0,0,100.00,0,1,24,1,1,28,28,0,0,0,4189566998,0.03857,0.00757,0.95459,0.95540,-0.00612,-0.00055,-0.00141,0.00630,0.95654,0.00359,0.00630,3,12114,0,6870,0.23769,0.07889,0.33191,100,1,nan,71,1,3,4295,187491,0,0,0.000,27.860,5.326,0,0.000,133.362,2.730,0,0,2,0,8
PPG,3,104669,4188311552,536,74093,81776,81268.555,507.445,26.961,0,0,0,0,73.17,73.17,0,0,0,100.00,0,0,24,1,1,29,29,0,0,0,4189605955,0.03540,0.00269,0.95850,0.95915,-0.00452,-0.00081,-0.00167,0.00489,0.95915,0.00555,0.00706,3,12120,0,6870,0.29814,0.10234,0.34327,100,1,nan,71,1,3,4300,187491,0,0,0.000,27.860,5.326,0,0.000,133.362,2.730,0,0,2,0,8
PPG,3,104670,4188351552,182,74112,81811,81273.977,537.023,54.469,0,0,0,0,73.17,73.17,0,0,0,100.00,0,0,24,1,1,30,30,0,0,0,4189645338,0.03320,0.00830,0.95068,0.95130,-0.00638,-0.00108,-0.00194,0.00676,0.95130,0.00815,0.00686,3,12112,0,6870,0.29814,0.10234,0.34327,100,1,nan,71,1,3,2599,187491,0,0,0.000,27.860,5.326,0,0.000,133.362,2.730,0,0,2,0,8
PPG,3,104671,4188391552,133,74123,81830,81279.539,550.461,85.500,0,0,0,0,73.17,73.17,0,0,0,100.00,0,0,24,1,1,31,31,0,0,0,4189686978,0.03540,0.00513,0.95068,0.95136,-0.00585,-0.00055,-0.00194,0.00619,0.95558,0.00542,0.00631,3,12149,0,6870,0.29814,0.10234,0.34327,100,1,nan,71,1,3,4294,187491,0,0,0.000,27.860,5.326,0,0.000,133.362,2.730,0,0,2,0,8
PPG,3,104672,4188431552,131,74124,81857,81285.312,571.688,113.391,0,0,0,0,73.17,73.17,0,0,0,100.00,0,0,24,1,1,0,0,0,0,0,4189725912,0.03564,0.00952,0.95166,0.95238,-0.00558,0.00025,-0.00167,0.00583,0.95452,0.00316,0.00591,3,12131,0,6870,0.29814,0.10234,0.34327,100,1,nan,71,1,3,2595,187491,0,0,0.000,27.860,5.326,0,0.000,133.362,2.730,0,0,2,0,8
PPG,3,104673,4188471552,131,74127,81866,81291.117,574.883,139.211,0,0,0,0,73.17,73.17,0,0,0,100.00,0,0,24,1,1,1,1,0,0,0,4189767512,0.03906,0.00659,0.94775,0.94858,-0.00612,-0.00055,-0.00141,0.00630,0.95507,0.00536,0.00630,3,12106,0,6870,0.29814,0.10234,0.34327,100,1,nan,71,1,3,4299,187491,0,0,0.000,27.860,5.326,0,0.000,133.362,2.730,0,0,2,0,8
PPG,3,104674,4188511552,129,74135,81905,81297.258,607.742,163.117,0,0,0,0,73.17,73.17,0,0,0,100.00,0,0,24,1,1,2,2,0,0,0,4189806487,0.03711,0.00342,0.95581,0.95654,-0.00665,0.00025,-0.00114,0.00675,0.95654,0.00625,0.00675,3,12114,0,6870,0.29814,0.10234,0.34327,100,1,nan,71,1,3,4294,187491,0,0,0.000,27.860,5.326,0,0.000,133.362,2.730,0,0,2,0,8
PPG,3,104675,4188551552,130,74151,81942,81303.703,638.297,184.992,0,0,0,0,73.17,73.17,0,0,0,100.00,0,0,24,1,1,3,3,0,0,0,4189845410,0.03174,0.00757,0.95117,0.95173,-0.00612,-0.00081,-0.00061,0.00620,0.95384,0.00280,0.00634,3,12118,0,6870,0.29814,0.10234,0.34327,100,1,nan,71,1,3,2595,187491,0,0,0.000,27.860,5.326,0,0.000,133.362,2.730,0,0,2,0,8
PPG,3,104676,4188591552,224,74126,81828,81308.945,519.055,180.359,0,0,0,0,73.17,73.17,0,0,0,100.00,0,0,24,1,1,4,4,0,0,0,4189887020,0.03687,0.00391,0.94897,0.94970,-0.00585,-0.00108,-0.00167,0.00618,0.95445,0.00728,0.00654,3,12207,0,6870,0.29814,0.10234,0.34327,100,1,nan,71,1,3,4363,187491,0,0,0.000,27.860,5.326,0,0.000,133.362,2.730,0,0,2,0,8
PPG,3,104677,4188631552,178,74043,81594,81311.797,282.203,142.109,0,0,0,0,73.17,73.17,0,0,0,100.00,0,0,24,1,1,5,5,0,0,0,4189926372,0.03931,0.00684,0.95142,0.95225,-0.00612,0.00105,-0.00087,0.00627,0.95518,0.00742,0.00649,3,12115,0,6870,0.29814,0.10234,0.34327,100,1,nan,71,1,3,4303,187491,0,0,0.000,27.860,5.326,0,0.000,133.362,2.730,0,0,2,0,8
PPG,3,104678,4188671552,133,74014,81514,81313.820,200.180,93.617,0,0,0,0,73.17,73.17,0,0,0,100.00,0,0,24,1,1,6,6,0,0,0,4189965448,0.04053,0.00952,0.94189,0.94281,-0.00585,-0.00028,-0.00194,0.00617,0.95192,0.00508,0.00617,3,12112,0,6870,0.29814,0.10234,0.34327,100,1,nan,71,1,3,2599,187491,0,0,0.000,27.860,5.326,0,0.000,133.362,2.730,0,0,2,0,8
PPG,3,104679,4188711552,149,74013,81534,81316.023,217.977,43.977,0,0,0,0,73.17,73.17,0,0,0,100.00,0,0,24,1,1,7,7,0,0,0,4190007040,0.03955,0.00049,0.95215,0.95297,-0.00505,-0.00028,-0.00247,0.00563,0.95612,0.00915,0.00597,3,12128,0,6870,0.29814,0.10234,0.34327,100,1,nan,71,1,3,4306,187491,0,0,0.000,27.860,5.326,0,0.000,133.362,2.730,0,0,2,0,8
PPG,3,104680,4188751552,138,74019,81543,81318.297,224.703,-5.109,0,0,0,0,73.17,73.17,0,0,0,100.00,0,0,24,1,1,8,8,0,0,0,4190058596,0.03906,0.00610,0.95288,0.95370,-0.00558,-0.00055,-0.00194,0.00594,0.95797,0.00427,0.00597,3,24519,0,6871,0.29814,0.10234,0.34327,100,1,nan,71,1,3,14940,187491,0,0,0.000,27.860,5.326,0,0.000,133.362,2.730,0,0,2,0,8
PPG,3,104681,4188791552,147,73996,81535,81320.461,214.539,-58.070,0,0,0,0,73.17,73.17,0,0,0,100.00,0,0,24,1,1,9,10,1,0,0,4190126622,0.03564,0.00171,0.95166,0.95233,-0.00665,-0.00028,-0.00087,0.00671,0.95233,0.00137,0.00671,1,68026,0,6876,0.29814,0.10234,0.34327,100,1,nan,71,1,3,67879,187491,0,0,0.000,27.860,5.326,0,0.000,133.362,2.730,0,0,2,0,8
PPG,3,104682,4188831552,127,74016,81593,81323.188,269.812,-109.031,0,0,0,0,73.17,73.17,0,0,0,100.00,0,0,24,1,1,10,10,0,0,0,4190138832,0.03833,0.00708,0.95117,0.95197,-0.00665,-0.00081,0.00019,0.00670,0.95197,0.00036,0.00670,1,12210,0,6876,0.29814,0.10234,0.34327,100,1,nan,71,1,3,12220,187491,0,0,0.000,27.860,5.326,0,0.000,133.362,2.730,0,0,2,0,8
PPG,3,104683,4188871552,142,74016,81604,81325.992,278.008,-142.180,1,0,0,0,73.17,73.17,0,0,0,100.00,0,0,24,1,1,11,11,0,0,0,4190163413,0.04028,0.01001,0.95093,0.95183,-0.00532,-0.00001,-0.00247,0.00586,0.95537,0.00354,0.00595,2,12320,0,6876,0.29814,0.10234,0.34327,100,1,nan,71,1,3,2629,187491,0,0,0.000,27.860,5.326,0,288.203,133.362,2.730,1,0,2,0,8
PPG,3,104684,4188911552,163,74033,81601,81328.742,272.258,-142.477,0,0,1,820,73.17,73.17,0,0,0,100.00,0,0,24,1,1,12,12,0,0,0,4190205388,0.03857,0.00391,0.95361,0.95440,-0.00585,-0.00001,-0.00114,0.00596,0.95440,0.00221,0.00596,3,12242,0,6876,0.29814,0.10234,0.34327,100,1,nan,71,1,3,2624,187491,0,0,104.656,27.860,5.326,1,0.000,133.362,2.730,0,1,2,0,8
PPG,3,104685,4188951552,133,74015,81596,81331.414,264.586,-129.359,0,0,0,0,73.17,73.17,0,0,0,100.00,0,0,24,1,1,13,13,0,0,0,4190247422,0.03809,0.00195,0.94775,0.94852,-0.00532,0.00025,-0.00221,0.00576,0.95098,0.00610,0.00660,3,12271,0,6876,0.29814,0.10234,0.34327,100,1,nan,71,1,3,4340,187491,0,0,0.000,27.752,5.231,0,0.000,133.069,2.682,0,0,2,0,8
PPG,3,104686,4188991552,208,74028,81631,81334.406,296.594,-114.461,0,0,0,0,73.17,73.17,0,0,0,100.00,0,0,24,1,1,14,14,0,0,0,4190286734,0.03833,0.00317,0.95068,0.95146,-0.00665,-0.00028,-0.00114,0.00675,0.95754,0.00902,0.00675,3,12261,0,6876,0.29814,0.10234,0.34327,100,1,nan,71,1,3,4369,187491,0,0,0.000,27.752,5.231,0,0.000,133.069,2.682,0,0,2,0,8
PPG,3,104687,4189031552,131,74046,81673,81337.789,335.211,-93.992,0,0,0,0,73.17,73.17,0,0,0,100.00,0,0,24,1,1,15,15,0,0,0,4190326227,0.04224,0.00635,0.95483,0.95579,-0.00665,-0.00028,-0.00167,0.00686,0.95579,0.00279,0.00686,3,12249,0,6876,0.29814,0.10234,0.34327,100,1,nan,71,1,3,4329,187491,0,0,0.000,27.752,5.231,0,0.000,133.069,2.682,0,0,2,0,8
PPG,3,104688,4189071552,135,74047,81702,81341.430,360.570,-68.180,0,0,0,0,73.17,73.17,0,0,0,100.00,0,0,24,1,1,16,16,0,0,0,4190365486,0.03979,0.00146,0.95117,0.95201,-0.00612,-0.00001,-0.00114,0.00622,0.95417,0.00398,0.00693,3,12239,0,6876,0.29814,0.10234,0.34327,100,1,nan,71,1,3,2633,187491,0,0,0.000,27.752,5.231,0,0.000,133.069,2.682,0,0,2,0,8
PPG,3,104689,4189111552,133,74060,81735,81345.367,389.633,-45.844,0,0,0,0,73.17,73.17,0,0,0,100.00,0,0,24,1,1,17,17,0,0,0,4190407498,0.03638,0.00757,0.94849,0.94921,-0.00532,-0.00055,-0.00114,0.00547,0.95659,0.01262,0.00589,3,12259,0,6876,0.29814,0.10234,0.34327,100,1,nan,71,1,3,4335,187491,0,0,0.000,27.752,5.231,0,0.000,133.069,2.682,0,0,2,0,8
PPG,3,104690,4189151552,130,74071,81770,81349.617,420.383,-20.078,0,0,0,0,73.17,73.17,0,0,0,100.00,0,0,24,1,1,18,18,0,0,0,4190446769,0.03613,0.00513,0.94604,0.94675,-0.00585,-0.00001,-0.00221,0.00625,0.95534,0.00859,0.00653,3,12255,0,6876,0.29814,0.10234,0.34327,100,1,nan,71,1,3,4335,187491,0,0,0.000,27.752,5.231,0,0.000,133.069,2.682,0,0,2,0,8
PPG,3,104691,4189191552,131,74066,81790,81354.023,435.977,8.922,0,0,0,0,73.17,73.17,0,0,0,100.00,0,0,24,1,1,19,19,0,0,0,4190486056,0.03418,0.00806,0.94849,0.94914,-0.00585,0.00025,-0.00300,0.00658,0.95683,0.00817,0.00658,3,12269,0,6876,0.29814,0.10234,0.34327,100,1,nan,71,1,3,2620,187491,0,0,0.000,27.752,5.231,0,0.000,133.069,2.682,0,0,2,0,8
PPG,3,104692,4189231552,141,74061,81802,81358.500,443.500,41.102,0,0,0,0,73.17,73.17,0,0,0,100.00,0,0,24,1,1,20,20,0,0,0,4190527939,0.03735,0.00659,0.94336,0.94412,-0.00612,-0.00028,-0.00061,0.00615,0.95788,0.01369,0.00644,3,12241,0,6876,0.29814,0.10234,0.34327,100,1,nan,71,1,3,4331,187491,0,0,0.000,27.752,5.231,0,0.000,133.069,2.682,0,0,2,0,8
PPG,3,104693,4189271552,132,74070,81819,81363.102,455.898,70.312,0,0,0,0,73.17,73.17,0,0,0,100.00,0,0,24,1,1,21,21,0,0,0,4190567178,0.03687,0.00220,0.94873,0.94945,-0.00558,-0.00028,-0.00167,0.00584,0.95193,0.00780,0.00650,3,12241,0,6876,0.29814,0.10234,0.34327,100,1,nan,71,1,3,4327,187491,0,0,0.000,27.752,5.231,0,0.000,133.069,2.682,0,0,2,0,8
PPG,3,104694,4189311552,524,74082,81860,81368.070,491.930,99.273,0,0,0,0,73.17,73.17,0,0,0,100.00,0,1,24,1,1,22,22,0,0,0,4190606554,0.03857,0.00269,0.94873,0.94952,-0.00665,-0.00081,-0.00061,0.00673,0.95282,0.00330,0.00673,3,12300,0,6876,0.29091,0.09909,0.34063,100,1,nan,75,1,3,4334,187491,0,0,0.000,27.752,5.231,0,0.000,133.069,2.682,0,0,2,0,8
PPG,3,104695,4189351552,183,74096,81882,81373.211,508.789,127.992,0,0,0,0,73.17,73.17,0,0,0,100.00,0,1,24,1,1,23,23,0,0,0,4190646248,0.04077,0.00342,0.94629,0.94717,-0.00558,-0.00001,-0.00194,0.00591,0.95443,0.00725,0.00623,3,12235,0,6876,0.29091,0.09909,0.34063,100,1,nan,75,1,3,4335,187491,0,0,0.000,27.752,5.231,0,0.000,133.069,2.682,0,0,2,0,8
PPG,3,104696,4189391552,132,74097,81885,81378.328,506.672,146.562,0,1,0,0,73.17,73.17,0,0,0,100.00,0,1,24,1,1,24,24,0,0,0,4190685525,0.03687,0.00562,0.94727,0.94800,-0.00638,0.00052,-0.00087,0.00646,0.95369,0.00652,0.00662,3,12201,0,6876,0.29091,0.09909,0.34063,100,1,nan,75,1,3,2620,187491,0,0,0.000,27.752,5.231,0,0.000,133.069,2.682,0,0,2,0,8
PPG,3,104697,4189431552,226,74030,81708,81381.625,326.375,132.008,0,0,0,0,73.17,73.17,0,0,0,100.00,0,1,24,1,1,25,25,0,0,0,4190727406,0.03906,0.00903,0.95264,0.95348,-0.00638,-0.00001,-0.00274,0.00695,0.95423,0.00623,0.00695,3,12230,0,6876,0.29091,0.09909,0.34063,100,1,nan,75,1,3,4375,187491,0,0,0.000,27.752,5.231,0,0.000,133.069,2.682,0,0,2,0,8
PPG,3,104698,4189471552,130,73977,81524,81383.047,140.953,93.508,0,0,0,0,73.17,73.17,0,0,0,100.00,0,1,24,1,1,26,26,0,0,0,4190766640,0.03882,0.00854,0.94507,0.94590,-0.00425,-0.00161,-0.00221,0.00505,0.95263,0.00467,0.00667,3,12160,0,6876,0.29091,0.09909,0.34063,100,1,nan,75,1,3,4300,187491,0,0,0.000,27.752,5.231,0,0.000,133.069,2.682,0,0,2,0,8
PPG,3,104699,4189511552,131,73950,81481,81384.023,96.977,50.297,0,0,0,0,73.17,73.17,0,0,0,100.00,0,1,24,1,1,27,27,0,0,0,4190805615,0.03833,0.00464,0.94897,0.94976,-0.00665,0.00025,-0.00167,0.00686,0.95534,0.00735,0.00686,3,12140,0,6876,0.29091,0.09909,0.34063,100,1,nan,75,1,3,2597,187491,0,0,0.000,27.752,5.231,0,0.000,133.069,2.682,0,0,2,0,8
PPG,3,104700,4189551552,130,73958,81509,81385.273,123.727,7.711,0,0,0,0,73.17,73.17,0,0,0,100.00,0,1,24,1,1,28,28,0,0,0,4190847172,0.03735,0.00317,0.95093,0.95167,-0.00532,-0.00028,0.00019,0.00533,0.95499,0.00859,0.00586,3,12130,0,6876,0.29091,0.09909,0.34063,100,1,nan,75,1,3,4298,187491,0,0,0.000,27.752,5.231,0,0.000,133.069,2.682,0,0,2,0,8
PPG,3,104701,4189591552,131,73966,81517,81386.594,130.406,-40.391,0,0,0,0,73.17,73.17,0,0,0,100.00,0,1,24,1,1,29,29,0,0,0,4190886125,0.04224,0.00562,0.95068,0.95164,-0.00612,-0.00001,-0.00194,0.00642,0.95796,0.00851,0.00642,3,12121,0,6876,0.29091,0.09909,0.34063,100,1,nan,75,1,3,2596,187491,0,0,0.000,27.752,5.231,0,0.000,133.069,2.682,0,0,2,0,8
PPG,3,104702,4189631552,130,73968,81569,81388.414,180.586,-83.898,0,0,0,0,73.17,73.17,0,0,0,100.00,0,1,24,1,1,30,30,0,0,0,4190927777,0.03833,0.00854,0.95044,0.95125,-0.00612,-0.00001,-0.00221,0.00650,0.95560,0.00435,0.00653,3,12117,0,6876,0.29091,0.09909,0.34063,100,1,nan,75,1,3,4306,187491,0,0,0.000,27.752,5.231,0,0.000,133.069,2.682,0,0,2,0,8
PPG,3,104703,4189671552,131,73987,81600,81390.531,209.469,-124.414,0,0,0,0,73.17,73.17,0,0,0,100.00,0,1,24,1,1,31,31,0,0,0,4190966741,0.03809,0.00757,0.94604,0.94684,-0.00585,-0.00001,-0.00114,0.00596,0.94763,0.00362,0.00607,3,12134,0,6876,0.29091,0.09909,0.34063,100,1,nan,75,1,3,4295,187491,0,0,0.000,27.752,5.231,0,0.000,133.069,2.682,0,0,2,0,8
PPG,3,104704,4189711552,149,73992,81610,81392.727,217.273,-138.859,1,0,1,820,73.17,73.17,0,0,0,100.00,0,1,24,1,1,0,0,0,0,0,4191005717,0.03638,0.00732,0.95337,0.95409,-0.00665,-0.00028,-0.00194,0.00693,0.95409,0.00501,0.00693,3,12149,0,6876,0.29091,0.09909,0.34063,100,1,nan,75,1,3,2618,187491,0,0,87.430,27.752,5.231,1,289.039,133.069,2.682,1,1,2,0,8
PPG,3,104705,4189751552,134,73984,81603,81394.828,208.172,-127.930,0,0,0,0,73.17,73.17,0,0,0,100.00,0,1,24,1,1,1,1,0,0,0,4191059266,0.04053,0.00659,0.95532,0.95620,-0.00585,0.00025,-0.00221,0.00626,0.95700,0.00291,0.00693,3,24034,0,6877,0.29091,0.09909,0.34063,100,1,nan,75,1,3,14463,187491,0,0,0.000,27.549,5.054,0,0.000,132.818,2.641,0,0,2,0,8
PPG,3,104706,4189791552,132,73982,81607,81396.953,210.047,-108.727,0,0,0,0,73.17,73.17,0,0,0,100.00,0,1,24,1,1,2,2,0,0,0,4191083575,0.03882,0.00610,0.95142,0.95223,-0.00585,-0.00028,-0.00221,0.00626,0.95223,0.00705,0.00626,2,12170,0,6877,0.29091,0.09909,0.34063,100,1,nan,75,1,3,2599,187491,0,0,0.000,27.549,5.054,0,0.000,132.818,2.641,0,0,2,0,8
PPG,3,104707,4189831552,132,74002,81647,81399.453,247.547,-87.711,0,0,0,0,73.17,73.17,0,0,0,100.00,0,1,24,1,1,3,3,0,0,0,4191127796,0.03931,0.00562,0.94678,0.94761,-0.00612,-0.00028,-0.00274,0.00671,0.95741,0.01067,0.00671,3,12115,0,6877,0.29091,0.09909,0.34063,100,1,nan,75,1,3,4311,187491,0,0,0.000,27.549,5.054,0,0.000,132.818,2.641,0,0,2,0,8
PPG,3,104708,4189871552,131,74024,81689,81402.352,286.648,-62.492,0,0,0,0,73.17,73.17,0,0,0,100.00,0,1,24,1,1,4,4,0,0,0,4191166745,0.04150,0.01001,0.94653,0.94750,-0.00558,-0.00081,-0.00221,0.00606,0.95130,0.00381,0.00606,3,12121,0,6877,0.29091,0.09909,0.34063,100,1,nan,75,1,3,4294,187491,0,0,0.000,27.549,5.054,0,0.000,132.818,2.641,0,0,2,0,8
PPG,3,104709,4189911552,210,74028,81710,81405.430,304.570,-41.102,0,0,0,0,73.17,73.17,0,0,0,100.00,0,1,24,1,1,5,5,0,0,0,4191205654,0.03955,0.00854,0.95117,0.95203,-0.00532,-0.00028,-0.00194,0.00567,0.95203,0.00380,0.00594,3,12117,0,6877,0.29091,0.09909,0.34063,100,1,nan,75,1,3,2628,187491,0,0,0.000,27.549,5.054,0,0.000,132.818,2.641,0,0,2,0,8
PPG,3,104710,4189951552,131,74018,81732,81408.695,323.305,-20.344,0,0,0,0,73.17,73.17,0,0,0,100.00,0,1,24,1,1,6,6,0,0,0,4191247422,0.04175,0.00488,0.95288,0.95381,-0.00558,-0.00108,-0.00114,0.00580,0.95381,0.00185,0.00609,3,12120,0,6877,0.29091,0.09909,0.34063,100,1,nan,75,1,3,4296,187491,0,0,0.000,27.549,5.054,0,0.000,132.818,2.641,0,0,2,0,8
PPG,3,104711,4189991552,132,74049,81770,81412.305,357.695,3.508,0,0,0,0,73.17,73.17,0,0,0,100.00,0,1,24,1,1,7,7,0,0,0,4191286361,0.03613,0.00537,0.95483,0.95553,-0.00558,-0.00028,-0.00194,0.00592,0.95757,0.00815,0.00592,3,12117,0,6877,0.29091,0.09909,0.34063,100,1,nan,75,1,3,2600,187491,0,0,0.000,27.549,5.054,0,0.000,132.818,2.641,0,0,2,0,8
PPG,3,104712,4190031552,131,74051,81784,81416.023,367.977,30.273,0,0,0,0,73.17,73.17,0,0,0,100.00,0,1,24,1,1,8,8,0,0,0,4191327918,0.03931,0.00903,0.95605,0.95691,-0.00505,-0.00001,-0.00167,0.00532,0.96007,0.00944,0.00583,3,12151,0,6877,0.29091,0.09909,0.34063,100,1,nan,75,1,3,4297,187491,0,0,0.000,27.549,5.054,0,0.000,132.818,2.641,0,0,2,0,8
PPG,3,104713,4190071552,132,74052,81819,81420.055,398.945,60.562,0,0,0,0,73.17,73.17,0,0,0,100.00,0,1,24,1,1,9,9,0,0,0,4191366836,0.03857,0.00293,0.95459,0.95537,-0.00558,-0.00028,-0.00141,0.00577,0.95537,0.00664,0.00667,3,12122,0,6877,0.29091,0.09909,0.34063,100,1,nan,75,1,3,4304,187491,0,0,0.000,27.549,5.054,0,0.000,132.818,2.641,0,0,2,0,8
PPG,3,104714,4190111552,132,74065,81846,81424.312,421.688,89.688,0,0,0,0,73.17,73.17,0,0,0,100.00,0,1,24,1,1,10,10,0,0,0,4191405835,0.04102,0.00391,0.94702,0.94792,-0.00638,-0.00188,-0.00141,0.00680,0.94917,0.00913,0.00693,3,12120,0,6877,0.29091,0.09909,0.34063,100,1,nan,75,1,3,2597,187491,0,0,0.000,27.549,5.054,0,0.000,132.818,2.641,0,0,2,0,8
PPG,3,104715,4190151552,130,74097,81887,81428.938,458.062,117.719,0,0,0,0,73.17,73.17,0,0,0,100.00,0,1,24,1,1,11,11,0,0,0,4191447488,0.03613,0.00342,0.95605,0.95674,-0.00479,0.00052,-0.00114,0.00495,0.95674,0.00385,0.00601,3,12115,0,6877,0.29091,0.09909,0.34063,100,1,nan,75,1,3,4294,187491,0,0,0.000,27.549,5.054,0,0.000,132.818,2.641,0,0,2,0,8
PPG,3,104716,4190191552,131,74093,81917,81433.820,483.180,145.688,0,0,0,0,73.17,73.17,0,0,0,100.00,0,1,24,1,1,12,12,0,0,0,4191486509,0.04053,0.00732,0.95093,0.95182,-0.00665,-0.00055,-0.00114,0.00677,0.95340,0.01073,0.00677,3,12110,0,6877,0.29091,0.09909,0.34063,100,1,nan,75,1,3,4298,187491,0,0,0.000,27.549,5.054,0,0.000,132.818,2.641,0,0,2,0,8
PPG,3,104717,4190231552,130,74054,81785,81437.336,347.664,149.414,0,0,0,0,73.17,73.17,0,0,0,100.00,0,1,24,1,1,13,13,0,0,0,4191525565,0.03442,0.00635,0.95874,0.95938,-0.00638,-0.00055,-0.00221,0.00678,0.95938,0.00685,0.00678,3,12178,0,6877,0.29091,0.09909,0.34063,100,1,nan,75,1,3,2598,187491,0,0,0.000,27.549,5.054,0,0.000,132.818,2.641,0,0,2,0,8
PPG,3,104718,4190271552,225,73990,81616,81439.125,176.875,122.812,0,1,0,0,73.17,73.17,0,0,0,100.00,0,1,24,1,1,14,14,0,0,0,4191567124,0.03809,0.00366,0.95166,0.95243,-0.00479,-0.00108,-0.00167,0.00518,0.95929,0.00686,0.00627,3,12145,0,6877,0.29091,0.09909,0.34063,100,1,nan,75,1,3,4296,187491,0,0,0.000,27.549,5.054,0,0.000,132.818,2.641,0,0,2,0,8
PPG,3,104719,4190311552,526,73983,81584,81440.570,143.430,89.094,0,0,0,0,73.17,73.17,0,0,0,100.00,0,1,24,1,1,15,15,0,0,0,4191606242,0.03809,0.00879,0.94995,0.95075,-0.00585,-0.00108,-0.00274,0.00655,0.95633,0.00498,0.00689,3,12120,0,6877,0.20757,0.07294,0.35141,100,1,101.215,75,1,3,2601,187491,0,0,0.000,27.549,5.054,0,0.000,132.818,2.641,0,0,2,0,8
PPG,3,104720,4190351552,178,73986,81596,81442.125,153.875,52.891,0,0,0,0,73.17,73.17,0,0,0,100.00,0,1,24,1,1,16,16,0,0,0,4191648343,0.03687,0.00635,0.95020,0.95093,-0.00612,-0.00055,-0.00167,0.00637,0.95271,0.00411,0.00691,3,12113,0,6877,0.20757,0.07294,0.35141,100,1,101.215,75,1,3,4300,187491,0,0,0.000,27.549,5.054,0,0.000,132.818,2.641,0,0,2,0,8
PPG,3,104721,4190391552,130,73973,81625,81443.953,181.047,15.914,0,0,0,0,73.17,73.17,0,0,0,100.00,0,1,24,1,1,17,17,0,0,0,4191687372,0.03589,0.00488,0.94531,0.94601,-0.00692,-0.00081,-0.00061,0.00699,0.95153,0.00552,0.00699,3,12122,0,6877,0.20757,0.07294,0.35141,100,1,101.215,75,1,3,4305,187491,0,0,0.000,27.549,5.054,0,0.000,132.818,2.641,0,0,2,0,8
PPG,3,104722,4190431552,128,74004,81668,81446.195,221.805,-20.320,0,0,0,0,73.17,73.17,0,0,0,100.00,0,1,24,1,1,18,18,0,0,0,4191726382,0.03784,0.00781,0.95337,0.95415,-0.00638,-0.00135,-0.00114,0.00662,0.95415,0.00524,0.00682,3,12168,0,6877,0.20757,0.07294,0.35141,100,1,101.215,75,1,3,2594,187491,0,0,0.000,27.549,5.054,0,0.000,132.818,2.641,0,0,2,0,8
PPG,3,104723,4190471552,130,74009,81701,81448.742,252.258,-56.227,0,0,0,0,73.17,73.17,0,0,0,100.00,0,1,24,1,1,19,19,0,0,0,4191767948,0.03857,0.00513,0.94556,0.94636,-0.00479,0.00052,-0.00247,0.00541,0.94998,0.00481,0.00592,3,12114,0,6877,0.20757,0.07294,0.35141,100,1,101.215,75,1,3,4298,187491,0,0,0.000,27.549,5.054,0,0.000,132.818,2.641,0,0,2,0,8
PPG,3,104724,4190511552,129,74012,81694,81451.195,242.805,-73.430,0,0,0,0,73.17,73.17,0,0,0,100.00,0,1,24,1,1,20,20,0,0,0,4191806899,0.03687,0.00513,0.95068,0.95141,-0.00665,0.00052,-0.00194,0.00695,0.95616,0.00980,0.00695,3,12121,0,6877,0.20757,0.07294,0.35141,100,1,101.215,75,1,3,4296,187491,0,0,0.000,27.549,5.054,0,0.000,132.818,2.641,0,0,2,0,8
PPG,3,104725,4190551552,152,73995,81675,81453.430,221.570,-68.602,1,0,1,840,73.17,73.17,0,0,0,100.00,0,1,24,1,1,21,21,0,0,0,4191845879,0.04028,0.00415,0.95435,0.95520,-0.00505,-0.00055,-0.00221,0.00554,0.95572,0.00753,0.00619,3,12117,0,6877,0.20757,0.07294,0.35141,100,1,101.215,75,1,3,2595,187491,0,0,108.219,27.549,5.054,1,288.273,132.818,2.641,1,1,2,0,8
PPG,3,104726,4190591552,126,74012,81696,81455.852,240.148,-57.047,0,0,0,0,73.17,73.17,0,0,0,100.00,0,1,24,1,1,22,22,0,0,0,4191887487,0.03979,0.00854,0.95117,0.95204,-0.00558,-0.00001,-0.00167,0.00583,0.95609,0.00430,0.00695,3,12110,0,6877,0.20757,0.07294,0.35141,100,1,101.215,75,1,3,4295,187491,0,0,0.000,27.502,5.013,0,0.000,132.594,2.604,0,0,2,0,8
PPG,3,104727,4190631552,133,74038,81756,81458.852,297.148,-39.641,0,0,0,0,73.17,73.17,0,0,0,100.00,0,1,24,1,1,23,23,0,0,0,4191926431,0.03564,0.00757,0.95166,0.95236,-0.00665,-0.00135,-0.00167,0.00699,0.95280,0.00075,0.00699,3,12117,0,6877,0.20757,0.07294,0.35141,100,1,101.215,75,1,3,2629,187491,0,0,0.000,27.502,5.013,0,0.000,132.594,2.604,0,0,2,0,8
PPG,3,104728,4190671552,132,74050,81807,81462.336,344.664,-19.539,0,0,0,0,73.17,73.17,0,0,0,100.00,0,1,24,1,1,24,24,0,0,0,4191968023,0.03906,0.00610,0.95142,0.95224,-0.00558,-0.00081,-0.00114,0.00576,0.95391,0.00728,0.00578,3,12105,0,6877,0.20757,0.07294,0.35141,100,1,101.215,75,1,3,4298,187491,0,0,0.000,27.502,5.013,0,0.000,132.594,2.604,0,0,2,0,8
PPG,3,104729,4190711552,130,74054,81840,81466.109,373.891,-1.469,0,0,0,0,73.17,73.17,0,0,0,100.00,0,1,24,1,1,25,25,0,0,0,4192006976,0.03809,0.00537,0.94653,0.94731,-0.00452,-0.00055,-0.00194,0.00495,0.95032,0.00301,0.00554,3,12130,0,6877,0.20757,0.07294,0.35141,100,1,101.215,75,1,3,4296,187491,0,0,0.000,27.502,5.013,0,0.000,132.594,2.604,0,0,2,0,8
PPG,3,104730,4190751552,135,74077,81884,81470.289,413.711,17.070,0,0,0,0,73.17,73.17,0,0,0,100.00,0,1,24,1,1,26,26,0,0,0,4192062199,0.04053,0.00562,0.95044,0.95132,-0.00452,-0.00028,-0.00114,0.00467,0.95587,0.00527,0.00601,4,16229,0,6877,0.20757,0.07294,0.35141,100,1,101.215,75,1,3,16167,187491,0,0,0.000,27.502,5.013,0,0.000,132.594,2.604,0,0,2,0,8
PPG,3,104731,4190791552,132,74093,81895,81474.539,420.461,39.539,0,0,0,0,73.17,73.17,0,0,0,100.00,0,1,24,1,1,27,27,0,0,0,4192086548,0.04004,0.00708,0.95386,0.95472,-0.00638,-0.00028,-0.00114,0.00649,0.95472,0.00484,0.00649,2,12163,0,6877,0.20757,0.07294,0.35141,100,1,101.215,75,1,3,2606,187491,0,0,0.000,27.502,5.013,0,0.000,132.594,2.604,0,0,2,0,8
PPG,3,104732,4190831552,129,74102,81925,81479.047,445.953,68.203,0,0,0,0,73.17,73.17,0,0,0,100.00,0,1,24,1,1,28,28,0,0,0,4192128124,0.03809,0.00903,0.94482,0.94563,-0.00638,-0.00001,-0.00087,0.00644,0.95446,0.00882,0.00680,3,12117,0,6877,0.20757,0.07294,0.35141,100,1,101.215,75,1,3,4321,187491,0,0,0.000,27.502,5.013,0,0.000,132.594,2.604,0,0,2,0,8
PPG,3,104733,4190871552,131,74109,81930,81483.555,446.445,96.078,0,0,0,0,73.17,73.17,0,0,0,100.00,0,1,24,1,1,29,29,0,0,0,4192167475,0.03687,0.00366,0.94751,0.94823,-0.00479,0.00025,-0.00221,0.00527,0.95381,0.00641,0.00669,3,12172,0,6877,0.20757,0.07294,0.35141,100,1,101.215,75,1,3,4294,187491,0,0,0.000,27.502,5.013,0,0.000,132.594,2.604,0,0,2,0,8
PPG,3,104734,4190911552,134,74091,81962,81488.336,473.664,119.711,0,0,0,0,73.17,73.17,0,0,0,100.00,0,1,24,1,1,30,30,0,0,0,4192206493,0.04028,0.00757,0.95020,0.95108,-0.00558,-0.00135,-0.00194,0.00606,0.95688,0.00865,0.00702,3,12109,0,6877,0.20757,0.07294,0.35141,100,1,101.215,75,1,3,2599,187491,0,0,0.000,27.502,5.013,0,0.000,132.594,2.604,0,0,2,0,8
PPG,3,104735,4190951552,136,74107,81980,81493.250,486.750,139.773,0,0,0,0,73.17,73.17,0,0,0,100.00,0,1,24,1,1,31,31,0,0,0,4192248119,0.03833,0.00366,0.95166,0.95244,-0.00532,-0.00081,-0.00034,0.00539,0.95904,0.00871,0.00660,3,12195,0,6877,0.20757,0.07294,0.35141,100,1,101.215,75,1,3,4297,187491,0,0,0.000,27.502,5.013,0,0.000,132.594,2.604,0,0,2,0,8
PPG,3,104736,4190991552,139,74119,81962,81497.938,464.062,154.953,0,0,0,0,73.17,73.17,0,0,0,100.00,0,1,24,1,1,0,0,0,0,0,4192287156,0.03931,0.01147,0.95410,0.95498,-0.00558,-0.00001,-0.00114,0.00570,0.95498,0.00265,0.00616,3,12116,0,6877,0.20757,0.07294,0.35141,100,1,101.215,75,1,3,4303,187491,0,0,0.000,27.502,5.013,0,0.000,132.594,2.604,0,0,2,0,8
PPG,3,104737,4191031552,262,74049,81778,81500.734,277.266,140.156,0,0,0,0,73.17,73.17,0,0,0,100.00,0,1,24,1,1,1,1,0,0,0,4192326410,0.03442,0.00879,0.95166,0.95232,-0.00558,-0.00081,-0.00141,0.00582,0.95782,0.01003,0.00635,3,12121,0,6877,0.20757,0.07294,0.35141,100,1,101.215,75,1,3,2680,187491,0,0,0.000,27.502,5.013,0,0.000,132.594,2.604,0,0,2,0,8
PPG,3,104738,4191071552,128,73991,81631,81502.039,128.961,101.688,0,0,0,0,73.17,73.17,0,0,0,100.00,0,1,24,1,1,2,2,0,0,0,4192368680,0.03760,0.00684,0.95020,0.95096,-0.00692,-0.00055,-0.00034,0.00695,0.95240,0.00203,0.00695,3,12255,0,6877,0.20757,0.07294,0.35141,100,1,101.215,75,1,3,4337,187491,0,0,0.000,27.502,5.013,0,0.000,132.594,2.604,0,0,2,0,8
PPG,3,104739,4191111552,130,73979,81624,81503.258,120.742,56.688,0,0,0,0,73.17,73.17,0,0,0,100.00,0,1,24,1,1,3,3,0,0,0,4192408086,0.03540,0.01001,0.95532,0.95603,-0.00558,-0.00081,-0.00087,0.00571,0.95863,0.00446,0.00571,3,12256,0,6877,0.20757,0.07294,0.35141,100,1,101.215,75,1,3,4342,187491,0,0,0.000,27.502,5.013,0,0.000,132.594,2.604,0,0,2,0,8
PPG,3,104740,4191151552,142,73994,81630,81504.523,125.477,12.141,0,0,0,0,73.17,73.17,0,0,0,100.00,0,1,24,1,1,4,4,0,0,0,4192447474,0.03638,0.00830,0.94849,0.94922,-0.00612,0.00025,-0.00141,0.00628,0.95064,0.00614,0.00628,3,12278,0,6877,0.20757,0.07294,0.35141,100,1,101.215,75,1,3,4343,187491,0,0,0.000,27.502,5.013,0,0.000,132.594,2.604,0,0,2,0,8
PPG,3,104741,4191191552,147,73993,81640,81505.875,134.125,-34.609,0,0,0,0,73.17,73.17,0,0,0,100.00,0,1,24,1,1,5,5,0,0,0,4192486849,0.03882,0.00464,0.95215,0.95295,-0.00505,-0.00108,-0.00141,0.00535,0.95855,0.01200,0.00654,3,12248,0,6877,0.20757,0.07294,0.35141,100,1,101.215,75,1,3,4333,187491,0,0,0.000,27.502,5.013,0,0.000,132.594,2.604,0,0,2,0,8
PPG,3,104742,4191231552,133,73986,81672,81507.539,164.461,-78.812,0,0,0,0,73.17,73.17,0,0,0,100.00,0,1,24,1,1,6,6,0,0,0,4192526149,0.03613,0.00659,0.95703,0.95774,-0.00612,-0.00028,-0.00247,0.00660,0.95774,0.00340,0.00660,3,12255,0,6877,0.20757,0.07294,0.35141,100,1,101.215,75,1,3,2645,187491,0,0,0.000,27.502,5.013,0,0.000,132.594,2.604,0,0,2,0,8
PPG,3,104743,4191271552,131,74008,81692,81509.383,182.617,-116.938,0,0,0,0,73.17,73.17,0,0,0,100.00,0,1,24,1,1,7,7,0,0,0,4192568223,0.03687,0.00488,0.95410,0.95483,-0.00505,-0.00081,-0.00167,0.00538,0.95963,0.00651,0.00667,3,12267,0,6877,0.20757,0.07294,0.35141,100,1,101.215,75,1,3,4337,187491,0,0,0.000,27.502,5.013,0,0.000,132.594,2.604,0,0,2,0,8
PPG,3,104744,4191311552,560,73998,81681,81511.102,169.898,-130.141,1,0,1,760,73.17,73.17,0,0,0,100.00,0,1,24,1,1,8,8,0,0,0,4192607533,0.03906,0.00366,0.95215,0.95296,-0.00665,-0.00001,-0.00247,0.00709,0.95296,0.00730,0.00709,3,12210,0,6877,0.16313,0.06444,0.39503,100,1,100.124,75,1,3,4354,187491,0,0,85.750,27.502,5.013,1,228.383,132.594,2.604,1,1,2,0,8
PPG,3,104745,4191351552,197,73993,81663,81512.617,150.383,-124.969,0,0,0,0,73.17,73.17,0,0,0,100.00,0,1,24,1,1,9,9,0,0,0,4192647468,0.04077,0.00879,0.94800,0.94892,-0.00585,0.00025,-0.00274,0.00646,0.95814,0.00565,0.00680,3,12252,0,6877,0.16313,0.06444,0.39503,100,1,100.124,75,1,3,4351,187491,0,0,0.000,27.320,4.854,0,0.000,132.023,2.511,0,0,2,0,8
PPG,3,104746,4191391552,133,74001,81679,81514.281,164.719,-116.258,0,0,0,0,73.17,73.17,0,0,0,100.00,0,1,24,1,1,10,10,0,0,0,4192686815,0.03613,0.00488,0.94702,0.94772,-0.00585,0.00052,-0.00114,0.00598,0.95397,0.00590,0.00708,3,12193,0,6877,0.16313,0.06444,0.39503,100,1,100.124,75,1,3,4360,187491,0,0,0.000,27.320,4.854,0,0.000,132.023,2.511,0,0,2,0,8
PPG,3,104747,4191431552,129,74030,81725,81516.391,208.609,-101.141,0,0,0,0,73.17,73.17,0,0,0,100.00,0,1,24,1,1,11,11,0,0,0,4192726120,0.03979,0.00781,0.94824,0.94911,-0.00505,0.00079,-0.00247,0.00568,0.94928,0.00095,0.00685,3,12249,0,6877,0.16313,0.06444,0.39503,100,1,100.124,75,1,3,2640,187491,0,0,0.000,27.320,4.854,0,0.000,132.023,2.511,0,0,2,0,8
PPG,3,104748,4191471552,128,74023,81757,81518.797,238.203,-81.930,0,0,0,0,73.17,73.17,0,0,0,100.00,0,1,24,1,1,12,12,0,0,0,4192768091,0.03809,0.00635,0.95337,0.95415,-0.00479,0.00052,-0.00167,0.00510,0.95415,0.00371,0.00540,3,12248,0,6877,0.16313,0.06444,0.39503,100,1,100.124,75,1,3,4337,187491,0,0,0.000,27.320,4.854,0,0.000,132.023,2.511,0,0,2,0,8
PPG,3,104749,4191511552,129,74045,81800,81521.609,278.391,-61.641,0,0,0,0,73.17,73.17,0,0,0,100.00,0,1,24,1,1,13,13,0,0,0,4192807332,0.03906,0.00610,0.94873,0.94955,-0.00532,-0.00081,-0.00087,0.00545,0.96120,0.00898,0.00585,3,12206,0,6877,0.16313,0.06444,0.39503,100,1,100.124,75,1,3,4321,187491,0,0,0.000,27.320,4.854,0,0.000,132.023,2.511,0,0,2,0,8
PPG,3,104750,4191551552,128,74068,81820,81524.594,295.406,-40.156,0,0,0,0,73.17,73.17,0,0,0,100.00,0,1,24,1,1,14,14,0,0,0,4192846621,0.03735,0.00366,0.95020,0.95094,-0.00612,-0.00001,-0.00247,0.00660,0.95441,0.00347,0.00701,3,12230,0,6877,0.16313,0.06444,0.39503,100,1,100.124,75,1,3,2640,187491,0,0,0.000,27.320,4.854,0,0.000,132.023,2.511,0,0,2,0,8
PPG,3,104751,4191591552,129,74058,81827,81527.617,299.383,-15.898,0,0,0,0,73.17,73.17,0,0,0,100.00,0,1,24,1,1,15,15,0,0,0,4192888556,0.03784,0.00342,0.95361,0.95437,-0.00558,-0.00028,-0.00061,0.00562,0.95437,0.00209,0.00628,3,12238,0,6877,0.16313,0.06444,0.39503,100,1,100.124,75,1,3,4333,187491,0,0,0.000,27.320,4.854,0,0.000,132.023,2.511,0,0,2,0,8
PPG,3,104752,4191631552,130,74071,81842,81530.758,311.242,13.820,0,0,0,0,73.17,73.17,0,0,0,100.00,0,1,24,1,1,16,16,0,0,0,4192927826,0.03687,0.00537,0.95532,0.95605,-0.00585,-0.00081,-0.00247,0.00640,0.95605,0.00624,0.00640,3,12236,0,6877,0.16313,0.06444,0.39503,100,1,100.124,75,1,3,4337,187491,0,0,0.000,27.320,4.854,0,0.000,132.023,2.511,0,0,2,0,8
PPG,3,104753,4191671552,144,74078,81852,81533.969,318.031,42.438,0,0,0,0,73.17,73.17,0,0,0,100.00,0,1,24,1,1,17,17,0,0,0,4192967067,0.04004,0.00610,0.95068,0.95155,-0.00452,-0.00108,-0.00087,0.00473,0.95610,0.00250,0.00563,3,12150,0,6877,0.16313,0.06444,0.39503,100,1,100.124,75,1,3,4337,187491,0,0,0.000,27.320,4.854,0,0.000,132.023,2.511,0,0,2,0,8
PPG,3,104754,4191711552,128,74064,81853,81537.156,315.844,66.172,0,0,0,0,73.17,73.17,0,0,0,100.00,0,1,24,1,1,18,18,0,0,0,4193006304,0.03857,0.00488,0.95093,0.95172,-0.00585,-0.00001,-0.00061,0.00588,0.95351,0.00979,0.00620,3,12117,0,6877,0.16313,0.06444,0.39503,100,1,100.124,75,1,3,2602,187491,0,0,0.000,27.320,4.854,0,0.000,132.023,2.511,0,0,2,0,8
PPG,3,104755,4191751552,135,74090,81907,81540.852,366.148,91.250,0,0,0,0,73.17,73.17,0,0,0,100.00,0,1,24,1,1,19,19,0,0,0,4193064388,0.04004,0.00586,0.94775,0.94862,-0.00585,0.00025,-0.00087,0.00592,0.95626,0.01147,0.00592,4,16496,0,6877,0.16313,0.06444,0.39503,100,1,100.124,75,1,3,16425,187491,0,0,0.000,27.320,4.854,0,0.000,132.023,2.511,0,0,2,0,8
PPG,3,104756,4191791552,129,74096,81919,81544.633,374.367,110.398,0,0,0,0,73.17,73.17,0,0,0,100.00,0,1,24,1,1,20,20,0,0,0,4193088714,0.03638,0.00977,0.94556,0.94631,-0.00532,-0.00055,-0.00167,0.00560,0.95291,0.00660,0.00560,2,12180,0,6877,0.16313,0.06444,0.39503,100,1,100.124,75,1,3,4295,187491,0,0,0.000,27.320,4.854,0,0.000,132.023,2.511,0,0,2,0,8
PPG,3,104757,4191831552,223,74026,81729,81546.477,182.523,99.852,0,0,0,0,73.17,73.17,0,0,0,100.00,0,1,24,1,1,21,21,0,0,0,4193127765,0.03882,0.00317,0.94775,0.94855,-0.00505,-0.00055,-0.00114,0.00521,0.95656,0.00913,0.00628,3,12140,0,6877,0.16313,0.06444,0.39503,100,1,100.124,75,1,3,4299,187491,0,0,0.000,27.320,4.854,0,0.000,132.023,2.511,0,0,2,0,8
PPG,3,104758,4191871552,129,73971,81561,81546.625,14.375,65.352,0,0,0,0,73.17,73.17,0,0,0,100.00,0,1,24,1,1,22,22,0,0,0,4193166868,0.03662,0.00610,0.95020,0.95092,-0.00479,-0.00001,-0.00247,0.00539,0.95890,0.01034,0.00558,3,12150,0,6877,0.16313,0.06444,0.39503,100,1,100.124,75,1,3,2595,187491,0,0,0.000,27.320,4.854,0,0.000,132.023,2.511,0,0,2,0,8
PPG,3,104759,4191911552,132,73941,81512,81546.281,-34.281,23.812,0,1,0,0,73.17,73.17,0,0,0,100.00,0,1,24,1,1,23,23,0,0,0,4193208435,0.04077,0.00537,0.94995,0.95084,-0.00692,-0.00055,-0.00114,0.00703,0.95424,0.00436,0.00703,3,12123,0,6877,0.16313,0.06444,0.39503,100,1,100.124,75,1,3,4301,187491,0,0,0.000,27.320,4.854,0,0.000,132.023,2.511,0,0,2,0,8
PPG,3,104760,4191951552,130,73932,81479,81545.609,-66.609,-21.930,0,0,0,0,73.17,73.17,0,0,0,100.00,0,1,24,1,1,24,24,0,0,0,4193247481,0.03857,0.00586,0.94702,0.94782,-0.00612,-0.00028,-0.00300,0.00682,0.94817,0.00267,0.00682,3,12121,0,6877,0.16313,0.06444,0.39503,100,1,100.124,75,1,3,4295,187491,0,0,0.000,27.320,4.854,0,0.000,132.023,2.511,0,0,2,0,8
PPG,3,104761,4191991552,133,73916,81469,81544.844,-75.844,-68.242,0,0,0,0,73.17,73.17,0,0,0,100.00,0,1,24,1,1,25,25,0,0,0,4193286458,0.03809,0.01001,0.94995,0.95077,-0.00665,-0.00001,-0.00167,0.00686,0.95820,0.01037,0.00686,3,12114,0,6877,0.16313,0.06444,0.39503,100,1,100.124,75,1,3,2598,187491,0,0,0.000,27.320,4.854,0,0.000,132.023,2.511,0,0,2,0,8
PPG,3,104762,4192031552,129,73909,81462,81544.016,-82.016,-121.312,0,0,0,0,73.17,73.17,0,0,0,100.00,0,1,24,1,1,26,26,0,0,0,4193327997,0.03931,0.00806,0.95630,0.95714,-0.00532,-0.00028,-0.00221,0.00576,0.95859,0.00783,0.00576,3,12110,0,6877,0.16313,0.06444,0.39503,100,1,100.124,75,1,3,4294,187491,0,0,0.000,27.320,4.854,0,0.000,132.023,2.511,0,0,2,0,8
PPG,3,104763,4192071552,178,73916,81481,81543.383,-62.383,-173.328,0,0,0,0,73.17,73.17,0,0,0,100.00,0,1,24,1,1,27,27,0,0,0,4193367048,0.03931,0.00415,0.95313,0.95394,-0.00505,-0.00161,-0.00167,0.00556,0.95394,0.00460,0.00655,3,12171,0,6877,0.16313,0.06444,0.39503,100,1,100.124,75,1,3,4302,187491,0,0,0.000,27.320,4.854,0,0.000,132.023,2.511,0,0,2,0,8
PPG,3,104764,4192111552,150,73899,81461,81542.562,-81.562,-200.609,1,0,1,800,73.17,73.17,0,0,0,100.00,0,1,24,1,1,28,28,0,0,0,4193406097,0.04077,0.00342,0.95166,0.95254,-0.00532,0.00025,-0.00141,0.00551,0.95548,0.00451,0.00553,3,12135,0,6877,0.16313,0.06444,0.39503,100,1,100.124,75,1,3,2598,187491,0,0,93.789,27.320,4.854,1,240.539,132.023,2.511,1,1,2,0,8
PPG,3,104765,4192151552,131,73888,81432,81541.453,-109.453,-207.492,0,0,0,0,73.17,73.17,0,0,0,100.00,0,1,24,1,1,29,29,0,0,0,4193447821,0.03613,0.00781,0.95435,0.95506,-0.00585,-0.00028,-0.00194,0.00617,0.95506,0.00452,0.00617,3,12124,0,6877,0.16313,0.06444,0.39503,100,1,100.124,75,1,3,4311,187491,0,0,0.000,27.211,4.759,0,0.000,131.600,2.442,0,0,2,0,8
PPG,3,104766,4192191552,129,73904,81459,81540.625,-81.625,-204.062,0,0,0,0,73.17,73.17,0,0,0,100.00,0,1,24,1,1,30,30,0,0,0,4193486840,0.03833,0.00513,0.95215,0.95293,-0.00585,-0.00081,-0.00221,0.00631,0.95293,0.00273,0.00631,3,12121,0,6877,0.16313,0.06444,0.39503,100,1,100.124,75,1,3,2602,187491,0,0,0.000,27.211,4.759,0,0.000,131.600,2.442,0,0,2,0,8
PPG,3,104767,4192231552,131,73926,81508,81540.297,-32.297,-189.070,0,0,0,0,73.17,73.17,0,0,0,100.00,0,1,24,1,1,31,31,0,0,0,4193528456,0.03687,0.00732,0.95190,0.95265,-0.00718,-0.00055,-0.00141,0.00734,0.96491,0.02034,0.00734,3,12118,0,6877,0.16313,0.06444,0.39503,100,1,100.124,75,1,3,4300,187491,0,0,0.000,27.211,4.759,0,0.000,131.600,2.442,0,0,2,0,8
PPG,3,104768,4192271552,129,73949,81551,81540.406,10.594,-167.062,0,0,0,0,73.17,73.17,0,0,0,100.00,0,1,24,1,1,0,0,0,0,0,4193567459,0.03394,0.00293,0.95288,0.95349,-0.00665,-0.00001,-0.00167,0.00686,0.95349,0.00850,0.00701,3,12146,0,6877,0.16313,0.06444,0.39503,100,1,100.124,75,1,3,4312,187491,0,0,0.000,27.211,4.759,0,0.000,131.600,2.442,0,0,2,0,8
PPG,3,104769,4192311552,531,73956,81569,81540.695,28.305,-140.219,0,0,0,0,73.17,73.17,0,0,0,100.00,0,1,24,1,1,1,1,0,0,0,4193606508,0.03687,0.00879,0.94922,0.94998,-0.00532,-0.00001,-0.00167,0.00557,0.94998,0.00754,0.00557,3,12118,0,6877,0.17577,0.07939,0.45168,100,1,98.708,71,1,3,2599,187491,0,0,0.000,27.211,4.759,0,0.000,131.600,2.442,0,0,2,0,8
PPG,3,104770,4192351552,178,73958,81571,81541.000,30.000,-114.914,0,0,0,0,73.17,73.17,0,0,0,100.00,0,1,24,1,1,2,2,0,0,0,4193648498,0.03833,0.00781,0.95239,0.95320,-0.00612,-0.00055,-0.00087,0.00620,0.95424,0.00426,0.00636,3,12111,0,6877,0.17577,0.07939,0.45168,100,1,98.708,71,1,3,4295,187491,0,0,0.000,27.211,4.759,0,0.000,131.600,2.442,0,0,2,0,8
PPG,3,104771,4192391552,130,73957,81587,81541.461,45.539,-84.914,0,0,0,0,73.17,73.17,0,0,0,100.00,0,1,24,1,1,3,3,0,0,0,4193687556,0.03833,0.00366,0.95386,0.95463,-0.00612,-0.00001,-0.00141,0.00628,0.95604,0.00330,0.00654,3,12115,0,6877,0.17577,0.07939,0.45168,100,1,98.708,71,1,3,4295,187491,0,0,0.000,27.211,4.759,0,0.000,131.600,2.442,0,0,2,0,8
PPG,3,104772,4192431552,133,73968,81607,81542.117,64.883,-48.164,0,0,0,0,73.17,73.17,0,0,0,100.00,0,1,24,1,1,4,4,0,0,0,4193726527,0.03809,0.00317,0.95215,0.95292,-0.00479,-0.00135,-0.00114,0.00510,0.95386,0.00077,0.00584,3,12117,0,6877,0.17577,0.07939,0.45168,100,1,98.708,71,1,3,2599,187491,0,0,0.000,27.211,4.759,0,0.000,131.600,2.442,0,0,2,0,8
PPG,3,104773,4192471552,165,73972,81634,81543.039,90.961,-12.258,0,0,0,0,73.17,73.17,0,0,0,100.00,0,1,24,1,1,5,5,0,0,0,4193768054,0.04028,0.00342,0.95386,0.95471,-0.00532,-0.00188,-0.00167,0.00588,0.95471,0.00517,0.00598,3,12114,0,6877,0.17577,0.07939,0.45168,100,1,98.708,71,1,3,4330,187491,0,0,0.000,27.211,4.759,0,0.000,131.600,2.442,0,0,2,0,8
PPG,3,104774,4192511552,128,73991,81668,81544.289,123.711,19.844,0,0,0,0,73.17,73.17,0,0,0,100.00,0,1,24,1,1,6,6,0,0,0,4193807205,0.03491,0.00342,0.95947,0.96011,-0.00585,-0.00108,-0.00327,0.00679,0.96011,0.00863,0.00708,3,12121,0,6877,0.17577,0.07939,0.45168,100,1,98.708,71,1,3,4297,187491,0,0,0.000,27.211,4.759,0,0.000,131.600,2.442,0,0,2,0,8
PPG,3,104775,4192551552,129,73983,81704,81545.883,158.117,51.852,0,0,0,0,73.17,73.17,0,0,0,100.00,0,1,24,1,1,7,7,0,0,0,4193846155,0.04175,0.00732,0.95215,0.95309,-0.00558,-0.00001,-0.00221,0.00600,0.95486,0.00525,0.00625,3,12123,0,6877,0.17577,0.07939,0.45168,100,1,98.708,71,1,3,2600,187491,0,0,0.000,27.211,4.759,0,0.000,131.600,2.442,0,0,2,0,8
PPG,3,104776,4192591552,129,73979,81675,81547.172,127.828,79.188,0,0,0,0,73.17,73.17,0,0,0,100.00,0,1,24,1,1,8,8,0,0,0,4193887776,0.04077,0.00879,0.95435,0.95526,-0.00505,-0.00108,-0.00034,0.00518,0.95647,0.00362,0.00650,3,12144,0,6877,0.17577,0.07939,0.45168,100,1,98.708,71,1,3,4305,187491,0,0,0.000,27.211,4.759,0,0.000,131.600,2.442,0,0,2,0,8
PPG,3,104777,4192631552,131,73922,81501,81546.711,-45.711,80.594,0,0,0,0,73.17,73.17,0,0,0,100.00,0,1,24,1,1,9,9,0,0,0,4193926789,0.03857,0.00513,0.95313,0.95392,-0.00612,-0.00001,-0.00247,0.00660,0.95729,0.00490,0.00660,3,12124,0,6877,0.17577,0.07939,0.45168,100,1,98.708,71,1,3,2595,187491,0,0,0.000,27.211,4.759,0,0.000,131.600,2.442,0,0,2,0,8
PPG,3,104778,4192671552,222,73863,81358,81544.820,-186.820,58.031,0,0,0,0,73.17,73.17,0,0,0,100.00,0,1,24,1,1,10,10,0,0,0,4193968372,0.03442,0.00513,0.95117,0.95181,-0.00452,-0.00081,-0.00167,0.00489,0.95848,0.00667,0.00576,3,12121,0,6877,0.17577,0.07939,0.45168,100,1,98.708,71,1,3,4303,187491,0,0,0.000,27.211,4.759,0,0.000,131.600,2.442,0,0,2,0,8
PPG,3,104779,4192711552,130,73853,81316,81542.531,-226.531,26.258,0,0,0,0,73.17,73.17,0,0,0,100.00,0,1,24,1,1,11,11,0,0,0,4194007475,0.04126,0.00586,0.95215,0.95306,-0.00585,-0.00055,-0.00141,0.00604,0.95306,0.00111,0.00604,3,12113,0,6877,0.17577,0.07939,0.45168,100,1,98.708,71,1,3,4295,187491,0,0,0.000,27.211,4.759,0,0.000,131.600,2.442,0,0,2,0,8
PPG,3,104780,4192751552,136,73845,81308,81540.188,-232.188,-11.758,0,0,0,0,73.17,73.17,0,0,0,100.00,0,1,24,1,1,12,12,0,0,0,4194065270,0.03955,0.00879,0.94824,0.94911,-0.00612,0.00025,-0.00194,0.00642,0.95096,0.00381,0.00642,4,18840,0,6877,0.17577,0.07939,0.45168,100,1,98.708,71,1,3,14477,187491,0,0,0.000,27.211,4.759,0,0.000,131.600,2.442,0,0,2,0,8
PPG,3,104781,4192791552,132,73842,81308,81537.867,-229.867,-55.141,0,0,0,0,73.17,73.17,0,0,0,100.00,0,1,24,1,1,13,13,0,0,0,4194089809,0.03784,0.00757,0.94971,0.95049,-0.00638,-0.00081,-0.00114,0.00654,0.95197,0.00286,0.00654,2,12187,0,6877,0.17577,0.07939,0.45168,100,1,98.708,71,1,3,2585,187491,0,0,0.000,27.211,4.759,0,0.000,131.600,2.442,0,0,2,0,8
PPG,3,104782,4192831552,127,73863,81342,81535.906,-193.906,-100.859,0,0,0,0,73.17,73.17,0,0,0,100.00,0,1,24,1,1,14,14,0,0,0,4194126201,0.03955,0.00513,0.94800,0.94884,-0.00505,0.00052,-0.00087,0.00515,0.95416,0.00538,0.00609,3,12123,0,6877,0.17577,0.07939,0.45168,100,1,98.708,71,1,3,2603,187491,0,0,0.000,27.211,4.759,0,0.000,131.600,2.442,0,0,2,0,8
PPG,3,104783,4192871552,129,73856,81353,81534.078,-181.078,-140.461,0,0,0,0,73.17,73.17,0,0,0,100.00,0,1,24,1,1,15,15,0,0,0,4194167747,0.03418,0.00684,0.94775,0.94839,-0.00532,-0.00001,-0.00087,0.00539,0.95481,0.00779,0.00577,3,12114,0,6877,0.17577,0.07939,0.45168,100,1,98.708,71,1,3,4295,187491,0,0,0.000,27.211,4.759,0,0.000,131.600,2.442,0,0,2,0,8
PPG,3,104784,4192911552,127,73848,81330,81532.039,-202.039,-158.336,0,0,0,0,73.17,73.17,0,0,0,100.00,0,1,24,1,1,16,16,0,0,0,4194206722,0.03589,0.00610,0.94604,0.94675,-0.00585,0.00079,-0.00114,0.00601,0.95888,0.01214,0.00601,3,12109,0,6877,0.17577,0.07939,0.45168,100,1,98.708,71,1,3,2606,187491,0,0,0.000,27.211,4.759,0,0.000,131.600,2.442,0,0,2,0,8
PPG,3,104785,4192951552,150,73857,81312,81529.836,-217.836,-158.906,1,0,1,840,73.17,73.17,0,0,0,100.00,0,1,24,1,1,17,17,0,0,0,4194248279,0.03906,0.00708,0.95093,0.95176,-0.00585,-0.00055,-0.00194,0.00619,0.95176,0.00300,0.00681,3,12119,0,6877,0.17577,0.07939,0.45168,100,1,98.708,71,1,3,4305,187491,0,0,112.688,27.211,4.759,1,288.086,131.600,2.442,1,1,2,0,8
PPG,3,104786,4192991552,128,73858,81344,81527.977,-183.977,-149.156,0,0,0,0,73.17,73.17,0,0,0,100.00,0,1,24,1,1,18,18,0,0,0,4194287399,0.03979,0.00049,0.95020,0.95103,-0.00505,-0.00108,-0.00114,0.00529,0.95645,0.00542,0.00576,3,12137,0,6877,0.17577,0.07939,0.45168,100,1,98.708,71,1,3,4299,187491,0,0,0.000,27.234,4.779,0,0.000,131.527,2.431,0,0,2,0,8
PPG,3,104787,4193031552,128,73850,81370,81526.398,-156.398,-133.398,0,0,0,0,73.17,73.17,0,0,0,100.00,0,1,24,1,1,19,19,0,0,0,4194326346,0.03491,0.00806,0.94897,0.94965,-0.00558,0.00025,-0.00221,0.00601,0.95145,0.00225,0.00601,3,12106,0,6877,0.17577,0.07939,0.45168,100,1,98.708,71,1,3,2602,187491,0,0,0.000,27.234,4.779,0,0.000,131.527,2.431,0,0,2,0,8
PPG,3,104788,4193071552,128,73869,81391,81525.047,-134.047,-113.539,0,0,0,0,73.17,73.17,0,0,0,100.00,0,1,24,1,1,20,20,0,0,0,4194367903,0.03955,0.00586,0.94995,0.95079,-0.00532,-0.00028,-0.00221,0.00576,0.95121,0.00156,0.00708,3,12121,0,6877,0.17577,0.07939,0.45168,100,1,98.708,71,1,3,4299,187491,0,0,0.000,27.234,4.779,0,0.000,131.527,2.431,0,0,2,0,8
PPG,3,104789,4193111552,129,73864,81436,81524.156,-88.156,-93.461,0,0,0,0,73.17,73.17,0,0,0,100.00,0,1,24,1,1,21,21,0,0,0,4194406887,0.03564,0.00977,0.94971,0.95043,-0.00718,-0.00028,-0.00141,0.00732,0.95656,0.00614,0.00732,3,12117,0,6877,0.17577,0.07939,0.45168,100,1,98.708,71,1,3,2594,187491,0,0,0.000,27.234,4.779,0,0.000,131.527,2.431,0,0,2,0,8
PPG,3,104790,4193151552,127,73868,81449,81523.406,-74.406,-73.648,0,0,0,0,73.17,73.17,0,0,0,100.00,0,1,24,1,1,22,22,0,0,0,4194448431,0.04175,0.00684,0.94849,0.94943,-0.00612,-0.00135,-0.00141,0.00642,0.95628,0.00686,0.00642,3,12121,0,6877,0.17577,0.07939,0.45168,100,1,98.708,71,1,3,4301,187491,0,0,0.000,27.234,4.779,0,0.000,131.527,2.431,0,0,2,0,8
PPG,3,104791,4193191552,129,73868,81471,81522.883,-51.883,-47.711,0,0,0,0,73.17,73.17,0,0,0,100.00,0,1,24,1,1,23,23,0,0,0,4194487457,0.04077,0.00537,0.95044,0.95133,-0.00479,-0.00135,-0.00300,0.00581,0.95498,0.00578,0.00581,3,12138,0,6877,0.17577,0.07939,0.45168,100,1,98.708,71,1,3,4303,187491,0,0,0.000,27.234,4.779,0,0.000,131.527,2.431,0,0,2,0,8
PPG,3,104792,4193231552,127,73875,81464,81522.297,-58.297,-18.844,0,0,0,0,73.17,73.17,0,0,0,100.00,0,1,24,1,1,24,24,0,0,0,4194526413,0.03735,0.00806,0.95483,0.95560,-0.00665,0.00025,-0.00087,0.00671,0.95560,0.00313,0.00727,3,12113,0,6877,0.17577,0.07939,0.45168,100,1,98.708,71,1,3,2594,187491,0,0,0.000,27.234,4.779,0,0.000,131.527,2.431,0,0,2,0,8
PPG,3,104793,4193271552,129,73883,81492,81521.992,-29.992,9.398,0,0,0,0,73.17,73.17,0,0,0,100.00,0,1,24,1,1,25,25,0,0,0,4194567955,0.04004,0.00171,0.95190,0.95275,-0.00612,-0.00001,-0.00167,0.00634,0.95568,0.00389,0.00634,3,12124,0,6877,0.17577,0.07939,0.45168,100,1,98.708,71,1,3,4300,187491,0,0,0.000,27.234,4.779,0,0.000,131.527,2.431,0,0,2,0,8
PPG,3,104794,4193311552,517,73893,81546,81522.234,23.766,40.641,0,0,0,0,73.17,73.17,0,0,0,100.00,0,0,24,1,1,26,26,0,0,0,4194606940,0.03735,0.00562,0.95239,0.95314,-0.00638,-0.00055,-0.00194,0.00669,0.95314,0.00228,0.00669,3,12115,0,6877,0.21600,0.10271,0.47549,99,1,98.113,62,1,3,2594,187491,0,0,0.000,27.234,4.779,0,0.000,131.527,2.431,0,0,2,0,8
PPG,3,104795,4193351552,178,73916,81569,81522.703,46.297,72.820,0,0,0,0,73.17,73.17,0,0,0,100.00,0,0,24,1,1,27,27,0,0,0,4194648917,0.03857,0.00464,0.94678,0.94757,-0.00585,-0.00028,-0.00194,0.00617,0.95018,0.00462,0.00628,3,12119,0,6877,0.21600,0.10271,0.47549,99,1,98.113,62,1,3,4298,187491,0,0,0.000,27.234,4.779,0,0.000,131.527,2.431,0,0,2,0,8
PPG,3,104796,4193391552,127,73899,81497,81522.445,-25.445,90.438,0,0,0,0,73.17,73.17,0,0,0,100.00,0,0,24,1,1,28,28,0,0,0,4194687912,0.03711,0.00708,0.95337,0.95412,-0.00558,-0.00135,-0.00167,0.00598,0.95596,0.00610,0.00598,3,12120,0,6877,0.21600,0.10271,0.47549,99,1,98.113,62,1,3,4300,187491,0,0,0.000,27.234,4.779,0,0.000,131.527,2.431,0,0,2,0,8
PPG,3,104797,4193431552,179,73857,81353,81520.750,-167.750,84.117,0,0,0,0,73.17,73.17,0,0,0,100.00,0,0,24,1,1,29,29,0,0,0,4194727164,0.04346,0.00830,0.95483,0.95586,-0.00532,-0.00028,-0.00167,0.00558,0.95586,0.00379,0.00596,3,12278,0,6877,0.21600,0.10271,0.47549,99,1,98.113,62,1,3,2609,187491,0,0,0.000,27.234,4.779,0,0.000,131.527,2.431,0,0,2,0,8
PPG,3,104798,4193471552,176,73807,81248,81518.023,-270.023,57.758,0,0,0,0,73.17,73.17,0,0,0,100.00,0,0,24,1,1,30,30,0,0,0,4194768899,0.03467,0.00488,0.95361,0.95426,-0.00612,0.00025,-0.00274,0.00671,0.95811,0.00529,0.00671,3,12195,0,6877,0.21600,0.10271,0.47549,99,1,98.113,62,1,3,4296,187491,0,0,0.000,27.234,4.779,0,0.000,131.527,2.431,0,0,2,0,8
PPG,3,104799,4193511552,128,73816,81254,81515.383,-261.383,30.859,0,0,0,0,73.17,73.17,0,0,0,100.00,0,0,24,1,1,31,31,0,0,0,4194807898,0.03906,0.00464,0.95142,0.95223,-0.00532,-0.00108,-0.00221,0.00586,0.95692,0.00850,0.00653,3,12134,0,6877,0.21600,0.10271,0.47549,99,1,98.113,62,1,3,4296,187491,0,0,0.000,27.234,4.779,0,0.000,131.527,2.431,0,0,2,0,8
PPG,3,104800,4193551552,128,73829,81277,81513.000,-236.000,1.703,0,0,0,0,73.17,73.17,0,0,0,100.00,0,0,24,1,1,0,0,0,0,0,4194846940,0.04028,0.00586,0.95313,0.95399,-0.00558,-0.00108,-0.00167,0.00593,0.95564,0.00341,0.00654,3,12108,0,6877,0.21600,0.10271,0.47549,99,1,98.113,62,1,3,2594,187491,0,0,0.000,27.234,4.779,0,0.000,131.527,2.431,0,0,2,0,8
PPG,3,104801,4193591552,152,73832,81288,81510.750,-222.750,-34.156,0,0,0,0,73.17,73.17,0,0,0,100.00,0,0,24,1,1,1,1,0,0,0,4194888646,0.03711,0.01147,0.95435,0.95514,-0.00532,-0.00108,-0.00114,0.00554,0.95514,0.00730,0.00723,3,12128,0,6877,0.21600,0.10271,0.47549,99,1,98.113,62,1,3,4304,187491,0,0,0.000,27.234,4.779,0,0.000,131.527,2.431,0,0,2,0,8
PPG,3,104802,4193631552,135,73825,81319,81508.836,-189.836,-68.719,0,0,0,0,73.17,73.17,0,0,0,100.00,0,0,24,1,1,2,2,0,0,0,4194928034,0.03833,0.00415,0.94702,0.94781,-0.00532,-0.00028,-0.00087,0.00540,0.94870,0.01069,0.00615,3,12192,0,6877,0.21600,0.10271,0.47549,99,1,98.113,62,1,3,4359,187491,0,0,0.000,27.234,4.779,0,0.000,131.527,2.431,0,0,2,0,8
PPG,3,104803,4193671552,138,73840,81330,81507.047,-177.047,-91.430,0,0,0,0,73.17,73.17,0,0,0,100.00,0,0,24,1,1,3,3,0,0,0,4194967385,0.03711,0.00635,0.95728,0.95802,-0.00505,-0.00108,-0.00114,0.00529,0.95802,0.00751,0.00535,3,12294,0,6877,0.21600,0.10271,0.47549,99,1,98.113,62,1,3,2624,187491,0,0,0.000,27.234,4.779,0,0.000,131.527,2.431,0,0,2,0,8
PPG,3,104804,4193711552,128,73830,81292,81504.898,-212.898,-98.242,1,0,0,0,73.17,73.17,0,0,0,100.00,0,0,24,1,1,4,4,0,0,0,4195009298,0.03589,0.00439,0.94873,0.94942,-0.00558,-0.00028,-0.00194,0.00592,0.95260,0.00542,0.00628,3,12238,0,6877,0.21600,0.10271,0.47549,99,1,98.113,62,1,3,4369,187491,0,0,0.000,27.234,4.779,0,249.344,131.527,2.431,1,0,2,0,8
PPG,3,104805,4193751552,170,73831,81300,81502.852,-202.852,-90.211,0,0,1,780,73.17,73.17,0,0,0,100.00,0,0,24,1,1,5,5,0,0,0,4195065198,0.03638,0.00635,0.95337,0.95408,-0.00612,-0.00055,-0.00114,0.00625,0.95408,0.00258,0.00625,4,16519,0,6877,0.21600,0.10271,0.47549,99,1,98.113,62,1,3,16454,187491,0,0,81.367,27.234,4.779,1,0.000,131.527,2.431,0,1,2,0,8
PPG,3,104806,4193791552,138,73840,81330,81501.125,-171.125,-78.656,0,0,0,0,73.17,73.17,0,0,0,100.00,0,0,24,2,2,7,7,0,0,0,4195132682,0.03882,0.00366,0.95630,0.95709,-0.00532,0.00025,-0.00194,0.00567,0.95709,0.00301,0.00567,1,67484,0,6882,0.21600,0.10271,0.47549,99,1,98.113,62,1,3,67359,187491,0,0,0.000,27.059,4.626,0,0.000,131.221,2.381,0,0,2,0,8
PPG,3,104807,4193831552,39,73868,81371,81499.820,-128.820,-65.281,0,0,0,0,73.17,73.17,0,0,0,100.00,0,0,24,2,2,7,7,0,0,0,4195132682,0.03882,0.00366,0.95630,0.95709,-0.00532,0.00025,-0.00194,0.00567,0.00000,0.00000,0.00000,0,67484,0,6882,0.21600,0.10271,0.47549,99,1,98.113,62,1,3,67359,187491,0,0,0.000,27.059,4.626,0,0.000,131.221,2.381,0,0,2,0,8
PPG,3,104808,4193871552,128,73878,81411,81498.930,-87.930,-48.711,0,0,0,0,73.17,73.17,0,0,0,100.00,0,0,24,1,1,8,8,0,0,0,4195171063,0.03369,0.00732,0.94800,0.94862,-0.00612,-0.00028,-0.00247,0.00660,0.95213,0.00978,0.00660,3,12222,0,6882,0.21600,0.10271,0.47549,99,1,98.113,62,1,3,2632,187491,0,0,0.000,27.059,4.626,0,0.000,131.221,2.381,0,0,2,0,8
PPG,3,104809,4193911552,139,73887,81442,81498.359,-56.359,-31.438,0,0,0,0,73.17,73.17,0,0,0,100.00,0,0,24,1,1,9,9,0,0,0,4195207763,0.03833,0.00781,0.95728,0.95807,-0.00558,-0.00055,-0.00221,0.00603,0.95918,0.00632,0.00660,3,12281,0,6882,0.21600,0.10271,0.47549,99,1,98.113,62,1,3,4347,187491,0,0,0.000,27.059,4.626,0,0.000,131.221,2.381,0,0,2,0,8
PPG,3,104810,4193951552,130,73897,81475,81498.125,-23.125,-12.023,0,0,0,0,73.17,73.17,0,0,0,100.00,0,0,24,1,1,10,10,0,0,0,4195247193,0.03711,0.00488,0.95313,0.95386,-0.00585,-0.00055,-0.00167,0.00611,0.95472,0.00982,0.00695,3,12240,0,6882,0.21600,0.10271,0.47549,99,1,98.113,62,1,3,2624,187491,0,0,0.000,27.059,4.626,0,0.000,131.221,2.381,0,0,2,0,8
PPG,3,104811,4193991552,128,73902,81487,81498.016,-11.016,15.039,0,0,0,0,73.17,73.17,0,0,0,100.00,0,0,24,1,1,11,11,0,0,0,4195289073,0.03979,0.00806,0.95093,0.95179,-0.00612,-0.00161,-0.00300,0.00700,0.95818,0.01506,0.00700,3,12222,0,6882,0.21600,0.10271,0.47549,99,1,98.113,62,1,3,4347,187491,0,0,0.000,27.059,4.626,0,0.000,131.221,2.381,0,0,2,0,8
PPG,3,104812,4194031552,129,73926,81517,81498.203,18.797,43.391,0,0,0,0,73.17,73.17,0,0,0,100.00,0,0,24,1,1,12,12,0,0,0,4195328415,0.03467,0.00684,0.94458,0.94524,-0.00585,-0.00055,-0.00167,0.00611,0.95759,0.00953,0.00684,3,12238,0,6882,0.21600,0.10271,0.47549,99,1,98.113,62,1,3,4333,187491,0,0,0.000,27.059,4.626,0,0.000,131.221,2.381,0,0,2,0,8
PPG,3,104813,4194071552,128,73944,81555,81498.773,56.227,72.383,0,0,0,0,73.17,73.17,0,0,0,100.00,0,0,24,1,1,13,13,0,0,0,4195367694,0.03638,0.00488,0.95020,0.95090,-0.00532,-0.00108,-0.00194,0.00576,0.95779,0.01255,0.00669,3,12251,0,6882,0.21600,0.10271,0.47549,99,1,98.113,62,1,3,4330,187491,0,0,0.000,27.059,4.626,0,0.000,131.221,2.381,0,0,2,0,8
PPG,3,104814,4194111552,128,73964,81601,81499.797,101.203,102.492,0,0,0,0,73.17,73.17,0,0,0,100.00,0,0,24,1,1,14,14,0,0,0,4195406934,0.03418,0.00610,0.94556,0.94619,-0.00532,-0.00028,-0.00194,0.00567,0.95290,0.00671,0.00567,3,12231,0,6882,0.21600,0.10271,0.47549,99,1,98.113,62,1,3,2633,187491,0,0,0.000,27.059,4.626,0,0.000,131.221,2.381,0,0,2,0,8
PPG,3,104815,4194151552,131,73966,81598,81500.781,97.219,127.750,0,0,0,0,73.17,73.17,0,0,0,100.00,0,0,24,1,1,15,15,0,0,0,4195448905,0.03613,0.00586,0.95776,0.95846,-0.00638,0.00079,-0.00167,0.00665,0.95846,0.01007,0.00719,3,12247,0,6882,0.21600,0.10271,0.47549,99,1,98.113,62,1,3,4339,187491,0,0,0.000,27.059,4.626,0,0.000,131.221,2.381,0,0,2,0,8
PPG,3,104816,4194191552,129,73920,81468,81500.453,-32.453,132.914,0,0,0,0,73.17,73.17,0,0,0,100.00,0,0,24,1,1,16,16,0,0,0,4195488165,0.03662,0.00732,0.95508,0.95581,-0.00479,-0.00135,-0.00194,0.00534,0.95684,0.01527,0.00666,3,12232,0,6882,0.21600,0.10271,0.47549,99,1,98.113,62,1,3,4328,187491,0,0,0.000,27.059,4.626,0,0.000,131.221,2.381,0,0,2,0,8
PPG,3,104817,4194231552,224,73871,81352,81498.969,-146.969,115.391,0,0,0,0,73.17,73.17,0,0,0,100.00,0,0,24,1,1,17,17,0,0,0,4195527481,0.03833,0.00757,0.94971,0.95051,-0.00612,0.00052,-0.00194,0.00644,0.95435,0.00662,0.00644,3,12315,0,6882,0.21600,0.10271,0.47549,99,1,98.113,62,1,3,2597,187491,0,0,0.000,27.059,4.626,0,0.000,131.221,2.381,0,0,2,0,8
PPG,3,104818,4194271552,129,73859,81338,81497.359,-159.359,89.609,0,0,0,0,73.17,73.17,0,0,0,100.00,0,0,24,1,1,18,18,0,0,0,4195569372,0.03687,0.00732,0.94824,0.94899,-0.00692,-0.00055,-0.00114,0.00703,0.95025,0.00108,0.00714,3,12325,0,6882,0.21600,0.10271,0.47549,99,1,98.113,62,1,3,4303,187491,0,0,0.000,27.059,4.626,0,0.000,131.221,2.381,0,0,2,0,8
PPG,3,104819,4194311552,518,73859,81365,81496.039,-131.039,62.344,0,0,0,0,73.17,73.17,0,0,0,100.00,0,0,24,1,1,19,19,0,0,0,4195608385,0.03711,0.00537,0.95239,0.95313,-0.00772,-0.00001,-0.00194,0.00796,0.95504,0.00994,0.00796,3,12162,0,6882,0.23960,0.11443,0.47759,100,1,98.060,83,1,3,4297,187491,0,0,0.000,27.059,4.626,0,0.000,131.221,2.381,0,0,2,0,8
PPG,3,104820,4194351552,181,73856,81375,81494.828,-119.828,31.727,0,1,0,0,73.17,73.17,0,0,0,100.00,0,0,24,1,1,20,20,0,0,0,4195647870,0.03613,0.00488,0.94897,0.94967,-0.00638,-0.00081,-0.00300,0.00710,0.95595,0.00382,0.00710,3,12121,0,6882,0.23960,0.11443,0.47759,100,1,98.060,83,1,3,4297,187491,0,0,0.000,27.059,4.626,0,0.000,131.221,2.381,0,0,2,0,8
PPG,3,104821,4194391552,127,73874,81417,81494.047,-77.047,-1.008,0,0,0,0,73.17,73.17,0,0,0,100.00,0,0,24,1,1,21,21,0,0,0,4195686949,0.03711,0.00537,0.95117,0.95191,-0.00638,-0.00055,-0.00034,0.00642,0.95256,0.00289,0.00642,3,12158,0,6882,0.23960,0.11443,0.47759,100,1,98.060,83,1,3,2595,187491,0,0,0.000,27.059,4.626,0,0.000,131.221,2.381,0,0,2,0,8
PPG,3,104822,4194431552,129,73875,81412,81493.227,-81.227,-32.227,0,0,0,0,73.17,73.17,0,0,0,100.00,0,0,24,1,1,22,22,0,0,0,4195728582,0.03955,0.00220,0.95361,0.95444,-0.00452,-0.00055,-0.00194,0.00495,0.95444,0.00539,0.00646,3,12168,0,6882,0.23960,0.11443,0.47759,100,1,98.060,83,1,3,4299,187491,0,0,0.000,27.059,4.626,0,0.000,131.221,2.381,0,0,2,0,8
PPG,3,104823,4194471552,142,73878,81401,81492.305,-91.305,-45.352,0,0,0,0,73.17,73.17,0,0,0,100.00,0,0,24,1,1,23,23,0,0,0,4195767517,0.03418,0.00391,0.94995,0.95057,-0.00532,0.00079,-0.00034,0.00539,0.95337,0.00460,0.00642,3,12104,0,6882,0.23960,0.11443,0.47759,100,1,98.060,83,1,3,2598,187491,0,0,0.000,27.059,4.626,0,0.000,131.221,2.381,0,0,2,0,8
PPG,3,104824,4194511552,153,73885,81403,81491.414,-88.414,-43.609,1,0,1,780,73.17,73.17,0,0,0,100.00,0,0,24,1,1,24,24,0,0,0,4195809097,0.04126,0.00684,0.94971,0.95063,-0.00452,-0.00081,-0.00141,0.00480,0.95372,0.00309,0.00592,3,12133,0,6882,0.23960,0.11443,0.47759,100,1,98.060,83,1,3,4298,187491,0,0,89.562,27.059,4.626,1,231.156,131.221,2.381,1,1,2,0,8
PPG,3,104825,4194551552,128,73900,81451,81491.008,-40.008,-35.023,0,0,0,0,73.17,73.17,0,0,0,100.00,0,0,24,1,1,25,25,0,0,0,4195848178,0.03833,0.00269,0.94995,0.95073,-0.00532,-0.00001,-0.00141,0.00550,0.95415,0.00381,0.00684,3,12119,0,6882,0.23960,0.11443,0.47759,100,1,98.060,83,1,3,4302,187491,0,0,0.000,26.956,4.537,0,0.000,130.839,2.318,0,0,2,0,8
