type,session_id,sample_index,sample_time_us,processing_time_us,red_raw,ir_raw,ir_dc,ir_ac,ir_filtered,peak_custom,peak_sparkfun,peak_accepted,ibi_ms,bpm_instant,bpm_robust,hr_status,ppg_quality,ppg_quality_flags,spo2_result,spo2_status,spo2_quality,led_amplitude,sparkfun_check_count,sparkfun_available,hw_fifo_read_ptr,hw_fifo_write_ptr,hw_fifo_overflow,suspected_drops,missing_samples,mpu_time_us,ax_g,ay_g,az_g,acc_mag_g,gx_rad_s,gy_rad_s,gz_rad_s,gyro_mag_rad_s,mpu_window_peak_g,mpu_window_delta_g,mpu_window_gyro_rad_s,mpu_window_samples,mpu_dt_us,mpu_saturated,mpu_missed_deadlines,ppg_mod_ir_pct,ppg_mod_red_pct,ppg_ratio_r,spo2_maxim,spo2_maxim_valid,spo2_custom_candidate,maxim_hr,maxim_hr_valid,measurement_state,loop_last_us,loop_max_us,display_render_us,i2c_failures,red_prominence,red_threshold,red_snr,red_candidate,ir_prominence,ir_threshold,ir_snr,ir_candidate,peak_fused,detector_state,quarantine_remaining_ms,synchronized_count
PPG,3,109034,4362911552,25,525,522,0.000,0.000,0.000,0,0,0,0,0.00,nan,4,3,1,nan,3,3,24,1,1,10,10,0,0,0,69297373,0.03735,0.00269,0.95728,0.95801,-0.00638,-0.00161,-0.00247,0.00703,0.95801,0.00963,0.00750,3,12197,0,7146,0.00000,0.00000,0.00000,0,0,nan,0,0,0,4343,187491,0,0,0.000,0.000,0.000,0,0.000,0.000,0.000,0,0,4,0,0
PPG,3,109035,4362951552,25,532,525,0.000,0.000,0.000,0,0,0,0,0.00,nan,4,3,1,nan,3,3,24,1,1,11,11,0,0,0,69336300,0.04053,0.00879,0.94800,0.94890,-0.00638,-0.00028,-0.00221,0.00676,0.95273,0.00528,0.00737,3,12255,0,7146,0.00000,0.00000,0.00000,0,0,nan,0,0,0,4337,187491,0,0,0.000,0.000,0.000,0,0.000,0.000,0.000,0,0,4,0,0
PPG,3,109036,4362991552,24,520,530,0.000,0.000,0.000,0,0,0,0,0.00,nan,4,3,1,nan,3,3,24,1,1,12,12,0,0,0,69379516,0.03613,0.00464,0.94995,0.95065,-0.00612,-0.00055,-0.00141,0.00630,0.95863,0.00973,0.00726,3,12269,0,7146,0.00000,0.00000,0.00000,0,0,nan,0,0,0,2601,187491,0,0,0.000,0.000,0.000,0,0.000,0.000,0.000,0,0,4,0,0
PPG,3,109037,4363031552,26,532,538,0.000,0.000,0.000,0,0,0,0,0.00,nan,4,3,1,nan,3,3,24,1,1,13,13,0,0,0,69418423,0.03833,0.00391,0.95581,0.95659,-0.00558,-0.00001,-0.00167,0.00583,0.95734,0.00669,0.00594,3,12267,0,7146,0.00000,0.00000,0.00000,0,0,nan,0,0,0,4334,187491,0,0,0.000,0.000,0.000,0,0.000,0.000,0.000,0,0,4,0,0
PPG,3,109038,4363071552,26,529,536,0.000,0.000,0.000,0,0,0,0,0.00,nan,4,3,1,nan,3,3,24,1,1,14,14,0,0,0,69457266,0.03638,0.00708,0.95264,0.95336,-0.00505,-0.00055,-0.00087,0.00516,0.95872,0.01084,0.00662,3,12191,0,7146,0.00000,0.00000,0.00000,0,0,nan,0,0,0,4332,187491,0,0,0.000,0.000,0.000,0,0.000,0.000,0.000,0,0,4,0,0
PPG,3,109039,4363111552,25,545,529,0.000,0.000,0.000,0,0,0,0,0.00,nan,4,3,1,nan,3,3,24,1,1,15,15,0,0,0,69496218,0.03540,0.00586,0.94800,0.94868,-0.00532,-0.00081,-0.00167,0.00563,0.95257,0.00390,0.00631,3,12266,0,7146,0.00000,0.00000,0.00000,0,0,nan,0,0,0,2632,187491,0,0,0.000,0.000,0.000,0,0.000,0.000,0.000,0,0,4,0,0
PPG,3,109040,4363151552,28,529,520,0.000,0.000,0.000,0,0,0,0,0.00,nan,4,3,1,nan,3,3,24,1,1,16,16,0,0,0,69537833,0.03613,0.00244,0.95264,0.95332,-0.00532,-0.00001,-0.00194,0.00566,0.95469,0.00631,0.00566,3,12256,0,7146,0.00000,0.00000,0.00000,0,0,nan,0,0,0,4315,187491,0,0,0.000,0.000,0.000,0,0.000,0.000,0.000,0,0,4,0,0
PPG,3,109041,4363191552,27,537,537,0.000,0.000,0.000,0,0,0,0,0.00,nan,4,3,1,nan,3,3,24,1,1,17,17,0,0,0,69576645,0.03735,0.00415,0.94629,0.94704,-0.00558,-0.00055,-0.00167,0.00586,0.95701,0.00998,0.00586,3,12239,0,7146,0.00000,0.00000,0.00000,0,0,nan,0,0,0,4334,187491,0,0,0.000,0.000,0.000,0,0.000,0.000,0.000,0,0,4,0,0
PPG,3,109042,4363231552,25,535,522,0.000,0.000,0.000,0,0,0,0,0.00,nan,4,3,1,nan,3,3,24,1,1,18,18,0,0,0,69615546,0.03906,0.00830,0.94385,0.94469,-0.00505,-0.00028,-0.00141,0.00525,0.95555,0.00852,0.00653,3,12267,0,7146,0.00000,0.00000,0.00000,0,0,nan,0,0,0,2641,187491,0,0,0.000,0.000,0.000,0,0.000,0.000,0.000,0,0,4,0,0
PPG,3,109043,4363271552,25,528,528,0.000,0.000,0.000,0,0,0,0,0.00,nan,4,3,1,nan,3,3,24,1,1,19,19,0,0,0,69657024,0.03882,0.00537,0.94629,0.94710,-0.00532,-0.00028,-0.00167,0.00558,0.95580,0.01111,0.00597,3,12245,0,7146,0.00000,0.00000,0.00000,0,0,nan,0,0,0,4342,187491,0,0,0.000,0.000,0.000,0,0.000,0.000,0.000,0,0,4,0,0
PPG,3,109044,4363311552,26,535,532,0.000,0.000,0.000,0,0,0,0,0.00,nan,4,3,1,nan,3,3,24,1,1,20,20,0,0,0,69695860,0.04004,0.00537,0.95435,0.95520,-0.00505,-0.00001,-0.00247,0.00562,0.95520,0.00594,0.00602,3,12238,0,7146,0.00000,0.00000,0.00000,0,0,nan,0,0,0,2643,187491,0,0,0.000,0.000,0.000,0,0.000,0.000,0.000,0,0,4,0,0
PPG,3,109045,4363351552,26,525,530,0.000,0.000,0.000,0,0,0,0,0.00,nan,4,3,1,nan,3,3,24,1,1,21,21,0,0,0,69737393,0.03979,0.00903,0.96289,0.96376,-0.00479,0.00052,-0.00007,0.00481,0.96376,0.01835,0.00654,3,12243,0,7146,0.00000,0.00000,0.00000,0,0,nan,0,0,0,4328,187491,0,0,0.000,0.000,0.000,0,0.000,0.000,0.000,0,0,4,0,0
PPG,3,109046,4363391552,26,535,537,0.000,0.000,0.000,0,0,0,0,0.00,nan,4,3,1,nan,3,3,24,1,1,22,22,0,0,0,69776254,0.03931,0.00586,0.95020,0.95103,-0.00638,-0.00001,-0.00114,0.00648,0.95164,0.01211,0.00648,3,12247,0,7146,0.00000,0.00000,0.00000,0,0,nan,0,0,0,2629,187491,0,0,0.000,0.000,0.000,0,0.000,0.000,0.000,0,0,4,0,0
PPG,3,109047,4363431552,25,531,526,0.000,0.000,0.000,0,0,0,0,0.00,nan,4,3,1,nan,3,3,24,1,1,23,23,0,0,0,69817726,0.03491,0.00684,0.94849,0.94915,-0.00532,-0.00055,-0.00247,0.00589,0.95214,0.00288,0.00609,3,12313,0,7146,0.00000,0.00000,0.00000,0,0,nan,0,0,0,4311,187491,0,0,0.000,0.000,0.000,0,0.000,0.000,0.000,0,0,4,0,0
PPG,3,109048,4363471552,25,535,532,0.000,0.000,0.000,0,0,0,0,0.00,nan,4,3,1,nan,3,3,24,1,1,24,24,0,0,0,69856477,0.04395,0.00488,0.94678,0.94781,-0.00505,-0.00161,-0.00167,0.00556,0.95484,0.01244,0.00635,3,12310,0,7146,0.00000,0.00000,0.00000,0,0,nan,0,0,0,4304,187491,0,0,0.000,0.000,0.000,0,0.000,0.000,0.000,0,0,4,0,0
PPG,3,109049,4363511552,26,544,529,0.000,0.000,0.000,0,0,0,0,0.00,nan,4,3,1,nan,3,3,24,1,1,25,25,0,0,0,69895040,0.03418,0.00830,0.94775,0.94841,-0.00638,-0.00028,-0.00141,0.00654,0.95297,0.00516,0.00654,3,12118,0,7146,0.00000,0.00000,0.00000,0,0,nan,0,0,0,2599,187491,0,0,0.000,0.000,0.000,0,0.000,0.000,0.000,0,0,4,0,0
PPG,3,109050,4363551552,28,526,524,0.000,0.000,0.000,0,0,0,0,0.00,nan,4,3,1,nan,3,3,24,1,1,26,26,0,0,0,69936239,0.03809,0.00366,0.94824,0.94901,-0.00479,-0.00055,-0.00194,0.00519,0.95193,0.00352,0.00558,3,12175,0,7146,0.00000,0.00000,0.00000,0,0,nan,0,0,0,2601,187491,0,0,0.000,0.000,0.000,0,0.000,0.000,0.000,0,0,4,0,0
PPG,3,109051,4363591552,25,534,523,0.000,0.000,0.000,0,0,0,0,0.00,nan,4,3,1,nan,3,3,24,1,1,27,27,0,0,0,69977352,0.03882,0.00537,0.95190,0.95271,-0.00558,-0.00108,-0.00274,0.00631,0.95464,0.00506,0.00671,3,12121,0,7146,0.00000,0.00000,0.00000,0,0,nan,0,0,0,4304,187491,0,0,0.000,0.000,0.000,0,0.000,0.000,0.000,0,0,4,0,0
PPG,3,109052,4363631552,25,526,533,0.000,0.000,0.000,0,0,0,0,0.00,nan,4,3,1,nan,3,3,24,1,1,28,28,0,0,0,70015920,0.04224,0.00366,0.95630,0.95724,-0.00585,-0.00108,-0.00114,0.00606,0.95724,0.00536,0.00625,3,12130,0,7146,0.00000,0.00000,0.00000,0,0,nan,0,0,0,2607,187491,0,0,0.000,0.000,0.000,0,0.000,0.000,0.000,0,0,4,0,0
PPG,3,109053,4363671552,25,539,542,0.000,0.000,0.000,0,0,0,0,0.00,nan,4,3,1,nan,3,3,24,1,1,29,29,0,0,0,70057139,0.03662,0.00342,0.95630,0.95701,-0.00585,-0.00188,-0.00274,0.00673,0.95701,0.00725,0.00708,3,12126,0,7146,0.00000,0.00000,0.00000,0,0,nan,0,0,0,4305,187491,0,0,0.000,0.000,0.000,0,0.000,0.000,0.000,0,0,4,0,0
PPG,3,109054,4363711552,25,522,516,0.000,0.000,0.000,0,0,0,0,0.00,nan,4,3,1,nan,3,3,24,1,1,30,30,0,0,0,70095680,0.03833,0.00464,0.94556,0.94634,-0.00665,-0.00028,-0.00114,0.00675,0.95348,0.00731,0.00675,3,12137,0,7146,0.00000,0.00000,0.00000,0,0,nan,0,0,0,2601,187491,0,0,0.000,0.000,0.000,0,0.000,0.000,0.000,0,0,4,0,0
PPG,3,109055,4363751552,26,527,524,0.000,0.000,0.000,0,0,0,0,0.00,nan,4,3,1,nan,3,3,24,1,1,31,31,0,0,0,70136884,0.03638,0.00610,0.94629,0.94701,-0.00532,0.00025,-0.00141,0.00551,0.95355,0.00654,0.00635,3,12183,0,7146,0.00000,0.00000,0.00000,0,0,nan,0,0,0,4301,187491,0,0,0.000,0.000,0.000,0,0.000,0.000,0.000,0,0,4,0,0
PPG,3,109056,4363791552,25,533,527,0.000,0.000,0.000,0,0,0,0,0.00,nan,4,3,1,nan,3,3,24,1,1,0,0,0,0,0,70175423,0.03809,0.00830,0.94946,0.95026,-0.00558,-0.00001,-0.00167,0.00583,0.95414,0.00396,0.00583,3,12129,0,7146,0.00000,0.00000,0.00000,0,0,nan,0,0,0,2605,187491,0,0,0.000,0.000,0.000,0,0.000,0.000,0.000,0,0,4,0,0
PPG,3,109057,4363831552,25,533,536,0.000,0.000,0.000,0,0,0,0,0.00,nan,4,3,1,nan,3,3,24,1,1,1,1,0,0,0,70216536,0.03906,0.00806,0.95142,0.95225,-0.00558,0.00025,-0.00141,0.00576,0.95231,0.00194,0.00576,3,12120,0,7146,0.00000,0.00000,0.00000,0,0,nan,0,0,0,4303,187491,0,0,0.000,0.000,0.000,0,0.000,0.000,0.000,0,0,4,0,0
PPG,3,109058,4363871552,25,536,535,0.000,0.000,0.000,0,0,0,0,0.00,nan,4,3,1,nan,3,3,24,1,1,2,2,0,0,0,70292983,0.04199,0.00635,0.95068,0.95163,-0.00505,-0.00081,-0.00247,0.00568,0.95163,0.00861,0.00568,2,62202,0,7151,0.00000,0.00000,0.00000,0,0,nan,0,0,0,57774,187491,0,0,0.000,0.000,0.000,0,0.000,0.000,0.000,0,0,4,0,0
PPG,3,109059,4363911552,25,536,532,0.000,0.000,0.000,0,0,0,0,0.00,nan,4,3,1,nan,3,3,24,1,1,3,3,0,0,0,70292983,0.04199,0.00635,0.95068,0.95163,-0.00505,-0.00081,-0.00247,0.00568,0.00000,0.00000,0.00000,0,62202,0,7151,0.00000,0.00000,0.00000,0,0,nan,0,0,0,11673,187491,0,0,0.000,0.000,0.000,0,0.000,0.000,0.000,0,0,4,0,0
PPG,3,109060,4363951552,25,535,533,0.000,0.000,0.000,0,0,0,0,0.00,nan,4,3,1,nan,3,3,24,1,1,4,4,0,0,0,70338887,0.03589,0.00635,0.94971,0.95041,-0.00452,0.00025,-0.00141,0.00474,0.95452,0.00599,0.00709,3,12151,0,7152,0.00000,0.00000,0.00000,0,0,nan,0,0,0,4302,187491,0,0,0.000,0.000,0.000,0,0.000,0.000,0.000,0,0,4,0,0
PPG,3,109061,4363991552,24,536,517,0.000,0.000,0.000,0,0,0,0,0.00,nan,4,3,1,nan,3,3,24,1,1,5,5,0,0,0,70381550,0.03638,0.00366,0.95459,0.95529,-0.00612,-0.00081,-0.00300,0.00686,0.95529,0.00504,0.00686,3,12161,0,7152,0.00000,0.00000,0.00000,0,0,nan,0,0,0,2585,187491,0,0,0.000,0.000,0.000,0,0.000,0.000,0.000,0,0,4,0,0
PPG,3,109062,4364031552,23,528,515,0.000,0.000,0.000,0,0,0,0,0.00,nan,4,3,1,nan,3,3,24,1,1,6,6,0,0,0,70420114,0.04126,0.00537,0.95117,0.95208,-0.00532,-0.00108,-0.00221,0.00586,0.95579,0.00321,0.00728,3,12121,0,7152,0.00000,0.00000,0.00000,0,0,nan,0,0,0,2590,187491,0,0,0.000,0.000,0.000,0,0.000,0.000,0.000,0,0,4,0,0
PPG,3,109063,4364071552,25,542,529,0.000,0.000,0.000,0,0,0,0,0.00,nan,4,3,1,nan,3,3,24,1,1,7,7,0,0,0,70458672,0.04004,0.00513,0.95093,0.95178,-0.00558,0.00079,-0.00221,0.00606,0.95388,0.00550,0.00639,3,12120,0,7152,0.00000,0.00000,0.00000,0,0,nan,0,0,0,4300,187491,0,0,0.000,0.000,0.000,0,0.000,0.000,0.000,0,0,4,0,0
PPG,3,109064,4364111552,25,536,536,0.000,0.000,0.000,0,0,0,0,0.00,nan,4,3,1,nan,3,3,24,1,1,8,8,0,0,0,70497191,0.03662,0.01099,0.94922,0.94999,-0.00479,-0.00081,-0.00194,0.00523,0.95491,0.00526,0.00629,3,12115,0,7152,0.00000,0.00000,0.00000,0,0,nan,0,0,0,4294,187491,0,0,0.000,0.000,0.000,0,0.000,0.000,0.000,0,0,4,0,0
PPG,3,109065,4364151552,25,515,538,0.000,0.000,0.000,0,0,0,0,0.00,nan,4,3,1,nan,3,3,24,1,1,9,9,0,0,0,70535709,0.03320,0.00708,0.95215,0.95275,-0.00452,-0.00055,-0.00167,0.00485,0.95658,0.00705,0.00568,3,12126,0,7152,0.00000,0.00000,0.00000,0,0,nan,0,0,0,2596,187491,0,0,0.000,0.000,0.000,0,0.000,0.000,0.000,0,0,4,0,0
PPG,3,109066,4364191552,25,517,515,0.000,0.000,0.000,0,0,0,0,0.00,nan,4,3,1,nan,3,3,24,1,1,10,10,0,0,0,70576862,0.03931,0.00610,0.94995,0.95078,-0.00532,-0.00108,-0.00247,0.00596,0.95078,0.00895,0.00615,3,12120,0,7152,0.00000,0.00000,0.00000,0,0,nan,0,0,0,4300,187491,0,0,0.000,0.000,0.000,0,0.000,0.000,0.000,0,0,4,0,0
PPG,3,109067,4364231552,25,527,520,0.000,0.000,0.000,0,0,0,0,0.00,nan,4,3,1,nan,3,3,24,1,1,11,11,0,0,0,70615421,0.03931,0.00781,0.95190,0.95275,-0.00585,-0.00028,-0.00114,0.00597,0.95721,0.00513,0.00660,3,12132,0,7152,0.00000,0.00000,0.00000,0,0,nan,0,0,0,2601,187491,0,0,0.000,0.000,0.000,0,0.000,0.000,0.000,0,0,4,0,0
PPG,3,109068,4364271552,25,537,531,0.000,0.000,0.000,0,0,0,0,0.00,nan,4,3,1,nan,3,3,24,1,1,12,12,0,0,0,70656561,0.03735,0.00464,0.95044,0.95118,-0.00425,-0.00108,-0.00087,0.00447,0.95678,0.00891,0.00677,3,12130,0,7152,0.00000,0.00000,0.00000,0,0,nan,0,0,0,2600,187491,0,0,0.000,0.000,0.000,0,0.000,0.000,0.000,0,0,4,0,0
PPG,3,109069,4364311552,25,535,537,0.000,0.000,0.000,0,0,0,0,0.00,nan,4,3,1,nan,3,3,24,1,1,13,13,0,0,0,70697668,0.03687,0.00854,0.95532,0.95607,-0.00612,-0.00081,-0.00141,0.00633,0.95607,0.00448,0.00686,3,12114,0,7152,0.00000,0.00000,0.00000,0,0,nan,0,0,0,4299,187491,0,0,0.000,0.000,0.000,0,0.000,0.000,0.000,0,0,4,0,0
PPG,3,109070,4364351552,25,539,534,0.000,0.000,0.000,0,0,0,0,0.00,nan,4,3,1,nan,3,3,24,1,1,14,14,0,0,0,70736185,0.03906,0.00757,0.94873,0.94956,-0.00665,-0.00028,-0.00247,0.00710,0.95322,0.00681,0.00710,3,12120,0,7152,0.00000,0.00000,0.00000,0,0,nan,0,0,0,2618,187491,0,0,0.000,0.000,0.000,0,0.000,0.000,0.000,0,0,4,0,0
PPG,3,109071,4364391552,25,532,535,0.000,0.000,0.000,0,0,0,0,0.00,nan,4,3,1,nan,3,3,24,1,1,15,15,0,0,0,70777309,0.04004,0.00488,0.94531,0.94617,-0.00532,-0.00081,-0.00167,0.00563,0.95196,0.00761,0.00695,3,12118,0,7152,0.00000,0.00000,0.00000,0,0,nan,0,0,0,4295,187491,0,0,0.000,0.000,0.000,0,0.000,0.000,0.000,0,0,4,0,0
PPG,3,109072,4364431552,25,521,528,0.000,0.000,0.000,0,0,0,0,0.00,nan,4,3,1,nan,3,3,24,1,1,16,16,0,0,0,70815841,0.03711,0.00635,0.95337,0.95411,-0.00692,0.00052,-0.00274,0.00746,0.95411,0.00614,0.00746,3,12131,0,7152,0.00000,0.00000,0.00000,0,0,nan,0,0,0,2598,187491,0,0,0.000,0.000,0.000,0,0.000,0.000,0.000,0,0,4,0,0
PPG,3,109073,4364471552,25,520,515,0.000,0.000,0.000,0,0,0,0,0.00,nan,4,3,1,nan,3,3,24,1,1,17,17,0,0,0,70857183,0.04199,0.00586,0.95654,0.95748,-0.00638,-0.00055,-0.00194,0.00669,0.95748,0.00784,0.00695,3,12290,0,7152,0.00000,0.00000,0.00000,0,0,nan,0,0,0,4294,187491,0,0,0.000,0.000,0.000,0,0.000,0.000,0.000,0,0,4,0,0
PPG,3,109074,4364511552,25,537,536,0.000,0.000,0.000,0,0,0,0,0.00,nan,4,3,1,nan,3,3,24,1,1,18,18,0,0,0,70895866,0.03613,0.00366,0.95557,0.95626,-0.00505,-0.00001,-0.00247,0.00562,0.95626,0.00644,0.00661,3,12108,0,7152,0.00000,0.00000,0.00000,0,0,nan,0,0,0,2605,187491,0,0,0.000,0.000,0.000,0,0.000,0.000,0.000,0,0,4,0,0
PPG,3,109075,4364551552,25,544,535,0.000,0.000,0.000,0,0,0,0,0.00,nan,4,3,1,nan,3,3,24,1,1,19,19,0,0,0,70937043,0.04053,0.00708,0.95483,0.95572,-0.00505,-0.00055,-0.00167,0.00535,0.95712,0.00385,0.00558,3,12108,0,7152,0.00000,0.00000,0.00000,0,0,nan,0,0,0,4301,187491,0,0,0.000,0.000,0.000,0,0.000,0.000,0.000,0,0,4,0,0
PPG,3,109076,4364591552,25,545,530,0.000,0.000,0.000,0,0,0,0,0.00,nan,4,3,1,nan,3,3,24,1,1,20,20,0,0,0,70975681,0.04224,0.00488,0.95264,0.95359,-0.00612,-0.00108,-0.00114,0.00632,0.95608,0.00334,0.00642,3,12115,0,7152,0.00000,0.00000,0.00000,0,0,nan,0,0,0,2658,187491,0,0,0.000,0.000,0.000,0,0.000,0.000,0.000,0,0,4,0,0
PPG,3,109077,4364631552,25,529,536,0.000,0.000,0.000,0,0,0,0,0.00,nan,4,3,1,nan,3,3,24,1,1,21,21,0,0,0,71017106,0.03613,0.00415,0.94849,0.94918,-0.00532,-0.00055,-0.00114,0.00547,0.95233,0.00314,0.00615,3,12299,0,7152,0.00000,0.00000,0.00000,0,0,nan,0,0,0,4305,187491,0,0,0.000,0.000,0.000,0,0.000,0.000,0.000,0,0,4,0,0
PPG,3,109078,4364671552,26,540,526,0.000,0.000,0.000,0,0,0,0,0.00,nan,4,3,1,nan,3,3,24,1,1,22,22,0,0,0,71055905,0.03540,0.00830,0.95142,0.95211,-0.00612,-0.00055,-0.00194,0.00644,0.95943,0.00732,0.00644,3,12410,0,7152,0.00000,0.00000,0.00000,0,0,nan,0,0,0,2632,187491,0,0,0.000,0.000,0.000,0,0.000,0.000,0.000,0,0,4,0,0
PPG,3,109079,4364711552,26,533,544,0.000,0.000,0.000,0,0,0,0,0.00,nan,4,3,1,nan,3,3,24,1,1,23,23,0,0,0,71097382,0.04028,0.00732,0.95215,0.95303,-0.00505,-0.00055,-0.00194,0.00544,0.95384,0.00307,0.00667,3,12255,0,7152,0.00000,0.00000,0.00000,0,0,nan,0,0,0,4345,187491,0,0,0.000,0.000,0.000,0,0.000,0.000,0.000,0,0,4,0,0
PPG,3,109080,4364751552,28,535,534,0.000,0.000,0.000,0,0,0,0,0.00,nan,4,3,1,nan,3,3,24,1,1,24,24,0,0,0,71136325,0.04102,0.00879,0.95923,0.96015,-0.00638,-0.00001,-0.00194,0.00667,0.96015,0.01324,0.00667,3,12250,0,7152,0.00000,0.00000,0.00000,0,0,nan,0,0,0,2610,187491,0,0,0.000,0.000,0.000,0,0.000,0.000,0.000,0,0,4,0,0
PPG,3,109081,4364791552,29,528,529,0.000,0.000,0.000,0,0,0,0,0.00,nan,4,3,1,nan,3,3,24,1,1,25,25,0,0,0,71177783,0.03882,0.00928,0.95264,0.95347,-0.00612,-0.00161,-0.00194,0.00662,0.95347,0.01032,0.00662,3,12243,0,7152,0.00000,0.00000,0.00000,0,0,nan,0,0,0,4341,187491,0,0,0.000,0.000,0.000,0,0.000,0.000,0.000,0,0,4,0,0
PPG,3,109082,4364831552,25,532,530,0.000,0.000,0.000,0,0,0,0,0.00,nan,4,3,1,nan,3,3,24,1,1,26,26,0,0,0,71216675,0.03857,0.01074,0.95215,0.95299,-0.00665,-0.00081,-0.00300,0.00734,0.95299,0.00227,0.00734,3,12243,0,7152,0.00000,0.00000,0.00000,0,0,nan,0,0,0,2614,187491,0,0,0.000,0.000,0.000,0,0.000,0.000,0.000,0,0,4,0,0
PPG,3,109083,4364871552,25,544,527,0.000,0.000,0.000,0,0,0,0,0.00,nan,4,3,1,nan,3,3,24,1,1,27,27,0,0,0,71258181,0.03711,0.00610,0.95532,0.95606,-0.00505,-0.00028,-0.00274,0.00575,0.95642,0.00343,0.00617,3,12284,0,7152,0.00000,0.00000,0.00000,0,0,nan,0,0,0,4358,187491,0,0,0.000,0.000,0.000,0,0.000,0.000,0.000,0,0,4,0,0
PPG,3,109084,4364911552,25,528,531,0.000,0.000,0.000,0,0,0,0,0.00,nan,4,3,1,nan,3,3,24,1,1,28,28,0,0,0,71297079,0.03784,0.00415,0.95386,0.95462,-0.00532,-0.00108,-0.00194,0.00576,0.95462,0.00728,0.00633,3,12262,0,7152,0.00000,0.00000,0.00000,0,0,nan,0,0,0,4327,187491,0,0,0.000,0.000,0.000,0,0.000,0.000,0.000,0,0,4,0,0
PPG,3,109085,4364951552,25,537,527,0.000,0.000,0.000,0,0,0,0,0.00,nan,4,3,1,nan,3,3,24,1,1,29,29,0,0,0,71335885,0.03833,0.00732,0.95068,0.95148,-0.00558,-0.00055,-0.00114,0.00573,0.95410,0.00651,0.00573,3,12265,0,7152,0.00000,0.00000,0.00000,0,0,nan,0,0,0,2644,187491,0,0,0.000,0.000,0.000,0,0.000,0.000,0.000,0,0,4,0,0
PPG,3,109086,4364991552,25,536,533,0.000,0.000,0.000,0,0,0,0,0.00,nan,4,3,1,nan,3,3,24,1,1,30,30,0,0,0,71372244,0.03711,0.00366,0.95288,0.95361,-0.00558,-0.00055,-0.00194,0.00594,0.95395,0.00246,0.00594,2,19377,0,7152,0.00000,0.00000,0.00000,0,0,nan,0,0,0,2623,187491,0,0,0.000,0.000,0.000,0,0.000,0.000,0.000,0,0,4,0,0
PPG,3,109087,4365031552,25,524,521,0.000,0.000,0.000,0,0,0,0,0.00,nan,4,3,1,nan,3,3,24,1,1,31,31,0,0,0,71416427,0.03979,0.00391,0.94751,0.94835,-0.00638,-0.00055,-0.00141,0.00656,0.95094,0.00267,0.00656,3,12240,0,7152,0.00000,0.00000,0.00000,0,0,nan,0,0,0,2636,187491,0,0,0.000,0.000,0.000,0,0.000,0.000,0.000,0,0,4,0,0
PPG,3,109088,4365071552,26,526,535,0.000,0.000,0.000,0,0,0,0,0.00,nan,4,3,1,nan,3,3,24,1,1,0,0,0,0,0,71457880,0.03735,0.00781,0.94873,0.94950,-0.00558,-0.00028,-0.00247,0.00611,0.95792,0.00957,0.00681,3,12235,0,7152,0.00000,0.00000,0.00000,0,0,nan,0,0,0,4337,187491,0,0,0.000,0.000,0.000,0,0.000,0.000,0.000,0,0,4,0,0
PPG,3,109089,4365111552,25,534,529,0.000,0.000,0.000,0,0,0,0,0.00,nan,4,3,1,nan,3,3,24,1,1,1,1,0,0,0,71496743,0.03638,0.00391,0.95435,0.95505,-0.00585,-0.00135,-0.00221,0.00640,0.95545,0.00586,0.00640,3,12239,0,7152,0.00000,0.00000,0.00000,0,0,nan,0,0,0,4337,187491,0,0,0.000,0.000,0.000,0,0.000,0.000,0.000,0,0,4,0,0
PPG,3,109090,4365151552,25,540,537,0.000,0.000,0.000,0,0,0,0,0.00,nan,4,3,1,nan,3,3,24,1,1,2,2,0,0,0,71535518,0.03442,0.00659,0.95483,0.95548,-0.00638,-0.00001,-0.00221,0.00675,0.95548,0.00286,0.00748,3,12225,0,7152,0.00000,0.00000,0.00000,0,0,nan,0,0,0,2624,187491,0,0,0.000,0.000,0.000,0,0.000,0.000,0.000,0,0,4,0,0
PPG,3,109091,4365191552,26,532,524,0.000,0.000,0.000,0,0,0,0,0.00,nan,4,3,1,nan,3,3,24,1,1,3,3,0,0,0,71577024,0.03955,0.00391,0.95435,0.95517,-0.00585,0.00052,-0.00221,0.00627,0.95517,0.00205,0.00627,3,12259,0,7152,0.00000,0.00000,0.00000,0,0,nan,0,0,0,4342,187491,0,0,0.000,0.000,0.000,0,0.000,0.000,0.000,0,0,4,0,0
PPG,3,109092,4365231552,26,526,533,0.000,0.000,0.000,0,0,0,0,0.00,nan,4,3,1,nan,3,3,24,1,1,4,4,0,0,0,71615869,0.03735,0.00586,0.94971,0.95046,-0.00505,-0.00081,-0.00247,0.00568,0.95094,0.00435,0.00568,3,12235,0,7152,0.00000,0.00000,0.00000,0,0,nan,0,0,0,2637,187491,0,0,0.000,0.000,0.000,0,0.000,0.000,0.000,0,0,4,0,0
PPG,3,109093,4365271552,25,532,521,0.000,0.000,0.000,0,0,0,0,0.00,nan,4,3,1,nan,3,3,24,1,1,5,5,0,0,0,71657358,0.03589,0.00610,0.94922,0.94992,-0.00692,-0.00028,-0.00141,0.00706,0.94992,0.00094,0.00706,3,12246,0,7152,0.00000,0.00000,0.00000,0,0,nan,0,0,0,4338,187491,0,0,0.000,0.000,0.000,0,0.000,0.000,0.000,0,0,4,0,0
PPG,3,109094,4365311552,25,531,535,0.000,0.000,0.000,0,0,0,0,0.00,nan,4,3,1,nan,3,3,24,1,1,6,6,0,0,0,71696039,0.03882,0.00635,0.94458,0.94540,-0.00612,-0.00081,-0.00167,0.00639,0.95175,0.00635,0.00639,3,12193,0,7152,0.00000,0.00000,0.00000,0,0,nan,0,0,0,2637,187491,0,0,0.000,0.000,0.000,0,0.000,0.000,0.000,0,0,4,0,0
PPG,3,109095,4365351552,25,525,530,0.000,0.000,0.000,0,0,0,0,0.00,nan,4,3,1,nan,3,3,24,1,1,7,7,0,0,0,71737278,0.03638,0.00586,0.94531,0.94603,-0.00612,-0.00081,-0.00247,0.00665,0.95708,0.01105,0.00667,3,12155,0,7152,0.00000,0.00000,0.00000,0,0,nan,0,0,0,4298,187491,0,0,0.000,0.000,0.000,0,0.000,0.000,0.000,0,0,4,0,0
PPG,3,109096,4365391552,26,534,540,0.000,0.000,0.000,0,0,0,0,0.00,nan,4,3,1,nan,3,3,24,1,1,8,8,0,0,0,71775843,0.03882,0.00732,0.95410,0.95492,-0.00532,-0.00055,-0.00167,0.00560,0.95492,0.00566,0.00639,3,12161,0,7152,0.00000,0.00000,0.00000,0,0,nan,0,0,0,2642,187491,0,0,0.000,0.000,0.000,0,0.000,0.000,0.000,0,0,4,0,0
PPG,3,109097,4365431552,25,539,546,0.000,0.000,0.000,0,0,0,0,0.00,nan,4,3,1,nan,3,3,24,1,1,9,9,0,0,0,71817042,0.04175,0.01074,0.94995,0.95093,-0.00612,-0.00135,-0.00141,0.00642,0.95804,0.00748,0.00649,3,12148,0,7152,0.00000,0.00000,0.00000,0,0,nan,0,0,0,4302,187491,0,0,0.000,0.000,0.000,0,0.000,0.000,0.000,0,0,4,0,0
PPG,3,109098,4365471552,25,523,513,0.000,0.000,0.000,0,0,0,0,0.00,nan,4,3,1,nan,3,3,24,1,1,10,10,0,0,0,71855554,0.03540,0.00415,0.95264,0.95330,-0.00532,-0.00001,-0.00114,0.00544,0.95330,0.00189,0.00637,3,12127,0,7152,0.00000,0.00000,0.00000,0,0,nan,0,0,0,2604,187491,0,0,0.000,0.000,0.000,0,0.000,0.000,0.000,0,0,4,0,0
PPG,3,109099,4365511552,25,536,523,0.000,0.000,0.000,0,0,0,0,0.00,nan,4,3,1,nan,3,3,24,1,1,11,11,0,0,0,71896680,0.03516,0.00781,0.95483,0.95551,-0.00479,-0.00028,-0.00194,0.00517,0.95551,0.00267,0.00672,3,12115,0,7152,0.00000,0.00000,0.00000,0,0,nan,0,0,0,2608,187491,0,0,0.000,0.000,0.000,0,0.000,0.000,0.000,0,0,4,0,0
PPG,3,109100,4365551552,26,536,523,0.000,0.000,0.000,0,0,0,0,0.00,nan,4,3,1,nan,3,3,24,1,1,12,12,0,0,0,71937808,0.03687,0.00562,0.95068,0.95141,-0.00585,-0.00001,-0.00167,0.00609,0.95279,0.00273,0.00623,3,12128,0,7152,0.00000,0.00000,0.00000,0,0,nan,0,0,0,4299,187491,0,0,0.000,0.000,0.000,0,0.000,0.000,0.000,0,0,4,0,0
PPG,3,109101,4365591552,25,547,531,0.000,0.000,0.000,0,0,0,0,0.00,nan,4,3,1,nan,3,3,24,1,1,13,13,0,0,0,71976355,0.03955,0.00562,0.95239,0.95323,-0.00558,0.00025,-0.00167,0.00583,0.95802,0.00668,0.00614,3,12153,0,7152,0.00000,0.00000,0.00000,0,0,nan,0,0,0,2607,187491,0,0,0.000,0.000,0.000,0,0.000,0.000,0.000,0,0,4,0,0
PPG,3,109102,4365631552,25,536,543,0.000,0.000,0.000,0,0,0,0,0.00,nan,4,3,1,nan,3,3,24,1,1,14,14,0,0,0,72017481,0.03760,0.00220,0.95508,0.95582,-0.00505,-0.00055,-0.00141,0.00527,0.95750,0.00936,0.00597,3,12129,0,7152,0.00000,0.00000,0.00000,0,0,nan,0,0,0,4316,187491,0,0,0.000,0.000,0.000,0,0.000,0.000,0.000,0,0,4,0,0
PPG,3,109103,4365671552,25,526,529,0.000,0.000,0.000,0,0,0,0,0.00,nan,4,3,1,nan,3,3,24,1,1,15,15,0,0,0,72056046,0.03638,0.00562,0.95630,0.95701,-0.00585,-0.00055,-0.00247,0.00638,0.95701,0.00577,0.00660,3,12111,0,7152,0.00000,0.00000,0.00000,0,0,nan,0,0,0,2605,187491,0,0,0.000,0.000,0.000,0,0.000,0.000,0.000,0,0,4,0,0
PPG,3,109104,4365711552,25,522,514,0.000,0.000,0.000,0,0,0,0,0.00,nan,4,3,1,nan,3,3,24,1,1,16,16,0,0,0,72097190,0.03833,0.00586,0.95752,0.95830,-0.00665,-0.00055,-0.00141,0.00682,0.95830,0.00698,0.00682,3,12109,0,7152,0.00000,0.00000,0.00000,0,0,nan,0,0,0,4294,187491,0,0,0.000,0.000,0.000,0,0.000,0.000,0.000,0,0,4,0,0
PPG,3,109105,4365751552,25,526,527,0.000,0.000,0.000,0,0,0,0,0.00,nan,4,3,1,nan,3,3,24,1,1,17,17,0,0,0,72135703,0.03613,0.00244,0.95313,0.95381,-0.00558,-0.00081,-0.00167,0.00589,0.95381,0.01044,0.00655,3,12117,0,7152,0.00000,0.00000,0.00000,0,0,nan,0,0,0,2597,187491,0,0,0.000,0.000,0.000,0,0.000,0.000,0.000,0,0,4,0,0
PPG,3,109106,4365791552,25,529,534,0.000,0.000,0.000,0,0,0,0,0.00,nan,4,3,1,nan,3,3,24,1,1,18,18,0,0,0,72176836,0.04175,0.00513,0.95190,0.95283,-0.00585,-0.00028,-0.00247,0.00636,0.95283,0.00268,0.00636,3,12140,0,7152,0.00000,0.00000,0.00000,0,0,nan,0,0,0,2638,187491,0,0,0.000,0.000,0.000,0,0.000,0.000,0.000,0,0,4,0,0
PPG,3,109107,4365831552,25,542,535,0.000,0.000,0.000,0,0,0,0,0.00,nan,4,3,1,nan,3,3,24,1,1,19,19,0,0,0,72218001,0.04126,0.00708,0.94629,0.94721,-0.00558,-0.00001,-0.00167,0.00583,0.95462,0.00599,0.00630,3,12124,0,7152,0.00000,0.00000,0.00000,0,0,nan,0,0,0,4317,187491,0,0,0.000,0.000,0.000,0,0.000,0.000,0.000,0,0,4,0,0
PPG,3,109108,4365871552,25,537,541,0.000,0.000,0.000,0,0,0,0,0.00,nan,4,3,1,nan,3,3,24,1,1,20,20,0,0,0,72256538,0.04004,0.00830,0.95117,0.95205,-0.00638,-0.00028,-0.00141,0.00654,0.95205,0.00600,0.00654,3,12117,0,7152,0.00000,0.00000,0.00000,0,0,nan,0,0,0,2609,187491,0,0,0.000,0.000,0.000,0,0.000,0.000,0.000,0,0,4,0,0
PPG,3,109109,4365911552,25,521,520,0.000,0.000,0.000,0,0,0,0,0.00,nan,4,3,1,nan,3,3,24,1,1,21,21,0,0,0,72297696,0.03760,0.01196,0.94849,0.94931,-0.00585,0.00052,-0.00141,0.00604,0.95444,0.00514,0.00604,3,12109,0,7152,0.00000,0.00000,0.00000,0,0,nan,0,0,0,4298,187491,0,0,0.000,0.000,0.000,0,0.000,0.000,0.000,0,0,4,0,0
PPG,3,109110,4365951552,25,530,523,0.000,0.000,0.000,0,0,0,0,0.00,nan,4,3,1,nan,3,3,24,1,1,22,22,0,0,0,72336213,0.03857,0.00830,0.94727,0.94809,-0.00612,-0.00028,-0.00247,0.00660,0.95307,0.00376,0.00660,3,12119,0,7152,0.00000,0.00000,0.00000,0,0,nan,0,0,0,2599,187491,0,0,0.000,0.000,0.000,0,0.000,0.000,0.000,0,0,4,0,0
PPG,3,109111,4365991552,25,533,530,0.000,0.000,0.000,0,0,0,0,0.00,nan,4,3,1,nan,3,3,24,1,1,23,23,0,0,0,72371902,0.03687,0.00830,0.95166,0.95241,-0.00585,-0.00055,-0.00141,0.00604,0.95241,0.00361,0.00609,2,18865,0,7152,0.00000,0.00000,0.00000,0,0,nan,0,0,0,2625,187491,0,0,0.000,0.000,0.000,0,0.000,0.000,0.000,0,0,4,0,0
PPG,3,109112,4366031552,26,525,536,0.000,0.000,0.000,0,0,0,0,0.00,nan,4,3,1,nan,3,3,24,1,1,24,24,0,0,0,72415736,0.03711,0.00366,0.95679,0.95751,-0.00505,-0.00135,-0.00221,0.00567,0.95751,0.00960,0.00600,3,12111,0,7152,0.00000,0.00000,0.00000,0,0,nan,0,0,0,2600,187491,0,0,0.000,0.000,0.000,0,0.000,0.000,0.000,0,0,4,0,0
PPG,3,109113,4366071552,25,531,526,0.000,0.000,0.000,0,0,0,0,0.00,nan,4,3,1,nan,3,3,24,1,1,25,25,0,0,0,72456829,0.03540,0.00562,0.95483,0.95551,-0.00638,-0.00081,-0.00141,0.00659,0.95551,0.00836,0.00659,3,12112,0,7152,0.00000,0.00000,0.00000,0,0,nan,0,0,0,2604,187491,0,0,0.000,0.000,0.000,0,0.000,0.000,0.000,0,0,4,0,0
PPG,3,109114,4366111552,26,535,524,0.000,0.000,0.000,0,0,0,0,0.00,nan,4,3,1,nan,3,3,24,1,1,26,26,0,0,0,72497996,0.03809,0.00854,0.94629,0.94709,-0.00638,0.00052,-0.00087,0.00646,0.94990,0.00560,0.00688,3,12136,0,7152,0.00000,0.00000,0.00000,0,0,nan,0,0,0,4320,187491,0,0,0.000,0.000,0.000,0,0.000,0.000,0.000,0,0,4,0,0
PPG,3,109115,4366151552,25,534,540,0.000,0.000,0.000,0,0,0,0,0.00,nan,4,3,1,nan,3,3,24,1,1,27,27,0,0,0,72536542,0.03979,0.00708,0.94800,0.94886,-0.00585,-0.00108,-0.00114,0.00606,0.95767,0.00882,0.00675,3,12120,0,7152,0.00000,0.00000,0.00000,0,0,nan,0,0,0,2604,187491,0,0,0.000,0.000,0.000,0,0.000,0.000,0.000,0,0,4,0,0
PPG,3,109116,4366191552,35,523,522,0.000,0.000,0.000,0,0,0,0,0.00,nan,4,3,1,nan,3,3,24,1,1,28,28,0,0,0,72577671,0.03857,0.00562,0.95923,0.96002,-0.00558,-0.00081,-0.00141,0.00582,0.96002,0.00838,0.00597,3,12120,0,7152,0.00000,0.00000,0.00000,0,0,nan,0,0,0,4299,187491,0,0,0.000,0.000,0.000,0,0.000,0.000,0.000,0,0,4,0,0
PPG,3,109117,4366231552,26,526,510,0.000,0.000,0.000,0,0,0,0,0.00,nan,4,3,1,nan,3,3,24,1,1,29,29,0,0,0,72616298,0.02979,0.00317,0.95020,0.95067,-0.00558,-0.00081,-0.00141,0.00582,0.95282,0.00720,0.00611,3,12127,0,7152,0.00000,0.00000,0.00000,0,0,nan,0,0,0,2609,187491,0,0,0.000,0.000,0.000,0,0.000,0.000,0.000,0,0,4,0,0
PPG,3,109118,4366271552,25,537,531,0.000,0.000,0.000,0,0,0,0,0.00,nan,4,3,1,nan,3,3,24,1,1,30,30,0,0,0,72657444,0.03833,0.01147,0.94946,0.95031,-0.00585,0.00079,-0.00167,0.00614,0.95340,0.00273,0.00614,3,12135,0,7152,0.00000,0.00000,0.00000,0,0,nan,0,0,0,4302,187491,0,0,0.000,0.000,0.000,0,0.000,0.000,0.000,0,0,4,0,0
PPG,3,109119,4366311552,25,538,534,0.000,0.000,0.000,0,0,0,0,0.00,nan,4,3,1,nan,3,3,24,1,1,31,31,0,0,0,72696060,0.04126,0.00537,0.95068,0.95159,-0.00585,-0.00081,-0.00247,0.00640,0.95159,0.00194,0.00640,3,12173,0,7152,0.00000,0.00000,0.00000,0,0,nan,0,0,0,2605,187491,0,0,0.000,0.000,0.000,0,0.000,0.000,0.000,0,0,4,0,0
PPG,3,109120,4366351552,25,524,532,0.000,0.000,0.000,0,0,0,0,0.00,nan,4,3,1,nan,3,3,24,1,1,0,0,0,0,0,72737179,0.03540,0.00732,0.95361,0.95430,-0.00558,-0.00001,-0.00167,0.00583,0.96118,0.00688,0.00647,3,12115,0,7152,0.00000,0.00000,0.00000,0,0,nan,0,0,0,4295,187491,0,0,0.000,0.000,0.000,0,0.000,0.000,0.000,0,0,4,0,0
PPG,3,109121,4366391552,25,532,515,0.000,0.000,0.000,0,0,0,0,0.00,nan,4,3,1,nan,3,3,24,1,1,1,1,0,0,0,72775682,0.04004,0.00391,0.95215,0.95300,-0.00638,-0.00055,-0.00087,0.00647,0.95470,0.00376,0.00653,3,12119,0,7152,0.00000,0.00000,0.00000,0,0,nan,0,0,0,2605,187491,0,0,0.000,0.000,0.000,0,0.000,0.000,0.000,0,0,4,0,0
PPG,3,109122,4366431552,25,530,524,0.000,0.000,0.000,0,0,0,0,0.00,nan,4,3,1,nan,3,3,24,1,1,2,2,0,0,0,72817169,0.03979,0.00635,0.95142,0.95227,-0.00505,0.00025,-0.00114,0.00518,0.95227,0.00582,0.00566,3,12272,0,7152,0.00000,0.00000,0.00000,0,0,nan,0,0,0,4298,187491,0,0,0.000,0.000,0.000,0,0.000,0.000,0.000,0,0,4,0,0
PPG,3,109123,4366471552,25,536,530,0.000,0.000,0.000,0,0,0,0,0.00,nan,4,3,1,nan,3,3,24,1,1,3,3,0,0,0,72855712,0.03931,0.00220,0.95142,0.95223,-0.00479,-0.00028,-0.00194,0.00517,0.95271,0.00322,0.00668,3,12162,0,7152,0.00000,0.00000,0.00000,0,0,nan,0,0,0,2595,187491,0,0,0.000,0.000,0.000,0,0.000,0.000,0.000,0,0,4,0,0
PPG,3,109124,4366511552,25,525,531,0.000,0.000,0.000,0,0,0,0,0.00,nan,4,3,1,nan,3,3,24,1,1,4,4,0,0,0,72896830,0.03467,0.00757,0.94849,0.94915,-0.00532,0.00025,-0.00247,0.00587,0.95477,0.00562,0.00651,3,12142,0,7152,0.00000,0.00000,0.00000,0,0,nan,0,0,0,2605,187491,0,0,0.000,0.000,0.000,0,0.000,0.000,0.000,0,0,4,0,0
PPG,3,109125,4366551552,39,537,539,0.000,0.000,0.000,0,0,0,0,0.00,nan,4,3,1,nan,3,3,24,1,1,5,5,0,0,0,72938117,0.04102,0.00464,0.95264,0.95353,-0.00638,-0.00028,-0.00300,0.00706,0.95353,0.00178,0.00783,3,12118,0,7152,0.00000,0.00000,0.00000,0,0,nan,0,0,0,4297,187491,0,0,0.000,0.000,0.000,0,0.000,0.000,0.000,0,0,4,0,0
PPG,3,109126,4366591552,27,528,540,0.000,0.000,0.000,0,0,0,0,0.00,nan,4,3,1,nan,3,3,24,1,1,6,6,0,0,0,72976756,0.03809,0.00488,0.95068,0.95146,-0.00638,-0.00081,-0.00167,0.00665,0.95843,0.01170,0.00665,3,12126,0,7152,0.00000,0.00000,0.00000,0,0,nan,0,0,0,2642,187491,0,0,0.000,0.000,0.000,0,0.000,0.000,0.000,0,0,4,0,0
PPG,3,109127,4366631552,26,532,527,0.000,0.000,0.000,0,0,0,0,0.00,nan,4,3,1,nan,3,3,24,1,1,7,7,0,0,0,73018406,0.03662,0.00439,0.95679,0.95750,-0.00585,-0.00135,-0.00167,0.00623,0.95750,0.00618,0.00623,3,12248,0,7152,0.00000,0.00000,0.00000,0,0,nan,0,0,0,4335,187491,0,0,0.000,0.000,0.000,0,0.000,0.000,0.000,0,0,4,0,0
PPG,3,109128,4366671552,26,530,523,0.000,0.000,0.000,0,0,0,0,0.00,nan,4,3,1,nan,3,3,24,1,1,8,8,0,0,0,73057372,0.04150,0.00854,0.94775,0.94870,-0.00585,-0.00055,-0.00247,0.00638,0.95103,0.01072,0.00695,3,12280,0,7152,0.00000,0.00000,0.00000,0,0,nan,0,0,0,4347,187491,0,0,0.000,0.000,0.000,0,0.000,0.000,0.000,0,0,4,0,0
PPG,3,109129,4366711552,27,535,528,0.000,0.000,0.000,0,0,0,0,0.00,nan,4,3,1,nan,3,3,24,1,1,9,9,0,0,0,73096241,0.04028,0.00635,0.94897,0.94985,-0.00612,0.00052,-0.00354,0.00709,0.94985,0.00178,0.00709,3,12242,0,7152,0.00000,0.00000,0.00000,0,0,nan,0,0,0,2656,187491,0,0,0.000,0.000,0.000,0,0.000,0.000,0.000,0,0,4,0,0
PPG,3,109130,4366751552,25,537,529,0.000,0.000,0.000,0,0,0,0,0.00,nan,4,3,1,nan,3,3,24,1,1,10,10,0,0,0,73137809,0.04150,0.00806,0.95459,0.95553,-0.00558,-0.00001,-0.00221,0.00600,0.95747,0.00762,0.00600,3,12277,0,7152,0.00000,0.00000,0.00000,0,0,nan,0,0,0,4331,187491,0,0,0.000,0.000,0.000,0,0.000,0.000,0.000,0,0,4,0,0
PPG,3,109131,4366791552,25,533,535,0.000,0.000,0.000,0,0,0,0,0.00,nan,4,3,1,nan,3,3,24,1,1,11,11,0,0,0,73176658,0.03882,0.00562,0.95239,0.95320,-0.00479,-0.00028,-0.00167,0.00508,0.95597,0.00781,0.00708,3,12241,0,7152,0.00000,0.00000,0.00000,0,0,nan,0,0,0,2626,187491,0,0,0.000,0.000,0.000,0,0.000,0.000,0.000,0,0,4,0,0
PPG,3,109132,4366831552,26,528,526,0.000,0.000,0.000,0,0,0,0,0.00,nan,4,3,1,nan,3,3,24,1,1,12,12,0,0,0,73218221,0.03735,0.00342,0.95264,0.95337,-0.00558,0.00212,-0.00221,0.00637,0.95685,0.00609,0.00637,3,12269,0,7152,0.00000,0.00000,0.00000,0,0,nan,0,0,0,4340,187491,0,0,0.000,0.000,0.000,0,0.000,0.000,0.000,0,0,4,0,0
PPG,3,109133,4366871552,26,533,528,0.000,0.000,0.000,0,0,0,0,0.00,nan,4,3,1,nan,3,3,24,1,1,13,13,0,0,0,73257000,0.03882,0.00610,0.95508,0.95589,-0.00612,0.00372,-0.00194,0.00742,0.95589,0.00228,0.00742,3,12217,0,7152,0.00000,0.00000,0.00000,0,0,nan,0,0,0,2640,187491,0,0,0.000,0.000,0.000,0,0.000,0.000,0.000,0,0,4,0,0
PPG,3,109134,4366911552,25,536,531,0.000,0.000,0.000,0,0,0,0,0.00,nan,4,3,1,nan,3,3,24,1,1,14,14,0,0,0,73298539,0.03809,0.00513,0.94971,0.95048,-0.00585,0.00238,-0.00141,0.00647,0.95048,0.00731,0.00702,3,12253,0,7152,0.00000,0.00000,0.00000,0,0,nan,0,0,0,4366,187491,0,0,0.000,0.000,0.000,0,0.000,0.000,0.000,0,0,4,0,0
PPG,3,109135,4366951552,25,530,526,0.000,0.000,0.000,0,0,0,0,0.00,nan,4,3,1,nan,3,3,24,1,1,15,15,0,0,0,73337373,0.04126,0.00635,0.94556,0.94648,-0.00612,-0.00081,-0.00167,0.00639,0.95144,0.00496,0.00639,3,12196,0,7152,0.00000,0.00000,0.00000,0,0,nan,0,0,0,4323,187491,0,0,0.000,0.000,0.000,0,0.000,0.000,0.000,0,0,4,0,0
PPG,3,109136,4366991552,25,526,526,0.000,0.000,0.000,0,0,0,0,0.00,nan,4,3,1,nan,3,3,24,1,1,16,16,0,0,0,73373372,0.03760,0.00488,0.94824,0.94900,-0.00665,-0.00081,-0.00194,0.00697,0.94900,0.00970,0.00697,2,21652,0,7153,0.00000,0.00000,0.00000,0,0,nan,0,0,0,2614,187491,0,0,0.000,0.000,0.000,0,0.000,0.000,0.000,0,0,4,0,0
PPG,3,109137,4367031552,25,528,537,0.000,0.000,0.000,0,0,0,0,0.00,nan,4,3,1,nan,3,3,24,1,1,17,17,0,0,0,73417596,0.03931,0.00586,0.95215,0.95298,-0.00505,-0.00028,-0.00167,0.00533,0.96499,0.01599,0.00631,3,12258,0,7153,0.00000,0.00000,0.00000,0,0,nan,0,0,0,4340,187491,0,0,0.000,0.000,0.000,0,0.000,0.000,0.000,0,0,4,0,0
PPG,3,109138,4367071552,26,541,526,0.000,0.000,0.000,0,0,0,0,0.00,nan,4,3,1,nan,3,3,24,1,1,18,18,0,0,0,73456435,0.03491,0.00732,0.94849,0.94916,-0.00558,-0.00055,-0.00167,0.00586,0.95012,0.00610,0.00714,3,12241,0,7153,0.00000,0.00000,0.00000,0,0,nan,0,0,0,2620,187491,0,0,0.000,0.000,0.000,0,0.000,0.000,0.000,0,0,4,0,0
PPG,3,109139,4367111552,25,535,519,0.000,0.000,0.000,0,0,0,0,0.00,nan,4,3,1,nan,3,3,24,1,1,19,19,0,0,0,73497847,0.04028,0.00439,0.94336,0.94423,-0.00612,-0.00108,-0.00167,0.00643,0.95400,0.00977,0.00724,3,12236,0,7153,0.00000,0.00000,0.00000,0,0,nan,0,0,0,4325,187491,0,0,0.000,0.000,0.000,0,0.000,0.000,0.000,0,0,4,0,0
PPG,3,109140,4367151552,26,531,524,0.000,0.000,0.000,0,0,0,0,0.00,nan,4,3,1,nan,3,3,24,1,1,20,20,0,0,0,73536663,0.03760,0.00757,0.95190,0.95268,-0.00585,-0.00028,-0.00167,0.00609,0.95905,0.01482,0.00657,3,12225,0,7153,0.00000,0.00000,0.00000,0,0,nan,0,0,0,2630,187491,0,0,0.000,0.000,0.000,0,0.000,0.000,0.000,0,0,4,0,0
PPG,3,109141,4367191552,25,523,535,0.000,0.000,0.000,0,0,0,0,0.00,nan,4,3,1,nan,3,3,24,1,1,21,21,0,0,0,73578131,0.03662,0.00269,0.95190,0.95261,-0.00505,-0.00108,-0.00194,0.00552,0.95261,0.00676,0.00659,3,12213,0,7153,0.00000,0.00000,0.00000,0,0,nan,0,0,0,4326,187491,0,0,0.000,0.000,0.000,0,0.000,0.000,0.000,0,0,4,0,0
PPG,3,109142,4367231552,25,539,534,0.000,0.000,0.000,0,0,0,0,0.00,nan,4,3,1,nan,3,3,24,1,1,22,22,0,0,0,73616968,0.04272,0.00757,0.95093,0.95192,-0.00638,-0.00135,-0.00247,0.00698,0.95192,0.00261,0.00734,3,12180,0,7153,0.00000,0.00000,0.00000,0,0,nan,0,0,0,2626,187491,0,0,0.000,0.000,0.000,0,0.000,0.000,0.000,0,0,4,0,0
PPG,3,109143,4367271552,25,526,520,0.000,0.000,0.000,0,0,0,0,0.00,nan,4,3,1,nan,3,3,24,1,1,23,23,0,0,0,73658332,0.04224,0.00659,0.97949,0.98042,-0.00692,-0.01174,-0.00274,0.01390,0.98042,0.03229,0.01390,3,12120,0,7153,0.00000,0.00000,0.00000,0,0,nan,0,0,0,4327,187491,0,0,0.000,0.000,0.000,0,0.000,0.000,0.000,0,0,4,0,0
PPG,3,109144,4367311552,25,525,530,0.000,0.000,0.000,0,0,0,0,0.00,nan,4,3,1,nan,3,3,24,1,1,24,24,0,0,0,73696926,0.04150,0.00537,0.95972,0.96063,-0.00532,-0.00268,-0.00247,0.00645,0.96063,0.04218,0.00908,3,12132,0,7153,0.00000,0.00000,0.00000,0,0,nan,0,0,0,2606,187491,0,0,0.000,0.000,0.000,0,0.000,0.000,0.000,0,0,4,0,0
PPG,3,109145,4367351552,25,534,518,0.000,0.000,0.000,0,0,0,0,0.00,nan,4,3,1,nan,3,3,24,1,1,25,25,0,0,0,73738163,0.03174,0.00610,0.94604,0.94660,-0.00452,-0.00268,-0.00167,0.00551,0.95356,0.00706,0.00628,3,12114,0,7153,0.00000,0.00000,0.00000,0,0,nan,0,0,0,4298,187491,0,0,0.000,0.000,0.000,0,0.000,0.000,0.000,0,0,4,0,0
PPG,3,109146,4367391552,25,535,532,0.000,0.000,0.000,0,0,0,0,0.00,nan,4,3,1,nan,3,3,24,1,1,26,26,0,0,0,73776679,0.03735,0.00635,0.95166,0.95241,-0.00612,-0.00295,-0.00247,0.00723,0.95801,0.00711,0.00723,3,12123,0,7153,0.00000,0.00000,0.00000,0,0,nan,0,0,0,2600,187491,0,0,0.000,0.000,0.000,0,0.000,0.000,0.000,0,0,4,0,0
PPG,3,109147,4367431552,26,534,534,0.000,0.000,0.000,0,0,0,0,0.00,nan,4,3,1,nan,3,3,24,1,1,27,27,0,0,0,73817860,0.04248,0.00610,0.94824,0.94921,-0.00612,-0.00135,-0.00114,0.00637,0.94921,0.00500,0.00637,3,12165,0,7153,0.00000,0.00000,0.00000,0,0,nan,0,0,0,4323,187491,0,0,0.000,0.000,0.000,0,0.000,0.000,0.000,0,0,4,0,0
PPG,3,109148,4367471552,25,524,519,0.000,0.000,0.000,0,0,0,0,0.00,nan,4,3,1,nan,3,3,24,1,1,28,28,0,0,0,73856430,0.03784,0.00439,0.95654,0.95730,-0.00558,-0.00215,-0.00167,0.00621,0.95730,0.00644,0.00621,3,12124,0,7153,0.00000,0.00000,0.00000,0,0,nan,0,0,0,2605,187491,0,0,0.000,0.000,0.000,0,0.000,0.000,0.000,0,0,4,0,0
PPG,3,109149,4367511552,25,533,526,0.000,0.000,0.000,0,0,0,0,0.00,nan,4,3,1,nan,3,3,24,1,1,29,29,0,0,0,73897550,0.03564,0.00537,0.95190,0.95259,-0.00479,-0.00108,-0.00167,0.00518,0.95259,0.01056,0.00597,3,12125,0,7153,0.00000,0.00000,0.00000,0,0,nan,0,0,0,4300,187491,0,0,0.000,0.000,0.000,0,0.000,0.000,0.000,0,0,4,0,0
PPG,3,109150,4367551552,25,537,535,0.000,0.000,0.000,0,0,0,0,0.00,nan,4,3,1,nan,3,3,24,1,1,30,30,0,0,0,73936136,0.03857,0.00635,0.94702,0.94783,-0.00612,0.00025,-0.00034,0.00613,0.94976,0.00308,0.00613,3,12126,0,7153,0.00000,0.00000,0.00000,0,0,nan,0,0,0,2595,187491,0,0,0.000,0.000,0.000,0,0.000,0.000,0.000,0,0,4,0,0
PPG,3,109151,4367591552,25,543,539,0.000,0.000,0.000,0,0,0,0,0.00,nan,4,3,1,nan,3,3,24,1,1,31,31,0,0,0,73977232,0.03833,0.00659,0.95190,0.95270,-0.00638,-0.00108,-0.00167,0.00669,0.95270,0.00434,0.00669,3,12105,0,7153,0.00000,0.00000,0.00000,0,0,nan,0,0,0,4295,187491,0,0,0.000,0.000,0.000,0,0.000,0.000,0.000,0,0,4,0,0
PPG,3,109152,4367631552,25,538,536,0.000,0.000,0.000,0,0,0,0,0.00,nan,4,3,1,nan,3,3,24,1,1,0,0,0,0,0,74015763,0.03711,0.00464,0.95068,0.95142,-0.00585,-0.00081,-0.00114,0.00602,0.95396,0.00167,0.00643,3,12120,0,7153,0.00000,0.00000,0.00000,0,0,nan,0,0,0,2599,187491,0,0,0.000,0.000,0.000,0,0.000,0.000,0.000,0,0,4,0,0
PPG,3,109153,4367671552,25,535,534,0.000,0.000,0.000,0,0,0,0,0.00,nan,4,3,1,nan,3,3,24,1,1,1,1,0,0,0,74057200,0.03955,0.00757,0.95435,0.95519,-0.00585,0.00025,-0.00167,0.00609,0.95519,0.00374,0.00609,3,12195,0,7153,0.00000,0.00000,0.00000,0,0,nan,0,0,0,2598,187491,0,0,0.000,0.000,0.000,0,0.000,0.000,0.000,0,0,4,0,0
PPG,3,109154,4367711552,26,538,542,0.000,0.000,0.000,0,0,0,0,0.00,nan,4,3,1,nan,3,3,24,1,1,2,2,0,0,0,74098296,0.04053,0.00806,0.95337,0.95426,-0.00612,-0.00188,-0.00194,0.00669,0.95730,0.00307,0.00669,3,12117,0,7153,0.00000,0.00000,0.00000,0,0,nan,0,0,0,4298,187491,0,0,0.000,0.000,0.000,0,0.000,0.000,0.000,0,0,4,0,0
PPG,3,109155,4367751552,25,546,540,0.000,0.000,0.000,0,0,0,0,0.00,nan,4,3,1,nan,3,3,24,1,1,3,3,0,0,0,74136878,0.03662,0.00366,0.94678,0.94749,-0.00532,-0.00055,-0.00247,0.00589,0.96098,0.01349,0.00589,3,12160,0,7153,0.00000,0.00000,0.00000,0,0,nan,0,0,0,2606,187491,0,0,0.000,0.000,0.000,0,0.000,0.000,0.000,0,0,4,0,0
PPG,3,109156,4367791552,25,525,530,0.000,0.000,0.000,0,0,0,0,0.00,nan,4,3,1,nan,3,3,24,1,1,4,4,0,0,0,74177981,0.03638,0.00317,0.95410,0.95480,-0.00532,-0.00135,-0.00141,0.00566,0.95480,0.00669,0.00669,3,12119,0,7153,0.00000,0.00000,0.00000,0,0,nan,0,0,0,4304,187491,0,0,0.000,0.000,0.000,0,0.000,0.000,0.000,0,0,4,0,0
PPG,3,109157,4367831552,25,515,516,0.000,0.000,0.000,0,0,0,0,0.00,nan,4,3,1,nan,3,3,24,1,1,5,5,0,0,0,74216489,0.03931,0.00439,0.95410,0.95492,-0.00558,-0.00161,-0.00274,0.00643,0.95492,0.00613,0.00643,3,12117,0,7153,0.00000,0.00000,0.00000,0,0,nan,0,0,0,2594,187491,0,0,0.000,0.000,0.000,0,0.000,0.000,0.000,0,0,4,0,0
PPG,3,109158,4367871552,25,521,516,0.000,0.000,0.000,0,0,0,0,0.00,nan,4,3,1,nan,3,3,24,1,1,6,6,0,0,0,74257769,0.03247,0.00513,0.95166,0.95223,-0.00505,-0.00108,-0.00167,0.00543,0.95832,0.00513,0.00674,3,12243,0,7153,0.00000,0.00000,0.00000,0,0,nan,0,0,0,4303,187491,0,0,0.000,0.000,0.000,0,0.000,0.000,0.000,0,0,4,0,0
PPG,3,109159,4367911552,25,535,535,0.000,0.000,0.000,0,0,0,0,0.00,nan,4,3,1,nan,3,3,24,1,1,7,7,0,0,0,74296459,0.03735,0.00415,0.94556,0.94630,-0.00665,-0.00055,-0.00114,0.00677,0.95112,0.00482,0.00677,3,12284,0,7153,0.00000,0.00000,0.00000,0,0,nan,0,0,0,2600,187491,0,0,0.000,0.000,0.000,0,0.000,0.000,0.000,0,0,4,0,0
PPG,3,109160,4367951552,26,531,524,0.000,0.000,0.000,0,0,0,0,0.00,nan,4,3,1,nan,3,3,24,1,1,8,8,0,0,0,74337876,0.03809,0.00708,0.95361,0.95440,-0.00585,-0.00108,-0.00167,0.00618,0.95440,0.00777,0.00618,3,12304,0,7153,0.00000,0.00000,0.00000,0,0,nan,0,0,0,4315,187491,0,0,0.000,0.000,0.000,0,0.000,0.000,0.000,0,0,4,0,0
PPG,3,109161,4367991552,25,536,528,0.000,0.000,0.000,0,0,0,0,0.00,nan,4,3,1,nan,3,3,24,1,1,9,9,0,0,0,74373874,0.03711,0.00684,0.95532,0.95607,-0.00532,-0.00081,-0.00194,0.00572,0.95607,0.00111,0.00615,2,21672,0,7154,0.00000,0.00000,0.00000,0,0,nan,0,0,0,2612,187491,0,0,0.000,0.000,0.000,0,0.000,0.000,0.000,0,0,4,0,0
PPG,3,109162,4368031552,30,536,525,0.000,0.000,0.000,0,0,0,0,0.00,nan,4,3,1,nan,3,3,24,1,1,10,10,0,0,0,74418111,0.04199,0.00488,0.94678,0.94772,-0.00665,0.00052,-0.00274,0.00721,0.95369,0.00466,0.00721,3,12234,0,7154,0.00000,0.00000,0.00000,0,0,nan,0,0,0,4342,187491,0,0,0.000,0.000,0.000,0,0.000,0.000,0.000,0,0,4,0,0
PPG,3,109163,4368071552,27,528,532,0.000,0.000,0.000,0,0,0,0,0.00,nan,4,3,1,nan,3,3,24,1,1,11,11,0,0,0,74457074,0.03784,0.00952,0.94385,0.94465,-0.00638,-0.00028,-0.00247,0.00685,0.95593,0.00904,0.00720,3,12260,0,7154,0.00000,0.00000,0.00000,0,0,nan,0,0,0,2626,187491,0,0,0.000,0.000,0.000,0,0.000,0.000,0.000,0,0,4,0,0
PPG,3,109164,4368111552,28,535,537,0.000,0.000,0.000,0,0,0,0,0.00,nan,4,3,1,nan,3,3,24,1,1,12,12,0,0,0,74498564,0.04150,0.00928,0.94482,0.94578,-0.00505,-0.00081,-0.00141,0.00531,0.95307,0.00728,0.00644,3,12234,0,7154,0.00000,0.00000,0.00000,0,0,nan,0,0,0,4320,187491,0,0,0.000,0.000,0.000,0,0.000,0.000,0.000,0,0,4,0,0
PPG,3,109165,4368151552,26,528,528,0.000,0.000,0.000,0,0,0,0,0.00,nan,4,3,1,nan,3,3,24,1,1,13,13,0,0,0,74537464,0.03931,0.00562,0.94873,0.94956,-0.00532,-0.00028,-0.00221,0.00576,0.95456,0.00500,0.00597,3,12302,0,7154,0.00000,0.00000,0.00000,0,0,nan,0,0,0,4352,187491,0,0,0.000,0.000,0.000,0,0.000,0.000,0.000,0,0,4,0,0
PPG,3,109166,4368191552,27,532,531,0.000,0.000,0.000,0,0,0,0,0.00,nan,4,3,1,nan,3,3,24,1,1,14,14,0,0,0,74576366,0.03491,0.00488,0.94995,0.95061,-0.00612,-0.00001,-0.00221,0.00650,0.95061,0.00631,0.00678,3,12239,0,7154,0.00000,0.00000,0.00000,0,0,nan,0,0,0,2622,187491,0,0,0.000,0.000,0.000,0,0.000,0.000,0.000,0,0,4,0,0
PPG,3,109167,4368231552,26,541,540,0.000,0.000,0.000,0,0,0,0,0.00,nan,4,3,1,nan,3,3,24,1,1,15,15,0,0,0,74617883,0.03760,0.00586,0.95337,0.95413,-0.00612,0.00052,-0.00141,0.00630,0.95413,0.00612,0.00748,3,12251,0,7154,0.00000,0.00000,0.00000,0,0,nan,0,0,0,4338,187491,0,0,0.000,0.000,0.000,0,0.000,0.000,0.000,0,0,4,0,0
PPG,3,109168,4368271552,26,529,523,0.000,0.000,0.000,0,0,0,0,0.00,nan,4,3,1,nan,3,3,24,1,1,16,16,0,0,0,74656812,0.03906,0.00903,0.94995,0.95080,-0.00585,-0.00108,-0.00274,0.00655,0.95080,0.00791,0.00768,3,12258,0,7154,0.00000,0.00000,0.00000,0,0,nan,0,0,0,2609,187491,0,0,0.000,0.000,0.000,0,0.000,0.000,0.000,0,0,4,0,0
PPG,3,109169,4368311552,25,525,525,0.000,0.000,0.000,0,0,0,0,0.00,nan,4,3,1,nan,3,3,24,1,1,17,17,0,0,0,74698265,0.03882,0.00684,0.94482,0.94565,-0.00692,0.00052,-0.00194,0.00720,0.95093,0.00437,0.00720,3,12261,0,7154,0.00000,0.00000,0.00000,0,0,nan,0,0,0,4340,187491,0,0,0.000,0.000,0.000,0,0.000,0.000,0.000,0,0,4,0,0
PPG,3,109170,4368351552,34,524,534,0.000,0.000,0.000,0,0,0,0,0.00,nan,4,3,1,nan,3,3,24,1,1,18,18,0,0,0,74737136,0.03882,0.00708,0.94824,0.94906,-0.00558,-0.00215,-0.00194,0.00629,0.95040,0.00354,0.00629,3,12269,0,7154,0.00000,0.00000,0.00000,0,0,nan,0,0,0,2641,187491,0,0,0.000,0.000,0.000,0,0.000,0.000,0.000,0,0,4,0,0
PPG,3,109171,4368391552,26,530,532,0.000,0.000,0.000,0,0,0,0,0.00,nan,4,3,1,nan,3,3,24,1,1,19,19,0,0,0,74778613,0.04175,0.00366,0.95288,0.95380,-0.00638,-0.00081,-0.00061,0.00646,0.95464,0.00557,0.00646,3,12251,0,7154,0.00000,0.00000,0.00000,0,0,nan,0,0,0,4335,187491,0,0,0.000,0.000,0.000,0,0.000,0.000,0.000,0,0,4,0,0
PPG,3,109172,4368431552,26,528,529,0.000,0.000,0.000,0,0,0,0,0.00,nan,4,3,1,nan,3,3,24,1,1,20,20,0,0,0,74817412,0.04419,0.00806,0.95264,0.95370,-0.00505,-0.00055,-0.00221,0.00554,0.96079,0.00709,0.00656,3,12242,0,7154,0.00000,0.00000,0.00000,0,0,nan,0,0,0,2632,187491,0,0,0.000,0.000,0.000,0,0.000,0.000,0.000,0,0,4,0,0
PPG,3,109173,4368471552,25,522,520,0.000,0.000,0.000,0,0,0,0,0.00,nan,4,3,1,nan,3,3,24,1,1,21,21,0,0,0,74858893,0.03735,0.00977,0.94922,0.95000,-0.00558,-0.00028,-0.00087,0.00566,0.95000,0.00504,0.00651,3,12207,0,7154,0.00000,0.00000,0.00000,0,0,nan,0,0,0,4331,187491,0,0,0.000,0.000,0.000,0,0.000,0.000,0.000,0,0,4,0,0
PPG,3,109174,4368511552,26,531,528,0.000,0.000,0.000,0,0,0,0,0.00,nan,4,3,1,nan,3,3,24,1,1,22,22,0,0,0,74897735,0.03613,0.00562,0.95264,0.95334,-0.00532,-0.00028,-0.00141,0.00551,0.95463,0.00462,0.00662,3,12249,0,7154,0.00000,0.00000,0.00000,0,0,nan,0,0,0,4332,187491,0,0,0.000,0.000,0.000,0,0.000,0.000,0.000,0,0,4,0,0
PPG,3,109175,4368551552,25,527,534,0.000,0.000,0.000,0,0,0,0,0.00,nan,4,3,1,nan,3,3,24,1,1,23,23,0,0,0,74936539,0.03857,0.00537,0.94971,0.95051,-0.00638,-0.00135,-0.00167,0.00674,0.95181,0.01097,0.00674,3,12252,0,7154,0.00000,0.00000,0.00000,0,0,nan,0,0,0,2598,187491,0,0,0.000,0.000,0.000,0,0.000,0.000,0.000,0,0,4,0,0
PPG,3,109176,4368591552,26,528,539,0.000,0.000,0.000,0,0,0,0,0.00,nan,4,3,1,nan,3,3,24,1,1,24,24,0,0,0,74977915,0.03662,0.00488,0.94751,0.94823,-0.00612,-0.00108,-0.00087,0.00627,0.95427,0.00604,0.00699,3,12287,0,7154,0.00000,0.00000,0.00000,0,0,nan,0,0,0,4309,187491,0,0,0.000,0.000,0.000,0,0.000,0.000,0.000,0,0,4,0,0
PPG,3,109177,4368631552,25,526,520,0.000,0.000,0.000,0,0,0,0,0.00,nan,4,3,1,nan,3,3,24,1,1,25,25,0,0,0,75016463,0.03906,0.00854,0.95508,0.95591,-0.00612,-0.00001,-0.00114,0.00622,0.95591,0.00687,0.00667,3,12154,0,7154,0.00000,0.00000,0.00000,0,0,nan,0,0,0,2600,187491,0,0,0.000,0.000,0.000,0,0.000,0.000,0.000,0,0,4,0,0
PPG,3,109178,4368671552,25,538,537,0.000,0.000,0.000,0,0,0,0,0.00,nan,4,3,1,nan,3,3,24,1,1,26,26,0,0,0,75057617,0.04102,0.01025,0.95508,0.95601,-0.00665,-0.00028,-0.00141,0.00680,0.95601,0.00691,0.00680,3,12147,0,7154,0.00000,0.00000,0.00000,0,0,nan,0,0,0,4301,187491,0,0,0.000,0.000,0.000,0,0.000,0.000,0.000,0,0,4,0,0
PPG,3,109179,4368711552,25,539,538,0.000,0.000,0.000,0,0,0,0,0.00,nan,4,3,1,nan,3,3,24,1,1,27,27,0,0,0,75096189,0.03394,0.00757,0.95264,0.95327,-0.00638,0.00105,-0.00141,0.00662,0.95488,0.00523,0.00703,3,12117,0,7154,0.00000,0.00000,0.00000,0,0,nan,0,0,0,2601,187491,0,0,0.000,0.000,0.000,0,0.000,0.000,0.000,0,0,4,0,0
PPG,3,109180,4368751552,25,524,525,0.000,0.000,0.000,0,0,0,0,0.00,nan,4,3,1,nan,3,3,24,1,1,28,28,0,0,0,75137307,0.04150,0.00415,0.94849,0.94940,-0.00585,-0.00028,-0.00114,0.00597,0.95415,0.00791,0.00643,3,12127,0,7154,0.00000,0.00000,0.00000,0,0,nan,0,0,0,2598,187491,0,0,0.000,0.000,0.000,0,0.000,0.000,0.000,0,0,4,0,0
PPG,3,109181,4368791552,25,522,511,0.000,0.000,0.000,0,0,0,0,0.00,nan,4,3,1,nan,3,3,24,1,1,29,29,0,0,0,75178453,0.03833,0.00391,0.94629,0.94707,-0.00612,0.00025,-0.00114,0.00623,0.95188,0.00394,0.00734,3,12124,0,7154,0.00000,0.00000,0.00000,0,0,nan,0,0,0,4295,187491,0,0,0.000,0.000,0.000,0,0.000,0.000,0.000,0,0,4,0,0
PPG,3,109182,4368831552,25,535,521,0.000,0.000,0.000,0,0,0,0,0.00,nan,4,3,1,nan,3,3,24,1,1,30,30,0,0,0,75216956,0.03613,0.00977,0.94922,0.94996,-0.00585,-0.00055,-0.00034,0.00589,0.95937,0.01229,0.00589,3,12115,0,7154,0.00000,0.00000,0.00000,0,0,nan,0,0,0,2597,187491,0,0,0.000,0.000,0.000,0,0.000,0.000,0.000,0,0,4,0,0
PPG,3,109183,4368871552,25,532,529,0.000,0.000,0.000,0,0,0,0,0.00,nan,4,3,1,nan,3,3,24,1,1,31,31,0,0,0,75293575,0.04102,0.00562,0.94995,0.95085,-0.00612,-0.00161,0.00019,0.00633,0.95256,0.00260,0.00633,2,59764,0,7158,0.00000,0.00000,0.00000,0,0,nan,0,0,0,59792,187491,0,0,0.000,0.000,0.000,0,0.000,0.000,0.000,0,0,4,0,0
PPG,3,109184,4368911552,25,533,531,0.000,0.000,0.000,0,0,0,0,0.00,nan,4,3,1,nan,3,3,24,1,1,0,0,0,0,0,75293575,0.04102,0.00562,0.94995,0.95085,-0.00612,-0.00161,0.00019,0.00633,0.00000,0.00000,0.00000,0,59764,0,7158,0.00000,0.00000,0.00000,0,0,nan,0,0,0,11671,187491,0,0,0.000,0.000,0.000,0,0.000,0.000,0.000,0,0,4,0,0
PPG,3,109185,4368951552,25,533,533,0.000,0.000,0.000,0,0,0,0,0.00,nan,4,3,1,nan,3,3,24,1,1,1,1,0,0,0,75339448,0.04224,0.00903,0.95190,0.95288,-0.00612,-0.00108,-0.00141,0.00637,0.95409,0.00408,0.00637,3,12117,0,7159,0.00000,0.00000,0.00000,0,0,nan,0,0,0,4294,187491,0,0,0.000,0.000,0.000,0,0.000,0.000,0.000,0,0,4,0,0
PPG,3,109186,4368991552,25,510,514,0.000,0.000,0.000,0,0,0,0,0.00,nan,4,3,1,nan,3,3,24,1,1,2,2,0,0,0,75375169,0.03735,0.00537,0.95410,0.95485,-0.00745,-0.00028,-0.00141,0.00759,0.95543,0.00255,0.00759,2,21481,0,7160,0.00000,0.00000,0.00000,0,0,nan,0,0,0,2598,187491,0,0,0.000,0.000,0.000,0,0.000,0.000,0.000,0,0,4,0,0
PPG,3,109187,4369031552,25,528,526,0.000,0.000,0.000,0,0,0,0,0.00,nan,4,3,1,nan,3,3,24,1,1,3,3,0,0,0,75416345,0.03467,0.00977,0.94946,0.95015,-0.00532,-0.00081,-0.00087,0.00545,0.95563,0.00549,0.00615,3,12112,0,7160,0.00000,0.00000,0.00000,0,0,nan,0,0,0,2595,187491,0,0,0.000,0.000,0.000,0,0.000,0.000,0.000,0,0,4,0,0
PPG,3,109188,4369071552,25,529,515,0.000,0.000,0.000,0,0,0,0,0.00,nan,4,3,1,nan,3,3,24,1,1,4,4,0,0,0,75457470,0.04248,0.00684,0.95068,0.95166,-0.00505,-0.00055,-0.00141,0.00527,0.95166,0.00156,0.00604,3,12141,0,7160,0.00000,0.00000,0.00000,0,0,nan,0,0,0,2595,187491,0,0,0.000,0.000,0.000,0,0.000,0.000,0.000,0,0,4,0,0
PPG,3,109189,4369111552,25,526,523,0.000,0.000,0.000,0,0,0,0,0.00,nan,4,3,1,nan,3,3,24,1,1,5,5,0,0,0,75498565,0.03540,0.00391,0.95776,0.95843,-0.00505,-0.00055,-0.00221,0.00554,0.95843,0.00403,0.00653,3,12116,0,7160,0.00000,0.00000,0.00000,0,0,nan,0,0,0,4298,187491,0,0,0.000,0.000,0.000,0,0.000,0.000,0.000,0,0,4,0,0
PPG,3,109190,4369151552,26,534,523,0.000,0.000,0.000,0,0,0,0,0.00,nan,4,3,1,nan,3,3,24,1,1,6,6,0,0,0,75537081,0.03833,0.00708,0.94702,0.94782,-0.00612,0.00025,-0.00087,0.00618,0.95580,0.00769,0.00644,3,12120,0,7160,0.00000,0.00000,0.00000,0,0,nan,0,0,0,2595,187491,0,0,0.000,0.000,0.000,0,0.000,0.000,0.000,0,0,4,0,0
PPG,3,109191,4369191552,26,537,536,0.000,0.000,0.000,0,0,0,0,0.00,nan,4,3,1,nan,3,3,24,1,1,7,7,0,0,0,75578264,0.04053,0.00562,0.94824,0.94912,-0.00532,0.00052,-0.00087,0.00541,0.95443,0.00661,0.00777,3,12129,0,7160,0.00000,0.00000,0.00000,0,0,nan,0,0,0,4294,187491,0,0,0.000,0.000,0.000,0,0.000,0.000,0.000,0,0,4,0,0
PPG,3,109192,4369231552,25,531,534,0.000,0.000,0.000,0,0,0,0,0.00,nan,4,3,1,nan,3,3,24,1,1,8,8,0,0,0,75616807,0.03662,0.00342,0.95313,0.95383,-0.00638,-0.00028,-0.00114,0.00649,0.95614,0.00865,0.00659,3,12127,0,7160,0.00000,0.00000,0.00000,0,0,nan,0,0,0,2595,187491,0,0,0.000,0.000,0.000,0,0.000,0.000,0.000,0,0,4,0,0
PPG,3,109193,4369271552,25,522,528,0.000,0.000,0.000,0,0,0,0,0.00,nan,4,3,1,nan,3,3,24,1,1,9,9,0,0,0,75657971,0.04028,0.00928,0.95166,0.95256,-0.00558,-0.00188,-0.00194,0.00620,0.95462,0.00207,0.00747,3,12151,0,7160,0.00000,0.00000,0.00000,0,0,nan,0,0,0,4304,187491,0,0,0.000,0.000,0.000,0,0.000,0.000,0.000,0,0,4,0,0
PPG,3,109194,4369311552,25,531,520,0.000,0.000,0.000,0,0,0,0,0.00,nan,4,3,1,nan,3,3,24,1,1,10,10,0,0,0,75696493,0.03979,0.00269,0.94824,0.94908,-0.00665,-0.00001,-0.00194,0.00693,0.95562,0.00681,0.00693,3,12123,0,7160,0.00000,0.00000,0.00000,0,0,nan,0,0,0,2595,187491,0,0,0.000,0.000,0.000,0,0.000,0.000,0.000,0,0,4,0,0
PPG,3,109195,4369351552,25,530,533,0.000,0.000,0.000,0,0,0,0,0.00,nan,4,3,1,nan,3,3,24,1,1,11,11,0,0,0,75737627,0.03906,0.01001,0.95435,0.95520,-0.00532,-0.00081,-0.00114,0.00550,0.95520,0.00748,0.00580,3,12129,0,7160,0.00000,0.00000,0.00000,0,0,nan,0,0,0,2595,187491,0,0,0.000,0.000,0.000,0,0.000,0.000,0.000,0,0,4,0,0
PPG,3,109196,4369391552,29,534,526,0.000,0.000,0.000,0,0,0,0,0.00,nan,4,3,1,nan,3,3,24,1,1,12,12,0,0,0,75778824,0.03589,-0.00024,0.95166,0.95234,-0.00558,-0.00161,-0.00087,0.00588,0.95561,0.00363,0.00588,3,12132,0,7160,0.00000,0.00000,0.00000,0,0,nan,0,0,0,4296,187491,0,0,0.000,0.000,0.000,0,0.000,0.000,0.000,0,0,4,0,0
PPG,3,109197,4369431552,25,535,539,0.000,0.000,0.000,0,0,0,0,0.00,nan,4,3,1,nan,3,3,24,1,1,13,13,0,0,0,75817331,0.03735,0.00562,0.95093,0.95168,-0.00532,-0.00055,-0.00087,0.00542,0.95602,0.01288,0.00630,3,12119,0,7160,0.00000,0.00000,0.00000,0,0,nan,0,0,0,2595,187491,0,0,0.000,0.000,0.000,0,0.000,0.000,0.000,0,0,4,0,0
PPG,3,109198,4369471552,25,536,540,0.000,0.000,0.000,0,0,0,0,0.00,nan,4,3,1,nan,3,3,24,1,1,14,14,0,0,0,75858429,0.03833,0.00708,0.95093,0.95173,-0.00558,0.00025,-0.00194,0.00592,0.95302,0.00165,0.00597,3,12113,0,7160,0.00000,0.00000,0.00000,0,0,nan,0,0,0,4319,187491,0,0,0.000,0.000,0.000,0,0.000,0.000,0.000,0,0,4,0,0
PPG,3,109199,4369511552,25,516,528,0.000,0.000,0.000,0,0,0,0,0.00,nan,4,3,1,nan,3,3,24,1,1,15,15,0,0,0,75896959,0.03735,0.00879,0.95483,0.95560,-0.00558,-0.00081,-0.00194,0.00597,0.95560,0.01223,0.00706,3,12117,0,7160,0.00000,0.00000,0.00000,0,0,nan,0,0,0,2598,187491,0,0,0.000,0.000,0.000,0,0.000,0.000,0.000,0,0,4,0,0
PPG,3,109200,4369551552,25,515,515,0.000,0.000,0.000,0,0,0,0,0.00,nan,4,3,1,nan,3,3,24,1,1,16,16,0,0,0,75938111,0.04126,0.00537,0.96143,0.96233,-0.00558,-0.00161,-0.00167,0.00605,0.96535,0.02370,0.00659,3,12126,0,7160,0.00000,0.00000,0.00000,0,0,nan,0,0,0,4297,187491,0,0,0.000,0.000,0.000,0,0.000,0.000,0.000,0,0,4,0,0
PPG,3,109201,4369591552,26,531,525,0.000,0.000,0.000,0,0,0,0,0.00,nan,4,3,1,nan,3,3,24,1,1,17,17,0,0,0,75976788,0.04224,0.00708,0.94556,0.94653,-0.00585,-0.00241,-0.00194,0.00662,0.95517,0.00716,0.00662,3,12273,0,7160,0.00000,0.00000,0.00000,0,0,nan,0,0,0,2644,187491,0,0,0.000,0.000,0.000,0,0.000,0.000,0.000,0,0,4,0,0
PPG,3,109202,4369631552,25,531,544,0.000,0.000,0.000,0,0,0,0,0.00,nan,4,3,1,nan,3,3,24,1,1,18,18,0,0,0,76018213,0.03516,0.00635,0.94946,0.95013,-0.00479,-0.00081,-0.00114,0.00499,0.95770,0.00821,0.00649,3,12110,0,7160,0.00000,0.00000,0.00000,0,0,nan,0,0,0,4298,187491,0,0,0.000,0.000,0.000,0,0.000,0.000,0.000,0,0,4,0,0
PPG,3,109203,4369671552,25,541,541,0.000,0.000,0.000,0,0,0,0,0.00,nan,4,3,1,nan,3,3,24,1,1,19,19,0,0,0,76056700,0.03882,0.00854,0.95532,0.95615,-0.00665,0.00052,-0.00007,0.00667,0.95615,0.00928,0.00667,3,12109,0,7160,0.00000,0.00000,0.00000,0,0,nan,0,0,0,2597,187491,0,0,0.000,0.000,0.000,0,0.000,0.000,0.000,0,0,4,0,0
PPG,3,109204,4369711552,25,538,525,0.000,0.000,0.000,0,0,0,0,0.00,nan,4,3,1,nan,3,3,24,1,1,20,20,0,0,0,76097970,0.03491,0.00854,0.94263,0.94331,-0.00532,0.00025,-0.00194,0.00567,0.95624,0.01292,0.00614,3,12196,0,7160,0.00000,0.00000,0.00000,0,0,nan,0,0,0,4356,187491,0,0,0.000,0.000,0.000,0,0.000,0.000,0.000,0,0,4,0,0
PPG,3,109205,4369751552,25,533,538,0.000,0.000,0.000,0,0,0,0,0.00,nan,4,3,1,nan,3,3,24,1,1,21,21,0,0,0,76136524,0.03931,0.00732,0.95264,0.95348,-0.00612,-0.00215,-0.00061,0.00651,0.95535,0.01150,0.00651,3,12125,0,7160,0.00000,0.00000,0.00000,0,0,nan,0,0,0,2650,187491,0,0,0.000,0.000,0.000,0,0.000,0.000,0.000,0,0,4,0,0
PPG,3,109206,4369791552,38,525,523,0.000,0.000,0.000,0,0,0,0,0.00,nan,4,3,1,nan,3,3,24,1,1,22,22,0,0,0,76177856,0.03516,0.00586,0.95801,0.95867,-0.00692,0.00052,-0.00141,0.00708,0.95867,0.00483,0.00708,3,12192,0,7160,0.00000,0.00000,0.00000,0,0,nan,0,0,0,4336,187491,0,0,0.000,0.000,0.000,0,0.000,0.000,0.000,0,0,4,0,0
PPG,3,109207,4369831552,25,536,532,0.000,0.000,0.000,0,0,0,0,0.00,nan,4,3,1,nan,3,3,24,1,1,23,23,0,0,0,76216897,0.03760,0.00830,0.95068,0.95146,-0.00665,-0.00081,-0.00087,0.00676,0.95485,0.01120,0.00676,3,12251,0,7160,0.00000,0.00000,0.00000,0,0,nan,0,0,0,2638,187491,0,0,0.000,0.000,0.000,0,0.000,0.000,0.000,0,0,4,0,0
PPG,3,109208,4369871552,25,534,533,0.000,0.000,0.000,0,0,0,0,0.00,nan,4,3,1,nan,3,3,24,1,1,24,24,0,0,0,76258439,0.03589,0.00732,0.94751,0.94822,-0.00558,-0.00135,-0.00167,0.00598,0.95942,0.01158,0.00644,3,12258,0,7160,0.00000,0.00000,0.00000,0,0,nan,0,0,0,4332,187491,0,0,0.000,0.000,0.000,0,0.000,0.000,0.000,0,0,4,0,0
PPG,3,109209,4369911552,25,540,530,0.000,0.000,0.000,0,0,0,0,0.00,nan,4,3,1,nan,3,3,24,1,1,25,25,0,0,0,76297278,0.04297,0.00488,0.94751,0.94850,-0.00638,-0.00108,-0.00061,0.00650,0.95361,0.00539,0.00650,3,12186,0,7160,0.00000,0.00000,0.00000,0,0,nan,0,0,0,2625,187491,0,0,0.000,0.000,0.000,0,0.000,0.000,0.000,0,0,4,0,0
PPG,3,109210,4369951552,26,533,528,0.000,0.000,0.000,0,0,0,0,0.00,nan,4,3,1,nan,3,3,24,1,1,26,26,0,0,0,76338796,0.03784,0.00122,0.95728,0.95802,-0.00585,-0.00001,-0.00114,0.00596,0.95802,0.00720,0.00596,3,12251,0,7160,0.00000,0.00000,0.00000,0,0,nan,0,0,0,4344,187491,0,0,0.000,0.000,0.000,0,0.000,0.000,0.000,0,0,4,0,0
PPG,3,109211,4369991552,26,536,517,0.000,0.000,0.000,0,0,0,0,0.00,nan,4,3,1,nan,3,3,24,1,1,27,27,0,0,0,76374882,0.03687,0.00317,0.94189,0.94262,-0.00585,-0.00028,-0.00247,0.00636,0.95383,0.01121,0.00636,2,21729,0,7161,0.00000,0.00000,0.00000,0,0,nan,0,0,0,2616,187491,0,0,0.000,0.000,0.000,0,0.000,0.000,0.000,0,0,4,0,0
PPG,3,109212,4370031552,26,527,533,0.000,0.000,0.000,0,0,0,0,0.00,nan,4,3,1,nan,3,3,24,1,1,28,28,0,0,0,76419126,0.03784,0.01050,0.94434,0.94515,-0.00505,-0.00028,-0.00087,0.00513,0.95440,0.01178,0.00617,3,12257,0,7161,0.00000,0.00000,0.00000,0,0,nan,0,0,0,4336,187491,0,0,0.000,0.000,0.000,0,0.000,0.000,0.000,0,0,4,0,0
PPG,3,109213,4370071552,26,532,535,0.000,0.000,0.000,0,0,0,0,0.00,nan,4,3,1,nan,3,3,24,1,1,29,29,0,0,0,76457962,0.04077,0.00830,0.94800,0.94891,-0.00638,0.00052,-0.00194,0.00669,0.95178,0.00631,0.00669,3,12204,0,7161,0.00000,0.00000,0.00000,0,0,nan,0,0,0,4352,187491,0,0,0.000,0.000,0.000,0,0.000,0.000,0.000,0,0,4,0,0
PPG,3,109214,4370111552,25,532,536,0.000,0.000,0.000,0,0,0,0,0.00,nan,4,3,1,nan,3,3,24,1,1,30,30,0,0,0,76496924,0.03882,0.00781,0.95117,0.95200,-0.00505,-0.00135,-0.00087,0.00530,0.95498,0.00668,0.00676,3,12261,0,7161,0.00000,0.00000,0.00000,0,0,nan,0,0,0,2634,187491,0,0,0.000,0.000,0.000,0,0.000,0.000,0.000,0,0,4,0,0
PPG,3,109215,4370151552,25,532,530,0.000,0.000,0.000,0,0,0,0,0.00,nan,4,3,1,nan,3,3,24,1,1,31,31,0,0,0,76538354,0.04004,0.00342,0.94995,0.95080,-0.00612,-0.00081,-0.00061,0.00620,0.95647,0.00567,0.00673,3,12216,0,7161,0.00000,0.00000,0.00000,0,0,nan,0,0,0,4333,187491,0,0,0.000,0.000,0.000,0,0.000,0.000,0.000,0,0,4,0,0
PPG,3,109216,4370191552,26,532,525,0.000,0.000,0.000,0,0,0,0,0.00,nan,4,3,1,nan,3,3,24,1,1,0,0,0,0,0,76577201,0.03760,0.00464,0.94629,0.94705,-0.00532,-0.00028,-0.00141,0.00551,0.94998,0.00293,0.00612,3,12236,0,7161,0.00000,0.00000,0.00000,0,0,nan,0,0,0,2629,187491,0,0,0.000,0.000,0.000,0,0.000,0.000,0.000,0,0,4,0,0
PPG,3,109217,4370231552,26,531,525,0.000,0.000,0.000,0,0,0,0,0.00,nan,4,3,1,nan,3,3,24,1,1,1,1,0,0,0,76618669,0.03809,0.00806,0.95532,0.95612,-0.00638,-0.00108,-0.00167,0.00669,0.95876,0.01172,0.00669,3,12223,0,7161,0.00000,0.00000,0.00000,0,0,nan,0,0,0,4326,187491,0,0,0.000,0.000,0.000,0,0.000,0.000,0.000,0,0,4,0,0
PPG,3,109218,4370271552,25,530,524,0.000,0.000,0.000,0,0,0,0,0.00,nan,4,3,1,nan,3,3,24,1,1,2,2,0,0,0,76657468,0.03467,0.00513,0.94751,0.94816,-0.00558,-0.00055,-0.00167,0.00586,0.94816,0.00831,0.00701,3,12211,0,7161,0.00000,0.00000,0.00000,0,0,nan,0,0,0,2634,187491,0,0,0.000,0.000,0.000,0,0.000,0.000,0.000,0,0,4,0,0
PPG,3,109219,4370311552,25,533,539,0.000,0.000,0.000,0,0,0,0,0.00,nan,4,3,1,nan,3,3,24,1,1,3,3,0,0,0,76698998,0.04053,0.00732,0.94409,0.94499,-0.00558,-0.00108,-0.00087,0.00575,0.95457,0.00695,0.00690,3,12258,0,7161,0.00000,0.00000,0.00000,0,0,nan,0,0,0,4357,187491,0,0,0.000,0.000,0.000,0,0.000,0.000,0.000,0,0,4,0,0
PPG,3,109220,4370351552,25,529,528,0.000,0.000,0.000,0,0,0,0,0.00,nan,4,3,1,nan,3,3,24,1,1,4,4,0,0,0,76737858,0.03540,0.00757,0.95117,0.95186,-0.00692,-0.00001,-0.00114,0.00701,0.95373,0.00959,0.00701,3,12242,0,7161,0.00000,0.00000,0.00000,0,0,nan,0,0,0,2637,187491,0,0,0.000,0.000,0.000,0,0.000,0.000,0.000,0,0,4,0,0
PPG,3,109221,4370391552,39,526,527,0.000,0.000,0.000,0,0,0,0,0.00,nan,4,3,1,nan,3,3,24,1,1,5,5,0,0,0,76779341,0.03857,0.00684,0.95093,0.95173,-0.00612,0.00052,-0.00061,0.00617,0.95347,0.00174,0.00645,3,12228,0,7161,0.00000,0.00000,0.00000,0,0,nan,0,0,0,4318,187491,0,0,0.000,0.000,0.000,0,0.000,0.000,0.000,0,0,4,0,0
PPG,3,109222,4370431552,25,528,526,0.000,0.000,0.000,0,0,0,0,0.00,nan,4,3,1,nan,3,3,24,1,1,6,6,0,0,0,76818075,0.03662,0.00732,0.95288,0.95361,-0.00585,-0.00028,-0.00167,0.00609,0.95501,0.00631,0.00609,3,12138,0,7161,0.00000,0.00000,0.00000,0,0,nan,0,0,0,4304,187491,0,0,0.000,0.000,0.000,0,0.000,0.000,0.000,0,0,4,0,0
PPG,3,109223,4370471552,25,536,545,0.000,0.000,0.000,0,0,0,0,0.00,nan,4,3,1,nan,3,3,24,1,1,7,7,0,0,0,76856756,0.03931,0.00562,0.95337,0.95420,-0.00612,0.00052,-0.00167,0.00636,0.95420,0.00509,0.00682,3,12124,0,7161,0.00000,0.00000,0.00000,0,0,nan,0,0,0,2598,187491,0,0,0.000,0.000,0.000,0,0.000,0.000,0.000,0,0,4,0,0
PPG,3,109224,4370511552,25,533,533,0.000,0.000,0.000,0,0,0,0,0.00,nan,4,3,1,nan,3,3,24,1,1,8,8,0,0,0,76897952,0.03662,0.00854,0.95093,0.95167,-0.00532,0.00025,-0.00194,0.00567,0.95411,0.00852,0.00567,3,12167,0,7161,0.00000,0.00000,0.00000,0,0,nan,0,0,0,2597,187491,0,0,0.000,0.000,0.000,0,0.000,0.000,0.000,0,0,4,0,0
PPG,3,109225,4370551552,25,532,536,0.000,0.000,0.000,0,0,0,0,0.00,nan,4,3,1,nan,3,3,24,1,1,9,9,0,0,0,76939102,0.04053,0.01025,0.95508,0.95599,-0.00452,-0.00001,-0.00114,0.00466,0.95599,0.00425,0.00620,3,12124,0,7161,0.00000,0.00000,0.00000,0,0,nan,0,0,0,4299,187491,0,0,0.000,0.000,0.000,0,0.000,0.000,0.000,0,0,4,0,0
PPG,3,109226,4370591552,26,541,537,0.000,0.000,0.000,0,0,0,0,0.00,nan,4,3,1,nan,3,3,24,1,1,10,10,0,0,0,76977606,0.03662,0.00293,0.95313,0.95383,-0.00638,-0.00055,-0.00167,0.00662,0.95383,0.00453,0.00662,3,12123,0,7161,0.00000,0.00000,0.00000,0,0,nan,0,0,0,2595,187491,0,0,0.000,0.000,0.000,0,0.000,0.000,0.000,0,0,4,0,0
PPG,3,109227,4370631552,25,544,539,0.000,0.000,0.000,0,0,0,0,0.00,nan,4,3,1,nan,3,3,24,1,1,11,11,0,0,0,77018745,0.03931,0.00610,0.94727,0.94810,-0.00612,-0.00055,-0.00274,0.00672,0.95537,0.00646,0.00712,3,12113,0,7161,0.00000,0.00000,0.00000,0,0,nan,0,0,0,4298,187491,0,0,0.000,0.000,0.000,0,0.000,0.000,0.000,0,0,4,0,0
PPG,3,109228,4370671552,25,506,530,0.000,0.000,0.000,0,0,0,0,0.00,nan,4,3,1,nan,3,3,24,1,1,12,12,0,0,0,77057283,0.03711,0.00244,0.94849,0.94922,-0.00585,-0.00001,-0.00114,0.00596,0.95488,0.00567,0.00718,3,12130,0,7161,0.00000,0.00000,0.00000,0,0,nan,0,0,0,2609,187491,0,0,0.000,0.000,0.000,0,0.000,0.000,0.000,0,0,4,0,0
PPG,3,109229,4370711552,25,516,514,0.000,0.000,0.000,0,0,0,0,0.00,nan,4,3,1,nan,3,3,24,1,1,13,13,0,0,0,77098475,0.03931,0.00854,0.95654,0.95739,-0.00532,-0.00001,-0.00087,0.00539,0.95739,0.00820,0.00615,3,12169,0,7161,0.00000,0.00000,0.00000,0,0,nan,0,0,0,4309,187491,0,0,0.000,0.000,0.000,0,0.000,0.000,0.000,0,0,4,0,0
PPG,3,109230,4370751552,26,542,536,0.000,0.000,0.000,0,0,0,0,0.00,nan,4,3,1,nan,3,3,24,1,1,14,14,0,0,0,77136994,0.04053,0.00635,0.95996,0.96084,-0.00505,-0.00081,-0.00087,0.00519,0.96084,0.00772,0.00618,3,12116,0,7161,0.00000,0.00000,0.00000,0,0,nan,0,0,0,2595,187491,0,0,0.000,0.000,0.000,0,0.000,0.000,0.000,0,0,4,0,0
PPG,3,109231,4370791552,26,535,531,0.000,0.000,0.000,0,0,0,0,0.00,nan,4,3,1,nan,3,3,24,1,1,15,15,0,0,0,77178103,0.03833,0.00586,0.94800,0.94879,-0.00558,-0.00055,-0.00194,0.00594,0.95254,0.00830,0.00594,3,12118,0,7161,0.00000,0.00000,0.00000,0,0,nan,0,0,0,2594,187491,0,0,0.000,0.000,0.000,0,0.000,0.000,0.000,0,0,4,0,0
PPG,3,109232,4370831552,25,530,542,0.000,0.000,0.000,0,0,0,0,0.00,nan,4,3,1,nan,3,3,24,1,1,16,16,0,0,0,77219244,0.03296,0.00830,0.95020,0.95080,-0.00532,-0.00108,-0.00247,0.00596,0.95080,0.00245,0.00596,3,12110,0,7161,0.00000,0.00000,0.00000,0,0,nan,0,0,0,4295,187491,0,0,0.000,0.000,0.000,0,0.000,0.000,0.000,0,0,4,0,0
PPG,3,109233,4370871552,25,536,539,0.000,0.000,0.000,0,0,0,0,0.00,nan,4,3,1,nan,3,3,24,1,1,17,17,0,0,0,77257800,0.03784,0.00537,0.95703,0.95779,-0.00692,-0.00028,-0.00194,0.00719,0.95779,0.00654,0.00719,3,12135,0,7161,0.00000,0.00000,0.00000,0,0,nan,0,0,0,2599,187491,0,0,0.000,0.000,0.000,0,0.000,0.000,0.000,0,0,4,0,0
PPG,3,109234,4370911552,25,512,517,0.000,0.000,0.000,0,0,0,0,0.00,nan,4,3,1,nan,3,3,24,1,1,18,18,0,0,0,77298988,0.04077,0.00952,0.95679,0.95770,-0.00585,-0.00055,-0.00221,0.00628,0.95770,0.00584,0.00628,3,12157,0,7161,0.00000,0.00000,0.00000,0,0,nan,0,0,0,4323,187491,0,0,0.000,0.000,0.000,0,0.000,0.000,0.000,0,0,4,0,0
PPG,3,109235,4370951552,25,522,519,0.000,0.000,0.000,0,0,0,0,0.00,nan,4,3,1,nan,3,3,24,1,1,19,19,0,0,0,77337530,0.03979,0.00781,0.95117,0.95204,-0.00585,-0.00055,-0.00194,0.00619,0.95653,0.00671,0.00642,3,12117,0,7161,0.00000,0.00000,0.00000,0,0,nan,0,0,0,2599,187491,0,0,0.000,0.000,0.000,0,0.000,0.000,0.000,0,0,4,0,0
PPG,3,109236,4370991552,25,536,535,0.000,0.000,0.000,0,0,0,0,0.00,nan,4,3,1,nan,3,3,24,1,1,20,20,0,0,0,77375854,0.04028,0.00610,0.94824,0.94912,-0.00505,-0.00081,-0.00061,0.00515,0.94912,0.00298,0.00550,2,21469,0,7162,0.00000,0.00000,0.00000,0,0,nan,0,0,0,2606,187491,0,0,0.000,0.000,0.000,0,0.000,0.000,0.000,0,0,4,0,0
PPG,3,109237,4371031552,25,532,525,0.000,0.000,0.000,0,0,0,0,0.00,nan,4,3,1,nan,3,3,24,1,1,21,21,0,0,0,77417300,0.04053,0.00635,0.94775,0.94864,-0.00665,-0.00001,-0.00087,0.00671,0.95864,0.00952,0.00671,3,12277,0,7162,0.00000,0.00000,0.00000,0,0,nan,0,0,0,2644,187491,0,0,0.000,0.000,0.000,0,0.000,0.000,0.000,0,0,4,0,0
PPG,3,109238,4371071552,25,539,527,0.000,0.000,0.000,0,0,0,0,0.00,nan,4,3,1,nan,3,3,24,1,1,22,22,0,0,0,77458561,0.04150,0.00952,0.94800,0.94895,-0.00479,-0.00081,-0.00141,0.00505,0.95676,0.01275,0.00544,3,12112,0,7162,0.00000,0.00000,0.00000,0,0,nan,0,0,0,4301,187491,0,0,0.000,0.000,0.000,0,0.000,0.000,0.000,0,0,4,0,0
PPG,3,109239,4371111552,25,536,529,0.000,0.000,0.000,0,0,0,0,0.00,nan,4,3,1,nan,3,3,24,1,1,23,23,0,0,0,77497066,0.03882,0.00830,0.95337,0.95420,-0.00479,-0.00081,-0.00194,0.00523,0.95512,0.00593,0.00622,3,12111,0,7162,0.00000,0.00000,0.00000,0,0,nan,0,0,0,2594,187491,0,0,0.000,0.000,0.000,0,0.000,0.000,0.000,0,0,4,0,0
PPG,3,109240,4371151552,26,544,529,0.000,0.000,0.000,0,0,0,0,0.00,nan,4,3,1,nan,3,3,24,1,1,24,24,0,0,0,77538373,0.03857,0.00659,0.94849,0.94929,-0.00558,-0.00055,-0.00247,0.00613,0.94929,0.00535,0.00660,3,12241,0,7162,0.00000,0.00000,0.00000,0,0,nan,0,0,0,4299,187491,0,0,0.000,0.000,0.000,0,0.000,0.000,0.000,0,0,4,0,0
PPG,3,109241,4371191552,25,533,531,0.000,0.000,0.000,0,0,0,0,0.00,nan,4,3,1,nan,3,3,24,1,1,25,25,0,0,0,77577038,0.03735,0.00391,0.94946,0.95021,-0.00638,-0.00215,-0.00167,0.00694,0.95312,0.00449,0.00696,3,12166,0,7162,0.00000,0.00000,0.00000,0,0,nan,0,0,0,2603,187491,0,0,0.000,0.000,0.000,0,0.000,0.000,0.000,0,0,4,0,0
PPG,3,109242,4371231552,31,526,530,0.000,0.000,0.000,0,0,0,0,0.00,nan,4,3,1,nan,3,3,24,1,1,26,26,0,0,0,77618482,0.03687,0.00610,0.94482,0.94556,-0.00532,0.00105,-0.00247,0.00596,0.95682,0.01126,0.00662,3,12300,0,7162,0.00000,0.00000,0.00000,0,0,nan,0,0,0,4323,187491,0,0,0.000,0.000,0.000,0,0.000,0.000,0.000,0,0,4,0,0
PPG,3,109243,4371271552,26,532,524,0.000,0.000,0.000,0,0,0,0,0.00,nan,4,3,1,nan,3,3,24,1,1,27,27,0,0,0,77657375,0.03711,0.00586,0.95361,0.95435,-0.00612,0.00132,-0.00247,0.00673,0.95725,0.01238,0.00673,3,12250,0,7162,0.00000,0.00000,0.00000,0,0,nan,0,0,0,2655,187491,0,0,0.000,0.000,0.000,0,0.000,0.000,0.000,0,0,4,0,0
PPG,3,109244,4371311552,31,527,533,0.000,0.000,0.000,0,0,0,0,0.00,nan,4,3,1,nan,3,3,24,1,1,28,28,0,0,0,77698870,0.03735,0.00659,0.95581,0.95656,-0.00638,0.00079,-0.00194,0.00672,0.95656,0.01088,0.00693,3,12211,0,7162,0.00000,0.00000,0.00000,0,0,nan,0,0,0,4327,187491,0,0,0.000,0.000,0.000,0,0.000,0.000,0.000,0,0,4,0,0
PPG,3,109245,4371351552,25,538,531,0.000,0.000,0.000,0,0,0,0,0.00,nan,4,3,1,nan,3,3,24,1,1,29,29,0,0,0,77737859,0.03613,0.00659,0.95361,0.95432,-0.00585,-0.00161,-0.00300,0.00677,0.95432,0.00812,0.00677,3,12244,0,7162,0.00000,0.00000,0.00000,0,0,nan,0,0,0,2640,187491,0,0,0.000,0.000,0.000,0,0.000,0.000,0.000,0,0,4,0,0
PPG,3,109246,4371391552,25,535,535,0.000,0.000,0.000,0,0,0,0,0.00,nan,4,3,1,nan,3,3,24,1,1,30,30,0,0,0,77779394,0.04126,0.00708,0.95361,0.95453,-0.00585,-0.00001,-0.00167,0.00609,0.95453,0.00717,0.00670,3,12240,0,7162,0.00000,0.00000,0.00000,0,0,nan,0,0,0,4314,187491,0,0,0.000,0.000,0.000,0,0.000,0.000,0.000,0,0,4,0,0
PPG,3,109247,4371431552,25,538,533,0.000,0.000,0.000,0,0,0,0,0.00,nan,4,3,1,nan,3,3,24,1,1,31,31,0,0,0,77818309,0.04028,-0.00098,0.95703,0.95788,-0.00612,-0.00321,-0.00274,0.00743,0.95788,0.00619,0.00743,3,12309,0,7162,0.00000,0.00000,0.00000,0,0,nan,0,0,0,4343,187491,0,0,0.000,0.000,0.000,0,0.000,0.000,0.000,0,0,4,0,0
PPG,3,109248,4371471552,30,531,531,0.000,0.000,0.000,0,0,0,0,0.00,nan,4,3,1,nan,3,3,24,1,1,0,0,0,0,0,77857155,0.03467,0.00635,0.94727,0.94792,-0.00612,-0.00215,-0.00114,0.00658,0.95248,0.01448,0.00658,3,12230,0,7162,0.00000,0.00000,0.00000,0,0,nan,0,0,0,2618,187491,0,0,0.000,0.000,0.000,0,0.000,0.000,0.000,0,0,4,0,0
PPG,3,109249,4371511552,26,526,524,0.000,0.000,0.000,0,0,0,0,0.00,nan,4,3,1,nan,3,3,24,1,1,1,1,0,0,0,77898639,0.03687,0.00635,0.95142,0.95215,-0.00558,-0.00348,-0.00061,0.00661,0.96452,0.01237,0.00661,3,12257,0,7162,0.00000,0.00000,0.00000,0,0,nan,0,0,0,4338,187491,0,0,0.000,0.000,0.000,0,0.000,0.000,0.000,0,0,4,0,0
PPG,3,109250,4371551552,25,528,524,0.000,0.000,0.000,0,0,0,0,0.00,nan,4,3,1,nan,3,3,24,1,1,2,2,0,0,0,77937597,0.03735,0.00537,0.94409,0.94485,-0.00692,-0.00135,-0.00114,0.00714,0.95930,0.01446,0.00714,3,12262,0,7162,0.00000,0.00000,0.00000,0,0,nan,0,0,0,2611,187491,0,0,0.000,0.000,0.000,0,0.000,0.000,0.000,0,0,4,0,0
PPG,3,109251,4371591552,25,534,534,0.000,0.000,0.000,0,0,0,0,0.00,nan,4,3,1,nan,3,3,24,1,1,3,3,0,0,0,77979000,0.03979,0.00781,0.95313,0.95399,-0.00505,-0.00108,-0.00167,0.00543,0.95435,0.00951,0.00745,3,12239,0,7162,0.00000,0.00000,0.00000,0,0,nan,0,0,0,4354,187491,0,0,0.000,0.000,0.000,0,0.000,0.000,0.000,0,0,4,0,0
PPG,3,109252,4371631552,25,529,531,0.000,0.000,0.000,0,0,0,0,0.00,nan,4,3,1,nan,3,3,24,1,1,4,4,0,0,0,78017876,0.03906,0.00537,0.95410,0.95492,-0.00612,-0.00135,-0.00007,0.00626,0.95554,0.00220,0.00626,3,12265,0,7162,0.00000,0.00000,0.00000,0,0,nan,0,0,0,2638,187491,0,0,0.000,0.000,0.000,0,0.000,0.000,0.000,0,0,4,0,0
PPG,3,109253,4371671552,25,542,533,0.000,0.000,0.000,0,0,0,0,0.00,nan,4,3,1,nan,3,3,24,1,1,5,5,0,0,0,78059382,0.03931,0.01196,0.94482,0.94572,-0.00505,0.00105,-0.00141,0.00535,0.95711,0.00837,0.00637,3,12256,0,7162,0.00000,0.00000,0.00000,0,0,nan,0,0,0,4333,187491,0,0,0.000,0.000,0.000,0,0.000,0.000,0.000,0,0,4,0,0
PPG,3,109254,4371711552,25,536,531,0.000,0.000,0.000,0,0,0,0,0.00,nan,4,3,1,nan,3,3,24,1,1,6,6,0,0,0,78098198,0.03442,0.00635,0.94409,0.94474,-0.00585,0.00132,-0.00274,0.00659,0.95348,0.00874,0.00659,3,12227,0,7162,0.00000,0.00000,0.00000,0,0,nan,0,0,0,2624,187491,0,0,0.000,0.000,0.000,0,0.000,0.000,0.000,0,0,4,0,0
PPG,3,109255,4371751552,26,526,532,0.000,0.000,0.000,0,0,0,0,0.00,nan,4,3,1,nan,3,3,24,1,1,7,7,0,0,0,78139752,0.04175,0.00684,0.95264,0.95358,-0.00692,-0.00081,-0.00087,0.00702,0.95610,0.01136,0.00702,3,12248,0,7162,0.00000,0.00000,0.00000,0,0,nan,0,0,0,4343,187491,0,0,0.000,0.000,0.000,0,0.000,0.000,0.000,0,0,4,0,0
PPG,3,109256,4371791552,25,528,528,0.000,0.000,0.000,0,0,0,0,0.00,nan,4,3,1,nan,3,3,24,1,1,8,8,0,0,0,78178578,0.03491,0.00610,0.94409,0.94476,-0.00505,-0.00001,-0.00167,0.00532,0.95564,0.01088,0.00614,3,12216,0,7162,0.00000,0.00000,0.00000,0,0,nan,0,0,0,4325,187491,0,0,0.000,0.000,0.000,0,0.000,0.000,0.000,0,0,4,0,0
PPG,3,109257,4371831552,25,538,531,0.000,0.000,0.000,0,0,0,0,0.00,nan,4,3,1,nan,3,3,24,1,1,9,9,0,0,0,78217421,0.03589,0.01025,0.94922,0.94995,-0.00585,-0.00028,-0.00061,0.00589,0.95169,0.00693,0.00656,3,12280,0,7162,0.00000,0.00000,0.00000,0,0,nan,0,0,0,2627,187491,0,0,0.000,0.000,0.000,0,0.000,0.000,0.000,0,0,4,0,0
PPG,3,109258,4371871552,25,539,530,0.000,0.000,0.000,0,0,0,0,0.00,nan,4,3,1,nan,3,3,24,1,1,10,10,0,0,0,78258775,0.03418,0.00952,0.95068,0.95135,-0.00558,-0.00001,-0.00167,0.00583,0.95404,0.00572,0.00660,3,12311,0,7162,0.00000,0.00000,0.00000,0,0,nan,0,0,0,4313,187491,0,0,0.000,0.000,0.000,0,0.000,0.000,0.000,0,0,4,0,0
PPG,3,109259,4371911552,25,534,528,0.000,0.000,0.000,0,0,0,0,0.00,nan,4,3,1,nan,3,3,24,1,1,11,11,0,0,0,78297322,0.04272,0.00708,0.94995,0.95094,-0.00479,-0.00028,-0.00087,0.00487,0.95140,0.00162,0.00563,3,12143,0,7162,0.00000,0.00000,0.00000,0,0,nan,0,0,0,2596,187491,0,0,0.000,0.000,0.000,0,0.000,0.000,0.000,0,0,4,0,0
PPG,3,109260,4371951552,25,533,529,0.000,0.000,0.000,0,0,0,0,0.00,nan,4,3,1,nan,3,3,24,1,1,12,12,0,0,0,78338488,0.03955,0.00708,0.94897,0.94982,-0.00532,-0.00028,-0.00274,0.00599,0.94982,0.00206,0.00651,3,12133,0,7162,0.00000,0.00000,0.00000,0,0,nan,0,0,0,2596,187491,0,0,0.000,0.000,0.000,0,0.000,0.000,0.000,0,0,4,0,0
PPG,3,109261,4371991552,25,536,537,0.000,0.000,0.000,0,0,0,0,0.00,nan,4,3,1,nan,3,3,24,1,1,13,13,0,0,0,78376817,0.03613,0.01050,0.95093,0.95167,-0.00505,-0.00028,-0.00087,0.00513,0.95167,0.00133,0.00598,2,21474,0,7163,0.00000,0.00000,0.00000,0,0,nan,0,0,0,2595,187491,0,0,0.000,0.000,0.000,0,0.000,0.000,0.000,0,0,4,0,0
PPG,3,109262,4372031552,37,536,528,0.000,0.000,0.000,0,0,0,0,0.00,nan,4,3,1,nan,3,3,24,1,1,14,14,0,0,0,78418041,0.03760,0.00732,0.94800,0.94877,-0.00585,-0.00055,-0.00114,0.00599,0.95563,0.00788,0.00599,3,12122,0,7163,0.00000,0.00000,0.00000,0,0,nan,0,0,0,2644,187491,0,0,0.000,0.000,0.000,0,0.000,0.000,0.000,0,0,4,0,0
PPG,3,109263,4372071552,26,533,541,0.000,0.000,0.000,0,0,0,0,0.00,nan,4,3,1,nan,3,3,24,1,1,15,15,0,0,0,78459353,0.04370,0.00464,0.95093,0.95194,-0.00558,-0.00081,-0.00061,0.00568,0.95194,0.00225,0.00655,3,12125,0,7163,0.00000,0.00000,0.00000,0,0,nan,0,0,0,4301,187491,0,0,0.000,0.000,0.000,0,0.000,0.000,0.000,0,0,4,0,0
PPG,3,109264,4372111552,25,522,510,0.000,0.000,0.000,0,0,0,0,0.00,nan,4,3,1,nan,3,3,24,1,1,16,16,0,0,0,78497862,0.03882,0.00537,0.95190,0.95271,-0.00558,-0.00001,-0.00167,0.00583,0.95271,0.00587,0.00630,3,12110,0,7163,0.00000,0.00000,0.00000,0,0,nan,0,0,0,2600,187491,0,0,0.000,0.000,0.000,0,0.000,0.000,0.000,0,0,4,0,0
PPG,3,109265,4372151552,25,528,535,0.000,0.000,0.000,0,0,0,0,0.00,nan,4,3,1,nan,3,3,24,1,1,17,17,0,0,0,78539050,0.03784,0.00830,0.95679,0.95757,-0.00585,0.00025,-0.00167,0.00609,0.95860,0.01018,0.00642,3,12156,0,7163,0.00000,0.00000,0.00000,0,0,nan,0,0,0,4305,187491,0,0,0.000,0.000,0.000,0,0.000,0.000,0.000,0,0,4,0,0
PPG,3,109266,4372191552,25,531,533,0.000,0.000,0.000,0,0,0,0,0.00,nan,4,3,1,nan,3,3,24,1,1,18,18,0,0,0,78577575,0.03857,0.00684,0.94727,0.94808,-0.00612,-0.00081,-0.00114,0.00628,0.95230,0.00527,0.00673,3,12125,0,7163,0.00000,0.00000,0.00000,0,0,nan,0,0,0,2595,187491,0,0,0.000,0.000,0.000,0,0.000,0.000,0.000,0,0,4,0,0
PPG,3,109267,4372231552,25,542,534,0.000,0.000,0.000,0,0,0,0,0.00,nan,4,3,1,nan,3,3,24,1,1,19,19,0,0,0,78618713,0.03931,0.01001,0.94971,0.95057,-0.00558,-0.00028,-0.00247,0.00611,0.95498,0.00870,0.00721,3,12124,0,7163,0.00000,0.00000,0.00000,0,0,nan,0,0,0,4301,187491,0,0,0.000,0.000,0.000,0,0.000,0.000,0.000,0,0,4,0,0
PPG,3,109268,4372271552,25,533,543,0.000,0.000,0.000,0,0,0,0,0.00,nan,4,3,1,nan,3,3,24,1,1,20,20,0,0,0,78657297,0.04102,0.00269,0.95752,0.95840,-0.00638,0.00052,-0.00114,0.00651,0.95840,0.00986,0.00686,3,12127,0,7163,0.00000,0.00000,0.00000,0,0,nan,0,0,0,2597,187491,0,0,0.000,0.000,0.000,0,0.000,0.000,0.000,0,0,4,0,0
PPG,3,109269,4372311552,25,526,519,0.000,0.000,0.000,0,0,0,0,0.00,nan,4,3,1,nan,3,3,24,1,1,21,21,0,0,0,78698421,0.03809,0.00684,0.95068,0.95147,-0.00558,-0.00028,-0.00221,0.00601,0.95237,0.00783,0.00644,3,12130,0,7163,0.00000,0.00000,0.00000,0,0,nan,0,0,0,2601,187491,0,0,0.000,0.000,0.000,0,0.000,0.000,0.000,0,0,4,0,0
PPG,3,109270,4372351552,25,534,526,0.000,0.000,0.000,0,0,0,0,0.00,nan,4,3,1,nan,3,3,24,1,1,22,22,0,0,0,78739590,0.03760,0.00708,0.94629,0.94706,-0.00638,0.00079,-0.00167,0.00665,0.95309,0.00573,0.00665,3,12173,0,7163,0.00000,0.00000,0.00000,0,0,nan,0,0,0,4296,187491,0,0,0.000,0.000,0.000,0,0.000,0.000,0.000,0,0,4,0,0
PPG,3,109271,4372391552,31,534,529,0.000,0.000,0.000,0,0,0,0,0.00,nan,4,3,1,nan,3,3,24,1,1,23,23,0,0,0,78778117,0.03687,0.00415,0.95166,0.95238,-0.00532,-0.00028,-0.00167,0.00558,0.95560,0.00854,0.00577,3,12128,0,7163,0.00000,0.00000,0.00000,0,0,nan,0,0,0,2595,187491,0,0,0.000,0.000,0.000,0,0.000,0.000,0.000,0,0,4,0,0
PPG,3,109272,4372431552,25,532,535,0.000,0.000,0.000,0,0,0,0,0.00,nan,4,3,1,nan,3,3,24,1,1,24,24,0,0,0,78819280,0.03613,0.00366,0.95166,0.95235,-0.00532,-0.00055,-0.00167,0.00560,0.95235,0.00376,0.00632,3,12141,0,7163,0.00000,0.00000,0.00000,0,0,nan,0,0,0,4298,187491,0,0,0.000,0.000,0.000,0,0.000,0.000,0.000,0,0,4,0,0
PPG,3,109273,4372471552,25,533,542,0.000,0.000,0.000,0,0,0,0,0.00,nan,4,3,1,nan,3,3,24,1,1,25,25,0,0,0,78857829,0.03564,0.00513,0.95605,0.95673,-0.00532,-0.00135,-0.00141,0.00566,0.95673,0.00442,0.00651,3,12112,0,7163,0.00000,0.00000,0.00000,0,0,nan,0,0,0,2596,187491,0,0,0.000,0.000,0.000,0,0.000,0.000,0.000,0,0,4,0,0
PPG,3,109274,4372511552,25,521,513,0.000,0.000,0.000,0,0,0,0,0.00,nan,4,3,1,nan,3,3,24,1,1,26,26,0,0,0,78898947,0.04028,0.00146,0.95532,0.95617,-0.00612,-0.00055,-0.00141,0.00630,0.95617,0.00963,0.00743,3,12124,0,7163,0.00000,0.00000,0.00000,0,0,nan,0,0,0,4295,187491,0,0,0.000,0.000,0.000,0,0.000,0.000,0.000,0,0,4,0,0
PPG,3,109275,4372551552,25,516,519,0.000,0.000,0.000,0,0,0,0,0.00,nan,4,3,1,nan,3,3,24,1,1,27,27,0,0,0,78937472,0.03931,0.00708,0.95166,0.95250,-0.00638,-0.00081,-0.00061,0.00646,0.95385,0.00271,0.00708,3,12143,0,7163,0.00000,0.00000,0.00000,0,0,nan,0,0,0,2594,187491,0,0,0.000,0.000,0.000,0,0.000,0.000,0.000,0,0,4,0,0
PPG,3,109276,4372591552,25,516,517,0.000,0.000,0.000,0,0,0,0,0.00,nan,4,3,1,nan,3,3,24,1,1,28,28,0,0,0,78978627,0.03638,0.00781,0.94897,0.94970,-0.00665,-0.00001,-0.00114,0.00675,0.95926,0.00956,0.00675,3,12129,0,7163,0.00000,0.00000,0.00000,0,0,nan,0,0,0,2595,187491,0,0,0.000,0.000,0.000,0,0.000,0.000,0.000,0,0,4,0,0
PPG,3,109277,4372631552,25,526,526,0.000,0.000,0.000,0,0,0,0,0.00,nan,4,3,1,nan,3,3,24,1,1,29,29,0,0,0,79019763,0.03613,0.00659,0.94702,0.94773,-0.00532,-0.00108,-0.00114,0.00554,0.95850,0.00880,0.00663,3,12123,0,7163,0.00000,0.00000,0.00000,0,0,nan,0,0,0,4302,187491,0,0,0.000,0.000,0.000,0,0.000,0.000,0.000,0,0,4,0,0
PPG,3,109278,4372671552,26,541,532,0.000,0.000,0.000,0,0,0,0,0.00,nan,4,3,1,nan,3,3,24,1,1,30,30,0,0,0,79058315,0.03809,0.00708,0.95654,0.95733,-0.00612,-0.00055,-0.00167,0.00637,0.95733,0.00929,0.00686,3,12118,0,7163,0.00000,0.00000,0.00000,0,0,nan,0,0,0,2604,187491,0,0,0.000,0.000,0.000,0,0.000,0.000,0.000,0,0,4,0,0
PPG,3,109279,4372711552,25,532,539,0.000,0.000,0.000,0,0,0,0,0.00,nan,4,3,1,nan,3,3,24,1,1,31,31,0,0,0,79099428,0.04150,0.00513,0.94995,0.95087,-0.00585,-0.00081,-0.00141,0.00607,0.95344,0.00873,0.00686,3,12114,0,7163,0.00000,0.00000,0.00000,0,0,nan,0,0,0,4299,187491,0,0,0.000,0.000,0.000,0,0.000,0.000,0.000,0,0,4,0,0
PPG,3,109280,4372751552,25,527,537,0.000,0.000,0.000,0,0,0,0,0.00,nan,4,3,1,nan,3,3,24,1,1,0,0,0,0,0,79137962,0.03735,0.00562,0.95215,0.95290,-0.00479,-0.00055,-0.00221,0.00530,0.95768,0.01089,0.00697,3,12137,0,7163,0.00000,0.00000,0.00000,0,0,nan,0,0,0,2599,187491,0,0,0.000,0.000,0.000,0,0.000,0.000,0.000,0,0,4,0,0
PPG,3,109281,4372791552,25,520,523,0.000,0.000,0.000,0,0,0,0,0.00,nan,4,3,1,nan,3,3,24,1,1,1,1,0,0,0,79179183,0.03906,0.00562,0.95068,0.95150,-0.00638,-0.00055,-0.00194,0.00669,0.95235,0.00481,0.00684,3,12134,0,7163,0.00000,0.00000,0.00000,0,0,nan,0,0,0,4294,187491,0,0,0.000,0.000,0.000,0,0.000,0.000,0.000,0,0,4,0,0
PPG,3,109282,4372831552,25,535,536,0.000,0.000,0.000,0,0,0,0,0.00,nan,4,3,1,nan,3,3,24,1,1,2,2,0,0,0,79217688,0.03857,0.00195,0.95239,0.95318,-0.00558,0.00079,-0.00141,0.00581,0.95318,0.00454,0.00676,3,12113,0,7163,0.00000,0.00000,0.00000,0,0,nan,0,0,0,2599,187491,0,0,0.000,0.000,0.000,0,0.000,0.000,0.000,0,0,4,0,0
PPG,3,109283,4372871552,25,540,532,0.000,0.000,0.000,0,0,0,0,0.00,nan,4,3,1,nan,3,3,24,1,1,3,3,0,0,0,79258865,0.03906,0.01001,0.94873,0.94959,-0.00585,-0.00081,-0.00274,0.00651,0.94959,0.00726,0.00665,3,12120,0,7163,0.00000,0.00000,0.00000,0,0,nan,0,0,0,4299,187491,0,0,0.000,0.000,0.000,0,0.000,0.000,0.000,0,0,4,0,0
PPG,3,109284,4372911552,25,537,538,0.000,0.000,0.000,0,0,0,0,0.00,nan,4,3,1,nan,3,3,24,1,1,4,4,0,0,0,79297379,0.03320,0.00439,0.94824,0.94883,-0.00585,-0.00028,0.00019,0.00586,0.95263,0.00599,0.00588,3,12119,0,7163,0.00000,0.00000,0.00000,0,0,nan,0,0,0,2605,187491,0,0,0.000,0.000,0.000,0,0.000,0.000,0.000,0,0,4,0,0
PPG,3,109285,4372951552,26,529,533,0.000,0.000,0.000,0,0,0,0,0.00,nan,4,3,1,nan,3,3,24,1,1,5,5,0,0,0,79338486,0.03687,0.01294,0.95435,0.95515,-0.00558,0.00052,-0.00167,0.00585,0.95515,0.00336,0.00594,3,12117,0,7163,0.00000,0.00000,0.00000,0,0,nan,0,0,0,2615,187491,0,0,0.000,0.000,0.000,0,0.000,0.000,0.000,0,0,4,0,0
PPG,3,109286,4372991552,25,514,523,0.000,0.000,0.000,0,0,0,0,0.00,nan,4,3,1,nan,3,3,24,1,1,6,6,0,0,0,79376805,0.03638,0.01294,0.95313,0.95391,-0.00558,-0.00055,-0.00141,0.00578,0.95603,0.00213,0.00578,2,21466,0,7164,0.00000,0.00000,0.00000,0,0,nan,0,0,0,2595,187491,0,0,0.000,0.000,0.000,0,0.000,0.000,0.000,0,0,4,0,0
PPG,3,109287,4373031552,25,523,521,0.000,0.000,0.000,0,0,0,0,0.00,nan,4,3,1,nan,3,3,24,1,1,7,7,0,0,0,79418017,0.04175,0.00684,0.95068,0.95162,-0.00532,-0.00055,-0.00141,0.00553,0.95162,0.00610,0.00585,3,12113,0,7164,0.00000,0.00000,0.00000,0,0,nan,0,0,0,2600,187491,0,0,0.000,0.000,0.000,0,0.000,0.000,0.000,0,0,4,0,0
PPG,3,109288,4373071552,25,511,515,0.000,0.000,0.000,0,0,0,0,0.00,nan,4,3,1,nan,3,3,24,1,1,8,8,0,0,0,79459371,0.04126,0.00977,0.95313,0.95407,-0.00479,-0.00001,-0.00034,0.00480,0.95407,0.00588,0.00603,3,12292,0,7164,0.00000,0.00000,0.00000,0,0,nan,0,0,0,4338,187491,0,0,0.000,0.000,0.000,0,0.000,0.000,0.000,0,0,4,0,0
PPG,3,109289,4373111552,39,546,534,0.000,0.000,0.000,0,0,0,0,0.00,nan,4,3,1,nan,3,3,24,1,1,9,9,0,0,0,79498081,0.03882,0.00513,0.95337,0.95417,-0.00612,-0.00081,-0.00114,0.00628,0.95653,0.00819,0.00628,3,12111,0,7164,0.00000,0.00000,0.00000,0,0,nan,0,0,0,2595,187491,0,0,0.000,0.000,0.000,0,0.000,0.000,0.000,0,0,4,0,0
PPG,3,109290,4373151552,25,531,518,0.000,0.000,0.000,0,0,0,0,0.00,nan,4,3,1,nan,3,3,24,1,1,10,10,0,0,0,79539301,0.03735,0.00635,0.95020,0.95095,-0.00558,-0.00108,-0.00167,0.00593,0.95095,0.00396,0.00609,3,12116,0,7164,0.00000,0.00000,0.00000,0,0,nan,0,0,0,4298,187491,0,0,0.000,0.000,0.000,0,0.000,0.000,0.000,0,0,4,0,0
PPG,3,109291,4373191552,25,536,524,0.000,0.000,0.000,0,0,0,0,0.00,nan,4,3,1,nan,3,3,24,1,1,11,11,0,0,0,79577946,0.04199,0.00830,0.95093,0.95189,-0.00558,-0.00081,-0.00114,0.00576,0.95442,0.00253,0.00588,3,12169,0,7164,0.00000,0.00000,0.00000,0,0,nan,0,0,0,2601,187491,0,0,0.000,0.000,0.000,0,0.000,0.000,0.000,0,0,4,0,0
PPG,3,109292,4373231552,25,532,533,0.000,0.000,0.000,0,0,0,0,0.00,nan,4,3,1,nan,3,3,24,1,1,12,12,0,0,0,79619301,0.04150,0.00439,0.94653,0.94745,-0.00638,-0.00028,-0.00114,0.00649,0.95196,0.00333,0.00649,3,12290,0,7164,0.00000,0.00000,0.00000,0,0,nan,0,0,0,4298,187491,0,0,0.000,0.000,0.000,0,0.000,0.000,0.000,0,0,4,0,0
PPG,3,109293,4373271552,29,532,538,0.000,0.000,0.000,0,0,0,0,0.00,nan,4,3,1,nan,3,3,24,1,1,13,13,0,0,0,79658146,0.03784,0.00659,0.94531,0.94609,-0.00612,-0.00135,-0.00061,0.00629,0.95294,0.00685,0.00629,3,12437,0,7164,0.00000,0.00000,0.00000,0,0,nan,0,0,0,2618,187491,0,0,0.000,0.000,0.000,0,0.000,0.000,0.000,0,0,4,0,0
PPG,3,109294,4373311552,25,536,533,0.000,0.000,0.000,0,0,0,0,0.00,nan,4,3,1,nan,3,3,24,1,1,14,14,0,0,0,79699641,0.03809,0.00903,0.95264,0.95344,-0.00638,-0.00161,-0.00114,0.00668,0.95344,0.00680,0.00699,3,12269,0,7164,0.00000,0.00000,0.00000,0,0,nan,0,0,0,4361,187491,0,0,0.000,0.000,0.000,0,0.000,0.000,0.000,0,0,4,0,0
PPG,3,109295,4373351552,26,531,527,0.000,0.000,0.000,0,0,0,0,0.00,nan,4,3,1,nan,3,3,24,1,1,15,15,0,0,0,79738542,0.03662,0.00757,0.95190,0.95264,-0.00585,-0.00188,-0.00114,0.00625,0.95611,0.00618,0.00625,3,12242,0,7164,0.00000,0.00000,0.00000,0,0,nan,0,0,0,2611,187491,0,0,0.000,0.000,0.000,0,0.000,0.000,0.000,0,0,4,0,0
PPG,3,109296,4373391552,33,525,534,0.000,0.000,0.000,0,0,0,0,0.00,nan,4,3,1,nan,3,3,24,1,1,16,16,0,0,0,79780076,0.03979,0.00684,0.95557,0.95642,-0.00585,-0.00135,-0.00114,0.00611,0.95642,0.00737,0.00741,3,12250,0,7164,0.00000,0.00000,0.00000,0,0,nan,0,0,0,4340,187491,0,0,0.000,0.000,0.000,0,0.000,0.000,0.000,0,0,4,0,0
PPG,3,109297,4373431552,25,539,534,0.000,0.000,0.000,0,0,0,0,0.00,nan,4,3,1,nan,3,3,24,1,1,17,17,0,0,0,79819015,0.04199,0.00586,0.95557,0.95651,-0.00612,-0.00108,-0.00167,0.00643,0.95651,0.00847,0.00643,3,12277,0,7164,0.00000,0.00000,0.00000,0,0,nan,0,0,0,4338,187491,0,0,0.000,0.000,0.000,0,0.000,0.000,0.000,0,0,4,0,0
PPG,3,109298,4373471552,25,539,543,0.000,0.000,0.000,0,0,0,0,0.00,nan,4,3,1,nan,3,3,24,1,1,18,18,0,0,0,79857857,0.03613,0.00073,0.95435,0.95503,-0.00479,-0.00028,-0.00141,0.00500,0.95503,0.00256,0.00689,3,12269,0,7164,0.00000,0.00000,0.00000,0,0,nan,0,0,0,2654,187491,0,0,0.000,0.000,0.000,0,0.000,0.000,0.000,0,0,4,0,0
PPG,3,109299,4373511552,25,522,535,0.000,0.000,0.000,0,0,0,0,0.00,nan,4,3,1,nan,3,3,24,1,1,19,19,0,0,0,79899407,0.04102,0.00732,0.94971,0.95062,-0.00638,-0.00108,-0.00167,0.00669,0.95313,0.00381,0.00669,3,12244,0,7164,0.00000,0.00000,0.00000,0,0,nan,0,0,0,4313,187491,0,0,0.000,0.000,0.000,0,0.000,0.000,0.000,0,0,4,0,0
PPG,3,109300,4373551552,25,523,534,0.000,0.000,0.000,0,0,0,0,0.00,nan,4,3,1,nan,3,3,24,1,1,20,20,0,0,0,79938288,0.03784,0.00928,0.95190,0.95270,-0.00505,-0.00055,-0.00141,0.00527,0.95588,0.00318,0.00771,3,12284,0,7164,0.00000,0.00000,0.00000,0,0,nan,0,0,0,2637,187491,0,0,0.000,0.000,0.000,0,0.000,0.000,0.000,0,0,4,0,0
PPG,3,109301,4373591552,25,533,522,0.000,0.000,0.000,0,0,0,0,0.00,nan,4,3,1,nan,3,3,24,1,1,21,21,0,0,0,79979882,0.03760,0.00854,0.94702,0.94781,-0.00692,-0.00028,-0.00167,0.00712,0.95457,0.00725,0.00726,3,12259,0,7164,0.00000,0.00000,0.00000,0,0,nan,0,0,0,4330,187491,0,0,0.000,0.000,0.000,0,0.000,0.000,0.000,0,0,4,0,0
PPG,3,109302,4373631552,25,531,520,0.000,0.000,0.000,0,0,0,0,0.00,nan,4,3,1,nan,3,3,24,1,1,22,22,0,0,0,80018662,0.04028,0.00659,0.94922,0.95010,-0.00532,0.00025,-0.00087,0.00540,0.95310,0.00598,0.00602,3,12229,0,7164,0.00000,0.00000,0.00000,0,0,nan,0,0,0,2629,187491,0,0,0.000,0.000,0.000,0,0.000,0.000,0.000,0,0,4,0,0
PPG,3,109303,4373671552,25,537,533,0.000,0.000,0.000,0,0,0,0,0.00,nan,4,3,1,nan,3,3,24,1,1,23,23,0,0,0,80060130,0.04053,0.00366,0.95435,0.95521,-0.00532,0.00025,-0.00247,0.00587,0.95521,0.00481,0.00587,3,12231,0,7164,0.00000,0.00000,0.00000,0,0,nan,0,0,0,4338,187491,0,0,0.000,0.000,0.000,0,0.000,0.000,0.000,0,0,4,0,0
PPG,3,109304,4373711552,25,534,529,0.000,0.000,0.000,0,0,0,0,0.00,nan,4,3,1,nan,3,3,24,1,1,24,24,0,0,0,80099002,0.03882,0.00537,0.95166,0.95247,-0.00558,-0.00001,-0.00327,0.00647,0.95693,0.00625,0.00660,3,12240,0,7164,0.00000,0.00000,0.00000,0,0,nan,0,0,0,2635,187491,0,0,0.000,0.000,0.000,0,0.000,0.000,0.000,0,0,4,0,0
PPG,3,109305,4373751552,25,534,535,0.000,0.000,0.000,0,0,0,0,0.00,nan,4,3,1,nan,3,3,24,1,1,25,25,0,0,0,80140475,0.03687,0.00293,0.95361,0.95433,-0.00558,-0.00081,-0.00221,0.00606,0.95519,0.00236,0.00648,3,12239,0,7164,0.00000,0.00000,0.00000,0,0,nan,0,0,0,4337,187491,0,0,0.000,0.000,0.000,0,0.000,0.000,0.000,0,0,4,0,0
PPG,3,109306,4373791552,25,529,522,0.000,0.000,0.000,0,0,0,0,0.00,nan,4,3,1,nan,3,3,24,1,1,26,26,0,0,0,80179366,0.03857,0.00659,0.94775,0.94856,-0.00532,-0.00135,-0.00194,0.00582,0.95241,0.00218,0.00710,3,12246,0,7164,0.00000,0.00000,0.00000,0,0,nan,0,0,0,4330,187491,0,0,0.000,0.000,0.000,0,0.000,0.000,0.000,0,0,4,0,0
PPG,3,109307,4373831552,26,532,533,0.000,0.000,0.000,0,0,0,0,0.00,nan,4,3,1,nan,3,3,24,1,1,27,27,0,0,0,80218228,0.04248,0.00488,0.95435,0.95530,-0.00532,-0.00108,-0.00221,0.00586,0.95530,0.00816,0.00642,3,12238,0,7164,0.00000,0.00000,0.00000,0,0,nan,0,0,0,2626,187491,0,0,0.000,0.000,0.000,0,0.000,0.000,0.000,0,0,4,0,0
PPG,3,109308,4373871552,29,532,527,0.000,0.000,0.000,0,0,0,0,0.00,nan,4,3,1,nan,3,3,24,1,1,28,28,0,0,0,80296330,0.03662,0.01025,0.95410,0.95486,-0.00505,-0.00055,-0.00221,0.00554,0.95486,0.00246,0.00611,2,61162,0,7169,0.00000,0.00000,0.00000,0,0,nan,0,0,0,61182,187491,0,0,0.000,0.000,0.000,0,0.000,0.000,0.000,0,0,4,0,0
PPG,3,109309,4373911552,23,535,531,0.000,0.000,0.000,0,0,0,0,0.00,nan,4,3,1,nan,3,3,24,1,1,29,29,0,0,0,80308132,0.03589,0.00195,0.94678,0.94746,-0.00532,-0.00135,-0.00274,0.00613,0.94746,0.00740,0.00613,1,11802,0,7169,0.00000,0.00000,0.00000,0,0,nan,0,0,0,11750,187491,0,0,0.000,0.000,0.000,0,0.000,0.000,0.000,0,0,4,0,0
PPG,3,109310,4373951552,25,523,528,0.000,0.000,0.000,0,0,0,0,0.00,nan,4,3,1,nan,3,3,24,1,1,30,30,0,0,0,80334564,0.03638,0.00635,0.95093,0.95164,-0.00612,-0.00028,-0.00167,0.00635,0.95164,0.00235,0.00635,2,12155,0,7169,0.00000,0.00000,0.00000,0,0,nan,0,0,0,2594,187491,0,0,0.000,0.000,0.000,0,0.000,0.000,0.000,0,0,4,0,0
PPG,3,109311,4373991552,32,528,540,0.000,0.000,0.000,0,0,0,0,0.00,nan,4,3,1,nan,3,3,24,1,1,31,31,0,0,0,80378238,0.03687,0.00488,0.94873,0.94946,-0.00452,0.00079,-0.00194,0.00498,0.95213,0.00267,0.00507,2,24233,0,7170,0.00000,0.00000,0.00000,0,0,nan,0,0,0,2597,187491,0,0,0.000,0.000,0.000,0,0.000,0.000,0.000,0,0,4,0,0
PPG,3,109312,4374031552,25,525,523,0.000,0.000,0.000,0,0,0,0,0.00,nan,4,3,1,nan,3,3,24,1,1,0,0,0,0,0,80419486,0.03809,0.00342,0.94702,0.94779,-0.00745,-0.00108,-0.00114,0.00761,0.95495,0.00716,0.00761,3,12117,0,7170,0.00000,0.00000,0.00000,0,0,nan,0,0,0,4306,187491,0,0,0.000,0.000,0.000,0,0.000,0.000,0.000,0,0,4,0,0
PPG,3,109313,4374071552,25,530,545,0.000,0.000,0.000,0,0,0,0,0.00,nan,4,3,1,nan,3,3,24,1,1,1,1,0,0,0,80458010,0.03223,-0.00024,0.96045,0.96099,-0.00612,-0.00081,-0.00114,0.00628,0.96099,0.01082,0.00628,3,12123,0,7170,0.00000,0.00000,0.00000,0,0,nan,0,0,0,2602,187491,0,0,0.000,0.000,0.000,0,0.000,0.000,0.000,0,0,4,0,0
PPG,3,109314,4374111552,25,535,530,0.000,0.000,0.000,0,0,0,0,0.00,nan,4,3,1,nan,3,3,24,1,1,2,2,0,0,0,80499213,0.04175,0.00464,0.95703,0.95795,-0.00558,-0.00081,-0.00247,0.00616,0.96061,0.00666,0.00616,3,12119,0,7170,0.00000,0.00000,0.00000,0,0,nan,0,0,0,4298,187491,0,0,0.000,0.000,0.000,0,0.000,0.000,0.000,0,0,4,0,0
PPG,3,109315,4374151552,25,549,539,0.000,0.000,0.000,0,0,0,0,0.00,nan,4,3,1,nan,3,3,24,1,1,3,3,0,0,0,80537706,0.03882,0.00513,0.95215,0.95295,-0.00665,0.00052,-0.00167,0.00688,0.95295,0.00654,0.00728,3,12110,0,7170,0.00000,0.00000,0.00000,0,0,nan,0,0,0,2594,187491,0,0,0.000,0.000,0.000,0,0.000,0.000,0.000,0,0,4,0,0
PPG,3,109316,4374191552,26,533,541,0.000,0.000,0.000,0,0,0,0,0.00,nan,4,3,1,nan,3,3,24,1,1,4,4,0,0,0,80578866,0.03687,0.00757,0.95215,0.95289,-0.00558,-0.00161,-0.00167,0.00605,0.95289,0.00149,0.00605,3,12169,0,7170,0.00000,0.00000,0.00000,0,0,nan,0,0,0,2605,187491,0,0,0.000,0.000,0.000,0,0.000,0.000,0.000,0,0,4,0,0
PPG,3,109317,4374231552,25,519,514,0.000,0.000,0.000,0,0,0,0,0.00,nan,4,3,1,nan,3,3,24,1,1,5,5,0,0,0,80619984,0.03613,0.00513,0.95142,0.95212,-0.00505,-0.00001,-0.00194,0.00541,0.96263,0.01399,0.00649,3,12121,0,7170,0.00000,0.00000,0.00000,0,0,nan,0,0,0,4304,187491,0,0,0.000,0.000,0.000,0,0.000,0.000,0.000,0,0,4,0,0
PPG,3,109318,4374271552,25,529,507,0.000,0.000,0.000,0,0,0,0,0.00,nan,4,3,1,nan,3,3,24,1,1,6,6,0,0,0,80658500,0.04004,0.00708,0.95142,0.95228,-0.00585,-0.00001,-0.00194,0.00616,0.95248,0.00235,0.00668,3,12121,0,7170,0.00000,0.00000,0.00000,0,0,nan,0,0,0,2595,187491,0,0,0.000,0.000,0.000,0,0.000,0.000,0.000,0,0,4,0,0
PPG,3,109319,4374311552,25,529,528,0.000,0.000,0.000,0,0,0,0,0.00,nan,4,3,1,nan,3,3,24,1,1,7,7,0,0,0,80699716,0.03833,0.00537,0.95288,0.95367,-0.00638,-0.00135,-0.00141,0.00667,0.95504,0.00362,0.00676,3,12113,0,7170,0.00000,0.00000,0.00000,0,0,nan,0,0,0,4295,187491,0,0,0.000,0.000,0.000,0,0.000,0.000,0.000,0,0,4,0,0
PPG,3,109320,4374351552,28,534,545,0.000,0.000,0.000,0,0,0,0,0.00,nan,4,3,1,nan,3,3,24,1,1,8,8,0,0,0,80738215,0.03931,0.00391,0.94702,0.94784,-0.00479,-0.00055,-0.00221,0.00530,0.95697,0.00913,0.00677,3,12111,0,7170,0.00000,0.00000,0.00000,0,0,nan,0,0,0,2599,187491,0,0,0.000,0.000,0.000,0,0.000,0.000,0.000,0,0,4,0,0
PPG,3,109321,4374391552,25,550,536,0.000,0.000,0.000,0,0,0,0,0.00,nan,4,3,1,nan,3,3,24,1,1,9,9,0,0,0,80779364,0.03833,0.01025,0.95410,0.95493,-0.00612,0.00025,-0.00061,0.00615,0.95493,0.00445,0.00615,3,12148,0,7170,0.00000,0.00000,0.00000,0,0,nan,0,0,0,4311,187491,0,0,0.000,0.000,0.000,0,0.000,0.000,0.000,0,0,4,0,0
PPG,3,109322,4374431552,26,531,533,0.000,0.000,0.000,0,0,0,0,0.00,nan,4,3,1,nan,3,3,24,1,1,10,10,0,0,0,80817944,0.04053,0.00366,0.95166,0.95253,-0.00479,-0.00161,-0.00141,0.00524,0.95385,0.00652,0.00695,3,12136,0,7170,0.00000,0.00000,0.00000,0,0,nan,0,0,0,2599,187491,0,0,0.000,0.000,0.000,0,0.000,0.000,0.000,0,0,4,0,0
PPG,3,109323,4374471552,25,526,517,0.000,0.000,0.000,0,0,0,0,0.00,nan,4,3,1,nan,3,3,24,1,1,11,11,0,0,0,80859090,0.03564,0.00513,0.95435,0.95502,-0.00558,-0.00081,-0.00141,0.00582,0.95502,0.00484,0.00582,3,12130,0,7170,0.00000,0.00000,0.00000,0,0,nan,0,0,0,2594,187491,0,0,0.000,0.000,0.000,0,0.000,0.000,0.000,0,0,4,0,0
PPG,3,109324,4374511552,25,529,526,0.000,0.000,0.000,0,0,0,0,0.00,nan,4,3,1,nan,3,3,24,1,1,12,12,0,0,0,80900302,0.04272,0.01074,0.94873,0.94975,-0.00772,-0.00135,-0.00087,0.00788,0.95408,0.00250,0.00788,3,12139,0,7170,0.00000,0.00000,0.00000,0,0,nan,0,0,0,4298,187491,0,0,0.000,0.000,0.000,0,0.000,0.000,0.000,0,0,4,0,0
PPG,3,109325,4374551552,25,540,538,0.000,0.000,0.000,0,0,0,0,0.00,nan,4,3,1,nan,3,3,24,1,1,13,13,0,0,0,80938828,0.04126,0.00854,0.95215,0.95308,-0.00638,0.00025,-0.00194,0.00668,0.95594,0.00356,0.00693,3,12131,0,7170,0.00000,0.00000,0.00000,0,0,nan,0,0,0,2596,187491,0,0,0.000,0.000,0.000,0,0.000,0.000,0.000,0,0,4,0,0
PPG,3,109326,4374591552,25,535,542,0.000,0.000,0.000,0,0,0,0,0.00,nan,4,3,1,nan,3,3,24,1,1,14,14,0,0,0,80979942,0.04150,0.00488,0.95044,0.95136,-0.00532,0.00025,-0.00114,0.00544,0.95136,0.00726,0.00583,3,12122,0,7170,0.00000,0.00000,0.00000,0,0,nan,0,0,0,4328,187491,0,0,0.000,0.000,0.000,0,0.000,0.000,0.000,0,0,4,0,0
PPG,3,109327,4374631552,25,531,536,0.000,0.000,0.000,0,0,0,0,0.00,nan,4,3,1,nan,3,3,24,1,1,15,15,0,0,0,81018491,0.04297,0.00610,0.94971,0.95070,-0.00612,-0.00028,-0.00141,0.00628,0.95127,0.00055,0.00686,3,12118,0,7170,0.00000,0.00000,0.00000,0,0,nan,0,0,0,2595,187491,0,0,0.000,0.000,0.000,0,0.000,0.000,0.000,0,0,4,0,0
PPG,3,109328,4374671552,25,527,523,0.000,0.000,0.000,0,0,0,0,0.00,nan,4,3,1,nan,3,3,24,1,1,16,16,0,0,0,81059609,0.03198,0.00854,0.95923,0.95980,-0.00638,-0.00081,-0.00141,0.00659,0.95980,0.01042,0.00659,3,12129,0,7170,0.00000,0.00000,0.00000,0,0,nan,0,0,0,4298,187491,0,0,0.000,0.000,0.000,0,0.000,0.000,0.000,0,0,4,0,0
PPG,3,109329,4374711552,28,532,511,0.000,0.000,0.000,0,0,0,0,0.00,nan,4,3,1,nan,3,3,24,1,1,17,17,0,0,0,81098182,0.03955,0.00854,0.94556,0.94642,-0.00585,0.00079,-0.00007,0.00590,0.95504,0.00599,0.00643,3,12151,0,7170,0.00000,0.00000,0.00000,0,0,nan,0,0,0,2598,187491,0,0,0.000,0.000,0.000,0,0.000,0.000,0.000,0,0,4,0,0
PPG,3,109330,4374751552,25,530,522,0.000,0.000,0.000,0,0,0,0,0.00,nan,4,3,1,nan,3,3,24,1,1,18,18,0,0,0,81139324,0.03589,0.00854,0.95557,0.95628,-0.00585,0.00052,-0.00167,0.00611,0.95669,0.01027,0.00660,3,12131,0,7170,0.00000,0.00000,0.00000,0,0,nan,0,0,0,2595,187491,0,0,0.000,0.000,0.000,0,0.000,0.000,0.000,0,0,4,0,0
PPG,3,109331,4374791552,25,534,534,0.000,0.000,0.000,0,0,0,0,0.00,nan,4,3,1,nan,3,3,24,1,1,19,19,0,0,0,81180427,0.03687,0.00269,0.94531,0.94603,-0.00612,-0.00055,-0.00087,0.00620,0.95004,0.00825,0.00620,3,12109,0,7170,0.00000,0.00000,0.00000,0,0,nan,0,0,0,4298,187491,0,0,0.000,0.000,0.000,0,0.000,0.000,0.000,0,0,4,0,0
PPG,3,109332,4374831552,25,549,536,0.000,0.000,0.000,0,0,0,0,0.00,nan,4,3,1,nan,3,3,24,1,1,20,20,0,0,0,81218982,0.03564,0.00708,0.95166,0.95235,-0.00558,-0.00081,-0.00114,0.00576,0.95235,0.00587,0.00667,3,12119,0,7170,0.00000,0.00000,0.00000,0,0,nan,0,0,0,2595,187491,0,0,0.000,0.000,0.000,0,0.000,0.000,0.000,0,0,4,0,0
PPG,3,109333,4374871552,26,534,538,0.000,0.000,0.000,0,0,0,0,0.00,nan,4,3,1,nan,3,3,24,1,1,21,21,0,0,0,81260104,0.03955,0.00806,0.95020,0.95105,-0.00558,-0.00108,-0.00167,0.00593,0.95181,0.00342,0.00656,3,12121,0,7170,0.00000,0.00000,0.00000,0,0,nan,0,0,0,4299,187491,0,0,0.000,0.000,0.000,0,0.000,0.000,0.000,0,0,4,0,0
PPG,3,109334,4374911552,25,515,516,0.000,0.000,0.000,0,0,0,0,0.00,nan,4,3,1,nan,3,3,24,1,1,22,22,0,0,0,81298732,0.03296,0.00439,0.94946,0.95004,-0.00558,-0.00055,-0.00167,0.00586,0.95673,0.00568,0.00592,3,12210,0,7170,0.00000,0.00000,0.00000,0,0,nan,0,0,0,2597,187491,0,0,0.000,0.000,0.000,0,0.000,0.000,0.000,0,0,4,0,0
PPG,3,109335,4374951552,26,528,522,0.000,0.000,0.000,0,0,0,0,0.00,nan,4,3,1,nan,3,3,24,1,1,23,23,0,0,0,81339842,0.04102,0.00415,0.95239,0.95328,-0.00665,-0.00055,-0.00194,0.00695,0.95612,0.00607,0.00695,3,12122,0,7170,0.00000,0.00000,0.00000,0,0,nan,0,0,0,4301,187491,0,0,0.000,0.000,0.000,0,0.000,0.000,0.000,0,0,4,0,0
PPG,3,109336,4374991552,31,540,542,0.000,0.000,0.000,0,0,0,0,0.00,nan,4,3,1,nan,3,3,24,1,1,24,24,0,0,0,81378126,0.04199,0.00562,0.95337,0.95431,-0.00558,-0.00081,-0.00167,0.00589,0.95431,0.00282,0.00682,2,24045,0,7171,0.00000,0.00000,0.00000,0,0,nan,0,0,0,2600,187491,0,0,0.000,0.000,0.000,0,0.000,0.000,0.000,0,0,4,0,0
PPG,3,109337,4375031552,25,525,530,0.000,0.000,0.000,0,0,0,0,0.00,nan,4,3,1,nan,3,3,24,1,1,25,25,0,0,0,81419375,0.03687,0.00513,0.95142,0.95214,-0.00505,0.00025,-0.00141,0.00525,0.95453,0.00817,0.00625,3,12116,0,7171,0.00000,0.00000,0.00000,0,0,nan,0,0,0,2605,187491,0,0,0.000,0.000,0.000,0,0.000,0.000,0.000,0,0,4,0,0
PPG,3,109338,4375071552,25,529,532,0.000,0.000,0.000,0,0,0,0,0.00,nan,4,3,1,nan,3,3,24,1,1,26,26,0,0,0,81460493,0.03833,0.00513,0.94849,0.94927,-0.00532,0.00052,-0.00114,0.00546,0.95683,0.00756,0.00567,3,12120,0,7171,0.00000,0.00000,0.00000,0,0,nan,0,0,0,4306,187491,0,0,0.000,0.000,0.000,0,0.000,0.000,0.000,0,0,4,0,0
PPG,3,109339,4375111552,26,547,536,0.000,0.000,0.000,0,0,0,0,0.00,nan,4,3,1,nan,3,3,24,1,1,27,27,0,0,0,81499073,0.03467,0.00659,0.95752,0.95817,-0.00505,-0.00028,-0.00114,0.00519,0.95817,0.00894,0.00616,3,12153,0,7171,0.00000,0.00000,0.00000,0,0,nan,0,0,0,2595,187491,0,0,0.000,0.000,0.000,0,0.000,0.000,0.000,0,0,4,0,0
PPG,3,109340,4375151552,25,530,538,0.000,0.000,0.000,0,0,0,0,0.00,nan,4,3,1,nan,3,3,24,1,1,28,28,0,0,0,81540191,0.04102,0.00903,0.94775,0.94868,-0.00558,-0.00001,-0.00114,0.00570,0.95308,0.00575,0.00587,3,12111,0,7171,0.00000,0.00000,0.00000,0,0,nan,0,0,0,4294,187491,0,0,0.000,0.000,0.000,0,0.000,0.000,0.000,0,0,4,0,0
PPG,3,109341,4375191552,25,521,523,0.000,0.000,0.000,0,0,0,0,0.00,nan,4,3,1,nan,3,3,24,1,1,29,29,0,0,0,81578715,0.03760,0.00903,0.95752,0.95830,-0.00532,-0.00135,-0.00167,0.00574,0.95830,0.01265,0.00602,3,12124,0,7171,0.00000,0.00000,0.00000,0,0,nan,0,0,0,2595,187491,0,0,0.000,0.000,0.000,0,0.000,0.000,0.000,0,0,4,0,0
PPG,3,109342,4375231552,25,527,519,0.000,0.000,0.000,0,0,0,0,0.00,nan,4,3,1,nan,3,3,24,1,1,30,30,0,0,0,81619930,0.03418,0.00781,0.95239,0.95304,-0.00585,-0.00188,-0.00141,0.00630,0.95416,0.00766,0.00686,3,12129,0,7171,0.00000,0.00000,0.00000,0,0,nan,0,0,0,4297,187491,0,0,0.000,0.000,0.000,0,0.000,0.000,0.000,0,0,4,0,0
PPG,3,109343,4375271552,25,545,530,0.000,0.000,0.000,0,0,0,0,0.00,nan,4,3,1,nan,3,3,24,1,1,31,31,0,0,0,81658447,0.03906,0.00439,0.95532,0.95613,-0.00558,-0.00135,-0.00114,0.00586,0.95971,0.00777,0.00586,3,12118,0,7171,0.00000,0.00000,0.00000,0,0,nan,0,0,0,2604,187491,0,0,0.000,0.000,0.000,0,0.000,0.000,0.000,0,0,4,0,0
PPG,3,109344,4375311552,25,540,535,0.000,0.000,0.000,0,0,0,0,0.00,nan,4,3,1,nan,3,3,24,1,1,0,0,0,0,0,81699571,0.03760,0.00610,0.94946,0.95023,-0.00612,-0.00055,-0.00167,0.00637,0.95755,0.00732,0.00703,3,12146,0,7171,0.00000,0.00000,0.00000,0,0,nan,0,0,0,4305,187491,0,0,0.000,0.000,0.000,0,0.000,0.000,0.000,0,0,4,0,0
PPG,3,109345,4375351552,32,536,546,0.000,0.000,0.000,0,0,0,0,0.00,nan,4,3,1,nan,3,3,24,1,1,1,1,0,0,0,81738111,0.03613,0.00464,0.95313,0.95382,-0.00638,-0.00081,-0.00034,0.00644,0.95382,0.00337,0.00644,3,12130,0,7171,0.00000,0.00000,0.00000,0,0,nan,0,0,0,2595,187491,0,0,0.000,0.000,0.000,0,0.000,0.000,0.000,0,0,4,0,0
PPG,3,109346,4375391552,26,519,527,0.000,0.000,0.000,0,0,0,0,0.00,nan,4,3,1,nan,3,3,24,1,1,2,2,0,0,0,81779255,0.03613,0.00830,0.94629,0.94701,-0.00532,-0.00028,-0.00141,0.00551,0.95406,0.00598,0.00620,3,12120,0,7171,0.00000,0.00000,0.00000,0,0,nan,0,0,0,2604,187491,0,0,0.000,0.000,0.000,0,0.000,0.000,0.000,0,0,4,0,0
PPG,3,109347,4375431552,25,520,523,0.000,0.000,0.000,0,0,0,0,0.00,nan,4,3,1,nan,3,3,24,1,1,3,3,0,0,0,81820441,0.03735,0.00708,0.95068,0.95144,-0.00692,-0.00161,-0.00141,0.00724,0.96061,0.00917,0.00724,3,12141,0,7171,0.00000,0.00000,0.00000,0,0,nan,0,0,0,4295,187491,0,0,0.000,0.000,0.000,0,0.000,0.000,0.000,0,0,4,0,0
PPG,3,109348,4375471552,25,540,531,0.000,0.000,0.000,0,0,0,0,0.00,nan,4,3,1,nan,3,3,24,1,1,4,4,0,0,0,81858968,0.04126,0.00391,0.95093,0.95183,-0.00558,-0.00161,-0.00167,0.00605,0.95183,0.00302,0.00640,3,12125,0,7171,0.00000,0.00000,0.00000,0,0,nan,0,0,0,2597,187491,0,0,0.000,0.000,0.000,0,0.000,0.000,0.000,0,0,4,0,0
PPG,3,109349,4375511552,25,541,542,0.000,0.000,0.000,0,0,0,0,0.00,nan,4,3,1,nan,3,3,24,1,1,5,5,0,0,0,81900076,0.03857,0.01025,0.94336,0.94420,-0.00718,-0.00001,-0.00167,0.00738,0.95194,0.00465,0.00738,3,12121,0,7171,0.00000,0.00000,0.00000,0,0,nan,0,0,0,4321,187491,0,0,0.000,0.000,0.000,0,0.000,0.000,0.000,0,0,4,0,0
PPG,3,109350,4375551552,25,537,544,0.000,0.000,0.000,0,0,0,0,0.00,nan,4,3,1,nan,3,3,24,1,1,6,6,0,0,0,81939048,0.03857,0.00317,0.94849,0.94928,-0.00638,0.00025,-0.00061,0.00642,0.95465,0.01045,0.00642,3,12253,0,7171,0.00000,0.00000,0.00000,0,0,nan,0,0,0,2599,187491,0,0,0.000,0.000,0.000,0,0.000,0.000,0.000,0,0,4,0,0
PPG,3,109351,4375591552,25,542,539,0.000,0.000,0.000,0,0,0,0,0.00,nan,4,3,1,nan,3,3,24,1,1,7,7,0,0,0,81980213,0.04297,0.00220,0.95337,0.95434,-0.00638,0.00158,-0.00114,0.00668,0.95681,0.00753,0.00737,3,12109,0,7171,0.00000,0.00000,0.00000,0,0,nan,0,0,0,4298,187491,0,0,0.000,0.000,0.000,0,0.000,0.000,0.000,0,0,4,0,0
PPG,3,109352,4375631552,25,534,544,0.000,0.000,0.000,0,0,0,0,0.00,nan,4,3,1,nan,3,3,24,1,1,8,8,0,0,0,82018788,0.03613,0.00391,0.95166,0.95235,-0.00479,0.00238,-0.00194,0.00569,0.95506,0.00374,0.00569,3,12181,0,7171,0.00000,0.00000,0.00000,0,0,nan,0,0,0,2598,187491,0,0,0.000,0.000,0.000,0,0.000,0.000,0.000,0,0,4,0,0
PPG,3,109353,4375671552,39,525,521,0.000,0.000,0.000,0,0,0,0,0.00,nan,4,3,1,nan,3,3,24,1,1,9,9,0,0,0,82060036,0.03809,0.00317,0.95459,0.95535,-0.00585,0.00505,-0.00114,0.00781,0.95732,0.00496,0.00781,3,12125,0,7171,0.00000,0.00000,0.00000,0,0,nan,0,0,0,4307,187491,0,0,0.000,0.000,0.000,0,0.000,0.000,0.000,0,0,4,0,0
PPG,3,109354,4375711552,30,540,532,0.000,0.000,0.000,0,0,0,0,0.00,nan,4,3,1,nan,3,3,24,1,1,10,10,0,0,0,82098732,0.03638,0.00513,0.95142,0.95212,-0.00479,0.00345,-0.00167,0.00613,0.95212,0.00429,0.00838,3,12149,0,7171,0.00000,0.00000,0.00000,0,0,nan,0,0,0,2690,187491,0,0,0.000,0.000,0.000,0,0.000,0.000,0.000,0,0,4,0,0
PPG,3,109355,4375751552,26,534,540,0.000,0.000,0.000,0,0,0,0,0.00,nan,4,3,1,nan,3,3,24,1,1,11,11,0,0,0,82140413,0.04004,0.00513,0.95557,0.95642,-0.00558,0.00158,-0.00167,0.00604,0.95642,0.00971,0.00645,3,12258,0,7171,0.00000,0.00000,0.00000,0,0,nan,0,0,0,4330,187491,0,0,0.000,0.000,0.000,0,0.000,0.000,0.000,0,0,4,0,0
PPG,3,109356,4375791552,25,529,532,0.000,0.000,0.000,0,0,0,0,0.00,nan,4,3,1,nan,3,3,24,1,1,12,12,0,0,0,82179335,0.03638,0.00415,0.95703,0.95773,-0.00558,0.00025,-0.00247,0.00611,0.96116,0.02001,0.00730,3,12238,0,7171,0.00000,0.00000,0.00000,0,0,nan,0,0,0,2643,187491,0,0,0.000,0.000,0.000,0,0.000,0.000,0.000,0,0,4,0,0
PPG,3,109357,4375831552,26,531,534,0.000,0.000,0.000,0,0,0,0,0.00,nan,4,3,1,nan,3,3,24,1,1,13,13,0,0,0,82220880,0.03564,0.00684,0.95557,0.95626,-0.00532,0.00185,-0.00221,0.00605,0.95750,0.00734,0.00638,3,12291,0,7171,0.00000,0.00000,0.00000,0,0,nan,0,0,0,4342,187491,0,0,0.000,0.000,0.000,0,0.000,0.000,0.000,0,0,4,0,0
PPG,3,109358,4375871552,27,540,525,0.000,0.000,0.000,0,0,0,0,0.00,nan,4,3,1,nan,3,3,24,1,1,14,14,0,0,0,82259786,0.03931,0.00952,0.95239,0.95325,-0.00585,-0.00081,-0.00141,0.00607,0.95325,0.01118,0.00607,3,12268,0,7171,0.00000,0.00000,0.00000,0,0,nan,0,0,0,4337,187491,0,0,0.000,0.000,0.000,0,0.000,0.000,0.000,0,0,4,0,0
PPG,3,109359,4375911552,25,530,529,0.000,0.000,0.000,0,0,0,0,0.00,nan,4,3,1,nan,3,3,24,1,1,15,15,0,0,0,82298626,0.04028,0.01099,0.95410,0.95501,-0.00665,-0.00001,-0.00194,0.00693,0.95501,0.00674,0.00693,3,12247,0,7171,0.00000,0.00000,0.00000,0,0,nan,0,0,0,2627,187491,0,0,0.000,0.000,0.000,0,0.000,0.000,0.000,0,0,4,0,0
PPG,3,109360,4375951552,26,544,536,0.000,0.000,0.000,0,0,0,0,0.00,nan,4,3,1,nan,3,3,24,1,1,16,16,0,0,0,82340174,0.03882,0.00293,0.95044,0.95124,-0.00452,0.00212,-0.00194,0.00535,0.95631,0.00756,0.00679,3,12247,0,7171,0.00000,0.00000,0.00000,0,0,nan,0,0,0,4331,187491,0,0,0.000,0.000,0.000,0,0.000,0.000,0.000,0,0,4,0,0
PPG,3,109361,4375991552,25,537,537,0.000,0.000,0.000,0,0,0,0,0.00,nan,4,3,1,nan,3,3,24,1,1,17,17,0,0,0,82378794,0.03662,0.00513,0.95337,0.95409,-0.00558,0.00105,-0.00114,0.00580,0.95409,0.00400,0.00661,2,24305,0,7172,0.00000,0.00000,0.00000,0,0,nan,0,0,0,2660,187491,0,0,0.000,0.000,0.000,0,0.000,0.000,0.000,0,0,4,0,0
PPG,3,109362,4376031552,30,521,517,0.000,0.000,0.000,0,0,0,0,0.00,nan,4,3,1,nan,3,3,24,1,1,18,18,0,0,0,82420476,0.03979,0.00635,0.94312,0.94398,-0.00585,0.00425,-0.00141,0.00737,0.95436,0.01038,0.00737,3,12277,0,7172,0.00000,0.00000,0.00000,0,0,nan,0,0,0,4377,187491,0,0,0.000,0.000,0.000,0,0.000,0.000,0.000,0,0,4,0,0
PPG,3,109363,4376071552,25,531,534,0.000,0.000,0.000,0,0,0,0,0.00,nan,4,3,1,nan,3,3,24,1,1,19,19,0,0,0,82459328,0.03564,0.00659,0.95020,0.95089,-0.00452,0.00318,-0.00194,0.00586,0.95089,0.00365,0.00641,3,12215,0,7172,0.00000,0.00000,0.00000,0,0,nan,0,0,0,2631,187491,0,0,0.000,0.000,0.000,0,0.000,0.000,0.000,0,0,4,0,0
PPG,3,109364,4376111552,34,532,531,0.000,0.000,0.000,0,0,0,0,0.00,nan,4,3,1,nan,3,3,24,1,1,20,20,0,0,0,82500782,0.03638,0.00366,0.95605,0.95675,-0.00452,0.00318,-0.00221,0.00595,0.95814,0.00726,0.00636,3,12235,0,7172,0.00000,0.00000,0.00000,0,0,nan,0,0,0,4333,187491,0,0,0.000,0.000,0.000,0,0.000,0.000,0.000,0,0,4,0,0
PPG,3,109365,4376151552,26,538,535,0.000,0.000,0.000,0,0,0,0,0.00,nan,4,3,1,nan,3,3,24,1,1,21,21,0,0,0,82539656,0.03613,0.00732,0.94873,0.94945,-0.00425,0.00558,-0.00167,0.00721,0.95960,0.00749,0.00721,3,12243,0,7172,0.00000,0.00000,0.00000,0,0,nan,0,0,0,2634,187491,0,0,0.000,0.000,0.000,0,0.000,0.000,0.000,0,0,4,0,0
PPG,3,109366,4376191552,26,526,531,0.000,0.000,0.000,0,0,0,0,0.00,nan,4,3,1,nan,3,3,24,1,1,22,22,0,0,0,82581095,0.03784,0.00635,0.94775,0.94853,-0.00558,0.00505,-0.00167,0.00771,0.95280,0.00891,0.00771,3,12209,0,7172,0.00000,0.00000,0.00000,0,0,nan,0,0,0,4327,187491,0,0,0.000,0.000,0.000,0,0.000,0.000,0.000,0,0,4,0,0
PPG,3,109367,4376231552,26,528,531,0.000,0.000,0.000,0,0,0,0,0.00,nan,4,3,1,nan,3,3,24,1,1,23,23,0,0,0,82619921,0.03638,0.00586,0.96753,0.96823,-0.00532,0.00212,-0.00167,0.00596,0.96823,0.05386,0.00787,3,12230,0,7172,0.00000,0.00000,0.00000,0,0,nan,0,0,0,4341,187491,0,0,0.000,0.000,0.000,0,0.000,0.000,0.000,0,0,4,0,0
PPG,3,109368,4376271552,26,528,534,0.000,0.000,0.000,0,0,0,0,0.00,nan,4,3,1,nan,3,3,24,1,1,24,24,0,0,0,82658774,0.03418,0.00781,0.94482,0.94547,-0.00479,0.00079,-0.00354,0.00600,0.95275,0.01548,0.00661,3,12254,0,7172,0.00000,0.00000,0.00000,0,0,nan,0,0,0,2619,187491,0,0,0.000,0.000,0.000,0,0.000,0.000,0.000,0,0,4,0,0
PPG,3,109369,4376311552,26,533,534,0.000,0.000,0.000,0,0,0,0,0.00,nan,4,3,1,nan,3,3,24,1,1,25,25,0,0,0,82700239,0.03784,0.00635,0.95093,0.95170,-0.00558,0.00025,-0.00141,0.00576,0.95903,0.01356,0.00706,3,12224,0,7172,0.00000,0.00000,0.00000,0,0,nan,0,0,0,4313,187491,0,0,0.000,0.000,0.000,0,0.000,0.000,0.000,0,0,4,0,0
PPG,3,109370,4376351552,25,542,531,0.000,0.000,0.000,0,0,0,0,0.00,nan,4,3,1,nan,3,3,24,1,1,26,26,0,0,0,82738962,0.04199,0.00781,0.95044,0.95140,-0.00505,-0.00055,-0.00167,0.00535,0.95140,0.00123,0.00675,3,12234,0,7172,0.00000,0.00000,0.00000,0,0,nan,0,0,0,2650,187491,0,0,0.000,0.000,0.000,0,0.000,0.000,0.000,0,0,4,0,0
PPG,3,109371,4376391552,26,548,540,0.000,0.000,0.000,0,0,0,0,0.00,nan,4,3,1,nan,3,3,24,1,1,27,27,0,0,0,82780216,0.03687,0.00806,0.94482,0.94558,-0.00665,-0.00028,-0.00247,0.00710,0.95581,0.01023,0.00710,3,12145,0,7172,0.00000,0.00000,0.00000,0,0,nan,0,0,0,4298,187491,0,0,0.000,0.000,0.000,0,0.000,0.000,0.000,0,0,4,0,0
PPG,3,109372,4376431552,25,558,544,0.000,0.000,0.000,0,0,0,0,0.00,nan,4,3,1,nan,3,3,24,1,1,28,28,0,0,0,82818728,0.03247,0.00244,0.95239,0.95295,-0.00585,-0.00001,-0.00194,0.00616,0.95295,0.00702,0.00648,3,12118,0,7172,0.00000,0.00000,0.00000,0,0,nan,0,0,0,2602,187491,0,0,0.000,0.000,0.000,0,0.000,0.000,0.000,0,0,4,0,0
PPG,3,109373,4376471552,25,573,569,0.000,0.000,0.000,0,0,0,0,0.00,nan,4,3,1,nan,3,3,24,1,1,29,29,0,0,0,82859919,0.03784,0.00464,0.94897,0.94974,-0.00585,0.00025,-0.00114,0.00597,0.94974,0.00357,0.00656,3,12144,0,7172,0.00000,0.00000,0.00000,0,0,nan,0,0,0,4300,187491,0,0,0.000,0.000,0.000,0,0.000,0.000,0.000,0,0,4,0,0
PPG,3,109374,4376511552,25,575,589,0.000,0.000,0.000,0,0,0,0,0.00,nan,4,3,1,nan,3,3,24,1,1,30,30,0,0,0,82898461,0.03271,0.00342,0.94458,0.94515,-0.00558,-0.00081,-0.00167,0.00589,0.95020,0.01007,0.00597,3,12123,0,7172,0.00000,0.00000,0.00000,0,0,nan,0,0,0,2605,187491,0,0,0.000,0.000,0.000,0,0.000,0.000,0.000,0,0,4,0,0
PPG,3,109375,4376551552,26,569,578,0.000,0.000,0.000,0,0,0,0,0.00,nan,4,3,1,nan,3,3,24,1,1,31,31,0,0,0,82939607,0.03662,0.00586,0.94385,0.94458,-0.00505,-0.00081,-0.00167,0.00538,0.95305,0.00790,0.00605,3,12156,0,7172,0.00000,0.00000,0.00000,0,0,nan,0,0,0,2597,187491,0,0,0.000,0.000,0.000,0,0.000,0.000,0.000,0,0,4,0,0
PPG,3,109376,4376591552,25,572,577,0.000,0.000,0.000,0,0,0,0,0.00,nan,4,3,1,nan,3,3,24,1,1,0,0,0,0,0,82980695,0.03442,0.00757,0.94873,0.94938,-0.00638,-0.00081,-0.00167,0.00665,0.94938,0.00388,0.00665,3,12108,0,7172,0.00000,0.00000,0.00000,0,0,nan,0,0,0,4297,187491,0,0,0.000,0.000,0.000,0,0.000,0.000,0.000,0,0,4,0,0
PPG,3,109377,4376631552,25,581,585,0.000,0.000,0.000,0,0,0,0,0.00,nan,4,3,1,nan,3,3,24,1,1,1,1,0,0,0,83019203,0.03760,0.00708,0.95313,0.95389,-0.00558,-0.00001,-0.00194,0.00591,0.96055,0.01116,0.00688,3,12114,0,7172,0.00000,0.00000,0.00000,0,0,nan,0,0,0,2599,187491,0,0,0.000,0.000,0.000,0,0.000,0.000,0.000,0,0,4,0,0
PPG,3,109378,4376671552,25,578,577,0.000,0.000,0.000,0,0,0,0,0.00,nan,4,3,1,nan,3,3,24,1,1,2,2,0,0,0,83060308,0.04736,0.00684,0.95361,0.95481,-0.00638,-0.00055,-0.00167,0.00662,0.95793,0.00517,0.00662,3,12121,0,7172,0.00000,0.00000,0.00000,0,0,nan,0,0,0,4297,187491,0,0,0.000,0.000,0.000,0,0.000,0.000,0.000,0,0,4,0,0
PPG,3,109379,4376711552,26,575,579,0.000,0.000,0.000,0,0,0,0,0.00,nan,4,3,1,nan,3,3,24,1,1,3,3,0,0,0,83098826,0.03711,0.00415,0.96948,0.97020,-0.00612,-0.00028,-0.00194,0.00642,0.97020,0.02445,0.00642,3,12120,0,7172,0.00000,0.00000,0.00000,0,0,nan,0,0,0,2605,187491,0,0,0.000,0.000,0.000,0,0.000,0.000,0.000,0,0,4,0,0
PPG,3,109380,4376751552,25,577,587,0.000,0.000,0.000,0,0,0,0,0.00,nan,4,3,1,nan,3,3,24,1,1,4,4,0,0,0,83140006,0.03149,0.00977,0.95337,0.95394,-0.00745,-0.00001,-0.00141,0.00758,0.95949,0.02247,0.00758,3,12178,0,7172,0.00000,0.00000,0.00000,0,0,nan,0,0,0,4307,187491,0,0,0.000,0.000,0.000,0,0.000,0.000,0.000,0,0,4,0,0
PPG,3,109381,4376791552,25,573,576,0.000,0.000,0.000,0,0,0,0,0.00,nan,4,3,1,nan,3,3,24,1,1,5,5,0,0,0,83178536,0.03760,0.00342,0.95605,0.95680,-0.00612,-0.00161,-0.00141,0.00648,0.95680,0.00730,0.00753,3,12118,0,7172,0.00000,0.00000,0.00000,0,0,nan,0,0,0,2601,187491,0,0,0.000,0.000,0.000,0,0.000,0.000,0.000,0,0,4,0,0
PPG,3,109382,4376831552,25,551,548,0.000,0.000,0.000,0,0,0,0,0.00,nan,4,3,1,nan,3,3,24,1,1,6,6,0,0,0,83219652,0.03125,0.00928,0.95435,0.95490,-0.00585,-0.00001,-0.00061,0.00588,0.95490,0.01006,0.00644,3,12114,0,7172,0.00000,0.00000,0.00000,0,0,nan,0,0,0,2597,187491,0,0,0.000,0.000,0.000,0,0.000,0.000,0.000,0,0,4,0,0
PPG,3,109383,4376871552,25,565,555,0.000,0.000,0.000,0,0,0,0,0.00,nan,4,3,1,nan,3,3,24,1,1,7,7,0,0,0,83261174,0.03784,0.00220,0.94946,0.95022,-0.00558,0.00052,-0.00247,0.00613,0.95444,0.00422,0.00625,3,12293,0,7172,0.00000,0.00000,0.00000,0,0,nan,0,0,0,4333,187491,0,0,0.000,0.000,0.000,0,0.000,0.000,0.000,0,0,4,0,0
PPG,3,109384,4376911552,26,571,568,0.000,0.000,0.000,0,0,0,0,0.00,nan,4,3,1,nan,3,3,24,1,1,8,8,0,0,0,83299746,0.03369,0.00415,0.94800,0.94861,-0.00585,-0.00055,-0.00141,0.00604,0.95801,0.00779,0.00604,3,12167,0,7172,0.00000,0.00000,0.00000,0,0,nan,0,0,0,2604,187491,0,0,0.000,0.000,0.000,0,0.000,0.000,0.000,0,0,4,0,0
PPG,3,109385,4376951552,26,564,549,0.000,0.000,0.000,0,0,0,0,0.00,nan,4,3,1,nan,3,3,24,1,1,9,9,0,0,0,83340846,0.03174,0.01050,0.94946,0.95005,-0.00558,-0.00108,-0.00034,0.00570,0.95496,0.00635,0.00601,3,12113,0,7172,0.00000,0.00000,0.00000,0,0,nan,0,0,0,4320,187491,0,0,0.000,0.000,0.000,0,0.000,0.000,0.000,0,0,4,0,0
PPG,3,109386,4376991552,25,575,561,0.000,0.000,0.000,0,0,0,0,0.00,nan,4,3,1,nan,3,3,24,1,1,10,10,0,0,0,83379152,0.03687,0.00854,0.95215,0.95290,-0.00612,-0.00001,-0.00007,0.00612,0.95290,0.00215,0.00617,2,24048,0,7173,0.00000,0.00000,0.00000,0,0,nan,0,0,0,2603,187491,0,0,0.000,0.000,0.000,0,0.000,0.000,0.000,0,0,4,0,0
PPG,3,109387,4377031552,26,568,568,0.000,0.000,0.000,0,0,0,0,0.00,nan,4,3,1,nan,3,3,24,1,1,11,11,0,0,0,83420335,0.03442,0.00781,0.95264,0.95329,-0.00612,-0.00135,-0.00194,0.00656,0.95329,0.00439,0.00656,3,12109,0,7173,0.00000,0.00000,0.00000,0,0,nan,0,0,0,4297,187491,0,0,0.000,0.000,0.000,0,0.000,0.000,0.000,0,0,4,0,0
PPG,3,109388,4377071552,26,573,565,0.000,0.000,0.000,0,0,0,0,0.00,nan,4,3,1,nan,3,3,24,1,1,12,12,0,0,0,83458888,0.03906,0.00635,0.95142,0.95224,-0.00532,-0.00081,-0.00247,0.00592,0.95832,0.00993,0.00596,3,12116,0,7173,0.00000,0.00000,0.00000,0,0,nan,0,0,0,2608,187491,0,0,0.000,0.000,0.000,0,0.000,0.000,0.000,0,0,4,0,0
PPG,3,109389,4377111552,25,583,568,0.000,0.000,0.000,0,0,0,0,0.00,nan,4,3,1,nan,3,3,24,1,1,13,13,0,0,0,83500001,0.03589,0.00732,0.94995,0.95066,-0.00585,0.00025,-0.00194,0.00617,0.95492,0.00532,0.00617,3,12120,0,7173,0.00000,0.00000,0.00000,0,0,nan,0,0,0,4307,187491,0,0,0.000,0.000,0.000,0,0.000,0.000,0.000,0,0,4,0,0
PPG,3,109390,4377151552,25,575,568,0.000,0.000,0.000,0,0,0,0,0.00,nan,4,3,1,nan,3,3,24,1,1,14,14,0,0,0,83538512,0.03784,0.01074,0.95093,0.95174,-0.00612,0.00025,-0.00221,0.00651,0.95174,0.00309,0.00651,3,12113,0,7173,0.00000,0.00000,0.00000,0,0,nan,0,0,0,2614,187491,0,0,0.000,0.000,0.000,0,0.000,0.000,0.000,0,0,4,0,0
PPG,3,109391,4377191552,26,588,568,0.000,0.000,0.000,0,0,0,0,0.00,nan,4,3,1,nan,3,3,24,1,1,15,15,0,0,0,83579707,0.03418,0.00757,0.95508,0.95572,-0.00505,-0.00028,-0.00141,0.00525,0.95572,0.00830,0.00592,3,12104,0,7173,0.00000,0.00000,0.00000,0,0,nan,0,0,0,2593,187491,0,0,0.000,0.000,0.000,0,0.000,0.000,0.000,0,0,4,0,0
PPG,3,109392,4377231552,28,601,560,0.000,0.000,0.000,0,0,0,0,0.00,nan,4,3,1,nan,3,3,24,1,1,16,16,0,0,0,83620820,0.03662,0.01123,0.95361,0.95438,-0.00718,-0.00108,-0.00167,0.00745,0.95438,0.00399,0.00745,3,12114,0,7173,0.00000,0.00000,0.00000,0,0,nan,0,0,0,4300,187491,0,0,0.000,0.000,0.000,0,0.000,0.000,0.000,0,0,4,0,0
PPG,3,109393,4377271552,25,617,571,0.000,0.000,0.000,0,0,0,0,0.00,nan,4,3,1,nan,3,3,24,1,1,17,17,0,0,0,83659379,0.03589,0.00610,0.94897,0.94967,-0.00505,-0.00055,-0.00061,0.00512,0.96117,0.01293,0.00674,3,12148,0,7173,0.00000,0.00000,0.00000,0,0,nan,0,0,0,2607,187491,0,0,0.000,0.000,0.000,0,0.000,0.000,0.000,0,0,4,0,0
PPG,3,109394,4377311552,25,631,572,0.000,0.000,0.000,0,0,0,0,0.00,nan,4,3,1,nan,3,3,24,1,1,18,18,0,0,0,83700492,0.03809,0.00684,0.95020,0.95098,-0.00585,-0.00454,-0.00274,0.00790,0.95124,0.00423,0.00790,3,12113,0,7173,0.00000,0.00000,0.00000,0,0,nan,0,0,0,4306,187491,0,0,0.000,0.000,0.000,0,0.000,0.000,0.000,0,0,4,0,0
PPG,3,109395,4377351552,25,623,576,0.000,0.000,0.000,0,0,0,0,0.00,nan,4,3,1,nan,3,3,24,1,1,19,19,0,0,0,83739014,0.03516,0.00659,0.94873,0.94940,-0.00505,0.00052,-0.00167,0.00535,0.95588,0.00647,0.00638,3,12109,0,7173,0.00000,0.00000,0.00000,0,0,nan,0,0,0,2602,187491,0,0,0.000,0.000,0.000,0,0.000,0.000,0.000,0,0,4,0,0
PPG,3,109396,4377391552,25,656,583,0.000,0.000,0.000,0,0,0,0,0.00,nan,4,3,1,nan,3,3,24,1,1,20,20,0,0,0,83780152,0.03516,0.00562,0.95410,0.95477,-0.00638,-0.00268,-0.00221,0.00727,0.95665,0.00724,0.00727,3,12112,0,7173,0.00000,0.00000,0.00000,0,0,nan,0,0,0,4301,187491,0,0,0.000,0.000,0.000,0,0.000,0.000,0.000,0,0,4,0,0
PPG,3,109397,4377431552,25,886,684,0.000,0.000,0.000,0,0,0,0,0.00,nan,4,3,1,nan,3,3,24,1,1,21,21,0,0,0,83818665,0.03979,0.00903,0.95020,0.95107,-0.00612,-0.00108,-0.00194,0.00651,0.95313,0.00855,0.00653,3,12125,0,7173,0.00000,0.00000,0.00000,0,0,nan,0,0,0,2599,187491,0,0,0.000,0.000,0.000,0,0.000,0.000,0.000,0,0,4,0,0
PPG,3,109398,4377471552,25,1498,1192,0.000,0.000,0.000,0,0,0,0,0.00,nan,4,3,1,nan,3,3,24,1,1,22,22,0,0,0,83859824,0.03931,0.00684,0.95239,0.95323,-0.00585,-0.00081,-0.00274,0.00651,0.95733,0.00789,0.00651,3,12165,0,7173,0.00000,0.00000,0.00000,0,0,nan,0,0,0,2599,187491,0,0,0.000,0.000,0.000,0,0.000,0.000,0.000,0,0,4,0,0
PPG,3,109399,4377511552,26,2357,1984,0.000,0.000,0.000,0,0,0,0,0.00,nan,4,3,1,nan,3,3,24,1,1,23,23,0,0,0,83900943,0.03491,0.00952,0.95630,0.95698,-0.00558,-0.00161,-0.00194,0.00613,0.95698,0.00449,0.00721,3,12123,0,7173,0.00000,0.00000,0.00000,0,0,nan,0,0,0,4294,187491,0,0,0.000,0.000,0.000,0,0.000,0.000,0.000,0,0,4,0,0
PPG,3,109400,4377551552,25,3224,2757,0.000,0.000,0.000,0,0,0,0,0.00,nan,4,3,1,nan,3,3,24,1,1,24,24,0,0,0,83939445,0.03296,0.00635,0.95532,0.95591,-0.00558,-0.00001,-0.00141,0.00576,0.95591,0.00244,0.00622,3,12118,0,7173,0.00000,0.00000,0.00000,0,0,nan,0,0,0,2605,187491,0,0,0.000,0.000,0.000,0,0.000,0.000,0.000,0,0,4,0,0
PPG,3,109401,4377591552,25,4055,3398,0.000,0.000,0.000,0,0,0,0,0.00,nan,4,3,1,nan,3,3,24,1,1,25,25,0,0,0,83980561,0.03540,0.00488,0.95337,0.95404,-0.00532,-0.00028,-0.00167,0.00558,0.95404,0.00662,0.00690,3,12108,0,7173,0.00000,0.00000,0.00000,0,0,nan,0,0,0,4301,187491,0,0,0.000,0.000,0.000,0,0.000,0.000,0.000,0,0,4,0,0
PPG,3,109402,4377631552,25,4679,3880,0.000,0.000,0.000,0,0,0,0,0.00,nan,4,3,1,nan,3,3,24,1,1,26,26,0,0,0,84019072,0.04150,0.00635,0.95605,0.95698,-0.00638,-0.00081,-0.00167,0.00665,0.95698,0.00508,0.00665,3,12116,0,7173,0.00000,0.00000,0.00000,0,0,nan,0,0,0,2596,187491,0,0,0.000,0.000,0.000,0,0.000,0.000,0.000,0,0,4,0,0
PPG,3,109403,4377671552,25,5925,4862,0.000,0.000,0.000,0,0,0,0,0.00,nan,4,3,1,nan,3,3,24,1,1,27,27,0,0,0,84060203,0.03540,0.00342,0.95068,0.95135,-0.00558,-0.00001,-0.00087,0.00565,0.95361,0.00754,0.00675,3,12155,0,7173,0.00000,0.00000,0.00000,0,0,nan,0,0,0,4302,187491,0,0,0.000,0.000,0.000,0,0.000,0.000,0.000,0,0,4,0,0
PPG,3,109404,4377711552,25,7407,6110,0.000,0.000,0.000,0,0,0,0,0.00,nan,4,3,1,nan,3,3,24,1,1,28,28,0,0,0,84098716,0.03833,0.00659,0.94971,0.95050,-0.00638,-0.00055,-0.00061,0.00644,0.95329,0.00494,0.00650,3,12125,0,7173,0.00000,0.00000,0.00000,0,0,nan,0,0,0,2595,187491,0,0,0.000,0.000,0.000,0,0.000,0.000,0.000,0,0,4,0,0
PPG,3,109405,4377751552,25,8933,7013,0.000,0.000,0.000,0,0,0,0,0.00,nan,4,3,1,nan,3,3,24,1,1,29,29,0,0,0,84139811,0.04028,0.00830,0.95020,0.95109,-0.00532,-0.00055,-0.00194,0.00569,0.95472,0.00421,0.00569,3,12118,0,7173,0.00000,0.00000,0.00000,0,0,nan,0,0,0,2596,187491,0,0,0.000,0.000,0.000,0,0.000,0.000,0.000,0,0,4,0,0
PPG,3,109406,4377791552,26,11629,8558,0.000,0.000,0.000,0,0,0,0,0.00,nan,4,3,1,nan,3,3,24,1,1,30,30,0,0,0,84180959,0.03564,0.00830,0.94849,0.94919,-0.00638,-0.00028,-0.00247,0.00685,0.95474,0.00555,0.00685,3,12116,0,7173,0.00000,0.00000,0.00000,0,0,nan,0,0,0,4296,187491,0,0,0.000,0.000,0.000,0,0.000,0.000,0.000,0,0,4,0,0
PPG,3,109407,4377831552,25,15023,11367,0.000,0.000,0.000,0,0,0,0,0.00,nan,4,3,1,nan,3,3,24,1,1,31,31,0,0,0,84219449,0.03735,0.00537,0.95386,0.95460,-0.00532,-0.00001,-0.00221,0.00576,0.95460,0.00567,0.00651,3,12113,0,7173,0.00000,0.00000,0.00000,0,0,nan,0,0,0,2603,187491,0,0,0.000,0.000,0.000,0,0.000,0.000,0.000,0,0,4,0,0
PPG,3,109408,4377871552,25,18635,14410,0.000,0.000,0.000,0,0,0,0,0.00,nan,4,3,1,nan,3,3,24,1,1,0,0,0,0,0,84260583,0.03589,0.00562,0.95190,0.95260,-0.00505,-0.00028,-0.00034,0.00507,0.95414,0.00237,0.00653,3,12134,0,7173,0.00000,0.00000,0.00000,0,0,nan,0,0,0,4326,187491,0,0,0.000,0.000,0.000,0,0.000,0.000,0.000,0,0,4,0,0
PPG,3,109409,4377911552,772,21658,16106,0.000,0.000,0.000,0,0,0,0,0.00,nan,4,3,1,nan,3,3,32,1,1,1,1,0,0,0,84299428,0.03638,0.00781,0.94873,0.94946,-0.00612,-0.00161,-0.00114,0.00643,0.95397,0.00723,0.00643,3,12257,0,7173,0.00000,0.00000,0.00000,0,0,nan,0,0,0,2600,187491,0,0,0.000,0.000,0.000,0,0.000,0.000,0.000,0,0,4,0,0
PPG,3,109410,4377951552,26,24564,18414,0.000,0.000,0.000,0,0,0,0,0.00,nan,4,3,1,nan,3,3,32,1,1,2,2,0,0,0,84341547,0.03687,0.00830,0.95093,0.95168,-0.00532,-0.00081,-0.00087,0.00545,0.95602,0.00588,0.00649,3,12316,0,7173,0.00000,0.00000,0.00000,0,0,nan,0,0,0,4320,187491,0,0,0.000,0.000,0.000,0,0.000,0.000,0.000,0,0,4,0,0
PPG,3,109411,4377991552,27,39868,31187,0.000,0.000,0.000,0,0,0,0,0.00,nan,4,3,1,nan,3,3,32,1,1,3,3,0,0,0,84380266,0.03589,0.00415,0.94751,0.94820,-0.00505,-0.00028,-0.00194,0.00542,0.95092,0.00272,0.00607,2,24427,0,7174,0.00000,0.00000,0.00000,0,0,nan,0,0,0,4420,187491,0,0,0.000,0.000,0.000,0,0.000,0.000,0.000,0,0,4,0,0
PPG,3,109412,4378031552,29,43715,34314,0.000,0.000,0.000,0,0,0,0,0.00,nan,4,3,1,nan,3,3,32,1,1,4,4,0,0,0,84419269,0.03613,0.01172,0.95508,0.95583,-0.00718,-0.00188,-0.00221,0.00775,0.95583,0.00494,0.00775,3,12237,0,7174,0.00000,0.00000,0.00000,0,0,nan,0,0,0,2613,187491,0,0,0.000,0.000,0.000,0,0.000,0.000,0.000,0,0,4,0,0
PPG,3,109413,4378071552,29,39806,31271,0.000,0.000,0.000,0,0,0,0,0.00,nan,4,3,1,nan,3,3,32,1,1,5,5,0,0,0,84460716,0.03491,0.00977,0.94556,0.94625,-0.00505,-0.00135,-0.00087,0.00530,0.95529,0.00904,0.00776,3,12251,0,7174,0.00000,0.00000,0.00000,0,0,nan,0,0,0,4339,187491,0,0,0.000,0.000,0.000,0,0.000,0.000,0.000,0,0,4,0,0
PPG,4,109414,4378111552,153,37879,30386,0.000,0.000,0.000,0,0,0,0,0.00,nan,1,2,1024,nan,4,2,32,1,1,6,6,0,0,0,84499649,0.03735,0.00659,0.95190,0.95266,-0.00532,0.00212,-0.00114,0.00584,0.95442,0.00769,0.00668,3,12267,0,7174,0.00000,0.00000,0.00000,0,0,nan,0,0,1,2629,187491,0,0,0.000,0.000,0.000,0,0.000,0.000,0.000,0,0,0,0,0
PPG,4,109415,4378151552,17,38541,31454,0.000,0.000,0.000,0,0,0,0,0.00,nan,1,2,1024,nan,4,2,32,1,1,7,7,0,0,0,84541303,0.03320,0.00439,0.94897,0.94957,-0.00532,-0.00001,-0.00194,0.00566,0.95642,0.00381,0.00607,3,12257,0,7174,0.00000,0.00000,0.00000,0,0,nan,0,0,1,4333,187491,0,0,0.000,0.000,0.000,0,0.000,0.000,0.000,0,0,0,0,0
PPG,4,109416,4378191552,17,41901,31264,0.000,0.000,0.000,0,0,0,0,0.00,nan,1,2,1024,nan,4,2,32,1,1,8,8,0,0,0,84580240,0.03540,0.00732,0.94922,0.94991,-0.00505,-0.00161,-0.00114,0.00542,0.95315,0.00481,0.00660,3,12292,0,7174,0.00000,0.00000,0.00000,0,0,nan,0,0,1,2611,187491,0,0,0.000,0.000,0.000,0,0.000,0.000,0.000,0,0,0,0,0
PPG,4,109417,4378231552,20,46535,34338,0.000,0.000,0.000,0,0,0,0,0.00,nan,1,2,1024,nan,4,2,32,1,1,9,9,0,0,0,84621646,0.04199,0.00708,0.95215,0.95310,-0.00665,-0.00028,-0.00114,0.00675,0.95462,0.00471,0.00725,3,12260,0,7174,0.00000,0.00000,0.00000,0,0,nan,0,0,1,4332,187491,0,0,0.000,0.000,0.000,0,0.000,0.000,0.000,0,0,0,0,0
PPG,4,109418,4378271552,17,52234,39558,0.000,0.000,0.000,0,0,0,0,0.00,nan,1,2,1024,nan,4,2,32,1,1,10,10,0,0,0,84660545,0.03394,0.01123,0.95068,0.95136,-0.00638,-0.00081,-0.00194,0.00672,0.95732,0.00422,0.00675,3,12258,0,7174,0.00000,0.00000,0.00000,0,0,nan,0,0,1,4340,187491,0,0,0.000,0.000,0.000,0,0.000,0.000,0.000,0,0,0,0,0
PPG,4,109419,4378311552,17,53150,40106,0.000,0.000,0.000,0,0,0,0,0.00,nan,1,2,1024,nan,4,2,32,1,1,11,11,0,0,0,84699377,0.03394,0.00708,0.94824,0.94888,-0.00479,-0.00001,-0.00141,0.00499,0.95421,0.00605,0.00699,3,12258,0,7174,0.00000,0.00000,0.00000,0,0,nan,0,0,1,2636,187491,0,0,0.000,0.000,0.000,0,0.000,0.000,0.000,0,0,0,0,0
PPG,4,109420,4378351552,17,53342,41667,0.000,0.000,0.000,0,0,0,0,0.00,nan,1,2,1024,nan,4,2,32,1,1,12,12,0,0,0,84740853,0.03125,0.00708,0.95337,0.95391,-0.00612,-0.00215,-0.00167,0.00670,0.95401,0.00871,0.00722,3,12236,0,7174,0.00000,0.00000,0.00000,0,0,nan,0,0,1,4332,187491,0,0,0.000,0.000,0.000,0,0.000,0.000,0.000,0,0,0,0,0
PPG,4,109421,4378391552,17,54245,44410,0.000,0.000,0.000,0,0,0,0,0.00,nan,1,2,1024,nan,4,2,32,1,1,13,13,0,0,0,84779744,0.03564,0.01074,0.95410,0.95483,-0.00665,-0.00135,-0.00114,0.00688,0.95811,0.00938,0.00719,3,12299,0,7174,0.00000,0.00000,0.00000,0,0,nan,0,0,1,2625,187491,0,0,0.000,0.000,0.000,0,0.000,0.000,0.000,0,0,0,0,0
PPG,4,109422,4378431552,17,52970,43826,0.000,0.000,0.000,0,0,0,0,0.00,nan,1,2,1024,nan,4,2,32,1,1,14,14,0,0,0,84821203,0.03687,0.00293,0.94922,0.94994,-0.00558,-0.00215,-0.00141,0.00615,0.95355,0.00424,0.00695,3,12238,0,7174,0.00000,0.00000,0.00000,0,0,nan,0,0,1,4329,187491,0,0,0.000,0.000,0.000,0,0.000,0.000,0.000,0,0,0,0,0
PPG,4,109423,4378471552,17,55771,47550,0.000,0.000,0.000,0,0,0,0,0.00,nan,1,2,1024,nan,4,2,32,1,1,15,15,0,0,0,84860008,0.03711,0.00708,0.94702,0.94777,-0.00612,-0.00188,-0.00141,0.00655,0.95748,0.00754,0.00758,3,12226,0,7174,0.00000,0.00000,0.00000,0,0,nan,0,0,1,2629,187491,0,0,0.000,0.000,0.000,0,0.000,0.000,0.000,0,0,0,0,0
PPG,4,109424,4378511552,18,58579,51155,0.000,0.000,0.000,0,0,0,0,0.00,nan,1,2,1024,nan,4,2,32,1,1,16,16,0,0,0,84901493,0.03711,0.00684,0.95044,0.95119,-0.00532,-0.00108,-0.00221,0.00586,0.95258,0.00282,0.00586,3,12232,0,7174,0.00000,0.00000,0.00000,0,0,nan,0,0,1,4346,187491,0,0,0.000,0.000,0.000,0,0.000,0.000,0.000,0,0,0,0,0
PPG,4,109425,4378551552,17,58645,51663,0.000,0.000,0.000,0,0,0,0,0.00,nan,1,2,1024,nan,4,2,32,1,1,17,17,0,0,0,84940338,0.03516,0.00659,0.94995,0.95062,-0.00692,-0.00055,-0.00167,0.00714,0.95412,0.00350,0.00714,3,12220,0,7174,0.00000,0.00000,0.00000,0,0,nan,0,0,1,4337,187491,0,0,0.000,0.000,0.000,0,0.000,0.000,0.000,0,0,0,0,0
PPG,4,109426,4378591552,768,58021,51345,0.000,0.000,0.000,0,0,0,0,0.00,nan,1,2,1024,nan,4,2,40,1,1,18,18,0,0,0,84979235,0.03638,0.00586,0.95337,0.95408,-0.00612,-0.00268,-0.00034,0.00669,0.95408,0.00266,0.00669,3,12359,0,7174,0.00000,0.00000,0.00000,0,0,nan,0,0,1,2599,187491,0,0,0.000,0.000,0.000,0,0.000,0.000,0.000,0,0,0,0,0
PPG,4,109427,4378631552,17,57352,50920,0.000,0.000,0.000,0,0,0,0,0.00,nan,1,2,1024,nan,4,2,40,1,1,19,19,0,0,0,85021172,0.03735,0.00635,0.94946,0.95022,-0.00532,-0.00055,-0.00061,0.00538,0.95323,0.00329,0.00674,3,12159,0,7174,0.00000,0.00000,0.00000,0,0,nan,0,0,1,4295,187491,0,0,0.000,0.000,0.000,0,0.000,0.000,0.000,0,0,0,0,0
PPG,4,109428,4378671552,17,72176,64582,0.000,0.000,0.000,0,0,0,0,0.00,nan,1,2,1024,nan,4,2,40,1,1,20,20,0,0,0,85059705,0.03564,0.00952,0.94971,0.95042,-0.00532,-0.00135,-0.00141,0.00566,0.95823,0.00801,0.00592,3,12124,0,7174,0.00000,0.00000,0.00000,0,0,nan,0,0,1,2605,187491,0,0,0.000,0.000,0.000,0,0.000,0.000,0.000,0,0,0,0,0
PPG,4,109429,4378711552,17,72178,64832,0.000,0.000,0.000,0,0,0,0,0.00,nan,1,2,1024,nan,4,2,40,1,1,21,21,0,0,0,85100958,0.03955,0.00757,0.95239,0.95324,-0.00558,-0.00135,-0.00167,0.00598,0.95324,0.00826,0.00598,3,12138,0,7174,0.00000,0.00000,0.00000,0,0,nan,0,0,1,4296,187491,0,0,0.000,0.000,0.000,0,0.000,0.000,0.000,0,0,0,0,0
PPG,4,109430,4378751552,17,73338,66165,0.000,0.000,0.000,0,0,0,0,0.00,nan,1,2,1024,nan,4,2,40,1,1,22,22,0,0,0,85139448,0.03735,0.00537,0.94824,0.94899,-0.00532,-0.00028,-0.00221,0.00576,0.94899,0.00446,0.00597,3,12114,0,7174,0.00000,0.00000,0.00000,0,0,nan,0,0,1,2603,187491,0,0,0.000,0.000,0.000,0,0.000,0.000,0.000,0,0,0,0,0
PPG,4,109431,4378791552,17,73687,66675,0.000,0.000,0.000,0,0,0,0,0.00,nan,1,2,1024,nan,4,2,40,1,1,23,23,0,0,0,85180550,0.03369,0.00952,0.95703,0.95767,-0.00612,-0.00055,-0.00194,0.00644,0.95767,0.00505,0.00644,3,12125,0,7174,0.00000,0.00000,0.00000,0,0,nan,0,0,1,4300,187491,0,0,0.000,0.000,0.000,0,0.000,0.000,0.000,0,0,0,0,0
PPG,4,109432,4378831552,17,74272,67454,0.000,0.000,0.000,0,0,0,0,0.00,nan,1,2,1024,nan,4,2,40,1,1,24,24,0,0,0,85219080,0.03613,0.00732,0.95605,0.95677,-0.00585,-0.00081,-0.00167,0.00614,0.95677,0.01131,0.00614,3,12127,0,7174,0.00000,0.00000,0.00000,0,0,nan,0,0,1,2595,187491,0,0,0.000,0.000,0.000,0,0.000,0.000,0.000,0,0,0,0,0
PPG,4,109433,4378871552,18,75892,69315,0.000,0.000,0.000,0,0,0,0,0.00,nan,1,2,1024,nan,4,2,40,1,1,25,25,0,0,0,85300023,0.03809,0.00708,0.95215,0.95294,-0.00612,-0.00108,-0.00087,0.00627,0.95294,0.00746,0.00627,2,64098,0,7179,0.00000,0.00000,0.00000,0,0,nan,0,0,1,64123,187491,0,0,0.000,0.000,0.000,0,0.000,0.000,0.000,0,0,0,0,0
PPG,4,109434,4378911552,17,77533,71091,0.000,0.000,0.000,0,0,0,0,0.00,nan,1,2,1024,nan,4,2,40,1,1,26,26,0,0,0,85300023,0.03809,0.00708,0.95215,0.95294,-0.00612,-0.00108,-0.00087,0.00627,0.00000,0.00000,0.00000,0,64098,0,7179,0.00000,0.00000,0.00000,0,0,nan,0,0,1,11680,187491,0,0,0.000,0.000,0.000,0,0.000,0.000,0.000,0,0,0,0,0
PPG,4,109435,4378951552,17,78539,72255,0.000,0.000,0.000,0,0,0,0,0.00,nan,1,2,1024,nan,4,2,40,1,1,27,27,0,0,0,85345919,0.03809,0.00562,0.94653,0.94732,-0.00585,-0.00055,-0.00167,0.00611,0.95457,0.00676,0.00640,3,12131,0,7180,0.00000,0.00000,0.00000,0,0,nan,0,0,1,2586,187491,0,0,0.000,0.000,0.000,0,0.000,0.000,0.000,0,0,0,0,0
PPG,4,109436,4378991552,24,78066,71785,0.000,0.000,0.000,0,0,0,0,0.00,nan,1,2,1024,nan,4,2,40,1,1,28,28,0,0,0,85381629,0.03906,0.00659,0.95215,0.95297,-0.00638,-0.00028,-0.00194,0.00668,0.95297,0.00417,0.00713,2,21472,0,7181,0.00000,0.00000,0.00000,0,0,nan,0,0,1,4399,187491,0,0,0.000,0.000,0.000,0,0.000,0.000,0.000,0,0,0,0,0
PPG,4,109437,4379031552,17,78353,72216,0.000,0.000,0.000,0,0,0,0,0.00,nan,1,2,1024,nan,4,2,40,1,1,29,29,0,0,0,85420338,0.03589,0.00732,0.94995,0.95066,-0.00612,0.00105,-0.00167,0.00643,0.95356,0.00401,0.00643,3,12121,0,7181,0.00000,0.00000,0.00000,0,0,nan,0,0,1,2595,187491,0,0,0.000,0.000,0.000,0,0.000,0.000,0.000,0,0,0,0,0
PPG,4,109438,4379071552,19,79752,73766,0.000,0.000,0.000,0,0,0,0,0.00,nan,1,2,1024,nan,4,2,40,1,1,30,30,0,0,0,85461449,0.03442,0.00659,0.95386,0.95450,-0.00558,-0.00055,-0.00194,0.00594,0.95450,0.00405,0.00771,3,12118,0,7181,0.00000,0.00000,0.00000,0,0,nan,0,0,1,4295,187491,0,0,0.000,0.000,0.000,0,0.000,0.000,0.000,0,0,0,0,0
PPG,4,109439,4379111552,17,80948,75025,0.000,0.000,0.000,0,0,0,0,0.00,nan,1,2,1024,nan,4,2,40,1,1,31,31,0,0,0,85500095,0.04102,0.00537,0.95313,0.95402,-0.00612,-0.00161,-0.00167,0.00654,0.95431,0.00429,0.00654,3,12235,0,7181,0.00000,0.00000,0.00000,0,0,nan,0,0,1,2595,187491,0,0,0.000,0.000,0.000,0,0.000,0.000,0.000,0,0,0,0,0
PPG,4,109440,4379151552,17,81941,76095,0.000,0.000,0.000,0,0,0,0,0.00,nan,1,2,1024,nan,4,2,40,1,1,0,0,0,0,0,85541217,0.03906,0.00073,0.95288,0.95368,-0.00612,-0.00055,-0.00061,0.00617,0.95942,0.01102,0.00679,3,12123,0,7181,0.00000,0.00000,0.00000,0,0,nan,0,0,1,4296,187491,0,0,0.000,0.000,0.000,0,0.000,0.000,0.000,0,0,0,0,0
PPG,4,109441,4379191552,17,81822,76049,0.000,0.000,0.000,0,0,0,0,0.00,nan,1,2,1024,nan,4,2,40,1,1,1,1,0,0,0,85579771,0.03955,0.00928,0.95630,0.95716,-0.00612,-0.00001,-0.00141,0.00628,0.95716,0.00460,0.00643,3,12145,0,7181,0.00000,0.00000,0.00000,0,0,nan,0,0,1,2611,187491,0,0,0.000,0.000,0.000,0,0.000,0.000,0.000,0,0,0,0,0
PPG,4,109442,4379231552,17,80401,74532,0.000,0.000,0.000,0,0,0,0,0.00,nan,1,2,1024,nan,4,2,40,1,1,2,2,0,0,0,85621054,0.03711,0.00537,0.95093,0.95167,-0.00532,0.00025,-0.00247,0.00587,0.95466,0.00305,0.00658,3,12110,0,7181,0.00000,0.00000,0.00000,0,0,nan,0,0,1,4305,187491,0,0,0.000,0.000,0.000,0,0.000,0.000,0.000,0,0,0,0,0
PPG,4,109443,4379271552,17,80532,74756,0.000,0.000,0.000,0,0,0,0,0.00,nan,1,2,1024,nan,4,2,40,1,1,3,3,0,0,0,85659568,0.03760,0.00781,0.94580,0.94658,-0.00638,0.00025,-0.00221,0.00676,0.95586,0.00902,0.00676,3,12119,0,7181,0.00000,0.00000,0.00000,0,0,nan,0,0,1,2595,187491,0,0,0.000,0.000,0.000,0,0.000,0.000,0.000,0,0,0,0,0
PPG,4,109444,4379311552,17,83302,77735,0.000,0.000,0.000,0,0,0,0,0.00,nan,1,2,1024,nan,4,2,40,1,1,4,4,0,0,0,85700710,0.04126,0.00464,0.94800,0.94891,-0.00665,-0.00081,-0.00061,0.00673,0.94891,0.00245,0.00673,3,12160,0,7181,0.00000,0.00000,0.00000,0,0,nan,0,0,1,4295,187491,0,0,0.000,0.000,0.000,0,0.000,0.000,0.000,0,0,0,0,0
PPG,4,109445,4379351552,23,85787,80354,0.000,0.000,0.000,0,0,0,0,0.00,nan,1,2,1024,nan,4,2,40,1,1,5,5,0,0,0,85739202,0.03931,0.00415,0.94751,0.94833,-0.00532,-0.00028,-0.00167,0.00558,0.95011,0.00177,0.00732,3,12108,0,7181,0.00000,0.00000,0.00000,0,0,nan,0,0,1,2599,187491,0,0,0.000,0.000,0.000,0,0.000,0.000,0.000,0,0,0,0,0
PPG,4,109446,4379391552,17,86620,81210,0.000,0.000,0.000,0,0,0,0,0.00,nan,1,2,1024,nan,4,2,40,1,1,6,6,0,0,0,85780331,0.03296,0.00220,0.95264,0.95321,-0.00532,-0.00055,-0.00274,0.00601,0.95409,0.00473,0.00722,3,12128,0,7181,0.00000,0.00000,0.00000,0,0,nan,0,0,1,2595,187491,0,0,0.000,0.000,0.000,0,0.000,0.000,0.000,0,0,0,0,0
PPG,4,109447,4379431552,17,86359,80877,0.000,0.000,0.000,0,0,0,0,0.00,nan,1,2,1024,nan,4,2,40,1,1,7,7,0,0,0,85821482,0.03735,0.00610,0.95679,0.95754,-0.00532,-0.00108,-0.00194,0.00576,0.95754,0.00909,0.00647,3,12130,0,7181,0.00000,0.00000,0.00000,0,0,nan,0,0,1,4307,187491,0,0,0.000,0.000,0.000,0,0.000,0.000,0.000,0,0,0,0,0
PPG,4,109448,4379471552,17,86131,80655,0.000,0.000,0.000,0,0,0,0,0.00,nan,1,2,1024,nan,4,2,40,1,1,8,8,0,0,0,85860014,0.03467,0.00464,0.95093,0.95157,-0.00479,-0.00055,-0.00167,0.00510,0.95157,0.00929,0.00644,3,12120,0,7181,0.00000,0.00000,0.00000,0,0,nan,0,0,1,2602,187491,0,0,0.000,0.000,0.000,0,0.000,0.000,0.000,0,0,0,0,0
PPG,4,109449,4379511552,17,85546,80080,0.000,0.000,0.000,0,0,0,0,0.00,nan,1,2,1024,nan,4,2,40,1,1,9,9,0,0,0,85901159,0.03760,0.00488,0.94849,0.94924,-0.00612,-0.00055,-0.00194,0.00644,0.95056,0.00233,0.00686,3,12142,0,7181,0.00000,0.00000,0.00000,0,0,nan,0,0,1,4338,187491,0,0,0.000,0.000,0.000,0,0.000,0.000,0.000,0,0,0,0,0
PPG,4,109450,4379551552,17,86014,80646,0.000,0.000,0.000,0,0,0,0,0.00,nan,1,2,1024,nan,4,2,40,1,1,10,10,0,0,0,85939771,0.03809,0.00708,0.95410,0.95489,-0.00505,-0.00081,-0.00167,0.00538,0.95489,0.00558,0.00649,3,12134,0,7181,0.00000,0.00000,0.00000,0,0,nan,0,0,1,2600,187491,0,0,0.000,0.000,0.000,0,0.000,0.000,0.000,0,0,0,0,0
PPG,4,109451,4379591552,17,85879,80497,0.000,0.000,0.000,0,0,0,0,0.00,nan,1,2,1024,nan,4,2,40,1,1,11,11,0,0,0,85980906,0.04077,0.00122,0.95337,0.95424,-0.00612,-0.00161,-0.00194,0.00662,0.95456,0.00489,0.00691,3,12117,0,7181,0.00000,0.00000,0.00000,0,0,nan,0,0,1,4296,187491,0,0,0.000,0.000,0.000,0,0.000,0.000,0.000,0,0,0,0,0
PPG,4,109452,4379631552,17,85501,80166,0.000,0.000,0.000,0,0,0,0,0.00,nan,1,2,1024,nan,4,2,40,1,1,12,12,0,0,0,86019475,0.03613,0.01123,0.95190,0.95266,-0.00638,-0.00055,-0.00194,0.00669,0.95266,0.00596,0.00731,3,12125,0,7181,0.00000,0.00000,0.00000,0,0,nan,0,0,1,2595,187491,0,0,0.000,0.000,0.000,0,0.000,0.000,0.000,0,0,0,0,0
PPG,4,109453,4379671552,17,84697,79380,0.000,0.000,0.000,0,0,0,0,0.00,nan,1,2,1024,nan,4,2,40,1,1,13,13,0,0,0,86060599,0.03955,0.00781,0.95264,0.95349,-0.00558,-0.00001,-0.00141,0.00576,0.95349,0.00639,0.00746,3,12132,0,7181,0.00000,0.00000,0.00000,0,0,nan,0,0,1,2594,187491,0,0,0.000,0.000,0.000,0,0.000,0.000,0.000,0,0,0,0,0
PPG,4,109454,4379711552,28,85018,79804,0.000,0.000,0.000,0,0,0,0,0.00,nan,1,2,1024,nan,4,2,40,1,1,14,14,0,0,0,86101696,0.03613,0.00659,0.95605,0.95676,-0.00638,-0.00028,-0.00167,0.00661,0.95676,0.00543,0.00661,3,12114,0,7181,0.00000,0.00000,0.00000,0,0,nan,0,0,1,4296,187491,0,0,0.000,0.000,0.000,0,0.000,0.000,0.000,0,0,0,0,0
PPG,4,109455,4379751552,17,86233,81115,0.000,0.000,0.000,0,0,0,0,0.00,nan,1,2,1024,nan,4,2,40,1,1,15,15,0,0,0,86140561,0.03613,0.00513,0.95532,0.95602,-0.00692,-0.00055,-0.00034,0.00695,0.95740,0.01143,0.00695,3,12229,0,7181,0.00000,0.00000,0.00000,0,0,nan,0,0,1,2597,187491,0,0,0.000,0.000,0.000,0,0.000,0.000,0.000,0,0,0,0,0
PPG,4,109456,4379791552,17,86482,81380,0.000,0.000,0.000,0,0,0,0,0.00,nan,1,2,1024,nan,4,2,40,1,1,16,16,0,0,0,86181744,0.04077,0.00684,0.94897,0.94987,-0.00612,-0.00108,-0.00087,0.00627,0.95315,0.00287,0.00680,3,12116,0,7181,0.00000,0.00000,0.00000,0,0,nan,0,0,1,4298,187491,0,0,0.000,0.000,0.000,0,0.000,0.000,0.000,0,0,0,0,0
PPG,4,109457,4379831552,17,86733,81710,0.000,0.000,0.000,0,0,0,0,0.00,nan,1,2,1024,nan,4,2,40,1,1,17,17,0,0,0,86220296,0.03491,0.00635,0.95117,0.95183,-0.00612,-0.00081,-0.00087,0.00623,0.95629,0.00641,0.00654,3,12161,0,7181,0.00000,0.00000,0.00000,0,0,nan,0,0,1,2597,187491,0,0,0.000,0.000,0.000,0,0.000,0.000,0.000,0,0,0,0,0
PPG,4,109458,4379871552,28,87615,82584,0.000,0.000,0.000,0,0,0,0,0.00,nan,1,2,1024,nan,4,2,40,1,1,18,18,0,0,0,86261489,0.03516,0.00879,0.95117,0.95186,-0.00532,0.00025,-0.00274,0.00599,0.95433,0.00307,0.00642,3,12119,0,7181,0.00000,0.00000,0.00000,0,0,nan,0,0,1,4337,187491,0,0,0.000,0.000,0.000,0,0.000,0.000,0.000,0,0,0,0,0
PPG,4,109459,4379911552,28,88650,83616,0.000,0.000,0.000,0,0,0,0,0.00,nan,1,2,1024,nan,4,2,40,1,1,19,19,0,0,0,86300269,0.03296,0.00391,0.95117,0.95175,-0.00638,-0.00081,-0.00221,0.00680,0.95487,0.01131,0.00680,3,12132,0,7181,0.00000,0.00000,0.00000,0,0,nan,0,0,1,2686,187491,0,0,0.000,0.000,0.000,0,0.000,0.000,0.000,0,0,0,0,0
PPG,4,109460,4379951552,17,88045,83001,0.000,0.000,0.000,0,0,0,0,0.00,nan,1,2,1024,nan,4,2,40,1,1,20,20,0,0,0,86341996,0.04199,0.00757,0.95044,0.95140,-0.00558,-0.00081,-0.00167,0.00589,0.95319,0.00150,0.00682,3,12256,0,7181,0.00000,0.00000,0.00000,0,0,nan,0,0,1,4363,187491,0,0,0.000,0.000,0.000,0,0.000,0.000,0.000,0,0,0,0,0
PPG,4,109461,4379991552,17,88039,83071,0.000,0.000,0.000,0,0,0,0,0.00,nan,1,2,1024,nan,4,2,40,1,1,21,21,0,0,0,86385041,0.03638,0.00391,0.95557,0.95627,-0.00532,-0.00081,-0.00141,0.00556,0.95777,0.00588,0.00651,3,16352,0,7181,0.00000,0.00000,0.00000,0,0,nan,0,0,1,16292,187491,0,0,0.000,0.000,0.000,0,0.000,0.000,0.000,0,0,0,0,0
PPG,4,109462,4380031552,18,88346,83386,0.000,0.000,0.000,0,0,0,0,0.00,nan,1,2,1024,nan,4,2,40,1,1,22,22,0,0,0,86424048,0.03638,0.00830,0.95215,0.95288,-0.00612,-0.00108,-0.00274,0.00679,0.95349,0.00776,0.00714,3,12298,0,7181,0.00000,0.00000,0.00000,0,0,nan,0,0,1,2620,187491,0,0,0.000,0.000,0.000,0,0.000,0.000,0.000,0,0,0,0,0
PPG,4,109463,4380071552,17,87996,82942,0.000,0.000,0.000,0,0,0,0,0.00,nan,1,2,1024,nan,4,2,40,1,1,23,23,0,0,0,86462923,0.04126,0.00903,0.95313,0.95406,-0.00585,-0.00028,-0.00300,0.00658,0.95406,0.00558,0.00658,3,12240,0,7181,0.00000,0.00000,0.00000,0,0,nan,0,0,1,4338,187491,0,0,0.000,0.000,0.000,0,0.000,0.000,0.000,0,0,0,0,0
PPG,4,109464,4380111552,18,87191,82059,0.000,0.000,0.000,0,0,0,0,0.00,nan,1,2,1024,nan,4,2,40,1,1,24,24,0,0,0,86501778,0.03857,0.00635,0.95557,0.95637,-0.00505,-0.00108,-0.00221,0.00562,0.95796,0.01254,0.00599,3,12263,0,7181,0.00000,0.00000,0.00000,0,0,nan,0,0,1,4340,187491,0,0,0.000,0.000,0.000,0,0.000,0.000,0.000,0,0,0,0,0
PPG,4,109465,4380151552,17,87257,82173,0.000,0.000,0.000,0,0,0,0,0.00,nan,1,2,1024,nan,4,2,40,1,1,25,25,0,0,0,86540681,0.03540,0.00513,0.95239,0.95306,-0.00558,-0.00135,-0.00114,0.00586,0.95306,0.00420,0.00655,3,12242,0,7181,0.00000,0.00000,0.00000,0,0,nan,0,0,1,2632,187491,0,0,0.000,0.000,0.000,0,0.000,0.000,0.000,0,0,0,0,0
PPG,4,109466,4380191552,17,87723,82684,0.000,0.000,0.000,0,0,0,0,0.00,nan,1,2,1024,nan,4,2,40,1,1,26,26,0,0,0,86582180,0.03613,0.00757,0.95557,0.95628,-0.00505,-0.00028,-0.00141,0.00525,0.95628,0.00605,0.00589,3,12229,0,7181,0.00000,0.00000,0.00000,0,0,nan,0,0,1,4334,187491,0,0,0.000,0.000,0.000,0,0.000,0.000,0.000,0,0,0,0,0
PPG,4,109467,4380231552,26,87490,82446,0.000,0.000,0.000,0,0,0,0,0.00,nan,1,2,1024,nan,4,2,40,1,1,27,27,0,0,0,86621170,0.03906,0.00366,0.95728,0.95808,-0.00612,-0.00161,-0.00141,0.00648,0.95808,0.00963,0.00648,3,12315,0,7181,0.00000,0.00000,0.00000,0,0,nan,0,0,1,4354,187491,0,0,0.000,0.000,0.000,0,0.000,0.000,0.000,0,0,0,0,0
PPG,4,109468,4380271552,19,86651,81622,0.000,0.000,0.000,0,0,0,0,0.00,nan,1,2,1024,nan,4,2,40,1,1,28,28,0,0,0,86660015,0.03564,0.00684,0.95215,0.95284,-0.00638,-0.00215,-0.00221,0.00709,0.95284,0.00952,0.00734,3,12199,0,7181,0.00000,0.00000,0.00000,0,0,nan,0,0,1,2633,187491,0,0,0.000,0.000,0.000,0,0.000,0.000,0.000,0,0,0,0,0
PPG,4,109469,4380311552,17,86145,81152,0.000,0.000,0.000,0,0,0,0,0.00,nan,1,2,1024,nan,4,2,40,1,1,29,29,0,0,0,86701545,0.03516,0.01172,0.95581,0.95653,-0.00532,0.00052,-0.00141,0.00553,0.95653,0.00680,0.00602,3,12280,0,7181,0.00000,0.00000,0.00000,0,0,nan,0,0,1,4339,187491,0,0,0.000,0.000,0.000,0,0.000,0.000,0.000,0,0,0,0,0
PPG,4,109470,4380351552,17,86575,81636,0.000,0.000,0.000,0,0,0,0,0.00,nan,1,2,1024,nan,4,2,40,1,1,30,30,0,0,0,86740392,0.04224,0.01050,0.94995,0.95095,-0.00638,-0.00001,-0.00087,0.00644,0.95318,0.00559,0.00644,3,12233,0,7181,0.00000,0.00000,0.00000,0,0,nan,0,0,1,2631,187491,0,0,0.000,0.000,0.000,0,0.000,0.000,0.000,0,0,0,0,0
PPG,4,109471,4380391552,17,87018,82133,0.000,0.000,0.000,0,0,0,0,0.00,nan,1,2,1024,nan,4,2,40,1,1,31,31,0,0,0,86781847,0.03711,0.00488,0.95093,0.95166,-0.00452,-0.00028,-0.00221,0.00504,0.95967,0.00801,0.00576,3,12209,0,7181,0.00000,0.00000,0.00000,0,0,nan,0,0,1,4327,187491,0,0,0.000,0.000,0.000,0,0.000,0.000,0.000,0,0,0,0,0
PPG,4,109472,4380431552,17,87131,82287,0.000,0.000,0.000,0,0,0,0,0.00,nan,1,2,1024,nan,4,2,40,1,1,0,0,0,0,0,86820683,0.03760,0.00830,0.95483,0.95561,-0.00505,-0.00028,-0.00061,0.00510,0.95784,0.00520,0.00591,3,12245,0,7181,0.00000,0.00000,0.00000,0,0,nan,0,0,1,2646,187491,0,0,0.000,0.000,0.000,0,0.000,0.000,0.000,0,0,0,0,0
PPG,4,109473,4380471552,17,87002,82185,0.000,0.000,0.000,0,0,0,0,0.00,nan,1,2,1024,nan,4,2,40,1,1,1,1,0,0,0,86862152,0.03662,0.00708,0.95605,0.95678,-0.00585,-0.00028,-0.00141,0.00602,0.95678,0.00998,0.00602,3,12228,0,7181,0.00000,0.00000,0.00000,0,0,nan,0,0,1,4334,187491,0,0,0.000,0.000,0.000,0,0.000,0.000,0.000,0,0,0,0,0
PPG,4,109474,4380511552,17,86987,82197,0.000,0.000,0.000,0,0,0,0,0.00,nan,1,2,1024,nan,4,2,40,1,1,2,2,0,0,0,86900986,0.03418,0.00732,0.95166,0.95230,-0.00585,-0.00001,-0.00167,0.00609,0.95230,0.01202,0.00609,3,12229,0,7181,0.00000,0.00000,0.00000,0,0,nan,0,0,1,4330,187491,0,0,0.000,0.000,0.000,0,0.000,0.000,0.000,0,0,0,0,0
PPG,4,109475,4380551552,21,86761,81989,0.000,0.000,0.000,0,0,0,0,0.00,nan,1,2,1024,nan,4,2,40,1,1,3,3,0,0,0,86939690,0.03833,0.00757,0.94531,0.94612,-0.00585,-0.00055,-0.00167,0.00611,0.95965,0.00814,0.00611,3,12123,0,7181,0.00000,0.00000,0.00000,0,0,nan,0,0,1,2648,187491,0,0,0.000,0.000,0.000,0,0.000,0.000,0.000,0,0,0,0,0
PPG,4,109476,4380591552,17,86719,81952,0.000,0.000,0.000,0,0,0,0,0.00,nan,1,2,1024,nan,4,2,40,1,1,4,4,0,0,0,86981047,0.03711,0.00708,0.94580,0.94655,-0.00532,-0.00081,-0.00061,0.00541,0.95395,0.00783,0.00653,3,12153,0,7181,0.00000,0.00000,0.00000,0,0,nan,0,0,1,4301,187491,0,0,0.000,0.000,0.000,0,0.000,0.000,0.000,0,0,0,0,0
PPG,4,109477,4380631552,17,86665,81943,0.000,0.000,0.000,0,0,0,0,0.00,nan,1,2,1024,nan,4,2,40,1,1,5,5,0,0,0,87019561,0.03979,0.00659,0.95215,0.95300,-0.00585,-0.00055,-0.00114,0.00599,0.95821,0.01165,0.00599,3,12120,0,7181,0.00000,0.00000,0.00000,0,0,nan,0,0,1,2610,187491,0,0,0.000,0.000,0.000,0,0.000,0.000,0.000,0,0,0,0,0
PPG,4,109478,4380671552,17,86995,82344,0.000,0.000,0.000,0,0,0,0,0.00,nan,1,2,1024,nan,4,2,40,1,1,6,6,0,0,0,87060708,0.03857,0.00732,0.95801,0.95881,-0.00558,-0.00108,-0.00167,0.00593,0.95881,0.00690,0.00672,3,12116,0,7181,0.00000,0.00000,0.00000,0,0,nan,0,0,1,2598,187491,0,0,0.000,0.000,0.000,0,0.000,0.000,0.000,0,0,0,0,0
PPG,4,109479,4380711552,19,87237,82622,0.000,0.000,0.000,0,0,0,0,0.00,nan,1,2,1024,nan,4,2,40,1,1,7,7,0,0,0,87101858,0.03711,0.00586,0.94702,0.94777,-0.00585,-0.00055,-0.00247,0.00638,0.95541,0.00884,0.00651,3,12146,0,7181,0.00000,0.00000,0.00000,0,0,nan,0,0,1,4303,187491,0,0,0.000,0.000,0.000,0,0.000,0.000,0.000,0,0,0,0,0
PPG,4,109480,4380751552,17,87234,82647,0.000,0.000,0.000,0,0,0,0,0.00,nan,1,2,1024,nan,4,2,40,1,1,8,8,0,0,0,87140457,0.03467,0.00854,0.95215,0.95282,-0.00612,-0.00055,-0.00087,0.00620,0.95500,0.00674,0.00693,3,12162,0,7181,0.00000,0.00000,0.00000,0,0,nan,0,0,1,2601,187491,0,0,0.000,0.000,0.000,0,0.000,0.000,0.000,0,0,0,0,0
PPG,4,109481,4380791552,17,87292,82755,0.000,0.000,0.000,0,0,0,0,0.00,nan,1,2,1024,nan,4,2,40,1,1,9,9,0,0,0,87181558,0.03369,0.00586,0.95142,0.95203,-0.00532,-0.00081,-0.00221,0.00581,0.95209,0.00707,0.00690,3,12113,0,7181,0.00000,0.00000,0.00000,0,0,nan,0,0,1,4297,187491,0,0,0.000,0.000,0.000,0,0.000,0.000,0.000,0,0,0,0,0
PPG,4,109482,4380831552,17,87171,82646,0.000,0.000,0.000,0,0,0,0,0.00,nan,1,2,1024,nan,4,2,40,1,1,10,10,0,0,0,87220088,0.03711,0.01025,0.95264,0.95341,-0.00612,-0.00055,-0.00194,0.00644,0.95589,0.00492,0.00644,3,12120,0,7181,0.00000,0.00000,0.00000,0,0,nan,0,0,1,2594,187491,0,0,0.000,0.000,0.000,0,0.000,0.000,0.000,0,0,0,0,0
PPG,4,109483,4380871552,17,87424,82910,0.000,0.000,0.000,0,0,0,0,0.00,nan,1,2,1024,nan,4,2,40,1,1,11,11,0,0,0,87261216,0.03955,0.00708,0.95239,0.95324,-0.00585,-0.00081,-0.00114,0.00602,0.95583,0.00259,0.00720,3,12114,0,7181,0.00000,0.00000,0.00000,0,0,nan,0,0,1,4298,187491,0,0,0.000,0.000,0.000,0,0.000,0.000,0.000,0,0,0,0,0
PPG,4,109484,4380911552,17,86643,82050,0.000,0.000,0.000,0,0,0,0,0.00,nan,1,2,1024,nan,4,2,40,1,1,12,12,0,0,0,87299749,0.03955,0.00781,0.95459,0.95544,-0.00638,0.00079,-0.00141,0.00658,0.95544,0.00312,0.00688,3,12128,0,7181,0.00000,0.00000,0.00000,0,0,nan,0,0,1,2601,187491,0,0,0.000,0.000,0.000,0,0.000,0.000,0.000,0,0,0,0,0
PPG,4,109485,4380951552,17,85844,81255,0.000,0.000,0.000,0,0,0,0,0.00,nan,1,2,1024,nan,4,2,40,1,1,13,13,0,0,0,87340929,0.03711,0.00562,0.95215,0.95289,-0.00585,-0.00055,-0.00194,0.00619,0.95289,0.00843,0.00628,3,12176,0,7181,0.00000,0.00000,0.00000,0,0,nan,0,0,1,4300,187491,0,0,0.000,0.000,0.000,0,0.000,0.000,0.000,0,0,0,0,0
PPG,4,109486,4380991552,17,85644,81005,0.000,0.000,0.000,0,0,0,0,0.00,nan,1,2,1024,nan,4,2,40,1,1,14,14,0,0,0,87386133,0.03442,0.00610,0.95166,0.95230,-0.00612,-0.00108,-0.00114,0.00632,0.96018,0.00788,0.00632,3,18811,0,7181,0.00000,0.00000,0.00000,0,0,nan,0,0,1,14456,187491,0,0,0.000,0.000,0.000,0,0.000,0.000,0.000,0,0,0,0,0
PPG,4,109487,4381031552,17,85818,81120,0.000,0.000,0.000,0,0,0,0,0.00,nan,1,2,1024,nan,4,2,40,1,1,15,15,0,0,0,87424733,0.03198,0.00757,0.95142,0.95198,-0.00638,-0.00108,-0.00221,0.00684,0.95254,0.00805,0.00684,3,12112,0,7181,0.00000,0.00000,0.00000,0,0,nan,0,0,1,2587,187491,0,0,0.000,0.000,0.000,0,0.000,0.000,0.000,0,0,0,0,0
PPG,4,109488,4381071552,17,85681,80925,0.000,0.000,0.000,0,0,0,0,0.00,nan,1,2,1024,nan,4,2,40,1,1,16,16,0,0,0,87463567,0.04028,0.00586,0.95728,0.95814,-0.00558,-0.00055,-0.00167,0.00586,0.95814,0.00431,0.00705,3,12285,0,7181,0.00000,0.00000,0.00000,0,0,nan,0,0,1,2627,187491,0,0,0.000,0.000,0.000,0,0.000,0.000,0.000,0,0,0,0,0
PPG,4,109489,4381111552,17,84910,80103,0.000,0.000,0.000,0,0,0,0,0.00,nan,1,2,1024,nan,4,2,40,1,1,17,17,0,0,0,87502174,0.03931,0.01050,0.94873,0.94960,-0.00505,0.00025,-0.00114,0.00518,0.95438,0.00533,0.00628,3,12193,0,7181,0.00000,0.00000,0.00000,0,0,nan,0,0,1,4294,187491,0,0,0.000,0.000,0.000,0,0.000,0.000,0.000,0,0,0,0,0
PPG,4,109490,4381151552,28,84667,79868,0.000,0.000,0.000,0,0,0,0,0.00,nan,1,2,1024,nan,4,2,40,1,1,18,18,0,0,0,87540696,0.03735,0.00610,0.95093,0.95168,-0.00612,-0.00028,-0.00221,0.00651,0.95928,0.00760,0.00651,3,12144,0,7181,0.00000,0.00000,0.00000,0,0,nan,0,0,1,2643,187491,0,0,0.000,0.000,0.000,0,0.000,0.000,0.000,0,0,0,0,0
PPG,4,109491,4381191552,17,84764,79968,0.000,0.000,0.000,0,0,0,0,0.00,nan,1,2,1024,nan,4,2,40,1,1,19,19,0,0,0,87582081,0.03906,0.00854,0.94873,0.94957,-0.00585,-0.00081,-0.00167,0.00614,0.95559,0.00589,0.00739,3,12110,0,7181,0.00000,0.00000,0.00000,0,0,nan,0,0,1,4296,187491,0,0,0.000,0.000,0.000,0,0.000,0.000,0.000,0,0,0,0,0
PPG,4,109492,4381231552,17,84470,79710,0.000,0.000,0.000,0,0,0,0,0.00,nan,1,2,1024,nan,4,2,40,1,1,20,20,0,0,0,87620757,0.04004,0.00635,0.95142,0.95228,-0.00665,-0.00081,-0.00114,0.00680,0.95544,0.00584,0.00680,3,12126,0,7181,0.00000,0.00000,0.00000,0,0,nan,0,0,1,2602,187491,0,0,0.000,0.000,0.000,0,0.000,0.000,0.000,0,0,0,0,0
PPG,4,109493,4381271552,18,85792,81160,0.000,0.000,0.000,0,0,0,0,0.00,nan,1,2,1024,nan,4,2,40,1,1,21,21,0,0,0,87662258,0.03687,0.00415,0.95190,0.95263,-0.00558,-0.00001,-0.00114,0.00570,0.95395,0.00167,0.00699,3,12241,0,7181,0.00000,0.00000,0.00000,0,0,nan,0,0,1,4340,187491,0,0,0.000,0.000,0.000,0,0.000,0.000,0.000,0,0,0,0,0
PPG,4,109494,4381311552,17,87248,82729,0.000,0.000,0.000,0,0,0,0,0.00,nan,1,2,1024,nan,4,2,40,1,1,22,22,0,0,0,87701164,0.03906,0.00684,0.95605,0.95688,-0.00612,-0.00028,-0.00194,0.00642,0.95688,0.00638,0.00691,3,12279,0,7181,0.00000,0.00000,0.00000,0,0,nan,0,0,1,4356,187491,0,0,0.000,0.000,0.000,0,0.000,0.000,0.000,0,0,0,0,0
PPG,4,109495,4381351552,17,89030,84622,0.000,0.000,0.000,0,0,0,0,0.00,nan,1,2,1024,nan,4,2,40,1,1,23,23,0,0,0,87740070,0.03638,0.00293,0.95264,0.95334,-0.00585,-0.00108,-0.00141,0.00611,0.95393,0.00985,0.00664,3,12262,0,7181,0.00000,0.00000,0.00000,0,0,nan,0,0,1,2611,187491,0,0,0.000,0.000,0.000,0,0.000,0.000,0.000,0,0,0,0,0
PPG,4,109496,4381391552,17,88872,84449,0.000,0.000,0.000,0,0,0,0,0.00,nan,1,2,1024,nan,4,2,40,1,1,24,24,0,0,0,87781555,0.03857,0.00732,0.95264,0.95345,-0.00558,-0.00081,-0.00167,0.00589,0.95345,0.00167,0.00665,3,12248,0,7181,0.00000,0.00000,0.00000,0,0,nan,0,0,1,4343,187491,0,0,0.000,0.000,0.000,0,0.000,0.000,0.000,0,0,0,0,0
PPG,4,109497,4381431552,17,87612,83131,0.000,0.000,0.000,0,0,0,0,0.00,nan,1,2,1024,nan,4,2,40,1,1,25,25,0,0,0,87820423,0.03809,0.00610,0.95361,0.95439,-0.00798,-0.00108,-0.00167,0.00823,0.95439,0.00290,0.00823,3,12204,0,7181,0.00000,0.00000,0.00000,0,0,nan,0,0,1,2636,187491,0,0,0.000,0.000,0.000,0,0.000,0.000,0.000,0,0,0,0,0
PPG,4,109498,4381471552,18,86584,82092,0.000,0.000,0.000,0,0,0,0,0.00,nan,1,2,1024,nan,4,2,40,1,1,26,26,0,0,0,87861932,0.03613,0.00659,0.94556,0.94627,-0.00558,-0.00055,-0.00247,0.00613,0.95271,0.00378,0.00613,3,12241,0,7181,0.00000,0.00000,0.00000,0,0,nan,0,0,1,4326,187491,0,0,0.000,0.000,0.000,0,0.000,0.000,0.000,0,0,0,0,0
PPG,4,109499,4381511552,17,85669,81139,0.000,0.000,0.000,0,0,0,0,0.00,nan,1,2,1024,nan,4,2,40,1,1,27,27,0,0,0,87900775,0.03613,0.00806,0.95142,0.95214,-0.00692,-0.00081,-0.00194,0.00723,0.95390,0.00645,0.00723,3,12231,0,7181,0.00000,0.00000,0.00000,0,0,nan,0,0,1,2609,187491,0,0,0.000,0.000,0.000,0,0.000,0.000,0.000,0,0,0,0,0
PPG,4,109500,4381551552,17,84544,79974,0.000,0.000,0.000,0,0,0,0,0.00,nan,1,2,1024,nan,4,2,40,1,1,28,28,0,0,0,87942290,0.03906,0.00659,0.95288,0.95370,-0.00532,-0.00001,-0.00247,0.00586,0.95723,0.00438,0.00665,3,12274,0,7181,0.00000,0.00000,0.00000,0,0,nan,0,0,1,4372,187491,0,0,0.000,0.000,0.000,0,0.000,0.000,0.000,0,0,0,0,0
PPG,4,109501,4381591552,17,83738,79137,0.000,0.000,0.000,0,0,0,0,0.00,nan,1,2,1024,nan,4,2,40,1,1,29,29,0,0,0,87981238,0.03589,0.00439,0.95410,0.95479,-0.00585,0.00025,-0.00167,0.00609,0.95479,0.00660,0.00701,3,12227,0,7181,0.00000,0.00000,0.00000,0,0,nan,0,0,1,4331,187491,0,0,0.000,0.000,0.000,0,0.000,0.000,0.000,0,0,0,0,0
PPG,4,109502,4381631552,18,84260,79767,0.000,0.000,0.000,0,0,0,0,0.00,nan,1,2,1024,nan,4,2,40,1,1,30,30,0,0,0,88020067,0.03247,0.00781,0.94653,0.94712,-0.00585,-0.00161,-0.00247,0.00655,0.95289,0.00577,0.00675,3,12249,0,7181,0.00000,0.00000,0.00000,0,0,nan,0,0,1,2616,187491,0,0,0.000,0.000,0.000,0,0.000,0.000,0.000,0,0,0,0,0
PPG,4,109503,4381671552,17,84383,79894,0.000,0.000,0.000,0,0,0,0,0.00,nan,1,2,1024,nan,4,2,40,1,1,31,31,0,0,0,88061578,0.03296,0.00366,0.95239,0.95297,-0.00585,-0.00135,-0.00141,0.00617,0.95336,0.00403,0.00695,3,12263,0,7181,0.00000,0.00000,0.00000,0,0,nan,0,0,1,4331,187491,0,0,0.000,0.000,0.000,0,0.000,0.000,0.000,0,0,0,0,0
PPG,4,109504,4381711552,17,84117,79661,0.000,0.000,0.000,0,0,0,0,0.00,nan,1,2,1024,nan,4,2,40,1,1,0,0,0,0,0,88100419,0.03711,0.00439,0.95386,0.95459,-0.00479,-0.00001,-0.00114,0.00492,0.95459,0.00615,0.00625,3,12233,0,7181,0.00000,0.00000,0.00000,0,0,nan,0,0,1,2635,187491,0,0,0.000,0.000,0.000,0,0.000,0.000,0.000,0,0,0,0,0
PPG,4,109505,4381751552,17,84369,79965,0.000,0.000,0.000,0,0,0,0,0.00,nan,1,2,1024,nan,4,2,40,1,1,1,1,0,0,0,88141882,0.03906,0.00757,0.95337,0.95420,-0.00612,-0.00055,-0.00247,0.00662,0.95840,0.00636,0.00662,3,12238,0,7181,0.00000,0.00000,0.00000,0,0,nan,0,0,1,4326,187491,0,0,0.000,0.000,0.000,0,0.000,0.000,0.000,0,0,0,0,0
PPG,4,109506,4381791552,18,84786,80445,0.000,0.000,0.000,0,0,0,0,0.00,nan,1,2,1024,nan,4,2,40,1,1,2,2,0,0,0,88180687,0.04224,0.00635,0.94922,0.95018,-0.00532,-0.00081,-0.00247,0.00592,0.95880,0.00862,0.00709,3,12226,0,7181,0.00000,0.00000,0.00000,0,0,nan,0,0,1,2626,187491,0,0,0.000,0.000,0.000,0,0.000,0.000,0.000,0,0,0,0,0
PPG,4,109507,4381831552,17,84622,80272,0.000,0.000,0.000,0,0,0,0,0.00,nan,1,2,1024,nan,4,2,40,1,1,3,3,0,0,0,88222145,0.03833,0.00781,0.95630,0.95710,-0.00558,-0.00001,-0.00114,0.00570,0.95710,0.00441,0.00714,3,12225,0,7181,0.00000,0.00000,0.00000,0,0,nan,0,0,1,4332,187491,0,0,0.000,0.000,0.000,0,0.000,0.000,0.000,0,0,0,0,0
PPG,4,109508,4381871552,17,84639,80326,0.000,0.000,0.000,0,0,0,0,0.00,nan,1,2,1024,nan,4,2,40,1,1,4,4,0,0,0,88260941,0.03564,0.00513,0.95337,0.95405,-0.00558,-0.00055,-0.00247,0.00613,0.95405,0.00534,0.00660,3,12236,0,7181,0.00000,0.00000,0.00000,0,0,nan,0,0,1,2602,187491,0,0,0.000,0.000,0.000,0,0.000,0.000,0.000,0,0,0,0,0
PPG,4,109509,4381911552,17,85314,81089,0.000,0.000,0.000,0,0,0,0,0.00,nan,1,2,1024,nan,4,2,40,1,1,5,5,0,0,0,88302212,0.03516,0.00781,0.95044,0.95112,-0.00558,-0.00055,-0.00194,0.00594,0.95217,0.00210,0.00693,3,12121,0,7181,0.00000,0.00000,0.00000,0,0,nan,0,0,1,4298,187491,0,0,0.000,0.000,0.000,0,0.000,0.000,0.000,0,0,0,0,0
PPG,4,109510,4381951552,17,86190,81977,0.000,0.000,0.000,0,0,0,0,0.00,nan,1,2,1024,nan,4,2,40,1,1,6,6,0,0,0,88340817,0.03540,0.00439,0.95166,0.95233,-0.00612,-0.00055,-0.00061,0.00617,0.95451,0.00339,0.00628,3,12136,0,7181,0.00000,0.00000,0.00000,0,0,nan,0,0,1,2596,187491,0,0,0.000,0.000,0.000,0,0.000,0.000,0.000,0,0,0,0,0
PPG,4,109511,4381991552,17,85741,81420,0.000,0.000,0.000,0,0,0,0,0.00,nan,1,2,1024,nan,4,2,40,1,1,7,7,0,0,0,88386137,0.04126,0.00537,0.95264,0.95354,-0.00612,-0.00028,-0.00114,0.00623,0.95419,0.00506,0.00623,3,16242,0,7181,0.00000,0.00000,0.00000,0,0,nan,0,0,1,16181,187491,0,0,0.000,0.000,0.000,0,0.000,0.000,0.000,0,0,0,0,0
PPG,4,109512,4382031552,17,86384,82111,0.000,0.000,0.000,0,0,0,0,0.00,nan,1,2,1024,nan,4,2,40,1,1,8,8,0,0,0,88424720,0.03687,0.00537,0.94849,0.94922,-0.00585,-0.00001,-0.00221,0.00625,0.95629,0.00512,0.00654,3,12104,0,7181,0.00000,0.00000,0.00000,0,0,nan,0,0,1,2586,187491,0,0,0.000,0.000,0.000,0,0.000,0.000,0.000,0,0,0,0,0
PPG,4,109513,4382071552,17,87858,83634,0.000,0.000,0.000,0,0,0,0,0.00,nan,1,2,1024,nan,4,2,40,1,1,9,9,0,0,0,88463291,0.04053,0.00635,0.95117,0.95206,-0.00532,-0.00055,-0.00221,0.00578,0.95292,0.00284,0.00713,3,12168,0,7181,0.00000,0.00000,0.00000,0,0,nan,0,0,1,4300,187491,0,0,0.000,0.000,0.000,0,0.000,0.000,0.000,0,0,0,0,0
PPG,4,109514,4382111552,106,88140,83876,0.000,0.000,0.000,0,0,0,0,0.00,nan,1,2,1024,nan,4,2,40,1,1,10,10,0,0,0,88501822,0.03760,0.00610,0.95581,0.95657,-0.00612,-0.00001,-0.00274,0.00670,0.95657,0.00283,0.00670,3,12134,0,7181,0.00000,0.00000,0.00000,0,0,nan,0,0,2,4298,187491,0,0,0.000,0.000,0.000,0,0.000,0.000,0.000,0,0,0,0,0
PPG,4,109515,4382151552,103,87377,83099,83099.000,0.000,0.000,0,0,0,0,0.00,nan,1,2,1024,nan,4,2,40,1,1,11,11,0,0,0,88540447,0.03857,0.00195,0.94775,0.94854,-0.00585,-0.00055,-0.00141,0.00604,0.95503,0.00839,0.00720,3,12116,0,7181,0.00000,0.00000,0.00000,0,0,nan,0,0,2,2604,187491,0,0,0.000,0.750,3.000,0,0.000,0.750,3.000,0,0,0,0,0
PPG,4,109516,4382191552,97,87366,83095,83098.961,-3.961,0.000,0,0,0,0,0.00,nan,1,2,1024,nan,4,2,40,1,1,12,12,0,0,0,88581830,0.04004,0.00464,0.95313,0.95398,-0.00532,-0.00161,-0.00141,0.00573,0.95479,0.00676,0.00648,3,12128,0,7181,0.00000,0.00000,0.00000,0,0,nan,0,0,2,4296,187491,0,0,0.000,0.750,3.000,0,0.000,0.750,3.000,0,0,0,0,0
PPG,4,109517,4382231552,93,86646,82345,83091.422,-746.422,0.000,0,0,0,0,0.00,nan,1,2,1024,nan,4,2,40,1,1,13,13,0,0,0,88620565,0.03833,0.00586,0.95288,0.95367,-0.00505,-0.00055,-0.00167,0.00535,0.95367,0.00722,0.00622,3,12120,0,7181,0.00000,0.00000,0.00000,0,0,nan,0,0,2,2595,187491,0,0,0.000,0.750,3.000,0,0.000,0.750,3.000,0,0,0,0,0
PPG,4,109518,4382271552,92,85235,80879,83069.297,-2190.297,0.000,0,0,0,0,0.00,nan,1,2,1024,nan,4,2,40,1,1,14,14,0,0,0,88661905,0.03467,0.00757,0.94409,0.94476,-0.00479,0.00079,-0.00221,0.00533,0.95835,0.00845,0.00575,3,12120,0,7181,0.00000,0.00000,0.00000,0,0,nan,0,0,2,4296,187491,0,0,0.000,0.750,3.000,0,0.000,0.750,3.000,0,0,0,0,0
PPG,4,109519,4382311552,93,85150,80860,83047.203,-2187.203,0.000,0,0,0,0,0.00,nan,1,2,1024,nan,4,2,40,1,1,15,15,0,0,0,88700705,0.03638,0.00659,0.95044,0.95116,-0.00558,-0.00028,-0.00141,0.00577,0.95835,0.01359,0.00686,3,12126,0,7181,0.00000,0.00000,0.00000,0,0,nan,0,0,2,2596,187491,0,0,0.000,0.750,3.000,0,0.000,0.750,3.000,0,0,0,0,0
PPG,4,109520,4382351552,92,85638,81348,83030.211,-1682.211,0.000,0,0,0,0,0.00,nan,1,2,1024,nan,4,2,40,1,1,16,16,0,0,0,88742047,0.03516,0.00537,0.95142,0.95208,-0.00585,-0.00135,-0.00194,0.00631,0.95555,0.00458,0.00631,3,12110,0,7181,0.00000,0.00000,0.00000,0,0,nan,0,0,2,4301,187491,0,0,0.000,0.750,3.000,0,0.000,0.750,3.000,0,0,0,0,0
PPG,4,109521,4382391552,93,85483,81213,83012.039,-1799.039,0.000,0,0,0,0,0.00,nan,1,2,1024,nan,4,2,40,1,1,17,17,0,0,0,88780857,0.03833,0.00293,0.95190,0.95268,-0.00692,-0.00028,-0.00141,0.00706,0.95835,0.01149,0.00706,3,12152,0,7181,0.00000,0.00000,0.00000,0,0,nan,0,0,2,2600,187491,0,0,0.000,0.750,3.000,0,0.000,0.750,3.000,0,0,0,0,0
PPG,4,109522,4382431552,92,86255,82097,83002.891,-905.891,0.000,0,0,0,0,0.00,nan,1,2,1024,nan,4,2,40,1,1,18,18,0,0,0,88822195,0.03955,0.00342,0.95117,0.95200,-0.00585,-0.00241,-0.00087,0.00639,0.95482,0.00217,0.00653,3,12114,0,7181,0.00000,0.00000,0.00000,0,0,nan,0,0,2,4295,187491,0,0,0.000,0.750,3.000,0,0.000,0.750,3.000,0,0,0,0,0
PPG,4,109523,4382471552,93,88312,84258,83015.445,1242.555,0.000,0,0,0,0,0.00,nan,1,2,1024,nan,4,2,40,1,1,19,19,0,0,0,88860947,0.03760,0.00488,0.95020,0.95095,-0.00612,-0.00135,-0.00221,0.00664,0.95557,0.00357,0.00719,3,12127,0,7181,0.00000,0.00000,0.00000,0,0,nan,0,0,2,2615,187491,0,0,0.000,0.750,3.000,0,0.000,0.750,3.000,0,0,0,0,0
PPG,4,109524,4382511552,92,88076,83965,83024.938,940.062,0.000,0,0,0,0,0.00,nan,1,2,1024,nan,4,2,40,1,1,20,20,0,0,0,88902332,0.03906,0.00708,0.94653,0.94737,-0.00532,0.00158,-0.00141,0.00572,0.95185,0.00402,0.00572,3,12132,0,7181,0.00000,0.00000,0.00000,0,0,nan,0,0,2,4296,187491,0,0,0.000,0.750,3.000,0,0.000,0.750,3.000,0,0,0,0,0
PPG,4,109525,4382551552,96,86833,82678,83021.469,-343.469,0.000,0,0,0,0,0.00,nan,1,2,1024,nan,4,2,40,1,1,21,21,0,0,0,88941190,0.03613,0.00684,0.95825,0.95896,-0.00612,-0.00081,-0.00167,0.00639,0.95896,0.00893,0.00643,3,12116,0,7181,0.00000,0.00000,0.00000,0,0,nan,0,0,2,2597,187491,0,0,0.000,0.750,3.000,0,0.000,0.750,3.000,0,0,0,0,0
PPG,4,109526,4382591552,92,87566,83520,83026.453,493.547,0.000,0,0,0,0,0.00,nan,1,2,1024,nan,4,2,40,1,1,22,22,0,0,0,88982576,0.03979,0.01001,0.95117,0.95206,-0.00558,-0.00188,-0.00167,0.00612,0.95534,0.00829,0.00642,3,12132,0,7181,0.00000,0.00000,0.00000,0,0,nan,0,0,2,4298,187491,0,0,0.000,0.750,3.000,0,0.000,0.750,3.000,0,0,0,0,0
PPG,4,109527,4382631552,91,87866,83772,83033.906,738.094,0.000,0,0,0,0,0.00,nan,1,2,1024,nan,4,2,40,1,1,23,23,0,0,0,89021343,0.03540,0.00415,0.95068,0.95135,-0.00665,-0.00215,-0.00061,0.00701,0.95671,0.00677,0.00701,3,12124,0,7181,0.00000,0.00000,0.00000,0,0,nan,0,0,2,2594,187491,0,0,0.000,0.750,3.000,0,0.000,0.750,3.000,0,0,0,0,0
PPG,4,109528,4382671552,108,86871,82700,83030.570,-330.570,0.000,0,0,0,0,0.00,nan,1,2,1024,nan,4,2,40,1,1,24,24,0,0,0,89062668,0.03467,0.00830,0.94800,0.94867,-0.00612,-0.00135,-0.00114,0.00637,0.95569,0.00433,0.00704,3,12115,0,7181,0.00000,0.00000,0.00000,0,0,nan,0,0,2,4303,187491,0,0,0.000,0.750,3.000,0,0.000,0.750,3.000,0,0,0,0,0
PPG,4,109529,4382711552,91,85629,81482,83015.086,-1533.086,0.000,0,0,0,0,0.00,nan,1,2,1024,nan,4,2,40,1,1,25,25,0,0,0,89101482,0.03882,0.00806,0.94580,0.94663,-0.00585,-0.00001,-0.00221,0.00625,0.95910,0.01247,0.00625,3,12127,0,7181,0.00000,0.00000,0.00000,0,0,nan,0,0,2,4306,187491,0,0,0.000,0.750,3.000,0,0.000,0.750,3.000,0,0,0,0,0
PPG,4,109530,4382751552,106,86605,82599,83010.922,-411.922,0.000,0,0,0,0,0.00,nan,1,2,1024,nan,4,2,40,1,1,26,26,0,0,0,89140215,0.03711,0.00806,0.94873,0.94949,-0.00532,-0.00135,-0.00194,0.00582,0.95609,0.01078,0.00686,3,12110,0,7181,0.00000,0.00000,0.00000,0,0,nan,0,0,2,2598,187491,0,0,0.000,0.750,3.000,0,0.000,0.750,3.000,0,0,0,0,0
PPG,4,109531,4382791552,91,86764,82721,83008.023,-287.023,0.000,0,0,0,0,0.00,nan,1,2,1024,nan,4,2,40,1,1,27,27,0,0,0,89181617,0.03711,0.00610,0.95313,0.95387,-0.00585,-0.00108,-0.00087,0.00601,0.95501,0.00280,0.00661,3,12176,0,7181,0.00000,0.00000,0.00000,0,0,nan,0,0,2,4305,187491,0,0,0.000,0.750,3.000,0,0.000,0.750,3.000,0,0,0,0,0
PPG,4,109532,4382831552,89,85790,81749,82995.430,-1246.430,0.000,0,0,0,0,0.00,nan,1,2,1024,nan,4,2,40,1,1,28,28,0,0,0,89220333,0.05566,0.00269,0.99194,0.99351,-0.01011,-0.02639,-0.00034,0.02827,0.99351,0.06865,0.02827,3,12113,0,7181,0.00000,0.00000,0.00000,0,0,nan,0,0,2,2594,187491,0,0,0.000,0.750,3.000,0,0.000,0.750,3.000,0,0,0,0,0
PPG,4,109533,4382871552,91,86115,82156,82987.039,-831.039,0.000,0,0,0,0,0.00,nan,1,2,1024,nan,4,2,40,1,1,29,29,0,0,0,89261712,0.04614,-0.00269,0.96460,0.96571,-0.00505,-0.00001,-0.00221,0.00551,0.96571,0.06537,0.01687,3,12131,0,7181,0.00000,0.00000,0.00000,0,0,nan,0,0,2,4300,187491,0,0,0.000,0.750,3.000,0,0.000,0.750,3.000,0,0,0,0,0
PPG,4,109534,4382911552,113,87238,83310,82990.266,319.734,-104.156,0,0,0,0,0.00,nan,1,2,1024,nan,4,2,40,1,1,30,30,0,0,0,89300488,0.03882,0.00220,0.95605,0.95684,-0.00692,-0.00508,-0.00167,0.00874,0.95684,0.01309,0.00898,3,12121,0,7181,0.00000,0.00000,0.00000,0,0,nan,0,0,2,2595,187491,0,0,0.000,0.750,3.000,0,0.000,0.750,3.000,0,0,0,0,0
PPG,4,109535,4382951552,110,88709,84792,83008.281,1783.719,110.047,0,0,0,0,0.00,nan,1,2,1024,nan,4,2,40,1,1,31,31,0,0,0,89341905,0.03809,0.00903,0.94800,0.94881,-0.00638,-0.00374,-0.00061,0.00743,0.95396,0.00659,0.01076,3,12123,0,7181,0.00000,0.00000,0.00000,0,0,nan,0,0,2,4296,187491,0,0,0.000,0.750,3.000,0,0.000,0.750,3.000,0,0,0,0,0
PPG,4,109536,4382991552,129,88295,84355,83021.750,1333.250,457.477,0,0,0,0,0.00,nan,1,2,1024,nan,4,2,40,1,1,0,0,0,0,0,89387683,0.04077,0.00439,0.95166,0.95254,-0.00585,-0.00321,-0.00007,0.00667,0.95254,0.00367,0.01082,3,19115,0,7181,0.00000,0.00000,0.00000,0,0,nan,0,0,2,14728,187491,0,0,0.000,0.750,3.000,0,0.000,0.750,3.000,0,0,0,0,0
PPG,4,109537,4383031552,110,88210,84304,83034.570,1269.430,603.102,0,0,0,0,0.00,nan,1,2,1024,nan,4,2,40,1,1,1,1,0,0,0,89424296,0.04028,0.00562,0.95508,0.95594,-0.00772,-0.00481,-0.00221,0.00936,0.95594,0.00518,0.00936,3,12117,0,7181,0.00000,0.00000,0.00000,0,0,nan,0,0,2,2594,187491,0,0,0.000,0.750,3.000,0,0.000,0.750,3.000,0,0,0,0,0
PPG,4,109538,4383071552,112,88970,85142,83055.648,2086.352,735.812,0,0,0,0,0.00,nan,1,2,1024,nan,4,2,40,1,1,2,2,0,0,0,89460540,0.03638,0.00684,0.94727,0.94799,-0.00479,-0.00241,-0.00221,0.00579,0.95428,0.00629,0.00810,3,12117,0,7181,0.00000,0.00000,0.00000,0,0,nan,0,0,2,2601,187491,0,0,0.000,0.750,3.000,0,0.000,0.750,3.000,0,0,0,0,0
PPG,4,109539,4383111552,132,88786,84971,83074.805,1896.195,990.539,0,0,0,0,0.00,nan,1,2,1024,nan,4,2,40,1,1,3,3,0,0,0,89502073,0.03516,0.00806,0.95581,0.95649,-0.00745,-0.00268,-0.00167,0.00809,0.95649,0.00584,0.00809,3,12129,0,7181,0.00000,0.00000,0.00000,0,0,nan,0,0,2,4301,187491,0,0,0.000,0.750,3.000,0,0.000,0.750,3.000,0,0,0,0,0
PPG,4,109540,4383151552,138,87596,83740,83081.453,658.547,1097.227,0,0,0,0,0.00,nan,1,2,1024,nan,4,2,40,1,1,4,4,0,0,0,89540939,0.03857,0.00659,0.95117,0.95198,-0.00692,-0.00161,-0.00061,0.00713,0.95198,0.00777,0.00713,3,12119,0,7181,0.00000,0.00000,0.00000,0,0,nan,0,0,2,2669,187491,0,0,0.000,0.750,3.000,0,0.000,0.750,3.000,0,0,0,0,0
PPG,4,109541,4383191552,195,86591,82698,83077.617,-379.617,935.547,0,0,0,0,0.00,nan,1,2,1024,nan,4,2,40,1,1,5,5,0,0,0,89582620,0.03857,0.00854,0.95166,0.95248,-0.00665,-0.00188,-0.00221,0.00725,0.95387,0.00148,0.00725,3,12202,0,7181,0.00000,0.00000,0.00000,0,0,nan,0,0,2,4378,187491,0,0,0.000,0.750,3.000,0,0.000,0.750,3.000,0,0,0,0,0
PPG,4,109542,4383231552,113,85660,81759,83064.430,-1305.430,519.164,0,0,0,0,0.00,nan,1,2,1024,nan,4,2,40,1,1,6,6,0,0,0,89622126,0.03906,0.00317,0.95923,0.96003,-0.00612,-0.00108,-0.00167,0.00643,0.96003,0.00713,0.00643,3,12269,0,7181,0.00000,0.00000,0.00000,0,0,nan,0,0,2,4335,187491,0,0,0.000,0.750,3.000,0,0.000,0.750,3.000,0,0,0,0,0
PPG,4,109543,4383271552,110,85468,81615,83049.938,-1434.938,259.891,0,0,0,0,0.00,nan,1,2,1024,nan,4,2,40,1,1,7,7,0,0,0,89661367,0.04175,0.00732,0.94995,0.95090,-0.00612,-0.00081,-0.00194,0.00647,0.95100,0.00903,0.00647,3,12247,0,7181,0.00000,0.00000,0.00000,0,0,nan,0,0,2,2648,187491,0,0,0.000,0.750,3.000,0,0.000,0.750,3.000,0,0,0,0,0
PPG,4,109544,4383311552,119,86280,82479,83044.227,-565.227,73.469,0,0,0,0,0.00,nan,1,2,1024,nan,4,2,40,1,1,8,8,0,0,0,89703290,0.03638,0.00244,0.95044,0.95114,-0.00665,-0.00161,-0.00221,0.00719,0.95248,0.00396,0.00719,3,12295,0,7181,0.00000,0.00000,0.00000,0,0,nan,0,0,2,4341,187491,0,0,0.000,0.750,3.000,0,0.000,0.750,3.000,0,0,0,0,0
PPG,4,109545,4383351552,126,86845,83123,83045.016,77.984,-237.211,0,0,0,0,0.00,nan,1,2,1024,nan,4,2,40,1,1,9,9,0,0,0,89742535,0.03979,0.00635,0.95190,0.95276,-0.00638,-0.00295,-0.00167,0.00723,0.95395,0.00281,0.00750,3,12251,0,7181,0.00000,0.00000,0.00000,0,0,nan,0,0,2,4351,187491,0,0,0.000,0.750,3.000,0,0.000,0.750,3.000,0,0,0,0,0
PPG,4,109546,4383391552,178,87421,83806,83052.625,753.375,-417.938,0,0,0,0,0.00,nan,1,2,1024,nan,4,2,40,1,1,10,10,0,0,0,89781658,0.04004,0.01099,0.94897,0.94988,-0.00612,-0.00241,-0.00167,0.00679,0.96278,0.01210,0.00719,3,12248,0,7181,0.00000,0.00000,0.00000,0,0,nan,0,0,2,4342,187491,0,0,0.000,0.750,3.000,0,0.000,0.750,3.000,0,0,0,0,0
PPG,4,109547,4383431552,120,89382,85957,83081.672,2875.328,-210.469,0,0,0,0,0.00,nan,1,2,1024,nan,4,2,40,1,1,11,11,0,0,0,89821044,0.03735,0.00366,0.96021,0.96094,-0.00665,-0.00215,-0.00167,0.00719,0.96094,0.01545,0.00800,3,12276,0,7181,0.00000,0.00000,0.00000,0,0,nan,0,0,2,2625,187491,0,0,0.000,0.750,3.000,0,0.000,0.750,3.000,0,0,0,0,0
PPG,4,109548,4383471552,128,90796,87469,83125.547,4343.453,232.648,0,0,0,0,0.00,nan,1,2,1024,nan,4,2,40,1,1,12,12,0,0,0,89862851,0.03784,0.00757,0.95044,0.95122,-0.00692,-0.00188,-0.00087,0.00722,0.95586,0.00507,0.00722,3,12248,0,7181,0.00000,0.00000,0.00000,0,0,nan,0,0,2,4332,187491,0,0,0.000,0.750,3.000,0,0.000,0.750,3.000,0,0,0,0,0
PPG,4,109549,4383511552,116,91507,88235,83176.641,5058.359,820.141,0,0,0,0,0.00,nan,1,2,1024,nan,4,2,40,1,1,13,13,0,0,0,89902070,0.04150,0.00537,0.95264,0.95356,-0.00479,-0.00135,-0.00114,0.00510,0.95393,0.00270,0.00727,3,12291,0,7181,0.00000,0.00000,0.00000,0,0,nan,0,0,2,4340,187491,0,0,0.000,0.750,3.000,0,0.000,0.750,3.000,0,0,0,0,0
PPG,4,109550,4383551552,113,90697,87416,83219.031,4196.969,1408.008,0,0,0,0,0.00,nan,1,2,1024,nan,4,2,40,1,1,14,14,0,0,0,89941168,0.03979,0.00879,0.95801,0.95887,-0.00585,-0.00188,-0.00167,0.00637,0.95887,0.00865,0.00770,3,12226,0,7181,0.00000,0.00000,0.00000,0,0,nan,0,0,2,2631,187491,0,0,0.000,0.750,3.000,0,0.000,0.750,3.000,0,0,0,0,0
PPG,4,109551,4383591552,111,90153,86883,83255.672,3627.328,1829.047,0,0,0,0,0.00,nan,1,2,1024,nan,4,2,40,1,1,15,15,0,0,0,89982905,0.03809,0.00342,0.95557,0.95633,-0.00638,0.00052,-0.00167,0.00662,0.95754,0.00345,0.00662,3,12245,0,7181,0.00000,0.00000,0.00000,0,0,nan,0,0,2,4323,187491,0,0,0.000,0.750,3.000,0,0.000,0.750,3.000,0,0,0,0,0
PPG,4,109552,4383631552,113,90061,86824,83291.352,3532.648,2104.008,0,0,0,0,0.00,nan,1,2,1024,nan,4,2,40,1,1,16,16,0,0,0,90022015,0.03247,0.00513,0.94434,0.94491,-0.00718,-0.00001,-0.00167,0.00738,0.95239,0.00813,0.00738,3,12227,0,7181,0.00000,0.00000,0.00000,0,0,nan,0,0,2,4337,187491,0,0,0.000,0.750,3.000,0,0.000,0.750,3.000,0,0,0,0,0
PPG,4,109553,4383671552,118,90437,87266,83331.102,3934.898,2342.797,0,0,0,0,0.00,nan,1,2,1024,nan,4,2,40,1,1,17,17,0,0,0,90061111,0.03442,0.00366,0.95190,0.95253,-0.00665,-0.00081,-0.00114,0.00680,0.95521,0.00761,0.00748,3,12215,0,7181,0.00000,0.00000,0.00000,0,0,nan,0,0,2,2633,187491,0,0,0.000,0.750,3.000,0,0.000,0.750,3.000,0,0,0,0,0
PPG,4,109554,4383711552,114,91171,88049,83378.281,4670.719,2404.711,0,0,0,0,0.00,nan,1,2,1024,nan,4,2,40,1,1,18,18,0,0,0,90102938,0.04175,0.00513,0.94995,0.95088,-0.00532,-0.00135,-0.00167,0.00574,0.95088,0.00451,0.00628,3,12297,0,7181,0.00000,0.00000,0.00000,0,0,nan,0,0,2,4341,187491,0,0,0.000,0.750,3.000,0,0.000,0.750,3.000,0,0,0,0,0
PPG,4,109555,4383751552,112,91684,88618,83430.680,5187.320,2377.547,0,0,0,0,0.00,nan,1,2,1024,nan,4,2,40,1,1,19,19,0,0,0,90142072,0.04028,0.00732,0.95435,0.95522,-0.00505,-0.00028,-0.00194,0.00542,0.95522,0.00519,0.00705,3,12240,0,7181,0.00000,0.00000,0.00000,0,0,nan,0,0,2,4336,187491,0,0,0.000,0.750,3.000,0,0.000,0.750,3.000,0,0,0,0,0
PPG,4,109556,4383791552,182,91632,88563,83482.000,5081.000,2214.008,0,0,0,0,0.00,nan,1,2,1024,nan,4,2,40,1,1,20,20,0,0,0,90181160,0.03735,0.00220,0.94775,0.94849,-0.00532,-0.00001,-0.00194,0.00566,0.95346,0.00497,0.00584,3,12211,0,7181,0.00000,0.00000,0.00000,0,0,nan,0,0,2,2619,187491,0,0,0.000,0.750,3.000,0,0.000,0.750,3.000,0,0,0,0,0
PPG,4,109557,4383831552,149,91674,88603,83533.211,5069.789,2168.633,0,0,0,0,0.00,nan,1,2,1024,nan,4,2,40,1,1,21,21,0,0,0,90222910,0.03857,0.00732,0.95020,0.95101,-0.00505,0.00132,-0.00167,0.00548,0.95565,0.00716,0.00585,3,12157,0,7181,0.00000,0.00000,0.00000,0,0,nan,0,0,2,4368,187491,0,0,0.000,0.750,3.000,0,0.000,0.750,3.000,0,0,0,0,0
PPG,4,109558,4383871552,128,92435,89387,83591.750,5795.250,2314.094,0,0,0,0,0.00,nan,1,2,1024,nan,4,2,40,1,1,22,22,0,0,0,90297412,0.03760,0.00342,0.94775,0.94851,-0.00479,-0.00081,-0.00221,0.00533,0.94851,0.00486,0.00587,2,59716,0,7185,0.00000,0.00000,0.00000,0,0,nan,0,0,2,59751,187491,0,0,0.000,0.750,3.000,0,0.000,0.750,3.000,0,0,0,0,0
PPG,4,109559,4383911552,110,92454,89367,83649.500,5717.500,2457.578,0,0,0,0,0.00,nan,1,2,1024,nan,4,2,40,1,1,23,23,0,0,0,90309447,0.03638,0.00269,0.94727,0.94797,-0.00425,-0.00188,-0.00087,0.00473,0.94797,0.00054,0.00473,1,12035,0,7185,0.00000,0.00000,0.00000,0,0,nan,0,0,2,11964,187491,0,0,0.000,0.750,3.000,0,0.000,0.750,3.000,0,0,0,0,0
PPG,4,109560,4383951552,113,91451,88314,83696.148,4617.852,2378.594,0,0,0,0,0.00,nan,1,2,1024,nan,4,2,40,1,1,24,24,0,0,0,90345700,0.04102,0.00635,0.95117,0.95208,-0.00612,-0.00161,-0.00194,0.00662,0.95208,0.00270,0.00662,3,12107,0,7185,0.00000,0.00000,0.00000,0,0,nan,0,0,2,2592,187491,0,0,0.000,0.750,3.000,0,0.000,0.750,3.000,0,0,0,0,0
PPG,4,109561,4383991552,114,91214,88133,83740.516,4392.484,2118.844,0,0,0,0,0.00,nan,1,2,1024,nan,4,2,40,1,1,25,25,0,0,0,90388589,0.03564,0.00732,0.94849,0.94918,-0.00479,0.00052,-0.00141,0.00501,0.95362,0.00443,0.00593,3,18831,0,7185,0.00000,0.00000,0.00000,0,0,nan,0,0,2,14465,187491,0,0,0.000,0.750,3.000,0,0.000,0.750,3.000,0,0,0,0,0
PPG,4,109562,4384031552,110,91729,88657,83789.680,4867.320,1779.508,0,0,0,0,0.00,nan,1,2,1024,nan,4,2,40,1,1,26,26,0,0,0,90424952,0.03833,0.00781,0.94971,0.95051,-0.00558,-0.00055,-0.00194,0.00594,0.95420,0.00501,0.00627,3,12120,0,7185,0.00000,0.00000,0.00000,0,0,nan,0,0,2,2597,187491,0,0,0.000,0.750,3.000,0,0.000,0.750,3.000,0,0,0,0,0
PPG,4,109563,4384071552,115,91626,88525,83837.031,4687.969,1428.586,0,0,0,0,0.00,nan,1,2,1024,nan,4,2,40,1,1,27,27,0,0,0,90461157,0.03735,0.00562,0.94946,0.95021,-0.00665,-0.00108,-0.00221,0.00709,0.95142,0.00144,0.00709,3,12122,0,7185,0.00000,0.00000,0.00000,0,0,nan,0,0,2,2599,187491,0,0,0.000,0.750,3.000,0,0.000,0.750,3.000,0,0,0,0,0
PPG,4,109564,4384111552,112,90594,87419,83872.852,3546.148,1012.438,0,0,0,0,0.00,nan,1,2,1024,nan,4,2,40,1,1,28,28,0,0,0,90502562,0.03784,0.00854,0.95630,0.95709,-0.00585,-0.00268,-0.00167,0.00665,0.95709,0.00484,0.00665,3,12119,0,7185,0.00000,0.00000,0.00000,0,0,nan,0,0,2,4320,187491,0,0,0.000,0.750,3.000,0,0.000,0.750,3.000,0,0,0,0,0
PPG,4,109565,4384151552,113,90542,87395,83908.070,3486.930,514.273,0,0,0,0,0.00,nan,1,2,1024,nan,4,2,40,1,1,29,29,0,0,0,90541425,0.04053,0.00171,0.95288,0.95374,-0.00638,-0.00001,-0.00300,0.00706,0.95402,0.01026,0.00706,3,12116,0,7185,0.00000,0.00000,0.00000,0,0,nan,0,0,2,2602,187491,0,0,0.000,0.750,3.000,0,0.000,0.750,3.000,0,0,0,0,0
PPG,4,109566,4384191552,114,91349,88281,83951.797,4329.203,135.383,0,0,0,0,0.00,nan,1,2,1024,nan,4,2,40,1,1,30,30,0,0,0,90582831,0.03931,0.00610,0.95435,0.95517,-0.00532,-0.00081,-0.00221,0.00581,0.97133,0.01906,0.00689,3,12121,0,7185,0.00000,0.00000,0.00000,0,0,nan,0,0,2,4296,187491,0,0,0.000,0.750,3.000,0,0.000,0.750,3.000,0,0,0,0,0
PPG,4,109567,4384231552,111,91813,88765,83999.930,4765.070,59.406,0,0,0,0,0.00,nan,1,2,1024,nan,4,2,40,1,1,31,31,0,0,0,90621680,0.03662,0.00659,0.94287,0.94361,-0.00638,-0.00055,-0.00141,0.00656,0.95647,0.01286,0.00708,3,12164,0,7185,0.00000,0.00000,0.00000,0,0,nan,0,0,2,2600,187491,0,0,0.000,0.750,3.000,0,0.000,0.750,3.000,0,0,0,0,0
PPG,4,109568,4384271552,112,91600,88557,84045.500,4511.500,65.578,0,0,0,0,0.00,nan,1,2,1024,nan,4,2,40,1,1,0,0,0,0,0,90663088,0.04443,0.00488,0.95142,0.95247,-0.00505,-0.00135,-0.00167,0.00549,0.95436,0.01076,0.00695,3,12131,0,7185,0.00000,0.00000,0.00000,0,0,nan,0,0,2,4297,187491,0,0,0.000,0.750,3.000,0,0.000,0.750,3.000,0,0,0,0,0
PPG,4,109569,4384311552,134,90704,87658,84081.625,3576.375,-48.289,0,0,0,0,0.00,nan,1,2,0,nan,4,2,40,1,1,1,1,0,0,0,90701851,0.04077,0.00659,0.95557,0.95646,-0.00745,-0.00055,-0.00167,0.00765,0.95646,0.00756,0.00765,3,12113,0,7185,0.00000,0.00000,0.00000,0,0,nan,0,0,2,4299,187491,0,0,0.000,159.453,11.006,0,0.000,168.243,10.551,0,0,1,0,0
PPG,4,109570,4384351552,118,90491,87481,84115.617,3365.383,-200.680,0,0,0,0,0.00,nan,1,2,0,nan,4,2,40,1,1,2,2,0,0,0,90740692,0.04028,0.00537,0.95410,0.95497,-0.00505,-0.00028,-0.00194,0.00542,0.95497,0.00982,0.00542,3,12108,0,7185,0.00000,0.00000,0.00000,0,0,nan,0,0,2,2598,187491,0,0,0.000,159.453,11.006,0,0.000,168.243,10.551,0,0,1,0,0
PPG,4,109571,4384391552,118,90281,87279,84147.250,3131.750,-240.477,0,0,0,0,0.00,nan,1,2,0,nan,4,2,40,1,1,3,3,0,0,0,90782149,0.03857,0.00635,0.95483,0.95563,-0.00558,-0.00028,-0.00141,0.00577,0.95563,0.00600,0.00654,3,12139,0,7185,0.00000,0.00000,0.00000,0,0,nan,0,0,2,4301,187491,0,0,0.000,159.453,11.006,0,0.000,168.243,10.551,0,0,1,0,0
PPG,4,109572,4384431552,118,90289,87321,84178.984,3142.016,-275.898,0,0,0,0,0.00,nan,1,2,0,nan,4,2,40,1,1,4,4,0,0,0,90821026,0.03760,0.00562,0.95020,0.95096,-0.00505,-0.00028,-0.00167,0.00533,0.95350,0.00237,0.00575,3,12175,0,7185,0.00000,0.00000,0.00000,0,0,nan,0,0,2,2597,187491,0,0,0.000,159.453,11.006,0,0.000,168.243,10.551,0,0,1,0,0
PPG,4,109573,4384471552,118,90149,87203,84209.227,2993.773,-426.750,0,0,0,0,0.00,nan,1,2,0,nan,4,2,40,1,1,5,5,0,0,0,90862456,0.04126,0.00830,0.95142,0.95235,-0.00638,-0.00001,-0.00221,0.00675,0.95935,0.00946,0.00731,3,12111,0,7185,0.00000,0.00000,0.00000,0,0,nan,0,0,2,4297,187491,0,0,0.000,159.453,11.006,0,0.000,168.243,10.551,0,0,1,0,0
PPG,4,109574,4384511552,118,89996,87067,84237.805,2829.195,-620.219,0,0,0,0,0.00,nan,1,2,0,nan,4,2,40,1,1,6,6,0,0,0,90901278,0.03516,0.00513,0.95068,0.95135,-0.00558,0.00025,-0.00141,0.00576,0.95657,0.00665,0.00576,3,12121,0,7185,0.00000,0.00000,0.00000,0,0,nan,0,0,2,2597,187491,0,0,0.000,159.453,11.006,0,0.000,168.243,10.551,0,0,1,0,0
PPG,4,109575,4384551552,122,90039,87095,84266.375,2828.625,-752.930,0,0,0,0,0.00,nan,1,2,0,nan,4,2,40,1,1,7,7,0,0,0,90942749,0.03760,0.00488,0.95532,0.95607,-0.00612,-0.00081,-0.00194,0.00647,0.95607,0.00731,0.00647,3,12128,0,7185,0.00000,0.00000,0.00000,0,0,nan,0,0,2,4308,187491,0,0,0.000,159.453,11.006,0,0.000,168.243,10.551,0,0,1,0,0
PPG,4,109576,4384591552,118,90190,87272,84296.430,2975.570,-743.523,0,0,0,0,0.00,nan,1,2,0,nan,4,2,40,1,1,8,8,0,0,0,90981570,0.03857,0.00781,0.94824,0.94906,-0.00532,-0.00215,-0.00061,0.00577,0.95574,0.00930,0.00683,3,12120,0,7185,0.00000,0.00000,0.00000,0,0,nan,0,0,2,2595,187491,0,0,0.000,159.453,11.006,0,0.000,168.243,10.551,0,0,1,0,0
PPG,4,109577,4384631552,118,90825,87936,84332.828,3603.172,-645.172,0,0,0,0,0.00,nan,1,2,0,nan,4,2,40,1,1,9,9,0,0,0,91023033,0.03809,0.00781,0.94507,0.94587,-0.00505,0.00132,-0.00274,0.00590,0.95797,0.01144,0.00736,3,12155,0,7185,0.00000,0.00000,0.00000,0,0,nan,0,0,2,4313,187491,0,0,0.000,159.453,11.006,0,0.000,168.243,10.551,0,0,1,0,0
PPG,4,109578,4384671552,118,91502,88607,84375.570,4231.430,-416.461,0,0,0,0,0.00,nan,1,2,0,nan,4,2,40,1,1,10,10,0,0,0,91061857,0.03418,0.00586,0.94727,0.94790,-0.00425,0.00079,-0.00141,0.00455,0.95944,0.01358,0.00526,3,12122,0,7185,0.00000,0.00000,0.00000,0,0,nan,0,0,2,2626,187491,0,0,0.000,159.453,11.006,0,0.000,168.243,10.551,0,0,1,0,0
PPG,4,109579,4384711552,118,91505,88485,84416.664,4068.336,-206.070,0,0,0,0,0.00,nan,1,2,0,nan,4,2,40,1,1,11,11,0,0,0,91103351,0.04077,0.00317,0.95581,0.95669,-0.00612,-0.00001,-0.00141,0.00628,0.95669,0.00766,0.00628,3,12135,0,7185,0.00000,0.00000,0.00000,0,0,nan,0,0,2,4305,187491,0,0,0.000,159.453,11.006,0,0.000,168.243,10.551,0,0,1,0,0
PPG,4,109580,4384751552,118,91104,87995,84452.445,3542.555,-76.977,0,0,0,0,0.00,nan,1,2,0,nan,4,2,40,1,1,12,12,0,0,0,91142231,0.03662,0.00781,0.95093,0.95166,-0.00558,-0.00001,-0.00221,0.00600,0.95516,0.00279,0.00744,3,12117,0,7185,0.00000,0.00000,0.00000,0,0,nan,0,0,2,4297,187491,0,0,0.000,159.453,11.006,0,0.000,168.243,10.551,0,0,1,0,0
PPG,4,109581,4384791552,118,90108,86923,84477.148,2445.852,-37.047,0,0,0,0,0.00,nan,1,2,0,nan,4,2,40,1,1,13,13,0,0,0,91181085,0.03735,0.00708,0.95190,0.95266,-0.00638,-0.00108,-0.00141,0.00663,0.95513,0.00508,0.00676,3,12131,0,7185,0.00000,0.00000,0.00000,0,0,nan,0,0,2,2594,187491,0,0,0.000,159.453,11.006,0,0.000,168.243,10.551,0,0,1,0,0
PPG,4,109582,4384831552,124,88428,85227,84484.648,742.352,-132.406,0,0,0,0,0.00,nan,1,2,0,nan,4,2,40,1,1,14,14,0,0,0,91222500,0.04028,-0.00171,0.94922,0.95007,-0.00665,-0.00055,-0.00194,0.00695,0.95767,0.00946,0.00695,3,12122,0,7185,0.00000,0.00000,0.00000,0,0,nan,0,0,2,4313,187491,0,0,0.000,159.453,11.006,0,0.000,168.243,10.551,0,0,1,0,0
PPG,4,109583,4384871552,118,87614,84428,84484.078,-56.078,-333.844,0,0,0,0,0.00,nan,1,2,0,nan,4,2,40,1,1,15,15,0,0,0,91261368,0.03784,0.00684,0.94897,0.94975,-0.00558,-0.00135,-0.00274,0.00636,0.95572,0.00565,0.00636,3,12115,0,7185,0.00000,0.00000,0.00000,0,0,nan,0,0,2,2605,187491,0,0,0.000,159.453,11.006,0,0.000,168.243,10.551,0,0,1,0,0
PPG,4,109584,4384911552,121,87355,84184,84481.078,-297.078,-708.094,0,0,0,0,0.00,nan,1,2,0,nan,4,2,40,1,1,16,16,0,0,0,91302821,0.04004,0.00635,0.95142,0.95228,-0.00585,-0.00028,-0.00087,0.00592,0.95452,0.00643,0.00631,3,12133,0,7185,0.00000,0.00000,0.00000,0,0,nan,0,0,2,4299,187491,0,0,0.000,159.453,11.006,0,0.000,168.243,10.551,0,0,1,0,0
PPG,4,109585,4384951552,121,88089,85011,84486.375,524.625,-1102.609,0,0,0,0,0.00,nan,1,2,0,nan,4,2,40,1,1,17,17,0,0,0,91341909,0.04150,0.00635,0.95435,0.95527,-0.00558,-0.00001,-0.00114,0.00570,0.95527,0.00252,0.00570,3,12314,0,7185,0.00000,0.00000,0.00000,0,0,nan,0,0,2,2637,187491,0,0,0.000,159.453,11.006,0,0.000,168.243,10.551,0,0,1,0,0
PPG,4,109586,4384991552,129,89294,86305,84504.562,1800.438,-1315.242,0,0,0,0,0.00,nan,1,2,0,nan,4,2,40,1,1,18,18,0,0,0,91390355,0.04004,0.00513,0.95361,0.95447,-0.00532,-0.00001,-0.00141,0.00550,0.95447,0.00678,0.00685,3,18828,0,7185,0.00000,0.00000,0.00000,0,0,nan,0,0,2,14450,187491,0,0,0.000,159.453,11.006,0,0.000,168.243,10.551,0,0,1,0,0
PPG,4,109587,4385031552,117,89626,86637,84525.891,2111.109,-1402.836,0,0,0,0,0.00,nan,1,2,0,nan,4,2,40,1,1,19,19,0,0,0,91426756,0.03857,0.00903,0.94751,0.94834,-0.00665,-0.00081,-0.00300,0.00734,0.95137,0.00310,0.00734,3,12112,0,7185,0.00000,0.00000,0.00000,0,0,nan,0,0,2,2585,187491,0,0,0.000,159.453,11.006,0,0.000,168.243,10.551,0,0,1,0,0
PPG,4,109588,4385071552,118,89647,86690,84547.531,2142.469,-1342.773,0,0,0,0,0.00,nan,1,2,0,nan,4,2,40,1,1,20,20,0,0,0,91463139,0.04053,0.00366,0.95337,0.95424,-0.00692,0.00052,-0.00114,0.00703,0.95424,0.00420,0.00735,3,12187,0,7185,0.00000,0.00000,0.00000,0,0,nan,0,0,2,4340,187491,0,0,0.000,159.453,11.006,0,0.000,168.243,10.551,0,0,1,0,0
PPG,4,109589,4385111552,136,89701,86802,84570.078,2231.922,-1074.969,1,0,1,0,0.00,nan,1,2,0,nan,4,2,40,1,1,21,21,0,0,0,91502154,0.04053,0.00854,0.95093,0.95183,-0.00558,-0.00028,-0.00221,0.00601,0.95774,0.00591,0.00644,3,12295,0,7185,0.00000,0.00000,0.00000,0,0,nan,0,0,2,4306,187491,0,0,757.492,159.453,11.006,1,715.883,168.243,10.551,1,1,1,0,1
PPG,4,109590,4385151552,122,90104,87255,84596.930,2658.070,-659.812,0,0,0,0,0.00,nan,1,2,0,nan,4,2,40,1,1,22,22,0,0,0,91541160,0.04297,0.00635,0.94775,0.94875,-0.00532,0.00079,-0.00114,0.00550,0.95477,0.00602,0.00613,3,12201,0,7185,0.00000,0.00000,0.00000,0,0,nan,0,0,2,2598,187491,0,0,0.000,156.877,10.521,0,0.000,165.209,10.018,0,0,1,0,1
PPG,4,109591,4385191552,117,90071,87207,84623.031,2583.969,-224.359,0,0,0,0,0.00,nan,1,2,0,nan,4,2,40,1,1,23,23,0,0,0,91582985,0.03784,0.00537,0.95410,0.95487,-0.00585,-0.00135,-0.00167,0.00623,0.95512,0.00637,0.00657,3,12209,0,7185,0.00000,0.00000,0.00000,0,0,nan,0,0,2,4353,187491,0,0,0.000,156.877,10.521,0,0.000,165.209,10.018,0,0,1,0,1
PPG,4,109592,4385231552,118,90161,87338,84650.180,2687.820,107.219,0,0,0,0,0.00,nan,1,2,0,nan,4,2,40,1,1,24,24,0,0,0,91622204,0.04199,0.00684,0.95142,0.95237,-0.00585,-0.00108,-0.00221,0.00635,0.95805,0.00568,0.00635,3,12266,0,7185,0.00000,0.00000,0.00000,0,0,nan,0,0,2,4358,187491,0,0,0.000,156.877,10.521,0,0.000,165.209,10.018,0,0,1,0,1
PPG,4,109593,4385271552,116,90134,87340,84677.078,2662.922,248.227,0,0,0,0,0.00,nan,1,2,0,nan,4,2,40,1,1,25,25,0,0,0,91661423,0.03711,0.00659,0.95752,0.95826,-0.00532,-0.00055,-0.00167,0.00560,0.95826,0.00552,0.00628,3,12205,0,7185,0.00000,0.00000,0.00000,0,0,nan,0,0,2,2655,187491,0,0,0.000,156.877,10.521,0,0.000,165.209,10.018,0,0,1,0,1
PPG,4,109594,4385311552,134,89561,86766,84697.969,2068.031,281.711,0,0,0,0,0.00,nan,1,2,0,nan,4,2,40,1,1,26,26,0,0,0,91703301,0.04028,0.00391,0.94434,0.94520,-0.00532,-0.00135,-0.00087,0.00555,0.95756,0.00750,0.00720,3,12240,0,7185,0.00000,0.00000,0.00000,0,0,nan,0,0,2,4331,187491,0,0,0.000,156.877,10.521,0,0.000,165.209,10.018,0,0,1,0,1
PPG,4,109595,4385351552,129,89312,86598,84716.969,1881.031,293.414,0,0,0,0,0.00,nan,1,2,0,nan,4,2,40,1,1,27,27,0,0,0,91742576,0.03906,0.00415,0.94751,0.94832,-0.00505,-0.00028,-0.00141,0.00525,0.95119,0.00384,0.00562,3,12245,0,7185,0.00000,0.00000,0.00000,0,0,nan,0,0,2,4316,187491,0,0,0.000,156.877,10.521,0,0.000,165.209,10.018,0,0,1,0,1
PPG,4,109596,4385391552,118,89968,87317,84742.969,2574.031,364.742,0,0,0,0,0.00,nan,1,2,0,nan,4,2,40,1,1,28,28,0,0,0,91781752,0.03687,0.00684,0.95386,0.95459,-0.00532,0.00052,-0.00247,0.00589,0.95738,0.00906,0.00589,3,12251,0,7185,0.00000,0.00000,0.00000,0,0,nan,0,0,2,2632,187491,0,0,0.000,156.877,10.521,0,0.000,165.209,10.018,0,0,1,0,1
PPG,4,109597,4385431552,118,90689,88048,84776.016,3271.984,472.422,0,0,0,0,0.00,nan,1,2,0,nan,4,2,40,1,1,29,29,0,0,0,91823547,0.03882,0.00293,0.95264,0.95343,-0.00585,0.00025,-0.00194,0.00617,0.95510,0.00110,0.00617,3,12214,0,7185,0.00000,0.00000,0.00000,0,0,nan,0,0,2,4352,187491,0,0,0.000,156.877,10.521,0,0.000,165.209,10.018,0,0,1,0,1
PPG,4,109598,4385471552,123,90593,87872,84806.977,3065.023,604.172,0,0,0,0,0.00,nan,1,2,0,nan,4,2,40,1,1,30,30,0,0,0,91862775,0.03760,0.00659,0.94604,0.94681,-0.00452,0.00025,-0.00087,0.00461,0.95112,0.00301,0.00563,3,12266,0,7185,0.00000,0.00000,0.00000,0,0,nan,0,0,2,4348,187491,0,0,0.000,156.877,10.521,0,0.000,165.209,10.018,0,0,1,0,1
PPG,4,109599,4385511552,120,90115,87385,84832.758,2552.242,665.891,0,0,0,0,0.00,nan,1,2,0,nan,4,2,40,1,1,31,31,0,0,0,91902004,0.04150,0.00537,0.95215,0.95307,-0.00585,-0.00055,-0.00221,0.00628,0.95307,0.00767,0.00628,3,12231,0,7185,0.00000,0.00000,0.00000,0,0,nan,0,0,2,2626,187491,0,0,0.000,156.877,10.521,0,0.000,165.209,10.018,0,0,1,0,1
PPG,4,109600,4385551552,118,90098,87392,84858.352,2533.648,703.461,0,0,0,0,0.00,nan,1,2,0,nan,4,2,40,1,1,0,0,0,0,0,91943852,0.03760,0.00635,0.95239,0.95316,-0.00532,-0.00161,-0.00141,0.00573,0.95316,0.00424,0.00693,3,12238,0,7185,0.00000,0.00000,0.00000,0,0,nan,0,0,2,4345,187491,0,0,0.000,156.877,10.521,0,0.000,165.209,10.018,0,0,1,0,1
PPG,4,109601,4385591552,116,90455,87799,84887.758,2911.242,807.242,0,0,0,0,0.00,nan,1,2,0,nan,4,2,40,1,1,1,1,0,0,0,91983020,0.04102,0.00366,0.94727,0.94816,-0.00532,-0.00028,-0.00141,0.00551,0.95302,0.00486,0.00637,3,12236,0,7185,0.00000,0.00000,0.00000,0,0,nan,0,0,2,4339,187491,0,0,0.000,156.877,10.521,0,0.000,165.209,10.018,0,0,1,0,1
PPG,4,109602,4385631552,122,90797,88193,84920.812,3272.188,886.789,0,0,0,0,0.00,nan,1,2,0,nan,4,2,40,1,1,2,2,0,0,0,92022177,0.03882,0.00635,0.94751,0.94833,-0.00585,-0.00028,-0.00221,0.00626,0.95242,0.00410,0.00654,3,12220,0,7185,0.00000,0.00000,0.00000,0,0,nan,0,0,2,4325,187491,0,0,1472.984,156.877,10.521,1,0.000,165.209,10.018,0,0,1,0,1
PPG,4,109603,4385671552,125,90660,88046,84952.062,3093.938,810.039,0,0,0,0,0.00,nan,1,2,0,nan,4,2,40,1,1,3,3,0,0,0,92061429,0.03760,0.00439,0.95142,0.95217,-0.00665,-0.00161,-0.00087,0.00690,0.95429,0.00786,0.00690,3,12233,0,7185,0.00000,0.00000,0.00000,0,0,nan,0,0,2,2636,187491,0,0,0.000,156.877,10.521,0,0.000,165.209,10.018,0,0,1,0,1
PPG,4,109604,4385711552,119,90732,88115,84983.695,3131.305,623.062,0,0,0,0,0.00,nan,1,2,0,nan,4,2,40,1,1,4,4,0,0,0,92103340,0.03784,0.00464,0.94946,0.95023,-0.00638,-0.00001,-0.00167,0.00660,0.95316,0.00380,0.00706,3,12233,0,7185,0.00000,0.00000,0.00000,0,0,nan,0,0,2,4338,187491,0,0,0.000,156.877,10.521,0,0.000,165.209,10.018,0,0,1,0,1
PPG,4,109605,4385751552,191,91496,88950,85023.359,3926.641,580.109,0,0,0,0,0.00,nan,1,2,0,nan,4,2,40,1,1,5,5,0,0,0,92142576,0.03589,0.00684,0.94824,0.94895,-0.00558,0.00079,-0.00167,0.00588,0.95681,0.00786,0.00614,3,12232,0,7185,0.00000,0.00000,0.00000,0,0,nan,0,0,2,4348,187491,0,0,0.000,156.877,10.521,0,0.000,165.209,10.018,0,0,1,0,1
PPG,4,109606,4385791552,122,91810,89233,85065.453,4167.547,697.711,0,0,0,0,0.00,nan,1,2,0,nan,4,2,40,1,1,6,6,0,0,0,92181989,0.03931,0.00293,0.95850,0.95931,-0.00665,0.00105,-0.00141,0.00688,0.95931,0.01015,0.00688,3,12292,0,7185,0.00000,0.00000,0.00000,0,0,nan,0,0,2,2595,187491,0,0,0.000,156.877,10.521,0,0.000,165.209,10.018,0,0,1,0,1
PPG,4,109607,4385831552,116,90846,88240,85097.195,3142.805,738.703,0,0,0,0,0.00,nan,1,2,0,nan,4,2,40,1,1,7,7,0,0,0,92223611,0.03784,0.00464,0.95313,0.95389,-0.00558,-0.00081,-0.00167,0.00589,0.95919,0.01204,0.00589,3,12209,0,7185,0.00000,0.00000,0.00000,0,0,nan,0,0,2,4299,187491,0,0,0.000,156.877,10.521,0,0.000,165.209,10.018,0,0,1,0,1
PPG,4,109608,4385871552,124,90527,87948,85125.703,2822.297,697.086,0,0,0,0,0.00,nan,1,2,0,nan,4,2,40,1,1,8,8,0,0,0,92262522,0.03638,0.00562,0.94727,0.94798,-0.00638,-0.00161,-0.00141,0.00673,0.95476,0.00450,0.00673,3,12149,0,7185,0.00000,0.00000,0.00000,0,0,nan,0,0,2,4312,187491,0,0,0.000,156.877,10.521,0,0.000,169.458,9.639,0,0,1,0,1
PPG,4,109609,4385911552,116,91308,88787,85162.312,3624.688,682.688,0,0,0,0,0.00,nan,1,2,0,nan,4,2,40,1,1,9,9,0,0,0,92301396,0.03833,0.00342,0.95483,0.95561,-0.00638,-0.00108,-0.00194,0.00676,0.95775,0.00609,0.00676,3,12159,0,7185,0.00000,0.00000,0.00000,0,0,nan,0,0,2,2618,187491,0,0,0.000,156.877,10.521,0,0.000,169.458,9.639,0,0,1,0,1
PPG,4,109610,4385951552,145,92032,89511,85205.797,4305.203,779.180,1,0,1,840,71.43,71.43,2,1,0,nan,4,2,40,1,1,10,10,0,0,0,92342961,0.04077,0.00610,0.94604,0.94694,-0.00665,-0.00081,-0.00194,0.00697,0.95290,0.00646,0.00697,3,12141,0,7185,0.00000,0.00000,0.00000,0,0,nan,0,0,3,4302,187491,0,0,571.773,156.877,10.521,1,2289.625,169.458,9.639,1,1,1,0,2
PPG,4,109611,4385991552,130,91151,88609,85239.828,3369.172,779.648,0,0,0,0,71.43,71.43,2,1,0,nan,4,2,40,1,1,11,11,0,0,0,92391327,0.04028,0.00391,0.95215,0.95301,-0.00558,-0.00055,-0.00167,0.00586,0.95302,0.00616,0.00630,3,21444,0,7186,0.00000,0.00000,0.00000,0,0,nan,0,0,3,14463,187491,0,0,0.000,153.462,9.878,0,0.000,176.638,10.853,0,0,1,0,2
PPG,4,109612,4386031552,128,91265,88813,85275.562,3537.438,686.328,0,0,0,0,71.43,71.43,2,1,0,nan,4,2,40,1,1,12,12,0,0,0,92427715,0.03784,0.00732,0.95581,0.95659,-0.00532,-0.00028,-0.00167,0.00558,0.95659,0.00264,0.00648,3,12126,0,7186,0.00000,0.00000,0.00000,0,0,nan,0,0,3,2595,187491,0,0,0.000,153.384,9.886,0,0.000,174.607,11.052,0,0,1,0,2
PPG,4,109613,4386071552,120,92182,89773,85320.539,4452.461,641.820,0,0,0,0,71.43,71.43,2,1,0,nan,4,2,40,1,1,13,13,0,0,0,92464144,0.03882,0.00586,0.94873,0.94954,-0.00558,-0.00055,-0.00194,0.00594,0.95429,0.00271,0.00647,3,12147,0,7186,0.00000,0.00000,0.00000,0,0,nan,0,0,3,4302,187491,0,0,0.000,153.384,9.886,0,0.000,174.607,11.052,0,0,1,0,2
PPG,4,109614,4386111552,504,92331,89948,85366.812,4581.188,726.719,0,0,0,0,71.43,71.43,2,1,0,nan,4,1,40,1,1,14,14,0,0,0,92503041,0.03955,0.00610,0.95728,0.95811,-0.00585,-0.00081,-0.00167,0.00614,0.95811,0.00606,0.00629,3,12120,0,7186,2.91653,2.25649,0.77369,85,1,90.658,57,1,3,4302,187491,0,0,0.000,153.384,9.886,0,0.000,174.607,11.052,0,0,1,0,2
PPG,4,109615,4386151552,171,91754,89273,85405.875,3867.125,782.258,0,0,0,0,71.43,71.43,2,1,0,nan,4,1,40,1,1,15,15,0,0,0,92542502,0.03979,0.00635,0.94995,0.95081,-0.00638,-0.00161,-0.00221,0.00694,0.95413,0.00398,0.00694,3,12117,0,7186,2.91653,2.25649,0.77369,85,1,90.658,57,1,3,4309,187491,0,0,0.000,153.384,9.886,0,0.000,174.607,11.052,0,0,1,0,2
PPG,4,109616,4386191552,126,91348,88830,85440.117,3389.883,712.750,0,0,0,0,71.43,71.43,2,1,0,nan,4,1,40,1,1,16,16,0,0,0,92581550,0.03516,0.00513,0.95288,0.95354,-0.00532,-0.00001,-0.00221,0.00576,0.95467,0.00441,0.00767,3,12110,0,7186,2.91653,2.25649,0.77369,85,1,90.658,57,1,3,2604,187491,0,0,0.000,155.343,9.698,0,0.000,176.910,10.827,0,0,1,0,2
PPG,4,109617,4386231552,120,92603,90194,85487.656,4706.344,703.023,0,0,0,0,71.43,71.43,2,1,0,nan,4,1,40,1,1,17,17,0,0,0,92623136,0.04004,0.00269,0.95142,0.95226,-0.00505,-0.00055,-0.00167,0.00535,0.95226,0.00418,0.00660,3,12125,0,7186,2.91653,2.25649,0.77369,85,1,90.658,57,1,3,4301,187491,0,0,0.000,155.343,9.698,0,0.000,176.910,10.827,0,0,1,0,2
PPG,4,109618,4386271552,125,93718,91364,85546.422,5817.578,921.992,0,0,0,0,71.43,71.43,2,1,0,nan,4,1,40,1,1,18,18,0,0,0,92662137,0.04150,0.00928,0.95557,0.95651,-0.00532,-0.00135,-0.00167,0.00574,0.95651,0.00898,0.00630,3,12153,0,7186,2.91653,2.25649,0.77369,85,1,90.658,57,1,3,2602,187491,0,0,0.000,155.343,9.698,0,0.000,176.910,10.827,0,0,1,0,2
PPG,4,109619,4386311552,120,93275,90886,85599.820,5286.180,1043.086,0,0,0,0,71.43,71.43,2,1,0,nan,4,1,40,1,1,19,19,0,0,0,92703672,0.03906,0.00439,0.95020,0.95101,-0.00425,-0.00001,-0.00114,0.00440,0.95445,0.00339,0.00615,3,12116,0,7186,2.91653,2.25649,0.77369,85,1,90.658,57,1,3,4300,187491,0,0,0.000,155.343,9.698,0,0.000,176.910,10.827,0,0,1,0,2
PPG,4,109620,4386351552,127,92503,90090,85644.719,4445.281,953.469,0,0,0,0,71.43,71.43,2,1,0,nan,4,1,40,1,1,20,20,0,0,0,92742597,0.04150,0.00854,0.95020,0.95114,-0.00558,-0.00055,-0.00114,0.00573,0.95657,0.00543,0.00576,3,12119,0,7186,2.91653,2.25649,0.77369,85,1,90.658,57,1,3,4295,187491,0,0,0.000,155.343,9.698,0,0.000,176.910,10.827,0,0,1,0,2
PPG,4,109621,4386391552,120,91639,89212,85680.391,3531.609,777.680,0,0,0,0,71.43,71.43,2,1,0,nan,4,1,40,1,1,21,21,0,0,0,92781854,0.03833,0.00293,0.95288,0.95366,-0.00558,-0.00081,-0.00194,0.00597,0.96021,0.00962,0.00636,3,12294,0,7186,2.91653,2.25649,0.77369,85,1,90.658,57,1,3,2639,187491,0,0,0.000,155.343,9.698,0,0.000,176.910,10.827,0,0,1,0,2
PPG,4,109622,4386431552,122,91728,89344,85717.023,3626.977,730.273,0,0,0,0,71.43,71.43,2,1,0,nan,4,1,40,1,1,22,22,0,0,0,92823550,0.03687,0.00488,0.95190,0.95263,-0.00532,-0.00161,-0.00167,0.00580,0.95777,0.00757,0.00646,3,12198,0,7186,2.91653,2.25649,0.77369,85,1,90.658,57,1,3,4302,187491,0,0,0.000,155.343,9.698,0,0.000,176.910,10.827,0,0,1,0,2
PPG,4,109623,4386471552,120,92610,90304,85762.891,4541.109,827.938,0,0,0,0,71.43,71.43,2,1,0,nan,4,1,40,1,1,23,23,0,0,0,92862475,0.04175,0.00757,0.95117,0.95212,-0.00558,-0.00108,-0.00141,0.00586,0.95212,0.00264,0.00651,3,12122,0,7186,2.91653,2.25649,0.77369,85,1,90.658,57,1,3,4305,187491,0,0,0.000,155.343,9.698,0,0.000,176.910,10.827,0,0,1,0,2
PPG,4,109624,4386511552,128,93411,91161,85816.875,5344.125,813.789,0,0,0,0,71.43,71.43,2,1,0,nan,4,1,40,1,1,24,24,0,0,0,92901526,0.04175,0.01050,0.94897,0.94995,-0.00505,-0.00161,-0.00221,0.00574,0.95452,0.00543,0.00625,3,12116,0,7186,2.91653,2.25649,0.77369,85,1,90.658,57,1,3,2600,187491,0,0,0.000,152.923,9.931,0,0.000,174.918,11.021,0,0,1,0,2
PPG,4,109625,4386551552,120,93622,91406,85872.766,5533.234,696.992,0,0,0,0,71.43,71.43,2,1,0,nan,4,1,40,1,1,25,25,0,0,0,92943080,0.04175,0.01050,0.95752,0.95849,-0.00612,-0.00135,-0.00194,0.00656,0.95849,0.00741,0.00656,3,12112,0,7186,2.91653,2.25649,0.77369,85,1,90.658,57,1,3,4297,187491,0,0,0.000,152.923,9.931,0,0.000,174.918,11.021,0,0,1,0,2
PPG,4,109626,4386591552,122,92801,90517,85919.211,4597.789,580.070,0,0,0,0,71.43,71.43,2,1,0,nan,4,1,40,1,1,26,26,0,0,0,92982040,0.04004,0.00610,0.95020,0.95106,-0.00638,-0.00055,-0.00274,0.00697,0.95807,0.00509,0.00697,3,12110,0,7186,2.91653,2.25649,0.77369,85,1,90.658,57,1,3,2599,187491,0,0,0.000,152.923,9.931,0,0.000,174.918,11.021,0,0,1,0,2
PPG,4,109627,4386631552,144,91851,89529,85955.312,3573.688,435.477,1,0,1,680,71.43,71.43,2,1,0,nan,4,1,40,1,1,27,27,0,0,0,93023553,0.03687,0.00562,0.94946,0.95019,-0.00558,-0.00108,-0.00114,0.00580,0.95102,0.00565,0.00669,3,12108,0,7186,2.91653,2.25649,0.77369,85,1,90.658,57,1,3,4297,187491,0,0,339.602,152.923,9.931,1,340.062,174.918,11.021,1,1,1,0,3
PPG,4,109628,4386671552,124,91827,89558,85991.336,3566.664,404.406,0,0,0,0,71.43,71.43,2,1,0,nan,4,1,40,1,1,28,28,0,0,0,93062658,0.04150,0.00732,0.95386,0.95479,-0.00532,-0.00055,-0.00194,0.00569,0.95479,0.00292,0.00569,3,12117,0,7186,2.91653,2.25649,0.77369,85,1,90.658,57,1,3,4332,187491,0,0,0.000,148.484,9.091,0,0.000,169.017,10.008,0,0,1,0,3
PPG,4,109629,4386711552,122,93212,91103,86042.453,5060.547,539.891,0,0,0,0,71.43,71.43,2,1,0,nan,4,1,40,1,1,29,29,0,0,0,93101631,0.03906,0.00171,0.94434,0.94515,-0.00612,0.00025,-0.00141,0.00628,0.95526,0.01012,0.00628,3,12117,0,7186,2.91653,2.25649,0.77369,85,1,90.658,57,1,3,2594,187491,0,0,0.000,148.484,9.091,0,0.000,169.017,10.008,0,0,1,0,3
PPG,4,109630,4386751552,123,94657,92645,86108.477,6536.523,717.617,0,0,0,0,71.43,71.43,2,1,0,nan,4,1,40,1,1,30,30,0,0,0,93143152,0.03613,0.00586,0.95508,0.95578,-0.00532,-0.00135,-0.00194,0.00582,0.96049,0.01535,0.00693,3,12109,0,7186,2.91653,2.25649,0.77369,85,1,90.658,57,1,3,4301,187491,0,0,0.000,148.484,9.091,0,0.000,169.017,10.008,0,0,1,0,3
PPG,4,109631,4386791552,125,95365,93446,86181.852,7264.148,802.203,0,0,0,0,71.43,71.43,2,1,0,nan,4,1,40,1,1,31,31,0,0,0,93182133,0.03906,0.00562,0.94971,0.95053,-0.00612,0.00025,-0.00061,0.00615,0.95053,0.00638,0.00615,3,12136,0,7186,2.91653,2.25649,0.77369,85,1,90.658,57,1,3,2595,187491,0,0,0.000,148.484,9.091,0,0.000,169.017,10.008,0,0,1,0,3
PPG,4,109632,4386831552,123,95229,93242,86252.453,6989.547,843.039,0,0,0,0,71.43,71.43,2,1,0,nan,4,1,40,1,1,0,0,0,0,0,93223658,0.04004,0.00781,0.95142,0.95229,-0.00612,-0.00081,-0.00194,0.00647,0.95519,0.00467,0.00647,3,12117,0,7186,2.91653,2.25649,0.77369,85,1,90.658,57,1,3,4300,187491,0,0,0.000,148.484,9.091,0,0.000,169.017,10.008,0,0,1,0,3
PPG,4,109633,4386871552,124,94578,92448,86314.406,6133.594,985.141,0,0,0,0,71.43,71.43,2,1,0,nan,4,1,40,1,1,1,1,0,0,0,93262584,0.03882,0.00562,0.95068,0.95149,-0.00558,-0.00161,-0.00194,0.00613,0.95149,0.00212,0.00613,3,12115,0,7186,2.91653,2.25649,0.77369,85,1,90.658,57,1,3,4299,187491,0,0,0.000,148.484,9.091,0,0.000,169.017,10.008,0,0,1,0,3
PPG,4,109634,4386911552,123,93893,91586,86367.125,5218.875,1197.102,0,0,0,0,71.43,71.43,2,1,0,nan,4,1,40,1,1,2,2,0,0,0,93301693,0.03809,0.00781,0.94897,0.94977,-0.00585,-0.00028,-0.00114,0.00597,0.95124,0.00300,0.00659,3,12107,0,7186,2.91653,2.25649,0.77369,85,1,90.658,57,1,3,2599,187491,0,0,0.000,148.484,9.091,0,0.000,169.017,10.008,0,0,1,0,3
PPG,4,109635,4386951552,121,93317,90968,86413.133,4554.867,1313.781,0,0,0,0,71.43,71.43,2,1,0,nan,4,1,40,1,1,3,3,0,0,0,93343200,0.03735,0.00562,0.95728,0.95802,-0.00638,-0.00081,-0.00274,0.00699,0.95802,0.00587,0.00709,3,12106,0,7186,2.91653,2.25649,0.77369,85,1,90.658,57,1,3,4294,187491,0,0,0.000,148.484,9.091,0,0.000,169.017,10.008,0,0,1,0,3
PPG,4,109636,4386991552,134,93599,91262,86461.625,4800.375,1214.891,0,0,0,0,71.43,71.43,2,1,0,nan,4,1,40,1,1,4,4,0,0,0,93391558,0.04004,0.00830,0.95337,0.95425,-0.00585,-0.00081,-0.00141,0.00607,0.95763,0.00506,0.00607,3,21544,0,7187,2.91653,2.25649,0.77369,85,1,90.658,57,1,3,14543,187491,0,0,0.000,148.484,9.091,0,0.000,169.017,10.008,0,0,1,0,3
PPG,4,109637,4387031552,123,93870,91526,86512.266,5013.734,988.438,0,0,0,0,71.43,71.43,2,1,0,nan,4,1,40,1,1,5,5,0,0,0,93427981,0.03613,0.00562,0.95093,0.95163,-0.00612,0.00025,0.00019,0.00613,0.95163,0.00426,0.00703,3,12118,0,7187,2.91653,2.25649,0.77369,85,1,90.658,57,1,3,2588,187491,0,0,0.000,148.484,9.091,0,0.000,169.017,10.008,0,0,1,0,3
PPG,4,109638,4387071552,126,93505,91144,86558.586,4585.414,670.578,0,0,0,0,71.43,71.43,2,1,0,nan,4,1,40,1,1,6,6,0,0,0,93464355,0.03979,0.00293,0.94873,0.94957,-0.00612,-0.00055,-0.00087,0.00620,0.95169,0.00220,0.00649,3,12110,0,7187,2.91653,2.25649,0.77369,85,1,90.658,57,1,3,4302,187491,0,0,0.000,148.484,9.091,0,0.000,169.017,10.008,0,0,1,0,3
PPG,4,109639,4387111552,516,93281,90942,86602.422,4339.578,339.211,0,0,0,0,71.43,71.43,2,1,0,nan,4,1,40,1,1,7,7,0,0,0,93503329,0.03784,0.00732,0.94849,0.94927,-0.00612,-0.00001,-0.00194,0.00642,0.95226,0.00270,0.00642,3,12113,0,7187,2.61966,2.12577,0.81147,87,1,89.713,166,1,3,4296,187491,0,0,0.000,148.484,9.091,0,0.000,169.017,10.008,0,0,1,0,3
PPG,4,109640,4387151552,178,93763,91454,86650.938,4803.062,129.008,0,0,0,0,71.43,71.43,2,1,0,nan,4,1,40,1,1,8,8,0,0,0,93542681,0.04248,0.00415,0.95044,0.95140,-0.00665,-0.00161,-0.00141,0.00699,0.95649,0.00673,0.00728,3,12113,0,7187,2.61966,2.12577,0.81147,87,1,89.713,166,1,3,4295,187491,0,0,0.000,148.484,9.091,0,0.000,169.017,10.008,0,0,1,0,3
PPG,4,109641,4387191552,124,93838,91551,86699.938,4851.062,7.062,0,0,0,0,71.43,71.43,2,1,0,nan,4,1,40,1,1,9,9,0,0,0,93581773,0.03638,0.00293,0.95654,0.95724,-0.00585,-0.00081,-0.00194,0.00622,0.95724,0.00591,0.00675,3,12129,0,7187,2.61966,2.12577,0.81147,87,1,89.713,166,1,3,2600,187491,0,0,0.000,148.484,9.091,0,0.000,169.017,10.008,0,0,1,0,3
PPG,4,109642,4387231552,123,93512,91224,86745.180,4478.820,-50.367,0,0,0,0,71.43,71.43,2,1,0,nan,4,1,40,1,1,10,10,0,0,0,93623425,0.03979,0.00977,0.94800,0.94888,-0.00585,-0.00001,-0.00141,0.00602,0.95161,0.00563,0.00628,3,12116,0,7187,2.61966,2.12577,0.81147,87,1,89.713,166,1,3,4298,187491,0,0,0.000,148.484,9.091,0,0.000,169.017,10.008,0,0,1,0,3
PPG,4,109643,4387271552,144,93253,90964,86787.367,4176.633,-125.938,1,0,1,640,88.24,88.24,2,1,0,nan,4,1,40,1,1,11,11,0,0,0,93662345,0.03638,0.00903,0.94678,0.94752,-0.00665,-0.00055,-0.00167,0.00688,0.95667,0.00779,0.00723,3,12113,0,7187,2.61966,2.12577,0.81147,87,1,89.713,166,1,3,2595,187491,0,0,860.172,148.484,9.091,1,909.375,169.017,10.008,1,1,1,0,4
PPG,4,109644,4387311552,125,93602,91394,86833.430,4560.570,-156.453,0,0,0,0,88.24,88.24,2,1,0,nan,4,1,40,1,1,12,12,0,0,0,93704020,0.03809,0.00439,0.94995,0.95072,-0.00612,-0.00081,-0.00114,0.00628,0.95763,0.01012,0.00635,3,12108,0,7187,2.61966,2.12577,0.81147,87,1,89.713,166,1,3,4303,187491,0,0,0.000,147.853,8.972,0,0.000,167.411,9.733,0,0,1,0,4
PPG,4,109645,4387351552,122,94131,91962,86884.719,5077.281,-67.391,0,0,0,0,88.24,88.24,2,1,0,nan,4,1,40,1,1,13,13,0,0,0,93742944,0.04077,0.00757,0.94580,0.94671,-0.00532,-0.00161,-0.00114,0.00567,0.95355,0.00684,0.00627,3,12115,0,7187,2.61966,2.12577,0.81147,87,1,89.713,166,1,3,4294,187491,0,0,0.000,147.853,8.972,0,0.000,167.411,9.733,0,0,1,0,4
PPG,4,109646,4387391552,193,93370,91148,86927.352,4220.648,-69.508,0,0,0,0,88.24,88.24,2,1,0,nan,4,1,40,1,1,14,14,0,0,0,93781856,0.03809,0.00903,0.95093,0.95173,-0.00638,-0.00055,-0.00194,0.00669,0.95254,0.00415,0.00669,3,12122,0,7187,2.61966,2.12577,0.81147,87,1,89.713,166,1,3,2631,187491,0,0,0.000,143.887,9.341,0,0.000,164.802,9.968,0,0,1,0,4
PPG,4,109647,4387431552,126,92575,90305,86961.125,3343.875,-272.461,0,0,0,0,88.24,88.24,2,1,0,nan,4,1,40,1,1,15,15,0,0,0,93823762,0.03516,0.00830,0.95068,0.95137,-0.00505,0.00025,-0.00141,0.00525,0.95706,0.01152,0.00633,3,12213,0,7187,2.61966,2.12577,0.81147,87,1,89.713,166,1,3,4375,187491,0,0,0.000,143.887,9.341,0,0.000,164.802,9.968,0,0,1,0,4
PPG,4,109648,4387471552,182,92697,90531,86996.820,3534.180,-466.820,0,0,0,0,88.24,88.24,2,1,0,nan,4,1,40,1,1,16,16,0,0,0,93862822,0.04053,0.00146,0.95044,0.95130,-0.00532,-0.00081,-0.00141,0.00556,0.95637,0.00500,0.00556,3,12137,0,7187,2.61966,2.12577,0.81147,87,1,89.713,166,1,3,4298,187491,0,0,0.000,143.887,9.341,0,0.000,164.802,9.968,0,0,1,0,4
PPG,4,109649,4387511552,123,94137,92105,87047.898,5057.102,-391.062,0,0,0,0,88.24,88.24,2,1,0,nan,4,1,40,1,1,17,17,0,0,0,93902382,0.04004,0.00610,0.95581,0.95667,-0.00585,-0.00135,-0.00114,0.00611,0.95667,0.00661,0.00611,3,12266,0,7187,2.61966,2.12577,0.81147,87,1,89.713,166,1,3,2641,187491,0,0,0.000,143.887,9.341,0,0.000,164.802,9.968,0,0,1,0,4
PPG,4,109650,4387551552,125,94976,93018,87107.602,5910.398,-116.289,0,0,0,0,88.24,88.24,2,1,0,nan,4,1,40,1,1,18,18,0,0,0,93944400,0.03613,0.00732,0.95386,0.95457,-0.00558,-0.00161,-0.00221,0.00622,0.95658,0.00699,0.00665,3,12255,0,7187,2.61966,2.12577,0.81147,87,1,89.713,166,1,3,4335,187491,0,0,0.000,143.887,9.341,0,0.000,164.802,9.968,0,0,1,0,4
PPG,4,109651,4387591552,132,94641,92619,87162.719,5456.281,100.062,0,0,0,0,88.24,88.24,2,1,0,nan,4,1,40,1,1,19,19,0,0,0,93983664,0.03906,0.00488,0.94897,0.94979,-0.00479,-0.00055,-0.00087,0.00489,0.95569,0.00425,0.00554,3,12212,0,7187,2.61966,2.12577,0.81147,87,1,89.713,166,1,3,4350,187491,0,0,0.000,143.887,9.341,0,0.000,164.802,9.968,0,0,1,0,4
PPG,4,109652,4387631552,125,93553,91381,87204.898,4176.102,110.109,0,0,0,0,88.24,88.24,2,1,0,nan,4,1,40,1,1,20,20,0,0,0,94023111,0.03882,0.00488,0.94727,0.94807,-0.00585,-0.00055,-0.00114,0.00599,0.95782,0.00803,0.00599,3,12278,0,7187,2.61966,2.12577,0.81147,87,1,89.713,166,1,3,4338,187491,0,0,0.000,143.887,9.341,0,0.000,164.802,9.968,0,0,1,0,4
PPG,4,109653,4387671552,131,92599,90292,87235.766,3056.234,95.633,0,0,0,0,88.24,88.24,2,1,0,nan,4,1,40,1,1,21,21,0,0,0,94062388,0.03931,0.00464,0.94897,0.94980,-0.00585,-0.00135,-0.00194,0.00631,0.95510,0.00703,0.00631,3,12264,0,7187,2.61966,2.12577,0.81147,87,1,89.713,166,1,3,2646,187491,0,0,0.000,143.887,9.341,0,0.000,164.802,9.968,0,0,1,0,4
PPG,4,109654,4387711552,124,92791,90512,87268.531,3243.469,178.898,0,0,0,0,88.24,88.24,2,1,0,nan,4,1,40,1,1,22,22,0,0,0,94104399,0.03784,0.00732,0.94727,0.94805,-0.00612,-0.00188,-0.00247,0.00686,0.95298,0.00485,0.00686,3,12272,0,7187,2.61966,2.12577,0.81147,87,1,89.713,166,1,3,4327,187491,0,0,0.000,143.887,9.341,0,0.000,164.802,9.968,0,0,1,0,4
PPG,4,109655,4387751552,128,93531,91267,87308.516,3958.484,269.094,0,0,0,0,88.24,88.24,2,1,0,nan,4,1,40,1,1,23,23,0,0,0,94143616,0.03589,0.00684,0.95654,0.95724,-0.00532,-0.00081,-0.00034,0.00539,0.95724,0.00382,0.00651,3,12215,0,7187,2.61966,2.12577,0.81147,87,1,89.713,166,1,3,4347,187491,0,0,0.000,143.887,9.341,0,0.000,164.802,9.968,0,0,1,0,4
PPG,4,109656,4387791552,135,93487,91180,87347.227,3832.773,141.047,0,0,0,0,88.24,88.24,2,1,0,nan,4,1,40,1,1,24,24,0,0,0,94182921,0.04175,0.00610,0.95435,0.95528,-0.00558,-0.00081,-0.00114,0.00576,0.95651,0.01026,0.00606,3,12258,0,7187,2.61966,2.12577,0.81147,87,1,89.713,166,1,3,4341,187491,0,0,0.000,143.887,9.341,0,0.000,164.802,9.968,0,0,1,0,4
PPG,4,109657,4387831552,124,93517,91241,87386.164,3854.836,-98.562,0,0,0,0,88.24,88.24,2,1,0,nan,4,1,40,1,1,25,25,0,0,0,94222181,0.04248,0.00610,0.95020,0.95116,-0.00558,-0.00055,-0.00167,0.00586,0.95727,0.00501,0.00632,3,12202,0,7187,2.61966,2.12577,0.81147,87,1,89.713,166,1,3,2620,187491,0,0,0.000,143.887,9.341,0,0.000,164.802,9.968,0,0,1,0,4
PPG,4,109658,4387871552,125,93241,90912,87421.422,3490.578,-330.812,0,0,0,0,88.24,88.24,2,1,0,nan,4,1,40,1,1,26,26,0,0,0,94264119,0.03955,0.00610,0.95068,0.95153,-0.00558,-0.00081,-0.00141,0.00582,0.95707,0.00744,0.00651,3,12242,0,7187,2.61966,2.12577,0.81147,87,1,89.713,166,1,3,4337,187491,0,0,0.000,143.887,9.341,0,0.000,164.802,9.968,0,0,1,0,4
PPG,4,109659,4387911552,128,92535,90126,87448.469,2677.531,-469.297,0,0,0,0,88.24,88.24,2,1,0,nan,4,1,40,1,1,27,27,0,0,0,94303502,0.03735,0.00684,0.94702,0.94778,-0.00505,-0.00001,-0.00221,0.00551,0.95134,0.00356,0.00598,3,12298,0,7187,2.61966,2.12577,0.81147,87,1,89.713,166,1,3,4343,187491,0,0,0.000,143.887,9.341,0,0.000,164.802,9.968,0,0,1,0,4
PPG,4,109660,4387951552,152,92147,89703,87471.016,2231.984,-465.891,1,0,1,680,88.24,88.24,2,1,512,nan,4,1,40,1,1,28,28,0,0,0,94342766,0.04077,0.00488,0.94995,0.95084,-0.00532,-0.00001,-0.00167,0.00557,0.95683,0.00851,0.00557,3,12207,0,7187,2.61966,2.12577,0.81147,87,1,89.713,166,1,3,4322,187491,0,0,459.094,143.887,9.341,1,576.930,164.802,9.968,1,1,1,0,5
PPG,4,109661,4387991552,139,91577,89090,87487.203,1602.797,-545.992,0,0,0,0,88.24,88.24,2,1,512,nan,4,1,40,1,1,29,29,0,0,0,94394078,0.04028,0.00391,0.95068,0.95154,-0.00638,-0.00161,-0.00114,0.00668,0.95696,0.00542,0.00668,3,24255,0,7188,2.61966,2.12577,0.81147,87,1,89.713,166,1,3,14572,187491,0,0,0.000,136.919,9.108,0,0.000,158.119,9.641,0,0,1,0,5
PPG,4,109662,4388031552,127,91152,88638,87498.711,1139.289,-792.258,0,0,0,0,88.24,88.24,2,1,512,nan,4,1,40,1,1,30,30,0,0,0,94418619,0.03882,0.00830,0.95508,0.95590,-0.00585,-0.00135,-0.00141,0.00617,0.95590,0.00335,0.00617,2,12310,0,7188,2.61966,2.12577,0.81147,87,1,89.713,166,1,3,2609,187491,0,0,0.000,136.919,9.108,0,0.000,158.119,9.641,0,0,1,0,5
PPG,4,109663,4388071552,125,90676,88189,87505.617,683.383,-1080.789,0,0,0,0,88.24,88.24,2,1,512,nan,4,1,40,1,1,31,31,0,0,0,94463129,0.03955,0.00513,0.95142,0.95225,-0.00585,0.00079,-0.00141,0.00607,0.95347,0.00447,0.00627,3,12236,0,7188,2.61966,2.12577,0.81147,87,1,89.713,166,1,3,4326,187491,0,0,0.000,136.919,9.108,0,0.000,158.119,9.641,0,0,1,0,5
PPG,4,109664,4388111552,558,90700,88260,87513.164,746.836,-1349.953,0,0,0,0,88.24,88.24,2,1,512,nan,4,0,40,1,1,0,0,0,0,0,94502345,0.03809,0.00366,0.95313,0.95389,-0.00532,-0.00108,-0.00114,0.00554,0.95389,0.00537,0.00703,3,12135,0,7188,2.26082,1.87574,0.82967,87,1,89.258,83,1,3,2622,187491,0,0,0.000,136.919,9.108,0,0.000,158.119,9.641,0,0,1,0,5
PPG,4,109665,4388151552,174,90754,88327,87521.305,805.695,-1537.492,0,0,0,0,88.24,88.24,2,1,512,nan,4,0,40,1,1,1,1,0,0,0,94544626,0.04248,0.00439,0.95313,0.95408,-0.00585,-0.00188,-0.00114,0.00625,0.95593,0.00245,0.00683,3,12112,0,7188,2.26082,1.87574,0.82967,87,1,89.258,83,1,3,4301,187491,0,0,0.000,136.919,9.108,0,0.000,158.119,9.641,0,0,1,0,5
PPG,4,109666,4388191552,125,90532,88111,87527.203,583.797,-1673.492,0,0,0,0,88.24,88.24,2,1,512,nan,4,0,40,1,1,2,2,0,0,0,94583652,0.03882,0.00317,0.94971,0.95051,-0.00558,-0.00108,-0.00167,0.00593,0.95816,0.00970,0.00597,3,12113,0,7188,2.26082,1.87574,0.82967,87,1,89.258,83,1,3,4299,187491,0,0,0.000,136.919,9.108,0,0.000,158.119,9.641,0,0,1,0,5
PPG,4,109667,4388231552,125,90125,87684,87528.773,155.227,-1830.867,0,0,0,0,88.24,88.24,2,1,512,nan,4,0,40,1,1,3,3,0,0,0,94622668,0.04272,0.00464,0.95264,0.95361,-0.00532,0.00025,-0.00061,0.00536,0.95897,0.00870,0.00649,3,12124,0,7188,2.26082,1.87574,0.82967,87,1,89.258,83,1,3,4299,187491,0,0,0.000,136.919,9.108,0,0.000,158.119,9.641,0,0,1,0,5
PPG,4,109668,4388271552,126,90035,87588,87529.367,58.633,-1898.289,0,0,0,0,88.24,88.24,2,1,512,nan,4,0,40,1,1,4,4,0,0,0,94661614,0.03613,0.00488,0.95093,0.95163,-0.00505,-0.00108,-0.00114,0.00529,0.95760,0.00803,0.00667,3,12131,0,7188,2.26082,1.87574,0.82967,87,1,89.258,83,1,3,2595,187491,0,0,0.000,136.919,9.108,0,0.000,158.119,9.641,0,0,1,0,5
PPG,4,109669,4388311552,202,90409,88024,87534.312,489.688,-1781.961,0,0,0,0,88.24,88.24,2,1,512,nan,4,0,40,1,1,5,5,0,0,0,94703162,0.03711,0.00464,0.95093,0.95166,-0.00532,-0.00161,-0.00274,0.00620,0.95280,0.00316,0.00620,3,12132,0,7188,2.26082,1.87574,0.82967,87,1,89.258,83,1,3,4342,187491,0,0,0.000,136.919,9.108,0,0.000,158.119,9.641,0,0,1,0,5
PPG,4,109670,4388351552,127,90596,88196,87540.930,655.070,-1539.859,0,0,0,0,88.24,88.24,2,1,512,nan,4,0,40,1,1,6,6,0,0,0,94742391,0.04297,0.00562,0.95288,0.95387,-0.00532,-0.00055,-0.00221,0.00578,0.95512,0.00916,0.00717,3,12120,0,7188,2.26082,1.87574,0.82967,87,1,89.258,83,1,3,2606,187491,0,0,0.000,136.919,9.108,0,0.000,158.119,9.641,0,0,1,0,5
PPG,4,109671,4388391552,124,90644,88191,87547.430,643.570,-1328.312,0,0,0,0,88.24,88.24,2,1,512,nan,4,0,40,1,1,7,7,0,0,0,94783961,0.04004,0.01025,0.95239,0.95329,-0.00532,-0.00108,-0.00061,0.00546,0.95329,0.00889,0.00620,3,12119,0,7188,2.26082,1.87574,0.82967,87,1,89.258,83,1,3,4300,187491,0,0,0.000,136.919,9.108,0,0.000,158.119,9.641,0,0,1,0,5
PPG,4,109672,4388431552,127,90319,87821,87550.164,270.836,-1222.602,0,0,0,0,88.24,88.24,2,1,512,nan,4,0,40,1,1,8,8,0,0,0,94823017,0.03662,0.01074,0.95020,0.95096,-0.00479,0.00052,-0.00221,0.00529,0.95422,0.00456,0.00660,3,12160,0,7188,2.26082,1.87574,0.82967,87,1,89.258,83,1,3,4306,187491,0,0,0.000,136.919,9.108,0,0.000,158.119,9.641,0,0,1,0,5
PPG,4,109673,4388471552,125,90239,87646,87551.125,94.875,-1156.727,0,0,0,0,88.24,88.24,2,1,512,nan,4,0,40,1,1,9,9,0,0,0,94861968,0.03809,0.00464,0.95361,0.95438,-0.00612,-0.00055,-0.00167,0.00637,0.95438,0.00538,0.00695,3,12121,0,7188,2.26082,1.87574,0.82967,87,1,89.258,83,1,3,2597,187491,0,0,0.000,136.919,9.108,0,0.000,158.119,9.641,0,0,1,0,5
PPG,4,109674,4388511552,133,88995,86129,87536.906,-1407.906,-1159.719,0,0,0,0,88.24,88.24,2,1,512,nan,4,0,40,1,1,10,10,0,0,0,94903491,0.03955,0.00586,0.95288,0.95372,-0.00505,0.00052,-0.00114,0.00520,0.95457,0.00440,0.00596,3,12123,0,7188,2.26082,1.87574,0.82967,87,1,89.258,83,1,3,4307,187491,0,0,0.000,136.919,9.108,0,0.000,158.119,9.641,0,0,1,0,5
PPG,4,109675,4388551552,131,87529,84519,87506.727,-2987.727,-1260.750,0,0,0,0,88.24,88.24,2,1,512,nan,4,0,40,1,1,11,11,0,0,0,94942529,0.04102,0.01025,0.95386,0.95479,-0.00532,-0.00108,-0.00087,0.00550,0.95479,0.00326,0.00611,3,12119,0,7188,2.26082,1.87574,0.82967,87,1,89.258,83,1,3,2599,187491,0,0,0.000,136.919,9.108,0,0.000,158.119,9.641,0,0,1,0,5
PPG,4,109676,4388591552,126,87799,84831,87479.969,-2648.969,-1399.438,0,0,0,0,88.24,88.24,2,1,512,nan,4,0,40,1,1,12,12,0,0,0,94984089,0.03589,0.00513,0.95361,0.95430,-0.00585,-0.00081,-0.00247,0.00640,0.95430,0.00409,0.00640,3,12115,0,7188,2.26082,1.87574,0.82967,87,1,89.258,83,1,3,4297,187491,0,0,0.000,136.919,9.108,0,0.000,158.119,9.641,0,0,1,0,5
PPG,4,109677,4388631552,126,88628,85757,87462.742,-1705.742,-1473.672,0,0,0,0,88.24,88.24,2,1,512,nan,4,0,40,1,1,13,13,0,0,0,95023216,0.03906,0.00415,0.95068,0.95149,-0.00585,0.00052,-0.00247,0.00637,0.95630,0.00267,0.00703,3,12254,0,7188,2.26082,1.87574,0.82967,87,1,89.258,83,1,3,4341,187491,0,0,0.000,136.919,9.108,0,0.000,158.119,9.641,0,0,1,0,5
PPG,4,109678,4388671552,126,88998,86169,87449.805,-1280.805,-1525.383,0,0,0,0,88.24,88.24,2,1,512,nan,4,0,40,1,1,14,14,0,0,0,95062401,0.04077,0.00488,0.95581,0.95669,-0.00638,-0.00081,-0.00141,0.00659,0.95669,0.00304,0.00689,3,12119,0,7188,2.26082,1.87574,0.82967,87,1,89.258,83,1,3,2647,187491,0,0,0.000,136.919,9.108,0,0.000,158.119,9.641,0,0,1,0,5
PPG,4,109679,4388711552,125,88570,85742,87432.727,-1690.727,-1603.180,0,0,0,0,88.24,88.24,2,1,512,nan,4,0,40,1,1,15,15,0,0,0,95104013,0.03711,0.00610,0.94849,0.94923,-0.00558,-0.00055,-0.00114,0.00573,0.95738,0.00815,0.00656,3,12110,0,7188,2.26082,1.87574,0.82967,87,1,89.258,83,1,3,4307,187491,0,0,0.000,136.919,9.108,0,0.000,158.119,9.641,0,0,1,0,5
PPG,4,109680,4388751552,126,88723,85927,87417.672,-1490.672,-1659.953,0,0,0,0,88.24,88.24,2,1,512,nan,4,0,40,1,1,16,16,0,0,0,95143169,0.03979,0.00537,0.94482,0.94568,-0.00585,-0.00135,-0.00087,0.00607,0.95290,0.00723,0.00607,3,12234,0,7188,2.26082,1.87574,0.82967,87,1,89.258,83,1,3,4308,187491,0,0,0.000,136.919,9.108,0,0.000,158.119,9.641,0,0,1,0,5
PPG,4,109681,4388791552,125,88706,85923,87402.727,-1479.727,-1531.031,1,0,0,0,88.24,88.24,2,1,512,nan,4,0,40,1,1,17,17,0,0,0,95182291,0.04297,0.00732,0.95117,0.95217,-0.00612,-0.00108,-0.00034,0.00622,0.95556,0.00680,0.00647,3,12300,0,7188,2.26082,1.87574,0.82967,87,1,89.258,83,1,3,2604,187491,0,0,0.000,136.919,9.108,0,741.562,158.119,9.641,1,0,1,0,5
PPG,4,109682,4388831552,150,88681,85914,87387.836,-1473.836,-1195.539,0,0,1,860,88.24,88.24,2,1,0,nan,4,0,40,1,1,18,18,0,0,0,95224165,0.03931,0.00854,0.94678,0.94763,-0.00585,-0.00135,-0.00141,0.00617,0.95276,0.00513,0.00617,3,12254,0,7188,2.26082,1.87574,0.82967,87,1,89.258,83,1,3,4314,187491,0,0,683.750,136.919,9.108,1,0.000,158.119,9.641,0,1,1,0,6
PPG,4,109683,4388871552,137,88445,85681,87370.766,-1689.766,-948.711,0,0,0,0,88.24,88.24,2,1,0,nan,4,0,40,1,1,19,19,0,0,0,95300173,0.03955,0.00659,0.95410,0.95494,-0.00585,-0.00028,-0.00141,0.00602,0.95494,0.00586,0.00602,2,61175,0,7193,2.26082,1.87574,0.82967,87,1,89.258,83,1,3,61225,187491,0,0,0.000,135.647,8.847,0,0.000,156.101,9.275,0,0,1,0,6
PPG,4,109684,4388911552,134,88217,85502,87352.078,-1850.078,-847.242,0,0,0,0,88.24,88.24,2,1,0,nan,4,0,40,1,1,20,20,0,0,0,95312356,0.03857,0.00806,0.94873,0.94955,-0.00532,-0.00028,-0.00141,0.00551,0.94955,0.00540,0.00551,1,12183,0,7193,2.26082,1.87574,0.82967,87,1,89.258,83,1,3,12105,187491,0,0,0.000,135.647,8.847,0,0.000,156.101,9.275,0,0,1,0,6
PPG,4,109685,4388951552,139,88004,85306,87331.617,-2025.617,-819.477,0,0,0,0,88.24,88.24,2,1,0,nan,4,0,40,1,1,21,21,0,0,0,95349098,0.03784,0.00488,0.95215,0.95291,-0.00532,-0.00161,-0.00167,0.00580,0.95353,0.00398,0.00596,3,12274,0,7193,2.26082,1.87574,0.82967,87,1,89.258,83,1,3,2622,187491,0,0,0.000,135.647,8.847,0,0.000,156.101,9.275,0,0,1,0,6
PPG,4,109686,4388991552,136,87558,84851,87306.812,-2455.812,-783.758,0,0,0,0,88.24,88.24,2,1,0,nan,4,0,40,1,1,22,22,0,0,0,95395188,0.03906,0.00586,0.94922,0.95004,-0.00665,-0.00108,-0.00087,0.00679,0.95957,0.00953,0.00679,3,21631,0,7194,2.26082,1.87574,0.82967,87,1,89.258,83,1,3,14582,187491,0,0,0.000,135.647,8.847,0,0.000,156.101,9.275,0,0,1,0,6
PPG,4,109687,4389031552,137,86964,84226,87276.008,-3050.008,-853.859,0,0,0,0,88.24,88.24,2,1,0,nan,4,0,40,1,1,23,23,0,0,0,95419786,0.03564,0.00586,0.95679,0.95747,-0.00532,-0.00108,-0.00087,0.00550,0.95747,0.00689,0.00647,2,12307,0,7194,2.26082,1.87574,0.82967,87,1,89.258,83,1,3,2640,187491,0,0,0.000,135.249,8.885,0,0.000,156.101,9.275,0,0,1,0,6
PPG,4,109688,4389071552,144,86628,83917,87242.414,-3325.414,-956.891,0,0,0,0,88.24,88.24,2,1,0,nan,4,0,40,1,1,24,24,0,0,0,95464387,0.04150,0.00659,0.95215,0.95308,-0.00505,-0.00028,-0.00167,0.00533,0.95308,0.00653,0.00580,3,12221,0,7195,2.26082,1.87574,0.82967,87,1,89.258,83,1,3,4320,187491,0,0,0.000,135.249,8.885,0,0.000,156.101,9.275,0,0,1,0,6
PPG,4,109689,4389111552,534,86510,83822,87208.211,-3386.211,-1045.641,0,0,0,0,88.24,88.24,2,1,0,nan,4,0,40,1,1,25,25,0,0,0,95503763,0.03564,0.00415,0.95264,0.95331,-0.00612,-0.00055,-0.00167,0.00637,0.95331,0.00236,0.00637,3,12267,0,7195,2.56997,2.26422,0.88103,82,1,87.974,71,1,3,4346,187491,0,0,0.000,135.249,8.885,0,0.000,156.101,9.275,0,0,1,0,6
PPG,4,109690,4389151552,181,86152,83439,87170.516,-3731.516,-1128.078,0,0,0,0,88.24,88.24,2,1,0,nan,4,0,40,1,1,26,26,0,0,0,95543573,0.03735,0.00903,0.95215,0.95292,-0.00612,-0.00055,-0.00141,0.00630,0.95292,0.00206,0.00658,3,12262,0,7195,2.56997,2.26422,0.88103,82,1,87.974,71,1,3,4316,187491,0,0,0.000,135.249,8.885,0,0.000,156.101,9.275,0,0,1,0,6
PPG,4,109691,4389191552,124,86010,83314,87131.953,-3817.953,-1196.797,0,0,0,0,88.24,88.24,2,1,0,nan,4,0,40,1,1,27,27,0,0,0,95582859,0.03760,0.00610,0.95483,0.95559,-0.00532,-0.00028,-0.00167,0.00558,0.95844,0.00509,0.00586,3,12243,0,7195,2.56997,2.26422,0.88103,82,1,87.974,71,1,3,4339,187491,0,0,0.000,135.249,8.885,0,0.000,156.101,9.275,0,0,1,0,6
PPG,4,109692,4389231552,206,86101,83416,87094.797,-3678.797,-1246.547,0,0,0,0,88.24,88.24,2,1,0,nan,4,0,40,1,1,28,28,0,0,0,95622144,0.04395,0.00073,0.94678,0.94780,-0.00585,0.00025,-0.00141,0.00602,0.95625,0.00470,0.00720,3,12264,0,7195,2.56997,2.26422,0.88103,82,1,87.974,71,1,3,2677,187491,0,0,659.656,135.249,8.885,1,0.000,156.101,9.275,0,0,1,0,6
PPG,4,109693,4389271552,124,85685,82976,87053.609,-4077.609,-1280.906,0,0,0,0,88.24,88.24,2,1,0,nan,4,0,40,1,1,29,29,0,0,0,95664308,0.04175,0.00342,0.95068,0.95161,-0.00665,-0.00028,-0.00141,0.00680,0.95515,0.00735,0.00680,3,12242,0,7195,2.56997,2.26422,0.88103,82,1,87.974,71,1,3,4323,187491,0,0,0.000,135.249,8.885,0,0.000,156.101,9.275,0,0,1,0,6
PPG,4,109694,4389311552,152,85375,82610,87009.172,-4399.172,-1335.812,1,0,1,460,88.24,88.24,2,1,16,nan,4,0,40,1,1,30,30,0,0,0,95703541,0.04102,0.00610,0.94751,0.94842,-0.00638,0.00025,-0.00061,0.00642,0.95500,0.00358,0.00642,3,12238,0,7195,2.56997,2.26422,0.88103,82,1,87.974,71,1,3,4342,187491,0,0,0.000,135.249,8.885,0,876.195,156.101,9.275,1,1,1,0,7
PPG,4,109695,4389351552,126,84865,81960,86958.680,-4998.680,-1487.438,0,0,0,0,88.24,88.24,2,1,16,nan,4,0,40,1,1,31,31,0,0,0,95742953,0.04175,0.00781,0.95337,0.95431,-0.00638,-0.00055,-0.00087,0.00647,0.95540,0.00698,0.00697,3,12261,0,7195,2.56997,2.26422,0.88103,82,1,87.974,71,1,3,4343,187491,0,0,0.000,133.985,8.624,0,0.000,155.176,9.108,0,0,1,0,7
PPG,4,109696,4389391552,127,85305,82372,86912.812,-4540.812,-1571.633,0,0,0,0,88.24,88.24,2,1,16,nan,4,0,40,1,1,0,0,0,0,0,95782273,0.03540,0.00562,0.95410,0.95477,-0.00532,0.00105,-0.00221,0.00585,0.95477,0.00469,0.00607,3,12226,0,7195,2.56997,2.26422,0.88103,82,1,87.974,71,1,3,2628,187491,0,0,0.000,133.985,8.624,0,0.000,155.176,9.108,0,0,1,0,7
PPG,4,109697,4389431552,128,85261,82268,86866.367,-4598.367,-1564.461,0,0,0,0,88.24,88.24,2,1,16,nan,4,0,40,1,1,1,1,0,0,0,95824293,0.04199,0.00610,0.94971,0.95065,-0.00665,0.00025,-0.00167,0.00686,0.95940,0.00874,0.00686,3,12321,0,7195,2.56997,2.26422,0.88103,82,1,87.974,71,1,3,4305,187491,0,0,0.000,133.985,8.624,0,0.000,155.176,9.108,0,0,1,0,7
PPG,4,109698,4389471552,136,84643,81606,86813.766,-5207.766,-1580.312,0,0,0,0,88.24,88.24,2,1,16,nan,4,0,40,1,1,2,2,0,0,0,95863336,0.04102,0.00806,0.95239,0.95331,-0.00638,-0.00108,-0.00034,0.00648,0.95331,0.00423,0.00676,3,12122,0,7195,2.56997,2.26422,0.88103,82,1,87.974,71,1,3,4299,187491,0,0,0.000,133.985,8.624,0,0.000,146.193,9.961,0,0,1,0,7
PPG,4,109699,4389511552,135,84501,81450,86760.125,-5310.125,-1646.570,0,0,0,0,88.24,88.24,2,1,16,nan,4,0,40,1,1,3,3,0,0,0,95902509,0.04150,0.00684,0.94946,0.95039,-0.00532,-0.00161,-0.00114,0.00567,0.95261,0.00499,0.00653,3,12113,0,7195,2.56997,2.26422,0.88103,82,1,87.974,71,1,3,2599,187491,0,0,0.000,130.805,8.932,0,0.000,146.193,9.961,0,0,1,0,7
PPG,4,109700,4389551552,127,84430,81398,86706.500,-5308.500,-1645.547,0,0,0,0,88.24,88.24,2,1,16,nan,4,0,40,1,1,4,4,0,0,0,95944111,0.04028,0.00366,0.94751,0.94837,-0.00665,-0.00108,-0.00141,0.00688,0.95363,0.00526,0.00688,3,12147,0,7195,2.56997,2.26422,0.88103,82,1,87.974,71,1,3,4296,187491,0,0,0.000,130.805,8.932,0,0.000,146.193,9.961,0,0,1,0,7
PPG,4,109701,4389591552,126,84478,81444,86653.875,-5209.875,-1588.172,0,0,0,0,88.24,88.24,2,1,16,nan,4,0,40,1,1,5,5,0,0,0,95983104,0.03955,0.00854,0.95142,0.95228,-0.00585,-0.00108,-0.00114,0.00606,0.95228,0.00541,0.00628,3,12123,0,7195,2.56997,2.26422,0.88103,82,1,87.974,71,1,3,4298,187491,0,0,0.000,130.805,8.932,0,0.000,146.193,9.961,0,0,1,0,7
PPG,4,109702,4389631552,128,84121,81061,86597.945,-5536.945,-1473.953,0,0,0,0,88.24,88.24,2,1,16,nan,4,0,40,1,1,6,6,0,0,0,96022049,0.03735,0.00439,0.94922,0.94996,-0.00532,-0.00055,-0.00221,0.00578,0.95321,0.00178,0.00635,3,12113,0,7195,2.56997,2.26422,0.88103,82,1,87.974,71,1,3,2602,187491,0,0,0.000,130.805,8.932,0,0.000,146.193,9.961,0,0,1,0,7
PPG,4,109703,4389671552,127,84148,81132,86543.289,-5411.289,-1423.641,0,0,0,0,88.24,88.24,2,1,16,nan,4,0,40,1,1,7,7,0,0,0,96063611,0.03882,0.00562,0.95654,0.95735,-0.00505,-0.00108,-0.00194,0.00552,0.95839,0.00843,0.00606,3,12119,0,7195,2.56997,2.26422,0.88103,82,1,87.974,71,1,3,4297,187491,0,0,0.000,130.805,8.932,0,0.000,146.193,9.961,0,0,1,0,7
PPG,4,109704,4389711552,128,84454,81467,86492.523,-5025.523,-1336.320,0,0,0,0,88.24,88.24,2,1,16,nan,4,0,40,1,1,8,8,0,0,0,96102538,0.03833,0.00903,0.94922,0.95004,-0.00612,-0.00001,-0.00194,0.00642,0.95501,0.00828,0.00714,3,12121,0,7195,2.56997,2.26422,0.88103,82,1,87.974,71,1,3,2600,187491,0,0,0.000,130.805,8.932,0,0.000,146.193,9.961,0,0,1,0,7
PPG,4,109705,4389751552,126,84668,81726,86444.859,-4718.859,-1140.180,0,0,0,0,88.24,88.24,2,1,16,nan,4,0,40,1,1,9,9,0,0,0,96144108,0.04028,0.00659,0.94214,0.94302,-0.00532,-0.00001,-0.00061,0.00535,0.95434,0.01132,0.00614,3,12149,0,7195,2.56997,2.26422,0.88103,82,1,87.974,71,1,3,4302,187491,0,0,0.000,130.805,8.932,0,0.000,146.193,9.961,0,0,1,0,7
PPG,4,109706,4389791552,128,84410,81460,86395.008,-4935.008,-969.203,0,0,0,0,88.24,88.24,2,1,16,nan,4,0,40,1,1,10,10,0,0,0,96183068,0.04077,0.00415,0.94775,0.94864,-0.00532,0.00025,-0.00194,0.00567,0.94864,0.00517,0.00580,3,12113,0,7195,2.56997,2.26422,0.88103,82,1,87.974,71,1,3,4303,187491,0,0,0.000,130.805,8.932,0,0.000,146.193,9.961,0,0,1,0,7
PPG,4,109707,4389831552,127,84230,81322,86344.281,-5022.281,-834.859,0,0,0,0,88.24,88.24,2,1,16,nan,4,0,40,1,1,11,11,0,0,0,96222003,0.03906,0.00684,0.95044,0.95127,-0.00532,0.00025,-0.00194,0.00567,0.95646,0.00596,0.00596,3,12121,0,7195,2.56997,2.26422,0.88103,82,1,87.974,71,1,3,2599,187491,0,0,0.000,130.805,8.932,0,0.000,146.193,9.961,0,0,1,0,7
PPG,4,109708,4389871552,128,84267,81357,86294.406,-4937.406,-719.289,0,0,0,0,88.24,88.24,2,1,16,nan,4,0,40,1,1,12,12,0,0,0,96263597,0.04150,0.00586,0.94678,0.94770,-0.00532,-0.00028,-0.00247,0.00587,0.95329,0.00558,0.00587,3,12119,0,7195,2.56997,2.26422,0.88103,82,1,87.974,71,1,3,4295,187491,0,0,0.000,130.805,8.932,0,0.000,146.193,9.961,0,0,1,0,7
PPG,4,109709,4389911552,126,84671,81823,86249.695,-4426.695,-510.477,0,0,0,0,88.24,88.24,2,1,16,nan,4,0,40,1,1,13,13,0,0,0,96302532,0.03687,0.00586,0.95288,0.95361,-0.00558,-0.00055,-0.00141,0.00578,0.95361,0.00594,0.00680,3,12121,0,7195,2.56997,2.26422,0.88103,82,1,87.974,71,1,3,2602,187491,0,0,0.000,130.805,8.932,0,0.000,146.193,9.961,0,0,1,0,7
PPG,4,109710,4389951552,128,84757,81928,86206.477,-4278.477,-321.211,0,0,0,0,88.24,88.24,2,1,16,nan,4,0,40,1,1,14,14,0,0,0,96344109,0.03735,0.00464,0.94800,0.94875,-0.00558,-0.00028,-0.00114,0.00571,0.95634,0.00759,0.00677,3,12141,0,7195,2.56997,2.26422,0.88103,82,1,87.974,71,1,3,4298,187491,0,0,0.000,130.805,8.932,0,0.000,146.193,9.961,0,0,1,0,7
PPG,4,109711,4389991552,132,84797,82010,86164.516,-4154.516,-178.438,0,0,0,0,88.24,88.24,2,1,16,nan,4,0,40,1,1,15,15,0,0,0,96395078,0.04077,0.00684,0.95264,0.95353,-0.00585,0.00025,-0.00194,0.00617,0.95353,0.00593,0.00685,3,24040,0,7196,2.56997,2.26422,0.88103,82,1,87.974,71,1,3,14462,187491,0,0,0.000,130.805,8.932,0,0.000,146.193,9.961,0,0,1,0,7
PPG,4,109712,4390031552,131,85263,82532,86128.188,-3596.188,-19.102,0,0,0,0,88.24,88.24,2,1,16,nan,4,0,40,1,1,16,16,0,0,0,96419449,0.04102,0.00708,0.94971,0.95062,-0.00638,-0.00215,-0.00034,0.00674,0.95062,0.00499,0.00674,2,12177,0,7196,2.56997,2.26422,0.88103,82,1,87.974,71,1,3,2595,187491,0,0,0.000,130.805,8.932,0,0.000,146.193,9.961,0,0,1,0,7
PPG,4,109713,4390071552,129,85835,83191,86098.812,-2907.812,217.438,0,0,0,0,88.24,88.24,2,1,16,nan,4,0,40,1,1,17,17,0,0,0,96463728,0.03638,0.00854,0.94653,0.94727,-0.00585,0.00079,-0.00300,0.00662,0.95533,0.00806,0.00662,3,12118,0,7196,2.56997,2.26422,0.88103,82,1,87.974,71,1,3,4299,187491,0,0,0.000,130.805,8.932,0,0.000,146.193,9.961,0,0,1,0,7
PPG,4,109714,4390111552,517,86537,83942,86077.242,-2135.242,525.117,0,0,0,0,88.24,88.24,2,1,16,nan,4,0,40,1,1,18,18,0,0,0,96502753,0.04053,0.00513,0.94116,0.94205,-0.00745,-0.00028,-0.00194,0.00770,0.95680,0.01475,0.00770,3,12111,0,7196,4.35974,3.92887,0.90117,87,1,87.471,125,1,3,2604,187491,0,0,0.000,130.805,8.932,0,0.000,146.193,9.961,0,0,1,0,7
PPG,4,109715,4390151552,178,86441,83859,86055.062,-2196.062,787.602,0,0,0,0,88.24,88.24,2,1,16,nan,4,0,40,1,1,19,19,0,0,0,96544727,0.03882,0.00659,0.95142,0.95223,-0.00532,-0.00028,-0.00114,0.00545,0.95223,0.00999,0.00661,3,12111,0,7196,4.35974,3.92887,0.90117,87,1,87.471,125,1,3,4321,187491,0,0,0.000,130.805,8.932,0,0.000,146.193,9.961,0,0,1,0,7
PPG,4,109716,4390191552,131,86337,83733,86031.844,-2298.844,992.406,0,0,0,0,88.24,88.24,2,1,16,nan,4,0,40,1,1,20,20,0,0,0,96583823,0.04175,0.00342,0.94897,0.94990,-0.00558,-0.00055,-0.00167,0.00586,0.95108,0.00168,0.00636,3,12117,0,7196,4.35974,3.92887,0.90117,87,1,87.471,125,1,3,4297,187491,0,0,0.000,130.805,8.932,0,0.000,146.193,9.961,0,0,1,0,7
PPG,4,109717,4390231552,125,86153,83416,86005.688,-2589.688,1147.578,0,0,0,0,88.24,88.24,2,1,16,nan,4,0,40,1,1,21,21,0,0,0,96622791,0.04028,0.00562,0.95825,0.95911,-0.00638,-0.00028,-0.00221,0.00676,0.95911,0.01346,0.00742,3,12123,0,7196,4.35974,3.92887,0.90117,87,1,87.471,125,1,3,2606,187491,0,0,0.000,130.805,8.932,0,0.000,146.193,9.961,0,0,1,0,7
PPG,4,109718,4390271552,129,85911,83138,85977.008,-2839.008,1232.117,0,0,0,0,88.24,88.24,2,1,16,nan,4,0,40,1,1,22,22,0,0,0,96664517,0.03809,0.00269,0.94751,0.94828,-0.00532,-0.00001,-0.00300,0.00611,0.95636,0.01173,0.00660,3,12167,0,7196,4.35974,3.92887,0.90117,87,1,87.471,125,1,3,4319,187491,0,0,0.000,130.805,8.932,0,0.000,146.193,9.961,0,0,1,0,7
PPG,4,109719,4390311552,126,85899,83116,85948.398,-2832.398,1232.250,0,0,0,0,88.24,88.24,2,1,16,nan,4,0,40,1,1,23,23,0,0,0,96703494,0.03955,0.00537,0.95190,0.95274,-0.00532,-0.00081,-0.00247,0.00592,0.95274,0.00319,0.00592,3,12123,0,7196,4.35974,3.92887,0.90117,87,1,87.471,125,1,3,4308,187491,0,0,0.000,130.805,8.932,0,0.000,146.193,9.961,0,0,1,0,7
PPG,4,109720,4390351552,193,86354,83597,85924.883,-2327.883,1180.297,0,0,0,0,88.24,88.24,2,1,16,nan,4,0,40,1,1,24,24,0,0,0,96742461,0.03735,0.00562,0.94702,0.94777,-0.00638,-0.00055,-0.00221,0.00678,0.95646,0.00868,0.00678,3,12123,0,7196,4.35974,3.92887,0.90117,87,1,87.471,125,1,3,2604,187491,0,0,0.000,130.805,8.932,0,0.000,146.193,9.961,0,0,1,0,7
PPG,4,109721,4390391552,126,86435,83707,85902.703,-2195.703,1033.578,0,0,0,0,88.24,88.24,2,1,16,nan,4,0,40,1,1,25,25,0,0,0,96784176,0.03882,0.00562,0.94360,0.94442,-0.00479,0.00132,-0.00167,0.00524,0.95934,0.01492,0.00527,3,12121,0,7196,4.35974,3.92887,0.90117,87,1,87.471,125,1,3,4295,187491,0,0,0.000,130.805,8.932,0,0.000,146.193,9.961,0,0,1,0,7
PPG,4,109722,4390431552,128,86350,83655,85880.227,-2225.227,874.742,0,0,0,0,88.24,88.24,2,1,16,nan,4,0,40,1,1,26,26,0,0,0,96823140,0.04077,0.00537,0.95605,0.95694,-0.00505,0.00052,-0.00141,0.00527,0.95694,0.00813,0.00538,3,12123,0,7196,4.35974,3.92887,0.90117,87,1,87.471,125,1,3,4301,187491,0,0,0.000,130.805,8.932,0,0.000,146.193,9.961,0,0,1,0,7
PPG,4,109723,4390471552,129,86638,83960,85861.023,-1901.023,765.758,0,0,0,0,88.24,88.24,2,1,16,nan,4,0,40,1,1,27,27,0,0,0,96862140,0.03711,0.00488,0.95142,0.95215,-0.00612,-0.00028,-0.00034,0.00613,0.95715,0.00878,0.00613,3,12163,0,7196,4.35974,3.92887,0.90117,87,1,87.471,125,1,3,2595,187491,0,0,0.000,130.805,8.932,0,0.000,146.193,9.961,0,0,1,0,7
PPG,4,109724,4390511552,128,87168,84521,85847.625,-1326.625,770.922,0,0,0,0,88.24,88.24,2,1,16,nan,4,0,40,1,1,28,28,0,0,0,96903668,0.03784,0.00684,0.94922,0.95000,-0.00479,-0.00028,-0.00167,0.00508,0.95661,0.00554,0.00568,3,12114,0,7196,4.35974,3.92887,0.90117,87,1,87.471,125,1,3,4299,187491,0,0,0.000,130.805,8.932,0,0.000,146.193,9.961,0,0,1,0,7
PPG,4,109725,4390551552,127,87316,84670,85835.852,-1165.852,842.578,0,0,0,0,88.24,88.24,2,1,16,nan,4,0,40,1,1,29,29,0,0,0,96942610,0.04053,0.00562,0.95239,0.95327,-0.00558,-0.00028,-0.00087,0.00566,0.95327,0.00315,0.00678,3,12121,0,7196,4.35974,3.92887,0.90117,87,1,87.471,125,1,3,2599,187491,0,0,0.000,130.805,8.932,0,0.000,146.193,9.961,0,0,1,0,7
PPG,4,109726,4390591552,130,87458,84851,85826.000,-975.000,920.891,0,0,0,0,88.24,88.24,2,1,16,nan,4,0,40,1,1,30,30,0,0,0,96984563,0.03662,0.00415,0.94751,0.94823,-0.00585,0.00025,-0.00034,0.00587,0.95143,0.00378,0.00587,3,12295,0,7196,4.35974,3.92887,0.90117,87,1,87.471,125,1,3,4299,187491,0,0,0.000,130.805,8.932,0,0.000,146.193,9.961,0,0,1,0,7
PPG,4,109727,4390631552,149,87721,85152,85819.258,-667.258,951.531,1,0,1,1360,88.24,88.24,2,1,16,nan,4,0,40,1,1,31,31,0,0,0,97023564,0.04053,0.00806,0.95044,0.95134,-0.00612,-0.00188,-0.00247,0.00686,0.95195,0.00373,0.00686,3,12192,0,7196,4.35974,3.92887,0.90117,87,1,87.471,125,1,3,4298,187491,0,0,2594.641,130.805,8.932,1,2878.820,146.193,9.961,1,1,1,0,7
PPG,4,109728,4390671552,127,87642,85075,85811.812,-736.812,961.062,0,0,0,0,88.24,88.24,2,1,16,nan,4,0,40,1,1,0,0,0,0,0,97062574,0.03931,0.00757,0.94995,0.95079,-0.00558,-0.00028,-0.00007,0.00559,0.95500,0.00421,0.00646,3,12129,0,7196,4.35974,3.92887,0.90117,87,1,87.471,125,1,3,2633,187491,0,0,0.000,141.793,11.279,0,0.000,157.900,12.280,0,0,1,0,7
PPG,4,109729,4390711552,127,87410,84868,85802.375,-934.375,982.094,0,0,0,0,88.24,88.24,2,1,16,nan,4,0,40,1,1,1,1,0,0,0,97104440,0.04224,0.00635,0.94629,0.94725,-0.00505,-0.00001,-0.00114,0.00518,0.95225,0.00500,0.00628,3,12132,0,7196,4.35974,3.92887,0.90117,87,1,87.471,125,1,3,4294,187491,0,0,0.000,141.793,11.279,0,0.000,157.900,12.280,0,0,1,0,7
PPG,4,109730,4390751552,142,87329,84786,85792.211,-1006.211,957.188,0,0,0,0,88.24,88.24,2,1,16,nan,4,0,40,1,1,2,2,0,0,0,97143598,0.03662,0.00439,0.95117,0.95189,-0.00532,-0.00001,-0.00194,0.00566,0.95600,0.00605,0.00604,3,12121,0,7196,4.35974,3.92887,0.90117,87,1,87.471,125,1,3,4297,187491,0,0,0.000,141.793,11.279,0,0.000,157.900,12.280,0,0,1,0,7
PPG,4,109731,4390791552,136,87433,84910,85783.391,-873.391,867.758,0,0,0,0,88.24,88.24,2,1,16,nan,4,0,40,1,1,3,3,0,0,0,97183023,0.04150,0.00708,0.94971,0.95064,-0.00638,-0.00081,-0.00087,0.00649,0.95064,0.00656,0.00649,3,12251,0,7196,4.35974,3.92887,0.90117,87,1,87.471,125,1,3,2627,187491,0,0,0.000,141.793,11.279,0,0.000,157.900,12.280,0,0,1,0,7
PPG,4,109732,4390831552,128,87693,85177,85777.328,-600.328,807.938,0,0,0,0,88.24,88.24,2,1,16,nan,4,0,40,1,1,4,4,0,0,0,97224967,0.03882,0.00220,0.95068,0.95148,-0.00585,-0.00135,-0.00194,0.00631,0.95954,0.00890,0.00631,3,12265,0,7196,4.35974,3.92887,0.90117,87,1,87.471,125,1,3,4354,187491,0,0,0.000,141.793,11.279,0,0.000,157.900,12.280,0,0,1,0,7
PPG,4,109733,4390871552,128,87762,85288,85772.438,-484.438,765.523,0,0,0,0,88.24,88.24,2,1,16,nan,4,0,40,1,1,5,5,0,0,0,97264365,0.03931,0.00806,0.94897,0.94982,-0.00612,0.00025,-0.00061,0.00615,0.95364,0.00868,0.00615,3,12256,0,7196,4.35974,3.92887,0.90117,87,1,87.471,125,1,3,4314,187491,0,0,0.000,141.793,11.279,0,0.000,157.900,12.280,0,0,1,0,7
PPG,4,109734,4390911552,142,87583,85099,85765.703,-666.703,700.102,0,0,0,0,88.24,88.24,2,1,16,nan,4,0,40,1,1,6,6,0,0,0,97303784,0.03442,0.00806,0.94800,0.94866,-0.00558,-0.00001,-0.00061,0.00562,0.95237,0.00585,0.00586,3,12244,0,7196,4.35974,3.92887,0.90117,87,1,87.471,125,1,3,4343,187491,0,0,0.000,141.793,11.279,0,0.000,157.900,12.280,0,0,1,0,7
PPG,4,109735,4390951552,128,87291,84814,85756.188,-942.188,615.062,0,0,0,0,88.24,88.24,2,1,16,nan,4,0,40,1,1,7,7,0,0,0,97343109,0.04102,0.00952,0.95264,0.95357,-0.00505,-0.00028,-0.00221,0.00552,0.95403,0.00436,0.00653,3,12212,0,7196,4.35974,3.92887,0.90117,87,1,87.471,125,1,3,4340,187491,0,0,0.000,141.793,11.279,0,0.000,157.900,12.280,0,0,1,0,7
PPG,4,109736,4390991552,135,86923,84453,85743.156,-1290.156,519.781,0,0,0,0,88.24,88.24,2,1,16,nan,4,0,40,1,1,8,8,0,0,0,97394579,0.04053,0.00903,0.95435,0.95525,-0.00558,0.00025,-0.00114,0.00571,0.95525,0.00691,0.00611,3,24270,0,7197,4.35974,3.92887,0.90117,87,1,87.471,125,1,3,14596,187491,0,0,0.000,141.793,11.279,0,0.000,157.900,12.280,0,0,1,0,7
PPG,4,109737,4391031552,152,86689,84217,85727.898,-1510.898,398.438,1,0,1,400,88.24,88.24,2,1,16,nan,4,0,40,1,1,9,9,0,0,0,97419043,0.03589,0.00781,0.94873,0.94944,-0.00638,-0.00055,-0.00167,0.00662,0.95146,0.00379,0.00662,2,12237,0,7197,4.35974,3.92887,0.90117,87,1,87.471,125,1,3,2601,187491,0,0,186.820,141.793,11.279,1,216.336,157.900,12.280,1,1,1,0,8
PPG,4,109738,4391071552,135,86509,84041,85711.031,-1670.031,229.148,0,0,0,0,88.24,88.24,2,1,16,nan,4,0,40,1,1,10,10,0,0,0,97463743,0.04419,0.00586,0.94995,0.95100,-0.00665,-0.00055,-0.00194,0.00695,0.95457,0.00513,0.00720,3,12264,0,7198,4.35974,3.92887,0.90117,87,1,87.471,125,1,3,4348,187491,0,0,0.000,136.359,10.118,0,0.000,151.504,11.013,0,0,1,0,8
PPG,4,109739,4391111552,536,86381,83844,85692.359,-1848.359,2.320,0,0,0,0,88.24,88.24,2,1,16,nan,4,0,40,1,1,11,11,0,0,0,97503081,0.03687,0.00220,0.95483,0.95555,-0.00638,-0.00001,-0.00141,0.00654,0.95555,0.00269,0.00654,3,12198,0,7198,3.91270,3.54201,0.90526,86,1,87.368,125,1,3,2610,187491,0,0,0.000,136.359,10.118,0,0.000,151.504,11.013,0,0,1,0,8
PPG,4,109740,4391151552,183,85894,83209,85667.523,-2458.523,-275.281,0,0,0,0,88.24,88.24,2,1,16,nan,4,0,40,1,1,12,12,0,0,0,97545476,0.04053,0.00684,0.95215,0.95304,-0.00558,-0.00001,-0.00247,0.00611,0.95463,0.00114,0.00676,3,12241,0,7198,3.91270,3.54201,0.90526,86,1,87.368,125,1,3,4342,187491,0,0,0.000,136.359,10.118,0,0.000,151.504,11.013,0,0,1,0,8
PPG,4,109741,4391191552,129,85349,82583,85636.680,-3053.680,-578.508,0,0,0,0,88.24,88.24,2,1,16,nan,4,0,40,1,1,13,13,0,0,0,97584878,0.03857,0.00562,0.95190,0.95270,-0.00532,-0.00108,-0.00247,0.00596,0.95298,0.00274,0.00631,3,12263,0,7198,3.91270,3.54201,0.90526,86,1,87.368,125,1,3,4330,187491,0,0,0.000,136.359,10.118,0,0.000,151.504,11.013,0,0,1,0,8
PPG,4,109742,4391231552,130,84828,81998,85600.289,-3602.289,-897.938,0,0,0,0,88.24,88.24,2,1,16,nan,4,0,40,1,1,14,14,0,0,0,97624155,0.04346,0.00781,0.95459,0.95561,-0.00558,-0.00028,0.00046,0.00561,0.95561,0.00842,0.00615,3,12234,0,7198,3.91270,3.54201,0.90526,86,1,87.368,125,1,3,4336,187491,0,0,0.000,136.359,10.118,0,0.000,151.504,11.013,0,0,1,0,8
PPG,4,109743,4391271552,133,84089,81206,85556.344,-4350.344,-1224.102,0,0,0,0,88.24,88.24,2,1,16,nan,4,0,40,1,1,15,15,0,0,0,97663499,0.04102,0.00586,0.94873,0.94963,-0.00612,-0.00081,-0.00221,0.00655,0.95052,0.00673,0.00655,3,12234,0,7198,3.91270,3.54201,0.90526,86,1,87.368,125,1,3,4352,187491,0,0,0.000,136.359,10.118,0,0.000,151.504,11.013,0,0,1,0,8
PPG,4,109744,4391311552,131,83534,80647,85507.250,-4860.250,-1540.398,0,0,0,0,88.24,88.24,2,1,16,nan,4,0,40,1,1,16,16,0,0,0,97702815,0.03589,0.00879,0.94849,0.94921,-0.00585,-0.00001,-0.00247,0.00635,0.95682,0.00719,0.00635,3,12239,0,7198,3.91270,3.54201,0.90526,86,1,87.368,125,1,3,2622,187491,0,0,0.000,136.359,10.118,0,0.000,151.504,11.013,0,0,1,0,8
PPG,4,109745,4391351552,137,83437,80582,85458.000,-4876.000,-1830.141,0,0,0,0,88.24,88.24,2,1,16,nan,4,0,40,1,1,17,17,0,0,0,97744714,0.04004,0.00806,0.94849,0.94937,-0.00612,0.00025,-0.00114,0.00623,0.94937,0.00102,0.00642,3,12239,0,7198,3.91270,3.54201,0.90526,86,1,87.368,125,1,3,4329,187491,0,0,0.000,136.359,10.118,0,0.000,151.504,11.013,0,0,1,0,8
PPG,4,109746,4391391552,130,83771,80953,85412.953,-4459.953,-2048.242,0,0,0,0,88.24,88.24,2,1,16,nan,4,0,40,1,1,18,18,0,0,0,97783991,0.03882,0.00659,0.95410,0.95491,-0.00532,-0.00055,-0.00141,0.00553,0.95491,0.00232,0.00602,3,12183,0,7198,3.91270,3.54201,0.90526,86,1,87.368,125,1,3,4304,187491,0,0,0.000,136.359,10.118,0,0.000,151.504,11.013,0,0,1,0,8
PPG,4,109747,4391431552,129,84155,81312,85371.945,-4059.945,-2127.242,0,0,0,0,88.24,88.24,2,1,16,nan,4,0,40,1,1,19,19,0,0,0,97823117,0.04053,0.00562,0.94873,0.94961,-0.00532,-0.00135,-0.00167,0.00574,0.95976,0.01015,0.00644,3,12124,0,7198,3.91270,3.54201,0.90526,86,1,87.368,125,1,3,2598,187491,0,0,0.000,136.359,10.118,0,0.000,151.504,11.013,0,0,1,0,8
PPG,4,109748,4391471552,134,83828,80938,85327.609,-4389.609,-2155.391,0,0,0,0,88.24,88.24,2,1,16,nan,4,0,40,1,1,20,20,0,0,0,97864719,0.04272,0.00342,0.94775,0.94872,-0.00532,0.00025,-0.00194,0.00567,0.95775,0.00814,0.00567,3,12108,0,7198,3.91270,3.54201,0.90526,86,1,87.368,125,1,3,4295,187491,0,0,0.000,136.359,10.118,0,0.000,151.504,11.013,0,0,1,0,8
PPG,4,109749,4391511552,132,83526,80653,85280.867,-4627.867,-2136.789,0,0,0,0,88.24,88.24,2,1,16,nan,4,0,40,1,1,21,21,0,0,0,97903744,0.04370,0.00488,0.94922,0.95024,-0.00612,-0.00081,-0.00167,0.00639,0.95399,0.00513,0.00644,3,12123,0,7198,3.91270,3.54201,0.90526,86,1,87.368,125,1,3,4298,187491,0,0,0.000,136.359,10.118,0,0.000,151.504,11.013,0,0,1,0,8
PPG,4,109750,4391551552,131,83757,80926,85237.320,-4311.320,-1983.789,0,0,0,0,88.24,88.24,2,1,16,nan,4,0,40,1,1,22,22,0,0,0,97942691,0.04102,0.00317,0.95508,0.95596,-0.00505,-0.00081,-0.00221,0.00557,0.95596,0.00624,0.00647,3,12113,0,7198,3.91270,3.54201,0.90526,86,1,87.368,125,1,3,2599,187491,0,0,0.000,136.359,10.118,0,0.000,151.504,11.013,0,0,1,0,8
PPG,4,109751,4391591552,128,84350,81570,85200.648,-3630.648,-1684.930,0,0,0,0,88.24,88.24,2,1,16,nan,4,0,40,1,1,23,23,0,0,0,97984257,0.03638,0.00635,0.94824,0.94896,-0.00532,-0.00135,-0.00007,0.00549,0.95563,0.00374,0.00549,3,12125,0,7198,3.91270,3.54201,0.90526,86,1,87.368,125,1,3,4294,187491,0,0,0.000,136.359,10.118,0,0.000,151.504,11.013,0,0,1,0,8
PPG,4,109752,4391631552,134,84530,81758,85166.219,-3408.219,-1345.977,0,0,0,0,88.24,88.24,2,1,16,nan,4,0,40,1,1,24,24,0,0,0,98023220,0.04395,0.00562,0.95044,0.95147,-0.00558,-0.00188,-0.00087,0.00596,0.95161,0.00265,0.00664,3,12106,0,7198,3.91270,3.54201,0.90526,86,1,87.368,125,1,3,2600,187491,0,0,0.000,136.359,10.118,0,0.000,151.504,11.013,0,0,1,0,8
PPG,4,109753,4391671552,134,84739,81990,85134.453,-3144.453,-1032.938,0,0,0,0,88.24,88.24,2,1,16,nan,4,0,40,1,1,25,25,0,0,0,98064769,0.04248,0.00806,0.95142,0.95240,-0.00558,-0.00028,-0.00167,0.00584,0.95240,0.00374,0.00584,3,12115,0,7198,3.91270,3.54201,0.90526,86,1,87.368,125,1,3,4302,187491,0,0,0.000,136.359,10.118,0,0.000,151.504,11.013,0,0,1,0,8
PPG,4,109754,4391711552,131,84150,81352,85096.625,-3744.625,-839.867,0,0,0,0,88.24,88.24,2,1,16,nan,4,0,40,1,1,26,26,0,0,0,98103843,0.03931,0.00488,0.95459,0.95541,-0.00532,0.00025,-0.00034,0.00533,0.95541,0.00471,0.00649,3,12126,0,7198,3.91270,3.54201,0.90526,86,1,87.368,125,1,3,4300,187491,0,0,0.000,136.359,10.118,0,0.000,151.504,11.013,0,0,1,0,8
PPG,4,109755,4391751552,129,83358,80532,85050.977,-4518.977,-683.773,0,0,0,0,88.24,88.24,2,1,16,nan,4,0,40,1,1,27,27,0,0,0,98142820,0.03931,0.00415,0.95288,0.95370,-0.00479,-0.00081,-0.00061,0.00489,0.95562,0.00449,0.00617,3,12132,0,7198,3.91270,3.54201,0.90526,86,1,87.368,125,1,3,2606,187491,0,0,0.000,136.359,10.118,0,0.000,151.504,11.013,0,0,1,0,8
PPG,4,109756,4391791552,177,83012,80201,85002.477,-4801.477,-535.742,0,0,0,0,88.24,88.24,2,1,16,nan,4,0,40,1,1,28,28,0,0,0,98184420,0.03809,0.00513,0.94751,0.94829,-0.00612,-0.00028,-0.00300,0.00682,0.95174,0.00216,0.00682,3,12125,0,7198,3.91270,3.54201,0.90526,86,1,87.368,125,1,3,4317,187491,0,0,0.000,136.359,10.118,0,0.000,151.504,11.013,0,0,1,0,8
PPG,4,109757,4391831552,129,82965,80182,84954.273,-4772.273,-440.281,0,0,0,0,88.24,88.24,2,1,16,nan,4,0,40,1,1,29,29,0,0,0,98223536,0.03931,0.00757,0.95166,0.95250,-0.00585,-0.00161,-0.00141,0.00623,0.95250,0.00187,0.00680,3,12120,0,7198,3.91270,3.54201,0.90526,86,1,87.368,125,1,3,4303,187491,0,0,0.000,136.359,10.118,0,0.000,151.504,11.013,0,0,1,0,8
PPG,4,109758,4391871552,130,83241,80478,84909.508,-4431.508,-418.133,0,0,0,0,88.24,88.24,2,1,16,nan,4,0,40,1,1,30,30,0,0,0,98262496,0.03809,0.00562,0.95386,0.95463,-0.00585,-0.00028,-0.00247,0.00636,0.95841,0.00912,0.00746,3,12114,0,7198,3.91270,3.54201,0.90526,86,1,87.368,125,1,3,2595,187491,0,0,0.000,136.359,10.118,0,0.000,151.504,11.013,0,0,1,0,8
PPG,4,109759,4391911552,129,83642,80900,84869.414,-3969.414,-393.500,0,0,0,0,88.24,88.24,2,1,16,nan,4,0,40,1,1,31,31,0,0,0,98304310,0.03882,0.00415,0.95117,0.95197,-0.00585,-0.00028,-0.00194,0.00617,0.95440,0.00763,0.00651,3,12317,0,7198,3.91270,3.54201,0.90526,86,1,87.368,125,1,3,4347,187491,0,0,0.000,136.359,10.118,0,0.000,151.504,11.013,0,0,1,0,8
PPG,4,109760,4391951552,149,83765,81027,84830.992,-3803.992,-421.969,0,0,0,0,88.24,88.24,2,1,16,nan,4,0,40,1,1,0,0,0,0,0,98343585,0.03979,0.00342,0.94482,0.94567,-0.00612,-0.00055,-0.00141,0.00630,0.95009,0.00709,0.00630,3,12124,0,7198,3.91270,3.54201,0.90526,86,1,87.368,125,1,3,4385,187491,0,0,0.000,136.359,10.118,0,0.000,151.504,11.013,0,0,1,0,8
PPG,4,109761,4391991552,132,83557,80799,84790.672,-3991.672,-411.773,0,0,0,0,88.24,88.24,2,1,16,nan,4,0,40,1,1,1,1,0,0,0,98395670,0.04102,0.00415,0.95557,0.95646,-0.00638,-0.00028,-0.00167,0.00661,0.95646,0.00572,0.00661,3,25049,0,7199,3.91270,3.54201,0.90526,86,1,87.368,125,1,3,15472,187491,0,0,0.000,136.359,10.118,0,0.000,151.504,11.013,0,0,1,0,8
PPG,4,109762,4392031552,136,82950,80160,84744.367,-4584.367,-373.008,0,0,0,0,88.24,88.24,2,1,16,nan,4,0,40,1,1,2,2,0,0,0,98420248,0.04053,0.00977,0.95532,0.95623,-0.00585,-0.00081,-0.00114,0.00602,0.95623,0.00168,0.00611,2,12311,0,7199,3.91270,3.54201,0.90526,86,1,87.368,125,1,3,2633,187491,0,0,0.000,136.359,10.118,0,0.000,151.504,11.013,0,0,1,0,8
PPG,4,109763,4392071552,137,82776,79957,84696.492,-4739.492,-345.422,0,0,0,0,88.24,88.24,2,1,16,nan,4,0,40,1,1,3,3,0,0,0,98464849,0.03906,0.00220,0.94385,0.94466,-0.00585,0.00025,-0.00167,0.00609,0.95391,0.00748,0.00609,3,12264,0,7200,3.91270,3.54201,0.90526,86,1,87.368,125,1,3,4338,187491,0,0,0.000,136.359,10.118,0,0.000,151.504,11.013,0,0,1,0,8
PPG,4,109764,4392111552,526,82885,79985,84649.375,-4664.375,-340.461,0,0,0,0,88.24,88.24,2,1,16,nan,4,0,40,1,1,4,4,0,0,0,98504206,0.03931,0.00269,0.94995,0.95077,-0.00558,-0.00108,-0.00194,0.00601,0.95618,0.00586,0.00601,3,12257,0,7200,2.67182,2.45683,0.91953,88,1,87.012,125,1,3,4333,187491,0,0,0.000,136.359,10.118,0,0.000,151.504,11.013,0,0,1,0,8
PPG,4,109765,4392151552,214,82958,79967,84602.555,-4635.555,-382.711,0,0,0,0,88.24,88.24,2,1,16,nan,4,0,40,1,1,5,5,0,0,0,98544024,0.03735,0.00391,0.94653,0.94728,-0.00532,-0.00055,-0.00087,0.00542,0.95409,0.00681,0.00542,3,12260,0,7200,2.67182,2.45683,0.91953,88,1,87.012,125,1,3,4350,187491,0,0,0.000,136.339,10.120,0,0.000,149.656,11.229,0,0,1,0,8
PPG,4,109766,4392191552,129,82907,79881,84555.336,-4674.336,-474.688,0,0,0,0,88.24,88.24,2,1,16,nan,4,0,40,1,1,6,6,0,0,0,98583421,0.03760,0.01025,0.94775,0.94855,-0.00612,-0.00108,-0.00114,0.00632,0.95253,0.00398,0.00632,3,12251,0,7200,2.67182,2.45683,0.91953,88,1,87.012,125,1,3,4335,187491,0,0,0.000,136.339,10.120,0,0.000,149.656,11.229,0,0,1,0,8
PPG,4,109767,4392231552,156,82358,79302,84502.805,-5200.805,-620.609,1,0,1,1200,88.24,88.24,2,1,16,nan,4,0,40,1,1,7,7,0,0,0,98622855,0.04077,0.00488,0.95581,0.95669,-0.00692,-0.00108,-0.00247,0.00742,0.95669,0.00670,0.00777,3,12257,0,7200,2.67182,2.45683,0.91953,88,1,87.012,125,1,3,2645,187491,0,0,1524.500,136.339,10.120,1,1761.891,149.656,11.229,1,1,1,0,8
PPG,4,109768,4392271552,127,81921,78865,84446.430,-5581.430,-793.250,0,0,0,0,88.24,88.24,2,1,16,nan,4,0,40,1,1,8,8,0,0,0,98664870,0.03784,0.00586,0.95508,0.95585,-0.00532,-0.00001,-0.00061,0.00535,0.95585,0.00659,0.00640,3,12229,0,7200,2.67182,2.45683,0.91953,88,1,87.012,125,1,3,4345,187491,0,0,0.000,139.944,10.890,0,0.000,153.718,12.050,0,0,1,0,8
PPG,4,109769,4392311552,128,81715,78663,84388.594,-5725.594,-907.609,0,0,0,0,88.24,88.24,2,1,16,nan,4,0,40,1,1,9,9,0,0,0,98704249,0.03906,0.00659,0.95825,0.95907,-0.00638,-0.00055,-0.00194,0.00669,0.95907,0.00820,0.00746,3,12286,0,7200,2.67182,2.45683,0.91953,88,1,87.012,125,1,3,4348,187491,0,0,0.000,139.944,10.890,0,0.000,153.718,12.050,0,0,1,0,8
PPG,4,109770,4392351552,129,81380,78323,84327.938,-6004.938,-1010.891,0,0,0,0,88.24,88.24,2,1,16,nan,4,0,40,1,1,10,10,0,0,0,98743484,0.03662,0.00537,0.95142,0.95214,-0.00638,-0.00001,-0.00141,0.00654,0.95696,0.00328,0.00702,3,12221,0,7200,2.67182,2.45683,0.91953,88,1,87.012,125,1,3,4341,187491,0,0,0.000,139.944,10.890,0,0.000,153.718,12.050,0,0,1,0,8
PPG,4,109771,4392391552,131,81470,78428,84268.938,-5840.938,-1076.211,0,0,0,0,88.24,88.24,2,1,16,nan,4,0,40,1,1,11,11,0,0,0,98782862,0.03735,0.00708,0.94824,0.94900,-0.00692,0.00025,-0.00034,0.00693,0.95622,0.00481,0.00732,3,12244,0,7200,2.67182,2.45683,0.91953,88,1,87.012,125,1,3,2638,187491,0,0,0.000,139.944,10.890,0,0.000,153.718,12.050,0,0,1,0,8
PPG,4,109772,4392431552,129,81370,78323,84209.477,-5886.477,-1139.320,0,0,0,0,88.24,88.24,2,1,16,nan,4,0,40,1,1,12,12,0,0,0,98824923,0.04053,0.00684,0.95508,0.95596,-0.00558,-0.00108,-0.00114,0.00580,0.95596,0.00503,0.00586,3,12249,0,7200,2.67182,2.45683,0.91953,88,1,87.012,125,1,3,4333,187491,0,0,0.000,139.944,10.890,0,0.000,153.718,12.050,0,0,1,0,8
PPG,4,109773,4392471552,128,81234,78218,84149.562,-5931.562,-1188.289,0,0,0,0,88.24,88.24,2,1,16,nan,4,0,40,1,1,13,13,0,0,0,98864166,0.03931,0.00195,0.95435,0.95516,-0.00558,-0.00001,-0.00247,0.00611,0.95640,0.00686,0.00700,3,12203,0,7200,2.67182,2.45683,0.91953,88,1,87.012,125,1,3,4340,187491,0,0,0.000,139.944,10.890,0,0.000,153.718,12.050,0,0,1,0,8
PPG,4,109774,4392511552,137,80740,77804,84086.109,-6282.109,-1224.891,0,0,0,0,88.24,88.24,2,1,16,nan,4,0,40,1,1,14,14,0,0,0,98903561,0.03906,0.00854,0.95337,0.95421,-0.00532,0.00052,-0.00221,0.00578,0.95667,0.00270,0.00578,3,12261,0,7200,2.67182,2.45683,0.91953,88,1,87.012,125,1,3,4343,187491,0,0,0.000,139.944,10.890,0,0.000,153.718,12.050,0,0,1,0,8
PPG,4,109775,4392551552,132,79825,76951,84014.758,-7063.758,-1319.273,0,0,0,0,88.24,88.24,2,1,16,nan,4,0,40,1,1,15,15,0,0,0,98942882,0.03809,0.00122,0.94995,0.95072,-0.00612,0.00052,-0.00061,0.00617,0.95697,0.00343,0.00617,3,12233,0,7200,2.67182,2.45683,0.91953,88,1,87.012,125,1,3,2643,187491,0,0,0.000,139.944,10.890,0,0.000,153.718,12.050,0,0,1,0,8
PPG,4,109776,4392591552,208,79720,76887,83943.477,-7056.477,-1407.289,0,0,0,0,88.24,88.24,2,1,16,nan,4,0,40,1,1,16,16,0,0,0,98984763,0.04175,0.00586,0.94995,0.95089,-0.00612,-0.00055,-0.00300,0.00684,0.95871,0.00800,0.00684,3,12216,0,7200,2.67182,2.45683,0.91953,88,1,87.012,125,1,3,4329,187491,0,0,0.000,139.944,10.890,0,0.000,153.718,12.050,0,0,1,0,8
PPG,4,109777,4392631552,189,79136,76280,83866.844,-7586.844,-1504.039,0,0,0,0,88.24,88.24,2,1,16,nan,4,0,40,1,1,17,17,0,0,0,99024125,0.03931,0.00928,0.95020,0.95105,-0.00558,-0.00081,-0.00034,0.00565,0.95747,0.00778,0.00572,3,12154,0,7200,2.67182,2.45683,0.91953,88,1,87.012,125,1,3,4301,187491,0,0,0.000,139.944,10.890,0,0.000,153.718,12.050,0,0,1,0,8
PPG,4,109778,4392671552,131,78977,76141,83789.586,-7648.586,-1613.906,0,0,0,0,88.24,88.24,2,1,16,nan,4,0,40,1,1,18,18,0,0,0,99063364,0.03809,0.00635,0.95557,0.95635,-0.00532,-0.00028,-0.00114,0.00545,0.95635,0.00276,0.00602,3,12118,0,7200,2.67182,2.45683,0.91953,88,1,87.012,125,1,3,2641,187491,0,0,0.000,139.944,10.890,0,0.000,153.718,12.050,0,0,1,0,8
PPG,4,109779,4392711552,129,79098,76253,83714.219,-7461.219,-1677.273,0,0,0,0,88.24,88.24,2,1,16,nan,4,0,40,1,1,19,19,0,0,0,99104991,0.03955,0.00903,0.95435,0.95521,-0.00612,-0.00001,-0.00114,0.00622,0.95521,0.00659,0.00623,3,12135,0,7200,2.67182,2.45683,0.91953,88,1,87.012,125,1,3,4330,187491,0,0,0.000,139.944,10.890,0,0.000,153.718,12.050,0,0,1,0,8
PPG,4,109780,4392751552,130,79685,76894,83646.016,-6752.016,-1659.758,0,0,0,0,88.24,88.24,2,1,16,nan,4,0,40,1,1,20,20,0,0,0,99144021,0.03516,0.00586,0.94922,0.94989,-0.00558,-0.00081,-0.00194,0.00597,0.95609,0.00995,0.00628,3,12127,0,7200,2.67182,2.45683,0.91953,88,1,87.012,125,1,3,4319,187491,0,0,0.000,139.944,10.890,0,0.000,153.718,12.050,0,0,1,0,8
PPG,4,109781,4392791552,129,80072,77271,83582.266,-6311.266,-1559.508,0,0,0,0,88.24,88.24,2,1,16,nan,4,0,40,1,1,21,21,0,0,0,99183006,0.03857,0.00879,0.95581,0.95663,-0.00558,-0.00055,-0.00167,0.00586,0.95822,0.00753,0.00597,3,12127,0,7200,2.67182,2.45683,0.91953,88,1,87.012,125,1,3,2602,187491,0,0,0.000,139.944,10.890,0,0.000,153.718,12.050,0,0,1,0,8
PPG,4,109782,4392831552,130,79890,77051,83516.953,-6465.953,-1389.773,0,0,0,0,88.24,88.24,2,1,16,nan,4,0,40,1,1,22,22,0,0,0,99224646,0.03809,0.00415,0.95435,0.95511,-0.00558,-0.00028,-0.00194,0.00592,0.95645,0.00350,0.00658,3,12163,0,7200,2.67182,2.45683,0.91953,88,1,87.012,125,1,3,4303,187491,0,0,0.000,139.944,10.890,0,0.000,153.718,12.050,0,0,1,0,8
PPG,4,109783,4392871552,129,79728,76870,83450.484,-6580.484,-1237.852,0,0,0,0,88.24,88.24,2,1,16,nan,4,0,40,1,1,23,23,0,0,0,99263621,0.03833,0.00610,0.94727,0.94806,-0.00558,-0.00108,-0.00087,0.00575,0.95707,0.00901,0.00589,3,12120,0,7200,2.67182,2.45683,0.91953,88,1,87.012,125,1,3,4310,187491,0,0,0.000,139.944,10.890,0,0.000,153.718,12.050,0,0,1,0,8
PPG,4,109784,4392911552,176,79471,76623,83382.211,-6759.211,-1020.750,0,0,0,0,88.24,88.24,2,1,16,nan,4,0,40,1,1,24,24,0,0,0,99302582,0.04028,0.00732,0.94922,0.95010,-0.00612,-0.00081,-0.00141,0.00633,0.95281,0.00474,0.00706,3,12119,0,7200,2.67182,2.45683,0.91953,88,1,87.012,125,1,3,2599,187491,0,0,0.000,139.944,10.890,0,0.000,153.718,12.050,0,0,1,0,8
PPG,4,109785,4392951552,129,79494,76619,83314.578,-6695.578,-785.062,0,0,0,0,88.24,88.24,2,1,16,nan,4,0,40,1,1,25,25,0,0,0,99344278,0.03882,0.00977,0.94751,0.94835,-0.00612,-0.00081,-0.00194,0.00647,0.95756,0.00952,0.00680,3,12121,0,7200,2.67182,2.45683,0.91953,88,1,87.012,125,1,3,4303,187491,0,0,0.000,139.944,10.890,0,0.000,153.718,12.050,0,0,1,0,8
PPG,4,109786,4392991552,137,79257,76377,83245.203,-6868.203,-592.148,0,0,0,0,88.24,88.24,2,1,16,nan,4,0,40,1,1,26,26,0,0,0,99395220,0.04126,0.00513,0.95483,0.95574,-0.00558,-0.00081,-0.00087,0.00571,0.95574,0.00978,0.00596,3,24041,0,7201,2.67182,2.45683,0.91953,88,1,87.012,125,1,3,14474,187491,0,0,0.000,139.944,10.890,0,0.000,153.718,12.050,0,0,1,0,8
PPG,4,109787,4393031552,135,78986,76111,83173.859,-7062.859,-544.461,0,0,0,0,88.24,88.24,2,1,16,nan,4,0,40,1,1,27,27,0,0,0,99419597,0.03857,0.00293,0.95239,0.95318,-0.00718,-0.00135,-0.00114,0.00740,0.95476,0.00159,0.00740,2,12213,0,7201,2.67182,2.45683,0.91953,88,1,87.012,125,1,3,2592,187491,0,0,0.000,139.944,10.890,0,0.000,153.718,12.050,0,0,1,0,8
PPG,4,109788,4393071552,152,78500,75619,83098.312,-7479.312,-618.156,0,0,0,0,88.24,88.24,2,1,16,nan,4,0,40,1,1,28,28,0,0,0,99463763,0.04272,0.00342,0.94873,0.94970,-0.00612,-0.00108,-0.00167,0.00643,0.95652,0.00682,0.00662,3,12119,0,7201,2.67182,2.45683,0.91953,88,1,87.012,125,1,3,4312,187491,0,0,0.000,139.944,10.890,0,0.000,153.718,12.050,0,0,1,0,8
PPG,4,109789,4393111552,521,78310,75445,83021.781,-7576.781,-686.688,0,0,0,0,88.24,88.24,2,1,16,nan,4,0,40,1,1,29,29,0,0,0,99502828,0.03857,0.00439,0.94971,0.95050,-0.00558,0.00025,0.00019,0.00559,0.95135,0.00419,0.00668,3,12116,0,7201,3.27663,3.04640,0.92974,86,1,86.757,107,1,3,2604,187491,0,0,0.000,139.944,10.890,0,0.000,153.718,12.050,0,0,1,0,8
PPG,4,109790,4393151552,179,78194,75145,82943.016,-7798.016,-774.211,0,0,0,0,88.24,88.24,2,1,16,nan,4,0,40,1,1,30,30,0,0,0,99544931,0.04028,0.00488,0.94678,0.94765,-0.00532,0.00025,-0.00221,0.00576,0.94839,0.00211,0.00623,3,12134,0,7201,3.27663,3.04640,0.92974,86,1,86.757,107,1,3,4308,187491,0,0,0.000,139.944,10.890,0,0.000,153.718,12.050,0,0,1,0,8
PPG,4,109791,4393191552,128,77413,74205,82855.633,-8650.633,-908.492,0,0,0,0,88.24,88.24,2,1,16,nan,4,0,40,1,1,31,31,0,0,0,99583954,0.03589,0.00879,0.94775,0.94847,-0.00585,0.00025,-0.00034,0.00587,0.95639,0.00791,0.00642,3,12127,0,7201,3.27663,3.04640,0.92974,86,1,86.757,107,1,3,4314,187491,0,0,0.000,139.944,10.890,0,0.000,153.718,12.050,0,0,1,0,8
PPG,4,109792,4393231552,129,76806,73555,82762.625,-9207.625,-1107.812,0,0,0,0,88.24,88.24,2,1,16,nan,4,0,40,1,1,0,0,0,0,0,99622993,0.04077,0.00635,0.95557,0.95646,-0.00558,-0.00081,-0.00141,0.00582,0.95646,0.01038,0.00583,3,12173,0,7201,3.27663,3.04640,0.92974,86,1,86.757,107,1,3,2610,187491,0,0,0.000,139.944,10.890,0,0.000,153.718,12.050,0,0,1,0,8
PPG,4,109793,4393271552,129,76249,72957,82664.570,-9707.570,-1333.328,0,0,0,0,88.24,88.24,2,1,16,nan,4,0,40,1,1,1,1,0,0,0,99664646,0.03638,0.00073,0.95142,0.95211,-0.00558,0.00052,-0.00087,0.00568,0.95621,0.00342,0.00625,3,12113,0,7201,3.27663,3.04640,0.92974,86,1,86.757,107,1,3,4304,187491,0,0,0.000,139.944,10.890,0,0.000,153.718,12.050,0,0,1,0,8
PPG,4,109794,4393311552,129,75593,72255,82560.477,-10305.477,-1606.742,0,0,0,0,88.24,88.24,2,1,16,nan,4,0,40,1,1,2,2,0,0,0,99703603,0.03906,0.00586,0.95190,0.95272,-0.00692,-0.00028,-0.00034,0.00693,0.95318,0.00410,0.00693,3,12117,0,7201,3.27663,3.04640,0.92974,86,1,86.757,107,1,3,2595,187491,0,0,0.000,139.944,10.890,0,0.000,153.718,12.050,0,0,1,0,8
PPG,4,109795,4393351552,231,75242,71918,82454.055,-10536.055,-1883.797,1,0,1,1120,69.77,69.77,2,1,16,nan,4,0,40,1,1,3,3,0,0,0,99745482,0.03906,0.00464,0.94751,0.94833,-0.00558,-0.00081,-0.00141,0.00582,0.95415,0.00583,0.00668,3,12270,0,7201,3.27663,3.04640,0.92974,86,1,86.757,107,1,3,4363,187491,0,0,1134.219,139.944,10.890,1,1132.812,153.718,12.050,1,1,1,0,8
PPG,4,109796,4393391552,129,75386,72106,82350.570,-10244.570,-2121.750,0,0,0,0,69.77,69.77,2,1,16,nan,4,0,40,1,1,4,4,0,0,0,99787843,0.03564,0.00513,0.95068,0.95137,-0.00558,-0.00001,-0.00007,0.00558,0.95378,0.00545,0.00663,3,12202,0,7201,3.27663,3.04640,0.92974,86,1,86.757,107,1,3,2648,187491,0,0,0.000,140.660,11.043,0,0.000,153.342,11.974,0,0,1,0,8
PPG,4,109797,4393431552,127,74158,70800,82235.062,-11435.062,-2468.461,0,0,0,0,69.77,69.77,2,1,16,nan,4,0,40,1,1,5,5,0,0,0,99824190,0.03931,0.00391,0.95654,0.95736,-0.00585,-0.00028,-0.00114,0.00597,0.95736,0.01002,0.00682,3,12114,0,7201,3.27663,3.04640,0.92974,86,1,86.757,107,1,3,4294,187491,0,0,0.000,140.660,11.043,0,0.000,153.342,11.974,0,0,1,0,8
PPG,4,109798,4393471552,131,70694,67286,82085.570,-14799.570,-3014.141,0,0,0,0,69.77,69.77,2,1,16,nan,4,0,40,1,1,6,6,0,0,0,99863318,0.03833,0.00220,0.95605,0.95683,-0.00425,-0.00108,-0.00114,0.00453,0.95683,0.00652,0.00555,3,12144,0,7201,3.27663,3.04640,0.92974,86,1,86.757,107,1,3,2608,187491,0,0,0.000,140.660,11.043,0,0.000,153.342,11.974,0,0,1,0,8
PPG,4,109799,4393511552,129,68343,65251,81917.227,-16666.227,-3650.328,0,0,0,0,69.77,69.77,2,1,16,nan,4,0,40,1,1,7,7,0,0,0,99905126,0.04004,0.00439,0.94849,0.94934,-0.00558,-0.00135,-0.00194,0.00606,0.95489,0.00623,0.00655,3,12296,0,7201,3.27663,3.04640,0.92974,86,1,86.757,107,1,3,4300,187491,0,0,0.000,140.660,11.043,0,0.000,153.342,11.974,0,0,1,0,8
PPG,4,109800,4393551552,130,67888,65062,81748.672,-16686.672,-4186.586,0,0,0,0,69.77,69.77,2,1,16,nan,4,0,40,1,1,8,8,0,0,0,99944414,0.03735,0.00781,0.94824,0.94901,-0.00558,0.00079,-0.00034,0.00565,0.94912,0.00258,0.00662,3,12421,0,7201,3.27663,3.04640,0.92974,86,1,86.757,107,1,3,4316,187491,0,0,0.000,140.660,11.043,0,0.000,153.342,11.974,0,0,1,0,8
PPG,4,109801,4393591552,130,66564,63762,81568.805,-17806.805,-4724.422,0,0,0,0,69.77,69.77,2,1,16,nan,4,0,40,1,1,9,9,0,0,0,99983665,0.04053,0.00513,0.95093,0.95180,-0.00558,-0.00001,-0.00167,0.00583,0.95397,0.00456,0.00583,3,12238,0,7201,3.27663,3.04640,0.92974,86,1,86.757,107,1,3,2645,187491,0,0,0.000,140.660,11.043,0,0.000,153.342,11.974,0,0,1,0,8
PPG,4,109802,4393631552,154,64303,61433,81367.445,-19934.445,-5441.383,0,0,0,0,69.77,69.77,2,1,16,nan,4,0,40,1,1,10,10,0,0,0,100025649,0.03955,0.00342,0.95264,0.95346,-0.00505,-0.00055,-0.00087,0.00516,0.95346,0.00129,0.00570,3,12223,0,7201,3.27663,3.04640,0.92974,86,1,86.757,107,1,3,4328,187491,0,0,0.000,140.660,11.043,0,0.000,153.342,11.974,0,0,1,0,8
PPG,4,109803,4393671552,146,63560,60814,81161.914,-20347.914,-6251.719,0,0,0,0,69.77,69.77,2,1,16,nan,4,0,40,1,1,11,11,0,0,0,100065022,0.03687,0.00391,0.94922,0.94994,-0.00452,-0.00001,-0.00167,0.00482,0.95753,0.00759,0.00553,3,12242,0,7201,3.27663,3.04640,0.92974,86,1,86.757,107,1,3,4351,187491,0,0,0.000,140.660,11.043,0,0.000,153.342,11.974,0,0,1,0,8
PPG,4,109804,4393711552,130,63527,60855,80958.844,-20103.844,-6884.035,0,0,0,0,69.77,69.77,2,1,16,nan,4,0,40,1,1,12,12,0,0,0,100104412,0.04126,0.00098,0.95654,0.95743,-0.00558,-0.00135,-0.00194,0.00606,0.95743,0.00275,0.00606,3,12266,0,7201,3.27663,3.04640,0.92974,86,1,86.757,107,1,3,4332,187491,0,0,0.000,140.660,11.043,0,0.000,153.342,11.974,0,0,1,0,8
PPG,4,109805,4393751552,137,63822,61234,80761.594,-19527.594,-6979.355,0,0,0,0,69.77,69.77,2,1,16,nan,4,0,40,1,1,13,13,0,0,0,100143758,0.03931,0.00293,0.95117,0.95199,-0.00665,-0.00055,-0.00167,0.00688,0.95336,0.00897,0.00730,3,12307,0,7201,3.27663,3.04640,0.92974,86,1,86.757,107,1,3,4341,187491,0,0,0.000,140.660,11.043,0,0.000,153.342,11.974,0,0,1,0,8
PPG,4,109806,4393791552,138,63012,60448,80558.461,-20110.461,-6869.047,0,0,0,0,69.77,69.77,2,1,16,nan,4,0,40,1,1,14,14,0,0,0,100183075,0.03784,0.00391,0.94873,0.94949,-0.00585,-0.00108,-0.00247,0.00644,0.95821,0.00622,0.00644,3,12259,0,7201,3.27663,3.04640,0.92974,86,1,86.757,107,1,3,2609,187491,0,0,0.000,140.660,11.043,0,0.000,153.342,11.974,0,0,1,0,8
PPG,4,109807,4393831552,134,62399,59942,80352.297,-20410.297,-6792.031,0,0,0,0,69.77,69.77,2,1,16,nan,4,0,40,1,1,15,15,0,0,0,100224900,0.04053,0.00586,0.95190,0.95278,-0.00399,-0.00081,-0.00034,0.00408,0.96138,0.01189,0.00550,3,12231,0,7201,3.27663,3.04640,0.92974,86,1,86.757,107,1,3,4333,187491,0,0,0.000,140.660,11.043,0,0.000,153.342,11.974,0,0,1,0,8
PPG,4,109808,4393871552,142,62530,60130,80150.070,-20020.070,-6536.434,0,0,0,0,69.77,69.77,2,1,16,nan,4,0,40,1,1,16,16,0,0,0,100301013,0.03955,0.00659,0.95142,0.95226,-0.00638,-0.00161,-0.00167,0.00679,0.95226,0.00737,0.00679,2,61302,0,7206,3.27663,3.04640,0.92974,86,1,86.757,107,1,3,61375,187491,0,0,0.000,140.660,11.043,0,0.000,153.342,11.974,0,0,1,0,8
PPG,4,109809,4393911552,189,62401,60076,79949.328,-19873.328,-5961.848,0,0,0,0,69.77,69.77,2,1,16,nan,4,0,40,1,1,17,17,0,0,0,100313250,0.03760,0.00610,0.95410,0.95486,-0.00692,-0.00215,-0.00167,0.00743,0.95486,0.00260,0.00743,1,12237,0,7206,3.27663,3.04640,0.92974,86,1,86.757,107,1,3,12158,187491,0,0,0.000,140.660,11.043,0,0.000,153.342,11.974,0,0,1,0,8
PPG,4,109810,4393951552,130,62611,60414,79753.977,-19339.977,-5282.434,0,0,0,0,69.77,69.77,2,1,16,nan,4,0,40,1,1,18,18,0,0,0,100350126,0.03931,0.00220,0.94702,0.94784,-0.00558,-0.00081,-0.00087,0.00571,0.95653,0.00869,0.00654,3,12260,0,7206,3.27663,3.04640,0.92974,86,1,86.757,107,1,3,2615,187491,0,0,0.000,140.660,11.043,0,0.000,153.342,11.974,0,0,1,0,8
PPG,4,109811,4393991552,141,62922,60849,79564.930,-18715.930,-4615.496,0,0,0,0,69.77,69.77,2,1,16,nan,4,0,40,1,1,19,19,0,0,0,100396121,0.03613,0.00244,0.94702,0.94771,-0.00505,-0.00081,-0.00194,0.00547,0.95469,0.00685,0.00719,3,21619,0,7207,3.27663,3.04640,0.92974,86,1,86.757,107,1,3,14576,187491,0,0,0.000,140.660,11.043,0,0.000,153.342,11.974,0,0,1,0,8
PPG,4,109812,4394031552,132,63327,61379,79383.070,-18004.070,-3985.980,0,0,0,0,69.77,69.77,2,1,16,nan,4,0,40,1,1,20,20,0,0,0,100420629,0.03882,0.01147,0.95288,0.95374,-0.00585,-0.00161,-0.00167,0.00630,0.95374,0.00357,0.00630,2,12288,0,7207,3.27663,3.04640,0.92974,86,1,86.757,107,1,3,2612,187491,0,0,0.000,140.660,11.043,0,0.000,153.342,11.974,0,0,1,0,8
PPG,4,109813,4394071552,129,63432,61547,79204.711,-17657.711,-3258.480,0,0,0,0,69.77,69.77,2,1,16,nan,4,0,40,1,1,21,21,0,0,0,100465176,0.03857,0.00732,0.95410,0.95491,-0.00612,0.00025,-0.00141,0.00628,0.95491,0.00076,0.00631,3,12221,0,7208,3.27663,3.04640,0.92974,86,1,86.757,107,1,3,4326,187491,0,0,0.000,140.660,11.043,0,0.000,153.342,11.974,0,0,1,0,8
PPG,4,109814,4394111552,521,63173,61320,79025.867,-17705.867,-2514.871,0,0,0,0,69.77,69.77,2,1,16,nan,4,0,40,1,1,22,22,0,0,0,100504474,0.03882,0.00610,0.95166,0.95247,-0.00505,-0.00001,-0.00221,0.00551,0.95247,0.00559,0.00623,3,12239,0,7208,9.99691,9.71043,0.97134,82,1,85.716,48,1,3,4335,187491,0,0,0.000,140.660,11.043,0,0.000,153.342,11.974,0,0,1,0,8
PPG,4,109815,4394151552,232,62548,60713,78842.742,-18129.742,-1871.336,0,0,0,0,69.77,69.77,2,1,16,nan,4,0,40,1,1,23,23,0,0,0,100544127,0.03882,0.00464,0.95166,0.95246,-0.00558,-0.00028,-0.00061,0.00562,0.95839,0.00938,0.00578,3,12195,0,7208,9.99691,9.71043,0.97134,82,1,85.716,48,1,3,4370,187491,0,0,0.000,140.660,11.043,0,0.000,153.342,11.974,0,0,1,0,8
PPG,4,109816,4394191552,130,61455,59540,78649.711,-19109.711,-1319.605,0,0,0,0,69.77,69.77,2,1,16,nan,4,0,40,1,1,24,24,0,0,0,100583627,0.03589,0.00781,0.95239,0.95310,-0.00558,0.00025,-0.00194,0.00592,0.95353,0.00056,0.00592,3,12194,0,7208,9.99691,9.71043,0.97134,82,1,85.716,48,1,3,2631,187491,0,0,0.000,140.660,11.043,0,0.000,153.342,11.974,0,0,1,0,8
PPG,4,109817,4394231552,129,60674,58678,78449.992,-19771.992,-961.504,0,0,0,0,69.77,69.77,2,1,16,nan,4,0,40,1,1,25,25,0,0,0,100625295,0.03613,0.00610,0.95117,0.95188,-0.00558,-0.00001,-0.00221,0.00600,0.95864,0.00800,0.00600,3,12147,0,7208,9.99691,9.71043,0.97134,82,1,85.716,48,1,3,4302,187491,0,0,0.000,140.660,11.043,0,0.000,153.342,11.974,0,0,1,0,8
PPG,4,109818,4394271552,131,59917,57856,78244.055,-20388.055,-917.578,0,0,0,0,69.77,69.77,2,1,16,nan,4,0,40,1,1,26,26,0,0,0,100664319,0.03442,0.00659,0.95557,0.95621,-0.00532,-0.00135,-0.00194,0.00582,0.95621,0.00234,0.00644,3,12118,0,7208,9.99691,9.71043,0.97134,82,1,85.716,48,1,3,4294,187491,0,0,0.000,140.660,11.043,0,0.000,153.342,11.974,0,0,1,0,8
PPG,4,109819,4394311552,162,58736,56573,78027.344,-21454.344,-1170.250,0,0,0,0,69.77,nan,3,2,272,nan,4,0,40,1,1,27,27,0,0,0,100703332,0.04126,0.00659,0.95581,0.95672,-0.00532,-0.00055,-0.00221,0.00578,0.95672,0.00378,0.00614,3,12120,0,7208,9.99691,9.71043,0.97134,82,1,85.716,48,1,4,2603,187491,0,0,0.000,140.660,11.043,0,0.000,153.342,11.974,0,0,3,4000,8
PPG,4,109820,4394351552,164,54632,52319,77770.258,-25451.258,0.000,0,0,0,0,0.00,nan,3,2,272,nan,4,0,40,1,1,28,28,0,0,0,100744918,0.03760,0.00732,0.95215,0.95292,-0.00505,0.00025,-0.00167,0.00533,0.95513,0.00574,0.00602,3,12127,0,7208,9.99691,9.71043,0.97134,82,1,85.716,48,1,4,4326,187491,0,0,0.000,0.750,3.000,0,0.000,0.750,3.000,0,0,3,3960,0
PPG,4,109821,4394391552,99,52497,50186,77494.414,-27308.414,0.000,0,0,0,0,0.00,nan,3,2,272,nan,4,0,40,1,1,29,29,0,0,0,100783989,0.04028,0.00464,0.95313,0.95399,-0.00665,-0.00081,-0.00247,0.00714,0.95399,0.00693,0.00714,3,12132,0,7208,9.99691,9.71043,0.97134,82,1,85.716,48,1,4,2598,187491,0,0,0.000,0.750,3.000,0,0.000,0.750,3.000,0,0,3,3920,0
PPG,4,109822,4394431552,98,52841,50608,77225.547,-26617.547,0.000,0,0,0,0,0.00,nan,3,2,272,nan,4,0,40,1,1,30,30,0,0,0,100825445,0.04053,0.00586,0.95068,0.95157,-0.00479,-0.00161,-0.00167,0.00532,0.95501,0.00456,0.00767,3,12137,0,7208,9.99691,9.71043,0.97134,82,1,85.716,48,1,4,4306,187491,0,0,0.000,0.750,3.000,0,0.000,0.750,3.000,0,0,3,3880,0
PPG,4,109823,4394471552,99,52753,50541,76958.703,-26417.703,0.000,0,0,0,0,0.00,nan,3,2,272,nan,4,0,40,1,1,31,31,0,0,0,100864322,0.04248,0.00391,0.95947,0.96042,-0.00558,-0.00055,-0.00167,0.00586,0.96042,0.01151,0.00586,3,12137,0,7208,9.99691,9.71043,0.97134,82,1,85.716,48,1,4,4295,187491,0,0,0.000,0.750,3.000,0,0.000,0.750,3.000,0,0,3,3840,0
PPG,4,109824,4394511552,101,51894,49685,76685.969,-27000.969,0.000,0,0,0,0,0.00,nan,3,2,272,nan,4,0,40,1,1,0,0,0,0,0,100903180,0.03662,0.00366,0.94458,0.94530,-0.00505,0.00025,-0.00194,0.00542,0.95133,0.00909,0.00660,3,12116,0,7208,9.99691,9.71043,0.97134,82,1,85.716,48,1,4,2606,187491,0,0,0.000,0.750,3.000,0,0.000,0.750,3.000,0,0,3,3800,0
PPG,4,109825,4394551552,98,51162,49010,76409.211,-27399.211,0.000,0,0,0,0,0.00,nan,3,2,272,nan,4,0,40,1,1,1,1,0,0,0,100944607,0.03809,0.00879,0.94678,0.94758,-0.00692,-0.00001,-0.00114,0.00701,0.94766,0.00152,0.00701,3,12121,0,7208,9.99691,9.71043,0.97134,82,1,85.716,48,1,4,4302,187491,0,0,0.000,0.750,3.000,0,0.000,0.750,3.000,0,0,3,3760,0
PPG,4,109826,4394591552,100,49460,47355,76118.672,-28763.672,0.000,0,0,0,0,0.00,nan,3,2,272,nan,4,0,40,1,1,2,2,0,0,0,100983468,0.03931,0.00391,0.94775,0.94858,-0.00585,0.00052,-0.00194,0.00619,0.95307,0.00549,0.00619,3,12123,0,7208,9.99691,9.71043,0.97134,82,1,85.716,48,1,4,2599,187491,0,0,0.000,0.750,3.000,0,0.000,0.750,3.000,0,0,3,3720,0
PPG,4,109827,4394631552,99,48280,46013,75817.617,-29804.617,0.000,0,0,0,0,0.00,nan,3,2,272,nan,4,0,40,1,1,3,3,0,0,0,101024899,0.03760,0.00439,0.94629,0.94705,-0.00558,-0.00055,-0.00114,0.00573,0.95355,0.00651,0.00659,3,12126,0,7208,9.99691,9.71043,0.97134,82,1,85.716,48,1,4,4306,187491,0,0,0.000,0.750,3.000,0,0.000,0.750,3.000,0,0,3,3680,0
PPG,4,109828,4394671552,98,47925,45639,75515.828,-29876.828,0.000,0,0,0,0,0.00,nan,3,2,272,nan,4,0,40,1,1,4,4,0,0,0,101063771,0.03979,0.00854,0.95508,0.95595,-0.00505,-0.00055,-0.00167,0.00535,0.95753,0.00749,0.00606,3,12162,0,7208,9.99691,9.71043,0.97134,82,1,85.716,48,1,4,2609,187491,0,0,0.000,0.750,3.000,0,0.000,0.750,3.000,0,0,3,3640,0
PPG,4,109829,4394711552,99,46064,43694,75197.609,-31503.609,0.000,0,0,0,0,0.00,nan,3,2,272,nan,4,0,40,1,1,5,5,0,0,0,101105212,0.03833,0.00195,0.95288,0.95365,-0.00585,-0.00001,-0.00087,0.00592,0.95677,0.00501,0.00592,3,12122,0,7208,9.99691,9.71043,0.97134,82,1,85.716,48,1,4,4303,187491,0,0,0.000,0.750,3.000,0,0.000,0.750,3.000,0,0,3,3600,0
PPG,4,109830,4394751552,98,43774,41358,74859.211,-33501.211,0.000,0,0,0,0,0.00,nan,3,2,272,nan,4,0,40,1,1,6,6,0,0,0,101144045,0.04321,0.00684,0.95386,0.95486,-0.00585,-0.00055,-0.00167,0.00611,0.95486,0.00509,0.00611,3,12116,0,7208,9.99691,9.71043,0.97134,82,1,85.716,48,1,4,2602,187491,0,0,0.000,0.750,3.000,0,0.000,0.750,3.000,0,0,3,3560,0
PPG,4,109831,4394791552,99,43013,40626,74516.875,-33890.875,0.000,0,0,0,0,0.00,nan,3,2,272,nan,4,0,40,1,1,7,7,0,0,0,101185492,0.03833,0.00610,0.95239,0.95318,-0.00585,-0.00161,-0.00221,0.00646,0.95318,0.00292,0.00684,3,12128,0,7208,9.99691,9.71043,0.97134,82,1,85.716,48,1,4,4321,187491,0,0,0.000,0.750,3.000,0,0.000,0.750,3.000,0,0,3,3520,0
PPG,4,109832,4394831552,98,40333,37909,74150.797,-36241.797,0.000,0,0,0,0,0.00,nan,3,2,272,nan,4,0,40,1,1,8,8,0,0,0,101224322,0.04175,0.00659,0.95068,0.95162,-0.00558,-0.00081,-0.00247,0.00616,0.95453,0.00291,0.00637,3,12118,0,7208,9.99691,9.71043,0.97134,82,1,85.716,48,1,4,4295,187491,0,0,0.000,0.750,3.000,0,0.000,0.750,3.000,0,0,3,3480,0
PPG,4,109833,4394871552,102,38550,36289,73772.180,-37483.180,0.000,0,0,0,0,0.00,nan,3,2,272,nan,4,0,40,1,1,9,9,0,0,0,101263200,0.04199,0.00537,0.95410,0.95504,-0.00532,-0.00161,-0.00114,0.00567,0.95504,0.00938,0.00756,3,12144,0,7208,9.99691,9.71043,0.97134,82,1,85.716,48,1,4,2599,187491,0,0,0.000,0.750,3.000,0,0.000,0.750,3.000,0,0,3,3440,0
PPG,4,109834,4394911552,97,38722,36642,73400.875,-36758.875,0.000,0,0,0,0,0.00,nan,3,2,272,nan,4,0,40,1,1,10,10,0,0,0,101304653,0.03735,0.00708,0.95313,0.95388,-0.00505,-0.00108,-0.00114,0.00529,0.95388,0.00481,0.00680,3,12121,0,7208,9.99691,9.71043,0.97134,82,1,85.716,48,1,4,4302,187491,0,0,0.000,0.750,3.000,0,0.000,0.750,3.000,0,0,3,3400,0
PPG,4,109835,4394951552,98,38678,36714,73034.008,-36320.008,0.000,0,0,0,0,0.00,nan,3,2,272,nan,4,0,40,1,1,11,11,0,0,0,101343494,0.03784,0.00659,0.95386,0.95463,-0.00612,-0.00161,-0.00114,0.00643,0.95666,0.00608,0.00643,3,12123,0,7208,9.99691,9.71043,0.97134,82,1,85.716,48,1,4,2595,187491,0,0,0.000,0.750,3.000,0,0.000,0.750,3.000,0,0,3,3360,0
PPG,4,109836,4394991552,102,39048,37216,72675.828,-35459.828,0.000,0,0,0,0,0.00,nan,3,2,272,nan,4,0,40,1,1,12,12,0,0,0,101396871,0.03857,0.00537,0.94678,0.94758,-0.00665,-0.00135,-0.00034,0.00679,0.95487,0.00813,0.00679,3,24028,0,7209,9.99691,9.71043,0.97134,82,1,85.716,48,1,4,14453,187491,0,0,0.000,0.750,3.000,0,0.000,0.750,3.000,0,0,3,3320,0
PPG,4,109837,4395031552,100,39730,38003,72329.102,-34326.102,0.000,0,0,0,0,0.00,nan,3,2,272,nan,4,0,40,1,1,13,13,0,0,0,101421094,0.03857,0.00586,0.95190,0.95270,-0.00558,-0.00001,-0.00300,0.00634,0.95270,0.00312,0.00634,2,12160,0,7209,9.99691,9.71043,0.97134,82,1,85.716,48,1,4,2598,187491,0,0,0.000,0.750,3.000,0,0.000,0.750,3.000,0,0,3,3280,0
PPG,4,109838,4395071552,99,40853,39160,71997.414,-32837.414,0.000,0,0,0,0,0.00,nan,3,2,272,nan,4,0,40,1,1,14,14,0,0,0,101465160,0.03906,0.00732,0.95313,0.95395,-0.00479,-0.00081,-0.00221,0.00533,0.95415,0.00247,0.00561,3,12158,0,7209,9.99691,9.71043,0.97134,82,1,85.716,48,1,4,4311,187491,0,0,0.000,0.750,3.000,0,0.000,0.750,3.000,0,0,3,3240,0
PPG,4,109839,4395111552,501,41713,40047,71677.906,-31630.906,-5726.270,0,0,0,0,0.00,nan,3,2,272,nan,2,2,40,1,1,15,15,0,0,0,101504064,0.04150,0.00342,0.95166,0.95257,-0.00479,-0.00001,-0.00221,0.00527,0.95257,0.00955,0.00635,3,12124,0,7209,21.19540,20.84938,0.98367,86,1,85.408,57,1,4,2604,187491,0,0,0.000,0.750,3.000,0,0.000,0.750,3.000,0,0,3,3200,0
PPG,4,109840,4395151552,163,42694,41081,71371.938,-30290.938,-4479.801,0,0,0,0,0.00,nan,3,2,272,nan,2,2,40,1,1,16,16,0,0,0,101545989,0.03979,0.00781,0.94775,0.94862,-0.00585,0.00079,-0.00087,0.00597,0.95560,0.00698,0.00597,3,12129,0,7209,21.19540,20.84938,0.98367,86,1,85.408,57,1,4,4316,187491,0,0,0.000,0.750,3.000,0,0.000,0.750,3.000,0,0,3,3160,0
PPG,4,109841,4395191552,193,43276,41697,71075.188,-29378.188,-3333.207,0,0,0,0,0.00,nan,3,2,272,nan,2,2,40,1,1,17,17,0,0,0,101585275,0.04028,0.00635,0.95605,0.95692,-0.00585,0.00025,-0.00221,0.00626,0.95718,0.00617,0.00694,3,12295,0,7209,21.19540,20.84938,0.98367,86,1,85.408,57,1,4,4335,187491,0,0,0.000,0.750,3.000,0,0.000,0.750,3.000,0,0,3,3120,0
PPG,4,109842,4395231552,119,43818,42177,70786.203,-28609.203,-2131.230,0,0,0,0,0.00,nan,3,2,272,nan,2,2,40,1,1,18,18,0,0,0,101624621,0.03882,0.00488,0.94897,0.94978,-0.00532,-0.00081,-0.00167,0.00563,0.95426,0.00677,0.00587,3,12149,0,7209,21.19540,20.84938,0.98367,86,1,85.408,57,1,4,4306,187491,0,0,0.000,0.750,3.000,0,0.000,0.750,3.000,0,0,3,3080,0
PPG,4,109843,4395271552,119,44102,42357,70501.914,-28144.914,-987.602,0,0,0,0,0.00,nan,3,2,272,nan,2,2,40,1,1,19,19,0,0,0,101663498,0.03979,0.00610,0.94800,0.94885,-0.00585,0.00025,-0.00007,0.00586,0.95319,0.00417,0.00586,3,12113,0,7209,21.19540,20.84938,0.98367,86,1,85.408,57,1,4,2610,187491,0,0,0.000,0.750,3.000,0,0.000,0.750,3.000,0,0,3,3040,0
PPG,4,109844,4395311552,118,43975,42213,70219.023,-28006.023,-12.570,0,0,0,0,0.00,nan,3,2,272,nan,2,2,40,1,1,20,20,0,0,0,101705262,0.03809,0.00684,0.94922,0.95001,-0.00638,-0.00108,-0.00141,0.00663,0.95526,0.00641,0.00667,3,12217,0,7209,21.19540,20.84938,0.98367,86,1,85.408,57,1,4,4294,187491,0,0,0.000,0.750,3.000,0,0.000,0.750,3.000,0,0,3,3000,0
PPG,4,109845,4395351552,118,43528,41732,69934.156,-28202.156,718.754,0,0,0,0,0.00,nan,3,2,272,nan,2,2,40,1,1,21,21,0,0,0,101744309,0.03662,0.00830,0.95117,0.95191,-0.00585,-0.00188,-0.00274,0.00673,0.95191,0.00170,0.00673,3,12186,0,7209,21.19540,20.84938,0.98367,86,1,85.408,57,1,4,2610,187491,0,0,0.000,0.750,3.000,0,0.000,0.750,3.000,0,0,3,2960,0
PPG,4,109846,4395391552,119,43153,41332,69648.133,-28316.133,1203.480,0,0,0,0,0.00,nan,3,2,272,nan,2,2,40,1,1,22,22,0,0,0,101786138,0.03735,0.00854,0.94775,0.94853,-0.00532,-0.00081,-0.00087,0.00545,0.95332,0.00367,0.00586,3,12214,0,7209,21.19540,20.84938,0.98367,86,1,85.408,57,1,4,4342,187491,0,0,0.000,0.750,3.000,0,0.000,0.750,3.000,0,0,3,2920,0
PPG,4,109847,4395431552,120,42397,40588,69357.531,-28769.531,1404.301,0,0,0,0,0.00,nan,3,2,272,nan,2,2,40,1,1,23,23,0,0,0,101825423,0.04004,0.00903,0.95190,0.95279,-0.00585,-0.00055,-0.00114,0.00599,0.95373,0.00472,0.00599,3,12272,0,7209,21.19540,20.84938,0.98367,86,1,85.408,57,1,4,4336,187491,0,0,0.000,0.750,3.000,0,0.000,0.750,3.000,0,0,3,2880,0
PPG,4,109848,4395471552,127,41323,39507,69059.023,-29552.023,1398.043,0,0,0,0,0.00,nan,3,2,272,nan,2,2,40,1,1,24,24,0,0,0,101864637,0.04199,0.00732,0.95264,0.95359,-0.00585,-0.00108,-0.00194,0.00626,0.95543,0.00847,0.00626,3,12197,0,7209,21.19540,20.84938,0.98367,86,1,85.408,57,1,4,4357,187491,0,0,0.000,0.750,3.000,0,0.000,0.750,3.000,0,0,3,2840,0
PPG,4,109849,4395511552,134,40199,38411,68752.547,-30341.547,1124.195,0,0,0,0,0.00,nan,3,2,272,nan,2,2,40,1,1,25,25,0,0,0,101904061,0.03784,0.00757,0.95874,0.95952,-0.00558,-0.00055,-0.00087,0.00568,0.95952,0.00738,0.00568,3,12268,0,7209,21.19540,20.84938,0.98367,86,1,85.408,57,1,4,2628,187491,0,0,0.000,0.750,3.000,0,0.000,0.750,3.000,0,0,3,2800,0
PPG,4,109850,4395551552,119,39752,37971,68444.734,-30473.734,666.969,0,0,0,0,0.00,nan,3,2,272,nan,2,2,40,1,1,26,26,0,0,0,101945900,0.03735,0.01221,0.95386,0.95467,-0.00638,0.00025,-0.00221,0.00676,0.95467,0.00840,0.00686,3,12215,0,7209,21.19540,20.84938,0.98367,86,1,85.408,57,1,4,4319,187491,0,0,0.000,0.750,3.000,0,0.000,0.750,3.000,0,0,3,2760,0
PPG,4,109851,4395591552,118,38871,37059,68130.875,-31071.875,109.035,0,0,0,0,0.00,nan,3,2,272,nan,2,2,40,1,1,27,27,0,0,0,101985188,0.04150,0.00781,0.95215,0.95308,-0.00558,-0.00055,-0.00167,0.00586,0.95308,0.00394,0.00726,3,12284,0,7209,21.19540,20.84938,0.98367,86,1,85.408,57,1,4,4330,187491,0,0,0.000,0.750,3.000,0,0.000,0.750,3.000,0,0,3,2720,0
PPG,4,109852,4395631552,118,38409,36601,67815.578,-31214.578,-558.566,0,0,0,0,0.00,nan,3,2,272,nan,2,2,40,1,1,28,28,0,0,0,102024381,0.03857,0.00415,0.95288,0.95367,-0.00638,-0.00055,-0.00167,0.00662,0.95513,0.00507,0.00662,3,12210,0,7209,21.19540,20.84938,0.98367,86,1,85.408,57,1,4,2639,187491,0,0,0.000,0.750,3.000,0,0.000,0.750,3.000,0,0,3,2680,0
PPG,4,109853,4395671552,125,38699,36960,67507.023,-30547.023,-1216.684,0,0,0,0,0.00,nan,3,2,272,nan,2,2,40,1,1,29,29,0,0,0,102066289,0.03735,0.00513,0.95239,0.95314,-0.00585,-0.00028,-0.00114,0.00597,0.95377,0.00266,0.00614,3,12255,0,7209,21.19540,20.84938,0.98367,86,1,85.408,57,1,4,4340,187491,0,0,0.000,0.750,3.000,0,0.000,0.750,3.000,0,0,3,2640,0
PPG,4,109854,4395711552,121,39114,37455,67206.500,-29751.500,-1704.906,0,0,0,0,0.00,nan,3,2,272,nan,2,2,40,1,1,30,30,0,0,0,102105628,0.03955,0.00195,0.95264,0.95346,-0.00479,-0.00135,-0.00114,0.00510,0.95346,0.00466,0.00580,3,12258,0,7209,21.19540,20.84938,0.98367,86,1,85.408,57,1,4,4319,187491,0,0,0.000,0.750,3.000,0,0.000,0.750,3.000,0,0,3,2600,0
PPG,4,109855,4395751552,118,38626,36943,66903.867,-29960.867,-2082.645,0,0,0,0,0.00,nan,3,2,272,nan,2,2,40,1,1,31,31,0,0,0,102144813,0.04053,0.00903,0.95288,0.95379,-0.00505,-0.00188,-0.00114,0.00551,0.95784,0.00945,0.00567,3,12230,0,7209,21.19540,20.84938,0.98367,86,1,85.408,57,1,4,4335,187491,0,0,0.000,0.750,3.000,0,0.000,0.750,3.000,0,0,3,2560,0
PPG,4,109856,4395791552,127,37114,35492,66589.750,-31097.750,-2413.445,0,0,0,0,0.00,nan,3,2,272,nan,2,2,40,1,1,0,0,0,0,0,102184059,0.03662,0.00708,0.94580,0.94654,-0.00558,-0.00215,-0.00061,0.00601,0.95409,0.00755,0.00623,3,12247,0,7209,21.19540,20.84938,0.98367,86,1,85.408,57,1,4,2625,187491,0,0,0.000,0.750,3.000,0,0.000,0.750,3.000,0,0,3,2520,0
PPG,4,109857,4395831552,118,34732,33202,66255.875,-33053.875,-2854.680,0,0,0,0,0.00,nan,3,2,272,nan,2,2,40,1,1,1,1,0,0,0,102225896,0.04102,0.00195,0.95532,0.95620,-0.00612,-0.00055,-0.00221,0.00653,0.95970,0.01081,0.00711,3,12236,0,7209,21.19540,20.84938,0.98367,86,1,85.408,57,1,4,4327,187491,0,0,0.000,0.750,3.000,0,0.000,0.750,3.000,0,0,3,2480,0
PPG,4,109858,4395871552,118,32748,31354,65906.859,-34552.859,-3279.379,0,0,0,0,0.00,nan,3,2,272,nan,2,2,40,1,1,2,2,0,0,0,102265096,0.03638,0.00220,0.94922,0.94992,-0.00585,0.00052,-0.00194,0.00619,0.95888,0.00455,0.00642,3,12244,0,7209,21.19540,20.84938,0.98367,86,1,85.408,57,1,4,4316,187491,0,0,0.000,0.750,3.000,0,0.000,0.750,3.000,0,0,3,2440,0
PPG,4,109859,4395911552,118,32417,31109,65558.883,-34449.883,-3617.051,0,0,0,0,0.00,nan,3,2,272,nan,2,2,40,1,1,3,3,0,0,0,102304367,0.04443,0.00659,0.94189,0.94296,-0.00479,-0.00028,-0.00221,0.00528,0.95614,0.01180,0.00712,3,12255,0,7209,21.19540,20.84938,0.98367,86,1,85.408,57,1,4,2652,187491,0,0,0.000,0.750,3.000,0,0.000,0.750,3.000,0,0,3,2400,0
PPG,4,109860,4395951552,119,32726,31451,65217.805,-33766.805,-3922.551,0,0,0,0,0.00,nan,3,2,272,nan,2,2,40,1,1,4,4,0,0,0,102346192,0.04199,0.01074,0.94922,0.95021,-0.00532,-0.00028,-0.00114,0.00545,0.95158,0.00861,0.00598,3,12227,0,7209,21.19540,20.84938,0.98367,86,1,85.408,57,1,4,4327,187491,0,0,0.000,0.750,3.000,0,0.000,0.750,3.000,0,0,3,2360,0
PPG,4,109861,4395991552,122,32968,31718,64882.809,-33164.809,-4243.172,0,0,0,0,0.00,nan,3,2,272,nan,2,2,40,1,1,5,5,0,0,0,102397486,0.04321,0.00439,0.95068,0.95168,-0.00612,-0.00108,-0.00247,0.00669,0.95340,0.00320,0.00669,3,24374,0,7210,21.19540,20.84938,0.98367,86,1,85.408,57,1,4,14678,187491,0,0,0.000,0.750,3.000,0,0.000,0.750,3.000,0,0,3,2320,0
PPG,4,109862,4396031552,120,32666,31405,64548.031,-33143.031,-4495.715,0,0,0,0,0.00,nan,3,2,272,nan,2,2,40,1,1,6,6,0,0,0,102421903,0.03784,0.00537,0.95410,0.95487,-0.00558,-0.00108,-0.00141,0.00586,0.95487,0.00175,0.00597,2,12309,0,7210,21.19540,20.84938,0.98367,86,1,85.408,57,1,4,2591,187491,0,0,0.000,0.750,3.000,0,0.000,0.750,3.000,0,0,3,2280,0
PPG,4,109863,4396071552,121,31605,30327,64205.820,-33878.820,-4632.072,0,0,0,0,0.00,nan,3,2,272,nan,2,2,40,1,1,7,7,0,0,0,102466094,0.04053,0.00659,0.95044,0.95133,-0.00558,0.00105,-0.00087,0.00575,0.95466,0.00212,0.00575,3,12164,0,7210,21.19540,20.84938,0.98367,86,1,85.408,57,1,4,4294,187491,0,0,0.000,0.750,3.000,0,0.000,0.750,3.000,0,0,3,2240,0
PPG,4,109864,4396111552,494,30587,29297,63856.730,-34559.730,-4544.127,0,0,0,0,0.00,nan,3,2,272,nan,2,2,40,1,1,8,8,0,0,0,102505014,0.03809,0.00659,0.95313,0.95391,-0.00558,0.00105,-0.00141,0.00585,0.95452,0.00320,0.00684,3,12129,0,7210,29.56409,29.29462,0.99089,84,1,85.228,55,1,4,4306,187491,0,0,0.000,0.750,3.000,0,0.000,0.750,3.000,0,0,3,2200,0
PPG,4,109865,4396151552,165,30977,29702,63515.184,-33813.184,-4178.627,0,0,0,0,0.00,nan,3,2,272,nan,2,2,40,1,1,9,9,0,0,0,102544345,0.03540,0.00415,0.94897,0.94964,-0.00585,-0.00081,-0.00247,0.00640,0.95351,0.00392,0.00640,3,12119,0,7210,29.56409,29.29462,0.99089,84,1,85.228,55,1,4,2595,187491,0,0,0.000,0.750,3.000,0,0.000,0.750,3.000,0,0,3,2160,0
PPG,4,109866,4396191552,118,31199,29874,63178.773,-33304.773,-3782.158,0,0,0,0,0.00,nan,3,2,272,nan,2,2,40,1,1,10,10,0,0,0,102585867,0.03760,0.00586,0.94873,0.94949,-0.00612,-0.00055,-0.00141,0.00630,0.95397,0.00831,0.00630,3,12111,0,7210,29.56409,29.29462,0.99089,84,1,85.228,55,1,4,4314,187491,0,0,0.000,0.750,3.000,0,0.000,0.750,3.000,0,0,3,2120,0
PPG,4,109867,4396231552,121,30903,29612,62843.105,-33231.105,-3496.072,0,0,0,0,0.00,nan,3,2,272,nan,2,2,40,1,1,11,11,0,0,0,102624845,0.03540,0.00977,0.95288,0.95359,-0.00505,-0.00055,-0.00141,0.00527,0.95652,0.00702,0.00631,3,12128,0,7210,29.56409,29.29462,0.99089,84,1,85.228,55,1,4,4298,187491,0,0,0.000,0.750,3.000,0,0.000,0.750,3.000,0,0,3,2080,0
PPG,4,109868,4396271552,118,31444,30160,62516.273,-32356.273,-3251.291,0,0,0,0,0.00,nan,3,2,272,nan,2,2,40,1,1,12,12,0,0,0,102663717,0.04053,0.00610,0.95190,0.95279,-0.00612,-0.00001,-0.00247,0.00660,0.95673,0.01003,0.00660,3,12104,0,7210,29.56409,29.29462,0.99089,84,1,85.228,55,1,4,2595,187491,0,0,0.000,0.750,3.000,0,0.000,0.750,3.000,0,0,3,2040,0
PPG,4,109869,4396311552,121,32390,31100,62202.109,-31102.109,-2929.316,0,0,0,0,0.00,nan,3,2,272,nan,2,2,40,1,1,13,13,0,0,0,102705276,0.04004,0.00854,0.95142,0.95230,-0.00585,-0.00028,-0.00087,0.00592,0.95565,0.00397,0.00592,3,12148,0,7210,29.56409,29.29462,0.99089,84,1,85.228,55,1,4,4299,187491,0,0,0.000,0.750,3.000,0,0.000,0.750,3.000,0,0,3,2000,0
PPG,4,109870,4396351552,138,33439,32167,61901.758,-29734.758,-2376.258,0,0,0,0,0.00,nan,3,2,272,nan,2,2,40,1,1,14,14,0,0,0,102744179,0.03906,0.00977,0.94434,0.94519,-0.00638,0.00025,-0.00167,0.00660,0.95770,0.00740,0.00660,3,12131,0,7210,29.56409,29.29462,0.99089,84,1,85.228,55,1,4,2602,187491,0,0,0.000,0.750,3.000,0,0.000,0.750,3.000,0,0,3,1960,0
PPG,4,109871,4396391552,121,34382,33094,61613.680,-28519.680,-1635.578,0,0,0,0,0.00,nan,3,2,272,nan,2,2,40,1,1,15,15,0,0,0,102785688,0.04102,0.00610,0.95215,0.95305,-0.00479,-0.00001,-0.00194,0.00516,0.95305,0.00687,0.00648,3,12118,0,7210,29.56409,29.29462,0.99089,84,1,85.228,55,1,4,4295,187491,0,0,0.000,0.750,3.000,0,0.000,0.750,3.000,0,0,3,1920,0
PPG,4,109872,4396431552,118,35050,33768,61335.223,-27567.223,-913.072,0,0,0,0,0.00,nan,3,2,272,nan,2,2,40,1,1,16,16,0,0,0,102824605,0.04077,0.00488,0.94727,0.94816,-0.00798,0.00052,-0.00114,0.00808,0.95129,0.00309,0.00808,3,12133,0,7210,29.56409,29.29462,0.99089,84,1,85.228,55,1,4,2594,187491,0,0,0.000,0.750,3.000,0,0.000,0.750,3.000,0,0,3,1880,0
PPG,4,109873,4396471552,121,35776,34467,61066.539,-26599.539,-132.277,0,0,0,0,0.00,nan,3,2,272,nan,2,2,40,1,1,17,17,0,0,0,102866081,0.04004,0.00708,0.95288,0.95375,-0.00532,-0.00001,-0.00221,0.00576,0.95375,0.00318,0.00617,3,12113,0,7210,29.56409,29.29462,0.99089,84,1,85.228,55,1,4,4295,187491,0,0,0.000,0.750,3.000,0,0.000,0.750,3.000,0,0,3,1840,0
PPG,4,109874,4396511552,118,36419,35077,60806.645,-25729.645,767.336,0,0,0,0,0.00,nan,3,2,272,nan,2,2,40,1,1,18,18,0,0,0,102905035,0.04077,0.00659,0.94824,0.94914,-0.00558,-0.00081,-0.00167,0.00589,0.95168,0.00207,0.00589,3,12189,0,7210,29.56409,29.29462,0.99089,84,1,85.228,55,1,4,4360,187491,0,0,0.000,0.750,3.000,0,0.000,0.750,3.000,0,0,3,1800,0
PPG,4,109875,4396551552,121,37306,35915,60557.727,-24642.727,1640.879,0,0,0,0,0.00,nan,3,2,272,nan,2,2,40,1,1,19,19,0,0,0,102944117,0.03662,0.00806,0.95435,0.95508,-0.00585,-0.00135,-0.00194,0.00631,0.95508,0.00505,0.00661,3,12116,0,7210,29.56409,29.29462,0.99089,84,1,85.228,55,1,4,2594,187491,0,0,0.000,0.750,3.000,0,0.000,0.750,3.000,0,0,3,1760,0
PPG,4,109876,4396591552,118,37312,35921,60311.359,-24390.359,2308.145,0,0,0,0,0.00,nan,3,2,272,nan,2,2,40,1,1,20,20,0,0,0,102985668,0.03857,0.00708,0.95337,0.95418,-0.00612,-0.00055,-0.00194,0.00644,0.95418,0.00936,0.00644,3,12118,0,7210,29.56409,29.29462,0.99089,84,1,85.228,55,1,4,4299,187491,0,0,0.000,0.750,3.000,0,0.000,0.750,3.000,0,0,3,1720,0
PPG,4,109877,4396631552,121,36752,35359,60061.836,-24702.836,2656.295,0,0,0,0,0.00,nan,3,2,272,nan,2,2,40,1,1,21,21,0,0,0,103024587,0.04053,0.00415,0.94849,0.94936,-0.00532,-0.00001,-0.00194,0.00566,0.95227,0.00291,0.00705,3,12134,0,7210,29.56409,29.29462,0.99089,84,1,85.228,55,1,4,2635,187491,0,0,0.000,0.750,3.000,0,0.000,0.750,3.000,0,0,3,1680,0
PPG,4,109878,4396671552,119,35727,34378,59804.996,-25426.996,2688.520,0,0,0,0,0.00,nan,3,2,272,nan,2,2,40,1,1,22,22,0,0,0,103066395,0.04248,0.00415,0.95264,0.95359,-0.00585,-0.00028,-0.00087,0.00592,0.95391,0.00265,0.00617,3,12319,0,7210,29.56409,29.29462,0.99089,84,1,85.228,55,1,4,4316,187491,0,0,0.000,0.750,3.000,0,0.000,0.750,3.000,0,0,3,1640,0
PPG,4,109879,4396711552,123,35346,34017,59547.117,-25530.117,2578.695,0,0,0,0,0.00,nan,3,2,272,nan,2,2,40,1,1,23,23,0,0,0,103105546,0.03979,0.00537,0.94873,0.94958,-0.00612,-0.00001,-0.00221,0.00650,0.96336,0.01396,0.00650,3,12347,0,7210,29.56409,29.29462,0.99089,84,1,85.228,55,1,4,4339,187491,0,0,0.000,0.750,3.000,0,0.000,0.750,3.000,0,0,3,1600,0
PPG,4,109880,4396751552,119,34828,33498,59286.625,-25788.625,2337.914,0,0,0,0,0.00,nan,3,2,272,nan,2,2,40,1,1,24,24,0,0,0,103144788,0.03882,0.00537,0.94507,0.94588,-0.00612,-0.00135,-0.00167,0.00648,0.95376,0.00427,0.00648,3,12269,0,7210,29.56409,29.29462,0.99089,84,1,85.228,55,1,4,2623,187491,0,0,0.000,0.750,3.000,0,0.000,0.750,3.000,0,0,3,1560,0
PPG,4,109881,4396791552,121,34429,33140,59025.160,-25885.160,1990.100,0,0,0,0,0.00,nan,3,2,272,nan,2,2,40,1,1,25,25,0,0,0,103186678,0.03906,0.00586,0.94482,0.94565,-0.00558,0.00052,-0.00194,0.00593,0.95114,0.00547,0.00626,3,12236,0,7210,29.56409,29.29462,0.99089,84,1,85.228,55,1,4,4315,187491,0,0,0.000,0.750,3.000,0,0.000,0.750,3.000,0,0,3,1520,0
PPG,4,109882,4396831552,135,34425,33188,58766.789,-25578.789,1511.379,0,0,0,0,0.00,nan,3,2,272,nan,2,2,40,1,1,26,26,0,0,0,103225921,0.04077,0.00610,0.95215,0.95304,-0.00585,0.00079,-0.00221,0.00630,0.95416,0.00615,0.00630,3,12258,0,7210,29.56409,29.29462,0.99089,84,1,85.228,55,1,4,4339,187491,0,0,0.000,0.750,3.000,0,0.000,0.750,3.000,0,0,3,1480,0
PPG,4,109883,4396871552,121,34133,32869,58507.812,-25638.812,948.281,0,0,0,0,0.00,nan,3,2,272,nan,2,2,40,1,1,27,27,0,0,0,103265243,0.04053,0.00903,0.95557,0.95647,-0.00532,0.00052,-0.00114,0.00546,0.95647,0.00907,0.00636,3,12252,0,7210,29.56409,29.29462,0.99089,84,1,85.228,55,1,4,4332,187491,0,0,0.000,0.750,3.000,0,0.000,0.750,3.000,0,0,3,1440,0
PPG,4,109884,4396911552,118,34134,32886,58251.594,-25365.594,415.543,0,0,0,0,0.00,nan,3,2,272,nan,2,2,40,1,1,28,28,0,0,0,103304598,0.03882,0.00513,0.94653,0.94734,-0.00558,-0.00081,-0.00194,0.00597,0.95170,0.00761,0.00597,3,12270,0,7210,29.56409,29.29462,0.99089,84,1,85.228,55,1,4,2632,187491,0,0,0.000,0.750,3.000,0,0.000,0.750,3.000,0,0,3,1400,0
PPG,4,109885,4396951552,119,33990,32727,57996.348,-25269.348,28.434,0,0,0,0,0.00,nan,3,2,272,nan,2,2,40,1,1,29,29,0,0,0,103346530,0.04199,0.00610,0.95190,0.95285,-0.00585,-0.00108,-0.00087,0.00601,0.95331,0.00596,0.00741,3,12254,0,7210,29.56409,29.29462,0.99089,84,1,85.228,55,1,4,4339,187491,0,0,0.000,0.750,3.000,0,0.000,0.750,3.000,0,0,3,1360,0
PPG,4,109886,4396991552,122,33933,32682,57743.203,-25061.203,-302.680,0,0,0,0,0.00,nan,3,2,272,nan,2,2,40,1,1,30,30,0,0,0,103397942,0.03540,0.00464,0.94678,0.94745,-0.00558,0.00132,-0.00167,0.00598,0.95268,0.00523,0.00598,3,24469,0,7211,29.56409,29.29462,0.99089,84,1,85.228,55,1,4,14779,187491,0,0,0.000,0.750,3.000,0,0.000,0.750,3.000,0,0,3,1320,0
PPG,4,109887,4397031552,120,34330,33082,57496.590,-24414.590,-535.605,0,0,0,0,0.00,nan,3,2,272,nan,2,2,40,1,1,31,31,0,0,0,103422466,0.03516,0.00732,0.95020,0.95087,-0.00532,-0.00028,-0.00114,0.00545,0.95480,0.00735,0.00601,2,12323,0,7211,29.56409,29.29462,0.99089,84,1,85.228,55,1,4,2630,187491,0,0,0.000,0.750,3.000,0,0.000,0.750,3.000,0,0,3,1280,0
PPG,4,109888,4397071552,119,34767,33492,57256.543,-23764.543,-651.922,0,0,0,0,0.00,nan,3,2,272,nan,2,2,40,1,1,0,0,0,0,0,103464301,0.04102,0.00464,0.95190,0.95280,-0.00532,-0.00108,-0.00114,0.00554,0.95458,0.01071,0.00617,3,12238,0,7211,29.56409,29.29462,0.99089,84,1,85.228,55,1,4,2632,187491,0,0,0.000,0.750,3.000,0,0.000,0.750,3.000,0,0,3,1240,0
PPG,4,109889,4397111552,504,34713,33413,57018.109,-23605.109,-735.430,0,0,0,0,0.00,nan,3,2,272,nan,2,2,40,1,1,1,1,0,0,0,103506129,0.03589,0.00293,0.95508,0.95576,-0.00585,-0.00108,-0.00300,0.00667,0.95576,0.00140,0.00667,3,12233,0,7211,29.97297,29.92133,0.99828,84,1,85.043,88,1,4,4335,187491,0,0,0.000,0.750,3.000,0,0.000,0.750,3.000,0,0,3,1200,0
PPG,4,109890,4397151552,173,34585,33286,56780.789,-23494.789,-731.805,0,0,0,0,0.00,nan,3,2,272,nan,2,2,40,1,1,2,2,0,0,0,103545782,0.04053,0.00684,0.94702,0.94791,-0.00585,-0.00081,-0.00114,0.00602,0.95804,0.01012,0.00602,3,12232,0,7211,29.97297,29.92133,0.99828,84,1,85.043,88,1,4,4332,187491,0,0,0.000,0.750,3.000,0,0.000,0.750,3.000,0,0,3,1160,0
PPG,4,109891,4397191552,119,34693,33379,56546.770,-23167.770,-675.629,0,0,0,0,0.00,nan,3,2,272,nan,2,2,40,1,1,3,3,0,0,0,103584992,0.04150,0.00317,0.95630,0.95720,-0.00585,-0.00081,-0.00194,0.00622,0.95720,0.00428,0.00622,3,12235,0,7211,29.97297,29.92133,0.99828,84,1,85.043,88,1,4,4334,187491,0,0,0.000,0.750,3.000,0,0.000,0.750,3.000,0,0,3,1120,0
PPG,4,109892,4397231552,118,34705,33339,56314.691,-22975.691,-566.750,0,0,0,0,0.00,nan,3,2,272,nan,2,2,40,1,1,4,4,0,0,0,103624226,0.03906,0.00391,0.95215,0.95296,-0.00505,0.00052,-0.00114,0.00520,0.95418,0.00303,0.00594,3,12291,0,7211,29.97297,29.92133,0.99828,84,1,85.043,88,1,4,2621,187491,0,0,0.000,0.750,3.000,0,0.000,0.750,3.000,0,0,3,1080,0
PPG,4,109893,4397271552,119,34799,33363,56085.176,-22722.176,-414.266,0,0,0,0,0.00,nan,3,2,272,nan,2,2,40,1,1,5,5,0,0,0,103666034,0.04468,0.00854,0.95630,0.95738,-0.00558,0.00025,-0.00114,0.00571,0.95738,0.00520,0.00675,3,12225,0,7211,29.97297,29.92133,0.99828,84,1,85.043,88,1,4,4335,187491,0,0,0.000,0.750,3.000,0,0.000,0.750,3.000,0,0,3,1040,0
PPG,4,109894,4397311552,161,34451,32954,55853.863,-22899.863,-326.398,0,0,0,0,0.00,nan,3,2,272,nan,2,2,40,1,1,6,6,0,0,0,103705230,0.03833,0.00879,0.95044,0.95125,-0.00638,-0.00081,-0.00114,0.00654,0.95234,0.00504,0.00654,3,12224,0,7211,29.97297,29.92133,0.99828,84,1,85.043,88,1,4,4367,187491,0,0,0.000,0.750,3.000,0,0.000,0.750,3.000,0,0,3,1000,0
PPG,4,109895,4397351552,119,34057,32601,55621.336,-23020.336,-287.984,0,0,0,0,0.00,nan,3,2,272,nan,2,2,40,1,1,7,7,0,0,0,103744551,0.04028,0.00391,0.94604,0.94691,-0.00532,0.00052,-0.00087,0.00541,0.95555,0.00864,0.00651,3,12199,0,7211,29.97297,29.92133,0.99828,84,1,85.043,88,1,4,2650,187491,0,0,0.000,0.750,3.000,0,0.000,0.750,3.000,0,0,3,960,0
PPG,4,109896,4397391552,118,34106,32661,55391.734,-22730.734,-232.414,0,0,0,0,0.00,nan,3,2,272,nan,2,2,40,1,1,8,8,0,0,0,103786181,0.04272,0.00830,0.95215,0.95314,-0.00638,-0.00028,-0.00167,0.00661,0.95693,0.01002,0.00661,3,12159,0,7211,29.97297,29.92133,0.99828,84,1,85.043,88,1,4,4298,187491,0,0,0.000,0.750,3.000,0,0.000,0.750,3.000,0,0,3,920,0
PPG,4,109897,4397431552,118,34252,32806,55165.879,-22359.879,-173.336,0,0,0,0,0.00,nan,3,2,272,nan,2,2,40,1,1,9,9,0,0,0,103825116,0.03833,0.00732,0.94995,0.95075,-0.00532,-0.00108,-0.00087,0.00550,0.95075,0.00576,0.00651,3,12158,0,7211,29.97297,29.92133,0.99828,84,1,85.043,88,1,4,4312,187491,0,0,0.000,0.750,3.000,0,0.000,0.750,3.000,0,0,3,880,0
PPG,4,109898,4397471552,118,34451,33010,54944.320,-21934.320,-157.648,0,0,0,0,0.00,nan,3,2,272,nan,2,2,40,1,1,10,10,0,0,0,103864047,0.03857,0.00732,0.95215,0.95296,-0.00612,-0.00055,-0.00141,0.00630,0.95296,0.00221,0.00657,3,12112,0,7211,29.97297,29.92133,0.99828,84,1,85.043,88,1,4,2609,187491,0,0,0.000,0.750,3.000,0,0.000,0.750,3.000,0,0,3,840,0
PPG,4,109899,4397511552,118,34681,33238,54727.258,-21489.258,-133.129,0,0,0,0,0.00,nan,3,2,272,nan,2,2,40,1,1,11,11,0,0,0,103905569,0.04077,0.00366,0.95215,0.95303,-0.00692,-0.00055,-0.00194,0.00720,0.95378,0.00414,0.00720,3,12123,0,7211,29.97297,29.92133,0.99828,84,1,85.043,88,1,4,4306,187491,0,0,0.000,0.750,3.000,0,0.000,0.750,3.000,0,0,3,800,0
PPG,4,109900,4397551552,118,34846,33397,54513.957,-21116.957,-123.219,0,0,0,0,0.00,nan,3,2,272,nan,2,2,40,1,1,12,12,0,0,0,103944539,0.03711,0.00464,0.94922,0.94996,-0.00558,-0.00055,-0.00167,0.00586,0.95438,0.00512,0.00708,3,12131,0,7211,29.97297,29.92133,0.99828,84,1,85.043,88,1,4,2601,187491,0,0,0.000,0.750,3.000,0,0.000,0.750,3.000,0,0,3,760,0
PPG,4,109901,4397591552,118,34706,33253,54301.348,-21048.348,-86.156,0,0,0,0,0.00,nan,3,2,272,nan,2,2,40,1,1,13,13,0,0,0,103986057,0.03442,0.00586,0.95288,0.95352,-0.00505,-0.00001,-0.00247,0.00562,0.95622,0.00664,0.00589,3,12118,0,7211,29.97297,29.92133,0.99828,84,1,85.043,88,1,4,4311,187491,0,0,0.000,0.750,3.000,0,0.000,0.750,3.000,0,0,3,720,0
PPG,4,109902,4397631552,118,34674,33212,54090.453,-20878.453,-0.070,0,0,0,0,0.00,nan,3,2,272,nan,2,2,40,1,1,14,14,0,0,0,104024974,0.04077,0.00928,0.95459,0.95551,-0.00505,0.00025,-0.00087,0.00513,0.95551,0.00561,0.00661,3,12145,0,7211,29.97297,29.92133,0.99828,84,1,85.043,88,1,4,2620,187491,0,0,0.000,0.750,3.000,0,0.000,0.750,3.000,0,0,3,680,0
PPG,4,109903,4397671552,118,34746,33300,53882.547,-20582.547,69.664,0,0,0,0,0.00,nan,3,2,272,nan,2,2,40,1,1,15,15,0,0,0,104066481,0.03564,0.00610,0.95923,0.95991,-0.00558,0.00025,-0.00221,0.00601,0.95991,0.01400,0.00618,3,12126,0,7211,29.97297,29.92133,0.99828,84,1,85.043,88,1,4,4332,187491,0,0,0.000,0.750,3.000,0,0.000,0.750,3.000,0,0,3,640,0
PPG,4,109904,4397711552,119,34778,33331,53677.031,-20346.031,122.414,0,0,0,0,0.00,nan,3,2,272,nan,2,2,40,1,1,16,16,0,0,0,104105415,0.03613,0.00342,0.95288,0.95357,-0.00585,0.00079,-0.00194,0.00621,0.95555,0.01049,0.00634,3,12136,0,7211,29.97297,29.92133,0.99828,84,1,85.043,88,1,4,4304,187491,0,0,0.000,0.750,3.000,0,0.000,0.750,3.000,0,0,3,600,0
PPG,4,109905,4397751552,119,34947,33465,53474.910,-20009.910,150.516,0,0,0,0,0.00,nan,3,2,272,nan,2,2,40,1,1,17,17,0,0,0,104144352,0.03931,0.00122,0.95508,0.95589,-0.00532,0.00132,-0.00274,0.00613,0.95589,0.00909,0.00613,3,12117,0,7211,29.97297,29.92133,0.99828,84,1,85.043,88,1,4,2606,187491,0,0,0.000,0.750,3.000,0,0.000,0.750,3.000,0,0,3,560,0
PPG,4,109906,4397791552,124,35053,33557,53275.730,-19718.730,152.336,0,0,0,0,0.00,nan,3,2,272,nan,2,2,40,1,1,18,18,0,0,0,104185828,0.03613,0.00562,0.94995,0.95065,-0.00692,0.00025,-0.00141,0.00706,0.95535,0.00335,0.00706,3,12111,0,7211,29.97297,29.92133,0.99828,84,1,85.043,88,1,4,4296,187491,0,0,0.000,0.750,3.000,0,0.000,0.750,3.000,0,0,3,520,0
PPG,4,109907,4397831552,118,35265,33744,53080.414,-19336.414,168.805,0,0,0,0,0.00,nan,3,2,272,nan,2,2,40,1,1,19,19,0,0,0,104224695,0.03906,0.00684,0.95776,0.95858,-0.00532,-0.00055,-0.00141,0.00553,0.95858,0.00897,0.00668,3,12108,0,7211,29.97297,29.92133,0.99828,84,1,85.043,88,1,4,2620,187491,0,0,0.000,0.750,3.000,0,0.000,0.750,3.000,0,0,3,480,0
PPG,4,109908,4397871552,119,35026,33492,52884.531,-19392.531,202.949,0,0,0,0,0.00,nan,3,2,272,nan,2,2,40,1,1,20,20,0,0,0,104266278,0.04028,0.00757,0.95313,0.95401,-0.00612,-0.00028,-0.00034,0.00613,0.95401,0.00528,0.00613,3,12118,0,7211,29.97297,29.92133,0.99828,84,1,85.043,88,1,4,4302,187491,0,0,0.000,0.750,3.000,0,0.000,0.750,3.000,0,0,3,440,0
PPG,4,109909,4397911552,124,35236,33719,52692.875,-18973.875,260.078,0,0,0,0,0.00,nan,3,2,272,nan,2,2,40,1,1,21,21,0,0,0,104305180,0.04053,0.00757,0.95215,0.95304,-0.00558,-0.00001,-0.00167,0.00583,0.96002,0.00810,0.00617,3,12115,0,7211,29.97297,29.92133,0.99828,84,1,85.043,88,1,4,2599,187491,0,0,0.000,0.750,3.000,0,0.000,0.750,3.000,0,0,3,400,0
PPG,4,109910,4397951552,121,35531,34027,52506.215,-18479.215,326.887,0,0,0,0,0.00,nan,3,2,272,nan,2,2,40,1,1,22,22,0,0,0,104346750,0.04321,0.00757,0.95044,0.95145,-0.00532,0.00025,-0.00167,0.00558,0.96091,0.00946,0.00650,3,12155,0,7211,29.97297,29.92133,0.99828,84,1,85.043,88,1,4,4304,187491,0,0,0.000,0.750,3.000,0,0.000,0.750,3.000,0,0,3,360,0
PPG,4,109911,4397991552,120,35915,34387,52325.023,-17938.023,427.344,0,0,0,0,0.00,nan,3,2,272,nan,2,2,40,1,1,23,23,0,0,0,104397543,0.04272,0.00513,0.94702,0.94800,-0.00585,-0.00028,-0.00167,0.00609,0.95347,0.00547,0.00714,3,24027,0,7212,29.97297,29.92133,0.99828,84,1,85.043,88,1,4,14454,187491,0,0,0.000,0.750,3.000,0,0.000,0.750,3.000,0,0,3,320,0
PPG,4,109912,4398031552,118,36049,34518,52146.953,-17628.953,518.820,0,0,0,0,0.00,nan,3,2,272,nan,2,2,40,1,1,24,24,0,0,0,104421820,0.04004,0.00244,0.94702,0.94787,-0.00532,-0.00028,-0.00087,0.00540,0.95371,0.00584,0.00678,2,12180,0,7212,29.97297,29.92133,0.99828,84,1,85.043,88,1,4,2600,187491,0,0,0.000,0.750,3.000,0,0.000,0.750,3.000,0,0,3,280,0
PPG,4,109913,4398071552,118,35657,34153,51967.012,-17814.012,564.465,0,0,0,0,0.00,nan,3,2,272,nan,2,2,40,1,1,25,25,0,0,0,104466020,0.04004,0.00635,0.95020,0.95106,-0.00558,-0.00161,-0.00087,0.00588,0.95449,0.00397,0.00588,3,12122,0,7212,29.97297,29.92133,0.99828,84,1,85.043,88,1,4,4320,187491,0,0,0.000,0.750,3.000,0,0.000,0.750,3.000,0,0,3,240,0
PPG,4,109914,4398111552,520,35481,33976,51787.102,-17811.102,546.504,0,0,0,0,0.00,nan,3,2,272,nan,2,2,40,1,1,26,26,0,0,0,104504939,0.03711,0.00562,0.95166,0.95240,-0.00532,-0.00081,-0.00141,0.00556,0.95399,0.00896,0.00637,3,12124,0,7212,18.95464,18.84128,0.99402,86,1,85.150,115,1,4,2599,187491,0,0,0.000,741.330,18.086,0,0.000,0.750,3.000,0,0,3,200,0
PPG,4,109915,4398151552,166,35777,34316,51612.391,-17296.391,578.469,0,0,0,0,0.00,nan,3,2,272,nan,2,2,40,1,1,27,27,0,0,0,104546955,0.03931,0.00513,0.94946,0.95029,-0.00558,0.00025,-0.00141,0.00576,0.95258,0.00413,0.00576,3,12158,0,7212,18.95464,18.84128,0.99402,86,1,85.150,115,1,4,4313,187491,0,0,0.000,741.330,18.086,0,0.000,0.750,3.000,0,0,3,160,0
PPG,4,109916,4398191552,122,36358,34860,51444.867,-16584.867,631.520,0,0,0,0,0.00,nan,3,2,272,nan,2,2,40,1,1,28,28,0,0,0,104585952,0.04102,0.00537,0.95068,0.95158,-0.00612,-0.00055,-0.00221,0.00653,0.95375,0.00234,0.00653,3,12131,0,7212,18.95464,18.84128,0.99402,86,1,85.150,115,1,4,4309,187491,0,0,0.000,741.330,18.086,0,0.000,0.750,3.000,0,0,3,120,0
PPG,4,109917,4398231552,122,36415,34870,51279.117,-16409.117,648.750,0,0,0,0,0.00,nan,3,2,272,nan,2,2,40,1,1,29,29,0,0,0,104624862,0.04175,0.00049,0.95288,0.95380,-0.00399,-0.00001,-0.00194,0.00443,0.95465,0.00307,0.00550,3,12112,0,7212,18.95464,18.84128,0.99402,86,1,85.150,115,1,4,2603,187491,0,0,0.000,741.330,18.086,0,0.000,0.750,3.000,0,0,3,80,0
PPG,4,109918,4398271552,137,36200,34621,51112.535,-16491.535,601.629,0,0,0,0,0.00,nan,3,2,272,nan,2,2,40,1,1,30,30,0,0,0,104666408,0.04199,0.00684,0.94995,0.95090,-0.00585,-0.00081,-0.00141,0.00607,0.95381,0.00291,0.00607,3,12128,0,7212,18.95464,18.84128,0.99402,86,1,85.150,115,1,4,4301,187491,0,0,0.000,711.626,19.621,0,0.000,453.662,69.739,0,0,3,40,0
PPG,4,109919,4398311552,127,35687,34079,50942.199,-16863.199,496.863,0,0,0,0,0.00,nan,1,2,1024,nan,2,2,40,1,1,31,31,0,0,0,104705345,0.03857,0.00806,0.95117,0.95199,-0.00558,-0.00161,-0.00114,0.00592,0.95518,0.00428,0.00602,3,12113,0,7212,18.95464,18.84128,0.99402,86,1,85.150,115,1,4,2595,187491,0,0,0.000,711.626,19.621,0,0.000,453.662,69.739,0,0,0,0,0
PPG,4,109920,4398351552,91,35531,33934,50772.117,-16838.117,0.000,0,0,0,0,0.00,nan,1,2,1024,nan,2,2,40,1,1,0,0,0,0,0,104746935,0.03589,0.00854,0.94922,0.94994,-0.00638,-0.00135,-0.00194,0.00681,0.95151,0.00711,0.00697,3,12178,0,7212,18.95464,18.84128,0.99402,86,1,85.150,115,1,4,4317,187491,0,0,0.000,0.750,3.000,0,0.000,0.750,3.000,0,0,0,0,0
PPG,4,109921,4398391552,95,35438,33839,50602.785,-16763.785,0.000,0,0,0,0,0.00,nan,1,2,1024,nan,2,2,40,1,1,1,1,0,0,0,104785763,0.04004,0.00903,0.95190,0.95279,-0.00558,-0.00028,-0.00327,0.00648,0.95456,0.00463,0.00648,3,12114,0,7212,18.95464,18.84128,0.99402,86,1,85.150,115,1,4,4307,187491,0,0,0.000,0.750,3.000,0,0.000,0.750,3.000,0,0,0,0,0
PPG,4,109922,4398431552,89,36030,34440,50441.156,-16001.156,0.000,0,0,0,0,0.00,nan,1,2,1024,nan,2,2,40,1,1,2,2,0,0,0,104824589,0.03931,0.00537,0.95483,0.95566,-0.00665,-0.00055,-0.00141,0.00682,0.95684,0.00588,0.00682,3,12125,0,7212,18.95464,18.84128,0.99402,86,1,85.150,115,1,4,2595,187491,0,0,0.000,0.750,3.000,0,0.000,0.750,3.000,0,0,0,0,0
PPG,4,109923,4398471552,155,36887,35268,50289.426,-15021.426,0.000,0,0,0,0,0.00,nan,1,2,1024,nan,2,2,40,1,1,3,3,0,0,0,104866294,0.04004,0.00903,0.95459,0.95547,-0.00479,-0.00081,-0.00221,0.00533,0.95547,0.00394,0.00533,3,12216,0,7212,18.95464,18.84128,0.99402,86,1,85.150,115,1,4,4346,187491,0,0,0.000,0.750,3.000,0,0.000,0.750,3.000,0,0,0,0,0
PPG,4,109924,4398511552,90,36952,35322,50139.750,-14817.750,0.000,0,0,0,0,0.00,nan,1,2,1024,nan,2,2,40,1,1,4,4,0,0,0,104905425,0.03931,0.00684,0.95313,0.95396,-0.00612,-0.00001,-0.00247,0.00660,0.95396,0.00727,0.00660,3,12110,0,7212,18.95464,18.84128,0.99402,86,1,85.150,115,1,4,4362,187491,0,0,0.000,0.750,3.000,0,0.000,0.750,3.000,0,0,0,0,0
PPG,4,109925,4398551552,90,36333,34739,49985.742,-15246.742,0.000,0,0,0,0,0.00,nan,1,2,1024,nan,2,2,40,1,1,5,5,0,0,0,104944309,0.04541,0.00562,0.95166,0.95276,-0.00505,-0.00081,-0.00141,0.00531,0.95715,0.00439,0.00541,3,12119,0,7212,18.95464,18.84128,0.99402,86,1,85.150,115,1,4,2611,187491,0,0,0.000,0.750,3.000,0,0.000,0.750,3.000,0,0,0,0,0
PPG,4,109926,4398591552,90,35975,34423,49830.113,-15407.113,0.000,0,0,0,0,0.00,nan,1,2,1024,nan,2,2,40,1,1,6,6,0,0,0,104985904,0.03979,0.00879,0.95264,0.95351,-0.00718,-0.00028,-0.00167,0.00738,0.95351,0.00521,0.00738,3,12222,0,7212,18.95464,18.84128,0.99402,86,1,85.150,115,1,4,4296,187491,0,0,0.000,0.750,3.000,0,0.000,0.750,3.000,0,0,0,0,0
PPG,4,109927,4398631552,91,36174,34648,49678.293,-15030.293,0.000,0,0,0,0,0.00,nan,1,2,1024,nan,2,2,40,1,1,7,7,0,0,0,105024849,0.04126,0.00415,0.94849,0.94939,-0.00638,-0.00161,-0.00247,0.00703,0.95450,0.00437,0.00703,3,12245,0,7212,18.95464,18.84128,0.99402,86,1,85.150,115,1,4,2596,187491,0,0,0.000,0.750,3.000,0,0.000,0.750,3.000,0,0,0,0,0
PPG,4,109928,4398671552,90,36400,34875,49530.262,-14655.262,0.000,0,0,0,0,0.00,nan,1,2,1024,nan,2,2,40,1,1,8,8,0,0,0,105066629,0.03955,0.00562,0.95190,0.95274,-0.00558,-0.00028,-0.00194,0.00592,0.95492,0.00552,0.00694,3,12262,0,7212,18.95464,18.84128,0.99402,86,1,85.150,115,1,4,4346,187491,0,0,0.000,0.750,3.000,0,0.000,0.750,3.000,0,0,0,0,0
PPG,4,109929,4398711552,140,36990,35479,49389.750,-13910.750,0.000,0,0,0,0,0.00,nan,1,2,1024,nan,2,2,40,1,1,9,9,0,0,0,105105837,0.03662,0.00708,0.94873,0.94946,-0.00692,-0.00108,-0.00194,0.00726,0.95357,0.00471,0.00726,3,12250,0,7212,18.95464,18.84128,0.99402,86,1,85.150,115,1,4,4355,187491,0,0,0.000,0.750,3.000,0,0.000,0.750,3.000,0,0,0,0,0
PPG,4,109930,4398751552,90,37326,35832,49254.172,-13422.172,0.000,0,0,0,0,0.00,nan,1,2,1024,nan,2,2,40,1,1,10,10,0,0,0,105145110,0.04224,0.00781,0.95996,0.96092,-0.00638,-0.00001,-0.00141,0.00654,0.96092,0.00494,0.00654,3,12215,0,7212,18.95464,18.84128,0.99402,86,1,85.150,115,1,4,2651,187491,0,0,0.000,0.750,3.000,0,0.000,0.750,3.000,0,0,0,0,0
PPG,4,109931,4398791552,91,36951,35486,49116.488,-13630.488,0.000,0,0,0,0,0.00,nan,1,2,1024,nan,2,2,40,1,1,11,11,0,0,0,105187135,0.04126,0.00635,0.95117,0.95209,-0.00505,-0.00001,-0.00114,0.00518,0.95625,0.00701,0.00649,3,12256,0,7212,18.95464,18.84128,0.99402,86,1,85.150,115,1,4,4331,187491,0,0,0.000,0.750,3.000,0,0.000,0.750,3.000,0,0,0,0,0
PPG,4,109932,4398831552,90,36342,34910,48974.422,-14064.422,0.000,0,0,0,0,0.00,nan,1,2,1024,nan,2,2,40,1,1,12,12,0,0,0,105226363,0.04517,0.00586,0.95166,0.95275,-0.00558,-0.00055,-0.00221,0.00603,0.95275,0.00243,0.00603,3,12245,0,7212,18.95464,18.84128,0.99402,86,1,85.150,115,1,4,4322,187491,0,0,0.000,0.750,3.000,0,0.000,0.750,3.000,0,0,0,0,0
PPG,4,109933,4398871552,101,36211,34792,48832.598,-14040.598,0.000,0,0,0,0,0.00,nan,1,2,1024,nan,2,2,40,1,1,13,13,0,0,0,105303945,0.03662,0.00342,0.95386,0.95457,-0.00532,-0.00055,-0.00221,0.00578,0.95684,0.00409,0.00593,2,62954,0,7217,18.95464,18.84128,0.99402,86,1,85.150,115,1,4,62992,187491,0,0,0.000,0.750,3.000,0,0.000,0.750,3.000,0,0,0,0,0
PPG,4,109934,4398911552,88,36597,35208,48696.352,-13488.352,0.000,0,0,0,0,0.00,nan,1,2,1024,nan,2,2,40,1,1,14,14,0,0,0,105316065,0.03613,0.00732,0.94946,0.95018,-0.00585,0.00025,-0.00274,0.00646,0.95018,0.00439,0.00646,1,12120,0,7217,18.95464,18.84128,0.99402,86,1,85.150,115,1,4,12035,187491,0,0,0.000,0.750,3.000,0,0.000,0.750,3.000,0,0,0,0,0
PPG,4,109935,4398951552,93,37245,35826,48567.648,-12741.648,0.000,0,0,0,0,0.00,nan,1,2,1024,nan,2,2,40,1,1,15,15,0,0,0,105340395,0.04126,0.00757,0.95068,0.95161,-0.00558,-0.00081,-0.00300,0.00639,0.95161,0.00298,0.00639,2,12311,0,7217,18.95464,18.84128,0.99402,86,1,85.150,115,1,4,2620,187491,0,0,0.000,0.750,3.000,0,0.000,0.750,3.000,0,0,0,0,0
PPG,4,109936,4398991552,101,37348,35939,48441.363,-12502.363,0.000,0,0,0,0,0.00,nan,1,2,1024,nan,2,2,40,1,1,16,16,0,0,0,105401204,0.03955,0.00635,0.94531,0.94616,-0.00558,-0.00081,-0.00194,0.00597,0.95733,0.00768,0.00602,4,16323,0,7217,18.95464,18.84128,0.99402,86,1,85.150,115,1,4,16262,187491,0,0,0.000,0.750,3.000,0,0.000,0.750,3.000,0,0,0,0,0
PPG,4,109937,4399031552,91,37051,35628,48313.230,-12685.230,0.000,0,0,0,0,0.00,nan,1,2,1024,nan,2,2,40,1,1,17,17,0,0,0,105425572,0.03564,0.00610,0.94922,0.94991,-0.00558,-0.00135,-0.00221,0.00615,0.95022,0.00406,0.00615,2,12275,0,7217,18.95464,18.84128,0.99402,86,1,85.150,115,1,4,2624,187491,0,0,0.000,0.750,3.000,0,0.000,0.750,3.000,0,0,0,0,0
PPG,4,109938,4399071552,91,36519,35098,48181.078,-13083.078,0.000,0,0,0,0,0.00,nan,1,2,1024,nan,2,2,40,1,1,18,18,0,0,0,105467396,0.04126,0.00659,0.95459,0.95550,-0.00692,-0.00161,-0.00114,0.00719,0.95550,0.00916,0.00719,3,12271,0,7217,18.95464,18.84128,0.99402,86,1,85.150,115,1,4,4329,187491,0,0,0.000,0.750,3.000,0,0.000,0.750,3.000,0,0,0,0,0
PPG,4,109939,4399111552,514,35869,34494,48044.207,-13550.207,274.570,0,0,0,0,0.00,nan,1,2,1024,nan,4,1,40,1,1,19,19,0,0,0,105506548,0.03906,0.00537,0.95068,0.95150,-0.00532,-0.00188,-0.00194,0.00596,0.95229,0.00374,0.00764,3,12253,0,7217,8.02863,8.04590,1.00215,86,1,84.946,150,1,2,4338,187491,0,0,0.000,0.750,3.000,0,0.000,0.750,3.000,0,0,0,0,0
PPG,4,109940,4399151552,158,35701,34369,47907.453,-13538.453,192.395,0,0,0,0,0.00,nan,1,2,1024,nan,4,1,40,1,1,20,20,0,0,0,105546137,0.04028,0.00757,0.95068,0.95157,-0.00638,-0.00055,-0.00167,0.00662,0.95667,0.00801,0.00683,3,12220,0,7217,8.02863,8.04590,1.00215,86,1,84.946,150,1,2,4321,187491,0,0,0.000,0.750,3.000,0,0.000,0.750,3.000,0,0,0,0,0
PPG,4,109941,4399191552,111,35737,34407,47772.449,-13365.449,49.566,0,0,0,0,0.00,nan,1,2,1024,nan,4,1,40,1,1,21,21,0,0,0,105585370,0.03979,0.00000,0.95044,0.95127,-0.00612,-0.00188,-0.00247,0.00686,0.95218,0.00442,0.00712,3,12223,0,7217,8.02863,8.04590,1.00215,86,1,84.946,150,1,2,2644,187491,0,0,0.000,0.750,3.000,0,0.000,0.750,3.000,0,0,0,0,0
PPG,4,109942,4399231552,110,35307,33957,47634.293,-13677.293,-193.285,0,0,0,0,0.00,nan,1,2,1024,nan,4,1,40,1,1,22,22,0,0,0,105627154,0.03442,0.00366,0.95410,0.95473,-0.00585,-0.00081,-0.00141,0.00607,0.95473,0.00264,0.00622,3,12219,0,7217,8.02863,8.04590,1.00215,86,1,84.946,150,1,2,4325,187491,0,0,0.000,0.750,3.000,0,0.000,0.750,3.000,0,0,0,0,0
PPG,4,109943,4399271552,110,34102,32704,47484.988,-14780.988,-527.230,0,0,0,0,0.00,nan,1,2,1024,nan,4,1,40,1,1,23,23,0,0,0,105666381,0.03979,0.00488,0.95703,0.95787,-0.00638,-0.00028,-0.00300,0.00706,0.95787,0.00416,0.00706,3,12320,0,7217,8.02863,8.04590,1.00215,86,1,84.946,150,1,2,4336,187491,0,0,0.000,0.750,3.000,0,0.000,0.750,3.000,0,0,0,0,0
PPG,4,109944,4399311552,110,33008,31560,47325.738,-15765.738,-920.270,0,0,0,0,0.00,nan,1,2,1024,nan,4,1,40,1,1,24,24,0,0,0,105705453,0.03979,0.00684,0.95581,0.95666,-0.00692,-0.00081,-0.00141,0.00710,0.95666,0.00658,0.00710,3,12120,0,7217,8.02863,8.04590,1.00215,86,1,84.946,150,1,2,2602,187491,0,0,0.000,0.750,3.000,0,0.000,0.750,3.000,0,0,0,0,0
PPG,4,109945,4399351552,110,32640,31196,47164.441,-15968.441,-1300.551,0,0,0,0,0.00,nan,1,2,1024,nan,4,1,40,1,1,25,25,0,0,0,105746958,0.03882,0.00903,0.95239,0.95323,-0.00558,-0.00188,-0.00141,0.00606,0.95323,0.00653,0.00628,3,12122,0,7217,8.02863,8.04590,1.00215,86,1,84.946,150,1,2,4296,187491,0,0,0.000,0.750,3.000,0,0.000,0.750,3.000,0,0,0,0,0
PPG,4,109946,4399391552,111,32590,31163,47004.426,-15841.426,-1613.408,0,0,0,0,0.00,nan,1,2,1024,nan,4,1,40,1,1,26,26,0,0,0,105785938,0.04150,0.00757,0.95508,0.95601,-0.00612,-0.00001,-0.00221,0.00650,0.95601,0.00360,0.00671,3,12149,0,7217,8.02863,8.04590,1.00215,86,1,84.946,150,1,2,4295,187491,0,0,0.000,0.750,3.000,0,0.000,0.750,3.000,0,0,0,0,0
PPG,4,109947,4399431552,110,32740,31336,46847.742,-15511.742,-1881.092,0,0,0,0,0.00,nan,1,2,1024,nan,4,1,40,1,1,27,27,0,0,0,105824820,0.03760,0.00415,0.95313,0.95388,-0.00612,-0.00108,-0.00114,0.00632,0.95388,0.00767,0.00637,3,12140,0,7217,8.02863,8.04590,1.00215,86,1,84.946,150,1,2,2598,187491,0,0,0.000,0.750,3.000,0,0.000,0.750,3.000,0,0,0,0,0
PPG,4,109948,4399471552,110,32775,31357,46692.836,-15335.836,-2140.908,0,0,0,0,0.00,nan,1,2,1024,nan,4,1,40,1,1,28,28,0,0,0,105866333,0.04053,0.00610,0.94751,0.94840,-0.00585,-0.00028,-0.00221,0.00626,0.95774,0.00501,0.00637,3,12132,0,7217,8.02863,8.04590,1.00215,86,1,84.946,150,1,2,4296,187491,0,0,0.000,0.750,3.000,0,0.000,0.750,3.000,0,0,0,0,0
PPG,4,109949,4399511552,113,32755,31333,46539.238,-15206.238,-2308.465,0,0,0,0,0.00,nan,1,2,1024,nan,4,1,40,1,1,29,29,0,0,0,105905226,0.03857,0.00757,0.95313,0.95394,-0.00638,-0.00135,-0.00114,0.00662,0.95398,0.00559,0.00669,3,12112,0,7217,8.02863,8.04590,1.00215,86,1,84.946,150,1,2,2597,187491,0,0,0.000,0.750,3.000,0,0.000,0.750,3.000,0,0,0,0,0
PPG,4,109950,4399551552,111,32713,31308,46386.926,-15078.926,-2281.693,0,0,0,0,0.00,nan,1,2,1024,nan,4,1,40,1,1,30,30,0,0,0,105946682,0.03809,0.00928,0.95093,0.95174,-0.00692,-0.00055,-0.00274,0.00746,0.95903,0.00729,0.00746,3,12122,0,7217,8.02863,8.04590,1.00215,86,1,84.946,150,1,2,4294,187491,0,0,0.000,0.750,3.000,0,0.000,0.750,3.000,0,0,0,0,0
PPG,4,109951,4399591552,111,33366,31945,46242.508,-14297.508,-2049.643,0,0,0,0,0.00,nan,1,2,1024,nan,4,1,40,1,1,31,31,0,0,0,105985584,0.04175,0.00317,0.95386,0.95478,-0.00558,-0.00161,-0.00061,0.00584,0.95601,0.00258,0.00754,3,12131,0,7217,8.02863,8.04590,1.00215,86,1,84.946,150,1,2,2595,187491,0,0,0.000,0.750,3.000,0,0.000,0.750,3.000,0,0,0,0,0
PPG,4,109952,4399631552,110,33736,32327,46103.352,-13776.352,-1758.924,0,0,0,0,0.00,nan,1,2,1024,nan,4,1,40,1,1,0,0,0,0,0,106027046,0.03931,0.00586,0.94873,0.94956,-0.00585,-0.00028,-0.00167,0.00609,0.95152,0.00355,0.00611,3,12111,0,7217,8.02863,8.04590,1.00215,86,1,84.946,150,1,2,4301,187491,0,0,0.000,0.750,3.000,0,0.000,0.750,3.000,0,0,0,0,0
PPG,4,109953,4399671552,110,32725,31256,45954.879,-14698.879,-1568.836,0,0,0,0,0.00,nan,1,2,1024,nan,4,1,40,1,1,1,1,0,0,0,106065931,0.04077,0.00586,0.95264,0.95353,-0.00532,0.00025,-0.00247,0.00587,0.95443,0.00390,0.00642,3,12119,0,7217,8.02863,8.04590,1.00215,86,1,84.946,150,1,2,4315,187491,0,0,0.000,0.750,3.000,0,0.000,0.750,3.000,0,0,0,0,0
PPG,4,109954,4399711552,110,31486,29975,45795.082,-15820.082,-1501.613,0,0,0,0,0.00,nan,1,2,1024,nan,4,1,40,1,1,2,2,0,0,0,106104840,0.04150,0.00635,0.95142,0.95234,-0.00585,-0.00001,-0.00221,0.00625,0.95868,0.00994,0.00691,3,12123,0,7217,8.02863,8.04590,1.00215,86,1,84.946,150,1,2,2594,187491,0,0,0.000,0.750,3.000,0,0.000,0.750,3.000,0,0,0,0,0
PPG,4,109955,4399751552,111,33221,31824,45655.371,-13831.371,-1234.801,0,0,0,0,0.00,nan,1,2,1024,nan,4,1,40,1,1,3,3,0,0,0,106146330,0.03784,0.00244,0.94922,0.94998,-0.00612,0.00105,-0.00167,0.00643,0.95884,0.00847,0.00660,3,12132,0,7217,8.02863,8.04590,1.00215,86,1,84.946,150,1,2,4297,187491,0,0,0.000,0.750,3.000,0,0.000,0.750,3.000,0,0,0,0,0
PPG,4,109956,4399791552,114,34318,32838,45527.199,-12689.199,-864.750,0,0,0,0,0.00,nan,1,2,1024,nan,4,1,40,1,1,4,4,0,0,0,106185233,0.03784,0.00464,0.95581,0.95657,-0.00558,0.00025,-0.00221,0.00601,0.95657,0.00608,0.00601,3,12131,0,7217,8.02863,8.04590,1.00215,86,1,84.946,150,1,2,2598,187491,0,0,0.000,0.750,3.000,0,0.000,0.750,3.000,0,0,0,0,0
PPG,4,109957,4399831552,111,32944,31278,45384.707,-14106.707,-651.535,0,0,0,0,0.00,nan,1,2,1024,nan,4,1,40,1,1,5,5,0,0,0,106226688,0.04468,0.00903,0.95313,0.95421,-0.00425,-0.00108,-0.00114,0.00453,0.95446,0.00251,0.00576,3,12123,0,7217,8.02863,8.04590,1.00215,86,1,84.946,150,1,2,4294,187491,0,0,0.000,0.750,3.000,0,0.000,0.750,3.000,0,0,0,0,0
PPG,4,109958,4399871552,132,28051,26342,45194.281,-18852.281,-1014.164,0,0,0,0,0.00,nan,3,2,1280,nan,4,1,40,1,1,6,6,0,0,0,106265551,0.04077,0.00684,0.95068,0.95158,-0.00585,-0.00055,-0.00087,0.00594,0.95326,0.00168,0.00720,3,12113,0,7217,8.02863,8.04590,1.00215,86,1,84.946,150,1,4,2600,187491,0,0,0.000,0.750,3.000,0,0.000,0.750,3.000,0,0,3,4000,0
PPG,4,109959,4399911552,96,27599,26211,45004.449,-18793.449,0.000,0,0,0,0,0.00,nan,3,2,1280,nan,4,1,40,1,1,7,7,0,0,0,106307192,0.04028,0.00513,0.95239,0.95326,-0.00612,-0.00055,-0.00167,0.00637,0.95792,0.00634,0.00637,3,12114,0,7217,8.02863,8.04590,1.00215,86,1,84.946,150,1,4,4294,187491,0,0,0.000,0.750,3.000,0,0.000,0.750,3.000,0,0,3,3960,0
PPG,4,109960,4399951552,97,28662,27235,44826.754,-17591.754,0.000,0,0,0,0,0.00,nan,3,2,1280,nan,4,1,40,1,1,8,8,0,0,0,106346013,0.03906,0.00684,0.95166,0.95249,-0.00585,0.00025,-0.00194,0.00617,0.95519,0.00617,0.00636,3,12115,0,7217,8.02863,8.04590,1.00215,86,1,84.946,150,1,4,4308,187491,0,0,0.000,0.750,3.000,0,0.000,0.750,3.000,0,0,3,3920,0
PPG,4,109961,4399991552,99,26244,24510,44623.586,-20113.586,0.000,0,0,0,0,0.00,nan,3,2,1280,nan,4,1,40,1,1,9,9,0,0,0,106401126,0.03955,0.00464,0.94702,0.94786,-0.00585,-0.00295,-0.00114,0.00665,0.95130,0.00519,0.00665,4,16251,0,7217,8.02863,8.04590,1.00215,86,1,84.946,150,1,4,16195,187491,0,0,0.000,0.750,3.000,0,0.000,0.750,3.000,0,0,3,4000,0
PPG,4,109962,4400031552,97,21450,19952,44376.871,-24424.871,0.000,0,0,0,0,0.00,nan,3,2,1280,nan,4,1,40,1,1,10,10,0,0,0,106425338,0.03564,0.00049,0.95435,0.95501,-0.00638,-0.00401,-0.00034,0.00755,0.95929,0.01143,0.00804,2,12179,0,7217,8.02863,8.04590,1.00215,86,1,84.946,150,1,4,2594,187491,0,0,0.000,0.750,3.000,0,0.000,0.750,3.000,0,0,3,4000,0
PPG,4,109963,4400071552,103,20653,19724,44130.344,-24406.344,0.000,0,0,0,0,0.00,nan,3,2,1280,nan,4,1,40,1,1,11,11,0,0,0,106466749,0.04028,0.00928,0.94873,0.94963,-0.00692,-0.00028,-0.00274,0.00744,0.95467,0.00399,0.00744,3,12112,0,7217,8.02863,8.04590,1.00215,86,1,84.946,150,1,4,4299,187491,0,0,0.000,0.750,3.000,0,0.000,0.750,3.000,0,0,3,3960,0
PPG,4,109964,4400111552,474,21483,20716,43896.199,-23180.199,0.000,0,0,0,0,0.00,nan,3,2,1280,nan,4,1,40,1,1,12,12,0,0,0,106505608,0.03857,0.00684,0.94995,0.95076,-0.00692,-0.00161,-0.00141,0.00724,0.95632,0.00702,0.00724,3,12128,0,7217,9.25434,9.00754,0.97333,80,1,85.667,166,1,4,2595,187491,0,0,0.000,0.750,3.000,0,0.000,0.750,3.000,0,0,3,3920,0
PPG,4,109965,4400151552,142,22954,22390,43681.137,-21291.137,0.000,0,0,0,0,0.00,nan,3,2,1280,nan,4,1,40,1,1,13,13,0,0,0,106547468,0.04150,0.00635,0.94409,0.94502,-0.00452,-0.00055,-0.00114,0.00469,0.95274,0.00771,0.00607,3,12120,0,7217,9.25434,9.00754,0.97333,80,1,85.667,166,1,4,4299,187491,0,0,0.000,0.750,3.000,0,0.000,0.750,3.000,0,0,3,4000,0
PPG,4,109966,4400191552,96,24954,24581,43490.137,-18909.137,0.000,0,0,0,0,0.00,nan,3,2,1280,nan,4,1,40,1,1,14,14,0,0,0,106586396,0.04102,0.00586,0.94922,0.95012,-0.00505,0.00025,-0.00194,0.00542,0.95344,0.00841,0.00611,3,12159,0,7217,9.25434,9.00754,0.97333,80,1,85.667,166,1,4,4322,187491,0,0,0.000,0.750,3.000,0,0.000,0.750,3.000,0,0,3,4000,0
PPG,4,109967,4400231552,99,25863,25490,43310.137,-17820.137,0.000,0,0,0,0,0.00,nan,3,2,1280,nan,4,1,40,1,1,15,15,0,0,0,106625280,0.04004,0.00684,0.94824,0.94911,-0.00612,-0.00055,-0.00167,0.00637,0.95669,0.00734,0.00691,3,12131,0,7217,9.25434,9.00754,0.97333,80,1,85.667,166,1,4,2597,187491,0,0,0.000,0.750,3.000,0,0.000,0.750,3.000,0,0,3,3960,0
PPG,4,109968,4400271552,98,26148,25754,43134.574,-17380.574,0.000,0,0,0,0,0.00,nan,3,2,1280,nan,4,1,40,1,1,16,16,0,0,0,106666696,0.03955,0.00903,0.94946,0.95033,-0.00692,-0.00135,-0.00087,0.00710,0.95270,0.00459,0.00723,3,12112,0,7217,9.25434,9.00754,0.97333,80,1,85.667,166,1,4,4294,187491,0,0,0.000,0.750,3.000,0,0.000,0.750,3.000,0,0,3,3920,0
PPG,4,109969,4400311552,98,26038,25627,42959.500,-17332.500,0.000,0,0,0,0,0.00,nan,3,2,1280,nan,4,1,40,1,1,17,17,0,0,0,106705558,0.04004,0.00586,0.94971,0.95057,-0.00638,-0.00188,-0.00141,0.00680,0.95057,0.00245,0.00680,3,12111,0,7217,9.25434,9.00754,0.97333,80,1,85.667,166,1,4,2598,187491,0,0,0.000,0.750,3.000,0,0.000,0.750,3.000,0,0,3,3880,0
PPG,4,109970,4400351552,98,26319,25984,42789.746,-16805.746,0.000,0,0,0,0,0.00,nan,3,2,1280,nan,4,1,40,1,1,18,18,0,0,0,106746983,0.03833,0.00879,0.95093,0.95174,-0.00532,-0.00108,-0.00114,0.00554,0.95174,0.00397,0.00643,3,12119,0,7217,9.25434,9.00754,0.97333,80,1,85.667,166,1,4,4304,187491,0,0,0.000,0.750,3.000,0,0.000,0.750,3.000,0,0,3,3840,0
PPG,4,109971,4400391552,99,26784,26522,42627.070,-16105.070,0.000,0,0,0,0,0.00,nan,3,2,1280,nan,4,1,40,1,1,19,19,0,0,0,106785830,0.03784,0.00464,0.94971,0.95047,-0.00612,-0.00055,-0.00247,0.00662,0.95544,0.00497,0.00682,3,12118,0,7217,9.25434,9.00754,0.97333,80,1,85.667,166,1,4,2594,187491,0,0,0.000,0.750,3.000,0,0.000,0.750,3.000,0,0,3,3800,0
PPG,4,109972,4400431552,98,27384,27180,42472.602,-15292.602,0.000,0,0,0,0,0.00,nan,3,2,1280,nan,4,1,40,1,1,20,20,0,0,0,106827596,0.03833,0.00464,0.94678,0.94756,-0.00479,0.00025,-0.00141,0.00499,0.95518,0.00630,0.00618,3,12187,0,7217,9.25434,9.00754,0.97333,80,1,85.667,166,1,4,4295,187491,0,0,0.000,0.750,3.000,0,0.000,0.750,3.000,0,0,3,3760,0
PPG,4,109973,4400471552,99,27584,27370,42321.574,-14951.574,0.000,0,0,0,0,0.00,nan,3,2,1280,nan,4,1,40,1,1,21,21,0,0,0,106866453,0.03735,0.00586,0.94702,0.94778,-0.00612,-0.00135,-0.00194,0.00656,0.95502,0.00724,0.00656,3,12108,0,7217,9.25434,9.00754,0.97333,80,1,85.667,166,1,4,4295,187491,0,0,0.000,0.750,3.000,0,0.000,0.750,3.000,0,0,3,3720,0
PPG,4,109974,4400511552,97,27327,27079,42169.148,-15090.148,0.000,0,0,0,0,0.00,nan,3,2,1280,nan,4,1,40,1,1,22,22,0,0,0,106905365,0.03735,0.00317,0.95361,0.95435,-0.00585,-0.00081,-0.00167,0.00614,0.95435,0.00300,0.00614,3,12193,0,7217,9.25434,9.00754,0.97333,80,1,85.667,166,1,4,2599,187491,0,0,0.000,0.750,3.000,0,0.000,0.750,3.000,0,0,3,3680,0
PPG,4,109975,4400551552,122,27370,27114,42018.598,-14904.598,0.000,0,0,0,0,0.00,nan,3,2,1280,nan,4,1,40,1,1,23,23,0,0,0,106946862,0.04126,0.00806,0.95093,0.95186,-0.00612,-0.00028,-0.00114,0.00623,0.95963,0.00541,0.00649,3,12106,0,7217,9.25434,9.00754,0.97333,80,1,85.667,166,1,4,4324,187491,0,0,0.000,0.750,3.000,0,0.000,0.750,3.000,0,0,3,3640,0
PPG,4,109976,4400591552,162,27317,27041,41868.820,-14827.820,0.000,0,0,0,0,0.00,nan,3,2,1280,nan,4,1,40,1,1,24,24,0,0,0,106986116,0.04248,0.00708,0.95239,0.95337,-0.00665,-0.00028,-0.00167,0.00686,0.95337,0.01048,0.00694,3,12212,0,7217,9.25434,9.00754,0.97333,80,1,85.667,166,1,4,4385,187491,0,0,0.000,0.750,3.000,0,0.000,0.750,3.000,0,0,3,3600,0
PPG,4,109977,4400631552,99,27284,27021,41720.344,-14699.344,0.000,0,0,0,0,0.00,nan,3,2,1280,nan,4,1,40,1,1,25,25,0,0,0,107025499,0.04248,0.00537,0.94360,0.94457,-0.00585,-0.00028,-0.00194,0.00617,0.95211,0.00753,0.00635,3,12259,0,7217,9.25434,9.00754,0.97333,80,1,85.667,166,1,4,2626,187491,0,0,0.000,0.750,3.000,0,0.000,0.750,3.000,0,0,3,3560,0
PPG,4,109978,4400671552,118,27396,27138,41574.520,-14436.520,1902.766,0,0,0,0,0.00,nan,3,2,1280,nan,4,1,40,1,1,26,26,0,0,0,107067371,0.03833,0.00659,0.94995,0.95075,-0.00585,-0.00135,-0.00167,0.00623,0.95674,0.01143,0.00623,3,12251,0,7217,9.25434,9.00754,0.97333,80,1,85.667,166,1,4,4348,187491,0,0,0.000,0.750,3.000,0,0.000,0.750,3.000,0,0,3,3520,0
PPG,4,109979,4400711552,126,27960,27725,41436.023,-13711.023,1904.922,0,0,0,0,0.00,nan,3,2,1280,nan,4,1,40,1,1,27,27,0,0,0,107106747,0.03955,0.00537,0.95532,0.95616,-0.00558,-0.00081,-0.00247,0.00616,0.95675,0.00600,0.00623,3,12310,0,7217,9.25434,9.00754,0.97333,80,1,85.667,166,1,4,4348,187491,0,0,0.000,0.750,3.000,0,0.000,0.750,3.000,0,0,3,3480,0
PPG,4,109980,4400751552,127,28727,28558,41307.242,-12749.242,2008.484,0,0,0,0,0.00,nan,3,2,1280,nan,4,1,40,1,1,28,28,0,0,0,107146020,0.03638,0.00830,0.94995,0.95068,-0.00638,-0.00055,-0.00167,0.00662,0.95132,0.00486,0.00662,3,12249,0,7217,9.25434,9.00754,0.97333,80,1,85.667,166,1,4,4342,187491,0,0,0.000,0.750,3.000,0,0.000,0.750,3.000,0,0,3,3440,0
PPG,4,109981,4400791552,119,29344,29227,41186.441,-11959.441,2079.492,0,0,0,0,0.00,nan,3,2,1280,nan,4,1,40,1,1,29,29,0,0,0,107185272,0.03687,0.00757,0.95264,0.95338,-0.00612,-0.00028,-0.00221,0.00651,0.95786,0.00469,0.00688,3,12260,0,7217,9.25434,9.00754,0.97333,80,1,85.667,166,1,4,2633,187491,0,0,0.000,0.750,3.000,0,0.000,0.750,3.000,0,0,3,3400,0
PPG,4,109982,4400831552,120,29039,28901,41063.586,-12162.586,1887.328,0,0,0,0,0.00,nan,3,2,1280,nan,4,1,40,1,1,30,30,0,0,0,107227147,0.03857,0.00488,0.95215,0.95294,-0.00532,-0.00001,-0.00167,0.00557,0.95471,0.00382,0.00606,3,12247,0,7217,9.25434,9.00754,0.97333,80,1,85.667,166,1,4,4334,187491,0,0,0.000,0.750,3.000,0,0.000,0.750,3.000,0,0,3,3360,0
PPG,4,109983,4400871552,135,28162,27979,40932.738,-12953.738,1608.578,0,0,0,0,0.00,nan,3,2,1280,nan,4,1,40,1,1,31,31,0,0,0,107266380,0.03882,0.00659,0.94507,0.94589,-0.00505,-0.00081,-0.00141,0.00531,0.95395,0.00586,0.00602,3,12256,0,7217,9.25434,9.00754,0.97333,80,1,85.667,166,1,4,4334,187491,0,0,0.000,0.750,3.000,0,0.000,0.750,3.000,0,0,3,3320,0
PPG,4,109984,4400911552,119,27417,27202,40795.430,-13593.430,1310.135,0,0,0,0,0.00,nan,3,2,1280,nan,4,1,40,1,1,0,0,0,0,0,107305703,0.04004,0.00513,0.94873,0.94959,-0.00585,-0.00108,-0.00141,0.00611,0.95025,0.00416,0.00627,3,12282,0,7217,9.25434,9.00754,0.97333,80,1,85.667,166,1,4,2630,187491,0,0,0.000,0.750,3.000,0,0.000,0.750,3.000,0,0,3,3280,0
PPG,4,109985,4400951552,119,26939,26686,40654.336,-13968.336,1030.766,0,0,0,0,0.00,nan,3,2,1280,nan,4,1,40,1,1,1,1,0,0,0,107347498,0.04053,0.00659,0.95313,0.95401,-0.00585,-0.00108,-0.00194,0.00626,0.95401,0.00273,0.00626,3,12231,0,7217,9.25434,9.00754,0.97333,80,1,85.667,166,1,4,4343,187491,0,0,0.000,0.750,3.000,0,0.000,0.750,3.000,0,0,3,3240,0
PPG,4,109986,4400991552,121,27156,26923,40517.023,-13594.023,799.092,0,0,0,0,0.00,nan,3,2,1280,nan,4,1,40,1,1,2,2,0,0,0,107403120,0.03931,0.01074,0.94702,0.94790,-0.00558,-0.00001,-0.00114,0.00570,0.95428,0.00494,0.00656,4,16395,0,7217,9.25434,9.00754,0.97333,80,1,85.667,166,1,4,16296,187491,0,0,0.000,0.750,3.000,0,0.000,0.750,3.000,0,0,3,3200,0
PPG,4,109987,4401031552,123,28283,28124,40393.094,-12269.094,605.393,0,0,0,0,0.00,nan,3,2,1280,nan,4,1,40,1,1,3,3,0,0,0,107427608,0.03833,0.00317,0.95044,0.95122,-0.00612,-0.00055,-0.00167,0.00637,0.95326,0.00536,0.00637,2,12287,0,7217,9.25434,9.00754,0.97333,80,1,85.667,166,1,4,4337,187491,0,0,0.000,0.750,3.000,0,0.000,0.750,3.000,0,0,3,3160,0
PPG,4,109988,4401071552,126,29185,29054,40279.703,-11225.703,415.678,0,0,0,0,0.00,nan,3,2,1280,nan,4,1,40,1,1,4,4,0,0,0,107466737,0.04102,0.00781,0.94849,0.94940,-0.00558,-0.00055,-0.00221,0.00603,0.95885,0.00945,0.00603,3,12188,0,7217,9.25434,9.00754,0.97333,80,1,85.667,166,1,4,4331,187491,0,0,0.000,0.750,3.000,0,0.000,0.750,3.000,0,0,3,3120,0
PPG,4,109989,4401111552,505,28894,28715,40164.055,-11449.055,234.707,0,0,0,0,0.00,nan,3,2,1280,nan,2,2,40,1,1,5,5,0,0,0,107505902,0.04199,0.00879,0.95850,0.95946,-0.00638,-0.00028,-0.00087,0.00645,0.95946,0.00595,0.00710,3,12244,0,7217,12.36080,13.07167,1.05751,84,1,83.562,125,1,4,2647,187491,0,0,0.000,0.750,3.000,0,0.000,0.750,3.000,0,0,3,3080,0
PPG,4,109990,4401151552,164,28245,28002,40042.434,-12040.434,137.092,0,0,0,0,0.00,nan,3,2,1280,nan,2,2,40,1,1,6,6,0,0,0,107548237,0.04443,0.00903,0.95313,0.95420,-0.00505,-0.00188,-0.00167,0.00564,0.95529,0.00491,0.00611,3,12244,0,7217,12.36080,13.07167,1.05751,84,1,83.562,125,1,4,4319,187491,0,0,0.000,0.750,3.000,0,0.000,0.750,3.000,0,0,3,3040,0
PPG,4,109991,4401191552,118,28479,28251,39924.520,-11673.520,200.500,0,0,0,0,0.00,nan,3,2,1280,nan,2,2,40,1,1,7,7,0,0,0,107587517,0.04150,0.00732,0.95337,0.95430,-0.00612,-0.00055,-0.00167,0.00637,0.95430,0.00482,0.00695,3,12219,0,7217,12.36080,13.07167,1.05751,84,1,83.562,125,1,4,4328,187491,0,0,0.000,0.750,3.000,0,0.000,0.750,3.000,0,0,3,3000,0
PPG,4,109992,4401231552,118,28781,28589,39811.164,-11222.164,401.908,0,0,0,0,0.00,nan,3,2,1280,nan,2,2,40,1,1,8,8,0,0,0,107626627,0.03760,0.00659,0.95068,0.95145,-0.00558,-0.00001,-0.00007,0.00558,0.95148,0.00283,0.00635,3,12129,0,7217,12.36080,13.07167,1.05751,84,1,83.562,125,1,4,4337,187491,0,0,0.000,0.750,3.000,0,0.000,0.750,3.000,0,0,3,2960,0
PPG,4,109993,4401271552,116,28784,28569,39698.742,-11129.742,577.100,0,0,0,0,0.00,nan,3,2,1280,nan,2,2,40,1,1,9,9,0,0,0,107665695,0.03931,0.00293,0.95410,0.95492,-0.00558,-0.00001,-0.00167,0.00583,0.95738,0.00602,0.00623,3,12115,0,7217,12.36080,13.07167,1.05751,84,1,83.562,125,1,4,2627,187491,0,0,0.000,0.750,3.000,0,0.000,0.750,3.000,0,0,3,2920,0
PPG,4,109994,4401311552,119,28942,28759,39589.344,-10830.344,583.814,0,0,0,0,0.00,nan,3,2,1280,nan,2,2,40,1,1,10,10,0,0,0,107707202,0.04199,0.00830,0.95288,0.95384,-0.00612,-0.00161,-0.00221,0.00670,0.96141,0.01207,0.00670,3,12108,0,7217,12.36080,13.07167,1.05751,84,1,83.562,125,1,4,4308,187491,0,0,0.000,0.750,3.000,0,0.000,0.750,3.000,0,0,3,2880,0
PPG,4,109995,4401351552,121,29331,29179,39485.242,-10306.242,498.422,0,0,0,0,0.00,nan,3,2,1280,nan,2,2,40,1,1,11,11,0,0,0,107746136,0.04150,0.00537,0.95532,0.95624,-0.00585,-0.00135,-0.00114,0.00611,0.95984,0.00600,0.00671,3,12119,0,7217,12.36080,13.07167,1.05751,84,1,83.562,125,1,4,2595,187491,0,0,0.000,0.750,3.000,0,0.000,0.750,3.000,0,0,3,2840,0
PPG,4,109996,4401391552,118,29170,29025,39380.641,-10355.641,443.508,0,0,0,0,0.00,nan,3,2,1280,nan,2,2,40,1,1,12,12,0,0,0,107787621,0.04053,0.00513,0.95581,0.95668,-0.00479,-0.00028,-0.00167,0.00508,0.95668,0.00609,0.00649,3,12118,0,7217,12.36080,13.07167,1.05751,84,1,83.562,125,1,4,4298,187491,0,0,0.000,0.750,3.000,0,0.000,0.750,3.000,0,0,3,2800,0
PPG,4,109997,4401431552,116,28438,28261,39269.445,-11008.445,418.508,0,0,0,0,0.00,nan,3,2,1280,nan,2,2,40,1,1,13,13,0,0,0,107826582,0.04077,0.00513,0.95508,0.95596,-0.00585,-0.00135,-0.00087,0.00607,0.95596,0.00668,0.00624,3,12166,0,7217,12.36080,13.07167,1.05751,84,1,83.562,125,1,4,4300,187491,0,0,0.000,0.750,3.000,0,0.000,0.750,3.000,0,0,3,2760,0
PPG,4,109998,4401471552,119,28074,27858,39155.332,-11297.332,326.365,0,0,0,0,0.00,nan,3,2,1280,nan,2,2,40,1,1,14,14,0,0,0,107865468,0.04077,0.00415,0.94946,0.95035,-0.00558,-0.00081,-0.00221,0.00606,0.95035,0.00752,0.00615,3,12123,0,7217,12.36080,13.07167,1.05751,84,1,83.562,125,1,4,2602,187491,0,0,0.000,0.750,3.000,0,0.000,0.750,3.000,0,0,3,2720,0
PPG,4,109999,4401511552,116,28585,28437,39048.148,-10611.148,269.051,0,0,0,0,0.00,nan,3,2,1280,nan,2,2,40,1,1,15,15,0,0,0,107906963,0.03906,0.00464,0.95386,0.95467,-0.00585,-0.00108,-0.00114,0.00606,0.95467,0.00402,0.00683,3,12117,0,7217,12.36080,13.07167,1.05751,84,1,83.562,125,1,4,4301,187491,0,0,0.000,0.750,3.000,0,0.000,0.750,3.000,0,0,3,2680,0
PPG,4,110000,4401551552,119,29141,29014,38947.809,-9933.809,309.822,0,0,0,0,0.00,nan,3,2,1280,nan,2,2,40,1,1,16,16,0,0,0,107946016,0.04053,0.00342,0.95288,0.95375,-0.00532,0.00105,-0.00167,0.00567,0.95375,0.00516,0.00742,3,12109,0,7217,12.36080,13.07167,1.05751,84,1,83.562,125,1,4,2602,187491,0,0,0.000,0.750,3.000,0,0.000,0.750,3.000,0,0,3,2640,0
PPG,4,110001,4401591552,116,29774,29694,38855.270,-9161.270,420.043,0,0,0,0,0.00,nan,3,2,1280,nan,2,2,40,1,1,17,17,0,0,0,107987531,0.03882,0.00684,0.95923,0.96004,-0.00532,-0.00055,-0.00061,0.00538,0.96004,0.01104,0.00609,3,12129,0,7217,12.36080,13.07167,1.05751,84,1,83.562,125,1,4,4307,187491,0,0,0.000,0.750,3.000,0,0.000,0.750,3.000,0,0,3,2600,0
PPG,4,110002,4401631552,118,30185,30135,38768.066,-8633.066,494.914,0,0,0,0,0.00,nan,3,2,1280,nan,2,2,40,1,1,18,18,0,0,0,108026478,0.03687,0.00659,0.95215,0.95288,-0.00692,0.00025,-0.00061,0.00695,0.95388,0.00938,0.00695,3,12161,0,7217,12.36080,13.07167,1.05751,84,1,83.562,125,1,4,4304,187491,0,0,0.000,0.750,3.000,0,0.000,0.750,3.000,0,0,3,2560,0
PPG,4,110003,4401671552,116,30119,30084,38681.227,-8597.227,540.949,0,0,0,0,0.00,nan,3,2,1280,nan,2,2,40,1,1,19,19,0,0,0,108065357,0.04150,0.00488,0.94653,0.94746,-0.00718,-0.00055,-0.00087,0.00726,0.95402,0.00656,0.00732,3,12118,0,7217,12.36080,13.07167,1.05751,84,1,83.562,125,1,4,2622,187491,0,0,0.000,0.750,3.000,0,0.000,0.750,3.000,0,0,3,2520,0
PPG,4,110004,4401711552,118,29641,29629,38590.703,-8961.703,615.027,0,0,0,0,0.00,nan,3,2,1280,nan,2,2,40,1,1,20,20,0,0,0,108106879,0.03857,0.00659,0.95166,0.95246,-0.00585,-0.00108,-0.00114,0.00606,0.95246,0.00446,0.00606,3,12128,0,7217,12.36080,13.07167,1.05751,84,1,83.562,125,1,4,4301,187491,0,0,0.000,0.750,3.000,0,0.000,0.750,3.000,0,0,3,2480,0
PPG,4,110005,4401751552,116,29477,29470,38499.496,-9029.496,706.115,0,0,0,0,0.00,nan,3,2,1280,nan,2,2,40,1,1,21,21,0,0,0,108145866,0.04004,0.00464,0.95410,0.95495,-0.00558,-0.00081,-0.00141,0.00582,0.95495,0.00406,0.00603,3,12121,0,7217,12.36080,13.07167,1.05751,84,1,83.562,125,1,4,2604,187491,0,0,0.000,0.750,3.000,0,0.000,0.750,3.000,0,0,3,2440,0
PPG,4,110006,4401791552,118,29746,29783,38412.332,-8629.332,755.400,0,0,0,0,0.00,nan,3,2,1280,nan,2,2,40,1,1,22,22,0,0,0,108187352,0.04248,0.00708,0.94824,0.94922,-0.00585,-0.00081,-0.00061,0.00594,0.95292,0.00205,0.00617,3,12115,0,7217,12.36080,13.07167,1.05751,84,1,83.562,125,1,4,4304,187491,0,0,0.000,0.750,3.000,0,0.000,0.750,3.000,0,0,3,2400,0
PPG,4,110007,4401831552,152,30533,30624,38334.449,-7710.449,860.400,0,0,0,0,0.00,nan,3,2,1280,nan,2,2,40,1,1,23,23,0,0,0,108226329,0.04004,0.00317,0.94995,0.95080,-0.00585,-0.00001,-0.00167,0.00609,0.95568,0.00767,0.00630,3,12161,0,7217,12.36080,13.07167,1.05751,84,1,83.562,125,1,4,4337,187491,0,0,0.000,0.750,3.000,0,0.000,0.750,3.000,0,0,3,2360,0
PPG,4,110008,4401871552,130,31289,31453,38265.633,-6812.633,991.734,0,0,0,0,0.00,nan,3,2,1280,nan,2,2,40,1,1,24,24,0,0,0,108265784,0.03809,0.00537,0.95142,0.95219,-0.00479,-0.00001,-0.00114,0.00492,0.95542,0.00515,0.00630,3,12120,0,7217,12.36080,13.07167,1.05751,84,1,83.562,125,1,4,2600,187491,0,0,0.000,0.750,3.000,0,0.000,0.750,3.000,0,0,3,2320,0
PPG,4,110009,4401911552,116,31438,31597,38198.945,-6601.945,1056.492,0,0,0,0,0.00,nan,3,2,1280,nan,2,2,40,1,1,25,25,0,0,0,108307445,0.03467,0.00513,0.94702,0.94767,-0.00558,-0.00108,-0.00034,0.00570,0.95368,0.00477,0.00594,3,12116,0,7217,12.36080,13.07167,1.05751,84,1,83.562,125,1,4,4295,187491,0,0,0.000,0.750,3.000,0,0.000,0.750,3.000,0,0,3,2280,0
PPG,4,110010,4401951552,118,31472,31682,38133.777,-6451.777,1100.777,0,0,0,0,0.00,nan,3,2,1280,nan,2,2,40,1,1,26,26,0,0,0,108346379,0.04126,0.00684,0.95605,0.95697,-0.00558,-0.00135,-0.00194,0.00606,0.95741,0.00974,0.00606,3,12119,0,7217,12.36080,13.07167,1.05751,84,1,83.562,125,1,4,4304,187491,0,0,0.000,0.750,3.000,0,0.000,0.750,3.000,0,0,3,2240,0
PPG,4,110011,4401991552,121,31463,31685,38069.289,-6384.289,1222.793,0,0,0,0,0.00,nan,3,2,1280,nan,2,2,40,1,1,27,27,0,0,0,108404092,0.03833,0.00952,0.94653,0.94736,-0.00638,0.00105,-0.00114,0.00657,0.95936,0.01201,0.00660,4,18814,0,7217,12.36080,13.07167,1.05751,84,1,83.562,125,1,4,14452,187491,0,0,0.000,0.750,3.000,0,0.000,0.750,3.000,0,0,3,2200,0
PPG,4,110012,4402031552,120,31605,31815,38006.746,-6191.746,1396.492,0,0,0,0,0.00,nan,3,2,1280,nan,2,2,40,1,1,28,28,0,0,0,108428370,0.04224,0.01099,0.95483,0.95583,-0.00585,-0.00135,-0.00061,0.00603,0.95583,0.00536,0.00617,2,12181,0,7217,12.36080,13.07167,1.05751,84,1,83.562,125,1,4,4303,187491,0,0,0.000,0.750,3.000,0,0.000,0.750,3.000,0,0,3,2160,0
PPG,4,110013,4402071552,118,32183,32345,37950.129,-5605.129,1573.693,0,0,0,0,0.00,nan,3,2,1280,nan,2,2,40,1,1,29,29,0,0,0,108467296,0.04077,0.00635,0.95288,0.95377,-0.00532,-0.00081,-0.00221,0.00581,0.95568,0.00172,0.00712,3,12117,0,7217,12.36080,13.07167,1.05751,84,1,83.562,125,1,4,4299,187491,0,0,0.000,0.750,3.000,0,0.000,0.750,3.000,0,0,3,2120,0
PPG,4,110014,4402111552,504,32995,33140,37902.027,-4762.027,1714.072,0,0,0,0,0.00,nan,3,2,1280,nan,2,2,40,1,1,30,30,0,0,0,108506179,0.04175,0.00562,0.95313,0.95406,-0.00585,-0.00161,-0.00141,0.00623,0.95611,0.00206,0.00623,3,12114,0,7217,12.27395,13.14155,1.07069,85,1,83.233,187,1,4,2602,187491,0,0,0.000,0.750,3.000,0,0.000,0.750,3.000,0,0,3,2080,0
PPG,4,110015,4402151552,162,33334,33471,37857.719,-4386.719,1787.758,0,0,0,0,0.00,nan,3,2,1280,nan,2,2,40,1,1,31,31,0,0,0,108548134,0.04028,0.01025,0.95020,0.95110,-0.00638,-0.00028,-0.00194,0.00668,0.95211,0.00194,0.00668,3,12114,0,7217,12.27395,13.14155,1.07069,85,1,83.233,187,1,4,4302,187491,0,0,0.000,0.750,3.000,0,0.000,0.750,3.000,0,0,3,2040,0
PPG,4,110016,4402191552,120,32524,32625,37805.391,-5180.391,1754.615,0,0,0,0,0.00,nan,3,2,1280,nan,2,2,40,1,1,0,0,0,0,0,108587086,0.04077,0.00439,0.95898,0.95986,-0.00479,0.00025,-0.00274,0.00552,0.95986,0.01295,0.00607,3,12113,0,7217,12.27395,13.14155,1.07069,85,1,83.233,187,1,4,4298,187491,0,0,0.000,0.750,3.000,0,0.000,0.750,3.000,0,0,3,2000,0
PPG,4,110017,4402231552,119,31574,31641,37743.746,-6102.746,1579.758,0,0,0,0,0.00,nan,3,2,1280,nan,2,2,40,1,1,1,1,0,0,0,108625961,0.04272,0.00928,0.95142,0.95242,-0.00452,-0.00055,-0.00034,0.00456,0.95290,0.01027,0.00626,3,12118,0,7217,12.27395,13.14155,1.07069,85,1,83.233,187,1,4,2617,187491,0,0,0.000,0.750,3.000,0,0.000,0.750,3.000,0,0,3,1960,0
PPG,4,110018,4402271552,118,31174,31248,37678.789,-6430.789,1347.828,0,0,0,0,0.00,nan,3,2,1280,nan,2,2,40,1,1,2,2,0,0,0,108667445,0.03906,0.00464,0.95288,0.95369,-0.00532,0.00025,-0.00087,0.00540,0.95716,0.00474,0.00640,3,12114,0,7217,12.27395,13.14155,1.07069,85,1,83.233,187,1,4,4294,187491,0,0,0.000,0.750,3.000,0,0.000,0.750,3.000,0,0,3,1920,0
PPG,4,110019,4402311552,118,31652,31765,37619.652,-5854.652,1174.285,0,0,0,0,0.00,nan,3,2,1280,nan,2,2,40,1,1,3,3,0,0,0,108706317,0.04321,0.00488,0.95117,0.95217,-0.00585,-0.00001,-0.00221,0.00625,0.95217,0.00504,0.00644,3,12117,0,7217,12.27395,13.14155,1.07069,85,1,83.233,187,1,4,2597,187491,0,0,0.000,0.750,3.000,0,0.000,0.750,3.000,0,0,3,1880,0
PPG,4,110020,4402351552,123,32422,32552,37568.977,-5016.977,1026.957,0,0,0,0,0.00,nan,3,2,1280,nan,2,2,40,1,1,4,4,0,0,0,108747830,0.04175,0.00391,0.94434,0.94527,-0.00532,-0.00055,-0.00141,0.00553,0.95253,0.00683,0.00597,3,12134,0,7217,12.27395,13.14155,1.07069,85,1,83.233,187,1,4,4296,187491,0,0,0.000,0.750,3.000,0,0.000,0.750,3.000,0,0,3,1840,0
PPG,4,110021,4402391552,118,32656,32766,37520.945,-4754.945,819.928,0,0,0,0,0.00,nan,3,2,1280,nan,2,2,40,1,1,5,5,0,0,0,108786688,0.04004,0.00244,0.94653,0.94738,-0.00505,-0.00028,-0.00167,0.00533,0.95468,0.00941,0.00660,3,12106,0,7217,12.27395,13.14155,1.07069,85,1,83.233,187,1,4,4295,187491,0,0,0.000,0.750,3.000,0,0.000,0.750,3.000,0,0,3,1800,0
PPG,4,110022,4402431552,119,32455,32524,37470.977,-4946.977,565.193,0,0,0,0,0.00,nan,3,2,1280,nan,2,2,40,1,1,6,6,0,0,0,108825554,0.03955,0.00757,0.94897,0.94983,-0.00692,-0.00001,-0.00141,0.00706,0.95109,0.00371,0.00744,3,12109,0,7217,12.27395,13.14155,1.07069,85,1,83.233,187,1,4,2599,187491,0,0,0.000,0.750,3.000,0,0.000,0.750,3.000,0,0,3,1760,0
PPG,4,110023,4402471552,118,31818,31881,37415.078,-5534.078,369.057,0,0,0,0,0.00,nan,3,2,1280,nan,2,2,40,1,1,7,7,0,0,0,108867152,0.04297,0.00732,0.95142,0.95241,-0.00532,-0.00081,-0.00247,0.00592,0.95624,0.00386,0.00686,3,12112,0,7217,12.27395,13.14155,1.07069,85,1,83.233,187,1,4,4301,187491,0,0,0.000,0.750,3.000,0,0.000,0.750,3.000,0,0,3,1720,0
PPG,4,110024,4402511552,118,31024,31037,37351.297,-6314.297,212.373,0,0,0,0,0.00,nan,3,2,1280,nan,2,2,40,1,1,8,8,0,0,0,108906042,0.03833,0.00366,0.95581,0.95659,-0.00585,-0.00055,-0.00141,0.00604,0.95659,0.01105,0.00685,3,12111,0,7217,12.27395,13.14155,1.07069,85,1,83.233,187,1,4,2599,187491,0,0,0.000,0.750,3.000,0,0.000,0.750,3.000,0,0,3,1680,0
PPG,4,110025,4402551552,118,30362,30317,37280.953,-6963.953,37.021,0,0,0,0,0.00,nan,3,2,1280,nan,2,2,40,1,1,9,9,0,0,0,108947567,0.04175,0.00659,0.95044,0.95138,-0.00612,-0.00108,-0.00087,0.00627,0.95138,0.00783,0.00655,3,12157,0,7217,12.27395,13.14155,1.07069,85,1,83.233,187,1,4,4299,187491,0,0,0.000,0.750,3.000,0,0.000,0.750,3.000,0,0,3,1640,0
PPG,4,110026,4402591552,118,30360,30315,37211.293,-6896.293,-196.723,0,0,0,0,0.00,nan,3,2,1280,nan,2,2,40,1,1,10,10,0,0,0,108986445,0.03979,-0.00073,0.95093,0.95176,-0.00585,0.00052,-0.00087,0.00594,0.95605,0.00467,0.00635,3,12118,0,7217,12.27395,13.14155,1.07069,85,1,83.233,187,1,4,2605,187491,0,0,0.000,0.750,3.000,0,0.000,0.750,3.000,0,0,3,1600,0
PPG,4,110027,4402631552,119,31003,30980,37148.980,-6168.980,-439.092,0,0,0,0,0.00,nan,3,2,1280,nan,2,2,40,1,1,11,11,0,0,0,109027930,0.03613,0.00464,0.94922,0.94992,-0.00745,-0.00028,-0.00221,0.00777,0.95335,0.00436,0.00777,3,12122,0,7217,12.27395,13.14155,1.07069,85,1,83.233,187,1,4,4298,187491,0,0,0.000,0.750,3.000,0,0.000,0.750,3.000,0,0,3,1560,0
PPG,4,110028,4402671552,118,31272,31235,37089.840,-5854.840,-646.908,0,0,0,0,0.00,nan,3,2,1280,nan,2,2,40,1,1,12,12,0,0,0,109066857,0.03955,0.00269,0.95508,0.95590,-0.00558,-0.00108,-0.00087,0.00575,0.95590,0.00393,0.00697,3,12115,0,7217,12.27395,13.14155,1.07069,85,1,83.233,187,1,4,4311,187491,0,0,0.000,0.750,3.000,0,0.000,0.750,3.000,0,0,3,1520,0
PPG,4,110029,4402711552,119,30509,30428,37023.223,-6595.223,-887.885,0,0,0,0,0.00,nan,3,2,1280,nan,2,2,40,1,1,13,13,0,0,0,109105756,0.03711,0.00586,0.95410,0.95484,-0.00585,0.00025,-0.00141,0.00602,0.95484,0.00761,0.00602,3,12115,0,7217,12.27395,13.14155,1.07069,85,1,83.233,187,1,4,2598,187491,0,0,0.000,0.750,3.000,0,0.000,0.750,3.000,0,0,3,1480,0
PPG,4,110030,4402751552,118,29245,29085,36943.840,-7858.840,-1157.465,0,0,0,0,0.00,nan,3,2,1280,nan,2,2,40,1,1,14,14,0,0,0,109147249,0.04126,0.00244,0.95166,0.95256,-0.00505,-0.00028,-0.00354,0.00617,0.95256,0.00706,0.00617,3,12122,0,7217,12.27395,13.14155,1.07069,85,1,83.233,187,1,4,4315,187491,0,0,0.000,0.750,3.000,0,0.000,0.750,3.000,0,0,3,1440,0
PPG,4,110031,4402791552,122,28619,28462,36859.020,-8397.020,-1364.172,0,0,0,0,0.00,nan,3,2,1280,nan,2,2,40,1,1,15,15,0,0,0,109186152,0.04150,0.00513,0.95142,0.95233,-0.00585,-0.00055,-0.00247,0.00638,0.95591,0.00415,0.00686,3,12113,0,7217,12.27395,13.14155,1.07069,85,1,83.233,187,1,4,2599,187491,0,0,0.000,0.750,3.000,0,0.000,0.750,3.000,0,0,3,1400,0
PPG,4,110032,4402831552,119,28626,28474,36775.168,-8301.168,-1460.408,0,0,0,0,0.00,nan,3,2,1280,nan,2,2,40,1,1,16,16,0,0,0,109227643,0.04126,0.00610,0.94727,0.94818,-0.00505,0.00105,-0.00141,0.00535,0.95158,0.00340,0.00646,3,12116,0,7217,12.27395,13.14155,1.07069,85,1,83.233,187,1,4,4300,187491,0,0,0.000,0.750,3.000,0,0.000,0.750,3.000,0,0,3,1360,0
PPG,4,110033,4402871552,123,28648,28508,36692.496,-8184.496,-1526.699,0,0,0,0,0.00,nan,3,2,1280,nan,2,2,40,1,1,17,17,0,0,0,109266744,0.03931,0.00391,0.94702,0.94784,-0.00532,-0.00055,-0.00194,0.00569,0.95064,0.00263,0.00622,3,12115,0,7217,12.27395,13.14155,1.07069,85,1,83.233,187,1,4,4298,187491,0,0,0.000,0.750,3.000,0,0.000,0.750,3.000,0,0,3,1320,0
PPG,4,110034,4402911552,121,29305,29251,36618.082,-7367.082,-1579.250,0,0,0,0,0.00,nan,3,2,1280,nan,2,2,40,1,1,18,18,0,0,0,109305851,0.04150,0.00854,0.94897,0.94992,-0.00532,0.00025,-0.00114,0.00544,0.95443,0.00482,0.00655,3,12119,0,7217,12.27395,13.14155,1.07069,85,1,83.233,187,1,4,2596,187491,0,0,0.000,0.750,3.000,0,0.000,0.750,3.000,0,0,3,1280,0
PPG,4,110035,4402951552,143,29748,29690,36548.801,-6858.801,-1610.914,0,0,0,0,0.00,nan,3,2,1280,nan,2,2,40,1,1,19,19,0,0,0,109347681,0.03784,0.00659,0.95288,0.95365,-0.00585,-0.00001,-0.00194,0.00616,0.95365,0.00521,0.00642,3,12251,0,7217,12.27395,13.14155,1.07069,85,1,83.233,187,1,4,4331,187491,0,0,0.000,0.750,3.000,0,0.000,0.750,3.000,0,0,3,1240,0
PPG,4,110036,4402991552,119,29356,29240,36475.711,-7235.711,-1611.377,0,0,0,0,0.00,nan,3,2,1280,nan,2,2,40,1,1,20,20,0,0,0,109386965,0.04175,0.00293,0.94751,0.94843,-0.00585,-0.00108,-0.00141,0.00611,0.95816,0.00972,0.00650,3,12260,0,7217,12.27395,13.14155,1.07069,85,1,83.233,187,1,4,4348,187491,0,0,0.000,0.750,3.000,0,0.000,0.750,3.000,0,0,3,1200,0
PPG,4,110037,4403031552,149,28422,28181,36392.766,-8211.766,-1567.521,0,0,0,0,0.00,nan,3,2,1280,nan,2,2,40,1,1,21,21,0,0,0,109426007,0.03320,0.00610,0.94922,0.94982,-0.00585,-0.00108,-0.00247,0.00644,0.94982,0.00203,0.00644,2,12315,0,7218,12.27395,13.14155,1.07069,85,1,83.233,187,1,4,2631,187491,0,0,0.000,0.750,3.000,0,0.000,0.750,3.000,0,0,3,1160,0
PPG,4,110038,4403071552,138,27505,27171,36300.547,-9129.547,-1548.100,0,0,0,0,0.00,nan,3,2,1280,nan,2,2,40,1,1,22,22,0,0,0,109468025,0.03491,0.00610,0.94751,0.94817,-0.00558,0.00025,-0.00141,0.00576,0.95603,0.00621,0.00666,3,12260,0,7218,12.27395,13.14155,1.07069,85,1,83.233,187,1,4,4344,187491,0,0,0.000,0.750,3.000,0,0.000,0.750,3.000,0,0,3,1120,0
PPG,4,110039,4403111552,519,27454,27148,36209.020,-9061.020,-1506.678,0,0,0,0,0.00,nan,3,2,1280,nan,4,1,40,1,1,23,23,0,0,0,109507320,0.03931,0.00415,0.95166,0.95248,-0.00638,-0.00081,-0.00114,0.00654,0.95248,0.00265,0.00686,3,12230,0,7218,9.75412,9.74074,0.99863,85,1,85.034,125,1,4,4337,187491,0,0,0.000,0.750,3.000,0,0.000,0.750,3.000,0,0,3,1080,0
PPG,4,110040,4403151552,162,28563,28358,36130.508,-7772.508,-1318.408,0,0,0,0,0.00,nan,3,2,1280,nan,4,1,40,1,1,24,24,0,0,0,109547015,0.03809,0.00586,0.95825,0.95903,-0.00638,-0.00081,-0.00167,0.00665,0.95903,0.00430,0.00665,3,12248,0,7218,9.75412,9.74074,0.99863,85,1,85.034,125,1,4,4345,187491,0,0,0.000,0.750,3.000,0,0.000,0.750,3.000,0,0,3,1040,0
PPG,4,110041,4403191552,134,29815,29678,36065.984,-6387.984,-1103.008,0,0,0,0,0.00,nan,3,2,1280,nan,4,1,40,1,1,25,25,0,0,0,109586291,0.03735,0.00830,0.95435,0.95511,-0.00612,-0.00135,-0.00194,0.00656,0.95568,0.00784,0.00718,3,12248,0,7218,9.75412,9.74074,0.99863,85,1,85.034,125,1,4,2611,187491,0,0,0.000,0.750,3.000,0,0.000,0.750,3.000,0,0,3,1000,0
PPG,4,110042,4403231552,118,30140,30008,36005.406,-5997.406,-931.777,0,0,0,0,0.00,nan,3,2,1280,nan,4,1,40,1,1,26,26,0,0,0,109628189,0.04150,0.00977,0.95581,0.95676,-0.00585,0.00079,-0.00114,0.00601,0.95676,0.00449,0.00653,3,12255,0,7218,9.75412,9.74074,0.99863,85,1,85.034,125,1,4,4336,187491,0,0,0.000,0.750,3.000,0,0.000,0.750,3.000,0,0,3,960,0
PPG,4,110043,4403271552,125,29738,29609,35941.441,-6332.441,-765.465,0,0,0,0,0.00,nan,3,2,1280,nan,4,1,40,1,1,27,27,0,0,0,109667420,0.04248,0.00977,0.95020,0.95119,-0.00638,-0.00028,-0.00141,0.00654,0.95793,0.01064,0.00654,3,12236,0,7218,9.75412,9.74074,0.99863,85,1,85.034,125,1,4,4315,187491,0,0,0.000,0.750,3.000,0,0.000,0.750,3.000,0,0,3,920,0
PPG,4,110044,4403311552,118,29904,29794,35879.969,-6085.969,-472.885,0,0,0,0,0.00,nan,3,2,1280,nan,4,1,40,1,1,28,28,0,0,0,109706635,0.03735,0.00244,0.94946,0.95020,-0.00532,-0.00108,-0.00194,0.00576,0.95426,0.00586,0.00685,3,12231,0,7218,9.75412,9.74074,0.99863,85,1,85.034,125,1,4,2623,187491,0,0,0.000,0.750,3.000,0,0.000,0.750,3.000,0,0,3,880,0
PPG,4,110045,4403351552,117,30728,30634,35827.508,-5193.508,5.979,0,0,0,0,0.00,nan,3,2,1280,nan,4,1,40,1,1,29,29,0,0,0,109748475,0.03833,0.00977,0.95068,0.95151,-0.00532,-0.00028,-0.00194,0.00567,0.95278,0.00258,0.00693,3,12238,0,7218,9.75412,9.74074,0.99863,85,1,85.034,125,1,4,4333,187491,0,0,0.000,0.750,3.000,0,0.000,0.750,3.000,0,0,3,840,0
PPG,4,110046,4403391552,128,31086,31019,35779.422,-4760.422,523.777,0,0,0,0,0.00,nan,3,2,1280,nan,4,1,40,1,1,30,30,0,0,0,109787718,0.04053,0.00244,0.95532,0.95618,-0.00505,0.00025,-0.00141,0.00525,0.95618,0.00809,0.00617,3,12245,0,7218,9.75412,9.74074,0.99863,85,1,85.034,125,1,4,4314,187491,0,0,0.000,0.750,3.000,0,0.000,0.750,3.000,0,0,3,800,0
PPG,4,110047,4403431552,118,32443,32482,35746.449,-3264.449,1037.822,0,0,0,0,0.00,nan,3,2,1280,nan,4,1,40,1,1,31,31,0,0,0,109826882,0.03833,0.00195,0.94995,0.95073,-0.00479,-0.00001,-0.00194,0.00516,0.95073,0.00838,0.00648,3,12235,0,7218,9.75412,9.74074,0.99863,85,1,85.034,125,1,4,4332,187491,0,0,0.000,0.750,3.000,0,0.000,0.750,3.000,0,0,3,760,0
PPG,4,110048,4403471552,128,33514,33567,35724.656,-2157.656,1476.793,0,0,0,0,0.00,nan,3,2,1280,nan,4,1,40,1,1,0,0,0,0,0,109866148,0.04443,0.00635,0.95728,0.95833,-0.00612,-0.00028,-0.00087,0.00619,0.95833,0.00760,0.00622,3,12294,0,7218,9.75412,9.74074,0.99863,85,1,85.034,125,1,4,2619,187491,0,0,0.000,0.750,3.000,0,0.000,0.750,3.000,0,0,3,720,0
PPG,4,110049,4403511552,117,32724,32726,35694.668,-2968.668,1750.178,0,0,0,0,0.00,nan,3,2,1280,nan,4,1,40,1,1,1,1,0,0,0,109907954,0.03833,0.00708,0.95459,0.95539,-0.00585,-0.00001,-0.00194,0.00616,0.95539,0.00842,0.00645,3,12234,0,7218,9.75412,9.74074,0.99863,85,1,85.034,125,1,4,4340,187491,0,0,0.000,0.750,3.000,0,0.000,0.750,3.000,0,0,3,680,0
PPG,4,110050,4403551552,163,31463,31436,35652.082,-4216.082,1893.627,0,0,0,0,0.00,nan,3,2,1280,nan,4,1,40,1,1,2,2,0,0,0,109947105,0.03955,0.00488,0.94678,0.94762,-0.00558,-0.00001,-0.00167,0.00583,0.95214,0.00455,0.00675,3,12121,0,7218,9.75412,9.74074,0.99863,85,1,85.034,125,1,4,4302,187491,0,0,0.000,0.750,3.000,0,0.000,0.750,3.000,0,0,3,640,0
PPG,4,110051,4403591552,115,31186,31213,35607.691,-4394.691,1958.793,0,0,0,0,0.00,nan,3,2,1280,nan,4,1,40,1,1,3,3,0,0,0,109986260,0.03760,0.00317,0.94897,0.94972,-0.00532,-0.00055,-0.00167,0.00560,0.95641,0.00880,0.00560,3,12117,0,7218,9.75412,9.74074,0.99863,85,1,85.034,125,1,4,2599,187491,0,0,0.000,0.750,3.000,0,0.000,0.750,3.000,0,0,3,600,0
PPG,4,110052,4403631552,118,32012,32101,35572.625,-3471.625,1987.016,0,0,0,0,0.00,nan,3,2,1280,nan,4,1,40,1,1,4,4,0,0,0,110027709,0.03955,0.01025,0.95044,0.95132,-0.00612,-0.00081,-0.00061,0.00620,0.95320,0.00348,0.00665,3,12106,0,7218,9.75412,9.74074,0.99863,85,1,85.034,125,1,4,4296,187491,0,0,0.000,0.750,3.000,0,0.000,0.750,3.000,0,0,3,560,0
PPG,4,110053,4403671552,115,32415,32475,35541.648,-3066.648,1996.664,0,0,0,0,0.00,nan,3,2,1280,nan,4,1,40,1,1,5,5,0,0,0,110066637,0.03882,0.00464,0.94873,0.94954,-0.00425,-0.00081,-0.00114,0.00448,0.95508,0.00376,0.00673,3,12146,0,7218,9.75412,9.74074,0.99863,85,1,85.034,125,1,4,2630,187491,0,0,0.000,0.750,3.000,0,0.000,0.750,3.000,0,0,3,520,0
PPG,4,110054,4403711552,136,32313,32382,35510.051,-3128.051,1825.828,0,0,0,0,0.00,nan,3,2,1280,nan,4,1,40,1,1,6,6,0,0,0,110108172,0.04102,0.00439,0.95239,0.95329,-0.00612,-0.00055,-0.00167,0.00637,0.95511,0.00400,0.00659,3,12128,0,7218,9.75412,9.74074,0.99863,85,1,85.034,125,1,4,4297,187491,0,0,0.000,518.764,4.251,0,0.000,528.361,4.655,0,0,3,480,0
PPG,4,110055,4403751552,117,31813,31876,35473.711,-3597.711,1474.957,0,0,0,0,0.00,nan,3,2,1280,nan,4,1,40,1,1,7,7,0,0,0,110147097,0.04517,0.00708,0.95313,0.95422,-0.00452,-0.00055,-0.00141,0.00476,0.95422,0.00732,0.00662,3,12118,0,7218,9.75412,9.74074,0.99863,85,1,85.034,125,1,4,4297,187491,0,0,0.000,518.764,4.251,0,0.000,528.361,4.655,0,0,3,440,0
PPG,4,110056,4403791552,120,31268,31307,35432.043,-4125.043,1168.893,0,0,0,0,0.00,nan,3,2,1280,nan,4,1,40,1,1,8,8,0,0,0,110186045,0.03760,0.00537,0.94409,0.94486,-0.00558,-0.00135,-0.00167,0.00598,0.95516,0.01030,0.00625,3,12129,0,7218,9.75412,9.74074,0.99863,85,1,85.034,125,1,4,2598,187491,0,0,0.000,518.764,4.251,0,0.000,528.361,4.655,0,0,3,400,0
PPG,4,110057,4403831552,117,31269,31341,35391.133,-4050.133,997.322,0,0,0,0,0.00,nan,3,2,1280,nan,4,1,40,1,1,9,9,0,0,0,110227582,0.03906,0.00391,0.95483,0.95564,-0.00638,-0.00108,-0.00194,0.00676,0.95564,0.00728,0.00688,3,12138,0,7218,9.75412,9.74074,0.99863,85,1,85.034,125,1,4,4306,187491,0,0,0.000,518.764,4.251,0,0.000,528.361,4.655,0,0,3,360,0
PPG,4,110058,4403871552,132,31577,31674,35353.961,-3679.961,838.027,0,0,0,0,0.00,nan,3,2,1280,nan,4,1,40,1,1,10,10,0,0,0,110304554,0.03979,0.00635,0.94458,0.94544,-0.00612,-0.00028,-0.00141,0.00628,0.94717,0.00847,0.00660,2,62364,0,7223,9.75412,9.74074,0.99863,85,1,85.034,125,1,4,62399,187491,0,0,0.000,518.764,4.251,0,0.000,528.361,4.655,0,0,3,320,0
PPG,4,110059,4403911552,115,31478,31569,35316.113,-3747.113,540.979,0,0,0,0,0.00,nan,3,2,1280,nan,4,1,40,1,1,11,11,0,0,0,110316687,0.03979,0.00610,0.95068,0.95154,-0.00665,0.00052,-0.00167,0.00688,0.95154,0.00610,0.00688,1,12133,0,7223,9.75412,9.74074,0.99863,85,1,85.034,125,1,4,12058,187491,0,0,0.000,518.764,4.251,0,0.000,528.361,4.655,0,0,3,280,0
PPG,4,110060,4403951552,120,31536,31599,35278.941,-3679.941,253.785,0,0,0,0,0.00,nan,3,2,1280,nan,4,1,40,1,1,12,12,0,0,0,110353064,0.03442,0.01074,0.95679,0.95747,-0.00718,-0.00081,-0.00141,0.00736,0.95747,0.00857,0.00736,3,12124,0,7223,9.75412,9.74074,0.99863,85,1,85.034,125,1,4,2586,187491,0,0,0.000,518.764,4.251,0,0.000,528.361,4.655,0,0,3,240,0
PPG,4,110061,4403991552,117,31745,31750,35243.652,-3493.652,59.900,0,0,0,0,0.00,nan,3,2,1280,nan,4,1,40,1,1,13,13,0,0,0,110389413,0.03784,0.00781,0.95459,0.95537,-0.00585,-0.00081,-0.00247,0.00640,0.95960,0.00733,0.00756,3,12146,0,7223,9.75412,9.74074,0.99863,85,1,85.034,125,1,4,4299,187491,0,0,0.000,518.764,4.251,0,0.000,528.361,4.655,0,0,3,200,0
PPG,4,110062,4404031552,126,31319,31296,35204.176,-3908.176,-87.357,0,0,0,0,0.00,nan,3,2,1280,nan,4,1,40,1,1,14,14,0,0,0,110428162,0.04004,0.00537,0.95313,0.95398,-0.00612,-0.00001,-0.00114,0.00622,0.95398,0.00288,0.00622,2,12201,0,7224,9.75412,9.74074,0.99863,85,1,85.034,125,1,4,4300,187491,0,0,0.000,518.764,4.251,0,0.000,528.361,4.655,0,0,3,160,0
PPG,4,110063,4404071552,116,31245,31237,35164.504,-3927.504,-178.758,0,0,0,0,0.00,nan,3,2,1280,nan,4,1,40,1,1,15,15,0,0,0,110467102,0.04102,0.00439,0.94971,0.95060,-0.00505,-0.00108,-0.00141,0.00535,0.95686,0.00625,0.00578,3,12121,0,7224,9.75412,9.74074,0.99863,85,1,85.034,125,1,4,4302,187491,0,0,0.000,518.764,4.251,0,0.000,528.361,4.655,0,0,3,120,0
PPG,4,110064,4404111552,511,31656,31723,35130.090,-3407.090,-220.635,0,0,0,0,0.00,nan,3,2,1280,nan,4,1,40,1,1,16,16,0,0,0,110506157,0.04053,0.00317,0.95386,0.95472,-0.00585,-0.00135,-0.00141,0.00617,0.95899,0.01157,0.00617,3,12112,0,7224,7.37751,6.85818,0.92961,85,1,86.760,125,1,4,2599,187491,0,0,0.000,518.764,4.251,0,0.000,528.361,4.655,0,0,3,80,0
PPG,4,110065,4404151552,159,31932,31971,35098.500,-3127.500,-245.057,0,0,0,0,0.00,nan,3,2,1280,nan,4,1,40,1,1,17,17,0,0,0,110548128,0.03882,0.00464,0.95630,0.95710,-0.00638,-0.00028,-0.00194,0.00668,0.95710,0.00746,0.00701,3,12136,0,7224,7.37751,6.85818,0.92961,85,1,86.760,125,1,4,4302,187491,0,0,0.000,518.764,4.251,0,0.000,528.361,4.655,0,0,3,40,0
PPG,4,110066,4404191552,127,32151,32260,35070.113,-2810.113,-208.393,0,0,0,0,0.00,nan,1,2,1024,nan,4,1,40,1,1,18,18,0,0,0,110587133,0.03931,0.00610,0.95264,0.95347,-0.00558,0.00052,-0.00087,0.00568,0.95486,0.00462,0.00568,3,12162,0,7224,7.37751,6.85818,0.92961,85,1,86.760,125,1,2,4308,187491,0,0,0.000,518.764,4.251,0,0.000,528.361,4.655,0,0,0,0,0
PPG,4,110067,4404231552,88,33139,33273,35052.141,-1779.141,0.000,0,0,0,0,0.00,nan,1,2,1024,nan,4,1,40,1,1,19,19,0,0,0,110626072,0.03516,0.00244,0.94824,0.94890,-0.00585,-0.00028,-0.00274,0.00647,0.95350,0.00461,0.00647,3,12120,0,7224,7.37751,6.85818,0.92961,85,1,86.760,125,1,2,2598,187491,0,0,0.000,0.750,3.000,0,0.000,0.750,3.000,0,0,0,0,0
PPG,4,110068,4404271552,91,33841,33960,35041.219,-1081.219,0.000,0,0,0,0,0.00,nan,1,2,1024,nan,4,1,40,1,1,20,20,0,0,0,110667478,0.03564,0.00342,0.95313,0.95380,-0.00558,-0.00108,-0.00300,0.00643,0.95380,0.00300,0.00643,3,12127,0,7224,7.37751,6.85818,0.92961,85,1,86.760,125,1,2,4321,187491,0,0,0.000,0.750,3.000,0,0.000,0.750,3.000,0,0,0,0,0
PPG,4,110069,4404311552,87,32930,33002,35020.828,-2018.828,0.000,0,0,0,0,0.00,nan,1,2,1024,nan,4,1,40,1,1,21,21,0,0,0,110706345,0.04370,0.00464,0.95044,0.95145,-0.00558,-0.00135,-0.00114,0.00586,0.95861,0.00721,0.00637,3,12110,0,7224,7.37751,6.85818,0.92961,85,1,86.760,125,1,2,2594,187491,0,0,0.000,0.750,3.000,0,0.000,0.750,3.000,0,0,0,0,0
PPG,4,110070,4404351552,91,31564,31609,34986.711,-3377.711,0.000,0,0,0,0,0.00,nan,1,2,1024,nan,4,1,40,1,1,22,22,0,0,0,110747727,0.04126,0.00659,0.95166,0.95258,-0.00558,-0.00001,-0.00141,0.00576,0.95258,0.00230,0.00628,3,12111,0,7224,7.37751,6.85818,0.92961,85,1,86.760,125,1,2,4301,187491,0,0,0.000,0.750,3.000,0,0.000,0.750,3.000,0,0,0,0,0
PPG,4,110071,4404391552,88,31762,31881,34955.652,-3074.652,0.000,0,0,0,0,0.00,nan,1,2,1024,nan,4,1,40,1,1,23,23,0,0,0,110786563,0.03906,0.00806,0.95117,0.95201,-0.00505,-0.00028,-0.00141,0.00525,0.95201,0.00168,0.00617,3,12145,0,7224,7.37751,6.85818,0.92961,85,1,86.760,125,1,2,2595,187491,0,0,0.000,0.750,3.000,0,0.000,0.750,3.000,0,0,0,0,0
PPG,4,110072,4404431552,91,33202,33400,34940.098,-1540.098,0.000,0,0,0,0,0.00,nan,1,2,1024,nan,4,1,40,1,1,24,24,0,0,0,110827997,0.04272,0.00610,0.95190,0.95288,-0.00665,-0.00108,-0.00141,0.00688,0.95519,0.00423,0.00688,3,12135,0,7224,7.37751,6.85818,0.92961,85,1,86.760,125,1,2,4329,187491,0,0,0.000,0.750,3.000,0,0.000,0.750,3.000,0,0,0,0,0
PPG,4,110073,4404471552,87,33463,33634,34927.035,-1293.035,0.000,0,0,0,0,0.00,nan,1,2,1024,nan,4,1,40,1,1,25,25,0,0,0,110866822,0.03906,0.00415,0.95190,0.95271,-0.00532,-0.00081,-0.00247,0.00592,0.95518,0.00436,0.00628,3,12116,0,7224,7.37751,6.85818,0.92961,85,1,86.760,125,1,2,2599,187491,0,0,0.000,0.750,3.000,0,0.000,0.750,3.000,0,0,0,0,0
PPG,4,110074,4404511552,91,33508,33693,34914.695,-1221.695,0.000,0,0,0,0,0.00,nan,1,2,1024,nan,4,1,40,1,1,26,26,0,0,0,110908263,0.04175,0.00586,0.94922,0.95015,-0.00585,-0.00055,-0.00141,0.00604,0.95635,0.00670,0.00604,3,12127,0,7224,7.37751,6.85818,0.92961,85,1,86.760,125,1,2,4294,187491,0,0,0.000,0.750,3.000,0,0.000,0.750,3.000,0,0,0,0,0
PPG,4,110075,4404551552,88,33548,33735,34902.898,-1167.898,0.000,0,0,0,0,0.00,nan,1,2,1024,nan,4,1,40,1,1,27,27,0,0,0,110947081,0.04175,0.00903,0.94946,0.95042,-0.00558,0.00025,-0.00114,0.00571,0.96074,0.01031,0.00648,3,12113,0,7224,7.37751,6.85818,0.92961,85,1,86.760,125,1,2,4299,187491,0,0,0.000,0.750,3.000,0,0.000,0.750,3.000,0,0,0,0,0
PPG,4,110076,4404591552,90,33098,33272,34886.590,-1614.590,0.000,0,0,0,0,0.00,nan,1,2,1024,nan,4,1,40,1,1,28,28,0,0,0,110985885,0.04492,0.00610,0.94995,0.95103,-0.00612,-0.00081,-0.00087,0.00623,0.95357,0.00315,0.00623,3,12127,0,7224,7.37751,6.85818,0.92961,85,1,86.760,125,1,2,2606,187491,0,0,0.000,0.750,3.000,0,0.000,0.750,3.000,0,0,0,0,0
PPG,4,110077,4404631552,87,32607,32778,34865.504,-2087.504,0.000,0,0,0,0,0.00,nan,1,2,1024,nan,4,1,40,1,1,29,29,0,0,0,111027328,0.04224,0.00415,0.95142,0.95236,-0.00585,-0.00135,-0.00247,0.00649,0.95236,0.00669,0.00659,3,12128,0,7224,7.37751,6.85818,0.92961,85,1,86.760,125,1,2,4297,187491,0,0,0.000,0.750,3.000,0,0.000,0.750,3.000,0,0,0,0,0
PPG,4,110078,4404671552,90,32795,32996,34846.809,-1850.809,0.000,0,0,0,0,0.00,nan,1,2,1024,nan,4,1,40,1,1,30,30,0,0,0,111066134,0.03613,0.00610,0.95068,0.95139,-0.00612,-0.00055,-0.00167,0.00637,0.95139,0.00271,0.00681,3,12121,0,7224,7.37751,6.85818,0.92961,85,1,86.760,125,1,2,2601,187491,0,0,0.000,0.750,3.000,0,0.000,0.750,3.000,0,0,0,0,0
PPG,4,110079,4404711552,116,33307,33542,34833.762,-1291.762,0.000,0,0,0,0,0.00,nan,1,2,1024,nan,4,1,40,1,1,31,31,0,0,0,111107859,0.04077,0.00049,0.95459,0.95546,-0.00505,-0.00081,-0.00167,0.00538,0.95546,0.00426,0.00589,3,12385,0,7224,7.37751,6.85818,0.92961,85,1,86.760,125,1,2,4344,187491,0,0,0.000,0.750,3.000,0,0.000,0.750,3.000,0,0,0,0,0
PPG,4,110080,4404751552,91,33900,34149,34826.914,-677.914,0.000,0,0,0,0,0.00,nan,1,2,1024,nan,4,1,40,1,1,0,0,0,0,0,111147006,0.03882,0.00562,0.94849,0.94930,-0.00612,-0.00081,-0.00114,0.00628,0.95163,0.00383,0.00682,3,12166,0,7224,7.37751,6.85818,0.92961,85,1,86.760,125,1,2,2597,187491,0,0,0.000,0.750,3.000,0,0.000,0.750,3.000,0,0,0,0,0
PPG,4,110081,4404791552,87,34408,34698,34825.625,-127.625,0.000,0,0,0,0,0.00,nan,1,2,1024,nan,4,1,40,1,1,1,1,0,0,0,111188415,0.04004,0.00854,0.95288,0.95376,-0.00532,-0.00055,-0.00007,0.00535,0.95376,0.00367,0.00685,3,12119,0,7224,7.37751,6.85818,0.92961,85,1,86.760,125,1,2,4307,187491,0,0,0.000,0.750,3.000,0,0.000,0.750,3.000,0,0,0,0,0
PPG,4,110082,4404831552,91,34240,34447,34821.840,-374.840,0.000,0,0,0,0,0.00,nan,1,2,1024,nan,4,1,40,1,1,2,2,0,0,0,111227397,0.04102,0.00610,0.94702,0.94793,-0.00612,-0.00001,-0.00247,0.00660,0.95183,0.00268,0.00660,3,12257,0,7224,7.37751,6.85818,0.92961,85,1,86.760,125,1,2,4298,187491,0,0,0.000,0.750,3.000,0,0.000,0.750,3.000,0,0,0,0,0
PPG,4,110083,4404871552,87,33035,33143,34805.051,-1662.051,0.000,0,0,0,0,0.00,nan,1,2,1024,nan,4,1,40,1,1,3,3,0,0,0,111266352,0.04053,0.00415,0.94751,0.94839,-0.00585,-0.00081,-0.00274,0.00651,0.95777,0.00984,0.00651,3,12211,0,7224,7.37751,6.85818,0.92961,85,1,86.760,125,1,2,2602,187491,0,0,0.000,0.750,3.000,0,0.000,0.750,3.000,0,0,0,0,0
PPG,4,110084,4404911552,91,32232,32284,34779.840,-2495.840,0.000,0,0,0,0,0.00,nan,1,2,1024,nan,4,1,40,1,1,4,4,0,0,0,111308091,0.04297,0.00415,0.94995,0.95093,-0.00585,-0.00081,-0.00167,0.00614,0.95482,0.00389,0.00614,3,12262,0,7224,7.37751,6.85818,0.92961,85,1,86.760,125,1,2,4331,187491,0,0,0.000,0.750,3.000,0,0.000,0.750,3.000,0,0,0,0,0
PPG,4,110085,4404951552,90,32419,32454,34756.582,-2302.582,0.000,0,0,0,0,0.00,nan,1,2,1024,nan,4,1,40,1,1,5,5,0,0,0,111347300,0.03955,0.00928,0.95410,0.95497,-0.00505,-0.00188,-0.00194,0.00573,0.95497,0.00315,0.00601,3,12286,0,7224,7.37751,6.85818,0.92961,85,1,86.760,125,1,2,4331,187491,0,0,0.000,0.750,3.000,0,0.000,0.750,3.000,0,0,0,0,0
PPG,4,110086,4404991552,187,33030,33091,34739.926,-1648.926,214.520,0,0,0,0,0.00,nan,1,2,1024,nan,4,1,40,1,1,6,6,0,0,0,111386468,0.03882,0.00684,0.94946,0.95028,-0.00612,-0.00081,-0.00194,0.00647,0.95168,0.00329,0.00647,3,12222,0,7224,7.37751,6.85818,0.92961,85,1,86.760,125,1,2,2633,187491,0,0,0.000,0.750,3.000,0,0.000,0.750,3.000,0,0,0,0,0
PPG,4,110087,4405031552,129,33410,33504,34727.566,-1223.566,110.828,0,0,0,0,0.00,nan,1,2,1024,nan,4,1,40,1,1,7,7,0,0,0,111432879,0.03979,0.00781,0.95361,0.95448,-0.00558,-0.00055,-0.00194,0.00594,0.95448,0.00568,0.00594,3,12312,0,7224,7.37751,6.85818,0.92961,85,1,86.760,125,1,2,2633,187491,0,0,0.000,0.750,3.000,0,0.000,0.750,3.000,0,0,0,0,0
PPG,4,110088,4405071552,116,33340,33407,34714.359,-1307.359,-45.949,0,0,0,0,0.00,nan,1,2,1024,nan,4,1,40,1,1,8,8,0,0,0,111469554,0.04028,0.00684,0.95288,0.95376,-0.00585,-0.00215,-0.00167,0.00645,0.95771,0.00674,0.00738,3,12215,0,7224,7.37751,6.85818,0.92961,85,1,86.760,125,1,2,4313,187491,0,0,0.000,0.750,3.000,0,0.000,0.750,3.000,0,0,0,0,0
PPG,4,110089,4405111552,495,32973,33031,34697.527,-1666.527,-249.684,0,0,0,0,0.00,nan,1,2,1024,nan,4,1,40,1,1,9,9,0,0,0,111508771,0.04126,0.00757,0.94580,0.94673,-0.00692,-0.00055,-0.00194,0.00720,0.95444,0.00495,0.00720,3,12275,0,7224,5.87900,5.48861,0.93359,83,1,86.660,150,1,2,4349,187491,0,0,0.000,0.750,3.000,0,0.000,0.750,3.000,0,0,0,0,0
PPG,4,110090,4405151552,159,32645,32687,34677.422,-1990.422,-368.730,0,0,0,0,0.00,nan,1,2,1024,nan,4,1,40,1,1,10,10,0,0,0,111548387,0.03735,0.00586,0.94995,0.95070,-0.00585,0.00025,-0.00221,0.00626,0.95070,0.00172,0.00673,3,12211,0,7224,5.87900,5.48861,0.93359,83,1,86.660,150,1,2,4334,187491,0,0,0.000,0.750,3.000,0,0.000,0.750,3.000,0,0,0,0,0
PPG,4,110091,4405191552,129,32003,32021,34650.859,-2629.859,-413.301,0,0,0,0,0.00,nan,1,2,1024,nan,4,1,40,1,1,11,11,0,0,0,111587720,0.03882,0.00317,0.94873,0.94953,-0.00532,0.00025,-0.00061,0.00536,0.94953,0.00247,0.00663,3,12255,0,7224,5.87900,5.48861,0.93359,83,1,86.660,150,1,2,4332,187491,0,0,0.000,0.750,3.000,0,0.000,0.750,3.000,0,0,0,0,0
PPG,4,110092,4405231552,139,31569,31560,34619.949,-3059.949,-449.016,0,0,0,0,0.00,nan,1,2,1024,nan,4,1,40,1,1,12,12,0,0,0,111627079,0.03613,0.00610,0.95190,0.95261,-0.00612,-0.00055,-0.00087,0.00620,0.95760,0.00719,0.00660,3,12266,0,7224,5.87900,5.48861,0.93359,83,1,86.660,150,1,2,2608,187491,0,0,0.000,0.750,3.000,0,0.000,0.750,3.000,0,0,0,0,0
PPG,4,110093,4405271552,112,32653,32738,34601.129,-1863.129,-454.643,0,0,0,0,0.00,nan,1,2,1024,nan,4,1,40,1,1,13,13,0,0,0,111668882,0.03809,0.00317,0.95776,0.95853,-0.00558,-0.00001,-0.00141,0.00576,0.95853,0.00856,0.00635,3,12238,0,7224,5.87900,5.48861,0.93359,83,1,86.660,150,1,2,4327,187491,0,0,0.000,0.750,3.000,0,0.000,0.750,3.000,0,0,0,0,0
PPG,4,110094,4405311552,112,34568,34713,34602.246,110.754,-332.930,0,0,0,0,0.00,nan,1,2,1024,nan,4,1,40,1,1,14,14,0,0,0,111708114,0.04028,0.00879,0.95508,0.95597,-0.00558,-0.00055,-0.00194,0.00594,0.95705,0.00833,0.00632,3,12296,0,7224,5.87900,5.48861,0.93359,83,1,86.660,150,1,2,4351,187491,0,0,0.000,0.750,3.000,0,0.000,0.750,3.000,0,0,0,0,0
PPG,4,110095,4405351552,113,35066,35167,34607.895,559.105,-153.102,0,0,0,0,0.00,nan,1,2,1024,nan,4,1,40,1,1,15,15,0,0,0,111747362,0.03735,0.00732,0.95679,0.95754,-0.00612,-0.00055,-0.00247,0.00662,0.95754,0.01054,0.00669,3,12249,0,7224,5.87900,5.48861,0.93359,83,1,86.660,150,1,2,4333,187491,0,0,0.000,0.750,3.000,0,0.000,0.750,3.000,0,0,0,0,0
PPG,4,110096,4405391552,112,33942,34037,34602.188,-565.188,-47.637,0,0,0,0,0.00,nan,1,2,1024,nan,4,1,40,1,1,16,16,0,0,0,111786519,0.04321,0.00635,0.94604,0.94705,-0.00692,0.00079,-0.00167,0.00716,0.95648,0.00943,0.00716,3,12228,0,7224,5.87900,5.48861,0.93359,83,1,86.660,150,1,2,2623,187491,0,0,0.000,0.750,3.000,0,0.000,0.750,3.000,0,0,0,0,0
PPG,4,110097,4405431552,113,32879,32974,34585.906,-1611.906,-16.434,0,0,0,0,0.00,nan,1,2,1024,nan,4,1,40,1,1,17,17,0,0,0,111828461,0.04102,0.00562,0.95361,0.95451,-0.00665,-0.00028,-0.00221,0.00701,0.95451,0.00580,0.00709,3,12244,0,7224,5.87900,5.48861,0.93359,83,1,86.660,150,1,2,4342,187491,0,0,0.000,0.750,3.000,0,0.000,0.750,3.000,0,0,0,0,0
PPG,4,110098,4405471552,118,32863,32970,34569.746,-1599.746,120.434,0,0,0,0,0.00,nan,1,2,1024,nan,4,1,40,1,1,18,18,0,0,0,111867634,0.04150,0.00513,0.95044,0.95136,-0.00612,-0.00135,-0.00141,0.00642,0.95136,0.00928,0.00724,3,12228,0,7224,5.87900,5.48861,0.93359,83,1,86.660,150,1,2,4331,187491,0,0,0.000,0.750,3.000,0,0.000,0.750,3.000,0,0,0,0,0
PPG,4,110099,4405511552,112,33004,33122,34555.270,-1433.270,364.578,0,0,0,0,0.00,nan,1,2,1024,nan,4,1,40,1,1,19,19,0,0,0,111906834,0.03833,0.00903,0.94800,0.94882,-0.00585,-0.00055,-0.00141,0.00604,0.95222,0.00337,0.00623,3,12281,0,7224,5.87900,5.48861,0.93359,83,1,86.660,150,1,2,2599,187491,0,0,0.000,0.750,3.000,0,0.000,0.750,3.000,0,0,0,0,0
PPG,4,110100,4405551552,112,33457,33623,34545.945,-922.945,517.305,0,0,0,0,0.00,nan,1,2,1024,nan,4,1,40,1,1,20,20,0,0,0,111948582,0.03735,0.00732,0.94336,0.94413,-0.00612,-0.00055,-0.00247,0.00662,0.95263,0.00851,0.00683,3,12231,0,7224,5.87900,5.48861,0.93359,83,1,86.660,150,1,2,4392,187491,0,0,0.000,0.750,3.000,0,0.000,0.750,3.000,0,0,0,0,0
PPG,4,110101,4405591552,112,34871,35058,34551.066,506.934,548.594,0,0,0,0,0.00,nan,1,2,1024,nan,4,1,40,1,1,21,21,0,0,0,111987555,0.04126,0.00610,0.94971,0.95062,-0.00558,-0.00081,-0.00167,0.00589,0.95062,0.00465,0.00680,3,12151,0,7224,5.87900,5.48861,0.93359,83,1,86.660,150,1,2,4306,187491,0,0,0.000,0.750,3.000,0,0.000,0.750,3.000,0,0,0,0,0
PPG,4,110102,4405631552,112,35690,35864,34564.195,1299.805,577.316,0,0,0,0,0.00,nan,1,2,1024,nan,4,1,40,1,1,22,22,0,0,0,112026482,0.03857,0.00537,0.95605,0.95685,-0.00665,-0.00055,-0.00007,0.00667,0.95685,0.00848,0.00667,3,12151,0,7224,5.87900,5.48861,0.93359,83,1,86.660,150,1,2,2598,187491,0,0,0.000,0.750,3.000,0,0.000,0.750,3.000,0,0,0,0,0
PPG,4,110103,4405671552,112,34758,34928,34567.832,360.168,615.352,0,0,0,0,0.00,nan,1,2,1024,nan,4,1,40,1,1,23,23,0,0,0,112067953,0.03882,0.00635,0.95215,0.95296,-0.00638,0.00079,-0.00141,0.00658,0.95598,0.00241,0.00658,3,12127,0,7224,5.87900,5.48861,0.93359,83,1,86.660,150,1,2,4355,187491,0,0,0.000,0.750,3.000,0,0.000,0.750,3.000,0,0,0,0,0
PPG,4,110104,4405711552,111,33665,33853,34560.684,-707.684,662.469,0,0,0,0,0.00,nan,1,2,1024,nan,4,1,40,1,1,24,24,0,0,0,112106961,0.03882,0.00415,0.95117,0.95197,-0.00532,-0.00001,-0.00247,0.00586,0.95197,0.00347,0.00719,3,12141,0,7224,5.87900,5.48861,0.93359,83,1,86.660,150,1,2,2626,187491,0,0,0.000,0.750,3.000,0,0.000,0.750,3.000,0,0,0,0,0
PPG,4,110105,4405751552,112,33603,33807,34553.148,-746.148,714.395,0,0,0,0,0.00,nan,1,2,1024,nan,4,1,40,1,1,25,25,0,0,0,112148471,0.03687,0.00366,0.94849,0.94921,-0.00452,-0.00001,-0.00087,0.00460,0.95088,0.00152,0.00592,3,12129,0,7224,5.87900,5.48861,0.93359,83,1,86.660,150,1,2,4321,187491,0,0,0.000,0.750,3.000,0,0.000,0.750,3.000,0,0,0,0,0
PPG,4,110106,4405791552,112,34248,34371,34551.328,-180.328,828.820,0,0,0,0,0.00,nan,1,2,1024,nan,4,1,40,1,1,26,26,0,0,0,112187331,0.03809,0.00415,0.94995,0.95072,-0.00718,-0.00028,-0.00141,0.00732,0.95926,0.00854,0.00732,3,12111,0,7224,5.87900,5.48861,0.93359,83,1,86.660,150,1,2,2607,187491,0,0,0.000,0.750,3.000,0,0.000,0.750,3.000,0,0,0,0,0
PPG,4,110107,4405831552,112,34431,34439,34550.203,-111.203,898.645,0,0,0,0,0.00,nan,1,2,1024,nan,4,1,40,1,1,27,27,0,0,0,112228845,0.03687,0.00684,0.95581,0.95655,-0.00692,-0.00028,-0.00114,0.00702,0.95951,0.00606,0.00702,3,12141,0,7224,5.87900,5.48861,0.93359,83,1,86.660,150,1,2,4303,187491,0,0,0.000,0.750,3.000,0,0.000,0.750,3.000,0,0,0,0,0
PPG,4,110108,4405871552,113,34006,33936,34544.062,-608.062,711.906,0,0,0,0,0.00,nan,1,2,1024,nan,4,1,40,1,1,28,28,0,0,0,112267695,0.04297,0.00708,0.94849,0.94949,-0.00585,-0.00028,-0.00087,0.00592,0.95095,0.00705,0.00679,3,12108,0,7224,5.87900,5.48861,0.93359,83,1,86.660,150,1,2,4297,187491,0,0,0.000,0.750,3.000,0,0.000,0.750,3.000,0,0,0,0,0
PPG,4,110109,4405911552,112,33692,33590,34534.523,-944.523,359.102,0,0,0,0,0.00,nan,1,2,1024,nan,4,1,40,1,1,29,29,0,0,0,112306652,0.03638,0.00366,0.95215,0.95285,-0.00638,-0.00001,-0.00167,0.00660,0.95392,0.00444,0.00675,3,12114,0,7224,5.87900,5.48861,0.93359,83,1,86.660,150,1,2,2597,187491,0,0,0.000,0.750,3.000,0,0.000,0.750,3.000,0,0,0,0,0
PPG,4,110110,4405951552,110,33295,33166,34520.840,-1354.840,83.434,0,0,0,0,0.00,nan,1,2,1024,nan,4,1,40,1,1,30,30,0,0,0,112348134,0.03857,0.00708,0.95313,0.95393,-0.00665,-0.00135,-0.00087,0.00684,0.95481,0.00540,0.00684,3,12121,0,7224,5.87900,5.48861,0.93359,83,1,86.660,150,1,2,4308,187491,0,0,0.000,0.750,3.000,0,0.000,0.750,3.000,0,0,0,0,0
PPG,4,110111,4405991552,111,33019,32908,34504.711,-1596.711,-95.914,0,0,0,0,0.00,nan,1,2,1024,nan,4,1,40,1,1,31,31,0,0,0,112387017,0.04321,0.00732,0.95801,0.95901,-0.00638,-0.00055,-0.00274,0.00697,0.95901,0.00599,0.00697,3,12123,0,7224,5.87900,5.48861,0.93359,83,1,86.660,150,1,2,2604,187491,0,0,0.000,0.750,3.000,0,0.000,0.750,3.000,0,0,0,0,0
PPG,4,110112,4406031552,115,32985,32926,34488.926,-1562.926,-290.070,0,0,0,0,0.00,nan,1,2,1024,nan,4,1,40,1,1,0,0,0,0,0,112432801,0.03955,0.00342,0.95215,0.95298,-0.00425,-0.00135,-0.00114,0.00460,0.95298,0.01044,0.00623,3,12347,0,7224,5.87900,5.48861,0.93359,83,1,86.660,150,1,2,2688,187491,0,0,0.000,0.750,3.000,0,0.000,0.750,3.000,0,0,0,0,0
PPG,4,110113,4406071552,112,33234,33164,34475.676,-1311.676,-483.801,0,0,0,0,0.00,nan,1,2,1024,nan,4,1,40,1,1,1,1,0,0,0,112469330,0.03638,0.00391,0.95532,0.95602,-0.00585,-0.00055,-0.00167,0.00611,0.95602,0.00364,0.00644,3,12115,0,7224,5.87900,5.48861,0.93359,83,1,86.660,150,1,2,4296,187491,0,0,0.000,0.750,3.000,0,0.000,0.750,3.000,0,0,0,0,0
PPG,4,110114,4406111552,499,33784,33741,34468.328,-727.328,-534.914,0,0,0,0,0.00,nan,1,2,1024,nan,4,1,40,1,1,2,2,0,0,0,112508179,0.03784,0.00635,0.95703,0.95780,-0.00505,-0.00081,-0.00034,0.00513,0.95780,0.00452,0.00576,3,12107,0,7224,5.62117,5.33175,0.94851,84,1,86.287,166,1,2,4295,187491,0,0,0.000,0.750,3.000,0,0.000,0.750,3.000,0,0,0,0,0
PPG,4,110115,4406151552,156,34343,34292,34466.566,-174.566,-440.305,0,0,0,0,0.00,nan,1,2,1024,nan,4,1,40,1,1,3,3,0,0,0,112547542,0.04077,0.00806,0.95435,0.95525,-0.00665,-0.00055,-0.00221,0.00703,0.95525,0.00736,0.00703,3,12143,0,7224,5.62117,5.33175,0.94851,84,1,86.287,166,1,2,4370,187491,0,0,0.000,0.750,3.000,0,0.000,0.750,3.000,0,0,0,0,0
PPG,4,110116,4406191552,113,33887,33793,34459.832,-666.832,-399.105,0,0,0,0,0.00,nan,1,2,1024,nan,4,1,40,1,1,4,4,0,0,0,112586677,0.04004,0.00122,0.95264,0.95348,-0.00585,0.00025,-0.00114,0.00597,0.95348,0.01119,0.00684,3,12249,0,7224,5.62117,5.33175,0.94851,84,1,86.287,166,1,2,2596,187491,0,0,0.000,0.750,3.000,0,0.000,0.750,3.000,0,0,0,0,0
PPG,4,110117,4406231552,112,33124,33023,34445.465,-1422.465,-421.984,0,0,0,0,0.00,nan,1,2,1024,nan,4,1,40,1,1,5,5,0,0,0,112628411,0.03882,0.00586,0.95190,0.95271,-0.00505,-0.00055,-0.00194,0.00544,0.95271,0.00435,0.00549,3,12354,0,7224,5.62117,5.33175,0.94851,84,1,86.287,166,1,2,4346,187491,0,0,0.000,0.750,3.000,0,0.000,0.750,3.000,0,0,0,0,0
PPG,4,110118,4406271552,113,32611,32506,34426.070,-1920.070,-456.215,0,0,0,0,0.00,nan,1,2,1024,nan,4,1,40,1,1,6,6,0,0,0,112667648,0.04053,0.00684,0.95605,0.95694,-0.00638,-0.00055,-0.00141,0.00656,0.95694,0.00654,0.00656,3,12266,0,7224,5.62117,5.33175,0.94851,84,1,86.287,166,1,2,4334,187491,0,0,0.000,0.750,3.000,0,0.000,0.750,3.000,0,0,0,0,0
PPG,4,110119,4406311552,110,32213,32116,34402.969,-2286.969,-521.629,0,0,0,0,0.00,nan,1,2,1024,nan,4,1,40,1,1,7,7,0,0,0,112706975,0.04272,0.00537,0.95190,0.95288,-0.00718,0.00025,-0.00194,0.00744,0.95463,0.00489,0.00744,3,12257,0,7224,5.62117,5.33175,0.94851,84,1,86.287,166,1,2,2621,187491,0,0,0.000,0.750,3.000,0,0.000,0.750,3.000,0,0,0,0,0
PPG,4,110120,4406351552,115,32328,32274,34381.680,-2107.680,-581.320,0,0,0,0,0.00,nan,1,2,1024,nan,4,1,40,1,1,8,8,0,0,0,112748819,0.03882,0.00269,0.95142,0.95221,-0.00558,-0.00055,-0.00061,0.00564,0.95449,0.00377,0.00732,3,12262,0,7224,5.62117,5.33175,0.94851,84,1,86.287,166,1,2,4340,187491,0,0,0.000,0.750,3.000,0,0.000,0.750,3.000,0,0,0,0,0
PPG,4,110121,4406391552,111,33040,33043,34368.293,-1325.293,-580.285,0,0,0,0,0.00,nan,1,2,1024,nan,4,1,40,1,1,9,9,0,0,0,112788094,0.03564,0.00220,0.94897,0.94965,-0.00638,0.00052,-0.00141,0.00656,0.95500,0.00451,0.00656,3,12261,0,7224,5.62117,5.33175,0.94851,84,1,86.287,166,1,2,4338,187491,0,0,0.000,0.750,3.000,0,0.000,0.750,3.000,0,0,0,0,0
PPG,4,110122,4406431552,113,33751,33753,34362.141,-609.141,-551.734,0,0,0,0,0.00,nan,1,2,1024,nan,4,1,40,1,1,10,10,0,0,0,112827329,0.04175,0.00586,0.94873,0.94967,-0.00585,-0.00081,-0.00141,0.00607,0.95335,0.00446,0.00647,3,12240,0,7224,5.62117,5.33175,0.94851,84,1,86.287,166,1,2,2649,187491,0,0,0.000,0.750,3.000,0,0.000,0.750,3.000,0,0,0,0,0
PPG,4,110123,4406471552,135,32826,32782,34346.340,-1564.340,-588.863,0,0,0,0,0.00,nan,1,2,0,nan,4,1,40,1,1,11,11,0,0,0,112869276,0.03906,0.00342,0.94849,0.94930,-0.00585,-0.00028,-0.00167,0.00609,0.95127,0.00355,0.00614,3,12276,0,7224,5.62117,5.33175,0.94851,84,1,86.287,166,1,2,4335,187491,0,0,0.000,63.326,4.039,0,0.000,45.998,5.778,0,0,1,0,0
PPG,4,110124,4406511552,123,31092,30999,34312.867,-3313.867,-735.307,0,0,0,0,0.00,nan,1,2,0,nan,4,1,40,1,1,12,12,0,0,0,112908499,0.04004,0.00562,0.95874,0.95959,-0.00558,-0.00028,-0.00194,0.00592,0.95959,0.00610,0.00626,3,12263,0,7224,5.62117,5.33175,0.94851,84,1,86.287,166,1,2,4352,187491,0,0,0.000,63.326,4.039,0,0.000,45.998,5.778,0,0,1,0,0
PPG,4,110125,4406551552,117,30835,30792,34277.660,-3485.660,-829.414,0,0,0,0,0.00,nan,1,2,0,nan,4,1,40,1,1,13,13,0,0,0,112947812,0.03979,0.00562,0.95459,0.95544,-0.00585,-0.00055,-0.00087,0.00594,0.95544,0.00945,0.00594,3,12291,0,7224,5.62117,5.33175,0.94851,84,1,86.287,166,1,2,4341,187491,0,0,0.000,63.326,4.039,0,0.000,45.998,5.778,0,0,1,0,0
PPG,4,110126,4406591552,125,31937,31961,34254.492,-2293.492,-731.057,0,0,0,0,0.00,nan,1,2,0,nan,4,1,40,1,1,14,14,0,0,0,112987021,0.03613,0.00586,0.94946,0.95017,-0.00612,-0.00055,-0.00167,0.00637,0.95714,0.00807,0.00644,3,12246,0,7224,5.62117,5.33175,0.94851,84,1,86.287,166,1,2,2624,187491,0,0,0.000,63.326,4.039,0,0.000,45.998,5.778,0,0,1,0,0
PPG,4,110127,4406631552,117,32460,32474,34236.688,-1762.688,-604.234,0,0,0,0,0.00,nan,1,2,0,nan,4,1,40,1,1,15,15,0,0,0,113028866,0.03613,0.00806,0.96045,0.96116,-0.00505,-0.00001,-0.00167,0.00532,0.96116,0.00915,0.00656,3,12261,0,7224,5.62117,5.33175,0.94851,84,1,86.287,166,1,2,4329,187491,0,0,0.000,63.326,4.039,0,0.000,45.998,5.778,0,0,1,0,0
PPG,4,110128,4406671552,127,32124,32130,34215.621,-2085.621,-644.363,0,0,0,0,0.00,nan,1,2,0,nan,4,1,40,1,1,16,16,0,0,0,113068155,0.04297,0.00635,0.94971,0.95070,-0.00505,0.00079,-0.00034,0.00512,0.95214,0.00902,0.00623,3,12230,0,7224,5.62117,5.33175,0.94851,84,1,86.287,166,1,2,4339,187491,0,0,0.000,63.326,4.039,0,0.000,45.998,5.778,0,0,1,0,0
PPG,4,110129,4406711552,118,31591,31582,34189.285,-2607.285,-854.107,0,0,0,0,0.00,nan,1,2,0,nan,4,1,40,1,1,17,17,0,0,0,113107365,0.03735,0.00684,0.95435,0.95510,-0.00585,-0.00001,-0.00114,0.00596,0.95615,0.00545,0.00627,3,12240,0,7224,5.62117,5.33175,0.94851,84,1,86.287,166,1,2,2648,187491,0,0,0.000,63.326,4.039,0,0.000,45.998,5.778,0,0,1,0,0
PPG,4,110130,4406751552,119,31097,31024,34157.633,-3133.633,-998.150,0,0,0,0,0.00,nan,1,2,0,nan,4,1,40,1,1,18,18,0,0,0,113149248,0.04199,0.00977,0.95044,0.95142,-0.00585,-0.00001,-0.00167,0.00609,0.95185,0.00755,0.00609,3,12294,0,7224,5.62117,5.33175,0.94851,84,1,86.287,166,1,2,4325,187491,0,0,0.000,63.326,4.039,0,0.000,45.998,5.778,0,0,1,0,0
PPG,4,110131,4406791552,118,30465,30291,34118.965,-3827.965,-968.443,0,0,0,0,0.00,nan,1,2,0,nan,4,1,40,1,1,19,19,0,0,0,113188438,0.03857,0.00684,0.94580,0.94661,-0.00665,-0.00081,-0.00061,0.00673,0.95300,0.00529,0.00673,3,12235,0,7224,5.62117,5.33175,0.94851,84,1,86.287,166,1,2,4328,187491,0,0,0.000,63.326,4.039,0,0.000,45.998,5.778,0,0,1,0,0
PPG,4,110132,4406831552,120,30286,30073,34078.504,-4005.504,-928.508,0,0,0,0,0.00,nan,1,2,0,nan,4,1,40,1,1,20,20,0,0,0,113227620,0.03906,0.00562,0.94604,0.94687,-0.00585,-0.00055,-0.00061,0.00591,0.95696,0.01010,0.00618,3,12207,0,7224,5.62117,5.33175,0.94851,84,1,86.287,166,1,2,2682,187491,0,0,0.000,63.326,4.039,0,0.000,45.998,5.778,0,0,1,0,0
PPG,4,110133,4406871552,124,30684,30500,34042.719,-3542.719,-1004.021,0,0,0,0,0.00,nan,1,2,0,nan,4,1,40,1,1,21,21,0,0,0,113269532,0.04248,0.00757,0.95093,0.95191,-0.00452,-0.00055,-0.00194,0.00495,0.95558,0.00872,0.00581,3,12339,0,7224,5.62117,5.33175,0.94851,84,1,86.287,166,1,2,4306,187491,0,0,0.000,63.326,4.039,0,0.000,45.998,5.778,0,0,1,0,0
PPG,4,110134,4406911552,120,31523,31387,34016.160,-2629.160,-1041.607,0,0,0,0,0.00,nan,1,2,0,nan,4,1,40,1,1,22,22,0,0,0,113308457,0.04126,0.01172,0.95703,0.95799,-0.00505,-0.00081,-0.00061,0.00515,0.95799,0.00656,0.00550,3,12149,0,7224,5.62117,5.33175,0.94851,84,1,86.287,166,1,2,4298,187491,0,0,0.000,63.326,4.039,0,0.000,45.998,5.778,0,0,1,0,0
PPG,4,110135,4406951552,137,32997,32922,34005.219,-1083.219,-859.965,1,0,1,0,0.00,nan,1,2,0,nan,4,1,40,1,1,23,23,0,0,0,113347355,0.04053,0.00562,0.95313,0.95400,-0.00638,0.00025,-0.00167,0.00660,0.95425,0.00449,0.00703,3,12140,0,7224,5.62117,5.33175,0.94851,84,1,86.287,166,1,2,2627,187491,0,0,193.525,63.326,4.039,1,225.180,45.998,5.778,1,1,1,0,1
PPG,4,110136,4406991552,120,33422,33318,33998.348,-680.348,-588.215,0,0,0,0,0.00,nan,1,2,0,nan,4,1,40,1,1,24,24,0,0,0,113389023,0.03589,0.00659,0.95996,0.96065,-0.00532,-0.00028,-0.00141,0.00551,0.96065,0.01306,0.00591,3,12120,0,7224,5.62117,5.33175,0.94851,84,1,86.287,166,1,2,4302,187491,0,0,0.000,63.147,3.974,0,0.000,46.065,5.814,0,0,1,0,1
PPG,4,110137,4407031552,123,32646,32542,33983.785,-1441.785,-347.307,0,0,0,0,0.00,nan,1,2,0,nan,4,1,40,1,1,25,25,0,0,0,113434673,0.04150,0.00732,0.95654,0.95747,-0.00558,-0.00081,-0.00061,0.00568,0.95747,0.00804,0.00676,3,12165,0,7224,5.62117,5.33175,0.94851,84,1,86.287,166,1,2,2590,187491,0,0,0.000,63.147,3.974,0,0.000,46.065,5.814,0,0,1,0,1
PPG,4,110138,4407071552,121,31842,31720,33961.148,-2241.148,-103.865,0,0,0,0,0.00,nan,1,2,0,nan,4,1,40,1,1,26,26,0,0,0,113471081,0.03833,0.00562,0.94849,0.94928,-0.00612,0.00025,-0.00114,0.00623,0.95660,0.00732,0.00623,3,12118,0,7224,5.62117,5.33175,0.94851,84,1,86.287,166,1,2,2591,187491,0,0,0.000,63.147,3.974,0,0.000,46.065,5.814,0,0,1,0,1
PPG,4,110139,4407111552,518,31669,31546,33936.996,-2390.996,135.064,0,0,0,0,0.00,nan,1,2,0,nan,4,1,40,1,1,27,27,0,0,0,113507350,0.04370,0.00586,0.95190,0.95292,-0.00665,-0.00028,-0.00061,0.00668,0.95412,0.00484,0.00685,3,12118,0,7224,4.17164,3.96596,0.95069,84,1,86.233,115,1,2,2600,187491,0,0,0.000,63.147,3.974,0,0.000,46.065,5.814,0,0,1,0,1
PPG,4,110140,4407151552,169,31889,31775,33915.375,-2140.375,342.158,0,0,0,0,0.00,nan,1,2,0,nan,4,1,40,1,1,28,28,0,0,0,113549334,0.04102,0.00879,0.95190,0.95283,-0.00505,-0.00055,-0.00194,0.00544,0.95311,0.00028,0.00676,3,12141,0,7224,4.17164,3.96596,0.95069,84,1,86.233,115,1,2,4310,187491,0,0,0.000,63.147,3.974,0,0.000,46.065,5.814,0,0,1,0,1
PPG,4,110141,4407191552,119,32299,32229,33898.512,-1669.512,503.143,0,0,0,0,0.00,nan,1,2,0,nan,4,1,40,1,1,29,29,0,0,0,113588322,0.03589,0.00610,0.94849,0.94918,-0.00479,-0.00001,-0.00114,0.00492,0.95559,0.00906,0.00532,3,12122,0,7224,4.17164,3.96596,0.95069,84,1,86.233,115,1,2,4296,187491,0,0,0.000,63.147,3.974,0,0.000,46.065,5.814,0,0,1,0,1
PPG,4,110142,4407231552,124,32674,32609,33885.617,-1276.617,515.627,0,0,0,0,0.00,nan,1,2,0,nan,4,1,40,1,1,30,30,0,0,0,113627194,0.03711,0.00415,0.95508,0.95581,-0.00585,0.00025,-0.00087,0.00592,0.95581,0.00607,0.00669,3,12114,0,7224,4.17164,3.96596,0.95069,84,1,86.233,115,1,2,2600,187491,0,0,0.000,63.147,3.974,0,0.000,46.065,5.814,0,0,1,0,1
PPG,4,110143,4407271552,129,32205,32109,33867.852,-1758.852,376.564,0,0,0,0,0.00,nan,1,2,0,nan,4,1,40,1,1,31,31,0,0,0,113668775,0.04224,0.00586,0.95532,0.95627,-0.00638,-0.00135,-0.00061,0.00655,0.95627,0.00401,0.00655,3,12137,0,7224,4.17164,3.96596,0.95069,84,1,86.233,115,1,2,4315,187491,0,0,0.000,63.147,3.974,0,0.000,46.065,5.814,0,0,1,0,1
PPG,4,110144,4407311552,120,31447,31340,33842.574,-2502.574,187.801,0,0,0,0,0.00,nan,1,2,0,nan,4,1,40,1,1,0,0,0,0,0,113707669,0.04126,0.00513,0.95264,0.95354,-0.00585,-0.00108,-0.00194,0.00626,0.95354,0.00813,0.00741,3,12117,0,7224,4.17164,3.96596,0.95069,84,1,86.233,115,1,2,2598,187491,0,0,0.000,63.147,3.974,0,0.000,46.065,5.814,0,0,1,0,1
PPG,4,110145,4407351552,119,31033,30944,33813.590,-2869.590,69.342,0,0,0,0,0.00,nan,1,2,0,nan,4,1,40,1,1,1,1,0,0,0,113749184,0.03809,0.00854,0.95166,0.95246,-0.00558,-0.00055,-0.00167,0.00586,0.95324,0.00039,0.00644,3,12136,0,7224,4.17164,3.96596,0.95069,84,1,86.233,115,1,2,4326,187491,0,0,0.000,63.147,3.974,0,0.000,46.065,5.814,0,0,1,0,1
PPG,4,110146,4407391552,119,31003,30935,33784.805,-2849.805,33.357,0,0,0,0,0.00,nan,1,2,0,nan,4,1,40,1,1,2,2,0,0,0,113788149,0.04028,0.00708,0.95190,0.95278,-0.00479,-0.00081,-0.00221,0.00533,0.95341,0.00189,0.00589,3,12139,0,7224,4.17164,3.96596,0.95069,84,1,86.233,115,1,2,4300,187491,0,0,0.000,63.147,3.974,0,0.000,46.065,5.814,0,0,1,0,1
PPG,4,110147,4407431552,120,31315,31298,33759.938,-2461.938,24.016,0,0,0,0,0.00,nan,1,2,0,nan,4,1,40,1,1,3,3,0,0,0,113827075,0.03540,0.00903,0.95166,0.95236,-0.00452,0.00025,-0.00167,0.00482,0.95451,0.00173,0.00625,3,12143,0,7224,4.17164,3.96596,0.95069,84,1,86.233,115,1,2,2596,187491,0,0,0.000,63.147,3.974,0,0.000,46.065,5.814,0,0,1,0,1
PPG,4,110148,4407471552,122,32224,32246,33744.797,-1498.797,20.643,0,0,0,0,0.00,nan,1,2,0,nan,4,1,40,1,1,4,4,0,0,0,113868751,0.03931,0.00708,0.95093,0.95177,-0.00585,-0.00081,-0.00274,0.00651,0.95598,0.00367,0.00651,3,12177,0,7224,4.17164,3.96596,0.95069,84,1,86.233,115,1,2,4309,187491,0,0,0.000,63.147,3.974,0,0.000,46.065,5.814,0,0,1,0,1
PPG,4,110149,4407511552,117,32709,32747,33734.820,-987.820,-17.893,0,0,0,0,0.00,nan,1,2,0,nan,4,1,40,1,1,5,5,0,0,0,113907666,0.03857,0.00366,0.95288,0.95367,-0.00692,-0.00081,-0.00194,0.00723,0.95367,0.00304,0.00723,3,12133,0,7224,4.17164,3.96596,0.95069,84,1,86.233,115,1,2,2599,187491,0,0,0.000,63.147,3.974,0,0.000,46.065,5.814,0,0,1,0,1
PPG,4,110150,4407551552,198,32539,32569,33723.164,-1154.164,-29.428,1,0,1,600,100.00,100.00,2,1,0,nan,4,1,40,1,1,6,6,0,0,0,113949184,0.03760,0.00537,0.94849,0.94925,-0.00558,-0.00081,-0.00114,0.00576,0.95498,0.00454,0.00576,3,12137,0,7224,4.17164,3.96596,0.95069,84,1,86.233,115,1,3,4294,187491,0,0,1531.664,63.147,3.974,1,1557.234,46.065,5.814,1,1,1,0,2
PPG,4,110151,4407591552,117,31980,32019,33706.121,-1687.121,-18.828,0,0,0,0,100.00,100.00,2,1,0,nan,4,1,40,1,1,7,7,0,0,0,113988322,0.03760,0.00562,0.95166,0.95242,-0.00532,-0.00081,-0.00141,0.00556,0.95396,0.00471,0.00668,3,12119,0,7224,4.17164,3.96596,0.95069,84,1,86.233,115,1,3,4295,187491,0,0,0.000,71.355,6.960,0,0.000,54.449,10.330,0,0,1,0,2
PPG,4,110152,4407631552,123,31773,31822,33687.281,-1865.281,19.150,0,0,0,0,100.00,100.00,2,1,0,nan,4,1,40,1,1,8,8,0,0,0,114027225,0.04517,0.00488,0.95093,0.95201,-0.00558,-0.00001,-0.00114,0.00570,0.95201,0.00162,0.00649,3,12111,0,7224,4.17164,3.96596,0.95069,84,1,86.233,115,1,3,2596,187491,0,0,0.000,71.355,6.960,0,0.000,54.449,10.330,0,0,1,0,2
PPG,4,110153,4407671552,123,31704,31724,33667.648,-1943.648,70.664,0,0,0,0,100.00,100.00,2,1,0,nan,4,1,40,1,1,9,9,0,0,0,114068818,0.04175,0.00488,0.94946,0.95039,-0.00558,-0.00055,-0.00034,0.00562,0.95651,0.00612,0.00562,3,12181,0,7224,4.17164,3.96596,0.95069,84,1,86.233,115,1,3,4303,187491,0,0,0.000,71.355,6.960,0,0.000,54.449,10.330,0,0,1,0,2
PPG,4,110154,4407711552,120,32303,32320,33654.172,-1334.172,170.016,0,0,0,0,100.00,100.00,2,1,0,nan,4,1,40,1,1,10,10,0,0,0,114107725,0.04053,0.00781,0.95361,0.95451,-0.00558,-0.00028,-0.00221,0.00601,0.95783,0.00744,0.00601,3,12112,0,7224,4.17164,3.96596,0.95069,84,1,86.233,115,1,3,2597,187491,0,0,0.000,71.355,6.960,0,0.000,54.449,10.330,0,0,1,0,2
PPG,4,110155,4407751552,119,33917,33904,33656.672,247.328,357.771,0,0,0,0,100.00,100.00,2,1,0,nan,4,1,40,1,1,11,11,0,0,0,114149281,0.03833,0.00732,0.95288,0.95368,-0.00612,-0.00081,-0.00141,0.00633,0.95368,0.00086,0.00726,3,12129,0,7224,4.17164,3.96596,0.95069,84,1,86.233,115,1,3,4298,187491,0,0,0.000,71.355,6.960,0,0.000,54.449,10.330,0,0,1,0,2
PPG,4,110156,4407791552,120,35148,35076,33670.863,1405.137,602.586,0,0,0,0,100.00,100.00,2,1,0,nan,4,1,40,1,1,12,12,0,0,0,114188278,0.03906,0.00952,0.94824,0.94909,-0.00585,0.00025,-0.00141,0.00602,0.95588,0.00678,0.00615,3,12119,0,7224,4.17164,3.96596,0.95069,84,1,86.233,115,1,3,4299,187491,0,0,0.000,71.355,6.960,0,0.000,54.449,10.330,0,0,1,0,2
PPG,4,110157,4407831552,123,34618,34503,33679.184,823.816,780.820,0,0,0,0,100.00,100.00,2,1,0,nan,4,1,40,1,1,13,13,0,0,0,114227194,0.04053,0.00757,0.94946,0.95036,-0.00665,-0.00161,-0.00194,0.00711,0.95607,0.01019,0.00711,3,12113,0,7224,4.17164,3.96596,0.95069,84,1,86.233,115,1,3,2600,187491,0,0,0.000,71.355,6.960,0,0.000,54.449,10.330,0,0,1,0,2
PPG,4,110158,4407871552,124,33338,33249,33674.883,-425.883,880.086,0,0,0,0,100.00,100.00,2,1,0,nan,4,1,40,1,1,14,14,0,0,0,114268801,0.04492,0.00659,0.94507,0.94616,-0.00479,0.00025,-0.00141,0.00499,0.95224,0.00317,0.00719,3,12164,0,7224,4.17164,3.96596,0.95069,84,1,86.233,115,1,3,4336,187491,0,0,0.000,71.355,6.960,0,0.000,54.449,10.330,0,0,1,0,2
PPG,4,110159,4407911552,121,32811,32742,33665.555,-923.555,951.715,0,0,0,0,100.00,100.00,2,1,0,nan,4,1,40,1,1,15,15,0,0,0,114307758,0.04150,0.00610,0.95850,0.95941,-0.00532,-0.00081,-0.00194,0.00572,0.95941,0.01205,0.00669,3,12120,0,7224,4.17164,3.96596,0.95069,84,1,86.233,115,1,3,2598,187491,0,0,0.000,71.355,6.960,0,0.000,54.449,10.330,0,0,1,0,2
PPG,4,110160,4407951552,122,33132,33095,33659.848,-564.848,1081.570,0,0,0,0,100.00,100.00,2,1,0,nan,4,1,40,1,1,16,16,0,0,0,114349312,0.03882,0.00708,0.95361,0.95443,-0.00638,-0.00081,-0.00194,0.00672,0.95874,0.00425,0.00672,3,12131,0,7224,4.17164,3.96596,0.95069,84,1,86.233,115,1,3,4293,187491,0,0,0.000,71.355,6.960,0,0.000,54.449,10.330,0,0,1,0,2
PPG,4,110161,4407991552,172,33881,33845,33661.699,183.301,1218.629,0,0,0,0,100.00,100.00,2,1,0,nan,4,1,40,1,1,17,17,0,0,0,114388619,0.03638,0.00659,0.95288,0.95360,-0.00612,-0.00001,-0.00114,0.00622,0.95360,0.00198,0.00622,3,12345,0,7224,4.17164,3.96596,0.95069,84,1,86.233,115,1,3,4342,187491,0,0,0.000,71.355,6.960,0,0.000,54.449,10.330,0,0,1,0,2
PPG,4,110162,4408031552,125,34723,34663,33671.711,991.289,1224.355,0,0,0,0,100.00,100.00,2,1,0,nan,4,1,40,1,1,18,18,0,0,0,114434586,0.04224,0.00439,0.95874,0.95968,-0.00558,-0.00081,-0.00221,0.00606,0.95968,0.00526,0.00610,3,12240,0,7224,4.17164,3.96596,0.95069,84,1,86.233,115,1,3,2590,187491,0,0,0.000,71.355,6.960,0,0.000,54.449,10.330,0,0,1,0,2
PPG,4,110163,4408071552,127,35179,35116,33686.152,1429.848,1079.719,0,0,0,0,100.00,100.00,2,1,0,nan,4,1,40,1,1,19,19,0,0,0,114470972,0.04053,0.00635,0.94458,0.94547,-0.00558,-0.00108,-0.00194,0.00601,0.95764,0.00774,0.00601,3,12125,0,7224,4.17164,3.96596,0.95069,84,1,86.233,115,1,3,2599,187491,0,0,0.000,71.355,6.960,0,0.000,54.449,10.330,0,0,1,0,2
PPG,4,110164,4408111552,526,34755,34678,33696.070,981.930,937.820,0,0,0,0,100.00,100.00,2,1,0,nan,4,1,40,1,1,20,20,0,0,0,114507425,0.03857,0.00488,0.94775,0.94855,-0.00638,-0.00028,-0.00167,0.00661,0.95203,0.00656,0.00696,3,12220,0,7224,3.61147,3.46424,0.95923,84,1,86.019,150,1,3,2604,187491,0,0,0.000,71.355,6.960,0,0.000,54.449,10.330,0,0,1,0,2
PPG,4,110165,4408151552,176,33958,33904,33698.148,205.852,883.395,0,0,0,0,100.00,100.00,2,1,0,nan,4,1,40,1,1,21,21,0,0,0,114549575,0.03809,0.00342,0.95361,0.95438,-0.00532,-0.00028,-0.00194,0.00567,0.95438,0.00408,0.00650,3,12170,0,7224,3.61147,3.46424,0.95923,84,1,86.019,150,1,3,4301,187491,0,0,0.000,71.355,6.960,0,0.000,54.449,10.330,0,0,1,0,2
PPG,4,110166,4408191552,122,33446,33406,33695.227,-289.227,854.699,0,0,0,0,100.00,100.00,2,1,0,nan,4,1,40,1,1,22,22,0,0,0,114588856,0.03760,0.00757,0.95532,0.95609,-0.00585,-0.00055,-0.00247,0.00638,0.95964,0.00891,0.00638,3,12362,0,7224,3.61147,3.46424,0.95923,84,1,86.019,150,1,3,4318,187491,0,0,0.000,71.355,6.960,0,0.000,54.449,10.330,0,0,1,0,2
PPG,4,110167,4408231552,121,33429,33418,33692.453,-274.453,794.844,0,0,0,0,100.00,100.00,2,1,0,nan,4,1,40,1,1,23,23,0,0,0,114628141,0.03857,0.00586,0.95996,0.96075,-0.00425,0.00079,-0.00247,0.00498,0.96075,0.00560,0.00552,3,12261,0,7224,3.61147,3.46424,0.95923,84,1,86.019,150,1,3,2670,187491,0,0,0.000,71.355,6.960,0,0.000,54.449,10.330,0,0,1,0,2
PPG,4,110168,4408271552,125,33944,33946,33694.988,251.012,724.270,0,0,0,0,100.00,100.00,2,1,0,nan,4,1,40,1,1,24,24,0,0,0,114670128,0.04224,0.00610,0.94434,0.94530,-0.00665,-0.00028,-0.00167,0.00686,0.95313,0.00762,0.00686,3,12241,0,7224,3.61147,3.46424,0.95923,84,1,86.019,150,1,3,4342,187491,0,0,0.000,71.355,6.960,0,0.000,54.449,10.330,0,0,1,0,2
PPG,4,110169,4408311552,122,34418,34444,33702.477,741.523,608.137,0,0,0,0,100.00,100.00,2,1,0,nan,4,1,40,1,1,25,25,0,0,0,114709399,0.03735,0.00586,0.95581,0.95656,-0.00505,-0.00028,-0.00114,0.00519,0.95656,0.00579,0.00654,3,12252,0,7224,3.61147,3.46424,0.95923,84,1,86.019,150,1,3,4328,187491,0,0,0.000,71.355,6.960,0,0.000,54.449,10.330,0,0,1,0,2
PPG,4,110170,4408351552,152,34280,34285,33708.301,576.699,403.621,1,0,1,800,75.00,75.00,2,1,0,nan,4,1,40,1,1,26,26,0,0,0,114748741,0.03955,0.00635,0.94971,0.95055,-0.00585,-0.00001,-0.00114,0.00596,0.95702,0.00647,0.00608,3,12281,0,7224,3.61147,3.46424,0.95923,84,1,86.019,150,1,3,4347,187491,0,0,1350.688,71.355,6.960,1,1253.783,54.449,10.330,1,1,1,0,3
PPG,4,110171,4408391552,124,33431,33413,33705.348,-292.348,153.207,0,0,0,0,75.00,75.00,2,1,0,nan,4,1,40,1,1,27,27,0,0,0,114788175,0.04248,0.00659,0.95215,0.95312,-0.00638,0.00052,-0.00194,0.00669,0.95386,0.00331,0.00669,3,12276,0,7224,3.61147,3.46424,0.95923,84,1,86.019,150,1,3,2641,187491,0,0,0.000,77.405,9.161,0,0.000,59.888,13.259,0,0,1,0,3
PPG,4,110172,4408431552,123,32696,32686,33695.152,-1009.152,-63.996,0,0,0,0,75.00,75.00,2,1,0,nan,4,1,40,1,1,28,28,0,0,0,114830118,0.03589,0.00537,0.95410,0.95479,-0.00585,-0.00055,-0.00221,0.00628,0.95611,0.00182,0.00628,3,12266,0,7224,3.61147,3.46424,0.95923,84,1,86.019,150,1,3,4313,187491,0,0,0.000,77.405,9.161,0,0.000,59.888,13.259,0,0,1,0,3
PPG,4,110173,4408471552,123,32656,32673,33684.930,-1011.930,-216.156,0,0,0,0,75.00,75.00,2,1,0,nan,4,1,40,1,1,29,29,0,0,0,114869373,0.03784,0.00635,0.94922,0.94999,-0.00692,-0.00055,-0.00194,0.00720,0.94999,0.00627,0.00735,3,12261,0,7224,3.61147,3.46424,0.95923,84,1,86.019,150,1,3,4340,187491,0,0,0.000,77.405,9.161,0,0.000,59.888,13.259,0,0,1,0,3
PPG,4,110174,4408511552,133,32925,32957,33677.652,-720.652,-313.863,0,0,0,0,75.00,75.00,2,1,0,nan,4,1,40,1,1,30,30,0,0,0,114908677,0.03906,0.00464,0.94946,0.95028,-0.00638,-0.00055,-0.00141,0.00656,0.95379,0.00490,0.00656,3,12254,0,7224,3.61147,3.46424,0.95923,84,1,86.019,150,1,3,4336,187491,0,0,0.000,77.405,9.161,0,0.000,59.888,13.259,0,0,1,0,3
PPG,4,110175,4408551552,125,33747,33779,33678.664,100.336,-331.469,0,0,0,0,75.00,75.00,2,1,0,nan,4,1,40,1,1,31,31,0,0,0,114947876,0.03931,0.00391,0.95142,0.95224,-0.00612,0.00025,-0.00141,0.00628,0.95306,0.00326,0.00644,3,12227,0,7224,3.61147,3.46424,0.95923,84,1,86.019,150,1,3,2633,187491,0,0,0.000,77.405,9.161,0,0.000,59.888,13.259,0,0,1,0,3
PPG,4,110176,4408591552,124,34398,34356,33685.438,670.562,-308.043,0,0,0,0,75.00,75.00,2,1,0,nan,4,1,40,1,1,0,0,0,0,0,114989848,0.04199,0.00269,0.94946,0.95039,-0.00612,-0.00081,-0.00087,0.00623,0.95570,0.00530,0.00623,3,12305,0,7224,3.61147,3.46424,0.95923,84,1,86.019,150,1,3,4335,187491,0,0,0.000,77.405,9.161,0,0.000,59.888,13.259,0,0,1,0,3
PPG,4,110177,4408631552,129,34001,33854,33687.125,166.875,-337.164,0,0,0,0,75.00,75.00,2,1,0,nan,4,1,40,1,1,1,1,0,0,0,115029203,0.03735,0.00415,0.95532,0.95606,-0.00558,-0.00081,-0.00274,0.00627,0.95718,0.00658,0.00627,3,12233,0,7224,3.61147,3.46424,0.95923,84,1,86.019,150,1,3,4321,187491,0,0,0.000,75.474,9.513,0,0.000,59.127,13.552,0,0,1,0,3
PPG,4,110178,4408671552,124,33107,32919,33679.445,-760.445,-391.234,0,0,0,0,75.00,75.00,2,1,0,nan,4,1,40,1,1,2,2,0,0,0,115068432,0.04077,0.00684,0.95166,0.95256,-0.00505,0.00052,-0.00141,0.00527,0.95729,0.00550,0.00527,3,12240,0,7224,3.61147,3.46424,0.95923,84,1,86.019,150,1,3,4335,187491,0,0,0.000,75.474,9.513,0,0.000,59.127,13.552,0,0,1,0,3
PPG,4,110179,4408711552,123,32499,32309,33665.742,-1356.742,-423.445,0,0,0,0,75.00,75.00,2,1,0,nan,4,1,40,1,1,3,3,0,0,0,115107698,0.03857,0.00757,0.95581,0.95662,-0.00638,-0.00108,-0.00327,0.00725,0.95662,0.00223,0.00725,3,12244,0,7224,3.61147,3.46424,0.95923,84,1,86.019,150,1,3,2628,187491,0,0,0.000,75.474,9.513,0,0.000,59.127,13.552,0,0,1,0,3
PPG,4,110180,4408751552,128,32797,32630,33655.387,-1025.387,-406.336,0,0,0,0,75.00,75.00,2,1,0,nan,4,1,40,1,1,4,4,0,0,0,115149575,0.03711,0.00464,0.94873,0.94947,-0.00505,-0.00188,-0.00221,0.00582,0.95705,0.00759,0.00659,3,12243,0,7224,3.61147,3.46424,0.95923,84,1,86.019,150,1,3,4332,187491,0,0,0.000,75.474,9.513,0,0.000,59.127,13.552,0,0,1,0,3
PPG,4,110181,4408791552,123,33575,33452,33653.352,-201.352,-315.969,0,0,0,0,75.00,75.00,2,1,0,nan,4,1,40,1,1,5,5,0,0,0,115188815,0.04126,0.00537,0.95264,0.95354,-0.00558,-0.00135,-0.00221,0.00615,0.95442,0.00316,0.00615,3,12241,0,7224,3.61147,3.46424,0.95923,84,1,86.019,150,1,3,4342,187491,0,0,0.000,75.474,9.513,0,0.000,59.127,13.552,0,0,1,0,3
PPG,4,110182,4408831552,123,33595,33454,33651.359,-197.359,-301.949,0,0,0,0,75.00,75.00,2,1,0,nan,4,1,40,1,1,6,6,0,0,0,115227888,0.04102,0.00537,0.95142,0.95231,-0.00532,-0.00135,-0.00194,0.00582,0.95413,0.00679,0.00582,3,12132,0,7224,3.61147,3.46424,0.95923,84,1,86.019,150,1,3,2661,187491,0,0,0.000,75.474,9.513,0,0.000,59.127,13.552,0,0,1,0,3
PPG,4,110183,4408871552,140,33262,33118,33646.027,-528.027,-378.906,0,0,0,0,75.00,75.00,2,1,0,nan,4,1,40,1,1,7,7,0,0,0,115306022,0.03564,0.00830,0.94751,0.94822,-0.00558,-0.00055,-0.00194,0.00594,0.95440,0.00618,0.00594,2,60754,0,7229,3.61147,3.46424,0.95923,84,1,86.019,150,1,3,60800,187491,0,0,0.000,75.474,9.513,0,0.000,59.127,13.552,0,0,1,0,3
PPG,4,110184,4408911552,123,33292,33171,33641.277,-470.277,-401.129,0,0,0,0,75.00,75.00,2,1,0,nan,4,1,40,1,1,8,8,0,0,0,115318179,0.04102,0.00586,0.95142,0.95232,-0.00585,-0.00055,-0.00087,0.00594,0.95232,0.00410,0.00594,1,12157,0,7229,3.61147,3.46424,0.95923,84,1,86.019,150,1,3,12080,187491,0,0,0.000,75.474,9.513,0,0.000,59.127,13.552,0,0,1,0,3
PPG,4,110185,4408951552,123,33282,33141,33636.273,-495.273,-331.266,0,0,0,0,75.00,75.00,2,1,0,nan,4,1,40,1,1,9,9,0,0,0,115354603,0.03955,0.00488,0.95801,0.95884,-0.00558,-0.00055,-0.00114,0.00573,0.95884,0.00642,0.00648,3,12131,0,7229,3.61147,3.46424,0.95923,84,1,86.019,150,1,3,2591,187491,0,0,0.000,75.474,9.513,0,0.000,59.127,13.552,0,0,1,0,3
PPG,4,110186,4408991552,125,32765,32608,33625.992,-1017.992,-248.648,0,0,0,0,75.00,75.00,2,1,0,nan,4,1,40,1,1,10,10,0,0,0,115390990,0.03857,0.00732,0.94629,0.94710,-0.00558,-0.00161,-0.00167,0.00605,0.95910,0.01199,0.00663,3,12169,0,7229,3.61147,3.46424,0.95923,84,1,86.019,150,1,3,4315,187491,0,0,0.000,75.474,9.513,0,0.000,59.127,13.552,0,0,1,0,3
PPG,4,110187,4409031552,137,31979,31833,33608.062,-1775.062,-283.254,0,0,0,0,75.00,75.00,2,1,0,nan,4,1,40,1,1,11,11,0,0,0,115424589,0.03760,0.00415,0.94604,0.94680,-0.00612,-0.00028,-0.00221,0.00651,0.95706,0.01026,0.00651,2,18869,0,7229,3.61147,3.46424,0.95923,84,1,86.019,150,1,3,2587,187491,0,0,0.000,75.474,9.513,0,0.000,59.127,13.552,0,0,1,0,3
PPG,4,110188,4409071552,128,32225,32143,33593.410,-1450.410,-380.105,0,0,0,0,75.00,75.00,2,1,0,nan,4,1,40,1,1,12,12,0,0,0,115468935,0.03589,0.00439,0.95166,0.95235,-0.00505,-0.00028,-0.00300,0.00588,0.95434,0.00754,0.00647,3,12133,0,7230,3.61147,3.46424,0.95923,84,1,86.019,150,1,3,4295,187491,0,0,0.000,75.474,9.513,0,0.000,59.127,13.552,0,0,1,0,3
PPG,4,110189,4409111552,525,34060,34036,33597.836,438.164,-276.566,0,0,0,0,75.00,75.00,2,1,0,nan,4,1,40,1,1,13,13,0,0,0,115507968,0.03638,0.00342,0.95410,0.95480,-0.00612,-0.00028,-0.00061,0.00615,0.95653,0.00381,0.00668,3,12144,0,7230,3.59213,3.47883,0.96846,83,1,85.789,150,1,3,2597,187491,0,0,0.000,75.474,9.513,0,0.000,59.127,13.552,0,0,1,0,3
PPG,4,110190,4409151552,173,35265,35187,33613.727,1573.273,-26.094,0,0,0,0,75.00,75.00,2,1,0,nan,4,1,40,1,1,14,14,0,0,0,115549983,0.03955,0.01318,0.94678,0.94769,-0.00665,-0.00055,-0.00167,0.00688,0.95244,0.00364,0.00688,3,12125,0,7230,3.59213,3.47883,0.96846,83,1,85.789,150,1,3,4304,187491,0,0,179.734,75.474,9.513,1,0.000,59.127,13.552,0,0,1,0,3
PPG,4,110191,4409191552,122,34859,34751,33625.098,1125.902,132.719,0,0,0,0,75.00,75.00,2,1,0,nan,4,1,40,1,1,15,15,0,0,0,115589013,0.03955,0.00391,0.94849,0.94932,-0.00585,-0.00108,-0.00194,0.00626,0.95403,0.00471,0.00704,3,12116,0,7230,3.59213,3.47883,0.96846,83,1,85.789,150,1,3,4307,187491,0,0,0.000,75.474,9.513,0,0.000,59.127,13.552,0,0,1,0,3
PPG,4,110192,4409231552,129,33449,33357,33622.418,-265.418,130.031,0,0,0,0,75.00,75.00,2,1,0,nan,4,1,40,1,1,16,16,0,0,0,115627984,0.03613,0.00684,0.94922,0.94993,-0.00532,-0.00108,-0.00087,0.00550,0.95119,0.00218,0.00610,3,12121,0,7230,3.59213,3.47883,0.96846,83,1,85.789,150,1,3,2595,187491,0,0,0.000,75.474,9.513,0,0.000,59.127,13.552,0,0,1,0,3
PPG,4,110193,4409271552,122,32339,32268,33608.875,-1340.875,101.707,0,0,0,0,75.00,75.00,2,1,0,nan,4,1,40,1,1,17,17,0,0,0,115669532,0.04053,0.00415,0.95093,0.95180,-0.00558,-0.00001,-0.00167,0.00583,0.95203,0.00277,0.00713,3,12126,0,7230,3.59213,3.47883,0.96846,83,1,85.789,150,1,3,4307,187491,0,0,0.000,75.474,9.513,0,0.000,59.127,13.552,0,0,1,0,3
PPG,4,110194,4409311552,126,32465,32403,33596.816,-1193.816,210.836,0,0,0,0,75.00,75.00,2,1,0,nan,4,1,40,1,1,18,18,0,0,0,115708551,0.04126,0.00610,0.94409,0.94501,-0.00532,-0.00055,-0.00141,0.00553,0.96376,0.01874,0.00611,3,12176,0,7230,3.59213,3.47883,0.96846,83,1,85.789,150,1,3,4299,187491,0,0,0.000,75.474,9.513,0,0.000,59.127,13.552,0,0,1,0,3
PPG,4,110195,4409351552,122,33175,33163,33592.477,-429.477,387.352,0,0,0,0,75.00,75.00,2,1,0,nan,4,1,40,1,1,19,19,0,0,0,115747493,0.04175,0.00488,0.94360,0.94454,-0.00558,-0.00081,-0.00087,0.00571,0.95280,0.00826,0.00625,3,12120,0,7230,3.59213,3.47883,0.96846,83,1,85.789,150,1,3,2594,187491,0,0,0.000,75.474,9.513,0,0.000,59.127,13.552,0,0,1,0,3
PPG,4,110196,4409391552,123,34150,34146,33598.012,547.988,413.566,0,0,0,0,75.00,75.00,2,1,0,nan,4,1,40,1,1,20,20,0,0,0,115789042,0.04077,0.00732,0.94922,0.95012,-0.00532,0.00025,-0.00221,0.00576,0.95901,0.01447,0.00618,3,12111,0,7230,3.59213,3.47883,0.96846,83,1,85.789,150,1,3,4301,187491,0,0,0.000,75.474,9.513,0,0.000,59.127,13.552,0,0,1,0,3
PPG,4,110197,4409431552,129,34524,34509,33607.121,901.879,283.957,0,0,0,0,75.00,75.00,2,1,0,nan,4,1,40,1,1,21,21,0,0,0,115828020,0.03979,0.00488,0.95410,0.95494,-0.00638,-0.00081,-0.00167,0.00665,0.95494,0.00506,0.00665,3,12130,0,7230,3.59213,3.47883,0.96846,83,1,85.789,150,1,3,2602,187491,0,0,0.000,75.474,9.513,0,0.000,59.127,13.552,0,0,1,0,3
PPG,4,110198,4409471552,125,33956,33911,33610.160,300.840,114.355,0,0,0,0,75.00,75.00,2,1,0,nan,4,1,40,1,1,22,22,0,0,0,115869565,0.03760,0.00684,0.95239,0.95316,-0.00638,-0.00108,-0.00114,0.00657,0.95316,0.00756,0.00708,3,12116,0,7230,3.59213,3.47883,0.96846,83,1,85.789,150,1,3,4299,187491,0,0,0.000,75.474,9.513,0,0.000,59.127,13.552,0,0,1,0,3
PPG,4,110199,4409511552,147,33040,32912,33603.180,-691.180,20.637,1,0,1,1160,75.00,75.00,2,1,0,nan,4,1,40,1,1,23,23,0,0,0,115908546,0.03882,0.00757,0.95117,0.95199,-0.00638,-0.00161,-0.00061,0.00661,0.95453,0.00254,0.00781,3,12164,0,7230,3.59213,3.47883,0.96846,83,1,85.789,150,1,3,2601,187491,0,0,473.680,75.474,9.513,1,512.824,59.127,13.552,1,1,1,0,4
PPG,4,110200,4409551552,121,32585,32390,33591.047,-1201.047,50.066,0,0,0,0,75.00,75.00,2,1,0,nan,4,1,40,1,1,24,24,0,0,0,115950180,0.03882,0.00781,0.95752,0.95834,-0.00532,-0.00108,-0.00034,0.00544,0.95834,0.00410,0.00620,3,12114,0,7230,3.59213,3.47883,0.96846,83,1,85.789,150,1,3,4295,187491,0,0,0.000,75.287,9.443,0,0.000,59.255,13.622,0,0,1,0,4
PPG,4,110201,4409591552,123,32685,32450,33579.637,-1129.637,106.879,0,0,0,0,75.00,75.00,2,1,0,nan,4,1,40,1,1,25,25,0,0,0,115989113,0.03882,0.00732,0.95532,0.95614,-0.00638,-0.00055,-0.00087,0.00647,0.95614,0.00675,0.00647,3,12119,0,7230,3.59213,3.47883,0.96846,83,1,85.789,150,1,3,4296,187491,0,0,0.000,75.287,9.443,0,0.000,59.255,13.622,0,0,1,0,4
PPG,4,110202,4409631552,138,32841,32598,33569.820,-971.820,68.965,0,0,0,0,75.00,75.00,2,1,0,nan,4,1,40,1,1,26,26,0,0,0,116028117,0.03979,0.00488,0.94800,0.94885,-0.00638,-0.00081,-0.00221,0.00680,0.95291,0.00365,0.00680,3,12123,0,7230,3.59213,3.47883,0.96846,83,1,85.789,150,1,3,2594,187491,0,0,0.000,75.287,9.443,0,0.000,59.255,13.622,0,0,1,0,4
PPG,4,110203,4409671552,123,33060,32811,33562.230,-751.230,-106.398,0,0,0,0,75.00,75.00,2,1,0,nan,4,1,40,1,1,27,27,0,0,0,116069665,0.03760,0.00293,0.95239,0.95314,-0.00558,0.00079,-0.00221,0.00606,0.95563,0.00558,0.00706,3,12124,0,7230,3.59213,3.47883,0.96846,83,1,85.789,150,1,3,4304,187491,0,0,0.000,75.287,9.443,0,0.000,59.255,13.622,0,0,1,0,4
PPG,4,110204,4409711552,123,33811,33573,33562.340,10.660,-260.215,0,0,0,0,75.00,75.00,2,1,0,nan,4,1,40,1,1,28,28,0,0,0,116108646,0.03955,0.00659,0.95361,0.95446,-0.00585,-0.00055,-0.00114,0.00599,0.96623,0.01818,0.00662,3,12170,0,7230,3.59213,3.47883,0.96846,83,1,85.789,150,1,3,2625,187491,0,0,0.000,75.287,9.443,0,0.000,59.255,13.622,0,0,1,0,4
PPG,4,110205,4409751552,122,34302,34080,33567.516,512.484,-283.020,0,0,0,0,75.00,75.00,2,1,0,nan,4,1,40,1,1,29,29,0,0,0,116150213,0.03857,0.00537,0.95361,0.95441,-0.00612,-0.00081,-0.00247,0.00665,0.95517,0.00130,0.00665,3,12112,0,7230,3.59213,3.47883,0.96846,83,1,85.789,150,1,3,4298,187491,0,0,0.000,75.287,9.443,0,0.000,59.255,13.622,0,0,1,0,4
PPG,4,110206,4409791552,123,33653,33412,33565.961,-153.961,-251.793,0,0,0,0,75.00,75.00,2,1,0,nan,4,1,40,1,1,30,30,0,0,0,116189136,0.04053,0.00244,0.95386,0.95472,-0.00665,-0.00081,-0.00141,0.00685,0.95472,0.00576,0.00710,3,12116,0,7230,3.59213,3.47883,0.96846,83,1,85.789,150,1,3,4301,187491,0,0,0.000,75.287,9.443,0,0.000,59.255,13.622,0,0,1,0,4
PPG,4,110207,4409831552,134,32918,32667,33556.973,-889.973,-253.922,0,0,0,0,75.00,75.00,2,1,0,nan,4,1,40,1,1,31,31,0,0,0,116228130,0.03711,0.00732,0.94458,0.94534,-0.00585,-0.00028,-0.00087,0.00592,0.95447,0.00565,0.00613,3,12124,0,7230,3.59213,3.47883,0.96846,83,1,85.789,150,1,3,2595,187491,0,0,0.000,75.287,9.443,0,0.000,58.771,13.816,0,0,1,0,4
PPG,4,110208,4409871552,124,32982,32741,33548.812,-807.812,-242.250,0,0,0,0,75.00,75.00,2,1,0,nan,4,1,40,1,1,0,0,0,0,0,116269672,0.03784,0.00464,0.94971,0.95047,-0.00665,-0.00081,-0.00247,0.00714,0.95427,0.00893,0.00714,3,12122,0,7230,3.59213,3.47883,0.96846,83,1,85.789,150,1,3,4297,187491,0,0,0.000,75.287,9.443,0,0.000,58.771,13.816,0,0,1,0,4
PPG,4,110209,4409911552,125,33639,33417,33547.496,-130.496,-94.301,0,0,0,0,75.00,75.00,2,1,0,nan,4,1,40,1,1,1,1,0,0,0,116308683,0.04541,0.00659,0.94751,0.94862,-0.00532,-0.00028,-0.00007,0.00533,0.95291,0.00244,0.00619,3,12118,0,7230,3.59213,3.47883,0.96846,83,1,85.789,150,1,3,2597,187491,0,0,0.000,75.287,9.443,0,0.000,58.771,13.816,0,0,1,0,4
PPG,4,110210,4409951552,125,34395,34200,33554.020,645.980,153.480,0,0,0,0,75.00,75.00,2,1,0,nan,4,1,40,1,1,2,2,0,0,0,116350555,0.04004,0.00464,0.94751,0.94837,-0.00532,-0.00055,-0.00247,0.00589,0.95206,0.00420,0.00594,3,12130,0,7230,3.59213,3.47883,0.96846,83,1,85.789,150,1,3,4297,187491,0,0,0.000,75.287,9.443,0,0.000,58.771,13.816,0,0,1,0,4
PPG,4,110211,4409991552,124,35112,34949,33567.969,1381.031,340.148,0,0,0,0,75.00,75.00,2,1,0,nan,4,1,40,1,1,3,3,0,0,0,116389541,0.03979,0.00439,0.94873,0.94957,-0.00558,-0.00028,-0.00141,0.00577,0.95452,0.00494,0.00699,3,12115,0,7230,3.59213,3.47883,0.96846,83,1,85.789,150,1,3,4303,187491,0,0,0.000,75.287,9.443,0,0.000,58.771,13.816,0,0,1,0,4
PPG,4,110212,4410031552,131,35322,35153,33583.820,1569.180,403.637,0,0,0,0,75.00,75.00,2,1,0,nan,4,1,40,1,1,4,4,0,0,0,116425846,0.04175,0.00146,0.95337,0.95428,-0.00532,0.00079,-0.00061,0.00541,0.95428,0.00565,0.00541,2,21656,0,7231,3.59213,3.47883,0.96846,83,1,85.789,150,1,3,2585,187491,0,0,0.000,75.287,9.443,0,0.000,58.771,13.816,0,0,1,0,4
PPG,4,110213,4410071552,189,34336,34161,33589.594,571.406,415.984,0,0,0,0,75.00,75.00,2,1,0,nan,4,1,40,1,1,5,5,0,0,0,116470071,0.04248,0.00146,0.94824,0.94919,-0.00479,0.00025,-0.00114,0.00493,0.95408,0.00489,0.00693,3,12115,0,7231,3.59213,3.47883,0.96846,83,1,85.789,150,1,3,4303,187491,0,0,0.000,75.287,9.443,0,0.000,58.771,13.816,0,0,1,0,4
PPG,4,110214,4410111552,587,33146,32968,33583.379,-615.379,430.734,0,0,0,0,75.00,75.00,2,1,0,nan,4,0,40,1,1,6,6,0,0,0,116509342,0.03906,0.00537,0.95117,0.95199,-0.00558,-0.00215,-0.00194,0.00629,0.95464,0.00600,0.00629,3,12132,0,7231,3.48386,3.47089,0.99628,83,1,85.093,166,1,3,4397,187491,0,0,0.000,75.287,9.443,0,0.000,58.771,13.816,0,0,1,0,4
PPG,4,110215,4410151552,179,32715,32576,33573.305,-997.305,436.516,0,1,0,0,75.00,75.00,2,1,0,nan,4,0,40,1,1,7,7,0,0,0,116549337,0.03589,0.00586,0.94800,0.94870,-0.00638,-0.00081,-0.00221,0.00680,0.95511,0.00660,0.00680,3,12243,0,7231,3.48386,3.47089,0.99628,83,1,85.093,166,1,3,4339,187491,0,0,0.000,75.287,9.443,0,0.000,58.771,13.816,0,0,1,0,4
PPG,4,110216,4410191552,146,32884,32769,33565.262,-796.262,412.793,0,0,0,0,75.00,75.00,2,1,0,nan,4,0,40,1,1,8,8,0,0,0,116588762,0.03809,0.00659,0.95288,0.95366,-0.00558,-0.00028,-0.00061,0.00562,0.95498,0.00628,0.00630,3,12270,0,7231,3.48386,3.47089,0.99628,83,1,85.093,166,1,3,2626,187491,0,0,0.000,75.287,9.443,0,0.000,58.771,13.816,0,0,1,0,4
PPG,4,110217,4410231552,125,33494,33396,33563.570,-167.570,353.586,0,0,0,0,75.00,75.00,2,1,0,nan,4,0,40,1,1,9,9,0,0,0,116630788,0.03809,0.00610,0.94971,0.95049,-0.00558,-0.00108,-0.00061,0.00572,0.95389,0.00340,0.00572,3,12292,0,7231,3.48386,3.47089,0.99628,83,1,85.093,166,1,3,4350,187491,0,0,0.000,75.287,9.443,0,0.000,58.771,13.816,0,0,1,0,4
PPG,4,110218,4410271552,127,34047,33978,33567.715,410.285,211.520,0,0,0,0,75.00,75.00,2,1,0,nan,4,0,40,1,1,10,10,0,0,0,116670131,0.04028,0.00708,0.95190,0.95278,-0.00479,-0.00055,-0.00087,0.00489,0.95278,0.00379,0.00578,3,12281,0,7231,3.48386,3.47089,0.99628,83,1,85.093,166,1,3,4345,187491,0,0,0.000,75.287,9.443,0,0.000,58.771,13.816,0,0,1,0,4
PPG,4,110219,4410311552,125,33841,33774,33569.777,204.223,-28.578,0,0,0,0,75.00,75.00,2,1,0,nan,4,0,40,1,1,11,11,0,0,0,116709437,0.03638,0.00659,0.94922,0.94994,-0.00692,0.00025,-0.00194,0.00719,0.95859,0.00865,0.00719,3,12261,0,7231,3.48386,3.47089,0.99628,83,1,85.093,166,1,3,4332,187491,0,0,0.000,75.287,9.443,0,0.000,58.771,13.816,0,0,1,0,4
PPG,4,110220,4410351552,127,33168,33090,33564.980,-474.980,-216.578,0,0,0,0,75.00,75.00,2,1,0,nan,4,0,40,1,1,12,12,0,0,0,116748764,0.04199,0.00781,0.94702,0.94798,-0.00692,-0.00001,-0.00061,0.00694,0.95322,0.00423,0.00694,3,12255,0,7231,3.48386,3.47089,0.99628,83,1,85.093,166,1,3,2625,187491,0,0,642.906,75.287,9.443,1,0.000,58.771,13.816,0,0,1,0,4
PPG,4,110221,4410391552,156,32972,32894,33558.270,-664.270,-249.352,0,0,0,0,75.00,75.00,2,1,0,nan,4,0,40,1,1,13,13,0,0,0,116790676,0.03662,0.00732,0.95166,0.95239,-0.00612,-0.00081,-0.00087,0.00623,0.95684,0.00916,0.00628,3,12233,0,7231,3.48386,3.47089,0.99628,83,1,85.093,166,1,3,4341,187491,0,0,0.000,75.287,9.443,0,0.000,58.771,13.816,0,0,1,0,4
PPG,4,110222,4410431552,146,32974,32826,33550.945,-724.945,-225.035,0,0,0,0,75.00,75.00,2,1,0,nan,4,0,40,1,1,14,14,0,0,0,116830067,0.04053,0.00586,0.95093,0.95181,-0.00452,-0.00028,-0.00167,0.00483,0.95374,0.00314,0.00611,3,12283,0,7231,3.48386,3.47089,0.99628,83,1,85.093,166,1,3,4343,187491,0,0,0.000,75.287,9.443,0,0.000,58.771,13.816,0,0,1,0,4
PPG,4,110223,4410471552,149,33152,32933,33544.766,-611.766,-207.707,1,0,1,900,66.67,66.67,2,1,512,nan,4,0,40,1,1,15,15,0,0,0,116869334,0.03735,0.00732,0.95264,0.95340,-0.00479,-0.00081,-0.00221,0.00533,0.95530,0.00349,0.00538,3,12216,0,7231,3.48386,3.47089,0.99628,83,1,85.093,166,1,3,4334,187491,0,0,0.000,75.287,9.443,0,690.438,58.771,13.816,1,1,1,0,5
PPG,4,110224,4410511552,129,33939,33671,33546.027,124.973,-173.320,0,0,0,0,66.67,66.67,2,1,512,nan,4,0,40,1,1,16,16,0,0,0,116908760,0.04224,0.00513,0.94775,0.94871,-0.00585,-0.00055,-0.00141,0.00604,0.95585,0.00714,0.00604,3,12264,0,7231,3.48386,3.47089,0.99628,83,1,85.093,166,1,3,2620,187491,0,0,0.000,76.181,9.780,0,0.000,59.993,14.499,0,0,1,0,5
PPG,4,110225,4410551552,142,34099,33798,33548.547,249.453,-184.934,0,0,0,0,66.67,66.67,2,1,512,nan,4,0,40,1,1,17,17,0,0,0,116950712,0.03809,0.00635,0.95020,0.95098,-0.00558,-0.00081,-0.00141,0.00582,0.95892,0.01022,0.00611,3,12245,0,7231,3.48386,3.47089,0.99628,83,1,85.093,166,1,3,4328,187491,0,0,0.000,76.181,9.780,0,0.000,59.993,14.499,0,0,1,0,5
PPG,4,110226,4410591552,133,33587,33305,33546.113,-241.113,-246.586,0,0,0,0,66.67,66.67,2,1,512,nan,4,0,40,1,1,18,18,0,0,0,116989903,0.04126,0.00342,0.96094,0.96183,-0.00692,-0.00081,-0.00141,0.00710,0.96183,0.00759,0.00710,3,12185,0,7231,3.48386,3.47089,0.99628,83,1,85.093,166,1,3,4342,187491,0,0,0.000,76.181,9.780,0,0.000,59.993,14.499,0,0,1,0,5
PPG,4,110227,4410631552,126,32898,32623,33536.883,-913.883,-311.102,0,0,0,0,66.67,66.67,2,1,512,nan,4,0,40,1,1,19,19,0,0,0,117029187,0.03760,0.00317,0.95459,0.95534,-0.00585,-0.00135,-0.00114,0.00611,0.95534,0.01387,0.00665,3,12232,0,7231,3.48386,3.47089,0.99628,83,1,85.093,166,1,3,4331,187491,0,0,0.000,76.181,9.780,0,0.000,59.993,14.499,0,0,1,0,5
PPG,4,110228,4410671552,127,33119,32902,33530.535,-628.535,-318.004,0,0,0,0,66.67,66.67,2,1,512,nan,4,0,40,1,1,20,20,0,0,0,117068476,0.04199,0.00513,0.95142,0.95236,-0.00585,-0.00028,-0.00167,0.00609,0.95236,0.00480,0.00609,3,12236,0,7231,3.48386,3.47089,0.99628,83,1,85.093,166,1,3,2619,187491,0,0,0.000,76.181,9.780,0,0.000,59.993,14.499,0,0,1,0,5
PPG,4,110229,4410711552,134,33905,33706,33532.289,173.711,-206.746,0,0,0,0,66.67,66.67,2,1,512,nan,4,0,40,1,1,21,21,0,0,0,117110360,0.03882,0.00513,0.95825,0.95905,-0.00558,-0.00055,-0.00167,0.00586,0.95905,0.00682,0.00662,3,12233,0,7231,3.48386,3.47089,0.99628,83,1,85.093,166,1,3,4318,187491,0,0,0.000,76.181,9.780,0,0.000,59.993,14.499,0,0,1,0,5
PPG,4,110230,4410751552,126,34757,34543,33542.395,1000.605,6.105,0,0,0,0,66.67,66.67,2,1,512,nan,4,0,40,1,1,22,22,0,0,0,117149492,0.03857,0.00488,0.95020,0.95099,-0.00585,-0.00055,-0.00194,0.00619,0.95204,0.00701,0.00619,3,12156,0,7231,3.48386,3.47089,0.99628,83,1,85.093,166,1,3,4306,187491,0,0,0.000,76.181,9.780,0,0.000,59.993,14.499,0,0,1,0,5
PPG,4,110231,4410791552,126,34942,34735,33554.320,1180.680,168.805,0,0,0,0,66.67,66.67,2,1,512,nan,4,0,40,1,1,23,23,0,0,0,117188584,0.03613,0.00244,0.95337,0.95406,-0.00505,-0.00055,-0.00274,0.00577,0.95411,0.00349,0.00636,3,12119,0,7231,3.48386,3.47089,0.99628,83,1,85.093,166,1,3,2633,187491,0,0,0.000,76.181,9.780,0,0.000,59.993,14.499,0,0,1,0,5
PPG,4,110232,4410831552,127,35080,34891,33567.688,1323.312,338.051,1,0,0,0,66.67,66.67,2,1,512,nan,4,0,40,1,1,24,24,0,0,0,117230176,0.03809,0.00732,0.95435,0.95513,-0.00612,0.00052,-0.00167,0.00636,0.95513,0.00314,0.00647,3,12122,0,7231,3.48386,3.47089,0.99628,83,1,85.093,166,1,3,4301,187491,0,0,0.000,76.181,9.780,0,76.031,59.993,14.499,1,0,1,0,5
PPG,4,110233,4410871552,145,35212,35031,33582.320,1448.680,541.121,0,0,1,440,75.00,75.00,2,1,0,nan,4,0,40,1,1,25,25,0,0,0,117269395,0.03345,0.00586,0.95264,0.95324,-0.00558,-0.00055,-0.00194,0.00594,0.95324,0.00292,0.00713,3,12132,0,7231,3.48386,3.47089,0.99628,83,1,85.093,166,1,3,4302,187491,0,0,138.785,76.181,9.780,1,0.000,59.993,14.499,0,1,1,0,6
PPG,4,110234,4410911552,125,34888,34741,33593.906,1147.094,755.043,0,0,0,0,75.00,75.00,2,1,0,nan,4,0,40,1,1,26,26,0,0,0,117308450,0.04102,0.00464,0.95239,0.95329,-0.00612,-0.00028,-0.00194,0.00642,0.95405,0.00741,0.00642,3,12131,0,7231,3.48386,3.47089,0.99628,83,1,85.093,166,1,3,2603,187491,0,0,0.000,73.812,8.885,0,0.000,57.222,12.952,0,0,1,0,6
PPG,4,110235,4410951552,126,34359,34228,33600.246,627.754,861.871,0,1,0,0,75.00,75.00,2,1,0,nan,4,0,40,1,1,27,27,0,0,0,117350081,0.03784,0.00635,0.95581,0.95658,-0.00558,0.00025,-0.00141,0.00576,0.95795,0.00466,0.00654,3,12148,0,7231,3.48386,3.47089,0.99628,83,1,85.093,166,1,3,4296,187491,0,0,0.000,73.812,8.885,0,0.000,57.222,12.952,0,0,1,0,6
PPG,4,110236,4410991552,134,34443,34335,33607.594,727.406,873.430,0,0,0,0,75.00,75.00,2,1,0,nan,4,0,40,1,1,28,28,0,0,0,117389017,0.03735,0.00928,0.95068,0.95146,-0.00532,-0.00081,-0.00167,0.00563,0.95513,0.00456,0.00563,3,12112,0,7231,3.48386,3.47089,0.99628,83,1,85.093,166,1,3,2605,187491,0,0,0.000,73.812,8.885,0,0.000,57.222,12.952,0,0,1,0,6
PPG,4,110237,4411031552,137,35146,35039,33621.906,1417.094,862.137,0,0,0,0,75.00,75.00,2,1,0,nan,4,0,40,1,1,29,29,0,0,0,117427760,0.03809,0.00537,0.94873,0.94951,-0.00532,0.00025,-0.00300,0.00611,0.95104,0.00153,0.00611,2,21473,0,7232,3.48386,3.47089,0.99628,83,1,85.093,166,1,3,2599,187491,0,0,0.000,73.812,8.885,0,0.000,57.222,12.952,0,0,1,0,6
PPG,4,110238,4411071552,129,35420,35296,33638.648,1657.352,876.379,0,0,0,0,75.00,75.00,2,1,0,nan,4,0,40,1,1,30,30,0,0,0,117469591,0.04004,0.00708,0.95410,0.95497,-0.00558,-0.00081,-0.00114,0.00576,0.95497,0.00333,0.00576,3,12117,0,7232,3.48386,3.47089,0.99628,83,1,85.093,166,1,3,4296,187491,0,0,0.000,73.812,8.885,0,0.000,57.222,12.952,0,0,1,0,6
PPG,4,110239,4411111552,544,35068,34958,33651.844,1306.156,826.750,0,0,0,0,75.00,75.00,2,1,0,nan,4,0,40,1,1,31,31,0,0,0,117508537,0.03931,0.00781,0.94922,0.95006,-0.00612,-0.00028,-0.00194,0.00642,0.95157,0.00465,0.00658,3,12126,0,7232,3.08197,3.10793,1.00842,84,1,84.789,214,1,3,2598,187491,0,0,0.000,73.812,8.885,0,0.000,58.534,12.471,0,0,1,0,6
PPG,4,110240,4411151552,176,34806,34718,33662.504,1055.496,700.637,0,0,0,0,75.00,75.00,2,1,0,nan,4,0,40,1,1,0,0,0,0,0,117550621,0.04077,0.00659,0.95313,0.95402,-0.00612,-0.00081,-0.00141,0.00633,0.95521,0.00338,0.00691,3,12175,0,7232,3.08197,3.10793,1.00842,84,1,84.789,214,1,3,4298,187491,0,0,0.000,73.812,8.885,0,0.000,58.534,12.471,0,0,1,0,6
PPG,4,110241,4411191552,125,34802,34740,33673.277,1066.723,608.195,0,0,0,0,75.00,75.00,2,1,0,nan,4,0,40,1,1,1,1,0,0,0,117589610,0.03979,0.00439,0.95410,0.95494,-0.00585,-0.00028,-0.00194,0.00617,0.95524,0.00630,0.00644,3,12120,0,7232,3.08197,3.10793,1.00842,84,1,84.789,214,1,3,4298,187491,0,0,0.000,73.812,8.885,0,0.000,58.534,12.471,0,0,1,0,6
PPG,4,110242,4411231552,127,35363,35300,33689.543,1610.457,637.637,0,0,0,0,75.00,75.00,2,1,0,nan,4,0,40,1,1,2,2,0,0,0,117628543,0.03979,0.00806,0.95581,0.95667,-0.00532,-0.00081,-0.00167,0.00563,0.95667,0.00881,0.00636,3,12123,0,7232,3.08197,3.10793,1.00842,84,1,84.789,214,1,3,2602,187491,0,0,0.000,73.812,8.885,0,0.000,58.534,12.471,0,0,1,0,6
PPG,4,110243,4411271552,126,36421,36323,33715.879,2607.121,752.137,0,0,0,0,75.00,75.00,2,1,0,nan,4,0,40,1,1,3,3,0,0,0,117670528,0.03760,0.00610,0.95166,0.95242,-0.00479,-0.00028,-0.00194,0.00517,0.95242,0.00845,0.00589,3,12332,0,7232,3.08197,3.10793,1.00842,84,1,84.789,214,1,3,4347,187491,0,0,1129.535,73.812,8.885,1,0.000,58.534,12.471,0,0,1,0,6
PPG,4,110244,4411311552,147,37304,37090,33749.621,3340.379,874.184,1,0,1,440,75.00,75.00,2,1,16,nan,4,0,40,1,1,4,4,0,0,0,117709580,0.04224,0.00806,0.95215,0.95312,-0.00585,-0.00055,-0.00061,0.00591,0.95503,0.00505,0.00680,3,12181,0,7232,3.08197,3.10793,1.00842,84,1,84.789,214,1,3,4296,187491,0,0,0.000,73.812,8.885,0,1191.434,58.534,12.471,1,1,1,0,7
PPG,4,110245,4411351552,127,36979,36653,33778.656,2874.344,925.293,0,0,0,0,75.00,75.00,2,1,16,nan,4,0,40,1,1,5,5,0,0,0,117748566,0.03638,0.00708,0.94971,0.95043,-0.00452,0.00025,-0.00087,0.00461,0.95596,0.00655,0.00628,3,12123,0,7232,3.08197,3.10793,1.00842,84,1,84.789,214,1,3,2631,187491,0,0,0.000,77.932,10.442,0,0.000,63.081,14.916,0,0,1,0,7
PPG,4,110246,4411391552,128,36315,35973,33800.602,2172.398,936.895,0,0,0,0,75.00,75.00,2,1,16,nan,4,0,40,1,1,6,6,0,0,0,117790179,0.04053,0.00439,0.95068,0.95156,-0.00505,-0.00135,-0.00061,0.00526,0.95156,0.00375,0.00566,3,12107,0,7232,3.08197,3.10793,1.00842,84,1,84.789,214,1,3,4294,187491,0,0,0.000,77.932,10.442,0,0.000,63.081,14.916,0,0,1,0,7
PPG,4,110247,4411431552,140,36056,35742,33820.016,1921.984,927.230,0,0,0,0,75.00,75.00,2,1,16,nan,4,0,40,1,1,7,7,0,0,0,117829123,0.03809,0.00684,0.94922,0.95001,-0.00585,-0.00001,-0.00114,0.00596,0.95305,0.00464,0.00618,3,12125,0,7232,3.08197,3.10793,1.00842,84,1,84.789,214,1,3,2595,187491,0,0,0.000,77.932,10.442,0,0.000,63.081,14.916,0,0,1,0,7
PPG,4,110248,4411471552,128,36066,35753,33839.344,1913.656,929.395,0,0,0,0,75.00,75.00,2,1,16,nan,4,0,40,1,1,8,8,0,0,0,117870708,0.03735,0.00366,0.94971,0.95045,-0.00505,-0.00081,-0.00194,0.00547,0.95146,0.00382,0.00656,3,12105,0,7232,3.08197,3.10793,1.00842,84,1,84.789,214,1,3,4295,187491,0,0,0.000,77.932,10.442,0,0.000,63.081,14.916,0,0,1,0,7
PPG,4,110249,4411511552,138,36129,35836,33859.309,1976.691,899.465,0,0,0,0,75.00,75.00,2,1,16,nan,4,0,40,1,1,9,9,0,0,0,117909642,0.03882,0.00732,0.95361,0.95443,-0.00585,0.00052,-0.00167,0.00611,0.95443,0.00360,0.00611,3,12115,0,7232,3.08197,3.10793,1.00842,84,1,84.789,214,1,3,4300,187491,0,0,0.000,77.932,10.442,0,0.000,62.391,15.213,0,0,1,0,7
PPG,4,110250,4411551552,128,36655,36375,33884.465,2490.535,815.293,0,0,0,0,75.00,75.00,2,1,16,nan,4,0,40,1,1,10,10,0,0,0,117948584,0.03882,0.00366,0.95239,0.95319,-0.00558,-0.00001,-0.00247,0.00611,0.95825,0.00506,0.00669,3,12112,0,7232,3.08197,3.10793,1.00842,84,1,84.789,214,1,3,2594,187491,0,0,0.000,77.932,10.442,0,0.000,62.391,15.213,0,0,1,0,7
PPG,4,110251,4411591552,126,37067,36749,33913.109,2835.891,665.879,0,0,0,0,75.00,75.00,2,1,16,nan,4,0,40,1,1,11,11,0,0,0,117990153,0.04053,0.00293,0.95557,0.95643,-0.00638,-0.00268,-0.00247,0.00735,0.95643,0.00749,0.00735,3,12113,0,7232,3.08197,3.10793,1.00842,84,1,84.789,214,1,3,4301,187491,0,0,0.000,77.932,10.442,0,0.000,62.391,15.213,0,0,1,0,7
PPG,4,110252,4411631552,128,36896,36583,33939.809,2643.191,571.281,0,0,0,0,75.00,75.00,2,1,16,nan,4,0,40,1,1,12,12,0,0,0,118029095,0.04077,0.01074,0.94922,0.95015,-0.00585,-0.00108,-0.00141,0.00611,0.95291,0.00591,0.00716,3,12112,0,7232,3.08197,3.10793,1.00842,84,1,84.789,214,1,3,2595,187491,0,0,0.000,77.932,10.442,0,0.000,62.391,15.213,0,0,1,0,7
PPG,4,110253,4411671552,127,36611,36305,33963.461,2341.539,555.004,0,0,0,0,75.00,75.00,2,1,16,nan,4,0,40,1,1,13,13,0,0,0,118070702,0.04224,0.00195,0.94922,0.95016,-0.00612,-0.00081,-0.00167,0.00639,0.95489,0.00473,0.00645,3,12147,0,7232,3.08197,3.10793,1.00842,84,1,84.789,214,1,3,4302,187491,0,0,0.000,77.932,10.442,0,0.000,62.391,15.213,0,0,1,0,7
PPG,4,110254,4411711552,128,36585,36295,33986.777,2308.223,556.305,1,0,0,0,75.00,75.00,2,1,16,nan,4,0,40,1,1,14,14,0,0,0,118109645,0.03735,0.00928,0.95068,0.95146,-0.00479,-0.00161,-0.00167,0.00532,0.95224,0.00205,0.00617,3,12110,0,7232,3.08197,3.10793,1.00842,84,1,84.789,214,1,3,4301,187491,0,0,0.000,77.932,10.442,0,328.699,62.391,15.213,1,0,1,0,7
PPG,4,110255,4411751552,135,36800,36521,34012.121,2508.879,551.371,0,0,0,0,75.00,75.00,2,1,16,nan,4,0,40,1,1,15,15,0,0,0,118148607,0.04272,0.00488,0.95264,0.95361,-0.00479,-0.00055,-0.00167,0.00510,0.95690,0.00841,0.00542,3,12118,0,7232,3.08197,3.10793,1.00842,84,1,84.789,214,1,3,2595,187491,0,0,0.000,77.932,10.442,0,0.000,59.395,16.653,0,0,1,0,7
PPG,4,110256,4411791552,146,37422,37148,34043.480,3104.520,598.148,0,0,1,460,100.00,100.00,2,1,16,nan,4,0,40,1,1,16,16,0,0,0,118190174,0.03784,0.00757,0.95361,0.95439,-0.00585,-0.00108,-0.00221,0.00635,0.95439,0.00484,0.00681,3,12116,0,7232,3.08197,3.10793,1.00842,84,1,84.789,214,1,3,4294,187491,0,0,457.484,77.932,10.442,1,0.000,59.395,16.653,0,1,1,0,7
PPG,4,110257,4411831552,131,38152,37869,34081.734,3787.266,670.078,0,0,0,0,100.00,100.00,2,1,16,nan,4,0,40,1,1,17,17,0,0,0,118229160,0.03857,0.00366,0.95898,0.95977,-0.00505,-0.00081,-0.00061,0.00515,0.95977,0.00745,0.00642,3,12112,0,7232,3.08197,3.10793,1.00842,84,1,84.789,214,1,3,2598,187491,0,0,0.000,77.336,10.217,0,0.000,57.981,15.805,0,0,1,0,7
PPG,4,110258,4411871552,132,38803,38496,34125.879,4370.121,759.648,0,0,0,0,100.00,100.00,2,1,16,nan,4,0,40,1,1,18,18,0,0,0,118270758,0.03662,0.00464,0.94922,0.94994,-0.00505,-0.00055,-0.00061,0.00512,0.95821,0.00827,0.00606,3,12141,0,7232,3.08197,3.10793,1.00842,84,1,84.789,214,1,3,4299,187491,0,0,0.000,77.336,10.217,0,0.000,57.981,15.805,0,0,1,0,7
PPG,4,110259,4411911552,127,38222,37933,34163.949,3769.051,803.754,0,0,0,0,100.00,100.00,2,1,16,nan,4,0,40,1,1,19,19,0,0,0,118309680,0.04004,0.00806,0.94971,0.95058,-0.00638,-0.00135,-0.00167,0.00674,0.95374,0.00417,0.00706,3,12112,0,7232,3.08197,3.10793,1.00842,84,1,84.789,214,1,3,4296,187491,0,0,0.000,77.336,10.217,0,0.000,57.981,15.805,0,0,1,0,7
PPG,4,110260,4411951552,141,37333,37102,34193.328,2908.672,798.414,0,0,0,0,100.00,100.00,2,1,16,nan,4,0,40,1,1,20,20,0,0,0,118348612,0.04077,0.00439,0.95190,0.95279,-0.00612,-0.00055,-0.00167,0.00637,0.95279,0.00113,0.00639,3,12114,0,7232,3.08197,3.10793,1.00842,84,1,84.789,214,1,3,2595,187491,0,0,0.000,77.336,10.217,0,0.000,57.981,15.805,0,0,1,0,7
PPG,4,110261,4411991552,127,37213,37005,34221.445,2783.555,786.594,0,0,0,0,100.00,100.00,2,1,16,nan,4,0,40,1,1,21,21,0,0,0,118390159,0.03931,0.00732,0.95288,0.95372,-0.00532,-0.00001,-0.00114,0.00544,0.95372,0.00169,0.00654,3,12111,0,7232,3.08197,3.10793,1.00842,84,1,84.789,214,1,3,4300,187491,0,0,0.000,77.336,10.217,0,0.000,57.981,15.805,0,0,1,0,7
PPG,4,110262,4412031552,132,37860,37635,34255.582,3379.418,828.984,0,0,0,0,100.00,100.00,2,1,16,nan,4,0,40,1,1,22,22,0,0,0,118428891,0.03735,0.00977,0.95386,0.95464,-0.00452,-0.00001,-0.00114,0.00466,0.95464,0.00207,0.00578,2,24068,0,7233,3.08197,3.10793,1.00842,84,1,84.789,214,1,3,2599,187491,0,0,0.000,77.336,10.217,0,0.000,57.981,15.805,0,0,1,0,7
PPG,4,110263,4412071552,129,38432,38226,34295.285,3930.715,887.836,0,0,0,0,100.00,100.00,2,1,16,nan,4,0,40,1,1,23,23,0,0,0,118470569,0.04248,0.00244,0.95142,0.95237,-0.00558,-0.00001,-0.00194,0.00591,0.95319,0.00145,0.00654,3,12160,0,7233,3.08197,3.10793,1.00842,84,1,84.789,214,1,3,4305,187491,0,0,0.000,77.336,10.217,0,0.000,57.981,15.805,0,0,1,0,7
PPG,4,110264,4412111552,538,38527,38320,34335.531,3984.469,890.766,0,0,0,0,100.00,100.00,2,1,16,nan,4,0,40,1,1,24,24,0,0,0,118509540,0.03979,0.00220,0.95068,0.95152,-0.00612,-0.00028,-0.00141,0.00628,0.95153,0.00460,0.00628,3,12117,0,7233,4.72842,4.83447,1.02243,84,1,84.439,250,1,3,4304,187491,0,0,0.000,78.987,9.892,0,0.000,57.981,15.805,0,0,1,0,7
PPG,4,110265,4412151552,186,38033,37810,34370.277,3439.723,734.914,0,0,0,0,100.00,100.00,2,1,16,nan,4,0,40,1,1,25,25,0,0,0,118548942,0.04126,0.00562,0.94849,0.94940,-0.00718,-0.00028,-0.00087,0.00724,0.95034,0.00118,0.00724,3,12119,0,7233,4.72842,4.83447,1.02243,84,1,84.439,250,1,3,2600,187491,0,0,0.000,78.987,9.892,0,0.000,57.981,15.805,0,0,1,0,7
PPG,4,110266,4412191552,131,37584,37264,34399.215,2864.785,574.793,0,0,0,0,100.00,100.00,2,1,16,nan,4,0,40,1,1,26,26,0,0,0,118590584,0.03687,0.00708,0.95557,0.95630,-0.00612,-0.00081,-0.00221,0.00655,0.95630,0.00662,0.00712,3,12112,0,7233,4.72842,4.83447,1.02243,84,1,84.439,250,1,3,4298,187491,0,0,0.000,78.987,9.892,0,0.000,57.981,15.805,0,0,1,0,7
PPG,4,110267,4412231552,147,37249,36835,34423.574,2411.426,482.000,1,0,1,480,100.00,100.00,2,1,16,nan,4,0,40,1,1,27,27,0,0,0,118629534,0.03857,0.00488,0.95410,0.95489,-0.00638,-0.00108,-0.00221,0.00684,0.95592,0.00432,0.00689,3,12117,0,7233,4.72842,4.83447,1.02243,84,1,84.439,250,1,3,4305,187491,0,0,209.902,78.987,9.892,1,252.383,57.981,15.805,1,1,1,0,7
PPG,4,110268,4412271552,126,37126,36687,34446.207,2240.793,389.871,0,0,0,0,100.00,100.00,2,1,16,nan,4,0,40,1,1,28,28,0,0,0,118668551,0.04028,0.00439,0.95410,0.95496,-0.00665,0.00052,-0.00087,0.00673,0.95496,0.00346,0.00675,3,12133,0,7233,4.72842,4.83447,1.02243,84,1,84.439,250,1,3,2645,187491,0,0,0.000,76.918,9.135,0,0.000,56.268,14.776,0,0,1,0,7
PPG,4,110269,4412311552,127,37448,37004,34471.785,2532.215,241.328,0,0,0,0,100.00,100.00,2,1,16,nan,4,0,40,1,1,29,29,0,0,0,118710284,0.04199,0.00415,0.95190,0.95284,-0.00612,0.00025,-0.00141,0.00628,0.95284,0.00275,0.00628,3,12173,0,7233,4.72842,4.83447,1.02243,84,1,84.439,250,1,3,4350,187491,0,0,0.000,76.918,9.135,0,0.000,56.268,14.776,0,0,1,0,7
PPG,4,110270,4412351552,167,38190,37725,34504.316,3220.684,102.254,0,0,0,0,100.00,100.00,2,1,16,nan,4,0,40,1,1,30,30,0,0,0,118749301,0.03906,0.00684,0.95190,0.95273,-0.00612,-0.00028,-0.00167,0.00635,0.95273,0.00220,0.00659,3,12130,0,7233,4.72842,4.83447,1.02243,84,1,84.439,250,1,3,2688,187491,0,0,0.000,76.918,9.135,0,0.000,56.268,14.776,0,0,1,0,7
PPG,4,110271,4412391552,132,38800,38305,34542.324,3762.676,22.316,0,0,0,0,100.00,100.00,2,1,16,nan,4,0,40,1,1,31,31,0,0,0,118791585,0.04102,0.00415,0.95483,0.95572,-0.00612,-0.00055,-0.00061,0.00617,0.95572,0.00599,0.00617,3,12255,0,7233,4.72842,4.83447,1.02243,84,1,84.439,250,1,3,4333,187491,0,0,0.000,76.918,9.135,0,0.000,56.268,14.776,0,0,1,0,7
PPG,4,110272,4412431552,129,38843,38371,34580.609,3790.391,13.055,0,0,0,0,100.00,100.00,2,1,16,nan,4,0,40,1,1,0,0,0,0,0,118830926,0.04053,0.00684,0.94653,0.94743,-0.00638,-0.00135,-0.00221,0.00689,0.95631,0.00889,0.00689,3,12261,0,7233,4.72842,4.83447,1.02243,84,1,84.439,250,1,3,4339,187491,0,0,0.000,76.918,9.135,0,0.000,56.268,14.776,0,0,1,0,7
PPG,4,110273,4412471552,161,38245,37775,34612.555,3162.445,12.555,0,0,0,0,100.00,100.00,2,1,16,nan,4,0,40,1,1,1,1,0,0,0,118870223,0.04248,0.00635,0.94556,0.94653,-0.00692,-0.00081,-0.00141,0.00710,0.95504,0.00762,0.00710,3,12244,0,7233,4.72842,4.83447,1.02243,84,1,84.439,250,1,3,4368,187491,0,0,0.000,76.918,9.135,0,0.000,56.268,14.776,0,0,1,0,7
PPG,4,110274,4412511552,139,37336,36912,34635.551,2276.449,-7.293,0,0,0,0,100.00,100.00,2,1,16,nan,4,0,40,1,1,2,2,0,0,0,118909776,0.03735,0.00562,0.96118,0.96192,-0.00612,-0.00055,-0.00087,0.00620,0.96192,0.01767,0.00663,3,12258,0,7233,4.72842,4.83447,1.02243,84,1,84.439,250,1,3,4350,187491,0,0,0.000,74.677,9.547,0,0.000,56.268,14.776,0,0,1,0,7
PPG,4,110275,4412551552,136,37322,36924,34658.434,2265.566,6.414,0,0,0,0,100.00,100.00,2,1,16,nan,4,0,40,1,1,3,3,0,0,0,118949078,0.04004,0.00317,0.95605,0.95690,-0.00558,-0.00055,-0.00194,0.00594,0.95690,0.00712,0.00609,3,12277,0,7233,4.72842,4.83447,1.02243,84,1,84.439,250,1,3,2629,187491,0,0,0.000,74.677,9.547,0,0.000,56.268,14.776,0,0,1,0,7
PPG,4,110276,4412591552,129,37964,37573,34687.578,2885.422,66.449,0,0,0,0,100.00,100.00,2,1,16,nan,4,0,40,1,1,4,4,0,0,0,118991029,0.03979,0.00659,0.95337,0.95422,-0.00638,-0.00055,-0.00167,0.00662,0.95846,0.00492,0.00662,3,12247,0,7233,4.72842,4.83447,1.02243,84,1,84.439,250,1,3,4345,187491,0,0,0.000,74.677,9.547,0,0.000,56.268,14.776,0,0,1,0,7
PPG,4,110277,4412631552,144,39097,38686,34727.562,3958.438,162.887,0,0,0,0,100.00,100.00,2,1,16,nan,4,0,40,1,1,5,5,0,0,0,119030262,0.03955,0.00708,0.94849,0.94934,-0.00558,0.00025,-0.00141,0.00576,0.95741,0.01019,0.00686,3,12191,0,7233,4.72842,4.83447,1.02243,84,1,84.439,250,1,3,4340,187491,0,0,0.000,74.677,9.547,0,0.000,56.268,14.776,0,0,1,0,7
PPG,4,110278,4412671552,205,40374,39929,34779.578,5149.422,323.234,0,0,0,0,100.00,100.00,2,1,16,nan,4,0,40,1,1,6,6,0,0,0,119069758,0.04102,0.00659,0.94800,0.94891,-0.00505,-0.00001,-0.00061,0.00509,0.95603,0.00669,0.00587,3,12264,0,7233,4.72842,4.83447,1.02243,84,1,84.439,250,1,3,4338,187491,0,0,0.000,74.677,9.547,0,0.000,56.268,14.776,0,0,1,0,7
PPG,4,110279,4412711552,137,40898,40396,34835.742,5560.258,489.371,0,0,0,0,100.00,100.00,2,1,16,nan,4,0,40,1,1,7,7,0,0,0,119109142,0.03857,0.00586,0.94751,0.94831,-0.00718,-0.00001,-0.00141,0.00732,0.95376,0.00485,0.00732,3,12196,0,7233,4.72842,4.83447,1.02243,84,1,84.439,250,1,3,2624,187491,0,0,0.000,74.677,9.547,0,0.000,56.268,14.776,0,0,1,0,7
PPG,4,110280,4412751552,131,40289,39822,34885.605,4936.395,645.801,0,0,0,0,100.00,100.00,2,1,16,nan,4,0,40,1,1,8,8,0,0,0,119151029,0.03833,0.00854,0.95337,0.95418,-0.00532,0.00025,-0.00167,0.00558,0.95546,0.00715,0.00648,3,12233,0,7233,4.72842,4.83447,1.02243,84,1,84.439,250,1,3,4342,187491,0,0,0.000,74.677,9.547,0,0.000,56.268,14.776,0,0,1,0,7
PPG,4,110281,4412791552,129,39398,39003,34926.781,4076.219,844.613,0,0,0,0,100.00,100.00,2,1,16,nan,4,0,40,1,1,9,9,0,0,0,119190372,0.03931,0.00610,0.95654,0.95737,-0.00558,-0.00055,-0.00141,0.00578,0.95737,0.00965,0.00637,3,12292,0,7233,4.72842,4.83447,1.02243,84,1,84.439,250,1,3,4334,187491,0,0,0.000,74.677,9.547,0,0.000,56.268,14.776,0,0,1,0,7
PPG,4,110282,4412831552,130,38359,38022,34957.734,3064.266,982.121,0,0,0,0,100.00,100.00,2,1,16,nan,4,0,40,1,1,10,10,0,0,0,119229621,0.04053,0.00684,0.95239,0.95328,-0.00532,-0.00081,-0.00167,0.00563,0.95770,0.00285,0.00607,3,12203,0,7233,4.72842,4.83447,1.02243,84,1,84.439,250,1,3,2636,187491,0,0,0.000,74.677,9.547,0,0.000,56.268,14.776,0,0,1,0,7
PPG,4,110283,4412871552,147,37420,37154,34979.695,2174.305,975.863,0,0,0,0,100.00,100.00,2,1,16,nan,4,0,40,1,1,11,11,0,0,0,119271536,0.03760,0.00562,0.95288,0.95364,-0.00612,-0.00055,-0.00194,0.00644,0.95364,0.00731,0.00646,3,12244,0,7233,4.72842,4.83447,1.02243,84,1,84.439,250,1,3,4348,187491,0,0,0.000,74.677,9.547,0,0.000,56.268,14.776,0,0,1,0,7
PPG,4,110284,4412911552,133,37649,37425,35004.148,2420.852,840.469,0,0,0,0,100.00,100.00,2,1,16,nan,4,0,40,1,1,12,12,0,0,0,119310877,0.04224,0.00977,0.95679,0.95777,-0.00585,-0.00001,-0.00194,0.00616,0.95777,0.00971,0.00639,3,12238,0,7233,4.72842,4.83447,1.02243,84,1,84.439,250,1,3,4331,187491,0,0,0.000,74.677,9.547,0,0.000,56.268,14.776,0,0,1,0,7
PPG,4,110285,4412951552,184,38786,38524,35039.348,3484.652,604.055,0,0,0,0,100.00,100.00,2,1,16,nan,4,0,40,1,1,13,13,0,0,0,119350125,0.03906,0.00879,0.95752,0.95836,-0.00612,-0.00135,-0.00194,0.00656,0.95836,0.00326,0.00656,3,12205,0,7233,4.72842,4.83447,1.02243,84,1,84.439,250,1,3,4322,187491,0,0,0.000,74.677,9.547,0,0.000,56.268,14.776,0,0,1,0,7
PPG,4,110286,4412991552,161,39823,39511,35084.062,4426.938,365.281,0,0,0,0,100.00,100.00,2,1,16,nan,4,0,40,1,1,14,14,0,0,0,119389364,0.03735,0.00757,0.95337,0.95413,-0.00612,-0.00215,-0.00194,0.00677,0.95413,0.01006,0.00677,3,12149,0,7233,4.72842,4.83447,1.02243,84,1,84.439,250,1,3,2607,187491,0,0,0.000,74.677,9.547,0,0.000,56.268,14.776,0,0,1,0,7
PPG,4,110287,4413031552,134,40350,40020,35133.422,4886.578,234.316,0,0,0,0,100.00,100.00,2,1,16,nan,4,0,40,1,1,15,15,0,0,0,119428423,0.04028,0.00244,0.94995,0.95081,-0.00665,-0.00108,-0.00167,0.00694,0.95914,0.00833,0.00694,2,21473,0,7234,4.72842,4.83447,1.02243,84,1,84.439,250,1,3,2643,187491,0,0,0.000,74.677,9.547,0,0.000,56.268,14.776,0,0,1,0,7
PPG,4,110288,4413071552,133,40173,39806,35180.148,4625.852,193.078,0,0,0,0,100.00,100.00,2,1,16,nan,4,0,40,1,1,16,16,0,0,0,119470112,0.04297,0.00684,0.95679,0.95778,-0.00505,-0.00028,-0.00087,0.00513,0.95778,0.00605,0.00628,3,12118,0,7234,4.72842,4.83447,1.02243,84,1,84.439,250,1,3,4300,187491,0,0,0.000,74.677,9.547,0,0.000,56.268,14.776,0,0,1,0,7
PPG,4,110289,4413111552,526,39271,38874,35217.086,3656.914,221.293,0,0,0,0,100.00,100.00,2,1,16,nan,4,0,40,1,1,17,17,0,0,0,119509148,0.04077,0.00903,0.94946,0.95038,-0.00558,-0.00055,-0.00194,0.00594,0.95397,0.00381,0.00654,3,12128,0,7234,6.19994,6.39331,1.03119,82,1,84.220,250,1,3,2598,187491,0,0,0.000,74.677,9.547,0,0.000,56.268,14.776,0,0,1,0,7
PPG,4,110290,4413151552,202,38315,37834,35243.254,2590.746,312.984,1,0,1,920,75.00,75.00,2,1,16,nan,4,0,40,1,1,18,18,0,0,0,119551135,0.04077,0.00513,0.95557,0.95645,-0.00585,-0.00028,-0.00167,0.00609,0.95645,0.00364,0.00616,3,12114,0,7234,6.19994,6.39331,1.03119,82,1,84.220,250,1,3,4304,187491,0,0,889.629,74.677,9.547,1,989.414,56.268,14.776,1,1,1,0,7
PPG,4,110291,4413191552,126,37532,37035,35261.172,1773.828,320.770,0,0,0,0,75.00,75.00,2,1,16,nan,4,0,40,1,1,19,19,0,0,0,119590226,0.03979,0.00415,0.95239,0.95323,-0.00505,-0.00108,-0.00087,0.00524,0.95440,0.00357,0.00602,3,12124,0,7234,6.19994,6.39331,1.03119,82,1,84.220,250,1,3,4295,187491,0,0,0.000,77.116,10.479,0,0.000,59.375,16.641,0,0,1,0,7
PPG,4,110292,4413231552,150,37323,36828,35276.840,1551.160,155.637,0,0,0,0,75.00,75.00,2,1,16,nan,4,0,40,1,1,20,20,0,0,0,119629197,0.04004,0.00903,0.95679,0.95767,-0.00612,-0.00001,-0.00221,0.00650,0.95767,0.01192,0.00650,3,12111,0,7234,6.19994,6.39331,1.03119,82,1,84.220,250,1,3,2609,187491,0,0,0.000,77.116,10.479,0,0.000,59.375,16.641,0,0,1,0,7
PPG,4,110293,4413271552,134,38012,37528,35299.352,2228.648,-115.301,0,0,0,0,75.00,75.00,2,1,16,nan,4,0,40,1,1,21,21,0,0,0,119670762,0.03931,0.00757,0.95386,0.95470,-0.00532,-0.00108,-0.00300,0.00620,0.95470,0.00619,0.00656,3,12117,0,7234,6.19994,6.39331,1.03119,82,1,84.220,250,1,3,4308,187491,0,0,0.000,77.116,10.479,0,0.000,59.375,16.641,0,0,1,0,7
PPG,4,110294,4413311552,130,39312,38777,35334.129,3442.871,-386.121,0,0,0,0,75.00,75.00,2,1,16,nan,4,0,40,1,1,22,22,0,0,0,119709750,0.04102,0.00391,0.94775,0.94865,-0.00665,-0.00001,-0.00167,0.00686,0.95034,0.00436,0.00686,3,12113,0,7234,6.19994,6.39331,1.03119,82,1,84.220,250,1,3,2601,187491,0,0,0.000,77.116,10.479,0,0.000,59.375,16.641,0,0,1,0,7
PPG,4,110295,4413351552,129,40095,39534,35376.129,4157.871,-555.480,0,0,0,0,75.00,75.00,2,1,16,nan,4,0,40,1,1,23,23,0,0,0,119751299,0.04224,0.00439,0.94556,0.94651,-0.00612,-0.00081,-0.00194,0.00647,0.95376,0.00725,0.00647,3,12120,0,7234,6.19994,6.39331,1.03119,82,1,84.220,250,1,3,4301,187491,0,0,0.000,77.116,10.479,0,0.000,59.375,16.641,0,0,1,0,7
PPG,4,110296,4413391552,130,39847,39294,35415.309,3878.691,-581.531,0,0,0,0,75.00,75.00,2,1,16,nan,4,0,40,1,1,24,24,0,0,0,119790253,0.03687,0.00708,0.95459,0.95533,-0.00532,-0.00055,-0.00141,0.00553,0.95533,0.00374,0.00566,3,12114,0,7234,6.19994,6.39331,1.03119,82,1,84.220,250,1,3,4319,187491,0,0,0.000,77.116,10.479,0,0.000,59.375,16.641,0,0,1,0,7
PPG,4,110297,4413431552,133,39467,38971,35450.867,3520.133,-433.352,0,0,0,0,75.00,75.00,2,1,16,nan,4,0,40,1,1,25,25,0,0,0,119829232,0.03809,0.00684,0.95288,0.95367,-0.00505,-0.00055,-0.00167,0.00535,0.95367,0.00577,0.00681,3,12109,0,7234,6.19994,6.39331,1.03119,82,1,84.220,250,1,3,2598,187491,0,0,0.000,77.116,10.479,0,0.000,59.375,16.641,0,0,1,0,7
PPG,4,110298,4413471552,135,39327,38841,35484.770,3356.230,-120.949,0,0,0,0,75.00,75.00,2,1,16,nan,4,0,40,1,1,26,26,0,0,0,119870791,0.04150,0.00415,0.94800,0.94892,-0.00532,-0.00001,-0.00087,0.00539,0.95250,0.00359,0.00597,3,12125,0,7234,6.19994,6.39331,1.03119,82,1,84.220,250,1,3,4300,187491,0,0,0.000,77.116,10.479,0,0.000,59.375,16.641,0,0,1,0,7
PPG,4,110299,4413511552,152,38885,38425,35514.172,2910.828,205.746,1,0,1,360,125.00,125.00,2,1,16,nan,4,0,40,1,1,27,27,0,0,0,119909883,0.04199,0.00757,0.94775,0.94871,-0.00505,-0.00161,-0.00167,0.00556,0.95573,0.00702,0.00604,3,12234,0,7234,6.19994,6.39331,1.03119,82,1,84.220,250,1,3,2647,187491,0,0,207.426,77.116,10.479,1,165.133,59.375,16.641,1,1,1,0,8
PPG,4,110300,4413551552,178,38253,37856,35537.590,2318.410,350.898,0,0,0,0,125.00,125.00,2,1,16,nan,4,0,40,1,1,28,28,0,0,0,119951808,0.03955,0.00928,0.94946,0.95033,-0.00558,-0.00108,-0.00194,0.00601,0.95417,0.00546,0.00691,3,12120,0,7234,6.19994,6.39331,1.03119,82,1,84.220,250,1,3,4298,187491,0,0,0.000,74.986,9.665,0,0.000,56.941,15.180,0,0,1,0,8
PPG,4,110301,4413591552,203,38093,37757,35559.785,2197.215,267.484,0,0,0,0,125.00,125.00,2,1,16,nan,4,0,40,1,1,29,29,0,0,0,119990963,0.03809,0.00757,0.95728,0.95806,-0.00638,-0.00081,-0.00114,0.00654,0.95806,0.00776,0.00654,3,12116,0,7234,6.19994,6.39331,1.03119,82,1,84.220,250,1,3,4301,187491,0,0,0.000,74.986,9.665,0,0.000,56.941,15.180,0,0,1,0,8
PPG,4,110302,4413631552,130,37979,37646,35580.648,2065.352,16.570,0,0,0,0,125.00,125.00,2,1,16,nan,4,0,40,1,1,30,30,0,0,0,120030124,0.03882,0.00806,0.95483,0.95566,-0.00532,-0.00055,-0.00194,0.00569,0.95735,0.00804,0.00646,3,12158,0,7234,6.19994,6.39331,1.03119,82,1,84.220,250,1,3,4378,187491,0,0,0.000,74.986,9.665,0,0.000,56.941,15.180,0,0,1,0,8
PPG,4,110303,4413671552,129,36697,36408,35588.922,819.078,-358.414,0,0,0,0,125.00,125.00,2,1,16,nan,4,0,40,1,1,31,31,0,0,0,120069283,0.03979,0.00684,0.94580,0.94666,-0.00585,-0.00108,-0.00194,0.00626,0.95253,0.00854,0.00626,3,12276,0,7234,6.19994,6.39331,1.03119,82,1,84.220,250,1,3,2617,187491,0,0,0.000,74.986,9.665,0,0.000,56.941,15.180,0,0,1,0,8
PPG,4,110304,4413711552,130,35166,34947,35582.504,-635.504,-809.371,0,0,0,0,125.00,125.00,2,1,16,nan,4,0,40,1,1,0,0,0,0,0,120111147,0.03955,0.00562,0.95264,0.95347,-0.00612,-0.00161,-0.00221,0.00670,0.95347,0.00627,0.00670,3,12407,0,7234,6.19994,6.39331,1.03119,82,1,84.220,250,1,3,4329,187491,0,0,0.000,74.986,9.665,0,0.000,56.941,15.180,0,0,1,0,8
PPG,4,110305,4413751552,129,35120,34962,35576.301,-614.301,-1185.414,0,0,0,0,125.00,125.00,2,1,16,nan,4,0,40,1,1,1,1,0,0,0,120150423,0.03711,0.00391,0.95337,0.95410,-0.00585,-0.00028,-0.00061,0.00589,0.95410,0.00701,0.00651,3,12246,0,7234,6.19994,6.39331,1.03119,82,1,84.220,250,1,3,4332,187491,0,0,0.000,74.986,9.665,0,0.000,56.941,15.180,0,0,1,0,8
PPG,4,110306,4413791552,136,36372,36230,35582.836,647.164,-1334.934,0,0,0,0,125.00,125.00,2,1,16,nan,4,0,40,1,1,2,2,0,0,0,120189719,0.03882,0.00830,0.95361,0.95444,-0.00638,-0.00108,-0.00141,0.00663,0.95444,0.00799,0.00668,3,12241,0,7234,6.19994,6.39331,1.03119,82,1,84.220,250,1,3,2615,187491,0,0,0.000,74.986,9.665,0,0.000,56.941,15.180,0,0,1,0,8
PPG,4,110307,4413831552,136,37930,37742,35604.426,2137.574,-1237.320,0,0,0,0,125.00,125.00,2,1,16,nan,4,0,40,1,1,3,3,0,0,0,120231630,0.03784,0.00366,0.94751,0.94827,-0.00612,-0.00055,-0.00034,0.00615,0.95520,0.00693,0.00615,3,12254,0,7234,6.19994,6.39331,1.03119,82,1,84.220,250,1,3,4342,187491,0,0,0.000,74.986,9.665,0,0.000,56.941,15.180,0,0,1,0,8
PPG,4,110308,4413871552,159,38816,38596,35634.340,2961.660,-1056.965,1,0,1,360,130.43,130.43,2,1,16,nan,4,0,40,1,1,4,4,0,0,0,120307753,0.04004,0.00415,0.95313,0.95397,-0.00692,-0.00028,-0.00114,0.00702,0.95397,0.00374,0.00702,2,61362,0,7239,6.19994,6.39331,1.03119,82,1,84.220,250,1,3,61395,187491,0,0,914.867,74.986,9.665,1,932.430,56.941,15.180,1,1,1,0,8
PPG,4,110309,4413911552,124,38963,38746,35665.457,3080.543,-893.422,0,0,0,0,130.43,130.43,2,1,16,nan,4,0,40,1,1,5,5,0,0,0,120320048,0.04199,0.00659,0.95166,0.95261,-0.00638,0.00025,-0.00194,0.00668,0.95261,0.00137,0.00668,1,12295,0,7239,6.19994,6.39331,1.03119,82,1,84.220,250,1,3,12225,187491,0,0,0.000,77.543,10.643,0,0.000,59.608,16.781,0,0,1,0,8
PPG,4,110310,4413951552,131,38186,38007,35688.871,2318.129,-673.645,0,0,0,0,130.43,130.43,2,1,16,nan,4,0,40,1,1,6,6,0,0,0,120356752,0.03711,0.01099,0.95459,0.95537,-0.00585,-0.00001,-0.00167,0.00609,0.95537,0.00412,0.00693,3,12231,0,7239,6.19994,6.39331,1.03119,82,1,84.220,250,1,3,2602,187491,0,0,0.000,77.543,10.643,0,0.000,59.608,16.781,0,0,1,0,8
PPG,4,110311,4413991552,150,36956,36832,35700.301,1131.699,-394.207,0,0,0,0,130.43,130.43,2,1,16,nan,4,0,40,1,1,7,7,0,0,0,120393384,0.03589,0.00610,0.95044,0.95114,-0.00612,-0.00001,-0.00194,0.00642,0.95114,0.00658,0.00642,3,12250,0,7239,6.19994,6.39331,1.03119,82,1,84.220,250,1,3,2631,187491,0,0,0.000,77.543,10.643,0,0.000,59.608,16.781,0,0,1,0,8
PPG,4,110312,4414031552,143,35996,35888,35702.180,185.820,-214.922,0,0,0,0,130.43,130.43,2,1,16,nan,4,0,40,1,1,8,8,0,0,0,120430048,0.04248,0.01050,0.95068,0.95169,-0.00585,0.00052,-0.00221,0.00627,0.95273,0.00159,0.00627,2,24486,0,7240,6.19994,6.39331,1.03119,82,1,84.220,250,1,3,2626,187491,0,0,0.000,77.543,10.643,0,0.000,59.608,16.781,0,0,1,0,8
PPG,4,110313,4414071552,131,35871,35690,35702.059,-12.059,-200.164,0,0,0,0,130.43,130.43,2,1,16,nan,4,0,40,1,1,9,9,0,0,0,120472009,0.03735,0.00537,0.95410,0.95485,-0.00612,-0.00081,-0.00247,0.00665,0.95686,0.00566,0.00665,3,12221,0,7240,6.19994,6.39331,1.03119,82,1,84.220,250,1,3,4353,187491,0,0,0.000,77.543,10.643,0,0.000,59.608,16.781,0,0,1,0,8
PPG,4,110314,4414111552,588,36390,36104,35706.078,397.922,-300.516,0,0,0,0,130.43,130.43,2,1,16,nan,4,0,40,1,1,10,10,0,0,0,120511314,0.04004,0.00537,0.95068,0.95154,-0.00558,-0.00055,-0.00194,0.00594,0.95389,0.00315,0.00594,3,12245,0,7240,5.44039,5.64545,1.03769,82,1,84.058,115,1,3,4334,187491,0,0,0.000,77.543,10.643,0,0.000,59.608,16.781,0,0,1,0,8
PPG,4,110315,4414151552,179,37162,36800,35717.016,1082.984,-420.387,0,0,0,0,130.43,130.43,2,1,16,nan,4,0,40,1,1,11,11,0,0,0,120551237,0.04346,0.00757,0.95068,0.95171,-0.00612,-0.00081,-0.00194,0.00647,0.95188,0.00277,0.00680,3,12249,0,7240,5.44039,5.64545,1.03769,82,1,84.058,115,1,3,4324,187491,0,0,0.000,77.543,10.643,0,0.000,59.608,16.781,0,0,1,0,8
PPG,4,110316,4414191552,136,37268,36877,35728.617,1148.383,-566.535,0,0,0,0,130.43,130.43,2,1,16,nan,4,0,40,1,1,12,12,0,0,0,120590505,0.03540,0.00684,0.94604,0.94673,-0.00425,-0.00108,-0.00087,0.00447,0.95928,0.01255,0.00561,3,12211,0,7240,5.44039,5.64545,1.03769,82,1,84.058,115,1,3,4338,187491,0,0,0.000,77.543,10.643,0,0.000,59.608,16.781,0,0,1,0,8
PPG,4,110317,4414231552,133,36459,36113,35732.461,380.539,-694.207,0,0,0,0,130.43,130.43,2,1,16,nan,4,0,40,1,1,13,13,0,0,0,120629896,0.03564,0.00586,0.94556,0.94625,-0.00638,-0.00001,-0.00247,0.00685,0.95242,0.00569,0.00685,3,12238,0,7240,5.44039,5.64545,1.03769,82,1,84.058,115,1,3,2638,187491,0,0,0.000,77.543,10.643,0,0.000,59.608,16.781,0,0,1,0,8
PPG,4,110318,4414271552,139,35386,35098,35726.117,-628.117,-754.770,0,0,0,0,130.43,130.43,2,1,16,nan,4,0,40,1,1,14,14,0,0,0,120671772,0.03735,0.00537,0.95630,0.95704,-0.00505,-0.00055,-0.00167,0.00535,0.95742,0.01117,0.00558,3,12220,0,7240,5.44039,5.64545,1.03769,82,1,84.058,115,1,3,4346,187491,0,0,0.000,77.543,10.643,0,0.000,59.608,16.781,0,0,1,0,8
PPG,4,110319,4414311552,209,34557,34315,35712.008,-1397.008,-773.984,0,0,0,0,130.43,130.43,2,1,16,nan,4,0,40,1,1,15,15,0,0,0,120711017,0.03784,0.00586,0.94824,0.94901,-0.00665,-0.00055,-0.00061,0.00670,0.95564,0.00500,0.00670,3,12198,0,7240,5.44039,5.64545,1.03769,82,1,84.058,115,1,3,4363,187491,0,0,0.000,77.543,10.643,0,0.000,59.608,16.781,0,0,1,0,8
PPG,4,110320,4414351552,216,33785,33575,35690.637,-2115.637,-862.078,0,0,0,0,130.43,130.43,2,1,16,nan,4,0,40,1,1,16,16,0,0,0,120750337,0.03833,0.00513,0.94751,0.94830,-0.00558,-0.00055,-0.00221,0.00603,0.95490,0.00661,0.00603,3,12119,0,7240,5.44039,5.64545,1.03769,82,1,84.058,115,1,3,4353,187491,0,0,0.000,79.660,10.208,0,0.000,59.608,16.781,0,0,1,0,8
PPG,4,110321,4414391552,149,33885,33703,35670.762,-1967.762,-1002.379,1,0,1,520,130.43,130.43,2,1,16,nan,4,0,40,1,1,17,17,0,0,0,120789700,0.03833,0.00488,0.95142,0.95220,-0.00612,0.00105,-0.00114,0.00631,0.95220,0.00373,0.00691,3,12127,0,7240,5.44039,5.64545,1.03769,82,1,84.058,115,1,3,2594,187491,0,0,1132.613,79.660,10.208,1,1134.770,59.608,16.781,1,1,1,0,8
PPG,4,110322,4414431552,128,34819,34658,35660.633,-1002.633,-1158.980,0,0,0,0,130.43,130.43,2,1,16,nan,4,0,40,1,1,18,18,0,0,0,120831374,0.04077,0.01099,0.95166,0.95260,-0.00585,-0.00028,-0.00141,0.00602,0.95367,0.00112,0.00669,3,12152,0,7240,5.44039,5.64545,1.03769,82,1,84.058,115,1,3,4299,187491,0,0,0.000,83.259,11.527,0,0.000,63.206,18.941,0,0,1,0,8
PPG,4,110323,4414471552,129,35744,35542,35659.445,-117.445,-1306.395,0,0,0,0,130.43,130.43,2,1,16,nan,4,0,40,1,1,19,19,0,0,0,120870327,0.04004,0.00732,0.95630,0.95716,-0.00532,-0.00001,-0.00167,0.00557,0.95716,0.00481,0.00668,3,12124,0,7240,5.44039,5.64545,1.03769,82,1,84.058,115,1,3,4296,187491,0,0,0.000,83.259,11.527,0,0.000,63.206,18.941,0,0,1,0,8
PPG,4,110324,4414511552,130,35593,35405,35656.902,-251.902,-1430.434,0,0,0,0,130.43,130.43,2,1,16,nan,4,0,40,1,1,20,20,0,0,0,120909296,0.04150,0.00439,0.94556,0.94648,-0.00665,-0.00028,-0.00141,0.00680,0.95324,0.01009,0.00702,3,12122,0,7240,5.44039,5.64545,1.03769,82,1,84.058,115,1,3,2597,187491,0,0,0.000,83.259,11.527,0,0.000,63.206,18.941,0,0,1,0,8
PPG,4,110325,4414551552,129,34804,34656,35646.895,-990.895,-1478.281,0,0,0,0,130.43,130.43,2,1,16,nan,4,0,40,1,1,21,21,0,0,0,120951024,0.04028,0.00635,0.95068,0.95156,-0.00612,-0.00081,-0.00247,0.00665,0.95679,0.00608,0.00665,3,12120,0,7240,5.44039,5.64545,1.03769,82,1,84.058,115,1,3,4301,187491,0,0,0.000,83.259,11.527,0,0.000,63.206,18.941,0,0,1,0,8
PPG,4,110326,4414591552,133,33997,33872,35629.145,-1757.145,-1423.664,0,0,0,0,130.43,130.43,2,1,16,nan,4,0,40,1,1,22,22,0,0,0,120989981,0.04199,0.00513,0.94678,0.94772,-0.00612,0.00025,-0.00194,0.00642,0.95358,0.00475,0.00673,3,12124,0,7240,5.44039,5.64545,1.03769,82,1,84.058,115,1,3,2595,187491,0,0,0.000,83.259,11.527,0,0.000,63.206,18.941,0,0,1,0,8
PPG,4,110327,4414631552,129,33563,33477,35607.625,-2130.625,-1224.414,0,0,0,0,130.43,130.43,2,1,16,nan,4,0,40,1,1,23,23,0,0,0,121031618,0.03857,0.00464,0.95361,0.95440,-0.00505,-0.00055,-0.00194,0.00544,0.95784,0.00750,0.00644,3,12182,0,7240,5.44039,5.64545,1.03769,82,1,84.058,115,1,3,4298,187491,0,0,0.000,83.259,11.527,0,0.000,63.206,18.941,0,0,1,0,8
PPG,4,110328,4414671552,130,33625,33562,35587.168,-2025.168,-992.855,0,0,0,0,130.43,130.43,2,1,16,nan,4,0,40,1,1,24,24,0,0,0,121070575,0.04077,0.00806,0.94751,0.94842,-0.00558,-0.00161,-0.00194,0.00613,0.95957,0.01115,0.00613,3,12122,0,7240,5.44039,5.64545,1.03769,82,1,84.058,115,1,3,4304,187491,0,0,0.000,83.259,11.527,0,0.000,63.206,18.941,0,0,1,0,8
PPG,4,110329,4414711552,129,34157,34099,35572.285,-1473.285,-840.363,0,0,0,0,130.43,130.43,2,1,16,nan,4,0,40,1,1,25,25,0,0,0,121109540,0.04077,0.00439,0.94360,0.94449,-0.00612,0.00025,-0.00167,0.00635,0.95324,0.00875,0.00676,3,12125,0,7240,5.44039,5.64545,1.03769,82,1,84.058,115,1,3,2600,187491,0,0,0.000,83.259,11.527,0,0.000,63.206,18.941,0,0,1,0,8
PPG,4,110330,4414751552,130,35182,35127,35567.832,-440.832,-755.648,0,0,0,0,130.43,130.43,2,1,16,nan,4,0,40,1,1,26,26,0,0,0,121151226,0.03760,0.00903,0.95386,0.95464,-0.00558,-0.00001,-0.00167,0.00583,0.95464,0.00641,0.00740,3,12128,0,7240,5.44039,5.64545,1.03769,82,1,84.058,115,1,3,4295,187491,0,0,0.000,83.259,11.527,0,0.000,63.206,18.941,0,0,1,0,8
PPG,4,110331,4414791552,149,35430,35351,35565.664,-214.664,-689.316,0,0,0,0,130.43,130.43,2,1,16,nan,4,0,40,1,1,27,27,0,0,0,121190179,0.03979,0.00488,0.94800,0.94885,-0.00505,-0.00081,-0.00114,0.00524,0.95269,0.00219,0.00630,3,12117,0,7240,5.44039,5.64545,1.03769,82,1,84.058,115,1,3,2602,187491,0,0,0.000,83.259,11.527,0,0.000,63.206,18.941,0,0,1,0,8
PPG,4,110332,4414831552,133,34677,34616,35556.168,-940.168,-631.430,0,0,0,0,130.43,130.43,2,1,16,nan,4,0,40,1,1,28,28,0,0,0,121231800,0.03516,0.00537,0.94727,0.94793,-0.00532,-0.00081,-0.00114,0.00550,0.95633,0.00749,0.00594,3,12156,0,7240,5.44039,5.64545,1.03769,82,1,84.058,115,1,3,4317,187491,0,0,0.000,83.259,11.527,0,0.000,63.206,18.941,0,0,1,0,8
PPG,4,110333,4414871552,133,34248,34204,35542.645,-1338.645,-509.699,0,0,0,0,130.43,130.43,2,1,16,nan,4,0,40,1,1,29,29,0,0,0,121270815,0.03760,0.00562,0.94995,0.95071,-0.00532,-0.00055,-0.00087,0.00542,0.95071,0.00149,0.00586,3,12136,0,7240,5.44039,5.64545,1.03769,82,1,84.058,115,1,3,4298,187491,0,0,0.000,83.259,11.527,0,0.000,63.206,18.941,0,0,1,0,8
PPG,4,110334,4414911552,130,34440,34429,35531.508,-1102.508,-289.949,0,0,0,0,130.43,130.43,2,1,16,nan,4,0,40,1,1,30,30,0,0,0,121309762,0.04004,0.00146,0.95386,0.95470,-0.00665,-0.00028,-0.00141,0.00680,0.95470,0.00277,0.00680,3,12116,0,7240,5.44039,5.64545,1.03769,82,1,84.058,115,1,3,2601,187491,0,0,0.000,83.259,11.527,0,0.000,63.206,18.941,0,0,1,0,8
PPG,4,110335,4414951552,129,34458,34452,35520.711,-1068.711,-45.406,0,0,0,0,130.43,130.43,2,1,16,nan,4,0,40,1,1,31,31,0,0,0,121351419,0.03857,0.00317,0.94849,0.94928,-0.00585,-0.00108,-0.00087,0.00601,0.95116,0.00354,0.00604,3,12128,0,7240,5.44039,5.64545,1.03769,82,1,84.058,115,1,3,4296,187491,0,0,0.000,83.259,11.527,0,0.000,63.206,18.941,0,0,1,0,8
PPG,4,110336,4414991552,130,34263,34235,35507.855,-1272.855,106.121,0,0,0,0,130.43,130.43,2,1,16,nan,4,0,40,1,1,0,0,0,0,0,121390364,0.04175,0.00708,0.94531,0.94626,-0.00585,-0.00028,-0.00114,0.00597,0.96111,0.01183,0.00597,3,12116,0,7240,5.44039,5.64545,1.03769,82,1,84.058,115,1,3,2599,187491,0,0,0.000,83.259,11.527,0,0.000,63.206,18.941,0,0,1,0,8
PPG,4,110337,4415031552,158,34362,34249,35495.266,-1246.266,73.895,0,0,0,0,130.43,130.43,2,1,16,nan,4,0,40,1,1,1,1,0,0,0,121431707,0.04565,0.00635,0.95386,0.95497,-0.00479,-0.00081,-0.00221,0.00533,0.95763,0.01137,0.00631,2,24075,0,7241,5.44039,5.64545,1.03769,82,1,84.058,115,1,3,4374,187491,0,0,0.000,83.259,11.527,0,0.000,63.206,18.941,0,0,1,0,8
PPG,4,110338,4415071552,135,34459,34247,35482.781,-1235.781,-41.270,0,0,0,0,130.43,130.43,2,1,16,nan,4,0,40,1,1,2,2,0,0,0,121470831,0.03979,0.00537,0.95630,0.95714,-0.00692,-0.00081,-0.00167,0.00716,0.95714,0.00641,0.00716,3,12125,0,7241,5.44039,5.64545,1.03769,82,1,84.058,115,1,3,4297,187491,0,0,0.000,83.259,11.527,0,0.000,63.206,18.941,0,0,1,0,8
PPG,4,110339,4415111552,536,33792,33529,35463.242,-1934.242,-157.254,0,0,0,0,130.43,130.43,2,1,16,nan,4,0,40,1,1,3,3,0,0,0,121509795,0.03638,0.00391,0.94849,0.94919,-0.00638,-0.00108,-0.00194,0.00676,0.95924,0.00713,0.00676,3,12127,0,7241,4.72147,4.95970,1.05046,80,1,83.739,100,1,3,2597,187491,0,0,0.000,83.259,11.527,0,0.000,63.206,18.941,0,0,1,0,8
PPG,4,110340,4415151552,177,32775,32536,35433.969,-2897.969,-343.594,0,0,0,0,130.43,130.43,2,1,16,nan,4,0,40,1,1,4,4,0,0,0,121551888,0.04028,0.00757,0.95117,0.95205,-0.00638,0.00079,-0.00221,0.00680,0.95497,0.00783,0.00693,3,12140,0,7241,4.72147,4.95970,1.05046,80,1,83.739,100,1,3,4298,187491,0,0,0.000,83.259,11.527,0,0.000,63.206,18.941,0,0,1,0,8
PPG,4,110341,4415191552,128,32844,32641,35406.039,-2765.039,-545.922,0,0,0,0,130.43,130.43,2,1,16,nan,4,0,40,1,1,5,5,0,0,0,121590948,0.03833,0.00732,0.94434,0.94514,-0.00585,-0.00055,-0.00034,0.00589,0.96146,0.01137,0.00589,3,12128,0,7241,4.72147,4.95970,1.05046,80,1,83.739,100,1,3,4295,187491,0,0,0.000,83.259,11.527,0,0.000,63.206,18.941,0,0,1,0,8
PPG,4,110342,4415231552,129,33454,33293,35384.910,-2091.910,-643.246,0,0,0,0,130.43,130.43,2,1,16,nan,4,0,40,1,1,6,6,0,0,0,121629911,0.04272,0.00586,0.94458,0.94556,-0.00585,0.00079,-0.00221,0.00630,0.94915,0.00359,0.00693,3,12126,0,7241,4.72147,4.95970,1.05046,80,1,83.739,100,1,3,2602,187491,0,0,0.000,83.259,11.527,0,0.000,63.206,18.941,0,0,1,0,8
PPG,4,110343,4415271552,128,33879,33743,35368.492,-1625.492,-623.578,0,0,0,0,130.43,130.43,2,1,16,nan,4,0,40,1,1,7,7,0,0,0,121671565,0.04150,0.00708,0.95435,0.95527,-0.00505,-0.00001,-0.00167,0.00532,0.95527,0.00791,0.00583,3,12112,0,7241,4.72147,4.95970,1.05046,80,1,83.739,100,1,3,4298,187491,0,0,0.000,83.259,11.527,0,0.000,63.206,18.941,0,0,1,0,8
PPG,4,110344,4415311552,148,34578,34442,35359.227,-917.227,-547.855,1,0,1,920,125.00,125.00,2,1,16,nan,4,0,40,1,1,8,8,0,0,0,121710533,0.04053,0.00659,0.95581,0.95669,-0.00665,-0.00135,-0.00247,0.00722,0.95669,0.00619,0.00722,3,12136,0,7241,4.72147,4.95970,1.05046,80,1,83.739,100,1,3,2599,187491,0,0,1523.645,83.259,11.527,1,1584.402,63.206,18.941,1,1,1,0,8
PPG,4,110345,4415351552,125,35056,34921,35354.844,-433.844,-464.820,0,0,0,0,125.00,125.00,2,1,16,nan,4,0,40,1,1,9,9,0,0,0,121752213,0.03760,0.00562,0.95459,0.95535,-0.00612,-0.00028,-0.00114,0.00623,0.95535,0.00789,0.00623,3,12136,0,7241,4.72147,4.95970,1.05046,80,1,83.739,100,1,3,4299,187491,0,0,0.000,88.852,13.578,0,0.000,69.164,22.517,0,0,1,0,8
PPG,4,110346,4415391552,129,35121,34990,35351.195,-361.195,-312.004,0,0,0,0,125.00,125.00,2,1,16,nan,4,0,40,1,1,10,10,0,0,0,121791184,0.04346,0.00415,0.94678,0.94778,-0.00665,-0.00055,-0.00167,0.00688,0.95356,0.00577,0.00688,3,12123,0,7241,4.72147,4.95970,1.05046,80,1,83.739,100,1,3,4294,187491,0,0,0.000,88.852,13.578,0,0.000,69.164,22.517,0,0,1,0,8
PPG,4,110347,4415431552,148,35004,34929,35346.973,-417.973,-42.750,0,0,0,0,125.00,125.00,2,1,16,nan,4,0,40,1,1,11,11,0,0,0,121830171,0.03760,0.00903,0.94995,0.95074,-0.00479,0.00079,0.00019,0.00485,0.95519,0.00741,0.00578,3,12136,0,7241,4.72147,4.95970,1.05046,80,1,83.739,100,1,3,2601,187491,0,0,0.000,88.852,13.578,0,0.000,69.164,22.517,0,0,1,0,8
PPG,4,110348,4415471552,133,35490,35436,35347.863,88.137,262.836,0,0,0,0,125.00,125.00,2,1,16,nan,4,0,40,1,1,12,12,0,0,0,121871809,0.04126,0.00684,0.94751,0.94843,-0.00612,-0.00188,-0.00167,0.00661,0.94905,0.00169,0.00769,3,12130,0,7241,4.72147,4.95970,1.05046,80,1,83.739,100,1,3,4298,187491,0,0,0.000,88.852,13.578,0,0.000,69.164,22.517,0,0,1,0,8
PPG,4,110349,4415511552,132,35916,35847,35352.855,494.145,540.293,0,0,0,0,125.00,125.00,2,1,16,nan,4,0,40,1,1,13,13,0,0,0,121910811,0.03760,0.00537,0.95117,0.95193,-0.00585,-0.00108,-0.00167,0.00618,0.95637,0.00794,0.00689,3,12143,0,7241,4.72147,4.95970,1.05046,80,1,83.739,100,1,3,4297,187491,0,0,0.000,88.852,13.578,0,0.000,69.164,22.517,0,0,1,0,8
PPG,4,110350,4415551552,129,35806,35734,35356.668,377.332,794.371,0,0,0,0,125.00,125.00,2,1,16,nan,4,0,40,1,1,14,14,0,0,0,121949793,0.03979,0.00415,0.95459,0.95543,-0.00612,0.00025,-0.00221,0.00651,0.95543,0.00394,0.00693,3,12151,0,7241,4.72147,4.95970,1.05046,80,1,83.739,100,1,3,2692,187491,0,0,0.000,88.852,13.578,0,0.000,69.164,22.517,0,0,1,0,8
PPG,4,110351,4415591552,127,35692,35647,35359.570,287.430,951.715,0,0,0,0,125.00,125.00,2,1,16,nan,4,0,40,1,1,15,15,0,0,0,121991645,0.03467,0.00439,0.94873,0.94937,-0.00558,-0.00188,-0.00007,0.00589,0.95458,0.00521,0.00589,3,12107,0,7241,4.72147,4.95970,1.05046,80,1,83.739,100,1,3,4301,187491,0,0,0.000,88.852,13.578,0,0.000,69.164,22.517,0,0,1,0,8
PPG,4,110352,4415631552,129,36112,36074,35366.715,707.285,1043.531,0,0,0,0,125.00,125.00,2,1,16,nan,4,0,40,1,1,16,16,0,0,0,122030668,0.04150,0.00342,0.95239,0.95330,-0.00532,-0.00108,-0.00141,0.00561,0.95697,0.00759,0.00601,3,12119,0,7241,4.72147,4.95970,1.05046,80,1,83.739,100,1,3,4299,187491,0,0,0.000,88.852,13.578,0,0.000,69.164,22.517,0,0,1,0,8
PPG,4,110353,4415671552,201,36090,36057,35373.617,683.383,1103.305,0,0,0,0,125.00,125.00,2,1,16,nan,4,0,40,1,1,17,17,0,0,0,122069682,0.04248,0.00537,0.94824,0.94921,-0.00532,-0.00001,-0.00141,0.00550,0.95486,0.00566,0.00610,3,12114,0,7241,4.72147,4.95970,1.05046,80,1,83.739,100,1,3,2602,187491,0,0,0.000,88.852,13.578,0,0.000,69.164,22.517,0,0,1,0,8
PPG,4,110354,4415711552,146,36020,36021,35380.090,640.910,1179.707,0,0,0,0,125.00,125.00,2,1,16,nan,4,0,40,1,1,18,18,0,0,0,122111545,0.04199,0.00708,0.94995,0.95091,-0.00505,-0.00135,-0.00087,0.00530,0.95355,0.00434,0.00628,3,12130,0,7241,4.72147,4.95970,1.05046,80,1,83.739,100,1,3,4412,187491,0,0,0.000,88.852,13.578,0,0.000,69.164,22.517,0,0,1,0,8
PPG,4,110355,4415751552,229,35675,35693,35383.219,309.781,1154.371,0,0,0,0,125.00,125.00,2,1,16,nan,4,0,40,1,1,19,19,0,0,0,122150656,0.04199,0.00952,0.95142,0.95239,-0.00692,-0.00241,-0.00167,0.00751,0.95239,0.00134,0.00751,3,12130,0,7241,4.72147,4.95970,1.05046,80,1,83.739,100,1,3,4356,187491,0,0,0.000,88.852,13.578,0,0.000,69.164,22.517,0,0,1,0,8
PPG,4,110356,4415791552,130,35367,35420,35383.586,36.414,1034.121,0,0,0,0,125.00,125.00,2,1,16,nan,4,0,40,1,1,20,20,0,0,0,122190325,0.03491,0.00879,0.94800,0.94868,-0.00505,-0.00055,-0.00274,0.00577,0.95500,0.00532,0.00653,3,12253,0,7241,4.72147,4.95970,1.05046,80,1,83.739,100,1,3,2643,187491,0,0,0.000,88.852,13.578,0,0.000,69.164,22.517,0,0,1,0,8
PPG,4,110357,4415831552,127,35383,35456,35384.309,71.691,934.055,0,0,0,0,125.00,125.00,2,1,16,nan,4,0,40,1,1,21,21,0,0,0,122232316,0.04224,0.00659,0.95288,0.95384,-0.00479,-0.00108,-0.00087,0.00498,0.95388,0.00339,0.00541,3,12275,0,7241,4.72147,4.95970,1.05046,80,1,83.739,100,1,3,4339,187491,0,0,0.000,88.852,13.578,0,0.000,69.164,22.517,0,0,1,0,8
PPG,4,110358,4415871552,148,35942,35991,35390.375,600.625,896.000,0,0,0,0,125.00,125.00,2,1,16,nan,4,0,40,1,1,22,22,0,0,0,122271662,0.03906,0.00977,0.95239,0.95324,-0.00532,-0.00028,-0.00141,0.00551,0.95324,0.00351,0.00614,3,12226,0,7241,4.72147,4.95970,1.05046,80,1,83.739,100,1,3,4335,187491,0,0,0.000,88.852,13.578,0,0.000,69.164,22.517,0,0,1,0,8
PPG,4,110359,4415911552,138,37080,36999,35406.461,1592.539,854.645,0,0,0,0,125.00,125.00,2,1,16,nan,4,0,40,1,1,23,23,0,0,0,122311028,0.04614,0.00586,0.94385,0.94499,-0.00638,-0.00055,-0.00141,0.00656,0.95177,0.00677,0.00675,3,12258,0,7241,4.72147,4.95970,1.05046,80,1,83.739,100,1,3,4347,187491,0,0,0.000,88.852,13.578,0,0.000,69.164,22.517,0,0,1,0,8
PPG,4,110360,4415951552,138,37489,37238,35424.777,1813.223,788.254,0,0,0,0,125.00,125.00,2,1,16,nan,4,0,40,1,1,24,24,0,0,0,122350372,0.03979,0.00464,0.94751,0.94836,-0.00558,-0.00028,-0.00087,0.00566,0.95626,0.00791,0.00584,3,12257,0,7241,4.72147,4.95970,1.05046,80,1,83.739,100,1,3,2656,187491,0,0,0.000,88.852,13.578,0,0.000,69.164,22.517,0,0,1,0,8
PPG,4,110361,4415991552,128,36359,36083,35431.359,651.641,625.016,0,0,0,0,125.00,125.00,2,1,16,nan,4,0,40,1,1,25,25,0,0,0,122392405,0.04492,0.01245,0.94702,0.94817,-0.00532,-0.00001,-0.00087,0.00539,0.95494,0.00678,0.00738,3,12250,0,7241,4.72147,4.95970,1.05046,80,1,83.739,100,1,3,4335,187491,0,0,0.000,88.852,13.578,0,0.000,69.164,22.517,0,0,1,0,8
PPG,4,110362,4416031552,160,34708,34519,35422.234,-903.234,396.000,1,0,1,720,115.38,115.38,2,1,16,nan,4,0,40,1,1,26,26,0,0,0,122431466,0.04077,0.00610,0.94775,0.94865,-0.00532,-0.00001,-0.00087,0.00539,0.94865,0.00116,0.00599,2,24302,0,7242,4.72147,4.95970,1.05046,80,1,83.739,100,1,3,4433,187491,0,0,1702.945,88.852,13.578,1,1822.953,69.164,22.517,1,1,1,0,8
PPG,4,110363,4416071552,129,34965,34820,35416.211,-596.211,256.434,0,0,0,0,115.38,115.38,2,1,16,nan,4,0,40,1,1,27,27,0,0,0,122471074,0.03979,0.00464,0.94995,0.95080,-0.00558,-0.00055,-0.00194,0.00594,0.95606,0.00741,0.00594,3,12299,0,7242,4.72147,4.95970,1.05046,80,1,83.739,100,1,3,4335,187491,0,0,0.000,94.866,15.783,0,0.000,75.869,26.542,0,0,1,0,8
PPG,4,110364,4416111552,526,36357,36210,35424.148,785.852,275.750,0,0,0,0,115.38,115.38,2,1,16,nan,4,0,40,1,1,28,28,0,0,0,122510309,0.04199,0.00439,0.94800,0.94894,-0.00558,-0.00028,-0.00141,0.00577,0.95842,0.00807,0.00645,3,12214,0,7242,5.17296,5.45421,1.05437,80,1,83.641,187,1,3,2635,187491,0,0,0.000,94.866,15.783,0,0.000,75.869,26.542,0,0,1,0,8
PPG,4,110365,4416151552,215,36376,36208,35431.988,776.012,242.398,0,0,0,0,115.38,115.38,2,1,16,nan,4,0,40,1,1,29,29,0,0,0,122552645,0.03760,0.00317,0.95581,0.95655,-0.00479,-0.00241,-0.00141,0.00554,0.95655,0.00688,0.00606,3,12237,0,7242,5.17296,5.45421,1.05437,80,1,83.641,187,1,3,4329,187491,0,0,0.000,94.452,15.911,0,0.000,75.872,26.539,0,0,1,0,8
PPG,4,110366,4416191552,130,35479,35295,35430.617,-135.617,-16.281,0,0,0,0,115.38,115.38,2,1,16,nan,4,0,40,1,1,30,30,0,0,0,122592026,0.04004,0.00806,0.94873,0.94961,-0.00558,-0.00135,-0.00194,0.00606,0.95258,0.00939,0.00713,3,12237,0,7242,5.17296,5.45421,1.05437,80,1,83.641,187,1,3,4344,187491,0,0,0.000,94.452,15.911,0,0.000,75.872,26.539,0,0,1,0,8
PPG,4,110367,4416231552,130,34221,34072,35417.031,-1345.031,-425.715,0,0,0,0,115.38,115.38,2,1,16,nan,4,0,40,1,1,31,31,0,0,0,122631257,0.04077,0.00684,0.95215,0.95305,-0.00558,0.00052,-0.00114,0.00572,0.95305,0.00335,0.00626,3,12180,0,7242,5.17296,5.45421,1.05437,80,1,83.641,187,1,3,4335,187491,0,0,0.000,94.452,15.911,0,0.000,75.872,26.539,0,0,1,0,8
PPG,4,110368,4416271552,130,34469,34366,35406.520,-1040.520,-617.500,0,0,0,0,115.38,115.38,2,1,16,nan,4,0,40,1,1,0,0,0,0,0,122670570,0.03711,0.00391,0.95313,0.95386,-0.00479,-0.00081,-0.00061,0.00489,0.95693,0.00757,0.00489,3,12283,0,7242,5.17296,5.45421,1.05437,80,1,83.641,187,1,3,2623,187491,0,0,0.000,94.452,15.911,0,0.000,75.872,26.539,0,0,1,0,8
PPG,4,110369,4416311552,129,35588,35505,35407.504,97.496,-459.543,0,0,0,0,115.38,115.38,2,1,16,nan,4,0,40,1,1,1,1,0,0,0,122712473,0.03857,0.01074,0.95728,0.95811,-0.00638,-0.00108,-0.00221,0.00684,0.95811,0.00481,0.00684,3,12247,0,7242,5.17296,5.45421,1.05437,80,1,83.641,187,1,3,4339,187491,0,0,0.000,94.452,15.911,0,0.000,75.872,26.539,0,0,1,0,8
PPG,4,110370,4416351552,223,36163,36064,35414.070,649.930,-298.328,0,0,0,0,115.38,115.38,2,1,16,nan,4,0,40,1,1,2,2,0,0,0,122751734,0.04272,0.00537,0.95483,0.95580,-0.00665,-0.00215,-0.00087,0.00704,0.95580,0.00583,0.00704,3,12230,0,7242,5.17296,5.45421,1.05437,80,1,83.641,187,1,3,4321,187491,0,0,0.000,94.452,15.911,0,0.000,75.872,26.539,0,0,1,0,8
PPG,4,110371,4416391552,185,36391,36292,35422.848,869.152,-318.863,0,0,0,0,115.38,115.38,2,1,16,nan,4,0,40,1,1,3,3,0,0,0,122791175,0.04297,0.00366,0.95068,0.95166,-0.00532,-0.00108,-0.00194,0.00576,0.95395,0.00211,0.00576,3,12132,0,7242,5.17296,5.45421,1.05437,80,1,83.641,187,1,3,4327,187491,0,0,0.000,94.452,15.911,0,0.000,75.872,26.539,0,0,1,0,8
PPG,4,110372,4416431552,130,36747,36670,35435.320,1234.680,-282.664,0,0,0,0,115.38,115.38,2,1,16,nan,4,0,40,1,1,4,4,0,0,0,122830352,0.03662,-0.00146,0.94800,0.94871,-0.00479,-0.00108,-0.00194,0.00527,0.95050,0.00641,0.00666,3,12121,0,7242,5.17296,5.45421,1.05437,80,1,83.641,187,1,3,2613,187491,0,0,0.000,94.452,15.911,0,0.000,75.872,26.539,0,0,1,0,8
PPG,4,110373,4416471552,129,37167,37111,35452.078,1658.922,-75.934,0,0,0,0,115.38,115.38,2,1,16,nan,4,0,40,1,1,5,5,0,0,0,122871984,0.04004,0.00928,0.94800,0.94889,-0.00665,-0.00161,-0.00141,0.00699,0.95627,0.00757,0.00699,3,12140,0,7242,5.17296,5.45421,1.05437,80,1,83.641,187,1,3,4308,187491,0,0,0.000,94.452,15.911,0,0.000,75.872,26.539,0,0,1,0,8
PPG,4,110374,4416511552,130,36891,36845,35466.008,1378.992,279.004,0,0,0,0,115.38,115.38,2,1,16,nan,4,0,40,1,1,6,6,0,0,0,122911011,0.04224,0.00806,0.94873,0.94970,-0.00612,-0.00135,-0.00247,0.00673,0.95281,0.00322,0.00673,3,12114,0,7242,5.17296,5.45421,1.05437,80,1,83.641,187,1,3,4310,187491,0,0,0.000,94.452,15.911,0,0.000,75.872,26.539,0,0,1,0,8
PPG,4,110375,4416551552,129,35661,35665,35467.996,197.004,465.980,0,0,0,0,115.38,115.38,2,1,16,nan,4,0,40,1,1,7,7,0,0,0,122949983,0.04443,0.00879,0.95166,0.95274,-0.00558,-0.00108,-0.00167,0.00593,0.95274,0.00140,0.00613,3,12124,0,7242,5.17296,5.45421,1.05437,80,1,83.641,187,1,3,2596,187491,0,0,0.000,94.452,15.911,0,0.000,75.872,26.539,0,0,1,0,8
PPG,4,110376,4416591552,157,34204,34254,35455.855,-1201.855,345.566,0,0,0,0,115.38,115.38,2,1,16,nan,4,0,40,1,1,8,8,0,0,0,122991615,0.03931,0.00537,0.94653,0.94736,-0.00638,-0.00108,-0.00114,0.00657,0.95329,0.00593,0.00673,3,12118,0,7242,5.17296,5.45421,1.05437,80,1,83.641,187,1,3,4297,187491,0,0,0.000,94.452,15.911,0,0.000,75.872,26.539,0,0,1,0,8
PPG,4,110377,4416631552,129,33793,33894,35440.238,-1546.238,113.664,0,0,0,0,115.38,115.38,2,1,16,nan,4,0,40,1,1,9,9,0,0,0,123030591,0.03784,0.01318,0.94971,0.95055,-0.00505,-0.00055,-0.00087,0.00516,0.95586,0.00850,0.00634,3,12117,0,7242,5.17296,5.45421,1.05437,80,1,83.641,187,1,3,2596,187491,0,0,0.000,94.452,15.911,0,0.000,75.872,26.539,0,0,1,0,8
PPG,4,110378,4416671552,131,34677,34806,35433.895,-627.895,-39.371,0,0,0,0,115.38,115.38,2,1,16,nan,4,0,40,1,1,10,10,0,0,0,123072173,0.04199,0.00488,0.95605,0.95699,-0.00585,0.00025,-0.00034,0.00587,0.95783,0.00929,0.00587,3,12152,0,7242,5.17296,5.45421,1.05437,80,1,83.641,187,1,3,4300,187491,0,0,0.000,94.452,15.911,0,0.000,75.872,26.539,0,0,1,0,8
PPG,4,110379,4416711552,128,35642,35778,35437.336,340.664,-105.750,0,0,0,0,115.38,115.38,2,1,16,nan,4,0,40,1,1,11,11,0,0,0,123111191,0.03857,0.00732,0.95264,0.95345,-0.00505,0.00079,-0.00167,0.00538,0.95687,0.00518,0.00592,3,12110,0,7242,5.17296,5.45421,1.05437,80,1,83.641,187,1,3,4295,187491,0,0,0.000,94.452,15.911,0,0.000,75.872,26.539,0,0,1,0,8
PPG,4,110380,4416751552,133,36002,36079,35443.754,635.246,-195.230,0,0,0,0,115.38,115.38,2,1,16,nan,4,0,40,1,1,12,12,0,0,0,123150136,0.03345,0.00806,0.95288,0.95350,-0.00585,-0.00028,-0.00247,0.00636,0.95350,0.00076,0.00636,3,12114,0,7242,5.17296,5.45421,1.05437,80,1,83.641,187,1,3,2599,187491,0,0,0.000,94.452,15.911,0,0.000,75.872,26.539,0,0,1,0,8
PPG,4,110381,4416791552,132,35613,35601,35445.328,155.672,-348.844,0,0,0,0,115.38,115.38,2,1,16,nan,4,0,40,1,1,13,13,0,0,0,123191775,0.03687,0.00952,0.94922,0.94998,-0.00479,-0.00028,-0.00194,0.00517,0.95565,0.00672,0.00636,3,12150,0,7242,5.17296,5.45421,1.05437,80,1,83.641,187,1,3,4305,187491,0,0,0.000,94.452,15.911,0,0.000,75.872,26.539,0,0,1,0,8
PPG,4,110382,4416831552,130,34816,34702,35437.895,-735.895,-495.566,0,0,0,0,115.38,115.38,2,1,16,nan,4,0,40,1,1,14,14,0,0,0,123230720,0.03687,0.00610,0.95020,0.95093,-0.00638,-0.00055,-0.00221,0.00678,0.95309,0.00567,0.00678,3,12104,0,7242,5.17296,5.45421,1.05437,80,1,83.641,187,1,3,2596,187491,0,0,0.000,94.452,15.911,0,0.000,75.872,26.539,0,0,1,0,8
PPG,4,110383,4416871552,145,34006,33817,35421.688,-1604.688,-507.844,1,0,1,840,83.33,83.33,2,1,16,nan,4,0,40,1,1,15,15,0,0,0,123272280,0.04150,0.00513,0.94775,0.94868,-0.00532,0.00052,-0.00007,0.00534,0.95620,0.00527,0.00632,3,12128,0,7242,5.17296,5.45421,1.05437,80,1,83.641,187,1,3,4323,187491,0,0,717.406,94.452,15.911,1,784.844,75.872,26.539,1,1,1,0,8
PPG,4,110384,4416911552,135,33634,33411,35401.582,-1990.582,-436.895,0,0,0,0,83.33,83.33,2,1,16,nan,4,0,40,1,1,16,16,0,0,0,123311824,0.04248,0.00439,0.95386,0.95481,-0.00585,-0.00055,-0.00221,0.00628,0.95481,0.00373,0.00678,3,12185,0,7242,5.17296,5.45421,1.05437,80,1,83.641,187,1,3,4296,187491,0,0,0.000,93.555,15.579,0,0.000,75.250,26.166,0,0,1,0,8
PPG,4,110385,4416951552,146,34111,33900,35386.566,-1486.566,-450.922,0,0,0,0,83.33,83.33,2,1,16,nan,4,0,40,1,1,17,17,0,0,0,123350860,0.03735,0.00562,0.94873,0.94948,-0.00558,-0.00108,-0.00114,0.00580,0.94948,0.00660,0.00580,3,12114,0,7242,5.17296,5.45421,1.05437,80,1,83.641,187,1,3,2600,187491,0,0,0.000,93.555,15.579,0,0.000,78.825,23.511,0,0,1,0,8
PPG,4,110386,4416991552,146,34836,34648,35379.180,-731.180,-580.000,0,0,0,0,83.33,83.33,2,1,16,nan,4,0,40,1,1,18,18,0,0,0,123392510,0.03833,0.00635,0.95020,0.95099,-0.00612,-0.00135,-0.00087,0.00632,0.95243,0.00275,0.00632,3,12188,0,7242,5.17296,5.45421,1.05437,80,1,83.641,187,1,3,4305,187491,0,0,0.000,93.555,15.579,0,0.000,78.825,23.511,0,0,1,0,8
PPG,4,110387,4417031552,135,35511,35349,35378.879,-29.879,-748.137,0,0,0,0,83.33,83.33,2,1,16,nan,4,0,40,1,1,19,19,0,0,0,123431418,0.03979,0.00415,0.94751,0.94835,-0.00505,-0.00081,-0.00221,0.00557,0.95037,0.00202,0.00639,2,24112,0,7243,5.17296,5.45421,1.05437,80,1,83.641,187,1,3,4374,187491,0,0,0.000,93.555,15.579,0,0.000,78.825,23.511,0,0,1,0,8
PPG,4,110388,4417071552,134,35403,35260,35377.691,-117.691,-841.551,0,0,0,0,83.33,83.33,2,1,16,nan,4,0,40,1,1,20,20,0,0,0,123470568,0.04248,0.00562,0.95044,0.95140,-0.00532,-0.00001,-0.00141,0.00550,0.95446,0.00418,0.00550,3,12120,0,7243,5.17296,5.45421,1.05437,80,1,83.641,187,1,3,2598,187491,0,0,0.000,93.555,15.579,0,0.000,78.825,23.511,0,0,1,0,8
PPG,4,110389,4417111552,586,34637,34489,35368.805,-879.805,-821.180,0,0,0,0,83.33,83.33,2,1,16,nan,4,0,40,1,1,21,21,0,0,0,123512316,0.03613,0.00610,0.95093,0.95163,-0.00558,-0.00055,-0.00087,0.00568,0.95517,0.00354,0.00599,3,12134,0,7243,4.34381,4.56588,1.05112,80,1,83.722,166,1,3,4397,187491,0,0,0.000,93.555,15.579,0,0.000,78.825,23.511,0,0,1,0,8
PPG,4,110390,4417151552,184,33807,33682,35351.938,-1669.938,-721.363,0,0,0,0,83.33,83.33,2,1,16,nan,4,0,40,1,1,22,22,0,0,0,123552407,0.04272,0.00342,0.95313,0.95409,-0.00558,-0.00081,-0.00194,0.00597,0.95409,0.00183,0.00602,3,12243,0,7243,4.34381,4.56588,1.05112,80,1,83.722,166,1,3,4335,187491,0,0,0.000,93.555,15.579,0,0.000,78.825,23.511,0,0,1,0,8
PPG,4,110391,4417191552,130,33550,33446,35332.879,-1886.879,-574.066,0,0,0,0,83.33,83.33,2,1,16,nan,4,0,40,1,1,23,23,0,0,0,123591928,0.03857,0.00439,0.95190,0.95270,-0.00505,-0.00135,-0.00167,0.00549,0.95445,0.00176,0.00638,3,12278,0,7243,4.34381,4.56588,1.05112,80,1,83.722,166,1,3,4335,187491,0,0,0.000,93.555,15.579,0,0.000,78.825,23.511,0,0,1,0,8
PPG,4,110392,4417231552,133,34012,33957,35319.121,-1362.121,-430.270,0,0,0,0,83.33,83.33,2,1,16,nan,4,0,40,1,1,24,24,0,0,0,123631250,0.03857,0.00781,0.95190,0.95272,-0.00585,-0.00055,-0.00167,0.00611,0.95272,0.00705,0.00705,3,12238,0,7243,4.34381,4.56588,1.05112,80,1,83.722,166,1,3,4343,187491,0,0,0.000,93.555,15.579,0,0.000,78.825,23.511,0,0,1,0,8
PPG,4,110393,4417271552,143,34936,34894,35314.871,-420.871,-284.281,0,0,0,0,83.33,83.33,2,1,16,nan,4,0,40,1,1,25,25,0,0,0,123670647,0.03760,0.00317,0.95215,0.95290,-0.00558,-0.00001,-0.00194,0.00591,0.95504,0.00568,0.00672,3,12270,0,7243,4.34381,4.56588,1.05112,80,1,83.722,166,1,3,2642,187491,0,0,165.496,93.555,15.579,1,0.000,78.825,23.511,0,0,1,0,8
PPG,4,110394,4417311552,137,36020,35981,35321.531,659.469,-150.793,0,0,0,0,83.33,83.33,2,1,16,nan,4,0,40,1,1,26,26,0,0,0,123712651,0.04126,0.00757,0.95166,0.95258,-0.00452,0.00052,-0.00114,0.00469,0.95505,0.00215,0.00617,3,12252,0,7243,4.34381,4.56588,1.05112,80,1,83.722,166,1,3,4334,187491,0,0,0.000,93.555,15.579,0,0.000,78.825,23.511,0,0,1,0,8
PPG,4,110395,4417351552,128,36446,36368,35331.996,1036.004,-27.656,0,0,0,0,83.33,83.33,2,1,16,nan,4,0,40,1,1,27,27,0,0,0,123751956,0.04175,0.00513,0.95508,0.95600,-0.00532,-0.00055,-0.00114,0.00547,0.95600,0.00241,0.00553,3,12255,0,7243,4.34381,4.56588,1.05112,80,1,83.722,166,1,3,4342,187491,0,0,0.000,93.555,15.579,0,0.000,78.825,23.511,0,0,1,0,8
PPG,4,110396,4417391552,136,35632,35562,35334.297,227.703,60.230,0,0,0,0,83.33,83.33,2,1,16,nan,4,0,40,1,1,28,28,0,0,0,123791261,0.03979,0.00684,0.95117,0.95203,-0.00638,-0.00108,-0.00194,0.00676,0.95715,0.01272,0.00676,3,12243,0,7243,4.34381,4.56588,1.05112,80,1,83.722,166,1,3,4356,187491,0,0,0.000,93.555,15.579,0,0.000,78.825,23.511,0,0,1,0,8
PPG,4,110397,4417431552,134,34511,34488,35325.832,-837.832,145.672,0,0,0,0,83.33,83.33,2,1,16,nan,4,0,40,1,1,29,29,0,0,0,123830663,0.03857,0.00610,0.95166,0.95246,-0.00505,-0.00081,-0.00141,0.00531,0.95491,0.00599,0.00602,3,12266,0,7243,4.34381,4.56588,1.05112,80,1,83.722,166,1,3,2630,187491,0,0,0.000,93.555,15.579,0,0.000,78.825,23.511,0,0,1,0,7
PPG,4,110398,4417471552,133,33976,33975,35312.324,-1337.324,262.793,0,0,0,0,83.33,83.33,2,1,16,nan,4,0,40,1,1,30,30,0,0,0,123872587,0.03931,0.00513,0.95044,0.95127,-0.00638,0.00025,-0.00034,0.00640,0.95253,0.00375,0.00640,3,12225,0,7243,4.34381,4.56588,1.05112,80,1,83.722,166,1,3,4330,187491,0,0,0.000,93.555,15.579,0,0.000,78.825,23.511,0,0,1,0,7
PPG,4,110399,4417511552,128,34385,34396,35303.160,-907.160,394.605,0,0,0,0,83.33,83.33,2,1,16,nan,4,0,40,1,1,31,31,0,0,0,123911889,0.03979,0.00122,0.95166,0.95249,-0.00585,-0.00001,-0.00087,0.00592,0.95249,0.00188,0.00592,3,12229,0,7243,4.34381,4.56588,1.05112,80,1,83.722,166,1,3,4330,187491,0,0,0.000,93.555,15.579,0,0.000,78.825,23.511,0,0,1,0,7
PPG,4,110400,4417551552,129,35111,35110,35301.230,-191.230,473.914,0,0,0,0,83.33,83.33,2,1,16,nan,4,0,40,1,1,0,0,0,0,0,123951140,0.03833,0.00464,0.94434,0.94512,-0.00532,-0.00001,0.00019,0.00532,0.94890,0.00385,0.00532,3,12217,0,7243,4.34381,4.56588,1.05112,80,1,83.722,166,1,3,4328,187491,0,0,0.000,93.555,15.579,0,0.000,78.825,23.511,0,0,1,0,7
PPG,4,110401,4417591552,158,35675,35686,35305.078,380.922,427.520,0,0,0,0,83.33,83.33,2,1,16,nan,4,0,40,1,1,1,1,0,0,0,123990360,0.03564,0.00269,0.94824,0.94892,-0.00558,-0.00055,-0.00114,0.00573,0.95708,0.00816,0.00601,3,12203,0,7243,4.34381,4.56588,1.05112,80,1,83.722,166,1,3,2636,187491,0,0,0.000,93.555,15.579,0,0.000,78.825,23.511,0,0,1,0,7
PPG,4,110402,4417631552,129,36286,36309,35315.117,993.883,338.746,0,0,0,0,83.33,83.33,2,1,16,nan,4,0,40,1,1,2,2,0,0,0,124032324,0.04004,0.00903,0.94629,0.94718,-0.00532,-0.00028,-0.00141,0.00551,0.95228,0.00510,0.00693,3,12229,0,7243,4.34381,4.56588,1.05112,80,1,83.722,166,1,3,4327,187491,0,0,0.000,93.555,15.579,0,0.000,78.825,23.511,0,0,1,0,7
PPG,4,110403,4417671552,134,36573,36575,35327.715,1247.285,345.555,0,0,0,0,83.33,83.33,2,1,16,nan,4,0,40,1,1,3,3,0,0,0,124071610,0.04126,0.00513,0.95239,0.95330,-0.00505,-0.00188,-0.00167,0.00564,0.95561,0.00503,0.00594,3,12240,0,7243,4.34381,4.56588,1.05112,80,1,83.722,166,1,3,4333,187491,0,0,0.000,93.555,15.579,0,0.000,78.825,23.511,0,0,1,0,7
PPG,4,110404,4417711552,129,36207,36149,35335.926,813.074,445.945,0,0,0,0,83.33,83.33,2,1,16,nan,4,0,40,1,1,4,4,0,0,0,124110892,0.03979,0.00781,0.94922,0.95008,-0.00665,-0.00081,-0.00034,0.00671,0.95179,0.00259,0.00671,3,12229,0,7243,4.34381,4.56588,1.05112,80,1,83.722,166,1,3,2625,187491,0,0,0.000,93.555,15.579,0,0.000,78.825,23.511,0,0,1,0,7
PPG,4,110405,4417751552,127,35529,35423,35336.797,86.203,576.648,0,0,0,0,83.33,83.33,2,1,16,nan,4,0,40,1,1,5,5,0,0,0,124152587,0.03711,0.00806,0.94922,0.94998,-0.00638,-0.00055,-0.00114,0.00651,0.95396,0.00399,0.00651,3,12118,0,7243,4.34381,4.56588,1.05112,80,1,83.722,166,1,3,4296,187491,0,0,0.000,93.555,15.579,0,0.000,78.825,23.511,0,0,1,0,7
PPG,4,110406,4417791552,129,35224,35041,35333.840,-292.840,649.145,0,0,0,0,83.33,83.33,2,1,16,nan,4,0,40,1,1,6,6,0,0,0,124191940,0.04102,0.00928,0.95020,0.95113,-0.00638,0.00025,-0.00141,0.00654,0.95429,0.00316,0.00654,3,12129,0,7243,4.34381,4.56588,1.05112,80,1,83.722,166,1,3,4294,187491,0,0,0.000,93.555,15.579,0,0.000,78.825,23.511,0,0,1,0,7
PPG,4,110407,4417831552,130,35485,35294,35333.441,-39.441,678.180,0,0,0,0,83.33,83.33,2,1,16,nan,4,0,40,1,1,7,7,0,0,0,124230961,0.03662,0.00781,0.94995,0.95069,-0.00505,-0.00055,-0.00141,0.00527,0.95533,0.00464,0.00601,3,12116,0,7243,4.34381,4.56588,1.05112,80,1,83.722,166,1,3,2599,187491,0,0,0.000,93.555,15.579,0,0.000,78.825,23.511,0,0,1,0,7
PPG,4,110408,4417871552,150,36208,36004,35340.148,663.852,686.406,1,0,1,1000,71.43,71.43,2,1,16,nan,4,0,40,1,1,8,8,0,0,0,124272599,0.03882,0.00366,0.94824,0.94904,-0.00479,-0.00081,-0.00141,0.00505,0.95490,0.00661,0.00545,3,12125,0,7243,4.34381,4.56588,1.05112,80,1,83.722,166,1,3,4295,187491,0,0,1132.867,93.555,15.579,1,1315.465,78.825,23.511,1,1,1,0,7
PPG,4,110409,4417911552,164,36937,36734,35354.086,1379.914,634.871,0,0,0,0,71.43,71.43,2,1,16,nan,4,0,40,1,1,9,9,0,0,0,124311696,0.03979,0.00586,0.95386,0.95471,-0.00665,-0.00055,-0.00114,0.00677,0.95471,0.00514,0.00677,3,12185,0,7243,4.34381,4.56588,1.05112,80,1,83.722,166,1,3,4299,187491,0,0,0.000,95.367,16.249,0,0.000,81.597,25.006,0,0,1,0,7
PPG,4,110410,4417951552,129,37470,37274,35373.285,1900.715,555.129,0,0,0,0,71.43,71.43,2,1,16,nan,4,0,40,1,1,10,10,0,0,0,124350669,0.03760,0.00781,0.95142,0.95219,-0.00612,-0.00055,-0.00221,0.00653,0.95230,0.00348,0.00719,3,12113,0,7243,4.34381,4.56588,1.05112,80,1,83.722,166,1,3,2598,187491,0,0,0.000,95.367,16.249,0,0.000,81.597,25.006,0,0,1,0,7
PPG,4,110411,4417991552,128,36881,36694,35386.492,1307.508,470.586,0,0,0,0,71.43,71.43,2,1,16,nan,4,0,40,1,1,11,11,0,0,0,124392240,0.04321,0.00879,0.94995,0.95097,-0.00612,-0.00028,-0.00327,0.00694,0.95312,0.00111,0.00694,3,12112,0,7243,4.34381,4.56588,1.05112,80,1,83.722,166,1,3,4295,187491,0,0,0.000,95.367,16.249,0,0.000,81.597,25.006,0,0,1,0,7
PPG,4,110412,4418031552,137,35733,35592,35388.547,203.453,412.980,0,0,0,0,71.43,71.43,2,1,16,nan,4,0,40,1,1,12,12,0,0,0,124435368,0.04224,0.00757,0.95068,0.95165,-0.00505,-0.00081,-0.00087,0.00519,0.95453,0.00367,0.00689,3,16231,0,7243,4.34381,4.56588,1.05112,80,1,83.722,166,1,3,16172,187491,0,0,0.000,95.367,16.249,0,0.000,81.597,25.006,0,0,1,0,7
PPG,4,110413,4418071552,135,34931,34812,35382.781,-570.781,384.363,0,0,0,0,71.43,71.43,2,1,16,nan,4,0,40,1,1,13,13,0,0,0,124471828,0.03613,0.00415,0.94897,0.94967,-0.00452,0.00025,-0.00274,0.00529,0.95921,0.00954,0.00557,3,12131,0,7243,4.34381,4.56588,1.05112,80,1,83.722,166,1,3,4296,187491,0,0,0.000,95.367,16.249,0,0.000,81.597,25.006,0,0,1,0,7
PPG,4,110414,4418111552,542,34784,34685,35375.805,-690.805,362.164,0,0,0,0,71.43,71.43,2,1,16,nan,4,0,40,1,1,14,14,0,0,0,124510837,0.03833,0.00854,0.95044,0.95125,-0.00505,-0.00028,-0.00141,0.00525,0.95293,0.00741,0.00565,3,12169,0,7243,3.04774,3.04021,0.99753,80,1,85.062,166,1,3,2595,187491,0,0,0.000,95.367,16.249,0,0.000,81.597,25.006,0,0,1,0,7
PPG,4,110415,4418151552,178,34986,34900,35371.047,-471.047,277.852,0,0,0,0,71.43,71.43,2,1,16,nan,4,0,40,1,1,15,15,0,0,0,124552840,0.04077,0.00391,0.95361,0.95449,-0.00479,-0.00081,-0.00194,0.00523,0.95754,0.00409,0.00678,3,12124,0,7243,3.04774,3.04021,0.99753,80,1,85.062,166,1,3,4299,187491,0,0,0.000,95.367,16.249,0,0.000,81.597,25.006,0,0,1,0,7
PPG,4,110416,4418191552,147,35374,35314,35370.477,-56.477,87.395,1,0,0,0,71.43,71.43,2,1,16,nan,4,0,40,1,1,16,16,0,0,0,124591864,0.03833,0.00879,0.95166,0.95247,-0.00558,0.00052,-0.00274,0.00624,0.95319,0.00410,0.00624,3,12127,0,7243,3.04774,3.04021,0.99753,80,1,85.062,166,1,3,4301,187491,0,0,461.750,95.367,16.249,1,347.660,81.597,25.006,1,0,1,0,6
PPG,4,110417,4418231552,127,36290,36229,35379.062,849.938,-148.945,0,0,0,0,71.43,71.43,2,1,16,nan,4,0,40,1,1,17,17,0,0,0,124630944,0.03760,0.00464,0.95605,0.95680,-0.00612,0.00052,-0.00221,0.00652,0.95680,0.00911,0.00656,3,12124,0,7243,3.04774,3.04021,0.99753,80,1,85.062,166,1,3,2599,187491,0,0,0.000,95.367,16.249,0,0.000,81.597,25.006,0,0,1,0,6
PPG,4,110418,4418271552,131,36756,36654,35391.812,1262.188,-288.605,0,0,0,0,71.43,71.43,2,1,16,nan,4,0,40,1,1,18,18,0,0,0,124672602,0.03735,0.00659,0.94531,0.94607,-0.00505,-0.00001,-0.00221,0.00551,0.95173,0.00586,0.00626,3,12119,0,7243,3.04774,3.04021,0.99753,80,1,85.062,166,1,3,4295,187491,0,0,0.000,95.367,16.249,0,0.000,81.597,25.006,0,0,1,0,6
PPG,4,110419,4418311552,130,36365,36265,35400.543,864.457,-285.914,0,0,0,0,71.43,71.43,2,1,16,nan,4,0,40,1,1,19,19,0,0,0,124711717,0.03687,0.00854,0.94580,0.94656,-0.00638,-0.00108,-0.00221,0.00684,0.95112,0.00505,0.00684,3,12167,0,7243,3.04774,3.04021,0.99753,80,1,85.062,166,1,3,4324,187491,0,0,0.000,95.367,16.249,0,0.000,81.597,25.006,0,0,1,0,6
PPG,4,110420,4418351552,128,35757,35674,35403.277,270.723,-190.969,0,0,0,0,71.43,71.43,2,1,16,nan,4,0,40,1,1,20,20,0,0,0,124750698,0.04004,0.01172,0.95605,0.95696,-0.00558,-0.00001,-0.00274,0.00622,0.95696,0.00936,0.00628,3,12109,0,7243,3.04774,3.04021,0.99753,80,1,85.062,166,1,3,2599,187491,0,0,0.000,95.367,16.249,0,0.000,81.597,25.006,0,0,1,0,6
PPG,4,110421,4418391552,128,35373,35351,35402.754,-51.754,-79.078,0,0,0,0,71.43,71.43,2,1,16,nan,4,0,40,1,1,21,21,0,0,0,124792262,0.03711,0.00854,0.95093,0.95169,-0.00638,0.00105,-0.00300,0.00713,0.95169,0.01012,0.00713,3,12114,0,7243,3.04774,3.04021,0.99753,80,1,85.062,166,1,3,4294,187491,0,0,0.000,95.367,16.249,0,0.000,81.597,25.006,0,0,1,0,6
PPG,4,110422,4418431552,131,35484,35493,35403.656,89.344,46.434,0,0,0,0,71.43,71.43,2,1,16,nan,4,0,40,1,1,22,22,0,0,0,124831261,0.03931,0.00854,0.95190,0.95275,-0.00638,-0.00081,-0.00114,0.00654,0.95275,0.00513,0.00654,3,12126,0,7243,3.04774,3.04021,0.99753,80,1,85.062,166,1,3,2599,187491,0,0,0.000,95.367,16.249,0,0.000,81.597,25.006,0,0,1,0,6
PPG,4,110423,4418471552,130,35833,35865,35408.270,456.730,160.648,0,0,0,0,71.43,71.43,2,1,16,nan,4,0,40,1,1,23,23,0,0,0,124872835,0.03662,0.00952,0.94751,0.94827,-0.00558,-0.00001,-0.00034,0.00559,0.95226,0.00464,0.00691,3,12138,0,7243,3.04774,3.04021,0.99753,80,1,85.062,166,1,3,4297,187491,0,0,0.000,95.367,16.249,0,0.000,81.597,25.006,0,0,1,0,6
PPG,4,110424,4418511552,132,36869,36883,35423.016,1459.984,217.379,0,0,0,0,71.43,71.43,2,1,16,nan,4,0,40,1,1,24,24,0,0,0,124911815,0.04077,0.00488,0.94922,0.95011,-0.00558,-0.00108,-0.00141,0.00586,0.95011,0.00183,0.00589,3,12131,0,7243,3.04774,3.04021,0.99753,80,1,85.062,166,1,3,4323,187491,0,0,0.000,95.367,16.249,0,0.000,81.597,25.006,0,0,1,0,6
PPG,4,110425,4418551552,128,37961,37966,35448.445,2517.555,277.656,0,0,0,0,71.43,71.43,2,1,16,nan,4,0,40,1,1,25,25,0,0,0,124950829,0.03687,0.00635,0.94775,0.94849,-0.00505,-0.00001,-0.00167,0.00532,0.95944,0.01095,0.00532,3,12114,0,7243,3.04774,3.04021,0.99753,80,1,85.062,166,1,3,2596,187491,0,0,0.000,95.367,16.249,0,0.000,81.597,25.006,0,0,1,0,6
PPG,4,110426,4418591552,129,38084,38083,35474.789,2608.211,385.270,0,0,0,0,71.43,71.43,2,1,16,nan,4,0,40,1,1,26,26,0,0,0,124992419,0.03784,0.00586,0.94751,0.94828,-0.00665,0.00105,-0.00087,0.00679,0.95113,0.00473,0.00679,3,12127,0,7243,3.04774,3.04021,0.99753,80,1,85.062,166,1,3,4295,187491,0,0,0.000,95.367,16.249,0,0.000,81.597,25.006,0,0,1,0,6
PPG,4,110427,4418631552,128,37075,37088,35490.922,1597.078,497.570,0,0,0,0,71.43,71.43,2,1,16,nan,4,0,40,1,1,27,27,0,0,0,125031406,0.03784,0.00562,0.95557,0.95633,-0.00638,-0.00055,-0.00141,0.00656,0.95677,0.00848,0.00671,3,12143,0,7243,3.04774,3.04021,0.99753,80,1,85.062,166,1,3,2607,187491,0,0,0.000,95.367,16.249,0,0.000,81.597,25.006,0,0,1,0,6
PPG,4,110428,4418671552,129,36266,36255,35498.562,756.438,614.164,0,0,0,0,71.43,71.43,2,1,16,nan,4,0,40,1,1,28,28,0,0,0,125072994,0.03442,0.00244,0.95239,0.95302,-0.00665,-0.00081,-0.00167,0.00691,0.95756,0.00998,0.00691,3,12134,0,7243,3.04774,3.04021,0.99753,80,1,85.062,166,1,3,4318,187491,0,0,0.000,95.367,16.249,0,0.000,81.597,25.006,0,0,1,0,6
PPG,4,110429,4418711552,130,36323,36191,35505.488,685.512,741.031,0,0,0,0,71.43,71.43,2,1,16,nan,4,0,40,1,1,29,29,0,0,0,125112064,0.03540,0.00537,0.95117,0.95185,-0.00532,-0.00001,-0.00167,0.00557,0.95509,0.00357,0.00664,3,12127,0,7243,3.04774,3.04021,0.99753,80,1,85.062,166,1,3,4302,187491,0,0,0.000,95.367,16.249,0,0.000,81.597,25.006,0,0,1,0,6
PPG,4,110430,4418751552,146,36557,36378,35514.215,863.785,859.113,0,0,0,0,71.43,71.43,2,1,16,nan,4,0,40,1,1,30,30,0,0,0,125151048,0.03784,0.00586,0.94775,0.94853,-0.00558,0.00079,-0.00194,0.00596,0.95192,0.00558,0.00596,3,12118,0,7243,3.04774,3.04021,0.99753,80,1,85.062,166,1,3,2598,187491,0,0,0.000,95.367,16.249,0,0.000,81.597,25.006,0,0,1,0,6
PPG,4,110431,4418791552,129,37243,37034,35529.414,1504.586,863.684,0,0,0,0,71.43,71.43,2,1,16,nan,4,0,40,1,1,31,31,0,0,0,125192621,0.04224,0.00732,0.95630,0.95726,-0.00638,-0.00081,-0.00194,0.00672,0.95726,0.00441,0.00672,3,12113,0,7243,3.04774,3.04021,0.99753,80,1,85.062,166,1,3,4298,187491,0,0,0.000,95.367,16.249,0,0.000,81.597,25.006,0,0,1,0,6
PPG,4,110432,4418831552,171,37992,37763,35551.750,2211.250,726.137,0,0,0,0,71.43,71.43,2,1,16,nan,4,0,40,1,1,0,0,0,0,0,125231695,0.04126,0.00610,0.94946,0.95038,-0.00585,-0.00135,-0.00167,0.00623,0.95038,0.00727,0.00722,3,12245,0,7243,3.04774,3.04021,0.99753,80,1,85.062,166,1,3,4337,187491,0,0,0.000,95.367,16.249,0,0.000,81.597,25.006,0,0,1,0,6
PPG,4,110433,4418871552,144,37899,37670,35572.934,2097.066,524.234,0,0,0,0,71.43,71.43,2,1,16,nan,4,0,40,1,1,1,1,0,0,0,125307261,0.04199,0.00513,0.95166,0.95260,-0.00612,-0.00108,-0.00114,0.00632,0.95529,0.00491,0.00632,2,60712,0,7248,3.04774,3.04021,0.99753,80,1,85.062,166,1,3,60835,187491,0,0,0.000,95.367,16.249,0,0.000,81.597,25.006,0,0,1,0,6
PPG,4,110434,4418911552,129,36741,36585,35583.055,1001.945,357.379,0,0,0,0,71.43,71.43,2,1,16,nan,4,0,40,1,1,2,2,0,0,0,125319430,0.04199,0.00537,0.95044,0.95138,-0.00665,-0.00055,-0.00061,0.00670,0.95138,0.00122,0.00670,1,12169,0,7248,3.04774,3.04021,0.99753,80,1,85.062,166,1,3,12090,187491,0,0,0.000,95.367,16.249,0,0.000,81.597,25.006,0,0,1,0,6
PPG,4,110435,4418951552,129,36069,35954,35586.766,367.234,261.680,0,0,0,0,71.43,71.43,2,1,16,nan,4,0,40,1,1,3,3,0,0,0,125355961,0.03564,0.00366,0.95117,0.95185,-0.00665,-0.00081,-0.00114,0.00680,0.95479,0.00340,0.00680,3,12235,0,7248,3.04774,3.04021,0.99753,80,1,85.062,166,1,3,2653,187491,0,0,0.000,95.367,16.249,0,0.000,81.597,25.006,0,0,1,0,6
PPG,4,110436,4418991552,132,36691,36551,35596.406,954.594,251.254,0,0,0,0,71.43,71.43,2,1,16,nan,4,0,40,1,1,4,4,0,0,0,125392450,0.04028,0.00635,0.94824,0.94912,-0.00585,-0.00028,-0.00114,0.00597,0.96031,0.01119,0.00606,3,12271,0,7248,3.04774,3.04021,0.99753,80,1,85.062,166,1,3,4297,187491,0,0,0.000,95.367,16.249,0,0.000,81.597,25.006,0,0,1,0,6
PPG,4,110437,4419031552,140,37503,37341,35613.852,1727.148,333.230,0,0,0,0,71.43,71.43,2,1,16,nan,4,0,40,1,1,5,5,0,0,0,125436374,0.04346,0.00879,0.94995,0.95099,-0.00692,-0.00108,-0.00221,0.00734,0.95370,0.00283,0.00734,3,17060,0,7248,3.04774,3.04021,0.99753,80,1,85.062,166,1,3,17007,187491,0,0,0.000,95.367,16.249,0,0.000,81.597,25.006,0,0,1,0,6
PPG,4,110438,4419071552,133,37650,37449,35632.203,1816.797,352.766,0,0,0,0,71.43,71.43,2,1,16,nan,4,0,40,1,1,6,6,0,0,0,125473173,0.04224,0.00464,0.94800,0.94895,-0.00558,-0.00028,-0.00114,0.00571,0.95385,0.00286,0.00649,3,12244,0,7248,3.04774,3.04021,0.99753,80,1,85.062,166,1,3,4368,187491,0,0,0.000,95.367,16.249,0,0.000,81.597,25.006,0,0,1,0,6
PPG,4,110439,4419111552,602,37528,37365,35649.531,1715.469,240.906,1,0,1,1240,71.43,71.43,2,1,16,nan,4,0,40,1,1,7,7,0,0,0,125512546,0.03833,0.00659,0.95435,0.95514,-0.00638,-0.00161,-0.00221,0.00694,0.95656,0.00761,0.00694,3,12232,0,7248,3.27990,3.27203,0.99760,80,1,85.060,214,1,3,4320,187491,0,0,1169.910,95.367,16.249,1,1152.289,81.597,25.006,1,1,1,0,6
PPG,4,110440,4419151552,203,37313,37162,35664.656,1497.344,93.934,0,0,0,0,71.43,71.43,2,1,16,nan,4,0,40,1,1,8,8,0,0,0,125552445,0.03857,0.00708,0.95264,0.95344,-0.00612,-0.00081,-0.00167,0.00639,0.95706,0.00841,0.00639,3,12254,0,7248,3.27990,3.27203,0.99760,80,1,85.060,214,1,3,4324,187491,0,0,0.000,97.183,16.920,0,0.000,83.003,25.764,0,0,1,0,6
PPG,4,110441,4419191552,129,36962,36837,35676.379,1160.621,55.637,0,0,0,0,71.43,71.43,2,1,16,nan,4,0,40,1,1,9,9,0,0,0,125591884,0.03711,0.00342,0.94580,0.94653,-0.00665,0.00025,0.00019,0.00666,0.95326,0.00561,0.00666,3,12245,0,7248,3.27990,3.27203,0.99760,80,1,85.060,214,1,3,4333,187491,0,0,0.000,97.183,16.920,0,0.000,83.003,25.764,0,0,1,0,6
PPG,4,110442,4419231552,130,36782,36688,35686.496,1001.504,100.746,0,0,0,0,71.43,71.43,2,1,16,nan,4,0,40,1,1,10,10,0,0,0,125631178,0.03906,0.00269,0.95142,0.95222,-0.00505,-0.00135,-0.00141,0.00541,0.95222,0.00446,0.00698,3,12249,0,7248,3.27990,3.27203,0.99760,80,1,85.060,214,1,3,2645,187491,0,0,0.000,97.183,16.920,0,0.000,83.003,25.764,0,0,1,0,6
PPG,4,110443,4419271552,129,37570,37485,35704.480,1780.520,153.172,0,0,0,0,71.43,71.43,2,1,16,nan,4,0,40,1,1,11,11,0,0,0,125673130,0.03516,0.00513,0.95166,0.95232,-0.00585,-0.00081,-0.00167,0.00614,0.95281,0.00199,0.00623,3,12238,0,7248,3.27990,3.27203,0.99760,80,1,85.060,214,1,3,4316,187491,0,0,0.000,97.183,16.920,0,0.000,83.003,25.764,0,0,1,0,6
PPG,4,110444,4419311552,130,38948,38825,35735.688,3089.312,268.070,0,0,0,0,71.43,71.43,2,1,16,nan,4,0,40,1,1,12,12,0,0,0,125712390,0.04126,0.00269,0.94727,0.94817,-0.00558,0.00025,-0.00061,0.00562,0.95239,0.00223,0.00668,3,12259,0,7248,3.27990,3.27203,0.99760,80,1,85.060,214,1,3,4335,187491,0,0,0.000,97.183,16.920,0,0.000,83.003,25.764,0,0,1,0,6
PPG,4,110445,4419351552,129,39448,39294,35771.270,3522.730,465.246,0,0,0,0,71.43,71.43,2,1,16,nan,4,0,40,1,1,13,13,0,0,0,125751891,0.03809,-0.00049,0.94824,0.94901,-0.00558,-0.00001,-0.00194,0.00591,0.95301,0.00421,0.00591,3,12265,0,7248,3.27990,3.27203,0.99760,80,1,85.060,214,1,3,4330,187491,0,0,0.000,97.183,16.920,0,0.000,83.003,25.764,0,0,1,0,6
PPG,4,110446,4419391552,153,38583,38450,35798.059,2651.941,601.895,1,0,0,0,71.43,71.43,2,1,528,nan,4,0,40,1,1,14,14,0,0,0,125791132,0.03760,0.00293,0.95093,0.95168,-0.00505,-0.00108,-0.00114,0.00529,0.95390,0.00568,0.00636,3,12244,0,7248,3.27990,3.27203,0.99760,80,1,85.060,214,1,3,2632,187491,0,0,124.434,97.183,16.920,1,111.859,83.003,25.764,1,0,1,0,5
PPG,4,110447,4419431552,125,37963,37873,35818.809,2054.191,664.215,0,0,0,0,71.43,71.43,2,1,528,nan,4,0,40,1,1,15,15,0,0,0,125833067,0.03931,0.00977,0.94849,0.94935,-0.00585,-0.00081,-0.00247,0.00640,0.95480,0.00545,0.00640,3,12238,0,7248,3.27990,3.27203,0.99760,80,1,85.060,214,1,3,4356,187491,0,0,0.000,97.183,16.920,0,0.000,83.003,25.764,0,0,1,0,5
PPG,4,110448,4419471552,129,37762,37690,35837.520,1852.480,714.320,0,0,0,0,71.43,71.43,2,1,528,nan,4,0,40,1,1,16,16,0,0,0,125872413,0.03809,0.00977,0.95313,0.95394,-0.00585,-0.00028,-0.00167,0.00609,0.95995,0.01414,0.00741,3,12250,0,7248,3.27990,3.27203,0.99760,80,1,85.060,214,1,3,4331,187491,0,0,0.000,97.183,16.920,0,0.000,83.003,25.764,0,0,1,0,5
PPG,4,110449,4419511552,127,37623,37558,35854.723,1703.277,770.254,0,0,0,0,71.43,71.43,2,1,528,nan,4,0,40,1,1,17,17,0,0,0,125911645,0.03809,0.00439,0.95313,0.95390,-0.00665,-0.00028,-0.00087,0.00671,0.95859,0.00465,0.00671,3,12248,0,7248,3.27990,3.27203,0.99760,80,1,85.060,214,1,3,2632,187491,0,0,0.000,97.183,16.920,0,0.000,83.003,25.764,0,0,1,0,5
PPG,4,110450,4419551552,135,38422,38255,35878.727,2376.273,786.406,0,0,0,0,71.43,71.43,2,1,528,nan,4,0,40,1,1,18,18,0,0,0,125953602,0.04102,0.00830,0.94458,0.94551,-0.00612,-0.00108,-0.00114,0.00632,0.95467,0.00916,0.00685,3,12259,0,7248,3.27990,3.27203,0.99760,80,1,85.060,214,1,3,4339,187491,0,0,0.000,97.183,16.920,0,0.000,83.003,25.764,0,0,1,0,5
PPG,4,110451,4419591552,149,40128,39765,35917.590,3847.410,784.145,0,0,0,0,71.43,71.43,2,1,528,nan,4,0,40,1,1,19,19,0,0,0,125992878,0.03931,0.00586,0.95313,0.95395,-0.00585,-0.00055,-0.00167,0.00611,0.95395,0.00745,0.00611,3,12234,0,7248,3.27990,3.27203,0.99760,80,1,85.060,214,1,3,4330,187491,0,0,0.000,97.183,16.920,0,0.000,83.003,25.764,0,0,1,0,5
PPG,4,110452,4419631552,129,41304,40744,35965.855,4778.145,842.234,0,0,0,0,71.43,71.43,2,1,528,nan,4,0,40,1,1,20,20,0,0,0,126032173,0.04419,0.00708,0.95044,0.95149,-0.00665,-0.00055,-0.00221,0.00703,0.95149,0.00704,0.00703,3,12256,0,7248,3.27990,3.27203,0.99760,80,1,85.060,214,1,3,4374,187491,0,0,0.000,97.183,16.920,0,0.000,83.003,25.764,0,0,1,0,5
PPG,4,110453,4419671552,128,40557,40024,36006.438,4017.562,949.395,0,0,0,0,71.43,71.43,2,1,528,nan,4,0,40,1,1,21,21,0,0,0,126071413,0.03931,0.00781,0.94897,0.94982,-0.00425,-0.00081,-0.00141,0.00455,0.95324,0.00214,0.00648,3,12182,0,7248,3.27990,3.27203,0.99760,80,1,85.060,214,1,3,2610,187491,0,0,0.000,97.183,16.920,0,0.000,83.003,25.764,0,0,1,0,5
PPG,4,110454,4419711552,131,39205,38772,36034.094,2737.906,968.469,0,0,0,0,71.43,71.43,2,1,528,nan,4,0,40,1,1,22,22,0,0,0,126113197,0.04224,0.00586,0.95361,0.95457,-0.00612,-0.00001,-0.00194,0.00642,0.95515,0.00590,0.00642,3,12157,0,7248,3.27990,3.27203,0.99760,80,1,85.060,214,1,3,4297,187491,0,0,0.000,97.183,16.920,0,0.000,83.003,25.764,0,0,1,0,5
PPG,4,110455,4419751552,165,38178,37830,36052.055,1777.945,894.672,0,0,0,0,71.43,71.43,2,1,528,nan,4,0,40,1,1,23,23,0,0,0,126152213,0.03687,0.00635,0.95068,0.95142,-0.00585,-0.00081,-0.00194,0.00622,0.95142,0.00619,0.00665,3,12170,0,7248,3.27990,3.27203,0.99760,80,1,85.060,214,1,3,4328,187491,0,0,0.000,97.183,16.920,0,0.000,83.003,25.764,0,0,1,0,5
PPG,4,110456,4419791552,131,37687,37406,36065.594,1340.406,830.207,0,0,0,0,71.43,71.43,2,1,528,nan,4,0,40,1,1,24,24,0,0,0,126191247,0.04126,0.00635,0.95020,0.95111,-0.00558,-0.00028,-0.00194,0.00592,0.95621,0.00596,0.00603,3,12110,0,7248,3.27990,3.27203,0.99760,80,1,85.060,214,1,3,2600,187491,0,0,0.000,97.183,16.920,0,0.000,83.003,25.764,0,0,1,0,5
PPG,4,110457,4419831552,133,37840,37563,36080.566,1482.434,720.250,0,0,0,0,71.43,71.43,2,1,528,nan,4,0,40,1,1,25,25,0,0,0,126232808,0.03906,0.00732,0.95605,0.95688,-0.00558,-0.00001,-0.00114,0.00570,0.95690,0.00457,0.00572,3,12126,0,7248,3.27990,3.27203,0.99760,80,1,85.060,214,1,3,4299,187491,0,0,0.000,97.183,16.920,0,0.000,83.003,25.764,0,0,1,0,5
PPG,4,110458,4419871552,134,38719,38400,36103.762,2296.238,477.699,1,0,0,0,71.43,71.43,2,1,528,nan,4,0,40,1,1,26,26,0,0,0,126271815,0.03955,0.01001,0.95190,0.95278,-0.00585,-0.00161,-0.00194,0.00637,0.95598,0.00778,0.00637,3,12126,0,7248,3.27990,3.27203,0.99760,80,1,85.060,214,1,3,4298,187491,0,0,0.000,97.183,16.920,0,730.770,83.003,25.764,1,0,1,0,5
PPG,4,110459,4419911552,129,39883,39489,36137.613,3351.387,192.215,0,0,0,0,71.43,71.43,2,1,528,nan,4,0,40,1,1,27,27,0,0,0,126310808,0.04077,0.00781,0.95605,0.95696,-0.00612,-0.00108,-0.00167,0.00643,0.95696,0.00883,0.00669,3,12128,0,7248,3.27990,3.27203,0.99760,80,1,85.060,214,1,3,2602,187491,0,0,0.000,97.183,16.920,0,0.000,83.003,25.764,0,0,1,0,5
PPG,4,110460,4419951552,130,40103,39687,36173.105,3513.895,17.820,0,0,0,0,71.43,71.43,2,1,528,nan,4,0,40,1,1,28,28,0,0,0,126352395,0.04028,0.00415,0.95020,0.95106,-0.00665,-0.00081,-0.00167,0.00691,0.95966,0.00729,0.00691,3,12151,0,7248,3.27990,3.27203,0.99760,80,1,85.060,214,1,3,4334,187491,0,0,0.000,97.183,16.920,0,0.000,83.003,25.764,0,0,1,0,5
PPG,4,110461,4419991552,129,39115,38794,36199.312,2594.688,-76.887,0,0,0,0,71.43,71.43,2,1,528,nan,4,0,40,1,1,29,29,0,0,0,126391420,0.04150,0.00317,0.95313,0.95403,-0.00612,-0.00081,-0.00114,0.00628,0.95503,0.00302,0.00693,3,12125,0,7248,3.27990,3.27203,0.99760,80,1,85.060,214,1,3,2614,187491,0,0,0.000,97.183,16.920,0,0.000,83.003,25.764,0,0,1,0,5
PPG,4,110462,4420031552,137,38611,38351,36220.828,2130.172,-85.605,0,0,0,0,71.43,71.43,2,1,528,nan,4,0,40,1,1,30,30,0,0,0,126437197,0.03857,0.00342,0.95361,0.95440,-0.00505,-0.00108,-0.00247,0.00573,0.95660,0.00573,0.00592,3,16238,0,7248,3.27990,3.27203,0.99760,80,1,85.060,214,1,3,16178,187491,0,0,985.168,97.183,16.920,1,0.000,83.003,25.764,0,0,1,0,4
PPG,4,110463,4420071552,131,38690,38452,36243.141,2208.859,15.469,0,0,0,0,71.43,71.43,2,1,528,nan,4,0,40,1,1,31,31,0,0,0,126473703,0.03809,0.00635,0.95605,0.95683,-0.00612,-0.00081,-0.00167,0.00639,0.95683,0.00748,0.00669,3,12112,0,7248,3.27990,3.27203,0.99760,80,1,85.060,214,1,3,4296,187491,0,0,0.000,97.183,16.920,0,0.000,83.003,25.764,0,0,1,0,4
PPG,4,110464,4420111552,526,39322,39087,36271.578,2815.422,220.086,0,0,0,0,71.43,71.43,2,1,528,nan,4,0,40,1,1,0,0,0,0,0,126512650,0.04077,0.01099,0.95508,0.95601,-0.00665,-0.00028,-0.00114,0.00675,0.95601,0.00448,0.00686,3,12113,0,7248,4.43909,4.62851,1.04267,82,1,83.933,214,1,3,4304,187491,0,0,0.000,97.183,16.920,0,0.000,83.003,25.764,0,0,1,0,4
PPG,4,110465,4420151552,179,40181,39892,36307.781,3584.219,403.328,0,0,0,0,71.43,71.43,2,1,528,nan,4,0,40,1,1,1,1,0,0,0,126552072,0.03613,0.00537,0.94702,0.94773,-0.00532,0.00105,-0.00194,0.00576,0.95489,0.00717,0.00672,3,12120,0,7248,4.43909,4.62851,1.04267,82,1,83.933,214,1,3,4302,187491,0,0,0.000,97.183,16.920,0,0.000,83.003,25.764,0,0,1,0,4
PPG,4,110466,4420191552,136,40783,40475,36349.453,4125.547,442.934,0,0,0,0,71.43,71.43,2,1,528,nan,4,0,40,1,1,2,2,0,0,0,126591163,0.03931,0.00732,0.94312,0.94396,-0.00638,-0.00055,-0.00034,0.00642,0.95252,0.00856,0.00642,3,12114,0,7248,4.43909,4.62851,1.04267,82,1,83.933,214,1,3,2608,187491,0,0,0.000,97.183,16.920,0,0.000,83.003,25.764,0,0,1,0,3
PPG,4,110467,4420231552,168,40654,40348,36389.438,3958.562,413.613,0,0,0,0,71.43,71.43,2,1,528,nan,4,0,40,1,1,3,3,0,0,0,126632717,0.04028,0.00903,0.95142,0.95231,-0.00532,-0.00081,-0.00141,0.00556,0.95552,0.01036,0.00645,3,12110,0,7248,4.43909,4.62851,1.04267,82,1,83.933,214,1,3,4299,187491,0,0,0.000,97.183,16.920,0,0.000,83.003,25.764,0,0,1,0,3
PPG,4,110468,4420271552,131,39652,39439,36419.934,3019.066,418.305,0,0,0,0,71.43,71.43,2,1,528,nan,4,0,40,1,1,4,4,0,0,0,126671851,0.03809,0.00708,0.94946,0.95025,-0.00585,-0.00028,-0.00114,0.00597,0.95537,0.01080,0.00637,3,12136,0,7248,4.43909,4.62851,1.04267,82,1,83.933,214,1,3,2609,187491,0,0,0.000,97.183,16.920,0,0.000,83.003,25.764,0,0,1,0,3
PPG,4,110469,4420311552,129,39299,39146,36447.195,2698.805,452.480,0,0,0,0,71.43,71.43,2,1,528,nan,4,0,40,1,1,5,5,0,0,0,126713442,0.04028,0.00757,0.95020,0.95108,-0.00532,-0.00028,-0.00194,0.00567,0.95667,0.00642,0.00611,3,12133,0,7248,4.43909,4.62851,1.04267,82,1,83.933,214,1,3,4307,187491,0,0,0.000,97.183,16.920,0,0.000,83.003,25.764,0,0,1,0,3
PPG,4,110470,4420351552,130,39666,39527,36477.992,3049.008,542.449,0,0,0,0,71.43,71.43,2,1,528,nan,4,0,40,1,1,6,6,0,0,0,126752417,0.04028,0.00659,0.94995,0.95083,-0.00558,-0.00108,-0.00114,0.00580,0.95215,0.00243,0.00693,3,12123,0,7248,4.43909,4.62851,1.04267,82,1,83.933,214,1,3,4302,187491,0,0,0.000,97.183,16.920,0,0.000,83.003,25.764,0,0,1,0,3
PPG,4,110471,4420391552,129,40522,40361,36516.820,3844.180,694.648,0,0,0,0,71.43,71.43,2,1,528,nan,4,0,40,1,1,7,7,0,0,0,126791450,0.04346,0.00537,0.95239,0.95340,-0.00532,-0.00081,-0.00167,0.00563,0.95340,0.00771,0.00592,3,12130,0,7248,4.43909,4.62851,1.04267,82,1,83.933,214,1,3,2612,187491,0,0,0.000,97.183,16.920,0,0.000,83.003,25.764,0,0,1,0,3
PPG,4,110472,4420431552,130,41692,41374,36565.391,4808.609,874.863,0,0,0,0,71.43,71.43,2,1,528,nan,4,0,40,1,1,8,8,0,0,0,126833036,0.03735,0.00537,0.94922,0.94997,-0.00612,-0.00028,-0.00087,0.00619,0.95015,0.00333,0.00635,3,12139,0,7248,4.43909,4.62851,1.04267,82,1,83.933,214,1,3,4307,187491,0,0,0.000,97.183,16.920,0,0.000,83.003,25.764,0,0,1,0,3
PPG,4,110473,4420471552,129,42307,41755,36617.285,5137.715,971.172,0,0,0,0,71.43,71.43,2,1,528,nan,4,0,40,1,1,9,9,0,0,0,126872058,0.03760,0.01123,0.95166,0.95247,-0.00532,-0.00028,-0.00114,0.00545,0.95266,0.00269,0.00656,3,12174,0,7248,4.43909,4.62851,1.04267,82,1,83.933,214,1,3,4302,187491,0,0,0.000,97.183,16.920,0,0.000,83.003,25.764,0,0,1,0,3
PPG,4,110474,4420511552,187,41157,40594,36657.051,3936.949,915.215,1,0,1,1400,65.22,65.22,2,1,528,nan,4,0,40,1,1,10,10,0,0,0,126911045,0.04004,0.00537,0.95239,0.95325,-0.00425,-0.00028,-0.00194,0.00468,0.95591,0.00585,0.00535,3,12113,0,7248,4.43909,4.62851,1.04267,82,1,83.933,214,1,3,2599,187491,0,0,471.074,97.183,16.920,1,528.539,83.003,25.764,1,1,1,0,3
PPG,4,110475,4420551552,127,39842,39376,36684.242,2691.758,828.914,0,0,0,0,65.22,65.22,2,1,528,nan,4,0,40,1,1,11,11,0,0,0,126952695,0.03931,0.00684,0.94336,0.94420,-0.00585,-0.00001,-0.00141,0.00602,0.95383,0.00745,0.00602,3,12110,0,7248,4.43909,4.62851,1.04267,82,1,83.933,214,1,3,4297,187491,0,0,0.000,94.405,15.893,0,0.000,80.335,24.325,0,0,1,0,3
PPG,4,110476,4420591552,130,39374,38926,36706.660,2219.340,721.484,0,0,0,0,65.22,65.22,2,1,528,nan,4,0,40,1,1,12,12,0,0,0,126991669,0.04199,0.00757,0.94727,0.94823,-0.00532,-0.00028,-0.00247,0.00587,0.95256,0.00914,0.00632,3,12119,0,7248,4.43909,4.62851,1.04267,82,1,83.933,214,1,3,2602,187491,0,0,0.000,94.405,15.893,0,0.000,80.335,24.325,0,0,1,0,3
PPG,4,110477,4420631552,129,39635,39194,36731.535,2462.465,592.363,0,0,0,0,65.22,65.22,2,1,528,nan,4,0,40,1,1,13,13,0,0,0,127033215,0.04248,0.00562,0.95313,0.95409,-0.00452,-0.00028,-0.00087,0.00461,0.95748,0.00925,0.00648,3,12109,0,7248,4.43909,4.62851,1.04267,82,1,83.933,214,1,3,4303,187491,0,0,0.000,94.405,15.893,0,0.000,80.335,24.325,0,0,1,0,3
PPG,4,110478,4420671552,130,40634,40174,36765.961,3408.039,476.949,0,0,0,0,65.22,65.22,2,1,528,nan,4,0,40,1,1,14,14,0,0,0,127072231,0.03857,0.00513,0.95215,0.95294,-0.00585,0.00052,-0.00114,0.00598,0.95371,0.00448,0.00618,3,12169,0,7248,4.43909,4.62851,1.04267,82,1,83.933,214,1,3,4304,187491,0,0,0.000,94.405,15.893,0,0.000,80.335,24.325,0,0,1,0,3
PPG,4,110479,4420711552,133,41423,40903,36807.332,4095.668,338.965,0,0,0,0,65.22,65.22,2,1,528,nan,4,0,40,1,1,15,15,0,0,0,127111191,0.03735,0.00830,0.95337,0.95414,-0.00532,-0.00001,-0.00247,0.00586,0.95414,0.00725,0.00586,3,12110,0,7248,4.43909,4.62851,1.04267,82,1,83.933,214,1,3,2603,187491,0,0,0.000,94.405,15.893,0,0.000,80.335,24.325,0,0,1,0,3
PPG,4,110480,4420751552,134,41371,40828,36847.539,3980.461,149.484,0,0,0,0,65.22,65.22,2,1,528,nan,4,0,40,1,1,16,16,0,0,0,127152727,0.04053,0.01147,0.95166,0.95259,-0.00638,-0.00001,-0.00087,0.00644,0.95259,0.00888,0.00665,3,12111,0,7248,4.43909,4.62851,1.04267,82,1,83.933,214,1,3,4300,187491,0,0,0.000,94.405,15.893,0,0.000,80.335,24.325,0,0,1,0,3
PPG,4,110481,4420791552,145,40440,39938,36878.445,3059.555,-1.430,1,0,0,0,65.22,65.22,2,1,528,nan,4,0,40,1,1,17,17,0,0,0,127192121,0.04004,0.00513,0.94580,0.94666,-0.00558,-0.00081,-0.00274,0.00627,0.95584,0.00918,0.00627,3,12300,0,7248,4.43909,4.62851,1.04267,82,1,83.933,214,1,3,4350,187491,0,0,570.117,94.405,15.893,1,557.559,80.335,24.325,1,0,1,0,3
PPG,4,110482,4420831552,131,39504,39104,36900.699,2203.301,-77.934,0,0,0,0,65.22,65.22,2,1,528,nan,4,0,40,1,1,18,18,0,0,0,127231220,0.03662,0.00635,0.94922,0.94995,-0.00585,-0.00161,-0.00087,0.00613,0.94995,0.00363,0.00708,3,12203,0,7248,4.43909,4.62851,1.04267,82,1,83.933,214,1,3,2600,187491,0,0,0.000,94.405,15.893,0,0.000,80.335,24.325,0,0,1,0,3
PPG,4,110483,4420871552,132,39067,38719,36918.883,1800.117,-120.855,0,0,0,0,65.22,65.22,2,1,528,nan,4,0,40,1,1,19,19,0,0,0,127272750,0.03589,0.00610,0.95020,0.95089,-0.00532,0.00025,-0.00114,0.00544,0.95344,0.00255,0.00636,3,12113,0,7248,4.43909,4.62851,1.04267,82,1,83.933,214,1,3,4319,187491,0,0,0.000,94.405,15.893,0,0.000,80.335,24.325,0,0,1,0,3
PPG,4,110484,4420911552,131,39436,39112,36940.812,2171.188,-133.820,0,0,0,0,65.22,65.22,2,1,528,nan,4,0,40,1,1,20,20,0,0,0,127311842,0.03662,0.00952,0.94873,0.94948,-0.00505,-0.00135,-0.00114,0.00535,0.95552,0.00463,0.00599,3,12110,0,7248,4.43909,4.62851,1.04267,82,1,83.933,214,1,3,2595,187491,0,0,0.000,94.405,15.893,0,0.000,80.335,24.325,0,0,1,0,3
PPG,4,110485,4420951552,129,40418,40050,36971.906,3078.094,-159.434,0,0,0,0,65.22,65.22,2,1,528,nan,4,0,40,1,1,21,21,0,0,0,127353643,0.03662,0.00635,0.95215,0.95287,-0.00558,-0.00081,-0.00141,0.00582,0.95403,0.00454,0.00582,3,12118,0,7248,4.43909,4.62851,1.04267,82,1,83.933,214,1,3,4301,187491,0,0,0.000,94.405,15.893,0,0.000,80.335,24.325,0,0,1,0,3
PPG,4,110486,4420991552,129,40955,40544,37007.629,3536.371,-214.172,0,0,0,0,65.22,65.22,2,1,528,nan,4,0,40,1,1,22,22,0,0,0,127393023,0.04102,0.00391,0.95508,0.95597,-0.00638,-0.00001,-0.00114,0.00648,0.95597,0.00402,0.00648,3,12230,0,7248,4.43909,4.62851,1.04267,82,1,83.933,214,1,3,4351,187491,0,0,0.000,94.405,15.893,0,0.000,80.335,24.325,0,0,1,0,3
PPG,4,110487,4421031552,132,40461,40094,37038.492,3055.508,-306.328,0,0,0,0,65.22,65.22,2,1,528,nan,4,0,40,1,1,23,23,0,0,0,127436625,0.03882,0.00903,0.94922,0.95006,-0.00612,-0.00161,-0.00141,0.00648,0.95565,0.00607,0.00654,3,16510,0,7248,4.43909,4.62851,1.04267,82,1,83.933,214,1,3,16448,187491,0,0,0.000,94.405,15.893,0,0.000,80.335,24.325,0,0,1,0,3
PPG,4,110488,4421071552,133,39809,39527,37063.379,2463.621,-369.445,0,0,0,0,65.22,65.22,2,1,528,nan,4,0,40,1,1,24,24,0,0,0,127473395,0.04175,0.00537,0.95361,0.95454,-0.00585,-0.00055,-0.00114,0.00599,0.95454,0.00157,0.00628,3,12258,0,7248,4.43909,4.62851,1.04267,82,1,83.933,214,1,3,4335,187491,0,0,0.000,94.405,15.893,0,0.000,80.335,24.325,0,0,1,0,3
PPG,4,110489,4421111552,526,40102,39844,37091.184,2752.816,-298.629,0,0,0,0,65.22,65.22,2,1,528,nan,4,0,40,1,1,25,25,0,0,0,127512887,0.03955,0.00464,0.95435,0.95518,-0.00452,-0.00081,-0.00221,0.00509,0.95518,0.00344,0.00586,3,12252,0,7248,5.27511,5.57876,1.05756,81,1,83.561,214,1,3,4338,187491,0,0,0.000,94.405,15.893,0,0.000,80.335,24.325,0,0,1,0,3
PPG,4,110490,4421151552,193,41015,40721,37127.480,3593.520,-72.328,0,0,0,0,65.22,65.22,2,1,528,nan,4,0,40,1,1,26,26,0,0,0,127552634,0.04175,0.00488,0.95264,0.95356,-0.00532,0.00052,-0.00167,0.00560,0.95356,0.00405,0.00592,3,12187,0,7248,5.27511,5.57876,1.05756,81,1,83.561,214,1,3,4342,187491,0,0,0.000,94.405,15.893,0,0.000,80.335,24.325,0,0,1,0,3
PPG,4,110491,4421191552,138,42037,41689,37173.094,4515.906,229.414,0,0,0,0,65.22,65.22,2,1,528,nan,4,0,40,1,1,27,27,0,0,0,127592045,0.03882,0.00342,0.95020,0.95099,-0.00665,-0.00161,-0.00167,0.00704,0.95128,0.00391,0.00704,3,12258,0,7248,5.27511,5.57876,1.05756,81,1,83.561,214,1,3,2637,187491,0,0,0.000,94.405,15.893,0,0.000,80.335,24.325,0,0,1,0,3
PPG,4,110492,4421231552,131,43189,42761,37228.973,5532.027,547.352,0,0,0,0,65.22,65.22,2,1,528,nan,4,0,40,1,1,28,28,0,0,0,127633987,0.03955,0.00684,0.94751,0.94836,-0.00665,-0.00081,-0.00141,0.00685,0.95058,0.00166,0.00697,3,12228,0,7248,5.27511,5.57876,1.05756,81,1,83.561,214,1,3,4344,187491,0,0,0.000,94.405,15.893,0,0.000,80.335,24.325,0,0,1,0,3
PPG,4,110493,4421271552,129,43748,43295,37289.633,6005.367,863.352,0,0,0,0,65.22,65.22,2,1,528,nan,4,0,40,1,1,29,29,0,0,0,127673283,0.04028,0.00830,0.95190,0.95279,-0.00612,-0.00028,-0.00141,0.00628,0.95705,0.00447,0.00697,3,12254,0,7248,5.27511,5.57876,1.05756,81,1,83.561,214,1,3,4337,187491,0,0,0.000,94.405,15.893,0,0.000,80.335,24.325,0,0,1,0,3
PPG,4,110494,4421311552,133,43193,42767,37344.406,5422.594,1136.555,0,0,0,0,65.22,65.22,2,1,528,nan,4,0,40,1,1,30,30,0,0,0,127712598,0.04077,0.00562,0.95361,0.95450,-0.00692,-0.00081,-0.00114,0.00706,0.95642,0.00754,0.00706,3,12214,0,7248,5.27511,5.57876,1.05756,81,1,83.561,214,1,3,4337,187491,0,0,0.000,94.405,15.893,0,0.000,80.335,24.325,0,0,1,0,3
PPG,4,110495,4421351552,132,42137,41770,37388.664,4381.336,1337.285,0,0,0,0,65.22,65.22,2,1,528,nan,4,0,40,1,1,31,31,0,0,0,127751893,0.04077,0.00781,0.94971,0.95061,-0.00612,-0.00001,-0.00221,0.00650,0.95562,0.00768,0.00684,3,12230,0,7248,5.27511,5.57876,1.05756,81,1,83.561,214,1,3,2633,187491,0,0,0.000,94.405,15.893,0,0.000,80.335,24.325,0,0,1,0,3
PPG,4,110496,4421391552,131,41603,41192,37426.699,3765.301,1416.555,0,0,0,0,65.22,65.22,2,1,528,nan,4,0,40,1,1,0,0,0,0,0,127793848,0.04175,0.00879,0.95459,0.95554,-0.00558,-0.00081,-0.00114,0.00576,0.95554,0.00476,0.00576,3,12284,0,7248,5.27511,5.57876,1.05756,81,1,83.561,214,1,3,4331,187491,0,0,0.000,94.405,15.893,0,0.000,80.335,24.325,0,0,1,0,3
PPG,4,110497,4421431552,129,42233,41680,37469.230,4210.770,1429.254,0,0,0,0,65.22,65.22,2,1,528,nan,4,0,40,1,1,1,1,0,0,0,127833147,0.04077,0.00659,0.95630,0.95719,-0.00638,-0.00161,-0.00141,0.00673,0.95719,0.00982,0.00673,3,12267,0,7248,5.27511,5.57876,1.05756,81,1,83.561,214,1,3,4337,187491,0,0,0.000,94.405,15.893,0,0.000,80.335,24.325,0,0,1,0,3
PPG,4,110498,4421471552,153,43100,42392,37518.457,4873.543,1418.785,0,0,0,0,65.22,65.22,2,1,528,nan,4,0,40,1,1,2,2,0,0,0,127872435,0.04150,0.00635,0.94971,0.95063,-0.00585,-0.00108,-0.00194,0.00626,0.95794,0.00730,0.00684,3,12237,0,7248,5.27511,5.57876,1.05756,81,1,83.561,214,1,3,4327,187491,0,0,0.000,94.405,15.893,0,0.000,80.335,24.325,0,0,1,0,3
PPG,4,110499,4421511552,150,43006,42287,37566.141,4720.859,1281.871,0,0,0,0,65.22,65.22,2,1,528,nan,4,0,40,1,1,3,3,0,0,0,127911752,0.04102,0.00781,0.95142,0.95233,-0.00558,-0.00055,-0.00167,0.00586,0.95810,0.01185,0.00662,3,12255,0,7248,5.27511,5.57876,1.05756,81,1,83.561,214,1,3,2622,187491,0,0,0.000,94.405,15.893,0,0.000,80.335,24.325,0,0,1,0,3
PPG,4,110500,4421551552,138,42365,41700,37607.480,4092.520,1010.414,0,0,0,0,65.22,65.22,2,1,528,nan,4,0,40,1,1,4,4,0,0,0,127953673,0.03979,0.00415,0.95337,0.95421,-0.00612,-0.00055,-0.00167,0.00637,0.95421,0.00688,0.00644,3,12228,0,7248,5.27511,5.57876,1.05756,81,1,83.561,214,1,3,4330,187491,0,0,0.000,94.405,15.893,0,0.000,80.335,24.325,0,0,1,0,3
PPG,4,110501,4421591552,129,41997,41390,37645.305,3744.695,741.102,0,0,0,0,65.22,65.22,2,1,528,nan,4,0,40,1,1,5,5,0,0,0,127992948,0.03662,0.00586,0.95337,0.95409,-0.00479,-0.00135,-0.00114,0.00510,0.95486,0.00077,0.00550,3,12190,0,7248,5.27511,5.57876,1.05756,81,1,83.561,214,1,3,4320,187491,0,0,0.000,94.405,15.893,0,0.000,80.335,24.325,0,0,1,0,3
PPG,4,110502,4421631552,131,42037,41437,37683.223,3753.777,576.879,0,0,0,0,65.22,65.22,2,1,528,nan,4,0,40,1,1,6,6,0,0,0,128032056,0.03955,0.00488,0.94971,0.95054,-0.00585,-0.00081,-0.00167,0.00614,0.95637,0.00582,0.00653,3,12152,0,7248,5.27511,5.57876,1.05756,81,1,83.561,214,1,3,2601,187491,0,0,0.000,94.405,15.893,0,0.000,80.335,24.325,0,0,1,0,3
PPG,4,110503,4421671552,147,41443,40904,37715.430,3188.570,426.484,0,0,0,0,65.22,65.22,2,1,528,nan,4,0,40,1,1,7,7,0,0,0,128073644,0.03735,0.00854,0.95239,0.95316,-0.00558,-0.00055,-0.00274,0.00624,0.95316,0.00303,0.00624,3,12110,0,7248,5.27511,5.57876,1.05756,81,1,83.561,214,1,3,4303,187491,0,0,0.000,94.405,15.893,0,0.000,80.335,24.325,0,0,1,0,3
PPG,4,110504,4421711552,130,41197,40691,37745.184,2945.816,206.250,0,0,0,0,65.22,65.22,2,1,528,nan,4,0,40,1,1,8,8,0,0,0,128112711,0.03833,0.00635,0.95068,0.95148,-0.00479,0.00025,-0.00221,0.00527,0.95199,0.00230,0.00642,3,12161,0,7248,5.27511,5.57876,1.05756,81,1,83.561,214,1,3,4295,187491,0,0,0.000,94.405,15.893,0,0.000,80.335,24.325,0,0,1,0,3
PPG,4,110505,4421751552,130,41506,41000,37777.730,3222.270,-40.105,1,0,0,0,65.22,65.22,2,1,528,nan,4,0,40,1,1,9,9,0,0,0,128151689,0.03906,0.00781,0.94580,0.94664,-0.00532,-0.00108,-0.00087,0.00550,0.95462,0.00615,0.00584,3,12133,0,7248,5.27511,5.57876,1.05756,81,1,83.561,214,1,3,2599,187491,0,0,0.000,94.405,15.893,0,1798.699,80.335,24.325,1,0,1,0,3
PPG,4,110506,4421791552,152,41685,41215,37812.102,3402.898,-226.801,0,0,1,1260,60.00,60.00,2,1,528,nan,4,0,40,1,1,10,10,0,0,0,128193308,0.03711,0.00366,0.95630,0.95703,-0.00612,-0.00055,-0.00087,0.00620,0.95771,0.00662,0.00682,3,12156,0,7248,5.27511,5.57876,1.05756,81,1,83.561,214,1,3,4313,187491,0,0,1881.836,94.405,15.893,1,0.000,80.335,24.325,0,1,1,0,3
PPG,4,110507,4421831552,129,41210,40780,37841.781,2938.219,-392.531,0,0,0,0,60.00,60.00,2,1,528,nan,4,0,40,1,1,11,11,0,0,0,128232420,0.04102,0.00195,0.95483,0.95572,-0.00558,0.00052,-0.00087,0.00568,0.95572,0.00426,0.00568,3,12119,0,7248,5.27511,5.57876,1.05756,81,1,83.561,214,1,3,4296,187491,0,0,0.000,100.792,18.254,0,0.000,85.938,27.348,0,0,1,0,3
PPG,4,110508,4421871552,130,40376,40085,37864.215,2220.785,-606.855,0,0,0,0,60.00,60.00,2,1,528,nan,4,0,40,1,1,12,12,0,0,0,128271364,0.03979,0.00537,0.95679,0.95763,-0.00612,-0.00108,-0.00034,0.00622,0.95763,0.00236,0.00692,3,12117,0,7248,5.27511,5.57876,1.05756,81,1,83.561,214,1,3,2600,187491,0,0,0.000,100.792,18.254,0,0.000,85.938,27.348,0,0,1,0,3
PPG,4,110509,4421911552,129,40420,40173,37887.301,2285.699,-803.879,0,0,0,0,60.00,60.00,2,1,528,nan,4,0,40,1,1,13,13,0,0,0,128312985,0.04028,0.00439,0.95483,0.95569,-0.00638,-0.00001,-0.00141,0.00654,0.95569,0.00725,0.00675,3,12128,0,7248,5.27511,5.57876,1.05756,81,1,83.561,214,1,3,4305,187491,0,0,0.000,100.792,18.254,0,0.000,85.938,27.348,0,0,1,0,3
PPG,4,110510,4421951552,130,40310,40074,37909.168,2164.832,-890.102,0,0,0,0,60.00,60.00,2,1,528,nan,4,0,40,1,1,14,14,0,0,0,128351968,0.04126,0.00635,0.94604,0.94697,-0.00665,-0.00108,-0.00221,0.00709,0.95173,0.00686,0.00709,3,12128,0,7248,5.27511,5.57876,1.05756,81,1,83.561,214,1,3,2597,187491,0,0,0.000,100.792,18.254,0,0.000,85.938,27.348,0,0,1,0,3
PPG,4,110511,4421991552,129,40539,40344,37933.516,2410.484,-872.422,0,0,0,0,60.00,60.00,2,1,528,nan,4,0,40,1,1,15,15,0,0,0,128393509,0.03638,0.00732,0.95264,0.95336,-0.00692,-0.00055,-0.00167,0.00714,0.95597,0.00639,0.00714,3,12114,0,7248,5.27511,5.57876,1.05756,81,1,83.561,214,1,3,4329,187491,0,0,0.000,100.792,18.254,0,0.000,85.938,27.348,0,0,1,0,3
PPG,4,110512,4422031552,132,40699,40502,37959.199,2542.801,-830.613,0,0,0,0,60.00,60.00,2,1,528,nan,4,0,40,1,1,16,16,0,0,0,128436654,0.04028,0.00415,0.95557,0.95642,-0.00479,-0.00028,-0.00087,0.00487,0.95642,0.00403,0.00568,3,16229,0,7248,5.27511,5.57876,1.05756,81,1,83.561,214,1,3,16167,187491,0,0,0.000,100.792,18.254,0,0.000,85.938,27.348,0,0,1,0,3
PPG,4,110513,4422071552,154,40455,40294,37982.547,2311.453,-812.137,0,0,0,0,60.00,60.00,2,1,528,nan,4,0,40,1,1,17,17,0,0,0,128473094,0.03784,0.00342,0.95190,0.95266,-0.00532,-0.00028,-0.00114,0.00545,0.95266,0.00392,0.00613,3,12121,0,7248,5.27511,5.57876,1.05756,81,1,83.561,214,1,3,4294,187491,0,0,0.000,96.703,19.831,0,0.000,85.938,27.348,0,0,1,0,3
PPG,4,110514,4422111552,527,40467,40324,38005.961,2318.039,-755.129,0,0,0,0,60.00,60.00,2,1,528,nan,4,0,40,1,1,18,18,0,0,0,128512351,0.03809,0.01074,0.95020,0.95102,-0.00585,-0.00001,-0.00114,0.00596,0.95750,0.00648,0.00701,3,12377,0,7248,5.02874,5.36225,1.06632,77,1,83.342,250,1,3,4347,187491,0,0,0.000,96.703,19.831,0,0.000,85.938,27.348,0,0,1,0,3
PPG,4,110515,4422151552,178,40579,40468,38030.582,2437.418,-635.316,0,0,0,0,60.00,60.00,2,1,528,nan,4,0,40,1,1,19,19,0,0,0,128551842,0.03857,0.00806,0.94922,0.95004,-0.00638,-0.00108,-0.00167,0.00669,0.95508,0.00504,0.00669,3,12109,0,7248,5.02874,5.36225,1.06632,77,1,83.342,250,1,3,2667,187491,0,0,0.000,96.703,19.831,0,0.000,85.938,27.348,0,0,1,0,3
PPG,4,110516,4422191552,130,40647,40540,38055.676,2484.324,-550.285,0,0,0,0,60.00,60.00,2,1,528,nan,4,0,40,1,1,20,20,0,0,0,128593535,0.03784,0.00586,0.95215,0.95292,-0.00612,-0.00001,-0.00034,0.00613,0.95292,0.00264,0.00675,3,12115,0,7248,5.02874,5.36225,1.06632,77,1,83.342,250,1,3,4302,187491,0,0,0.000,96.703,19.831,0,0.000,85.938,27.348,0,0,1,0,3
PPG,4,110517,4422231552,128,40749,40693,38082.051,2610.949,-412.504,0,0,0,0,60.00,60.00,2,1,528,nan,4,0,40,1,1,21,21,0,0,0,128632511,0.04102,0.00391,0.95142,0.95231,-0.00558,-0.00055,-0.00061,0.00564,0.95861,0.00630,0.00655,3,12114,0,7248,5.02874,5.36225,1.06632,77,1,83.342,250,1,3,4303,187491,0,0,0.000,96.703,19.831,0,0.000,85.938,27.348,0,0,1,0,3
PPG,4,110518,4422271552,129,41351,41281,38114.039,3166.961,-223.102,0,0,0,0,60.00,60.00,2,1,528,nan,4,0,40,1,1,22,22,0,0,0,128671445,0.03857,0.00879,0.94678,0.94760,-0.00558,0.00079,-0.00061,0.00567,0.95852,0.01091,0.00567,3,12116,0,7248,5.02874,5.36225,1.06632,77,1,83.342,250,1,3,2605,187491,0,0,0.000,96.703,19.831,0,0.000,85.938,27.348,0,0,1,0,3
PPG,4,110519,4422311552,128,42013,41833,38151.230,3681.770,-10.254,0,0,0,0,60.00,60.00,2,1,528,nan,4,0,40,1,1,23,23,0,0,0,128713024,0.03711,0.00977,0.94897,0.94975,-0.00665,-0.00161,-0.00167,0.00704,0.95352,0.00592,0.00724,3,12162,0,7248,5.02874,5.36225,1.06632,77,1,83.342,250,1,3,4300,187491,0,0,0.000,96.703,19.831,0,0.000,85.938,27.348,0,0,1,0,3
PPG,4,110520,4422351552,129,41817,41499,38184.707,3314.293,171.934,0,0,0,0,60.00,60.00,2,1,528,nan,4,0,40,1,1,24,24,0,0,0,128751963,0.03857,0.00293,0.95044,0.95123,-0.00585,-0.00215,-0.00194,0.00653,0.95404,0.00282,0.00685,3,12115,0,7248,5.02874,5.36225,1.06632,77,1,83.342,250,1,3,2599,187491,0,0,0.000,96.703,19.831,0,0.000,85.938,27.348,0,0,1,0,3
PPG,4,110521,4422391552,128,40670,40376,38206.621,2169.379,230.066,0,0,0,0,60.00,60.00,2,1,528,nan,4,0,40,1,1,25,25,0,0,0,128793498,0.03833,0.00610,0.95190,0.95270,-0.00612,-0.00001,-0.00194,0.00642,0.95503,0.00694,0.00642,3,12114,0,7248,5.02874,5.36225,1.06632,77,1,83.342,250,1,3,4306,187491,0,0,0.000,96.703,19.831,0,0.000,85.938,27.348,0,0,1,0,3
PPG,4,110522,4422431552,153,40130,39906,38223.613,1682.387,226.328,0,0,0,0,60.00,60.00,2,1,528,nan,4,0,40,1,1,26,26,0,0,0,128832478,0.03955,0.00610,0.95459,0.95543,-0.00718,-0.00001,-0.00194,0.00744,0.95543,0.00349,0.00744,3,12133,0,7248,5.02874,5.36225,1.06632,77,1,83.342,250,1,3,4304,187491,0,0,0.000,96.703,19.831,0,0.000,85.938,27.348,0,0,1,0,3
PPG,4,110523,4422471552,128,41428,41145,38252.828,2892.172,300.707,0,0,0,0,60.00,60.00,2,1,528,nan,4,0,40,1,1,27,27,0,0,0,128871445,0.03931,0.00928,0.94995,0.95081,-0.00585,-0.00028,-0.00034,0.00587,0.95768,0.00687,0.00702,3,12115,0,7248,5.02874,5.36225,1.06632,77,1,83.342,250,1,3,2600,187491,0,0,0.000,96.703,19.831,0,0.000,85.938,27.348,0,0,1,0,3
PPG,4,110524,4422511552,129,42308,41936,38289.660,3646.340,416.031,0,0,0,0,60.00,60.00,2,1,528,nan,4,0,40,1,1,28,28,0,0,0,128913004,0.03735,0.00659,0.94946,0.95022,-0.00558,-0.00055,-0.00087,0.00568,0.95664,0.00810,0.00642,3,12144,0,7248,5.02874,5.36225,1.06632,77,1,83.342,250,1,3,4323,187491,0,0,0.000,96.703,19.831,0,0.000,85.938,27.348,0,0,1,0,3
PPG,4,110525,4422551552,128,41953,41651,38323.273,3327.727,436.336,0,0,0,0,60.00,60.00,2,1,528,nan,4,0,40,1,1,29,29,0,0,0,128951961,0.04102,0.00415,0.95410,0.95499,-0.00638,-0.00135,-0.00114,0.00662,0.95499,0.00231,0.00662,3,12118,0,7248,5.02874,5.36225,1.06632,77,1,83.342,250,1,3,2599,187491,0,0,0.000,96.703,19.831,0,0.000,85.938,27.348,0,0,1,0,3
PPG,4,110526,4422591552,172,41680,41421,38354.250,3066.750,367.180,0,0,0,0,60.00,60.00,2,1,528,nan,4,0,40,1,1,30,30,0,0,0,128993493,0.04053,0.00952,0.95117,0.95208,-0.00558,-0.00055,-0.00061,0.00564,0.95638,0.00429,0.00659,3,12114,0,7248,5.02874,5.36225,1.06632,77,1,83.342,250,1,3,4306,187491,0,0,0.000,96.703,19.831,0,0.000,85.938,27.348,0,0,1,0,3
PPG,4,110527,4422631552,129,41789,41537,38386.078,3150.922,334.754,0,0,0,0,60.00,60.00,2,1,528,nan,4,0,40,1,1,31,31,0,0,0,129032539,0.03931,0.01001,0.94312,0.94399,-0.00479,-0.00001,-0.00114,0.00492,0.95131,0.00488,0.00589,3,12118,0,7248,5.02874,5.36225,1.06632,77,1,83.342,250,1,3,4301,187491,0,0,0.000,96.703,19.831,0,0.000,85.938,27.348,0,0,1,0,3
PPG,4,110528,4422671552,132,41730,41464,38416.855,3047.145,421.234,0,0,0,0,60.00,60.00,2,1,528,nan,4,0,40,1,1,0,0,0,0,0,129071499,0.03931,0.00391,0.95215,0.95297,-0.00692,-0.00001,-0.00167,0.00712,0.95561,0.01163,0.00712,3,12114,0,7248,5.02874,5.36225,1.06632,77,1,83.342,250,1,3,2595,187491,0,0,0.000,96.703,19.831,0,0.000,85.938,27.348,0,0,1,0,3
PPG,4,110529,4422711552,129,41755,41523,38447.918,3075.082,584.734,1,0,0,0,60.00,60.00,2,1,528,nan,4,0,40,1,1,1,1,0,0,0,129113064,0.03809,0.00464,0.95117,0.95195,-0.00612,0.00025,-0.00194,0.00642,0.95221,0.00204,0.00642,3,12130,0,7248,5.02874,5.36225,1.06632,77,1,83.342,250,1,3,4309,187491,0,0,0.000,96.703,19.831,0,1120.168,85.938,27.348,1,0,1,0,3
PPG,4,110530,4422751552,129,42320,42092,38484.359,3607.641,619.121,0,0,0,0,60.00,60.00,2,1,528,nan,4,0,40,1,1,2,2,0,0,0,129152044,0.03906,0.00879,0.94897,0.94982,-0.00505,-0.00028,-0.00221,0.00552,0.95670,0.00688,0.00577,3,12109,0,7248,5.02874,5.36225,1.06632,77,1,83.342,250,1,3,2597,187491,0,0,0.000,96.703,19.831,0,0.000,85.938,27.348,0,0,1,0,3
PPG,4,110531,4422791552,153,43066,42804,38527.555,4276.445,620.121,0,0,0,0,60.00,60.00,2,1,528,nan,4,0,40,1,1,3,3,0,0,0,129193575,0.04395,0.00830,0.95215,0.95320,-0.00718,-0.00135,-0.00194,0.00756,0.95593,0.00611,0.00756,3,12114,0,7248,5.02874,5.36225,1.06632,77,1,83.342,250,1,3,4298,187491,0,0,0.000,96.703,19.831,0,0.000,85.938,27.348,0,0,1,0,3
PPG,4,110532,4422831552,130,43499,43217,38574.449,4642.551,708.086,0,0,0,0,60.00,60.00,2,1,528,nan,4,0,40,1,1,4,4,0,0,0,129232561,0.03198,0.01367,0.95801,0.95864,-0.00612,-0.00028,-0.00114,0.00623,0.95888,0.00739,0.00627,3,12108,0,7248,5.02874,5.36225,1.06632,77,1,83.342,250,1,3,4301,187491,0,0,0.000,96.703,19.831,0,0.000,85.938,27.348,0,0,1,0,3
PPG,4,110533,4422871552,131,43241,42963,38618.336,4344.664,794.922,0,0,0,0,60.00,60.00,2,1,528,nan,4,0,40,1,1,5,5,0,0,0,129271527,0.04126,0.00537,0.94873,0.94964,-0.00479,0.00025,-0.00167,0.00508,0.95776,0.00477,0.00654,3,12119,0,7248,5.02874,5.36225,1.06632,77,1,83.342,250,1,3,2599,187491,0,0,1486.680,96.703,19.831,1,0.000,85.938,27.348,0,0,1,0,3
PPG,4,110534,4422911552,132,42525,42336,38655.512,3680.488,808.465,0,0,0,0,60.00,60.00,2,1,528,nan,4,0,40,1,1,6,6,0,0,0,129313114,0.03809,0.00342,0.95020,0.95096,-0.00612,-0.00001,-0.00141,0.00628,0.95096,0.00050,0.00680,3,12117,0,7248,5.02874,5.36225,1.06632,77,1,83.342,250,1,3,4297,187491,0,0,0.000,96.703,19.831,0,0.000,85.938,27.348,0,0,1,0,3
PPG,4,110535,4422951552,218,41917,41819,38687.148,3131.852,791.629,0,0,0,0,60.00,60.00,2,1,528,nan,4,0,40,1,1,7,7,0,0,0,129352185,0.03735,0.01099,0.94922,0.95002,-0.00585,-0.00028,-0.00221,0.00626,0.95367,0.00394,0.00626,3,12106,0,7248,5.02874,5.36225,1.06632,77,1,83.342,250,1,3,2598,187491,0,0,0.000,96.703,19.831,0,0.000,85.938,27.348,0,0,1,0,3
PPG,4,110536,4422991552,131,41831,41771,38717.988,3053.012,765.504,0,0,0,0,60.00,60.00,2,1,528,nan,4,0,40,1,1,8,8,0,0,0,129394017,0.03882,0.00464,0.95386,0.95466,-0.00665,-0.00028,-0.00247,0.00710,0.95466,0.00464,0.00710,3,12129,0,7248,5.02874,5.36225,1.06632,77,1,83.342,250,1,3,4310,187491,0,0,0.000,96.703,19.831,0,0.000,85.938,27.348,0,0,1,0,3
PPG,4,110537,4423031552,135,42140,42066,38751.469,3314.531,693.145,0,0,0,0,60.00,60.00,2,1,528,nan,4,0,40,1,1,9,9,0,0,0,129437459,0.03857,0.00708,0.95117,0.95198,-0.00479,-0.00028,-0.00247,0.00539,0.95278,0.00188,0.00633,3,16410,0,7248,5.02874,5.36225,1.06632,77,1,83.342,250,1,3,16349,187491,0,0,0.000,96.703,19.831,0,0.000,85.938,27.348,0,0,1,0,2
PPG,4,110538,4423071552,133,42712,42627,38790.223,3836.777,600.555,0,0,0,0,60.00,60.00,2,1,528,nan,4,0,40,1,1,10,10,0,0,0,129474275,0.03906,0.00537,0.95386,0.95467,-0.00532,-0.00055,-0.00114,0.00547,0.95639,0.00584,0.00625,3,12262,0,7248,5.02874,5.36225,1.06632,77,1,83.342,250,1,3,4335,187491,0,0,0.000,96.703,19.831,0,0.000,85.938,27.348,0,0,1,0,2
PPG,4,110539,4423111552,548,43628,43488,38837.199,4650.801,556.520,0,0,0,0,60.00,60.00,2,1,528,nan,4,0,40,1,1,11,11,0,0,0,129513493,0.04102,0.00806,0.95117,0.95209,-0.00612,-0.00055,-0.00221,0.00653,0.95763,0.00892,0.00656,3,12201,0,7248,3.86399,3.96557,1.02629,79,1,84.343,187,1,3,4346,187491,0,0,0.000,96.703,19.831,0,0.000,85.938,27.348,0,0,1,0,2
PPG,4,110540,4423151552,182,44271,44081,38889.637,5191.363,587.137,0,0,0,0,60.00,60.00,2,1,528,nan,4,0,40,1,1,12,12,0,0,0,129553442,0.04004,0.00635,0.95264,0.95350,-0.00532,-0.00188,-0.00247,0.00616,0.95350,0.00486,0.00616,3,12269,0,7248,3.86399,3.96557,1.02629,79,1,84.343,187,1,3,4330,187491,0,0,0.000,96.703,19.831,0,0.000,85.938,27.348,0,0,1,0,2
PPG,4,110541,4423191552,129,43828,43651,38937.250,4713.750,611.246,0,0,0,0,60.00,60.00,2,1,528,nan,4,0,40,1,1,13,13,0,0,0,129592817,0.04004,0.00391,0.95142,0.95227,-0.00558,0.00025,-0.00034,0.00560,0.95493,0.00353,0.00663,3,12256,0,7248,3.86399,3.96557,1.02629,79,1,84.343,187,1,3,4333,187491,0,0,0.000,96.703,19.831,0,0.000,85.938,27.348,0,0,1,0,2
PPG,4,110542,4423231552,172,42576,42421,38972.086,3448.914,571.496,1,0,0,0,60.00,60.00,2,1,528,nan,4,0,40,1,1,14,14,0,0,0,129632166,0.03784,0.00366,0.95508,0.95583,-0.00638,-0.00081,-0.00141,0.00659,0.95737,0.00725,0.00659,3,12285,0,7248,3.86399,3.96557,1.02629,79,1,84.343,187,1,3,2633,187491,0,0,0.000,96.976,19.717,0,473.711,87.615,26.106,1,0,1,0,2
PPG,4,110543,4423271552,130,42034,41837,39000.734,2836.266,546.320,0,0,0,0,60.00,60.00,2,1,528,nan,4,0,40,1,1,15,15,0,0,0,129674117,0.03735,0.00513,0.94995,0.95070,-0.00558,-0.00108,-0.00194,0.00601,0.95762,0.00354,0.00601,3,12249,0,7248,3.86399,3.96557,1.02629,79,1,84.343,187,1,3,4319,187491,0,0,0.000,96.976,19.717,0,0.000,87.615,26.106,0,0,1,0,2
PPG,4,110544,4423311552,131,42205,41940,39030.129,2909.871,528.121,0,0,0,0,60.00,60.00,2,1,528,nan,4,0,40,1,1,16,16,0,0,0,129713417,0.04126,0.00586,0.94946,0.95038,-0.00585,-0.00001,-0.00141,0.00602,0.95341,0.00433,0.00755,3,12245,0,7248,3.86399,3.96557,1.02629,79,1,84.343,187,1,3,4336,187491,0,0,0.000,96.976,19.717,0,0.000,87.615,26.106,0,0,1,0,2
PPG,4,110545,4423351552,162,42325,42047,39060.297,2986.703,425.465,0,0,0,0,60.00,60.00,2,1,528,nan,4,0,40,1,1,17,17,0,0,0,129752731,0.03589,0.00806,0.95288,0.95359,-0.00505,-0.00001,-0.00274,0.00575,0.95359,0.00257,0.00601,3,12189,0,7248,3.86399,3.96557,1.02629,79,1,84.343,187,1,3,4319,187491,0,0,0.000,99.236,18.823,0,0.000,87.615,26.106,0,0,1,0,2
PPG,4,110546,4423391552,141,42633,42349,39093.184,3255.816,216.352,0,0,0,0,60.00,60.00,2,1,528,nan,4,0,40,1,1,18,18,0,0,0,129792032,0.04004,0.00903,0.95337,0.95425,-0.00505,0.00025,-0.00221,0.00552,0.95425,0.00058,0.00672,3,12235,0,7248,3.86399,3.96557,1.02629,79,1,84.343,187,1,3,2619,187491,0,0,0.000,99.236,18.823,0,0.000,87.615,26.106,0,0,1,0,2
PPG,4,110547,4423431552,129,42966,42680,39129.051,3550.949,-40.945,0,0,0,0,60.00,60.00,2,1,528,nan,4,0,40,1,1,19,19,0,0,0,129833947,0.03979,0.01074,0.94678,0.94767,-0.00585,-0.00055,-0.00194,0.00619,0.95214,0.00253,0.00634,3,12253,0,7248,3.86399,3.96557,1.02629,79,1,84.343,187,1,3,4334,187491,0,0,0.000,99.236,18.823,0,0.000,87.615,26.106,0,0,1,0,2
PPG,4,110548,4423471552,130,42456,42214,39159.898,3054.102,-283.730,0,0,0,0,60.00,60.00,2,1,528,nan,4,0,40,1,1,20,20,0,0,0,129873223,0.04077,0.00928,0.95044,0.95136,-0.00585,-0.00081,-0.00141,0.00607,0.95610,0.00760,0.00675,3,12236,0,7248,3.86399,3.96557,1.02629,79,1,84.343,187,1,3,4316,187491,0,0,0.000,99.236,18.823,0,0.000,87.615,26.106,0,0,1,0,2
PPG,4,110549,4423511552,129,41366,41197,39180.270,2016.730,-442.285,0,0,0,0,60.00,60.00,2,1,528,nan,4,0,40,1,1,21,21,0,0,0,129912466,0.04028,0.00610,0.95313,0.95400,-0.00665,-0.00028,-0.00194,0.00693,0.95400,0.00253,0.00745,3,12239,0,7248,3.86399,3.96557,1.02629,79,1,84.343,187,1,3,2635,187491,0,0,0.000,99.236,18.823,0,0.000,87.615,26.106,0,0,1,0,2
PPG,4,110550,4423551552,131,40636,40520,39193.668,1326.332,-551.828,0,0,0,0,60.00,60.00,2,1,528,nan,4,0,40,1,1,22,22,0,0,0,129954410,0.04028,0.01343,0.94556,0.94651,-0.00585,-0.00135,-0.00087,0.00607,0.95275,0.00503,0.00681,3,12242,0,7248,3.86399,3.96557,1.02629,79,1,84.343,187,1,3,4332,187491,0,0,0.000,99.236,18.823,0,0.000,87.615,26.106,0,0,1,0,2
PPG,4,110551,4423591552,129,40906,40792,39209.652,1582.348,-615.230,0,0,0,0,60.00,60.00,2,1,528,nan,4,0,40,1,1,23,23,0,0,0,129993650,0.03711,0.00317,0.94849,0.94922,-0.00612,0.00079,-0.00114,0.00627,0.95589,0.00753,0.00627,3,12213,0,7248,3.86399,3.96557,1.02629,79,1,84.343,187,1,3,4327,187491,0,0,0.000,99.236,18.823,0,0.000,87.615,26.106,0,0,1,0,2
PPG,4,110552,4423631552,208,41762,41615,39233.707,2381.293,-596.844,0,0,0,0,60.00,60.00,2,1,528,nan,4,0,40,1,1,24,24,0,0,0,130032829,0.04199,0.00317,0.94946,0.95040,-0.00532,-0.00135,-0.00221,0.00591,0.95296,0.00375,0.00801,3,12127,0,7248,3.86399,3.96557,1.02629,79,1,84.343,187,1,3,4301,187491,0,0,0.000,99.236,18.823,0,0.000,87.615,26.106,0,0,1,0,2
PPG,4,110553,4423671552,133,42608,42439,39265.762,3173.238,-557.785,0,0,0,0,60.00,60.00,2,1,528,nan,4,0,40,1,1,25,25,0,0,0,130072232,0.04126,0.00513,0.94653,0.94745,-0.00532,-0.00001,-0.00087,0.00539,0.95809,0.01064,0.00669,3,12105,0,7248,3.86399,3.96557,1.02629,79,1,84.343,187,1,3,2603,187491,0,0,0.000,99.236,18.823,0,0.000,87.615,26.106,0,0,1,0,2
PPG,4,110554,4423711552,176,43066,42862,39301.723,3560.277,-558.086,0,0,0,0,60.00,60.00,2,1,528,nan,4,0,40,1,1,26,26,0,0,0,130113788,0.04028,0.00610,0.95068,0.95156,-0.00505,0.00052,-0.00141,0.00527,0.95937,0.01229,0.00576,3,12119,0,7248,3.86399,3.96557,1.02629,79,1,84.343,187,1,3,4302,187491,0,0,0.000,97.529,19.491,0,0.000,89.381,24.913,0,0,1,0,2
PPG,4,110555,4423751552,128,42765,42572,39334.426,3237.574,-544.594,0,0,0,0,60.00,60.00,2,1,528,nan,4,0,40,1,1,27,27,0,0,0,130152857,0.04150,0.00610,0.94849,0.94941,-0.00558,0.00025,-0.00141,0.00576,0.95067,0.00209,0.00653,3,12155,0,7248,3.86399,3.96557,1.02629,79,1,84.343,187,1,3,4307,187491,0,0,0.000,97.529,19.491,0,0.000,89.381,24.913,0,0,1,0,2
PPG,4,110556,4423791552,130,41692,41603,39357.113,2245.887,-478.195,0,0,0,0,60.00,60.00,2,1,528,nan,4,0,40,1,1,28,28,0,0,0,130191821,0.03955,0.00415,0.94849,0.94932,-0.00665,-0.00001,-0.00114,0.00675,0.95804,0.00863,0.00675,3,12120,0,7248,3.86399,3.96557,1.02629,79,1,84.343,187,1,3,2607,187491,0,0,0.000,97.529,19.491,0,0.000,89.381,24.913,0,0,1,0,2
PPG,4,110557,4423831552,129,40577,40593,39369.473,1223.527,-394.113,0,0,0,0,60.00,60.00,2,1,528,nan,4,0,40,1,1,29,29,0,0,0,130233385,0.03760,0.00610,0.95288,0.95364,-0.00585,-0.00135,-0.00221,0.00640,0.95794,0.01136,0.00640,3,12122,0,7248,3.86399,3.96557,1.02629,79,1,84.343,187,1,3,4309,187491,0,0,0.000,97.529,19.491,0,0.000,89.381,24.913,0,0,1,0,2
PPG,4,110558,4423871552,139,40302,40372,39379.496,992.504,-341.363,0,0,0,0,60.00,60.00,2,1,528,nan,4,0,40,1,1,30,30,0,0,0,130308548,0.03467,0.00537,0.95044,0.95109,-0.00612,-0.00028,-0.00221,0.00651,0.95146,0.00218,0.00651,2,60451,0,7253,3.86399,3.96557,1.02629,79,1,84.343,187,1,3,60487,187491,0,0,0.000,97.529,19.491,0,0.000,89.381,24.913,0,0,1,0,2
PPG,4,110559,4423911552,151,40737,40788,39393.582,1394.418,-324.504,0,0,0,0,60.00,60.00,2,1,528,nan,4,0,40,1,1,31,31,0,0,0,130320725,0.03394,0.00879,0.95337,0.95401,-0.00638,-0.00001,-0.00194,0.00667,0.95401,0.00293,0.00667,1,12177,0,7253,3.86399,3.96557,1.02629,79,1,84.343,187,1,3,12101,187491,0,0,0.000,97.529,19.491,0,0.000,89.381,24.913,0,0,1,0,2
PPG,4,110560,4423951552,128,41592,41615,39415.797,2199.203,-318.922,0,0,0,0,60.00,60.00,2,1,528,nan,4,0,40,1,1,0,0,0,0,0,130357234,0.03833,0.00562,0.94922,0.95001,-0.00558,-0.00028,-0.00194,0.00592,0.95336,0.00263,0.00619,3,12138,0,7253,3.86399,3.96557,1.02629,79,1,84.343,187,1,3,2592,187491,0,0,0.000,97.529,19.491,0,0.000,89.381,24.913,0,0,1,0,2
PPG,4,110561,4423991552,152,42478,42431,39445.949,2985.051,-319.496,0,0,0,0,60.00,60.00,2,1,528,nan,4,0,40,1,1,1,1,0,0,0,130393579,0.03687,0.00342,0.94873,0.94945,-0.00505,-0.00081,-0.00034,0.00513,0.95624,0.00867,0.00634,3,12120,0,7253,3.86399,3.96557,1.02629,79,1,84.343,187,1,3,4301,187491,0,0,0.000,97.529,19.491,0,0.000,89.381,24.913,0,0,1,0,2
PPG,4,110562,4424031552,134,42546,42529,39476.781,3052.219,-331.035,0,0,0,0,60.00,60.00,2,1,528,nan,4,0,40,1,1,2,2,0,0,0,130436679,0.04224,0.00439,0.95459,0.95553,-0.00612,-0.00055,-0.00274,0.00672,0.95553,0.00806,0.00672,3,16237,0,7253,3.86399,3.96557,1.02629,79,1,84.343,187,1,3,16166,187491,0,0,0.000,97.529,19.491,0,0.000,89.381,24.913,0,0,1,0,2
PPG,4,110563,4424071552,132,41776,41796,39499.973,2296.027,-301.414,0,0,0,0,60.00,60.00,2,1,528,nan,4,0,40,1,1,3,3,0,0,0,130473177,0.03857,0.00586,0.94922,0.95002,-0.00558,0.00052,-0.00167,0.00585,0.95434,0.00432,0.00685,3,12120,0,7253,3.86399,3.96557,1.02629,79,1,84.343,187,1,3,4297,187491,0,0,0.000,97.529,19.491,0,0.000,89.381,24.913,0,0,1,0,2
PPG,4,110564,4424111552,528,40806,40872,39513.691,1358.309,-208.156,0,0,0,0,60.00,60.00,2,1,528,nan,4,0,40,1,1,4,4,0,0,0,130512135,0.03613,0.00659,0.95068,0.95139,-0.00612,-0.00055,-0.00194,0.00644,0.95247,0.00465,0.00691,3,12122,0,7253,2.79434,2.77756,0.99399,81,1,85.150,115,1,3,2599,187491,0,0,0.000,97.529,19.491,0,0.000,89.381,24.913,0,0,1,0,2
PPG,4,110565,4424151552,178,40386,40476,39523.316,952.684,-114.750,0,0,0,0,60.00,60.00,2,1,528,nan,4,0,40,1,1,5,5,0,0,0,130554211,0.03735,0.00391,0.94580,0.94655,-0.00479,-0.00001,-0.00141,0.00499,0.95638,0.01445,0.00685,3,12191,0,7253,2.79434,2.77756,0.99399,81,1,85.150,115,1,3,4351,187491,0,0,0.000,97.529,19.491,0,0.000,89.381,24.913,0,0,1,0,2
PPG,4,110566,4424191552,131,40717,40706,39535.145,1170.855,-44.316,0,0,0,0,60.00,60.00,2,1,528,nan,4,0,40,1,1,6,6,0,0,0,130593253,0.03906,0.00488,0.95117,0.95199,-0.00585,-0.00001,-0.00167,0.00609,0.95199,0.00417,0.00669,3,12111,0,7253,2.79434,2.77756,0.99399,81,1,85.150,115,1,3,4298,187491,0,0,159.199,97.529,19.491,1,0.000,89.381,24.913,0,0,1,0,2
PPG,4,110567,4424231552,133,41748,41552,39555.312,1996.688,3.086,0,0,0,0,60.00,60.00,2,1,528,nan,4,0,40,1,1,7,7,0,0,0,130632231,0.03906,0.00732,0.95288,0.95371,-0.00532,-0.00028,-0.00221,0.00576,0.95371,0.00305,0.00693,3,12108,0,7253,2.79434,2.77756,0.99399,81,1,85.150,115,1,3,2599,187491,0,0,0.000,97.529,19.491,0,0.000,89.381,24.913,0,0,1,0,2
PPG,4,110568,4424271552,164,42635,42333,39583.090,2749.910,-16.863,1,0,1,0,0.00,nan,1,2,0,nan,4,0,40,1,1,8,8,0,0,0,130674003,0.03931,0.00513,0.94995,0.95078,-0.00505,-0.00028,-0.00194,0.00542,0.95689,0.00393,0.00622,3,12130,0,7253,2.79434,2.77756,0.99399,81,1,85.150,115,1,2,4321,187491,0,0,0.000,97.529,19.491,0,239.164,89.381,24.913,1,1,1,0,1
PPG,4,110569,4424311552,142,42266,41961,39606.867,2354.133,-136.207,0,0,0,0,0.00,nan,1,2,0,nan,4,0,40,1,1,9,9,0,0,0,130713020,0.03931,0.01196,0.95435,0.95523,-0.00585,-0.00135,-0.00114,0.00611,0.95523,0.00373,0.00611,3,12124,0,7253,2.79434,2.77756,0.99399,81,1,85.150,115,1,2,2599,187491,0,0,0.000,92.350,17.447,0,0.000,84.537,22.533,0,0,1,0,1
PPG,4,110570,4424351552,119,41101,40900,39619.797,1280.203,-283.207,0,0,0,0,0.00,nan,1,2,0,nan,4,0,40,1,1,10,10,0,0,0,130754607,0.04053,0.00903,0.95508,0.95598,-0.00665,-0.00081,-0.00221,0.00705,0.95598,0.00635,0.00705,3,12160,0,7253,2.79434,2.77756,0.99399,81,1,85.150,115,1,2,4327,187491,0,0,0.000,92.350,17.447,0,0.000,84.537,22.533,0,0,1,0,1
PPG,4,110571,4424391552,117,40336,40214,39625.738,588.262,-348.305,0,0,0,0,0.00,nan,1,2,0,nan,4,0,40,1,1,11,11,0,0,0,130793542,0.03735,0.01123,0.95459,0.95539,-0.00692,-0.00215,-0.00141,0.00738,0.95539,0.00929,0.00738,3,12124,0,7253,2.79434,2.77756,0.99399,81,1,85.150,115,1,2,4312,187491,0,0,0.000,92.350,17.447,0,0.000,84.537,22.533,0,0,1,0,1
PPG,4,110572,4424431552,120,39931,39857,39628.051,228.949,-348.836,0,0,0,0,0.00,nan,1,2,0,nan,4,0,40,1,1,12,12,0,0,0,130832453,0.03613,0.00391,0.95264,0.95333,-0.00558,-0.00028,-0.00141,0.00577,0.95761,0.00689,0.00654,3,12121,0,7253,2.79434,2.77756,0.99399,81,1,85.150,115,1,2,2612,187491,0,0,0.000,92.350,17.447,0,0.000,84.537,22.533,0,0,1,0,1
PPG,4,110573,4424471552,142,39679,39642,39628.191,13.809,-360.984,0,0,0,0,0.00,nan,1,2,0,nan,4,0,40,1,1,13,13,0,0,0,130874074,0.04150,0.00830,0.95044,0.95138,-0.00505,-0.00001,-0.00221,0.00551,0.95197,0.00507,0.00662,3,12122,0,7253,2.79434,2.77756,0.99399,81,1,85.150,115,1,2,4311,187491,0,0,0.000,90.058,18.320,0,0.000,84.537,22.533,0,0,1,0,1
PPG,4,110574,4424511552,119,40139,40074,39632.648,441.352,-432.730,0,0,0,0,0.00,nan,1,2,0,nan,4,0,40,1,1,14,14,0,0,0,130913020,0.04053,0.00586,0.95239,0.95327,-0.00692,-0.00001,-0.00114,0.00701,0.95327,0.00670,0.00701,3,12124,0,7253,2.79434,2.77756,0.99399,81,1,85.150,115,1,2,2599,187491,0,0,0.000,90.058,18.320,0,0.000,84.537,22.533,0,0,1,0,1
PPG,4,110575,4424551552,192,40978,40899,39645.312,1253.688,-553.934,1,0,0,0,0.00,nan,1,2,0,nan,4,0,40,1,1,15,15,0,0,0,130954552,0.04102,0.00952,0.95313,0.95405,-0.00612,-0.00081,-0.00194,0.00647,0.95697,0.00370,0.00647,3,12132,0,7253,2.79434,2.77756,0.99399,81,1,85.150,115,1,2,4336,187491,0,0,0.000,90.058,18.320,0,334.121,84.537,22.533,1,0,1,0,1
PPG,4,110576,4424591552,146,40672,40601,39654.871,946.129,-698.121,0,0,1,340,176.47,176.47,2,1,0,nan,4,0,40,1,1,16,16,0,0,0,130993820,0.03979,0.00586,0.95288,0.95373,-0.00479,-0.00188,-0.00114,0.00527,0.95373,0.00412,0.00584,3,12125,0,7253,2.79434,2.77756,0.99399,81,1,85.150,115,1,3,4300,187491,0,0,426.121,90.058,18.320,1,0.000,84.537,22.533,0,1,1,0,2
PPG,4,110577,4424631552,119,39230,39264,39650.961,-386.961,-865.387,0,0,0,0,176.47,176.47,2,1,0,nan,4,0,40,1,1,17,17,0,0,0,131032820,0.04224,0.00659,0.95288,0.95384,-0.00612,-0.00135,-0.00114,0.00637,0.95384,0.00803,0.00665,3,12115,0,7253,2.79434,2.77756,0.99399,81,1,85.150,115,1,3,2599,187491,0,0,0.000,87.196,17.133,0,0.000,80.893,20.743,0,0,1,0,2
PPG,4,110578,4424671552,120,38180,38311,39637.562,-1326.562,-1034.195,0,0,0,0,176.47,176.47,2,1,0,nan,4,0,40,1,1,18,18,0,0,0,131074403,0.04077,0.00781,0.95239,0.95330,-0.00638,-0.00028,-0.00087,0.00645,0.95525,0.00590,0.00645,3,12150,0,7253,2.79434,2.77756,0.99399,81,1,85.150,115,1,3,4309,187491,0,0,0.000,87.196,17.133,0,0.000,80.893,20.743,0,0,1,0,2
PPG,4,110579,4424711552,121,38367,38512,39626.309,-1114.309,-1112.535,0,0,0,0,176.47,176.47,2,1,0,nan,4,0,40,1,1,19,19,0,0,0,131113453,0.03760,0.00562,0.95288,0.95364,-0.00612,-0.00081,-0.00114,0.00628,0.95368,0.00242,0.00651,3,12116,0,7253,2.79434,2.77756,0.99399,81,1,85.150,115,1,3,4304,187491,0,0,0.000,87.196,17.133,0,0.000,80.893,20.743,0,0,1,0,2
PPG,4,110580,4424751552,121,39036,39154,39621.586,-467.586,-1059.199,0,0,0,0,176.47,176.47,2,1,0,nan,4,0,40,1,1,20,20,0,0,0,131152422,0.03784,0.00562,0.94824,0.94901,-0.00585,-0.00081,-0.00194,0.00622,0.95184,0.00180,0.00655,3,12123,0,7253,2.79434,2.77756,0.99399,81,1,85.150,115,1,3,2611,187491,0,0,0.000,87.196,17.133,0,0.000,80.893,20.743,0,0,1,0,2
PPG,4,110581,4424791552,120,39717,39832,39623.691,208.309,-963.820,0,0,0,0,176.47,176.47,2,1,0,nan,4,0,40,1,1,21,21,0,0,0,131194468,0.04272,0.00781,0.95239,0.95338,-0.00558,0.00025,-0.00167,0.00583,0.95338,0.00416,0.00622,3,12327,0,7253,2.79434,2.77756,0.99399,81,1,85.150,115,1,3,4321,187491,0,0,0.000,87.196,17.133,0,0.000,80.893,20.743,0,0,1,0,2
PPG,4,110582,4424831552,123,40454,40554,39632.996,921.004,-914.355,0,0,0,0,176.47,176.47,2,1,0,nan,4,0,40,1,1,22,22,0,0,0,131233621,0.03882,0.00659,0.94824,0.94906,-0.00532,-0.00028,-0.00274,0.00599,0.95217,0.00259,0.00609,3,12222,0,7253,2.79434,2.77756,0.99399,81,1,85.150,115,1,3,4302,187491,0,0,0.000,87.196,17.133,0,0.000,80.893,20.743,0,0,1,0,2
PPG,4,110583,4424871552,124,40885,40980,39646.465,1333.535,-819.414,0,0,0,0,176.47,176.47,2,1,0,nan,4,0,40,1,1,23,23,0,0,0,131272877,0.04053,0.00342,0.94946,0.95033,-0.00612,-0.00028,-0.00274,0.00671,0.95324,0.00388,0.00671,3,12228,0,7253,2.79434,2.77756,0.99399,81,1,85.150,115,1,3,2640,187491,0,0,0.000,87.196,17.133,0,0.000,80.893,20.743,0,0,1,0,2
PPG,4,110584,4424911552,122,40487,40609,39656.090,952.910,-614.121,0,0,0,0,176.47,176.47,2,1,0,nan,4,0,40,1,1,24,24,0,0,0,131314877,0.04102,0.00537,0.94360,0.94451,-0.00532,0.00025,-0.00141,0.00551,0.95849,0.01398,0.00553,3,12321,0,7253,2.79434,2.77756,0.99399,81,1,85.150,115,1,3,4344,187491,0,0,0.000,87.196,17.133,0,0.000,80.893,20.743,0,0,1,0,2
PPG,4,110585,4424951552,121,39066,39260,39652.129,-392.129,-417.750,0,0,0,0,176.47,176.47,2,1,0,nan,4,0,40,1,1,25,25,0,0,0,131354128,0.03833,0.00537,0.95361,0.95440,-0.00585,-0.00028,-0.00167,0.00609,0.95679,0.00901,0.00609,3,12204,0,7253,2.79434,2.77756,0.99399,81,1,85.150,115,1,3,4347,187491,0,0,0.000,87.196,17.133,0,0.000,80.893,20.743,0,0,1,0,2
PPG,4,110586,4424991552,123,37421,37671,39632.316,-1961.316,-386.145,0,0,0,0,176.47,176.47,2,1,0,nan,4,0,40,1,1,26,26,0,0,0,131393481,0.03564,0.00513,0.95337,0.95405,-0.00638,-0.00055,-0.00141,0.00656,0.95477,0.00349,0.00656,3,12264,0,7253,2.79434,2.77756,0.99399,81,1,85.150,115,1,3,4358,187491,0,0,0.000,87.196,17.133,0,0.000,80.893,20.743,0,0,1,0,2
PPG,4,110587,4425031552,173,36658,37000,39605.992,-2605.992,-466.254,0,0,0,0,176.47,176.47,2,1,0,nan,4,0,40,1,1,27,27,0,0,0,131436941,0.03931,0.00757,0.95044,0.95128,-0.00638,-0.00055,-0.00380,0.00745,0.95644,0.01322,0.00745,3,16379,0,7253,2.79434,2.77756,0.99399,81,1,85.150,115,1,3,16320,187491,0,0,0.000,87.196,17.133,0,0.000,80.893,20.743,0,0,1,0,2
PPG,4,110588,4425071552,125,37894,38242,39592.352,-1350.352,-488.852,0,0,0,0,176.47,176.47,2,1,0,nan,4,0,40,1,1,28,28,0,0,0,131473849,0.03784,0.00732,0.95898,0.95976,-0.00558,0.00025,-0.00221,0.00601,0.95976,0.00516,0.00650,3,12314,0,7253,2.79434,2.77756,0.99399,81,1,85.150,115,1,3,4338,187491,0,0,0.000,87.196,17.133,0,0.000,80.893,20.743,0,0,1,0,2
PPG,4,110589,4425111552,530,39274,39580,39592.227,-12.227,-508.945,0,0,0,0,176.47,176.47,2,1,0,nan,4,1,40,1,1,29,29,0,0,0,131513113,0.03760,0.00366,0.94824,0.94899,-0.00612,-0.00135,-0.00141,0.00642,0.95861,0.00799,0.00642,3,12205,0,7253,3.08360,3.38657,1.09825,80,1,82.544,136,1,3,2646,187491,0,0,0.000,87.196,17.133,0,0.000,80.893,20.743,0,0,1,0,2
PPG,4,110590,4425151552,177,39788,39991,39596.215,394.785,-604.781,0,0,0,0,176.47,176.47,2,1,0,nan,4,1,40,1,1,30,30,0,0,0,131555496,0.04175,0.00122,0.95166,0.95258,-0.00638,-0.00161,-0.00114,0.00668,0.95258,0.00755,0.00677,3,12253,0,7253,3.08360,3.38657,1.09825,80,1,82.544,136,1,3,4350,187491,0,0,0.000,87.196,17.133,0,0.000,80.893,20.743,0,0,1,0,2
PPG,4,110591,4425191552,121,39331,39476,39595.012,-119.012,-729.734,0,0,0,0,176.47,176.47,2,1,0,nan,4,1,40,1,1,31,31,0,0,0,131594876,0.03491,0.00562,0.94922,0.94988,-0.00505,-0.00028,-0.00167,0.00533,0.95250,0.00216,0.00583,3,12211,0,7253,3.08360,3.38657,1.09825,80,1,82.544,136,1,3,4326,187491,0,0,0.000,87.196,17.133,0,0.000,80.893,20.743,0,0,1,0,2
PPG,4,110592,4425231552,122,38961,39081,39589.871,-508.871,-716.504,0,0,0,0,176.47,176.47,2,1,0,nan,4,1,40,1,1,0,0,0,0,0,131634143,0.04102,0.00586,0.95728,0.95817,-0.00692,-0.00161,-0.00194,0.00736,0.95817,0.01422,0.00736,3,12223,0,7253,3.08360,3.38657,1.09825,80,1,82.544,136,1,3,4327,187491,0,0,0.000,87.196,17.133,0,0.000,80.893,20.743,0,0,1,0,2
PPG,4,110593,4425271552,122,38473,38590,39579.871,-989.871,-532.621,0,0,0,0,176.47,176.47,2,1,0,nan,4,1,40,1,1,1,1,0,0,0,131673413,0.04175,0.00293,0.95190,0.95282,-0.00612,-0.00055,-0.00221,0.00653,0.95385,0.00461,0.00653,3,12243,0,7253,3.08360,3.38657,1.09825,80,1,82.544,136,1,3,4331,187491,0,0,0.000,87.196,17.133,0,0.000,80.893,20.743,0,0,1,0,2
PPG,4,110594,4425311552,148,37998,38170,39565.773,-1395.773,-270.281,1,0,1,740,81.08,81.08,2,1,0,nan,4,1,40,1,1,2,2,0,0,0,131712648,0.04053,0.00513,0.94824,0.94912,-0.00558,-0.00108,-0.00114,0.00580,0.95038,0.00245,0.00639,3,12211,0,7253,3.08360,3.38657,1.09825,80,1,82.544,136,1,3,2633,187491,0,0,636.176,87.196,17.133,1,726.391,80.893,20.743,1,1,1,0,3
PPG,4,110595,4425351552,128,38624,38792,39558.035,-766.035,-86.355,0,0,0,0,81.08,81.08,2,1,0,nan,4,1,40,1,1,3,3,0,0,0,131754620,0.04053,0.00928,0.95166,0.95257,-0.00532,-0.00028,-0.00167,0.00558,0.96118,0.01108,0.00583,3,12244,0,7253,3.08360,3.38657,1.09825,80,1,82.544,136,1,3,4336,187491,0,0,0.000,86.004,16.639,0,0.000,80.155,20.380,0,0,1,0,3
PPG,4,110596,4425391552,125,39773,39921,39561.664,359.336,-3.645,0,0,0,0,81.08,81.08,2,1,0,nan,4,1,40,1,1,4,4,0,0,0,131793912,0.03882,0.00757,0.94727,0.94809,-0.00532,-0.00055,-0.00061,0.00538,0.95283,0.00474,0.00611,3,12240,0,7253,3.08360,3.38657,1.09825,80,1,82.544,136,1,3,4325,187491,0,0,0.000,86.004,16.639,0,0.000,80.155,20.380,0,0,1,0,3
PPG,4,110597,4425431552,184,39908,40048,39566.527,481.473,-34.699,0,0,0,0,81.08,81.08,2,1,0,nan,4,1,40,1,1,5,5,0,0,0,131833155,0.03662,0.00781,0.95605,0.95679,-0.00612,-0.00108,-0.00087,0.00627,0.95702,0.00526,0.00730,3,12234,0,7253,3.08360,3.38657,1.09825,80,1,82.544,136,1,3,2627,187491,0,0,0.000,86.004,16.639,0,0.000,80.155,20.380,0,0,1,0,3
PPG,4,110598,4425471552,126,38773,38980,39560.660,-580.660,-139.004,0,0,0,0,81.08,81.08,2,1,0,nan,4,1,40,1,1,6,6,0,0,0,131875075,0.04199,0.00317,0.95215,0.95308,-0.00505,-0.00055,-0.00194,0.00544,0.95343,0.00336,0.00619,3,12247,0,7253,3.08360,3.38657,1.09825,80,1,82.544,136,1,3,4313,187491,0,0,0.000,86.004,16.639,0,0.000,80.155,20.380,0,0,1,0,3
PPG,4,110599,4425511552,124,37686,37956,39544.613,-1588.613,-271.922,0,0,0,0,81.08,81.08,2,1,0,nan,4,1,40,1,1,7,7,0,0,0,131914309,0.04053,0.00806,0.95313,0.95402,-0.00612,-0.00001,-0.00087,0.00618,0.95402,0.00293,0.00660,3,12134,0,7253,3.08360,3.38657,1.09825,80,1,82.544,136,1,3,4296,187491,0,0,0.000,86.004,16.639,0,0.000,80.155,20.380,0,0,1,0,3
PPG,4,110600,4425551552,125,37435,37718,39526.348,-1808.348,-324.695,0,0,0,0,81.08,81.08,2,1,0,nan,4,1,40,1,1,8,8,0,0,0,131953319,0.03711,0.00732,0.94775,0.94851,-0.00585,-0.00028,-0.00221,0.00626,0.95530,0.00342,0.00626,3,12167,0,7253,3.08360,3.38657,1.09825,80,1,82.544,136,1,3,2596,187491,0,0,0.000,86.004,16.639,0,0.000,80.155,20.380,0,0,1,0,3
PPG,4,110601,4425591552,124,37216,37540,39506.484,-1966.484,-300.094,0,0,0,0,81.08,81.08,2,1,0,nan,4,1,40,1,1,9,9,0,0,0,131994928,0.03491,0.00562,0.94727,0.94793,-0.00532,-0.00001,-0.00114,0.00544,0.95485,0.00729,0.00597,3,12153,0,7253,3.08360,3.38657,1.09825,80,1,82.544,136,1,3,4329,187491,0,0,0.000,86.004,16.639,0,0.000,80.155,20.380,0,0,1,0,3
PPG,4,110602,4425631552,177,37447,37805,39489.469,-1684.469,-303.645,0,0,0,0,81.08,81.08,2,1,0,nan,4,1,40,1,1,10,10,0,0,0,132033934,0.03809,0.00488,0.94897,0.94975,-0.00665,-0.00108,-0.00221,0.00709,0.95073,0.00280,0.00709,3,12127,0,7253,3.08360,3.38657,1.09825,80,1,82.544,136,1,3,4295,187491,0,0,0.000,83.109,17.761,0,0.000,78.625,21.220,0,0,1,0,3
PPG,4,110603,4425671552,134,38316,38651,39481.086,-830.086,-368.621,0,0,0,0,81.08,81.08,2,1,0,nan,4,1,40,1,1,11,11,0,0,0,132072948,0.04175,0.00342,0.95020,0.95112,-0.00532,-0.00135,-0.00114,0.00560,0.95112,0.00071,0.00560,3,12123,0,7253,3.08360,3.38657,1.09825,80,1,82.544,136,1,3,2598,187491,0,0,0.000,83.109,17.761,0,0.000,78.625,21.220,0,0,1,0,3
PPG,4,110604,4425711552,143,38686,39033,39476.605,-443.605,-434.820,1,0,1,400,150.00,150.00,2,1,0,nan,4,1,40,1,1,12,12,0,0,0,132114550,0.03760,0.00317,0.94727,0.94802,-0.00612,0.00079,-0.00141,0.00633,0.95552,0.00751,0.00706,3,12121,0,7253,3.08360,3.38657,1.09825,80,1,82.544,136,1,3,4299,187491,0,0,880.785,83.109,17.761,1,726.090,78.625,21.220,1,1,1,0,4
PPG,4,110605,4425751552,122,38282,38656,39468.398,-812.398,-450.906,0,0,0,0,150.00,150.00,2,1,0,nan,4,1,40,1,1,13,13,0,0,0,132153565,0.03931,0.00537,0.94995,0.95078,-0.00638,0.00132,-0.00141,0.00667,0.95199,0.00245,0.00667,3,12112,0,7253,3.08360,3.38657,1.09825,80,1,82.544,136,1,3,4298,187491,0,0,0.000,83.594,17.976,0,0.000,77.978,20.889,0,0,1,0,4
PPG,4,110606,4425791552,126,37707,38115,39454.863,-1339.863,-450.395,0,0,0,0,150.00,150.00,2,1,0,nan,4,1,40,1,1,14,14,0,0,0,132192562,0.04199,0.00684,0.95483,0.95578,-0.00638,0.00105,-0.00141,0.00662,0.95578,0.00396,0.00675,3,12183,0,7253,3.08360,3.38657,1.09825,80,1,82.544,136,1,3,2596,187491,0,0,0.000,83.594,17.976,0,0.000,77.978,20.889,0,0,1,0,4
PPG,4,110607,4425831552,155,37340,37789,39438.203,-1649.203,-479.699,0,0,0,0,150.00,150.00,2,1,0,nan,4,1,40,1,1,15,15,0,0,0,132234114,0.04150,0.00195,0.95142,0.95232,-0.00585,-0.00055,-0.00007,0.00588,0.95433,0.00249,0.00592,3,12121,0,7253,3.08360,3.38657,1.09825,80,1,82.544,136,1,3,4296,187491,0,0,0.000,83.594,17.976,0,0.000,77.047,21.425,0,0,1,0,4
PPG,4,110608,4425871552,126,37522,37993,39423.750,-1430.750,-402.535,0,0,0,0,150.00,150.00,2,1,0,nan,4,1,40,1,1,16,16,0,0,0,132273111,0.03564,0.00586,0.94800,0.94869,-0.00505,-0.00028,-0.00114,0.00519,0.95591,0.00371,0.00585,3,12126,0,7253,3.08360,3.38657,1.09825,80,1,82.544,136,1,3,2595,187491,0,0,0.000,83.594,17.976,0,0.000,77.047,21.425,0,0,1,0,4
PPG,4,110609,4425911552,139,38000,38495,39414.461,-919.461,-249.715,0,0,0,0,150.00,150.00,2,1,0,nan,4,1,40,1,1,17,17,0,0,0,132314668,0.04346,0.00659,0.95020,0.95121,-0.00505,-0.00028,-0.00194,0.00542,0.95693,0.00824,0.00630,3,12112,0,7253,3.08360,3.38657,1.09825,80,1,82.544,136,1,3,4299,187491,0,0,0.000,83.594,17.976,0,0.000,77.047,21.425,0,0,1,0,4
PPG,4,110610,4425951552,126,39104,39618,39416.496,201.504,-92.922,0,0,0,0,150.00,150.00,2,1,0,nan,4,1,40,1,1,18,18,0,0,0,132353641,0.03857,0.00464,0.95361,0.95440,-0.00479,0.00025,-0.00247,0.00539,0.95440,0.00316,0.00539,3,12116,0,7253,3.08360,3.38657,1.09825,80,1,82.544,136,1,3,4301,187491,0,0,0.000,83.594,17.976,0,0.000,77.047,21.425,0,0,1,0,4
PPG,4,110611,4425991552,124,40149,40596,39428.293,1167.707,74.363,0,0,0,0,150.00,150.00,2,1,0,nan,4,1,40,1,1,19,19,0,0,0,132392634,0.03979,0.00659,0.94971,0.95056,-0.00638,-0.00108,-0.00114,0.00657,0.95670,0.00717,0.00662,3,12162,0,7253,3.08360,3.38657,1.09825,80,1,82.544,136,1,3,2624,187491,0,0,0.000,83.594,17.976,0,0.000,77.047,21.425,0,0,1,0,4
PPG,4,110612,4426031552,132,39919,40359,39437.602,921.398,253.750,0,0,0,0,150.00,150.00,2,1,0,nan,4,1,40,1,1,20,20,0,0,0,132438348,0.03809,0.00952,0.94531,0.94613,-0.00718,-0.00055,-0.00141,0.00734,0.95309,0.00659,0.00734,3,16221,0,7253,3.08360,3.38657,1.09825,80,1,82.544,136,1,3,16161,187491,0,0,0.000,83.594,17.976,0,0.000,77.047,21.425,0,0,1,0,4
PPG,4,110613,4426071552,140,38787,39289,39436.117,-147.117,386.516,0,0,0,0,150.00,150.00,2,1,0,nan,4,1,40,1,1,21,21,0,0,0,132474820,0.03662,0.00610,0.95020,0.95092,-0.00585,-0.00081,-0.00167,0.00614,0.96058,0.01239,0.00676,3,12131,0,7253,3.08360,3.38657,1.09825,80,1,82.544,136,1,3,4300,187491,0,0,0.000,83.594,17.976,0,0.000,77.047,21.425,0,0,1,0,4
PPG,4,110614,4426111552,516,37681,38240,39424.156,-1184.156,447.445,0,0,0,0,150.00,150.00,2,1,0,nan,4,0,40,1,1,22,22,0,0,0,132513830,0.04102,0.01123,0.94849,0.94944,-0.00558,-0.00055,-0.00061,0.00564,0.95255,0.00385,0.00564,3,12127,0,7253,3.99518,4.48190,1.12183,78,1,81.954,214,1,3,4297,187491,0,0,0.000,83.594,17.976,0,0.000,77.047,21.425,0,0,1,0,4
PPG,4,110615,4426151552,176,37215,37742,39407.336,-1665.336,464.086,0,0,0,0,150.00,150.00,2,1,0,nan,4,0,40,1,1,23,23,0,0,0,132553226,0.04004,0.00464,0.94922,0.95007,-0.00692,-0.00081,-0.00114,0.00706,0.95386,0.00378,0.00706,3,12110,0,7253,3.99518,4.48190,1.12183,78,1,81.954,214,1,3,2597,187491,0,0,0.000,83.594,17.976,0,0.000,77.047,21.425,0,0,1,0,4
PPG,4,110616,4426191552,166,37216,37683,39390.094,-1707.094,459.984,0,0,0,0,150.00,150.00,2,1,0,nan,4,0,40,1,1,24,24,0,0,0,132594870,0.03809,0.00366,0.94922,0.94999,-0.00585,-0.00028,-0.00114,0.00597,0.95275,0.00267,0.00683,3,12151,0,7253,3.99518,4.48190,1.12183,78,1,81.954,214,1,3,4321,187491,0,0,0.000,83.594,17.976,0,0.000,77.047,21.425,0,0,1,0,4
PPG,4,110617,4426231552,153,37371,37780,39373.992,-1593.992,310.816,0,0,0,0,150.00,150.00,2,1,0,nan,4,0,40,1,1,25,25,0,0,0,132634200,0.04175,0.00635,0.95361,0.95455,-0.00532,0.00079,-0.00034,0.00539,0.95659,0.00660,0.00611,3,12230,0,7253,3.99518,4.48190,1.12183,78,1,81.954,214,1,3,4295,187491,0,0,0.000,83.594,17.976,0,0.000,77.047,21.425,0,0,1,0,4
PPG,4,110618,4426271552,129,37379,37803,39358.281,-1555.281,-29.336,0,0,0,0,150.00,150.00,2,1,0,nan,4,0,40,1,1,26,26,0,0,0,132673226,0.04175,0.00269,0.95654,0.95746,-0.00612,-0.00001,-0.00141,0.00628,0.95746,0.00533,0.00628,3,12103,0,7253,3.99518,4.48190,1.12183,78,1,81.954,214,1,3,2597,187491,0,0,0.000,83.594,17.976,0,0.000,77.047,21.425,0,0,1,0,4
PPG,4,110619,4426311552,128,37409,37827,39342.969,-1515.969,-384.602,0,0,0,0,150.00,150.00,2,1,0,nan,4,0,40,1,1,27,27,0,0,0,132714823,0.03906,0.00098,0.94800,0.94880,-0.00558,-0.00108,0.00019,0.00569,0.95735,0.00462,0.00675,3,12155,0,7253,3.99518,4.48190,1.12183,78,1,81.954,214,1,3,4297,187491,0,0,0.000,83.594,17.976,0,0.000,77.047,21.425,0,0,1,0,4
PPG,4,110620,4426351552,125,37396,37796,39327.500,-1531.500,-601.785,0,0,0,0,150.00,150.00,2,1,0,nan,4,0,40,1,1,28,28,0,0,0,132753894,0.04004,0.00708,0.95581,0.95667,-0.00558,-0.00108,-0.00221,0.00610,0.95732,0.00852,0.00610,3,12122,0,7253,3.99518,4.48190,1.12183,78,1,81.954,214,1,3,4297,187491,0,0,0.000,83.594,17.976,0,0.000,77.047,21.425,0,0,1,0,4
PPG,4,110621,4426391552,144,37025,37442,39308.645,-1866.645,-710.887,0,0,0,0,150.00,150.00,2,1,0,nan,4,0,40,1,1,29,29,0,0,0,132792987,0.04175,0.00537,0.95215,0.95308,-0.00665,-0.00055,-0.00141,0.00682,0.95308,0.00786,0.00682,3,12138,0,7253,3.99518,4.48190,1.12183,78,1,81.954,214,1,3,2719,187491,0,0,0.000,83.594,17.976,0,0.000,77.047,21.425,0,0,1,0,4
PPG,4,110622,4426431552,125,36559,37013,39285.688,-2272.688,-775.430,0,0,0,0,150.00,150.00,2,1,0,nan,4,0,40,1,1,30,30,0,0,0,132835126,0.04468,0.00854,0.95361,0.95470,-0.00452,-0.00055,-0.00247,0.00518,0.95540,0.00247,0.00654,3,12271,0,7253,3.99518,4.48190,1.12183,78,1,81.954,214,1,3,4334,187491,0,0,0.000,83.594,17.976,0,0.000,77.047,21.425,0,0,1,0,4
PPG,4,110623,4426471552,131,36809,37277,39265.602,-1988.602,-764.730,1,0,0,0,150.00,150.00,2,1,0,nan,4,0,40,1,1,31,31,0,0,0,132874563,0.04199,0.01025,0.94995,0.95093,-0.00585,-0.00135,-0.00114,0.00611,0.95093,0.00455,0.00611,3,12248,0,7253,3.99518,4.48190,1.12183,78,1,81.954,214,1,3,4342,187491,0,0,0.000,83.594,17.976,0,943.785,77.047,21.425,1,0,1,0,4
PPG,4,110624,4426511552,158,37587,38043,39253.375,-1210.375,-677.656,0,0,1,780,81.08,81.08,2,1,0,nan,4,0,40,1,1,0,0,0,0,0,132913894,0.04102,0.00586,0.94897,0.94988,-0.00532,-0.00108,-0.00167,0.00568,0.95340,0.00641,0.00685,3,12237,0,7253,3.99518,4.48190,1.12183,78,1,81.954,214,1,3,4351,187491,0,0,951.438,83.594,17.976,1,0.000,77.047,21.425,0,1,1,0,5
PPG,4,110625,4426551552,136,38302,38784,39248.680,-464.680,-543.914,0,0,0,0,81.08,81.08,2,1,0,nan,4,0,40,1,1,1,1,0,0,0,132953406,0.03931,0.00220,0.95557,0.95638,-0.00532,-0.00055,-0.00221,0.00578,0.95638,0.00488,0.00637,3,12260,0,7253,3.99518,4.48190,1.12183,78,1,81.954,214,1,3,2640,187491,0,0,0.000,84.461,18.359,0,0.000,77.842,21.842,0,0,1,0,5
PPG,4,110626,4426591552,124,38666,39162,39247.812,-85.812,-405.551,0,0,0,0,81.08,81.08,2,1,0,nan,4,0,40,1,1,2,2,0,0,0,132995383,0.03882,0.00415,0.94897,0.94978,-0.00585,-0.00081,-0.00221,0.00631,0.95630,0.00416,0.00632,3,12269,0,7253,3.99518,4.48190,1.12183,78,1,81.954,214,1,3,4345,187491,0,0,0.000,84.461,18.359,0,0.000,77.842,21.842,0,0,1,0,5
PPG,4,110627,4426631552,125,38284,38788,39243.215,-455.215,-313.785,0,0,0,0,81.08,81.08,2,1,0,nan,4,0,40,1,1,3,3,0,0,0,133034807,0.03760,0.01074,0.94800,0.94880,-0.00665,-0.00055,-0.00221,0.00703,0.95538,0.00657,0.00703,3,12258,0,7253,3.99518,4.48190,1.12183,78,1,81.954,214,1,3,4339,187491,0,0,0.000,84.461,18.359,0,0.000,77.842,21.842,0,0,1,0,5
PPG,4,110628,4426671552,132,37289,37821,39228.992,-1407.992,-251.043,0,0,0,0,81.08,81.08,2,1,0,nan,4,0,40,1,1,4,4,0,0,0,133074047,0.03662,0.00586,0.95166,0.95238,-0.00638,-0.00028,-0.00141,0.00654,0.95950,0.00712,0.00654,3,12190,0,7253,3.99518,4.48190,1.12183,78,1,81.954,214,1,3,4349,187491,0,0,0.000,84.461,18.359,0,0.000,77.842,21.842,0,0,1,0,5
PPG,4,110629,4426711552,142,36275,36845,39205.152,-2360.152,-192.543,0,0,0,0,81.08,81.08,2,1,0,nan,4,0,40,1,1,5,5,0,0,0,133113429,0.03931,0.00684,0.94971,0.95054,-0.00558,-0.00028,-0.00114,0.00571,0.95582,0.00388,0.00576,3,12277,0,7253,3.99518,4.48190,1.12183,78,1,81.954,214,1,3,2640,187491,0,0,0.000,84.461,18.359,0,0.000,77.842,21.842,0,0,1,0,5
PPG,4,110630,4426751552,125,35809,36397,39177.070,-2780.070,-157.207,0,0,0,0,81.08,81.08,2,1,0,nan,4,0,40,1,1,6,6,0,0,0,133155344,0.03784,0.00635,0.95435,0.95512,-0.00532,-0.00028,-0.00141,0.00551,0.95652,0.00410,0.00589,3,12210,0,7253,3.99518,4.48190,1.12183,78,1,81.954,214,1,3,4332,187491,0,0,0.000,84.461,18.359,0,0.000,77.842,21.842,0,0,1,0,5
PPG,4,110631,4426791552,161,36111,36721,39152.508,-2431.508,-152.316,0,0,0,0,81.08,81.08,2,1,0,nan,4,0,40,1,1,7,7,0,0,0,133194625,0.03662,0.00635,0.94897,0.94970,-0.00585,-0.00055,-0.00114,0.00599,0.95424,0.00548,0.00602,3,12246,0,7253,3.99518,4.48190,1.12183,78,1,81.954,214,1,3,4330,187491,0,0,0.000,84.461,18.359,0,0.000,77.842,21.842,0,0,1,0,5
PPG,4,110632,4426831552,158,36890,37494,39135.922,-1641.922,-193.352,0,0,0,0,81.08,81.08,2,1,0,nan,4,0,40,1,1,8,8,0,0,0,133234061,0.04028,0.00391,0.95313,0.95398,-0.00532,-0.00028,-0.00221,0.00576,0.95398,0.00787,0.00655,3,12244,0,7253,3.99518,4.48190,1.12183,78,1,81.954,214,1,3,4337,187491,0,0,0.000,84.461,18.359,0,0.000,77.842,21.842,0,0,1,0,5
PPG,4,110633,4426871552,124,37485,38084,39125.402,-1041.402,-287.102,0,0,0,0,81.08,81.08,2,1,0,nan,4,0,40,1,1,9,9,0,0,0,133273343,0.03833,0.00879,0.95801,0.95881,-0.00718,-0.00081,-0.00141,0.00736,0.95881,0.00378,0.00736,3,12215,0,7253,3.99518,4.48190,1.12183,78,1,81.954,214,1,3,2647,187491,0,0,0.000,84.461,18.359,0,0.000,77.842,21.842,0,0,1,0,5
PPG,4,110634,4426911552,126,37871,38472,39118.867,-646.867,-343.844,0,0,0,0,81.08,81.08,2,1,0,nan,4,0,40,1,1,10,10,0,0,0,133315238,0.04102,0.00488,0.95313,0.95402,-0.00558,-0.00108,-0.00141,0.00586,0.95402,0.01058,0.00639,3,12249,0,7253,3.99518,4.48190,1.12183,78,1,81.954,214,1,3,4354,187491,0,0,0.000,84.461,18.359,0,0.000,77.842,21.842,0,0,1,0,5
PPG,4,110635,4426951552,127,37757,38354,39111.219,-757.219,-298.301,0,0,0,0,81.08,81.08,2,1,0,nan,4,0,40,1,1,11,11,0,0,0,133354517,0.03906,0.00659,0.95190,0.95273,-0.00585,-0.00108,-0.00141,0.00611,0.95283,0.00328,0.00611,3,12228,0,7253,3.99518,4.48190,1.12183,78,1,81.954,214,1,3,4350,187491,0,0,0.000,84.461,18.359,0,0.000,77.842,21.842,0,0,1,0,5
PPG,4,110636,4426991552,173,37039,37651,39096.617,-1445.617,-181.555,0,0,0,0,81.08,81.08,2,1,0,nan,4,0,40,1,1,12,12,0,0,0,133393788,0.03882,0.00610,0.95850,0.95930,-0.00612,-0.00081,-0.00141,0.00633,0.95930,0.01093,0.00703,3,12243,0,7253,3.99518,4.48190,1.12183,78,1,81.954,214,1,3,2610,187491,0,0,0.000,84.461,18.359,0,0.000,77.842,21.842,0,0,1,0,5
PPG,4,110637,4427031552,128,36519,37153,39077.180,-1924.180,-42.207,0,0,0,0,81.08,81.08,2,1,0,nan,4,0,40,1,1,13,13,0,0,0,133439989,0.04004,0.00708,0.94946,0.95033,-0.00558,-0.00001,-0.00167,0.00583,0.95033,0.00948,0.00684,3,16349,0,7253,3.99518,4.48190,1.12183,78,1,81.954,214,1,3,16289,187491,0,0,0.000,84.461,18.359,0,0.000,77.842,21.842,0,0,1,0,5
PPG,4,110638,4427071552,185,36272,36899,39055.398,-2156.398,28.422,0,0,0,0,81.08,81.08,2,1,0,nan,4,0,40,1,1,14,14,0,0,0,133476561,0.03711,0.00879,0.95361,0.95438,-0.00479,-0.00055,-0.00141,0.00502,0.95625,0.00591,0.00618,3,12111,0,7253,3.99518,4.48190,1.12183,78,1,81.954,214,1,3,2586,187491,0,0,562.082,84.461,18.359,1,0.000,77.842,21.842,0,0,1,0,5
PPG,4,110639,4427111552,615,36274,36855,39033.395,-2178.395,-14.266,1,0,1,600,100.00,100.00,2,1,0,nan,4,0,40,1,1,15,15,0,0,0,133513072,0.04126,0.00195,0.95410,0.95500,-0.00612,-0.00028,-0.00194,0.00642,0.95500,0.01044,0.00682,3,12120,0,7253,4.63282,5.28750,1.14131,79,1,81.467,214,1,3,2595,187491,0,0,0.000,84.461,18.359,0,623.113,77.842,21.842,1,1,1,0,6
PPG,4,110640,4427151552,177,36729,37232,39015.379,-1783.379,-107.781,0,0,0,0,100.00,100.00,2,1,0,nan,4,0,40,1,1,16,16,0,0,0,133555231,0.03857,0.00488,0.94946,0.95026,-0.00585,-0.00028,-0.00114,0.00597,0.95663,0.00637,0.00625,3,12105,0,7253,4.63282,5.28750,1.14131,79,1,81.467,214,1,3,4296,187491,0,0,0.000,82.786,17.618,0,0.000,76.532,21.155,0,0,1,0,6
PPG,4,110641,4427191552,126,37009,37470,38999.926,-1529.926,-252.320,0,0,0,0,100.00,100.00,2,1,0,nan,4,0,40,1,1,17,17,0,0,0,133594257,0.03784,0.00488,0.95239,0.95316,-0.00558,-0.00055,-0.00167,0.00586,0.95465,0.00243,0.00586,3,12116,0,7253,4.63282,5.28750,1.14131,79,1,81.467,214,1,3,4294,187491,0,0,0.000,82.786,17.618,0,0.000,76.532,21.155,0,0,1,0,6
PPG,4,110642,4427231552,128,36489,36961,38979.535,-2018.535,-448.719,0,0,0,0,100.00,100.00,2,1,0,nan,4,0,40,1,1,18,18,0,0,0,133633315,0.03662,0.00537,0.94775,0.94848,-0.00638,-0.00081,-0.00007,0.00644,0.94935,0.00578,0.00644,3,12183,0,7253,4.63282,5.28750,1.14131,79,1,81.467,214,1,3,2598,187491,0,0,0.000,82.786,17.618,0,0.000,76.532,21.155,0,0,1,0,6
PPG,4,110643,4427271552,126,35865,36362,38953.359,-2591.359,-587.113,0,0,0,0,100.00,100.00,2,1,0,nan,4,0,40,1,1,19,19,0,0,0,133674851,0.03809,0.00757,0.94678,0.94757,-0.00532,-0.00081,-0.00087,0.00545,0.95124,0.00430,0.00644,3,12118,0,7253,4.63282,5.28750,1.14131,79,1,81.467,214,1,3,4299,187491,0,0,0.000,82.786,17.618,0,0.000,76.532,21.155,0,0,1,0,6
PPG,4,110644,4427311552,127,35593,36114,38924.965,-2810.965,-639.094,0,0,0,0,100.00,100.00,2,1,0,nan,4,0,40,1,1,20,20,0,0,0,133713839,0.03735,0.00708,0.95166,0.95242,-0.00638,-0.00108,-0.00274,0.00703,0.95242,0.00407,0.00703,3,12126,0,7253,4.63282,5.28750,1.14131,79,1,81.467,214,1,3,2595,187491,0,0,0.000,82.786,17.618,0,0.000,76.532,21.155,0,0,1,0,6
PPG,4,110645,4427351552,126,35778,36317,38898.887,-2581.887,-598.887,0,0,0,0,100.00,100.00,2,1,0,nan,4,0,40,1,1,21,21,0,0,0,133755446,0.03662,0.00464,0.95874,0.95945,-0.00612,-0.00001,-0.00141,0.00628,0.95945,0.00392,0.00699,3,12124,0,7253,4.63282,5.28750,1.14131,79,1,81.467,214,1,3,4294,187491,0,0,0.000,82.786,17.618,0,0.000,76.532,21.155,0,0,1,0,6
PPG,4,110646,4427391552,144,35994,36537,38875.270,-2338.270,-513.066,1,0,0,0,100.00,100.00,2,1,0,nan,4,0,40,1,1,22,22,0,0,0,133794430,0.03857,0.00269,0.95020,0.95098,-0.00505,-0.00108,-0.00141,0.00535,0.95574,0.00461,0.00738,3,12124,0,7253,4.63282,5.28750,1.14131,79,1,81.467,214,1,3,4296,187491,0,0,380.129,82.786,17.618,1,372.266,76.532,21.155,1,0,1,0,6
PPG,4,110647,4427431552,124,36764,37303,38859.547,-1556.547,-428.672,0,0,0,0,100.00,100.00,2,1,0,nan,4,0,40,1,1,23,23,0,0,0,133833481,0.04126,0.00781,0.95190,0.95283,-0.00585,-0.00161,-0.00114,0.00618,0.95793,0.00643,0.00618,3,12166,0,7253,4.63282,5.28750,1.14131,79,1,81.467,214,1,3,2594,187491,0,0,0.000,82.786,17.618,0,0.000,76.532,21.155,0,0,1,0,6
PPG,4,110648,4427471552,128,37683,38221,38853.160,-632.160,-341.387,0,0,0,0,100.00,100.00,2,1,0,nan,4,0,40,1,1,24,24,0,0,0,133875046,0.04053,0.00439,0.94604,0.94692,-0.00585,-0.00028,-0.00141,0.00602,0.95200,0.00507,0.00632,3,12128,0,7253,4.63282,5.28750,1.14131,79,1,81.467,214,1,3,4300,187491,0,0,0.000,82.786,17.618,0,0.000,76.532,21.155,0,0,1,0,6
PPG,4,110649,4427511552,126,38086,38630,38850.930,-220.930,-192.207,0,0,0,0,100.00,100.00,2,1,0,nan,4,0,40,1,1,25,25,0,0,0,133913985,0.04028,0.00635,0.95068,0.95156,-0.00558,-0.00081,-0.00194,0.00597,0.95156,0.00303,0.00617,3,12119,0,7253,4.63282,5.28750,1.14131,79,1,81.467,214,1,3,4304,187491,0,0,0.000,82.786,17.618,0,0.000,76.532,21.155,0,0,1,0,6
PPG,4,110650,4427551552,127,37667,38217,38844.590,-627.590,-18.207,0,0,0,0,100.00,100.00,2,1,0,nan,4,0,40,1,1,26,26,0,0,0,133953312,0.04517,0.00610,0.95483,0.95592,-0.00638,0.00052,-0.00114,0.00651,0.95592,0.00799,0.00651,3,12346,0,7253,4.63282,5.28750,1.14131,79,1,81.467,214,1,3,2655,187491,0,0,0.000,82.786,17.618,0,0.000,76.532,21.155,0,0,1,0,6
PPG,4,110651,4427591552,127,36759,37317,38829.312,-1512.312,123.852,0,0,0,0,100.00,100.00,2,1,0,nan,4,0,40,1,1,27,27,0,0,0,133994995,0.04102,0.00757,0.95410,0.95501,-0.00505,-0.00081,-0.00167,0.00538,0.95501,0.00489,0.00560,3,12166,0,7253,4.63282,5.28750,1.14131,79,1,81.467,214,1,3,4307,187491,0,0,0.000,82.786,17.618,0,0.000,76.532,21.155,0,0,1,0,6
PPG,4,110652,4427631552,161,36021,36591,38806.930,-2215.930,208.145,0,0,0,0,100.00,100.00,2,1,0,nan,4,0,40,1,1,28,28,0,0,0,134034061,0.03955,0.00244,0.95093,0.95175,-0.00479,-0.00108,-0.00194,0.00527,0.95707,0.00443,0.00662,3,12125,0,7253,4.63282,5.28750,1.14131,79,1,81.467,214,1,3,4303,187491,0,0,0.000,82.786,17.618,0,0.000,76.532,21.155,0,0,1,0,6
PPG,4,110653,4427671552,124,35905,36501,38783.871,-2282.871,282.148,0,0,0,0,100.00,100.00,2,1,0,nan,4,0,40,1,1,29,29,0,0,0,134073248,0.04248,0.00732,0.95313,0.95410,-0.00558,-0.00081,-0.00221,0.00606,0.95608,0.00432,0.00611,3,12132,0,7253,4.63282,5.28750,1.14131,79,1,81.467,214,1,3,2603,187491,0,0,0.000,82.786,17.618,0,0.000,76.532,21.155,0,0,1,0,6
PPG,4,110654,4427711552,125,36327,36933,38765.363,-1832.363,306.246,0,0,0,0,100.00,100.00,2,1,0,nan,4,0,40,1,1,30,30,0,0,0,134114970,0.03589,0.00830,0.95215,0.95286,-0.00612,-0.00001,-0.00141,0.00628,0.95345,0.00144,0.00635,3,12133,0,7253,4.63282,5.28750,1.14131,79,1,81.467,214,1,3,4307,187491,0,0,0.000,82.786,17.618,0,0.000,76.532,21.155,0,0,1,0,6
PPG,4,110655,4427751552,189,37128,37754,38755.250,-1001.250,269.531,0,0,0,0,100.00,100.00,2,1,0,nan,4,0,40,1,1,31,31,0,0,0,134154239,0.03735,0.00635,0.95215,0.95290,-0.00505,-0.00108,-0.00167,0.00543,0.95290,0.00425,0.00577,3,12247,0,7253,4.63282,5.28750,1.14131,79,1,81.467,214,1,3,4326,187491,0,0,0.000,82.786,17.618,0,0.000,76.532,21.155,0,0,1,0,6
PPG,4,110656,4427791552,126,37806,38424,38751.938,-327.938,201.449,0,0,0,0,100.00,100.00,2,1,0,nan,4,0,40,1,1,0,0,0,0,0,134193655,0.03784,0.00708,0.94727,0.94805,-0.00718,-0.00135,-0.00141,0.00744,0.95217,0.00637,0.00744,3,12272,0,7253,4.63282,5.28750,1.14131,79,1,81.467,214,1,3,2643,187491,0,0,0.000,82.786,17.618,0,0.000,76.532,21.155,0,0,1,0,6
PPG,4,110657,4427831552,134,37760,38378,38748.199,-370.199,163.199,0,0,0,0,100.00,100.00,2,1,0,nan,4,0,40,1,1,1,1,0,0,0,134235646,0.03882,0.00635,0.94800,0.94881,-0.00558,0.00079,-0.00167,0.00588,0.95100,0.00582,0.00642,3,12206,0,7253,4.63282,5.28750,1.14131,79,1,81.467,214,1,3,4358,187491,0,0,0.000,82.786,17.618,0,0.000,76.532,21.155,0,0,1,0,6
PPG,4,110658,4427871552,132,37323,37957,38740.289,-783.289,201.730,0,0,0,0,100.00,100.00,2,1,0,nan,4,0,40,1,1,2,2,0,0,0,134275025,0.04395,0.00732,0.94897,0.95002,-0.00665,-0.00028,-0.00247,0.00710,0.95335,0.00454,0.00710,3,12250,0,7253,4.63282,5.28750,1.14131,79,1,81.467,214,1,3,4346,187491,0,0,0.000,82.786,17.618,0,0.000,76.532,21.155,0,0,1,0,6
PPG,4,110659,4427911552,128,36900,37528,38728.168,-1200.168,301.934,0,0,0,0,100.00,100.00,2,1,0,nan,4,0,40,1,1,3,3,0,0,0,134314362,0.03760,0.00708,0.95117,0.95194,-0.00665,0.00025,-0.00114,0.00675,0.95287,0.00215,0.00675,3,12236,0,7253,4.63282,5.28750,1.14131,79,1,81.467,214,1,3,4315,187491,0,0,0.000,82.786,17.618,0,0.000,76.532,21.155,0,0,1,0,6
PPG,4,110660,4427951552,127,36840,37510,38715.984,-1205.984,432.180,0,0,0,0,100.00,100.00,2,1,0,nan,4,0,40,1,1,4,4,0,0,0,134353735,0.04297,0.00513,0.95508,0.95606,-0.00612,0.00052,-0.00007,0.00614,0.95606,0.00374,0.00666,3,12266,0,7253,4.63282,5.28750,1.14131,79,1,81.467,214,1,3,2629,187491,0,0,0.000,82.786,17.618,0,0.000,76.532,21.155,0,0,1,0,6
PPG,4,110661,4427991552,136,37349,38022,38709.043,-687.043,560.148,0,0,0,0,100.00,100.00,2,1,0,nan,4,0,40,1,1,5,5,0,0,0,134395640,0.04248,0.00635,0.95117,0.95214,-0.00585,0.00025,-0.00194,0.00617,0.95507,0.00293,0.00669,3,12201,0,7253,4.63282,5.28750,1.14131,79,1,81.467,214,1,3,4344,187491,0,0,0.000,82.786,17.618,0,0.000,76.532,21.155,0,0,1,0,6
PPG,4,110662,4428031552,163,38004,38639,38708.344,-69.344,602.680,1,0,1,940,81.08,81.08,2,1,16,nan,4,0,40,1,1,6,6,0,0,0,134442017,0.04077,0.00537,0.94678,0.94767,-0.00558,-0.00028,-0.00061,0.00562,0.95283,0.00361,0.00660,3,19277,0,7253,4.63282,5.28750,1.14131,79,1,81.467,214,1,3,14874,187491,0,0,902.328,82.786,17.618,1,945.340,76.532,21.155,1,1,1,0,7
PPG,4,110663,4428071552,195,38392,38921,38710.469,210.531,545.730,0,0,0,0,81.08,81.08,2,1,16,nan,4,0,40,1,1,7,7,0,0,0,134478868,0.04175,0.00903,0.95386,0.95481,-0.00665,-0.00055,-0.00141,0.00682,0.95481,0.00455,0.00723,3,12220,0,7253,4.63282,5.28750,1.14131,79,1,81.467,214,1,3,2618,187491,0,0,0.000,83.446,17.910,0,0.000,77.401,21.611,0,0,1,0,7
PPG,4,110664,4428111552,553,38186,38629,38709.652,-80.652,455.836,0,0,0,0,81.08,81.08,2,1,16,nan,4,0,40,1,1,8,8,0,0,0,134515580,0.03735,0.00488,0.94873,0.94948,-0.00505,-0.00081,-0.00221,0.00557,0.95626,0.00678,0.00665,3,12231,0,7253,3.50678,4.05211,1.15551,79,1,81.112,187,1,3,4330,187491,0,0,0.000,83.446,17.910,0,0.000,77.401,21.611,0,0,1,0,7
PPG,4,110665,4428151552,178,37509,37949,38702.047,-753.047,373.094,0,0,0,0,81.08,81.08,2,1,16,nan,4,0,40,1,1,9,9,0,0,0,134555381,0.03760,0.00757,0.94702,0.94780,-0.00505,-0.00028,-0.00114,0.00519,0.95143,0.00244,0.00660,3,12260,0,7253,3.50678,4.05211,1.15551,79,1,81.112,187,1,3,4331,187491,0,0,0.000,83.446,17.910,0,0.000,77.401,21.611,0,0,1,0,7
PPG,4,110666,4428191552,136,36643,37105,38686.078,-1581.078,284.266,0,0,0,0,81.08,81.08,2,1,16,nan,4,0,40,1,1,10,10,0,0,0,134594754,0.03857,0.00366,0.95288,0.95367,-0.00638,-0.00055,-0.00141,0.00656,0.95667,0.00525,0.00656,3,12262,0,7253,3.50678,4.05211,1.15551,79,1,81.112,187,1,3,4348,187491,0,0,0.000,83.446,17.910,0,0.000,77.401,21.611,0,0,1,0,7
PPG,4,110667,4428231552,135,36672,37182,38671.039,-1489.039,243.457,0,0,0,0,81.08,81.08,2,1,16,nan,4,0,40,1,1,11,11,0,0,0,134633995,0.04077,0.00464,0.95068,0.95157,-0.00638,0.00025,-0.00167,0.00660,0.95157,0.00404,0.00660,3,12232,0,7253,3.50678,4.05211,1.15551,79,1,81.112,187,1,3,2623,187491,0,0,0.000,83.446,17.910,0,0.000,77.401,21.611,0,0,1,0,7
PPG,4,110668,4428271552,129,37328,37842,38662.750,-820.750,236.695,0,0,0,0,81.08,81.08,2,1,16,nan,4,0,40,1,1,12,12,0,0,0,134675917,0.04077,0.00586,0.95166,0.95255,-0.00532,-0.00028,-0.00141,0.00551,0.95682,0.00574,0.00645,3,12241,0,7253,3.50678,4.05211,1.15551,79,1,81.112,187,1,3,4341,187491,0,0,0.000,83.446,17.910,0,0.000,77.401,21.611,0,0,1,0,7
PPG,4,110669,4428311552,165,37938,38469,38660.812,-191.812,220.457,0,0,0,0,81.08,81.08,2,1,16,nan,4,0,40,1,1,13,13,0,0,0,134715163,0.04370,0.00439,0.95264,0.95365,-0.00638,-0.00081,-0.00167,0.00665,0.95597,0.00324,0.00666,3,12217,0,7253,3.50678,4.05211,1.15551,79,1,81.112,187,1,3,4322,187491,0,0,0.000,80.552,19.204,0,0.000,77.401,21.611,0,0,1,0,7
PPG,4,110670,4428351552,146,38754,39251,38666.715,584.285,215.898,1,0,0,0,81.08,81.08,2,1,16,nan,4,0,40,1,1,14,14,0,0,0,134754627,0.04102,0.00439,0.94775,0.94865,-0.00585,-0.00161,-0.00114,0.00618,0.95598,0.00733,0.00618,3,12339,0,7253,3.50678,4.05211,1.15551,79,1,81.112,187,1,3,4307,187491,0,0,428.703,80.552,19.204,1,439.480,77.401,21.611,1,0,1,0,6
PPG,4,110671,4428391552,123,39118,39578,38675.828,902.172,238.422,0,0,0,0,81.08,81.08,2,1,16,nan,4,0,40,1,1,15,15,0,0,0,134793793,0.03369,0.00830,0.95190,0.95254,-0.00532,0.00025,-0.00141,0.00551,0.95943,0.01078,0.00576,3,12231,0,7253,3.50678,4.05211,1.15551,79,1,81.112,187,1,3,2597,187491,0,0,0.000,80.552,19.204,0,0.000,77.401,21.611,0,0,1,0,6
PPG,4,110672,4428431552,127,38880,39360,38682.668,677.332,301.543,0,0,0,0,81.08,81.08,2,1,16,nan,4,0,40,1,1,16,16,0,0,0,134835402,0.04004,0.00830,0.94849,0.94937,-0.00638,-0.00135,-0.00061,0.00655,0.96052,0.01382,0.00688,3,12168,0,7253,3.50678,4.05211,1.15551,79,1,81.112,187,1,3,4297,187491,0,0,0.000,80.552,19.204,0,0.000,77.401,21.611,0,0,1,0,6
PPG,4,110673,4428471552,125,37822,38334,38679.180,-345.180,385.465,0,0,0,0,81.08,81.08,2,1,16,nan,4,0,40,1,1,17,17,0,0,0,134874378,0.03833,0.00635,0.94458,0.94538,-0.00665,-0.00001,-0.00221,0.00701,0.95313,0.00775,0.00820,3,12116,0,7253,3.50678,4.05211,1.15551,79,1,81.112,187,1,3,4301,187491,0,0,0.000,80.552,19.204,0,0.000,77.401,21.611,0,0,1,0,6
PPG,4,110674,4428511552,126,36937,37531,38667.699,-1136.699,405.422,0,0,0,0,81.08,81.08,2,1,16,nan,4,0,40,1,1,18,18,0,0,0,134913350,0.03906,0.00488,0.95288,0.95369,-0.00612,-0.00081,-0.00247,0.00665,0.95516,0.00979,0.00720,3,12119,0,7253,3.50678,4.05211,1.15551,79,1,81.112,187,1,3,2599,187491,0,0,0.000,80.552,19.204,0,0.000,77.401,21.611,0,0,1,0,6
PPG,4,110675,4428551552,194,37139,37762,38658.641,-896.641,393.594,0,0,0,0,81.08,81.08,2,1,16,nan,4,0,40,1,1,19,19,0,0,0,134954980,0.04004,0.00415,0.95068,0.95154,-0.00718,-0.00055,-0.00141,0.00734,0.95348,0.00291,0.00734,3,12173,0,7253,3.50678,4.05211,1.15551,79,1,81.112,187,1,3,4325,187491,0,0,0.000,80.552,19.204,0,0.000,77.401,21.611,0,0,1,0,6
PPG,4,110676,4428591552,142,37815,38444,38656.496,-212.496,389.020,0,0,0,0,81.08,81.08,2,1,16,nan,4,0,40,1,1,20,20,0,0,0,134994038,0.03955,0.00586,0.95020,0.95104,-0.00585,-0.00081,-0.00087,0.00597,0.95104,0.00207,0.00754,3,12127,0,7253,3.50678,4.05211,1.15551,79,1,81.112,187,1,3,2599,187491,0,0,0.000,80.552,19.204,0,0.000,77.401,21.611,0,0,1,0,6
PPG,4,110677,4428631552,125,38589,39219,38662.121,556.879,342.398,0,0,0,0,81.08,81.08,2,1,16,nan,4,0,40,1,1,21,21,0,0,0,135035612,0.03979,0.00635,0.94995,0.95081,-0.00612,-0.00028,-0.00221,0.00651,0.95465,0.00834,0.00660,3,12114,0,7253,3.50678,4.05211,1.15551,79,1,81.112,187,1,3,4296,187491,0,0,0.000,80.552,19.204,0,0.000,77.401,21.611,0,0,1,0,6
PPG,4,110678,4428671552,126,39263,39833,38673.828,1159.172,285.031,0,0,0,0,81.08,81.08,2,1,16,nan,4,0,40,1,1,22,22,0,0,0,135074637,0.03882,0.00537,0.95215,0.95295,-0.00532,-0.00028,-0.00221,0.00576,0.95398,0.00259,0.00668,3,12127,0,7253,3.50678,4.05211,1.15551,79,1,81.112,187,1,3,4310,187491,0,0,0.000,80.552,19.204,0,0.000,77.401,21.611,0,0,1,0,6
PPG,4,110679,4428711552,125,39094,39666,38683.750,982.250,221.844,0,0,0,0,81.08,81.08,2,1,16,nan,4,0,40,1,1,23,23,0,0,0,135113609,0.03882,0.00854,0.95532,0.95615,-0.00585,-0.00001,-0.00087,0.00592,0.95615,0.00486,0.00656,3,12126,0,7253,3.50678,4.05211,1.15551,79,1,81.112,187,1,3,2595,187491,0,0,0.000,80.552,19.204,0,0.000,77.401,21.611,0,0,1,0,6
PPG,4,110680,4428751552,126,38060,38658,38683.492,-25.492,210.730,0,0,0,0,81.08,81.08,2,1,16,nan,4,0,40,1,1,24,24,0,0,0,135155215,0.03955,0.00781,0.95508,0.95593,-0.00612,0.00025,-0.00114,0.00623,0.95593,0.00728,0.00623,3,12168,0,7253,3.50678,4.05211,1.15551,79,1,81.112,187,1,3,4310,187491,0,0,0.000,80.552,19.204,0,0.000,77.401,21.611,0,0,1,0,6
PPG,4,110681,4428791552,146,37324,37943,38676.086,-733.086,273.535,0,0,0,0,81.08,81.08,2,1,16,nan,4,0,40,1,1,25,25,0,0,0,135194179,0.03760,0.00464,0.94507,0.94583,-0.00585,-0.00081,-0.00194,0.00622,0.95569,0.00725,0.00644,3,12115,0,7253,3.50678,4.05211,1.15551,79,1,81.112,187,1,3,2602,187491,0,0,0.000,80.552,19.204,0,0.000,77.401,21.611,0,0,1,0,6
PPG,4,110682,4428831552,151,37221,37838,38667.707,-829.707,324.445,1,0,1,800,81.08,81.08,2,1,16,nan,4,0,40,1,1,26,26,0,0,0,135235763,0.04053,0.01001,0.95020,0.95111,-0.00558,-0.00055,-0.00194,0.00594,0.95111,0.00439,0.00662,3,12125,0,7253,3.50678,4.05211,1.15551,79,1,81.112,187,1,3,4303,187491,0,0,148.035,80.552,19.204,1,189.523,77.401,21.611,1,1,1,0,6
PPG,4,110683,4428871552,135,37644,38281,38663.840,-382.840,333.156,0,0,0,0,81.08,81.08,2,1,16,nan,4,0,40,1,1,27,27,0,0,0,135311088,0.03931,0.00684,0.95386,0.95469,-0.00505,0.00052,-0.00194,0.00544,0.95469,0.00212,0.00752,2,60572,0,7258,3.50678,4.05211,1.15551,79,1,81.112,187,1,3,60615,187491,0,0,0.000,76.416,17.242,0,0.000,73.437,19.531,0,0,1,0,6
PPG,4,110684,4428911552,204,38493,39113,38668.332,444.668,293.816,0,0,0,0,81.08,81.08,2,1,16,nan,4,0,40,1,1,28,28,0,0,0,135323251,0.04028,0.00684,0.95215,0.95302,-0.00665,-0.00081,-0.00141,0.00685,0.95302,0.00167,0.00685,1,12163,0,7258,3.50678,4.05211,1.15551,79,1,81.112,187,1,3,12085,187491,0,0,0.000,76.416,17.242,0,0.000,73.437,19.531,0,0,1,0,6
PPG,4,110685,4428951552,127,38817,39424,38675.891,748.109,161.637,0,0,0,0,81.08,81.08,2,1,16,nan,4,0,40,1,1,29,29,0,0,0,135359705,0.03809,0.00732,0.94897,0.94977,-0.00585,-0.00161,-0.00194,0.00637,0.95400,0.00257,0.00655,3,12119,0,7258,3.50678,4.05211,1.15551,79,1,81.112,187,1,3,2593,187491,0,0,0.000,76.416,17.242,0,0.000,73.437,19.531,0,0,1,0,6
PPG,4,110686,4428991552,128,38145,38701,38676.141,24.859,-56.020,0,0,0,0,81.08,81.08,2,1,16,nan,4,0,40,1,1,30,30,0,0,0,135396116,0.03784,0.00879,0.95947,0.96026,-0.00585,-0.00135,-0.00087,0.00607,0.96026,0.01175,0.00676,3,12119,0,7258,3.50678,4.05211,1.15551,79,1,81.112,187,1,3,4297,187491,0,0,0.000,76.416,17.242,0,0.000,73.437,19.531,0,0,1,0,6
PPG,4,110687,4429031552,130,37188,37689,38666.270,-977.270,-219.801,0,0,0,0,81.08,81.08,2,1,16,nan,4,0,40,1,1,31,31,0,0,0,135441790,0.03564,0.00708,0.94995,0.95065,-0.00638,-0.00028,-0.00141,0.00654,0.95254,0.00772,0.00654,3,18829,0,7258,3.50678,4.05211,1.15551,79,1,81.112,187,1,3,14460,187491,0,0,0.000,76.416,17.242,0,0.000,73.437,19.531,0,0,1,0,6
PPG,4,110688,4429071552,128,36789,37204,38651.648,-1447.648,-293.469,0,0,0,0,81.08,81.08,2,1,16,nan,4,0,40,1,1,0,0,0,0,0,135478276,0.03931,0.00879,0.94897,0.94983,-0.00505,0.00025,-0.00167,0.00533,0.95336,0.00285,0.00627,3,12137,0,7258,3.50678,4.05211,1.15551,79,1,81.112,187,1,3,2590,187491,0,0,0.000,76.416,17.242,0,0.000,73.437,19.531,0,0,1,0,6
PPG,4,110689,4429111552,534,36794,37156,38636.691,-1480.691,-325.250,0,0,0,0,81.08,81.08,2,1,16,nan,4,0,40,1,1,1,1,0,0,0,135514677,0.04028,0.00659,0.94897,0.94985,-0.00612,0.00052,-0.00274,0.00672,0.95328,0.00638,0.00685,3,12152,0,7258,2.53756,2.70643,1.06655,79,1,83.336,187,1,3,4300,187491,0,0,0.000,76.416,17.242,0,0.000,73.437,19.531,0,0,1,0,6
PPG,4,110690,4429151552,251,36977,37354,38623.863,-1269.863,-362.828,0,0,0,0,81.08,81.08,2,1,16,nan,4,0,40,1,1,2,2,0,0,0,135554086,0.04077,0.00879,0.94727,0.94818,-0.00505,0.00025,-0.00194,0.00542,0.95993,0.01007,0.00675,3,12123,0,7258,2.53756,2.70643,1.06655,79,1,83.336,187,1,3,2594,187491,0,0,0.000,76.416,17.242,0,0.000,73.437,19.531,0,0,1,0,6
PPG,4,110691,4429191552,147,37500,37880,38616.426,-736.426,-454.070,1,0,1,360,81.08,81.08,2,1,16,nan,4,0,40,1,1,3,3,0,0,0,135595864,0.03857,0.00732,0.95166,0.95247,-0.00665,-0.00081,-0.00087,0.00676,0.95247,0.00309,0.00677,3,12119,0,7258,2.53756,2.70643,1.06655,79,1,83.336,187,1,3,4302,187491,0,0,120.371,76.416,17.242,1,122.426,73.437,19.531,1,1,1,0,6
PPG,4,110692,4429231552,127,38518,38887,38619.133,267.867,-507.137,0,0,0,0,81.08,81.08,2,1,16,nan,4,0,40,1,1,4,4,0,0,0,135634906,0.03613,0.00269,0.94849,0.94918,-0.00612,-0.00108,-0.00247,0.00669,0.95343,0.00462,0.00721,3,12118,0,7258,2.53756,2.70643,1.06655,79,1,83.336,187,1,3,4296,187491,0,0,0.000,72.624,15.444,0,0.000,69.549,17.491,0,0,1,0,6
PPG,4,110693,4429271552,127,39373,39717,38630.113,1086.887,-431.145,0,0,0,0,81.08,81.08,2,1,16,nan,4,0,40,1,1,5,5,0,0,0,135673878,0.04028,0.00439,0.94653,0.94740,-0.00638,-0.00055,-0.00221,0.00678,0.95433,0.00693,0.00678,3,12158,0,7258,2.53756,2.70643,1.06655,79,1,83.336,187,1,3,2606,187491,0,0,0.000,72.624,15.444,0,0.000,69.549,17.491,0,0,1,0,6
PPG,4,110694,4429311552,129,39306,39619,38640.004,978.996,-259.828,0,0,0,0,81.08,81.08,2,1,16,nan,4,0,40,1,1,6,6,0,0,0,135715453,0.03711,0.00537,0.94971,0.95045,-0.00612,-0.00081,-0.00274,0.00675,0.95618,0.01272,0.00675,3,12123,0,7258,2.53756,2.70643,1.06655,79,1,83.336,187,1,3,4295,187491,0,0,0.000,72.624,15.444,0,0.000,69.549,17.491,0,0,1,0,6
PPG,4,110695,4429351552,127,38750,39083,38644.434,438.566,-57.449,0,0,0,0,81.08,81.08,2,1,16,nan,4,0,40,1,1,7,7,0,0,0,135754420,0.03833,0.00415,0.95776,0.95854,-0.00425,-0.00028,-0.00141,0.00449,0.95854,0.00643,0.00748,3,12129,0,7258,2.53756,2.70643,1.06655,79,1,83.336,187,1,3,2602,187491,0,0,0.000,72.624,15.444,0,0.000,69.549,17.491,0,0,1,0,6
PPG,4,110696,4429391552,129,38211,38586,38643.848,-57.848,139.734,0,0,0,0,81.08,81.08,2,1,16,nan,4,0,40,1,1,8,8,0,0,0,135796279,0.03760,0.00464,0.94946,0.95022,-0.00505,-0.00001,-0.00167,0.00532,0.95634,0.00405,0.00557,3,12281,0,7258,2.53756,2.70643,1.06655,79,1,83.336,187,1,3,4375,187491,0,0,0.000,72.624,15.444,0,0.000,69.549,17.491,0,0,1,0,6
PPG,4,110697,4429431552,128,38050,38447,38641.879,-194.879,334.480,0,0,0,0,81.08,81.08,2,1,16,nan,4,0,40,1,1,9,9,0,0,0,135835384,0.03564,0.00732,0.95459,0.95528,-0.00505,-0.00055,-0.00274,0.00577,0.95528,0.00385,0.00648,3,12195,0,7258,2.53756,2.70643,1.06655,79,1,83.336,187,1,3,4300,187491,0,0,0.000,72.624,15.444,0,0.000,69.549,17.491,0,0,1,0,6
PPG,4,110698,4429471552,129,38091,38512,38640.582,-128.582,490.816,0,0,0,0,81.08,81.08,2,1,16,nan,4,0,40,1,1,10,10,0,0,0,135874332,0.03418,0.00659,0.94971,0.95034,-0.00532,-0.00028,-0.00141,0.00551,0.95433,0.00376,0.00628,3,12119,0,7258,2.53756,2.70643,1.06655,79,1,83.336,187,1,3,2595,187491,0,0,0.000,72.624,15.444,0,0.000,69.549,17.491,0,0,1,0,6
PPG,4,110699,4429511552,128,38866,39302,38647.195,654.805,568.301,0,0,0,0,81.08,81.08,2,1,16,nan,4,0,40,1,1,11,11,0,0,0,135916011,0.04272,0.00122,0.95117,0.95213,-0.00585,-0.00055,-0.00061,0.00591,0.95331,0.00471,0.00591,3,12144,0,7258,2.53756,2.70643,1.06655,79,1,83.336,187,1,3,4309,187491,0,0,0.000,72.624,15.444,0,0.000,69.549,17.491,0,0,1,0,6
PPG,4,110700,4429551552,129,40490,40882,38669.543,2212.457,623.531,0,0,0,0,81.08,81.08,2,1,16,nan,4,0,40,1,1,12,12,0,0,0,135955134,0.04053,0.00610,0.94824,0.94913,-0.00612,-0.00055,-0.00247,0.00662,0.95503,0.00590,0.00663,3,12121,0,7258,2.53756,2.70643,1.06655,79,1,83.336,187,1,3,4300,187491,0,0,0.000,72.624,15.444,0,0.000,69.549,17.491,0,0,1,0,6
PPG,4,110701,4429591552,128,41814,42138,38704.227,3433.773,773.637,0,0,0,0,81.08,81.08,2,1,16,nan,4,0,40,1,1,13,13,0,0,0,135994508,0.03784,0.00879,0.95117,0.95196,-0.00505,0.00052,-0.00141,0.00527,0.95715,0.00802,0.00644,3,12190,0,7258,2.53756,2.70643,1.06655,79,1,83.336,187,1,3,2627,187491,0,0,0.000,72.624,15.444,0,0.000,69.549,17.491,0,0,1,0,6
PPG,4,110702,4429631552,132,42015,42312,38740.305,3571.695,1011.219,0,0,0,0,81.08,81.08,2,1,16,nan,4,0,40,1,1,14,14,0,0,0,136036534,0.03809,0.00366,0.95557,0.95633,-0.00558,-0.00108,-0.00247,0.00620,0.95633,0.00478,0.00620,3,12310,0,7258,2.53756,2.70643,1.06655,79,1,83.336,187,1,3,4347,187491,0,0,0.000,72.624,15.444,0,0.000,69.549,17.491,0,0,1,0,6
PPG,4,110703,4429671552,128,41005,41362,38766.523,2595.477,1253.746,0,0,0,0,81.08,81.08,2,1,16,nan,4,0,40,1,1,15,15,0,0,0,136075862,0.03369,0.00610,0.94946,0.95008,-0.00585,-0.00161,-0.00141,0.00623,0.95435,0.00427,0.00639,3,12257,0,7258,2.53756,2.70643,1.06655,79,1,83.336,187,1,3,4332,187491,0,0,0.000,72.624,15.444,0,0.000,69.549,17.491,0,0,1,0,6
PPG,4,110704,4429711552,149,39820,40256,38781.418,1474.582,1455.020,0,0,0,0,81.08,81.08,2,1,16,nan,4,0,40,1,1,16,16,0,0,0,136115167,0.04053,0.00732,0.95630,0.95719,-0.00612,-0.00055,-0.00194,0.00644,0.95719,0.00950,0.00644,3,12247,0,7258,2.53756,2.70643,1.06655,79,1,83.336,187,1,3,4338,187491,0,0,0.000,72.624,15.444,0,0.000,69.549,17.491,0,0,1,0,6
PPG,4,110705,4429751552,128,39171,39649,38790.094,858.906,1606.199,0,0,0,0,81.08,81.08,2,1,16,nan,4,0,40,1,1,17,17,0,0,0,136154490,0.04224,0.01025,0.95044,0.95143,-0.00532,-0.00161,-0.00221,0.00598,0.96282,0.00742,0.00598,3,12194,0,7258,2.53756,2.70643,1.06655,79,1,83.336,187,1,3,2625,187491,0,0,0.000,72.624,15.444,0,0.000,69.549,17.491,0,0,1,0,6
PPG,4,110706,4429791552,210,39096,39615,38798.344,816.656,1605.215,0,0,0,0,81.08,81.08,2,1,16,nan,4,0,40,1,1,18,18,0,0,0,136196492,0.03906,0.00415,0.95581,0.95662,-0.00505,-0.00001,-0.00114,0.00518,0.95662,0.00225,0.00618,3,12263,0,7258,2.53756,2.70643,1.06655,79,1,83.336,187,1,3,4352,187491,0,0,0.000,72.624,15.444,0,0.000,69.549,17.491,0,0,1,0,6
PPG,4,110707,4429831552,128,39556,40059,38810.949,1248.051,1369.145,0,0,0,0,81.08,81.08,2,1,16,nan,4,0,40,1,1,19,19,0,0,0,136235891,0.03906,0.00732,0.94971,0.95054,-0.00585,0.00025,-0.00087,0.00592,0.95649,0.00672,0.00592,3,12256,0,7258,2.53756,2.70643,1.06655,79,1,83.336,187,1,3,4331,187491,0,0,0.000,72.624,15.444,0,0.000,69.549,17.491,0,0,1,0,6
PPG,4,110708,4429871552,129,39853,40349,38826.328,1522.672,956.320,0,0,0,0,81.08,81.08,2,1,16,nan,4,0,40,1,1,20,20,0,0,0,136275167,0.03931,0.00757,0.95410,0.95494,-0.00612,-0.00215,-0.00141,0.00663,0.95494,0.00516,0.00671,3,12254,0,7258,2.53756,2.70643,1.06655,79,1,83.336,187,1,3,4330,187491,0,0,0.000,72.624,15.444,0,0.000,69.549,17.491,0,0,1,0,6
PPG,4,110709,4429911552,128,39704,40205,38840.113,1364.887,502.871,0,0,0,0,81.08,81.08,2,1,16,nan,4,0,40,1,1,21,21,0,0,0,136314487,0.04102,0.00317,0.94946,0.95035,-0.00612,-0.00108,-0.00194,0.00651,0.95576,0.00541,0.00699,3,12189,0,7258,2.53756,2.70643,1.06655,79,1,83.336,187,1,3,2614,187491,0,0,0.000,72.624,15.444,0,0.000,69.549,17.491,0,0,1,0,6
PPG,4,110710,4429951552,129,39452,39893,38850.641,1042.359,166.066,0,0,0,0,81.08,81.08,2,1,16,nan,4,0,40,1,1,22,22,0,0,0,136356370,0.03711,0.00586,0.94995,0.95069,-0.00505,-0.00055,-0.00141,0.00527,0.95369,0.00410,0.00562,3,12244,0,7258,2.53756,2.70643,1.06655,79,1,83.336,187,1,3,4329,187491,0,0,0.000,72.624,15.444,0,0.000,69.549,17.491,0,0,1,0,6
PPG,4,110711,4429991552,137,39644,39978,38861.914,1116.086,21.449,0,0,0,0,81.08,81.08,2,1,16,nan,4,0,40,1,1,23,23,0,0,0,136395690,0.04102,0.00684,0.94629,0.94720,-0.00479,0.00079,-0.00221,0.00533,0.95280,0.00560,0.00547,3,12257,0,7258,2.53756,2.70643,1.06655,79,1,83.336,187,1,3,4334,187491,0,0,0.000,72.624,15.444,0,0.000,69.549,17.491,0,0,1,0,6
PPG,4,110712,4430031552,134,39958,40199,38875.285,1323.715,34.422,0,0,0,0,81.08,81.08,2,1,16,nan,4,0,40,1,1,24,24,0,0,0,136441693,0.03687,0.00171,0.95190,0.95262,-0.00532,-0.00055,-0.00194,0.00569,0.95397,0.00676,0.00581,3,18973,0,7258,2.53756,2.70643,1.06655,79,1,83.336,187,1,3,14576,187491,0,0,0.000,72.624,15.444,0,0.000,69.549,17.491,0,0,1,0,6
PPG,4,110713,4430071552,158,39968,40184,38888.371,1295.629,92.355,1,0,1,880,76.92,76.92,2,1,16,nan,4,0,40,1,1,25,25,0,0,0,136478408,0.03613,0.00439,0.94775,0.94845,-0.00532,-0.00055,-0.00141,0.00553,0.95021,0.00342,0.00593,3,12233,0,7258,2.53756,2.70643,1.06655,79,1,83.336,187,1,3,2607,187491,0,0,2001.375,72.624,15.444,1,2113.336,69.549,17.491,1,1,1,0,6
PPG,4,110714,4430111552,574,39795,40007,38899.559,1107.441,65.531,0,0,0,0,76.92,76.92,2,1,16,nan,4,0,40,1,1,26,26,0,0,0,136515143,0.04028,0.00366,0.94824,0.94910,-0.00505,-0.00108,-0.00114,0.00529,0.95011,0.00165,0.00600,3,12224,0,7258,3.28300,3.46061,1.05410,80,1,83.648,214,1,3,4324,187491,0,0,0.000,81.062,19.446,0,0.000,81.705,20.474,0,0,1,0,6
PPG,4,110715,4430151552,223,39572,39824,38908.805,915.195,-46.520,0,0,0,0,76.92,76.92,2,1,16,nan,4,0,40,1,1,27,27,0,0,0,136554878,0.03857,0.00806,0.94604,0.94687,-0.00558,-0.00055,-0.00114,0.00573,0.95517,0.00831,0.00640,3,12219,0,7258,3.28300,3.46061,1.05410,80,1,83.648,214,1,3,4331,187491,0,0,0.000,81.062,19.446,0,0.000,81.705,20.474,0,0,1,0,6
PPG,4,110716,4430191552,131,38983,39264,38912.355,351.645,-214.852,0,0,0,0,76.92,76.92,2,1,16,nan,4,0,40,1,1,28,28,0,0,0,136594278,0.04028,-0.00024,0.94897,0.94983,-0.00612,-0.00161,-0.00087,0.00639,0.96005,0.01022,0.00639,3,12266,0,7258,3.28300,3.46061,1.05410,80,1,83.648,214,1,3,2614,187491,0,0,0.000,81.062,19.446,0,0.000,81.705,20.474,0,0,1,0,6
PPG,4,110717,4430231552,129,38419,38727,38910.500,-183.500,-395.422,0,0,0,0,76.92,76.92,2,1,16,nan,4,0,40,1,1,29,29,0,0,0,136636011,0.04272,0.00684,0.95483,0.95581,-0.00558,-0.00081,-0.00194,0.00597,0.95588,0.00581,0.00623,3,12114,0,7258,3.28300,3.46061,1.05410,80,1,83.648,214,1,3,4309,187491,0,0,0.000,81.062,19.446,0,0.000,81.705,20.474,0,0,1,0,6
PPG,4,110718,4430271552,130,38876,39202,38913.414,288.586,-540.781,0,0,0,0,76.92,76.92,2,1,16,nan,4,0,40,1,1,30,30,0,0,0,136675022,0.03760,0.00610,0.94727,0.94803,-0.00612,-0.00028,-0.00141,0.00628,0.95515,0.00571,0.00628,3,12120,0,7258,3.28300,3.46061,1.05410,80,1,83.648,214,1,3,4301,187491,0,0,0.000,81.062,19.446,0,0.000,81.705,20.474,0,0,1,0,6
PPG,4,110719,4430311552,141,40242,40504,38929.320,1574.680,-557.305,0,0,0,0,76.92,76.92,2,1,16,nan,4,0,40,1,1,31,31,0,0,0,136714073,0.03784,-0.00049,0.94922,0.94997,-0.00585,-0.00135,-0.00194,0.00631,0.95397,0.00594,0.00631,3,12173,0,7258,3.28300,3.46061,1.05410,80,1,83.648,214,1,3,2596,187491,0,0,0.000,81.062,19.446,0,0.000,81.705,20.474,0,0,1,0,6
PPG,4,110720,4430351552,130,41533,41711,38957.137,2753.863,-380.613,0,0,0,0,76.92,76.92,2,1,16,nan,4,0,40,1,1,0,0,0,0,0,136755642,0.04224,0.00659,0.95215,0.95311,-0.00612,-0.00108,-0.00167,0.00643,0.95311,0.00154,0.00643,3,12117,0,7258,3.28300,3.46061,1.05410,80,1,83.648,214,1,3,4301,187491,0,0,0.000,81.062,19.446,0,0.000,81.705,20.474,0,0,1,0,6
PPG,4,110721,4430391552,129,41756,41916,38986.727,2929.273,-96.801,0,0,0,0,76.92,76.92,2,1,16,nan,4,0,40,1,1,1,1,0,0,0,136794657,0.03809,0.00708,0.94946,0.95025,-0.00665,-0.00055,-0.00141,0.00682,0.95461,0.00436,0.00682,3,12174,0,7258,3.28300,3.46061,1.05410,80,1,83.648,214,1,3,2624,187491,0,0,0.000,81.062,19.446,0,0.000,81.705,20.474,0,0,1,0,6
PPG,4,110722,4430431552,131,41069,41291,39009.770,2281.230,163.820,0,0,0,0,76.92,76.92,2,1,16,nan,4,0,40,1,1,2,2,0,0,0,136836246,0.03613,0.00659,0.95142,0.95212,-0.00585,-0.00108,-0.00221,0.00635,0.95687,0.00662,0.00709,3,12119,0,7258,3.28300,3.46061,1.05410,80,1,83.648,214,1,3,4295,187491,0,0,144.945,81.062,19.446,1,0.000,81.705,20.474,0,0,1,0,6
PPG,4,110723,4430471552,129,39766,40104,39020.711,1083.289,346.719,0,0,0,0,76.92,76.92,2,1,16,nan,4,0,40,1,1,3,3,0,0,0,136875226,0.03931,0.00562,0.95044,0.95127,-0.00505,-0.00028,-0.00194,0.00542,0.95372,0.00191,0.00646,3,12109,0,7258,3.28300,3.46061,1.05410,80,1,83.648,214,1,3,4295,187491,0,0,0.000,81.062,19.446,0,0.000,81.705,20.474,0,0,1,0,6
PPG,4,110724,4430511552,144,38627,39038,39020.883,17.117,452.051,0,0,0,0,76.92,76.92,2,1,16,nan,4,0,40,1,1,4,4,0,0,0,136914226,0.04175,0.01025,0.95068,0.95166,-0.00612,-0.00081,-0.00194,0.00647,0.95761,0.00595,0.00647,3,12119,0,7258,3.28300,3.46061,1.05410,80,1,83.648,214,1,3,2597,187491,0,0,0.000,81.062,19.446,0,0.000,81.705,20.474,0,0,1,0,6
PPG,4,110725,4430551552,216,38227,38674,39017.414,-343.414,425.371,0,0,0,0,76.92,76.92,2,1,16,nan,4,0,40,1,1,5,5,0,0,0,136955801,0.04053,0.00342,0.94995,0.95082,-0.00532,-0.00001,-0.00167,0.00557,0.95181,0.00134,0.00622,3,12132,0,7258,3.28300,3.46061,1.05410,80,1,83.648,214,1,3,4298,187491,0,0,0.000,81.062,19.446,0,0.000,81.705,20.474,0,0,1,0,6
PPG,4,110726,4430591552,132,38500,38970,39016.941,-46.941,238.480,0,0,0,0,76.92,76.92,2,1,528,nan,4,0,40,1,1,6,6,0,0,0,136994845,0.03882,0.00610,0.94702,0.94784,-0.00505,-0.00081,-0.00141,0.00531,0.95596,0.00812,0.00622,3,12130,0,7258,3.28300,3.46061,1.05410,80,1,83.648,214,1,3,2599,187491,0,0,0.000,81.062,19.446,0,0.000,81.705,20.474,0,0,1,0,5
PPG,4,110727,4430631552,129,39165,39635,39023.121,611.879,-36.895,0,0,0,0,76.92,76.92,2,1,528,nan,4,0,40,1,1,7,7,0,0,0,137036445,0.03809,0.00635,0.94727,0.94805,-0.00585,-0.00055,-0.00167,0.00611,0.95665,0.00860,0.00611,3,12123,0,7258,3.28300,3.46061,1.05410,80,1,83.648,214,1,3,4294,187491,0,0,0.000,81.062,19.446,0,0.000,81.705,20.474,0,0,1,0,5
PPG,4,110728,4430671552,130,39500,39949,39032.379,916.621,-297.895,0,0,0,0,76.92,76.92,2,1,528,nan,4,0,40,1,1,8,8,0,0,0,137075420,0.03979,0.00195,0.95264,0.95347,-0.00558,-0.00028,-0.00087,0.00566,0.95347,0.00308,0.00626,3,12122,0,7258,3.28300,3.46061,1.05410,80,1,83.648,214,1,3,4296,187491,0,0,0.000,81.062,19.446,0,0.000,81.705,20.474,0,0,1,0,5
PPG,4,110729,4430711552,129,39240,39719,39039.246,679.754,-498.164,0,0,0,0,76.92,76.92,2,1,528,nan,4,0,40,1,1,9,9,0,0,0,137114454,0.03979,0.00952,0.95435,0.95522,-0.00692,-0.00081,-0.00141,0.00710,0.95546,0.00485,0.00710,3,12163,0,7258,3.28300,3.46061,1.05410,80,1,83.648,214,1,3,2601,187491,0,0,0.000,81.062,19.446,0,0.000,81.705,20.474,0,0,1,0,5
PPG,4,110730,4430751552,131,38628,39124,39040.094,83.906,-599.715,0,0,0,0,76.92,76.92,2,1,528,nan,4,0,40,1,1,10,10,0,0,0,137155998,0.03833,0.01074,0.95093,0.95176,-0.00558,-0.00081,-0.00247,0.00616,0.95238,0.00430,0.00660,3,12119,0,7258,3.28300,3.46061,1.05410,80,1,83.648,214,1,3,4307,187491,0,0,0.000,81.062,19.446,0,0.000,81.705,20.474,0,0,1,0,5
PPG,4,110731,4430791552,134,37875,38346,39033.152,-687.152,-616.969,0,0,0,0,76.92,76.92,2,1,528,nan,4,0,40,1,1,11,11,0,0,0,137194982,0.04224,0.01001,0.95117,0.95216,-0.00585,-0.00028,-0.00141,0.00602,0.95226,0.00225,0.00702,3,12125,0,7258,3.28300,3.46061,1.05410,80,1,83.648,214,1,3,4304,187491,0,0,0.000,81.062,19.446,0,0.000,81.705,20.474,0,0,1,0,5
PPG,4,110732,4430831552,161,37310,37687,39019.691,-1332.691,-632.371,1,0,1,760,76.92,76.92,2,1,528,nan,4,0,40,1,1,12,12,0,0,0,137234060,0.04053,0.00977,0.95117,0.95208,-0.00612,-0.00028,-0.00194,0.00642,0.95733,0.00517,0.00642,3,12122,0,7258,3.28300,3.46061,1.05410,80,1,83.648,214,1,3,2602,187491,0,0,978.793,81.062,19.446,1,1009.355,81.705,20.474,1,1,1,0,5
PPG,4,110733,4430871552,177,37318,37638,39005.875,-1367.875,-695.355,0,0,0,0,76.92,76.92,2,1,528,nan,4,0,40,1,1,13,13,0,0,0,137275700,0.03857,0.00732,0.95630,0.95710,-0.00585,-0.00028,-0.00087,0.00592,0.95710,0.01086,0.00695,3,12117,0,7258,3.28300,3.46061,1.05410,80,1,83.648,214,1,3,4294,187491,0,0,0.000,81.502,20.195,0,0.000,82.716,20.962,0,0,1,0,5
PPG,4,110734,4430911552,130,37966,38279,38998.605,-719.605,-802.672,0,0,0,0,76.92,76.92,2,1,528,nan,4,0,40,1,1,14,14,0,0,0,137314756,0.03491,0.00464,0.95508,0.95573,-0.00692,-0.00028,-0.00194,0.00719,0.95838,0.00460,0.00719,3,12172,0,7258,3.28300,3.46061,1.05410,80,1,83.648,214,1,3,2598,187491,0,0,0.000,81.502,20.195,0,0.000,82.716,20.962,0,0,1,0,5
PPG,4,110735,4430951552,129,38839,39120,38999.820,120.180,-885.898,0,0,0,0,76.92,76.92,2,1,528,nan,4,0,40,1,1,15,15,0,0,0,137356337,0.03906,0.00562,0.94995,0.95077,-0.00558,-0.00055,-0.00167,0.00586,0.95617,0.00437,0.00594,3,12133,0,7258,3.28300,3.46061,1.05410,80,1,83.648,214,1,3,4297,187491,0,0,0.000,81.502,20.195,0,0.000,82.716,20.962,0,0,1,0,5
PPG,4,110736,4430991552,130,38920,39214,39001.961,212.039,-955.543,0,0,0,0,76.92,76.92,2,1,528,nan,4,0,40,1,1,16,16,0,0,0,137395311,0.03955,0.00537,0.94556,0.94640,-0.00612,-0.00028,-0.00274,0.00671,0.95527,0.01005,0.00676,3,12130,0,7258,3.28300,3.46061,1.05410,80,1,83.648,214,1,3,4293,187491,0,0,0.000,81.502,20.195,0,0.000,82.716,20.962,0,0,1,0,5
PPG,4,110737,4431031552,131,38510,38833,39000.270,-167.270,-1002.414,0,0,0,0,76.92,76.92,2,1,528,nan,4,0,40,1,1,17,17,0,0,0,137443632,0.04126,0.00928,0.95703,0.95797,-0.00505,-0.00055,-0.00114,0.00521,0.95858,0.01205,0.00729,3,21420,0,7259,3.28300,3.46061,1.05410,80,1,83.648,214,1,3,14455,187491,0,0,0.000,81.502,20.195,0,0.000,82.716,20.962,0,0,1,0,5
PPG,4,110738,4431071552,131,38044,38404,38994.309,-590.309,-954.230,0,0,0,0,76.92,76.92,2,1,528,nan,4,0,40,1,1,18,18,0,0,0,137480081,0.03931,0.00293,0.94653,0.94735,-0.00612,-0.00055,-0.00087,0.00620,0.95327,0.00942,0.00620,3,12113,0,7259,3.28300,3.46061,1.05410,80,1,83.648,214,1,3,2589,187491,0,0,0.000,81.502,20.195,0,0.000,82.716,20.962,0,0,1,0,5
PPG,4,110739,4431111552,542,37518,37881,38983.176,-1102.176,-795.363,0,0,0,0,76.92,76.92,2,1,528,nan,4,0,40,1,1,19,19,0,0,0,137516483,0.04028,0.00464,0.95337,0.95423,-0.00638,-0.00161,-0.00167,0.00679,0.95559,0.00824,0.00679,3,12167,0,7259,3.40049,3.62269,1.06535,81,1,83.366,136,1,3,4312,187491,0,0,0.000,81.502,20.195,0,0.000,82.716,20.962,0,0,1,0,5
PPG,4,110740,4431151552,177,37283,37676,38970.105,-1294.105,-588.184,0,0,0,0,76.92,76.92,2,1,528,nan,4,0,40,1,1,20,20,0,0,0,137555906,0.04077,0.00952,0.95386,0.95478,-0.00665,-0.00055,-0.00141,0.00682,0.95478,0.00756,0.00686,3,12117,0,7259,3.40049,3.62269,1.06535,81,1,83.366,136,1,3,4296,187491,0,0,0.000,81.502,20.195,0,0.000,82.716,20.962,0,0,1,0,5
PPG,4,110741,4431191552,128,37550,37969,38960.094,-991.094,-435.121,0,0,0,0,76.92,76.92,2,1,528,nan,4,0,40,1,1,21,21,0,0,0,137594948,0.03882,0.00708,0.95679,0.95760,-0.00585,-0.00081,-0.00114,0.00602,0.95760,0.00659,0.00686,3,12128,0,7259,3.40049,3.62269,1.06535,81,1,83.366,136,1,3,2598,187491,0,0,0.000,81.502,20.195,0,0.000,82.716,20.962,0,0,1,0,5
PPG,4,110742,4431231552,129,38198,38631,38956.805,-325.805,-371.980,0,0,0,0,76.92,76.92,2,1,528,nan,4,0,40,1,1,22,22,0,0,0,137636558,0.04004,0.00684,0.95679,0.95765,-0.00558,-0.00135,-0.00167,0.00598,0.95765,0.00827,0.00598,3,12112,0,7259,3.40049,3.62269,1.06535,81,1,83.366,136,1,3,4297,187491,0,0,0.000,81.502,20.195,0,0.000,82.716,20.962,0,0,1,0,5
PPG,4,110743,4431271552,175,38461,38899,38956.227,-57.227,-356.730,0,0,0,0,76.92,76.92,2,1,528,nan,4,0,40,1,1,23,23,0,0,0,137675536,0.04102,0.00537,0.94775,0.94866,-0.00612,-0.00001,-0.00087,0.00618,0.95395,0.01228,0.00618,3,12119,0,7259,3.40049,3.62269,1.06535,81,1,83.366,136,1,3,4302,187491,0,0,0.000,81.502,20.195,0,0.000,82.716,20.962,0,0,1,0,5
PPG,4,110744,4431311552,191,38421,38865,38955.312,-90.312,-343.504,0,0,0,0,76.92,76.92,2,1,528,nan,4,0,40,1,1,24,24,0,0,0,137714543,0.03687,0.00488,0.95459,0.95531,-0.00585,-0.00135,-0.00221,0.00640,0.95580,0.00649,0.00640,3,12128,0,7259,3.40049,3.62269,1.06535,81,1,83.366,136,1,3,2622,187491,0,0,0.000,81.502,20.195,0,0.000,82.716,20.962,0,0,1,0,5
PPG,4,110745,4431351552,134,38409,38895,38954.711,-59.711,-284.414,0,0,0,0,76.92,76.92,2,1,528,nan,4,0,40,1,1,25,25,0,0,0,137756719,0.04395,0.00781,0.94995,0.95100,-0.00692,-0.00055,-0.00221,0.00728,0.95539,0.00519,0.00728,3,12103,0,7259,3.40049,3.62269,1.06535,81,1,83.366,136,1,3,4294,187491,0,0,0.000,81.502,20.195,0,0.000,82.716,20.962,0,0,1,0,5
PPG,4,110746,4431391552,134,38060,38557,38950.734,-393.734,-167.195,0,0,0,0,76.92,76.92,2,1,528,nan,4,0,40,1,1,26,26,0,0,0,137795746,0.04297,0.00586,0.94727,0.94826,-0.00585,-0.00108,-0.00141,0.00611,0.95615,0.00816,0.00728,3,12114,0,7259,3.40049,3.62269,1.06535,81,1,83.366,136,1,3,4298,187491,0,0,0.000,81.502,20.195,0,0.000,82.716,20.962,0,0,1,0,5
PPG,4,110747,4431431552,181,37342,37876,38939.988,-1063.988,-50.672,0,0,0,0,76.92,76.92,2,1,528,nan,4,0,40,1,1,27,27,0,0,0,137834744,0.04224,0.00659,0.95435,0.95530,-0.00558,-0.00028,-0.00007,0.00559,0.95530,0.00414,0.00559,3,12146,0,7259,3.40049,3.62269,1.06535,81,1,83.366,136,1,3,2606,187491,0,0,0.000,81.502,20.195,0,0.000,82.716,20.962,0,0,1,0,5
PPG,4,110748,4431471552,135,36992,37540,38925.988,-1385.988,8.496,0,0,0,0,76.92,76.92,2,1,528,nan,4,0,40,1,1,28,28,0,0,0,137876568,0.03979,0.00610,0.95142,0.95227,-0.00532,-0.00055,-0.00061,0.00538,0.95578,0.00437,0.00591,3,12119,0,7259,3.40049,3.62269,1.06535,81,1,83.366,136,1,3,4393,187491,0,0,0.000,81.502,20.195,0,0.000,82.716,20.962,0,0,1,0,5
PPG,4,110749,4431511552,254,37077,37621,38912.938,-1291.938,-30.895,0,0,0,0,76.92,76.92,2,1,528,nan,4,0,40,1,1,29,29,0,0,0,137915713,0.04272,0.00513,0.95337,0.95434,-0.00532,-0.00028,-0.00114,0.00545,0.95434,0.00890,0.00631,3,12161,0,7259,3.40049,3.62269,1.06535,81,1,83.366,136,1,3,4408,187491,0,0,0.000,81.502,20.195,0,0.000,82.716,20.962,0,0,1,0,5
PPG,4,110750,4431551552,138,37202,37748,38901.289,-1153.289,-126.520,0,0,0,0,76.92,76.92,2,1,528,nan,4,0,40,1,1,30,30,0,0,0,137955554,0.03589,0.00391,0.94702,0.94771,-0.00558,0.00025,-0.00061,0.00562,0.95931,0.01160,0.00562,3,12255,0,7259,3.40049,3.62269,1.06535,81,1,83.366,136,1,3,4330,187491,0,0,642.008,81.502,20.195,1,0.000,82.716,20.962,0,0,1,0,5
PPG,4,110751,4431591552,131,37073,37603,38888.305,-1285.305,-269.656,0,0,0,0,76.92,76.92,2,1,528,nan,4,0,40,1,1,31,31,0,0,0,137994885,0.04004,0.00513,0.95313,0.95398,-0.00558,-0.00028,-0.00087,0.00566,0.95398,0.00721,0.00624,3,12237,0,7259,3.40049,3.62269,1.06535,81,1,83.366,136,1,3,2641,187491,0,0,0.000,81.502,20.195,0,0.000,82.716,20.962,0,0,1,0,5
PPG,4,110752,4431631552,141,37059,37549,38874.910,-1325.910,-455.043,0,0,0,0,76.92,76.92,2,1,528,nan,4,0,40,1,1,0,0,0,0,0,138036885,0.04028,0.00366,0.95264,0.95350,-0.00612,0.00052,-0.00194,0.00644,0.95350,0.00589,0.00651,3,12284,0,7259,3.40049,3.62269,1.06535,81,1,83.366,136,1,3,4331,187491,0,0,0.000,81.502,20.195,0,0.000,82.716,20.962,0,0,1,0,5
PPG,4,110753,4431671552,132,37432,37806,38864.223,-1058.223,-570.730,0,0,0,0,76.92,76.92,2,1,528,nan,4,0,40,1,1,1,1,0,0,0,138076267,0.03882,0.00586,0.95190,0.95271,-0.00612,-0.00081,-0.00087,0.00623,0.95738,0.00947,0.00623,3,12268,0,7259,3.40049,3.62269,1.06535,81,1,83.366,136,1,3,4331,187491,0,0,0.000,81.502,20.195,0,0.000,82.716,20.962,0,0,1,0,5
PPG,4,110754,4431711552,134,37420,37762,38853.199,-1091.199,-561.164,0,0,0,0,76.92,76.92,2,1,528,nan,4,0,40,1,1,2,2,0,0,0,138115549,0.03882,0.00439,0.95361,0.95441,-0.00638,-0.00135,-0.00114,0.00662,0.95441,0.00140,0.00662,3,12243,0,7259,3.40049,3.62269,1.06535,81,1,83.366,136,1,3,4339,187491,0,0,0.000,81.502,20.195,0,0.000,82.716,20.962,0,0,1,0,5
PPG,4,110755,4431751552,130,37521,37879,38843.457,-964.457,-450.684,0,0,0,0,76.92,76.92,2,1,528,nan,4,0,40,1,1,3,3,0,0,0,138154860,0.04199,0.00610,0.95703,0.95797,-0.00585,-0.00055,-0.00167,0.00611,0.95797,0.00351,0.00611,3,12242,0,7259,3.40049,3.62269,1.06535,81,1,83.366,136,1,3,2638,187491,0,0,0.000,81.502,20.195,0,0.000,82.716,20.962,0,0,1,0,5
PPG,4,110756,4431791552,140,38160,38533,38840.352,-307.352,-286.352,1,0,0,0,76.92,76.92,2,1,528,nan,4,0,40,1,1,4,4,0,0,0,138196787,0.03833,0.00562,0.94946,0.95025,-0.00558,-0.00001,-0.00167,0.00583,0.95089,0.00709,0.00628,3,12231,0,7259,3.40049,3.62269,1.06535,81,1,83.366,136,1,3,4337,187491,0,0,0.000,81.502,20.195,0,1010.910,82.716,20.962,1,0,1,0,5
PPG,4,110757,4431831552,147,38801,39167,38843.617,323.383,-100.336,0,0,0,0,76.92,76.92,2,1,528,nan,4,0,40,1,1,5,5,0,0,0,138236219,0.03809,0.00269,0.95386,0.95462,-0.00505,-0.00215,-0.00247,0.00602,0.95584,0.00458,0.00662,3,12313,0,7259,3.40049,3.62269,1.06535,81,1,83.366,136,1,3,4346,187491,0,0,0.000,81.502,20.195,0,0.000,82.716,20.962,0,0,1,0,5
PPG,4,110758,4431871552,133,38541,38910,38844.281,65.719,61.078,0,0,0,0,76.92,76.92,2,1,528,nan,4,0,40,1,1,6,6,0,0,0,138275497,0.03784,0.00684,0.95044,0.95122,-0.00505,-0.00028,-0.00141,0.00525,0.95247,0.00215,0.00613,3,12238,0,7259,3.40049,3.62269,1.06535,81,1,83.366,136,1,3,4345,187491,0,0,0.000,81.502,20.195,0,0.000,82.716,20.962,0,0,1,0,5
PPG,4,110759,4431911552,128,38076,38470,38840.539,-370.539,163.199,0,0,0,0,76.92,76.92,2,1,528,nan,4,0,40,1,1,7,7,0,0,0,138314786,0.03687,0.00781,0.94971,0.95045,-0.00452,-0.00081,-0.00221,0.00509,0.95610,0.00565,0.00558,3,12242,0,7259,3.40049,3.62269,1.06535,81,1,83.366,136,1,3,2624,187491,0,0,0.000,81.502,20.195,0,0.000,82.716,20.962,0,0,1,0,5
PPG,4,110760,4431951552,141,38242,38616,38838.293,-222.293,231.914,0,0,0,0,76.92,76.92,2,1,528,nan,4,0,40,1,1,8,8,0,0,0,138356703,0.03833,0.00830,0.94922,0.95003,-0.00585,-0.00055,-0.00061,0.00591,0.95648,0.00740,0.00591,3,12239,0,7259,3.40049,3.62269,1.06535,81,1,83.366,136,1,3,4327,187491,0,0,0.000,81.502,20.195,0,0.000,82.716,20.962,0,0,1,0,4
PPG,4,110761,4431991552,128,38287,38648,38836.391,-188.391,324.535,0,0,0,0,76.92,76.92,2,1,528,nan,4,0,40,1,1,9,9,0,0,0,138395948,0.03662,0.00317,0.94849,0.94920,-0.00665,0.00025,-0.00247,0.00710,0.95771,0.00768,0.00710,3,12200,0,7259,3.40049,3.62269,1.06535,81,1,83.366,136,1,3,4337,187491,0,0,0.000,81.502,20.195,0,0.000,82.716,20.962,0,0,1,0,4
PPG,4,110762,4432031552,134,38087,38473,38832.758,-359.758,417.293,0,0,0,0,76.92,76.92,2,1,528,nan,4,0,40,1,1,10,10,0,0,0,138444828,0.04028,0.01099,0.94995,0.95087,-0.00532,0.00025,-0.00141,0.00551,0.95615,0.00536,0.00597,3,21840,0,7260,3.40049,3.62269,1.06535,81,1,83.366,136,1,3,14792,187491,0,0,0.000,81.502,20.195,0,0.000,82.716,20.962,0,0,1,0,4
PPG,4,110763,4432071552,131,38024,38425,38828.680,-403.680,425.566,0,0,0,0,76.92,76.92,2,1,528,nan,4,0,40,1,1,11,11,0,0,0,138481568,0.04004,0.00195,0.95532,0.95616,-0.00558,-0.00081,-0.00247,0.00616,0.95616,0.00396,0.00637,3,12245,0,7260,3.40049,3.62269,1.06535,81,1,83.366,136,1,3,2610,187491,0,0,0.000,81.502,20.195,0,0.000,82.716,20.962,0,0,1,0,4
PPG,4,110764,4432111552,716,38153,38586,38826.254,-240.254,356.516,0,0,0,0,76.92,76.92,2,1,528,nan,4,0,40,1,1,12,12,0,0,0,138518202,0.04028,0.00562,0.95361,0.95448,-0.00665,-0.00055,-0.00167,0.00688,0.95448,0.00721,0.00688,3,12215,0,7260,2.91289,3.07261,1.05483,80,1,83.629,125,1,3,2604,187491,0,0,0.000,81.502,20.195,0,0.000,82.716,20.962,0,0,1,0,4
PPG,4,110765,4432151552,225,37942,38374,38821.730,-447.730,305.996,0,0,0,0,76.92,76.92,2,1,528,nan,4,0,40,1,1,13,13,0,0,0,138555309,0.04199,0.00391,0.95093,0.95186,-0.00612,-0.00108,-0.00141,0.00637,0.95454,0.00818,0.00637,3,12126,0,7260,2.91289,3.07261,1.05483,80,1,83.629,125,1,3,2611,187491,0,0,0.000,81.502,20.195,0,0.000,82.716,20.962,0,0,1,0,4
PPG,4,110766,4432191552,130,37459,37911,38812.625,-901.625,258.434,0,0,0,0,76.92,76.92,2,1,528,nan,4,0,40,1,1,14,14,0,0,0,138597132,0.03613,0.00806,0.95557,0.95628,-0.00585,-0.00081,-0.00114,0.00602,0.95628,0.00782,0.00654,3,12137,0,7260,2.91289,3.07261,1.05483,80,1,83.629,125,1,3,4320,187491,0,0,0.000,81.502,20.195,0,0.000,82.716,20.962,0,0,1,0,4
PPG,4,110767,4432231552,129,37329,37826,38802.758,-976.758,148.078,0,0,0,0,76.92,76.92,2,1,528,nan,4,0,40,1,1,15,15,0,0,0,138636117,0.04150,0.00391,0.95386,0.95477,-0.00558,-0.00028,-0.00114,0.00571,0.95477,0.01142,0.00642,3,12119,0,7260,2.91289,3.07261,1.05483,80,1,83.629,125,1,3,4296,187491,0,0,0.000,81.502,20.195,0,0.000,82.716,20.962,0,0,1,0,4
PPG,4,110768,4432271552,135,37258,37750,38792.230,-1042.230,9.293,0,0,0,0,76.92,76.92,2,1,528,nan,4,0,40,1,1,16,16,0,0,0,138675165,0.04126,0.00610,0.94897,0.94989,-0.00505,-0.00081,-0.00114,0.00524,0.95024,0.00453,0.00642,3,12116,0,7260,2.91289,3.07261,1.05483,80,1,83.629,125,1,3,2602,187491,0,0,0.000,81.502,20.195,0,0.000,82.716,20.962,0,0,1,0,4
PPG,4,110769,4432311552,129,36850,37342,38777.727,-1435.727,-138.328,0,0,0,0,76.92,76.92,2,1,528,nan,4,0,40,1,1,17,17,0,0,0,138716697,0.03735,0.00635,0.95166,0.95241,-0.00638,-0.00108,-0.00061,0.00650,0.95549,0.00643,0.00650,3,12111,0,7260,2.91289,3.07261,1.05483,80,1,83.629,125,1,3,4296,187491,0,0,0.000,81.502,20.195,0,0.000,82.716,20.962,0,0,1,0,4
PPG,4,110770,4432351552,134,36096,36598,38755.930,-2157.930,-341.828,0,0,0,0,76.92,76.92,2,1,528,nan,4,0,40,1,1,18,18,0,0,0,138755717,0.04004,0.00732,0.94678,0.94765,-0.00585,0.00025,-0.00141,0.00602,0.95215,0.00335,0.00703,3,12136,0,7260,2.91289,3.07261,1.05483,80,1,83.629,125,1,3,4299,187491,0,0,0.000,81.502,20.195,0,0.000,82.716,20.962,0,0,1,0,4
PPG,4,110771,4432391552,151,35448,35984,38728.211,-2744.211,-632.594,1,0,1,1560,75.00,75.00,2,1,528,nan,4,0,40,1,1,19,19,0,0,0,138794668,0.03613,0.00903,0.95093,0.95166,-0.00532,-0.00001,-0.00167,0.00557,0.95280,0.00515,0.00597,3,12113,0,7260,2.91289,3.07261,1.05483,80,1,83.629,125,1,3,2602,187491,0,0,1132.355,81.502,20.195,1,996.297,82.716,20.962,1,1,1,0,5
PPG,4,110772,4432431552,128,34943,35452,38695.449,-3243.449,-945.172,0,0,0,0,75.00,75.00,2,1,528,nan,4,0,40,1,1,20,20,0,0,0,138836310,0.03833,0.00610,0.95630,0.95709,-0.00505,-0.00055,-0.00167,0.00535,0.95811,0.01132,0.00609,3,12131,0,7260,2.91289,3.07261,1.05483,80,1,83.629,125,1,3,4295,187491,0,0,0.000,83.330,21.074,0,0.000,83.520,21.350,0,0,1,0,5
PPG,4,110773,4432471552,129,34985,35403,38662.523,-3259.523,-1183.305,0,0,0,0,75.00,75.00,2,1,528,nan,4,0,40,1,1,21,21,0,0,0,138875301,0.04004,0.00732,0.95435,0.95521,-0.00665,-0.00081,-0.00141,0.00685,0.95521,0.00616,0.00685,3,12120,0,7260,2.91289,3.07261,1.05483,80,1,83.629,125,1,3,2610,187491,0,0,0.000,83.330,21.074,0,0.000,83.520,21.350,0,0,1,0,5
PPG,4,110774,4432511552,130,35845,36152,38637.418,-2485.418,-1341.949,0,0,0,0,75.00,75.00,2,1,528,nan,4,0,40,1,1,22,22,0,0,0,138916847,0.04126,0.00586,0.94751,0.94843,-0.00692,-0.00055,-0.00034,0.00695,0.95467,0.00733,0.00699,3,12110,0,7260,2.91289,3.07261,1.05483,80,1,83.629,125,1,3,4299,187491,0,0,0.000,83.330,21.074,0,0.000,83.520,21.350,0,0,1,0,5
PPG,4,110775,4432551552,129,36729,36968,38620.723,-1652.723,-1408.113,0,0,0,0,75.00,75.00,2,1,528,nan,4,0,40,1,1,23,23,0,0,0,138955840,0.04004,0.00757,0.94653,0.94741,-0.00638,0.00025,-0.00167,0.00660,0.95065,0.00242,0.00660,3,12142,0,7260,2.91289,3.07261,1.05483,80,1,83.629,125,1,3,4304,187491,0,0,0.000,83.330,21.074,0,0.000,83.520,21.350,0,0,1,0,5
PPG,4,110776,4432591552,131,36603,36800,38602.516,-1802.516,-1398.895,0,0,0,0,75.00,75.00,2,1,528,nan,4,0,40,1,1,24,24,0,0,0,138994808,0.04443,0.00391,0.94922,0.95027,-0.00532,-0.00081,-0.00167,0.00563,0.95648,0.01221,0.00616,3,12126,0,7260,2.91289,3.07261,1.05483,80,1,83.629,125,1,3,2603,187491,0,0,0.000,83.330,21.074,0,0.000,83.520,21.350,0,0,1,0,5
PPG,4,110777,4432631552,129,35615,35802,38574.512,-2772.512,-1344.355,0,0,0,0,75.00,75.00,2,1,528,nan,4,0,40,1,1,25,25,0,0,0,139036351,0.03809,0.00830,0.95239,0.95319,-0.00638,-0.00188,-0.00114,0.00675,0.95957,0.00981,0.00727,3,12111,0,7260,2.91289,3.07261,1.05483,80,1,83.629,125,1,3,4307,187491,0,0,0.000,83.330,21.074,0,0.000,83.520,21.350,0,0,1,0,5
PPG,4,110778,4432671552,130,34610,34847,38537.238,-3690.238,-1303.637,0,0,0,0,75.00,75.00,2,1,528,nan,4,0,40,1,1,26,26,0,0,0,139075350,0.04126,0.00464,0.94946,0.95037,-0.00718,-0.00188,-0.00034,0.00743,0.95037,0.00476,0.00743,3,12115,0,7260,2.91289,3.07261,1.05483,80,1,83.629,125,1,3,2606,187491,0,0,0.000,83.330,21.074,0,0.000,83.520,21.350,0,0,1,0,5
PPG,4,110779,4432711552,129,34288,34584,38497.707,-3913.707,-1233.336,0,0,0,0,75.00,75.00,2,1,528,nan,4,0,40,1,1,27,27,0,0,0,139116953,0.03931,0.00122,0.95068,0.95150,-0.00692,-0.00028,-0.00221,0.00727,0.95583,0.00546,0.00727,3,12133,0,7260,2.91289,3.07261,1.05483,80,1,83.629,125,1,3,4314,187491,0,0,0.000,83.330,21.074,0,0.000,83.520,21.350,0,0,1,0,5
PPG,4,110780,4432751552,130,35209,35550,38468.230,-2918.230,-1059.035,0,0,0,0,75.00,75.00,2,1,528,nan,4,0,40,1,1,28,28,0,0,0,139155975,0.04199,0.00513,0.95093,0.95187,-0.00665,0.00079,-0.00007,0.00670,0.95577,0.00591,0.00670,3,12160,0,7260,2.91289,3.07261,1.05483,80,1,83.629,125,1,3,4309,187491,0,0,0.000,83.330,21.074,0,0.000,83.520,21.350,0,0,1,0,5
PPG,4,110781,4432791552,129,37036,37346,38457.008,-1111.008,-823.363,0,0,0,0,75.00,75.00,2,1,528,nan,4,0,40,1,1,29,29,0,0,0,139194959,0.03931,0.00830,0.94141,0.94226,-0.00399,-0.00028,-0.00087,0.00409,0.95259,0.00626,0.00730,3,12137,0,7260,2.91289,3.07261,1.05483,80,1,83.629,125,1,3,2609,187491,0,0,0.000,83.330,21.074,0,0.000,83.520,21.350,0,0,1,0,5
PPG,4,110782,4432831552,130,38069,38326,38455.699,-129.699,-622.016,0,0,0,0,75.00,75.00,2,1,528,nan,4,0,40,1,1,30,30,0,0,0,139236535,0.03931,0.00732,0.95337,0.95421,-0.00558,-0.00055,-0.00247,0.00613,0.95728,0.00752,0.00613,3,12139,0,7260,2.91289,3.07261,1.05483,80,1,83.629,125,1,3,4317,187491,0,0,0.000,83.330,21.074,0,0.000,83.520,21.350,0,0,1,0,5
PPG,4,110783,4432871552,129,37759,38057,38451.711,-394.711,-424.043,0,0,0,0,75.00,75.00,2,1,528,nan,4,0,40,1,1,31,31,0,0,0,139275589,0.03979,0.00757,0.95142,0.95228,-0.00505,-0.00055,-0.00167,0.00535,0.95716,0.00379,0.00663,3,12118,0,7260,2.91289,3.07261,1.05483,80,1,83.629,125,1,3,2595,187491,0,0,0.000,83.330,21.074,0,0.000,83.520,21.350,0,0,1,0,5
PPG,4,110784,4432911552,133,37335,37700,38444.195,-744.195,-108.602,0,0,0,0,75.00,75.00,2,1,528,nan,4,0,40,1,1,0,0,0,0,0,139317137,0.03979,0.00415,0.95264,0.95348,-0.00638,0.00079,-0.00114,0.00653,0.95401,0.00173,0.00653,3,12112,0,7260,2.91289,3.07261,1.05483,80,1,83.629,125,1,3,4304,187491,0,0,0.000,83.330,21.074,0,0.000,83.520,21.350,0,0,1,0,5
PPG,4,110785,4432951552,196,37465,37874,38438.492,-564.492,348.828,0,0,0,0,75.00,75.00,2,1,528,nan,4,0,40,1,1,1,1,0,0,0,139356123,0.04126,0.00708,0.95654,0.95746,-0.00532,-0.00028,-0.00087,0.00540,0.95746,0.00512,0.00642,3,12134,0,7260,2.91289,3.07261,1.05483,80,1,83.629,125,1,3,4328,187491,0,0,0.000,83.330,21.074,0,0.000,83.520,21.350,0,0,1,0,5
PPG,4,110786,4432991552,130,38719,39108,38445.188,662.812,935.266,0,0,0,0,75.00,75.00,2,1,528,nan,4,0,40,1,1,2,2,0,0,0,139395726,0.03711,0.00928,0.95239,0.95316,-0.00505,-0.00055,-0.00141,0.00527,0.95316,0.01374,0.00604,3,12127,0,7260,2.91289,3.07261,1.05483,80,1,83.629,125,1,3,2596,187491,0,0,0.000,83.330,21.074,0,0.000,83.520,21.350,0,0,1,0,5
PPG,4,110787,4433031552,134,40072,40403,38464.766,1938.234,1499.699,0,0,0,0,75.00,75.00,2,1,528,nan,4,0,40,1,1,3,3,0,0,0,139446741,0.04028,0.00610,0.95093,0.95180,-0.00558,-0.00055,-0.00087,0.00568,0.95804,0.00624,0.00568,3,21419,0,7261,2.91289,3.07261,1.05483,80,1,83.629,125,1,3,14454,187491,0,0,0.000,83.330,21.074,0,0.000,83.520,21.350,0,0,1,0,5
PPG,4,110788,4433071552,134,39790,40120,38481.316,1638.684,1777.484,0,0,0,0,75.00,75.00,2,1,528,nan,4,0,40,1,1,4,4,0,0,0,139471079,0.03955,0.00903,0.95410,0.95496,-0.00638,-0.00161,-0.00061,0.00661,0.95496,0.00384,0.00661,2,12178,0,7261,2.91289,3.07261,1.05483,80,1,83.629,125,1,3,2599,187491,0,0,0.000,83.330,21.074,0,0.000,83.520,21.350,0,0,1,0,5
PPG,4,110789,4433111552,623,38320,38721,38483.715,237.285,1764.965,0,0,0,0,75.00,75.00,2,1,528,nan,4,0,40,1,1,5,5,0,0,0,139515263,0.03320,0.00854,0.94751,0.94813,-0.00585,-0.00268,-0.00141,0.00659,0.95325,0.00478,0.00686,3,12111,0,7261,3.86696,3.95662,1.02318,76,1,84.420,136,1,3,2671,187491,0,0,0.000,83.330,21.074,0,0.000,83.520,21.350,0,0,1,0,5
PPG,4,110790,4433151552,246,37318,37795,38476.828,-681.828,1667.684,0,0,0,0,75.00,75.00,2,1,528,nan,4,0,40,1,1,6,6,0,0,0,139557553,0.03857,0.00488,0.95288,0.95367,-0.00558,-0.00081,-0.00167,0.00589,0.95985,0.01081,0.00703,3,12131,0,7261,3.86696,3.95662,1.02318,76,1,84.420,136,1,3,4352,187491,0,0,0.000,83.330,21.074,0,0.000,83.520,21.350,0,0,1,0,5
PPG,4,110791,4433191552,132,37606,38102,38473.078,-371.078,1619.215,0,0,0,0,75.00,75.00,2,1,528,nan,4,0,40,1,1,7,7,0,0,0,139597160,0.04077,0.00244,0.95142,0.95229,-0.00532,-0.00135,-0.00141,0.00566,0.95229,0.00581,0.00611,3,12263,0,7261,3.86696,3.95662,1.02318,76,1,84.420,136,1,3,4347,187491,0,0,0.000,83.330,21.074,0,0.000,83.520,21.350,0,0,1,0,5
PPG,4,110792,4433231552,136,38075,38556,38473.906,82.094,1561.445,0,0,0,0,75.00,75.00,2,1,528,nan,4,0,40,1,1,8,8,0,0,0,139636549,0.03784,-0.00171,0.94800,0.94875,-0.00558,-0.00028,-0.00034,0.00560,0.95350,0.00475,0.00618,3,12254,0,7261,3.86696,3.95662,1.02318,76,1,84.420,136,1,3,4336,187491,0,0,0.000,83.330,21.074,0,0.000,83.520,21.350,0,0,1,0,5
PPG,4,110793,4433271552,148,38210,38687,38476.039,210.961,1337.102,0,0,0,0,75.00,75.00,2,1,528,nan,4,0,40,1,1,9,9,0,0,0,139675854,0.03979,0.00610,0.95190,0.95276,-0.00558,-0.00055,-0.00061,0.00564,0.95276,0.00430,0.00564,3,12231,0,7261,3.86696,3.95662,1.02318,76,1,84.420,136,1,3,4352,187491,0,0,0.000,83.330,21.074,0,0.000,83.520,21.350,0,0,1,0,5
PPG,4,110794,4433311552,148,37998,38481,38476.090,4.910,946.078,0,0,0,0,75.00,75.00,2,1,528,nan,4,0,40,1,1,10,10,0,0,0,139715239,0.03784,0.01025,0.95654,0.95735,-0.00692,-0.00081,-0.00221,0.00731,0.95735,0.00713,0.00731,3,12257,0,7261,3.86696,3.95662,1.02318,76,1,84.420,136,1,3,2628,187491,0,0,0.000,83.330,21.074,0,0.000,83.520,21.350,0,0,1,0,5
PPG,4,110795,4433351552,130,37166,37568,38467.008,-899.008,551.504,0,0,0,0,75.00,75.00,2,1,528,nan,4,0,40,1,1,11,11,0,0,0,139757153,0.04419,0.00708,0.95117,0.95222,-0.00532,-0.00055,-0.00167,0.00560,0.95463,0.00380,0.00651,3,12235,0,7261,3.86696,3.95662,1.02318,76,1,84.420,136,1,3,4332,187491,0,0,0.000,83.330,21.074,0,0.000,83.520,21.350,0,0,1,0,5
PPG,4,110796,4433391552,159,35943,36242,38444.758,-2202.758,225.266,1,0,1,1000,68.18,68.18,2,1,528,nan,4,0,40,1,1,12,12,0,0,0,139796491,0.04028,0.00562,0.95020,0.95107,-0.00505,0.00025,-0.00167,0.00533,0.95752,0.00645,0.00592,3,12261,0,7261,3.86696,3.95662,1.02318,76,1,84.420,136,1,3,4351,187491,0,0,3205.594,83.330,21.074,1,3185.598,83.520,21.350,1,1,1,0,5
PPG,4,110797,4433431552,139,35975,36243,38422.742,-2179.742,-18.500,0,0,0,0,68.18,68.18,2,1,528,nan,4,0,40,1,1,13,13,0,0,0,139835845,0.04272,0.00684,0.95020,0.95118,-0.00558,-0.00055,-0.00141,0.00578,0.95664,0.00665,0.00609,3,12225,0,7261,3.86696,3.95662,1.02318,76,1,84.420,136,1,3,2642,187491,0,0,0.000,97.887,28.075,0,0.000,97.905,28.301,0,0,1,0,5
PPG,4,110798,4433471552,146,36955,37170,38410.215,-1240.215,-267.793,0,0,0,0,68.18,68.18,2,1,528,nan,4,0,40,1,1,14,14,0,0,0,139877928,0.03979,0.00562,0.95190,0.95275,-0.00585,-0.00028,-0.00114,0.00597,0.95807,0.00532,0.00601,3,12272,0,7261,3.86696,3.95662,1.02318,76,1,84.420,136,1,3,4336,187491,0,0,0.000,97.887,28.075,0,0.000,97.905,28.301,0,0,1,0,5
PPG,4,110799,4433511552,131,36457,36645,38392.562,-1747.562,-643.844,0,0,0,0,68.18,68.18,2,1,528,nan,4,0,40,1,1,15,15,0,0,0,139917225,0.04004,0.00537,0.94824,0.94910,-0.00692,-0.00135,-0.00114,0.00714,0.95763,0.00801,0.00714,3,12222,0,7261,3.86696,3.95662,1.02318,76,1,84.420,136,1,3,4330,187491,0,0,0.000,97.887,28.075,0,0.000,97.905,28.301,0,0,1,0,5
PPG,4,110800,4433551552,137,34667,34871,38357.348,-3486.348,-1155.035,0,0,0,0,68.18,68.18,2,1,528,nan,4,0,40,1,1,16,16,0,0,0,139956621,0.04053,0.00732,0.94946,0.95036,-0.00505,-0.00081,-0.00221,0.00557,0.95169,0.00362,0.00699,3,12251,0,7261,3.86696,3.95662,1.02318,76,1,84.420,136,1,3,4332,187491,0,0,0.000,97.887,28.075,0,0.000,97.905,28.301,0,0,1,0,5
PPG,4,110801,4433591552,133,33046,33293,38306.703,-5013.703,-1693.531,0,0,0,0,68.18,68.18,2,1,528,nan,4,0,40,1,1,17,17,0,0,0,139995920,0.04175,0.00439,0.94971,0.95063,-0.00558,-0.00028,-0.00194,0.00592,0.95473,0.00941,0.00714,3,12220,0,7261,3.86696,3.95662,1.02318,76,1,84.420,136,1,3,2619,187491,0,0,0.000,97.887,28.075,0,0.000,97.905,28.301,0,0,1,0,5
PPG,4,110802,4433631552,129,32155,32418,38247.816,-5829.816,-2133.844,0,0,0,0,68.18,68.18,2,1,528,nan,4,0,40,1,1,18,18,0,0,0,140037771,0.04102,0.00610,0.95166,0.95256,-0.00612,0.00052,-0.00247,0.00662,0.95441,0.00200,0.00662,3,12202,0,7261,3.86696,3.95662,1.02318,76,1,84.420,136,1,3,4346,187491,0,0,0.000,97.887,28.075,0,0.000,97.905,28.301,0,0,1,0,5
PPG,4,110803,4433671552,128,31923,32190,38187.238,-5997.238,-2419.352,0,0,0,0,68.18,68.18,2,1,528,nan,4,0,40,1,1,19,19,0,0,0,140077153,0.04175,0.01001,0.95313,0.95409,-0.00558,-0.00028,-0.00167,0.00584,0.95409,0.00459,0.00667,3,12307,0,7261,3.86696,3.95662,1.02318,76,1,84.420,136,1,3,4332,187491,0,0,0.000,97.887,28.075,0,0.000,97.905,28.301,0,0,1,0,5
PPG,4,110804,4433711552,129,32205,32505,38130.414,-5625.414,-2693.602,0,0,0,0,68.18,68.18,2,1,528,nan,4,0,40,1,1,20,20,0,0,0,140116380,0.03857,0.00708,0.94727,0.94808,-0.00532,-0.00055,-0.00167,0.00560,0.95465,0.00408,0.00669,3,12226,0,7261,3.86696,3.95662,1.02318,76,1,84.420,136,1,3,4332,187491,0,0,0.000,97.887,28.075,0,0.000,97.905,28.301,0,0,1,0,5
PPG,4,110805,4433751552,128,32450,32746,38076.570,-5330.570,-3069.199,0,0,0,0,68.18,68.18,2,1,528,nan,4,0,40,1,1,21,21,0,0,0,140155645,0.04053,0.00195,0.95386,0.95472,-0.00638,-0.00081,-0.00167,0.00665,0.95472,0.00841,0.00665,3,12234,0,7261,3.86696,3.95662,1.02318,76,1,84.420,136,1,3,2613,187491,0,0,0.000,97.887,28.075,0,0.000,97.905,28.301,0,0,1,0,5
PPG,4,110806,4433791552,129,32024,32326,38019.066,-5693.066,-3347.102,0,0,0,0,68.18,68.18,2,1,528,nan,4,0,40,1,1,22,22,0,0,0,140197497,0.04272,0.00146,0.95435,0.95530,-0.00585,-0.00108,-0.00194,0.00626,0.95530,0.00615,0.00626,3,12128,0,7261,3.86696,3.95662,1.02318,76,1,84.420,136,1,3,4308,187491,0,0,0.000,97.887,28.075,0,0.000,97.905,28.301,0,0,1,0,5
PPG,4,110807,4433831552,128,31336,31619,37955.066,-6336.066,-3372.471,0,0,0,0,68.18,68.18,2,1,528,nan,4,0,40,1,1,23,23,0,0,0,140236668,0.04004,0.00903,0.95898,0.95986,-0.00532,-0.00161,-0.00034,0.00557,0.95986,0.00402,0.00611,3,12135,0,7261,3.86696,3.95662,1.02318,76,1,84.420,136,1,3,4302,187491,0,0,0.000,97.887,28.075,0,0.000,97.905,28.301,0,0,1,0,5
PPG,4,110808,4433871552,141,31193,31522,37890.734,-6368.734,-3195.572,0,0,0,0,68.18,68.18,2,1,528,nan,4,0,40,1,1,24,24,0,0,0,140312153,0.04175,0.00830,0.95239,0.95334,-0.00638,-0.00135,-0.00141,0.00667,0.95334,0.00981,0.00667,2,60821,0,7266,3.86696,3.95662,1.02318,76,1,84.420,136,1,3,60864,187491,0,0,0.000,97.887,28.075,0,0.000,97.905,28.301,0,0,1,0,5
PPG,4,110809,4433911552,131,31702,32083,37832.656,-5749.656,-2911.529,0,0,0,0,68.18,68.18,2,1,528,nan,4,0,40,1,1,25,25,0,0,0,140324327,0.03613,0.00732,0.95728,0.95799,-0.00585,-0.00028,-0.00141,0.00602,0.95799,0.00464,0.00602,1,12174,0,7266,3.86696,3.95662,1.02318,76,1,84.420,136,1,3,12096,187491,0,0,0.000,97.887,28.075,0,0.000,97.905,28.301,0,0,1,0,5
PPG,4,110810,4433951552,129,32855,33289,37787.219,-4498.219,-2529.229,0,0,0,0,68.18,68.18,2,1,528,nan,4,0,40,1,1,26,26,0,0,0,140360720,0.03320,0.00537,0.94897,0.94957,-0.00585,0.00025,-0.00167,0.00609,0.95428,0.00386,0.00702,3,12104,0,7266,3.86696,3.95662,1.02318,76,1,84.420,136,1,3,2586,187491,0,0,0.000,97.887,28.075,0,0.000,97.905,28.301,0,0,1,0,5
PPG,4,110811,4433991552,130,34039,34510,37754.445,-3244.445,-2063.199,0,0,0,0,68.18,68.18,2,1,528,nan,4,0,40,1,1,27,27,0,0,0,140397134,0.03931,0.00366,0.95068,0.95150,-0.00612,-0.00055,-0.00221,0.00653,0.95590,0.00633,0.00653,3,12129,0,7266,3.86696,3.95662,1.02318,76,1,84.420,136,1,3,4301,187491,0,0,0.000,97.887,28.075,0,0.000,97.905,28.301,0,0,1,0,5
PPG,4,110812,4434031552,132,34824,35305,37729.949,-2424.949,-1535.078,0,0,0,0,68.18,68.18,2,1,528,nan,4,0,40,1,1,28,28,0,0,0,140448020,0.03833,0.00366,0.94653,0.94732,-0.00612,-0.00135,-0.00247,0.00673,0.95344,0.00414,0.00785,3,24030,0,7267,3.86696,3.95662,1.02318,76,1,84.420,136,1,3,14455,187491,0,0,0.000,97.887,28.075,0,0.000,97.905,28.301,0,0,1,0,5
PPG,4,110813,4434071552,130,34964,35475,37707.398,-2232.398,-924.621,0,0,0,0,68.18,68.18,2,1,528,nan,4,0,40,1,1,29,29,0,0,0,140472345,0.04077,0.00684,0.95386,0.95475,-0.00558,-0.00028,-0.00167,0.00584,0.95475,0.00717,0.00598,2,12159,0,7267,3.86696,3.95662,1.02318,76,1,84.420,136,1,3,2609,187491,0,0,0.000,97.887,28.075,0,0.000,97.905,28.301,0,0,1,0,5
PPG,4,110814,4434111552,518,34720,35272,37683.043,-2411.043,-242.316,0,0,0,0,68.18,68.18,2,1,528,nan,4,0,40,1,1,30,30,0,0,0,140516627,0.03931,0.00586,0.95288,0.95371,-0.00558,-0.00135,-0.00087,0.00581,0.95611,0.00295,0.00679,3,12128,0,7267,5.93646,5.97928,1.00721,76,1,84.820,115,1,3,4308,187491,0,0,0.000,97.887,28.075,0,0.000,97.905,28.301,0,0,1,0,5
PPG,4,110815,4434151552,203,34447,35013,37656.344,-2643.344,384.148,0,0,0,0,68.18,68.18,2,1,528,nan,4,0,40,1,1,31,31,0,0,0,140556020,0.03687,0.00806,0.94727,0.94802,-0.00479,-0.00055,-0.00087,0.00489,0.95256,0.00455,0.00554,3,12115,0,7267,5.93646,5.97928,1.00721,76,1,84.820,115,1,3,2600,187491,0,0,0.000,97.887,28.075,0,0.000,97.905,28.301,0,0,1,0,5
PPG,4,110816,4434191552,132,33987,34563,37625.410,-3062.410,822.387,0,0,0,0,68.18,68.18,2,1,528,nan,4,0,40,1,1,0,0,0,0,0,140597743,0.04053,0.00171,0.95313,0.95399,-0.00505,-0.00001,-0.00034,0.00506,0.95418,0.00617,0.00562,3,12147,0,7267,5.93646,5.97928,1.00721,76,1,84.820,115,1,3,4298,187491,0,0,0.000,97.887,28.075,0,0.000,97.905,28.301,0,0,1,0,5
PPG,4,110817,4434231552,128,34134,34734,37596.496,-2862.496,1104.266,0,0,0,0,68.18,68.18,2,1,528,nan,4,0,40,1,1,1,1,0,0,0,140636715,0.04150,0.00635,0.94849,0.94942,-0.00665,-0.00028,-0.00087,0.00671,0.94942,0.00628,0.00671,3,12126,0,7267,5.93646,5.97928,1.00721,76,1,84.820,115,1,3,4301,187491,0,0,0.000,97.887,28.075,0,0.000,97.905,28.301,0,0,1,0,5
PPG,4,110818,4434271552,129,34406,34983,37570.359,-2587.359,1281.184,0,0,0,0,68.18,68.18,2,1,528,nan,4,0,40,1,1,2,2,0,0,0,140675668,0.04199,0.00537,0.95459,0.95553,-0.00585,-0.00081,-0.00061,0.00594,0.95553,0.00768,0.00630,3,12118,0,7267,5.93646,5.97928,1.00721,76,1,84.820,115,1,3,2599,187491,0,0,0.000,97.887,28.075,0,0.000,97.905,28.301,0,0,1,0,5
PPG,4,110819,4434311552,128,34304,34781,37542.465,-2761.465,1299.531,0,0,0,0,68.18,68.18,2,1,528,nan,4,0,40,1,1,3,3,0,0,0,140717280,0.03687,0.00708,0.95386,0.95460,-0.00665,-0.00028,-0.00194,0.00693,0.95488,0.00404,0.00693,3,12131,0,7267,5.93646,5.97928,1.00721,76,1,84.820,115,1,3,4298,187491,0,0,0.000,97.887,28.075,0,0.000,97.905,28.301,0,0,1,0,5
PPG,4,110820,4434351552,234,33632,33986,37506.898,-3520.898,1131.066,0,0,0,0,68.18,68.18,2,1,528,nan,4,0,40,1,1,4,4,0,0,0,140756220,0.03979,0.00684,0.94897,0.94983,-0.00612,-0.00055,-0.00034,0.00615,0.95529,0.00546,0.00642,3,12109,0,7267,5.93646,5.97928,1.00721,76,1,84.820,115,1,3,2600,187491,0,0,0.000,97.887,28.075,0,0.000,97.905,28.301,0,0,1,0,5
PPG,4,110821,4434391552,129,32726,33021,37462.039,-4441.039,823.094,0,0,0,0,68.18,68.18,2,1,528,nan,4,0,40,1,1,5,5,0,0,0,140797942,0.04053,0.00757,0.95117,0.95207,-0.00692,-0.00081,-0.00114,0.00706,0.95704,0.00721,0.00706,3,12171,0,7267,5.93646,5.97928,1.00721,76,1,84.820,115,1,3,4294,187491,0,0,0.000,97.887,28.075,0,0.000,97.905,28.301,0,0,1,0,5
PPG,4,110822,4434431552,129,31880,32159,37409.008,-5250.008,428.328,0,0,0,0,68.18,68.18,2,1,528,nan,4,0,40,1,1,6,6,0,0,0,140836907,0.04175,0.00586,0.94727,0.94820,-0.00612,-0.00028,-0.00114,0.00623,0.95102,0.00593,0.00649,3,12124,0,7267,5.93646,5.97928,1.00721,76,1,84.820,115,1,3,4296,187491,0,0,0.000,97.887,28.075,0,0.000,97.905,28.301,0,0,1,0,5
PPG,4,110823,4434471552,128,31201,31494,37349.859,-5855.859,24.699,0,0,0,0,68.18,68.18,2,1,528,nan,4,0,40,1,1,7,7,0,0,0,140875843,0.03809,0.00537,0.95605,0.95683,-0.00558,-0.00081,-0.00167,0.00589,0.95683,0.00613,0.00654,3,12116,0,7267,5.93646,5.97928,1.00721,76,1,84.820,115,1,3,2595,187491,0,0,0.000,97.887,28.075,0,0.000,97.905,28.301,0,0,1,0,5
PPG,4,110824,4434511552,129,31171,31482,37291.180,-5809.180,-388.719,0,0,0,0,68.18,68.18,2,1,528,nan,4,0,40,1,1,8,8,0,0,0,140917429,0.03784,0.00586,0.94946,0.95023,-0.00665,-0.00081,-0.00141,0.00685,0.95978,0.00556,0.00685,3,12113,0,7267,5.93646,5.97928,1.00721,76,1,84.820,115,1,3,4298,187491,0,0,0.000,97.887,28.075,0,0.000,97.905,28.301,0,0,1,0,5
PPG,4,110825,4434551552,128,31886,32281,37241.078,-4960.078,-751.471,0,0,0,0,68.18,68.18,2,1,528,nan,4,0,40,1,1,9,9,0,0,0,140956384,0.03809,0.00928,0.95020,0.95100,-0.00638,-0.00055,-0.00167,0.00662,0.95600,0.00577,0.00662,3,12120,0,7267,5.93646,5.97928,1.00721,76,1,84.820,115,1,3,4300,187491,0,0,0.000,97.887,28.075,0,0.000,97.905,28.301,0,0,1,0,5
PPG,4,110826,4434591552,129,32874,33263,37201.297,-3938.297,-1015.178,0,0,0,0,68.18,68.18,2,1,528,nan,4,0,40,1,1,10,10,0,0,0,140995352,0.03662,0.00586,0.95215,0.95287,-0.00638,-0.00135,-0.00141,0.00667,0.95611,0.00459,0.00670,3,12137,0,7267,5.93646,5.97928,1.00721,76,1,84.820,115,1,3,2605,187491,0,0,0.000,97.887,28.075,0,0.000,97.905,28.301,0,0,1,0,5
PPG,4,110827,4434631552,150,33218,33589,37165.176,-3576.176,-1170.393,1,0,1,1240,63.83,63.83,2,1,528,nan,4,0,40,1,1,11,11,0,0,0,141036968,0.03882,0.00464,0.95386,0.95466,-0.00479,-0.00028,-0.00087,0.00487,0.95517,0.00183,0.00602,3,12125,0,7267,5.93646,5.97928,1.00721,76,1,84.820,115,1,3,4301,187491,0,0,4472.328,97.887,28.075,1,4672.002,97.905,28.301,1,1,1,0,5
PPG,4,110828,4434671552,129,32542,32898,37122.504,-4224.504,-1256.766,0,0,0,0,63.83,63.83,2,1,528,nan,4,0,40,1,1,12,12,0,0,0,141075981,0.03955,0.00269,0.95020,0.95102,-0.00585,-0.00161,-0.00194,0.00637,0.95521,0.00322,0.00699,3,12115,0,7267,5.93646,5.97928,1.00721,76,1,84.820,115,1,3,2595,187491,0,0,0.000,118.542,38.008,0,0.000,119.783,38.870,0,0,1,0,5
PPG,4,110829,4434711552,128,31691,32041,37071.688,-5030.688,-1271.521,0,0,0,0,63.83,63.83,2,1,528,nan,4,0,40,1,1,13,13,0,0,0,141117602,0.03882,0.01343,0.94995,0.95084,-0.00665,-0.00028,-0.00114,0.00675,0.95694,0.00985,0.00675,3,12121,0,7267,5.93646,5.97928,1.00721,76,1,84.820,115,1,3,4295,187491,0,0,0.000,118.542,38.008,0,0.000,119.783,38.870,0,0,1,0,5
PPG,4,110830,4434751552,132,31038,31391,37014.879,-5623.879,-1191.336,0,0,0,0,63.83,63.83,2,1,528,nan,4,0,40,1,1,14,14,0,0,0,141156689,0.03809,0.00732,0.95581,0.95660,-0.00585,0.00079,-0.00300,0.00662,0.95660,0.00439,0.00662,3,12137,0,7267,5.93646,5.97928,1.00721,76,1,84.820,115,1,3,4299,187491,0,0,0.000,118.542,38.008,0,0.000,119.783,38.870,0,0,1,0,5
PPG,4,110831,4434791552,129,30976,31358,36958.309,-5600.309,-1051.449,0,0,0,0,63.83,63.83,2,1,528,nan,4,0,40,1,1,15,15,0,0,0,141195679,0.04248,0.00635,0.95532,0.95629,-0.00505,0.00052,-0.00167,0.00535,0.95629,0.00716,0.00673,3,12129,0,7267,5.93646,5.97928,1.00721,76,1,84.820,115,1,3,2601,187491,0,0,0.000,118.542,38.008,0,0.000,119.783,38.870,0,0,1,0,5
PPG,4,110832,4434831552,130,31943,32389,36912.617,-4523.617,-890.221,0,0,0,0,63.83,63.83,2,1,528,nan,4,0,40,1,1,16,16,0,0,0,141237312,0.04028,0.00635,0.94189,0.94278,-0.00505,-0.00055,-0.00247,0.00565,0.95548,0.01271,0.00599,3,12133,0,7267,5.93646,5.97928,1.00721,76,1,84.820,115,1,3,4299,187491,0,0,0.000,118.542,38.008,0,0.000,119.783,38.870,0,0,1,0,5
PPG,4,110833,4434871552,129,32676,33126,36874.750,-3748.750,-792.342,0,0,0,0,63.83,63.83,2,1,528,nan,4,0,40,1,1,17,17,0,0,0,141276279,0.03589,0.00537,0.95264,0.95333,-0.00585,-0.00055,-0.00194,0.00619,0.95333,0.00754,0.00619,3,12127,0,7267,5.93646,5.97928,1.00721,76,1,84.820,115,1,3,2598,187491,0,0,0.000,118.542,38.008,0,0.000,119.783,38.870,0,0,1,0,5
PPG,4,110834,4434911552,181,32279,32743,36833.434,-4090.434,-786.750,0,0,0,0,63.83,63.83,2,1,528,nan,4,0,40,1,1,18,18,0,0,0,141318038,0.04077,0.00854,0.96240,0.96330,-0.00558,-0.00081,-0.00087,0.00571,0.96330,0.01390,0.00676,3,12268,0,7267,5.93646,5.97928,1.00721,76,1,84.820,115,1,3,4351,187491,0,0,0.000,118.542,38.008,0,0.000,119.783,38.870,0,0,1,0,5
PPG,4,110835,4434951552,249,31195,31615,36781.250,-5166.250,-800.137,0,0,0,0,63.83,63.83,2,1,528,nan,4,0,40,1,1,19,19,0,0,0,141357291,0.04102,0.00415,0.95117,0.95206,-0.00638,-0.00108,-0.00141,0.00663,0.95363,0.01155,0.00663,3,12117,0,7267,5.93646,5.97928,1.00721,76,1,84.820,115,1,3,4300,187491,0,0,0.000,118.542,38.008,0,0.000,119.783,38.870,0,0,1,0,5
PPG,4,110836,4434991552,131,30728,31188,36725.316,-5537.316,-753.242,0,0,0,0,63.83,63.83,2,1,528,nan,4,0,40,1,1,20,20,0,0,0,141396498,0.03882,0.00488,0.95386,0.95466,-0.00585,-0.00028,-0.00194,0.00617,0.95890,0.00981,0.00617,3,12114,0,7267,5.93646,5.97928,1.00721,76,1,84.820,115,1,3,4307,187491,0,0,0.000,118.542,38.008,0,0.000,119.783,38.870,0,0,1,0,5
PPG,4,110837,4435031552,134,31600,32122,36679.285,-4557.285,-518.215,0,0,0,0,63.83,63.83,2,1,528,nan,4,0,40,1,1,21,21,0,0,0,141447803,0.04053,0.00562,0.94702,0.94790,-0.00585,-0.00001,-0.00114,0.00596,0.95297,0.00507,0.00634,3,24416,0,7268,5.93646,5.97928,1.00721,76,1,84.820,115,1,3,14845,187491,0,0,0.000,118.542,38.008,0,0.000,119.783,38.870,0,0,1,0,5
PPG,4,110838,4435071552,133,33009,33570,36648.191,-3078.191,-131.564,0,0,0,0,63.83,63.83,2,1,528,nan,4,0,40,1,1,22,22,0,0,0,141472270,0.04004,0.00830,0.95752,0.95839,-0.00585,0.00079,-0.00114,0.00601,0.95967,0.01177,0.00626,2,12305,0,7268,5.93646,5.97928,1.00721,76,1,84.820,115,1,3,2599,187491,0,0,0.000,118.542,38.008,0,0.000,119.783,38.870,0,0,1,0,5
PPG,4,110839,4435111552,552,34612,35175,36633.461,-1458.461,246.734,0,0,0,0,63.83,63.83,2,1,528,nan,4,0,40,1,1,23,23,0,0,0,141516740,0.03833,0.00586,0.95166,0.95245,-0.00638,-0.00135,-0.00247,0.00698,0.95245,0.01113,0.00698,3,12343,0,7268,7.18724,7.22691,1.00552,81,1,84.862,115,1,3,4320,187491,0,0,0.000,118.542,38.008,0,0.000,119.783,38.870,0,0,1,0,5
PPG,4,110840,4435151552,186,35046,35598,36623.105,-1025.105,519.279,0,0,0,0,63.83,63.83,2,1,528,nan,4,0,40,1,1,24,24,0,0,0,141556506,0.04053,0.00903,0.95142,0.95232,-0.00665,-0.00081,-0.00114,0.00680,0.95232,0.00253,0.00680,3,12244,0,7268,7.18724,7.22691,1.00552,81,1,84.862,115,1,3,4350,187491,0,0,0.000,118.542,38.008,0,0.000,119.783,38.870,0,0,1,0,5
PPG,4,110841,4435191552,195,34162,34710,36603.973,-1893.973,715.830,0,0,0,0,63.83,63.83,2,1,528,nan,4,0,40,1,1,25,25,0,0,0,141595882,0.04443,0.00928,0.95435,0.95542,-0.00692,0.00025,-0.00114,0.00701,0.95542,0.00533,0.00701,3,12219,0,7268,7.18724,7.22691,1.00552,81,1,84.862,115,1,3,2633,187491,0,0,431.164,118.542,38.008,1,0.000,119.783,38.870,0,0,1,0,5
PPG,4,110842,4435231552,160,33238,33736,36575.293,-2839.293,939.980,1,0,1,580,68.18,68.18,2,1,528,nan,4,0,40,1,1,26,26,0,0,0,141638133,0.04028,0.00391,0.95386,0.95472,-0.00612,-0.00028,-0.00114,0.00623,0.96036,0.00493,0.00714,3,12248,0,7268,7.18724,7.22691,1.00552,81,1,84.862,115,1,3,4333,187491,0,0,0.000,118.542,38.008,0,484.771,119.783,38.870,1,1,1,0,5
PPG,4,110843,4435271552,134,32967,33354,36543.078,-3189.078,1156.406,0,0,0,0,68.18,68.18,2,1,528,nan,4,0,40,1,1,27,27,0,0,0,141677579,0.03857,0.00659,0.95337,0.95417,-0.00638,-0.00001,-0.00141,0.00654,0.95417,0.00492,0.00662,3,12246,0,7268,7.18724,7.22691,1.00552,81,1,84.862,115,1,3,4314,187491,0,0,0.000,111.358,34.553,0,0.000,112.756,35.475,0,0,1,0,5
PPG,4,110844,4435311552,132,33321,33656,36514.207,-2858.207,1266.852,0,0,0,0,68.18,68.18,2,1,528,nan,4,0,40,1,1,28,28,0,0,0,141716946,0.03735,0.00586,0.95239,0.95314,-0.00585,0.00052,-0.00141,0.00604,0.95358,0.00060,0.00626,3,12345,0,7268,7.18724,7.22691,1.00552,81,1,84.862,115,1,3,4338,187491,0,0,0.000,111.358,34.553,0,0.000,112.756,35.475,0,0,1,0,5
PPG,4,110845,4435351552,132,34350,34690,36495.965,-1805.965,1306.398,0,0,0,0,68.18,68.18,2,1,528,nan,4,0,40,1,1,29,29,0,0,0,141756266,0.04272,0.00903,0.95068,0.95169,-0.00665,-0.00028,-0.00194,0.00693,0.95718,0.00493,0.00693,3,12251,0,7268,7.18724,7.22691,1.00552,81,1,84.862,115,1,3,2613,187491,0,0,0.000,111.358,34.553,0,0.000,112.756,35.475,0,0,1,0,5
PPG,4,110846,4435391552,225,35075,35406,36485.066,-1079.066,1232.250,0,0,0,0,68.18,68.18,2,1,528,nan,4,0,40,1,1,30,30,0,0,0,141798220,0.03711,0.00610,0.95215,0.95289,-0.00585,-0.00108,-0.00141,0.00611,0.95647,0.00476,0.00703,3,12265,0,7268,7.18724,7.22691,1.00552,81,1,84.862,115,1,3,4344,187491,0,0,0.000,111.358,34.553,0,0.000,112.756,35.475,0,0,1,0,5
PPG,4,110847,4435431552,139,34935,35272,36472.938,-1200.938,1101.531,0,0,0,0,68.18,68.18,2,1,528,nan,4,0,40,1,1,31,31,0,0,0,141837683,0.03979,0.00928,0.95654,0.95742,-0.00718,-0.00108,-0.00194,0.00752,0.96166,0.01132,0.00752,3,12241,0,7268,7.18724,7.22691,1.00552,81,1,84.862,115,1,3,4325,187491,0,0,0.000,111.358,34.553,0,0.000,112.756,35.475,0,0,1,0,5
PPG,4,110848,4435471552,130,34456,34825,36456.457,-1631.457,1021.605,0,0,0,0,68.18,68.18,2,1,528,nan,4,0,40,1,1,0,0,0,0,0,141877009,0.04248,0.00562,0.94849,0.94945,-0.00585,-0.00135,-0.00221,0.00640,0.95512,0.00759,0.00693,3,12223,0,7268,7.18724,7.22691,1.00552,81,1,84.862,115,1,3,4347,187491,0,0,0.000,111.358,34.553,0,0.000,112.756,35.475,0,0,1,0,5
PPG,4,110849,4435511552,128,34425,34816,36440.051,-1624.051,1037.145,0,0,0,0,68.18,68.18,2,1,528,nan,4,0,40,1,1,1,1,0,0,0,141916414,0.03809,0.00757,0.94971,0.95050,-0.00558,0.00079,-0.00114,0.00575,0.95832,0.00887,0.00623,3,12297,0,7268,7.18724,7.22691,1.00552,81,1,84.862,115,1,3,2636,187491,0,0,0.000,111.358,34.553,0,0.000,112.756,35.475,0,0,1,0,5
PPG,4,110850,4435551552,132,35065,35462,36430.270,-968.270,1134.734,0,0,0,0,68.18,68.18,2,1,528,nan,4,0,40,1,1,2,2,0,0,0,141958366,0.03540,0.00391,0.95190,0.95257,-0.00558,0.00079,-0.00114,0.00575,0.95257,0.00196,0.00680,3,12240,0,7268,7.18724,7.22691,1.00552,81,1,84.862,115,1,3,4331,187491,0,0,0.000,111.358,34.553,0,0.000,112.756,35.475,0,0,1,0,5
PPG,4,110851,4435591552,134,36405,36786,36433.828,352.172,1310.480,0,0,0,0,68.18,68.18,2,1,528,nan,4,0,40,1,1,3,3,0,0,0,141997607,0.03955,0.00122,0.94824,0.94907,-0.00585,0.00079,-0.00247,0.00640,0.95872,0.00966,0.00669,3,12223,0,7268,7.18724,7.22691,1.00552,81,1,84.862,115,1,3,4337,187491,0,0,0.000,111.358,34.553,0,0.000,112.756,35.475,0,0,1,0,5
PPG,4,110852,4435631552,130,37047,37392,36443.410,948.590,1446.328,0,0,0,0,68.18,68.18,2,1,528,nan,4,0,40,1,1,4,4,0,0,0,142036953,0.03784,0.00830,0.94751,0.94830,-0.00532,-0.00028,-0.00194,0.00567,0.95555,0.00725,0.00649,3,12241,0,7268,7.18724,7.22691,1.00552,81,1,84.862,115,1,3,4332,187491,0,0,0.000,111.358,34.553,0,0.000,112.756,35.475,0,0,1,0,5
PPG,4,110853,4435671552,148,36661,37046,36449.438,596.562,1484.613,1,0,1,460,68.18,68.18,2,1,16,nan,4,0,40,1,1,5,5,0,0,0,142076237,0.03955,0.00562,0.95532,0.95616,-0.00558,-0.00028,-0.00141,0.00577,0.95616,0.00581,0.00635,3,12246,0,7268,7.18724,7.22691,1.00552,81,1,84.862,115,1,3,2622,187491,0,0,2085.842,111.358,34.553,1,2106.535,112.756,35.475,1,1,1,0,6
PPG,4,110854,4435711552,225,35949,36371,36448.652,-77.652,1460.215,0,0,0,0,68.18,68.18,2,1,16,nan,4,0,40,1,1,6,6,0,0,0,142118327,0.03882,0.00977,0.95142,0.95226,-0.00585,0.00025,-0.00167,0.00609,0.95226,0.00946,0.00656,3,12237,0,7268,7.18724,7.22691,1.00552,81,1,84.862,115,1,3,4341,187491,0,0,0.000,115.413,36.503,0,0.000,116.743,37.402,0,0,1,0,6
PPG,4,110855,4435751552,133,35455,35929,36443.457,-514.457,1402.230,0,0,0,0,68.18,68.18,2,1,16,nan,4,0,40,1,1,7,7,0,0,0,142157644,0.04077,0.00513,0.94653,0.94742,-0.00479,-0.00135,-0.00167,0.00524,0.95444,0.00702,0.00630,3,12218,0,7268,7.18724,7.22691,1.00552,81,1,84.862,115,1,3,4396,187491,0,0,0.000,115.413,36.503,0,0.000,116.743,37.402,0,0,1,0,6
PPG,4,110856,4435791552,134,36051,36533,36444.352,88.648,1380.266,0,0,0,0,68.18,68.18,2,1,16,nan,4,0,40,1,1,8,8,0,0,0,142196720,0.04077,0.00146,0.95264,0.95351,-0.00585,-0.00028,-0.00141,0.00602,0.95351,0.00620,0.00637,3,12142,0,7268,7.18724,7.22691,1.00552,81,1,84.862,115,1,3,4294,187491,0,0,0.000,115.413,36.503,0,0.000,116.743,37.402,0,0,1,0,6
PPG,4,110857,4435831552,129,37217,37678,36456.688,1221.312,1419.035,0,0,0,0,68.18,68.18,2,1,16,nan,4,0,40,1,1,9,9,0,0,0,142235700,0.03784,0.00757,0.95093,0.95171,-0.00612,-0.00028,-0.00167,0.00635,0.95388,0.00583,0.00635,3,12135,0,7268,7.18724,7.22691,1.00552,81,1,84.862,115,1,3,2618,187491,0,0,0.000,115.413,36.503,0,0.000,116.743,37.402,0,0,1,0,6
PPG,4,110858,4435871552,223,37643,38085,36472.969,1612.031,1378.855,0,0,0,0,68.18,68.18,2,1,16,nan,4,0,40,1,1,10,10,0,0,0,142277385,0.04126,0.00732,0.95215,0.95307,-0.00585,-0.00081,-0.00247,0.00640,0.95590,0.00283,0.00640,3,12128,0,7268,7.18724,7.22691,1.00552,81,1,84.862,115,1,3,4300,187491,0,0,0.000,116.672,35.376,0,0.000,116.628,37.512,0,0,1,0,6
PPG,4,110859,4435911552,128,37211,37694,36485.180,1208.820,1296.051,0,0,0,0,68.18,68.18,2,1,16,nan,4,0,40,1,1,11,11,0,0,0,142316468,0.04297,0.00586,0.95044,0.95143,-0.00638,-0.00135,-0.00194,0.00681,0.95639,0.00944,0.00681,3,12122,0,7268,7.18724,7.22691,1.00552,81,1,84.862,115,1,3,2616,187491,0,0,0.000,116.672,35.376,0,0.000,116.628,37.512,0,0,1,0,6
PPG,4,110860,4435951552,129,36721,37207,36492.398,714.602,1238.602,0,0,0,0,68.18,68.18,2,1,16,nan,4,0,40,1,1,12,12,0,0,0,142358091,0.04126,0.00635,0.94800,0.94892,-0.00798,-0.00081,-0.00167,0.00820,0.95046,0.00097,0.00820,3,12115,0,7268,7.18724,7.22691,1.00552,81,1,84.862,115,1,3,4297,187491,0,0,0.000,116.672,35.376,0,0.000,116.628,37.512,0,0,1,0,6
PPG,4,110861,4435991552,144,36364,36870,36496.176,373.824,1201.887,1,0,0,0,68.18,68.18,2,1,528,nan,4,0,40,1,1,13,13,0,0,0,142397076,0.04150,0.00586,0.96069,0.96161,-0.00612,-0.00135,-0.00087,0.00632,0.96161,0.01353,0.00710,3,12118,0,7268,7.18724,7.22691,1.00552,81,1,84.862,115,1,3,4305,187491,0,0,457.766,116.672,35.376,1,463.008,116.628,37.512,1,0,1,0,5
PPG,4,110862,4436031552,131,36668,37197,36503.184,693.816,1209.980,0,0,0,0,68.18,68.18,2,1,528,nan,4,0,40,1,1,14,14,0,0,0,142448049,0.04028,0.00464,0.95117,0.95204,-0.00585,-0.00108,-0.00194,0.00626,0.95830,0.01182,0.00654,3,24072,0,7269,7.18724,7.22691,1.00552,81,1,84.862,115,1,3,14462,187491,0,0,0.000,116.672,35.376,0,0.000,116.628,37.512,0,0,1,0,5
PPG,4,110863,4436071552,224,37598,38124,36519.391,1604.609,1198.766,0,0,0,0,68.18,68.18,2,1,528,nan,4,0,40,1,1,15,15,0,0,0,142472379,0.03711,0.00684,0.94775,0.94850,-0.00558,-0.00028,-0.00221,0.00601,0.95570,0.00719,0.00644,2,12166,0,7269,7.18724,7.22691,1.00552,81,1,84.862,115,1,3,2585,187491,0,0,0.000,113.598,38.261,0,0.000,113.772,40.459,0,0,1,0,5
PPG,4,110864,4436111552,523,37769,38202,36536.215,1665.785,1046.320,0,0,0,0,68.18,68.18,2,1,528,nan,4,0,40,1,1,16,16,0,0,0,142516626,0.03882,0.00659,0.95776,0.95857,-0.00532,-0.00081,-0.00061,0.00541,0.95857,0.00485,0.00622,3,12112,0,7269,6.57213,6.60895,1.00560,81,1,84.860,115,1,3,2596,187491,0,0,0.000,113.598,38.261,0,0.000,113.772,40.459,0,0,1,0,5
PPG,4,110865,4436151552,183,36528,36818,36539.031,278.969,758.922,0,0,0,0,68.18,68.18,2,1,528,nan,4,0,40,1,1,17,17,0,0,0,142558681,0.03784,0.00586,0.95264,0.95341,-0.00585,-0.00135,-0.00114,0.00611,0.95341,0.00999,0.00611,3,12112,0,7269,6.57213,6.60895,1.00560,81,1,84.860,115,1,3,4296,187491,0,0,0.000,113.598,38.261,0,0.000,113.772,40.459,0,0,1,0,5
PPG,4,110866,4436191552,130,35093,35356,36527.199,-1171.199,427.422,0,0,0,0,68.18,68.18,2,1,528,nan,4,0,40,1,1,18,18,0,0,0,142597700,0.04102,0.00439,0.94922,0.95011,-0.00452,0.00025,-0.00061,0.00457,0.95079,0.00801,0.00609,3,12118,0,7269,6.57213,6.60895,1.00560,81,1,84.860,115,1,3,4295,187491,0,0,0.000,113.598,38.261,0,0.000,113.772,40.459,0,0,1,0,5
PPG,4,110867,4436231552,129,34637,34899,36510.918,-1611.918,116.355,0,0,0,0,68.18,68.18,2,1,528,nan,4,0,40,1,1,19,19,0,0,0,142636668,0.03760,0.00464,0.95435,0.95510,-0.00505,0.00052,-0.00194,0.00544,0.95510,0.00178,0.00583,3,12133,0,7269,6.57213,6.60895,1.00560,81,1,84.860,115,1,3,2630,187491,0,0,0.000,113.598,38.261,0,0.000,113.772,40.459,0,0,1,0,5
PPG,4,110868,4436271552,194,34789,35079,36496.598,-1417.598,-152.199,0,0,0,0,68.18,68.18,2,1,528,nan,4,0,40,1,1,20,20,0,0,0,142678481,0.04297,0.00952,0.95605,0.95707,-0.00558,0.00025,-0.00114,0.00571,0.95707,0.00627,0.00628,3,12265,0,7269,6.57213,6.60895,1.00560,81,1,84.860,115,1,3,4362,187491,0,0,0.000,113.598,38.261,0,0.000,113.772,40.459,0,0,1,0,5
PPG,4,110869,4436311552,129,36161,36464,36496.273,-32.273,-339.316,0,0,0,0,68.18,68.18,2,1,528,nan,4,0,40,1,1,21,21,0,0,0,142717869,0.04077,0.00830,0.95044,0.95135,-0.00612,-0.00001,-0.00087,0.00618,0.95278,0.00558,0.00618,3,12203,0,7269,6.57213,6.60895,1.00560,81,1,84.860,115,1,3,4300,187491,0,0,0.000,113.598,38.261,0,0.000,113.772,40.459,0,0,1,0,5
PPG,4,110870,4436351552,130,37807,38088,36512.191,1575.809,-475.754,0,0,0,0,68.18,68.18,2,1,528,nan,4,0,40,1,1,22,22,0,0,0,142756857,0.04321,0.00610,0.95117,0.95217,-0.00505,-0.00108,-0.00114,0.00529,0.95468,0.00778,0.00639,3,12114,0,7269,6.57213,6.60895,1.00560,81,1,84.860,115,1,3,4305,187491,0,0,0.000,113.598,38.261,0,0.000,113.772,40.459,0,0,1,0,5
PPG,4,110871,4436391552,129,38092,38335,36530.418,1804.582,-534.207,0,0,0,0,68.18,68.18,2,1,528,nan,4,0,40,1,1,23,23,0,0,0,142795980,0.04175,0.00537,0.94580,0.94674,-0.00718,-0.00108,-0.00194,0.00752,0.95802,0.01034,0.00752,3,12268,0,7269,6.57213,6.60895,1.00560,81,1,84.860,115,1,3,2594,187491,0,0,0.000,113.598,38.261,0,0.000,113.772,40.459,0,0,1,0,5
PPG,4,110872,4436431552,133,37040,37312,36538.234,773.766,-459.637,0,0,0,0,68.18,68.18,2,1,528,nan,4,0,40,1,1,24,24,0,0,0,142837715,0.04102,0.00806,0.95215,0.95307,-0.00558,-0.00081,-0.00114,0.00576,0.95869,0.01225,0.00672,3,12155,0,7269,6.57213,6.60895,1.00560,81,1,84.860,115,1,3,4321,187491,0,0,0.000,113.598,38.261,0,0.000,113.772,40.459,0,0,1,0,5
PPG,4,110873,4436471552,130,36307,36608,36538.934,69.066,-258.879,0,0,0,0,68.18,68.18,2,1,528,nan,4,0,40,1,1,25,25,0,0,0,142877076,0.03809,0.00269,0.95264,0.95340,-0.00692,-0.00055,-0.00114,0.00703,0.95340,0.00424,0.00703,3,12220,0,7269,6.57213,6.60895,1.00560,81,1,84.860,115,1,3,4345,187491,0,0,0.000,113.598,38.261,0,0.000,113.772,40.459,0,0,1,0,5
PPG,4,110874,4436511552,131,36302,36635,36539.895,95.105,-24.078,0,0,0,0,68.18,68.18,2,1,528,nan,4,0,40,1,1,26,26,0,0,0,142916417,0.04126,0.00708,0.94727,0.94819,-0.00479,0.00052,-0.00221,0.00529,0.95542,0.00630,0.00619,3,12286,0,7269,6.57213,6.60895,1.00560,81,1,84.860,115,1,3,2636,187491,0,0,0.000,113.598,38.261,0,0.000,113.772,40.459,0,0,1,0,5
PPG,4,110875,4436551552,129,37054,37407,36548.566,858.434,234.594,0,0,0,0,68.18,68.18,2,1,528,nan,4,0,40,1,1,27,27,0,0,0,142958405,0.03760,0.00537,0.94873,0.94949,-0.00532,-0.00001,-0.00114,0.00544,0.95687,0.00738,0.00649,3,12240,0,7269,6.57213,6.60895,1.00560,81,1,84.860,115,1,3,4324,187491,0,0,0.000,113.598,38.261,0,0.000,113.772,40.459,0,0,1,0,5
PPG,4,110876,4436591552,143,38577,38902,36572.102,2329.898,464.430,0,0,0,0,68.18,68.18,2,1,528,nan,4,0,40,1,1,28,28,0,0,0,142997687,0.04175,0.00317,0.95337,0.95429,-0.00558,0.00052,-0.00141,0.00578,0.95429,0.00414,0.00622,3,12239,0,7269,6.57213,6.60895,1.00560,81,1,84.860,115,1,3,4337,187491,0,0,0.000,113.598,38.261,0,0.000,113.772,40.459,0,0,1,0,5
PPG,4,110877,4436631552,130,39716,40018,36606.559,3411.441,623.145,0,0,0,0,68.18,68.18,2,1,528,nan,4,0,40,1,1,29,29,0,0,0,143036978,0.04053,0.00757,0.94556,0.94646,-0.00585,-0.00135,-0.00114,0.00611,0.95549,0.00904,0.00651,3,12201,0,7269,6.57213,6.60895,1.00560,81,1,84.860,115,1,3,4373,187491,0,0,0.000,113.598,38.261,0,0.000,113.772,40.459,0,0,1,0,5
PPG,4,110878,4436671552,130,39185,39503,36635.523,2867.477,719.102,0,0,0,0,68.18,68.18,2,1,528,nan,4,0,40,1,1,30,30,0,0,0,143076380,0.04028,0.00757,0.94922,0.95010,-0.00692,-0.00081,-0.00034,0.00697,0.95786,0.00775,0.00701,3,12251,0,7269,6.57213,6.60895,1.00560,81,1,84.860,115,1,3,2635,187491,0,0,0.000,113.598,38.261,0,0.000,113.772,40.459,0,0,1,0,5
PPG,4,110879,4436711552,129,37755,38139,36650.559,1488.441,814.996,0,0,0,0,68.18,68.18,2,1,528,nan,4,0,40,1,1,31,31,0,0,0,143118332,0.04126,0.01123,0.95093,0.95189,-0.00558,-0.00081,-0.00221,0.00606,0.95449,0.00465,0.00630,3,12217,0,7269,6.57213,6.60895,1.00560,81,1,84.860,115,1,3,4338,187491,0,0,0.000,113.598,38.261,0,0.000,113.772,40.459,0,0,1,0,5
PPG,4,110880,4436751552,142,36916,37359,36657.645,701.355,914.680,0,0,0,0,68.18,68.18,2,1,528,nan,4,0,40,1,1,0,0,0,0,0,143157677,0.04175,0.01147,0.95435,0.95533,-0.00505,-0.00135,-0.00141,0.00541,0.95533,0.00403,0.00598,3,12263,0,7269,6.57213,6.60895,1.00560,81,1,84.860,115,1,3,4336,187491,0,0,0.000,113.598,38.261,0,0.000,113.772,40.459,0,0,1,0,5
PPG,4,110881,4436791552,130,36644,37127,36662.340,464.660,972.113,0,0,0,0,68.18,68.18,2,1,528,nan,4,0,40,1,1,1,1,0,0,0,143196970,0.03638,0.01074,0.95288,0.95364,-0.00558,0.00132,-0.00141,0.00591,0.95536,0.00105,0.00591,3,12227,0,7269,6.57213,6.60895,1.00560,81,1,84.860,115,1,3,4344,187491,0,0,0.000,113.598,38.261,0,0.000,113.772,40.459,0,0,1,0,5
PPG,4,110882,4436831552,180,37089,37596,36671.676,924.324,979.164,0,0,0,0,68.18,68.18,2,1,528,nan,4,0,40,1,1,2,2,0,0,0,143236269,0.03418,0.00708,0.95117,0.95181,-0.00532,0.00079,-0.00194,0.00571,0.95482,0.00613,0.00596,3,12245,0,7269,6.57213,6.60895,1.00560,81,1,84.860,115,1,3,2628,187491,0,0,0.000,113.598,38.261,0,0.000,113.772,40.459,0,0,1,0,5
PPG,4,110883,4436871552,178,38378,38860,36693.559,2166.441,936.363,0,0,0,0,68.18,68.18,2,1,528,nan,4,0,40,1,1,3,3,0,0,0,143278259,0.03931,0.00513,0.94336,0.94419,-0.00558,-0.00108,-0.00141,0.00586,0.95850,0.00830,0.00586,3,12235,0,7269,6.57213,6.60895,1.00560,81,1,84.860,115,1,3,4332,187491,0,0,0.000,113.598,38.261,0,0.000,113.772,40.459,0,0,1,0,5
PPG,4,110884,4436911552,131,39307,39744,36724.062,3019.938,820.121,0,0,0,0,68.18,68.18,2,1,528,nan,4,0,40,1,1,4,4,0,0,0,143317575,0.03955,0.00562,0.95020,0.95103,-0.00585,-0.00055,-0.00141,0.00604,0.95103,0.00343,0.00611,3,12232,0,7269,6.57213,6.60895,1.00560,81,1,84.860,115,1,3,4332,187491,0,0,0.000,113.598,38.261,0,0.000,113.772,40.459,0,0,1,0,5
PPG,4,110885,4436951552,133,38781,39223,36749.051,2473.949,659.871,0,0,0,0,68.18,68.18,2,1,528,nan,4,0,40,1,1,5,5,0,0,0,143356933,0.03784,0.00610,0.95117,0.95194,-0.00638,-0.00135,-0.00221,0.00689,0.95752,0.00649,0.00699,3,12259,0,7269,6.57213,6.60895,1.00560,81,1,84.860,115,1,3,2624,187491,0,0,0.000,113.598,38.261,0,0.000,113.772,40.459,0,0,1,0,5
PPG,4,110886,4436991552,130,37465,37971,36761.270,1209.730,505.121,0,0,0,0,68.18,68.18,2,1,528,nan,4,0,40,1,1,6,6,0,0,0,143398790,0.03857,0.00806,0.94800,0.94882,-0.00558,-0.00108,-0.00141,0.00586,0.95803,0.00654,0.00586,3,12221,0,7269,6.57213,6.60895,1.00560,81,1,84.860,115,1,3,4337,187491,0,0,0.000,113.598,38.261,0,0.000,113.772,40.459,0,0,1,0,5
PPG,4,110887,4437031552,133,36670,37213,36765.785,447.215,368.566,0,0,0,0,68.18,68.18,2,1,528,nan,4,0,40,1,1,7,7,0,0,0,143447471,0.03931,0.00830,0.95337,0.95422,-0.00558,-0.00001,-0.00247,0.00611,0.95422,0.00459,0.00618,3,21616,0,7270,6.57213,6.60895,1.00560,81,1,84.860,115,1,3,14568,187491,0,0,0.000,113.598,38.261,0,0.000,113.772,40.459,0,0,1,0,5
PPG,4,110888,4437071552,134,36406,36876,36766.887,109.113,242.855,0,0,0,0,68.18,68.18,2,1,528,nan,4,0,40,1,1,8,8,0,0,0,143472029,0.03857,0.00903,0.94775,0.94858,-0.00638,0.00025,-0.00167,0.00660,0.95620,0.00762,0.00660,2,12321,0,7270,6.57213,6.60895,1.00560,81,1,84.860,115,1,3,2589,187491,0,0,0.000,113.598,38.261,0,0.000,113.772,40.459,0,0,1,0,5
PPG,4,110889,4437111552,518,37138,37486,36774.078,711.922,176.043,0,0,0,0,68.18,68.18,2,1,528,nan,4,0,40,1,1,9,9,0,0,0,143516419,0.04077,0.00586,0.94751,0.94840,-0.00558,-0.00055,-0.00194,0.00594,0.95000,0.00142,0.00644,3,12235,0,7270,6.68193,6.71870,1.00550,81,1,84.862,166,1,3,2618,187491,0,0,1361.152,113.598,38.261,1,0.000,113.772,40.459,0,0,1,0,5
PPG,4,110890,4437151552,203,38518,38720,36793.539,1926.461,124.445,1,0,1,1460,60.00,60.00,2,1,16,nan,4,0,40,1,1,10,10,0,0,0,143558537,0.03931,0.00879,0.95288,0.95373,-0.00638,-0.00055,-0.00114,0.00651,0.95417,0.00578,0.00651,3,12187,0,7270,6.68193,6.71870,1.00550,81,1,84.862,166,1,3,4331,187491,0,0,0.000,113.598,38.261,0,1513.371,113.772,40.459,1,1,1,0,6
PPG,4,110891,4437191552,130,39226,39365,36819.254,2545.746,18.801,0,0,0,0,60.00,60.00,2,1,16,nan,4,0,40,1,1,11,11,0,0,0,143597709,0.03784,0.00562,0.95093,0.95170,-0.00665,-0.00001,-0.00087,0.00671,0.95494,0.00306,0.00671,3,12150,0,7270,6.68193,6.71870,1.00550,81,1,84.862,166,1,3,4296,187491,0,0,0.000,112.617,37.767,0,0.000,113.553,40.344,0,0,1,0,6
PPG,4,110892,4437231552,132,38532,38703,36838.090,1864.910,-125.035,0,0,0,0,60.00,60.00,2,1,16,nan,4,0,40,1,1,12,12,0,0,0,143636665,0.04199,0.00659,0.95093,0.95188,-0.00638,-0.00108,-0.00087,0.00653,0.95443,0.00274,0.00662,3,12127,0,7270,6.68193,6.71870,1.00550,81,1,84.862,166,1,3,2599,187491,0,0,0.000,112.617,37.767,0,0.000,113.553,40.344,0,0,1,0,6
PPG,4,110893,4437271552,130,37426,37666,36846.367,819.633,-221.504,0,0,0,0,60.00,60.00,2,1,16,nan,4,0,40,1,1,13,13,0,0,0,143678248,0.03979,0.00732,0.94995,0.95081,-0.00612,-0.00081,-0.00087,0.00623,0.95244,0.00479,0.00623,3,12113,0,7270,6.68193,6.71870,1.00550,81,1,84.862,166,1,3,4297,187491,0,0,0.000,112.617,37.767,0,0.000,113.553,40.344,0,0,1,0,6
PPG,4,110894,4437311552,131,36591,36867,36846.574,20.426,-282.535,0,0,0,0,60.00,60.00,2,1,16,nan,4,0,40,1,1,14,14,0,0,0,143717197,0.03931,0.00562,0.95337,0.95420,-0.00585,-0.00055,-0.00114,0.00599,0.95420,0.00246,0.00616,3,12111,0,7270,6.68193,6.71870,1.00550,81,1,84.862,166,1,3,4297,187491,0,0,0.000,112.617,37.767,0,0.000,113.553,40.344,0,0,1,0,6
PPG,4,110895,4437351552,134,36254,36552,36843.629,-291.629,-286.070,0,0,0,0,60.00,60.00,2,1,16,nan,4,0,40,1,1,15,15,0,0,0,143756139,0.03809,0.00342,0.94824,0.94901,-0.00558,-0.00161,-0.00194,0.00613,0.95506,0.00314,0.00613,3,12118,0,7270,6.68193,6.71870,1.00550,81,1,84.862,166,1,3,2611,187491,0,0,0.000,112.617,37.767,0,0.000,113.553,40.344,0,0,1,0,6
PPG,4,110896,4437391552,135,37010,37309,36848.281,460.719,-231.707,0,0,0,0,60.00,60.00,2,1,16,nan,4,0,40,1,1,16,16,0,0,0,143797709,0.03662,0.00879,0.94995,0.95070,-0.00558,-0.00001,-0.00114,0.00570,0.96109,0.01039,0.00660,3,12106,0,7270,6.68193,6.71870,1.00550,81,1,84.862,166,1,3,4298,187491,0,0,0.000,112.617,37.767,0,0.000,113.553,40.344,0,0,1,0,6
PPG,4,110897,4437431552,130,38170,38420,36864.000,1556.000,-194.664,0,0,0,0,60.00,60.00,2,1,16,nan,4,0,40,1,1,17,17,0,0,0,143836680,0.04175,0.00537,0.94580,0.94674,-0.00612,-0.00055,-0.00274,0.00672,0.95028,0.00200,0.00672,3,12142,0,7270,6.68193,6.71870,1.00550,81,1,84.862,166,1,3,2598,187491,0,0,0.000,112.617,37.767,0,0.000,113.553,40.344,0,0,1,0,6
PPG,4,110898,4437471552,223,38381,38610,36881.461,1728.539,-257.871,0,0,0,0,60.00,60.00,2,1,16,nan,4,0,40,1,1,18,18,0,0,0,143878280,0.04126,0.00732,0.95166,0.95258,-0.00532,-0.00081,-0.00167,0.00563,0.95354,0.00680,0.00714,3,12125,0,7270,6.68193,6.71870,1.00550,81,1,84.862,166,1,3,4301,187491,0,0,0.000,118.911,32.363,0,0.000,118.601,35.426,0,0,1,0,6
PPG,4,110899,4437511552,130,37587,37883,36891.477,991.523,-362.215,0,0,0,0,60.00,60.00,2,1,16,nan,4,0,40,1,1,19,19,0,0,0,143917330,0.03857,0.00586,0.95215,0.95295,-0.00692,-0.00081,-0.00141,0.00710,0.95534,0.00288,0.00710,3,12117,0,7270,6.68193,6.71870,1.00550,81,1,84.862,166,1,3,4296,187491,0,0,0.000,118.911,32.363,0,0.000,118.601,35.426,0,0,1,0,6
PPG,4,110900,4437551552,132,36799,37131,36893.871,237.129,-427.246,0,0,0,0,60.00,60.00,2,1,16,nan,4,0,40,1,1,20,20,0,0,0,143956282,0.03857,0.00342,0.94971,0.95050,-0.00638,-0.00055,-0.00274,0.00697,0.95158,0.00467,0.00697,3,12122,0,7270,6.68193,6.71870,1.00550,81,1,84.862,166,1,3,2625,187491,0,0,0.000,118.911,32.363,0,0.000,118.601,35.426,0,0,1,0,6
PPG,4,110901,4437591552,130,36769,37139,36896.324,242.676,-388.984,0,0,0,0,60.00,60.00,2,1,16,nan,4,0,40,1,1,21,21,0,0,0,143997863,0.04053,0.00342,0.94946,0.95033,-0.00532,-0.00028,-0.00221,0.00576,0.95284,0.00251,0.00613,3,12107,0,7270,6.68193,6.71870,1.00550,81,1,84.862,166,1,3,4301,187491,0,0,0.000,118.911,32.363,0,0.000,118.601,35.426,0,0,1,0,6
PPG,4,110902,4437631552,131,37921,38290,36910.262,1379.738,-175.398,0,0,0,0,60.00,60.00,2,1,16,nan,4,0,40,1,1,22,22,0,0,0,144036820,0.04004,0.00903,0.94971,0.95059,-0.00638,-0.00055,-0.00114,0.00651,0.95252,0.00306,0.00672,3,12118,0,7270,6.68193,6.71870,1.00550,81,1,84.862,166,1,3,2598,187491,0,0,0.000,118.911,32.363,0,0.000,118.601,35.426,0,0,1,0,6
PPG,4,110903,4437671552,130,39694,40046,36941.617,3104.383,156.301,0,0,0,0,60.00,60.00,2,1,16,nan,4,0,40,1,1,23,23,0,0,0,144078450,0.04028,0.00610,0.95190,0.95278,-0.00585,-0.00055,-0.00167,0.00611,0.95442,0.00380,0.00611,3,12167,0,7270,6.68193,6.71870,1.00550,81,1,84.862,166,1,3,4303,187491,0,0,0.000,118.911,32.363,0,0.000,118.601,35.426,0,0,1,0,6
PPG,4,110904,4437711552,132,40651,40917,36981.371,3935.629,454.363,0,0,0,0,60.00,60.00,2,1,16,nan,4,0,40,1,1,24,24,0,0,0,144117440,0.03857,0.00269,0.95874,0.95952,-0.00585,-0.00001,-0.00114,0.00596,0.95952,0.00508,0.00616,3,12133,0,7270,6.68193,6.71870,1.00550,81,1,84.862,166,1,3,4303,187491,0,0,0.000,118.911,32.363,0,0.000,118.601,35.426,0,0,1,0,6
PPG,4,110905,4437751552,188,40048,40363,37015.188,3347.812,647.793,0,0,0,0,60.00,60.00,2,1,16,nan,4,0,40,1,1,25,25,0,0,0,144156409,0.04175,0.00366,0.94946,0.95039,-0.00532,-0.00108,-0.00087,0.00550,0.95635,0.00596,0.00645,3,12128,0,7270,6.68193,6.71870,1.00550,81,1,84.862,166,1,3,2618,187491,0,0,0.000,118.911,32.363,0,0.000,118.601,35.426,0,0,1,0,6
PPG,4,110906,4437791552,130,38891,39307,37038.105,2268.895,784.422,0,0,0,0,60.00,60.00,2,1,16,nan,4,0,40,1,1,26,26,0,0,0,144198182,0.04175,0.00732,0.95117,0.95212,-0.00558,-0.00108,-0.00221,0.00610,0.95721,0.01114,0.00623,3,12108,0,7270,6.68193,6.71870,1.00550,81,1,84.862,166,1,3,4298,187491,0,0,0.000,118.911,32.363,0,0.000,118.601,35.426,0,0,1,0,6
PPG,4,110907,4437831552,131,38327,38767,37055.395,1711.605,940.434,0,0,0,0,60.00,60.00,2,1,16,nan,4,0,40,1,1,27,27,0,0,0,144237134,0.03931,0.00781,0.95654,0.95738,-0.00665,-0.00001,-0.00167,0.00686,0.95738,0.01332,0.00693,3,12119,0,7270,6.68193,6.71870,1.00550,81,1,84.862,166,1,3,2594,187491,0,0,0.000,118.911,32.363,0,0.000,118.601,35.426,0,0,1,0,6
PPG,4,110908,4437871552,132,38328,38805,37072.891,1732.109,1081.984,0,0,0,0,60.00,60.00,2,1,16,nan,4,0,40,1,1,28,28,0,0,0,144278752,0.03760,0.00269,0.95117,0.95192,-0.00585,-0.00001,-0.00061,0.00588,0.95192,0.00632,0.00651,3,12168,0,7270,6.68193,6.71870,1.00550,81,1,84.862,166,1,3,4304,187491,0,0,0.000,118.911,32.363,0,0.000,118.601,35.426,0,0,1,0,6
PPG,4,110909,4437911552,130,39178,39655,37098.711,2556.289,1168.535,0,0,0,0,60.00,60.00,2,1,16,nan,4,0,40,1,1,29,29,0,0,0,144317697,0.03931,0.00732,0.95142,0.95226,-0.00505,0.00025,-0.00221,0.00552,0.95440,0.00248,0.00601,3,12112,0,7270,6.68193,6.71870,1.00550,81,1,84.862,166,1,3,4297,187491,0,0,0.000,118.911,32.363,0,0.000,118.601,35.426,0,0,1,0,6
PPG,4,110910,4437951552,130,40464,40898,37136.703,3761.297,1181.352,0,0,0,0,60.00,60.00,2,1,16,nan,4,0,40,1,1,30,30,0,0,0,144356652,0.04150,0.00903,0.95190,0.95285,-0.00558,-0.00001,-0.00194,0.00591,0.95285,0.00190,0.00591,3,12120,0,7270,6.68193,6.71870,1.00550,81,1,84.862,166,1,3,2595,187491,0,0,0.000,118.911,32.363,0,0.000,118.601,35.426,0,0,1,0,6
PPG,4,110911,4437991552,220,41000,41399,37179.324,4219.676,1148.504,0,0,0,0,60.00,60.00,2,1,16,nan,4,0,40,1,1,31,31,0,0,0,144398216,0.03662,0.00488,0.94824,0.94896,-0.00612,0.00025,-0.00087,0.00618,0.95527,0.00599,0.00618,3,12105,0,7270,6.68193,6.71870,1.00550,81,1,84.862,166,1,3,4301,187491,0,0,0.000,118.911,32.363,0,0.000,118.601,35.426,0,0,1,0,6
PPG,4,110912,4438031552,133,40216,40622,37213.750,3408.250,1089.555,0,0,0,0,60.00,60.00,2,1,16,nan,4,0,40,1,1,0,0,0,0,0,144449196,0.04028,0.00391,0.94727,0.94813,-0.00612,-0.00055,-0.00167,0.00637,0.95298,0.00468,0.00712,3,24044,0,7271,6.68193,6.71870,1.00550,81,1,84.862,166,1,3,14463,187491,0,0,0.000,118.911,32.363,0,0.000,118.601,35.426,0,0,1,0,6
PPG,4,110913,4438071552,135,38893,39282,37234.434,2047.566,1005.184,0,0,0,0,60.00,60.00,2,1,16,nan,4,0,40,1,1,1,1,0,0,0,144473513,0.04004,0.00488,0.95410,0.95495,-0.00638,-0.00108,-0.00300,0.00714,0.95495,0.00484,0.00714,2,12167,0,7271,6.68193,6.71870,1.00550,81,1,84.862,166,1,3,2602,187491,0,0,0.000,118.911,32.363,0,0.000,118.601,35.426,0,0,1,0,6
PPG,4,110914,4438111552,523,38309,38586,37247.949,1338.051,893.379,0,0,0,0,60.00,60.00,2,1,16,nan,4,0,40,1,1,2,2,0,0,0,144517698,0.04199,0.00708,0.95190,0.95286,-0.00638,0.00025,-0.00221,0.00676,0.95286,0.00689,0.00676,3,12114,0,7271,7.04665,7.17191,1.01778,81,1,84.556,136,1,3,4296,187491,0,0,0.000,118.911,32.363,0,0.000,118.601,35.426,0,0,1,0,6
PPG,4,110915,4438151552,185,38814,39001,37265.480,1735.520,798.930,0,0,0,0,60.00,60.00,2,1,16,nan,4,0,40,1,1,3,3,0,0,0,144557094,0.04126,0.00439,0.95093,0.95183,-0.00612,-0.00028,-0.00141,0.00628,0.95655,0.00369,0.00726,3,12117,0,7271,7.04665,7.17191,1.01778,81,1,84.556,136,1,3,2595,187491,0,0,0.000,118.911,32.363,0,0.000,118.601,35.426,0,0,1,0,6
PPG,4,110916,4438191552,132,39704,39801,37290.836,2510.164,695.184,0,0,0,0,60.00,60.00,2,1,16,nan,4,0,40,1,1,4,4,0,0,0,144598995,0.03809,0.01099,0.95239,0.95322,-0.00585,0.00025,-0.00194,0.00617,0.95486,0.00307,0.00617,3,12270,0,7271,7.04665,7.17191,1.01778,81,1,84.556,136,1,3,4363,187491,0,0,0.000,118.911,32.363,0,0.000,118.601,35.426,0,0,1,0,6
PPG,4,110917,4438231552,128,39516,39620,37314.129,2305.871,452.613,0,0,0,0,60.00,60.00,2,1,16,nan,4,0,40,1,1,5,5,0,0,0,144640981,0.03760,0.00317,0.95313,0.95387,-0.00585,-0.00108,-0.00141,0.00611,0.95387,0.00323,0.00724,3,12174,0,7271,7.04665,7.17191,1.01778,81,1,84.556,136,1,3,2589,187491,0,0,0.000,118.911,32.363,0,0.000,118.601,35.426,0,0,1,0,6
PPG,4,110918,4438271552,152,38776,38913,37330.117,1582.883,82.320,1,0,1,1140,52.63,52.63,2,1,16,nan,4,0,40,1,1,6,6,0,0,0,144677322,0.03979,0.00586,0.95044,0.95129,-0.00532,-0.00188,-0.00274,0.00627,0.95547,0.00470,0.00627,3,12122,0,7271,7.04665,7.17191,1.01778,81,1,84.556,136,1,3,2595,187491,0,0,1462.680,118.911,32.363,1,1608.598,118.601,35.426,1,1,1,0,7
PPG,4,110919,4438311552,127,38156,38349,37340.305,1008.695,-265.695,0,0,0,0,52.63,52.63,2,1,16,nan,4,0,40,1,1,7,7,0,0,0,144719037,0.03931,0.00366,0.94824,0.94906,-0.00532,-0.00081,-0.00114,0.00550,0.94906,0.00339,0.00598,3,12180,0,7271,7.04665,7.17191,1.01778,81,1,84.556,136,1,3,4344,187491,0,0,0.000,118.687,32.266,0,0.000,119.005,35.611,0,0,1,0,7
PPG,4,110920,4438351552,130,38221,38459,37351.492,1107.508,-449.664,0,0,0,0,52.63,52.63,2,1,16,nan,4,0,40,1,1,8,8,0,0,0,144758171,0.03882,0.00781,0.94556,0.94639,-0.00585,-0.00055,-0.00114,0.00599,0.95071,0.00330,0.00611,3,12289,0,7271,7.04665,7.17191,1.01778,81,1,84.556,136,1,3,4298,187491,0,0,0.000,118.687,32.266,0,0.000,119.005,35.611,0,0,1,0,7
PPG,4,110921,4438391552,129,39189,39385,37371.828,2013.172,-447.820,0,0,0,0,52.63,52.63,2,1,16,nan,4,0,40,1,1,9,9,0,0,0,144797300,0.04419,0.00684,0.95703,0.95808,-0.00558,0.00079,-0.00061,0.00567,0.95808,0.00999,0.00586,3,12253,0,7271,7.04665,7.17191,1.01778,81,1,84.556,136,1,3,2648,187491,0,0,0.000,118.687,32.266,0,0.000,119.005,35.611,0,0,1,0,7
PPG,4,110922,4438431552,130,40424,40521,37403.320,3117.680,-342.230,0,0,0,0,52.63,52.63,2,1,16,nan,4,0,40,1,1,10,10,0,0,0,144839294,0.04126,0.00757,0.94702,0.94795,-0.00612,-0.00028,-0.00141,0.00628,0.95657,0.00815,0.00628,3,12257,0,7271,7.04665,7.17191,1.01778,81,1,84.556,136,1,3,4337,187491,0,0,0.000,118.687,32.266,0,0.000,119.005,35.611,0,0,1,0,7
PPG,4,110923,4438471552,138,40727,40816,37437.445,3378.555,-235.730,0,0,0,0,52.63,52.63,2,1,16,nan,4,0,40,1,1,11,11,0,0,0,144878683,0.03589,0.00586,0.94922,0.94991,-0.00745,-0.00135,-0.00141,0.00770,0.95491,0.00579,0.00770,3,12245,0,7271,7.04665,7.17191,1.01778,81,1,84.556,136,1,3,4326,187491,0,0,0.000,118.687,32.266,0,0.000,119.005,35.611,0,0,1,0,7
PPG,4,110924,4438511552,135,39794,39948,37462.551,2485.449,-140.422,0,0,0,0,52.63,52.63,2,1,16,nan,4,0,40,1,1,12,12,0,0,0,144917996,0.03955,0.00659,0.94873,0.94958,-0.00612,-0.00135,-0.00141,0.00642,0.96006,0.01059,0.00642,3,12264,0,7271,7.04665,7.17191,1.01778,81,1,84.556,136,1,3,4361,187491,0,0,0.000,118.687,32.266,0,0.000,119.005,35.611,0,0,1,0,7
PPG,4,110925,4438551552,130,38949,39196,37479.887,1716.113,-41.645,0,0,0,0,52.63,52.63,2,1,16,nan,4,0,40,1,1,13,13,0,0,0,144957402,0.03906,0.00732,0.94897,0.94981,-0.00558,-0.00081,-0.00114,0.00576,0.95717,0.00736,0.00636,3,12259,0,7271,7.04665,7.17191,1.01778,81,1,84.556,136,1,3,2647,187491,0,0,0.000,118.687,32.266,0,0.000,119.005,35.611,0,0,1,0,7
PPG,4,110926,4438591552,131,38793,39083,37495.918,1587.082,74.414,0,0,0,0,52.63,52.63,2,1,16,nan,4,0,40,1,1,14,14,0,0,0,144999396,0.04053,0.00977,0.95728,0.95818,-0.00558,0.00025,-0.00247,0.00611,0.95818,0.00398,0.00640,3,12270,0,7271,7.04665,7.17191,1.01778,81,1,84.556,136,1,3,4332,187491,0,0,0.000,118.687,32.266,0,0.000,119.005,35.611,0,0,1,0,7
PPG,4,110927,4438631552,136,39319,39615,37517.109,2097.891,197.156,0,0,0,0,52.63,52.63,2,1,16,nan,4,0,40,1,1,15,15,0,0,0,145038689,0.03833,0.00342,0.95215,0.95293,-0.00585,-0.00001,-0.00087,0.00592,0.95293,0.01020,0.00651,3,12244,0,7271,7.04665,7.17191,1.01778,81,1,84.556,136,1,3,4330,187491,0,0,0.000,118.687,32.266,0,0.000,119.005,35.611,0,0,1,0,7
PPG,4,110928,4438671552,131,40445,40695,37548.887,3146.113,289.801,0,0,0,0,52.63,52.63,2,1,16,nan,4,0,40,1,1,16,16,0,0,0,145077977,0.03906,0.00586,0.94946,0.95028,-0.00612,0.00052,-0.00167,0.00636,0.95203,0.00608,0.00660,3,12256,0,7271,7.04665,7.17191,1.01778,81,1,84.556,136,1,3,4344,187491,0,0,0.000,118.687,32.266,0,0.000,119.005,35.611,0,0,1,0,7
PPG,4,110929,4438711552,181,40999,41209,37585.488,3623.512,310.387,0,0,0,0,52.63,52.63,2,1,16,nan,4,0,40,1,1,17,17,0,0,0,145117375,0.04004,0.00049,0.95288,0.95372,-0.00612,-0.00055,-0.00114,0.00625,0.95372,0.00418,0.00625,3,12250,0,7271,7.04665,7.17191,1.01778,81,1,84.556,136,1,3,2646,187491,0,0,0.000,118.687,32.266,0,0.000,119.005,35.611,0,0,1,0,7
PPG,4,110930,4438751552,179,40334,40586,37615.492,2970.508,293.129,0,0,0,0,52.63,52.63,2,1,16,nan,4,0,40,1,1,18,18,0,0,0,145159367,0.04297,0.00879,0.95020,0.95121,-0.00585,-0.00001,-0.00167,0.00609,0.95427,0.00212,0.00616,3,12258,0,7271,7.04665,7.17191,1.01778,81,1,84.556,136,1,3,4328,187491,0,0,0.000,118.687,32.266,0,0.000,119.005,35.611,0,0,1,0,7
PPG,4,110931,4438791552,136,39163,39499,37634.328,1864.672,323.984,0,0,0,0,52.63,52.63,2,1,16,nan,4,0,40,1,1,19,19,0,0,0,145198784,0.04321,0.00854,0.96143,0.96243,-0.00612,-0.00055,-0.00087,0.00620,0.96243,0.01226,0.00651,3,12310,0,7271,7.04665,7.17191,1.01778,81,1,84.556,136,1,3,4336,187491,0,0,0.000,118.687,32.266,0,0.000,119.005,35.611,0,0,1,0,7
PPG,4,110932,4438831552,131,38553,38929,37647.273,1281.727,370.496,0,0,0,0,52.63,52.63,2,1,16,nan,4,0,40,1,1,20,20,0,0,0,145238037,0.04102,0.00537,0.95215,0.95305,-0.00585,-0.00081,-0.00087,0.00597,0.95305,0.01494,0.00597,3,12224,0,7271,7.04665,7.17191,1.01778,81,1,84.556,136,1,3,4350,187491,0,0,0.000,118.687,32.266,0,0.000,119.005,35.611,0,0,1,0,7
PPG,4,110933,4438871552,233,38434,38833,37659.129,1173.871,357.230,0,0,0,0,52.63,52.63,2,1,16,nan,4,0,40,1,1,21,21,0,0,0,145314031,0.04077,0.00415,0.95142,0.95230,-0.00558,0.00025,-0.00141,0.00576,0.95230,0.00697,0.00634,2,61207,0,7276,7.04665,7.17191,1.01778,81,1,84.556,136,1,3,61256,187491,0,0,0.000,116.981,33.568,0,0.000,122.215,33.049,0,0,1,0,7
PPG,4,110934,4438911552,136,38796,39218,37674.719,1543.281,268.914,0,0,0,0,52.63,52.63,2,1,16,nan,4,0,40,1,1,22,22,0,0,0,145326359,0.03711,0.00635,0.95337,0.95411,-0.00558,-0.00028,-0.00167,0.00584,0.95411,0.00181,0.00584,1,12328,0,7276,7.04665,7.17191,1.01778,81,1,84.556,136,1,3,12247,187491,0,0,0.000,116.981,33.568,0,0.000,122.215,33.049,0,0,1,0,7
PPG,4,110935,4438951552,127,40102,40496,37702.930,2793.070,165.734,0,0,0,0,52.63,52.63,2,1,16,nan,4,0,40,1,1,23,23,0,0,0,145363036,0.03979,0.00928,0.95068,0.95156,-0.00558,-0.00055,-0.00061,0.00564,0.95379,0.00521,0.00653,3,12220,0,7276,7.04665,7.17191,1.01778,81,1,84.556,136,1,3,2608,187491,0,0,0.000,116.981,33.568,0,0.000,122.215,33.049,0,0,1,0,7
PPG,4,110936,4438991552,138,41150,41482,37740.719,3741.281,120.684,0,0,0,0,52.63,52.63,2,1,16,nan,4,0,40,1,1,24,24,0,0,0,145399648,0.04077,0.00830,0.95068,0.95159,-0.00612,-0.00108,-0.00114,0.00632,0.95713,0.00554,0.00651,3,12210,0,7276,7.04665,7.17191,1.01778,81,1,84.556,136,1,3,4350,187491,0,0,643.020,116.981,33.568,1,0.000,122.215,33.049,0,0,1,0,7
PPG,4,110937,4439031552,155,40563,40898,37772.293,3125.707,101.355,1,0,1,740,52.63,52.63,2,1,16,nan,4,0,40,1,1,25,25,0,0,0,145451397,0.04175,0.00732,0.95117,0.95212,-0.00532,-0.00081,-0.00114,0.00550,0.95313,0.00117,0.00604,3,24772,0,7277,7.04665,7.17191,1.01778,81,1,84.556,136,1,3,15166,187491,0,0,0.000,116.981,33.568,0,760.051,122.215,33.049,1,1,1,0,7
PPG,4,110938,4439071552,132,39048,39332,37787.891,1544.109,56.551,0,0,0,0,52.63,52.63,2,1,16,nan,4,0,40,1,1,26,26,0,0,0,145475788,0.03979,0.00586,0.95239,0.95324,-0.00558,-0.00215,-0.00167,0.00621,0.95442,0.00231,0.00621,2,12173,0,7277,7.04665,7.17191,1.01778,81,1,84.556,136,1,3,2631,187491,0,0,0.000,111.662,31.178,0,0.000,117.265,30.941,0,0,1,0,7
PPG,4,110939,4439111552,520,37793,37986,37789.871,196.129,-60.016,0,0,0,0,52.63,52.63,2,1,16,nan,4,0,40,1,1,27,27,0,0,0,145517416,0.03809,0.00610,0.95508,0.95586,-0.00612,-0.00001,-0.00167,0.00634,0.95586,0.00992,0.00663,3,12124,0,7277,4.87525,5.02302,1.03031,79,1,84.242,250,1,3,2614,187491,0,0,0.000,111.662,31.178,0,0.000,117.265,30.941,0,0,1,0,7
PPG,4,110940,4439151552,178,37365,37525,37787.223,-262.223,-200.172,0,0,0,0,52.63,52.63,2,1,16,nan,4,0,40,1,1,28,28,0,0,0,145559445,0.03711,0.00269,0.94678,0.94751,-0.00585,-0.00081,-0.00221,0.00631,0.95469,0.00718,0.00631,3,12125,0,7277,4.87525,5.02302,1.03031,79,1,84.242,250,1,3,4303,187491,0,0,0.000,111.662,31.178,0,0.000,117.265,30.941,0,0,1,0,7
PPG,4,110941,4439191552,171,37800,37964,37788.992,175.008,-308.266,0,0,0,0,52.63,52.63,2,1,16,nan,4,0,40,1,1,29,29,0,0,0,145598478,0.03687,0.00708,0.94824,0.94898,-0.00532,-0.00028,-0.00141,0.00551,0.95432,0.00533,0.00582,3,12133,0,7277,4.87525,5.02302,1.03031,79,1,84.242,250,1,3,4348,187491,0,0,0.000,111.662,31.178,0,0.000,117.265,30.941,0,0,1,0,7
PPG,4,110942,4439231552,130,39105,39215,37803.254,1411.746,-425.965,0,0,0,0,52.63,52.63,2,1,16,nan,4,0,40,1,1,30,30,0,0,0,145637650,0.03735,0.00342,0.95020,0.95094,-0.00505,-0.00028,-0.00141,0.00525,0.95475,0.00577,0.00671,3,12116,0,7277,4.87525,5.02302,1.03031,79,1,84.242,250,1,3,2595,187491,0,0,0.000,111.662,31.178,0,0.000,117.265,30.941,0,0,1,0,7
PPG,4,110943,4439271552,129,40505,40566,37830.883,2735.117,-544.320,0,0,0,0,52.63,52.63,2,1,16,nan,4,0,40,1,1,31,31,0,0,0,145679200,0.03711,0.00684,0.94971,0.95046,-0.00532,-0.00055,-0.00194,0.00569,0.95572,0.00599,0.00601,3,12109,0,7277,4.87525,5.02302,1.03031,79,1,84.242,250,1,3,4297,187491,0,0,0.000,111.662,31.178,0,0.000,117.265,30.941,0,0,1,0,7
PPG,4,110944,4439311552,131,40689,40755,37860.125,2894.875,-605.102,0,0,0,0,52.63,52.63,2,1,16,nan,4,0,40,1,1,0,0,0,0,0,145718194,0.04053,0.00122,0.95166,0.95252,-0.00558,-0.00055,-0.00247,0.00613,0.95347,0.01084,0.00613,3,12129,0,7277,4.87525,5.02302,1.03031,79,1,84.242,250,1,3,4296,187491,0,0,0.000,111.662,31.178,0,0.000,117.265,30.941,0,0,1,0,7
PPG,4,110945,4439351552,133,40165,40285,37884.375,2400.625,-523.406,0,0,0,0,52.63,52.63,2,1,16,nan,4,0,40,1,1,1,1,0,0,0,145757139,0.03784,0.00464,0.94971,0.95047,-0.00505,-0.00055,-0.00221,0.00554,0.95495,0.00448,0.00627,3,12116,0,7277,4.87525,5.02302,1.03031,79,1,84.242,250,1,3,2599,187491,0,0,0.000,111.662,31.178,0,0.000,117.265,30.941,0,0,1,0,7
PPG,4,110946,4439391552,134,40086,40209,37907.621,2301.379,-262.137,0,0,0,0,52.63,52.63,2,1,16,nan,4,0,40,1,1,2,2,0,0,0,145798692,0.03833,0.00830,0.95654,0.95735,-0.00585,-0.00108,-0.00274,0.00655,0.95735,0.00357,0.00655,3,12114,0,7277,4.87525,5.02302,1.03031,79,1,84.242,250,1,3,4296,187491,0,0,0.000,111.662,31.178,0,0.000,117.265,30.941,0,0,1,0,7
PPG,4,110947,4439431552,129,39747,39858,37927.125,1930.875,59.000,0,0,0,0,52.63,52.63,2,1,16,nan,4,0,40,1,1,3,3,0,0,0,145837706,0.03882,0.00464,0.95313,0.95393,-0.00558,-0.00055,-0.00141,0.00578,0.95613,0.00333,0.00578,3,12117,0,7277,4.87525,5.02302,1.03031,79,1,84.242,250,1,3,2596,187491,0,0,0.000,111.662,31.178,0,0.000,117.265,30.941,0,0,1,0,7
PPG,4,110948,4439471552,130,39672,39848,37946.332,1901.668,370.496,0,0,0,0,52.63,52.63,2,1,16,nan,4,0,40,1,1,4,4,0,0,0,145879254,0.03882,0.01050,0.95605,0.95690,-0.00612,-0.00055,-0.00141,0.00630,0.95690,0.00796,0.00639,3,12116,0,7277,4.87525,5.02302,1.03031,79,1,84.242,250,1,3,4296,187491,0,0,0.000,111.662,31.178,0,0.000,117.265,30.941,0,0,1,0,7
PPG,4,110949,4439511552,129,40697,40845,37975.320,2869.680,621.551,0,0,0,0,52.63,52.63,2,1,16,nan,4,0,40,1,1,5,5,0,0,0,145918280,0.03589,0.00439,0.94946,0.95015,-0.00585,-0.00001,-0.00194,0.00616,0.95346,0.00589,0.00719,3,12169,0,7277,4.87525,5.02302,1.03031,79,1,84.242,250,1,3,4307,187491,0,0,0.000,111.662,31.178,0,0.000,117.265,30.941,0,0,1,0,7
PPG,4,110950,4439551552,134,41329,41454,38010.105,3443.895,705.004,0,0,0,0,52.63,52.63,2,1,16,nan,4,0,40,1,1,6,6,0,0,0,145957231,0.04053,0.00391,0.95288,0.95375,-0.00612,-0.00028,-0.00167,0.00635,0.95375,0.00246,0.00635,3,12108,0,7277,4.87525,5.02302,1.03031,79,1,84.242,250,1,3,2598,187491,0,0,0.000,111.662,31.178,0,0.000,117.265,30.941,0,0,1,0,7
PPG,4,110951,4439591552,225,40814,40965,38039.656,2925.344,661.707,0,0,0,0,52.63,52.63,2,1,16,nan,4,0,40,1,1,7,7,0,0,0,145998791,0.04224,0.00757,0.95557,0.95653,-0.00612,-0.00055,-0.00167,0.00637,0.95655,0.00500,0.00676,3,12123,0,7277,4.87525,5.02302,1.03031,79,1,84.242,250,1,3,4301,187491,0,0,0.000,111.662,31.178,0,0.000,117.265,30.941,0,0,1,0,7
PPG,4,110952,4439631552,130,39134,39396,38053.219,1342.781,511.355,0,0,0,0,52.63,52.63,2,1,16,nan,4,0,40,1,1,8,8,0,0,0,146037845,0.04150,0.00635,0.95581,0.95673,-0.00585,-0.00055,-0.00194,0.00619,0.95673,0.00572,0.00657,3,12110,0,7277,4.87525,5.02302,1.03031,79,1,84.242,250,1,3,4301,187491,0,0,0.000,111.662,31.178,0,0.000,117.265,30.941,0,0,1,0,7
PPG,4,110953,4439671552,129,37969,38335,38056.035,278.965,268.543,0,0,0,0,52.63,52.63,2,1,16,nan,4,0,40,1,1,9,9,0,0,0,146076814,0.03540,0.00464,0.95166,0.95233,-0.00558,-0.00161,-0.00194,0.00613,0.95418,0.00528,0.00714,3,12123,0,7277,4.87525,5.02302,1.03031,79,1,84.242,250,1,3,2602,187491,0,0,0.000,111.662,31.178,0,0.000,117.265,30.941,0,0,1,0,7
PPG,4,110954,4439711552,130,37881,38300,38058.477,241.523,91.871,0,0,0,0,52.63,52.63,2,1,16,nan,4,0,40,1,1,10,10,0,0,0,146118391,0.04321,0.00806,0.94971,0.95072,-0.00612,0.00105,-0.00061,0.00624,0.95525,0.00828,0.00624,3,12152,0,7277,4.87525,5.02302,1.03031,79,1,84.242,250,1,3,4313,187491,0,0,0.000,111.662,31.178,0,0.000,117.265,30.941,0,0,1,0,7
PPG,4,110955,4439751552,129,38817,39226,38070.152,1155.848,66.516,0,0,0,0,52.63,52.63,2,1,16,nan,4,0,40,1,1,11,11,0,0,0,146157345,0.03857,0.00659,0.95093,0.95173,-0.00558,-0.00055,-0.00221,0.00603,0.95380,0.00307,0.00614,3,12114,0,7277,4.87525,5.02302,1.03031,79,1,84.242,250,1,3,2605,187491,0,0,0.000,111.662,31.178,0,0.000,117.265,30.941,0,0,1,0,7
PPG,4,110956,4439791552,130,40080,40454,38093.992,2360.008,62.055,0,0,0,0,52.63,52.63,2,1,16,nan,4,0,40,1,1,12,12,0,0,0,146198910,0.04004,0.00659,0.94751,0.94838,-0.00585,-0.00055,-0.00114,0.00599,0.95248,0.00331,0.00601,3,12126,0,7277,4.87525,5.02302,1.03031,79,1,84.242,250,1,3,4307,187491,0,0,0.000,111.662,31.178,0,0.000,117.265,30.941,0,0,1,0,7
PPG,4,110957,4439831552,129,40487,40857,38121.621,2735.379,-21.180,0,0,0,0,52.63,52.63,2,1,16,nan,4,0,40,1,1,13,13,0,0,0,146237935,0.03882,0.00708,0.95337,0.95419,-0.00585,-0.00081,-0.00247,0.00640,0.95530,0.00692,0.00684,3,12124,0,7277,4.87525,5.02302,1.03031,79,1,84.242,250,1,3,4307,187491,0,0,0.000,111.662,31.178,0,0.000,117.265,30.941,0,0,1,0,7
PPG,4,110958,4439871552,148,39934,40342,38143.824,2198.176,-160.680,1,0,1,860,60.00,60.00,2,1,16,nan,4,0,40,1,1,14,14,0,0,0,146276930,0.03711,0.00635,0.95703,0.95777,-0.00558,-0.00001,-0.00141,0.00576,0.95777,0.00868,0.00642,3,12146,0,7277,4.87525,5.02302,1.03031,79,1,84.242,250,1,3,2617,187491,0,0,1297.148,111.662,31.178,1,1310.105,117.265,30.941,1,1,1,0,7
PPG,4,110959,4439911552,126,38902,39382,38156.207,1225.793,-232.480,0,0,0,0,60.00,60.00,2,1,16,nan,4,0,40,1,1,15,15,0,0,0,146318593,0.03638,0.00244,0.95190,0.95260,-0.00585,-0.00081,-0.00087,0.00597,0.95260,0.00621,0.00597,3,12134,0,7277,4.87525,5.02302,1.03031,79,1,84.242,250,1,3,4297,187491,0,0,0.000,111.096,30.924,0,0.000,116.372,30.561,0,0,1,0,7
PPG,4,110960,4439951552,130,38331,38838,38163.023,674.977,-226.270,0,0,0,0,60.00,60.00,2,1,16,nan,4,0,40,1,1,16,16,0,0,0,146357553,0.03906,0.00635,0.95166,0.95248,-0.00665,0.00025,-0.00167,0.00686,0.95860,0.00599,0.00686,3,12111,0,7277,4.87525,5.02302,1.03031,79,1,84.242,250,1,3,2596,187491,0,0,0.000,111.096,30.924,0,0.000,116.372,30.561,0,0,1,0,7
PPG,4,110961,4439991552,221,37819,38370,38165.094,204.906,-236.570,0,0,0,0,60.00,60.00,2,1,16,nan,4,0,40,1,1,17,17,0,0,0,146399123,0.04004,0.00977,0.95093,0.95182,-0.00585,-0.00161,-0.00114,0.00618,0.95400,0.00165,0.00630,3,12120,0,7277,4.87525,5.02302,1.03031,79,1,84.242,250,1,3,4300,187491,0,0,0.000,107.800,33.539,0,0.000,112.889,33.148,0,0,1,0,7
PPG,4,110962,4440031552,132,37993,38490,38168.344,321.656,-305.465,0,0,0,0,60.00,60.00,2,1,16,nan,4,0,40,1,1,18,18,0,0,0,146454449,0.03784,0.00757,0.95313,0.95391,-0.00532,-0.00001,-0.00087,0.00539,0.95641,0.00740,0.00611,4,16234,0,7277,4.87525,5.02302,1.03031,79,1,84.242,250,1,3,16175,187491,0,0,0.000,107.800,33.539,0,0.000,112.889,33.148,0,0,1,0,7
PPG,4,110963,4440071552,134,39221,39549,38182.148,1366.852,-383.898,0,0,0,0,60.00,60.00,2,1,16,nan,4,0,40,1,1,19,19,0,0,0,146478776,0.03955,0.00586,0.95020,0.95104,-0.00532,-0.00001,-0.00087,0.00539,0.95291,0.00188,0.00560,2,12172,0,7277,4.87525,5.02302,1.03031,79,1,84.242,250,1,3,4314,187491,0,0,0.000,107.800,33.539,0,0.000,112.889,33.148,0,0,1,0,7
PPG,4,110964,4440111552,640,40073,40241,38202.738,2038.262,-446.199,0,0,0,0,60.00,60.00,2,1,16,nan,4,0,40,1,1,20,20,0,0,0,146517727,0.04346,0.00415,0.94946,0.95047,-0.00585,-0.00108,-0.00141,0.00611,0.95954,0.01428,0.00651,3,12111,0,7277,3.72808,3.84352,1.03097,78,1,84.226,136,1,3,2631,187491,0,0,0.000,107.800,33.539,0,0.000,112.889,33.148,0,0,1,0,7
PPG,4,110965,4440151552,176,39395,39569,38216.402,1352.598,-520.828,0,0,0,0,60.00,60.00,2,1,16,nan,4,0,40,1,1,21,21,0,0,0,146560094,0.03442,0.00708,0.95752,0.95816,-0.00558,-0.00028,-0.00221,0.00601,0.95816,0.00508,0.00601,3,12124,0,7277,3.72808,3.84352,1.03097,78,1,84.226,136,1,3,4294,187491,0,0,0.000,107.800,33.539,0,0.000,112.889,33.148,0,0,1,0,7
PPG,4,110966,4440191552,129,37693,37967,38213.910,-246.910,-610.871,0,0,0,0,60.00,60.00,2,1,16,nan,4,0,40,1,1,22,22,0,0,0,146599184,0.04321,0.00757,0.95142,0.95243,-0.00479,-0.00081,-0.00247,0.00545,0.95492,0.00325,0.00693,3,12121,0,7277,3.72808,3.84352,1.03097,78,1,84.226,136,1,3,4294,187491,0,0,0.000,107.800,33.539,0,0.000,112.889,33.148,0,0,1,0,7
PPG,4,110967,4440231552,128,36950,37296,38204.730,-908.730,-703.055,0,0,0,0,60.00,60.00,2,1,16,nan,4,0,40,1,1,23,23,0,0,0,146638249,0.03882,0.00757,0.95361,0.95443,-0.00638,0.00025,-0.00034,0.00640,0.95939,0.00908,0.00649,3,12222,0,7277,3.72808,3.84352,1.03097,78,1,84.226,136,1,3,4295,187491,0,0,0.000,107.800,33.539,0,0.000,112.889,33.148,0,0,1,0,7
PPG,4,110968,4440271552,175,37036,37419,38196.875,-777.875,-717.465,0,0,0,0,60.00,60.00,2,1,16,nan,4,0,40,1,1,24,24,0,0,0,146677298,0.03882,0.00537,0.95996,0.96076,-0.00558,-0.00028,-0.00114,0.00571,0.96076,0.00515,0.00576,3,12113,0,7277,3.72808,3.84352,1.03097,78,1,84.226,136,1,3,2596,187491,0,0,0.000,107.800,33.539,0,0.000,112.889,33.148,0,0,1,0,7
PPG,4,110969,4440311552,175,37307,37695,38191.855,-496.855,-673.535,0,0,0,0,60.00,60.00,2,1,16,nan,4,0,40,1,1,25,25,0,0,0,146719089,0.03979,0.00537,0.95313,0.95397,-0.00532,-0.00081,-0.00061,0.00541,0.95397,0.01395,0.00573,3,12126,0,7277,3.72808,3.84352,1.03097,78,1,84.226,136,1,3,4329,187491,0,0,0.000,107.800,33.539,0,0.000,112.889,33.148,0,0,1,0,7
PPG,4,110970,4440351552,133,38195,38566,38195.598,370.402,-669.566,0,0,0,0,60.00,60.00,2,1,16,nan,4,0,40,1,1,26,26,0,0,0,146758577,0.04102,0.00684,0.95581,0.95671,-0.00532,-0.00055,-0.00194,0.00569,0.95671,0.00549,0.00569,3,12245,0,7277,3.72808,3.84352,1.03097,78,1,84.226,136,1,3,4338,187491,0,0,0.000,107.800,33.539,0,0.000,112.889,33.148,0,0,1,0,7
PPG,4,110971,4440391552,228,39358,39659,38210.230,1448.770,-687.406,0,0,0,0,60.00,60.00,2,1,16,nan,4,0,40,1,1,27,27,0,0,0,146797932,0.03979,0.00415,0.95337,0.95421,-0.00638,-0.00135,-0.00061,0.00655,0.95421,0.00512,0.00655,3,12268,0,7277,3.72808,3.84352,1.03097,78,1,84.226,136,1,3,2632,187491,0,0,0.000,113.551,29.228,0,0.000,113.326,32.800,0,0,1,0,7
PPG,4,110972,4440431552,141,39800,40068,38228.809,1839.191,-649.719,0,0,0,0,60.00,60.00,2,1,16,nan,4,0,40,1,1,28,28,0,0,0,146839955,0.04126,0.00732,0.95142,0.95234,-0.00612,-0.00001,-0.00167,0.00634,0.95234,0.00293,0.00634,3,12239,0,7277,3.72808,3.84352,1.03097,78,1,84.226,136,1,3,4365,187491,0,0,0.000,113.551,29.228,0,0.000,113.326,32.800,0,0,1,0,7
PPG,4,110973,4440471552,128,39014,39347,38239.992,1107.008,-503.180,0,0,0,0,60.00,60.00,2,1,16,nan,4,0,40,1,1,29,29,0,0,0,146879368,0.04321,0.00537,0.94653,0.94753,-0.00665,-0.00001,-0.00274,0.00719,0.95841,0.01088,0.00719,3,12253,0,7277,3.72808,3.84352,1.03097,78,1,84.226,136,1,3,4339,187491,0,0,0.000,113.551,29.228,0,0.000,113.326,32.800,0,0,1,0,7
PPG,4,110974,4440511552,138,38347,38718,38244.773,473.227,-320.934,0,0,0,0,60.00,60.00,2,1,16,nan,4,0,40,1,1,30,30,0,0,0,146918645,0.04028,0.00464,0.95947,0.96033,-0.00612,-0.00055,-0.00221,0.00653,0.96033,0.00973,0.00676,3,12247,0,7277,3.72808,3.84352,1.03097,78,1,84.226,136,1,3,4337,187491,0,0,0.000,113.551,29.228,0,0.000,113.326,32.800,0,0,1,0,7
PPG,4,110975,4440551552,128,38147,38572,38248.047,323.953,-123.520,0,0,0,0,60.00,60.00,2,1,16,nan,4,0,40,1,1,31,31,0,0,0,146958030,0.04004,0.00928,0.95288,0.95377,-0.00585,-0.00055,-0.00167,0.00611,0.95377,0.01258,0.00639,3,12261,0,7277,3.72808,3.84352,1.03097,78,1,84.226,136,1,3,4341,187491,0,0,0.000,113.551,29.228,0,0.000,113.326,32.800,0,0,1,0,7
PPG,4,110976,4440591552,143,38479,38889,38254.457,634.543,125.301,0,0,0,0,60.00,60.00,2,1,16,nan,4,0,40,1,1,0,0,0,0,0,146997260,0.04053,0.00537,0.94727,0.94815,-0.00692,0.00025,-0.00114,0.00701,0.95063,0.00314,0.00701,3,12199,0,7277,3.72808,3.84352,1.03097,78,1,84.226,136,1,3,2636,187491,0,0,0.000,113.551,29.228,0,0.000,113.326,32.800,0,0,1,0,7
PPG,4,110977,4440631552,129,39281,39685,38268.762,1416.238,343.754,0,0,0,0,60.00,60.00,2,1,16,nan,4,0,40,1,1,1,1,0,0,0,147039325,0.04102,0.00635,0.95410,0.95500,-0.00558,-0.00028,-0.00114,0.00571,0.95500,0.00548,0.00642,3,12318,0,7277,3.72808,3.84352,1.03097,78,1,84.226,136,1,3,4335,187491,0,0,0.000,113.551,29.228,0,0.000,113.326,32.800,0,0,1,0,7
PPG,4,110978,4440671552,134,39888,40276,38288.836,1987.164,435.199,0,0,0,0,60.00,60.00,2,1,16,nan,4,0,40,1,1,2,2,0,0,0,147078600,0.04370,0.00903,0.95264,0.95368,-0.00585,0.00025,-0.00167,0.00609,0.95368,0.00419,0.00644,3,12209,0,7277,3.72808,3.84352,1.03097,78,1,84.226,136,1,3,4341,187491,0,0,0.000,113.551,29.228,0,0.000,113.326,32.800,0,0,1,0,7
PPG,4,110979,4440711552,222,39870,40261,38308.559,1952.441,418.820,0,0,0,0,60.00,60.00,2,1,16,nan,4,0,40,1,1,3,3,0,0,0,147117883,0.03955,0.00537,0.95068,0.95152,-0.00558,-0.00081,-0.00194,0.00597,0.95378,0.00328,0.00684,3,12237,0,7277,3.72808,3.84352,1.03097,78,1,84.226,136,1,3,2630,187491,0,0,0.000,113.551,29.228,0,0.000,113.326,32.800,0,0,1,0,7
PPG,4,110980,4440751552,129,39171,39595,38321.422,1273.578,416.398,0,0,0,0,60.00,60.00,2,1,16,nan,4,0,40,1,1,4,4,0,0,0,147159950,0.04102,0.00879,0.95459,0.95551,-0.00638,-0.00161,-0.00087,0.00664,0.95551,0.00631,0.00664,3,12243,0,7277,3.72808,3.84352,1.03097,78,1,84.226,136,1,3,4344,187491,0,0,0.000,113.551,29.228,0,0.000,113.326,32.800,0,0,1,0,7
PPG,4,110981,4440791552,128,38708,39172,38329.926,842.074,441.156,0,0,0,0,60.00,60.00,2,1,16,nan,4,0,40,1,1,5,5,0,0,0,147199191,0.03906,0.00879,0.95288,0.95372,-0.00585,-0.00081,-0.00194,0.00622,0.95498,0.00125,0.00738,3,12199,0,7277,3.72808,3.84352,1.03097,78,1,84.226,136,1,3,4334,187491,0,0,0.000,113.551,29.228,0,0.000,113.326,32.800,0,0,1,0,7
PPG,4,110982,4440831552,135,38590,39080,38337.426,742.574,484.230,0,0,0,0,60.00,60.00,2,1,16,nan,4,0,40,1,1,6,6,0,0,0,147238490,0.04272,0.00269,0.95117,0.95213,-0.00505,-0.00028,-0.00167,0.00533,0.95584,0.00344,0.00602,3,12248,0,7277,3.72808,3.84352,1.03097,78,1,84.226,136,1,3,4353,187491,0,0,0.000,113.551,29.228,0,0.000,113.326,32.800,0,0,1,0,7
PPG,4,110983,4440871552,128,38955,39457,38348.621,1108.379,569.969,0,0,0,0,60.00,60.00,2,1,16,nan,4,0,40,1,1,7,7,0,0,0,147277819,0.03833,0.00781,0.95459,0.95539,-0.00532,-0.00081,-0.00167,0.00563,0.95539,0.00502,0.00624,3,12240,0,7277,3.72808,3.84352,1.03097,78,1,84.226,136,1,3,2640,187491,0,0,0.000,113.551,29.228,0,0.000,113.326,32.800,0,0,1,0,7
PPG,4,110984,4440911552,188,39593,40068,38365.816,1702.184,633.336,0,0,0,0,60.00,60.00,2,1,16,nan,4,0,40,1,1,8,8,0,0,0,147319699,0.03979,0.00977,0.95142,0.95230,-0.00665,-0.00028,-0.00141,0.00680,0.95230,0.00904,0.00680,3,12224,0,7277,3.72808,3.84352,1.03097,78,1,84.226,136,1,3,4312,187491,0,0,0.000,113.551,29.228,0,0.000,113.326,32.800,0,0,1,0,7
PPG,4,110985,4440951552,222,40027,40360,38385.758,1974.242,605.785,0,0,0,0,60.00,60.00,2,1,16,nan,4,0,40,1,1,9,9,0,0,0,147359137,0.03809,0.00854,0.95044,0.95124,-0.00505,-0.00001,-0.00247,0.00562,0.95338,0.00635,0.00622,3,12137,0,7277,3.72808,3.84352,1.03097,78,1,84.226,136,1,3,4303,187491,0,0,0.000,113.551,29.228,0,0.000,113.326,32.800,0,0,1,0,7
PPG,4,110986,4440991552,239,39779,39969,38401.590,1567.410,463.969,1,0,1,1120,53.57,53.57,2,1,16,nan,4,0,40,1,1,10,10,0,0,0,147398332,0.03931,0.01050,0.94580,0.94668,-0.00558,-0.00028,-0.00087,0.00566,0.94886,0.00392,0.00566,3,12120,0,7277,3.72808,3.84352,1.03097,78,1,84.226,136,1,3,4297,187491,0,0,1070.445,113.551,29.228,1,1122.605,113.326,32.800,1,1,1,0,7
PPG,4,110987,4441031552,130,38971,39146,38409.035,736.965,307.328,0,0,0,0,53.57,53.57,2,1,16,nan,4,0,40,1,1,11,11,0,0,0,147456580,0.03882,0.00757,0.95068,0.95151,-0.00558,-0.00001,-0.00114,0.00570,0.95690,0.01022,0.00656,4,19006,0,7277,3.72808,3.84352,1.03097,78,1,84.226,136,1,3,14619,187491,0,0,0.000,111.639,28.416,0,0.000,111.373,31.907,0,0,1,0,7
PPG,4,110988,4441071552,131,38319,38494,38409.887,84.113,156.719,0,0,0,0,53.57,53.57,2,1,16,nan,4,0,40,1,1,12,12,0,0,0,147480944,0.04053,0.00757,0.94873,0.94963,-0.00558,-0.00108,-0.00167,0.00593,0.95566,0.00603,0.00593,2,12180,0,7277,3.72808,3.84352,1.03097,78,1,84.226,136,1,3,2590,187491,0,0,0.000,111.639,28.416,0,0.000,111.373,31.907,0,0,1,0,7
PPG,4,110989,4441111552,531,38156,38354,38409.328,-55.328,20.055,0,0,0,0,53.57,53.57,2,1,16,nan,4,0,40,1,1,13,13,0,0,0,147517351,0.03735,0.00903,0.94702,0.94780,-0.00612,-0.00055,-0.00167,0.00637,0.95325,0.00545,0.00637,3,12131,0,7277,2.83003,2.91724,1.03082,79,1,84.230,187,1,3,2599,187491,0,0,0.000,111.639,28.416,0,0.000,111.373,31.907,0,0,1,0,7
PPG,4,110990,4441151552,179,38525,38755,38412.785,342.215,-89.680,0,0,0,0,53.57,53.57,2,1,16,nan,4,0,40,1,1,14,14,0,0,0,147559415,0.03931,0.00439,0.95142,0.95224,-0.00638,-0.00161,-0.00167,0.00679,0.95302,0.00547,0.00695,3,12153,0,7277,2.83003,2.91724,1.03082,79,1,84.230,187,1,3,4296,187491,0,0,0.000,111.639,28.416,0,0.000,111.373,31.907,0,0,1,0,7
PPG,4,110991,4441191552,129,39161,39387,38422.527,964.473,-173.363,0,0,0,0,53.57,53.57,2,1,16,nan,4,0,40,1,1,15,15,0,0,0,147598457,0.04272,0.00635,0.95483,0.95581,-0.00558,-0.00001,-0.00141,0.00576,0.95836,0.00409,0.00576,3,12129,0,7277,2.83003,2.91724,1.03082,79,1,84.230,187,1,3,4298,187491,0,0,0.000,111.639,28.416,0,0.000,111.373,31.907,0,0,1,0,7
PPG,4,110992,4441231552,130,39355,39546,38433.762,1112.238,-263.551,0,0,0,0,53.57,53.57,2,1,16,nan,4,0,40,1,1,16,16,0,0,0,147637445,0.04175,0.00830,0.95117,0.95212,-0.00479,-0.00001,-0.00300,0.00565,0.95389,0.00192,0.00636,3,12133,0,7277,2.83003,2.91724,1.03082,79,1,84.230,187,1,3,2605,187491,0,0,0.000,111.639,28.416,0,0.000,111.373,31.907,0,0,1,0,7
PPG,4,110993,4441271552,129,39032,39234,38441.766,792.234,-362.898,0,0,0,0,53.57,53.57,2,1,16,nan,4,0,40,1,1,17,17,0,0,0,147679180,0.03760,0.00928,0.95142,0.95220,-0.00585,-0.00081,-0.00087,0.00597,0.95618,0.00406,0.00597,3,12113,0,7277,2.83003,2.91724,1.03082,79,1,84.230,187,1,3,4294,187491,0,0,0.000,111.639,28.416,0,0.000,111.373,31.907,0,0,1,0,7
PPG,4,110994,4441311552,133,38626,38819,38445.539,373.461,-414.664,0,0,0,0,53.57,53.57,2,1,16,nan,4,0,40,1,1,18,18,0,0,0,147718136,0.04126,0.00635,0.95386,0.95477,-0.00585,-0.00055,-0.00221,0.00628,0.95562,0.00341,0.00628,3,12119,0,7277,2.83003,2.91724,1.03082,79,1,84.230,187,1,3,2599,187491,0,0,0.000,111.639,28.416,0,0.000,111.373,31.907,0,0,1,0,7
PPG,4,110995,4441351552,132,38429,38654,38447.625,206.375,-395.906,0,0,0,0,53.57,53.57,2,1,16,nan,4,0,40,1,1,19,19,0,0,0,147759758,0.03906,0.00903,0.95264,0.95348,-0.00692,-0.00081,-0.00087,0.00702,0.95348,0.00805,0.00702,3,12190,0,7277,2.83003,2.91724,1.03082,79,1,84.230,187,1,3,4297,187491,0,0,0.000,111.639,28.416,0,0.000,111.373,31.907,0,0,1,0,7
PPG,4,110996,4441391552,130,38470,38735,38450.500,284.500,-333.781,0,0,0,0,53.57,53.57,2,1,16,nan,4,0,40,1,1,20,20,0,0,0,147798704,0.03784,0.00635,0.94824,0.94902,-0.00585,-0.00028,-0.00061,0.00589,0.95851,0.01073,0.00639,3,12117,0,7277,2.83003,2.91724,1.03082,79,1,84.230,187,1,3,4295,187491,0,0,0.000,111.639,28.416,0,0.000,111.373,31.907,0,0,1,0,7
PPG,4,110997,4441431552,129,38959,39224,38458.234,765.766,-243.730,0,0,0,0,53.57,53.57,2,1,16,nan,4,0,40,1,1,21,21,0,0,0,147837682,0.04102,0.00830,0.94897,0.94990,-0.00665,-0.00001,-0.00221,0.00701,0.95213,0.00404,0.00701,3,12147,0,7277,2.83003,2.91724,1.03082,79,1,84.230,187,1,3,2600,187491,0,0,0.000,111.639,28.416,0,0.000,111.373,31.907,0,0,1,0,7
PPG,4,110998,4441471552,130,39488,39760,38471.254,1288.746,-164.645,0,0,0,0,53.57,53.57,2,1,16,nan,4,0,40,1,1,22,22,0,0,0,147879638,0.04175,0.00586,0.95605,0.95698,-0.00692,-0.00028,-0.00167,0.00712,0.95698,0.00607,0.00712,3,12289,0,7277,2.83003,2.91724,1.03082,79,1,84.230,187,1,3,4301,187491,0,0,0.000,111.639,28.416,0,0.000,111.373,31.907,0,0,1,0,7
PPG,4,110999,4441511552,129,39677,39947,38486.012,1460.988,-91.656,0,0,0,0,53.57,53.57,2,1,16,nan,4,0,40,1,1,23,23,0,0,0,147918645,0.03784,0.00464,0.94751,0.94828,-0.00665,-0.00055,-0.00087,0.00673,0.95461,0.00528,0.00673,3,12107,0,7277,2.83003,2.91724,1.03082,79,1,84.230,187,1,3,4300,187491,0,0,0.000,111.639,28.416,0,0.000,111.373,31.907,0,0,1,0,7
PPG,4,111000,4441551552,130,39133,39418,38495.332,922.668,-56.520,0,0,0,0,53.57,53.57,2,1,16,nan,4,0,40,1,1,24,24,0,0,0,147957621,0.03540,0.00659,0.94556,0.94624,-0.00612,-0.00055,-0.00141,0.00630,0.95851,0.01233,0.00673,3,12149,0,7277,2.83003,2.91724,1.03082,79,1,84.230,187,1,3,2626,187491,0,0,0.000,111.639,28.416,0,0.000,111.373,31.907,0,0,1,0,7
PPG,4,111001,4441591552,130,38743,39084,38501.219,582.781,-14.266,0,0,0,0,53.57,53.57,2,1,16,nan,4,0,40,1,1,25,25,0,0,0,147999200,0.04028,0.00806,0.95215,0.95303,-0.00558,-0.00055,-0.00141,0.00578,0.95303,0.00340,0.00633,3,12106,0,7277,2.83003,2.91724,1.03082,79,1,84.230,187,1,3,4295,187491,0,0,0.000,111.639,28.416,0,0.000,111.373,31.907,0,0,1,0,7
PPG,4,111002,4441631552,134,38708,39067,38506.875,560.125,45.387,0,0,0,0,53.57,53.57,2,1,16,nan,4,0,40,1,1,26,26,0,0,0,148038152,0.03955,0.00659,0.94922,0.95007,-0.00452,-0.00028,-0.00087,0.00461,0.95342,0.00335,0.00551,3,12115,0,7277,2.83003,2.91724,1.03082,79,1,84.230,187,1,3,2599,187491,0,0,0.000,111.639,28.416,0,0.000,111.373,31.907,0,0,1,0,7
PPG,4,111003,4441671552,133,38980,39361,38515.418,845.582,139.613,0,0,0,0,53.57,53.57,2,1,16,nan,4,0,40,1,1,27,27,0,0,0,148079762,0.03809,0.01099,0.94971,0.95053,-0.00558,-0.00001,-0.00274,0.00622,0.95783,0.00776,0.00622,3,12129,0,7277,2.83003,2.91724,1.03082,79,1,84.230,187,1,3,4302,187491,0,0,0.000,111.639,28.416,0,0.000,111.373,31.907,0,0,1,0,7
PPG,4,111004,4441711552,130,39653,40024,38530.504,1493.496,256.102,0,0,0,0,53.57,53.57,2,1,16,nan,4,0,40,1,1,28,28,0,0,0,148118695,0.04004,0.01147,0.95410,0.95501,-0.00479,0.00025,-0.00221,0.00527,0.95628,0.00574,0.00558,3,12106,0,7277,2.83003,2.91724,1.03082,79,1,84.230,187,1,3,4295,187491,0,0,0.000,111.639,28.416,0,0.000,111.373,31.907,0,0,1,0,7
PPG,4,111005,4441751552,129,40024,40395,38549.148,1845.852,345.066,0,0,0,0,53.57,53.57,2,1,16,nan,4,0,40,1,1,29,29,0,0,0,148157641,0.04102,0.01050,0.94873,0.94967,-0.00612,-0.00001,-0.00274,0.00670,0.94991,0.00510,0.00670,3,12116,0,7277,2.83003,2.91724,1.03082,79,1,84.230,187,1,3,2599,187491,0,0,0.000,111.639,28.416,0,0.000,111.373,31.907,0,0,1,0,7
PPG,4,111006,4441791552,130,39734,40112,38564.777,1547.223,361.484,0,0,0,0,53.57,53.57,2,1,16,nan,4,0,40,1,1,30,30,0,0,0,148199231,0.03784,0.00830,0.95313,0.95391,-0.00585,-0.00055,-0.00194,0.00619,0.95391,0.00527,0.00687,3,12108,0,7277,2.83003,2.91724,1.03082,79,1,84.230,187,1,3,4297,187491,0,0,0.000,111.639,28.416,0,0.000,111.373,31.907,0,0,1,0,7
PPG,4,111007,4441831552,226,39022,39420,38573.328,846.672,348.070,0,0,0,0,53.57,53.57,2,1,16,nan,4,0,40,1,1,31,31,0,0,0,148238179,0.04175,0.00293,0.94800,0.94892,-0.00638,-0.00028,-0.00141,0.00654,0.95220,0.00178,0.00654,3,12116,0,7277,2.83003,2.91724,1.03082,79,1,84.230,187,1,3,2602,187491,0,0,0.000,111.639,28.416,0,0.000,111.373,31.907,0,0,1,0,7
PPG,4,111008,4441871552,134,38598,38895,38576.543,318.457,301.020,0,0,0,0,53.57,53.57,2,1,16,nan,4,0,40,1,1,0,0,0,0,0,148279823,0.03931,0.00513,0.94922,0.95005,-0.00532,-0.00028,-0.00141,0.00551,0.95190,0.00298,0.00636,3,12109,0,7277,2.83003,2.91724,1.03082,79,1,84.230,187,1,3,4296,187491,0,0,0.000,111.639,28.416,0,0.000,111.373,31.907,0,0,1,0,7
PPG,4,111009,4441911552,135,38507,38672,38577.496,94.504,228.695,0,1,0,0,53.57,53.57,2,1,16,nan,4,0,40,1,1,1,1,0,0,0,148318758,0.03735,0.00610,0.95068,0.95144,-0.00505,-0.00108,-0.00167,0.00543,0.95388,0.00525,0.00576,3,12114,0,7277,2.83003,2.91724,1.03082,79,1,84.230,187,1,3,4298,187491,0,0,0.000,111.639,28.416,0,0.000,111.373,31.907,0,0,1,0,7
PPG,4,111010,4441951552,130,38732,38850,38580.223,269.777,150.945,0,0,0,0,53.57,53.57,2,1,16,nan,4,0,40,1,1,2,2,0,0,0,148357695,0.04175,0.00830,0.95093,0.95188,-0.00558,-0.00108,-0.00141,0.00586,0.95524,0.00745,0.00655,3,12106,0,7277,2.83003,2.91724,1.03082,79,1,84.230,187,1,3,2599,187491,0,0,0.000,111.639,28.416,0,0.000,111.373,31.907,0,0,1,0,7
PPG,4,111011,4441991552,129,39197,39259,38587.012,671.988,48.055,0,0,0,0,53.57,53.57,2,1,16,nan,4,0,40,1,1,3,3,0,0,0,148399253,0.04150,0.00439,0.94800,0.94892,-0.00425,-0.00055,-0.00114,0.00444,0.95252,0.00308,0.00620,3,12108,0,7277,2.83003,2.91724,1.03082,79,1,84.230,187,1,3,4295,187491,0,0,0.000,111.639,28.416,0,0.000,111.373,31.907,0,0,1,0,7
PPG,4,111012,4442031552,133,39256,39316,38594.301,721.699,-94.586,0,0,0,0,53.57,53.57,2,1,16,nan,4,0,40,1,1,4,4,0,0,0,148456993,0.03931,0.01074,0.95020,0.95107,-0.00638,-0.00055,-0.00087,0.00647,0.95505,0.00586,0.00679,4,18808,0,7277,2.83003,2.91724,1.03082,79,1,84.230,187,1,3,14450,187491,0,0,0.000,111.639,28.416,0,0.000,111.373,31.907,0,0,1,0,7
PPG,4,111013,4442071552,132,38670,38766,38596.020,169.980,-263.469,0,0,0,0,53.57,53.57,2,1,16,nan,4,0,40,1,1,5,5,0,0,0,148481331,0.03955,0.00317,0.95093,0.95176,-0.00612,0.00025,-0.00087,0.00618,0.95176,0.00201,0.00618,2,12183,0,7277,2.83003,2.91724,1.03082,79,1,84.230,187,1,3,2600,187491,0,0,0.000,111.639,28.416,0,0.000,111.373,31.907,0,0,1,0,7
PPG,4,111014,4442111552,552,38012,38189,38591.949,-402.949,-407.828,1,0,1,1120,53.57,53.57,2,1,16,nan,4,0,40,1,1,6,6,0,0,0,148517668,0.03687,0.00977,0.95142,0.95218,-0.00558,-0.00108,-0.00167,0.00593,0.95412,0.00260,0.00593,3,12116,0,7277,2.27832,2.36464,1.03789,78,1,84.053,214,1,3,2599,187491,0,0,567.500,111.639,28.416,1,776.148,111.373,31.907,1,1,1,0,7
PPG,4,111015,4442151552,177,37610,37815,38584.180,-769.180,-520.164,0,0,0,0,53.57,53.57,2,1,16,nan,4,0,40,1,1,7,7,0,0,0,148559720,0.03540,0.00854,0.94946,0.95016,-0.00532,-0.00028,-0.00087,0.00540,0.95138,0.00155,0.00540,3,12104,0,7277,2.27832,2.36464,1.03789,78,1,84.053,214,1,3,4294,187491,0,0,0.000,106.823,26.370,0,0.000,107.498,30.136,0,0,1,0,7
PPG,4,111016,4442191552,133,38026,38220,38580.539,-360.539,-558.984,0,0,0,0,53.57,53.57,2,1,16,nan,4,0,40,1,1,8,8,0,0,0,148598805,0.03589,0.00635,0.95605,0.95675,-0.00532,-0.00055,-0.00221,0.00578,0.95675,0.01059,0.00635,3,12139,0,7277,2.27832,2.36464,1.03789,78,1,84.053,214,1,3,4302,187491,0,0,0.000,106.823,26.370,0,0.000,107.498,30.136,0,0,1,0,7
PPG,4,111017,4442231552,127,39504,39640,38591.133,1048.867,-466.930,0,0,0,0,53.57,53.57,2,1,16,nan,4,0,40,1,1,9,9,0,0,0,148637739,0.03906,0.00635,0.95142,0.95224,-0.00558,-0.00001,-0.00194,0.00591,0.95388,0.01133,0.00591,3,12114,0,7277,2.27832,2.36464,1.03789,78,1,84.053,214,1,3,2600,187491,0,0,0.000,106.823,26.370,0,0.000,107.498,30.136,0,0,1,0,7
PPG,4,111018,4442271552,129,40534,40607,38611.293,1995.707,-316.707,0,0,0,0,53.57,53.57,2,1,16,nan,4,0,40,1,1,10,10,0,0,0,148679343,0.03833,0.00635,0.95020,0.95099,-0.00638,-0.00108,-0.00034,0.00648,0.95223,0.00432,0.00705,3,12172,0,7277,2.27832,2.36464,1.03789,78,1,84.053,214,1,3,4300,187491,0,0,0.000,106.823,26.370,0,0.000,107.498,30.136,0,0,1,0,7
PPG,4,111019,4442311552,128,40013,40132,38626.500,1505.500,-209.387,0,0,0,0,53.57,53.57,2,1,16,nan,4,0,40,1,1,11,11,0,0,0,148718297,0.04321,0.00586,0.95117,0.95217,-0.00665,-0.00001,-0.00167,0.00686,0.95217,0.00260,0.00686,3,12118,0,7277,2.27832,2.36464,1.03789,78,1,84.053,214,1,3,2596,187491,0,0,0.000,106.823,26.370,0,0.000,107.498,30.136,0,0,1,0,7
PPG,4,111020,4442351552,133,39120,39313,38633.363,679.637,-125.996,0,0,0,0,53.57,53.57,2,1,16,nan,4,0,40,1,1,12,12,0,0,0,148759825,0.04053,0.00586,0.95020,0.95108,-0.00532,-0.00055,-0.00167,0.00560,0.95434,0.00235,0.00659,3,12108,0,7277,2.27832,2.36464,1.03789,78,1,84.053,214,1,3,4296,187491,0,0,0.000,106.823,26.370,0,0.000,107.498,30.136,0,0,1,0,7
PPG,4,111021,4442391552,131,38928,39165,38638.680,526.320,9.387,0,0,0,0,53.57,53.57,2,1,16,nan,4,0,40,1,1,13,13,0,0,0,148798805,0.04395,0.00562,0.94824,0.94928,-0.00532,-0.00135,-0.00221,0.00591,0.95350,0.00932,0.00622,3,12122,0,7277,2.27832,2.36464,1.03789,78,1,84.053,214,1,3,4299,187491,0,0,0.000,106.823,26.370,0,0.000,107.498,30.136,0,0,1,0,7
PPG,4,111022,4442431552,129,38809,39069,38642.984,426.016,188.430,0,0,0,0,53.57,53.57,2,1,16,nan,4,0,40,1,1,14,14,0,0,0,148837742,0.03882,0.00879,0.95288,0.95371,-0.00692,0.00052,-0.00061,0.00696,0.95624,0.00351,0.00696,3,12121,0,7277,2.27832,2.36464,1.03789,78,1,84.053,214,1,3,2603,187491,0,0,0.000,106.823,26.370,0,0.000,107.498,30.136,0,0,1,0,7
PPG,4,111023,4442471552,128,39076,39360,38650.156,709.844,351.336,0,0,0,0,53.57,53.57,2,1,16,nan,4,0,40,1,1,15,15,0,0,0,148879312,0.03979,0.00757,0.95142,0.95228,-0.00532,0.00025,-0.00221,0.00576,0.95315,0.00087,0.00581,3,12136,0,7277,2.27832,2.36464,1.03789,78,1,84.053,214,1,3,4308,187491,0,0,0.000,106.823,26.370,0,0.000,107.498,30.136,0,0,1,0,7
PPG,4,111024,4442511552,129,40141,40375,38667.406,1707.594,438.785,0,0,0,0,53.57,53.57,2,1,16,nan,4,0,40,1,1,16,16,0,0,0,148918297,0.03564,0.00439,0.95044,0.95112,-0.00505,-0.00081,-0.00194,0.00547,0.95672,0.00783,0.00610,3,12118,0,7277,2.27832,2.36464,1.03789,78,1,84.053,214,1,3,2597,187491,0,0,0.000,106.823,26.370,0,0.000,107.498,30.136,0,0,1,0,7
PPG,4,111025,4442551552,181,40572,40801,38688.742,2112.258,446.199,0,0,0,0,53.57,53.57,2,1,16,nan,4,0,40,1,1,17,17,0,0,0,148959830,0.04126,0.00586,0.94531,0.94623,-0.00718,-0.00108,-0.00194,0.00752,0.95021,0.00548,0.00752,3,12111,0,7277,2.27832,2.36464,1.03789,78,1,84.053,214,1,3,4296,187491,0,0,0.000,106.823,26.370,0,0.000,107.498,30.136,0,0,1,0,7
PPG,4,111026,4442591552,177,39825,40090,38702.754,1387.246,441.301,0,0,0,0,53.57,53.57,2,1,16,nan,4,0,40,1,1,18,18,0,0,0,148998944,0.04126,0.00269,0.94897,0.94987,-0.00638,-0.00135,-0.00141,0.00667,0.95271,0.00648,0.00681,3,12119,0,7277,2.27832,2.36464,1.03789,78,1,84.053,214,1,3,4294,187491,0,0,0.000,106.823,26.370,0,0.000,107.498,30.136,0,0,1,0,7
PPG,4,111027,4442631552,128,38881,39224,38707.965,516.035,438.387,0,0,0,0,53.57,53.57,2,1,16,nan,4,0,40,1,1,19,19,0,0,0,149038010,0.03979,0.00317,0.95459,0.95542,-0.00665,-0.00241,-0.00114,0.00717,0.95542,0.00355,0.00717,3,12154,0,7277,2.27832,2.36464,1.03789,78,1,84.053,214,1,3,2602,187491,0,0,0.000,106.823,26.370,0,0.000,107.498,30.136,0,0,1,0,7
PPG,4,111028,4442671552,135,38479,38868,38709.566,158.434,397.305,0,0,0,0,53.57,53.57,2,1,16,nan,4,0,40,1,1,20,20,0,0,0,149079710,0.03735,0.00757,0.95654,0.95730,-0.00745,-0.00108,-0.00221,0.00784,0.95730,0.00589,0.00784,3,12147,0,7277,2.27832,2.36464,1.03789,78,1,84.053,214,1,3,4307,187491,0,0,0.000,106.823,26.370,0,0.000,107.498,30.136,0,0,1,0,7
PPG,4,111029,4442711552,130,38673,39095,38713.422,381.578,379.871,0,1,0,0,53.57,53.57,2,1,16,nan,4,0,40,1,1,21,21,0,0,0,149119078,0.04272,0.00562,0.94751,0.94849,-0.00532,0.00025,-0.00194,0.00567,0.95618,0.00524,0.00759,3,12221,0,7277,2.27832,2.36464,1.03789,78,1,84.053,214,1,3,4345,187491,0,0,0.000,106.823,26.370,0,0.000,107.498,30.136,0,0,1,0,7
PPG,4,111030,4442751552,129,39701,40078,38727.066,1350.934,421.043,0,0,0,0,53.57,53.57,2,1,16,nan,4,0,40,1,1,22,22,0,0,0,149158460,0.03589,0.00684,0.95215,0.95285,-0.00532,-0.00028,-0.00247,0.00587,0.95285,0.00418,0.00613,3,12300,0,7277,2.27832,2.36464,1.03789,78,1,84.053,214,1,3,2627,187491,0,0,0.000,106.823,26.370,0,0.000,107.498,30.136,0,0,1,0,7
PPG,4,111031,4442791552,220,40590,40798,38747.777,2050.223,404.520,0,0,0,0,53.57,53.57,2,1,16,nan,4,0,40,1,1,23,23,0,0,0,149200417,0.03638,0.00635,0.95386,0.95457,-0.00532,-0.00161,-0.00300,0.00632,0.95509,0.00276,0.00769,3,12229,0,7277,2.27832,2.36464,1.03789,78,1,84.053,214,1,3,4359,187491,0,0,0.000,106.228,26.725,0,0.000,107.253,30.315,0,0,1,0,7
PPG,4,111032,4442831552,130,40460,40526,38765.559,1760.441,304.734,0,0,0,0,53.57,53.57,2,1,16,nan,4,0,40,1,1,24,24,0,0,0,149239858,0.03979,0.00562,0.95215,0.95300,-0.00558,-0.00028,-0.00327,0.00648,0.95736,0.00956,0.00720,3,12262,0,7277,2.27832,2.36464,1.03789,78,1,84.053,214,1,3,4346,187491,0,0,877.656,106.228,26.725,1,0.000,107.253,30.315,0,0,1,0,7
PPG,4,111033,4442871552,209,39503,39569,38773.594,795.406,190.156,1,0,1,740,53.57,53.57,2,1,16,nan,4,0,40,1,1,25,25,0,0,0,149279235,0.04224,0.00342,0.95386,0.95480,-0.00558,-0.00108,-0.00221,0.00610,0.95480,0.00213,0.00660,3,12238,0,7277,2.27832,2.36464,1.03789,78,1,84.053,214,1,3,4329,187491,0,0,0.000,106.228,26.725,0,1005.184,107.253,30.315,1,1,1,0,7
PPG,4,111034,4442911552,132,38511,38640,38772.258,-132.258,84.180,0,0,0,0,53.57,53.57,2,1,16,nan,4,0,40,1,1,26,26,0,0,0,149318810,0.03955,0.00952,0.95166,0.95253,-0.00612,-0.00055,-0.00354,0.00709,0.95253,0.00536,0.00709,3,12272,0,7277,2.27832,2.36464,1.03789,78,1,84.053,214,1,3,4334,187491,0,0,0.000,103.953,25.746,0,0.000,105.294,29.414,0,0,1,0,7
PPG,4,111035,4442951552,136,38061,38228,38766.816,-538.816,-27.898,0,0,0,0,53.57,53.57,2,1,16,nan,4,0,40,1,1,27,27,0,0,0,149358086,0.03369,0.00488,0.94312,0.94373,-0.00612,-0.00161,-0.00167,0.00654,0.95035,0.00662,0.00654,3,12200,0,7277,2.27832,2.36464,1.03789,78,1,84.053,214,1,3,2643,187491,0,0,0.000,103.953,25.746,0,0.000,105.294,29.414,0,0,1,0,7
PPG,4,111036,4442991552,141,38459,38670,38765.848,-95.848,-111.113,0,0,0,0,53.57,53.57,2,1,16,nan,4,0,40,1,1,28,28,0,0,0,149400126,0.03931,0.00195,0.95093,0.95174,-0.00665,-0.00001,-0.00194,0.00693,0.95174,0.00645,0.00718,3,12291,0,7277,2.27832,2.36464,1.03789,78,1,84.053,214,1,3,4332,187491,0,0,0.000,103.953,25.746,0,0.000,105.294,29.414,0,0,1,0,7
PPG,4,111037,4443031552,128,39583,39783,38776.020,1006.980,-160.406,0,0,0,0,53.57,53.57,2,1,16,nan,4,0,40,1,1,29,29,0,0,0,149439482,0.03638,0.00464,0.94873,0.94944,-0.00585,-0.00001,-0.00274,0.00646,0.95297,0.00468,0.00646,3,12234,0,7277,2.27832,2.36464,1.03789,78,1,84.053,214,1,3,4323,187491,0,0,0.000,103.953,25.746,0,0.000,105.294,29.414,0,0,1,0,7
PPG,4,111038,4443071552,136,40429,40572,38793.980,1778.020,-190.945,0,0,0,0,53.57,53.57,2,1,16,nan,4,0,40,1,1,30,30,0,0,0,149478646,0.04175,0.00415,0.95361,0.95454,-0.00612,-0.00135,-0.00141,0.00642,0.95693,0.00749,0.00642,2,12314,0,7278,2.27832,2.36464,1.03789,78,1,84.053,214,1,3,2632,187491,0,0,0.000,103.953,25.746,0,0.000,105.294,29.414,0,0,1,0,7
PPG,4,111039,4443111552,555,40048,40208,38808.121,1399.879,-240.172,0,0,0,0,53.57,53.57,2,1,16,nan,4,0,40,1,1,31,31,0,0,0,149520630,0.03979,0.00488,0.94580,0.94665,-0.00612,0.00079,-0.00194,0.00647,0.95690,0.00820,0.00647,3,12228,0,7278,2.21166,2.31175,1.04526,78,1,83.869,214,1,3,4339,187491,0,0,0.000,103.953,25.746,0,0.000,105.294,29.414,0,0,1,0,7
PPG,4,111040,4443151552,181,39027,39259,38812.629,446.371,-281.754,0,0,0,0,53.57,53.57,2,1,16,nan,4,0,40,1,1,0,0,0,0,0,149560368,0.04053,0.00854,0.95752,0.95841,-0.00665,-0.00001,-0.00167,0.00686,0.95841,0.00733,0.00686,3,12236,0,7278,2.21166,2.31175,1.04526,78,1,83.869,214,1,3,4335,187491,0,0,0.000,103.953,25.746,0,0.000,105.294,29.414,0,0,1,0,7
PPG,4,111041,4443191552,138,38582,38906,38813.562,92.438,-230.805,0,0,0,0,53.57,53.57,2,1,16,nan,4,0,40,1,1,1,1,0,0,0,149599740,0.04199,0.00513,0.94971,0.95065,-0.00558,-0.00028,-0.00194,0.00592,0.96157,0.01092,0.00680,3,12264,0,7278,2.21166,2.31175,1.04526,78,1,83.869,214,1,3,4331,187491,0,0,0.000,103.953,25.746,0,0.000,105.294,29.414,0,0,1,0,7
PPG,4,111042,4443231552,132,38574,38956,38814.988,141.012,-121.156,0,0,0,0,53.57,53.57,2,1,16,nan,4,0,40,1,1,2,2,0,0,0,149639094,0.03882,0.00439,0.95020,0.95100,-0.00558,-0.00001,-0.00141,0.00576,0.95607,0.00542,0.00598,3,12238,0,7278,2.21166,2.31175,1.04526,78,1,83.869,214,1,3,4323,187491,0,0,0.000,103.953,25.746,0,0.000,105.294,29.414,0,0,1,0,7
PPG,4,111043,4443271552,129,38960,39379,38820.629,558.371,-20.820,0,0,0,0,53.57,53.57,2,1,16,nan,4,0,40,1,1,3,3,0,0,0,149678363,0.03809,0.00464,0.95435,0.95512,-0.00665,-0.00001,-0.00194,0.00693,0.95822,0.00722,0.00693,3,12236,0,7278,2.21166,2.31175,1.04526,78,1,83.869,214,1,3,2645,187491,0,0,0.000,103.953,25.746,0,0.000,105.294,29.414,0,0,1,0,7
PPG,4,111044,4443311552,130,39829,40237,38834.793,1402.207,50.934,0,0,0,0,53.57,53.57,2,1,16,nan,4,0,40,1,1,4,4,0,0,0,149720365,0.03809,0.00757,0.95142,0.95221,-0.00532,-0.00055,-0.00141,0.00553,0.95398,0.00744,0.00728,3,12324,0,7278,2.21166,2.31175,1.04526,78,1,83.869,214,1,3,4317,187491,0,0,0.000,103.953,25.746,0,0.000,105.294,29.414,0,0,1,0,7
PPG,4,111045,4443351552,176,40200,40610,38852.547,1757.453,65.914,0,0,0,0,53.57,53.57,2,1,16,nan,4,0,40,1,1,5,5,0,0,0,149759537,0.04102,0.00269,0.95264,0.95352,-0.00665,-0.00081,-0.00167,0.00691,0.95352,0.00307,0.00691,3,12276,0,7278,2.21166,2.31175,1.04526,78,1,83.869,214,1,3,4302,187491,0,0,0.000,103.953,25.746,0,0.000,105.294,29.414,0,0,1,0,7
PPG,4,111046,4443391552,178,39552,39978,38863.801,1114.199,38.656,0,0,0,0,53.57,53.57,2,1,16,nan,4,0,40,1,1,6,6,0,0,0,149798553,0.03564,0.00610,0.95337,0.95405,-0.00638,-0.00108,-0.00141,0.00663,0.95405,0.00525,0.00663,3,12111,0,7278,2.21166,2.31175,1.04526,78,1,83.869,214,1,3,2624,187491,0,0,0.000,103.953,25.746,0,0.000,105.294,29.414,0,0,1,0,7
PPG,4,111047,4443431552,127,38268,38747,38862.633,-115.633,-10.637,0,0,0,0,53.57,53.57,2,1,16,nan,4,0,40,1,1,7,7,0,0,0,149840215,0.03809,0.00781,0.95215,0.95294,-0.00612,-0.00055,-0.00141,0.00630,0.95508,0.00506,0.00667,3,12136,0,7278,2.21166,2.31175,1.04526,78,1,83.869,214,1,3,4297,187491,0,0,0.000,103.953,25.746,0,0.000,105.294,29.414,0,0,1,0,7
PPG,4,111048,4443471552,131,37538,38068,38854.688,-786.688,-90.352,0,0,0,0,53.57,53.57,2,1,16,nan,4,0,40,1,1,8,8,0,0,0,149879160,0.03833,0.00732,0.94678,0.94758,-0.00585,-0.00055,-0.00141,0.00604,0.95122,0.00509,0.00604,3,12113,0,7278,2.21166,2.31175,1.04526,78,1,83.869,214,1,3,4300,187491,0,0,0.000,103.953,25.746,0,0.000,105.294,29.414,0,0,1,0,7
PPG,4,111049,4443511552,130,37680,38232,38848.461,-616.461,-150.629,0,0,0,0,53.57,53.57,2,1,16,nan,4,0,40,1,1,9,9,0,0,0,149918239,0.03784,0.00366,0.95166,0.95242,-0.00558,0.00079,-0.00141,0.00581,0.95242,0.00430,0.00693,3,12122,0,7278,2.21166,2.31175,1.04526,78,1,83.869,214,1,3,2599,187491,0,0,0.000,103.953,25.746,0,0.000,105.294,29.414,0,0,1,0,7
PPG,4,111050,4443551552,132,38753,39295,38852.926,442.074,-123.480,0,0,0,0,53.57,53.57,2,1,16,nan,4,0,40,1,1,10,10,0,0,0,149959791,0.03760,0.00659,0.95435,0.95511,-0.00532,-0.00028,-0.00167,0.00558,0.95761,0.00449,0.00575,3,12122,0,7278,2.21166,2.31175,1.04526,78,1,83.869,214,1,3,4297,187491,0,0,0.000,103.953,25.746,0,0.000,105.294,29.414,0,0,1,0,7
PPG,4,111051,4443591552,126,40200,40700,38871.398,1828.602,-52.434,0,0,0,0,53.57,53.57,2,1,16,nan,4,0,40,1,1,11,11,0,0,0,149998763,0.04419,0.00391,0.94922,0.95025,-0.00532,-0.00028,-0.00141,0.00551,0.95255,0.00352,0.00609,3,12120,0,7278,2.21166,2.31175,1.04526,78,1,83.869,214,1,3,2621,187491,0,0,0.000,103.953,25.746,0,0.000,105.294,29.414,0,0,1,0,7
PPG,4,111052,4443631552,129,41107,41566,38898.344,2667.656,32.137,0,0,0,0,53.57,53.57,2,1,16,nan,4,0,40,1,1,12,12,0,0,0,150040466,0.03955,0.00586,0.95068,0.95152,-0.00585,-0.00055,-0.00221,0.00628,0.95642,0.00683,0.00680,3,12124,0,7278,2.21166,2.31175,1.04526,78,1,83.869,214,1,3,4294,187491,0,0,240.590,103.953,25.746,1,0.000,105.294,29.414,0,0,1,0,7
PPG,4,111053,4443671552,148,41144,41594,38925.301,2668.699,161.746,1,0,1,800,53.57,53.57,2,1,16,nan,4,0,40,1,1,13,13,0,0,0,150079459,0.03760,0.00562,0.94604,0.94681,-0.00558,0.00025,-0.00087,0.00566,0.95179,0.00498,0.00651,3,12121,0,7278,2.21166,2.31175,1.04526,78,1,83.869,214,1,3,4295,187491,0,0,0.000,103.953,25.746,0,347.668,105.294,29.414,1,1,1,0,8
PPG,4,111054,4443711552,129,40394,40797,38944.020,1852.980,346.750,0,0,0,0,53.57,53.57,2,1,16,nan,4,0,40,1,1,14,14,0,0,0,150118492,0.03784,0.00659,0.94727,0.94804,-0.00718,-0.00001,-0.00247,0.00760,0.95415,0.00734,0.00760,3,12121,0,7278,2.21166,2.31175,1.04526,78,1,83.869,214,1,3,2595,187491,0,0,0.000,97.980,23.175,0,0.000,99.470,26.736,0,0,1,0,8
PPG,4,111055,4443751552,125,39644,39944,38954.020,989.980,528.949,0,0,0,0,53.57,53.57,2,1,16,nan,4,0,40,1,1,15,15,0,0,0,150160076,0.03809,0.00928,0.95166,0.95247,-0.00612,-0.00028,-0.00061,0.00615,0.95247,0.00270,0.00643,3,12122,0,7278,2.21166,2.31175,1.04526,78,1,83.869,214,1,3,4305,187491,0,0,0.000,97.980,23.175,0,0.000,99.470,26.736,0,0,1,0,8
PPG,4,111056,4443791552,129,39373,39605,38960.531,644.469,678.344,0,0,0,0,53.57,53.57,2,1,16,nan,4,0,40,1,1,16,16,0,0,0,150199038,0.03760,0.00830,0.94849,0.94927,-0.00558,-0.00135,-0.00087,0.00581,0.95595,0.00761,0.00607,3,12122,0,7278,2.21166,2.31175,1.04526,78,1,83.869,214,1,3,4304,187491,0,0,0.000,97.980,23.175,0,0.000,99.470,26.736,0,0,1,0,8
PPG,4,111057,4443831552,125,39904,40084,38971.766,1112.234,776.004,0,0,0,0,53.57,53.57,2,1,16,nan,4,0,40,1,1,17,17,0,0,0,150238283,0.04492,0.00806,0.94678,0.94788,-0.00585,-0.00028,-0.00221,0.00626,0.95933,0.01146,0.00694,3,12281,0,7278,2.21166,2.31175,1.04526,78,1,83.869,214,1,3,2599,187491,0,0,0.000,97.980,23.175,0,0.000,99.470,26.736,0,0,1,0,8
PPG,4,111058,4443871552,140,40662,40816,38990.207,1825.793,780.379,0,0,0,0,53.57,53.57,2,1,16,nan,4,0,40,1,1,18,18,0,0,0,150316261,0.04004,0.00879,0.95239,0.95327,-0.00612,-0.00055,-0.00167,0.00637,0.95327,0.00351,0.00637,2,60647,0,7283,2.21166,2.31175,1.04526,78,1,83.869,214,1,3,60692,187491,0,0,0.000,97.980,23.175,0,0.000,99.470,26.736,0,0,1,0,8
PPG,4,111059,4443911552,217,41274,41394,39014.246,2379.754,696.504,0,0,0,0,53.57,53.57,2,1,16,nan,4,0,40,1,1,19,19,0,0,0,150328483,0.03760,0.00781,0.94727,0.94804,-0.00612,-0.00055,-0.00221,0.00653,0.94804,0.00523,0.00653,1,12222,0,7283,2.21166,2.31175,1.04526,78,1,83.869,214,1,3,12140,187491,0,0,0.000,97.980,23.175,0,0.000,99.470,26.736,0,0,1,0,8
PPG,4,111060,4443951552,129,40927,41079,39034.895,2044.105,531.934,0,0,0,0,53.57,53.57,2,1,16,nan,4,0,40,1,1,20,20,0,0,0,150365094,0.03809,0.00586,0.94995,0.95073,-0.00558,-0.00028,-0.00221,0.00601,0.95621,0.00817,0.00642,3,12111,0,7283,2.21166,2.31175,1.04526,78,1,83.869,214,1,3,2590,187491,0,0,0.000,97.980,23.175,0,0.000,99.470,26.736,0,0,1,0,8
PPG,4,111061,4443991552,127,39792,40036,39044.906,991.094,366.719,0,0,0,0,53.57,53.57,2,1,16,nan,4,0,40,1,1,21,21,0,0,0,150401549,0.04126,0.00391,0.95117,0.95207,-0.00692,-0.00081,-0.00167,0.00716,0.95332,0.00259,0.00716,3,12128,0,7283,2.21166,2.31175,1.04526,78,1,83.869,214,1,3,4302,187491,0,0,0.000,97.980,23.175,0,0.000,99.470,26.736,0,0,1,0,8
PPG,4,111062,4444031552,130,39137,39379,39048.246,330.754,264.855,0,0,0,0,53.57,53.57,2,1,16,nan,4,0,40,1,1,22,22,0,0,0,150440966,0.03882,0.00659,0.94800,0.94882,-0.00612,-0.00055,-0.00087,0.00620,0.95726,0.00519,0.00736,3,12261,0,7283,2.21166,2.31175,1.04526,78,1,83.869,214,1,3,4351,187491,0,0,0.000,97.980,23.175,0,0.000,99.470,26.736,0,0,1,0,8
PPG,4,111063,4444071552,135,39438,39699,39054.754,644.246,262.285,0,0,0,0,53.57,53.57,2,1,16,nan,4,0,40,1,1,23,23,0,0,0,150480146,0.03564,0.00781,0.95532,0.95602,-0.00585,-0.00055,-0.00114,0.00599,0.95602,0.00955,0.00599,2,12400,0,7284,2.21166,2.31175,1.04526,78,1,83.869,214,1,3,4341,187491,0,0,0.000,97.980,23.175,0,0.000,99.470,26.736,0,0,1,0,8
PPG,4,111064,4444111552,552,40902,41108,39075.285,2032.715,365.020,0,0,0,0,53.57,53.57,2,1,16,nan,4,0,40,1,1,24,24,0,0,0,150519494,0.03857,0.00537,0.94556,0.94636,-0.00452,-0.00028,-0.00141,0.00474,0.95400,0.00450,0.00680,3,12277,0,7284,2.25599,2.31119,1.02447,82,1,84.388,214,1,3,4349,187491,0,0,0.000,97.980,23.175,0,0.000,99.470,26.736,0,0,1,0,8
PPG,4,111065,4444151552,180,41909,42047,39105.004,2941.996,469.031,0,0,0,0,53.57,53.57,2,1,16,nan,4,0,40,1,1,25,25,0,0,0,150559331,0.03687,0.00366,0.95044,0.95116,-0.00612,-0.00028,-0.00194,0.00642,0.95434,0.00798,0.00642,3,12249,0,7284,2.25599,2.31119,1.02447,82,1,84.388,214,1,3,4332,187491,0,0,0.000,97.980,23.175,0,0.000,99.470,26.736,0,0,1,0,8
PPG,4,111066,4444191552,241,41729,41912,39133.074,2778.926,446.328,1,0,1,540,69.77,69.77,2,1,16,nan,4,0,40,1,1,26,26,0,0,0,150598696,0.03955,0.00586,0.95239,0.95323,-0.00558,0.00079,-0.00141,0.00581,0.95323,0.00201,0.00685,3,12216,0,7284,2.25599,2.31119,1.02447,82,1,84.388,214,1,3,2628,187491,0,0,1163.086,97.980,23.175,1,931.008,99.470,26.736,1,1,1,0,8
PPG,4,111067,4444231552,126,40770,41030,39152.043,1877.957,325.180,0,0,0,0,69.77,69.77,2,1,16,nan,4,0,40,1,1,27,27,0,0,0,150640861,0.04028,0.00415,0.94897,0.94984,-0.00532,-0.00108,-0.00141,0.00561,0.95108,0.00477,0.00616,3,12261,0,7284,2.25599,2.31119,1.02447,82,1,84.388,214,1,3,4340,187491,0,0,0.000,98.519,23.407,0,0.000,98.021,26.070,0,0,1,0,8
PPG,4,111068,4444271552,129,39971,40306,39163.582,1142.418,251.852,0,0,0,0,69.77,69.77,2,1,16,nan,4,0,40,1,1,28,28,0,0,0,150680156,0.04102,0.00391,0.95166,0.95255,-0.00558,-0.00055,-0.00167,0.00586,0.95549,0.00566,0.00586,3,12257,0,7284,2.25599,2.31119,1.02447,82,1,84.388,214,1,3,4316,187491,0,0,0.000,98.519,23.407,0,0.000,98.021,26.070,0,0,1,0,8
PPG,4,111069,4444311552,132,39684,40051,39172.457,878.543,256.898,0,0,0,0,69.77,69.77,2,1,16,nan,4,0,40,1,1,29,29,0,0,0,150719460,0.04028,0.00757,0.95166,0.95254,-0.00532,-0.00081,-0.00167,0.00563,0.95472,0.00617,0.00563,3,12270,0,7284,2.25599,2.31119,1.02447,82,1,84.388,214,1,3,4358,187491,0,0,0.000,98.519,23.407,0,0.000,98.021,26.070,0,0,1,0,8
PPG,4,111070,4444351552,129,39992,40387,39184.602,1202.398,300.586,0,0,0,0,69.77,69.77,2,1,16,nan,4,0,40,1,1,30,30,0,0,0,150758785,0.03955,0.00464,0.94849,0.94932,-0.00558,-0.00055,-0.00194,0.00594,0.95098,0.00523,0.00611,3,12180,0,7284,2.25599,2.31119,1.02447,82,1,84.388,214,1,3,2609,187491,0,0,0.000,98.519,23.407,0,0.000,98.021,26.070,0,0,1,0,8
PPG,4,111071,4444391552,185,41230,41605,39208.805,2396.195,326.336,0,0,0,0,69.77,69.77,2,1,16,nan,4,0,40,1,1,31,31,0,0,0,150800678,0.03760,0.00684,0.95044,0.95121,-0.00505,-0.00001,-0.00141,0.00524,0.95532,0.00525,0.00572,3,12240,0,7284,2.25599,2.31119,1.02447,82,1,84.388,214,1,3,4331,187491,0,0,0.000,95.739,24.981,0,0.000,98.021,26.070,0,0,1,0,8
PPG,4,111072,4444431552,129,42360,42649,39243.207,3405.793,358.184,0,0,0,0,69.77,69.77,2,1,16,nan,4,0,40,1,1,0,0,0,0,0,150840060,0.03613,0.00977,0.95508,0.95581,-0.00558,-0.00001,-0.00114,0.00570,0.95581,0.00279,0.00654,3,12241,0,7284,2.25599,2.31119,1.02447,82,1,84.388,214,1,3,4332,187491,0,0,0.000,95.739,24.981,0,0.000,98.021,26.070,0,0,1,0,8
PPG,4,111073,4444471552,144,42065,42372,39274.496,3097.504,385.000,1,0,0,0,69.77,69.77,2,1,16,nan,4,0,40,1,1,1,1,0,0,0,150879335,0.03735,0.00659,0.94678,0.94754,-0.00558,-0.00055,-0.00114,0.00573,0.95259,0.00323,0.00648,3,12238,0,7284,2.25599,2.31119,1.02447,82,1,84.388,214,1,3,4331,187491,0,0,181.617,95.739,24.981,1,206.746,98.021,26.070,1,0,1,0,7
PPG,4,111074,4444511552,176,40803,41194,39293.691,1900.309,388.578,0,0,0,0,69.77,69.77,2,1,16,nan,4,0,40,1,1,2,2,0,0,0,150918636,0.04053,0.00635,0.95239,0.95328,-0.00585,-0.00108,-0.00247,0.00644,0.95328,0.00837,0.00654,3,12240,0,7284,2.25599,2.31119,1.02447,82,1,84.388,214,1,3,2637,187491,0,0,0.000,93.098,26.685,0,0.000,98.021,26.070,0,0,1,0,7
PPG,4,111075,4444551552,186,39976,40451,39305.266,1145.734,383.945,0,0,0,0,69.77,69.77,2,1,16,nan,4,0,40,1,1,3,3,0,0,0,150960617,0.03931,0.00317,0.94995,0.95077,-0.00612,-0.00028,-0.00167,0.00635,0.95373,0.01135,0.00635,3,12240,0,7284,2.25599,2.31119,1.02447,82,1,84.388,214,1,3,4334,187491,0,0,0.000,93.098,26.685,0,0.000,98.021,26.070,0,0,1,0,7
PPG,4,111076,4444591552,129,39332,39856,39310.773,545.227,343.535,0,0,0,0,69.77,69.77,2,1,16,nan,4,0,40,1,1,4,4,0,0,0,150999896,0.03833,0.00537,0.94800,0.94879,-0.00745,0.00079,-0.00167,0.00768,0.95074,0.00289,0.00768,3,12218,0,7284,2.25599,2.31119,1.02447,82,1,84.388,214,1,3,4333,187491,0,0,0.000,93.098,26.685,0,0.000,98.021,26.070,0,0,1,0,7
PPG,4,111077,4444631552,192,39124,39647,39314.137,332.863,259.672,0,0,0,0,69.77,69.77,2,1,16,nan,4,0,40,1,1,5,5,0,0,0,151039182,0.03809,0.00610,0.94897,0.94976,-0.00612,0.00025,-0.00114,0.00623,0.95237,0.00261,0.00726,3,12177,0,7284,2.25599,2.31119,1.02447,82,1,84.388,214,1,3,2599,187491,0,0,0.000,93.098,26.685,0,0.000,98.021,26.070,0,0,1,0,7
PPG,4,111078,4444671552,129,39826,40200,39322.996,877.004,89.754,0,0,0,0,69.77,69.77,2,1,16,nan,4,0,40,1,1,6,6,0,0,0,151081117,0.03687,0.00391,0.95044,0.95116,-0.00585,-0.00001,-0.00221,0.00625,0.95274,0.00272,0.00669,3,12121,0,7284,2.25599,2.31119,1.02447,82,1,84.388,214,1,3,4297,187491,0,0,0.000,93.098,26.685,0,0.000,98.021,26.070,0,0,1,0,7
PPG,4,111079,4444711552,127,40762,40938,39339.145,1598.855,-131.871,0,0,0,0,69.77,69.77,2,1,16,nan,4,0,40,1,1,7,7,0,0,0,151120180,0.04102,0.00928,0.95410,0.95503,-0.00585,-0.00028,-0.00141,0.00602,0.95503,0.00684,0.00602,3,12116,0,7284,2.25599,2.31119,1.02447,82,1,84.388,214,1,3,4294,187491,0,0,0.000,93.098,26.685,0,0.000,98.021,26.070,0,0,1,0,7
PPG,4,111080,4444751552,132,40836,40915,39354.902,1560.098,-331.816,0,0,0,0,69.77,69.77,2,1,16,nan,4,0,40,1,1,8,8,0,0,0,151159215,0.03857,0.00415,0.94800,0.94879,-0.00612,-0.00161,-0.00141,0.00648,0.95280,0.00401,0.00648,3,12129,0,7284,2.25599,2.31119,1.02447,82,1,84.388,214,1,3,2598,187491,0,0,0.000,93.098,26.685,0,0.000,98.021,26.070,0,0,1,0,7
PPG,4,111081,4444791552,132,39477,39638,39357.734,280.266,-534.199,0,0,0,0,69.77,69.77,2,1,16,nan,4,0,40,1,1,9,9,0,0,0,151200752,0.03906,0.00391,0.94800,0.94881,-0.00452,-0.00135,-0.00087,0.00480,0.95352,0.01036,0.00656,3,12113,0,7284,2.25599,2.31119,1.02447,82,1,84.388,214,1,3,4299,187491,0,0,0.000,93.098,26.685,0,0.000,98.021,26.070,0,0,1,0,7
PPG,4,111082,4444831552,133,38788,39033,39354.488,-321.488,-719.469,1,0,0,0,69.77,69.77,2,1,16,nan,4,0,40,1,1,10,10,0,0,0,151239744,0.04077,0.00513,0.95068,0.95157,-0.00638,-0.00028,-0.00141,0.00654,0.95485,0.00604,0.00654,3,12171,0,7284,2.25599,2.31119,1.02447,82,1,84.388,214,1,3,4298,187491,0,0,0.000,93.098,26.685,0,136.727,98.021,26.070,1,0,1,0,7
PPG,4,111083,4444871552,128,39278,39541,39356.352,184.648,-756.570,0,0,0,0,69.77,69.77,2,1,16,nan,4,0,40,1,1,11,11,0,0,0,151278696,0.03613,0.00464,0.95215,0.95285,-0.00638,-0.00028,-0.00114,0.00649,0.95285,0.00597,0.00649,3,12107,0,7284,2.25599,2.31119,1.02447,82,1,84.388,214,1,3,2599,187491,0,0,0.000,93.098,26.685,0,0.000,98.021,26.070,0,0,1,0,7
PPG,4,111084,4444911552,129,40170,40432,39367.109,1064.891,-610.629,0,0,0,0,69.77,69.77,2,1,16,nan,4,0,40,1,1,12,12,0,0,0,151320239,0.03955,0.00195,0.95679,0.95761,-0.00612,-0.00108,-0.00194,0.00651,0.95761,0.00510,0.00651,3,12107,0,7284,2.25599,2.31119,1.02447,82,1,84.388,214,1,3,4294,187491,0,0,0.000,93.098,26.685,0,0.000,98.021,26.070,0,0,1,0,7
PPG,4,111085,4444951552,132,41479,41644,39389.879,2254.121,-384.195,0,0,0,0,69.77,69.77,2,1,16,nan,4,0,40,1,1,13,13,0,0,0,151359192,0.03589,0.00659,0.94751,0.94821,-0.00558,-0.00001,-0.00061,0.00562,0.95326,0.00438,0.00659,3,12112,0,7284,2.25599,2.31119,1.02447,82,1,84.388,214,1,3,2598,187491,0,0,0.000,93.098,26.685,0,0.000,98.021,26.070,0,0,1,0,7
PPG,4,111086,4444991552,136,42279,42383,39419.809,2963.191,-201.316,0,0,0,0,69.77,69.77,2,1,16,nan,4,0,40,1,1,14,14,0,0,0,151400719,0.04224,0.00757,0.95166,0.95263,-0.00612,-0.00028,-0.00167,0.00635,0.95263,0.00246,0.00645,3,12109,0,7284,2.25599,2.31119,1.02447,82,1,84.388,214,1,3,4294,187491,0,0,0.000,93.098,26.685,0,0.000,98.021,26.070,0,0,1,0,6
PPG,4,111087,4445031552,132,41962,42085,39446.461,2638.539,-86.922,0,0,0,0,69.77,69.77,2,1,16,nan,4,0,40,1,1,15,15,0,0,0,151439702,0.03906,0.00610,0.94678,0.94760,-0.00558,-0.00135,-0.00194,0.00606,0.95577,0.00668,0.00685,3,12151,0,7284,2.25599,2.31119,1.02447,82,1,84.388,214,1,3,4322,187491,0,0,0.000,93.098,26.685,0,0.000,98.021,26.070,0,0,1,0,6
PPG,4,111088,4445071552,134,41010,41214,39464.137,1749.863,92.820,0,0,0,0,69.77,69.77,2,1,16,nan,4,0,40,1,1,16,16,0,0,0,151482820,0.04175,0.00684,0.95215,0.95309,-0.00399,-0.00108,-0.00194,0.00456,0.95309,0.00508,0.00711,3,12164,0,7284,2.25599,2.31119,1.02447,82,1,84.388,214,1,3,2601,187491,0,0,0.000,93.098,26.685,0,0.000,98.021,26.070,0,0,1,0,6
PPG,4,111089,4445111552,537,40270,40566,39475.156,1090.844,286.070,0,0,0,0,69.77,69.77,2,1,16,nan,4,0,40,1,1,17,17,0,0,0,151519213,0.03931,0.00635,0.95239,0.95322,-0.00558,-0.00055,-0.00141,0.00578,0.95322,0.00398,0.00653,3,12111,0,7284,2.64472,2.70516,1.02285,79,1,84.429,166,1,3,2598,187491,0,0,0.000,93.098,26.685,0,0.000,98.021,26.070,0,0,1,0,6
PPG,4,111090,4445151552,178,40079,40426,39484.664,941.336,410.551,0,0,0,0,69.77,69.77,2,1,16,nan,4,0,40,1,1,18,18,0,0,0,151561264,0.03809,0.00635,0.94946,0.95025,-0.00558,0.00025,-0.00141,0.00576,0.95394,0.00209,0.00628,3,12112,0,7284,2.64472,2.70516,1.02285,79,1,84.429,166,1,3,4294,187491,0,0,0.000,93.098,26.685,0,0.000,98.021,26.070,0,0,1,0,6
PPG,4,111091,4445191552,129,40740,41088,39500.699,1587.301,530.113,0,0,0,0,69.77,69.77,2,1,16,nan,4,0,40,1,1,19,19,0,0,0,151600298,0.04297,0.00317,0.95190,0.95288,-0.00479,-0.00028,-0.00114,0.00493,0.95307,0.00161,0.00697,3,12137,0,7284,2.64472,2.70516,1.02285,79,1,84.429,166,1,3,4298,187491,0,0,0.000,93.098,26.685,0,0.000,98.021,26.070,0,0,1,0,6
PPG,4,111092,4445231552,130,42054,42323,39528.922,2794.078,643.414,0,0,0,0,69.77,69.77,2,1,16,nan,4,0,40,1,1,20,20,0,0,0,151639310,0.04297,0.00708,0.94897,0.94997,-0.00532,0.00052,-0.00061,0.00538,0.95642,0.00644,0.00651,3,12128,0,7284,2.64472,2.70516,1.02285,79,1,84.429,166,1,3,2595,187491,0,0,0.000,93.098,26.685,0,0.000,98.021,26.070,0,0,1,0,6
PPG,4,111093,4445271552,132,42825,43039,39564.023,3474.977,703.781,0,0,0,0,69.77,69.77,2,1,16,nan,4,0,40,1,1,21,21,0,0,0,151680953,0.04175,0.00488,0.94971,0.95064,-0.00665,-0.00055,-0.00221,0.00703,0.95515,0.00570,0.00703,3,12124,0,7284,2.64472,2.70516,1.02285,79,1,84.429,166,1,3,4296,187491,0,0,0.000,93.098,26.685,0,0.000,98.021,26.070,0,0,1,0,6
PPG,4,111094,4445311552,179,42297,42566,39594.043,2971.957,703.895,0,0,0,0,69.77,69.77,2,1,16,nan,4,0,40,1,1,22,22,0,0,0,151719935,0.04126,0.00513,0.94971,0.95062,-0.00532,-0.00028,-0.00194,0.00567,0.95062,0.00391,0.00635,3,12135,0,7284,2.64472,2.70516,1.02285,79,1,84.429,166,1,3,4295,187491,0,0,0.000,93.098,26.685,0,0.000,98.021,26.070,0,0,1,0,6
PPG,4,111095,4445351552,176,41132,41487,39612.973,1874.027,691.094,0,0,0,0,69.77,69.77,2,1,16,nan,4,0,40,1,1,23,23,0,0,0,151759011,0.03931,0.00586,0.95898,0.95981,-0.00612,-0.00055,-0.00114,0.00625,0.95981,0.00777,0.00625,3,12160,0,7284,2.64472,2.70516,1.02285,79,1,84.429,166,1,3,2603,187491,0,0,0.000,93.098,26.685,0,0.000,98.021,26.070,0,0,1,0,6
PPG,4,111096,4445391552,130,40575,41005,39626.895,1378.105,696.355,0,0,0,0,69.77,69.77,2,1,16,nan,4,0,40,1,1,24,24,0,0,0,151800621,0.04321,0.00537,0.95166,0.95266,-0.00585,-0.00161,-0.00114,0.00618,0.95661,0.00320,0.00618,3,12119,0,7284,2.64472,2.70516,1.02285,79,1,84.429,166,1,3,4298,187491,0,0,0.000,93.098,26.685,0,0.000,98.021,26.070,0,0,1,0,6
PPG,4,111097,4445431552,164,40929,41371,39644.336,1726.664,745.156,0,0,0,0,69.77,69.77,2,1,16,nan,4,0,40,1,1,25,25,0,0,0,151839584,0.03882,0.00366,0.95239,0.95319,-0.00638,-0.00028,-0.00167,0.00661,0.95319,0.00416,0.00661,3,12133,0,7284,2.64472,2.70516,1.02285,79,1,84.429,166,1,3,4299,187491,0,0,0.000,93.098,26.685,0,0.000,98.021,26.070,0,0,1,0,6
PPG,4,111098,4445471552,130,42106,42514,39673.031,2840.969,833.172,0,0,0,0,69.77,69.77,2,1,16,nan,4,0,40,1,1,26,26,0,0,0,151878591,0.03906,0.00415,0.94727,0.94808,-0.00558,-0.00028,-0.00087,0.00566,0.95765,0.00957,0.00695,3,12115,0,7284,2.64472,2.70516,1.02285,79,1,84.429,166,1,3,2595,187491,0,0,0.000,93.098,26.685,0,0.000,98.021,26.070,0,0,1,0,6
PPG,4,111099,4445511552,129,43379,43685,39713.152,3971.848,890.395,0,0,0,0,69.77,69.77,2,1,16,nan,4,0,40,1,1,27,27,0,0,0,151920136,0.03857,0.00659,0.95044,0.95124,-0.00558,-0.00028,-0.00141,0.00577,0.95668,0.00860,0.00644,3,12119,0,7284,2.64472,2.70516,1.02285,79,1,84.429,166,1,3,4301,187491,0,0,0.000,93.098,26.685,0,0.000,98.021,26.070,0,0,1,0,6
PPG,4,111100,4445551552,228,43443,43681,39752.832,3928.168,843.805,0,0,0,0,69.77,69.77,2,1,16,nan,4,0,40,1,1,28,28,0,0,0,151959157,0.04102,0.00659,0.94849,0.94940,-0.00638,-0.00161,-0.00114,0.00668,0.95300,0.00329,0.00668,3,12174,0,7284,2.64472,2.70516,1.02285,79,1,84.429,166,1,3,2599,187491,0,0,0.000,93.098,26.685,0,0.000,98.021,26.070,0,0,1,0,6
PPG,4,111101,4445591552,135,42222,42411,39779.414,2631.586,683.016,0,0,0,0,69.77,69.77,2,1,16,nan,4,0,40,1,1,29,29,0,0,0,152000825,0.03857,0.00635,0.95166,0.95246,-0.00612,-0.00055,-0.00194,0.00644,0.95246,0.00211,0.00644,3,12123,0,7284,2.64472,2.70516,1.02285,79,1,84.429,166,1,3,4296,187491,0,0,1437.344,93.098,26.685,1,0.000,98.021,26.070,0,0,1,0,6
PPG,4,111102,4445631552,154,41406,41525,39796.871,1728.129,563.844,1,0,1,1420,69.77,69.77,2,1,16,nan,4,0,40,1,1,30,30,0,0,0,152039814,0.03833,0.00391,0.95020,0.95098,-0.00505,-0.00028,-0.00141,0.00525,0.95233,0.00086,0.00594,3,12132,0,7284,2.64472,2.70516,1.02285,79,1,84.429,166,1,3,4298,187491,0,0,0.000,93.098,26.685,0,1460.465,98.021,26.070,1,1,1,0,6
PPG,4,111103,4445671552,129,41083,41199,39810.891,1388.109,508.656,0,0,0,0,69.77,69.77,2,1,16,nan,4,0,40,1,1,31,31,0,0,0,152078899,0.03711,0.00610,0.95508,0.95582,-0.00532,0.00025,-0.00141,0.00551,0.95803,0.00721,0.00551,3,12125,0,7284,2.64472,2.70516,1.02285,79,1,84.429,166,1,3,2605,187491,0,0,0.000,95.284,27.757,0,0.000,100.061,27.008,0,0,1,0,6
PPG,4,111104,4445711552,131,41358,41477,39827.551,1649.449,471.551,0,0,0,0,69.77,69.77,2,1,16,nan,4,0,40,1,1,0,0,0,0,0,152120468,0.03809,0.00806,0.94897,0.94977,-0.00532,-0.00161,-0.00141,0.00573,0.95679,0.00409,0.00626,3,12121,0,7284,2.64472,2.70516,1.02285,79,1,84.429,166,1,3,4299,187491,0,0,0.000,95.284,27.757,0,0.000,100.061,27.008,0,0,1,0,6
PPG,4,111105,4445751552,193,42743,42796,39857.234,2938.766,454.234,0,0,0,0,69.77,69.77,2,1,16,nan,4,0,40,1,1,1,1,0,0,0,152159470,0.03638,0.00708,0.95264,0.95336,-0.00638,-0.00001,-0.00221,0.00675,0.95336,0.00247,0.00675,3,12156,0,7284,2.64472,2.70516,1.02285,79,1,84.429,166,1,3,4355,187491,0,0,0.000,95.284,27.757,0,0.000,100.061,27.008,0,0,1,0,6
PPG,4,111106,4445791552,130,44156,44127,39899.934,4227.066,430.180,0,0,0,0,69.77,69.77,2,1,16,nan,4,0,40,1,1,2,2,0,0,0,152198860,0.03809,0.00903,0.95508,0.95588,-0.00532,-0.00028,-0.00141,0.00551,0.95588,0.00710,0.00562,3,12114,0,7284,2.64472,2.70516,1.02285,79,1,84.429,166,1,3,2616,187491,0,0,0.000,95.284,27.757,0,0.000,100.061,27.008,0,0,1,0,6
PPG,4,111107,4445831552,178,44131,44083,39941.766,4141.234,387.707,0,0,0,0,69.77,69.77,2,1,16,nan,4,0,40,1,1,3,3,0,0,0,152240489,0.03979,0.00781,0.95386,0.95472,-0.00612,0.00025,-0.00167,0.00635,0.95883,0.00532,0.00635,3,12117,0,7284,2.64472,2.70516,1.02285,79,1,84.429,166,1,3,4308,187491,0,0,0.000,95.861,27.350,0,0.000,100.061,27.008,0,0,1,0,6
PPG,4,111108,4445871552,155,42850,42885,39971.199,2913.801,371.871,0,0,0,0,69.77,69.77,2,1,16,nan,4,0,40,1,1,4,4,0,0,0,152279552,0.03882,0.00732,0.95483,0.95565,-0.00585,-0.00028,-0.00167,0.00609,0.95565,0.00998,0.00626,3,12107,0,7284,2.64472,2.70516,1.02285,79,1,84.429,166,1,3,4304,187491,0,0,0.000,95.861,27.350,0,0.000,100.061,27.008,0,0,1,0,6
PPG,4,111109,4445911552,129,41828,41953,39991.016,1961.984,363.664,0,0,0,0,69.77,69.77,2,1,16,nan,4,0,40,1,1,5,5,0,0,0,152318827,0.03589,0.00562,0.95361,0.95430,-0.00452,-0.00108,-0.00194,0.00503,0.95954,0.00389,0.00562,3,12162,0,7284,2.64472,2.70516,1.02285,79,1,84.429,166,1,3,2656,187491,0,0,0.000,95.861,27.350,0,0.000,100.061,27.008,0,0,1,0,6
PPG,4,111110,4445951552,138,41679,41821,40009.316,1811.684,382.770,0,0,0,0,69.77,69.77,2,1,16,nan,4,0,40,1,1,6,6,0,0,0,152360638,0.04028,0.00098,0.94751,0.94837,-0.00638,-0.00081,-0.00087,0.00649,0.94995,0.00732,0.00706,3,12280,0,7284,2.64472,2.70516,1.02285,79,1,84.429,166,1,3,4362,187491,0,0,0.000,95.861,27.350,0,0.000,100.061,27.008,0,0,1,0,6
PPG,4,111111,4445991552,130,42492,42624,40035.465,2588.535,469.828,0,0,0,0,69.77,69.77,2,1,16,nan,4,0,40,1,1,7,7,0,0,0,152400028,0.04248,0.00635,0.95093,0.95190,-0.00558,-0.00001,-0.00167,0.00583,0.95190,0.00654,0.00647,3,12267,0,7284,2.64472,2.70516,1.02285,79,1,84.429,166,1,3,4346,187491,0,0,0.000,95.861,27.350,0,0.000,100.061,27.008,0,0,1,0,6
PPG,4,111112,4446031552,131,43693,43770,40072.809,3697.191,536.621,0,0,0,0,69.77,69.77,2,1,16,nan,4,0,40,1,1,8,8,0,0,0,152439385,0.03931,0.00610,0.94897,0.94981,-0.00479,-0.00135,-0.00114,0.00510,0.95419,0.00588,0.00533,3,12258,0,7284,2.64472,2.70516,1.02285,79,1,84.429,166,1,3,2633,187491,0,0,0.000,95.861,27.350,0,0.000,100.061,27.008,0,0,1,0,6
PPG,4,111113,4446071552,233,44431,44468,40116.762,4351.238,513.887,0,0,0,0,69.77,69.77,2,1,16,nan,4,0,40,1,1,9,9,0,0,0,152485679,0.03687,0.00684,0.94727,0.94801,-0.00558,-0.00081,-0.00141,0.00582,0.94801,0.00550,0.00659,3,12298,0,7284,2.64472,2.70516,1.02285,79,1,84.429,166,1,3,2618,187491,0,0,0.000,95.861,27.350,0,0.000,100.061,27.008,0,0,1,0,6
PPG,4,111114,4446111552,549,43652,43721,40152.805,3568.195,404.422,0,0,0,0,69.77,69.77,2,1,16,nan,4,0,40,1,1,10,10,0,0,0,152522578,0.04175,0.00488,0.95044,0.95137,-0.00612,-0.00001,-0.00167,0.00634,0.95722,0.00921,0.00680,3,12254,0,7284,3.66836,3.84244,1.04746,81,1,83.814,250,1,3,2622,187491,0,0,0.000,95.861,27.350,0,0.000,100.061,27.008,0,0,1,0,6
PPG,4,111115,4446151552,179,42267,42475,40176.027,2298.973,296.449,0,0,0,0,69.77,69.77,2,1,16,nan,4,0,40,1,1,11,11,0,0,0,152559751,0.03979,0.00708,0.94824,0.94910,-0.00532,-0.00055,-0.00247,0.00589,0.94977,0.00405,0.00642,3,12270,0,7284,3.66836,3.84244,1.04746,81,1,83.814,250,1,3,4361,187491,0,0,0.000,95.861,27.350,0,0.000,100.061,27.008,0,0,1,0,6
PPG,4,111116,4446191552,129,41718,41996,40194.227,1801.773,253.043,0,0,0,0,69.77,69.77,2,1,16,nan,4,0,40,1,1,12,12,0,0,0,152599143,0.04199,0.00977,0.95215,0.95312,-0.00638,-0.00135,-0.00141,0.00667,0.95685,0.00595,0.00673,3,12247,0,7284,3.66836,3.84244,1.04746,81,1,83.814,250,1,3,2634,187491,0,0,0.000,95.861,27.350,0,0.000,100.061,27.008,0,0,1,0,6
PPG,4,111117,4446231552,134,41747,42052,40212.805,1839.195,251.996,0,0,0,0,69.77,69.77,2,1,16,nan,4,0,40,1,1,13,13,0,0,0,152641092,0.04004,0.00610,0.94531,0.94618,-0.00585,0.00025,-0.00007,0.00586,0.95379,0.00761,0.00588,3,12247,0,7284,3.66836,3.84244,1.04746,81,1,83.814,250,1,3,4332,187491,0,0,0.000,95.861,27.350,0,0.000,100.061,27.008,0,0,1,0,6
PPG,4,111118,4446271552,144,42355,42629,40236.965,2392.035,246.957,0,0,0,0,69.77,69.77,2,1,16,nan,4,0,40,1,1,14,14,0,0,0,152680492,0.03931,0.00610,0.95044,0.95127,-0.00612,0.00052,-0.00087,0.00620,0.95334,0.00671,0.00643,3,12285,0,7284,3.66836,3.84244,1.04746,81,1,83.814,250,1,3,4352,187491,0,0,0.000,95.861,27.350,0,0.000,100.061,27.008,0,0,1,0,6
PPG,4,111119,4446311552,137,43283,43523,40269.824,3253.176,219.770,0,0,0,0,69.77,69.77,2,1,16,nan,4,0,40,1,1,15,15,0,0,0,152719768,0.03760,0.00537,0.94922,0.94998,-0.00532,-0.00081,-0.00141,0.00556,0.95311,0.00631,0.00734,3,12232,0,7284,3.66836,3.84244,1.04746,81,1,83.814,250,1,3,4343,187491,0,0,0.000,95.861,27.350,0,0.000,100.061,27.008,0,0,1,0,6
PPG,4,111120,4446351552,157,43575,43776,40304.887,3471.113,116.164,1,0,1,740,69.77,69.77,2,1,16,nan,4,0,40,1,1,16,16,0,0,0,152759040,0.04272,0.00415,0.94604,0.94702,-0.00558,-0.00108,-0.00221,0.00610,0.95268,0.00566,0.00610,3,12228,0,7284,3.66836,3.84244,1.04746,81,1,83.814,250,1,3,2618,187491,0,0,133.305,95.861,27.350,1,172.957,100.061,27.008,1,1,1,0,6
PPG,4,111121,4446391552,126,42844,43098,40332.816,2765.184,-7.184,0,0,0,0,69.77,69.77,2,1,16,nan,4,0,40,1,1,17,17,0,0,0,152801042,0.03662,0.00464,0.94702,0.94774,-0.00612,-0.00028,-0.00114,0.00623,0.95321,0.00700,0.00672,3,12230,0,7284,3.66836,3.84244,1.04746,81,1,83.814,250,1,3,4353,187491,0,0,0.000,89.624,24.334,0,0.000,93.800,24.129,0,0,1,0,6
PPG,4,111122,4446431552,129,41887,42232,40351.809,1880.191,-77.250,0,0,0,0,69.77,69.77,2,1,16,nan,4,0,40,1,1,18,18,0,0,0,152840313,0.04150,0.00610,0.95239,0.95332,-0.00638,-0.00001,-0.00114,0.00648,0.95742,0.00968,0.00703,3,12197,0,7284,3.66836,3.84244,1.04746,81,1,83.814,250,1,3,4324,187491,0,0,0.000,89.624,24.334,0,0.000,93.800,24.129,0,0,1,0,6
PPG,4,111123,4446471552,136,41440,41772,40366.012,1405.988,-137.898,0,0,0,0,69.77,69.77,2,1,16,nan,4,0,40,1,1,19,19,0,0,0,152879660,0.03760,0.00537,0.95117,0.95193,-0.00718,-0.00055,-0.00167,0.00740,0.95781,0.00725,0.00740,3,12293,0,7284,3.66836,3.84244,1.04746,81,1,83.814,250,1,3,4338,187491,0,0,0.000,89.624,24.334,0,0.000,93.800,24.129,0,0,1,0,6
PPG,4,111124,4446511552,134,41933,42086,40383.211,1702.789,-163.496,0,0,0,0,69.77,69.77,2,1,16,nan,4,0,40,1,1,20,20,0,0,0,152918921,0.03687,0.00586,0.95142,0.95215,-0.00505,0.00052,-0.00221,0.00554,0.95215,0.00768,0.00584,3,12240,0,7284,3.66836,3.84244,1.04746,81,1,83.814,250,1,3,2624,187491,0,0,0.000,89.624,24.334,0,0.000,93.800,24.129,0,0,1,0,6
PPG,4,111125,4446551552,127,42866,42820,40407.578,2412.422,-137.406,0,0,0,0,69.77,69.77,2,1,16,nan,4,0,40,1,1,21,21,0,0,0,152960772,0.04004,0.00732,0.95288,0.95375,-0.00718,-0.00081,-0.00167,0.00742,0.95412,0.00600,0.00742,3,12207,0,7284,3.66836,3.84244,1.04746,81,1,83.814,250,1,3,4333,187491,0,0,0.000,89.624,24.334,0,0.000,93.800,24.129,0,0,1,0,6
PPG,4,111126,4446591552,178,43249,43102,40434.523,2667.477,-146.301,0,0,0,0,69.77,69.77,2,1,16,nan,4,0,40,1,1,22,22,0,0,0,152999994,0.03857,0.00806,0.95142,0.95223,-0.00532,-0.00028,-0.00141,0.00551,0.95356,0.00327,0.00551,3,12150,0,7284,3.66836,3.84244,1.04746,81,1,83.814,250,1,3,4316,187491,0,0,0.000,89.624,24.334,0,0.000,92.146,25.135,0,0,1,0,6
PPG,4,111127,4446631552,180,42395,42305,40453.227,1851.773,-267.543,0,0,0,0,69.77,69.77,2,1,16,nan,4,0,40,1,1,23,23,0,0,0,153039213,0.03564,0.00586,0.95020,0.95088,-0.00585,-0.00108,-0.00114,0.00606,0.95199,0.00215,0.00606,3,12128,0,7284,3.66836,3.84244,1.04746,81,1,83.814,250,1,3,2598,187491,0,0,0.000,89.624,24.334,0,0.000,92.146,25.135,0,0,1,0,6
PPG,4,111128,4446671552,134,41461,41466,40463.355,1002.645,-429.734,0,0,0,0,69.77,69.77,2,1,16,nan,4,0,40,1,1,24,24,0,0,0,153080952,0.03857,0.01123,0.94922,0.95007,-0.00638,-0.00161,-0.00061,0.00661,0.95568,0.00561,0.00661,3,12142,0,7284,3.66836,3.84244,1.04746,81,1,83.814,250,1,3,4304,187491,0,0,0.000,89.624,24.334,0,0.000,92.146,25.135,0,0,1,0,6
PPG,4,111129,4446711552,128,41107,41162,40470.344,691.656,-543.043,0,0,0,0,69.77,69.77,2,1,16,nan,4,0,40,1,1,25,25,0,0,0,153119972,0.04272,0.00464,0.95166,0.95263,-0.00558,-0.00055,-0.00247,0.00613,0.95438,0.00431,0.00613,3,12167,0,7284,3.66836,3.84244,1.04746,81,1,83.814,250,1,3,4299,187491,0,0,0.000,89.624,24.334,0,0.000,92.146,25.135,0,0,1,0,6
PPG,4,111130,4446751552,129,41000,41087,40476.512,610.488,-604.199,0,0,0,0,69.77,69.77,2,1,16,nan,4,0,40,1,1,26,26,0,0,0,153158947,0.04199,0.00586,0.94678,0.94773,-0.00479,-0.00028,-0.00194,0.00517,0.95274,0.00501,0.00554,3,12127,0,7284,3.66836,3.84244,1.04746,81,1,83.814,250,1,3,2600,187491,0,0,0.000,89.624,24.334,0,0.000,92.146,25.135,0,0,1,0,6
PPG,4,111131,4446791552,127,41343,41429,40486.035,942.965,-638.305,0,0,0,0,69.77,69.77,2,1,16,nan,4,0,40,1,1,27,27,0,0,0,153200557,0.03906,0.00610,0.95044,0.95126,-0.00479,-0.00135,-0.00167,0.00524,0.95237,0.00560,0.00550,3,12111,0,7284,3.66836,3.84244,1.04746,81,1,83.814,250,1,3,4296,187491,0,0,0.000,89.624,24.334,0,0.000,92.146,25.135,0,0,1,0,6
PPG,4,111132,4446831552,129,42157,42167,40502.844,1664.156,-651.445,0,0,0,0,69.77,69.77,2,1,16,nan,4,0,40,1,1,28,28,0,0,0,153239535,0.03442,0.00781,0.94897,0.94963,-0.00505,-0.00081,-0.00141,0.00531,0.95044,0.00137,0.00620,3,12120,0,7284,3.66836,3.84244,1.04746,81,1,83.814,250,1,3,2599,187491,0,0,0.000,89.624,24.334,0,0.000,92.146,25.135,0,0,1,0,6
PPG,4,111133,4446871552,127,42454,42460,40522.414,1937.586,-642.754,0,0,0,0,69.77,69.77,2,1,16,nan,4,0,40,1,1,29,29,0,0,0,153281127,0.04199,0.00464,0.95947,0.96040,-0.00532,-0.00028,-0.00141,0.00551,0.96040,0.00649,0.00591,3,12145,0,7284,3.66836,3.84244,1.04746,81,1,83.814,250,1,3,4299,187491,0,0,0.000,89.624,24.334,0,0.000,92.146,25.135,0,0,1,0,6
PPG,4,111134,4446911552,129,41782,41840,40535.590,1304.410,-615.137,0,0,0,0,69.77,69.77,2,1,16,nan,4,0,40,1,1,30,30,0,0,0,153320102,0.04272,0.00464,0.95142,0.95239,-0.00479,-0.00081,-0.00061,0.00489,0.95541,0.00618,0.00559,3,12123,0,7284,3.66836,3.84244,1.04746,81,1,83.814,250,1,3,4299,187491,0,0,107.344,89.624,24.334,1,0.000,92.146,25.135,0,0,1,0,6
PPG,4,111135,4446951552,180,40931,41084,40541.074,542.926,-600.156,0,0,0,0,69.77,69.77,2,1,16,nan,4,0,40,1,1,31,31,0,0,0,153359090,0.04077,0.00513,0.95508,0.95596,-0.00558,-0.00081,-0.00141,0.00582,0.95757,0.00752,0.00637,3,12129,0,7284,3.66836,3.84244,1.04746,81,1,83.814,250,1,3,2595,187491,0,0,0.000,86.541,26.405,0,0.000,92.146,25.135,0,0,1,0,6
PPG,4,111136,4446991552,154,40499,40725,40542.914,182.086,-599.035,0,0,0,0,69.77,69.77,2,1,16,nan,4,0,40,1,1,0,0,0,0,0,153400717,0.04224,0.00513,0.95679,0.95773,-0.00585,-0.00055,-0.00194,0.00619,0.95773,0.00338,0.00705,3,12113,0,7284,3.66836,3.84244,1.04746,81,1,83.814,250,1,3,4295,187491,0,0,0.000,86.541,26.405,0,0.000,92.146,25.135,0,0,1,0,6
PPG,4,111137,4447031552,128,40729,40950,40546.984,403.016,-563.504,0,0,0,0,69.77,69.77,2,1,16,nan,4,0,40,1,1,1,1,0,0,0,153439690,0.04053,0.00854,0.94995,0.95085,-0.00532,-0.00001,-0.00167,0.00557,0.95118,0.00655,0.00604,3,12115,0,7284,3.66836,3.84244,1.04746,81,1,83.814,250,1,3,2599,187491,0,0,0.000,86.541,26.405,0,0.000,92.146,25.135,0,0,1,0,6
PPG,4,111138,4447071552,139,41441,41654,40558.055,1095.945,-482.613,0,0,0,0,69.77,69.77,2,1,528,nan,4,0,40,1,1,2,2,0,0,0,153485419,0.04004,0.00195,0.94751,0.94836,-0.00558,-0.00108,-0.00141,0.00586,0.95487,0.00652,0.00613,3,12169,0,7284,3.66836,3.84244,1.04746,81,1,83.814,250,1,3,2586,187491,0,0,0.000,86.541,26.405,0,0.000,92.146,25.135,0,0,1,0,5
PPG,4,111139,4447111552,531,41978,42176,40574.234,1601.766,-413.980,0,0,0,0,69.77,69.77,2,1,528,nan,4,0,40,1,1,3,3,0,0,0,153521879,0.03857,0.01074,0.95679,0.95762,-0.00532,-0.00081,-0.00087,0.00545,0.95804,0.00935,0.00611,3,12126,0,7284,3.35667,3.60059,1.07267,76,1,83.183,136,1,3,4301,187491,0,0,0.000,86.541,26.405,0,0.000,92.146,25.135,0,0,1,0,5
PPG,4,111140,4447151552,227,41657,41896,40587.453,1308.547,-400.551,0,0,0,0,69.77,69.77,2,1,528,nan,4,0,40,1,1,4,4,0,0,0,153561332,0.04077,0.00854,0.95508,0.95599,-0.00532,-0.00055,-0.00194,0.00569,0.95599,0.00598,0.00569,3,12131,0,7284,3.35667,3.60059,1.07267,76,1,83.183,136,1,3,4296,187491,0,0,0.000,86.541,26.405,0,0.000,92.146,25.135,0,0,1,0,5
PPG,4,111141,4447191552,140,40972,41265,40594.230,670.770,-391.043,0,0,0,0,69.77,69.77,2,1,528,nan,4,0,40,1,1,5,5,0,0,0,153600611,0.04028,0.00513,0.95044,0.95131,-0.00532,-0.00055,-0.00167,0.00560,0.95660,0.00315,0.00619,3,12292,0,7284,3.35667,3.60059,1.07267,76,1,83.183,136,1,3,4367,187491,0,0,0.000,86.541,26.405,0,0.000,92.146,25.135,0,0,1,0,5
PPG,4,111142,4447231552,130,40710,41052,40598.809,453.191,-336.613,0,0,0,0,69.77,69.77,2,1,528,nan,4,0,40,1,1,6,6,0,0,0,153639756,0.04126,0.00635,0.95630,0.95721,-0.00479,-0.00161,-0.00167,0.00532,0.95721,0.00825,0.00532,3,12112,0,7284,3.35667,3.60059,1.07267,76,1,83.183,136,1,3,2643,187491,0,0,0.000,86.541,26.405,0,0.000,92.146,25.135,0,0,1,0,5
PPG,4,111143,4447271552,129,40765,41116,40603.980,512.020,-247.957,0,0,0,0,69.77,69.77,2,1,528,nan,4,0,40,1,1,7,7,0,0,0,153681372,0.04028,0.00562,0.94971,0.95058,-0.00718,-0.00055,-0.00114,0.00729,0.95058,0.01012,0.00729,3,12109,0,7284,3.35667,3.60059,1.07267,76,1,83.183,136,1,3,4300,187491,0,0,0.000,86.541,26.405,0,0.000,92.146,25.135,0,0,1,0,5
PPG,4,111144,4447311552,130,41456,41808,40616.020,1191.980,-111.484,0,0,0,0,69.77,69.77,2,1,528,nan,4,0,40,1,1,8,8,0,0,0,153720540,0.03687,0.00537,0.95020,0.95093,-0.00638,-0.00055,-0.00194,0.00669,0.95093,0.00224,0.00669,3,12232,0,7284,3.35667,3.60059,1.07267,76,1,83.183,136,1,3,4325,187491,0,0,0.000,86.541,26.405,0,0.000,92.146,25.135,0,0,1,0,5
PPG,4,111145,4447351552,129,42330,42650,40636.359,2013.641,39.301,0,0,0,0,69.77,69.77,2,1,528,nan,4,0,40,1,1,9,9,0,0,0,153759674,0.03711,0.00000,0.94751,0.94824,-0.00505,-0.00055,-0.00114,0.00521,0.95638,0.00546,0.00578,3,12304,0,7284,3.35667,3.60059,1.07267,76,1,83.183,136,1,3,2601,187491,0,0,0.000,86.541,26.405,0,0.000,92.146,25.135,0,0,1,0,5
PPG,4,111146,4447391552,138,42254,42593,40655.926,1937.074,124.320,0,0,0,0,69.77,69.77,2,1,528,nan,4,0,40,1,1,10,10,0,0,0,153801545,0.04028,0.00098,0.95288,0.95373,-0.00585,-0.00001,0.00019,0.00585,0.95373,0.00380,0.00624,3,12316,0,7284,3.35667,3.60059,1.07267,76,1,83.183,136,1,3,4320,187491,0,0,0.000,86.541,26.405,0,0.000,92.146,25.135,0,0,1,0,5
PPG,4,111147,4447431552,222,41119,41461,40663.977,797.023,104.379,0,0,0,0,69.77,69.77,2,1,528,nan,4,0,40,1,1,11,11,0,0,0,153840889,0.04028,0.00586,0.94971,0.95058,-0.00612,-0.00108,-0.00167,0.00643,0.95476,0.00493,0.00643,3,12273,0,7284,3.35667,3.60059,1.07267,76,1,83.183,136,1,3,4340,187491,0,0,111.562,86.541,26.405,1,0.000,92.146,25.135,0,0,1,0,5
PPG,4,111148,4447471552,132,39867,40150,40658.836,-508.836,10.895,0,0,0,0,69.77,69.77,2,1,528,nan,4,0,40,1,1,12,12,0,0,0,153880361,0.03711,0.00195,0.95435,0.95507,-0.00638,-0.00001,-0.00221,0.00675,0.95507,0.00389,0.00712,3,12224,0,7284,3.35667,3.60059,1.07267,76,1,83.183,136,1,3,4316,187491,0,0,0.000,86.541,26.405,0,0.000,92.146,25.135,0,0,1,0,5
PPG,4,111149,4447511552,144,39387,39571,40647.957,-1076.957,-121.129,0,0,0,0,69.77,69.77,2,1,528,nan,4,0,40,1,1,13,13,0,0,0,153919708,0.04248,0.00659,0.95166,0.95263,-0.00452,-0.00055,-0.00141,0.00476,0.95663,0.00712,0.00519,3,12248,0,7284,3.35667,3.60059,1.07267,76,1,83.183,136,1,3,2629,187491,0,0,0.000,86.541,26.405,0,0.000,92.146,25.135,0,0,1,0,5
PPG,4,111150,4447551552,138,39591,39716,40638.637,-922.637,-252.578,0,0,0,0,69.77,69.77,2,1,528,nan,4,0,40,1,1,14,14,0,0,0,153961714,0.03857,0.00488,0.95142,0.95221,-0.00638,-0.00135,-0.00087,0.00658,0.95471,0.00822,0.00658,3,12237,0,7284,3.35667,3.60059,1.07267,76,1,83.183,136,1,3,4312,187491,0,0,0.000,86.541,26.405,0,0.000,92.146,25.135,0,0,1,0,5
PPG,4,111151,4447591552,132,39841,39949,40631.742,-682.742,-444.148,0,0,0,0,69.77,69.77,2,1,528,nan,4,0,40,1,1,15,15,0,0,0,154001013,0.03613,0.00684,0.94629,0.94700,-0.00585,-0.00028,-0.00194,0.00617,0.95684,0.00984,0.00617,3,12278,0,7284,3.35667,3.60059,1.07267,76,1,83.183,136,1,3,4358,187491,0,0,0.000,86.541,26.405,0,0.000,92.146,25.135,0,0,1,0,4
PPG,4,111152,4447631552,141,40172,40287,40628.293,-341.293,-687.719,0,0,0,0,69.77,69.77,2,1,528,nan,4,0,40,1,1,16,16,0,0,0,154040356,0.04175,0.00659,0.95239,0.95333,-0.00665,-0.00081,-0.00167,0.00691,0.95712,0.01012,0.00691,3,12249,0,7284,3.35667,3.60059,1.07267,76,1,83.183,136,1,3,4315,187491,0,0,0.000,86.541,26.405,0,0.000,92.146,25.135,0,0,1,0,4
PPG,4,111153,4447671552,130,40299,40406,40626.070,-220.070,-897.449,0,0,0,0,69.77,69.77,2,1,528,nan,4,0,40,1,1,17,17,0,0,0,154079676,0.03979,0.00708,0.94800,0.94886,-0.00452,-0.00081,-0.00141,0.00480,0.94958,0.00394,0.00623,3,12251,0,7284,3.35667,3.60059,1.07267,76,1,83.183,136,1,3,2631,187491,0,0,0.000,86.541,26.405,0,0.000,92.146,25.135,0,0,1,0,4
PPG,4,111154,4447711552,161,39378,39573,40615.539,-1042.539,-1053.816,1,0,1,1360,53.57,53.57,2,1,528,nan,4,0,40,1,1,18,18,0,0,0,154121662,0.03906,0.00806,0.96021,0.96103,-0.00585,-0.00081,-0.00141,0.00607,0.96103,0.00887,0.00625,3,12253,0,7284,3.35667,3.60059,1.07267,76,1,83.183,136,1,3,4327,187491,0,0,469.715,86.541,26.405,1,775.766,92.146,25.135,1,1,1,0,4
PPG,4,111155,4447751552,127,38597,38873,40598.113,-1725.113,-1125.695,0,0,0,0,53.57,53.57,2,1,528,nan,4,0,40,1,1,19,19,0,0,0,154161015,0.03784,0.00366,0.95264,0.95340,-0.00558,-0.00081,-0.00167,0.00589,0.95682,0.01589,0.00668,3,12252,0,7284,3.35667,3.60059,1.07267,76,1,83.183,136,1,3,4342,187491,0,0,0.000,83.186,24.645,0,0.000,90.435,24.315,0,0,1,0,4
PPG,4,111156,4447791552,198,38538,38820,40580.332,-1760.332,-1137.730,0,0,0,0,53.57,53.57,2,1,528,nan,4,0,40,1,1,20,20,0,0,0,154200299,0.03931,0.00610,0.95264,0.95347,-0.00585,-0.00055,-0.00221,0.00628,0.95347,0.00556,0.00651,3,12233,0,7284,3.35667,3.60059,1.07267,76,1,83.183,136,1,3,4373,187491,0,0,0.000,83.186,24.645,0,0.000,90.435,24.315,0,0,1,0,4
PPG,4,111157,4447831552,129,39028,39305,40567.578,-1262.578,-1114.195,0,0,0,0,53.57,53.57,2,1,528,nan,4,0,40,1,1,21,21,0,0,0,154239855,0.04004,0.00537,0.94824,0.94910,-0.00532,-0.00001,-0.00247,0.00586,0.95413,0.00503,0.00701,3,12240,0,7284,3.35667,3.60059,1.07267,76,1,83.183,136,1,3,4333,187491,0,0,0.000,83.186,24.645,0,0.000,90.435,24.315,0,0,1,0,4
PPG,4,111158,4447871552,139,39795,40068,40562.582,-494.582,-1017.895,0,0,0,0,53.57,53.57,2,1,528,nan,4,0,40,1,1,22,22,0,0,0,154279119,0.03467,0.00952,0.94653,0.94722,-0.00558,-0.00001,-0.00061,0.00562,0.96185,0.01476,0.00562,3,12242,0,7284,3.35667,3.60059,1.07267,76,1,83.183,136,1,3,2625,187491,0,0,0.000,83.186,24.645,0,0.000,90.435,24.315,0,0,1,0,4
PPG,4,111159,4447911552,132,40143,40460,40561.555,-101.555,-907.379,0,0,0,0,53.57,53.57,2,1,528,nan,4,0,40,1,1,23,23,0,0,0,154321069,0.04004,0.00513,0.95093,0.95178,-0.00638,-0.00028,-0.00114,0.00649,0.95576,0.00552,0.00796,3,12260,0,7284,3.35667,3.60059,1.07267,76,1,83.183,136,1,3,4331,187491,0,0,0.000,83.186,24.645,0,0.000,90.435,24.315,0,0,1,0,4
PPG,4,111160,4447951552,130,40007,40360,40559.539,-199.539,-837.148,0,0,0,0,53.57,53.57,2,1,528,nan,4,0,40,1,1,24,24,0,0,0,154360331,0.04028,0.00635,0.95166,0.95253,-0.00585,-0.00001,-0.00061,0.00588,0.95466,0.00223,0.00665,3,12238,0,7284,3.35667,3.60059,1.07267,76,1,83.183,136,1,3,4332,187491,0,0,0.000,83.186,24.645,0,0.000,90.435,24.315,0,0,1,0,4
PPG,4,111161,4447991552,129,39485,39869,40552.633,-683.633,-725.066,0,0,0,0,53.57,53.57,2,1,528,nan,4,0,40,1,1,25,25,0,0,0,154399604,0.04150,0.00610,0.95215,0.95307,-0.00532,-0.00081,-0.00167,0.00563,0.95307,0.00198,0.00661,3,12239,0,7284,3.35667,3.60059,1.07267,76,1,83.183,136,1,3,2599,187491,0,0,0.000,83.186,24.645,0,0.000,90.435,24.315,0,0,1,0,4
PPG,4,111162,4448031552,130,38861,39310,40540.207,-1230.207,-575.535,0,0,0,0,53.57,53.57,2,1,528,nan,4,0,40,1,1,26,26,0,0,0,154441478,0.03809,0.01172,0.95313,0.95396,-0.00612,-0.00001,-0.00141,0.00628,0.95396,0.00838,0.00628,3,12310,0,7284,3.35667,3.60059,1.07267,76,1,83.183,136,1,3,4304,187491,0,0,0.000,83.186,24.645,0,0.000,90.435,24.315,0,0,1,0,4
PPG,4,111163,4448071552,131,38658,39151,40526.316,-1375.316,-430.000,0,0,0,0,53.57,53.57,2,1,528,nan,4,0,40,1,1,27,27,0,0,0,154484696,0.03955,0.00830,0.95288,0.95374,-0.00585,-0.00028,-0.00141,0.00602,0.95374,0.00332,0.00682,3,12149,0,7284,3.35667,3.60059,1.07267,76,1,83.183,136,1,3,2590,187491,0,0,0.000,83.186,24.645,0,0.000,90.435,24.315,0,0,1,0,4
PPG,4,111164,4448111552,536,39169,39703,40518.082,-815.082,-267.895,0,0,0,0,53.57,53.57,2,1,528,nan,4,0,40,1,1,28,28,0,0,0,154521174,0.04028,0.00757,0.95337,0.95425,-0.00612,-0.00081,-0.00194,0.00647,0.95476,0.00674,0.00662,3,12176,0,7284,3.16917,3.35509,1.05866,77,1,83.533,136,1,3,4322,187491,0,0,0.000,83.186,24.645,0,0.000,90.435,24.315,0,0,1,0,4
PPG,4,111165,4448151552,179,39953,40465,40517.551,-52.551,-101.930,0,0,0,0,53.57,53.57,2,1,528,nan,4,0,40,1,1,29,29,0,0,0,154560611,0.04346,0.00635,0.94727,0.94828,-0.00612,-0.00081,-0.00167,0.00639,0.95295,0.00481,0.00674,3,12121,0,7284,3.16917,3.35509,1.05866,77,1,83.533,136,1,3,4296,187491,0,0,0.000,83.186,24.645,0,0.000,90.435,24.315,0,0,1,0,4
PPG,4,111166,4448191552,129,39965,40517,40517.547,-0.547,10.016,0,0,0,0,53.57,53.57,2,1,528,nan,4,0,40,1,1,30,30,0,0,0,154599626,0.03442,0.00488,0.94849,0.94912,-0.00612,-0.00055,-0.00114,0.00625,0.95627,0.00799,0.00625,3,12123,0,7284,3.16917,3.35509,1.05866,77,1,83.533,136,1,3,2594,187491,0,0,0.000,83.186,24.645,0,0.000,90.435,24.315,0,0,1,0,4
PPG,4,111167,4448231552,220,39159,39747,40509.840,-762.840,8.145,0,0,0,0,53.57,53.57,2,1,528,nan,4,0,40,1,1,31,31,0,0,0,154641192,0.03809,0.01147,0.95459,0.95542,-0.00558,-0.00055,-0.00221,0.00603,0.95542,0.00528,0.00628,3,12112,0,7284,3.16917,3.35509,1.05866,77,1,83.533,136,1,3,4295,187491,0,0,0.000,83.186,24.645,0,0.000,90.435,24.315,0,0,1,0,4
PPG,4,111168,4448271552,129,38494,39152,40496.262,-1344.262,-44.387,0,0,0,0,53.57,53.57,2,1,528,nan,4,0,40,1,1,0,0,0,0,0,154680243,0.03882,0.00391,0.95288,0.95368,-0.00532,-0.00161,-0.00141,0.00573,0.95711,0.00456,0.00672,3,12116,0,7284,3.16917,3.35509,1.05866,77,1,83.533,136,1,3,4295,187491,0,0,0.000,83.186,24.645,0,0.000,90.435,24.315,0,0,1,0,4
PPG,4,111169,4448311552,131,38247,38894,40480.238,-1586.238,-69.965,0,0,0,0,53.57,53.57,2,1,528,nan,4,0,40,1,1,1,1,0,0,0,154719225,0.03882,0.00977,0.95386,0.95470,-0.00585,-0.00135,-0.00274,0.00660,0.95470,0.00074,0.00660,3,12145,0,7284,3.16917,3.35509,1.05866,77,1,83.533,136,1,3,2602,187491,0,0,0.000,83.186,24.645,0,0.000,90.435,24.315,0,0,1,0,4
PPG,4,111170,4448351552,133,38150,38842,40463.855,-1621.855,-70.406,0,0,0,0,53.57,53.57,2,1,528,nan,4,0,40,1,1,2,2,0,0,0,154760794,0.03564,0.00513,0.95483,0.95551,-0.00558,-0.00028,-0.00194,0.00592,0.95551,0.00652,0.00642,3,12126,0,7284,3.16917,3.35509,1.05866,77,1,83.533,136,1,3,4300,187491,0,0,0.000,83.186,24.645,0,0.000,90.435,24.315,0,0,1,0,4
PPG,4,111171,4448391552,127,38502,39201,40451.227,-1250.227,-104.719,0,0,0,0,53.57,53.57,2,1,528,nan,4,0,40,1,1,3,3,0,0,0,154799783,0.03711,0.00439,0.95044,0.95117,-0.00585,-0.00108,-0.00167,0.00618,0.95496,0.00333,0.00665,3,12131,0,7284,3.16917,3.35509,1.05866,77,1,83.533,136,1,3,2600,187491,0,0,0.000,83.186,24.645,0,0.000,90.435,24.315,0,0,1,0,4
PPG,4,111172,4448431552,130,38622,39213,40438.844,-1225.844,-229.879,0,0,0,0,53.57,53.57,2,1,528,nan,4,0,40,1,1,4,4,0,0,0,154841472,0.03833,0.00732,0.94922,0.95002,-0.00612,-0.00188,-0.00087,0.00646,0.95200,0.00441,0.00646,3,12120,0,7284,3.16917,3.35509,1.05866,77,1,83.533,136,1,3,4300,187491,0,0,0.000,83.186,24.645,0,0.000,90.435,24.315,0,0,1,0,4
PPG,4,111173,4448471552,128,38133,38625,40420.707,-1795.707,-411.113,0,0,0,0,53.57,53.57,2,1,528,nan,4,0,40,1,1,5,5,0,0,0,154880447,0.03735,0.00464,0.95190,0.95265,-0.00585,-0.00001,-0.00167,0.00609,0.95265,0.00212,0.00609,3,12124,0,7284,3.16917,3.35509,1.05866,77,1,83.533,136,1,3,4295,187491,0,0,0.000,83.186,24.645,0,0.000,90.435,24.315,0,0,1,0,4
PPG,4,111174,4448511552,148,37399,37810,40394.602,-2584.602,-599.680,1,0,1,800,75.00,75.00,2,1,528,nan,4,0,40,1,1,6,6,0,0,0,154919438,0.03687,0.00684,0.94897,0.94971,-0.00692,-0.00001,-0.00114,0.00701,0.95724,0.01098,0.00701,3,12142,0,7284,3.16917,3.35509,1.05866,77,1,83.533,136,1,3,2623,187491,0,0,915.973,83.186,24.645,1,1147.746,90.435,24.315,1,1,1,0,4
PPG,4,111175,4448551552,125,36653,37074,40361.395,-3287.395,-806.586,0,0,0,0,75.00,75.00,2,1,528,nan,4,0,40,1,1,7,7,0,0,0,154961078,0.03809,0.00391,0.95874,0.95950,-0.00585,-0.00081,-0.00194,0.00622,0.95950,0.01482,0.00622,3,12117,0,7284,3.16917,3.35509,1.05866,77,1,83.533,136,1,3,4299,187491,0,0,0.000,83.039,24.568,0,0.000,91.263,24.712,0,0,1,0,4
PPG,4,111176,4448591552,129,36296,36800,40325.781,-3525.781,-1004.730,0,0,0,0,75.00,75.00,2,1,528,nan,4,0,40,1,1,8,8,0,0,0,155000016,0.04028,0.00757,0.95190,0.95279,-0.00585,0.00052,-0.00167,0.00611,0.95279,0.00772,0.00623,3,12111,0,7284,3.16917,3.35509,1.05866,77,1,83.533,136,1,3,2602,187491,0,0,0.000,83.039,24.568,0,0.000,91.263,24.712,0,0,1,0,4
PPG,4,111177,4448631552,127,37280,37798,40300.504,-2502.504,-1078.520,0,0,0,0,75.00,75.00,2,1,528,nan,4,0,40,1,1,9,9,0,0,0,155041631,0.04175,0.00732,0.95703,0.95797,-0.00558,-0.00055,-0.00194,0.00594,0.95797,0.01085,0.00594,3,12116,0,7284,3.16917,3.35509,1.05866,77,1,83.533,136,1,3,4303,187491,0,0,0.000,83.039,24.568,0,0.000,91.263,24.712,0,0,1,0,4
PPG,4,111178,4448671552,128,38101,38587,40283.367,-1696.367,-1092.184,0,0,0,0,75.00,75.00,2,1,528,nan,4,0,40,1,1,10,10,0,0,0,155080582,0.04443,0.00220,0.94629,0.94733,-0.00585,0.00052,-0.00247,0.00637,0.95436,0.00618,0.00642,3,12117,0,7284,3.16917,3.35509,1.05866,77,1,83.533,136,1,3,4300,187491,0,0,0.000,83.039,24.568,0,0.000,91.263,24.712,0,0,1,0,4
PPG,4,111179,4448711552,177,37269,37747,40258.004,-2511.004,-1165.965,0,0,0,0,75.00,75.00,2,1,528,nan,4,0,40,1,1,11,11,0,0,0,155119538,0.03906,0.00757,0.95117,0.95200,-0.00638,-0.00081,-0.00141,0.00659,0.95200,0.00459,0.00659,3,12119,0,7284,3.16917,3.35509,1.05866,77,1,83.533,136,1,3,2616,187491,0,0,0.000,84.128,23.851,0,0.000,91.263,24.712,0,0,1,0,4
PPG,4,111180,4448751552,129,35488,35980,40215.223,-4235.223,-1324.820,0,0,0,0,75.00,75.00,2,1,528,nan,4,0,40,1,1,12,12,0,0,0,155161213,0.03711,0.00732,0.94702,0.94778,-0.00585,-0.00161,-0.00194,0.00637,0.95353,0.00441,0.00637,3,12110,0,7284,3.16917,3.35509,1.05866,77,1,83.533,136,1,3,4298,187491,0,0,0.000,84.128,23.851,0,0.000,91.263,24.712,0,0,1,0,4
PPG,4,111181,4448791552,132,33356,33863,40151.699,-6288.699,-1588.379,0,0,0,0,75.00,75.00,2,1,528,nan,4,0,40,1,1,13,13,0,0,0,155200172,0.03809,0.00903,0.94995,0.95076,-0.00532,-0.00108,-0.00061,0.00546,0.95588,0.00839,0.00664,3,12116,0,7284,3.16917,3.35509,1.05866,77,1,83.533,136,1,3,2601,187491,0,0,0.000,84.128,23.851,0,0.000,91.263,24.712,0,0,1,0,4
PPG,4,111182,4448831552,133,31827,32317,40073.352,-7756.352,-1918.301,0,0,0,0,75.00,75.00,2,1,528,nan,4,0,40,1,1,14,14,0,0,0,155241776,0.03906,0.00635,0.95288,0.95370,-0.00612,-0.00028,-0.00061,0.00615,0.95370,0.00238,0.00615,3,12135,0,7284,3.16917,3.35509,1.05866,77,1,83.533,136,1,3,4305,187491,0,0,0.000,84.128,23.851,0,0.000,91.263,24.712,0,0,1,0,4
PPG,4,111183,4448871552,139,31421,31962,39992.238,-8030.238,-2249.996,0,0,0,0,75.00,75.00,2,1,528,nan,4,0,40,1,1,15,15,0,0,0,155316870,0.03833,0.00854,0.95947,0.96028,-0.00612,-0.00055,-0.00221,0.00653,0.96028,0.01097,0.00653,2,60430,0,7289,3.16917,3.35509,1.05866,77,1,83.533,136,1,3,60477,187491,0,0,0.000,84.128,23.851,0,0.000,91.263,24.712,0,0,1,0,4
PPG,4,111184,4448911552,129,31749,32338,39915.695,-7577.695,-2661.746,0,0,0,0,75.00,75.00,2,1,528,nan,4,0,40,1,1,16,16,0,0,0,155329138,0.03735,0.00806,0.95239,0.95316,-0.00479,-0.00135,-0.00114,0.00510,0.95316,0.00712,0.00510,1,12268,0,7289,3.16917,3.35509,1.05866,77,1,83.533,136,1,3,12093,187491,0,0,0.000,84.128,23.851,0,0.000,91.263,24.712,0,0,1,0,4
PPG,4,111185,4448951552,127,32313,32927,39845.809,-6918.809,-3093.414,0,0,0,0,75.00,75.00,2,1,528,nan,4,0,40,1,1,17,17,0,0,0,155365669,0.04272,0.00635,0.95093,0.95191,-0.00612,-0.00055,-0.00141,0.00630,0.95493,0.00224,0.00633,3,12118,0,7289,3.16917,3.35509,1.05866,77,1,83.533,136,1,3,2589,187491,0,0,0.000,84.128,23.851,0,0.000,91.263,24.712,0,0,1,0,4
PPG,4,111186,4448991552,130,32171,32794,39775.289,-6981.289,-3414.836,0,0,0,0,75.00,75.00,2,1,528,nan,4,0,40,1,1,18,18,0,0,0,155402048,0.03931,0.00952,0.95679,0.95764,-0.00585,-0.00028,-0.00061,0.00589,0.95792,0.00601,0.00609,3,12113,0,7289,3.16917,3.35509,1.05866,77,1,83.533,136,1,3,4301,187491,0,0,0.000,84.128,23.851,0,0.000,91.263,24.712,0,0,1,0,4
PPG,4,111187,4449031552,129,31228,31832,39695.855,-7863.855,-3611.658,0,0,0,0,75.00,75.00,2,1,528,nan,4,0,40,1,1,19,19,0,0,0,155441056,0.04175,0.00757,0.95581,0.95675,-0.00532,-0.00028,-0.00194,0.00567,0.95675,0.00952,0.00635,3,12169,0,7289,3.16917,3.35509,1.05866,77,1,83.533,136,1,3,4303,187491,0,0,0.000,84.128,23.851,0,0.000,91.263,24.712,0,0,1,0,4
PPG,4,111188,4449071552,132,30568,31198,39610.875,-8412.875,-3594.674,0,0,0,0,75.00,75.00,2,1,528,nan,4,0,40,1,1,20,20,0,0,0,155486768,0.03882,0.00586,0.94971,0.95052,-0.00558,-0.00055,-0.00087,0.00568,0.95509,0.00467,0.00572,3,12165,0,7289,3.16917,3.35509,1.05866,77,1,83.533,136,1,3,2585,187491,0,0,0.000,84.128,23.851,0,0.000,91.263,24.712,0,0,1,0,4
PPG,4,111189,4449111552,524,30586,31255,39527.316,-8272.316,-3364.434,0,0,0,0,75.00,75.00,2,1,528,nan,4,0,40,1,1,21,21,0,0,0,155523171,0.03906,0.00806,0.95264,0.95347,-0.00558,-0.00081,-0.00221,0.00606,0.95347,0.00643,0.00638,3,12122,0,7289,7.57765,7.98693,1.05401,80,1,83.650,250,1,3,2596,187491,0,0,0.000,84.128,23.851,0,0.000,91.263,24.712,0,0,1,0,4
PPG,4,111190,4449151552,177,31005,31713,39449.172,-7736.172,-3043.557,0,0,0,0,75.00,75.00,2,1,528,nan,4,0,40,1,1,22,22,0,0,0,155560375,0.03979,0.00513,0.94531,0.94616,-0.00532,-0.00055,-0.00061,0.00538,0.95448,0.00832,0.00704,3,12298,0,7289,7.57765,7.98693,1.05401,80,1,83.650,250,1,3,4388,187491,0,0,0.000,84.128,23.851,0,0.000,91.263,24.712,0,0,1,0,4
PPG,4,111191,4449191552,128,31665,32446,39379.141,-6933.141,-2690.377,0,0,0,0,75.00,75.00,2,1,528,nan,4,0,40,1,1,23,23,0,0,0,155599508,0.04224,0.00635,0.95264,0.95359,-0.00665,-0.00108,-0.00141,0.00688,0.95429,0.00813,0.00688,3,12176,0,7289,7.57765,7.98693,1.05401,80,1,83.650,250,1,3,2596,187491,0,0,0.000,84.128,23.851,0,0.000,91.263,24.712,0,0,1,0,4
PPG,4,111192,4449231552,129,32077,32895,39314.301,-6419.301,-2379.051,0,0,0,0,75.00,75.00,2,1,528,nan,4,0,40,1,1,24,24,0,0,0,155641076,0.03613,0.00781,0.95264,0.95335,-0.00612,-0.00161,-0.00247,0.00679,0.95335,0.00530,0.00679,3,12124,0,7289,7.57765,7.98693,1.05401,80,1,83.650,250,1,3,4325,187491,0,0,0.000,84.128,23.851,0,0.000,91.263,24.712,0,0,1,0,4
PPG,4,111193,4449271552,132,31997,32819,39249.348,-6430.348,-2085.178,0,0,0,0,75.00,75.00,2,1,528,nan,4,0,40,1,1,25,25,0,0,0,155680171,0.03979,0.00049,0.95361,0.95444,-0.00505,-0.00081,-0.00221,0.00557,0.95444,0.00091,0.00657,3,12116,0,7289,7.57765,7.98693,1.05401,80,1,83.650,250,1,3,2601,187491,0,0,0.000,84.128,23.851,0,0.000,91.263,24.712,0,0,1,0,4
PPG,4,111194,4449311552,129,31143,31971,39176.562,-7205.562,-1773.373,0,0,0,0,75.00,75.00,2,1,528,nan,4,0,40,1,1,26,26,0,0,0,155721844,0.04199,0.00195,0.95361,0.95454,-0.00692,-0.00135,-0.00034,0.00705,0.95454,0.00288,0.00705,3,12157,0,7289,7.57765,7.98693,1.05401,80,1,83.650,250,1,3,4299,187491,0,0,0.000,84.128,23.851,0,0.000,91.263,24.712,0,0,1,0,4
PPG,4,111195,4449351552,130,30362,31187,39096.668,-7909.668,-1480.592,0,0,0,0,75.00,75.00,2,1,528,nan,4,0,40,1,1,27,27,0,0,0,155761146,0.04150,0.00928,0.95435,0.95529,-0.00558,-0.00055,-0.00274,0.00624,0.95529,0.00439,0.00628,3,12316,0,7289,7.57765,7.98693,1.05401,80,1,83.650,250,1,3,4344,187491,0,0,0.000,84.128,23.851,0,0.000,91.263,24.712,0,0,1,0,4
PPG,4,111196,4449391552,134,30065,30843,39014.133,-8171.133,-1241.602,0,0,0,0,75.00,75.00,2,1,528,nan,4,0,40,1,1,28,28,0,0,0,155800495,0.03931,0.00439,0.95044,0.95126,-0.00505,-0.00081,-0.00221,0.00557,0.95538,0.00235,0.00625,3,12271,0,7289,7.57765,7.98693,1.05401,80,1,83.650,250,1,3,4349,187491,0,0,0.000,84.128,23.851,0,0.000,91.263,24.712,0,0,1,0,4
PPG,4,111197,4449431552,129,30279,30997,38933.961,-7936.961,-1003.836,0,0,0,0,75.00,75.00,2,1,528,nan,4,0,40,1,1,29,29,0,0,0,155839894,0.03638,0.00293,0.95508,0.95578,-0.00665,-0.00081,-0.00274,0.00724,0.95920,0.00856,0.00724,3,12295,0,7289,7.57765,7.98693,1.05401,80,1,83.650,250,1,3,2631,187491,0,0,0.000,84.128,23.851,0,0.000,91.263,24.712,0,0,1,0,4
PPG,4,111198,4449471552,132,30219,30893,38853.551,-7960.551,-840.992,0,0,0,0,75.00,75.00,2,1,528,nan,4,0,40,1,1,30,30,0,0,0,155881835,0.03809,0.00732,0.95776,0.95855,-0.00532,-0.00081,-0.00114,0.00550,0.95855,0.00287,0.00591,3,12271,0,7289,7.57765,7.98693,1.05401,80,1,83.650,250,1,3,4333,187491,0,0,0.000,84.128,23.851,0,0.000,91.263,24.712,0,0,1,0,4
PPG,4,111199,4449511552,178,29450,30116,38766.176,-8650.176,-856.443,0,0,0,0,75.00,75.00,2,1,528,nan,4,0,40,1,1,31,31,0,0,0,155921176,0.03833,0.00610,0.95215,0.95294,-0.00505,0.00105,-0.00194,0.00551,0.95373,0.00482,0.00601,3,12256,0,7289,7.57765,7.98693,1.05401,80,1,83.650,250,1,3,4327,187491,0,0,0.000,84.128,23.851,0,0.000,91.263,24.712,0,0,1,0,4
PPG,4,111200,4449551552,180,28366,29026,38668.773,-9642.773,-1050.600,0,0,0,0,75.00,75.00,2,1,528,nan,4,0,40,1,1,0,0,0,0,0,155960562,0.03760,0.00488,0.95532,0.95607,-0.00718,0.00105,-0.00034,0.00727,0.95827,0.00920,0.00728,3,12260,0,7289,7.57765,7.98693,1.05401,80,1,83.650,250,1,3,4340,187491,0,0,0.000,84.128,23.851,0,0.000,91.263,24.712,0,0,1,0,4
PPG,4,111201,4449591552,129,27928,28556,38567.645,-10011.645,-1273.107,0,0,0,0,75.00,75.00,2,1,528,nan,4,0,40,1,1,1,1,0,0,0,155999896,0.04004,0.00854,0.95532,0.95620,-0.00558,-0.00161,-0.00247,0.00632,0.95620,0.00562,0.00632,3,12233,0,7289,7.57765,7.98693,1.05401,80,1,83.650,250,1,3,2620,187491,0,0,0.000,84.128,23.851,0,0.000,91.263,24.712,0,0,1,0,4
PPG,4,111202,4449631552,137,27275,27917,38461.137,-10544.137,-1520.250,0,0,0,0,75.00,75.00,2,1,528,nan,4,0,40,1,1,2,2,0,0,0,156041763,0.04248,0.00562,0.95313,0.95409,-0.00505,-0.00028,-0.00167,0.00533,0.95614,0.00597,0.00623,3,12264,0,7289,7.57765,7.98693,1.05401,80,1,83.650,250,1,3,4361,187491,0,0,0.000,84.128,23.851,0,0.000,91.263,24.712,0,0,1,0,4
PPG,4,111203,4449671552,147,27056,27747,38353.996,-10606.996,-1751.785,0,0,0,0,75.00,75.00,2,1,528,nan,4,0,40,1,1,3,3,0,0,0,156081138,0.04321,0.00757,0.95410,0.95511,-0.00532,0.00052,-0.00087,0.00541,0.95511,0.00227,0.00551,3,12251,0,7289,7.57765,7.98693,1.05401,80,1,83.650,250,1,3,4332,187491,0,0,0.000,84.128,23.851,0,0.000,91.263,24.712,0,0,1,0,4
PPG,4,111204,4449711552,130,27986,28761,38258.066,-9497.066,-1892.365,0,0,0,0,75.00,75.00,2,1,528,nan,4,0,40,1,1,4,4,0,0,0,156120411,0.03760,0.00708,0.95703,0.95780,-0.00585,-0.00055,-0.00087,0.00594,0.95780,0.00498,0.00703,3,12244,0,7289,7.57765,7.98693,1.05401,80,1,83.650,250,1,3,4329,187491,0,0,0.000,84.128,23.851,0,0.000,91.263,24.712,0,0,1,0,4
PPG,4,111205,4449751552,129,28900,29732,38172.805,-8440.805,-1898.473,0,0,0,0,75.00,75.00,2,1,528,nan,4,0,40,1,1,5,5,0,0,0,156159739,0.03882,0.00366,0.95483,0.95563,-0.00558,-0.00081,-0.00061,0.00568,0.95644,0.00367,0.00611,3,12277,0,7289,7.57765,7.98693,1.05401,80,1,83.650,250,1,3,2635,187491,0,0,0.000,84.128,23.851,0,0.000,91.263,24.712,0,0,1,0,4
PPG,4,111206,4449791552,141,28772,29605,38087.125,-8482.125,-1812.021,1,0,0,0,75.00,75.00,2,1,528,nan,4,0,40,1,1,6,6,0,0,0,156201647,0.03784,0.00537,0.95190,0.95267,-0.00665,-0.00001,-0.00114,0.00675,0.95267,0.00805,0.00675,3,12240,0,7289,7.57765,7.98693,1.05401,80,1,83.650,250,1,3,4331,187491,0,0,0.000,84.128,23.851,0,2770.666,91.263,24.712,1,0,1,0,4
PPG,4,111207,4449831552,150,28259,29074,37996.992,-8922.992,-1667.266,0,0,1,1300,75.00,75.00,2,1,528,nan,4,0,40,1,1,7,7,0,0,0,156240931,0.03809,0.00659,0.95288,0.95366,-0.00585,-0.00028,-0.00167,0.00609,0.95457,0.00497,0.00651,3,12229,0,7289,7.57765,7.98693,1.05401,80,1,83.650,250,1,3,4337,187491,0,0,2681.342,84.128,23.851,1,0.000,91.263,24.712,0,1,1,0,5
PPG,4,111208,4449871552,131,28026,28848,37905.504,-9057.504,-1508.051,0,0,0,0,75.00,75.00,2,1,528,nan,4,0,40,1,1,8,8,0,0,0,156280287,0.03955,0.00391,0.95264,0.95347,-0.00612,-0.00055,-0.00300,0.00684,0.95347,0.00427,0.00693,3,12223,0,7289,7.57765,7.98693,1.05401,80,1,83.650,250,1,3,2625,187491,0,0,0.000,95.033,29.405,0,0.000,102.130,29.917,0,0,1,0,5
PPG,4,111209,4449911552,129,28058,28894,37815.391,-8921.391,-1250.428,0,0,0,0,75.00,75.00,2,1,528,nan,4,0,40,1,1,9,9,0,0,0,156322173,0.04004,0.00879,0.95288,0.95376,-0.00665,-0.00108,-0.00300,0.00738,0.95643,0.00513,0.00738,3,12227,0,7289,7.57765,7.98693,1.05401,80,1,83.650,250,1,3,4324,187491,0,0,0.000,95.033,29.405,0,0.000,102.130,29.917,0,0,1,0,5
PPG,4,111210,4449951552,130,28488,29368,37730.918,-8362.918,-901.607,0,0,0,0,75.00,75.00,2,1,528,nan,4,0,40,1,1,10,10,0,0,0,156361508,0.03979,0.00806,0.94800,0.94887,-0.00665,-0.00108,-0.00141,0.00688,0.95258,0.00713,0.00703,3,12274,0,7289,7.57765,7.98693,1.05401,80,1,83.650,250,1,3,4361,187491,0,0,0.000,95.033,29.405,0,0.000,102.130,29.917,0,0,1,0,5
PPG,4,111211,4449991552,166,29144,30052,37654.129,-7602.129,-597.479,0,0,0,0,75.00,75.00,2,1,528,nan,4,0,40,1,1,11,11,0,0,0,156400627,0.03857,0.00488,0.95605,0.95685,-0.00612,-0.00028,-0.00167,0.00635,0.95685,0.00691,0.00635,3,12132,0,7289,7.57765,7.98693,1.05401,80,1,83.650,250,1,3,4326,187491,0,0,0.000,95.033,29.405,0,0.000,102.130,29.917,0,0,1,0,5
PPG,4,111212,4450031552,130,29571,30520,37582.789,-7062.789,-366.158,0,0,0,0,75.00,75.00,2,1,528,nan,4,0,40,1,1,12,12,0,0,0,156439752,0.03540,0.00806,0.95630,0.95699,-0.00558,-0.00161,-0.00167,0.00605,0.95741,0.00613,0.00618,3,12112,0,7289,7.57765,7.98693,1.05401,80,1,83.650,250,1,3,2601,187491,0,0,0.000,95.033,29.405,0,0.000,102.130,29.917,0,0,1,0,5
PPG,4,111213,4450071552,135,29328,30241,37509.371,-7268.371,-146.400,0,0,0,0,75.00,75.00,2,1,528,nan,4,0,40,1,1,13,13,0,0,0,156475950,0.04517,0.00366,0.95386,0.95493,-0.00612,0.00052,-0.00087,0.00620,0.95493,0.00414,0.00620,2,18928,0,7289,7.57765,7.98693,1.05401,80,1,83.650,250,1,3,2588,187491,0,0,0.000,95.033,29.405,0,0.000,102.130,29.917,0,0,1,0,5
PPG,4,111214,4450111552,521,28674,29541,37429.688,-7888.688,41.814,0,0,0,0,75.00,75.00,2,1,528,nan,2,2,40,1,1,14,14,0,0,0,156520231,0.04321,0.00342,0.94873,0.94972,-0.00585,-0.00161,-0.00194,0.00637,0.95793,0.00821,0.00726,3,12118,0,7289,13.33000,14.10894,1.05844,84,1,83.539,187,1,3,2598,187491,0,0,0.000,95.033,29.405,0,0.000,102.130,29.917,0,0,1,0,5
PPG,4,111215,4450151552,178,28224,29090,37346.289,-8256.289,181.234,0,0,0,0,75.00,75.00,2,1,528,nan,2,2,40,1,1,15,15,0,0,0,156562354,0.04053,0.00952,0.95190,0.95281,-0.00558,-0.00028,-0.00167,0.00584,0.95281,0.00362,0.00584,3,12145,0,7289,13.33000,14.10894,1.05844,84,1,83.539,187,1,3,4330,187491,0,0,0.000,95.033,29.405,0,0.000,102.130,29.917,0,0,1,0,5
PPG,4,111216,4450191552,129,28046,28920,37262.027,-8342.027,281.100,0,0,0,0,75.00,75.00,2,1,528,nan,2,2,40,1,1,16,16,0,0,0,156601465,0.04224,0.00464,0.95020,0.95114,-0.00612,-0.00028,-0.00167,0.00635,0.95418,0.00634,0.00635,3,12156,0,7289,13.33000,14.10894,1.05844,84,1,83.539,187,1,3,4320,187491,0,0,0.000,95.033,29.405,0,0.000,102.130,29.917,0,0,1,0,5
PPG,4,111217,4450231552,128,28211,29077,37180.176,-8103.176,335.527,0,0,0,0,75.00,75.00,2,1,528,nan,2,2,40,1,1,17,17,0,0,0,156640453,0.03638,0.00586,0.94409,0.94481,-0.00558,-0.00001,-0.00141,0.00576,0.95728,0.01247,0.00701,3,12121,0,7289,13.33000,14.10894,1.05844,84,1,83.539,187,1,3,2611,187491,0,0,0.000,95.033,29.405,0,0.000,102.130,29.917,0,0,1,0,5
PPG,4,111218,4450271552,178,28643,29467,37103.043,-7636.043,323.258,0,0,0,0,75.00,75.00,2,1,528,nan,2,2,40,1,1,18,18,0,0,0,156682094,0.04224,0.00562,0.95532,0.95627,-0.00612,-0.00108,-0.00061,0.00624,0.95627,0.00708,0.00721,3,12121,0,7289,13.33000,14.10894,1.05844,84,1,83.539,187,1,3,4297,187491,0,0,0.000,95.033,29.405,0,0.000,102.130,29.917,0,0,1,0,5
PPG,4,111219,4450311552,176,28788,29486,37026.871,-7540.871,207.043,0,0,0,0,75.00,75.00,2,1,528,nan,2,2,40,1,1,19,19,0,0,0,156721111,0.03955,0.00830,0.94995,0.95081,-0.00558,-0.00081,-0.00141,0.00582,0.95322,0.00565,0.00618,3,12117,0,7289,13.33000,14.10894,1.05844,84,1,83.539,187,1,3,4300,187491,0,0,0.000,95.033,29.405,0,0.000,102.130,29.917,0,0,1,0,5
PPG,4,111220,4450351552,133,28231,28847,36945.074,-8098.074,16.850,0,0,0,0,75.00,75.00,2,1,528,nan,2,2,40,1,1,20,20,0,0,0,156760135,0.03857,0.00269,0.95557,0.95635,-0.00612,-0.00135,-0.00167,0.00648,0.95635,0.00812,0.00648,3,12122,0,7289,13.33000,14.10894,1.05844,84,1,83.539,187,1,3,2600,187491,0,0,0.000,95.033,29.405,0,0.000,102.130,29.917,0,0,1,0,5
PPG,4,111221,4450391552,133,27419,27979,36855.414,-8876.414,-177.443,0,0,0,0,75.00,75.00,2,1,528,nan,2,2,40,1,1,21,21,0,0,0,156801717,0.04102,0.00537,0.94897,0.94988,-0.00638,-0.00081,-0.00194,0.00672,0.95326,0.00563,0.00793,3,12107,0,7289,13.33000,14.10894,1.05844,84,1,83.539,187,1,3,4299,187491,0,0,0.000,95.033,29.405,0,0.000,102.130,29.917,0,0,1,0,5
PPG,4,111222,4450431552,130,26968,27547,36762.328,-9215.328,-379.373,0,0,0,0,75.00,75.00,2,1,528,nan,2,2,40,1,1,22,22,0,0,0,156840693,0.03833,0.00781,0.95190,0.95271,-0.00585,-0.00055,-0.00114,0.00599,0.95271,0.00190,0.00628,3,12127,0,7289,13.33000,14.10894,1.05844,84,1,83.539,187,1,3,4297,187491,0,0,0.000,95.033,29.405,0,0.000,102.130,29.917,0,0,1,0,5
PPG,4,111223,4450471552,128,27017,27658,36671.285,-9013.285,-555.207,0,0,0,0,75.00,75.00,2,1,528,nan,2,2,40,1,1,23,23,0,0,0,156879719,0.03979,0.00220,0.94922,0.95006,-0.00665,0.00025,-0.00087,0.00671,0.96121,0.01116,0.00671,3,12129,0,7289,13.33000,14.10894,1.05844,84,1,83.539,187,1,3,2596,187491,0,0,0.000,95.033,29.405,0,0.000,102.130,29.917,0,0,1,0,5
PPG,4,111224,4450511552,129,27656,28384,36588.414,-8204.414,-635.357,0,0,0,0,75.00,75.00,2,1,528,nan,2,2,40,1,1,24,24,0,0,0,156921277,0.03784,0.00952,0.94434,0.94514,-0.00532,0.00025,-0.00061,0.00536,0.95404,0.00806,0.00558,3,12120,0,7289,13.33000,14.10894,1.05844,84,1,83.539,187,1,3,4306,187491,0,0,0.000,95.033,29.405,0,0.000,102.130,29.917,0,0,1,0,5
PPG,4,111225,4450551552,129,28488,29259,36515.121,-7256.121,-641.422,1,0,0,0,75.00,75.00,2,1,528,nan,2,2,40,1,1,25,25,0,0,0,156960253,0.03857,0.00732,0.95654,0.95735,-0.00585,-0.00001,-0.00114,0.00596,0.95735,0.00881,0.00627,3,12117,0,7289,13.33000,14.10894,1.05844,84,1,83.539,187,1,3,2603,187491,0,0,0.000,95.033,29.405,0,2234.000,102.130,29.917,1,0,1,0,5
PPG,4,111226,4450591552,150,28738,29479,36444.762,-6965.762,-636.123,0,0,1,760,75.00,75.00,2,1,16,nan,2,2,40,1,1,26,26,0,0,0,157001843,0.03760,0.00562,0.95703,0.95779,-0.00638,0.00079,-0.00194,0.00672,0.95779,0.01072,0.00715,3,12110,0,7289,13.33000,14.10894,1.05844,84,1,83.539,187,1,3,4300,187491,0,0,2129.766,95.033,29.405,1,0.000,102.130,29.917,0,1,1,0,6
PPG,4,111227,4450631552,128,28485,29189,36372.203,-7183.203,-593.016,0,0,0,0,75.00,75.00,2,1,16,nan,2,2,40,1,1,27,27,0,0,0,157040863,0.04419,0.00366,0.95215,0.95318,-0.00558,-0.00108,-0.00141,0.00586,0.95468,0.01025,0.00676,3,12113,0,7289,13.33000,14.10894,1.05844,84,1,83.539,187,1,3,4303,187491,0,0,0.000,101.128,32.510,0,0.000,108.285,32.865,0,0,1,0,6
PPG,4,111228,4450671552,128,27986,28667,36295.152,-7628.152,-485.678,0,0,0,0,75.00,75.00,2,1,16,nan,2,2,40,1,1,28,28,0,0,0,157079871,0.04297,0.00586,0.95483,0.95582,-0.00558,-0.00241,-0.00167,0.00631,0.95733,0.00962,0.00693,3,12161,0,7289,13.33000,14.10894,1.05844,84,1,83.539,187,1,3,2619,187491,0,0,0.000,101.128,32.510,0,0.000,108.285,32.865,0,0,1,0,6
PPG,4,111229,4450711552,128,27481,28163,36213.832,-8050.832,-361.127,0,0,0,0,75.00,75.00,2,1,16,nan,2,2,40,1,1,29,29,0,0,0,157121453,0.03955,0.00488,0.94824,0.94908,-0.00532,-0.00028,-0.00141,0.00551,0.95541,0.00633,0.00624,3,12119,0,7289,13.33000,14.10894,1.05844,84,1,83.539,187,1,3,4304,187491,0,0,0.000,101.128,32.510,0,0.000,108.285,32.865,0,0,1,0,6
PPG,4,111230,4450751552,129,27803,28566,36137.355,-7571.355,-191.314,0,0,0,0,75.00,75.00,2,1,16,nan,2,2,40,1,1,30,30,0,0,0,157160443,0.03955,0.00854,0.95264,0.95350,-0.00638,-0.00081,-0.00300,0.00710,0.95850,0.00783,0.00748,3,12129,0,7289,13.33000,14.10894,1.05844,84,1,83.539,187,1,3,2611,187491,0,0,0.000,101.128,32.510,0,0.000,108.285,32.865,0,0,1,0,6
PPG,4,111231,4450791552,128,28720,29550,36071.480,-6521.480,0.357,0,0,0,0,75.00,75.00,2,1,16,nan,2,2,40,1,1,31,31,0,0,0,157202058,0.03833,0.00854,0.95337,0.95418,-0.00585,-0.00028,-0.00194,0.00617,0.95561,0.00256,0.00639,3,12118,0,7289,13.33000,14.10894,1.05844,84,1,83.539,187,1,3,4311,187491,0,0,0.000,101.128,32.510,0,0.000,108.285,32.865,0,0,1,0,6
PPG,4,111232,4450831552,129,29320,30189,36012.656,-5823.656,149.766,0,0,0,0,75.00,75.00,2,1,16,nan,2,2,40,1,1,0,0,0,0,0,157241048,0.03662,0.00659,0.94946,0.95019,-0.00638,-0.00081,-0.00194,0.00672,0.95181,0.00519,0.00756,3,12119,0,7289,13.33000,14.10894,1.05844,84,1,83.539,187,1,3,4304,187491,0,0,0.000,101.128,32.510,0,0.000,108.285,32.865,0,0,1,0,6
PPG,4,111233,4450871552,128,29378,30259,35955.121,-5696.121,260.293,0,0,0,0,75.00,75.00,2,1,16,nan,2,2,40,1,1,1,1,0,0,0,157280081,0.04346,0.00708,0.95410,0.95512,-0.00612,0.00025,-0.00114,0.00623,0.95846,0.00944,0.00675,3,12160,0,7289,13.33000,14.10894,1.05844,84,1,83.539,187,1,3,2600,187491,0,0,0.000,101.128,32.510,0,0.000,108.285,32.865,0,0,1,0,6
PPG,4,111234,4450911552,129,29013,29874,35894.309,-6020.309,341.500,0,0,0,0,75.00,75.00,2,1,16,nan,2,2,40,1,1,2,2,0,0,0,157321626,0.03638,0.00586,0.95630,0.95701,-0.00532,-0.00028,-0.00194,0.00567,0.95701,0.00359,0.00639,3,12110,0,7289,13.33000,14.10894,1.05844,84,1,83.539,187,1,3,4304,187491,0,0,0.000,101.128,32.510,0,0.000,108.285,32.865,0,0,1,0,6
PPG,4,111235,4450951552,128,28666,29488,35830.246,-6342.246,438.885,0,0,0,0,75.00,75.00,2,1,16,nan,2,2,40,1,1,3,3,0,0,0,157360581,0.03760,0.00317,0.94287,0.94363,-0.00532,-0.00081,-0.00167,0.00563,0.96156,0.00957,0.00575,3,12116,0,7289,13.33000,14.10894,1.05844,84,1,83.539,187,1,3,2595,187491,0,0,0.000,101.128,32.510,0,0.000,108.285,32.865,0,0,1,0,6
PPG,4,111236,4450991552,129,28105,28906,35761.004,-6855.004,545.729,0,0,0,0,75.00,75.00,2,1,16,nan,2,2,40,1,1,4,4,0,0,0,157402176,0.04663,0.00635,0.94727,0.94843,-0.00532,-0.00108,-0.00087,0.00550,0.94999,0.00637,0.00687,3,12128,0,7289,13.33000,14.10894,1.05844,84,1,83.539,187,1,3,4302,187491,0,0,0.000,101.128,32.510,0,0.000,108.285,32.865,0,0,1,0,6
PPG,4,111237,4451031552,128,28146,29001,35693.402,-6692.402,611.672,0,0,0,0,75.00,75.00,2,1,16,nan,2,2,40,1,1,5,5,0,0,0,157441133,0.04248,0.00391,0.94727,0.94823,-0.00585,-0.00028,-0.00167,0.00609,0.95481,0.00638,0.00609,3,12118,0,7289,13.33000,14.10894,1.05844,84,1,83.539,187,1,3,4308,187491,0,0,0.000,101.128,32.510,0,0.000,108.285,32.865,0,0,1,0,6
PPG,4,111238,4451071552,134,28769,29678,35633.250,-5955.250,619.408,0,0,0,0,75.00,75.00,2,1,16,nan,2,2,40,1,1,6,6,0,0,0,157477310,0.03638,0.00464,0.95190,0.95261,-0.00585,0.00025,-0.00141,0.00602,0.95261,0.00297,0.00602,2,21483,0,7290,13.33000,14.10894,1.05844,84,1,83.539,187,1,3,2626,187491,0,0,0.000,101.128,32.510,0,0.000,108.285,32.865,0,0,1,0,6
PPG,4,111239,4451111552,624,29301,30256,35579.477,-5323.477,590.479,0,0,0,0,75.00,75.00,2,1,16,nan,2,2,40,1,1,7,7,0,0,0,157521621,0.04321,0.00342,0.95410,0.95509,-0.00532,-0.00081,-0.00141,0.00556,0.95550,0.00363,0.00665,3,12119,0,7291,14.62946,15.43653,1.05517,84,1,83.621,214,1,3,4305,187491,0,0,0.000,101.128,32.510,0,0.000,108.285,32.865,0,0,1,0,6
PPG,4,111240,4451151552,178,28899,29741,35521.094,-5780.094,471.777,0,0,0,0,75.00,75.00,2,1,16,nan,2,2,40,1,1,8,8,0,0,0,157561133,0.04028,0.00757,0.95142,0.95230,-0.00585,-0.00055,-0.00114,0.00599,0.95309,0.00200,0.00677,3,12120,0,7291,14.62946,15.43653,1.05517,84,1,83.621,214,1,3,4308,187491,0,0,0.000,101.128,32.510,0,0.000,108.285,32.865,0,0,1,0,6
PPG,4,111241,4451191552,129,28037,28740,35453.281,-6713.281,271.729,0,0,0,0,75.00,75.00,2,1,16,nan,2,2,40,1,1,9,9,0,0,0,157600251,0.03931,0.00586,0.95728,0.95810,-0.00479,-0.00081,-0.00167,0.00513,0.95810,0.00275,0.00592,3,12120,0,7291,14.62946,15.43653,1.05517,84,1,83.621,214,1,3,2605,187491,0,0,0.000,101.128,32.510,0,0.000,108.285,32.865,0,0,1,0,6
PPG,4,111242,4451231552,135,27539,28166,35380.410,-7214.410,51.922,0,0,0,0,75.00,75.00,2,1,16,nan,2,2,40,1,1,10,10,0,0,0,157641820,0.04028,0.00342,0.95825,0.95910,-0.00585,-0.00001,-0.00274,0.00646,0.95910,0.00687,0.00646,3,12120,0,7291,14.62946,15.43653,1.05517,84,1,83.621,214,1,3,4300,187491,0,0,0.000,101.128,32.510,0,0.000,108.285,32.865,0,0,1,0,6
PPG,4,111243,4451271552,129,27425,28069,35307.297,-7238.297,-88.199,0,0,0,0,75.00,75.00,2,1,16,nan,2,2,40,1,1,11,11,0,0,0,157680801,0.04102,0.00684,0.95532,0.95623,-0.00532,-0.00001,-0.00141,0.00550,0.95623,0.01026,0.00611,3,12129,0,7291,14.62946,15.43653,1.05517,84,1,83.621,214,1,3,2600,187491,0,0,0.000,101.128,32.510,0,0.000,108.285,32.865,0,0,1,0,6
PPG,4,111244,4451311552,130,27610,28291,35237.133,-6946.133,-184.979,0,0,0,0,75.00,75.00,2,1,16,nan,2,2,40,1,1,12,12,0,0,0,157722578,0.04028,0.00684,0.95044,0.95132,-0.00479,-0.00108,-0.00087,0.00498,0.95197,0.00908,0.00585,3,12113,0,7291,14.62946,15.43653,1.05517,84,1,83.621,214,1,3,4298,187491,0,0,0.000,101.128,32.510,0,0.000,108.285,32.865,0,0,1,0,6
PPG,4,111245,4451351552,129,28345,29102,35175.781,-6073.781,-259.414,0,0,0,0,75.00,75.00,2,1,16,nan,2,2,40,1,1,13,13,0,0,0,157761606,0.03833,0.00098,0.95532,0.95609,-0.00585,-0.00001,-0.00247,0.00635,0.95609,0.00681,0.00635,3,12116,0,7291,14.62946,15.43653,1.05517,84,1,83.621,214,1,3,4296,187491,0,0,0.000,101.128,32.510,0,0.000,108.285,32.865,0,0,1,0,6
PPG,4,111246,4451391552,194,28794,29592,35119.945,-5527.945,-359.922,1,0,1,820,73.17,73.17,2,1,16,nan,2,2,40,1,1,14,14,0,0,0,157800647,0.04126,0.00830,0.94971,0.95064,-0.00452,-0.00055,-0.00221,0.00506,0.95064,0.00603,0.00677,3,12194,0,7291,14.62946,15.43653,1.05517,84,1,83.621,214,1,3,2611,187491,0,0,1022.857,101.128,32.510,1,1260.830,108.285,32.865,1,1,1,0,6
PPG,4,111247,4451431552,130,28196,28924,35057.984,-6133.984,-463.385,0,0,0,0,73.17,73.17,2,1,16,nan,2,2,40,1,1,15,15,0,0,0,157842540,0.04028,0.00610,0.96045,0.96131,-0.00585,-0.00001,-0.00167,0.00609,0.96131,0.00947,0.00609,3,12117,0,7291,14.62946,15.43653,1.05517,84,1,83.621,214,1,3,4370,187491,0,0,0.000,99.542,31.702,0,0.000,107.588,32.531,0,0,1,0,6
PPG,4,111248,4451471552,191,26922,27573,34983.133,-7410.133,-575.400,0,0,0,0,73.17,73.17,2,1,16,nan,2,2,40,1,1,16,16,0,0,0,157881761,0.04443,0.00903,0.94873,0.94981,-0.00612,-0.00081,-0.00114,0.00628,0.95915,0.01229,0.00628,3,12179,0,7291,14.62946,15.43653,1.05517,84,1,83.621,214,1,3,4389,187491,0,0,0.000,99.542,31.702,0,0.000,107.588,32.531,0,0,1,0,6
PPG,4,111249,4451511552,129,26257,26859,34901.891,-8042.891,-696.914,0,0,0,0,73.17,73.17,2,1,16,nan,2,2,40,1,1,17,17,0,0,0,157921345,0.03809,0.00391,0.95483,0.95560,-0.00558,-0.00081,-0.00141,0.00582,0.95560,0.00453,0.00640,3,12256,0,7291,14.62946,15.43653,1.05517,84,1,83.621,214,1,3,4333,187491,0,0,0.000,99.542,31.702,0,0.000,107.588,32.531,0,0,1,0,6
PPG,4,111250,4451551552,130,26337,26969,34822.562,-7853.562,-774.207,0,0,0,0,73.17,73.17,2,1,16,nan,2,2,40,1,1,18,18,0,0,0,157960797,0.03809,0.00977,0.95874,0.95955,-0.00479,-0.00055,-0.00167,0.00510,0.95955,0.00769,0.00592,3,12251,0,7291,14.62946,15.43653,1.05517,84,1,83.621,214,1,3,2626,187491,0,0,0.000,99.542,31.702,0,0.000,107.588,32.531,0,0,1,0,6
PPG,4,111251,4451591552,136,27314,28028,34754.617,-6726.617,-735.678,0,0,0,0,73.17,73.17,2,1,16,nan,2,2,40,1,1,19,19,0,0,0,158002883,0.04224,0.00391,0.95166,0.95260,-0.00558,-0.00001,-0.00194,0.00591,0.96212,0.01334,0.00620,3,12270,0,7291,14.62946,15.43653,1.05517,84,1,83.621,214,1,3,4336,187491,0,0,0.000,99.542,31.702,0,0.000,107.588,32.531,0,0,1,0,6
PPG,4,111252,4451631552,135,28846,29661,34703.680,-5042.680,-629.422,0,0,0,0,73.17,73.17,2,1,16,nan,2,2,40,1,1,20,20,0,0,0,158042292,0.04395,0.00513,0.94824,0.94927,-0.00479,0.00052,-0.00194,0.00519,0.95140,0.00213,0.00654,3,12254,0,7291,14.62946,15.43653,1.05517,84,1,83.621,214,1,3,4339,187491,0,0,0.000,99.542,31.702,0,0.000,107.588,32.531,0,0,1,0,6
PPG,4,111253,4451671552,137,30012,30871,34665.352,-3794.352,-477.307,0,0,0,0,73.17,73.17,2,1,16,nan,2,2,40,1,1,21,21,0,0,0,158081647,0.04028,0.00635,0.94946,0.95034,-0.00532,-0.00001,-0.00061,0.00535,0.95281,0.00342,0.00640,3,12257,0,7291,14.62946,15.43653,1.05517,84,1,83.621,214,1,3,4339,187491,0,0,0.000,99.542,31.702,0,0.000,107.588,32.531,0,0,1,0,6
PPG,4,111254,4451711552,138,29551,30351,34622.207,-4271.207,-297.301,0,0,0,0,73.17,73.17,2,1,16,nan,2,2,40,1,1,22,22,0,0,0,158121018,0.04004,0.00708,0.94922,0.95009,-0.00638,-0.00001,-0.00141,0.00654,0.95613,0.00579,0.00654,3,12267,0,7291,14.62946,15.43653,1.05517,84,1,83.621,214,1,3,2628,187491,0,0,0.000,99.542,31.702,0,0.000,107.588,32.531,0,0,1,0,6
PPG,4,111255,4451751552,146,28097,28837,34564.355,-5727.355,-84.178,0,0,0,0,73.17,73.17,2,1,16,nan,2,2,40,1,1,23,23,0,0,0,158162977,0.03882,0.00781,0.95557,0.95639,-0.00612,-0.00028,-0.00221,0.00651,0.95639,0.00735,0.00714,3,12241,0,7291,14.62946,15.43653,1.05517,84,1,83.621,214,1,3,4345,187491,0,0,0.000,99.542,31.702,0,0.000,107.588,32.531,0,0,1,0,6
PPG,4,111256,4451791552,146,26935,27620,34494.910,-6874.910,88.836,0,0,0,0,73.17,73.17,2,1,16,nan,2,2,40,1,1,24,24,0,0,0,158202431,0.03833,0.00854,0.95264,0.95345,-0.00425,-0.00188,-0.00194,0.00504,0.95345,0.00484,0.00659,3,12296,0,7291,14.62946,15.43653,1.05517,84,1,83.621,214,1,3,4335,187491,0,0,0.000,99.542,31.702,0,0.000,107.588,32.531,0,0,1,0,6
PPG,4,111257,4451831552,138,26712,27401,34423.973,-7022.973,230.551,0,0,0,0,73.17,73.17,2,1,16,nan,2,2,40,1,1,25,25,0,0,0,158241742,0.04248,0.01318,0.95557,0.95660,-0.00612,-0.00001,-0.00167,0.00634,0.95660,0.00533,0.00634,3,12243,0,7291,14.62946,15.43653,1.05517,84,1,83.621,214,1,3,4340,187491,0,0,0.000,99.542,31.702,0,0.000,107.588,32.531,0,0,1,0,6
PPG,4,111258,4451871552,140,27380,28132,34361.055,-6229.055,322.707,0,0,0,0,73.17,73.17,2,1,16,nan,2,2,40,1,1,26,26,0,0,0,158281063,0.03809,0.01147,0.95410,0.95493,-0.00452,-0.00081,-0.00114,0.00473,0.95493,0.00663,0.00673,3,12241,0,7291,14.62946,15.43653,1.05517,84,1,83.621,214,1,3,2624,187491,0,0,0.000,99.542,31.702,0,0.000,107.588,32.531,0,0,1,0,6
PPG,4,111259,4451911552,222,28218,29010,34307.543,-5297.543,292.008,0,0,0,0,73.17,73.17,2,1,16,nan,2,2,40,1,1,27,27,0,0,0,158323015,0.03882,0.00391,0.95679,0.95758,-0.00638,-0.00001,-0.00141,0.00654,0.95758,0.00866,0.00654,3,12225,0,7291,14.62946,15.43653,1.05517,84,1,83.621,214,1,3,4349,187491,0,0,0.000,99.542,31.702,0,0.000,107.588,32.531,0,0,1,0,6
PPG,4,111260,4451951552,130,28285,29058,34255.047,-5197.047,67.158,0,0,0,0,73.17,73.17,2,1,16,nan,2,2,40,1,1,28,28,0,0,0,158362395,0.03931,0.00464,0.95703,0.95785,-0.00612,0.00105,-0.00034,0.00622,0.95785,0.01407,0.00623,3,12192,0,7291,14.62946,15.43653,1.05517,84,1,83.621,214,1,3,4324,187491,0,0,0.000,99.542,31.702,0,0.000,107.588,32.531,0,0,1,0,6
PPG,4,111261,4451991552,137,26925,27553,34188.027,-6635.027,-273.207,0,0,0,0,73.17,73.17,2,1,16,nan,2,2,40,1,1,29,29,0,0,0,158401680,0.04199,0.00415,0.95728,0.95820,-0.00665,-0.00055,-0.00141,0.00682,0.95820,0.00513,0.00682,3,12234,0,7291,14.62946,15.43653,1.05517,84,1,83.621,214,1,3,4326,187491,0,0,0.000,99.542,31.702,0,0.000,107.588,32.531,0,0,1,0,6
PPG,4,111262,4452031552,135,25456,25946,34105.605,-8159.605,-575.207,0,0,0,0,73.17,73.17,2,1,16,nan,2,2,40,1,1,30,30,0,0,0,158440987,0.03979,0.00439,0.94946,0.95031,-0.00612,-0.00001,-0.00141,0.00628,0.95583,0.00371,0.00663,3,12246,0,7291,14.62946,15.43653,1.05517,84,1,83.621,214,1,3,2629,187491,0,0,0.000,99.542,31.702,0,0.000,107.588,32.531,0,0,1,0,6
PPG,4,111263,4452071552,170,25374,25797,34022.520,-8225.520,-722.035,0,0,0,0,73.17,73.17,2,1,16,nan,2,2,40,1,1,31,31,0,0,0,158477426,0.04297,0.00806,0.95093,0.95193,-0.00479,-0.00081,-0.00167,0.00513,0.95193,0.00090,0.00625,2,19041,0,7291,14.62946,15.43653,1.05517,84,1,83.621,214,1,3,2601,187491,0,0,0.000,99.542,31.702,0,0.000,107.588,32.531,0,0,1,0,6
PPG,4,111264,4452111552,592,25953,26339,33945.684,-7606.684,-776.150,0,0,0,0,73.17,73.17,2,1,16,nan,2,2,40,1,1,0,0,0,0,0,158521957,0.03735,0.01221,0.94678,0.94759,-0.00612,-0.00028,-0.00114,0.00623,0.95451,0.00455,0.00623,3,12174,0,7292,11.88964,12.33607,1.03755,85,1,84.061,250,1,3,4303,187491,0,0,0.000,99.542,31.702,0,0.000,107.588,32.531,0,0,1,0,6
PPG,4,111265,4452151552,180,26613,27005,33876.277,-6871.277,-832.301,0,0,0,0,73.17,73.17,2,1,16,nan,2,2,40,1,1,1,1,0,0,0,158561550,0.03931,0.00586,0.95557,0.95639,-0.00532,-0.00108,-0.00087,0.00550,0.95639,0.00669,0.00625,3,12119,0,7292,11.88964,12.33607,1.03755,85,1,84.061,250,1,3,4305,187491,0,0,0.000,99.542,31.702,0,0.000,107.588,32.531,0,0,1,0,6
PPG,4,111266,4452191552,153,26948,27331,33810.824,-6479.824,-959.107,1,0,1,800,73.17,73.17,2,1,16,nan,2,2,40,1,1,2,2,0,0,0,158600622,0.03784,0.00659,0.94556,0.94634,-0.00558,-0.00081,-0.00194,0.00597,0.95388,0.00444,0.00597,3,12123,0,7292,11.88964,12.33607,1.03755,85,1,84.061,250,1,3,2613,187491,0,0,988.072,99.542,31.702,1,1096.914,107.588,32.531,1,1,1,0,6
PPG,4,111267,4452231552,128,26855,27285,33745.566,-6460.566,-1130.443,0,0,0,0,73.17,73.17,2,1,16,nan,2,2,40,1,1,3,3,0,0,0,158642402,0.03662,0.00635,0.95874,0.95946,-0.00612,-0.00028,-0.00141,0.00628,0.96043,0.01409,0.00653,3,12124,0,7292,11.88964,12.33607,1.03755,85,1,84.061,250,1,3,4305,187491,0,0,0.000,97.938,30.885,0,0.000,105.954,31.748,0,0,1,0,6
PPG,4,111268,4452271552,131,26394,26798,33676.090,-6878.090,-1199.551,0,0,0,0,73.17,73.17,2,1,16,nan,2,2,40,1,1,4,4,0,0,0,158681366,0.03906,0.00757,0.95068,0.95152,-0.00638,-0.00001,-0.00221,0.00675,0.95580,0.00719,0.00675,3,12116,0,7292,11.88964,12.33607,1.03755,85,1,84.061,250,1,3,4310,187491,0,0,0.000,97.938,30.885,0,0.000,105.954,31.748,0,0,1,0,6
PPG,4,111269,4452311552,130,25592,25969,33599.020,-7630.020,-1151.766,0,0,0,0,73.17,73.17,2,1,16,nan,2,2,40,1,1,5,5,0,0,0,158720419,0.03809,0.00488,0.95020,0.95097,-0.00638,-0.00055,-0.00247,0.00687,0.95624,0.00473,0.00687,3,12145,0,7292,11.88964,12.33607,1.03755,85,1,84.061,250,1,3,2613,187491,0,0,0.000,97.938,30.885,0,0.000,105.954,31.748,0,0,1,0,6
PPG,4,111270,4452351552,131,25349,25703,33520.059,-7817.059,-1101.893,0,0,0,0,73.17,73.17,2,1,16,nan,2,2,40,1,1,6,6,0,0,0,158762011,0.04248,0.00781,0.94946,0.95044,-0.00612,-0.00055,-0.00194,0.00644,0.96121,0.01369,0.00729,3,12131,0,7292,11.88964,12.33607,1.03755,85,1,84.061,250,1,3,4317,187491,0,0,0.000,97.938,30.885,0,0.000,105.954,31.748,0,0,1,0,6
PPG,4,111271,4452391552,130,25815,26216,33447.020,-7231.020,-1028.865,0,0,0,0,73.17,73.17,2,1,16,nan,2,2,40,1,1,7,7,0,0,0,158801003,0.04028,0.00464,0.95581,0.95667,-0.00692,-0.00001,-0.00167,0.00712,0.95667,0.00302,0.00712,3,12124,0,7292,11.88964,12.33607,1.03755,85,1,84.061,250,1,3,2598,187491,0,0,0.000,97.938,30.885,0,0.000,105.954,31.748,0,0,1,0,6
PPG,4,111272,4452431552,132,27154,27654,33389.090,-5735.090,-835.801,0,0,0,0,73.17,73.17,2,1,16,nan,2,2,40,1,1,8,8,0,0,0,158842584,0.04199,0.00342,0.95093,0.95186,-0.00505,0.00105,-0.00194,0.00551,0.95186,0.01065,0.00618,3,12117,0,7292,11.88964,12.33607,1.03755,85,1,84.061,250,1,3,4302,187491,0,0,0.000,97.938,30.885,0,0.000,105.954,31.748,0,0,1,0,6
PPG,4,111273,4452471552,130,28424,28978,33344.980,-4366.980,-505.865,0,0,0,0,73.17,73.17,2,1,16,nan,2,2,40,1,1,9,9,0,0,0,158881553,0.04272,0.00684,0.94849,0.94947,-0.00638,-0.00188,-0.00167,0.00686,0.95344,0.00702,0.00686,3,12111,0,7292,11.88964,12.33607,1.03755,85,1,84.061,250,1,3,4303,187491,0,0,0.000,97.938,30.885,0,0.000,105.954,31.748,0,0,1,0,6
PPG,4,111274,4452511552,131,28275,28804,33299.570,-4495.570,-211.516,0,0,0,0,73.17,73.17,2,1,16,nan,2,2,40,1,1,10,10,0,0,0,158920582,0.03955,0.00684,0.94995,0.95080,-0.00665,-0.00108,-0.00167,0.00694,0.95292,0.00345,0.00699,3,12170,0,7292,11.88964,12.33607,1.03755,85,1,84.061,250,1,3,2597,187491,0,0,0.000,97.938,30.885,0,0.000,105.954,31.748,0,0,1,0,6
PPG,4,111275,4452551552,130,27021,27476,33241.336,-5765.336,-46.607,0,0,0,0,73.17,73.17,2,1,16,nan,2,2,40,1,1,11,11,0,0,0,158962157,0.04175,0.00513,0.95093,0.95186,-0.00718,-0.00108,-0.00247,0.00767,0.95186,0.00088,0.00767,3,12117,0,7292,11.88964,12.33607,1.03755,85,1,84.061,250,1,3,4306,187491,0,0,0.000,97.938,30.885,0,0.000,105.954,31.748,0,0,1,0,6
PPG,4,111276,4452591552,135,25895,26308,33172.004,-6864.004,67.422,0,0,0,0,73.17,73.17,2,1,16,nan,2,2,40,1,1,12,12,0,0,0,159001135,0.03906,0.00610,0.94849,0.94931,-0.00585,-0.00081,-0.00034,0.00592,0.95226,0.00295,0.00649,3,12122,0,7292,11.88964,12.33607,1.03755,85,1,84.061,250,1,3,2600,187491,0,0,0.000,97.938,30.885,0,0.000,105.954,31.748,0,0,1,0,6
PPG,4,111277,4452631552,130,25544,26018,33100.465,-7082.465,181.572,0,0,0,0,73.17,73.17,2,1,16,nan,2,2,40,1,1,13,13,0,0,0,159042703,0.04419,0.00708,0.94702,0.94808,-0.00558,-0.00001,-0.00274,0.00622,0.95341,0.00410,0.00626,3,12108,0,7292,11.88964,12.33607,1.03755,85,1,84.061,250,1,3,4296,187491,0,0,0.000,97.938,30.885,0,0.000,105.954,31.748,0,0,1,0,6
PPG,4,111278,4452671552,131,26164,26714,33036.602,-6322.602,323.615,0,0,0,0,73.17,73.17,2,1,16,nan,2,2,40,1,1,14,14,0,0,0,159081690,0.04150,0.00562,0.95020,0.95112,-0.00692,-0.00135,-0.00274,0.00756,0.95351,0.00541,0.00756,3,12140,0,7292,11.88964,12.33607,1.03755,85,1,84.061,250,1,3,4302,187491,0,0,0.000,97.938,30.885,0,0.000,105.954,31.748,0,0,1,0,6
PPG,4,111279,4452711552,130,27212,27842,32984.656,-5142.656,408.873,0,0,0,0,73.17,73.17,2,1,16,nan,2,2,40,1,1,15,15,0,0,0,159120704,0.03931,0.00488,0.95142,0.95224,-0.00638,-0.00108,-0.00167,0.00669,0.95662,0.00550,0.00670,3,12160,0,7292,11.88964,12.33607,1.03755,85,1,84.061,250,1,3,2699,187491,0,0,0.000,97.938,30.885,0,0.000,105.954,31.748,0,0,1,0,6
PPG,4,111280,4452751552,224,27574,28257,32937.379,-4680.379,345.922,0,0,0,0,73.17,73.17,2,1,16,nan,2,2,40,1,1,16,16,0,0,0,159162621,0.03931,0.01001,0.94702,0.94789,-0.00558,-0.00081,-0.00034,0.00565,0.95369,0.00426,0.00613,3,12111,0,7292,11.88964,12.33607,1.03755,85,1,84.061,250,1,3,4297,187491,0,0,0.000,97.938,30.885,0,0.000,105.954,31.748,0,0,1,0,6
PPG,4,111281,4452791552,130,27068,27760,32885.605,-5125.605,186.428,0,0,0,0,73.17,73.17,2,1,16,nan,2,2,40,1,1,17,17,0,0,0,159201707,0.03857,0.00586,0.94824,0.94904,-0.00612,-0.00161,-0.00061,0.00636,0.95331,0.00742,0.00710,3,12105,0,7292,11.88964,12.33607,1.03755,85,1,84.061,250,1,3,4294,187491,0,0,0.000,97.938,30.885,0,0.000,105.954,31.748,0,0,1,0,6
PPG,4,111282,4452831552,131,25971,26595,32822.699,-6227.699,28.123,0,0,0,0,73.17,73.17,2,1,16,nan,2,2,40,1,1,18,18,0,0,0,159240713,0.03784,0.00732,0.95264,0.95342,-0.00692,-0.00188,-0.00114,0.00726,0.95366,0.00271,0.00726,3,12123,0,7292,11.88964,12.33607,1.03755,85,1,84.061,250,1,3,2595,187491,0,0,0.000,97.938,30.885,0,0.000,105.954,31.748,0,0,1,0,6
PPG,4,111283,4452871552,131,25138,25751,32751.982,-7000.982,-49.150,0,0,0,0,73.17,73.17,2,1,16,nan,2,2,40,1,1,19,19,0,0,0,159282297,0.04004,0.00488,0.95532,0.95617,-0.00638,-0.00188,-0.00087,0.00671,0.95617,0.00230,0.00701,3,12118,0,7292,11.88964,12.33607,1.03755,85,1,84.061,250,1,3,4298,187491,0,0,0.000,97.938,30.885,0,0.000,105.954,31.748,0,0,1,0,6
PPG,4,111284,4452911552,134,24904,25521,32679.672,-7158.672,-79.250,0,0,0,0,73.17,73.17,2,1,16,nan,2,2,40,1,1,20,20,0,0,0,159321276,0.04053,0.00781,0.95215,0.95304,-0.00612,-0.00108,-0.00247,0.00669,0.95304,0.00755,0.00730,3,12125,0,7292,11.88964,12.33607,1.03755,85,1,84.061,250,1,3,2598,187491,0,0,0.000,97.938,30.885,0,0.000,105.954,31.748,0,0,1,0,6
